{"features":[{"geometry":{"coordinates":[[[-118.02177,34.15556],[-118.02108,34.15459],[-118.02127,34.15431],[-118.02127,34.15464],[-118.0213,34.15477],[-118.02189,34.15476],[-118.02189,34.15556],[-118.02177,34.15556]]],"type":"Polygon"},"properties":{"bbox":{"roads":{"area":151.21,"pct":3.97}},"city_same":1,"id":"hex:2164:17458"},"type":"Feature"},{"geometry":{"coordinates":[[[-118.0211,34.15654],[-118.02177,34.15556],[-118.02189,34.15556],[-118.02191,34.15705],[-118.02147,34.15706],[-118.0211,34.15654]]],"type":"Polygon"},"properties":{"bbox":{"roads":{"area":241.14,"pct":3.05}},"city_same":1,"id":"hex:2164:17459"},"type":"Feature"},{"geometry":{"coordinates":[[[-118.02115,34.16045],[-118.02132,34.1602],[-118.02133,34.1607],[-118.02115,34.16045]]],"type":"Polygon"},"properties":{"bbox":{"roads":{"area":56.45,"pct":12.53}},"city_same":1,"id":"hex:2164:17461"},"type":"Feature"},{"geometry":{"coordinates":[[[-118.01944,34.13117],[-118.01875,34.1302],[-118.01877,34.13018],[-118.01879,34.13018],[-118.0189,34.13017],[-118.02001,34.13016],[-118.02002,34.13062],[-118.02022,34.13061],[-118.02023,34.13097],[-118.02044,34.13096],[-118.02043,34.13117],[-118.01944,34.13117]]],"type":"Polygon"},"properties":{"bbox":{"roads":{"area":1542.34,"pct":13.77}},"city":{"roads":{"area":1109.05,"pct":9.9}},"id":"hex:2165:17445"},"type":"Feature"},{"geometry":{"coordinates":[[[-118.01946,34.13313],[-118.01877,34.13216],[-118.01944,34.13117],[-118.02043,34.13117],[-118.02041,34.13247],[-118.02042,34.13312],[-118.01946,34.13313]]],"type":"Polygon"},"properties":{"bbox":{"roads":{"area":3843.39,"pct":14.76}},"city":{"roads":{"area":3609.06,"pct":13.86}},"id":"hex:2165:17446"},"type":"Feature"},{"geometry":{"coordinates":[[[-118.01949,34.13508],[-118.0188,34.13411],[-118.01946,34.13313],[-118.02042,34.13312],[-118.02045,34.13469],[-118.02046,34.13507],[-118.01949,34.13508]]],"type":"Polygon"},"properties":{"bbox":{"roads":{"area":2811.44,"pct":10.83}},"city_same":1,"id":"hex:2165:17447"},"type":"Feature"},{"geometry":{"coordinates":[[[-118.01951,34.13703],[-118.01882,34.13606],[-118.01949,34.13508],[-118.02046,34.13507],[-118.0205,34.13702],[-118.01951,34.13703]]],"type":"Polygon"},"properties":{"bbox":{"roads":{"area":3115.62,"pct":11.84}},"city_same":1,"id":"hex:2165:17448"},"type":"Feature"},{"geometry":{"coordinates":[[[-118.01953,34.13898],[-118.01884,34.13801],[-118.01951,34.13703],[-118.0205,34.13702],[-118.02052,34.13794],[-118.02054,34.13898],[-118.01953,34.13898]]],"type":"Polygon"},"properties":{"bbox":{"roads":{"area":2842.08,"pct":10.65},"sidewalks":{"area":88.32,"pct":0.33}},"city_same":1,"id":"hex:2165:17449"},"type":"Feature"},{"geometry":{"coordinates":[[[-118.01956,34.14094],[-118.01887,34.13997],[-118.01953,34.13898],[-118.02054,34.13898],[-118.02057,34.14021],[-118.02058,34.14093],[-118.01956,34.14094]]],"type":"Polygon"},"properties":{"bbox":{"roads":{"area":6525.17,"pct":24.11},"sidewalks":{"area":654.78,"pct":2.42}},"city":{"roads":{"area":4127.08,"pct":15.25},"sidewalks":{"area":654.78,"pct":2.42}},"id":"hex:2165:17450"},"type":"Feature"},{"geometry":{"coordinates":[[[-118.01958,34.14289],[-118.01889,34.14192],[-118.01956,34.14094],[-118.02058,34.14093],[-118.02063,34.14288],[-118.01958,34.14289]]],"type":"Polygon"},"properties":{"bbox":{"roads":{"area":9808.59,"pct":35.69},"sidewalks":{"area":42.55,"pct":0.15}},"city":{"roads":{"area":3844.59,"pct":13.99},"sidewalks":{"area":42.55,"pct":0.15}},"id":"hex:2165:17451"},"type":"Feature"},{"geometry":{"coordinates":[[[-118.0196,34.14484],[-118.01891,34.14387],[-118.01958,34.14289],[-118.02063,34.14288],[-118.02067,34.14483],[-118.0196,34.14484]]],"type":"Polygon"},"properties":{"bbox":{"roads":{"area":4578.32,"pct":16.4},"sidewalks":{"area":10.59,"pct":0.04}},"city":{"roads":{"area":4422.4,"pct":15.84},"sidewalks":{"area":10.59,"pct":0.04}},"id":"hex:2165:17452"},"type":"Feature"},{"geometry":{"coordinates":[[[-118.01963,34.14679],[-118.01894,34.14582],[-118.0196,34.14484],[-118.02067,34.14483],[-118.02072,34.14678],[-118.01963,34.14679]]],"type":"Polygon"},"properties":{"bbox":{"roads":{"area":4083.73,"pct":14.41},"sidewalks":{"area":24.07,"pct":0.08}},"city_same":1,"id":"hex:2165:17453"},"type":"Feature"},{"geometry":{"coordinates":[[[-118.01965,34.14875],[-118.01896,34.14778],[-118.01963,34.14679],[-118.02072,34.14678],[-118.02076,34.14874],[-118.01965,34.14875]]],"type":"Polygon"},"properties":{"bbox":{"roads":{"area":3623.64,"pct":12.59}},"city_same":1,"id":"hex:2165:17454"},"type":"Feature"},{"geometry":{"coordinates":[[[-118.01967,34.1507],[-118.01899,34.14973],[-118.01965,34.14875],[-118.02076,34.14874],[-118.02081,34.15069],[-118.01967,34.1507]]],"type":"Polygon"},"properties":{"bbox":{"parking":{"area":1280.22,"pct":4.38},"roads":{"area":4762.18,"pct":16.31},"sidewalks":{"area":166.28,"pct":0.57}},"city_same":1,"id":"hex:2165:17455"},"type":"Feature"},{"geometry":{"coordinates":[[[-118.02105,34.15264],[-118.0197,34.15265],[-118.01901,34.15168],[-118.01967,34.1507],[-118.02081,34.15069],[-118.02082,34.15099],[-118.02123,34.15122],[-118.02124,34.15236],[-118.02105,34.15264]]],"type":"Polygon"},"properties":{"bbox":{"parking":{"area":1612.9,"pct":4.52},"roads":{"area":6393.75,"pct":17.93},"sidewalks":{"area":687.44,"pct":1.93}},"city":{"parking":{"area":1612.9,"pct":4.52},"roads":{"area":4107.72,"pct":11.52},"sidewalks":{"area":687.44,"pct":1.93}},"id":"hex:2165:17456"},"type":"Feature"},{"geometry":{"coordinates":[[[-118.02108,34.15459],[-118.01972,34.1546],[-118.01903,34.15363],[-118.0197,34.15265],[-118.02105,34.15264],[-118.02125,34.15291],[-118.02127,34.15431],[-118.02108,34.15459]]],"type":"Polygon"},"properties":{"bbox":{"roads":{"area":2776.23,"pct":7.48}},"city_same":1,"id":"hex:2165:17457"},"type":"Feature"},{"geometry":{"coordinates":[[[-118.01906,34.15558],[-118.01975,34.15655],[-118.0211,34.15654],[-118.02177,34.15556],[-118.02108,34.15459],[-118.01972,34.1546],[-118.01906,34.15558]]],"type":"Polygon"},"properties":{"bbox":{"roads":{"area":3346.26,"pct":8.24}},"city_same":1,"id":"hex:2165:17458"},"type":"Feature"},{"geometry":{"coordinates":[[[-118.02112,34.1585],[-118.01977,34.15851],[-118.01908,34.15754],[-118.01975,34.15655],[-118.0211,34.15654],[-118.02147,34.15706],[-118.02128,34.15706],[-118.02129,34.15793],[-118.02067,34.15745],[-118.02039,34.15765],[-118.02116,34.15845],[-118.02112,34.1585]]],"type":"Polygon"},"properties":{"bbox":{"roads":{"area":781.85,"pct":2.37}},"city_same":1,"id":"hex:2165:17459"},"type":"Feature"},{"geometry":{"coordinates":[[[-118.02115,34.16045],[-118.01979,34.16046],[-118.0191,34.15949],[-118.01977,34.15851],[-118.02112,34.1585],[-118.02123,34.15865],[-118.02111,34.15905],[-118.02119,34.15961],[-118.02112,34.15978],[-118.02131,34.1598],[-118.02132,34.1602],[-118.02115,34.16045]]],"type":"Polygon"},"properties":{"bbox":{"roads":{"area":885.86,"pct":2.52}},"city_same":1,"id":"hex:2165:17460"},"type":"Feature"},{"geometry":{"coordinates":[[[-118.02117,34.1624],[-118.01982,34.16241],[-118.01913,34.16144],[-118.01979,34.16046],[-118.02115,34.16045],[-118.02133,34.1607],[-118.02134,34.16143],[-118.02135,34.16214],[-118.02117,34.1624]]],"type":"Polygon"},"properties":{"bbox":{"roads":{"area":281.65,"pct":0.76}},"city_same":1,"id":"hex:2165:17461"},"type":"Feature"},{"geometry":{"coordinates":[[[-118.02007,34.18389],[-118.01938,34.18292],[-118.02005,34.18193],[-118.02135,34.18192],[-118.02138,34.18307],[-118.02138,34.18388],[-118.02007,34.18389]]],"type":"Polygon"},"properties":{"bbox":{"roads":{"area":75.4,"pct":0.23}},"city_same":1,"id":"hex:2165:17472"},"type":"Feature"},{"geometry":{"coordinates":[[[-118.0201,34.18584],[-118.01941,34.18487],[-118.01986,34.1842],[-118.02003,34.18405],[-118.01994,34.18408],[-118.02007,34.18389],[-118.02138,34.18388],[-118.02139,34.18583],[-118.0201,34.18584]]],"type":"Polygon"},"properties":{"bbox":{"roads":{"area":581.07,"pct":1.78}},"city_same":1,"id":"hex:2165:17473"},"type":"Feature"},{"geometry":{"coordinates":[[[-118.02017,34.1917],[-118.01948,34.19073],[-118.02014,34.18974],[-118.02141,34.18973],[-118.02142,34.19169],[-118.02017,34.1917]]],"type":"Polygon"},"properties":{"bbox":{"roads":{"area":854.06,"pct":2.68}},"city_same":1,"id":"hex:2165:17476"},"type":"Feature"},{"geometry":{"coordinates":[[[-118.02019,34.19365],[-118.0195,34.19268],[-118.02017,34.1917],[-118.02142,34.19169],[-118.02144,34.19364],[-118.02019,34.19365]]],"type":"Polygon"},"properties":{"bbox":{"roads":{"area":2350.72,"pct":7.41}},"city_same":1,"id":"hex:2165:17477"},"type":"Feature"},{"geometry":{"coordinates":[[[-118.02019,34.19365],[-118.02144,34.19364],[-118.02144,34.19394],[-118.02001,34.19392],[-118.02019,34.19365]]],"type":"Polygon"},"properties":{"bbox":{"roads":{"area":240.77,"pct":6.15}},"city_same":1,"id":"hex:2165:17478"},"type":"Feature"},{"geometry":{"coordinates":[[[-118.01875,34.1302],[-118.0174,34.13022],[-118.01728,34.13005],[-118.01755,34.13004],[-118.01797,34.13004],[-118.01797,34.12999],[-118.01805,34.12999],[-118.01805,34.13019],[-118.0187,34.13018],[-118.01877,34.13018],[-118.01875,34.1302]]],"type":"Polygon"},"properties":{"bbox":{"roads":{"area":107.14,"pct":7.33}},"city_same":1,"id":"hex:2166:17445"},"type":"Feature"},{"geometry":{"coordinates":[[[-118.01673,34.1312],[-118.01742,34.13217],[-118.01877,34.13216],[-118.01944,34.13117],[-118.01875,34.1302],[-118.0174,34.13022],[-118.01673,34.1312]]],"type":"Polygon"},"properties":{"bbox":{"roads":{"area":6722.37,"pct":16.56}},"city":{"roads":{"area":5061.34,"pct":12.47}},"id":"hex:2166:17446"},"type":"Feature"},{"geometry":{"coordinates":[[[-118.01675,34.13315],[-118.01744,34.13412],[-118.0188,34.13411],[-118.01946,34.13313],[-118.01877,34.13216],[-118.01742,34.13217],[-118.01675,34.13315]]],"type":"Polygon"},"properties":{"bbox":{"roads":{"area":4360.65,"pct":10.74}},"city_same":1,"id":"hex:2166:17447"},"type":"Feature"},{"geometry":{"coordinates":[[[-118.01678,34.1351],[-118.01747,34.13607],[-118.01882,34.13606],[-118.01949,34.13508],[-118.0188,34.13411],[-118.01744,34.13412],[-118.01678,34.1351]]],"type":"Polygon"},"properties":{"bbox":{"roads":{"area":3703.04,"pct":9.12}},"city_same":1,"id":"hex:2166:17448"},"type":"Feature"},{"geometry":{"coordinates":[[[-118.0168,34.13705],[-118.01749,34.13802],[-118.01884,34.13801],[-118.01951,34.13703],[-118.01882,34.13606],[-118.01747,34.13607],[-118.0168,34.13705]]],"type":"Polygon"},"properties":{"bbox":{"roads":{"area":2471.38,"pct":6.09}},"city_same":1,"id":"hex:2166:17449"},"type":"Feature"},{"geometry":{"coordinates":[[[-118.01682,34.13901],[-118.01751,34.13998],[-118.01887,34.13997],[-118.01953,34.13898],[-118.01884,34.13801],[-118.01749,34.13802],[-118.01682,34.13901]]],"type":"Polygon"},"properties":{"bbox":{"roads":{"area":5586.03,"pct":13.76},"sidewalks":{"area":132.81,"pct":0.33}},"city_same":1,"id":"hex:2166:17450"},"type":"Feature"},{"geometry":{"coordinates":[[[-118.01685,34.14096],[-118.01754,34.14193],[-118.01889,34.14192],[-118.01956,34.14094],[-118.01887,34.13997],[-118.01751,34.13998],[-118.01685,34.14096]]],"type":"Polygon"},"properties":{"bbox":{"roads":{"area":14681.43,"pct":36.17},"sidewalks":{"area":380.5,"pct":0.94}},"city":{"roads":{"area":1126.96,"pct":2.78},"sidewalks":{"area":380.5,"pct":0.94}},"id":"hex:2166:17451"},"type":"Feature"},{"geometry":{"coordinates":[[[-118.01687,34.14291],[-118.01756,34.14388],[-118.01891,34.14387],[-118.01958,34.14289],[-118.01889,34.14192],[-118.01754,34.14193],[-118.01687,34.14291]]],"type":"Polygon"},"properties":{"bbox":{"parking":{"area":2197.61,"pct":5.41},"roads":{"area":7160.47,"pct":17.64}},"city":{"parking":{"area":2197.61,"pct":5.41},"roads":{"area":5657.25,"pct":13.94}},"id":"hex:2166:17452"},"type":"Feature"},{"geometry":{"coordinates":[[[-118.01689,34.14486],[-118.01758,34.14583],[-118.01894,34.14582],[-118.0196,34.14484],[-118.01891,34.14387],[-118.01756,34.14388],[-118.01689,34.14486]]],"type":"Polygon"},"properties":{"bbox":{"roads":{"area":4723.9,"pct":11.64},"sidewalks":{"area":22.33,"pct":0.06}},"city_same":1,"id":"hex:2166:17453"},"type":"Feature"},{"geometry":{"coordinates":[[[-118.01692,34.14682],[-118.01761,34.14779],[-118.01896,34.14778],[-118.01963,34.14679],[-118.01894,34.14582],[-118.01758,34.14583],[-118.01692,34.14682]]],"type":"Polygon"},"properties":{"bbox":{"parking":{"area":2482.47,"pct":6.12},"roads":{"area":2958.36,"pct":7.29},"sidewalks":{"area":650.09,"pct":1.6}},"city_same":1,"id":"hex:2166:17454"},"type":"Feature"},{"geometry":{"coordinates":[[[-118.01694,34.14877],[-118.01763,34.14974],[-118.01899,34.14973],[-118.01965,34.14875],[-118.01896,34.14778],[-118.01761,34.14779],[-118.01694,34.14877]]],"type":"Polygon"},"properties":{"bbox":{"parking":{"area":4421.68,"pct":10.89},"roads":{"area":3726.67,"pct":9.18},"sidewalks":{"area":650.09,"pct":1.6}},"city_same":1,"id":"hex:2166:17455"},"type":"Feature"},{"geometry":{"coordinates":[[[-118.01696,34.15072],[-118.01765,34.15169],[-118.01901,34.15168],[-118.01967,34.1507],[-118.01899,34.14973],[-118.01763,34.14974],[-118.01696,34.15072]]],"type":"Polygon"},"properties":{"bbox":{"roads":{"area":7514.36,"pct":18.51},"sidewalks":{"area":1115.53,"pct":2.75}},"city":{"roads":{"area":4795.02,"pct":11.81},"sidewalks":{"area":1115.53,"pct":2.75}},"id":"hex:2166:17456"},"type":"Feature"},{"geometry":{"coordinates":[[[-118.01699,34.15267],[-118.01768,34.15364],[-118.01903,34.15363],[-118.0197,34.15265],[-118.01901,34.15168],[-118.01765,34.15169],[-118.01699,34.15267]]],"type":"Polygon"},"properties":{"bbox":{"roads":{"area":2166.3,"pct":5.34},"sidewalks":{"area":649.65,"pct":1.6}},"city_same":1,"id":"hex:2166:17457"},"type":"Feature"},{"geometry":{"coordinates":[[[-118.01701,34.15463],[-118.0177,34.1556],[-118.01906,34.15558],[-118.01972,34.1546],[-118.01903,34.15363],[-118.01768,34.15364],[-118.01701,34.15463]]],"type":"Polygon"},"properties":{"bbox":{"roads":{"area":3293.96,"pct":8.11},"sidewalks":{"area":346.26,"pct":0.85}},"city_same":1,"id":"hex:2166:17458"},"type":"Feature"},{"geometry":{"coordinates":[[[-118.01703,34.15658],[-118.01772,34.15755],[-118.01908,34.15754],[-118.01975,34.15655],[-118.01906,34.15558],[-118.0177,34.1556],[-118.01703,34.15658]]],"type":"Polygon"},"properties":{"bbox":{"roads":{"area":2898.29,"pct":7.14}},"city_same":1,"id":"hex:2166:17459"},"type":"Feature"},{"geometry":{"coordinates":[[[[-118.01736,34.18391],[-118.01803,34.18293],[-118.01938,34.18292],[-118.02007,34.18389],[-118.01994,34.18408],[-118.01994,34.18408],[-118.01985,34.1841],[-118.01975,34.18412],[-118.01966,34.18413],[-118.01956,34.18413],[-118.01946,34.18412],[-118.01936,34.18411],[-118.01926,34.1841],[-118.01922,34.18408],[-118.01917,34.18407],[-118.01909,34.18404],[-118.01902,34.18401],[-118.01895,34.18397],[-118.01889,34.18392],[-118.01882,34.18386],[-118.01876,34.1838],[-118.01871,34.18373],[-118.01866,34.18366],[-118.01863,34.18359],[-118.0186,34.18351],[-118.01859,34.18343],[-118.01854,34.18334],[-118.01851,34.18338],[-118.01849,34.18342],[-118.01847,34.18347],[-118.01845,34.18353],[-118.01844,34.1836],[-118.01844,34.18366],[-118.01846,34.18373],[-118.01848,34.18379],[-118.01832,34.18389],[-118.01814,34.18398],[-118.018,34.18401],[-118.01763,34.18405],[-118.0175,34.1841],[-118.01736,34.18391]]],[[[-118.01941,34.18487],[-118.01805,34.18488],[-118.0179,34.18467],[-118.01812,34.1847],[-118.01856,34.1848],[-118.01881,34.18482],[-118.01923,34.18476],[-118.01945,34.18471],[-118.01958,34.18456],[-118.01977,34.18428],[-118.01986,34.1842],[-118.01941,34.18487]]]],"type":"MultiPolygon"},"properties":{"bbox":{"roads":{"area":606.53,"pct":2.51}},"city_same":1,"id":"hex:2166:17473"},"type":"Feature"},{"geometry":{"coordinates":[[[-118.01748,34.19367],[-118.01815,34.19269],[-118.0195,34.19268],[-118.02019,34.19365],[-118.02001,34.19392],[-118.01764,34.1939],[-118.01748,34.19367]]],"type":"Polygon"},"properties":{"bbox":{"roads":{"area":27.33,"pct":0.1}},"city_same":1,"id":"hex:2166:17478"},"type":"Feature"},{"geometry":{"coordinates":[[[-118.0174,34.13022],[-118.01673,34.1312],[-118.01537,34.13121],[-118.01468,34.13024],[-118.01477,34.13012],[-118.01568,34.13009],[-118.01568,34.13022],[-118.01652,34.13022],[-118.01652,34.13006],[-118.01728,34.13005],[-118.0174,34.13022]]],"type":"Polygon"},"properties":{"bbox":{"roads":{"area":1739.86,"pct":7.56},"sidewalks":{"area":172.28,"pct":0.75}},"city_same":1,"id":"hex:2167:17445"},"type":"Feature"},{"geometry":{"coordinates":[[[-118.01471,34.13219],[-118.0154,34.13316],[-118.01675,34.13315],[-118.01742,34.13217],[-118.01673,34.1312],[-118.01537,34.13121],[-118.01471,34.13219]]],"type":"Polygon"},"properties":{"bbox":{"roads":{"area":6144.28,"pct":15.14},"sidewalks":{"area":169.84,"pct":0.42}},"city":{"roads":{"area":2838.8,"pct":6.99},"sidewalks":{"area":169.84,"pct":0.42}},"id":"hex:2167:17446"},"type":"Feature"},{"geometry":{"coordinates":[[[-118.01473,34.13414],[-118.01542,34.13511],[-118.01678,34.1351],[-118.01744,34.13412],[-118.01675,34.13315],[-118.0154,34.13316],[-118.01473,34.13414]]],"type":"Polygon"},"properties":{"bbox":{"roads":{"area":2055.18,"pct":5.06}},"city_same":1,"id":"hex:2167:17447"},"type":"Feature"},{"geometry":{"coordinates":[[[-118.01475,34.1361],[-118.01544,34.13707],[-118.0168,34.13705],[-118.01747,34.13607],[-118.01678,34.1351],[-118.01542,34.13511],[-118.01475,34.1361]]],"type":"Polygon"},"properties":{"bbox":{"roads":{"area":2488.06,"pct":6.13},"sidewalks":{"area":17.01,"pct":0.04}},"city_same":1,"id":"hex:2167:17448"},"type":"Feature"},{"geometry":{"coordinates":[[[-118.01478,34.13805],[-118.01547,34.13902],[-118.01682,34.13901],[-118.01749,34.13802],[-118.0168,34.13705],[-118.01544,34.13707],[-118.01478,34.13805]]],"type":"Polygon"},"properties":{"bbox":{"roads":{"area":4311.42,"pct":10.62}},"city":{"roads":{"area":3338.89,"pct":8.22}},"id":"hex:2167:17449"},"type":"Feature"},{"geometry":{"coordinates":[[[-118.0148,34.14],[-118.01549,34.14097],[-118.01685,34.14096],[-118.01751,34.13998],[-118.01682,34.13901],[-118.01547,34.13902],[-118.0148,34.14]]],"type":"Polygon"},"properties":{"bbox":{"roads":{"area":16816.11,"pct":41.42},"sidewalks":{"area":298.11,"pct":0.73}},"city":{"roads":{"area":2262.46,"pct":5.57},"sidewalks":{"area":298.11,"pct":0.73}},"id":"hex:2167:17450"},"type":"Feature"},{"geometry":{"coordinates":[[[-118.01482,34.14195],[-118.01551,34.14292],[-118.01687,34.14291],[-118.01754,34.14193],[-118.01685,34.14096],[-118.01549,34.14097],[-118.01482,34.14195]]],"type":"Polygon"},"properties":{"bbox":{"parking":{"area":4408.53,"pct":10.86},"roads":{"area":5723.51,"pct":14.1}},"city":{"parking":{"area":4408.53,"pct":10.86},"roads":{"area":3148.98,"pct":7.76}},"id":"hex:2167:17451"},"type":"Feature"},{"geometry":{"coordinates":[[[-118.01485,34.1439],[-118.01554,34.14487],[-118.01689,34.14486],[-118.01756,34.14388],[-118.01687,34.14291],[-118.01551,34.14292],[-118.01485,34.1439]]],"type":"Polygon"},"properties":{"bbox":{"roads":{"area":3693.78,"pct":9.1}},"city_same":1,"id":"hex:2167:17452"},"type":"Feature"},{"geometry":{"coordinates":[[[-118.01487,34.14586],[-118.01556,34.14683],[-118.01692,34.14682],[-118.01758,34.14583],[-118.01689,34.14486],[-118.01554,34.14487],[-118.01487,34.14586]]],"type":"Polygon"},"properties":{"bbox":{"roads":{"area":3786.83,"pct":9.33}},"city_same":1,"id":"hex:2167:17453"},"type":"Feature"},{"geometry":{"coordinates":[[[-118.01489,34.14781],[-118.01558,34.14878],[-118.01694,34.14877],[-118.01761,34.14779],[-118.01692,34.14682],[-118.01556,34.14683],[-118.01489,34.14781]]],"type":"Polygon"},"properties":{"bbox":{"roads":{"area":1341.07,"pct":3.3}},"city_same":1,"id":"hex:2167:17454"},"type":"Feature"},{"geometry":{"coordinates":[[[-118.01492,34.14976],[-118.01561,34.15073],[-118.01696,34.15072],[-118.01763,34.14974],[-118.01694,34.14877],[-118.01558,34.14878],[-118.01492,34.14976]]],"type":"Polygon"},"properties":{"bbox":{"roads":{"area":1588.71,"pct":3.91}},"city_same":1,"id":"hex:2167:17455"},"type":"Feature"},{"geometry":{"coordinates":[[[-118.01494,34.15171],[-118.01563,34.15268],[-118.01699,34.15267],[-118.01765,34.15169],[-118.01696,34.15072],[-118.01561,34.15073],[-118.01494,34.15171]]],"type":"Polygon"},"properties":{"bbox":{"roads":{"area":5841.69,"pct":14.39},"sidewalks":{"area":468.02,"pct":1.15}},"city":{"roads":{"area":3286.23,"pct":8.1},"sidewalks":{"area":468.02,"pct":1.15}},"id":"hex:2167:17456"},"type":"Feature"},{"geometry":{"coordinates":[[[-118.01496,34.15367],[-118.01565,34.15464],[-118.01701,34.15463],[-118.01768,34.15364],[-118.01699,34.15267],[-118.01563,34.15268],[-118.01496,34.15367]]],"type":"Polygon"},"properties":{"bbox":{"roads":{"area":2150.63,"pct":5.3}},"city_same":1,"id":"hex:2167:17457"},"type":"Feature"},{"geometry":{"coordinates":[[[-118.01499,34.15562],[-118.01568,34.15659],[-118.01703,34.15658],[-118.0177,34.1556],[-118.01701,34.15463],[-118.01565,34.15464],[-118.01499,34.15562]]],"type":"Polygon"},"properties":{"bbox":{"roads":{"area":3410.66,"pct":8.4}},"city_same":1,"id":"hex:2167:17458"},"type":"Feature"},{"geometry":{"coordinates":[[[-118.01468,34.13024],[-118.01414,34.13024],[-118.01414,34.13003],[-118.01458,34.13003],[-118.01458,34.13007],[-118.01458,34.13012],[-118.01477,34.13012],[-118.01468,34.13024]]],"type":"Polygon"},"properties":{"bbox":{"roads":{"area":117.61,"pct":10.51}},"city_same":1,"id":"hex:2168:17445"},"type":"Feature"},{"geometry":{"coordinates":[[[-118.01468,34.13024],[-118.01537,34.13121],[-118.01471,34.13219],[-118.01335,34.1322],[-118.01266,34.13123],[-118.01332,34.13026],[-118.01414,34.13025],[-118.01414,34.13024],[-118.01468,34.13024]]],"type":"Polygon"},"properties":{"bbox":{"roads":{"area":4586.86,"pct":11.31},"sidewalks":{"area":273.2,"pct":0.67}},"city":{"roads":{"area":1949.07,"pct":4.81},"sidewalks":{"area":273.2,"pct":0.67}},"id":"hex:2168:17446"},"type":"Feature"},{"geometry":{"coordinates":[[[-118.01269,34.13318],[-118.01338,34.13415],[-118.01473,34.13414],[-118.0154,34.13316],[-118.01471,34.13219],[-118.01335,34.1322],[-118.01269,34.13318]]],"type":"Polygon"},"properties":{"bbox":{"roads":{"area":2566.79,"pct":6.32},"sidewalks":{"area":371.35,"pct":0.91}},"city_same":1,"id":"hex:2168:17447"},"type":"Feature"},{"geometry":{"coordinates":[[[-118.01271,34.13514],[-118.0134,34.13611],[-118.01475,34.1361],[-118.01542,34.13511],[-118.01473,34.13414],[-118.01338,34.13415],[-118.01271,34.13514]]],"type":"Polygon"},"properties":{"bbox":{"roads":{"area":3071.16,"pct":7.57},"sidewalks":{"area":1049.18,"pct":2.58}},"city_same":1,"id":"hex:2168:17448"},"type":"Feature"},{"geometry":{"coordinates":[[[-118.01273,34.13709],[-118.01342,34.13806],[-118.01478,34.13805],[-118.01544,34.13707],[-118.01475,34.1361],[-118.0134,34.13611],[-118.01273,34.13709]]],"type":"Polygon"},"properties":{"bbox":{"roads":{"area":7993.1,"pct":19.69}},"city":{"roads":{"area":3351.09,"pct":8.25}},"id":"hex:2168:17449"},"type":"Feature"},{"geometry":{"coordinates":[[[-118.01276,34.13904],[-118.01345,34.14001],[-118.0148,34.14],[-118.01547,34.13902],[-118.01478,34.13805],[-118.01342,34.13806],[-118.01276,34.13904]]],"type":"Polygon"},"properties":{"bbox":{"parking":{"area":2415,"pct":5.95},"roads":{"area":9971.41,"pct":24.56},"sidewalks":{"area":522.62,"pct":1.29}},"city":{"parking":{"area":2415,"pct":5.95},"roads":{"area":4594.6,"pct":11.32},"sidewalks":{"area":522.62,"pct":1.29}},"id":"hex:2168:17450"},"type":"Feature"},{"geometry":{"coordinates":[[[-118.01278,34.14099],[-118.01347,34.14196],[-118.01482,34.14195],[-118.01549,34.14097],[-118.0148,34.14],[-118.01345,34.14001],[-118.01278,34.14099]]],"type":"Polygon"},"properties":{"bbox":{"roads":{"area":7897.97,"pct":19.46},"sidewalks":{"area":371.68,"pct":0.92}},"city":{"roads":{"area":5112.38,"pct":12.59},"sidewalks":{"area":371.68,"pct":0.92}},"id":"hex:2168:17451"},"type":"Feature"},{"geometry":{"coordinates":[[[-118.0128,34.14294],[-118.01349,34.14392],[-118.01485,34.1439],[-118.01551,34.14292],[-118.01482,34.14195],[-118.01347,34.14196],[-118.0128,34.14294]]],"type":"Polygon"},"properties":{"bbox":{"parking":{"area":366.23,"pct":0.9},"roads":{"area":5112.47,"pct":12.59}},"city_same":1,"id":"hex:2168:17452"},"type":"Feature"},{"geometry":{"coordinates":[[[-118.01283,34.1449],[-118.01352,34.14587],[-118.01487,34.14586],[-118.01554,34.14487],[-118.01485,34.1439],[-118.01349,34.14392],[-118.01283,34.1449]]],"type":"Polygon"},"properties":{"bbox":{"roads":{"area":4156.18,"pct":10.24}},"city_same":1,"id":"hex:2168:17453"},"type":"Feature"},{"geometry":{"coordinates":[[[-118.01285,34.14685],[-118.01354,34.14782],[-118.01489,34.14781],[-118.01556,34.14683],[-118.01487,34.14586],[-118.01352,34.14587],[-118.01285,34.14685]]],"type":"Polygon"},"properties":{"bbox":{"roads":{"area":2670.05,"pct":6.58}},"city_same":1,"id":"hex:2168:17454"},"type":"Feature"},{"geometry":{"coordinates":[[[-118.01287,34.1488],[-118.01356,34.14977],[-118.01492,34.14976],[-118.01558,34.14878],[-118.01489,34.14781],[-118.01354,34.14782],[-118.01287,34.1488]]],"type":"Polygon"},"properties":{"bbox":{"roads":{"area":3547.56,"pct":8.74}},"city_same":1,"id":"hex:2168:17455"},"type":"Feature"},{"geometry":{"coordinates":[[[-118.0129,34.15075],[-118.01359,34.15172],[-118.01494,34.15171],[-118.01561,34.15073],[-118.01492,34.14976],[-118.01356,34.14977],[-118.0129,34.15075]]],"type":"Polygon"},"properties":{"bbox":{"roads":{"area":6592.25,"pct":16.24},"sidewalks":{"area":464.91,"pct":1.15}},"city":{"roads":{"area":3934.74,"pct":9.69},"sidewalks":{"area":464.91,"pct":1.15}},"id":"hex:2168:17456"},"type":"Feature"},{"geometry":{"coordinates":[[[-118.01292,34.15271],[-118.01361,34.15368],[-118.01496,34.15367],[-118.01563,34.15268],[-118.01494,34.15171],[-118.01359,34.15172],[-118.01292,34.15271]]],"type":"Polygon"},"properties":{"bbox":{"roads":{"area":2375.6,"pct":5.85}},"city_same":1,"id":"hex:2168:17457"},"type":"Feature"},{"geometry":{"coordinates":[[[-118.01294,34.15466],[-118.01363,34.15563],[-118.01499,34.15562],[-118.01565,34.15464],[-118.01496,34.15367],[-118.01361,34.15368],[-118.01294,34.15466]]],"type":"Polygon"},"properties":{"bbox":{"roads":{"area":3654.45,"pct":9}},"city_same":1,"id":"hex:2168:17458"},"type":"Feature"},{"geometry":{"coordinates":[[[-118.01297,34.15661],[-118.01366,34.15758],[-118.01501,34.15757],[-118.01568,34.15659],[-118.01499,34.15562],[-118.01363,34.15563],[-118.01297,34.15661]]],"type":"Polygon"},"properties":{"bbox":{"roads":{"area":2225,"pct":5.48}},"city_same":1,"id":"hex:2168:17459"},"type":"Feature"},{"geometry":{"coordinates":[[[-118.01299,34.15856],[-118.01368,34.15953],[-118.01503,34.15952],[-118.0157,34.15854],[-118.01501,34.15757],[-118.01366,34.15758],[-118.01299,34.15856]]],"type":"Polygon"},"properties":{"bbox":{"roads":{"area":490.28,"pct":1.21}},"city_same":1,"id":"hex:2168:17460"},"type":"Feature"},{"geometry":{"coordinates":[[[-118.01266,34.13123],[-118.01131,34.13124],[-118.01063,34.13029],[-118.01332,34.13026],[-118.01266,34.13123]]],"type":"Polygon"},"properties":{"bbox":{"roads":{"area":2474.46,"pct":12.41},"sidewalks":{"area":156.07,"pct":0.78}},"city_same":1,"id":"hex:2169:17445"},"type":"Feature"},{"geometry":{"coordinates":[[[-118.01064,34.13222],[-118.01133,34.13319],[-118.01269,34.13318],[-118.01335,34.1322],[-118.01266,34.13123],[-118.01131,34.13124],[-118.01064,34.13222]]],"type":"Polygon"},"properties":{"bbox":{"roads":{"area":8967.43,"pct":22.09},"sidewalks":{"area":1037.4,"pct":2.56}},"city":{"roads":{"area":5027.43,"pct":12.38},"sidewalks":{"area":1037.4,"pct":2.56}},"id":"hex:2169:17446"},"type":"Feature"},{"geometry":{"coordinates":[[[-118.01066,34.13418],[-118.01135,34.13515],[-118.01271,34.13514],[-118.01338,34.13415],[-118.01269,34.13318],[-118.01133,34.13319],[-118.01066,34.13418]]],"type":"Polygon"},"properties":{"bbox":{"roads":{"area":3576.51,"pct":8.81},"sidewalks":{"area":351.43,"pct":0.87}},"city_same":1,"id":"hex:2169:17447"},"type":"Feature"},{"geometry":{"coordinates":[[[-118.01069,34.13613],[-118.01138,34.1371],[-118.01273,34.13709],[-118.0134,34.13611],[-118.01271,34.13514],[-118.01135,34.13515],[-118.01069,34.13613]]],"type":"Polygon"},"properties":{"bbox":{"roads":{"area":5657.57,"pct":13.94}},"city":{"roads":{"area":2979.81,"pct":7.34}},"id":"hex:2169:17448"},"type":"Feature"},{"geometry":{"coordinates":[[[-118.01071,34.13808],[-118.0114,34.13905],[-118.01276,34.13904],[-118.01342,34.13806],[-118.01273,34.13709],[-118.01138,34.1371],[-118.01071,34.13808]]],"type":"Polygon"},"properties":{"bbox":{"parking":{"area":17521.05,"pct":43.16},"roads":{"area":8983.34,"pct":22.13},"sidewalks":{"area":360.73,"pct":0.89}},"city":{"parking":{"area":17521.05,"pct":43.16},"roads":{"area":5095.35,"pct":12.55},"sidewalks":{"area":360.73,"pct":0.89}},"id":"hex:2169:17449"},"type":"Feature"},{"geometry":{"coordinates":[[[-118.01073,34.14003],[-118.01142,34.141],[-118.01278,34.14099],[-118.01345,34.14001],[-118.01276,34.13904],[-118.0114,34.13905],[-118.01073,34.14003]]],"type":"Polygon"},"properties":{"bbox":{"parking":{"area":8049.52,"pct":19.83},"roads":{"area":9505.66,"pct":23.42},"sidewalks":{"area":316.92,"pct":0.78}},"city":{"parking":{"area":8049.52,"pct":19.83},"roads":{"area":6049.69,"pct":14.9},"sidewalks":{"area":316.92,"pct":0.78}},"id":"hex:2169:17450"},"type":"Feature"},{"geometry":{"coordinates":[[[-118.01076,34.14199],[-118.01145,34.14296],[-118.0128,34.14294],[-118.01347,34.14196],[-118.01278,34.14099],[-118.01142,34.141],[-118.01076,34.14199]]],"type":"Polygon"},"properties":{"bbox":{"roads":{"area":5160.83,"pct":12.71}},"city_same":1,"id":"hex:2169:17451"},"type":"Feature"},{"geometry":{"coordinates":[[[-118.01078,34.14394],[-118.01147,34.14491],[-118.01283,34.1449],[-118.01349,34.14392],[-118.0128,34.14294],[-118.01145,34.14296],[-118.01078,34.14394]]],"type":"Polygon"},"properties":{"bbox":{"roads":{"area":4439.79,"pct":10.94}},"city_same":1,"id":"hex:2169:17452"},"type":"Feature"},{"geometry":{"coordinates":[[[-118.0108,34.14589],[-118.01149,34.14686],[-118.01285,34.14685],[-118.01352,34.14587],[-118.01283,34.1449],[-118.01147,34.14491],[-118.0108,34.14589]]],"type":"Polygon"},"properties":{"bbox":{"roads":{"area":4370.99,"pct":10.77}},"city_same":1,"id":"hex:2169:17453"},"type":"Feature"},{"geometry":{"coordinates":[[[-118.01083,34.14784],[-118.01152,34.14881],[-118.01287,34.1488],[-118.01354,34.14782],[-118.01285,34.14685],[-118.01149,34.14686],[-118.01083,34.14784]]],"type":"Polygon"},"properties":{"bbox":{"roads":{"area":3278.63,"pct":8.08}},"city_same":1,"id":"hex:2169:17454"},"type":"Feature"},{"geometry":{"coordinates":[[[-118.01085,34.14979],[-118.01154,34.15077],[-118.0129,34.15075],[-118.01356,34.14977],[-118.01287,34.1488],[-118.01152,34.14881],[-118.01085,34.14979]]],"type":"Polygon"},"properties":{"bbox":{"roads":{"area":5338.72,"pct":13.15},"sidewalks":{"area":43.7,"pct":0.11}},"city_same":1,"id":"hex:2169:17455"},"type":"Feature"},{"geometry":{"coordinates":[[[-118.01087,34.15175],[-118.01156,34.15272],[-118.01292,34.15271],[-118.01359,34.15172],[-118.0129,34.15075],[-118.01154,34.15077],[-118.01087,34.15175]]],"type":"Polygon"},"properties":{"bbox":{"roads":{"area":5784.34,"pct":14.25},"sidewalks":{"area":235.26,"pct":0.58}},"city":{"roads":{"area":3209.8,"pct":7.91},"sidewalks":{"area":235.26,"pct":0.58}},"id":"hex:2169:17456"},"type":"Feature"},{"geometry":{"coordinates":[[[-118.0109,34.1537],[-118.01159,34.15467],[-118.01294,34.15466],[-118.01361,34.15368],[-118.01292,34.15271],[-118.01156,34.15272],[-118.0109,34.1537]]],"type":"Polygon"},"properties":{"bbox":{"roads":{"area":3409.45,"pct":8.4}},"city_same":1,"id":"hex:2169:17457"},"type":"Feature"},{"geometry":{"coordinates":[[[-118.01092,34.15565],[-118.01161,34.15662],[-118.01297,34.15661],[-118.01363,34.15563],[-118.01294,34.15466],[-118.01159,34.15467],[-118.01092,34.15565]]],"type":"Polygon"},"properties":{"bbox":{"roads":{"area":3765.96,"pct":9.28}},"city_same":1,"id":"hex:2169:17458"},"type":"Feature"},{"geometry":{"coordinates":[[[-118.01094,34.1576],[-118.01163,34.15857],[-118.01299,34.15856],[-118.01366,34.15758],[-118.01297,34.15661],[-118.01161,34.15662],[-118.01094,34.1576]]],"type":"Polygon"},"properties":{"bbox":{"roads":{"area":2024.35,"pct":4.99}},"city_same":1,"id":"hex:2169:17459"},"type":"Feature"},{"geometry":{"coordinates":[[[-118.01097,34.15956],[-118.01166,34.16053],[-118.01301,34.16052],[-118.01368,34.15953],[-118.01299,34.15856],[-118.01163,34.15857],[-118.01097,34.15956]]],"type":"Polygon"},"properties":{"bbox":{"roads":{"area":1576.9,"pct":3.88}},"city_same":1,"id":"hex:2169:17460"},"type":"Feature"},{"geometry":{"coordinates":[[[-118.01099,34.16151],[-118.01168,34.16248],[-118.01304,34.16247],[-118.0137,34.16149],[-118.01301,34.16052],[-118.01166,34.16053],[-118.01099,34.16151]]],"type":"Polygon"},"properties":{"bbox":{"roads":{"area":566.68,"pct":1.4}},"city_same":1,"id":"hex:2169:17461"},"type":"Feature"},{"geometry":{"coordinates":[[[-118.01034,34.10684],[-118.00898,34.10686],[-118.0083,34.10588],[-118.00884,34.10508],[-118.0094,34.1049],[-118.00985,34.1049],[-118.00986,34.1049],[-118.00997,34.10496],[-118.01008,34.105],[-118.01018,34.10503],[-118.01022,34.10508],[-118.01029,34.10514],[-118.01027,34.10525],[-118.01021,34.10532],[-118.01016,34.10534],[-118.01009,34.10536],[-118.01001,34.10538],[-118.00987,34.10536],[-118.00972,34.10535],[-118.00959,34.10535],[-118.0095,34.10538],[-118.00948,34.10543],[-118.0096,34.10543],[-118.00975,34.10543],[-118.00986,34.10545],[-118.00996,34.10548],[-118.01014,34.10549],[-118.01026,34.10548],[-118.01042,34.10547],[-118.01056,34.10546],[-118.01053,34.1055],[-118.01042,34.10555],[-118.0104,34.1056],[-118.01039,34.10568],[-118.01039,34.10574],[-118.01041,34.10579],[-118.01039,34.10589],[-118.0103,34.10594],[-118.01021,34.10595],[-118.01008,34.10595],[-118.00999,34.10596],[-118.00997,34.10602],[-118.01011,34.10606],[-118.01027,34.10607],[-118.01049,34.10608],[-118.01065,34.1061],[-118.01084,34.1061],[-118.01034,34.10684]]],"type":"Polygon"},"properties":{"bbox":{"roads":{"area":352.8,"pct":1.04}},"city_same":1,"id":"hex:2170:17433"},"type":"Feature"},{"geometry":{"coordinates":[[[-118.00832,34.10784],[-118.00898,34.10686],[-118.01034,34.10684],[-118.01061,34.10723],[-118.00891,34.10867],[-118.00832,34.10784]]],"type":"Polygon"},"properties":{"bbox":{"roads":{"area":1344.37,"pct":5.64}},"city_same":1,"id":"hex:2170:17434"},"type":"Feature"},{"geometry":{"coordinates":[[[-118.01131,34.13124],[-118.01064,34.13222],[-118.00929,34.13224],[-118.0086,34.13126],[-118.00925,34.13031],[-118.01063,34.13029],[-118.01131,34.13124]]],"type":"Polygon"},"properties":{"bbox":{"roads":{"area":6283.74,"pct":15.6},"sidewalks":{"area":627.23,"pct":1.56}},"city":{"roads":{"area":4649.84,"pct":11.54},"sidewalks":{"area":627.23,"pct":1.56}},"id":"hex:2170:17446"},"type":"Feature"},{"geometry":{"coordinates":[[[-118.00862,34.13322],[-118.00931,34.13419],[-118.01066,34.13418],[-118.01133,34.13319],[-118.01064,34.13222],[-118.00929,34.13224],[-118.00862,34.13322]]],"type":"Polygon"},"properties":{"bbox":{"roads":{"area":5707.88,"pct":14.06},"sidewalks":{"area":814.01,"pct":2.01}},"city":{"roads":{"area":5325.61,"pct":13.12},"sidewalks":{"area":814.01,"pct":2.01}},"id":"hex:2170:17447"},"type":"Feature"},{"geometry":{"coordinates":[[[-118.00864,34.13517],[-118.00933,34.13614],[-118.01069,34.13613],[-118.01135,34.13515],[-118.01066,34.13418],[-118.00931,34.13419],[-118.00864,34.13517]]],"type":"Polygon"},"properties":{"bbox":{"parking":{"area":486.54,"pct":1.2},"roads":{"area":4969.8,"pct":12.24},"sidewalks":{"area":713.9,"pct":1.76}},"city":{"parking":{"area":486.54,"pct":1.2},"roads":{"area":4846.43,"pct":11.94},"sidewalks":{"area":713.9,"pct":1.76}},"id":"hex:2170:17448"},"type":"Feature"},{"geometry":{"coordinates":[[[-118.00867,34.13712],[-118.00936,34.13809],[-118.01071,34.13808],[-118.01138,34.1371],[-118.01069,34.13613],[-118.00933,34.13614],[-118.00867,34.13712]]],"type":"Polygon"},"properties":{"bbox":{"roads":{"area":11620.93,"pct":28.63},"sidewalks":{"area":807.09,"pct":1.99}},"city":{"roads":{"area":4964.78,"pct":12.23},"sidewalks":{"area":807.09,"pct":1.99}},"id":"hex:2170:17449"},"type":"Feature"},{"geometry":{"coordinates":[[[-118.00869,34.13907],[-118.00938,34.14004],[-118.01073,34.14003],[-118.0114,34.13905],[-118.01071,34.13808],[-118.00936,34.13809],[-118.00869,34.13907]]],"type":"Polygon"},"properties":{"bbox":{"parking":{"area":5070.71,"pct":12.49},"roads":{"area":6480.67,"pct":15.96},"sidewalks":{"area":986.79,"pct":2.43}},"city_same":1,"id":"hex:2170:17450"},"type":"Feature"},{"geometry":{"coordinates":[[[-118.00871,34.14103],[-118.0094,34.142],[-118.01076,34.14199],[-118.01142,34.141],[-118.01073,34.14003],[-118.00938,34.14004],[-118.00871,34.14103]]],"type":"Polygon"},"properties":{"bbox":{"roads":{"area":7638.8,"pct":18.82},"sidewalks":{"area":491.44,"pct":1.21}},"city":{"roads":{"area":5139.92,"pct":12.66},"sidewalks":{"area":491.44,"pct":1.21}},"id":"hex:2170:17451"},"type":"Feature"},{"geometry":{"coordinates":[[[-118.00874,34.14298],[-118.00943,34.14395],[-118.01078,34.14394],[-118.01145,34.14296],[-118.01076,34.14199],[-118.0094,34.142],[-118.00874,34.14298]]],"type":"Polygon"},"properties":{"bbox":{"roads":{"area":4618.5,"pct":11.38}},"city_same":1,"id":"hex:2170:17452"},"type":"Feature"},{"geometry":{"coordinates":[[[-118.00876,34.14493],[-118.00945,34.1459],[-118.0108,34.14589],[-118.01147,34.14491],[-118.01078,34.14394],[-118.00943,34.14395],[-118.00876,34.14493]]],"type":"Polygon"},"properties":{"bbox":{"roads":{"area":4411.49,"pct":10.87}},"city_same":1,"id":"hex:2170:17453"},"type":"Feature"},{"geometry":{"coordinates":[[[-118.00878,34.14688],[-118.00947,34.14785],[-118.01083,34.14784],[-118.01149,34.14686],[-118.0108,34.14589],[-118.00945,34.1459],[-118.00878,34.14688]]],"type":"Polygon"},"properties":{"bbox":{"roads":{"area":3595.93,"pct":8.86}},"city_same":1,"id":"hex:2170:17454"},"type":"Feature"},{"geometry":{"coordinates":[[[-118.00881,34.14884],[-118.00949,34.14981],[-118.01085,34.14979],[-118.01152,34.14881],[-118.01083,34.14784],[-118.00947,34.14785],[-118.00881,34.14884]]],"type":"Polygon"},"properties":{"bbox":{"roads":{"area":4022.64,"pct":9.91}},"city_same":1,"id":"hex:2170:17455"},"type":"Feature"},{"geometry":{"coordinates":[[[-118.00883,34.15079],[-118.00952,34.15176],[-118.01087,34.15175],[-118.01154,34.15077],[-118.01085,34.14979],[-118.00949,34.14981],[-118.00883,34.15079]]],"type":"Polygon"},"properties":{"bbox":{"roads":{"area":7156.28,"pct":17.63}},"city":{"roads":{"area":4364.72,"pct":10.75}},"id":"hex:2170:17456"},"type":"Feature"},{"geometry":{"coordinates":[[[-118.00885,34.15274],[-118.00954,34.15371],[-118.0109,34.1537],[-118.01156,34.15272],[-118.01087,34.15175],[-118.00952,34.15176],[-118.00885,34.15274]]],"type":"Polygon"},"properties":{"bbox":{"roads":{"area":3179.12,"pct":7.83}},"city_same":1,"id":"hex:2170:17457"},"type":"Feature"},{"geometry":{"coordinates":[[[-118.00888,34.15469],[-118.00956,34.15566],[-118.01092,34.15565],[-118.01159,34.15467],[-118.0109,34.1537],[-118.00954,34.15371],[-118.00888,34.15469]]],"type":"Polygon"},"properties":{"bbox":{"roads":{"area":3231.33,"pct":7.96}},"city_same":1,"id":"hex:2170:17458"},"type":"Feature"},{"geometry":{"coordinates":[[[-118.0089,34.15664],[-118.00959,34.15762],[-118.01094,34.1576],[-118.01161,34.15662],[-118.01092,34.15565],[-118.00956,34.15566],[-118.0089,34.15664]]],"type":"Polygon"},"properties":{"bbox":{"roads":{"area":3252.73,"pct":8.01}},"city_same":1,"id":"hex:2170:17459"},"type":"Feature"},{"geometry":{"coordinates":[[[-118.00892,34.1586],[-118.00961,34.15957],[-118.01097,34.15956],[-118.01163,34.15857],[-118.01094,34.1576],[-118.00959,34.15762],[-118.00892,34.1586]]],"type":"Polygon"},"properties":{"bbox":{"roads":{"area":2780.37,"pct":6.85}},"city_same":1,"id":"hex:2170:17460"},"type":"Feature"},{"geometry":{"coordinates":[[[-118.00894,34.16055],[-118.00963,34.16152],[-118.01099,34.16151],[-118.01166,34.16053],[-118.01097,34.15956],[-118.00961,34.15957],[-118.00894,34.16055]]],"type":"Polygon"},"properties":{"bbox":{"roads":{"area":1946.26,"pct":4.79}},"city_same":1,"id":"hex:2170:17461"},"type":"Feature"},{"geometry":{"coordinates":[[[-118.00897,34.1625],[-118.00966,34.16347],[-118.01101,34.16346],[-118.01168,34.16248],[-118.01099,34.16151],[-118.00963,34.16152],[-118.00897,34.1625]]],"type":"Polygon"},"properties":{"bbox":{"roads":{"area":59.21,"pct":0.15}},"city_same":1,"id":"hex:2170:17462"},"type":"Feature"},{"geometry":{"coordinates":[[[-118.00899,34.16445],[-118.00968,34.16542],[-118.01104,34.16541],[-118.0117,34.16443],[-118.01101,34.16346],[-118.00966,34.16347],[-118.00899,34.16445]]],"type":"Polygon"},"properties":{"bbox":{"roads":{"area":78.91,"pct":0.19}},"city_same":1,"id":"hex:2170:17463"},"type":"Feature"},{"geometry":{"coordinates":[[[-118.0083,34.10588],[-118.00718,34.10589],[-118.00734,34.10557],[-118.00884,34.10508],[-118.0083,34.10588]]],"type":"Polygon"},"properties":{"bbox":{"roads":{"area":350.31,"pct":5.26}},"id":"hex:2171:17432"},"type":"Feature"},{"geometry":{"coordinates":[[[-118.0083,34.10588],[-118.00898,34.10686],[-118.00832,34.10784],[-118.00696,34.10785],[-118.00627,34.10688],[-118.00684,34.10605],[-118.00707,34.10613],[-118.00718,34.10589],[-118.0083,34.10588]]],"type":"Polygon"},"properties":{"bbox":{"roads":{"area":4002.06,"pct":9.99},"sidewalks":{"area":190.56,"pct":0.48}},"city":{"roads":{"area":1793.39,"pct":4.47},"sidewalks":{"area":190.56,"pct":0.48}},"id":"hex:2171:17433"},"type":"Feature"},{"geometry":{"coordinates":[[[-118.00699,34.1098],[-118.0063,34.10883],[-118.00696,34.10785],[-118.00832,34.10784],[-118.00891,34.10867],[-118.00883,34.10875],[-118.00875,34.10899],[-118.00788,34.10979],[-118.00699,34.1098]]],"type":"Polygon"},"properties":{"bbox":{"roads":{"area":4326.61,"pct":11.47}},"city_same":1,"id":"hex:2171:17434"},"type":"Feature"},{"geometry":{"coordinates":[[[-118.00706,34.11566],[-118.00672,34.11519],[-118.00708,34.11518],[-118.00708,34.11451],[-118.00718,34.11451],[-118.00718,34.11566],[-118.00706,34.11566]]],"type":"Polygon"},"properties":{"bbox":{"roads":{"area":371.37,"pct":17.74}},"city_same":1,"id":"hex:2171:17437"},"type":"Feature"},{"geometry":{"coordinates":[[[-118.00639,34.11664],[-118.00706,34.11566],[-118.00718,34.11566],[-118.00718,34.1168],[-118.00681,34.1168],[-118.00681,34.11671],[-118.00644,34.11671],[-118.00639,34.11664]]],"type":"Polygon"},"properties":{"bbox":{"roads":{"area":219.88,"pct":4.02}},"city_same":1,"id":"hex:2171:17438"},"type":"Feature"},{"geometry":{"coordinates":[[[-118.0086,34.13126],[-118.00724,34.13128],[-118.00655,34.13031],[-118.0072,34.12935],[-118.00724,34.12935],[-118.00725,34.13033],[-118.00925,34.13031],[-118.0086,34.13126]]],"type":"Polygon"},"properties":{"bbox":{"roads":{"area":2505.6,"pct":10.77}},"city_same":1,"id":"hex:2171:17445"},"type":"Feature"},{"geometry":{"coordinates":[[[-118.00658,34.13226],[-118.00726,34.13323],[-118.00862,34.13322],[-118.00929,34.13224],[-118.0086,34.13126],[-118.00724,34.13128],[-118.00658,34.13226]]],"type":"Polygon"},"properties":{"bbox":{"roads":{"area":7087.58,"pct":17.46},"sidewalks":{"area":891.72,"pct":2.2}},"city":{"roads":{"area":3655.32,"pct":9},"sidewalks":{"area":891.72,"pct":2.2}},"id":"hex:2171:17446"},"type":"Feature"},{"geometry":{"coordinates":[[[-118.0066,34.13421],[-118.00729,34.13518],[-118.00864,34.13517],[-118.00931,34.13419],[-118.00862,34.13322],[-118.00726,34.13323],[-118.0066,34.13421]]],"type":"Polygon"},"properties":{"bbox":{"roads":{"area":2403.69,"pct":5.92},"sidewalks":{"area":26.12,"pct":0.06}},"city_same":1,"id":"hex:2171:17447"},"type":"Feature"},{"geometry":{"coordinates":[[[-118.00662,34.13616],[-118.00731,34.13713],[-118.00867,34.13712],[-118.00933,34.13614],[-118.00864,34.13517],[-118.00729,34.13518],[-118.00662,34.13616]]],"type":"Polygon"},"properties":{"bbox":{"roads":{"area":12763.23,"pct":31.44},"sidewalks":{"area":1078.33,"pct":2.66}},"city":{"roads":{"area":4709.57,"pct":11.6},"sidewalks":{"area":1078.33,"pct":2.66}},"id":"hex:2171:17448"},"type":"Feature"},{"geometry":{"coordinates":[[[-118.00664,34.13811],[-118.00733,34.13908],[-118.00869,34.13907],[-118.00936,34.13809],[-118.00867,34.13712],[-118.00731,34.13713],[-118.00664,34.13811]]],"type":"Polygon"},"properties":{"bbox":{"parking":{"area":248.99,"pct":0.61},"roads":{"area":4277.49,"pct":10.54},"sidewalks":{"area":324.91,"pct":0.8}},"city_same":1,"id":"hex:2171:17449"},"type":"Feature"},{"geometry":{"coordinates":[[[-118.00667,34.14007],[-118.00736,34.14104],[-118.00871,34.14103],[-118.00938,34.14004],[-118.00869,34.13907],[-118.00733,34.13908],[-118.00667,34.14007]]],"type":"Polygon"},"properties":{"bbox":{"roads":{"area":8958.89,"pct":22.07},"sidewalks":{"area":809.02,"pct":1.99}},"city":{"roads":{"area":6007.33,"pct":14.8},"sidewalks":{"area":809.02,"pct":1.99}},"id":"hex:2171:17450"},"type":"Feature"},{"geometry":{"coordinates":[[[-118.00669,34.14202],[-118.00738,34.14299],[-118.00874,34.14298],[-118.0094,34.142],[-118.00871,34.14103],[-118.00736,34.14104],[-118.00669,34.14202]]],"type":"Polygon"},"properties":{"bbox":{"roads":{"area":5823.59,"pct":14.35}},"city_same":1,"id":"hex:2171:17451"},"type":"Feature"},{"geometry":{"coordinates":[[[-118.00671,34.14397],[-118.0074,34.14494],[-118.00876,34.14493],[-118.00943,34.14395],[-118.00874,34.14298],[-118.00738,34.14299],[-118.00671,34.14397]]],"type":"Polygon"},"properties":{"bbox":{"roads":{"area":4361.6,"pct":10.74}},"city_same":1,"id":"hex:2171:17452"},"type":"Feature"},{"geometry":{"coordinates":[[[-118.00674,34.14592],[-118.00743,34.14689],[-118.00878,34.14688],[-118.00945,34.1459],[-118.00876,34.14493],[-118.0074,34.14494],[-118.00674,34.14592]]],"type":"Polygon"},"properties":{"bbox":{"roads":{"area":3705.62,"pct":9.13}},"city_same":1,"id":"hex:2171:17453"},"type":"Feature"},{"geometry":{"coordinates":[[[-118.00676,34.14788],[-118.00745,34.14885],[-118.00881,34.14884],[-118.00947,34.14785],[-118.00878,34.14688],[-118.00743,34.14689],[-118.00676,34.14788]]],"type":"Polygon"},"properties":{"bbox":{"roads":{"area":4357.17,"pct":10.73}},"city_same":1,"id":"hex:2171:17454"},"type":"Feature"},{"geometry":{"coordinates":[[[-118.00678,34.14983],[-118.00747,34.1508],[-118.00883,34.15079],[-118.00949,34.14981],[-118.00881,34.14884],[-118.00745,34.14885],[-118.00678,34.14983]]],"type":"Polygon"},"properties":{"bbox":{"roads":{"area":4319.31,"pct":10.64}},"city_same":1,"id":"hex:2171:17455"},"type":"Feature"},{"geometry":{"coordinates":[[[-118.00681,34.15178],[-118.0075,34.15275],[-118.00885,34.15274],[-118.00952,34.15176],[-118.00883,34.15079],[-118.00747,34.1508],[-118.00681,34.15178]]],"type":"Polygon"},"properties":{"bbox":{"roads":{"area":5777.45,"pct":14.23}},"city":{"roads":{"area":3072.09,"pct":7.57}},"id":"hex:2171:17456"},"type":"Feature"},{"geometry":{"coordinates":[[[-118.00683,34.15373],[-118.00752,34.1547],[-118.00888,34.15469],[-118.00954,34.15371],[-118.00885,34.15274],[-118.0075,34.15275],[-118.00683,34.15373]]],"type":"Polygon"},"properties":{"bbox":{"parking":{"area":2121.04,"pct":5.22},"roads":{"area":2120.41,"pct":5.22}},"city_same":1,"id":"hex:2171:17457"},"type":"Feature"},{"geometry":{"coordinates":[[[-118.00685,34.15569],[-118.00754,34.15666],[-118.0089,34.15664],[-118.00956,34.15566],[-118.00888,34.15469],[-118.00752,34.1547],[-118.00685,34.15569]]],"type":"Polygon"},"properties":{"bbox":{"roads":{"area":1876.67,"pct":4.62}},"city_same":1,"id":"hex:2171:17458"},"type":"Feature"},{"geometry":{"coordinates":[[[-118.00688,34.15764],[-118.00757,34.15861],[-118.00892,34.1586],[-118.00959,34.15762],[-118.0089,34.15664],[-118.00754,34.15666],[-118.00688,34.15764]]],"type":"Polygon"},"properties":{"bbox":{"roads":{"area":3541.17,"pct":8.72}},"city_same":1,"id":"hex:2171:17459"},"type":"Feature"},{"geometry":{"coordinates":[[[-118.0069,34.15959],[-118.00759,34.16056],[-118.00894,34.16055],[-118.00961,34.15957],[-118.00892,34.1586],[-118.00757,34.15861],[-118.0069,34.15959]]],"type":"Polygon"},"properties":{"bbox":{"roads":{"area":3884.41,"pct":9.57}},"city_same":1,"id":"hex:2171:17460"},"type":"Feature"},{"geometry":{"coordinates":[[[-118.00692,34.16154],[-118.00761,34.16251],[-118.00897,34.1625],[-118.00963,34.16152],[-118.00894,34.16055],[-118.00759,34.16056],[-118.00692,34.16154]]],"type":"Polygon"},"properties":{"bbox":{"roads":{"area":4038.76,"pct":9.95}},"city_same":1,"id":"hex:2171:17461"},"type":"Feature"},{"geometry":{"coordinates":[[[-118.00695,34.16349],[-118.00764,34.16446],[-118.00899,34.16445],[-118.00966,34.16347],[-118.00897,34.1625],[-118.00761,34.16251],[-118.00695,34.16349]]],"type":"Polygon"},"properties":{"bbox":{"roads":{"area":2863.69,"pct":7.05}},"city_same":1,"id":"hex:2171:17462"},"type":"Feature"},{"geometry":{"coordinates":[[[-118.00697,34.16545],[-118.00766,34.16642],[-118.00901,34.16641],[-118.00968,34.16542],[-118.00899,34.16445],[-118.00764,34.16446],[-118.00697,34.16545]]],"type":"Polygon"},"properties":{"bbox":{"roads":{"area":1096.09,"pct":2.7}},"city_same":1,"id":"hex:2171:17463"},"type":"Feature"},{"geometry":{"coordinates":[[[-118.00425,34.10787],[-118.00494,34.10884],[-118.0063,34.10883],[-118.00696,34.10785],[-118.00627,34.10688],[-118.00492,34.10689],[-118.00425,34.10787]]],"type":"Polygon"},"properties":{"bbox":{"roads":{"area":4002.2,"pct":9.86},"sidewalks":{"area":258.77,"pct":0.64}},"city":{"roads":{"area":1227.31,"pct":3.02},"sidewalks":{"area":258.77,"pct":0.64}},"id":"hex:2172:17434"},"type":"Feature"},{"geometry":{"coordinates":[[[-118.00428,34.10982],[-118.00494,34.10884],[-118.0063,34.10883],[-118.00699,34.1098],[-118.00658,34.11039],[-118.00508,34.1106],[-118.00499,34.11079],[-118.00497,34.11079],[-118.00475,34.11048],[-118.00516,34.10969],[-118.00463,34.10953],[-118.0044,34.10999],[-118.00428,34.10982]]],"type":"Polygon"},"properties":{"bbox":{"roads":{"area":5797.02,"pct":17.71},"sidewalks":{"area":352.1,"pct":1.08}},"city":{"roads":{"area":2572.41,"pct":7.86},"sidewalks":{"area":352.1,"pct":1.08}},"id":"hex:2172:17435"},"type":"Feature"},{"geometry":{"coordinates":[[[-118.00438,34.11189],[-118.00441,34.11161],[-118.00497,34.11079],[-118.00499,34.11079],[-118.00487,34.11106],[-118.00484,34.11105],[-118.00473,34.11134],[-118.00467,34.11154],[-118.00459,34.11194],[-118.00457,34.11215],[-118.00438,34.11189]]],"type":"Polygon"},"properties":{"bbox":{"roads":{"area":991.85,"pct":52.93},"sidewalks":{"area":132.68,"pct":7.08}},"city":{"roads":{"area":222.38,"pct":11.87},"sidewalks":{"area":132.68,"pct":7.08}},"id":"hex:2172:17436"},"type":"Feature"},{"geometry":{"coordinates":[[[-118.00706,34.11566],[-118.00639,34.11664],[-118.00503,34.11665],[-118.00476,34.11627],[-118.00524,34.1152],[-118.00552,34.1152],[-118.00672,34.11519],[-118.00706,34.11566]]],"type":"Polygon"},"properties":{"bbox":{"roads":{"area":1323.18,"pct":4.95}},"city_same":1,"id":"hex:2172:17438"},"type":"Feature"},{"geometry":{"coordinates":[[[-118.00503,34.11665],[-118.00639,34.11664],[-118.00644,34.11671],[-118.0057,34.11672],[-118.0057,34.11728],[-118.00608,34.11728],[-118.00609,34.11797],[-118.00647,34.11797],[-118.00647,34.11833],[-118.00607,34.11819],[-118.00498,34.11782],[-118.00521,34.11738],[-118.00468,34.11718],[-118.00503,34.11665]]],"type":"Polygon"},"properties":{"bbox":{"roads":{"area":1702.71,"pct":11.52}},"city_same":1,"id":"hex:2172:17439"},"type":"Feature"},{"geometry":{"coordinates":[[[-118.00655,34.13031],[-118.00617,34.13031],[-118.00672,34.12935],[-118.0072,34.12935],[-118.00655,34.13031]]],"type":"Polygon"},"properties":{"bbox":{"roads":{"area":216.47,"pct":5.18}},"city_same":1,"id":"hex:2172:17445"},"type":"Feature"},{"geometry":{"coordinates":[[[-118.00655,34.13031],[-118.00724,34.13128],[-118.00658,34.13226],[-118.00522,34.13227],[-118.00453,34.1313],[-118.00517,34.13035],[-118.00552,34.13035],[-118.00615,34.13034],[-118.00617,34.13031],[-118.00655,34.13031]]],"type":"Polygon"},"properties":{"bbox":{"roads":{"area":5331.66,"pct":13.25},"sidewalks":{"area":221.35,"pct":0.55}},"city":{"roads":{"area":3741.39,"pct":9.3},"sidewalks":{"area":221.35,"pct":0.55}},"id":"hex:2172:17446"},"type":"Feature"},{"geometry":{"coordinates":[[[-118.00455,34.13325],[-118.00524,34.13422],[-118.0066,34.13421],[-118.00726,34.13323],[-118.00658,34.13226],[-118.00522,34.13227],[-118.00455,34.13325]]],"type":"Polygon"},"properties":{"bbox":{"roads":{"area":4044.31,"pct":9.96},"sidewalks":{"area":991.38,"pct":2.44}},"city":{"roads":{"area":3882.97,"pct":9.57},"sidewalks":{"area":991.38,"pct":2.44}},"id":"hex:2172:17447"},"type":"Feature"},{"geometry":{"coordinates":[[[-118.00458,34.1352],[-118.00527,34.13617],[-118.00662,34.13616],[-118.00729,34.13518],[-118.0066,34.13421],[-118.00524,34.13422],[-118.00458,34.1352]]],"type":"Polygon"},"properties":{"bbox":{"parking":{"area":986.5,"pct":2.43},"roads":{"area":11465.7,"pct":28.24},"sidewalks":{"area":1086.79,"pct":2.68}},"city":{"parking":{"area":986.5,"pct":2.43},"roads":{"area":4088.96,"pct":10.07},"sidewalks":{"area":1086.79,"pct":2.68}},"id":"hex:2172:17448"},"type":"Feature"},{"geometry":{"coordinates":[[[-118.0046,34.13715],[-118.00529,34.13813],[-118.00664,34.13811],[-118.00731,34.13713],[-118.00662,34.13616],[-118.00527,34.13617],[-118.0046,34.13715]]],"type":"Polygon"},"properties":{"bbox":{"roads":{"area":4322.47,"pct":10.65}},"city_same":1,"id":"hex:2172:17449"},"type":"Feature"},{"geometry":{"coordinates":[[[-118.00462,34.13911],[-118.00531,34.14008],[-118.00667,34.14007],[-118.00733,34.13908],[-118.00664,34.13811],[-118.00529,34.13813],[-118.00462,34.13911]]],"type":"Polygon"},"properties":{"bbox":{"roads":{"area":6072.72,"pct":14.96},"sidewalks":{"area":116.97,"pct":0.29}},"city_same":1,"id":"hex:2172:17450"},"type":"Feature"},{"geometry":{"coordinates":[[[-118.00465,34.14106],[-118.00534,34.14203],[-118.00669,34.14202],[-118.00736,34.14104],[-118.00667,34.14007],[-118.00531,34.14008],[-118.00465,34.14106]]],"type":"Polygon"},"properties":{"bbox":{"roads":{"area":8351.03,"pct":20.57},"sidewalks":{"area":591.42,"pct":1.46}},"city":{"roads":{"area":5895.91,"pct":14.52},"sidewalks":{"area":591.42,"pct":1.46}},"id":"hex:2172:17451"},"type":"Feature"},{"geometry":{"coordinates":[[[-118.00467,34.14301],[-118.00536,34.14398],[-118.00671,34.14397],[-118.00738,34.14299],[-118.00669,34.14202],[-118.00534,34.14203],[-118.00467,34.14301]]],"type":"Polygon"},"properties":{"bbox":{"roads":{"area":4629.82,"pct":11.4}},"city_same":1,"id":"hex:2172:17452"},"type":"Feature"},{"geometry":{"coordinates":[[[-118.00469,34.14496],[-118.00538,34.14593],[-118.00674,34.14592],[-118.0074,34.14494],[-118.00671,34.14397],[-118.00536,34.14398],[-118.00469,34.14496]]],"type":"Polygon"},"properties":{"bbox":{"roads":{"area":4846.07,"pct":11.94}},"city_same":1,"id":"hex:2172:17453"},"type":"Feature"},{"geometry":{"coordinates":[[[-118.00472,34.14692],[-118.0054,34.14789],[-118.00676,34.14788],[-118.00743,34.14689],[-118.00674,34.14592],[-118.00538,34.14593],[-118.00472,34.14692]]],"type":"Polygon"},"properties":{"bbox":{"roads":{"area":3859.5,"pct":9.51}},"city_same":1,"id":"hex:2172:17454"},"type":"Feature"},{"geometry":{"coordinates":[[[-118.00474,34.14887],[-118.00543,34.14984],[-118.00678,34.14983],[-118.00745,34.14885],[-118.00676,34.14788],[-118.0054,34.14789],[-118.00474,34.14887]]],"type":"Polygon"},"properties":{"bbox":{"roads":{"area":4713.8,"pct":11.61},"sidewalks":{"area":16.03,"pct":0.04}},"city_same":1,"id":"hex:2172:17455"},"type":"Feature"},{"geometry":{"coordinates":[[[-118.00476,34.15082],[-118.00545,34.15179],[-118.00681,34.15178],[-118.00747,34.1508],[-118.00678,34.14983],[-118.00543,34.14984],[-118.00476,34.15082]]],"type":"Polygon"},"properties":{"bbox":{"roads":{"area":7193.65,"pct":17.72}},"city":{"roads":{"area":4522.8,"pct":11.14}},"id":"hex:2172:17456"},"type":"Feature"},{"geometry":{"coordinates":[[[-118.00478,34.15277],[-118.00547,34.15374],[-118.00683,34.15373],[-118.0075,34.15275],[-118.00681,34.15178],[-118.00545,34.15179],[-118.00478,34.15277]]],"type":"Polygon"},"properties":{"bbox":{"roads":{"area":3079.09,"pct":7.58}},"city_same":1,"id":"hex:2172:17457"},"type":"Feature"},{"geometry":{"coordinates":[[[-118.00481,34.15473],[-118.0055,34.1557],[-118.00685,34.15569],[-118.00752,34.1547],[-118.00683,34.15373],[-118.00547,34.15374],[-118.00481,34.15473]]],"type":"Polygon"},"properties":{"bbox":{"roads":{"area":2970.55,"pct":7.32}},"city_same":1,"id":"hex:2172:17458"},"type":"Feature"},{"geometry":{"coordinates":[[[-118.00483,34.15668],[-118.00552,34.15765],[-118.00688,34.15764],[-118.00754,34.15666],[-118.00685,34.15569],[-118.0055,34.1557],[-118.00483,34.15668]]],"type":"Polygon"},"properties":{"bbox":{"roads":{"area":3274.93,"pct":8.07}},"city_same":1,"id":"hex:2172:17459"},"type":"Feature"},{"geometry":{"coordinates":[[[-118.00485,34.15863],[-118.00554,34.1596],[-118.0069,34.15959],[-118.00757,34.15861],[-118.00688,34.15764],[-118.00552,34.15765],[-118.00485,34.15863]]],"type":"Polygon"},"properties":{"bbox":{"roads":{"area":4598.77,"pct":11.33}},"city_same":1,"id":"hex:2172:17460"},"type":"Feature"},{"geometry":{"coordinates":[[[-118.00488,34.16058],[-118.00557,34.16155],[-118.00692,34.16154],[-118.00759,34.16056],[-118.0069,34.15959],[-118.00554,34.1596],[-118.00488,34.16058]]],"type":"Polygon"},"properties":{"bbox":{"roads":{"area":3370.99,"pct":8.3}},"city_same":1,"id":"hex:2172:17461"},"type":"Feature"},{"geometry":{"coordinates":[[[-118.0049,34.16253],[-118.00559,34.16351],[-118.00695,34.16349],[-118.00761,34.16251],[-118.00692,34.16154],[-118.00557,34.16155],[-118.0049,34.16253]]],"type":"Polygon"},"properties":{"bbox":{"roads":{"area":2245.56,"pct":5.53}},"city_same":1,"id":"hex:2172:17462"},"type":"Feature"},{"geometry":{"coordinates":[[[-118.00492,34.16449],[-118.00561,34.16546],[-118.00697,34.16545],[-118.00764,34.16446],[-118.00695,34.16349],[-118.00559,34.16351],[-118.00492,34.16449]]],"type":"Polygon"},"properties":{"bbox":{"roads":{"area":2076.5,"pct":5.12}},"city_same":1,"id":"hex:2172:17463"},"type":"Feature"},{"geometry":{"coordinates":[[[-118.00495,34.16644],[-118.00564,34.16741],[-118.00699,34.1674],[-118.00766,34.16642],[-118.00697,34.16545],[-118.00561,34.16546],[-118.00495,34.16644]]],"type":"Polygon"},"properties":{"bbox":{"roads":{"area":264.83,"pct":0.65}},"city_same":1,"id":"hex:2172:17464"},"type":"Feature"},{"geometry":{"coordinates":[[[-118.0029,34.10788],[-118.00425,34.10787],[-118.00494,34.10884],[-118.00428,34.10982],[-118.00404,34.10982],[-118.00424,34.10942],[-118.00225,34.10884],[-118.0029,34.10788]]],"type":"Polygon"},"properties":{"bbox":{"roads":{"area":265.53,"pct":0.88}},"city_same":1,"id":"hex:2173:17434"},"type":"Feature"},{"geometry":{"coordinates":[[[[-118.00497,34.11079],[-118.00441,34.11161],[-118.00448,34.11098],[-118.00475,34.11048],[-118.00497,34.11079]]],[[[-118.00428,34.10982],[-118.0044,34.10999],[-118.00384,34.11107],[-118.00339,34.11115],[-118.00404,34.10982],[-118.00428,34.10982]]]],"type":"MultiPolygon"},"properties":{"bbox":{"roads":{"area":2235.37,"pct":28.21},"sidewalks":{"area":51.71,"pct":0.65}},"city":{"roads":{"area":1263.04,"pct":15.94},"sidewalks":{"area":51.71,"pct":0.65}},"id":"hex:2173:17435"},"type":"Feature"},{"geometry":{"coordinates":[[[-118.00432,34.11373],[-118.00418,34.11373],[-118.00438,34.11189],[-118.00457,34.11215],[-118.00439,34.11363],[-118.00432,34.11373]]],"type":"Polygon"},"properties":{"bbox":{"roads":{"area":961.21,"pct":26.72},"sidewalks":{"area":15.2,"pct":0.42}},"city_same":1,"id":"hex:2173:17436"},"type":"Feature"},{"geometry":{"coordinates":[[[-118.00396,34.11568],[-118.00418,34.11373],[-118.00432,34.11373],[-118.00437,34.11379],[-118.00415,34.11568],[-118.00396,34.11568]]],"type":"Polygon"},"properties":{"bbox":{"roads":{"area":1686.3,"pct":43.39}},"city_same":1,"id":"hex:2173:17437"},"type":"Feature"},{"geometry":{"coordinates":[[[-118.00244,34.11683],[-118.00377,34.11734],[-118.00396,34.11568],[-118.00415,34.11568],[-118.004,34.11689],[-118.00441,34.11705],[-118.00476,34.11627],[-118.00503,34.11665],[-118.00468,34.11718],[-118.00444,34.11709],[-118.00423,34.11753],[-118.00393,34.11743],[-118.00392,34.11764],[-118.00377,34.11764],[-118.00377,34.11745],[-118.00288,34.11745],[-118.00244,34.11683]]],"type":"Polygon"},"properties":{"bbox":{"roads":{"area":2337.41,"pct":19.36}},"city_same":1,"id":"hex:2173:17438"},"type":"Feature"},{"geometry":{"coordinates":[[[-118.00377,34.11959],[-118.00377,34.11764],[-118.00392,34.11764],[-118.00392,34.11851],[-118.00391,34.11959],[-118.00377,34.11959]]],"type":"Polygon"},"properties":{"bbox":{"roads":{"area":1612.04,"pct":54.06}},"city_same":1,"id":"hex:2173:17439"},"type":"Feature"},{"geometry":{"coordinates":[[[-118.00376,34.12154],[-118.00377,34.11959],[-118.00391,34.11959],[-118.00391,34.12154],[-118.00376,34.12154]]],"type":"Polygon"},"properties":{"bbox":{"roads":{"area":1536.31,"pct":52.42}},"city_same":1,"id":"hex:2173:17440"},"type":"Feature"},{"geometry":{"coordinates":[[[-118.00376,34.12349],[-118.00376,34.12154],[-118.00391,34.12154],[-118.00391,34.12211],[-118.0039,34.12349],[-118.00376,34.12349]]],"type":"Polygon"},"properties":{"bbox":{"roads":{"area":1560.59,"pct":53.95}},"city_same":1,"id":"hex:2173:17441"},"type":"Feature"},{"geometry":{"coordinates":[[[-118.00311,34.12545],[-118.00273,34.12492],[-118.00375,34.12492],[-118.00375,34.12455],[-118.00376,34.12349],[-118.0039,34.12349],[-118.00389,34.12545],[-118.00311,34.12545]]],"type":"Polygon"},"properties":{"bbox":{"roads":{"area":1991.72,"pct":26.87}},"city_same":1,"id":"hex:2173:17442"},"type":"Feature"},{"geometry":{"coordinates":[[[-118.00313,34.1274],[-118.00244,34.12643],[-118.00311,34.12545],[-118.00389,34.12545],[-118.00389,34.1274],[-118.00313,34.1274]]],"type":"Polygon"},"properties":{"bbox":{"roads":{"area":2376.89,"pct":10.72}},"city_same":1,"id":"hex:2173:17443"},"type":"Feature"},{"geometry":{"coordinates":[[[-118.00315,34.12936],[-118.00246,34.12839],[-118.00313,34.1274],[-118.00389,34.1274],[-118.00388,34.12935],[-118.00315,34.12936]]],"type":"Polygon"},"properties":{"bbox":{"roads":{"area":3208.13,"pct":14.87}},"city_same":1,"id":"hex:2173:17444"},"type":"Feature"},{"geometry":{"coordinates":[[[-118.00453,34.1313],[-118.00317,34.13131],[-118.00249,34.13034],[-118.00315,34.12936],[-118.00388,34.12935],[-118.00387,34.13036],[-118.00517,34.13035],[-118.00453,34.1313]]],"type":"Polygon"},"properties":{"bbox":{"roads":{"area":3358.13,"pct":11.05}},"city_same":1,"id":"hex:2173:17445"},"type":"Feature"},{"geometry":{"coordinates":[[[-118.00251,34.13229],[-118.0032,34.13326],[-118.00455,34.13325],[-118.00522,34.13227],[-118.00453,34.1313],[-118.00317,34.13131],[-118.00251,34.13229]]],"type":"Polygon"},"properties":{"bbox":{"parking":{"area":48.6,"pct":0.12},"roads":{"area":4560.81,"pct":11.23},"sidewalks":{"area":997.74,"pct":2.46}},"city":{"parking":{"area":48.6,"pct":0.12},"roads":{"area":2134.89,"pct":5.26},"sidewalks":{"area":997.74,"pct":2.46}},"id":"hex:2173:17446"},"type":"Feature"},{"geometry":{"coordinates":[[[-118.00253,34.13424],[-118.00322,34.13521],[-118.00458,34.1352],[-118.00524,34.13422],[-118.00455,34.13325],[-118.0032,34.13326],[-118.00253,34.13424]]],"type":"Polygon"},"properties":{"bbox":{"parking":{"area":4289,"pct":10.57},"roads":{"area":3354.15,"pct":8.26},"sidewalks":{"area":429.86,"pct":1.06}},"city":{"parking":{"area":4289,"pct":10.57},"roads":{"area":3132.34,"pct":7.72},"sidewalks":{"area":429.86,"pct":1.06}},"id":"hex:2173:17447"},"type":"Feature"},{"geometry":{"coordinates":[[[-118.00255,34.1362],[-118.00324,34.13717],[-118.0046,34.13715],[-118.00527,34.13617],[-118.00458,34.1352],[-118.00322,34.13521],[-118.00255,34.1362]]],"type":"Polygon"},"properties":{"bbox":{"roads":{"area":11370.17,"pct":28.01}},"city":{"roads":{"area":3839.28,"pct":9.46}},"id":"hex:2173:17448"},"type":"Feature"},{"geometry":{"coordinates":[[[-118.00258,34.13815],[-118.00327,34.13912],[-118.00462,34.13911],[-118.00529,34.13813],[-118.0046,34.13715],[-118.00324,34.13717],[-118.00258,34.13815]]],"type":"Polygon"},"properties":{"bbox":{"roads":{"area":3054.7,"pct":7.52}},"city_same":1,"id":"hex:2173:17449"},"type":"Feature"},{"geometry":{"coordinates":[[[-118.0026,34.1401],[-118.00329,34.14107],[-118.00465,34.14106],[-118.00531,34.14008],[-118.00462,34.13911],[-118.00327,34.13912],[-118.0026,34.1401]]],"type":"Polygon"},"properties":{"bbox":{"roads":{"area":9223.76,"pct":22.72},"sidewalks":{"area":6.57,"pct":0.02}},"city":{"roads":{"area":5995.56,"pct":14.77},"sidewalks":{"area":6.57,"pct":0.02}},"id":"hex:2173:17450"},"type":"Feature"},{"geometry":{"coordinates":[[[-118.00262,34.14205],[-118.00331,34.14302],[-118.00467,34.14301],[-118.00534,34.14203],[-118.00465,34.14106],[-118.00329,34.14107],[-118.00262,34.14205]]],"type":"Polygon"},"properties":{"bbox":{"roads":{"area":6373.27,"pct":15.7}},"city_same":1,"id":"hex:2173:17451"},"type":"Feature"},{"geometry":{"coordinates":[[[-118.00265,34.144],[-118.00334,34.14498],[-118.00469,34.14496],[-118.00536,34.14398],[-118.00467,34.14301],[-118.00331,34.14302],[-118.00265,34.144]]],"type":"Polygon"},"properties":{"bbox":{"roads":{"area":4249.95,"pct":10.47}},"city_same":1,"id":"hex:2173:17452"},"type":"Feature"},{"geometry":{"coordinates":[[[-118.00267,34.14596],[-118.00336,34.14693],[-118.00472,34.14692],[-118.00538,34.14593],[-118.00469,34.14496],[-118.00334,34.14498],[-118.00267,34.14596]]],"type":"Polygon"},"properties":{"bbox":{"roads":{"area":3846.24,"pct":9.47},"sidewalks":{"area":102.32,"pct":0.25}},"city_same":1,"id":"hex:2173:17453"},"type":"Feature"},{"geometry":{"coordinates":[[[-118.00269,34.14791],[-118.00338,34.14888],[-118.00474,34.14887],[-118.0054,34.14789],[-118.00472,34.14692],[-118.00336,34.14693],[-118.00269,34.14791]]],"type":"Polygon"},"properties":{"bbox":{"roads":{"area":4829.24,"pct":11.9},"sidewalks":{"area":251.71,"pct":0.62}},"city_same":1,"id":"hex:2173:17454"},"type":"Feature"},{"geometry":{"coordinates":[[[-118.00272,34.14986],[-118.00341,34.15083],[-118.00476,34.15082],[-118.00543,34.14984],[-118.00474,34.14887],[-118.00338,34.14888],[-118.00272,34.14986]]],"type":"Polygon"},"properties":{"bbox":{"roads":{"area":4228.86,"pct":10.42},"sidewalks":{"area":213.62,"pct":0.53}},"city_same":1,"id":"hex:2173:17455"},"type":"Feature"},{"geometry":{"coordinates":[[[-118.00274,34.15181],[-118.00343,34.15278],[-118.00478,34.15277],[-118.00545,34.15179],[-118.00476,34.15082],[-118.00341,34.15083],[-118.00274,34.15181]]],"type":"Polygon"},"properties":{"bbox":{"roads":{"area":6516.96,"pct":16.05},"sidewalks":{"area":23.06,"pct":0.06}},"city":{"roads":{"area":3822.97,"pct":9.42},"sidewalks":{"area":23.06,"pct":0.06}},"id":"hex:2173:17456"},"type":"Feature"},{"geometry":{"coordinates":[[[-118.00276,34.15377],[-118.00345,34.15474],[-118.00481,34.15473],[-118.00547,34.15374],[-118.00478,34.15277],[-118.00343,34.15278],[-118.00276,34.15377]]],"type":"Polygon"},"properties":{"bbox":{"roads":{"area":2131.73,"pct":5.25}},"city_same":1,"id":"hex:2173:17457"},"type":"Feature"},{"geometry":{"coordinates":[[[-118.00279,34.15572],[-118.00347,34.15669],[-118.00483,34.15668],[-118.0055,34.1557],[-118.00481,34.15473],[-118.00345,34.15474],[-118.00279,34.15572]]],"type":"Polygon"},"properties":{"bbox":{"roads":{"area":3617.75,"pct":8.91}},"city_same":1,"id":"hex:2173:17458"},"type":"Feature"},{"geometry":{"coordinates":[[[-118.00281,34.15767],[-118.0035,34.15864],[-118.00485,34.15863],[-118.00552,34.15765],[-118.00483,34.15668],[-118.00347,34.15669],[-118.00281,34.15767]]],"type":"Polygon"},"properties":{"bbox":{"roads":{"area":2784.52,"pct":6.86}},"city_same":1,"id":"hex:2173:17459"},"type":"Feature"},{"geometry":{"coordinates":[[[-118.00283,34.15962],[-118.00352,34.16059],[-118.00488,34.16058],[-118.00554,34.1596],[-118.00485,34.15863],[-118.0035,34.15864],[-118.00283,34.15962]]],"type":"Polygon"},"properties":{"bbox":{"roads":{"area":3205.88,"pct":7.9}},"city_same":1,"id":"hex:2173:17460"},"type":"Feature"},{"geometry":{"coordinates":[[[-118.00285,34.16158],[-118.00354,34.16255],[-118.0049,34.16253],[-118.00557,34.16155],[-118.00488,34.16058],[-118.00352,34.16059],[-118.00285,34.16158]]],"type":"Polygon"},"properties":{"bbox":{"roads":{"area":1388.6,"pct":3.42}},"city_same":1,"id":"hex:2173:17461"},"type":"Feature"},{"geometry":{"coordinates":[[[-118.00288,34.16353],[-118.00357,34.1645],[-118.00492,34.16449],[-118.00559,34.16351],[-118.0049,34.16253],[-118.00354,34.16255],[-118.00288,34.16353]]],"type":"Polygon"},"properties":{"bbox":{"roads":{"area":1768.65,"pct":4.36}},"city_same":1,"id":"hex:2173:17462"},"type":"Feature"},{"geometry":{"coordinates":[[[-118.0029,34.16548],[-118.00359,34.16645],[-118.00495,34.16644],[-118.00561,34.16546],[-118.00492,34.16449],[-118.00357,34.1645],[-118.0029,34.16548]]],"type":"Polygon"},"properties":{"bbox":{"roads":{"area":1474.44,"pct":3.63}},"city_same":1,"id":"hex:2173:17463"},"type":"Feature"},{"geometry":{"coordinates":[[[-118.00097,34.11668],[-118.00071,34.11631],[-118.00084,34.11622],[-118.00203,34.11667],[-118.00097,34.11668]]],"type":"Polygon"},"properties":{"bbox":{"roads":{"area":733.27,"pct":25.08}},"city":{"roads":{"area":531.91,"pct":18.19}},"id":"hex:2174:17438"},"type":"Feature"},{"geometry":{"coordinates":[[[-118.0003,34.11766],[-118.00097,34.11668],[-118.00203,34.11667],[-118.00244,34.11683],[-118.00288,34.11745],[-118.00132,34.11745],[-118.00132,34.11795],[-118.00051,34.11795],[-118.0003,34.11766]]],"type":"Polygon"},"properties":{"bbox":{"roads":{"area":2504.79,"pct":12.82}},"city":{"roads":{"area":1671.7,"pct":8.56}},"id":"hex:2174:17439"},"type":"Feature"},{"geometry":{"coordinates":[[[-118.00311,34.12545],[-118.00244,34.12643],[-118.00108,34.12644],[-118.00039,34.12547],[-118.00077,34.12493],[-118.00162,34.12492],[-118.00273,34.12492],[-118.00311,34.12545]]],"type":"Polygon"},"properties":{"bbox":{"roads":{"area":4769.23,"pct":14.36}},"city":{"roads":{"area":2485.87,"pct":7.48}},"id":"hex:2174:17443"},"type":"Feature"},{"geometry":{"coordinates":[[[-118.00042,34.12743],[-118.00111,34.1284],[-118.00246,34.12839],[-118.00313,34.1274],[-118.00244,34.12643],[-118.00108,34.12644],[-118.00042,34.12743]]],"type":"Polygon"},"properties":{"bbox":{"roads":{"area":6161.52,"pct":15.18}},"city":{"roads":{"area":3057.22,"pct":7.53}},"id":"hex:2174:17444"},"type":"Feature"},{"geometry":{"coordinates":[[[-118.00044,34.12938],[-118.00113,34.13035],[-118.00249,34.13034],[-118.00315,34.12936],[-118.00246,34.12839],[-118.00111,34.1284],[-118.00044,34.12938]]],"type":"Polygon"},"properties":{"bbox":{"roads":{"area":6626.67,"pct":16.32}},"city":{"roads":{"area":3286.16,"pct":8.09}},"id":"hex:2174:17445"},"type":"Feature"},{"geometry":{"coordinates":[[[-118.00046,34.13133],[-118.00115,34.1323],[-118.00251,34.13229],[-118.00317,34.13131],[-118.00249,34.13034],[-118.00113,34.13035],[-118.00046,34.13133]]],"type":"Polygon"},"properties":{"bbox":{"parking":{"area":551.47,"pct":1.36},"roads":{"area":7041.08,"pct":17.34},"sidewalks":{"area":317.3,"pct":0.78}},"city":{"parking":{"area":551.47,"pct":1.36},"roads":{"area":2254.69,"pct":5.55},"sidewalks":{"area":317.3,"pct":0.78}},"id":"hex:2174:17446"},"type":"Feature"},{"geometry":{"coordinates":[[[-118.00049,34.13328],[-118.00118,34.13425],[-118.00253,34.13424],[-118.0032,34.13326],[-118.00251,34.13229],[-118.00115,34.1323],[-118.00049,34.13328]]],"type":"Polygon"},"properties":{"bbox":{"parking":{"area":128.24,"pct":0.32},"roads":{"area":5381.55,"pct":13.26},"sidewalks":{"area":793.68,"pct":1.96}},"city":{"parking":{"area":128.24,"pct":0.32},"roads":{"area":3673.87,"pct":9.05},"sidewalks":{"area":793.68,"pct":1.96}},"id":"hex:2174:17447"},"type":"Feature"},{"geometry":{"coordinates":[[[-118.00051,34.13524],[-118.0012,34.13621],[-118.00255,34.1362],[-118.00322,34.13521],[-118.00253,34.13424],[-118.00118,34.13425],[-118.00051,34.13524]]],"type":"Polygon"},"properties":{"bbox":{"roads":{"area":13674.6,"pct":33.69}},"city":{"roads":{"area":2179.11,"pct":5.37}},"id":"hex:2174:17448"},"type":"Feature"},{"geometry":{"coordinates":[[[-118.00053,34.13719],[-118.00122,34.13816],[-118.00258,34.13815],[-118.00324,34.13717],[-118.00255,34.1362],[-118.0012,34.13621],[-118.00053,34.13719]]],"type":"Polygon"},"properties":{"bbox":{"roads":{"area":5618.47,"pct":13.84}},"city":{"roads":{"area":4351.57,"pct":10.72}},"id":"hex:2174:17449"},"type":"Feature"},{"geometry":{"coordinates":[[[-118.00056,34.13914],[-118.00125,34.14011],[-118.0026,34.1401],[-118.00327,34.13912],[-118.00258,34.13815],[-118.00122,34.13816],[-118.00056,34.13914]]],"type":"Polygon"},"properties":{"bbox":{"roads":{"area":5861.61,"pct":14.44}},"city":{"roads":{"area":4686.83,"pct":11.55}},"id":"hex:2174:17450"},"type":"Feature"},{"geometry":{"coordinates":[[[-118.00058,34.14109],[-118.00127,34.14206],[-118.00262,34.14205],[-118.00329,34.14107],[-118.0026,34.1401],[-118.00125,34.14011],[-118.00058,34.14109]]],"type":"Polygon"},"properties":{"bbox":{"roads":{"area":8941.34,"pct":22.03}},"city":{"roads":{"area":4568.98,"pct":11.26}},"id":"hex:2174:17451"},"type":"Feature"},{"geometry":{"coordinates":[[[-118.0006,34.14304],[-118.00129,34.14402],[-118.00265,34.144],[-118.00331,34.14302],[-118.00262,34.14205],[-118.00127,34.14206],[-118.0006,34.14304]]],"type":"Polygon"},"properties":{"bbox":{"roads":{"area":5525.85,"pct":13.61}},"city":{"roads":{"area":4821.83,"pct":11.88}},"id":"hex:2174:17452"},"type":"Feature"},{"geometry":{"coordinates":[[[-118.00063,34.145],[-118.00131,34.14597],[-118.00267,34.14596],[-118.00334,34.14498],[-118.00265,34.144],[-118.00129,34.14402],[-118.00063,34.145]]],"type":"Polygon"},"properties":{"bbox":{"roads":{"area":5777.86,"pct":14.23},"sidewalks":{"area":858.34,"pct":2.11}},"city":{"roads":{"area":5063.1,"pct":12.47},"sidewalks":{"area":858.34,"pct":2.11}},"id":"hex:2174:17453"},"type":"Feature"},{"geometry":{"coordinates":[[[-118.00065,34.14695],[-118.00134,34.14792],[-118.00269,34.14791],[-118.00336,34.14693],[-118.00267,34.14596],[-118.00131,34.14597],[-118.00065,34.14695]]],"type":"Polygon"},"properties":{"bbox":{"roads":{"area":4485.28,"pct":11.05},"sidewalks":{"area":582.09,"pct":1.43}},"city":{"roads":{"area":3751.33,"pct":9.24},"sidewalks":{"area":582.09,"pct":1.43}},"id":"hex:2174:17454"},"type":"Feature"},{"geometry":{"coordinates":[[[-118.00067,34.1489],[-118.00136,34.14987],[-118.00272,34.14986],[-118.00338,34.14888],[-118.00269,34.14791],[-118.00134,34.14792],[-118.00067,34.1489]]],"type":"Polygon"},"properties":{"bbox":{"roads":{"area":4775.7,"pct":11.76},"sidewalks":{"area":1458.45,"pct":3.59}},"city":{"roads":{"area":3853.67,"pct":9.49},"sidewalks":{"area":1458.45,"pct":3.59}},"id":"hex:2174:17455"},"type":"Feature"},{"geometry":{"coordinates":[[[-118.00069,34.15085],[-118.00138,34.15182],[-118.00274,34.15181],[-118.00341,34.15083],[-118.00272,34.14986],[-118.00136,34.14987],[-118.00069,34.15085]]],"type":"Polygon"},"properties":{"bbox":{"parking":{"area":8156.34,"pct":20.09},"roads":{"area":9116.41,"pct":22.46},"sidewalks":{"area":589.5,"pct":1.45}},"city":{"parking":{"area":8156.34,"pct":20.09},"roads":{"area":4599.27,"pct":11.33},"sidewalks":{"area":589.5,"pct":1.45}},"id":"hex:2174:17456"},"type":"Feature"},{"geometry":{"coordinates":[[[-118.00072,34.15281],[-118.00141,34.15378],[-118.00276,34.15377],[-118.00343,34.15278],[-118.00274,34.15181],[-118.00138,34.15182],[-118.00072,34.15281]]],"type":"Polygon"},"properties":{"bbox":{"roads":{"area":2883.72,"pct":7.1}},"city_same":1,"id":"hex:2174:17457"},"type":"Feature"},{"geometry":{"coordinates":[[[-118.00074,34.15476],[-118.00143,34.15573],[-118.00279,34.15572],[-118.00345,34.15474],[-118.00276,34.15377],[-118.00141,34.15378],[-118.00074,34.15476]]],"type":"Polygon"},"properties":{"bbox":{"roads":{"area":3383.22,"pct":8.33}},"city_same":1,"id":"hex:2174:17458"},"type":"Feature"},{"geometry":{"coordinates":[[[-118.00076,34.15671],[-118.00145,34.15768],[-118.00281,34.15767],[-118.00347,34.15669],[-118.00279,34.15572],[-118.00143,34.15573],[-118.00076,34.15671]]],"type":"Polygon"},"properties":{"bbox":{"roads":{"area":3139.77,"pct":7.73}},"city_same":1,"id":"hex:2174:17459"},"type":"Feature"},{"geometry":{"coordinates":[[[-118.00079,34.15866],[-118.00148,34.15963],[-118.00283,34.15962],[-118.0035,34.15864],[-118.00281,34.15767],[-118.00145,34.15768],[-118.00079,34.15866]]],"type":"Polygon"},"properties":{"bbox":{"roads":{"area":3288.1,"pct":8.1}},"city_same":1,"id":"hex:2174:17460"},"type":"Feature"},{"geometry":{"coordinates":[[[-118.00081,34.16062],[-118.0015,34.16159],[-118.00285,34.16158],[-118.00352,34.16059],[-118.00283,34.15962],[-118.00148,34.15963],[-118.00081,34.16062]]],"type":"Polygon"},"properties":{"bbox":{"roads":{"area":2858.5,"pct":7.04}},"city_same":1,"id":"hex:2174:17461"},"type":"Feature"},{"geometry":{"coordinates":[[[-118.00083,34.16257],[-118.00152,34.16354],[-118.00288,34.16353],[-118.00354,34.16255],[-118.00285,34.16158],[-118.0015,34.16159],[-118.00083,34.16257]]],"type":"Polygon"},"properties":{"bbox":{"roads":{"area":3380.63,"pct":8.33}},"city_same":1,"id":"hex:2174:17462"},"type":"Feature"},{"geometry":{"coordinates":[[[-118.00086,34.16452],[-118.00154,34.16549],[-118.0029,34.16548],[-118.00357,34.1645],[-118.00288,34.16353],[-118.00152,34.16354],[-118.00086,34.16452]]],"type":"Polygon"},"properties":{"bbox":{"roads":{"area":2840.68,"pct":7}},"city_same":1,"id":"hex:2174:17463"},"type":"Feature"},{"geometry":{"coordinates":[[[-118.00088,34.16647],[-118.00157,34.16744],[-118.00292,34.16743],[-118.00359,34.16645],[-118.0029,34.16548],[-118.00154,34.16549],[-118.00088,34.16647]]],"type":"Polygon"},"properties":{"bbox":{"roads":{"area":1997.91,"pct":4.92}},"city_same":1,"id":"hex:2174:17464"},"type":"Feature"},{"geometry":{"coordinates":[[[-117.99856,34.11714],[-117.99905,34.11696],[-118.00032,34.1165],[-118.00062,34.11637],[-118.00071,34.11631],[-118.00097,34.11668],[-118.0003,34.11766],[-117.99954,34.11767],[-117.99956,34.11764],[-117.99893,34.11765],[-117.99856,34.11714]]],"type":"Polygon"},"properties":{"bbox":{"roads":{"area":3707.42,"pct":19.69}},"city_same":1,"id":"hex:2175:17438"},"type":"Feature"},{"geometry":{"coordinates":[[[-118.0003,34.11766],[-118.00051,34.11795],[-117.99943,34.11796],[-117.9995,34.11776],[-117.99954,34.11767],[-118.0003,34.11766]]],"type":"Polygon"},"properties":{"bbox":{"roads":{"area":146.71,"pct":5.44}},"city_same":1,"id":"hex:2175:17439"},"type":"Feature"},{"geometry":{"coordinates":[[[-118.00039,34.12547],[-117.99981,34.12548],[-117.99994,34.12493],[-118.00077,34.12493],[-118.00039,34.12547]]],"type":"Polygon"},"properties":{"bbox":{"roads":{"area":435.92,"pct":10.99}},"city_same":1,"id":"hex:2175:17442"},"type":"Feature"},{"geometry":{"coordinates":[[[-118.00039,34.12547],[-118.00108,34.12644],[-118.00042,34.12743],[-117.99933,34.12744],[-117.99981,34.12548],[-118.00039,34.12547]]],"type":"Polygon"},"properties":{"bbox":{"roads":{"area":1591.88,"pct":6.77}},"city_same":1,"id":"hex:2175:17443"},"type":"Feature"},{"geometry":{"coordinates":[[[-118.00042,34.12743],[-118.00111,34.1284],[-118.00044,34.12938],[-117.99909,34.12939],[-117.9984,34.12842],[-117.99893,34.12764],[-117.99926,34.12773],[-117.99933,34.12744],[-118.00042,34.12743]]],"type":"Polygon"},"properties":{"bbox":{"roads":{"area":2543.18,"pct":6.39}},"city_same":1,"id":"hex:2175:17444"},"type":"Feature"},{"geometry":{"coordinates":[[[-117.99842,34.13037],[-117.99911,34.13134],[-118.00046,34.13133],[-118.00113,34.13035],[-118.00044,34.12938],[-117.99909,34.12939],[-117.99842,34.13037]]],"type":"Polygon"},"properties":{"bbox":{"roads":{"area":5487.82,"pct":13.52}},"city_same":1,"id":"hex:2175:17445"},"type":"Feature"},{"geometry":{"coordinates":[[[-117.99844,34.13232],[-117.99913,34.13329],[-118.00049,34.13328],[-118.00115,34.1323],[-118.00046,34.13133],[-117.99911,34.13134],[-117.99844,34.13232]]],"type":"Polygon"},"properties":{"bbox":{"roads":{"area":7420.91,"pct":18.28},"sidewalks":{"area":69.24,"pct":0.17}},"city":{"roads":{"area":5765.01,"pct":14.2},"sidewalks":{"area":69.24,"pct":0.17}},"id":"hex:2175:17446"},"type":"Feature"},{"geometry":{"coordinates":[[[-117.99847,34.13428],[-117.99915,34.13525],[-118.00051,34.13524],[-118.00118,34.13425],[-118.00049,34.13328],[-117.99913,34.13329],[-117.99847,34.13428]]],"type":"Polygon"},"properties":{"bbox":{"roads":{"area":6380.88,"pct":15.72},"sidewalks":{"area":59.26,"pct":0.15}},"city":{"roads":{"area":3857.59,"pct":9.5},"sidewalks":{"area":59.26,"pct":0.15}},"id":"hex:2175:17447"},"type":"Feature"},{"geometry":{"coordinates":[[[-117.99849,34.13623],[-117.99918,34.1372],[-118.00053,34.13719],[-118.0012,34.13621],[-118.00051,34.13524],[-117.99915,34.13525],[-117.99849,34.13623]]],"type":"Polygon"},"properties":{"bbox":{"roads":{"area":10616.69,"pct":26.15}},"city":{"roads":{"area":2117.84,"pct":5.22}},"id":"hex:2175:17448"},"type":"Feature"},{"geometry":{"coordinates":[[[-117.99851,34.13818],[-117.9992,34.13915],[-118.00056,34.13914],[-118.00122,34.13816],[-118.00053,34.13719],[-117.99918,34.1372],[-117.99851,34.13818]]],"type":"Polygon"},"properties":{"bbox":{"roads":{"area":5057.98,"pct":12.46}},"city":{"roads":{"area":3302.86,"pct":8.14}},"id":"hex:2175:17449"},"type":"Feature"},{"geometry":{"coordinates":[[[-117.99853,34.14013],[-117.99922,34.1411],[-118.00058,34.14109],[-118.00125,34.14011],[-118.00056,34.13914],[-117.9992,34.13915],[-117.99853,34.14013]]],"type":"Polygon"},"properties":{"bbox":{"parking":{"area":2170.79,"pct":5.35},"roads":{"area":8840.81,"pct":21.78}},"city":{"parking":{"area":2170.79,"pct":5.35},"roads":{"area":3686.95,"pct":9.08}},"id":"hex:2175:17450"},"type":"Feature"},{"geometry":{"coordinates":[[[-117.99856,34.14209],[-117.99925,34.14306],[-118.0006,34.14304],[-118.00127,34.14206],[-118.00058,34.14109],[-117.99922,34.1411],[-117.99856,34.14209]]],"type":"Polygon"},"properties":{"bbox":{"roads":{"area":6759.54,"pct":16.65}},"city":{"roads":{"area":4950.7,"pct":12.2}},"id":"hex:2175:17451"},"type":"Feature"},{"geometry":{"coordinates":[[[-117.99858,34.14404],[-117.99927,34.14501],[-118.00063,34.145],[-118.00129,34.14402],[-118.0006,34.14304],[-117.99925,34.14306],[-117.99858,34.14404]]],"type":"Polygon"},"properties":{"bbox":{"roads":{"area":5023.22,"pct":12.37},"sidewalks":{"area":960.2,"pct":2.37}},"city":{"roads":{"area":4159.04,"pct":10.25},"sidewalks":{"area":960.2,"pct":2.37}},"id":"hex:2175:17452"},"type":"Feature"},{"geometry":{"coordinates":[[[-117.9986,34.14599],[-117.99929,34.14696],[-118.00065,34.14695],[-118.00131,34.14597],[-118.00063,34.145],[-117.99927,34.14501],[-117.9986,34.14599]]],"type":"Polygon"},"properties":{"bbox":{"parking":{"area":9117.02,"pct":22.46},"roads":{"area":5976.62,"pct":14.72},"sidewalks":{"area":1151.45,"pct":2.84}},"city":{"parking":{"area":9117.02,"pct":22.46},"roads":{"area":5183.56,"pct":12.77},"sidewalks":{"area":1151.45,"pct":2.84}},"id":"hex:2175:17453"},"type":"Feature"},{"geometry":{"coordinates":[[[-117.99863,34.14794],[-117.99932,34.14891],[-118.00067,34.1489],[-118.00134,34.14792],[-118.00065,34.14695],[-117.99929,34.14696],[-117.99863,34.14794]]],"type":"Polygon"},"properties":{"bbox":{"parking":{"area":3482.85,"pct":8.58},"roads":{"area":4267.78,"pct":10.51},"sidewalks":{"area":1234.28,"pct":3.04}},"city":{"parking":{"area":3482.85,"pct":8.58},"roads":{"area":3474.27,"pct":8.56},"sidewalks":{"area":1234.28,"pct":3.04}},"id":"hex:2175:17454"},"type":"Feature"},{"geometry":{"coordinates":[[[-117.99865,34.14989],[-117.99934,34.15087],[-118.00069,34.15085],[-118.00136,34.14987],[-118.00067,34.1489],[-117.99932,34.14891],[-117.99865,34.14989]]],"type":"Polygon"},"properties":{"bbox":{"roads":{"area":5807.35,"pct":14.31},"sidewalks":{"area":326.71,"pct":0.8}},"city":{"roads":{"area":4183.17,"pct":10.3},"sidewalks":{"area":326.71,"pct":0.8}},"id":"hex:2175:17455"},"type":"Feature"},{"geometry":{"coordinates":[[[-117.99867,34.15185],[-117.99936,34.15282],[-118.00072,34.15281],[-118.00138,34.15182],[-118.00069,34.15085],[-117.99934,34.15087],[-117.99867,34.15185]]],"type":"Polygon"},"properties":{"bbox":{"parking":{"area":3506.94,"pct":8.64},"roads":{"area":6749.42,"pct":16.63},"sidewalks":{"area":14.45,"pct":0.04}},"city":{"parking":{"area":3506.94,"pct":8.64},"roads":{"area":3649.3,"pct":8.99},"sidewalks":{"area":14.45,"pct":0.04}},"id":"hex:2175:17456"},"type":"Feature"},{"geometry":{"coordinates":[[[-117.99869,34.1538],[-117.99938,34.15477],[-118.00074,34.15476],[-118.00141,34.15378],[-118.00072,34.15281],[-117.99936,34.15282],[-117.99869,34.1538]]],"type":"Polygon"},"properties":{"bbox":{"roads":{"area":3321.89,"pct":8.18}},"city_same":1,"id":"hex:2175:17457"},"type":"Feature"},{"geometry":{"coordinates":[[[-117.99872,34.15575],[-117.99941,34.15672],[-118.00076,34.15671],[-118.00143,34.15573],[-118.00074,34.15476],[-117.99938,34.15477],[-117.99872,34.15575]]],"type":"Polygon"},"properties":{"bbox":{"roads":{"area":2153.83,"pct":5.31}},"city_same":1,"id":"hex:2175:17458"},"type":"Feature"},{"geometry":{"coordinates":[[[-117.99874,34.1577],[-117.99943,34.15867],[-118.00079,34.15866],[-118.00145,34.15768],[-118.00076,34.15671],[-117.99941,34.15672],[-117.99874,34.1577]]],"type":"Polygon"},"properties":{"bbox":{"roads":{"area":2906.48,"pct":7.16}},"city_same":1,"id":"hex:2175:17459"},"type":"Feature"},{"geometry":{"coordinates":[[[-117.99876,34.15966],[-117.99945,34.16063],[-118.00081,34.16062],[-118.00148,34.15963],[-118.00079,34.15866],[-117.99943,34.15867],[-117.99876,34.15966]]],"type":"Polygon"},"properties":{"bbox":{"roads":{"area":3936.3,"pct":9.7}},"city_same":1,"id":"hex:2175:17460"},"type":"Feature"},{"geometry":{"coordinates":[[[-117.99879,34.16161],[-117.99948,34.16258],[-118.00083,34.16257],[-118.0015,34.16159],[-118.00081,34.16062],[-117.99945,34.16063],[-117.99879,34.16161]]],"type":"Polygon"},"properties":{"bbox":{"roads":{"area":3462.56,"pct":8.53}},"city_same":1,"id":"hex:2175:17461"},"type":"Feature"},{"geometry":{"coordinates":[[[-117.99881,34.16356],[-117.99948,34.16258],[-118.00083,34.16257],[-118.00152,34.16354],[-118.00086,34.16452],[-117.9995,34.16453],[-117.99929,34.16423],[-117.99942,34.1641],[-117.99917,34.16407],[-117.99881,34.16356]]],"type":"Polygon"},"properties":{"bbox":{"roads":{"area":1039.43,"pct":2.57}},"city_same":1,"id":"hex:2175:17462"},"type":"Feature"},{"geometry":{"coordinates":[[[-117.99883,34.16551],[-117.99952,34.16648],[-118.00088,34.16647],[-118.00154,34.16549],[-118.00086,34.16452],[-117.9995,34.16453],[-117.99883,34.16551]]],"type":"Polygon"},"properties":{"bbox":{"roads":{"area":3395.53,"pct":8.36}},"city_same":1,"id":"hex:2175:17463"},"type":"Feature"},{"geometry":{"coordinates":[[[-117.99886,34.16747],[-117.99955,34.16844],[-118.0009,34.16842],[-118.00157,34.16744],[-118.00088,34.16647],[-117.99952,34.16648],[-117.99886,34.16747]]],"type":"Polygon"},"properties":{"bbox":{"roads":{"area":900.74,"pct":2.22}},"city_same":1,"id":"hex:2175:17464"},"type":"Feature"},{"geometry":{"coordinates":[[[-117.99888,34.16942],[-117.99957,34.17039],[-118.00092,34.17038],[-118.00159,34.1694],[-118.0009,34.16842],[-117.99955,34.16844],[-117.99888,34.16942]]],"type":"Polygon"},"properties":{"bbox":{"roads":{"area":218.73,"pct":0.54}},"city_same":1,"id":"hex:2175:17465"},"type":"Feature"},{"geometry":{"coordinates":[[[-117.99693,34.11867],[-117.9964,34.11793],[-117.99651,34.11787],[-117.99678,34.11777],[-117.9969,34.11772],[-117.99856,34.11714],[-117.99893,34.11765],[-117.9984,34.11765],[-117.99804,34.11866],[-117.99693,34.11867]]],"type":"Polygon"},"properties":{"bbox":{"roads":{"area":2151.27,"pct":10.33}},"city_same":1,"id":"hex:2176:17439"},"type":"Feature"},{"geometry":{"coordinates":[[[-117.99693,34.11867],[-117.99804,34.11866],[-117.99791,34.11903],[-117.99766,34.11902],[-117.99746,34.11899],[-117.99683,34.11882],[-117.99693,34.11867]]],"type":"Polygon"},"properties":{"bbox":{"roads":{"area":478.17,"pct":14.27}},"city_same":1,"id":"hex:2176:17440"},"type":"Feature"},{"geometry":{"coordinates":[[[-117.9984,34.12842],[-117.99704,34.12843],[-117.99635,34.12746],[-117.99665,34.12702],[-117.99893,34.12764],[-117.9984,34.12842]]],"type":"Polygon"},"properties":{"bbox":{"roads":{"area":938.38,"pct":3.98}},"city_same":1,"id":"hex:2176:17444"},"type":"Feature"},{"geometry":{"coordinates":[[[-117.99637,34.12941],[-117.99706,34.13038],[-117.99842,34.13037],[-117.99909,34.12939],[-117.9984,34.12842],[-117.99704,34.12843],[-117.99637,34.12941]]],"type":"Polygon"},"properties":{"bbox":{"roads":{"area":1754.01,"pct":4.32}},"city_same":1,"id":"hex:2176:17445"},"type":"Feature"},{"geometry":{"coordinates":[[[-117.9964,34.13136],[-117.99709,34.13233],[-117.99844,34.13232],[-117.99911,34.13134],[-117.99842,34.13037],[-117.99706,34.13038],[-117.9964,34.13136]]],"type":"Polygon"},"properties":{"bbox":{"roads":{"area":2597.44,"pct":6.4}},"city_same":1,"id":"hex:2176:17446"},"type":"Feature"},{"geometry":{"coordinates":[[[-117.99642,34.13332],[-117.99711,34.13429],[-117.99847,34.13428],[-117.99913,34.13329],[-117.99844,34.13232],[-117.99709,34.13233],[-117.99642,34.13332]]],"type":"Polygon"},"properties":{"bbox":{"roads":{"area":1980.24,"pct":4.88}},"city_same":1,"id":"hex:2176:17447"},"type":"Feature"},{"geometry":{"coordinates":[[[-117.99644,34.13527],[-117.99713,34.13624],[-117.99849,34.13623],[-117.99915,34.13525],[-117.99847,34.13428],[-117.99711,34.13429],[-117.99644,34.13527]]],"type":"Polygon"},"properties":{"bbox":{"roads":{"area":13046.15,"pct":32.14},"sidewalks":{"area":250.03,"pct":0.62}},"city":{"roads":{"area":3674.07,"pct":9.05},"sidewalks":{"area":250.03,"pct":0.62}},"id":"hex:2176:17448"},"type":"Feature"},{"geometry":{"coordinates":[[[-117.99647,34.13722],[-117.99716,34.13819],[-117.99851,34.13818],[-117.99918,34.1372],[-117.99849,34.13623],[-117.99713,34.13624],[-117.99647,34.13722]]],"type":"Polygon"},"properties":{"bbox":{"roads":{"area":3613.89,"pct":8.9}},"city_same":1,"id":"hex:2176:17449"},"type":"Feature"},{"geometry":{"coordinates":[[[-117.99649,34.13917],[-117.99718,34.14014],[-117.99853,34.14013],[-117.9992,34.13915],[-117.99851,34.13818],[-117.99716,34.13819],[-117.99649,34.13917]]],"type":"Polygon"},"properties":{"bbox":{"parking":{"area":2797.98,"pct":6.89},"roads":{"area":4544.48,"pct":11.19}},"city_same":1,"id":"hex:2176:17450"},"type":"Feature"},{"geometry":{"coordinates":[[[-117.99651,34.14113],[-117.9972,34.1421],[-117.99856,34.14209],[-117.99922,34.1411],[-117.99853,34.14013],[-117.99718,34.14014],[-117.99651,34.14113]]],"type":"Polygon"},"properties":{"bbox":{"parking":{"area":2307.37,"pct":5.68},"roads":{"area":7228.05,"pct":17.81}},"city":{"parking":{"area":2307.37,"pct":5.68},"roads":{"area":4786.75,"pct":11.79}},"id":"hex:2176:17451"},"type":"Feature"},{"geometry":{"coordinates":[[[-117.99654,34.14308],[-117.99722,34.14405],[-117.99858,34.14404],[-117.99925,34.14306],[-117.99856,34.14209],[-117.9972,34.1421],[-117.99654,34.14308]]],"type":"Polygon"},"properties":{"bbox":{"roads":{"area":5805.25,"pct":14.3}},"city_same":1,"id":"hex:2176:17452"},"type":"Feature"},{"geometry":{"coordinates":[[[-117.99656,34.14503],[-117.99725,34.146],[-117.9986,34.14599],[-117.99927,34.14501],[-117.99858,34.14404],[-117.99722,34.14405],[-117.99656,34.14503]]],"type":"Polygon"},"properties":{"bbox":{"roads":{"area":4637.21,"pct":11.42},"sidewalks":{"area":269.19,"pct":0.66}},"city_same":1,"id":"hex:2176:17453"},"type":"Feature"},{"geometry":{"coordinates":[[[-117.99658,34.14698],[-117.99727,34.14795],[-117.99863,34.14794],[-117.99929,34.14696],[-117.9986,34.14599],[-117.99725,34.146],[-117.99658,34.14698]]],"type":"Polygon"},"properties":{"bbox":{"roads":{"area":3799.27,"pct":9.36},"sidewalks":{"area":256.1,"pct":0.63}},"city_same":1,"id":"hex:2176:17454"},"type":"Feature"},{"geometry":{"coordinates":[[[-117.9966,34.14893],[-117.99729,34.14991],[-117.99865,34.14989],[-117.99932,34.14891],[-117.99863,34.14794],[-117.99727,34.14795],[-117.9966,34.14893]]],"type":"Polygon"},"properties":{"bbox":{"parking":{"area":253.59,"pct":0.62},"roads":{"area":4472.46,"pct":11.02},"sidewalks":{"area":169.33,"pct":0.42}},"city_same":1,"id":"hex:2176:17455"},"type":"Feature"},{"geometry":{"coordinates":[[[-117.99663,34.15089],[-117.99732,34.15186],[-117.99867,34.15185],[-117.99934,34.15087],[-117.99865,34.14989],[-117.99729,34.14991],[-117.99663,34.15089]]],"type":"Polygon"},"properties":{"bbox":{"parking":{"area":442,"pct":1.09},"roads":{"area":5325.25,"pct":13.12}},"city":{"parking":{"area":442,"pct":1.09},"roads":{"area":2701.59,"pct":6.66}},"id":"hex:2176:17456"},"type":"Feature"},{"geometry":{"coordinates":[[[-117.99665,34.15284],[-117.99734,34.15381],[-117.99869,34.1538],[-117.99936,34.15282],[-117.99867,34.15185],[-117.99732,34.15186],[-117.99665,34.15284]]],"type":"Polygon"},"properties":{"bbox":{"roads":{"area":2469.4,"pct":6.08}},"city_same":1,"id":"hex:2176:17457"},"type":"Feature"},{"geometry":{"coordinates":[[[-117.99667,34.15479],[-117.99736,34.15576],[-117.99872,34.15575],[-117.99938,34.15477],[-117.99869,34.1538],[-117.99734,34.15381],[-117.99667,34.15479]]],"type":"Polygon"},"properties":{"bbox":{"roads":{"area":2165.07,"pct":5.33}},"city_same":1,"id":"hex:2176:17458"},"type":"Feature"},{"geometry":{"coordinates":[[[-117.9967,34.15674],[-117.99739,34.15771],[-117.99874,34.1577],[-117.99941,34.15672],[-117.99872,34.15575],[-117.99736,34.15576],[-117.9967,34.15674]]],"type":"Polygon"},"properties":{"bbox":{"roads":{"area":3410.44,"pct":8.4}},"city_same":1,"id":"hex:2176:17459"},"type":"Feature"},{"geometry":{"coordinates":[[[-117.99672,34.1587],[-117.99741,34.15967],[-117.99876,34.15966],[-117.99943,34.15867],[-117.99874,34.1577],[-117.99739,34.15771],[-117.99672,34.1587]]],"type":"Polygon"},"properties":{"bbox":{"roads":{"area":2668.12,"pct":6.57}},"city_same":1,"id":"hex:2176:17460"},"type":"Feature"},{"geometry":{"coordinates":[[[-117.99674,34.16065],[-117.99743,34.16162],[-117.99879,34.16161],[-117.99945,34.16063],[-117.99876,34.15966],[-117.99741,34.15967],[-117.99674,34.16065]]],"type":"Polygon"},"properties":{"bbox":{"roads":{"area":3489.07,"pct":8.59}},"city_same":1,"id":"hex:2176:17461"},"type":"Feature"},{"geometry":{"coordinates":[[[-117.99676,34.1626],[-117.99745,34.16357],[-117.99881,34.16356],[-117.99948,34.16258],[-117.99879,34.16161],[-117.99743,34.16162],[-117.99676,34.1626]]],"type":"Polygon"},"properties":{"bbox":{"roads":{"area":1822.66,"pct":4.49}},"city_same":1,"id":"hex:2176:17462"},"type":"Feature"},{"geometry":{"coordinates":[[[-117.9995,34.16453],[-117.99883,34.16551],[-117.99748,34.16552],[-117.99679,34.16455],[-117.99745,34.16357],[-117.99881,34.16356],[-117.99917,34.16407],[-117.99912,34.16406],[-117.99902,34.16402],[-117.99892,34.16397],[-117.99871,34.16388],[-117.99844,34.16417],[-117.99819,34.16446],[-117.99793,34.16474],[-117.99784,34.16489],[-117.99777,34.16516],[-117.99837,34.16495],[-117.99876,34.1647],[-117.99912,34.1644],[-117.99929,34.16423],[-117.9995,34.16453]]],"type":"Polygon"},"properties":{"bbox":{"roads":{"area":618.84,"pct":1.92}},"city_same":1,"id":"hex:2176:17463"},"type":"Feature"},{"geometry":{"coordinates":[[[-117.99681,34.16651],[-117.9975,34.16748],[-117.99886,34.16747],[-117.99952,34.16648],[-117.99883,34.16551],[-117.99748,34.16552],[-117.99681,34.16651]]],"type":"Polygon"},"properties":{"bbox":{"roads":{"area":2800.39,"pct":6.9}},"city_same":1,"id":"hex:2176:17464"},"type":"Feature"},{"geometry":{"coordinates":[[[-117.99683,34.16846],[-117.99752,34.16943],[-117.99888,34.16942],[-117.99955,34.16844],[-117.99886,34.16747],[-117.9975,34.16748],[-117.99683,34.16846]]],"type":"Polygon"},"properties":{"bbox":{"roads":{"area":1448.42,"pct":3.57}},"city_same":1,"id":"hex:2176:17465"},"type":"Feature"},{"geometry":{"coordinates":[[[-117.99693,34.11867],[-117.99683,34.11882],[-117.99663,34.11876],[-117.996,34.11857],[-117.99566,34.11849],[-117.99579,34.11838],[-117.99599,34.1182],[-117.99614,34.11808],[-117.9963,34.11798],[-117.9964,34.11793],[-117.99693,34.11867]]],"type":"Polygon"},"properties":{"bbox":{"roads":{"area":908.77,"pct":16.42}},"city_same":1,"id":"hex:2177:17439"},"type":"Feature"},{"geometry":{"coordinates":[[[-117.99635,34.12746],[-117.99704,34.12843],[-117.99637,34.12941],[-117.9951,34.12942],[-117.99509,34.12918],[-117.99577,34.12746],[-117.99635,34.12746]]],"type":"Polygon"},"properties":{"bbox":{"roads":{"area":837.95,"pct":3.2}},"city_same":1,"id":"hex:2177:17444"},"type":"Feature"},{"geometry":{"coordinates":[[[-117.99637,34.12941],[-117.99706,34.13038],[-117.9964,34.13136],[-117.99504,34.13138],[-117.99437,34.13043],[-117.9951,34.13042],[-117.9951,34.12942],[-117.99637,34.12941]]],"type":"Polygon"},"properties":{"bbox":{"roads":{"area":2491.16,"pct":6.86},"sidewalks":{"area":128.97,"pct":0.36}},"city_same":1,"id":"hex:2177:17445"},"type":"Feature"},{"geometry":{"coordinates":[[[-117.99438,34.13236],[-117.99506,34.13333],[-117.99642,34.13332],[-117.99709,34.13233],[-117.9964,34.13136],[-117.99504,34.13138],[-117.99438,34.13236]]],"type":"Polygon"},"properties":{"bbox":{"roads":{"area":6120.41,"pct":15.08},"sidewalks":{"area":681.85,"pct":1.68}},"city_same":1,"id":"hex:2177:17446"},"type":"Feature"},{"geometry":{"coordinates":[[[-117.9944,34.13431],[-117.99509,34.13528],[-117.99644,34.13527],[-117.99711,34.13429],[-117.99642,34.13332],[-117.99506,34.13333],[-117.9944,34.13431]]],"type":"Polygon"},"properties":{"bbox":{"roads":{"area":6783.9,"pct":16.71},"sidewalks":{"area":710.63,"pct":1.75}},"city":{"roads":{"area":6614.12,"pct":16.29},"sidewalks":{"area":710.63,"pct":1.75}},"id":"hex:2177:17447"},"type":"Feature"},{"geometry":{"coordinates":[[[-117.99442,34.13626],[-117.99511,34.13723],[-117.99647,34.13722],[-117.99713,34.13624],[-117.99644,34.13527],[-117.99509,34.13528],[-117.99442,34.13626]]],"type":"Polygon"},"properties":{"bbox":{"roads":{"area":11350.45,"pct":27.96}},"city":{"roads":{"area":6128.22,"pct":15.1}},"id":"hex:2177:17448"},"type":"Feature"},{"geometry":{"coordinates":[[[-117.99444,34.13821],[-117.99513,34.13918],[-117.99649,34.13917],[-117.99716,34.13819],[-117.99647,34.13722],[-117.99511,34.13723],[-117.99444,34.13821]]],"type":"Polygon"},"properties":{"bbox":{"roads":{"area":5195.23,"pct":12.8}},"city_same":1,"id":"hex:2177:17449"},"type":"Feature"},{"geometry":{"coordinates":[[[-117.99447,34.14017],[-117.99516,34.14114],[-117.99651,34.14113],[-117.99718,34.14014],[-117.99649,34.13917],[-117.99513,34.13918],[-117.99447,34.14017]]],"type":"Polygon"},"properties":{"bbox":{"parking":{"area":6584,"pct":16.22},"roads":{"area":8609.82,"pct":21.21}},"city":{"parking":{"area":6584,"pct":16.22},"roads":{"area":5458.9,"pct":13.45}},"id":"hex:2177:17450"},"type":"Feature"},{"geometry":{"coordinates":[[[-117.99449,34.14212],[-117.99518,34.14309],[-117.99654,34.14308],[-117.9972,34.1421],[-117.99651,34.14113],[-117.99516,34.14114],[-117.99449,34.14212]]],"type":"Polygon"},"properties":{"bbox":{"roads":{"area":4789.78,"pct":11.8}},"city_same":1,"id":"hex:2177:17451"},"type":"Feature"},{"geometry":{"coordinates":[[[-117.99451,34.14407],[-117.9952,34.14504],[-117.99656,34.14503],[-117.99722,34.14405],[-117.99654,34.14308],[-117.99518,34.14309],[-117.99451,34.14407]]],"type":"Polygon"},"properties":{"bbox":{"roads":{"area":5366.97,"pct":13.22}},"city_same":1,"id":"hex:2177:17452"},"type":"Feature"},{"geometry":{"coordinates":[[[-117.99454,34.14602],[-117.99523,34.14699],[-117.99658,34.14698],[-117.99725,34.146],[-117.99656,34.14503],[-117.9952,34.14504],[-117.99454,34.14602]]],"type":"Polygon"},"properties":{"bbox":{"roads":{"area":4927.81,"pct":12.14}},"city_same":1,"id":"hex:2177:17453"},"type":"Feature"},{"geometry":{"coordinates":[[[-117.99456,34.14798],[-117.99525,34.14895],[-117.9966,34.14893],[-117.99727,34.14795],[-117.99658,34.14698],[-117.99523,34.14699],[-117.99456,34.14798]]],"type":"Polygon"},"properties":{"bbox":{"roads":{"area":4727.4,"pct":11.65}},"city_same":1,"id":"hex:2177:17454"},"type":"Feature"},{"geometry":{"coordinates":[[[-117.99458,34.14993],[-117.99527,34.1509],[-117.99663,34.15089],[-117.99729,34.14991],[-117.9966,34.14893],[-117.99525,34.14895],[-117.99458,34.14993]]],"type":"Polygon"},"properties":{"bbox":{"roads":{"area":4539.33,"pct":11.18}},"city_same":1,"id":"hex:2177:17455"},"type":"Feature"},{"geometry":{"coordinates":[[[-117.9946,34.15188],[-117.99529,34.15285],[-117.99665,34.15284],[-117.99732,34.15186],[-117.99663,34.15089],[-117.99527,34.1509],[-117.9946,34.15188]]],"type":"Polygon"},"properties":{"bbox":{"roads":{"area":5892.42,"pct":14.52}},"city":{"roads":{"area":2963.22,"pct":7.3}},"id":"hex:2177:17456"},"type":"Feature"},{"geometry":{"coordinates":[[[-117.99463,34.15383],[-117.99532,34.1548],[-117.99667,34.15479],[-117.99734,34.15381],[-117.99665,34.15284],[-117.99529,34.15285],[-117.99463,34.15383]]],"type":"Polygon"},"properties":{"bbox":{"roads":{"area":2817.34,"pct":6.94}},"city_same":1,"id":"hex:2177:17457"},"type":"Feature"},{"geometry":{"coordinates":[[[-117.99465,34.15578],[-117.99534,34.15676],[-117.9967,34.15674],[-117.99736,34.15576],[-117.99667,34.15479],[-117.99532,34.1548],[-117.99465,34.15578]]],"type":"Polygon"},"properties":{"bbox":{"roads":{"area":2456.13,"pct":6.05}},"city_same":1,"id":"hex:2177:17458"},"type":"Feature"},{"geometry":{"coordinates":[[[-117.99467,34.15774],[-117.99536,34.15871],[-117.99672,34.1587],[-117.99739,34.15771],[-117.9967,34.15674],[-117.99534,34.15676],[-117.99467,34.15774]]],"type":"Polygon"},"properties":{"bbox":{"roads":{"area":2981.38,"pct":7.34}},"city_same":1,"id":"hex:2177:17459"},"type":"Feature"},{"geometry":{"coordinates":[[[-117.9947,34.15969],[-117.99539,34.16066],[-117.99674,34.16065],[-117.99741,34.15967],[-117.99672,34.1587],[-117.99536,34.15871],[-117.9947,34.15969]]],"type":"Polygon"},"properties":{"bbox":{"roads":{"area":3626.3,"pct":8.93}},"city_same":1,"id":"hex:2177:17460"},"type":"Feature"},{"geometry":{"coordinates":[[[-117.99472,34.16164],[-117.99541,34.16261],[-117.99676,34.1626],[-117.99743,34.16162],[-117.99674,34.16065],[-117.99539,34.16066],[-117.99472,34.16164]]],"type":"Polygon"},"properties":{"bbox":{"roads":{"area":2965.38,"pct":7.3}},"city_same":1,"id":"hex:2177:17461"},"type":"Feature"},{"geometry":{"coordinates":[[[-117.99474,34.16359],[-117.99543,34.16456],[-117.99679,34.16455],[-117.99745,34.16357],[-117.99676,34.1626],[-117.99541,34.16261],[-117.99474,34.16359]]],"type":"Polygon"},"properties":{"bbox":{"roads":{"area":3230.82,"pct":7.96}},"city_same":1,"id":"hex:2177:17462"},"type":"Feature"},{"geometry":{"coordinates":[[[-117.99476,34.16555],[-117.99545,34.16652],[-117.99681,34.16651],[-117.99748,34.16552],[-117.99679,34.16455],[-117.99543,34.16456],[-117.99476,34.16555]]],"type":"Polygon"},"properties":{"bbox":{"roads":{"area":2185.39,"pct":5.38}},"city_same":1,"id":"hex:2177:17463"},"type":"Feature"},{"geometry":{"coordinates":[[[-117.99479,34.1675],[-117.99548,34.16847],[-117.99683,34.16846],[-117.9975,34.16748],[-117.99681,34.16651],[-117.99545,34.16652],[-117.99479,34.1675]]],"type":"Polygon"},"properties":{"bbox":{"roads":{"area":3402.09,"pct":8.38}},"city_same":1,"id":"hex:2177:17464"},"type":"Feature"},{"geometry":{"coordinates":[[[-117.99481,34.16945],[-117.9955,34.17042],[-117.99686,34.17041],[-117.99752,34.16943],[-117.99683,34.16846],[-117.99548,34.16847],[-117.99481,34.16945]]],"type":"Polygon"},"properties":{"bbox":{"roads":{"area":2131.19,"pct":5.25}},"city_same":1,"id":"hex:2177:17465"},"type":"Feature"},{"geometry":{"coordinates":[[[-117.99483,34.1714],[-117.99552,34.17237],[-117.99688,34.17236],[-117.99755,34.17138],[-117.99686,34.17041],[-117.9955,34.17042],[-117.99483,34.1714]]],"type":"Polygon"},"properties":{"bbox":{"roads":{"area":340.35,"pct":0.84}},"city_same":1,"id":"hex:2177:17466"},"type":"Feature"},{"geometry":{"coordinates":[[[-117.99486,34.17336],[-117.99552,34.17237],[-117.99688,34.17236],[-117.99757,34.17333],[-117.9969,34.17431],[-117.99555,34.17433],[-117.99517,34.1738],[-117.99525,34.17369],[-117.99532,34.17357],[-117.9951,34.17356],[-117.99505,34.17356],[-117.995,34.17355],[-117.99499,34.17355],[-117.99486,34.17336]]],"type":"Polygon"},"properties":{"bbox":{"roads":{"area":115.06,"pct":0.29}},"city_same":1,"id":"hex:2177:17467"},"type":"Feature"},{"geometry":{"coordinates":[[[-117.99504,34.13138],[-117.99438,34.13236],[-117.99302,34.13237],[-117.99233,34.1314],[-117.99297,34.13045],[-117.99437,34.13043],[-117.99504,34.13138]]],"type":"Polygon"},"properties":{"bbox":{"roads":{"area":4420.23,"pct":11},"sidewalks":{"area":45.07,"pct":0.11}},"city_same":1,"id":"hex:2178:17446"},"type":"Feature"},{"geometry":{"coordinates":[[[-117.99235,34.13335],[-117.99304,34.13432],[-117.9944,34.13431],[-117.99506,34.13333],[-117.99438,34.13236],[-117.99302,34.13237],[-117.99235,34.13335]]],"type":"Polygon"},"properties":{"bbox":{"parking":{"area":712.78,"pct":1.76},"roads":{"area":2742.13,"pct":6.75},"sidewalks":{"area":54.75,"pct":0.13}},"city_same":1,"id":"hex:2178:17447"},"type":"Feature"},{"geometry":{"coordinates":[[[-117.99238,34.1353],[-117.99307,34.13627],[-117.99442,34.13626],[-117.99509,34.13528],[-117.9944,34.13431],[-117.99304,34.13432],[-117.99238,34.1353]]],"type":"Polygon"},"properties":{"bbox":{"roads":{"area":13761.25,"pct":33.9},"sidewalks":{"area":318.33,"pct":0.78}},"city":{"roads":{"area":5548.64,"pct":13.67},"sidewalks":{"area":318.33,"pct":0.78}},"id":"hex:2178:17448"},"type":"Feature"},{"geometry":{"coordinates":[[[-117.9924,34.13725],[-117.99309,34.13822],[-117.99444,34.13821],[-117.99511,34.13723],[-117.99442,34.13626],[-117.99307,34.13627],[-117.9924,34.13725]]],"type":"Polygon"},"properties":{"bbox":{"roads":{"area":3860.49,"pct":9.51}},"city_same":1,"id":"hex:2178:17449"},"type":"Feature"},{"geometry":{"coordinates":[[[-117.99242,34.13921],[-117.99311,34.14018],[-117.99447,34.14017],[-117.99513,34.13918],[-117.99444,34.13821],[-117.99309,34.13822],[-117.99242,34.13921]]],"type":"Polygon"},"properties":{"bbox":{"parking":{"area":1569.81,"pct":3.87},"roads":{"area":3879.72,"pct":9.56}},"city_same":1,"id":"hex:2178:17450"},"type":"Feature"},{"geometry":{"coordinates":[[[-117.99245,34.14116],[-117.99313,34.14213],[-117.99449,34.14212],[-117.99516,34.14114],[-117.99447,34.14017],[-117.99311,34.14018],[-117.99245,34.14116]]],"type":"Polygon"},"properties":{"bbox":{"parking":{"area":95.04,"pct":0.23},"roads":{"area":7072.54,"pct":17.42}},"city":{"parking":{"area":95.04,"pct":0.23},"roads":{"area":4568.5,"pct":11.25}},"id":"hex:2178:17451"},"type":"Feature"},{"geometry":{"coordinates":[[[-117.99247,34.14311],[-117.99316,34.14408],[-117.99451,34.14407],[-117.99518,34.14309],[-117.99449,34.14212],[-117.99313,34.14213],[-117.99247,34.14311]]],"type":"Polygon"},"properties":{"bbox":{"roads":{"area":3411.03,"pct":8.4}},"city_same":1,"id":"hex:2178:17452"},"type":"Feature"},{"geometry":{"coordinates":[[[-117.99249,34.14506],[-117.99318,34.14603],[-117.99454,34.14602],[-117.9952,34.14504],[-117.99451,34.14407],[-117.99316,34.14408],[-117.99249,34.14506]]],"type":"Polygon"},"properties":{"bbox":{"roads":{"area":4569.3,"pct":11.26}},"city_same":1,"id":"hex:2178:17453"},"type":"Feature"},{"geometry":{"coordinates":[[[-117.99251,34.14702],[-117.9932,34.14799],[-117.99456,34.14798],[-117.99523,34.14699],[-117.99454,34.14602],[-117.99318,34.14603],[-117.99251,34.14702]]],"type":"Polygon"},"properties":{"bbox":{"roads":{"area":3301.56,"pct":8.13}},"city_same":1,"id":"hex:2178:17454"},"type":"Feature"},{"geometry":{"coordinates":[[[-117.99254,34.14897],[-117.99323,34.14994],[-117.99458,34.14993],[-117.99525,34.14895],[-117.99456,34.14798],[-117.9932,34.14799],[-117.99254,34.14897]]],"type":"Polygon"},"properties":{"bbox":{"roads":{"area":4046.72,"pct":9.97}},"city_same":1,"id":"hex:2178:17455"},"type":"Feature"},{"geometry":{"coordinates":[[[-117.99256,34.15092],[-117.99325,34.15189],[-117.9946,34.15188],[-117.99527,34.1509],[-117.99458,34.14993],[-117.99323,34.14994],[-117.99256,34.15092]]],"type":"Polygon"},"properties":{"bbox":{"roads":{"area":6831.33,"pct":16.83}},"city":{"roads":{"area":4290.56,"pct":10.57}},"id":"hex:2178:17456"},"type":"Feature"},{"geometry":{"coordinates":[[[-117.99258,34.15287],[-117.99327,34.15384],[-117.99463,34.15383],[-117.99529,34.15285],[-117.9946,34.15188],[-117.99325,34.15189],[-117.99258,34.15287]]],"type":"Polygon"},"properties":{"bbox":{"roads":{"area":5408.3,"pct":13.32}},"city_same":1,"id":"hex:2178:17457"},"type":"Feature"},{"geometry":{"coordinates":[[[-117.99261,34.15482],[-117.99329,34.1558],[-117.99465,34.15578],[-117.99532,34.1548],[-117.99463,34.15383],[-117.99327,34.15384],[-117.99261,34.15482]]],"type":"Polygon"},"properties":{"bbox":{"roads":{"area":3806.32,"pct":9.38}},"city_same":1,"id":"hex:2178:17458"},"type":"Feature"},{"geometry":{"coordinates":[[[-117.99263,34.15678],[-117.99332,34.15775],[-117.99467,34.15774],[-117.99534,34.15676],[-117.99465,34.15578],[-117.99329,34.1558],[-117.99263,34.15678]]],"type":"Polygon"},"properties":{"bbox":{"roads":{"area":3570.46,"pct":8.8}},"city_same":1,"id":"hex:2178:17459"},"type":"Feature"},{"geometry":{"coordinates":[[[-117.99265,34.15873],[-117.99334,34.1597],[-117.9947,34.15969],[-117.99536,34.15871],[-117.99467,34.15774],[-117.99332,34.15775],[-117.99265,34.15873]]],"type":"Polygon"},"properties":{"bbox":{"roads":{"area":3323.67,"pct":8.19}},"city_same":1,"id":"hex:2178:17460"},"type":"Feature"},{"geometry":{"coordinates":[[[-117.99267,34.16068],[-117.99336,34.16165],[-117.99472,34.16164],[-117.99539,34.16066],[-117.9947,34.15969],[-117.99334,34.1597],[-117.99267,34.16068]]],"type":"Polygon"},"properties":{"bbox":{"roads":{"area":3804.41,"pct":9.37}},"city_same":1,"id":"hex:2178:17461"},"type":"Feature"},{"geometry":{"coordinates":[[[-117.9927,34.16263],[-117.99339,34.1636],[-117.99474,34.16359],[-117.99541,34.16261],[-117.99472,34.16164],[-117.99336,34.16165],[-117.9927,34.16263]]],"type":"Polygon"},"properties":{"bbox":{"roads":{"area":1947.61,"pct":4.8}},"city_same":1,"id":"hex:2178:17462"},"type":"Feature"},{"geometry":{"coordinates":[[[[-117.99341,34.16556],[-117.99272,34.16459],[-117.99321,34.16387],[-117.99356,34.16422],[-117.99379,34.16455],[-117.99394,34.1649],[-117.99402,34.16536],[-117.994,34.16555],[-117.99341,34.16556]]],[[[-117.99339,34.1636],[-117.99474,34.16359],[-117.99543,34.16456],[-117.99476,34.16555],[-117.99408,34.16555],[-117.99409,34.16535],[-117.99401,34.1649],[-117.99385,34.16453],[-117.99361,34.16419],[-117.99324,34.16381],[-117.99339,34.1636]]]],"type":"MultiPolygon"},"properties":{"bbox":{"roads":{"area":1554.87,"pct":3.96}},"city_same":1,"id":"hex:2178:17463"},"type":"Feature"},{"geometry":{"coordinates":[[[-117.99274,34.16654],[-117.99341,34.16556],[-117.994,34.16555],[-117.99398,34.16578],[-117.99382,34.16619],[-117.99386,34.16621],[-117.9939,34.16622],[-117.99405,34.16579],[-117.99408,34.16555],[-117.99476,34.16555],[-117.99545,34.16652],[-117.99479,34.1675],[-117.99343,34.16751],[-117.99324,34.16723],[-117.99345,34.16688],[-117.9938,34.16639],[-117.99387,34.16629],[-117.99378,34.16625],[-117.99362,34.16653],[-117.99348,34.1667],[-117.99317,34.16705],[-117.99313,34.16709],[-117.99274,34.16654]]],"type":"Polygon"},"properties":{"bbox":{"roads":{"area":3370.19,"pct":8.67}},"city_same":1,"id":"hex:2178:17464"},"type":"Feature"},{"geometry":{"coordinates":[[[-117.99343,34.16751],[-117.99479,34.1675],[-117.99548,34.16847],[-117.99481,34.16945],[-117.99345,34.16946],[-117.99289,34.16867],[-117.99304,34.16852],[-117.99298,34.1684],[-117.99284,34.16838],[-117.99343,34.16751]]],"type":"Polygon"},"properties":{"bbox":{"roads":{"area":2951.83,"pct":7.36}},"city_same":1,"id":"hex:2178:17465"},"type":"Feature"},{"geometry":{"coordinates":[[[-117.99279,34.17044],[-117.99348,34.17141],[-117.99483,34.1714],[-117.9955,34.17042],[-117.99481,34.16945],[-117.99345,34.16946],[-117.99279,34.17044]]],"type":"Polygon"},"properties":{"bbox":{"roads":{"area":3338.53,"pct":8.22}},"city_same":1,"id":"hex:2178:17466"},"type":"Feature"},{"geometry":{"coordinates":[[[-117.99281,34.1724],[-117.9935,34.17337],[-117.99486,34.17336],[-117.99552,34.17237],[-117.99483,34.1714],[-117.99348,34.17141],[-117.99281,34.1724]]],"type":"Polygon"},"properties":{"bbox":{"roads":{"area":2072.94,"pct":5.11}},"city_same":1,"id":"hex:2178:17467"},"type":"Feature"},{"geometry":{"coordinates":[[[-117.99555,34.17433],[-117.99488,34.17531],[-117.99352,34.17532],[-117.99283,34.17435],[-117.9935,34.17337],[-117.99486,34.17336],[-117.99499,34.17355],[-117.99477,34.17349],[-117.99479,34.17376],[-117.99482,34.17392],[-117.9949,34.17413],[-117.99499,34.17417],[-117.99506,34.17415],[-117.99514,34.17396],[-117.99514,34.17383],[-117.99517,34.1738],[-117.99555,34.17433]]],"type":"Polygon"},"properties":{"bbox":{"roads":{"area":444.38,"pct":1.15}},"city_same":1,"id":"hex:2178:17468"},"type":"Feature"},{"geometry":{"coordinates":[[[-117.99233,34.1314],[-117.99098,34.13141],[-117.99032,34.13049],[-117.99297,34.13045],[-117.99233,34.1314]]],"type":"Polygon"},"properties":{"bbox":{"roads":{"area":1666.58,"pct":8.69}},"city_same":1,"id":"hex:2179:17445"},"type":"Feature"},{"geometry":{"coordinates":[[[-117.99031,34.13239],[-117.991,34.13336],[-117.99235,34.13335],[-117.99302,34.13237],[-117.99233,34.1314],[-117.99098,34.13141],[-117.99031,34.13239]]],"type":"Polygon"},"properties":{"bbox":{"parking":{"area":329.82,"pct":0.81},"roads":{"area":3217.09,"pct":7.92}},"city_same":1,"id":"hex:2179:17446"},"type":"Feature"},{"geometry":{"coordinates":[[[-117.99033,34.13434],[-117.99102,34.13531],[-117.99238,34.1353],[-117.99304,34.13432],[-117.99235,34.13335],[-117.991,34.13336],[-117.99033,34.13434]]],"type":"Polygon"},"properties":{"bbox":{"parking":{"area":2272.17,"pct":5.6},"roads":{"area":5828,"pct":14.36},"sidewalks":{"area":245.52,"pct":0.6}},"city":{"parking":{"area":2272.17,"pct":5.6},"roads":{"area":5032.55,"pct":12.4},"sidewalks":{"area":245.52,"pct":0.6}},"id":"hex:2179:17447"},"type":"Feature"},{"geometry":{"coordinates":[[[-117.99035,34.13629],[-117.99104,34.13726],[-117.9924,34.13725],[-117.99307,34.13627],[-117.99238,34.1353],[-117.99102,34.13531],[-117.99035,34.13629]]],"type":"Polygon"},"properties":{"bbox":{"roads":{"area":10726.3,"pct":26.42}},"city":{"roads":{"area":5567.08,"pct":13.71}},"id":"hex:2179:17448"},"type":"Feature"},{"geometry":{"coordinates":[[[-117.99038,34.13825],[-117.99107,34.13922],[-117.99242,34.13921],[-117.99309,34.13822],[-117.9924,34.13725],[-117.99104,34.13726],[-117.99038,34.13825]]],"type":"Polygon"},"properties":{"bbox":{"roads":{"area":4385.87,"pct":10.8}},"city_same":1,"id":"hex:2179:17449"},"type":"Feature"},{"geometry":{"coordinates":[[[-117.9904,34.1402],[-117.99109,34.14117],[-117.99245,34.14116],[-117.99311,34.14018],[-117.99242,34.13921],[-117.99107,34.13922],[-117.9904,34.1402]]],"type":"Polygon"},"properties":{"bbox":{"parking":{"area":2210.99,"pct":5.45},"roads":{"area":8870.21,"pct":21.85}},"city":{"parking":{"area":2210.99,"pct":5.45},"roads":{"area":5946.16,"pct":14.65}},"id":"hex:2179:17450"},"type":"Feature"},{"geometry":{"coordinates":[[[-117.99042,34.14215],[-117.99111,34.14312],[-117.99247,34.14311],[-117.99313,34.14213],[-117.99245,34.14116],[-117.99109,34.14117],[-117.99042,34.14215]]],"type":"Polygon"},"properties":{"bbox":{"roads":{"area":4296.13,"pct":10.58}},"city_same":1,"id":"hex:2179:17451"},"type":"Feature"},{"geometry":{"coordinates":[[[-117.99045,34.1441],[-117.99114,34.14507],[-117.99249,34.14506],[-117.99316,34.14408],[-117.99247,34.14311],[-117.99111,34.14312],[-117.99045,34.1441]]],"type":"Polygon"},"properties":{"bbox":{"roads":{"area":4896.99,"pct":12.06}},"city_same":1,"id":"hex:2179:17452"},"type":"Feature"},{"geometry":{"coordinates":[[[-117.99047,34.14606],[-117.99116,34.14703],[-117.99251,34.14702],[-117.99318,34.14603],[-117.99249,34.14506],[-117.99114,34.14507],[-117.99047,34.14606]]],"type":"Polygon"},"properties":{"bbox":{"roads":{"area":4060.07,"pct":10}},"city_same":1,"id":"hex:2179:17453"},"type":"Feature"},{"geometry":{"coordinates":[[[-117.99049,34.14801],[-117.99118,34.14898],[-117.99254,34.14897],[-117.9932,34.14799],[-117.99251,34.14702],[-117.99116,34.14703],[-117.99049,34.14801]]],"type":"Polygon"},"properties":{"bbox":{"roads":{"area":4931.38,"pct":12.15}},"city_same":1,"id":"hex:2179:17454"},"type":"Feature"},{"geometry":{"coordinates":[[[-117.99051,34.14996],[-117.9912,34.15093],[-117.99256,34.15092],[-117.99323,34.14994],[-117.99254,34.14897],[-117.99118,34.14898],[-117.99051,34.14996]]],"type":"Polygon"},"properties":{"bbox":{"roads":{"area":3508.36,"pct":8.64}},"city_same":1,"id":"hex:2179:17455"},"type":"Feature"},{"geometry":{"coordinates":[[[-117.99054,34.15191],[-117.99123,34.15288],[-117.99258,34.15287],[-117.99325,34.15189],[-117.99256,34.15092],[-117.9912,34.15093],[-117.99054,34.15191]]],"type":"Polygon"},"properties":{"bbox":{"roads":{"area":6342.33,"pct":15.62}},"city":{"roads":{"area":3567.6,"pct":8.79}},"id":"hex:2179:17456"},"type":"Feature"},{"geometry":{"coordinates":[[[-117.99056,34.15387],[-117.99125,34.15484],[-117.99261,34.15482],[-117.99327,34.15384],[-117.99258,34.15287],[-117.99123,34.15288],[-117.99056,34.15387]]],"type":"Polygon"},"properties":{"bbox":{"roads":{"area":3496.6,"pct":8.61}},"city_same":1,"id":"hex:2179:17457"},"type":"Feature"},{"geometry":{"coordinates":[[[-117.99058,34.15582],[-117.99127,34.15679],[-117.99263,34.15678],[-117.99329,34.1558],[-117.99261,34.15482],[-117.99125,34.15484],[-117.99058,34.15582]]],"type":"Polygon"},"properties":{"bbox":{"roads":{"area":3304.1,"pct":8.14}},"city_same":1,"id":"hex:2179:17458"},"type":"Feature"},{"geometry":{"coordinates":[[[-117.99061,34.15777],[-117.99129,34.15874],[-117.99265,34.15873],[-117.99332,34.15775],[-117.99263,34.15678],[-117.99127,34.15679],[-117.99061,34.15777]]],"type":"Polygon"},"properties":{"bbox":{"roads":{"area":3943.89,"pct":9.72}},"city_same":1,"id":"hex:2179:17459"},"type":"Feature"},{"geometry":{"coordinates":[[[-117.99063,34.15972],[-117.99132,34.16069],[-117.99267,34.16068],[-117.99334,34.1597],[-117.99265,34.15873],[-117.99129,34.15874],[-117.99063,34.15972]]],"type":"Polygon"},"properties":{"bbox":{"roads":{"area":1373.68,"pct":3.38}},"city_same":1,"id":"hex:2179:17460"},"type":"Feature"},{"geometry":{"coordinates":[[[-117.99065,34.16167],[-117.99132,34.16069],[-117.99267,34.16068],[-117.99336,34.16165],[-117.9927,34.16263],[-117.99203,34.16264],[-117.99202,34.16263],[-117.99179,34.16247],[-117.9911,34.1621],[-117.99109,34.16217],[-117.99175,34.16253],[-117.9919,34.16264],[-117.99134,34.16265],[-117.99095,34.1621],[-117.99097,34.16211],[-117.99098,34.16208],[-117.99099,34.16204],[-117.99087,34.16198],[-117.99065,34.16167]]],"type":"Polygon"},"properties":{"bbox":{"roads":{"area":2856.19,"pct":7.18}},"city_same":1,"id":"hex:2179:17461"},"type":"Feature"},{"geometry":{"coordinates":[[[[-117.99272,34.16459],[-117.99136,34.1646],[-117.99067,34.16363],[-117.99134,34.16265],[-117.9919,34.16264],[-117.99196,34.16268],[-117.99222,34.1629],[-117.99209,34.16299],[-117.99212,34.16302],[-117.99225,34.16293],[-117.99276,34.16344],[-117.99319,34.16385],[-117.99321,34.16387],[-117.99272,34.16459]]],[[[-117.9927,34.16263],[-117.99339,34.1636],[-117.99324,34.16381],[-117.99324,34.16381],[-117.99283,34.1634],[-117.99233,34.16291],[-117.99229,34.16286],[-117.99203,34.16264],[-117.9927,34.16263]]]],"type":"MultiPolygon"},"properties":{"bbox":{"roads":{"area":1099.78,"pct":2.8}},"city_same":1,"id":"hex:2179:17462"},"type":"Feature"},{"geometry":{"coordinates":[[[-117.9907,34.16558],[-117.99139,34.16655],[-117.99274,34.16654],[-117.99341,34.16556],[-117.99272,34.16459],[-117.99136,34.1646],[-117.9907,34.16558]]],"type":"Polygon"},"properties":{"bbox":{"roads":{"area":676.42,"pct":1.67}},"city_same":1,"id":"hex:2179:17463"},"type":"Feature"},{"geometry":{"coordinates":[[[-117.99141,34.1685],[-117.99072,34.16753],[-117.99139,34.16655],[-117.99274,34.16654],[-117.99313,34.16709],[-117.99284,34.16742],[-117.99225,34.16808],[-117.99258,34.16826],[-117.99306,34.16751],[-117.99324,34.16723],[-117.99343,34.16751],[-117.99284,34.16838],[-117.99251,34.16834],[-117.99195,34.16806],[-117.99188,34.16825],[-117.99183,34.1685],[-117.99141,34.1685]]],"type":"Polygon"},"properties":{"bbox":{"roads":{"area":422.59,"pct":1.22}},"city_same":1,"id":"hex:2179:17464"},"type":"Feature"},{"geometry":{"coordinates":[[[-117.99345,34.16946],[-117.99279,34.17044],[-117.99143,34.17045],[-117.99074,34.16948],[-117.99141,34.1685],[-117.99183,34.1685],[-117.9918,34.16864],[-117.99175,34.16895],[-117.99173,34.16934],[-117.99168,34.16967],[-117.99178,34.16997],[-117.99187,34.17009],[-117.99207,34.17011],[-117.9921,34.17001],[-117.9922,34.16969],[-117.99219,34.16951],[-117.99227,34.16935],[-117.99236,34.16913],[-117.99252,34.16898],[-117.99269,34.16886],[-117.99289,34.16868],[-117.99289,34.16867],[-117.99345,34.16946]]],"type":"Polygon"},"properties":{"bbox":{"roads":{"area":1304.64,"pct":4.34}},"city_same":1,"id":"hex:2179:17465"},"type":"Feature"},{"geometry":{"coordinates":[[[-117.99077,34.17144],[-117.99145,34.17241],[-117.99281,34.1724],[-117.99348,34.17141],[-117.99279,34.17044],[-117.99143,34.17045],[-117.99077,34.17144]]],"type":"Polygon"},"properties":{"bbox":{"roads":{"area":1533.41,"pct":3.78}},"city_same":1,"id":"hex:2179:17466"},"type":"Feature"},{"geometry":{"coordinates":[[[-117.99079,34.17339],[-117.99148,34.17436],[-117.99283,34.17435],[-117.9935,34.17337],[-117.99281,34.1724],[-117.99145,34.17241],[-117.99079,34.17339]]],"type":"Polygon"},"properties":{"bbox":{"parking":{"area":920.74,"pct":2.27},"roads":{"area":723.4,"pct":1.78}},"city_same":1,"id":"hex:2179:17467"},"type":"Feature"},{"geometry":{"coordinates":[[[-117.99098,34.13141],[-117.99031,34.13239],[-117.98895,34.1324],[-117.98826,34.13143],[-117.98893,34.13045],[-117.98971,34.13044],[-117.98962,34.13066],[-117.98948,34.13108],[-117.98936,34.13154],[-117.98931,34.1318],[-117.98925,34.13218],[-117.98929,34.13218],[-117.98934,34.13218],[-117.98935,34.13208],[-117.98943,34.13166],[-117.98956,34.13111],[-117.9897,34.13066],[-117.98979,34.13044],[-117.98989,34.13044],[-117.98986,34.13049],[-117.99032,34.13049],[-117.99098,34.13141]],[[-117.98931,34.13235],[-117.98931,34.13233],[-117.98926,34.13233],[-117.98922,34.13233],[-117.98922,34.13235],[-117.98931,34.13235]]],"type":"Polygon"},"properties":{"bbox":{"roads":{"area":4020.86,"pct":10.35}},"city_same":1,"id":"hex:2180:17446"},"type":"Feature"},{"geometry":{"coordinates":[[[-117.98895,34.1324],[-117.99031,34.13239],[-117.991,34.13336],[-117.99033,34.13434],[-117.98898,34.13435],[-117.98829,34.13338],[-117.98895,34.1324]],[[-117.98923,34.13282],[-117.98929,34.13248],[-117.98924,34.13248],[-117.9892,34.13248],[-117.98915,34.13281],[-117.98923,34.13282]]],"type":"Polygon"},"properties":{"bbox":{"roads":{"area":4143.03,"pct":10.28}},"city_same":1,"id":"hex:2180:17447"},"type":"Feature"},{"geometry":{"coordinates":[[[-117.98831,34.13533],[-117.989,34.13631],[-117.99035,34.13629],[-117.99102,34.13531],[-117.99033,34.13434],[-117.98898,34.13435],[-117.98831,34.13533]]],"type":"Polygon"},"properties":{"bbox":{"roads":{"area":18402.61,"pct":45.33}},"city":{"roads":{"area":7862.88,"pct":19.37}},"id":"hex:2180:17448"},"type":"Feature"},{"geometry":{"coordinates":[[[[-117.98833,34.13729],[-117.98846,34.1371],[-117.98841,34.1374],[-117.98833,34.13729]]],[[[-117.989,34.13631],[-117.99035,34.13629],[-117.99104,34.13726],[-117.99038,34.13825],[-117.98902,34.13826],[-117.98849,34.1375],[-117.98858,34.13693],[-117.98857,34.13693],[-117.989,34.13631]]]],"type":"MultiPolygon"},"properties":{"bbox":{"roads":{"area":4874.98,"pct":12.13}},"city_same":1,"id":"hex:2180:17449"},"type":"Feature"},{"geometry":{"coordinates":[[[-117.98836,34.13924],[-117.98904,34.14021],[-117.9904,34.1402],[-117.99107,34.13922],[-117.99038,34.13825],[-117.98902,34.13826],[-117.98836,34.13924]]],"type":"Polygon"},"properties":{"bbox":{"roads":{"area":4378.72,"pct":10.79}},"city":{"roads":{"area":4307.42,"pct":10.61}},"id":"hex:2180:17450"},"type":"Feature"},{"geometry":{"coordinates":[[[-117.98838,34.14119],[-117.98907,34.14216],[-117.99042,34.14215],[-117.99109,34.14117],[-117.9904,34.1402],[-117.98904,34.14021],[-117.98838,34.14119]]],"type":"Polygon"},"properties":{"bbox":{"roads":{"area":8325.1,"pct":20.51}},"city":{"roads":{"area":5857.27,"pct":14.43}},"id":"hex:2180:17451"},"type":"Feature"},{"geometry":{"coordinates":[[[-117.9884,34.14314],[-117.98909,34.14411],[-117.99045,34.1441],[-117.99111,34.14312],[-117.99042,34.14215],[-117.98907,34.14216],[-117.9884,34.14314]]],"type":"Polygon"},"properties":{"bbox":{"roads":{"area":5656.41,"pct":13.93}},"city_same":1,"id":"hex:2180:17452"},"type":"Feature"},{"geometry":{"coordinates":[[[-117.98842,34.1451],[-117.98911,34.14607],[-117.99047,34.14606],[-117.99114,34.14507],[-117.99045,34.1441],[-117.98909,34.14411],[-117.98842,34.1451]]],"type":"Polygon"},"properties":{"bbox":{"roads":{"area":3446.15,"pct":8.49}},"city_same":1,"id":"hex:2180:17453"},"type":"Feature"},{"geometry":{"coordinates":[[[-117.98845,34.14705],[-117.98914,34.14802],[-117.99049,34.14801],[-117.99116,34.14703],[-117.99047,34.14606],[-117.98911,34.14607],[-117.98845,34.14705]]],"type":"Polygon"},"properties":{"bbox":{"roads":{"area":3411.47,"pct":8.4}},"city_same":1,"id":"hex:2180:17454"},"type":"Feature"},{"geometry":{"coordinates":[[[-117.98847,34.149],[-117.98916,34.14997],[-117.99051,34.14996],[-117.99118,34.14898],[-117.99049,34.14801],[-117.98914,34.14802],[-117.98847,34.149]]],"type":"Polygon"},"properties":{"bbox":{"roads":{"area":2959.38,"pct":7.29}},"city_same":1,"id":"hex:2180:17455"},"type":"Feature"},{"geometry":{"coordinates":[[[-117.98849,34.15095],[-117.98918,34.15192],[-117.99054,34.15191],[-117.9912,34.15093],[-117.99051,34.14996],[-117.98916,34.14997],[-117.98849,34.15095]]],"type":"Polygon"},"properties":{"bbox":{"roads":{"area":4835.98,"pct":11.91}},"city":{"roads":{"area":2290.92,"pct":5.64}},"id":"hex:2180:17456"},"type":"Feature"},{"geometry":{"coordinates":[[[-117.98851,34.15291],[-117.9892,34.15388],[-117.99056,34.15387],[-117.99123,34.15288],[-117.99054,34.15191],[-117.98918,34.15192],[-117.98851,34.15291]]],"type":"Polygon"},"properties":{"bbox":{"roads":{"area":3585.81,"pct":8.83}},"city_same":1,"id":"hex:2180:17457"},"type":"Feature"},{"geometry":{"coordinates":[[[-117.98854,34.15486],[-117.98923,34.15583],[-117.99058,34.15582],[-117.99125,34.15484],[-117.99056,34.15387],[-117.9892,34.15388],[-117.98854,34.15486]]],"type":"Polygon"},"properties":{"bbox":{"roads":{"area":3322.96,"pct":8.19}},"city_same":1,"id":"hex:2180:17458"},"type":"Feature"},{"geometry":{"coordinates":[[[-117.98856,34.15681],[-117.98925,34.15778],[-117.99061,34.15777],[-117.99127,34.15679],[-117.99058,34.15582],[-117.98923,34.15583],[-117.98856,34.15681]]],"type":"Polygon"},"properties":{"bbox":{"roads":{"area":3286.31,"pct":8.1}},"city_same":1,"id":"hex:2180:17459"},"type":"Feature"},{"geometry":{"coordinates":[[[-117.98858,34.15876],[-117.98927,34.15973],[-117.99063,34.15972],[-117.99129,34.15874],[-117.99061,34.15777],[-117.98925,34.15778],[-117.98858,34.15876]]],"type":"Polygon"},"properties":{"bbox":{"roads":{"area":2274.76,"pct":5.6}},"city_same":1,"id":"hex:2180:17460"},"type":"Feature"},{"geometry":{"coordinates":[[[[-117.9893,34.16169],[-117.98861,34.16071],[-117.98874,34.16051],[-117.98889,34.16079],[-117.98928,34.1612],[-117.98984,34.16154],[-117.99012,34.16168],[-117.9893,34.16169]]],[[[-117.98927,34.15973],[-117.99063,34.15972],[-117.99132,34.16069],[-117.99065,34.16167],[-117.99027,34.16168],[-117.98986,34.16147],[-117.98934,34.16114],[-117.98896,34.16076],[-117.9888,34.16044],[-117.98927,34.15973]]]],"type":"MultiPolygon"},"properties":{"bbox":{"roads":{"area":1260.66,"pct":3.22}},"city_same":1,"id":"hex:2180:17461"},"type":"Feature"},{"geometry":{"coordinates":[[[[-117.99134,34.16265],[-117.99067,34.16363],[-117.98932,34.16364],[-117.98863,34.16267],[-117.9893,34.16169],[-117.99012,34.16168],[-117.99095,34.1621],[-117.99134,34.16265]]],[[[-117.99065,34.16167],[-117.99087,34.16198],[-117.99027,34.16168],[-117.99065,34.16167]]]],"type":"MultiPolygon"},"properties":{"bbox":{"roads":{"area":3512.28,"pct":8.77}},"city_same":1,"id":"hex:2180:17462"},"type":"Feature"},{"geometry":{"coordinates":[[[-117.98865,34.16462],[-117.98934,34.16559],[-117.9907,34.16558],[-117.99136,34.1646],[-117.99067,34.16363],[-117.98932,34.16364],[-117.98865,34.16462]]],"type":"Polygon"},"properties":{"bbox":{"roads":{"area":28.54,"pct":0.07}},"city_same":1,"id":"hex:2180:17463"},"type":"Feature"},{"geometry":{"coordinates":[[[-117.98874,34.17243],[-117.98943,34.1734],[-117.99079,34.17339],[-117.99145,34.17241],[-117.99077,34.17144],[-117.98941,34.17145],[-117.98874,34.17243]]],"type":"Polygon"},"properties":{"bbox":{"roads":{"area":1014.25,"pct":2.5}},"city_same":1,"id":"hex:2180:17467"},"type":"Feature"},{"geometry":{"coordinates":[[[-117.98877,34.17438],[-117.98945,34.17535],[-117.99081,34.17534],[-117.99148,34.17436],[-117.99079,34.17339],[-117.98943,34.1734],[-117.98877,34.17438]]],"type":"Polygon"},"properties":{"bbox":{"roads":{"area":1677.02,"pct":4.13}},"city_same":1,"id":"hex:2180:17468"},"type":"Feature"},{"geometry":{"coordinates":[[[-117.98879,34.17633],[-117.98948,34.1773],[-117.99083,34.17729],[-117.9915,34.17631],[-117.99081,34.17534],[-117.98945,34.17535],[-117.98879,34.17633]]],"type":"Polygon"},"properties":{"bbox":{"parking":{"area":2079.72,"pct":5.12},"roads":{"area":1733.73,"pct":4.27}},"city_same":1,"id":"hex:2180:17469"},"type":"Feature"},{"geometry":{"coordinates":[[[-117.98893,34.13045],[-117.98826,34.13143],[-117.98694,34.13144],[-117.98761,34.12967],[-117.98768,34.12948],[-117.9883,34.12956],[-117.98893,34.13045]]],"type":"Polygon"},"properties":{"bbox":{"roads":{"area":2952.08,"pct":11.64}},"city_same":1,"id":"hex:2181:17445"},"type":"Feature"},{"geometry":{"coordinates":[[[-117.98826,34.13143],[-117.98895,34.1324],[-117.98829,34.13338],[-117.98693,34.13339],[-117.98633,34.13254],[-117.98634,34.13228],[-117.98647,34.13209],[-117.98667,34.1321],[-117.98675,34.13196],[-117.98683,34.13177],[-117.98686,34.13164],[-117.98694,34.13144],[-117.98826,34.13143]]],"type":"Polygon"},"properties":{"bbox":{"roads":{"area":7127.64,"pct":18},"sidewalks":{"area":70.04,"pct":0.18}},"city_same":1,"id":"hex:2181:17446"},"type":"Feature"},{"geometry":{"coordinates":[[[-117.98693,34.13339],[-117.98829,34.13338],[-117.98898,34.13435],[-117.98831,34.13533],[-117.98695,34.13535],[-117.98631,34.13443],[-117.98631,34.13431],[-117.98693,34.13339]]],"type":"Polygon"},"properties":{"bbox":{"roads":{"area":7603.15,"pct":18.74},"sidewalks":{"area":2.11,"pct":0.01}},"city":{"roads":{"area":6543.66,"pct":16.13},"sidewalks":{"area":2.11,"pct":0.01}},"id":"hex:2181:17447"},"type":"Feature"},{"geometry":{"coordinates":[[[-117.98833,34.13729],[-117.98698,34.1373],[-117.9863,34.13634],[-117.9863,34.13632],[-117.98695,34.13535],[-117.98831,34.13533],[-117.989,34.13631],[-117.98857,34.13693],[-117.98849,34.13693],[-117.98846,34.1371],[-117.98833,34.13729]]],"type":"Polygon"},"properties":{"bbox":{"roads":{"area":11218.91,"pct":27.69}},"city":{"roads":{"area":5941.38,"pct":14.66}},"id":"hex:2181:17448"},"type":"Feature"},{"geometry":{"coordinates":[[[[-117.987,34.13925],[-117.98631,34.13828],[-117.98698,34.1373],[-117.98833,34.13729],[-117.98841,34.1374],[-117.98836,34.13777],[-117.9883,34.13807],[-117.9882,34.13845],[-117.98813,34.1387],[-117.98802,34.13904],[-117.98796,34.13924],[-117.987,34.13925]]],[[[-117.98902,34.13826],[-117.98836,34.13924],[-117.98804,34.13924],[-117.98809,34.13907],[-117.98821,34.13869],[-117.98828,34.13846],[-117.98838,34.13807],[-117.98844,34.13777],[-117.98849,34.1375],[-117.98902,34.13826]]]],"type":"MultiPolygon"},"properties":{"bbox":{"roads":{"area":4523.65,"pct":11.56}},"city_same":1,"id":"hex:2181:17449"},"type":"Feature"},{"geometry":{"coordinates":[[[-117.98702,34.1412],[-117.98633,34.14023],[-117.987,34.13925],[-117.98796,34.13924],[-117.98787,34.13951],[-117.98782,34.13966],[-117.98788,34.13968],[-117.98801,34.13931],[-117.98804,34.13924],[-117.98836,34.13924],[-117.98904,34.14021],[-117.98838,34.14119],[-117.98734,34.1412],[-117.98743,34.14101],[-117.98761,34.14052],[-117.98781,34.13992],[-117.98777,34.13991],[-117.98775,34.1399],[-117.98763,34.14028],[-117.98755,34.14052],[-117.98737,34.141],[-117.98728,34.1412],[-117.98702,34.1412]]],"type":"Polygon"},"properties":{"bbox":{"roads":{"area":9822.25,"pct":24.89}},"city":{"roads":{"area":6400.5,"pct":16.22}},"id":"hex:2181:17450"},"type":"Feature"},{"geometry":{"coordinates":[[[-117.98636,34.14218],[-117.98702,34.1412],[-117.98728,34.1412],[-117.98722,34.14135],[-117.98708,34.14169],[-117.9869,34.14208],[-117.98697,34.1421],[-117.98706,34.14187],[-117.98713,34.1417],[-117.98727,34.14136],[-117.98734,34.1412],[-117.98838,34.14119],[-117.98907,34.14216],[-117.9884,34.14314],[-117.98705,34.14315],[-117.9867,34.14267],[-117.98693,34.14221],[-117.98689,34.14219],[-117.98685,34.14218],[-117.98665,34.1426],[-117.98636,34.14218]]],"type":"Polygon"},"properties":{"bbox":{"roads":{"area":4163.64,"pct":10.51}},"city":{"roads":{"area":4158.91,"pct":10.5}},"id":"hex:2181:17451"},"type":"Feature"},{"geometry":{"coordinates":[[[-117.98638,34.14414],[-117.98707,34.14511],[-117.98842,34.1451],[-117.98909,34.14411],[-117.9884,34.14314],[-117.98705,34.14315],[-117.98638,34.14414]]],"type":"Polygon"},"properties":{"bbox":{"parking":{"area":2192.74,"pct":5.4},"roads":{"area":3674.31,"pct":9.05}},"city":{"parking":{"area":2192.74,"pct":5.4},"roads":{"area":3672.96,"pct":9.05}},"id":"hex:2181:17452"},"type":"Feature"},{"geometry":{"coordinates":[[[-117.9864,34.14609],[-117.98709,34.14706],[-117.98845,34.14705],[-117.98911,34.14607],[-117.98842,34.1451],[-117.98707,34.14511],[-117.9864,34.14609]]],"type":"Polygon"},"properties":{"bbox":{"parking":{"area":320.17,"pct":0.79},"roads":{"area":1727.29,"pct":4.25}},"city_same":1,"id":"hex:2181:17453"},"type":"Feature"},{"geometry":{"coordinates":[[[-117.98642,34.14804],[-117.98711,34.14901],[-117.98847,34.149],[-117.98914,34.14802],[-117.98845,34.14705],[-117.98709,34.14706],[-117.98642,34.14804]]],"type":"Polygon"},"properties":{"bbox":{"roads":{"area":2831.95,"pct":6.98}},"city_same":1,"id":"hex:2181:17454"},"type":"Feature"},{"geometry":{"coordinates":[[[-117.98645,34.14999],[-117.98714,34.15096],[-117.98849,34.15095],[-117.98916,34.14997],[-117.98847,34.149],[-117.98711,34.14901],[-117.98645,34.14999]]],"type":"Polygon"},"properties":{"bbox":{"roads":{"area":2669.44,"pct":6.58}},"city_same":1,"id":"hex:2181:17455"},"type":"Feature"},{"geometry":{"coordinates":[[[-117.98647,34.15195],[-117.98716,34.15292],[-117.98851,34.15291],[-117.98918,34.15192],[-117.98849,34.15095],[-117.98714,34.15096],[-117.98647,34.15195]]],"type":"Polygon"},"properties":{"bbox":{"roads":{"area":4775.6,"pct":11.76}},"city":{"roads":{"area":1886.99,"pct":4.65}},"id":"hex:2181:17456"},"type":"Feature"},{"geometry":{"coordinates":[[[-117.98649,34.1539],[-117.98718,34.15487],[-117.98854,34.15486],[-117.9892,34.15388],[-117.98851,34.15291],[-117.98716,34.15292],[-117.98649,34.1539]]],"type":"Polygon"},"properties":{"bbox":{"roads":{"area":3573.31,"pct":8.8}},"city_same":1,"id":"hex:2181:17457"},"type":"Feature"},{"geometry":{"coordinates":[[[-117.9872,34.15682],[-117.98652,34.15585],[-117.98656,34.15579],[-117.98694,34.1563],[-117.98698,34.15628],[-117.98701,34.15626],[-117.98661,34.15572],[-117.98718,34.15487],[-117.98854,34.15486],[-117.98923,34.15583],[-117.98856,34.15681],[-117.98743,34.15682],[-117.98708,34.15634],[-117.98705,34.15636],[-117.98701,34.15638],[-117.98703,34.15642],[-117.98733,34.15682],[-117.9872,34.15682]]],"type":"Polygon"},"properties":{"bbox":{"roads":{"area":3765.71,"pct":9.51},"sidewalks":{"area":21.25,"pct":0.05}},"city_same":1,"id":"hex:2181:17458"},"type":"Feature"},{"geometry":{"coordinates":[[[[-117.98723,34.15877],[-117.98654,34.1578],[-117.9872,34.15682],[-117.98733,34.15682],[-117.98745,34.15698],[-117.98764,34.15731],[-117.9878,34.15762],[-117.98801,34.15818],[-117.98818,34.15877],[-117.98723,34.15877]]],[[[-117.98856,34.15681],[-117.98925,34.15778],[-117.98858,34.15876],[-117.98827,34.15876],[-117.98809,34.15817],[-117.98789,34.1576],[-117.98772,34.15728],[-117.98752,34.15695],[-117.98743,34.15682],[-117.98856,34.15681]]]],"type":"MultiPolygon"},"properties":{"bbox":{"roads":{"area":2070.81,"pct":5.35}},"city_same":1,"id":"hex:2181:17459"},"type":"Feature"},{"geometry":{"coordinates":[[[[-117.98861,34.16071],[-117.98725,34.16073],[-117.98656,34.15975],[-117.98723,34.15877],[-117.98818,34.15877],[-117.98867,34.16036],[-117.98874,34.16051],[-117.98861,34.16071]]],[[[-117.98858,34.15876],[-117.98927,34.15973],[-117.9888,34.16044],[-117.98875,34.16035],[-117.98827,34.15876],[-117.98858,34.15876]]]],"type":"MultiPolygon"},"properties":{"bbox":{"roads":{"area":2283.95,"pct":5.84}},"city_same":1,"id":"hex:2181:17460"},"type":"Feature"},{"geometry":{"coordinates":[[[-117.98658,34.16171],[-117.98727,34.16268],[-117.98863,34.16267],[-117.9893,34.16169],[-117.98861,34.16071],[-117.98725,34.16073],[-117.98658,34.16171]]],"type":"Polygon"},"properties":{"bbox":{"roads":{"area":2825.1,"pct":6.96}},"city_same":1,"id":"hex:2181:17461"},"type":"Feature"},{"geometry":{"coordinates":[[[-117.98661,34.16366],[-117.9873,34.16463],[-117.98865,34.16462],[-117.98932,34.16364],[-117.98863,34.16267],[-117.98727,34.16268],[-117.98661,34.16366]]],"type":"Polygon"},"properties":{"bbox":{"roads":{"area":651.77,"pct":1.61}},"city_same":1,"id":"hex:2181:17462"},"type":"Feature"},{"geometry":{"coordinates":[[[-117.98672,34.17342],[-117.98741,34.17439],[-117.98877,34.17438],[-117.98943,34.1734],[-117.98874,34.17243],[-117.98739,34.17244],[-117.98672,34.17342]]],"type":"Polygon"},"properties":{"bbox":{"roads":{"area":325.45,"pct":0.8}},"city_same":1,"id":"hex:2181:17467"},"type":"Feature"},{"geometry":{"coordinates":[[[-117.98741,34.17439],[-117.98877,34.17438],[-117.98945,34.17535],[-117.98879,34.17633],[-117.98775,34.17634],[-117.98774,34.17629],[-117.98769,34.1761],[-117.98765,34.17602],[-117.98729,34.17585],[-117.98715,34.17568],[-117.98702,34.17533],[-117.98698,34.1752],[-117.98685,34.17522],[-117.98741,34.17439]]],"type":"Polygon"},"properties":{"bbox":{"roads":{"area":1287.12,"pct":3.45}},"city_same":1,"id":"hex:2181:17468"},"type":"Feature"},{"geometry":{"coordinates":[[[-117.98879,34.17633],[-117.98948,34.1773],[-117.98881,34.17829],[-117.98745,34.1783],[-117.9868,34.17737],[-117.98723,34.17716],[-117.98768,34.17679],[-117.98778,34.17644],[-117.98775,34.17634],[-117.98879,34.17633]]],"type":"Polygon"},"properties":{"bbox":{"parking":{"area":13.45,"pct":0.04},"roads":{"area":484.32,"pct":1.33}},"city_same":1,"id":"hex:2181:17469"},"type":"Feature"},{"geometry":{"coordinates":[[[-117.98634,34.13228],[-117.98634,34.13209],[-117.98647,34.13209],[-117.98634,34.13228]]],"type":"Polygon"},"properties":{"bbox":{"roads":{"area":54.84,"pct":46.41},"sidewalks":{"area":10.54,"pct":8.92}},"city_same":1,"id":"hex:2182:17446"},"type":"Feature"},{"geometry":{"coordinates":[[[-117.98693,34.13339],[-117.98631,34.13431],[-117.98631,34.13295],[-117.98633,34.13254],[-117.98693,34.13339]]],"type":"Polygon"},"properties":{"bbox":{"roads":{"area":1535.37,"pct":27.16},"sidewalks":{"area":218.61,"pct":3.87}},"city_same":1,"id":"hex:2182:17447"},"type":"Feature"},{"geometry":{"coordinates":[[[-117.98695,34.13535],[-117.9863,34.13632],[-117.98631,34.13443],[-117.98695,34.13535]]],"type":"Polygon"},"properties":{"bbox":{"roads":{"area":3991.21,"pct":63.27}},"city":{"roads":{"area":2755.44,"pct":43.68}},"id":"hex:2182:17448"},"type":"Feature"},{"geometry":{"coordinates":[[[-117.98698,34.1373],[-117.98631,34.13828],[-117.98628,34.13828],[-117.9863,34.13634],[-117.98698,34.1373]]],"type":"Polygon"},"properties":{"bbox":{"roads":{"area":2112.66,"pct":30.34}},"city_same":1,"id":"hex:2182:17449"},"type":"Feature"},{"geometry":{"coordinates":[[[-117.98631,34.13828],[-117.987,34.13925],[-117.98633,34.14023],[-117.98498,34.14024],[-117.98449,34.13955],[-117.98628,34.13952],[-117.98628,34.13828],[-117.98631,34.13828]]],"type":"Polygon"},"properties":{"bbox":{"roads":{"area":6361.38,"pct":33.9}},"city":{"roads":{"area":3081.3,"pct":16.42}},"id":"hex:2182:17450"},"type":"Feature"},{"geometry":{"coordinates":[[[-117.98431,34.14122],[-117.985,34.14219],[-117.98636,34.14218],[-117.98702,34.1412],[-117.98633,34.14023],[-117.98498,34.14024],[-117.98431,34.14122]]],"type":"Polygon"},"properties":{"bbox":{"parking":{"area":3778.41,"pct":9.31},"roads":{"area":7410.42,"pct":18.25}},"city":{"parking":{"area":3778.41,"pct":9.31},"roads":{"area":4508.09,"pct":11.11}},"id":"hex:2182:17451"},"type":"Feature"},{"geometry":{"coordinates":[[[-117.98502,34.14415],[-117.98433,34.14318],[-117.985,34.14219],[-117.98636,34.14218],[-117.98665,34.1426],[-117.98662,34.14268],[-117.98643,34.143],[-117.98648,34.14308],[-117.9867,34.14269],[-117.9867,34.14267],[-117.98705,34.14315],[-117.98638,34.14414],[-117.98587,34.14414],[-117.98589,34.1441],[-117.98616,34.14364],[-117.98616,34.14355],[-117.98616,34.14345],[-117.98604,34.14368],[-117.98584,34.14402],[-117.98578,34.14414],[-117.98502,34.14415]]],"type":"Polygon"},"properties":{"bbox":{"parking":{"area":1643.72,"pct":4.15},"roads":{"area":8238.06,"pct":20.79}},"city":{"parking":{"area":1643.72,"pct":4.15},"roads":{"area":4724.85,"pct":11.92}},"id":"hex:2182:17452"},"type":"Feature"},{"geometry":{"coordinates":[[[[-117.98505,34.1461],[-117.98436,34.14513],[-117.98502,34.14415],[-117.98578,34.14414],[-117.98565,34.14437],[-117.98551,34.14466],[-117.98541,34.14496],[-117.98533,34.14527],[-117.98529,34.14563],[-117.98528,34.14596],[-117.98528,34.1461],[-117.98505,34.1461]]],[[[-117.98638,34.14414],[-117.98707,34.14511],[-117.9864,34.14609],[-117.98536,34.1461],[-117.98536,34.14581],[-117.98538,34.14553],[-117.98547,34.14505],[-117.98563,34.14458],[-117.98587,34.14414],[-117.98638,34.14414]]]],"type":"MultiPolygon"},"properties":{"bbox":{"roads":{"area":6037.17,"pct":15.53}},"city":{"roads":{"area":3011.13,"pct":7.75}},"id":"hex:2182:17453"},"type":"Feature"},{"geometry":{"coordinates":[[[-117.98507,34.14805],[-117.98438,34.14708],[-117.98505,34.1461],[-117.98528,34.1461],[-117.98528,34.14683],[-117.98536,34.14682],[-117.98536,34.1461],[-117.9864,34.14609],[-117.98709,34.14706],[-117.98642,34.14804],[-117.98536,34.14805],[-117.98536,34.14693],[-117.98527,34.14693],[-117.98527,34.14781],[-117.98527,34.14805],[-117.98507,34.14805]]],"type":"Polygon"},"properties":{"bbox":{"roads":{"area":5541.89,"pct":14.21}},"city":{"roads":{"area":2108.15,"pct":5.41}},"id":"hex:2182:17454"},"type":"Feature"},{"geometry":{"coordinates":[[[[-117.98509,34.15],[-117.9844,34.14903],[-117.98507,34.14805],[-117.98527,34.14805],[-117.98527,34.15],[-117.98509,34.15]]],[[[-117.98642,34.14804],[-117.98711,34.14901],[-117.98645,34.14999],[-117.98536,34.15],[-117.98536,34.14877],[-117.98536,34.14805],[-117.98642,34.14804]]]],"type":"MultiPolygon"},"properties":{"bbox":{"roads":{"area":4461.74,"pct":11.47}},"city":{"roads":{"area":1389.76,"pct":3.57}},"id":"hex:2182:17455"},"type":"Feature"},{"geometry":{"coordinates":[[[-117.98442,34.15099],[-117.98509,34.15],[-117.98527,34.15],[-117.98527,34.15047],[-117.98531,34.15047],[-117.98536,34.15047],[-117.98536,34.15],[-117.98645,34.14999],[-117.98714,34.15096],[-117.98647,34.15195],[-117.98536,34.15195],[-117.98536,34.15162],[-117.98531,34.15162],[-117.98527,34.15162],[-117.98527,34.15196],[-117.98511,34.15196],[-117.98511,34.15195],[-117.98508,34.15156],[-117.98483,34.15156],[-117.98442,34.15099]],[[-117.98527,34.15054],[-117.98527,34.1515],[-117.98531,34.1515],[-117.98535,34.1515],[-117.98536,34.15053],[-117.98527,34.15054]]],"type":"Polygon"},"properties":{"bbox":{"roads":{"area":4922.36,"pct":12.76}},"city":{"roads":{"area":1999.65,"pct":5.18}},"id":"hex:2182:17456"},"type":"Feature"},{"geometry":{"coordinates":[[[[-117.98537,34.15391],[-117.98523,34.15356],[-117.98511,34.15197],[-117.98511,34.15196],[-117.98527,34.15196],[-117.98527,34.15304],[-117.98528,34.15338],[-117.98534,34.15374],[-117.9854,34.15391],[-117.98537,34.15391]]],[[[-117.98647,34.15195],[-117.98716,34.15292],[-117.98649,34.1539],[-117.98549,34.15391],[-117.98542,34.15374],[-117.98537,34.15338],[-117.98536,34.15303],[-117.98536,34.15195],[-117.98647,34.15195]]]],"type":"MultiPolygon"},"properties":{"bbox":{"roads":{"area":2308.22,"pct":7.5}},"city_same":1,"id":"hex:2182:17457"},"type":"Feature"},{"geometry":{"coordinates":[[[[-117.98652,34.15585],[-117.9852,34.15586],[-117.98585,34.15512],[-117.98537,34.15391],[-117.9854,34.15391],[-117.98563,34.15451],[-117.98593,34.15496],[-117.98656,34.15579],[-117.98652,34.15585]]],[[[-117.98649,34.1539],[-117.98718,34.15487],[-117.98661,34.15572],[-117.986,34.15491],[-117.98571,34.15449],[-117.98549,34.15391],[-117.98649,34.1539]]]],"type":"MultiPolygon"},"properties":{"bbox":{"roads":{"area":1549.89,"pct":6.62}},"city_same":1,"id":"hex:2182:17458"},"type":"Feature"},{"geometry":{"coordinates":[[[-117.98652,34.15585],[-117.9872,34.15682],[-117.98654,34.1578],[-117.98518,34.15781],[-117.98449,34.15684],[-117.98502,34.15606],[-117.9852,34.15586],[-117.98652,34.15585]]],"type":"Polygon"},"properties":{"bbox":{"roads":{"area":2910.76,"pct":7.18}},"city_same":1,"id":"hex:2182:17459"},"type":"Feature"},{"geometry":{"coordinates":[[[-117.98452,34.1588],[-117.9852,34.15977],[-117.98656,34.15975],[-117.98723,34.15877],[-117.98654,34.1578],[-117.98518,34.15781],[-117.98452,34.1588]]],"type":"Polygon"},"properties":{"bbox":{"roads":{"area":2836.09,"pct":6.99}},"city_same":1,"id":"hex:2182:17460"},"type":"Feature"},{"geometry":{"coordinates":[[[-117.98454,34.16075],[-117.98523,34.16172],[-117.98658,34.16171],[-117.98725,34.16073],[-117.98656,34.15975],[-117.9852,34.15977],[-117.98454,34.16075]]],"type":"Polygon"},"properties":{"bbox":{"roads":{"area":2435.83,"pct":6}},"city_same":1,"id":"hex:2182:17461"},"type":"Feature"},{"geometry":{"coordinates":[[[-117.98456,34.1627],[-117.98525,34.16367],[-117.98661,34.16366],[-117.98727,34.16268],[-117.98658,34.16171],[-117.98523,34.16172],[-117.98456,34.1627]]],"type":"Polygon"},"properties":{"bbox":{"roads":{"area":961.33,"pct":2.37}},"city_same":1,"id":"hex:2182:17462"},"type":"Feature"},{"geometry":{"coordinates":[[[-117.98539,34.17538],[-117.9847,34.17441],[-117.98536,34.17343],[-117.98672,34.17342],[-117.98741,34.17439],[-117.98685,34.17522],[-117.98657,34.17527],[-117.9863,34.17538],[-117.98539,34.17538]]],"type":"Polygon"},"properties":{"bbox":{"roads":{"area":629.22,"pct":1.57}},"city_same":1,"id":"hex:2182:17468"},"type":"Feature"},{"geometry":{"coordinates":[[[-117.98498,34.14024],[-117.98431,34.14122],[-117.98296,34.14124],[-117.98227,34.14026],[-117.98273,34.13958],[-117.98449,34.13955],[-117.98498,34.14024]]],"type":"Polygon"},"properties":{"bbox":{"roads":{"area":4451.66,"pct":12.37}},"city":{"roads":{"area":2897.56,"pct":8.05}},"id":"hex:2183:17450"},"type":"Feature"},{"geometry":{"coordinates":[[[-117.98229,34.14222],[-117.98298,34.14319],[-117.98433,34.14318],[-117.985,34.14219],[-117.98431,34.14122],[-117.98296,34.14124],[-117.98229,34.14222]]],"type":"Polygon"},"properties":{"bbox":{"roads":{"area":3007.99,"pct":7.41}},"city_same":1,"id":"hex:2183:17451"},"type":"Feature"},{"geometry":{"coordinates":[[[-117.98231,34.14417],[-117.983,34.14514],[-117.98436,34.14513],[-117.98502,34.14415],[-117.98433,34.14318],[-117.98298,34.14319],[-117.98231,34.14417]]],"type":"Polygon"},"properties":{"bbox":{"roads":{"area":2972.24,"pct":7.32}},"city_same":1,"id":"hex:2183:17452"},"type":"Feature"},{"geometry":{"coordinates":[[[-117.98233,34.14612],[-117.98302,34.14709],[-117.98438,34.14708],[-117.98505,34.1461],[-117.98436,34.14513],[-117.983,34.14514],[-117.98233,34.14612]]],"type":"Polygon"},"properties":{"bbox":{"roads":{"area":2846.27,"pct":7.01}},"city_same":1,"id":"hex:2183:17453"},"type":"Feature"},{"geometry":{"coordinates":[[[-117.98236,34.14807],[-117.98305,34.14904],[-117.9844,34.14903],[-117.98507,34.14805],[-117.98438,34.14708],[-117.98302,34.14709],[-117.98236,34.14807]]],"type":"Polygon"},"properties":{"bbox":{"roads":{"area":2049.2,"pct":5.05}},"city_same":1,"id":"hex:2183:17454"},"type":"Feature"},{"geometry":{"coordinates":[[[-117.98238,34.15003],[-117.98305,34.14904],[-117.9844,34.14903],[-117.98509,34.15],[-117.98442,34.15099],[-117.9835,34.15099],[-117.98339,34.15059],[-117.98269,34.15046],[-117.98238,34.15003]]],"type":"Polygon"},"properties":{"bbox":{"roads":{"area":3746.66,"pct":9.86}},"city_same":1,"id":"hex:2183:17455"},"type":"Feature"},{"geometry":{"coordinates":[[[[-117.98511,34.15196],[-117.98511,34.15197],[-117.98511,34.15195],[-117.98511,34.15196]]],[[[-117.98442,34.15099],[-117.98483,34.15156],[-117.98388,34.15156],[-117.98356,34.15118],[-117.9835,34.15099],[-117.98442,34.15099]]]],"type":"MultiPolygon"},"properties":{"bbox":{"roads":{"area":423.97,"pct":7.46}},"city_same":1,"id":"hex:2183:17456"},"type":"Feature"},{"geometry":{"coordinates":[[[-117.98449,34.15684],[-117.98314,34.15685],[-117.98274,34.1563],[-117.9832,34.15631],[-117.98395,34.15634],[-117.98474,34.15638],[-117.98502,34.15606],[-117.98449,34.15684]]],"type":"Polygon"},"properties":{"bbox":{"roads":{"area":265.14,"pct":2.94}},"city_same":1,"id":"hex:2183:17458"},"type":"Feature"},{"geometry":{"coordinates":[[[-117.98247,34.15784],[-117.98316,34.15881],[-117.98452,34.1588],[-117.98518,34.15781],[-117.98449,34.15684],[-117.98314,34.15685],[-117.98247,34.15784]]],"type":"Polygon"},"properties":{"bbox":{"roads":{"area":2881.9,"pct":7.1}},"city_same":1,"id":"hex:2183:17459"},"type":"Feature"},{"geometry":{"coordinates":[[[-117.98249,34.15979],[-117.98318,34.16076],[-117.98454,34.16075],[-117.9852,34.15977],[-117.98452,34.1588],[-117.98316,34.15881],[-117.98249,34.15979]]],"type":"Polygon"},"properties":{"bbox":{"roads":{"area":1657.81,"pct":4.08}},"city_same":1,"id":"hex:2183:17460"},"type":"Feature"},{"geometry":{"coordinates":[[[-117.98252,34.16174],[-117.9832,34.16271],[-117.98456,34.1627],[-117.98523,34.16172],[-117.98454,34.16075],[-117.98318,34.16076],[-117.98252,34.16174]]],"type":"Polygon"},"properties":{"bbox":{"roads":{"area":813.99,"pct":2.01}},"city_same":1,"id":"hex:2183:17461"},"type":"Feature"},{"geometry":{"coordinates":[[[-117.98254,34.16369],[-117.98323,34.16466],[-117.98458,34.16465],[-117.98525,34.16367],[-117.98456,34.1627],[-117.9832,34.16271],[-117.98254,34.16369]]],"type":"Polygon"},"properties":{"bbox":{"roads":{"area":1238.76,"pct":3.05}},"city_same":1,"id":"hex:2183:17462"},"type":"Feature"},{"geometry":{"coordinates":[[[-117.98267,34.17541],[-117.98336,34.17638],[-117.98472,34.17637],[-117.98539,34.17538],[-117.9847,34.17441],[-117.98334,34.17442],[-117.98267,34.17541]]],"type":"Polygon"},"properties":{"bbox":{"roads":{"area":1084.67,"pct":2.67}},"city_same":1,"id":"hex:2183:17468"},"type":"Feature"},{"geometry":{"coordinates":[[[-117.98474,34.17832],[-117.98339,34.17833],[-117.9827,34.17736],[-117.98336,34.17638],[-117.98472,34.17637],[-117.98477,34.17643],[-117.98443,34.17657],[-117.98421,34.17677],[-117.98427,34.17717],[-117.98468,34.17752],[-117.98517,34.17769],[-117.98474,34.17832]]],"type":"Polygon"},"properties":{"bbox":{"roads":{"area":230.53,"pct":0.73}},"city_same":1,"id":"hex:2183:17469"},"type":"Feature"},{"geometry":{"coordinates":[[[-117.98227,34.14026],[-117.98091,34.14028],[-117.98059,34.13982],[-117.98059,34.13962],[-117.98273,34.13958],[-117.98227,34.14026]]],"type":"Polygon"},"properties":{"bbox":{"roads":{"area":2910.93,"pct":23.75}},"city":{"roads":{"area":1382.49,"pct":11.28}},"id":"hex:2184:17450"},"type":"Feature"},{"geometry":{"coordinates":[[[-117.98024,34.14126],[-117.98093,34.14223],[-117.98229,34.14222],[-117.98296,34.14124],[-117.98227,34.14026],[-117.98091,34.14028],[-117.98024,34.14126]]],"type":"Polygon"},"properties":{"bbox":{"roads":{"area":4000.32,"pct":9.85}},"city_same":1,"id":"hex:2184:17451"},"type":"Feature"},{"geometry":{"coordinates":[[[-117.98027,34.14321],[-117.98096,34.14418],[-117.98231,34.14417],[-117.98298,34.14319],[-117.98229,34.14222],[-117.98093,34.14223],[-117.98027,34.14321]]],"type":"Polygon"},"properties":{"bbox":{"roads":{"area":4947.07,"pct":12.19}},"city_same":1,"id":"hex:2184:17452"},"type":"Feature"},{"geometry":{"coordinates":[[[-117.98029,34.14516],[-117.98098,34.14613],[-117.98233,34.14612],[-117.983,34.14514],[-117.98231,34.14417],[-117.98096,34.14418],[-117.98029,34.14516]]],"type":"Polygon"},"properties":{"bbox":{"roads":{"area":1974.97,"pct":4.87}},"city_same":1,"id":"hex:2184:17453"},"type":"Feature"},{"geometry":{"coordinates":[[[-117.98031,34.14711],[-117.98098,34.14613],[-117.98233,34.14612],[-117.98302,34.14709],[-117.98236,34.14807],[-117.98197,34.14808],[-117.98199,34.14778],[-117.9808,34.14779],[-117.98031,34.14711]]],"type":"Polygon"},"properties":{"bbox":{"roads":{"area":3077.72,"pct":8.24}},"city_same":1,"id":"hex:2184:17454"},"type":"Feature"},{"geometry":{"coordinates":[[[-117.98236,34.14807],[-117.98305,34.14904],[-117.98238,34.15003],[-117.98206,34.15003],[-117.98204,34.14945],[-117.98199,34.14928],[-117.98198,34.14892],[-117.98198,34.14854],[-117.98197,34.14817],[-117.98197,34.14808],[-117.98236,34.14807]]],"type":"Polygon"},"properties":{"bbox":{"roads":{"area":1459.12,"pct":10.41}},"city_same":1,"id":"hex:2184:17455"},"type":"Feature"},{"geometry":{"coordinates":[[[-117.98238,34.15003],[-117.98269,34.15046],[-117.98242,34.15041],[-117.98208,34.15042],[-117.98208,34.15039],[-117.98206,34.15003],[-117.98238,34.15003]]],"type":"Polygon"},"properties":{"bbox":{"roads":{"area":94,"pct":5.16}},"city_same":1,"id":"hex:2184:17456"},"type":"Feature"},{"geometry":{"coordinates":[[[-117.98314,34.15685],[-117.98247,34.15784],[-117.98111,34.15785],[-117.98043,34.15688],[-117.98055,34.15669],[-117.9809,34.15683],[-117.98109,34.15643],[-117.98192,34.15663],[-117.98256,34.15652],[-117.98268,34.15633],[-117.9827,34.1563],[-117.98274,34.1563],[-117.98314,34.15685]]],"type":"Polygon"},"properties":{"bbox":{"roads":{"area":1232.07,"pct":4.41}},"city_same":1,"id":"hex:2184:17459"},"type":"Feature"},{"geometry":{"coordinates":[[[-117.98045,34.15883],[-117.98114,34.1598],[-117.98249,34.15979],[-117.98316,34.15881],[-117.98247,34.15784],[-117.98111,34.15785],[-117.98045,34.15883]]],"type":"Polygon"},"properties":{"bbox":{"roads":{"area":2807.61,"pct":6.92}},"city_same":1,"id":"hex:2184:17460"},"type":"Feature"},{"geometry":{"coordinates":[[[-117.98047,34.16078],[-117.98116,34.16175],[-117.98252,34.16174],[-117.98318,34.16076],[-117.98249,34.15979],[-117.98114,34.1598],[-117.98047,34.16078]]],"type":"Polygon"},"properties":{"bbox":{"roads":{"area":12.87,"pct":0.03}},"city_same":1,"id":"hex:2184:17461"},"type":"Feature"},{"geometry":{"coordinates":[[[-117.98049,34.16273],[-117.98118,34.1637],[-117.98254,34.16369],[-117.9832,34.16271],[-117.98252,34.16174],[-117.98116,34.16175],[-117.98049,34.16273]]],"type":"Polygon"},"properties":{"bbox":{"roads":{"area":92.16,"pct":0.23}},"city_same":1,"id":"hex:2184:17462"},"type":"Feature"},{"geometry":{"coordinates":[[[-117.98065,34.1764],[-117.98134,34.17737],[-117.9827,34.17736],[-117.98336,34.17638],[-117.98267,34.17541],[-117.98132,34.17542],[-117.98065,34.1764]]],"type":"Polygon"},"properties":{"bbox":{"roads":{"area":726.71,"pct":1.79}},"city_same":1,"id":"hex:2184:17469"},"type":"Feature"},{"geometry":{"coordinates":[[[-117.98091,34.14028],[-117.98024,34.14126],[-117.97977,34.14126],[-117.97976,34.14045],[-117.9806,34.14044],[-117.98059,34.13982],[-117.98091,34.14028]]],"type":"Polygon"},"properties":{"bbox":{"roads":{"area":424.73,"pct":5.7}},"city_same":1,"id":"hex:2185:17450"},"type":"Feature"},{"geometry":{"coordinates":[[[-117.98024,34.14126],[-117.98093,34.14223],[-117.98027,34.14321],[-117.97978,34.14321],[-117.97977,34.14126],[-117.98024,34.14126]]],"type":"Polygon"},"properties":{"bbox":{"roads":{"area":943.52,"pct":5.75}},"city_same":1,"id":"hex:2185:17451"},"type":"Feature"},{"geometry":{"coordinates":[[[-117.98027,34.14321],[-117.98096,34.14418],[-117.98029,34.14516],[-117.97893,34.14517],[-117.97824,34.1442],[-117.97885,34.14331],[-117.97978,34.14329],[-117.97978,34.14321],[-117.98027,34.14321]]],"type":"Polygon"},"properties":{"bbox":{"roads":{"area":3337.23,"pct":8.38}},"city_same":1,"id":"hex:2185:17452"},"type":"Feature"},{"geometry":{"coordinates":[[[-117.97827,34.14615],[-117.97893,34.14517],[-117.98029,34.14516],[-117.98098,34.14613],[-117.98031,34.14711],[-117.97975,34.14712],[-117.97975,34.14687],[-117.97961,34.14686],[-117.97922,34.14687],[-117.97878,34.14687],[-117.97827,34.14615]]],"type":"Polygon"},"properties":{"bbox":{"roads":{"area":2599.45,"pct":6.78}},"city_same":1,"id":"hex:2185:17453"},"type":"Feature"},{"geometry":{"coordinates":[[[-117.9784,34.15787],[-117.97909,34.15884],[-117.98045,34.15883],[-117.98111,34.15785],[-117.98043,34.15688],[-117.97907,34.15689],[-117.9784,34.15787]]],"type":"Polygon"},"properties":{"bbox":{"roads":{"area":2851.53,"pct":7.02}},"city_same":1,"id":"hex:2185:17459"},"type":"Feature"},{"geometry":{"coordinates":[[[-117.97843,34.15982],[-117.97911,34.16079],[-117.98047,34.16078],[-117.98114,34.1598],[-117.98045,34.15883],[-117.97909,34.15884],[-117.97843,34.15982]]],"type":"Polygon"},"properties":{"bbox":{"roads":{"area":3676.95,"pct":9.06}},"city_same":1,"id":"hex:2185:17460"},"type":"Feature"},{"geometry":{"coordinates":[[[-117.97845,34.16177],[-117.97914,34.16274],[-117.98049,34.16273],[-117.98116,34.16175],[-117.98047,34.16078],[-117.97911,34.16079],[-117.97845,34.16177]]],"type":"Polygon"},"properties":{"bbox":{"roads":{"area":2826.35,"pct":6.96}},"city_same":1,"id":"hex:2185:17461"},"type":"Feature"},{"geometry":{"coordinates":[[[-117.97863,34.17739],[-117.97932,34.17836],[-117.98067,34.17835],[-117.98134,34.17737],[-117.98065,34.1764],[-117.97929,34.17641],[-117.97863,34.17739]]],"type":"Polygon"},"properties":{"bbox":{"roads":{"area":899.92,"pct":2.22}},"city_same":1,"id":"hex:2185:17469"},"type":"Feature"},{"geometry":{"coordinates":[[[-117.97865,34.17934],[-117.97934,34.18031],[-117.9807,34.1803],[-117.98136,34.17932],[-117.98067,34.17835],[-117.97932,34.17836],[-117.97865,34.17934]]],"type":"Polygon"},"properties":{"bbox":{"roads":{"area":314.5,"pct":0.77}},"city_same":1,"id":"hex:2185:17470"},"type":"Feature"},{"geometry":{"coordinates":[[[-117.97824,34.1442],[-117.97689,34.14421],[-117.97647,34.14362],[-117.97755,34.14362],[-117.97756,34.14333],[-117.97885,34.14331],[-117.97824,34.1442]]],"type":"Polygon"},"properties":{"bbox":{"roads":{"area":2513.44,"pct":17.61}},"city_same":1,"id":"hex:2186:17452"},"type":"Feature"},{"geometry":{"coordinates":[[[-117.97622,34.14519],[-117.97691,34.14616],[-117.97827,34.14615],[-117.97893,34.14517],[-117.97824,34.1442],[-117.97689,34.14421],[-117.97622,34.14519]]],"type":"Polygon"},"properties":{"bbox":{"roads":{"area":3079.69,"pct":7.59}},"city_same":1,"id":"hex:2186:17453"},"type":"Feature"},{"geometry":{"coordinates":[[[-117.97691,34.14616],[-117.97827,34.14615],[-117.97878,34.14687],[-117.97814,34.14687],[-117.97765,34.1469],[-117.97756,34.1469],[-117.977,34.1469],[-117.97641,34.14691],[-117.97691,34.14616]]],"type":"Polygon"},"properties":{"bbox":{"roads":{"area":2162.56,"pct":15.54}},"city_same":1,"id":"hex:2186:17454"},"type":"Feature"},{"geometry":{"coordinates":[[[-117.97907,34.15689],[-117.9784,34.15787],[-117.97747,34.15788],[-117.97745,34.15592],[-117.97761,34.15592],[-117.97861,34.15624],[-117.97907,34.15689]]],"type":"Polygon"},"properties":{"bbox":{"roads":{"area":802.44,"pct":3.32}},"city_same":1,"id":"hex:2186:17459"},"type":"Feature"},{"geometry":{"coordinates":[[[-117.9784,34.15787],[-117.97909,34.15884],[-117.97843,34.15982],[-117.97748,34.15983],[-117.97747,34.15788],[-117.9784,34.15787]]],"type":"Polygon"},"properties":{"bbox":{"roads":{"area":795.13,"pct":3.12}},"city_same":1,"id":"hex:2186:17460"},"type":"Feature"},{"geometry":{"coordinates":[[[-117.97843,34.15982],[-117.97911,34.16079],[-117.97845,34.16177],[-117.9775,34.16178],[-117.97748,34.15983],[-117.97843,34.15982]]],"type":"Polygon"},"properties":{"bbox":{"roads":{"area":1076.4,"pct":4.21}},"city_same":1,"id":"hex:2186:17461"},"type":"Feature"},{"geometry":{"coordinates":[[[-117.97845,34.16177],[-117.97914,34.16274],[-117.97847,34.16372],[-117.97752,34.16373],[-117.9775,34.16178],[-117.97845,34.16177]],[[-117.97796,34.16314],[-117.97799,34.16314],[-117.97822,34.16309],[-117.97857,34.163],[-117.97872,34.1629],[-117.9789,34.16276],[-117.9787,34.16263],[-117.97833,34.16239],[-117.97821,34.1626],[-117.97808,34.16278],[-117.97797,34.16298],[-117.97792,34.16309],[-117.97796,34.16314]]],"type":"Polygon"},"properties":{"bbox":{"roads":{"area":116.92,"pct":0.53}},"city_same":1,"id":"hex:2186:17462"},"type":"Feature"},{"geometry":{"coordinates":[[[-117.9766,34.17838],[-117.97729,34.17935],[-117.97865,34.17934],[-117.97932,34.17836],[-117.97863,34.17739],[-117.97727,34.1774],[-117.9766,34.17838]]],"type":"Polygon"},"properties":{"bbox":{"parking":{"area":1242.03,"pct":3.06},"roads":{"area":686.86,"pct":1.69}},"city_same":1,"id":"hex:2186:17470"},"type":"Feature"},{"geometry":{"coordinates":[[[-117.97689,34.14421],[-117.97622,34.14519],[-117.97536,34.1452],[-117.97537,34.14362],[-117.97647,34.14362],[-117.97689,34.14421]]],"type":"Polygon"},"properties":{"bbox":{"roads":{"area":1418.27,"pct":7.1}},"city_same":1,"id":"hex:2187:17452"},"type":"Feature"},{"geometry":{"coordinates":[[[-117.97622,34.14519],[-117.97691,34.14616],[-117.97641,34.14691],[-117.97593,34.14691],[-117.97535,34.1469],[-117.97536,34.1452],[-117.97622,34.14519]]],"type":"Polygon"},"properties":{"bbox":{"roads":{"area":1520.37,"pct":6.94}},"city_same":1,"id":"hex:2187:17453"},"type":"Feature"}],"type":"FeatureCollection","v":2}