{"features":[{"geometry":{"coordinates":[[[-122.68218,38.27387],[-122.68235,38.27364],[-122.6824,38.27367],[-122.6824,38.27418],[-122.68218,38.27387]]],"type":"Polygon"},"properties":{"bbox":{"roads":{"area":2.84,"pct":0.44}},"city_same":1,"id":"hex:3518:24458"},"type":"Feature"},{"geometry":{"coordinates":[[[-122.68218,38.27387],[-122.68103,38.27387],[-122.68047,38.27308],[-122.68078,38.27265],[-122.68235,38.27364],[-122.68218,38.27387]]],"type":"Polygon"},"properties":{"bbox":{"roads":{"area":1246.14,"pct":10.62}},"city_same":1,"id":"hex:3519:24457"},"type":"Feature"},{"geometry":{"coordinates":[[[-122.68217,38.27543],[-122.68103,38.27543],[-122.68046,38.27465],[-122.68103,38.27387],[-122.68218,38.27387],[-122.6824,38.27418],[-122.68239,38.27513],[-122.68217,38.27543]]],"type":"Polygon"},"properties":{"bbox":{"roads":{"area":1304.46,"pct":5.35}},"city_same":1,"id":"hex:3519:24458"},"type":"Feature"},{"geometry":{"coordinates":[[[-122.68102,38.27699],[-122.68157,38.27699],[-122.68146,38.27707],[-122.6808,38.27749],[-122.68065,38.27759],[-122.68054,38.27766],[-122.6805,38.27769],[-122.6805,38.27769],[-122.68071,38.27741],[-122.68073,38.27742],[-122.68073,38.27738],[-122.68102,38.27699]]],"type":"Polygon"},"properties":{"bbox":{"roads":{"area":22.27,"pct":1.18}},"id":"hex:3519:24460"},"type":"Feature"},{"geometry":{"coordinates":[[[-122.67933,38.27152],[-122.67885,38.27087],[-122.67901,38.27077],[-122.67933,38.27065],[-122.67984,38.27065],[-122.68044,38.27065],[-122.6804,38.27083],[-122.68026,38.27152],[-122.67933,38.27152]]],"type":"Polygon"},"properties":{"bbox":{"roads":{"area":1870.71,"pct":17.55}},"city_same":1,"id":"hex:3520:24456"},"type":"Feature"},{"geometry":{"coordinates":[[[-122.68047,38.27308],[-122.67932,38.27308],[-122.67875,38.2723],[-122.67933,38.27152],[-122.68026,38.27152],[-122.68011,38.27221],[-122.6802,38.27228],[-122.68026,38.27232],[-122.68062,38.27255],[-122.68078,38.27265],[-122.68047,38.27308]]],"type":"Polygon"},"properties":{"bbox":{"roads":{"area":3556.1,"pct":17.52}},"city_same":1,"id":"hex:3520:24457"},"type":"Feature"},{"geometry":{"coordinates":[[[-122.67875,38.27386],[-122.67931,38.27464],[-122.68046,38.27465],[-122.68103,38.27387],[-122.68047,38.27308],[-122.67932,38.27308],[-122.67875,38.27386]]],"type":"Polygon"},"properties":{"bbox":{"parking":{"area":1406.6,"pct":5.41},"roads":{"area":2912.91,"pct":11.21}},"city_same":1,"id":"hex:3520:24458"},"type":"Feature"},{"geometry":{"coordinates":[[[-122.67874,38.27542],[-122.67931,38.27464],[-122.68046,38.27465],[-122.68103,38.27543],[-122.68045,38.27621],[-122.67946,38.2762],[-122.67912,38.27588],[-122.67894,38.2757],[-122.67874,38.27542]]],"type":"Polygon"},"properties":{"bbox":{"roads":{"area":94.7,"pct":0.37}},"city_same":1,"id":"hex:3520:24459"},"type":"Feature"},{"geometry":{"coordinates":[[[[-122.6793,38.27776],[-122.67873,38.27698],[-122.67931,38.27621],[-122.68027,38.27709],[-122.68053,38.27729],[-122.68071,38.27741],[-122.6805,38.27769],[-122.68042,38.27775],[-122.68039,38.27777],[-122.6793,38.27776]]],[[[-122.68045,38.27621],[-122.68102,38.27699],[-122.68073,38.27738],[-122.68073,38.27736],[-122.6805,38.2772],[-122.68014,38.27687],[-122.67946,38.2762],[-122.68045,38.27621]]]],"type":"MultiPolygon"},"properties":{"bbox":{"roads":{"area":1354.59,"pct":5.5}},"id":"hex:3520:24460"},"type":"Feature"},{"geometry":{"coordinates":[[[-122.67873,38.27854],[-122.6793,38.27776],[-122.68039,38.27777],[-122.67991,38.27811],[-122.67905,38.2787],[-122.67889,38.27877],[-122.67873,38.27854]]],"type":"Polygon"},"properties":{"bbox":{"roads":{"area":43.76,"pct":0.63}},"id":"hex:3520:24461"},"type":"Feature"},{"geometry":{"coordinates":[[[-122.67933,38.27152],[-122.67875,38.2723],[-122.67761,38.2723],[-122.67726,38.27182],[-122.67788,38.27145],[-122.67885,38.27087],[-122.67933,38.27152]]],"type":"Polygon"},"properties":{"bbox":{"roads":{"area":2905.86,"pct":17.23}},"city_same":1,"id":"hex:3521:24456"},"type":"Feature"},{"geometry":{"coordinates":[[[[-122.67704,38.27307],[-122.67709,38.273],[-122.67712,38.27319],[-122.67704,38.27307]]],[[[-122.67761,38.2723],[-122.67875,38.2723],[-122.67932,38.27308],[-122.67875,38.27386],[-122.6776,38.27386],[-122.67727,38.27339],[-122.67718,38.27301],[-122.67717,38.2729],[-122.67761,38.2723]]]],"type":"MultiPolygon"},"properties":{"bbox":{"parking":{"area":759.06,"pct":2.96},"roads":{"area":2237.79,"pct":8.72}},"city_same":1,"id":"hex:3521:24457"},"type":"Feature"},{"geometry":{"coordinates":[[[[-122.6776,38.27542],[-122.67703,38.27464],[-122.67738,38.27415],[-122.67828,38.27517],[-122.67853,38.27542],[-122.6776,38.27542]]],[[[-122.6776,38.27386],[-122.67875,38.27386],[-122.67931,38.27464],[-122.67874,38.27542],[-122.67866,38.27542],[-122.67816,38.27493],[-122.67744,38.27408],[-122.6776,38.27386]]]],"type":"MultiPolygon"},"properties":{"bbox":{"parking":{"area":31.96,"pct":0.13},"roads":{"area":1176.08,"pct":4.78}},"city":{"parking":{"area":31.96,"pct":0.13},"roads":{"area":117.19,"pct":0.48}},"id":"hex:3521:24458"},"type":"Feature"},{"geometry":{"coordinates":[[[[-122.67873,38.27698],[-122.67759,38.27698],[-122.67702,38.2762],[-122.6776,38.27542],[-122.67853,38.27542],[-122.67924,38.27615],[-122.67931,38.27621],[-122.67873,38.27698]]],[[[-122.67874,38.27542],[-122.67894,38.2757],[-122.67866,38.27542],[-122.67874,38.27542]]]],"type":"MultiPolygon"},"properties":{"bbox":{"roads":{"area":1008.63,"pct":3.99}},"id":"hex:3521:24459"},"type":"Feature"},{"geometry":{"coordinates":[[[-122.67701,38.27776],[-122.67758,38.27854],[-122.67873,38.27854],[-122.6793,38.27776],[-122.67873,38.27698],[-122.67759,38.27698],[-122.67701,38.27776]]],"type":"Polygon"},"properties":{"bbox":{"roads":{"area":3387.95,"pct":13.04}},"id":"hex:3521:24460"},"type":"Feature"},{"geometry":{"coordinates":[[[-122.67758,38.27854],[-122.67873,38.27854],[-122.67889,38.27877],[-122.67886,38.27879],[-122.67867,38.27888],[-122.67858,38.27892],[-122.67836,38.27908],[-122.67819,38.2792],[-122.67819,38.27928],[-122.6782,38.27933],[-122.67701,38.27932],[-122.67758,38.27854]]],"type":"Polygon"},"properties":{"bbox":{"roads":{"area":973.7,"pct":10.26}},"id":"hex:3521:24461"},"type":"Feature"},{"geometry":{"coordinates":[[[[-122.67704,38.27307],[-122.67589,38.27307],[-122.67568,38.27278],[-122.67577,38.27273],[-122.67601,38.27258],[-122.67673,38.27211],[-122.67694,38.27197],[-122.67702,38.27254],[-122.67709,38.273],[-122.67704,38.27307]]],[[[-122.67761,38.2723],[-122.67717,38.2729],[-122.67702,38.27193],[-122.67702,38.27193],[-122.6772,38.27185],[-122.67726,38.27182],[-122.67726,38.27182],[-122.67761,38.2723]]]],"type":"MultiPolygon"},"properties":{"bbox":{"roads":{"area":411.4,"pct":3.35}},"city":{"roads":{"area":70.88,"pct":0.58}},"id":"hex:3522:24457"},"type":"Feature"},{"geometry":{"coordinates":[[[[-122.67703,38.27464],[-122.67589,38.27463],[-122.67532,38.27385],[-122.67589,38.27307],[-122.67704,38.27307],[-122.67712,38.27319],[-122.67718,38.27367],[-122.6773,38.27406],[-122.67738,38.27415],[-122.67703,38.27464]]],[[[-122.6776,38.27386],[-122.67744,38.27408],[-122.67741,38.27404],[-122.67727,38.27339],[-122.6776,38.27386]]]],"type":"MultiPolygon"},"properties":{"bbox":{"roads":{"area":2988.64,"pct":11.97}},"city":{"roads":{"area":1713.17,"pct":6.86}},"id":"hex:3522:24458"},"type":"Feature"},{"geometry":{"coordinates":[[[-122.67531,38.27541],[-122.67588,38.27619],[-122.67702,38.2762],[-122.6776,38.27542],[-122.67703,38.27464],[-122.67589,38.27463],[-122.67531,38.27541]]],"type":"Polygon"},"properties":{"bbox":{"roads":{"area":1091.95,"pct":4.2}},"city_same":1,"id":"hex:3522:24459"},"type":"Feature"},{"geometry":{"coordinates":[[[-122.6753,38.27697],[-122.67587,38.27775],[-122.67701,38.27776],[-122.67759,38.27698],[-122.67702,38.2762],[-122.67588,38.27619],[-122.6753,38.27697]]],"type":"Polygon"},"properties":{"bbox":{"roads":{"area":3971.83,"pct":15.29}},"id":"hex:3522:24460"},"type":"Feature"},{"geometry":{"coordinates":[[[-122.67418,38.27229],[-122.67361,38.2715],[-122.67409,38.27086],[-122.6752,38.27222],[-122.67526,38.27229],[-122.67418,38.27229]]],"type":"Polygon"},"properties":{"bbox":{"roads":{"area":33.13,"pct":0.3}},"city_same":1,"id":"hex:3523:24456"},"type":"Feature"},{"geometry":{"coordinates":[[[-122.67361,38.27307],[-122.67418,38.27229],[-122.67526,38.27229],[-122.67559,38.2727],[-122.67566,38.2728],[-122.67568,38.27278],[-122.67589,38.27307],[-122.67532,38.27385],[-122.67417,38.27385],[-122.67405,38.27368],[-122.67431,38.27334],[-122.67425,38.27328],[-122.67418,38.27332],[-122.67392,38.2735],[-122.67361,38.27307]]],"type":"Polygon"},"properties":{"bbox":{"roads":{"area":2114.08,"pct":8.41}},"city_same":1,"id":"hex:3523:24457"},"type":"Feature"},{"geometry":{"coordinates":[[[-122.67417,38.27385],[-122.67532,38.27385],[-122.67589,38.27463],[-122.67531,38.27541],[-122.67417,38.27541],[-122.6736,38.27463],[-122.67402,38.27405],[-122.67459,38.27448],[-122.67495,38.27483],[-122.67491,38.27492],[-122.67493,38.275],[-122.67503,38.27504],[-122.67508,38.27498],[-122.67511,38.27488],[-122.67527,38.27471],[-122.67535,38.27464],[-122.67528,38.27454],[-122.67493,38.27462],[-122.67461,38.27436],[-122.6745,38.27419],[-122.67426,38.27399],[-122.67414,38.27389],[-122.67417,38.27385]]],"type":"Polygon"},"properties":{"bbox":{"roads":{"area":2785.84,"pct":12.05}},"city":{"roads":{"area":1354.38,"pct":5.86}},"id":"hex:3523:24458"},"type":"Feature"},{"geometry":{"coordinates":[[[-122.67359,38.27619],[-122.67416,38.27697],[-122.6753,38.27697],[-122.67588,38.27619],[-122.67531,38.27541],[-122.67417,38.27541],[-122.67359,38.27619]]],"type":"Polygon"},"properties":{"bbox":{"roads":{"area":4061.47,"pct":15.63}},"city":{"roads":{"area":304.23,"pct":1.17}},"id":"hex:3523:24459"},"type":"Feature"},{"geometry":{"coordinates":[[[-122.67358,38.27775],[-122.67415,38.27853],[-122.6753,38.27853],[-122.67587,38.27775],[-122.6753,38.27697],[-122.67416,38.27697],[-122.67358,38.27775]]],"type":"Polygon"},"properties":{"bbox":{"roads":{"area":233.09,"pct":0.9}},"city_same":1,"id":"hex:3523:24460"},"type":"Feature"},{"geometry":{"coordinates":[[[[-122.67362,38.26994],[-122.67248,38.26994],[-122.67191,38.26916],[-122.6721,38.26889],[-122.67229,38.26905],[-122.67336,38.26956],[-122.67365,38.2699],[-122.67362,38.26994]]],[[[-122.67243,38.26845],[-122.67248,38.26851],[-122.67296,38.26908],[-122.67301,38.26914],[-122.67322,38.2694],[-122.67254,38.26906],[-122.6722,38.26876],[-122.67243,38.26845]]]],"type":"MultiPolygon"},"properties":{"bbox":{"roads":{"area":1231.63,"pct":10.96},"sidewalks":{"area":58.46,"pct":0.52}},"city":{"roads":{"area":165.48,"pct":1.47},"sidewalks":{"area":58.46,"pct":0.52}},"id":"hex:3524:24455"},"type":"Feature"},{"geometry":{"coordinates":[[[-122.67361,38.2715],[-122.67247,38.2715],[-122.6719,38.27072],[-122.67248,38.26994],[-122.67362,38.26994],[-122.67378,38.27016],[-122.67374,38.27021],[-122.67366,38.27032],[-122.6738,38.27049],[-122.67409,38.27086],[-122.67361,38.2715]]],"type":"Polygon"},"properties":{"bbox":{"roads":{"area":282.08,"pct":1.14}},"id":"hex:3524:24456"},"type":"Feature"},{"geometry":{"coordinates":[[[-122.67189,38.27228],[-122.67246,38.27306],[-122.67361,38.27307],[-122.67418,38.27229],[-122.67361,38.2715],[-122.67247,38.2715],[-122.67189,38.27228]]],"type":"Polygon"},"properties":{"bbox":{"roads":{"area":360.42,"pct":1.39}},"city_same":1,"id":"hex:3524:24457"},"type":"Feature"},{"geometry":{"coordinates":[[[[-122.6736,38.27463],[-122.67246,38.27462],[-122.67189,38.27384],[-122.67246,38.27306],[-122.67361,38.27307],[-122.67392,38.2735],[-122.67367,38.27367],[-122.6737,38.2738],[-122.67402,38.27405],[-122.6736,38.27463]]],[[[-122.67417,38.27385],[-122.67414,38.27389],[-122.67412,38.27387],[-122.67401,38.27373],[-122.67405,38.27368],[-122.67417,38.27385]]]],"type":"MultiPolygon"},"properties":{"bbox":{"roads":{"area":5510.3,"pct":22.35}},"city":{"roads":{"area":938.8,"pct":3.81}},"id":"hex:3524:24458"},"type":"Feature"},{"geometry":{"coordinates":[[[-122.67188,38.2754],[-122.67245,38.27618],[-122.67359,38.27619],[-122.67417,38.27541],[-122.6736,38.27463],[-122.67246,38.27462],[-122.67188,38.2754]]],"type":"Polygon"},"properties":{"bbox":{"roads":{"area":2329.52,"pct":8.97}},"city":{"roads":{"area":501.21,"pct":1.93}},"id":"hex:3524:24459"},"type":"Feature"},{"geometry":{"coordinates":[[[-122.67187,38.27696],[-122.67244,38.27775],[-122.67358,38.27775],[-122.67416,38.27697],[-122.67359,38.27619],[-122.67245,38.27618],[-122.67187,38.27696]]],"type":"Polygon"},"properties":{"bbox":{"roads":{"area":1758.39,"pct":6.77}},"city_same":1,"id":"hex:3524:24460"},"type":"Feature"},{"geometry":{"coordinates":[[[-122.67243,38.27931],[-122.67187,38.27852],[-122.67244,38.27775],[-122.67358,38.27775],[-122.67415,38.27853],[-122.67359,38.2793],[-122.67282,38.2793],[-122.67281,38.27931],[-122.67243,38.27931]]],"type":"Polygon"},"properties":{"bbox":{"roads":{"area":1897.31,"pct":7.33},"sidewalks":{"area":53.54,"pct":0.21}},"city_same":1,"id":"hex:3524:24461"},"type":"Feature"},{"geometry":{"coordinates":[[[-122.67186,38.28008],[-122.67243,38.27931],[-122.67281,38.27931],[-122.67257,38.27954],[-122.67242,38.27969],[-122.67241,38.2797],[-122.6724,38.2797],[-122.67237,38.27973],[-122.67236,38.27974],[-122.67233,38.27978],[-122.67219,38.27993],[-122.67195,38.28021],[-122.67186,38.28008]]],"type":"Polygon"},"properties":{"bbox":{"roads":{"area":89.74,"pct":4.08}},"city_same":1,"id":"hex:3524:24462"},"type":"Feature"},{"geometry":{"coordinates":[[[-122.67077,38.26759],[-122.6702,38.26681],[-122.67033,38.26665],[-122.67044,38.26684],[-122.67051,38.26698],[-122.67051,38.26699],[-122.67056,38.26713],[-122.67059,38.26725],[-122.67088,38.26717],[-122.67102,38.26713],[-122.67112,38.26711],[-122.67119,38.26717],[-122.67172,38.26758],[-122.67174,38.2676],[-122.67077,38.26759]]],"type":"Polygon"},"properties":{"bbox":{"roads":{"area":853.74,"pct":20}},"city":{"roads":{"area":219.93,"pct":5.15}},"id":"hex:3525:24453"},"type":"Feature"},{"geometry":{"coordinates":[[[[-122.67191,38.26916],[-122.67077,38.26915],[-122.6702,38.26837],[-122.67056,38.26789],[-122.67057,38.2679],[-122.67168,38.26854],[-122.6721,38.26889],[-122.67191,38.26916]]],[[[-122.6722,38.26876],[-122.67202,38.26862],[-122.67061,38.26781],[-122.67077,38.26759],[-122.67174,38.2676],[-122.6719,38.26772],[-122.6721,38.26809],[-122.67212,38.26811],[-122.67243,38.26845],[-122.6722,38.26876]]]],"type":"MultiPolygon"},"properties":{"bbox":{"roads":{"area":3121,"pct":13.69},"sidewalks":{"area":32.53,"pct":0.14}},"city":{"roads":{"area":509.62,"pct":2.24},"sidewalks":{"area":32.53,"pct":0.14}},"id":"hex:3525:24454"},"type":"Feature"},{"geometry":{"coordinates":[[[-122.67019,38.26993],[-122.67076,38.27072],[-122.6719,38.27072],[-122.67248,38.26994],[-122.67191,38.26916],[-122.67077,38.26915],[-122.67019,38.26993]]],"type":"Polygon"},"properties":{"bbox":{"roads":{"area":3939.11,"pct":15.16},"sidewalks":{"area":382.75,"pct":1.47}},"city":{"roads":{"area":2438.98,"pct":9.39},"sidewalks":{"area":382.75,"pct":1.47}},"id":"hex:3525:24455"},"type":"Feature"},{"geometry":{"coordinates":[[[-122.67018,38.27149],[-122.67075,38.27228],[-122.67189,38.27228],[-122.67247,38.2715],[-122.6719,38.27072],[-122.67076,38.27072],[-122.67018,38.27149]]],"type":"Polygon"},"properties":{"bbox":{"roads":{"area":3158.35,"pct":12.16},"sidewalks":{"area":42.2,"pct":0.16}},"city":{"sidewalks":{"area":42.2,"pct":0.16}},"id":"hex:3525:24456"},"type":"Feature"},{"geometry":{"coordinates":[[[-122.67018,38.27306],[-122.67074,38.27384],[-122.67189,38.27384],[-122.67246,38.27306],[-122.67189,38.27228],[-122.67075,38.27228],[-122.67018,38.27306]]],"type":"Polygon"},"properties":{"bbox":{"roads":{"area":7159.51,"pct":27.56}},"city":{"roads":{"area":763.73,"pct":2.94}},"id":"hex:3525:24457"},"type":"Feature"},{"geometry":{"coordinates":[[[-122.67017,38.27462],[-122.67074,38.2754],[-122.67188,38.2754],[-122.67246,38.27462],[-122.67189,38.27384],[-122.67074,38.27384],[-122.67017,38.27462]]],"type":"Polygon"},"properties":{"bbox":{"roads":{"area":3595.23,"pct":13.84}},"city":{"roads":{"area":3586.27,"pct":13.8}},"id":"hex:3525:24458"},"type":"Feature"},{"geometry":{"coordinates":[[[-122.67016,38.27618],[-122.67073,38.27696],[-122.67187,38.27696],[-122.67245,38.27618],[-122.67188,38.2754],[-122.67074,38.2754],[-122.67016,38.27618]]],"type":"Polygon"},"properties":{"bbox":{"roads":{"area":3517.84,"pct":13.54},"sidewalks":{"area":428.84,"pct":1.65}},"city_same":1,"id":"hex:3525:24459"},"type":"Feature"},{"geometry":{"coordinates":[[[-122.67015,38.27774],[-122.67072,38.27852],[-122.67187,38.27852],[-122.67244,38.27775],[-122.67187,38.27696],[-122.67073,38.27696],[-122.67015,38.27774]]],"type":"Polygon"},"properties":{"bbox":{"roads":{"area":2777.66,"pct":10.69},"sidewalks":{"area":506.46,"pct":1.95}},"city_same":1,"id":"hex:3525:24460"},"type":"Feature"},{"geometry":{"coordinates":[[[-122.67015,38.2793],[-122.67072,38.28008],[-122.67186,38.28008],[-122.67243,38.27931],[-122.67187,38.27852],[-122.67072,38.27852],[-122.67015,38.2793]]],"type":"Polygon"},"properties":{"bbox":{"roads":{"area":3205.4,"pct":12.34},"sidewalks":{"area":567.49,"pct":2.18}},"city_same":1,"id":"hex:3525:24461"},"type":"Feature"},{"geometry":{"coordinates":[[[-122.67071,38.28164],[-122.67014,38.28086],[-122.67072,38.28008],[-122.67186,38.28008],[-122.67195,38.28021],[-122.67169,38.28051],[-122.67153,38.2807],[-122.67142,38.28082],[-122.67112,38.28117],[-122.67086,38.28149],[-122.67073,38.28164],[-122.67071,38.28164]]],"type":"Polygon"},"properties":{"bbox":{"roads":{"area":1471.96,"pct":10.18}},"city_same":1,"id":"hex:3525:24462"},"type":"Feature"},{"geometry":{"coordinates":[[[[-122.66906,38.26681],[-122.66849,38.26603],[-122.6686,38.26588],[-122.66896,38.26601],[-122.66945,38.26628],[-122.66982,38.26681],[-122.66906,38.26681]]],[[[-122.6702,38.26681],[-122.66991,38.26681],[-122.66948,38.26619],[-122.66863,38.26584],[-122.66895,38.2654],[-122.66911,38.26555],[-122.66929,38.26571],[-122.6693,38.26573],[-122.66936,38.26578],[-122.66938,38.2658],[-122.6694,38.26582],[-122.66946,38.26588],[-122.66948,38.2659],[-122.66953,38.26586],[-122.66959,38.26583],[-122.66985,38.26607],[-122.66986,38.26608],[-122.66992,38.26614],[-122.67025,38.26652],[-122.67033,38.26665],[-122.6702,38.26681]]]],"type":"MultiPolygon"},"properties":{"bbox":{"roads":{"area":318.58,"pct":2.46}},"id":"hex:3526:24453"},"type":"Feature"},{"geometry":{"coordinates":[[[[-122.6702,38.26837],[-122.66905,38.26837],[-122.66849,38.26759],[-122.66906,38.26681],[-122.66982,38.26681],[-122.67056,38.26789],[-122.6702,38.26837]]],[[[-122.6702,38.26681],[-122.67077,38.26759],[-122.67061,38.26781],[-122.67059,38.2678],[-122.66991,38.26681],[-122.6702,38.26681]]]],"type":"MultiPolygon"},"properties":{"bbox":{"roads":{"area":1591.76,"pct":6.35}},"city":{"roads":{"area":1365.79,"pct":5.45}},"id":"hex:3526:24454"},"type":"Feature"},{"geometry":{"coordinates":[[[-122.66848,38.26915],[-122.66905,38.26993],[-122.67019,38.26993],[-122.67077,38.26915],[-122.6702,38.26837],[-122.66905,38.26837],[-122.66848,38.26915]]],"type":"Polygon"},"properties":{"bbox":{"roads":{"area":4725.41,"pct":18.19},"sidewalks":{"area":314.99,"pct":1.21}},"city":{"roads":{"area":3780.58,"pct":14.55},"sidewalks":{"area":314.99,"pct":1.21}},"id":"hex:3526:24455"},"type":"Feature"},{"geometry":{"coordinates":[[[-122.66847,38.27071],[-122.66904,38.27149],[-122.67018,38.27149],[-122.67076,38.27072],[-122.67019,38.26993],[-122.66905,38.26993],[-122.66847,38.27071]]],"type":"Polygon"},"properties":{"bbox":{"roads":{"area":7863.07,"pct":30.26},"sidewalks":{"area":339.6,"pct":1.31}},"city":{"roads":{"area":2227.26,"pct":8.57},"sidewalks":{"area":339.6,"pct":1.31}},"id":"hex:3526:24456"},"type":"Feature"},{"geometry":{"coordinates":[[[-122.66846,38.27227],[-122.66903,38.27305],[-122.67018,38.27306],[-122.67075,38.27228],[-122.67018,38.27149],[-122.66904,38.27149],[-122.66846,38.27227]]],"type":"Polygon"},"properties":{"bbox":{"roads":{"area":8031.32,"pct":30.91},"sidewalks":{"area":512.72,"pct":1.97}},"city":{"sidewalks":{"area":512.72,"pct":1.97}},"id":"hex:3526:24457"},"type":"Feature"},{"geometry":{"coordinates":[[[-122.66846,38.27383],[-122.66903,38.27461],[-122.67017,38.27462],[-122.67074,38.27384],[-122.67018,38.27306],[-122.66903,38.27305],[-122.66846,38.27383]]],"type":"Polygon"},"properties":{"bbox":{"roads":{"area":5332.74,"pct":20.53},"sidewalks":{"area":448.91,"pct":1.73}},"city":{"roads":{"area":1536.2,"pct":5.91},"sidewalks":{"area":448.91,"pct":1.73}},"id":"hex:3526:24458"},"type":"Feature"},{"geometry":{"coordinates":[[[-122.66845,38.27539],[-122.66902,38.27617],[-122.67016,38.27618],[-122.67074,38.2754],[-122.67017,38.27462],[-122.66903,38.27461],[-122.66845,38.27539]]],"type":"Polygon"},"properties":{"bbox":{"parking":{"area":211.3,"pct":0.81},"roads":{"area":6974.62,"pct":26.85},"sidewalks":{"area":812.9,"pct":3.13}},"city":{"parking":{"area":211.3,"pct":0.81},"roads":{"area":3318.38,"pct":12.77},"sidewalks":{"area":812.9,"pct":3.13}},"id":"hex:3526:24459"},"type":"Feature"},{"geometry":{"coordinates":[[[-122.66844,38.27695],[-122.66901,38.27774],[-122.67015,38.27774],[-122.67073,38.27696],[-122.67016,38.27618],[-122.66902,38.27617],[-122.66844,38.27695]]],"type":"Polygon"},"properties":{"bbox":{"roads":{"area":4568.19,"pct":17.58},"sidewalks":{"area":433.92,"pct":1.67}},"city":{"roads":{"area":2322.46,"pct":8.94},"sidewalks":{"area":433.92,"pct":1.67}},"id":"hex:3526:24460"},"type":"Feature"},{"geometry":{"coordinates":[[[-122.66844,38.27851],[-122.669,38.2793],[-122.67015,38.2793],[-122.67072,38.27852],[-122.67015,38.27774],[-122.66901,38.27774],[-122.66844,38.27851]]],"type":"Polygon"},"properties":{"bbox":{"roads":{"area":3615.64,"pct":13.92},"sidewalks":{"area":177.84,"pct":0.68}},"city":{"roads":{"area":2540.38,"pct":9.78},"sidewalks":{"area":177.84,"pct":0.68}},"id":"hex:3526:24461"},"type":"Feature"},{"geometry":{"coordinates":[[[-122.66843,38.28008],[-122.669,38.28086],[-122.67014,38.28086],[-122.67072,38.28008],[-122.67015,38.2793],[-122.669,38.2793],[-122.66843,38.28008]]],"type":"Polygon"},"properties":{"bbox":{"roads":{"area":2022.72,"pct":7.79},"sidewalks":{"area":344.62,"pct":1.33}},"city_same":1,"id":"hex:3526:24462"},"type":"Feature"},{"geometry":{"coordinates":[[[-122.66842,38.28164],[-122.66899,38.28242],[-122.67013,38.28242],[-122.67071,38.28164],[-122.67014,38.28086],[-122.669,38.28086],[-122.66842,38.28164]]],"type":"Polygon"},"properties":{"bbox":{"roads":{"area":2177.3,"pct":8.38}},"city_same":1,"id":"hex:3526:24463"},"type":"Feature"},{"geometry":{"coordinates":[[[-122.66899,38.28242],[-122.67013,38.28242],[-122.67014,38.28243],[-122.66998,38.28264],[-122.66979,38.28289],[-122.66977,38.28291],[-122.66967,38.28286],[-122.66895,38.28248],[-122.66899,38.28242]]],"type":"Polygon"},"properties":{"bbox":{"roads":{"area":321.43,"pct":10.45}},"city_same":1,"id":"hex:3526:24464"},"type":"Feature"},{"geometry":{"coordinates":[[[-122.66736,38.26446],[-122.66679,38.26368],[-122.6669,38.26352],[-122.66694,38.2635],[-122.66698,38.26353],[-122.66708,38.26362],[-122.66715,38.26369],[-122.66738,38.2639],[-122.66745,38.26397],[-122.66765,38.26416],[-122.66796,38.26446],[-122.66736,38.26446]]],"type":"Polygon"},"properties":{"bbox":{"roads":{"area":411.77,"pct":10.35}},"city_same":1,"id":"hex:3527:24451"},"type":"Feature"},{"geometry":{"coordinates":[[[[-122.66849,38.26603],[-122.66735,38.26602],[-122.66678,38.26524],[-122.66686,38.26514],[-122.66732,38.26541],[-122.6686,38.26588],[-122.66849,38.26603]]],[[[-122.66863,38.26584],[-122.66828,38.2657],[-122.66712,38.26518],[-122.66697,38.26498],[-122.66736,38.26446],[-122.66796,38.26446],[-122.66823,38.26473],[-122.66843,38.26492],[-122.6686,38.26508],[-122.66895,38.2654],[-122.66863,38.26584]]]],"type":"MultiPolygon"},"properties":{"bbox":{"roads":{"area":791.69,"pct":3.79}},"city_same":1,"id":"hex:3527:24452"},"type":"Feature"},{"geometry":{"coordinates":[[[-122.66677,38.2668],[-122.66734,38.26758],[-122.66849,38.26759],[-122.66906,38.26681],[-122.66849,38.26603],[-122.66735,38.26602],[-122.66677,38.2668]]],"type":"Polygon"},"properties":{"bbox":{"roads":{"area":1424.72,"pct":5.48}},"city_same":1,"id":"hex:3527:24453"},"type":"Feature"},{"geometry":{"coordinates":[[[-122.66677,38.26836],[-122.66734,38.26915],[-122.66848,38.26915],[-122.66905,38.26837],[-122.66849,38.26759],[-122.66734,38.26758],[-122.66677,38.26836]]],"type":"Polygon"},"properties":{"bbox":{"roads":{"area":4187.96,"pct":16.12},"sidewalks":{"area":279.03,"pct":1.07}},"city_same":1,"id":"hex:3527:24454"},"type":"Feature"},{"geometry":{"coordinates":[[[-122.66676,38.26992],[-122.66733,38.27071],[-122.66847,38.27071],[-122.66905,38.26993],[-122.66848,38.26915],[-122.66734,38.26915],[-122.66676,38.26992]]],"type":"Polygon"},"properties":{"bbox":{"roads":{"area":5145.49,"pct":19.8}},"city":{"roads":{"area":713.03,"pct":2.74}},"id":"hex:3527:24455"},"type":"Feature"},{"geometry":{"coordinates":[[[-122.66675,38.27149],[-122.66732,38.27227],[-122.66846,38.27227],[-122.66904,38.27149],[-122.66847,38.27071],[-122.66733,38.27071],[-122.66675,38.27149]]],"type":"Polygon"},"properties":{"bbox":{"roads":{"area":3162.46,"pct":12.17}},"city":{"roads":{"area":1294.14,"pct":4.98}},"id":"hex:3527:24456"},"type":"Feature"},{"geometry":{"coordinates":[[[-122.66675,38.27305],[-122.66731,38.27383],[-122.66846,38.27383],[-122.66903,38.27305],[-122.66846,38.27227],[-122.66732,38.27227],[-122.66675,38.27305]]],"type":"Polygon"},"properties":{"bbox":{"roads":{"area":3970.8,"pct":15.28}},"city":{"roads":{"area":2753.52,"pct":10.6}},"id":"hex:3527:24457"},"type":"Feature"},{"geometry":{"coordinates":[[[-122.66674,38.27461],[-122.66731,38.27539],[-122.66845,38.27539],[-122.66903,38.27461],[-122.66846,38.27383],[-122.66731,38.27383],[-122.66674,38.27461]]],"type":"Polygon"},"properties":{"bbox":{"parking":{"area":239.06,"pct":0.92},"roads":{"area":6461.51,"pct":24.87},"sidewalks":{"area":429.29,"pct":1.65}},"city":{"parking":{"area":239.06,"pct":0.92},"roads":{"area":3310.86,"pct":12.74},"sidewalks":{"area":429.29,"pct":1.65}},"id":"hex:3527:24458"},"type":"Feature"},{"geometry":{"coordinates":[[[-122.66673,38.27617],[-122.6673,38.27695],[-122.66844,38.27695],[-122.66902,38.27617],[-122.66845,38.27539],[-122.66731,38.27539],[-122.66673,38.27617]]],"type":"Polygon"},"properties":{"bbox":{"parking":{"area":3001.29,"pct":11.55},"roads":{"area":4225.24,"pct":16.26},"sidewalks":{"area":31.38,"pct":0.12}},"city":{"parking":{"area":3001.29,"pct":11.55},"roads":{"area":4224.77,"pct":16.26},"sidewalks":{"area":31.38,"pct":0.12}},"id":"hex:3527:24459"},"type":"Feature"},{"geometry":{"coordinates":[[[-122.66672,38.27773],[-122.6673,38.27695],[-122.66844,38.27695],[-122.66901,38.27774],[-122.66844,38.27851],[-122.66753,38.27851],[-122.66742,38.27844],[-122.66713,38.27828],[-122.66672,38.27773]]],"type":"Polygon"},"properties":{"bbox":{"roads":{"area":3991.24,"pct":15.52},"sidewalks":{"area":178.62,"pct":0.69}},"city":{"roads":{"area":3030.65,"pct":11.79},"sidewalks":{"area":178.62,"pct":0.69}},"id":"hex:3527:24460"},"type":"Feature"},{"geometry":{"coordinates":[[[-122.66844,38.27851],[-122.669,38.2793],[-122.66843,38.28008],[-122.66829,38.28007],[-122.6683,38.28006],[-122.66832,38.27993],[-122.66837,38.27971],[-122.66842,38.2795],[-122.66845,38.27939],[-122.66847,38.27929],[-122.66851,38.27911],[-122.66835,38.27902],[-122.66824,38.27896],[-122.66753,38.27851],[-122.66844,38.27851]]],"type":"Polygon"},"properties":{"bbox":{"roads":{"area":1439.91,"pct":20.32},"sidewalks":{"area":252.97,"pct":3.57}},"city":{"roads":{"area":488.12,"pct":6.89},"sidewalks":{"area":252.97,"pct":3.57}},"id":"hex:3527:24461"},"type":"Feature"},{"geometry":{"coordinates":[[[-122.66843,38.28008],[-122.669,38.28086],[-122.66842,38.28164],[-122.66798,38.28164],[-122.6681,38.28108],[-122.66821,38.28051],[-122.66829,38.28007],[-122.66843,38.28008]]],"type":"Polygon"},"properties":{"bbox":{"roads":{"area":1888.13,"pct":21.84},"sidewalks":{"area":313.38,"pct":3.63}},"city":{"roads":{"area":1093.08,"pct":12.65},"sidewalks":{"area":313.38,"pct":3.63}},"id":"hex:3527:24462"},"type":"Feature"},{"geometry":{"coordinates":[[[-122.66842,38.28164],[-122.66899,38.28242],[-122.66895,38.28248],[-122.66859,38.28229],[-122.66808,38.28221],[-122.66786,38.28219],[-122.66795,38.28174],[-122.66798,38.28164],[-122.66842,38.28164]]],"type":"Polygon"},"properties":{"bbox":{"roads":{"area":990,"pct":21.05},"sidewalks":{"area":75.12,"pct":1.6}},"city":{"roads":{"area":777.73,"pct":16.54},"sidewalks":{"area":75.12,"pct":1.6}},"id":"hex:3527:24463"},"type":"Feature"},{"geometry":{"coordinates":[[[[-122.66678,38.26524],[-122.66564,38.26524],[-122.66507,38.26446],[-122.66565,38.26368],[-122.66588,38.26368],[-122.66603,38.26396],[-122.66682,38.26511],[-122.66686,38.26514],[-122.66678,38.26524]]],[[[-122.66679,38.26368],[-122.66736,38.26446],[-122.66697,38.26498],[-122.66598,38.2637],[-122.66596,38.26368],[-122.66612,38.26368],[-122.66614,38.26372],[-122.66625,38.26395],[-122.66661,38.26371],[-122.66666,38.26368],[-122.66679,38.26368]]]],"type":"MultiPolygon"},"properties":{"bbox":{"roads":{"area":870.53,"pct":3.81}},"city_same":1,"id":"hex:3528:24452"},"type":"Feature"},{"geometry":{"coordinates":[[[-122.66506,38.26602],[-122.66563,38.2668],[-122.66677,38.2668],[-122.66735,38.26602],[-122.66678,38.26524],[-122.66564,38.26524],[-122.66506,38.26602]]],"type":"Polygon"},"properties":{"bbox":{"roads":{"area":2027.8,"pct":7.81}},"city_same":1,"id":"hex:3528:24453"},"type":"Feature"},{"geometry":{"coordinates":[[[-122.66506,38.26758],[-122.66562,38.26836],[-122.66677,38.26836],[-122.66734,38.26758],[-122.66677,38.2668],[-122.66563,38.2668],[-122.66506,38.26758]]],"type":"Polygon"},"properties":{"bbox":{"roads":{"area":4284.86,"pct":16.49},"sidewalks":{"area":270.1,"pct":1.04}},"city":{"roads":{"area":4235.26,"pct":16.3},"sidewalks":{"area":270.1,"pct":1.04}},"id":"hex:3528:24454"},"type":"Feature"},{"geometry":{"coordinates":[[[-122.66505,38.26914],[-122.66562,38.26992],[-122.66676,38.26992],[-122.66734,38.26915],[-122.66677,38.26836],[-122.66562,38.26836],[-122.66505,38.26914]]],"type":"Polygon"},"properties":{"bbox":{"roads":{"area":6188.37,"pct":23.82}},"city":{"roads":{"area":2048.21,"pct":7.88}},"id":"hex:3528:24455"},"type":"Feature"},{"geometry":{"coordinates":[[[-122.66504,38.2707],[-122.66561,38.27148],[-122.66675,38.27149],[-122.66733,38.27071],[-122.66676,38.26992],[-122.66562,38.26992],[-122.66504,38.2707]]],"type":"Polygon"},"properties":{"bbox":{"roads":{"area":2893.19,"pct":11.14}},"city_same":1,"id":"hex:3528:24456"},"type":"Feature"},{"geometry":{"coordinates":[[[-122.66504,38.27226],[-122.6656,38.27304],[-122.66675,38.27305],[-122.66732,38.27227],[-122.66675,38.27149],[-122.66561,38.27148],[-122.66504,38.27226]]],"type":"Polygon"},"properties":{"bbox":{"roads":{"area":2630.62,"pct":10.13}},"city_same":1,"id":"hex:3528:24457"},"type":"Feature"},{"geometry":{"coordinates":[[[-122.66503,38.27382],[-122.6656,38.2746],[-122.66674,38.27461],[-122.66731,38.27383],[-122.66675,38.27305],[-122.6656,38.27304],[-122.66503,38.27382]]],"type":"Polygon"},"properties":{"bbox":{"roads":{"area":5589.87,"pct":21.52}},"city":{"roads":{"area":3439.24,"pct":13.24}},"id":"hex:3528:24458"},"type":"Feature"},{"geometry":{"coordinates":[[[-122.66502,38.27538],[-122.66559,38.27616],[-122.66673,38.27617],[-122.66731,38.27539],[-122.66674,38.27461],[-122.6656,38.2746],[-122.66502,38.27538]]],"type":"Polygon"},"properties":{"bbox":{"roads":{"area":3420.08,"pct":13.16}},"city_same":1,"id":"hex:3528:24459"},"type":"Feature"},{"geometry":{"coordinates":[[[-122.66501,38.27694],[-122.66559,38.27616],[-122.66673,38.27617],[-122.6673,38.27695],[-122.66672,38.27773],[-122.66613,38.27773],[-122.66604,38.27768],[-122.66519,38.27718],[-122.66501,38.27694]]],"type":"Polygon"},"properties":{"bbox":{"roads":{"area":3205.61,"pct":13.06}},"city_same":1,"id":"hex:3528:24460"},"type":"Feature"},{"geometry":{"coordinates":[[[-122.66672,38.27773],[-122.66713,38.27828],[-122.66694,38.27818],[-122.66613,38.27773],[-122.66672,38.27773]]],"type":"Polygon"},"properties":{"bbox":{"roads":{"area":167.34,"pct":10.56}},"city_same":1,"id":"hex:3528:24461"},"type":"Feature"},{"geometry":{"coordinates":[[[-122.66411,38.22543],[-122.66354,38.22465],[-122.66411,38.22387],[-122.66495,38.22387],[-122.66496,38.22464],[-122.66484,38.22464],[-122.66456,38.22463],[-122.66442,38.22474],[-122.66449,38.22484],[-122.66459,38.22507],[-122.66466,38.22529],[-122.66467,38.22533],[-122.66468,38.22542],[-122.66468,38.22543],[-122.66411,38.22543]]],"type":"Polygon"},"properties":{"bbox":{"parking":{"area":217.22,"pct":1.53},"roads":{"area":1532.23,"pct":10.82},"sidewalks":{"area":26.98,"pct":0.19}},"city_same":1,"id":"hex:3529:24426"},"type":"Feature"},{"geometry":{"coordinates":[[[-122.6641,38.22699],[-122.66353,38.22621],[-122.66411,38.22543],[-122.66468,38.22543],[-122.6647,38.22557],[-122.6647,38.2256],[-122.66471,38.22574],[-122.6647,38.22598],[-122.66468,38.2261],[-122.66464,38.22623],[-122.66464,38.22633],[-122.66465,38.2264],[-122.66466,38.22644],[-122.66471,38.22654],[-122.66476,38.22658],[-122.66481,38.22661],[-122.66464,38.22661],[-122.66463,38.22661],[-122.66425,38.22689],[-122.66412,38.22699],[-122.6641,38.22699]]],"type":"Polygon"},"properties":{"bbox":{"roads":{"area":231.92,"pct":1.93}},"city_same":1,"id":"hex:3529:24427"},"type":"Feature"},{"geometry":{"coordinates":[[[[-122.66565,38.26368],[-122.66507,38.26446],[-122.66393,38.26445],[-122.66336,38.26367],[-122.66394,38.26289],[-122.66411,38.26289],[-122.66425,38.26298],[-122.6645,38.26322],[-122.66467,38.26334],[-122.66494,38.26334],[-122.66544,38.2634],[-122.66565,38.26368]]],[[[-122.66541,38.26335],[-122.66517,38.26333],[-122.66477,38.26328],[-122.66462,38.26326],[-122.66441,38.26304],[-122.66421,38.26289],[-122.66427,38.26289],[-122.66432,38.26297],[-122.66443,38.26304],[-122.66468,38.26317],[-122.66477,38.26319],[-122.66503,38.26325],[-122.66539,38.26332],[-122.66541,38.26335]]]],"type":"MultiPolygon"},"properties":{"bbox":{"roads":{"area":1645.04,"pct":7.19}},"city_same":1,"id":"hex:3529:24451"},"type":"Feature"},{"geometry":{"coordinates":[[[-122.66335,38.26523],[-122.66392,38.26601],[-122.66506,38.26602],[-122.66564,38.26524],[-122.66507,38.26446],[-122.66393,38.26445],[-122.66335,38.26523]]],"type":"Polygon"},"properties":{"bbox":{"roads":{"area":4081.54,"pct":15.71}},"city_same":1,"id":"hex:3529:24452"},"type":"Feature"},{"geometry":{"coordinates":[[[-122.66335,38.26679],[-122.66391,38.26757],[-122.66506,38.26758],[-122.66563,38.2668],[-122.66506,38.26602],[-122.66392,38.26601],[-122.66335,38.26679]]],"type":"Polygon"},"properties":{"bbox":{"roads":{"area":5807.83,"pct":22.35},"sidewalks":{"area":265.4,"pct":1.02}},"city":{"roads":{"area":3218.01,"pct":12.39},"sidewalks":{"area":265.4,"pct":1.02}},"id":"hex:3529:24453"},"type":"Feature"},{"geometry":{"coordinates":[[[-122.66334,38.26835],[-122.66391,38.26914],[-122.66505,38.26914],[-122.66562,38.26836],[-122.66506,38.26758],[-122.66391,38.26757],[-122.66334,38.26835]]],"type":"Polygon"},"properties":{"bbox":{"roads":{"area":5361.95,"pct":20.64}},"city":{"roads":{"area":2752.21,"pct":10.59}},"id":"hex:3529:24454"},"type":"Feature"},{"geometry":{"coordinates":[[[-122.66333,38.26991],[-122.6639,38.2707],[-122.66504,38.2707],[-122.66562,38.26992],[-122.66505,38.26914],[-122.66391,38.26914],[-122.66333,38.26991]]],"type":"Polygon"},"properties":{"bbox":{"roads":{"area":4182.66,"pct":16.1}},"city_same":1,"id":"hex:3529:24455"},"type":"Feature"},{"geometry":{"coordinates":[[[-122.66332,38.27148],[-122.66389,38.27226],[-122.66504,38.27226],[-122.66561,38.27148],[-122.66504,38.2707],[-122.6639,38.2707],[-122.66332,38.27148]]],"type":"Polygon"},"properties":{"bbox":{"roads":{"area":3382.43,"pct":13.02}},"city_same":1,"id":"hex:3529:24456"},"type":"Feature"},{"geometry":{"coordinates":[[[-122.66332,38.27304],[-122.66388,38.27382],[-122.66503,38.27382],[-122.6656,38.27304],[-122.66504,38.27226],[-122.66389,38.27226],[-122.66332,38.27304]]],"type":"Polygon"},"properties":{"bbox":{"roads":{"area":4855.45,"pct":18.69}},"city":{"roads":{"area":2271.03,"pct":8.74}},"id":"hex:3529:24457"},"type":"Feature"},{"geometry":{"coordinates":[[[-122.66388,38.27382],[-122.66503,38.27382],[-122.6656,38.2746],[-122.66502,38.27538],[-122.66404,38.27538],[-122.66361,38.27481],[-122.66334,38.27455],[-122.66388,38.27382]]],"type":"Polygon"},"properties":{"bbox":{"roads":{"area":2793.64,"pct":11.23}},"city_same":1,"id":"hex:3529:24458"},"type":"Feature"},{"geometry":{"coordinates":[[[-122.66502,38.27538],[-122.66559,38.27616],[-122.66501,38.27694],[-122.66493,38.27694],[-122.66474,38.27642],[-122.66456,38.27618],[-122.66441,38.2759],[-122.66414,38.27551],[-122.66404,38.27538],[-122.66502,38.27538]]],"type":"Polygon"},"properties":{"bbox":{"roads":{"area":1525.58,"pct":13.29}},"city_same":1,"id":"hex:3529:24459"},"type":"Feature"},{"geometry":{"coordinates":[[[-122.66183,38.22386],[-122.6624,38.22464],[-122.66354,38.22465],[-122.66411,38.22387],[-122.66355,38.22308],[-122.6624,38.22308],[-122.66183,38.22386]]],"type":"Polygon"},"properties":{"bbox":{"parking":{"area":1304.49,"pct":5.02},"roads":{"area":1510.15,"pct":5.81}},"city_same":1,"id":"hex:3530:24426"},"type":"Feature"},{"geometry":{"coordinates":[[[-122.66182,38.22542],[-122.66239,38.2262],[-122.66353,38.22621],[-122.66411,38.22543],[-122.66354,38.22465],[-122.6624,38.22464],[-122.66182,38.22542]]],"type":"Polygon"},"properties":{"bbox":{"roads":{"area":704.75,"pct":2.71}},"city_same":1,"id":"hex:3530:24427"},"type":"Feature"},{"geometry":{"coordinates":[[[-122.66182,38.22698],[-122.66239,38.2262],[-122.66353,38.22621],[-122.6641,38.22699],[-122.66408,38.22701],[-122.664,38.22706],[-122.66371,38.22726],[-122.66367,38.22729],[-122.66356,38.22736],[-122.66209,38.22737],[-122.66182,38.22698]]],"type":"Polygon"},"properties":{"bbox":{"roads":{"area":915.79,"pct":4.6}},"city_same":1,"id":"hex:3530:24428"},"type":"Feature"},{"geometry":{"coordinates":[[[-122.66176,38.23947],[-122.6619,38.23928],[-122.66206,38.23931],[-122.66269,38.23944],[-122.66324,38.23956],[-122.66326,38.23957],[-122.66326,38.2396],[-122.66311,38.24012],[-122.66306,38.24025],[-122.66274,38.24025],[-122.66221,38.24009],[-122.66176,38.23947]]],"type":"Polygon"},"properties":{"bbox":{"roads":{"area":800.05,"pct":8.78}},"city_same":1,"id":"hex:3530:24436"},"type":"Feature"},{"geometry":{"coordinates":[[[-122.66165,38.26288],[-122.66222,38.26367],[-122.66336,38.26367],[-122.66394,38.26289],[-122.66337,38.26211],[-122.66222,38.26211],[-122.66165,38.26288]]],"type":"Polygon"},"properties":{"bbox":{"roads":{"area":2024.38,"pct":7.79}},"city_same":1,"id":"hex:3530:24451"},"type":"Feature"},{"geometry":{"coordinates":[[[-122.66164,38.26445],[-122.66221,38.26523],[-122.66335,38.26523],[-122.66393,38.26445],[-122.66336,38.26367],[-122.66222,38.26367],[-122.66164,38.26445]]],"type":"Polygon"},"properties":{"bbox":{"roads":{"area":4789.58,"pct":18.44}},"city_same":1,"id":"hex:3530:24452"},"type":"Feature"},{"geometry":{"coordinates":[[[-122.66163,38.26601],[-122.6622,38.26679],[-122.66335,38.26679],[-122.66392,38.26601],[-122.66335,38.26523],[-122.66221,38.26523],[-122.66163,38.26601]]],"type":"Polygon"},"properties":{"bbox":{"roads":{"area":6461.22,"pct":24.87},"sidewalks":{"area":198.93,"pct":0.77}},"city":{"roads":{"area":3142.69,"pct":12.1},"sidewalks":{"area":198.93,"pct":0.77}},"id":"hex:3530:24453"},"type":"Feature"},{"geometry":{"coordinates":[[[-122.66163,38.26757],[-122.6622,38.26835],[-122.66334,38.26835],[-122.66391,38.26757],[-122.66335,38.26679],[-122.6622,38.26679],[-122.66163,38.26757]]],"type":"Polygon"},"properties":{"bbox":{"roads":{"area":3653.55,"pct":14.06}},"city_same":1,"id":"hex:3530:24454"},"type":"Feature"},{"geometry":{"coordinates":[[[-122.66162,38.26913],[-122.66219,38.26991],[-122.66333,38.26991],[-122.66391,38.26914],[-122.66334,38.26835],[-122.6622,38.26835],[-122.66162,38.26913]]],"type":"Polygon"},"properties":{"bbox":{"roads":{"area":3649.18,"pct":14.05}},"city_same":1,"id":"hex:3530:24455"},"type":"Feature"},{"geometry":{"coordinates":[[[-122.66161,38.27069],[-122.66218,38.27147],[-122.66332,38.27148],[-122.6639,38.2707],[-122.66333,38.26991],[-122.66219,38.26991],[-122.66161,38.27069]]],"type":"Polygon"},"properties":{"bbox":{"roads":{"area":5487.12,"pct":21.12}},"city":{"roads":{"area":3611.94,"pct":13.9}},"id":"hex:3530:24456"},"type":"Feature"},{"geometry":{"coordinates":[[[-122.66161,38.27225],[-122.66217,38.27303],[-122.66332,38.27304],[-122.66389,38.27226],[-122.66332,38.27148],[-122.66218,38.27147],[-122.66161,38.27225]]],"type":"Polygon"},"properties":{"bbox":{"roads":{"area":3437.66,"pct":13.23}},"city":{"roads":{"area":1454.15,"pct":5.6}},"id":"hex:3530:24457"},"type":"Feature"},{"geometry":{"coordinates":[[[-122.66217,38.27303],[-122.66332,38.27304],[-122.66388,38.27382],[-122.66334,38.27455],[-122.66288,38.27412],[-122.66199,38.27327],[-122.66217,38.27303]]],"type":"Polygon"},"properties":{"bbox":{"roads":{"area":1025.51,"pct":6.75}},"city_same":1,"id":"hex:3530:24458"},"type":"Feature"},{"geometry":{"coordinates":[[[-122.66012,38.22307],[-122.66069,38.22386],[-122.66183,38.22386],[-122.6624,38.22308],[-122.66184,38.2223],[-122.66069,38.2223],[-122.66012,38.22307]]],"type":"Polygon"},"properties":{"bbox":{"roads":{"area":1591.84,"pct":6.13}},"city_same":1,"id":"hex:3531:24425"},"type":"Feature"},{"geometry":{"coordinates":[[[-122.66011,38.22464],[-122.66068,38.22542],[-122.66182,38.22542],[-122.6624,38.22464],[-122.66183,38.22386],[-122.66069,38.22386],[-122.66011,38.22464]]],"type":"Polygon"},"properties":{"bbox":{"roads":{"area":1044.98,"pct":4.02}},"city_same":1,"id":"hex:3531:24426"},"type":"Feature"},{"geometry":{"coordinates":[[[-122.66011,38.2262],[-122.66067,38.22698],[-122.66182,38.22698],[-122.66239,38.2262],[-122.66182,38.22542],[-122.66068,38.22542],[-122.66011,38.2262]]],"type":"Polygon"},"properties":{"bbox":{"roads":{"area":1955.75,"pct":7.53},"sidewalks":{"area":326.94,"pct":1.26}},"city_same":1,"id":"hex:3531:24427"},"type":"Feature"},{"geometry":{"coordinates":[[[-122.66176,38.23947],[-122.66061,38.23947],[-122.66005,38.23868],[-122.66005,38.23868],[-122.66033,38.2387],[-122.66048,38.23871],[-122.66047,38.23877],[-122.66042,38.23893],[-122.6604,38.23898],[-122.66097,38.23909],[-122.6619,38.23928],[-122.66176,38.23947]]],"type":"Polygon"},"properties":{"bbox":{"roads":{"area":643.23,"pct":11.9}},"city_same":1,"id":"hex:3531:24435"},"type":"Feature"},{"geometry":{"coordinates":[[[[-122.66193,38.24079],[-122.66166,38.24071],[-122.66179,38.24045],[-122.66181,38.24041],[-122.66213,38.24051],[-122.66193,38.24079]]],[[[-122.66061,38.23947],[-122.66176,38.23947],[-122.66221,38.24009],[-122.66166,38.23993],[-122.66127,38.2398],[-122.66053,38.23958],[-122.66061,38.23947]]]],"type":"MultiPolygon"},"properties":{"bbox":{"roads":{"area":73.74,"pct":1.33}},"city_same":1,"id":"hex:3531:24436"},"type":"Feature"},{"geometry":{"coordinates":[[[-122.66002,38.24493],[-122.66033,38.2445],[-122.66034,38.24497],[-122.66034,38.24533],[-122.66034,38.24537],[-122.66002,38.24493]]],"type":"Polygon"},"properties":{"bbox":{"roads":{"area":8.99,"pct":0.66}},"city_same":1,"id":"hex:3531:24439"},"type":"Feature"},{"geometry":{"coordinates":[[[-122.66044,38.2459],[-122.66117,38.24598],[-122.66122,38.24572],[-122.66151,38.24575],[-122.66147,38.246],[-122.66179,38.24605],[-122.66183,38.24663],[-122.66182,38.24669],[-122.66181,38.24687],[-122.6618,38.24693],[-122.6618,38.24696],[-122.66178,38.24705],[-122.66178,38.24708],[-122.66148,38.24704],[-122.6611,38.247],[-122.66058,38.24693],[-122.66055,38.24693],[-122.66051,38.24692],[-122.66043,38.24689],[-122.66037,38.24685],[-122.66031,38.2468],[-122.66029,38.24677],[-122.66034,38.24643],[-122.66034,38.24639],[-122.66031,38.24636],[-122.66011,38.24639],[-122.66009,38.24639],[-122.66009,38.24639],[-122.66044,38.2459]]],"type":"Polygon"},"properties":{"bbox":{"roads":{"area":1844.53,"pct":11.76}},"city_same":1,"id":"hex:3531:24440"},"type":"Feature"},{"geometry":{"coordinates":[[[-122.66166,38.26132],[-122.66222,38.26211],[-122.66165,38.26288],[-122.66051,38.26288],[-122.6601,38.26232],[-122.66017,38.26222],[-122.66019,38.26204],[-122.66014,38.26192],[-122.66013,38.2619],[-122.66012,38.26185],[-122.66037,38.26151],[-122.66044,38.26152],[-122.66064,38.26157],[-122.66086,38.2616],[-122.66089,38.26147],[-122.66092,38.26137],[-122.66133,38.26132],[-122.66166,38.26132]]],"type":"Polygon"},"properties":{"bbox":{"parking":{"area":1384.86,"pct":5.72},"roads":{"area":2736.82,"pct":11.31}},"city":{"parking":{"area":1384.86,"pct":5.72},"roads":{"area":1896.55,"pct":7.84}},"id":"hex:3531:24450"},"type":"Feature"},{"geometry":{"coordinates":[[[-122.65993,38.26366],[-122.6605,38.26444],[-122.66164,38.26445],[-122.66222,38.26367],[-122.66165,38.26288],[-122.66051,38.26288],[-122.65993,38.26366]]],"type":"Polygon"},"properties":{"bbox":{"parking":{"area":865.8,"pct":3.33},"roads":{"area":2429.1,"pct":9.35}},"city":{"parking":{"area":865.8,"pct":3.33},"roads":{"area":2427.37,"pct":9.34}},"id":"hex:3531:24451"},"type":"Feature"},{"geometry":{"coordinates":[[[-122.65992,38.26522],[-122.66049,38.266],[-122.66163,38.26601],[-122.66221,38.26523],[-122.66164,38.26445],[-122.6605,38.26444],[-122.65992,38.26522]]],"type":"Polygon"},"properties":{"bbox":{"roads":{"area":5495.99,"pct":21.15}},"city":{"roads":{"area":2266.06,"pct":8.72}},"id":"hex:3531:24452"},"type":"Feature"},{"geometry":{"coordinates":[[[-122.65992,38.26678],[-122.66048,38.26756],[-122.66163,38.26757],[-122.6622,38.26679],[-122.66163,38.26601],[-122.66049,38.266],[-122.65992,38.26678]]],"type":"Polygon"},"properties":{"bbox":{"roads":{"area":3964.16,"pct":15.26}},"city_same":1,"id":"hex:3531:24453"},"type":"Feature"},{"geometry":{"coordinates":[[[-122.65991,38.26834],[-122.66048,38.26913],[-122.66162,38.26913],[-122.6622,38.26835],[-122.66163,38.26757],[-122.66048,38.26756],[-122.65991,38.26834]]],"type":"Polygon"},"properties":{"bbox":{"roads":{"area":3414.23,"pct":13.14}},"city_same":1,"id":"hex:3531:24454"},"type":"Feature"},{"geometry":{"coordinates":[[[-122.6599,38.2699],[-122.66047,38.27069],[-122.66161,38.27069],[-122.66219,38.26991],[-122.66162,38.26913],[-122.66048,38.26913],[-122.6599,38.2699]]],"type":"Polygon"},"properties":{"bbox":{"roads":{"area":5481.35,"pct":21.1}},"city":{"roads":{"area":2870.22,"pct":11.05}},"id":"hex:3531:24455"},"type":"Feature"},{"geometry":{"coordinates":[[[-122.66047,38.27069],[-122.66161,38.27069],[-122.66218,38.27147],[-122.66161,38.27225],[-122.66091,38.27225],[-122.66013,38.2715],[-122.65997,38.27136],[-122.66047,38.27069]]],"type":"Polygon"},"properties":{"bbox":{"roads":{"area":1530.07,"pct":6.53}},"city_same":1,"id":"hex:3531:24456"},"type":"Feature"},{"geometry":{"coordinates":[[[-122.66161,38.27225],[-122.66217,38.27303],[-122.66199,38.27327],[-122.66091,38.27225],[-122.66161,38.27225]]],"type":"Polygon"},"properties":{"bbox":{"roads":{"area":487.56,"pct":10.2}},"city_same":1,"id":"hex:3531:24457"},"type":"Feature"},{"geometry":{"coordinates":[[[-122.65841,38.22229],[-122.65898,38.22307],[-122.66012,38.22307],[-122.66069,38.2223],[-122.66013,38.22151],[-122.65898,38.22151],[-122.65841,38.22229]]],"type":"Polygon"},"properties":{"bbox":{"roads":{"area":2994.53,"pct":11.53}},"city_same":1,"id":"hex:3532:24425"},"type":"Feature"},{"geometry":{"coordinates":[[[-122.6584,38.22385],[-122.65897,38.22463],[-122.66011,38.22464],[-122.66069,38.22386],[-122.66012,38.22307],[-122.65898,38.22307],[-122.6584,38.22385]]],"type":"Polygon"},"properties":{"bbox":{"roads":{"area":781.1,"pct":3.01}},"city_same":1,"id":"hex:3532:24426"},"type":"Feature"},{"geometry":{"coordinates":[[[-122.6584,38.22541],[-122.65896,38.22619],[-122.66011,38.2262],[-122.66068,38.22542],[-122.66011,38.22464],[-122.65897,38.22463],[-122.6584,38.22541]]],"type":"Polygon"},"properties":{"bbox":{"roads":{"area":1465.1,"pct":5.64}},"city_same":1,"id":"hex:3532:24427"},"type":"Feature"},{"geometry":{"coordinates":[[[-122.65839,38.22697],[-122.65896,38.22619],[-122.66011,38.2262],[-122.66067,38.22698],[-122.66038,38.22737],[-122.65868,38.22738],[-122.65839,38.22697]]],"type":"Polygon"},"properties":{"bbox":{"roads":{"area":1358.37,"pct":6.55},"sidewalks":{"area":37.88,"pct":0.18}},"city_same":1,"id":"hex:3532:24428"},"type":"Feature"},{"geometry":{"coordinates":[[[-122.65837,38.23166],[-122.65851,38.23146],[-122.65851,38.23156],[-122.65851,38.23168],[-122.65852,38.23187],[-122.65837,38.23166]]],"type":"Polygon"},"properties":{"bbox":{"roads":{"area":37.46,"pct":12.89}},"city_same":1,"id":"hex:3532:24431"},"type":"Feature"},{"geometry":{"coordinates":[[[-122.65836,38.23322],[-122.65865,38.23282],[-122.65869,38.23291],[-122.65881,38.23311],[-122.65885,38.23319],[-122.65886,38.23322],[-122.65884,38.23344],[-122.65885,38.23383],[-122.65885,38.23389],[-122.65836,38.23322]]],"type":"Polygon"},"properties":{"bbox":{"roads":{"area":149.66,"pct":5.85}},"city_same":1,"id":"hex:3532:24432"},"type":"Feature"},{"geometry":{"coordinates":[[[-122.66006,38.23556],[-122.65892,38.23556],[-122.65835,38.23478],[-122.65885,38.23411],[-122.65885,38.2344],[-122.65884,38.23453],[-122.65889,38.2346],[-122.65907,38.23461],[-122.65961,38.23463],[-122.65979,38.23463],[-122.65982,38.23463],[-122.6599,38.23464],[-122.65993,38.23464],[-122.66007,38.23464],[-122.66003,38.23512],[-122.66036,38.23513],[-122.66036,38.23516],[-122.66006,38.23556]]],"type":"Polygon"},"properties":{"bbox":{"roads":{"area":1938.05,"pct":12.95},"sidewalks":{"area":95.09,"pct":0.64}},"city_same":1,"id":"hex:3532:24433"},"type":"Feature"},{"geometry":{"coordinates":[[[-122.65891,38.23712],[-122.65834,38.23634],[-122.65892,38.23556],[-122.66006,38.23556],[-122.66035,38.23597],[-122.66035,38.23653],[-122.65973,38.23654],[-122.65972,38.23712],[-122.65891,38.23712]]],"type":"Polygon"},"properties":{"bbox":{"roads":{"area":1558.78,"pct":7.11}},"city_same":1,"id":"hex:3532:24434"},"type":"Feature"},{"geometry":{"coordinates":[[[-122.66005,38.23868],[-122.6589,38.23868],[-122.65834,38.2379],[-122.65891,38.23712],[-122.65972,38.23712],[-122.6597,38.2382],[-122.6597,38.23844],[-122.65972,38.23866],[-122.65987,38.23867],[-122.66005,38.23868],[-122.66005,38.23868]]],"type":"Polygon"},"properties":{"bbox":{"roads":{"area":675.96,"pct":4.11}},"city_same":1,"id":"hex:3532:24435"},"type":"Feature"},{"geometry":{"coordinates":[[[-122.6589,38.24024],[-122.65833,38.23946],[-122.6589,38.23868],[-122.66005,38.23868],[-122.66061,38.23947],[-122.66053,38.23958],[-122.66041,38.23954],[-122.66031,38.23951],[-122.6603,38.23951],[-122.66023,38.23949],[-122.66021,38.23954],[-122.66012,38.23985],[-122.66011,38.2399],[-122.66007,38.24002],[-122.66005,38.24011],[-122.66001,38.24023],[-122.66001,38.24025],[-122.6589,38.24024]]],"type":"Polygon"},"properties":{"bbox":{"roads":{"area":1914.12,"pct":7.76}},"city_same":1,"id":"hex:3532:24436"},"type":"Feature"},{"geometry":{"coordinates":[[[-122.65889,38.2418],[-122.65832,38.24102],[-122.6589,38.24024],[-122.66001,38.24025],[-122.65998,38.24038],[-122.65995,38.24047],[-122.6599,38.24069],[-122.6599,38.24072],[-122.65977,38.2412],[-122.65971,38.24144],[-122.65966,38.24168],[-122.65964,38.24175],[-122.65963,38.24181],[-122.65889,38.2418]]],"type":"Polygon"},"properties":{"bbox":{"roads":{"area":584.92,"pct":3.19}},"city_same":1,"id":"hex:3532:24437"},"type":"Feature"},{"geometry":{"coordinates":[[[-122.66003,38.24337],[-122.65888,38.24336],[-122.65831,38.24258],[-122.65889,38.2418],[-122.65963,38.24181],[-122.65959,38.24195],[-122.65957,38.24202],[-122.65955,38.24201],[-122.65952,38.24201],[-122.65951,38.24204],[-122.65932,38.24292],[-122.65928,38.24311],[-122.6596,38.24311],[-122.66022,38.24311],[-122.66003,38.24337]]],"type":"Polygon"},"properties":{"bbox":{"roads":{"area":1049.04,"pct":7.33}},"city_same":1,"id":"hex:3532:24438"},"type":"Feature"},{"geometry":{"coordinates":[[[-122.66002,38.24493],[-122.65888,38.24493],[-122.65831,38.24414],[-122.65888,38.24336],[-122.66003,38.24337],[-122.66032,38.24378],[-122.66032,38.2438],[-122.66032,38.2439],[-122.66033,38.2445],[-122.66002,38.24493]]],"type":"Polygon"},"properties":{"bbox":{"roads":{"area":1297.29,"pct":5.18}},"city_same":1,"id":"hex:3532:24439"},"type":"Feature"},{"geometry":{"coordinates":[[[-122.6583,38.2457],[-122.65888,38.24493],[-122.66002,38.24493],[-122.66034,38.24537],[-122.66034,38.24585],[-122.66034,38.24589],[-122.66044,38.2459],[-122.66009,38.24639],[-122.66003,38.24636],[-122.65996,38.24633],[-122.65972,38.24629],[-122.65908,38.24621],[-122.65865,38.24616],[-122.65865,38.24618],[-122.65865,38.24618],[-122.6583,38.2457]]],"type":"Polygon"},"properties":{"bbox":{"roads":{"area":1704.45,"pct":7.64}},"city_same":1,"id":"hex:3532:24440"},"type":"Feature"},{"geometry":{"coordinates":[[[-122.65885,38.24961],[-122.65854,38.24918],[-122.6596,38.24929],[-122.65983,38.24932],[-122.65983,38.24933],[-122.65977,38.24948],[-122.65972,38.24961],[-122.65885,38.24961]]],"type":"Polygon"},"properties":{"bbox":{"roads":{"area":258.72,"pct":6.93}},"city_same":1,"id":"hex:3532:24442"},"type":"Feature"},{"geometry":{"coordinates":[[[-122.65885,38.24961],[-122.65972,38.24961],[-122.65971,38.24963],[-122.65966,38.24976],[-122.65953,38.25006],[-122.65939,38.25004],[-122.65863,38.24992],[-122.65885,38.24961]]],"type":"Polygon"},"properties":{"bbox":{"roads":{"area":413.9,"pct":12.04}},"city_same":1,"id":"hex:3532:24443"},"type":"Feature"},{"geometry":{"coordinates":[[[-122.66012,38.26185],[-122.66006,38.26165],[-122.65994,38.26142],[-122.66011,38.26145],[-122.66034,38.2615],[-122.66037,38.26151],[-122.66012,38.26185]]],"type":"Polygon"},"properties":{"bbox":{"roads":{"area":234.34,"pct":29.7}},"id":"hex:3532:24450"},"type":"Feature"},{"geometry":{"coordinates":[[[-122.66051,38.26288],[-122.65993,38.26366],[-122.65879,38.26366],[-122.65822,38.26288],[-122.65831,38.26276],[-122.65913,38.26325],[-122.65926,38.26333],[-122.65954,38.263],[-122.65959,38.26295],[-122.66006,38.26238],[-122.6601,38.26232],[-122.66051,38.26288]]],"type":"Polygon"},"properties":{"bbox":{"roads":{"area":2324.47,"pct":17.99}},"city":{"roads":{"area":720.57,"pct":5.58}},"id":"hex:3532:24451"},"type":"Feature"},{"geometry":{"coordinates":[[[-122.65821,38.26444],[-122.65878,38.26522],[-122.65992,38.26522],[-122.6605,38.26444],[-122.65993,38.26366],[-122.65879,38.26366],[-122.65821,38.26444]]],"type":"Polygon"},"properties":{"bbox":{"roads":{"area":5057.59,"pct":19.47}},"city":{"roads":{"area":1024.16,"pct":3.94}},"id":"hex:3532:24452"},"type":"Feature"},{"geometry":{"coordinates":[[[-122.65821,38.266],[-122.65877,38.26678],[-122.65992,38.26678],[-122.66049,38.266],[-122.65992,38.26522],[-122.65878,38.26522],[-122.65821,38.266]]],"type":"Polygon"},"properties":{"bbox":{"roads":{"area":2228.77,"pct":8.58}},"city_same":1,"id":"hex:3532:24453"},"type":"Feature"},{"geometry":{"coordinates":[[[-122.6582,38.26756],[-122.65877,38.26834],[-122.65991,38.26834],[-122.66048,38.26756],[-122.65992,38.26678],[-122.65877,38.26678],[-122.6582,38.26756]]],"type":"Polygon"},"properties":{"bbox":{"roads":{"area":4928.1,"pct":18.97}},"city":{"roads":{"area":2972.78,"pct":11.44}},"id":"hex:3532:24454"},"type":"Feature"},{"geometry":{"coordinates":[[[-122.65819,38.26912],[-122.65876,38.2699],[-122.6599,38.2699],[-122.66048,38.26913],[-122.65991,38.26834],[-122.65877,38.26834],[-122.65819,38.26912]]],"type":"Polygon"},"properties":{"bbox":{"roads":{"area":3440,"pct":13.24}},"city":{"roads":{"area":1462.83,"pct":5.63}},"id":"hex:3532:24455"},"type":"Feature"},{"geometry":{"coordinates":[[[-122.65876,38.2699],[-122.6599,38.2699],[-122.66047,38.27069],[-122.65997,38.27136],[-122.6586,38.27011],[-122.65876,38.2699]]],"type":"Polygon"},"properties":{"bbox":{"roads":{"area":1463.86,"pct":10.31}},"city_same":1,"id":"hex:3532:24456"},"type":"Feature"},{"geometry":{"coordinates":[[[-122.6567,38.2215],[-122.65727,38.22229],[-122.65841,38.22229],[-122.65898,38.22151],[-122.65842,38.22073],[-122.65727,38.22073],[-122.6567,38.2215]]],"type":"Polygon"},"properties":{"bbox":{"roads":{"area":1044.72,"pct":4.02}},"city_same":1,"id":"hex:3533:24424"},"type":"Feature"},{"geometry":{"coordinates":[[[-122.65669,38.22306],[-122.65726,38.22385],[-122.6584,38.22385],[-122.65898,38.22307],[-122.65841,38.22229],[-122.65727,38.22229],[-122.65669,38.22306]]],"type":"Polygon"},"properties":{"bbox":{"roads":{"area":1963.62,"pct":7.56}},"city_same":1,"id":"hex:3533:24425"},"type":"Feature"},{"geometry":{"coordinates":[[[-122.65668,38.22619],[-122.65725,38.22697],[-122.65839,38.22697],[-122.65896,38.22619],[-122.6584,38.22541],[-122.65725,38.22541],[-122.65668,38.22619]]],"type":"Polygon"},"properties":{"bbox":{"roads":{"area":1876.09,"pct":7.22}},"city_same":1,"id":"hex:3533:24427"},"type":"Feature"},{"geometry":{"coordinates":[[[-122.65837,38.23166],[-122.65722,38.23165],[-122.65666,38.23087],[-122.65706,38.23032],[-122.65739,38.23045],[-122.65786,38.23063],[-122.65798,38.23068],[-122.65801,38.23069],[-122.6582,38.23075],[-122.65832,38.23077],[-122.65837,38.23077],[-122.6585,38.23077],[-122.6585,38.23113],[-122.65851,38.23146],[-122.65837,38.23166]]],"type":"Polygon"},"properties":{"bbox":{"roads":{"area":2381.63,"pct":14.18}},"city_same":1,"id":"hex:3533:24430"},"type":"Feature"},{"geometry":{"coordinates":[[[-122.65836,38.23322],[-122.65722,38.23321],[-122.65665,38.23243],[-122.65722,38.23165],[-122.65837,38.23166],[-122.65852,38.23187],[-122.65854,38.23228],[-122.65862,38.23274],[-122.65863,38.23278],[-122.65865,38.23282],[-122.65836,38.23322]]],"type":"Polygon"},"properties":{"bbox":{"roads":{"area":1740.92,"pct":7.19}},"city_same":1,"id":"hex:3533:24431"},"type":"Feature"},{"geometry":{"coordinates":[[[-122.65835,38.23478],[-122.65721,38.23477],[-122.65664,38.23399],[-122.65722,38.23321],[-122.65836,38.23322],[-122.65885,38.23389],[-122.65885,38.23411],[-122.65835,38.23478]]],"type":"Polygon"},"properties":{"bbox":{"roads":{"area":2332.38,"pct":9.01},"sidewalks":{"area":358.26,"pct":1.38}},"city_same":1,"id":"hex:3533:24432"},"type":"Feature"},{"geometry":{"coordinates":[[[-122.65663,38.23555],[-122.6572,38.23633],[-122.65834,38.23634],[-122.65892,38.23556],[-122.65835,38.23478],[-122.65721,38.23477],[-122.65663,38.23555]]],"type":"Polygon"},"properties":{"bbox":{"roads":{"area":1795.6,"pct":6.91}},"city_same":1,"id":"hex:3533:24433"},"type":"Feature"},{"geometry":{"coordinates":[[[-122.65663,38.23711],[-122.65719,38.2379],[-122.65834,38.2379],[-122.65891,38.23712],[-122.65834,38.23634],[-122.6572,38.23633],[-122.65663,38.23711]]],"type":"Polygon"},"properties":{"bbox":{"roads":{"area":2152.25,"pct":8.28}},"city_same":1,"id":"hex:3533:24434"},"type":"Feature"},{"geometry":{"coordinates":[[[-122.65662,38.23867],[-122.65719,38.23946],[-122.65833,38.23946],[-122.6589,38.23868],[-122.65834,38.2379],[-122.65719,38.2379],[-122.65662,38.23867]]],"type":"Polygon"},"properties":{"bbox":{"roads":{"area":1923.45,"pct":7.4}},"city_same":1,"id":"hex:3533:24435"},"type":"Feature"},{"geometry":{"coordinates":[[[-122.65661,38.24024],[-122.65718,38.24102],[-122.65832,38.24102],[-122.6589,38.24024],[-122.65833,38.23946],[-122.65719,38.23946],[-122.65661,38.24024]]],"type":"Polygon"},"properties":{"bbox":{"roads":{"area":1821.14,"pct":7.01}},"city_same":1,"id":"hex:3533:24436"},"type":"Feature"},{"geometry":{"coordinates":[[[-122.6566,38.2418],[-122.65717,38.24258],[-122.65831,38.24258],[-122.65889,38.2418],[-122.65832,38.24102],[-122.65718,38.24102],[-122.6566,38.2418]]],"type":"Polygon"},"properties":{"bbox":{"roads":{"area":3158.4,"pct":12.16}},"city_same":1,"id":"hex:3533:24437"},"type":"Feature"},{"geometry":{"coordinates":[[[-122.6566,38.24336],[-122.65716,38.24414],[-122.65831,38.24414],[-122.65888,38.24336],[-122.65831,38.24258],[-122.65717,38.24258],[-122.6566,38.24336]]],"type":"Polygon"},"properties":{"bbox":{"roads":{"area":1315.58,"pct":5.06}},"city_same":1,"id":"hex:3533:24438"},"type":"Feature"},{"geometry":{"coordinates":[[[-122.65659,38.24492],[-122.65716,38.2457],[-122.6583,38.2457],[-122.65888,38.24493],[-122.65831,38.24414],[-122.65716,38.24414],[-122.65659,38.24492]]],"type":"Polygon"},"properties":{"bbox":{"roads":{"area":2031.61,"pct":7.82}},"city_same":1,"id":"hex:3533:24439"},"type":"Feature"},{"geometry":{"coordinates":[[[-122.65829,38.24727],[-122.65715,38.24726],[-122.65658,38.24648],[-122.65716,38.2457],[-122.6583,38.2457],[-122.65865,38.24618],[-122.65863,38.24628],[-122.65862,38.24631],[-122.65854,38.24693],[-122.65829,38.24727]]],"type":"Polygon"},"properties":{"bbox":{"roads":{"area":2588.97,"pct":10.35}},"city_same":1,"id":"hex:3533:24440"},"type":"Feature"},{"geometry":{"coordinates":[[[-122.65714,38.24882],[-122.65657,38.24804],[-122.65715,38.24726],[-122.65829,38.24727],[-122.65846,38.2475],[-122.65841,38.24787],[-122.65832,38.24856],[-122.65829,38.24876],[-122.65829,38.24878],[-122.65817,38.24879],[-122.65808,38.24879],[-122.65808,38.24883],[-122.65714,38.24882]]],"type":"Polygon"},"properties":{"bbox":{"roads":{"area":1856.94,"pct":8.13}},"city_same":1,"id":"hex:3533:24441"},"type":"Feature"},{"geometry":{"coordinates":[[[-122.65885,38.24961],[-122.65863,38.24992],[-122.65658,38.24958],[-122.65714,38.24882],[-122.65808,38.24883],[-122.65808,38.24896],[-122.65809,38.24913],[-122.65854,38.24918],[-122.65885,38.24961]]],"type":"Polygon"},"properties":{"bbox":{"roads":{"area":966.26,"pct":6.35}},"city_same":1,"id":"hex:3533:24442"},"type":"Feature"},{"geometry":{"coordinates":[[[-122.65822,38.26288],[-122.65708,38.26287],[-122.65651,38.26209],[-122.65672,38.2618],[-122.65806,38.26261],[-122.65831,38.26276],[-122.65822,38.26288]]],"type":"Polygon"},"properties":{"bbox":{"roads":{"area":1055.26,"pct":11.92}},"id":"hex:3533:24450"},"type":"Feature"},{"geometry":{"coordinates":[[[-122.6565,38.26365],[-122.65707,38.26443],[-122.65821,38.26444],[-122.65879,38.26366],[-122.65822,38.26288],[-122.65708,38.26287],[-122.6565,38.26365]]],"type":"Polygon"},"properties":{"bbox":{"roads":{"area":3744.11,"pct":14.41}},"city":{"roads":{"area":1171.82,"pct":4.51}},"id":"hex:3533:24451"},"type":"Feature"},{"geometry":{"coordinates":[[[-122.65649,38.26521],[-122.65706,38.26599],[-122.65821,38.266],[-122.65878,38.26522],[-122.65821,38.26444],[-122.65707,38.26443],[-122.65649,38.26521]]],"type":"Polygon"},"properties":{"bbox":{"roads":{"area":3476.72,"pct":13.38}},"city":{"roads":{"area":2240.85,"pct":8.63}},"id":"hex:3533:24452"},"type":"Feature"},{"geometry":{"coordinates":[[[-122.65649,38.26677],[-122.65705,38.26755],[-122.6582,38.26756],[-122.65877,38.26678],[-122.65821,38.266],[-122.65706,38.26599],[-122.65649,38.26677]]],"type":"Polygon"},"properties":{"bbox":{"roads":{"area":6208.96,"pct":23.9}},"city":{"roads":{"area":2402.83,"pct":9.25}},"id":"hex:3533:24453"},"type":"Feature"},{"geometry":{"coordinates":[[[-122.65705,38.26755],[-122.6582,38.26756],[-122.65877,38.26834],[-122.65819,38.26912],[-122.65751,38.26912],[-122.65655,38.26824],[-122.65705,38.26755]]],"type":"Polygon"},"properties":{"bbox":{"roads":{"area":2796.4,"pct":11.88}},"city_same":1,"id":"hex:3533:24454"},"type":"Feature"},{"geometry":{"coordinates":[[[-122.65819,38.26912],[-122.65876,38.2699],[-122.6586,38.27011],[-122.6577,38.26929],[-122.65751,38.26912],[-122.65819,38.26912]]],"type":"Polygon"},"properties":{"bbox":{"roads":{"area":305.9,"pct":6.82}},"city_same":1,"id":"hex:3533:24455"},"type":"Feature"},{"geometry":{"coordinates":[[[-122.65499,38.22072],[-122.65556,38.2215],[-122.6567,38.2215],[-122.65727,38.22073],[-122.65671,38.21994],[-122.65556,38.21994],[-122.65499,38.22072]]],"type":"Polygon"},"properties":{"bbox":{"roads":{"area":756.92,"pct":2.91}},"city_same":1,"id":"hex:3534:24424"},"type":"Feature"},{"geometry":{"coordinates":[[[-122.65498,38.22228],[-122.65555,38.22306],[-122.65669,38.22306],[-122.65727,38.22229],[-122.6567,38.2215],[-122.65556,38.2215],[-122.65498,38.22228]]],"type":"Polygon"},"properties":{"bbox":{"roads":{"area":1385.67,"pct":5.33}},"city_same":1,"id":"hex:3534:24425"},"type":"Feature"},{"geometry":{"coordinates":[[[-122.65496,38.22696],[-122.65554,38.22618],[-122.65668,38.22619],[-122.65725,38.22697],[-122.65694,38.22739],[-122.65546,38.22739],[-122.65535,38.22739],[-122.65527,38.22739],[-122.65496,38.22696]]],"type":"Polygon"},"properties":{"bbox":{"roads":{"area":117.82,"pct":0.56}},"city_same":1,"id":"hex:3534:24428"},"type":"Feature"},{"geometry":{"coordinates":[[[-122.65666,38.23087],[-122.65551,38.23087],[-122.65495,38.23008],[-122.65516,38.22979],[-122.65521,38.2298],[-122.6554,38.22984],[-122.65547,38.22985],[-122.65585,38.22993],[-122.65596,38.22996],[-122.65618,38.23002],[-122.65651,38.23011],[-122.65683,38.23022],[-122.65706,38.23032],[-122.65666,38.23087]]],"type":"Polygon"},"properties":{"bbox":{"roads":{"area":1017.18,"pct":7.05}},"city_same":1,"id":"hex:3534:24430"},"type":"Feature"},{"geometry":{"coordinates":[[[-122.65493,38.23321],[-122.6555,38.23399],[-122.65664,38.23399],[-122.65722,38.23321],[-122.65665,38.23243],[-122.65551,38.23243],[-122.65493,38.23321]]],"type":"Polygon"},"properties":{"bbox":{"roads":{"area":1561.44,"pct":6.01}},"city_same":1,"id":"hex:3534:24432"},"type":"Feature"},{"geometry":{"coordinates":[[[-122.65492,38.23477],[-122.65549,38.23555],[-122.65663,38.23555],[-122.65721,38.23477],[-122.65664,38.23399],[-122.6555,38.23399],[-122.65492,38.23477]]],"type":"Polygon"},"properties":{"bbox":{"roads":{"area":1975.87,"pct":7.61},"sidewalks":{"area":496.79,"pct":1.91}},"city_same":1,"id":"hex:3534:24433"},"type":"Feature"},{"geometry":{"coordinates":[[[-122.65492,38.23633],[-122.65548,38.23711],[-122.65663,38.23711],[-122.6572,38.23633],[-122.65663,38.23555],[-122.65549,38.23555],[-122.65492,38.23633]]],"type":"Polygon"},"properties":{"bbox":{"roads":{"area":1876.51,"pct":7.22}},"city_same":1,"id":"hex:3534:24434"},"type":"Feature"},{"geometry":{"coordinates":[[[-122.65491,38.23789],[-122.65548,38.23867],[-122.65662,38.23867],[-122.65719,38.2379],[-122.65663,38.23711],[-122.65548,38.23711],[-122.65491,38.23789]]],"type":"Polygon"},"properties":{"bbox":{"roads":{"area":2331.78,"pct":8.98}},"city_same":1,"id":"hex:3534:24435"},"type":"Feature"},{"geometry":{"coordinates":[[[-122.6549,38.23945],[-122.65547,38.24023],[-122.65661,38.24024],[-122.65719,38.23946],[-122.65662,38.23867],[-122.65548,38.23867],[-122.6549,38.23945]]],"type":"Polygon"},"properties":{"bbox":{"roads":{"area":1974.8,"pct":7.6}},"city_same":1,"id":"hex:3534:24436"},"type":"Feature"},{"geometry":{"coordinates":[[[-122.65489,38.24101],[-122.65546,38.24179],[-122.6566,38.2418],[-122.65718,38.24102],[-122.65661,38.24024],[-122.65547,38.24023],[-122.65489,38.24101]]],"type":"Polygon"},"properties":{"bbox":{"roads":{"area":1896.06,"pct":7.3}},"city_same":1,"id":"hex:3534:24437"},"type":"Feature"},{"geometry":{"coordinates":[[[-122.65489,38.24257],[-122.65545,38.24335],[-122.6566,38.24336],[-122.65717,38.24258],[-122.6566,38.2418],[-122.65546,38.24179],[-122.65489,38.24257]]],"type":"Polygon"},"properties":{"bbox":{"roads":{"area":1088.25,"pct":4.19}},"city_same":1,"id":"hex:3534:24438"},"type":"Feature"},{"geometry":{"coordinates":[[[-122.65488,38.24413],[-122.65545,38.24492],[-122.65659,38.24492],[-122.65716,38.24414],[-122.6566,38.24336],[-122.65545,38.24335],[-122.65488,38.24413]]],"type":"Polygon"},"properties":{"bbox":{"parking":{"area":757.72,"pct":2.92},"roads":{"area":1859.4,"pct":7.16},"sidewalks":{"area":404.98,"pct":1.56}},"city_same":1,"id":"hex:3534:24439"},"type":"Feature"},{"geometry":{"coordinates":[[[-122.65487,38.24569],[-122.65544,38.24648],[-122.65658,38.24648],[-122.65716,38.2457],[-122.65659,38.24492],[-122.65545,38.24492],[-122.65487,38.24569]]],"type":"Polygon"},"properties":{"bbox":{"roads":{"area":2567.23,"pct":9.88},"sidewalks":{"area":639.46,"pct":2.46}},"city_same":1,"id":"hex:3534:24440"},"type":"Feature"},{"geometry":{"coordinates":[[[-122.65486,38.24726],[-122.65543,38.24804],[-122.65657,38.24804],[-122.65715,38.24726],[-122.65658,38.24648],[-122.65544,38.24648],[-122.65486,38.24726]]],"type":"Polygon"},"properties":{"bbox":{"roads":{"area":1745.39,"pct":6.72}},"city_same":1,"id":"hex:3534:24441"},"type":"Feature"},{"geometry":{"coordinates":[[[-122.65542,38.2496],[-122.65486,38.24882],[-122.65543,38.24804],[-122.65657,38.24804],[-122.65714,38.24882],[-122.65658,38.24958],[-122.65576,38.24945],[-122.6557,38.2496],[-122.65542,38.2496]]],"type":"Polygon"},"properties":{"bbox":{"roads":{"area":1313.27,"pct":5.2}},"city_same":1,"id":"hex:3534:24442"},"type":"Feature"},{"geometry":{"coordinates":[[[[-122.65481,38.25818],[-122.65493,38.25803],[-122.65511,38.25808],[-122.65511,38.25807],[-122.65512,38.25806],[-122.65563,38.25829],[-122.65549,38.25861],[-122.65544,38.25872],[-122.6551,38.25858],[-122.65481,38.25818]]],[[[-122.65537,38.25743],[-122.65575,38.25766],[-122.656,38.25773],[-122.65597,38.25785],[-122.65591,38.25796],[-122.65581,38.25813],[-122.65567,38.25819],[-122.65564,38.25827],[-122.65515,38.25801],[-122.65515,38.25801],[-122.65516,38.25799],[-122.65515,38.25798],[-122.65503,38.25789],[-122.65537,38.25743]]]],"type":"MultiPolygon"},"properties":{"bbox":{"roads":{"area":1144.9,"pct":15.49}},"id":"hex:3534:24448"},"type":"Feature"},{"geometry":{"coordinates":[[[-122.65651,38.26209],[-122.65537,38.26209],[-122.6548,38.2613],[-122.65514,38.26084],[-122.65646,38.26164],[-122.65672,38.2618],[-122.65651,38.26209]]],"type":"Polygon"},"properties":{"bbox":{"roads":{"area":2091,"pct":16.47}},"id":"hex:3534:24450"},"type":"Feature"},{"geometry":{"coordinates":[[[-122.65479,38.26286],[-122.65536,38.26365],[-122.6565,38.26365],[-122.65708,38.26287],[-122.65651,38.26209],[-122.65537,38.26209],[-122.65479,38.26286]]],"type":"Polygon"},"properties":{"bbox":{"roads":{"area":3482.98,"pct":13.41}},"city":{"roads":{"area":1771.23,"pct":6.82}},"id":"hex:3534:24451"},"type":"Feature"},{"geometry":{"coordinates":[[[-122.65478,38.26443],[-122.65535,38.26521],[-122.65649,38.26521],[-122.65707,38.26443],[-122.6565,38.26365],[-122.65536,38.26365],[-122.65478,38.26443]]],"type":"Polygon"},"properties":{"bbox":{"roads":{"area":2064.52,"pct":7.95}},"city_same":1,"id":"hex:3534:24452"},"type":"Feature"},{"geometry":{"coordinates":[[[-122.65478,38.26599],[-122.65534,38.26677],[-122.65649,38.26677],[-122.65706,38.26599],[-122.65649,38.26521],[-122.65535,38.26521],[-122.65478,38.26599]]],"type":"Polygon"},"properties":{"bbox":{"parking":{"area":246.21,"pct":0.95},"roads":{"area":2845.54,"pct":10.95}},"city":{"parking":{"area":246.21,"pct":0.95},"roads":{"area":996.7,"pct":3.84}},"id":"hex:3534:24453"},"type":"Feature"},{"geometry":{"coordinates":[[[-122.65534,38.26833],[-122.65477,38.26755],[-122.65534,38.26677],[-122.65649,38.26677],[-122.65705,38.26755],[-122.65655,38.26824],[-122.65614,38.26787],[-122.65602,38.26776],[-122.65593,38.26784],[-122.65585,38.2679],[-122.65583,38.26791],[-122.65581,38.26784],[-122.65562,38.26806],[-122.65547,38.26822],[-122.65537,38.26833],[-122.65534,38.26833]]],"type":"Polygon"},"properties":{"bbox":{"parking":{"area":4362.8,"pct":19.58},"roads":{"area":3165.07,"pct":14.2},"sidewalks":{"area":14.19,"pct":0.06}},"city":{"parking":{"area":4362.8,"pct":19.58},"roads":{"area":2120.82,"pct":9.52},"sidewalks":{"area":14.19,"pct":0.06}},"id":"hex:3534:24454"},"type":"Feature"},{"geometry":{"coordinates":[[[-122.65328,38.21993],[-122.65385,38.22071],[-122.65499,38.22072],[-122.65556,38.21994],[-122.655,38.21916],[-122.65385,38.21915],[-122.65328,38.21993]]],"type":"Polygon"},"properties":{"bbox":{"roads":{"area":498.11,"pct":1.92}},"city_same":1,"id":"hex:3535:24423"},"type":"Feature"},{"geometry":{"coordinates":[[[-122.65327,38.22149],[-122.65384,38.22228],[-122.65498,38.22228],[-122.65556,38.2215],[-122.65499,38.22072],[-122.65385,38.22071],[-122.65327,38.22149]]],"type":"Polygon"},"properties":{"bbox":{"roads":{"area":1768.99,"pct":6.81}},"city_same":1,"id":"hex:3535:24424"},"type":"Feature"},{"geometry":{"coordinates":[[[-122.65495,38.22852],[-122.65381,38.22852],[-122.65324,38.22774],[-122.65382,38.22696],[-122.65496,38.22696],[-122.65527,38.22739],[-122.65508,38.22739],[-122.65508,38.22835],[-122.65495,38.22852]]],"type":"Polygon"},"properties":{"bbox":{"roads":{"area":489.34,"pct":2.07}},"city_same":1,"id":"hex:3535:24428"},"type":"Feature"},{"geometry":{"coordinates":[[[-122.65495,38.23008],[-122.6538,38.23008],[-122.65324,38.2293],[-122.65381,38.22852],[-122.65495,38.22852],[-122.65508,38.2287],[-122.65508,38.22892],[-122.65515,38.22979],[-122.65516,38.22979],[-122.65495,38.23008]]],"type":"Polygon"},"properties":{"bbox":{"roads":{"area":2266.96,"pct":9.55}},"city_same":1,"id":"hex:3535:24429"},"type":"Feature"},{"geometry":{"coordinates":[[[-122.65323,38.23086],[-122.6538,38.23164],[-122.65494,38.23165],[-122.65551,38.23087],[-122.65495,38.23008],[-122.6538,38.23008],[-122.65323,38.23086]]],"type":"Polygon"},"properties":{"bbox":{"roads":{"area":641.89,"pct":2.47},"sidewalks":{"area":69.71,"pct":0.27}},"city_same":1,"id":"hex:3535:24430"},"type":"Feature"},{"geometry":{"coordinates":[[[-122.65322,38.23242],[-122.65379,38.2332],[-122.65493,38.23321],[-122.65551,38.23243],[-122.65494,38.23165],[-122.6538,38.23164],[-122.65322,38.23242]]],"type":"Polygon"},"properties":{"bbox":{"roads":{"area":2299.6,"pct":8.85},"sidewalks":{"area":850.19,"pct":3.27}},"city_same":1,"id":"hex:3535:24431"},"type":"Feature"},{"geometry":{"coordinates":[[[-122.65321,38.23398],[-122.65378,38.23476],[-122.65492,38.23477],[-122.6555,38.23399],[-122.65493,38.23321],[-122.65379,38.2332],[-122.65321,38.23398]]],"type":"Polygon"},"properties":{"bbox":{"roads":{"area":2661.25,"pct":10.24},"sidewalks":{"area":736.48,"pct":2.83}},"city_same":1,"id":"hex:3535:24432"},"type":"Feature"},{"geometry":{"coordinates":[[[-122.65321,38.23554],[-122.65377,38.23632],[-122.65492,38.23633],[-122.65549,38.23555],[-122.65492,38.23477],[-122.65378,38.23476],[-122.65321,38.23554]]],"type":"Polygon"},"properties":{"bbox":{"roads":{"area":1497.81,"pct":5.77}},"city_same":1,"id":"hex:3535:24433"},"type":"Feature"},{"geometry":{"coordinates":[[[-122.6532,38.2371],[-122.65377,38.23789],[-122.65491,38.23789],[-122.65548,38.23711],[-122.65492,38.23633],[-122.65377,38.23632],[-122.6532,38.2371]]],"type":"Polygon"},"properties":{"bbox":{"roads":{"area":1881.08,"pct":7.24}},"city_same":1,"id":"hex:3535:24434"},"type":"Feature"},{"geometry":{"coordinates":[[[-122.65319,38.23866],[-122.65376,38.23945],[-122.6549,38.23945],[-122.65548,38.23867],[-122.65491,38.23789],[-122.65377,38.23789],[-122.65319,38.23866]]],"type":"Polygon"},"properties":{"bbox":{"roads":{"area":2014.7,"pct":7.75}},"city_same":1,"id":"hex:3535:24435"},"type":"Feature"},{"geometry":{"coordinates":[[[-122.65318,38.24023],[-122.65375,38.24101],[-122.65489,38.24101],[-122.65547,38.24023],[-122.6549,38.23945],[-122.65376,38.23945],[-122.65318,38.24023]]],"type":"Polygon"},"properties":{"bbox":{"roads":{"area":1922.54,"pct":7.4}},"city_same":1,"id":"hex:3535:24436"},"type":"Feature"},{"geometry":{"coordinates":[[[-122.65318,38.24179],[-122.65374,38.24257],[-122.65489,38.24257],[-122.65546,38.24179],[-122.65489,38.24101],[-122.65375,38.24101],[-122.65318,38.24179]]],"type":"Polygon"},"properties":{"bbox":{"roads":{"area":2174.82,"pct":8.37}},"city_same":1,"id":"hex:3535:24437"},"type":"Feature"},{"geometry":{"coordinates":[[[-122.65317,38.24335],[-122.65374,38.24413],[-122.65488,38.24413],[-122.65545,38.24335],[-122.65489,38.24257],[-122.65374,38.24257],[-122.65317,38.24335]]],"type":"Polygon"},"properties":{"bbox":{"roads":{"area":377.52,"pct":1.45},"sidewalks":{"area":26.8,"pct":0.1}},"city_same":1,"id":"hex:3535:24438"},"type":"Feature"},{"geometry":{"coordinates":[[[-122.65316,38.24491],[-122.65374,38.24413],[-122.65488,38.24413],[-122.65545,38.24492],[-122.65487,38.24569],[-122.65438,38.24569],[-122.65433,38.24569],[-122.65421,38.24569],[-122.6541,38.24568],[-122.65376,38.24564],[-122.65368,38.24563],[-122.65316,38.24491]]],"type":"Polygon"},"properties":{"bbox":{"roads":{"area":2164.82,"pct":8.38},"sidewalks":{"area":705.41,"pct":2.73}},"city_same":1,"id":"hex:3535:24439"},"type":"Feature"},{"geometry":{"coordinates":[[[-122.65487,38.24569],[-122.65544,38.24648],[-122.65486,38.24726],[-122.65465,38.24725],[-122.65464,38.24583],[-122.65464,38.24581],[-122.65464,38.24572],[-122.65464,38.2457],[-122.65453,38.2457],[-122.65438,38.24569],[-122.65487,38.24569]]],"type":"Polygon"},"properties":{"bbox":{"roads":{"area":144.07,"pct":1.88}},"city_same":1,"id":"hex:3535:24440"},"type":"Feature"},{"geometry":{"coordinates":[[[-122.65368,38.25662],[-122.65311,38.25584],[-122.65313,38.25581],[-122.65332,38.25592],[-122.65361,38.25615],[-122.65425,38.25662],[-122.65368,38.25662]]],"type":"Polygon"},"properties":{"bbox":{"roads":{"area":649.06,"pct":25.78}},"city":{"roads":{"area":406.18,"pct":16.13}},"id":"hex:3535:24446"},"type":"Feature"},{"geometry":{"coordinates":[[[[-122.6531,38.2574],[-122.65311,38.25738],[-122.65313,38.25738],[-122.6535,38.25747],[-122.65363,38.25753],[-122.65391,38.25773],[-122.65388,38.25777],[-122.6536,38.25809],[-122.6531,38.2574]]],[[[-122.65481,38.25818],[-122.65367,38.25818],[-122.65362,38.25812],[-122.65392,38.25778],[-122.65407,38.25781],[-122.65422,38.25782],[-122.65461,38.25794],[-122.65493,38.25803],[-122.65481,38.25818]]],[[[-122.65503,38.25789],[-122.65457,38.25754],[-122.65356,38.25678],[-122.65368,38.25662],[-122.65425,38.25662],[-122.65431,38.25667],[-122.65452,38.25683],[-122.65462,38.2569],[-122.65484,38.25704],[-122.65498,38.25718],[-122.65528,38.25738],[-122.65537,38.25743],[-122.65503,38.25789]]]],"type":"MultiPolygon"},"properties":{"bbox":{"roads":{"area":3512.33,"pct":23.79}},"city":{"roads":{"area":676.47,"pct":4.58}},"id":"hex:3535:24447"},"type":"Feature"},{"geometry":{"coordinates":[[[-122.6548,38.2613],[-122.65365,38.2613],[-122.65309,38.26052],[-122.65356,38.25988],[-122.65448,38.26044],[-122.65514,38.26084],[-122.6548,38.2613]]],"type":"Polygon"},"properties":{"bbox":{"roads":{"area":2870.26,"pct":17.34}},"id":"hex:3535:24449"},"type":"Feature"},{"geometry":{"coordinates":[[[-122.65308,38.26208],[-122.65365,38.26286],[-122.65479,38.26286],[-122.65537,38.26209],[-122.6548,38.2613],[-122.65365,38.2613],[-122.65308,38.26208]]],"type":"Polygon"},"properties":{"bbox":{"roads":{"area":2860.25,"pct":11.01}},"city":{"roads":{"area":2150.87,"pct":8.28}},"id":"hex:3535:24450"},"type":"Feature"},{"geometry":{"coordinates":[[[-122.65307,38.26364],[-122.65364,38.26442],[-122.65478,38.26443],[-122.65536,38.26365],[-122.65479,38.26286],[-122.65365,38.26286],[-122.65307,38.26364]]],"type":"Polygon"},"properties":{"bbox":{"roads":{"area":1975.66,"pct":7.6}},"city_same":1,"id":"hex:3535:24451"},"type":"Feature"},{"geometry":{"coordinates":[[[-122.65306,38.2652],[-122.65363,38.26598],[-122.65478,38.26599],[-122.65535,38.26521],[-122.65478,38.26443],[-122.65364,38.26442],[-122.65306,38.2652]]],"type":"Polygon"},"properties":{"bbox":{"roads":{"area":3245.71,"pct":12.49}},"city":{"roads":{"area":1317.73,"pct":5.07}},"id":"hex:3535:24452"},"type":"Feature"},{"geometry":{"coordinates":[[[-122.65306,38.26676],[-122.65363,38.26754],[-122.65477,38.26755],[-122.65534,38.26677],[-122.65478,38.26599],[-122.65363,38.26598],[-122.65306,38.26676]]],"type":"Polygon"},"properties":{"bbox":{"roads":{"area":1755.9,"pct":6.76},"sidewalks":{"area":266.14,"pct":1.02}},"city_same":1,"id":"hex:3535:24453"},"type":"Feature"},{"geometry":{"coordinates":[[[-122.65362,38.26911],[-122.65305,38.26832],[-122.65363,38.26754],[-122.65477,38.26755],[-122.65534,38.26833],[-122.65519,38.26852],[-122.65519,38.26853],[-122.65487,38.26889],[-122.6548,38.26899],[-122.65469,38.26911],[-122.65362,38.26911]]],"type":"Polygon"},"properties":{"bbox":{"roads":{"area":5205.13,"pct":20.19},"sidewalks":{"area":390.97,"pct":1.52}},"city":{"roads":{"area":2812.73,"pct":10.91},"sidewalks":{"area":390.97,"pct":1.52}},"id":"hex:3535:24454"},"type":"Feature"},{"geometry":{"coordinates":[[[-122.65304,38.26988],[-122.65362,38.26911],[-122.65469,38.26911],[-122.65463,38.26917],[-122.6546,38.26921],[-122.65451,38.26933],[-122.65447,38.26937],[-122.65429,38.26956],[-122.65419,38.26967],[-122.6541,38.26978],[-122.65381,38.27007],[-122.65374,38.27015],[-122.65356,38.27035],[-122.65324,38.27016],[-122.65304,38.26988]]],"type":"Polygon"},"properties":{"bbox":{"roads":{"area":655.4,"pct":6.53},"sidewalks":{"area":5.93,"pct":0.06}},"city_same":1,"id":"hex:3535:24455"},"type":"Feature"},{"geometry":{"coordinates":[[[-122.65157,38.21915],[-122.65214,38.21993],[-122.65328,38.21993],[-122.65385,38.21915],[-122.65329,38.21837],[-122.65215,38.21837],[-122.65157,38.21915]]],"type":"Polygon"},"properties":{"bbox":{"roads":{"area":984.11,"pct":3.79}},"city_same":1,"id":"hex:3536:24423"},"type":"Feature"},{"geometry":{"coordinates":[[[-122.65156,38.22071],[-122.65213,38.22149],[-122.65327,38.22149],[-122.65385,38.22071],[-122.65328,38.21993],[-122.65214,38.21993],[-122.65156,38.22071]]],"type":"Polygon"},"properties":{"bbox":{"roads":{"area":2330.19,"pct":8.97}},"city_same":1,"id":"hex:3536:24424"},"type":"Feature"},{"geometry":{"coordinates":[[[-122.65156,38.22227],[-122.65212,38.22305],[-122.65327,38.22305],[-122.65384,38.22228],[-122.65327,38.22149],[-122.65213,38.22149],[-122.65156,38.22227]]],"type":"Polygon"},"properties":{"bbox":{"roads":{"area":570.63,"pct":2.2}},"city_same":1,"id":"hex:3536:24425"},"type":"Feature"},{"geometry":{"coordinates":[[[-122.65155,38.22383],[-122.65212,38.22461],[-122.65326,38.22462],[-122.65383,38.22384],[-122.65327,38.22305],[-122.65212,38.22305],[-122.65155,38.22383]]],"type":"Polygon"},"properties":{"bbox":{"roads":{"area":676.74,"pct":2.6}},"city_same":1,"id":"hex:3536:24426"},"type":"Feature"},{"geometry":{"coordinates":[[[-122.65154,38.22539],[-122.65211,38.22617],[-122.65325,38.22618],[-122.65383,38.2254],[-122.65326,38.22462],[-122.65212,38.22461],[-122.65154,38.22539]]],"type":"Polygon"},"properties":{"bbox":{"roads":{"area":129.44,"pct":0.5}},"city_same":1,"id":"hex:3536:24427"},"type":"Feature"},{"geometry":{"coordinates":[[[-122.65153,38.22695],[-122.6521,38.22773],[-122.65324,38.22774],[-122.65382,38.22696],[-122.65325,38.22618],[-122.65211,38.22617],[-122.65153,38.22695]]],"type":"Polygon"},"properties":{"bbox":{"roads":{"area":750.71,"pct":2.89},"sidewalks":{"area":224.81,"pct":0.87}},"city_same":1,"id":"hex:3536:24428"},"type":"Feature"},{"geometry":{"coordinates":[[[-122.65153,38.22851],[-122.65209,38.2293],[-122.65324,38.2293],[-122.65381,38.22852],[-122.65324,38.22774],[-122.6521,38.22773],[-122.65153,38.22851]]],"type":"Polygon"},"properties":{"bbox":{"roads":{"area":1895.17,"pct":7.29},"sidewalks":{"area":237.32,"pct":0.91}},"city_same":1,"id":"hex:3536:24429"},"type":"Feature"},{"geometry":{"coordinates":[[[-122.65152,38.23007],[-122.65209,38.23086],[-122.65323,38.23086],[-122.6538,38.23008],[-122.65324,38.2293],[-122.65209,38.2293],[-122.65152,38.23007]]],"type":"Polygon"},"properties":{"bbox":{"roads":{"area":2496.06,"pct":9.61},"sidewalks":{"area":601.81,"pct":2.32}},"city_same":1,"id":"hex:3536:24430"},"type":"Feature"},{"geometry":{"coordinates":[[[-122.65151,38.23164],[-122.65208,38.23242],[-122.65322,38.23242],[-122.6538,38.23164],[-122.65323,38.23086],[-122.65209,38.23086],[-122.65151,38.23164]]],"type":"Polygon"},"properties":{"bbox":{"roads":{"area":1660.96,"pct":6.39},"sidewalks":{"area":528.43,"pct":2.03}},"city_same":1,"id":"hex:3536:24431"},"type":"Feature"},{"geometry":{"coordinates":[[[-122.6515,38.2332],[-122.65207,38.23398],[-122.65321,38.23398],[-122.65379,38.2332],[-122.65322,38.23242],[-122.65208,38.23242],[-122.6515,38.2332]]],"type":"Polygon"},"properties":{"bbox":{"roads":{"area":323.43,"pct":1.24},"sidewalks":{"area":27.52,"pct":0.11}},"city_same":1,"id":"hex:3536:24432"},"type":"Feature"},{"geometry":{"coordinates":[[[-122.6515,38.23476],[-122.65206,38.23554],[-122.65321,38.23554],[-122.65378,38.23476],[-122.65321,38.23398],[-122.65207,38.23398],[-122.6515,38.23476]]],"type":"Polygon"},"properties":{"bbox":{"roads":{"area":2321.88,"pct":8.94},"sidewalks":{"area":458.67,"pct":1.77}},"city_same":1,"id":"hex:3536:24433"},"type":"Feature"},{"geometry":{"coordinates":[[[-122.65149,38.23632],[-122.65206,38.2371],[-122.6532,38.2371],[-122.65377,38.23632],[-122.65321,38.23554],[-122.65206,38.23554],[-122.65149,38.23632]]],"type":"Polygon"},"properties":{"bbox":{"roads":{"area":420.67,"pct":1.62}},"city_same":1,"id":"hex:3536:24434"},"type":"Feature"},{"geometry":{"coordinates":[[[-122.65148,38.23788],[-122.65205,38.23866],[-122.65319,38.23866],[-122.65377,38.23789],[-122.6532,38.2371],[-122.65206,38.2371],[-122.65148,38.23788]]],"type":"Polygon"},"properties":{"bbox":{"roads":{"area":1878.24,"pct":7.23}},"city_same":1,"id":"hex:3536:24435"},"type":"Feature"},{"geometry":{"coordinates":[[[-122.65147,38.23944],[-122.65204,38.24022],[-122.65318,38.24023],[-122.65376,38.23945],[-122.65319,38.23866],[-122.65205,38.23866],[-122.65147,38.23944]]],"type":"Polygon"},"properties":{"bbox":{"roads":{"area":2229.29,"pct":8.58}},"city_same":1,"id":"hex:3536:24436"},"type":"Feature"},{"geometry":{"coordinates":[[[-122.65147,38.241],[-122.65203,38.24178],[-122.65318,38.24179],[-122.65375,38.24101],[-122.65318,38.24023],[-122.65204,38.24022],[-122.65147,38.241]]],"type":"Polygon"},"properties":{"bbox":{"roads":{"area":2265.41,"pct":8.72}},"city_same":1,"id":"hex:3536:24437"},"type":"Feature"},{"geometry":{"coordinates":[[[-122.65146,38.24256],[-122.65203,38.24334],[-122.65317,38.24335],[-122.65374,38.24257],[-122.65318,38.24179],[-122.65203,38.24178],[-122.65146,38.24256]]],"type":"Polygon"},"properties":{"bbox":{"roads":{"area":1028.16,"pct":3.96}},"city_same":1,"id":"hex:3536:24438"},"type":"Feature"},{"geometry":{"coordinates":[[[-122.65145,38.24412],[-122.65202,38.24491],[-122.65316,38.24491],[-122.65374,38.24413],[-122.65317,38.24335],[-122.65203,38.24334],[-122.65145,38.24412]]],"type":"Polygon"},"properties":{"bbox":{"roads":{"area":2134.68,"pct":8.22},"sidewalks":{"area":64.13,"pct":0.25}},"city_same":1,"id":"hex:3536:24439"},"type":"Feature"},{"geometry":{"coordinates":[[[-122.65202,38.24491],[-122.65316,38.24491],[-122.65368,38.24563],[-122.65347,38.2456],[-122.65274,38.24548],[-122.6524,38.24542],[-122.65189,38.24533],[-122.65188,38.24532],[-122.65173,38.24529],[-122.65202,38.24491]]],"type":"Polygon"},"properties":{"bbox":{"roads":{"area":430.7,"pct":5.2}},"city_same":1,"id":"hex:3536:24440"},"type":"Feature"},{"geometry":{"coordinates":[[[-122.6514,38.25505],[-122.65152,38.25489],[-122.65155,38.25491],[-122.6519,38.25514],[-122.65209,38.25528],[-122.65251,38.25554],[-122.65262,38.25556],[-122.65295,38.2557],[-122.65313,38.25581],[-122.65311,38.25584],[-122.65228,38.25583],[-122.65199,38.25567],[-122.65182,38.25557],[-122.65179,38.25559],[-122.6514,38.25505]]],"type":"Polygon"},"properties":{"bbox":{"roads":{"area":2145.96,"pct":39.53},"sidewalks":{"area":38.23,"pct":0.7}},"city":{"roads":{"area":251.84,"pct":4.64},"sidewalks":{"area":38.23,"pct":0.7}},"id":"hex:3536:24446"},"type":"Feature"},{"geometry":{"coordinates":[[[[-122.6531,38.2574],[-122.65196,38.25739],[-122.65139,38.25661],[-122.65174,38.25614],[-122.6519,38.2563],[-122.6521,38.25649],[-122.65242,38.25679],[-122.65254,38.25703],[-122.65272,38.25722],[-122.65276,38.25724],[-122.65299,38.25735],[-122.65311,38.25738],[-122.6531,38.2574]]],[[[-122.65311,38.25584],[-122.65368,38.25662],[-122.65356,38.25678],[-122.65235,38.25587],[-122.65228,38.25583],[-122.65311,38.25584]]],[[[-122.65179,38.25606],[-122.65183,38.25611],[-122.65184,38.25612],[-122.65192,38.25623],[-122.65184,38.25615],[-122.65178,38.25609],[-122.65179,38.25606]]],[[[-122.6528,38.25716],[-122.65276,38.25714],[-122.65258,38.25694],[-122.65249,38.25677],[-122.65233,38.25662],[-122.65246,38.25658],[-122.65247,38.25659],[-122.6529,38.25698],[-122.65292,38.257],[-122.65282,38.25713],[-122.6528,38.25716]]]],"type":"MultiPolygon"},"properties":{"bbox":{"parking":{"area":3751.43,"pct":25.93},"roads":{"area":2670.93,"pct":18.46}},"city":{"parking":{"area":3751.43,"pct":25.93},"roads":{"area":945.44,"pct":6.54}},"id":"hex:3536:24447"},"type":"Feature"},{"geometry":{"coordinates":[[[[-122.65309,38.25896],[-122.65195,38.25895],[-122.65138,38.25817],[-122.65196,38.25739],[-122.6531,38.2574],[-122.6536,38.25809],[-122.65358,38.25812],[-122.65346,38.25846],[-122.65309,38.25896]]],[[[-122.65367,38.25818],[-122.65353,38.25837],[-122.65362,38.25812],[-122.65362,38.25812],[-122.65367,38.25818]]]],"type":"MultiPolygon"},"properties":{"bbox":{"parking":{"area":140.67,"pct":0.54},"roads":{"area":59.5,"pct":0.23}},"city_same":1,"id":"hex:3536:24448"},"type":"Feature"},{"geometry":{"coordinates":[[[-122.65309,38.26052],[-122.65194,38.26052],[-122.65138,38.25973],[-122.65195,38.25895],[-122.65309,38.25896],[-122.65361,38.25966],[-122.65342,38.2598],[-122.65356,38.25988],[-122.65309,38.26052]]],"type":"Polygon"},"properties":{"bbox":{"roads":{"area":3182,"pct":12.36}},"id":"hex:3536:24449"},"type":"Feature"},{"geometry":{"coordinates":[[[-122.65137,38.26129],[-122.65194,38.26208],[-122.65308,38.26208],[-122.65365,38.2613],[-122.65309,38.26052],[-122.65194,38.26052],[-122.65137,38.26129]]],"type":"Polygon"},"properties":{"bbox":{"roads":{"area":2818.77,"pct":10.85}},"city":{"roads":{"area":2730.85,"pct":10.51}},"id":"hex:3536:24450"},"type":"Feature"},{"geometry":{"coordinates":[[[-122.65136,38.26285],[-122.65193,38.26364],[-122.65307,38.26364],[-122.65365,38.26286],[-122.65308,38.26208],[-122.65194,38.26208],[-122.65136,38.26285]]],"type":"Polygon"},"properties":{"bbox":{"roads":{"area":3134.75,"pct":12.07}},"city_same":1,"id":"hex:3536:24451"},"type":"Feature"},{"geometry":{"coordinates":[[[-122.65135,38.26442],[-122.65192,38.2652],[-122.65306,38.2652],[-122.65364,38.26442],[-122.65307,38.26364],[-122.65193,38.26364],[-122.65135,38.26442]]],"type":"Polygon"},"properties":{"bbox":{"roads":{"area":3745.1,"pct":14.41},"sidewalks":{"area":217.55,"pct":0.84}},"city":{"roads":{"area":1808.25,"pct":6.96},"sidewalks":{"area":217.55,"pct":0.84}},"id":"hex:3536:24452"},"type":"Feature"},{"geometry":{"coordinates":[[[-122.65135,38.26598],[-122.65191,38.26676],[-122.65306,38.26676],[-122.65363,38.26598],[-122.65306,38.2652],[-122.65192,38.2652],[-122.65135,38.26598]]],"type":"Polygon"},"properties":{"bbox":{"roads":{"area":1784.33,"pct":6.87},"sidewalks":{"area":765.97,"pct":2.95}},"city_same":1,"id":"hex:3536:24453"},"type":"Feature"},{"geometry":{"coordinates":[[[-122.65134,38.26754],[-122.65191,38.26832],[-122.65305,38.26832],[-122.65363,38.26754],[-122.65306,38.26676],[-122.65191,38.26676],[-122.65134,38.26754]]],"type":"Polygon"},"properties":{"bbox":{"roads":{"area":4332.51,"pct":16.68},"sidewalks":{"area":542.13,"pct":2.09}},"city":{"roads":{"area":2155.81,"pct":8.3},"sidewalks":{"area":542.13,"pct":2.09}},"id":"hex:3536:24454"},"type":"Feature"},{"geometry":{"coordinates":[[[-122.65191,38.26832],[-122.65305,38.26832],[-122.65362,38.26911],[-122.65304,38.26988],[-122.65278,38.26988],[-122.65233,38.26962],[-122.65141,38.26907],[-122.65137,38.26904],[-122.65191,38.26832]]],"type":"Polygon"},"properties":{"bbox":{"parking":{"area":94.99,"pct":0.43},"roads":{"area":1763.31,"pct":7.99}},"city_same":1,"id":"hex:3536:24455"},"type":"Feature"},{"geometry":{"coordinates":[[[-122.65132,38.27222],[-122.6516,38.27183],[-122.65181,38.27194],[-122.65184,38.27196],[-122.65196,38.27203],[-122.652,38.27206],[-122.65169,38.2724],[-122.65156,38.27255],[-122.65132,38.27222]]],"type":"Polygon"},"properties":{"bbox":{"roads":{"area":127.87,"pct":5.38}},"city_same":1,"id":"hex:3536:24457"},"type":"Feature"},{"geometry":{"coordinates":[[[-122.64986,38.21836],[-122.65043,38.21914],[-122.65157,38.21915],[-122.65215,38.21837],[-122.65158,38.21759],[-122.65044,38.21758],[-122.64986,38.21836]]],"type":"Polygon"},"properties":{"bbox":{"roads":{"area":65.53,"pct":0.25}},"city_same":1,"id":"hex:3537:24422"},"type":"Feature"},{"geometry":{"coordinates":[[[-122.64985,38.21992],[-122.65042,38.2207],[-122.65156,38.22071],[-122.65214,38.21993],[-122.65157,38.21915],[-122.65043,38.21914],[-122.64985,38.21992]]],"type":"Polygon"},"properties":{"bbox":{"roads":{"area":1991.45,"pct":7.67}},"city_same":1,"id":"hex:3537:24423"},"type":"Feature"},{"geometry":{"coordinates":[[[-122.64985,38.22148],[-122.65041,38.22227],[-122.65156,38.22227],[-122.65213,38.22149],[-122.65156,38.22071],[-122.65042,38.2207],[-122.64985,38.22148]]],"type":"Polygon"},"properties":{"bbox":{"roads":{"area":350.14,"pct":1.35}},"city_same":1,"id":"hex:3537:24424"},"type":"Feature"},{"geometry":{"coordinates":[[[-122.64984,38.22304],[-122.65041,38.22383],[-122.65155,38.22383],[-122.65212,38.22305],[-122.65156,38.22227],[-122.65041,38.22227],[-122.64984,38.22304]]],"type":"Polygon"},"properties":{"bbox":{"roads":{"area":355.79,"pct":1.37}},"city_same":1,"id":"hex:3537:24425"},"type":"Feature"},{"geometry":{"coordinates":[[[-122.64983,38.22461],[-122.6504,38.22539],[-122.65154,38.22539],[-122.65212,38.22461],[-122.65155,38.22383],[-122.65041,38.22383],[-122.64983,38.22461]]],"type":"Polygon"},"properties":{"bbox":{"roads":{"area":2877.4,"pct":11.08}},"city_same":1,"id":"hex:3537:24426"},"type":"Feature"},{"geometry":{"coordinates":[[[-122.64982,38.22617],[-122.65039,38.22695],[-122.65153,38.22695],[-122.65211,38.22617],[-122.65154,38.22539],[-122.6504,38.22539],[-122.64982,38.22617]]],"type":"Polygon"},"properties":{"bbox":{"roads":{"area":2521.24,"pct":9.7},"sidewalks":{"area":505.88,"pct":1.95}},"city_same":1,"id":"hex:3537:24427"},"type":"Feature"},{"geometry":{"coordinates":[[[-122.64982,38.22773],[-122.65038,38.22851],[-122.65153,38.22851],[-122.6521,38.22773],[-122.65153,38.22695],[-122.65039,38.22695],[-122.64982,38.22773]]],"type":"Polygon"},"properties":{"bbox":{"roads":{"area":1865.1,"pct":7.18},"sidewalks":{"area":929.69,"pct":3.58}},"city_same":1,"id":"hex:3537:24428"},"type":"Feature"},{"geometry":{"coordinates":[[[-122.64981,38.22929],[-122.65038,38.23007],[-122.65152,38.23007],[-122.65209,38.2293],[-122.65153,38.22851],[-122.65038,38.22851],[-122.64981,38.22929]]],"type":"Polygon"},"properties":{"bbox":{"roads":{"area":2626.42,"pct":10.11},"sidewalks":{"area":871.45,"pct":3.35}},"city_same":1,"id":"hex:3537:24429"},"type":"Feature"},{"geometry":{"coordinates":[[[-122.6498,38.23085],[-122.65037,38.23163],[-122.65151,38.23164],[-122.65209,38.23086],[-122.65152,38.23007],[-122.65038,38.23007],[-122.6498,38.23085]]],"type":"Polygon"},"properties":{"bbox":{"roads":{"area":2048.93,"pct":7.89},"sidewalks":{"area":892.79,"pct":3.44}},"city_same":1,"id":"hex:3537:24430"},"type":"Feature"},{"geometry":{"coordinates":[[[-122.64979,38.23241],[-122.65036,38.23319],[-122.6515,38.2332],[-122.65208,38.23242],[-122.65151,38.23164],[-122.65037,38.23163],[-122.64979,38.23241]]],"type":"Polygon"},"properties":{"bbox":{"roads":{"area":1805.48,"pct":6.95},"sidewalks":{"area":105.43,"pct":0.41}},"city_same":1,"id":"hex:3537:24431"},"type":"Feature"},{"geometry":{"coordinates":[[[-122.64979,38.23397],[-122.65035,38.23475],[-122.6515,38.23476],[-122.65207,38.23398],[-122.6515,38.2332],[-122.65036,38.23319],[-122.64979,38.23397]]],"type":"Polygon"},"properties":{"bbox":{"roads":{"area":2692,"pct":10.36},"sidewalks":{"area":668.11,"pct":2.57}},"city_same":1,"id":"hex:3537:24432"},"type":"Feature"},{"geometry":{"coordinates":[[[-122.64978,38.23553],[-122.65035,38.23631],[-122.65149,38.23632],[-122.65206,38.23554],[-122.6515,38.23476],[-122.65035,38.23475],[-122.64978,38.23553]]],"type":"Polygon"},"properties":{"bbox":{"roads":{"area":1516.83,"pct":5.84}},"city_same":1,"id":"hex:3537:24433"},"type":"Feature"},{"geometry":{"coordinates":[[[-122.64977,38.23709],[-122.65034,38.23788],[-122.65148,38.23788],[-122.65206,38.2371],[-122.65149,38.23632],[-122.65035,38.23631],[-122.64977,38.23709]]],"type":"Polygon"},"properties":{"bbox":{"roads":{"area":1499.96,"pct":5.77},"sidewalks":{"area":348.59,"pct":1.34}},"city_same":1,"id":"hex:3537:24434"},"type":"Feature"},{"geometry":{"coordinates":[[[-122.64976,38.23865],[-122.65033,38.23944],[-122.65147,38.23944],[-122.65205,38.23866],[-122.65148,38.23788],[-122.65034,38.23788],[-122.64976,38.23865]]],"type":"Polygon"},"properties":{"bbox":{"roads":{"area":1807.42,"pct":6.96}},"city_same":1,"id":"hex:3537:24435"},"type":"Feature"},{"geometry":{"coordinates":[[[-122.64976,38.24022],[-122.65032,38.241],[-122.65147,38.241],[-122.65204,38.24022],[-122.65147,38.23944],[-122.65033,38.23944],[-122.64976,38.24022]]],"type":"Polygon"},"properties":{"bbox":{"roads":{"area":1385.02,"pct":5.33},"sidewalks":{"area":92.82,"pct":0.36}},"city_same":1,"id":"hex:3537:24436"},"type":"Feature"},{"geometry":{"coordinates":[[[-122.64975,38.24178],[-122.65032,38.24256],[-122.65146,38.24256],[-122.65203,38.24178],[-122.65147,38.241],[-122.65032,38.241],[-122.64975,38.24178]]],"type":"Polygon"},"properties":{"bbox":{"roads":{"area":1944.53,"pct":7.48}},"city_same":1,"id":"hex:3537:24437"},"type":"Feature"},{"geometry":{"coordinates":[[[-122.64974,38.24334],[-122.65031,38.24412],[-122.65145,38.24412],[-122.65203,38.24334],[-122.65146,38.24256],[-122.65032,38.24256],[-122.64974,38.24334]]],"type":"Polygon"},"properties":{"bbox":{"roads":{"area":1695.53,"pct":6.53}},"city_same":1,"id":"hex:3537:24438"},"type":"Feature"},{"geometry":{"coordinates":[[[-122.65031,38.24412],[-122.65145,38.24412],[-122.65202,38.24491],[-122.65173,38.24529],[-122.6517,38.24529],[-122.65163,38.24528],[-122.65147,38.24524],[-122.65131,38.24518],[-122.65083,38.24502],[-122.65065,38.24498],[-122.65038,38.24493],[-122.65032,38.24492],[-122.6501,38.2449],[-122.64986,38.2449],[-122.64974,38.2449],[-122.65031,38.24412]]],"type":"Polygon"},"properties":{"bbox":{"roads":{"area":904.96,"pct":5.59},"sidewalks":{"area":34.27,"pct":0.21}},"city_same":1,"id":"hex:3537:24439"},"type":"Feature"},{"geometry":{"coordinates":[[[-122.65029,38.2488],[-122.64972,38.24802],[-122.65005,38.24757],[-122.65046,38.24765],[-122.6507,38.2477],[-122.65072,38.2477],[-122.65072,38.24773],[-122.65072,38.24777],[-122.65071,38.24783],[-122.65071,38.24786],[-122.65066,38.24791],[-122.65044,38.24846],[-122.65032,38.2488],[-122.65029,38.2488]]],"type":"Polygon"},"properties":{"bbox":{"roads":{"area":652.9,"pct":9.84}},"city_same":1,"id":"hex:3537:24441"},"type":"Feature"},{"geometry":{"coordinates":[[[-122.6514,38.25505],[-122.65105,38.25505],[-122.65048,38.25449],[-122.64995,38.25391],[-122.65014,38.25365],[-122.65091,38.25441],[-122.65098,38.25447],[-122.65134,38.25475],[-122.65152,38.25489],[-122.6514,38.25505]]],"type":"Polygon"},"properties":{"bbox":{"roads":{"area":2989.06,"pct":47.57}},"city":{"roads":{"area":183.82,"pct":2.93}},"id":"hex:3537:24445"},"type":"Feature"},{"geometry":{"coordinates":[[[[-122.65139,38.25661],[-122.65025,38.25661],[-122.64968,38.25583],[-122.6501,38.25526],[-122.65027,38.25528],[-122.65053,38.25524],[-122.65088,38.25531],[-122.65101,38.25542],[-122.65139,38.25573],[-122.65162,38.25601],[-122.65174,38.25614],[-122.65139,38.25661]]],[[[-122.65178,38.25609],[-122.65162,38.25592],[-122.65154,38.25584],[-122.65162,38.2559],[-122.65164,38.25591],[-122.65169,38.25596],[-122.65171,38.25598],[-122.65179,38.25606],[-122.65178,38.25609]]],[[[-122.6514,38.25505],[-122.65179,38.25559],[-122.65178,38.2556],[-122.65153,38.25582],[-122.65112,38.25539],[-122.651,38.2553],[-122.65116,38.25516],[-122.65105,38.25505],[-122.6514,38.25505]]]],"type":"MultiPolygon"},"properties":{"bbox":{"parking":{"area":8621.46,"pct":38.75},"roads":{"area":3560.77,"pct":16.01},"sidewalks":{"area":394.99,"pct":1.78}},"city":{"parking":{"area":8621.46,"pct":38.75},"roads":{"area":3158.44,"pct":14.2},"sidewalks":{"area":394.99,"pct":1.78}},"id":"hex:3537:24446"},"type":"Feature"},{"geometry":{"coordinates":[[[-122.64967,38.25739],[-122.65024,38.25817],[-122.65138,38.25817],[-122.65196,38.25739],[-122.65139,38.25661],[-122.65025,38.25661],[-122.64967,38.25739]]],"type":"Polygon"},"properties":{"bbox":{"parking":{"area":3423.05,"pct":13.18},"roads":{"area":2256.11,"pct":8.68}},"city_same":1,"id":"hex:3537:24447"},"type":"Feature"},{"geometry":{"coordinates":[[[-122.64967,38.25895],[-122.65023,38.25973],[-122.65138,38.25973],[-122.65195,38.25895],[-122.65138,38.25817],[-122.65024,38.25817],[-122.64967,38.25895]]],"type":"Polygon"},"properties":{"bbox":{"roads":{"area":3854.43,"pct":14.84}},"city":{"roads":{"area":635.66,"pct":2.45}},"id":"hex:3537:24448"},"type":"Feature"},{"geometry":{"coordinates":[[[-122.64966,38.26051],[-122.65023,38.26129],[-122.65137,38.26129],[-122.65194,38.26052],[-122.65138,38.25973],[-122.65023,38.25973],[-122.64966,38.26051]]],"type":"Polygon"},"properties":{"bbox":{"roads":{"area":2032.86,"pct":7.82}},"city_same":1,"id":"hex:3537:24449"},"type":"Feature"},{"geometry":{"coordinates":[[[-122.64965,38.26207],[-122.65022,38.26285],[-122.65136,38.26285],[-122.65194,38.26208],[-122.65137,38.26129],[-122.65023,38.26129],[-122.64965,38.26207]]],"type":"Polygon"},"properties":{"bbox":{"roads":{"area":2606.51,"pct":10.03}},"city":{"roads":{"area":2599.66,"pct":10.01}},"id":"hex:3537:24450"},"type":"Feature"},{"geometry":{"coordinates":[[[-122.64964,38.26363],[-122.65021,38.26441],[-122.65135,38.26442],[-122.65193,38.26364],[-122.65136,38.26285],[-122.65022,38.26285],[-122.64964,38.26363]]],"type":"Polygon"},"properties":{"bbox":{"roads":{"area":4590.61,"pct":17.67},"sidewalks":{"area":404.28,"pct":1.56}},"city":{"roads":{"area":2435.39,"pct":9.37},"sidewalks":{"area":404.28,"pct":1.56}},"id":"hex:3537:24451"},"type":"Feature"},{"geometry":{"coordinates":[[[-122.64964,38.26519],[-122.6502,38.26597],[-122.65135,38.26598],[-122.65192,38.2652],[-122.65135,38.26442],[-122.65021,38.26441],[-122.64964,38.26519]]],"type":"Polygon"},"properties":{"bbox":{"roads":{"area":2697.78,"pct":10.38},"sidewalks":{"area":382.88,"pct":1.47}},"city_same":1,"id":"hex:3537:24452"},"type":"Feature"},{"geometry":{"coordinates":[[[-122.64963,38.26675],[-122.6502,38.26753],[-122.65134,38.26754],[-122.65191,38.26676],[-122.65135,38.26598],[-122.6502,38.26597],[-122.64963,38.26675]]],"type":"Polygon"},"properties":{"bbox":{"roads":{"area":2245.53,"pct":8.64},"sidewalks":{"area":969.06,"pct":3.73}},"city_same":1,"id":"hex:3537:24453"},"type":"Feature"},{"geometry":{"coordinates":[[[-122.65019,38.2691],[-122.64962,38.26831],[-122.6502,38.26753],[-122.65134,38.26754],[-122.65191,38.26832],[-122.65137,38.26904],[-122.65113,38.2689],[-122.65096,38.2691],[-122.65019,38.2691]]],"type":"Polygon"},"properties":{"bbox":{"roads":{"area":3944.51,"pct":15.45},"sidewalks":{"area":4.42,"pct":0.02}},"city":{"roads":{"area":1522.9,"pct":5.97},"sidewalks":{"area":4.42,"pct":0.02}},"id":"hex:3537:24454"},"type":"Feature"},{"geometry":{"coordinates":[[[-122.65132,38.27066],[-122.65018,38.27066],[-122.64961,38.26987],[-122.65019,38.2691],[-122.65096,38.2691],[-122.65064,38.26948],[-122.65019,38.26996],[-122.65046,38.27011],[-122.65134,38.27064],[-122.65132,38.27066]]],"type":"Polygon"},"properties":{"bbox":{"roads":{"area":1009.86,"pct":8.55}},"city_same":1,"id":"hex:3537:24455"},"type":"Feature"},{"geometry":{"coordinates":[[[-122.65132,38.27222],[-122.65017,38.27222],[-122.64961,38.27144],[-122.65018,38.27066],[-122.65132,38.27066],[-122.65136,38.27071],[-122.65073,38.27139],[-122.6516,38.27183],[-122.65132,38.27222]]],"type":"Polygon"},"properties":{"bbox":{"roads":{"area":1446.36,"pct":7.33}},"city_same":1,"id":"hex:3537:24456"},"type":"Feature"},{"geometry":{"coordinates":[[[-122.6496,38.273],[-122.65017,38.27222],[-122.65132,38.27222],[-122.65156,38.27255],[-122.65084,38.27334],[-122.65077,38.27341],[-122.65054,38.27368],[-122.65047,38.27376],[-122.65044,38.27374],[-122.65036,38.27368],[-122.65033,38.27366],[-122.65013,38.27354],[-122.64987,38.27338],[-122.6496,38.273]]],"type":"Polygon"},"properties":{"bbox":{"roads":{"area":512.74,"pct":2.91}},"city_same":1,"id":"hex:3537:24457"},"type":"Feature"},{"geometry":{"coordinates":[[[-122.64959,38.27456],[-122.65003,38.27397],[-122.65005,38.27398],[-122.6502,38.27406],[-122.6501,38.27419],[-122.64967,38.27466],[-122.64959,38.27456]]],"type":"Polygon"},"properties":{"bbox":{"roads":{"area":275.23,"pct":22.46}},"city_same":1,"id":"hex:3537:24458"},"type":"Feature"},{"geometry":{"coordinates":[[[-122.64814,38.21914],[-122.64871,38.21992],[-122.64985,38.21992],[-122.65043,38.21914],[-122.64986,38.21836],[-122.64872,38.21836],[-122.64814,38.21914]]],"type":"Polygon"},"properties":{"bbox":{"roads":{"area":1235.54,"pct":4.76}},"city_same":1,"id":"hex:3538:24423"},"type":"Feature"},{"geometry":{"coordinates":[[[-122.64814,38.2207],[-122.6487,38.22148],[-122.64985,38.22148],[-122.65042,38.2207],[-122.64985,38.21992],[-122.64871,38.21992],[-122.64814,38.2207]]],"type":"Polygon"},"properties":{"bbox":{"roads":{"area":1416.36,"pct":5.45}},"city_same":1,"id":"hex:3538:24424"},"type":"Feature"},{"geometry":{"coordinates":[[[-122.64813,38.22226],[-122.6487,38.22304],[-122.64984,38.22304],[-122.65041,38.22227],[-122.64985,38.22148],[-122.6487,38.22148],[-122.64813,38.22226]]],"type":"Polygon"},"properties":{"bbox":{"roads":{"area":1334.16,"pct":5.14}},"city_same":1,"id":"hex:3538:24425"},"type":"Feature"},{"geometry":{"coordinates":[[[-122.64812,38.22382],[-122.64869,38.2246],[-122.64983,38.22461],[-122.65041,38.22383],[-122.64984,38.22304],[-122.6487,38.22304],[-122.64812,38.22382]]],"type":"Polygon"},"properties":{"bbox":{"roads":{"area":1141.28,"pct":4.39}},"city_same":1,"id":"hex:3538:24426"},"type":"Feature"},{"geometry":{"coordinates":[[[-122.64811,38.22538],[-122.64868,38.22616],[-122.64982,38.22617],[-122.6504,38.22539],[-122.64983,38.22461],[-122.64869,38.2246],[-122.64811,38.22538]]],"type":"Polygon"},"properties":{"bbox":{"roads":{"area":2483.9,"pct":9.56},"sidewalks":{"area":221.63,"pct":0.85}},"city_same":1,"id":"hex:3538:24427"},"type":"Feature"},{"geometry":{"coordinates":[[[-122.64811,38.22694],[-122.64867,38.22772],[-122.64982,38.22773],[-122.65039,38.22695],[-122.64982,38.22617],[-122.64868,38.22616],[-122.64811,38.22694]]],"type":"Polygon"},"properties":{"bbox":{"roads":{"area":2265.33,"pct":8.72},"sidewalks":{"area":1050.33,"pct":4.04}},"city_same":1,"id":"hex:3538:24428"},"type":"Feature"},{"geometry":{"coordinates":[[[-122.6481,38.2285],[-122.64867,38.22929],[-122.64981,38.22929],[-122.65038,38.22851],[-122.64982,38.22773],[-122.64867,38.22772],[-122.6481,38.2285]]],"type":"Polygon"},"properties":{"bbox":{"parking":{"area":381.2,"pct":1.47},"roads":{"area":2545.75,"pct":9.8},"sidewalks":{"area":1077.49,"pct":4.15}},"city_same":1,"id":"hex:3538:24429"},"type":"Feature"},{"geometry":{"coordinates":[[[-122.64809,38.23006],[-122.64866,38.23085],[-122.6498,38.23085],[-122.65038,38.23007],[-122.64981,38.22929],[-122.64867,38.22929],[-122.64809,38.23006]]],"type":"Polygon"},"properties":{"bbox":{"roads":{"area":2120.91,"pct":8.16},"sidewalks":{"area":1074.47,"pct":4.14}},"city_same":1,"id":"hex:3538:24430"},"type":"Feature"},{"geometry":{"coordinates":[[[-122.64808,38.23162],[-122.64865,38.23241],[-122.64979,38.23241],[-122.65037,38.23163],[-122.6498,38.23085],[-122.64866,38.23085],[-122.64808,38.23162]]],"type":"Polygon"},"properties":{"bbox":{"roads":{"area":2989.44,"pct":11.51},"sidewalks":{"area":631.92,"pct":2.43}},"city_same":1,"id":"hex:3538:24431"},"type":"Feature"},{"geometry":{"coordinates":[[[-122.64808,38.23319],[-122.64864,38.23397],[-122.64979,38.23397],[-122.65036,38.23319],[-122.64979,38.23241],[-122.64865,38.23241],[-122.64808,38.23319]]],"type":"Polygon"},"properties":{"bbox":{"roads":{"area":2476.44,"pct":9.53},"sidewalks":{"area":694.72,"pct":2.67}},"city_same":1,"id":"hex:3538:24432"},"type":"Feature"},{"geometry":{"coordinates":[[[-122.64807,38.23475],[-122.64864,38.23553],[-122.64978,38.23553],[-122.65035,38.23475],[-122.64979,38.23397],[-122.64864,38.23397],[-122.64807,38.23475]]],"type":"Polygon"},"properties":{"bbox":{"roads":{"area":3773.45,"pct":14.52},"sidewalks":{"area":1023.95,"pct":3.94}},"city_same":1,"id":"hex:3538:24433"},"type":"Feature"},{"geometry":{"coordinates":[[[-122.64806,38.23631],[-122.64863,38.23709],[-122.64977,38.23709],[-122.65035,38.23631],[-122.64978,38.23553],[-122.64864,38.23553],[-122.64806,38.23631]]],"type":"Polygon"},"properties":{"bbox":{"roads":{"area":2104.78,"pct":8.1},"sidewalks":{"area":961.79,"pct":3.7}},"city_same":1,"id":"hex:3538:24434"},"type":"Feature"},{"geometry":{"coordinates":[[[-122.64805,38.23787],[-122.64862,38.23865],[-122.64976,38.23865],[-122.65034,38.23788],[-122.64977,38.23709],[-122.64863,38.23709],[-122.64805,38.23787]]],"type":"Polygon"},"properties":{"bbox":{"roads":{"area":1812,"pct":6.97},"sidewalks":{"area":432.29,"pct":1.66}},"city_same":1,"id":"hex:3538:24435"},"type":"Feature"},{"geometry":{"coordinates":[[[-122.64805,38.23943],[-122.64861,38.24021],[-122.64976,38.24022],[-122.65033,38.23944],[-122.64976,38.23865],[-122.64862,38.23865],[-122.64805,38.23943]]],"type":"Polygon"},"properties":{"bbox":{"roads":{"area":2714.17,"pct":10.45},"sidewalks":{"area":2.66,"pct":0.01}},"city_same":1,"id":"hex:3538:24436"},"type":"Feature"},{"geometry":{"coordinates":[[[-122.64804,38.24099],[-122.64861,38.24177],[-122.64975,38.24178],[-122.65032,38.241],[-122.64976,38.24022],[-122.64861,38.24021],[-122.64804,38.24099]]],"type":"Polygon"},"properties":{"bbox":{"roads":{"area":2417.71,"pct":9.31},"sidewalks":{"area":571.61,"pct":2.2}},"city_same":1,"id":"hex:3538:24437"},"type":"Feature"},{"geometry":{"coordinates":[[[-122.64803,38.24255],[-122.6486,38.24333],[-122.64974,38.24334],[-122.65032,38.24256],[-122.64975,38.24178],[-122.64861,38.24177],[-122.64803,38.24255]]],"type":"Polygon"},"properties":{"bbox":{"roads":{"area":2073.68,"pct":7.98},"sidewalks":{"area":25.62,"pct":0.1}},"city_same":1,"id":"hex:3538:24438"},"type":"Feature"},{"geometry":{"coordinates":[[[-122.64802,38.24411],[-122.6486,38.24333],[-122.64974,38.24334],[-122.65031,38.24412],[-122.64974,38.2449],[-122.64962,38.2449],[-122.64892,38.24489],[-122.64869,38.24489],[-122.64866,38.24489],[-122.64859,38.24489],[-122.64802,38.24411]]],"type":"Polygon"},"properties":{"bbox":{"roads":{"area":4367.74,"pct":16.83},"sidewalks":{"area":455.41,"pct":1.75}},"city_same":1,"id":"hex:3538:24439"},"type":"Feature"},{"geometry":{"coordinates":[[[-122.64972,38.24802],[-122.64858,38.24802],[-122.64801,38.24723],[-122.64806,38.24716],[-122.64815,38.24718],[-122.64884,38.24732],[-122.64907,38.24737],[-122.64909,38.24737],[-122.64915,38.24738],[-122.64917,38.24739],[-122.64921,38.2474],[-122.64934,38.24743],[-122.64938,38.24744],[-122.64953,38.24747],[-122.64965,38.24749],[-122.65,38.24755],[-122.65005,38.24757],[-122.64972,38.24802]]],"type":"Polygon"},"properties":{"bbox":{"roads":{"area":1219.24,"pct":11.99}},"city_same":1,"id":"hex:3538:24441"},"type":"Feature"},{"geometry":{"coordinates":[[[-122.648,38.2488],[-122.64857,38.24958],[-122.64971,38.24958],[-122.65029,38.2488],[-122.64972,38.24802],[-122.64858,38.24802],[-122.648,38.2488]]],"type":"Polygon"},"properties":{"bbox":{"roads":{"area":2262.6,"pct":8.71}},"city_same":1,"id":"hex:3538:24442"},"type":"Feature"},{"geometry":{"coordinates":[[[-122.64856,38.25114],[-122.64799,38.25036],[-122.64857,38.24958],[-122.64971,38.24958],[-122.64994,38.2499],[-122.64985,38.25017],[-122.64955,38.25014],[-122.6489,38.25075],[-122.64868,38.25097],[-122.64859,38.25114],[-122.64856,38.25114]]],"type":"Polygon"},"properties":{"bbox":{"roads":{"area":515.57,"pct":3.24}},"city_same":1,"id":"hex:3538:24443"},"type":"Feature"},{"geometry":{"coordinates":[[[-122.64798,38.25192],[-122.64856,38.25114],[-122.64859,38.25114],[-122.64834,38.25159],[-122.64828,38.25169],[-122.64827,38.2518],[-122.64837,38.25191],[-122.64846,38.25199],[-122.64862,38.25215],[-122.64868,38.25221],[-122.64877,38.25231],[-122.64905,38.2526],[-122.64916,38.25269],[-122.64917,38.2527],[-122.64874,38.2527],[-122.64841,38.25238],[-122.64821,38.2522],[-122.6482,38.25221],[-122.64798,38.25192]]],"type":"Polygon"},"properties":{"bbox":{"roads":{"area":1904.63,"pct":44.75}},"city":{"roads":{"area":118.36,"pct":2.78}},"id":"hex:3538:24444"},"type":"Feature"},{"geometry":{"coordinates":[[[-122.64995,38.25391],[-122.64982,38.25377],[-122.64956,38.25349],[-122.64946,38.25339],[-122.64934,38.25326],[-122.64932,38.25324],[-122.64912,38.25306],[-122.64886,38.25283],[-122.64874,38.2527],[-122.64917,38.2527],[-122.64935,38.25289],[-122.64971,38.25325],[-122.65004,38.25355],[-122.65014,38.25365],[-122.64995,38.25391]]],"type":"Polygon"},"properties":{"bbox":{"roads":{"area":2299.48,"pct":53.36}},"city":{"roads":{"area":190.82,"pct":4.43}},"id":"hex:3538:24445"},"type":"Feature"},{"geometry":{"coordinates":[[[[-122.64797,38.25504],[-122.64803,38.25495],[-122.6481,38.255],[-122.64828,38.25524],[-122.6483,38.25549],[-122.64797,38.25504]]],[[[-122.64968,38.25583],[-122.64854,38.25582],[-122.64832,38.25552],[-122.64834,38.25551],[-122.64834,38.25525],[-122.64856,38.25529],[-122.64898,38.25526],[-122.64943,38.25512],[-122.64971,38.25511],[-122.65005,38.25525],[-122.6501,38.25526],[-122.64968,38.25583]]],[[[-122.64812,38.25484],[-122.64817,38.25488],[-122.64815,38.25492],[-122.64809,38.25487],[-122.64812,38.25484]]],[[[-122.64865,38.25518],[-122.64846,38.25518],[-122.64832,38.25513],[-122.64818,38.25496],[-122.6482,38.2549],[-122.64846,38.2551],[-122.64867,38.25517],[-122.64871,38.25518],[-122.64871,38.25518],[-122.64865,38.25518]]]],"type":"MultiPolygon"},"properties":{"bbox":{"parking":{"area":3933.62,"pct":38.93},"roads":{"area":949.23,"pct":9.39}},"city_same":1,"id":"hex:3538:24446"},"type":"Feature"},{"geometry":{"coordinates":[[[-122.64796,38.2566],[-122.64853,38.25738],[-122.64967,38.25739],[-122.65025,38.25661],[-122.64968,38.25583],[-122.64854,38.25582],[-122.64796,38.2566]]],"type":"Polygon"},"properties":{"bbox":{"parking":{"area":569.85,"pct":2.19},"roads":{"area":1388.98,"pct":5.35}},"city_same":1,"id":"hex:3538:24447"},"type":"Feature"},{"geometry":{"coordinates":[[[-122.64795,38.25816],[-122.64852,38.25894],[-122.64967,38.25895],[-122.65024,38.25817],[-122.64967,38.25739],[-122.64853,38.25738],[-122.64795,38.25816]]],"type":"Polygon"},"properties":{"bbox":{"roads":{"area":3923.27,"pct":15.1}},"city":{"roads":{"area":704.5,"pct":2.71}},"id":"hex:3538:24448"},"type":"Feature"},{"geometry":{"coordinates":[[[-122.64795,38.25972],[-122.64852,38.2605],[-122.64966,38.26051],[-122.65023,38.25973],[-122.64967,38.25895],[-122.64852,38.25894],[-122.64795,38.25972]]],"type":"Polygon"},"properties":{"bbox":{"roads":{"area":3327.01,"pct":12.81}},"city_same":1,"id":"hex:3538:24449"},"type":"Feature"},{"geometry":{"coordinates":[[[-122.64794,38.26128],[-122.64851,38.26207],[-122.64965,38.26207],[-122.65023,38.26129],[-122.64966,38.26051],[-122.64852,38.2605],[-122.64794,38.26128]]],"type":"Polygon"},"properties":{"bbox":{"roads":{"area":2274.69,"pct":8.76}},"city":{"roads":{"area":1661.31,"pct":6.39}},"id":"hex:3538:24450"},"type":"Feature"},{"geometry":{"coordinates":[[[-122.64793,38.26284],[-122.6485,38.26363],[-122.64964,38.26363],[-122.65022,38.26285],[-122.64965,38.26207],[-122.64851,38.26207],[-122.64793,38.26284]]],"type":"Polygon"},"properties":{"bbox":{"roads":{"area":4224.86,"pct":16.26},"sidewalks":{"area":625.66,"pct":2.41}},"city":{"roads":{"area":1809.99,"pct":6.97},"sidewalks":{"area":625.66,"pct":2.41}},"id":"hex:3538:24451"},"type":"Feature"},{"geometry":{"coordinates":[[[-122.64792,38.26441],[-122.64849,38.26519],[-122.64964,38.26519],[-122.65021,38.26441],[-122.64964,38.26363],[-122.6485,38.26363],[-122.64792,38.26441]]],"type":"Polygon"},"properties":{"bbox":{"roads":{"area":2496.86,"pct":9.61},"sidewalks":{"area":265.93,"pct":1.02}},"city_same":1,"id":"hex:3538:24452"},"type":"Feature"},{"geometry":{"coordinates":[[[-122.64792,38.26597],[-122.64848,38.26675],[-122.64963,38.26675],[-122.6502,38.26597],[-122.64964,38.26519],[-122.64849,38.26519],[-122.64792,38.26597]]],"type":"Polygon"},"properties":{"bbox":{"roads":{"area":2225.29,"pct":8.57}},"city_same":1,"id":"hex:3538:24453"},"type":"Feature"},{"geometry":{"coordinates":[[[-122.64791,38.26753],[-122.64848,38.26831],[-122.64962,38.26831],[-122.6502,38.26753],[-122.64963,38.26675],[-122.64848,38.26675],[-122.64791,38.26753]]],"type":"Polygon"},"properties":{"bbox":{"roads":{"area":4587.61,"pct":17.66},"sidewalks":{"area":718.21,"pct":2.76}},"city":{"roads":{"area":2683.61,"pct":10.33},"sidewalks":{"area":718.21,"pct":2.76}},"id":"hex:3538:24454"},"type":"Feature"},{"geometry":{"coordinates":[[[-122.6479,38.26909],[-122.64847,38.26987],[-122.64961,38.26987],[-122.65019,38.2691],[-122.64962,38.26831],[-122.64848,38.26831],[-122.6479,38.26909]]],"type":"Polygon"},"properties":{"bbox":{"roads":{"area":1773.76,"pct":6.83},"sidewalks":{"area":187.7,"pct":0.72}},"city_same":1,"id":"hex:3538:24455"},"type":"Feature"},{"geometry":{"coordinates":[[[-122.64789,38.27065],[-122.64846,38.27143],[-122.64961,38.27144],[-122.65018,38.27066],[-122.64961,38.26987],[-122.64847,38.26987],[-122.64789,38.27065]]],"type":"Polygon"},"properties":{"bbox":{"roads":{"area":1718.75,"pct":6.62}},"city_same":1,"id":"hex:3538:24456"},"type":"Feature"},{"geometry":{"coordinates":[[[-122.64789,38.27221],[-122.64845,38.27299],[-122.6496,38.273],[-122.65017,38.27222],[-122.64961,38.27144],[-122.64846,38.27143],[-122.64789,38.27221]]],"type":"Polygon"},"properties":{"bbox":{"roads":{"area":2686.64,"pct":10.34}},"city_same":1,"id":"hex:3538:24457"},"type":"Feature"},{"geometry":{"coordinates":[[[-122.64959,38.27456],[-122.64845,38.27455],[-122.64788,38.27377],[-122.64845,38.27299],[-122.6496,38.273],[-122.64987,38.27338],[-122.64984,38.27336],[-122.64956,38.2737],[-122.6496,38.27372],[-122.64994,38.27391],[-122.65003,38.27397],[-122.64959,38.27456]]],"type":"Polygon"},"properties":{"bbox":{"roads":{"area":2159.88,"pct":8.91}},"city_same":1,"id":"hex:3538:24458"},"type":"Feature"},{"geometry":{"coordinates":[[[-122.64787,38.27533],[-122.64845,38.27455],[-122.64959,38.27456],[-122.64967,38.27466],[-122.6495,38.27484],[-122.64904,38.27536],[-122.64856,38.27588],[-122.6484,38.27606],[-122.64787,38.27533]]],"type":"Polygon"},"properties":{"bbox":{"roads":{"area":1088.62,"pct":8.02}},"city_same":1,"id":"hex:3538:24459"},"type":"Feature"},{"geometry":{"coordinates":[[[-122.64643,38.21835],[-122.647,38.21913],[-122.64814,38.21914],[-122.64872,38.21836],[-122.64815,38.21758],[-122.64701,38.21757],[-122.64643,38.21835]]],"type":"Polygon"},"properties":{"bbox":{"roads":{"area":869.31,"pct":3.35}},"city_same":1,"id":"hex:3539:24422"},"type":"Feature"},{"geometry":{"coordinates":[[[-122.64643,38.21991],[-122.64699,38.22069],[-122.64814,38.2207],[-122.64871,38.21992],[-122.64814,38.21914],[-122.647,38.21913],[-122.64643,38.21991]]],"type":"Polygon"},"properties":{"bbox":{"roads":{"area":968,"pct":3.73}},"city_same":1,"id":"hex:3539:24423"},"type":"Feature"},{"geometry":{"coordinates":[[[-122.64642,38.22147],[-122.64699,38.22226],[-122.64813,38.22226],[-122.6487,38.22148],[-122.64814,38.2207],[-122.64699,38.22069],[-122.64642,38.22147]]],"type":"Polygon"},"properties":{"bbox":{"roads":{"area":1280.2,"pct":4.93}},"city_same":1,"id":"hex:3539:24424"},"type":"Feature"},{"geometry":{"coordinates":[[[-122.64641,38.22303],[-122.64698,38.22382],[-122.64812,38.22382],[-122.6487,38.22304],[-122.64813,38.22226],[-122.64699,38.22226],[-122.64641,38.22303]]],"type":"Polygon"},"properties":{"bbox":{"roads":{"area":2753.23,"pct":10.6}},"city_same":1,"id":"hex:3539:24425"},"type":"Feature"},{"geometry":{"coordinates":[[[-122.6464,38.2246],[-122.64697,38.22538],[-122.64811,38.22538],[-122.64869,38.2246],[-122.64812,38.22382],[-122.64698,38.22382],[-122.6464,38.2246]]],"type":"Polygon"},"properties":{"bbox":{"roads":{"area":2613.96,"pct":10.06},"sidewalks":{"area":292.52,"pct":1.13}},"city_same":1,"id":"hex:3539:24426"},"type":"Feature"},{"geometry":{"coordinates":[[[-122.6464,38.22616],[-122.64696,38.22694],[-122.64811,38.22694],[-122.64868,38.22616],[-122.64811,38.22538],[-122.64697,38.22538],[-122.6464,38.22616]]],"type":"Polygon"},"properties":{"bbox":{"roads":{"area":972.29,"pct":3.74},"sidewalks":{"area":528.96,"pct":2.04}},"city_same":1,"id":"hex:3539:24427"},"type":"Feature"},{"geometry":{"coordinates":[[[-122.64639,38.22772],[-122.64696,38.2285],[-122.6481,38.2285],[-122.64867,38.22772],[-122.64811,38.22694],[-122.64696,38.22694],[-122.64639,38.22772]]],"type":"Polygon"},"properties":{"bbox":{"parking":{"area":279.62,"pct":1.08},"roads":{"area":1185.41,"pct":4.56},"sidewalks":{"area":83.44,"pct":0.32}},"city_same":1,"id":"hex:3539:24428"},"type":"Feature"},{"geometry":{"coordinates":[[[-122.64638,38.22928],[-122.64695,38.23006],[-122.64809,38.23006],[-122.64867,38.22929],[-122.6481,38.2285],[-122.64696,38.2285],[-122.64638,38.22928]]],"type":"Polygon"},"properties":{"bbox":{"roads":{"area":2379.77,"pct":9.16},"sidewalks":{"area":1076.51,"pct":4.14}},"city_same":1,"id":"hex:3539:24429"},"type":"Feature"},{"geometry":{"coordinates":[[[-122.64637,38.23084],[-122.64694,38.23162],[-122.64808,38.23162],[-122.64866,38.23085],[-122.64809,38.23006],[-122.64695,38.23006],[-122.64637,38.23084]]],"type":"Polygon"},"properties":{"bbox":{"roads":{"area":2845.3,"pct":10.95},"sidewalks":{"area":810.22,"pct":3.12}},"city_same":1,"id":"hex:3539:24430"},"type":"Feature"},{"geometry":{"coordinates":[[[-122.64637,38.2324],[-122.64693,38.23318],[-122.64808,38.23319],[-122.64865,38.23241],[-122.64808,38.23162],[-122.64694,38.23162],[-122.64637,38.2324]]],"type":"Polygon"},"properties":{"bbox":{"roads":{"area":3577.17,"pct":13.77},"sidewalks":{"area":1264.39,"pct":4.87}},"city_same":1,"id":"hex:3539:24431"},"type":"Feature"},{"geometry":{"coordinates":[[[-122.64636,38.23396],[-122.64693,38.23474],[-122.64807,38.23475],[-122.64864,38.23397],[-122.64808,38.23319],[-122.64693,38.23318],[-122.64636,38.23396]]],"type":"Polygon"},"properties":{"bbox":{"roads":{"area":3904.26,"pct":15.03},"sidewalks":{"area":681.49,"pct":2.62}},"city_same":1,"id":"hex:3539:24432"},"type":"Feature"},{"geometry":{"coordinates":[[[-122.64635,38.23552],[-122.64692,38.2363],[-122.64806,38.23631],[-122.64864,38.23553],[-122.64807,38.23475],[-122.64693,38.23474],[-122.64635,38.23552]]],"type":"Polygon"},"properties":{"bbox":{"roads":{"area":2487.65,"pct":9.57},"sidewalks":{"area":1243.85,"pct":4.79}},"city_same":1,"id":"hex:3539:24433"},"type":"Feature"},{"geometry":{"coordinates":[[[-122.64634,38.23708],[-122.64691,38.23787],[-122.64805,38.23787],[-122.64863,38.23709],[-122.64806,38.23631],[-122.64692,38.2363],[-122.64634,38.23708]]],"type":"Polygon"},"properties":{"bbox":{"roads":{"area":2092.01,"pct":8.05},"sidewalks":{"area":906.57,"pct":3.49}},"city_same":1,"id":"hex:3539:24434"},"type":"Feature"},{"geometry":{"coordinates":[[[-122.64633,38.23864],[-122.6469,38.23943],[-122.64805,38.23943],[-122.64862,38.23865],[-122.64805,38.23787],[-122.64691,38.23787],[-122.64633,38.23864]]],"type":"Polygon"},"properties":{"bbox":{"roads":{"area":2842.37,"pct":10.94},"sidewalks":{"area":135.13,"pct":0.52}},"city_same":1,"id":"hex:3539:24435"},"type":"Feature"},{"geometry":{"coordinates":[[[-122.64633,38.24021],[-122.64689,38.24099],[-122.64804,38.24099],[-122.64861,38.24021],[-122.64805,38.23943],[-122.6469,38.23943],[-122.64633,38.24021]]],"type":"Polygon"},"properties":{"bbox":{"roads":{"area":3341.37,"pct":12.86},"sidewalks":{"area":134.53,"pct":0.52}},"city_same":1,"id":"hex:3539:24436"},"type":"Feature"},{"geometry":{"coordinates":[[[-122.64632,38.24177],[-122.64689,38.24255],[-122.64803,38.24255],[-122.64861,38.24177],[-122.64804,38.24099],[-122.64689,38.24099],[-122.64632,38.24177]]],"type":"Polygon"},"properties":{"bbox":{"roads":{"area":1967.35,"pct":7.57},"sidewalks":{"area":102.52,"pct":0.39}},"city_same":1,"id":"hex:3539:24437"},"type":"Feature"},{"geometry":{"coordinates":[[[-122.64631,38.24333],[-122.64688,38.24411],[-122.64802,38.24411],[-122.6486,38.24333],[-122.64803,38.24255],[-122.64689,38.24255],[-122.64631,38.24333]]],"type":"Polygon"},"properties":{"bbox":{"roads":{"area":2777.02,"pct":10.69}},"city_same":1,"id":"hex:3539:24438"},"type":"Feature"},{"geometry":{"coordinates":[[[-122.64802,38.24567],[-122.64687,38.24567],[-122.6463,38.24489],[-122.64688,38.24411],[-122.64802,38.24411],[-122.64859,38.24489],[-122.64857,38.24489],[-122.64854,38.2449],[-122.64833,38.2449],[-122.64806,38.2449],[-122.64804,38.24548],[-122.64804,38.24564],[-122.64802,38.24567]]],"type":"Polygon"},"properties":{"bbox":{"roads":{"area":2792.85,"pct":11.61},"sidewalks":{"area":68.54,"pct":0.28}},"city_same":1,"id":"hex:3539:24439"},"type":"Feature"},{"geometry":{"coordinates":[[[[-122.6463,38.24645],[-122.64687,38.24567],[-122.64802,38.24567],[-122.64804,38.24571],[-122.64804,38.24592],[-122.64761,38.24612],[-122.64683,38.2465],[-122.64646,38.24668],[-122.6463,38.24645]]],[[[-122.64801,38.24723],[-122.64686,38.24723],[-122.64659,38.24686],[-122.6467,38.24688],[-122.64681,38.2469],[-122.64703,38.24695],[-122.64724,38.24699],[-122.64769,38.24709],[-122.64791,38.24713],[-122.64806,38.24716],[-122.64801,38.24723]]]],"type":"MultiPolygon"},"properties":{"bbox":{"roads":{"area":1268.56,"pct":11.05}},"city_same":1,"id":"hex:3539:24440"},"type":"Feature"},{"geometry":{"coordinates":[[[-122.64629,38.24801],[-122.64686,38.24879],[-122.648,38.2488],[-122.64858,38.24802],[-122.64801,38.24723],[-122.64686,38.24723],[-122.64629,38.24801]]],"type":"Polygon"},"properties":{"bbox":{"roads":{"area":2117.93,"pct":8.15}},"city_same":1,"id":"hex:3539:24441"},"type":"Feature"},{"geometry":{"coordinates":[[[-122.64628,38.24957],[-122.64685,38.25035],[-122.64799,38.25036],[-122.64857,38.24958],[-122.648,38.2488],[-122.64686,38.24879],[-122.64628,38.24957]]],"type":"Polygon"},"properties":{"bbox":{"roads":{"area":3887.64,"pct":14.96}},"city":{"roads":{"area":2143.63,"pct":8.25}},"id":"hex:3539:24442"},"type":"Feature"},{"geometry":{"coordinates":[[[-122.64627,38.25113],[-122.64684,38.25191],[-122.64798,38.25192],[-122.64856,38.25114],[-122.64799,38.25036],[-122.64685,38.25035],[-122.64627,38.25113]]],"type":"Polygon"},"properties":{"bbox":{"roads":{"area":4492.66,"pct":17.29}},"city":{"roads":{"area":1783.45,"pct":6.86}},"id":"hex:3539:24443"},"type":"Feature"},{"geometry":{"coordinates":[[[-122.64683,38.25348],[-122.64627,38.25269],[-122.64684,38.25191],[-122.64798,38.25192],[-122.6482,38.25221],[-122.64677,38.25333],[-122.64689,38.25348],[-122.64683,38.25348]]],"type":"Polygon"},"properties":{"bbox":{"roads":{"area":116.64,"pct":0.78}},"city_same":1,"id":"hex:3539:24444"},"type":"Feature"},{"geometry":{"coordinates":[[[-122.64854,38.25582],[-122.64796,38.2566],[-122.64682,38.2566],[-122.64625,38.25582],[-122.64683,38.25504],[-122.64797,38.25504],[-122.6483,38.25549],[-122.6483,38.2555],[-122.64752,38.25642],[-122.64818,38.25568],[-122.64832,38.25552],[-122.64854,38.25582]]],"type":"Polygon"},"properties":{"bbox":{"roads":{"area":686.93,"pct":2.66}},"city_same":1,"id":"hex:3539:24446"},"type":"Feature"},{"geometry":{"coordinates":[[[-122.64624,38.25738],[-122.64681,38.25816],[-122.64795,38.25816],[-122.64853,38.25738],[-122.64796,38.2566],[-122.64682,38.2566],[-122.64624,38.25738]]],"type":"Polygon"},"properties":{"bbox":{"roads":{"area":4245.64,"pct":16.34}},"city":{"roads":{"area":1027.19,"pct":3.95}},"id":"hex:3539:24447"},"type":"Feature"},{"geometry":{"coordinates":[[[-122.64624,38.25894],[-122.6468,38.25972],[-122.64795,38.25972],[-122.64852,38.25894],[-122.64795,38.25816],[-122.64681,38.25816],[-122.64624,38.25894]]],"type":"Polygon"},"properties":{"bbox":{"roads":{"area":3638.89,"pct":14.01}},"city_same":1,"id":"hex:3539:24448"},"type":"Feature"},{"geometry":{"coordinates":[[[-122.64623,38.2605],[-122.6468,38.26128],[-122.64794,38.26128],[-122.64852,38.2605],[-122.64795,38.25972],[-122.6468,38.25972],[-122.64623,38.2605]]],"type":"Polygon"},"properties":{"bbox":{"roads":{"area":4444.93,"pct":17.11},"sidewalks":{"area":84.6,"pct":0.33}},"city":{"roads":{"area":2936.66,"pct":11.3},"sidewalks":{"area":84.6,"pct":0.33}},"id":"hex:3539:24449"},"type":"Feature"},{"geometry":{"coordinates":[[[-122.64622,38.26206],[-122.64679,38.26284],[-122.64793,38.26284],[-122.64851,38.26207],[-122.64794,38.26128],[-122.6468,38.26128],[-122.64622,38.26206]]],"type":"Polygon"},"properties":{"bbox":{"roads":{"area":5616.4,"pct":21.62},"sidewalks":{"area":630.71,"pct":2.43}},"city":{"roads":{"area":3643.97,"pct":14.03},"sidewalks":{"area":630.71,"pct":2.43}},"id":"hex:3539:24450"},"type":"Feature"},{"geometry":{"coordinates":[[[-122.64621,38.26362],[-122.64678,38.2644],[-122.64792,38.26441],[-122.6485,38.26363],[-122.64793,38.26284],[-122.64679,38.26284],[-122.64621,38.26362]]],"type":"Polygon"},"properties":{"bbox":{"roads":{"area":2595.07,"pct":9.99}},"city_same":1,"id":"hex:3539:24451"},"type":"Feature"},{"geometry":{"coordinates":[[[-122.64621,38.26518],[-122.64677,38.26596],[-122.64792,38.26597],[-122.64849,38.26519],[-122.64792,38.26441],[-122.64678,38.2644],[-122.64621,38.26518]]],"type":"Polygon"},"properties":{"bbox":{"roads":{"area":2356.18,"pct":9.07},"sidewalks":{"area":328.83,"pct":1.27}},"city_same":1,"id":"hex:3539:24452"},"type":"Feature"},{"geometry":{"coordinates":[[[-122.6462,38.26674],[-122.64677,38.26752],[-122.64791,38.26753],[-122.64848,38.26675],[-122.64792,38.26597],[-122.64677,38.26596],[-122.6462,38.26674]]],"type":"Polygon"},"properties":{"bbox":{"roads":{"area":3092.58,"pct":11.9},"sidewalks":{"area":261.35,"pct":1.01}},"city_same":1,"id":"hex:3539:24453"},"type":"Feature"},{"geometry":{"coordinates":[[[-122.64619,38.2683],[-122.64676,38.26909],[-122.6479,38.26909],[-122.64848,38.26831],[-122.64791,38.26753],[-122.64677,38.26752],[-122.64619,38.2683]]],"type":"Polygon"},"properties":{"bbox":{"roads":{"area":4474.77,"pct":17.22},"sidewalks":{"area":268.7,"pct":1.03}},"city":{"roads":{"area":1524.58,"pct":5.87},"sidewalks":{"area":268.7,"pct":1.03}},"id":"hex:3539:24454"},"type":"Feature"},{"geometry":{"coordinates":[[[-122.64618,38.26986],[-122.64675,38.27065],[-122.64789,38.27065],[-122.64847,38.26987],[-122.6479,38.26909],[-122.64676,38.26909],[-122.64618,38.26986]]],"type":"Polygon"},"properties":{"bbox":{"parking":{"area":132.66,"pct":0.51},"roads":{"area":2591.2,"pct":9.97},"sidewalks":{"area":376.7,"pct":1.45}},"city_same":1,"id":"hex:3539:24455"},"type":"Feature"},{"geometry":{"coordinates":[[[-122.64618,38.27142],[-122.64674,38.27221],[-122.64789,38.27221],[-122.64846,38.27143],[-122.64789,38.27065],[-122.64675,38.27065],[-122.64618,38.27142]]],"type":"Polygon"},"properties":{"bbox":{"parking":{"area":103.22,"pct":0.4},"roads":{"area":2175.24,"pct":8.37},"sidewalks":{"area":378.29,"pct":1.46}},"city_same":1,"id":"hex:3539:24456"},"type":"Feature"},{"geometry":{"coordinates":[[[-122.64617,38.27299],[-122.64674,38.27377],[-122.64788,38.27377],[-122.64845,38.27299],[-122.64789,38.27221],[-122.64674,38.27221],[-122.64617,38.27299]]],"type":"Polygon"},"properties":{"bbox":{"roads":{"area":3204.66,"pct":12.33},"sidewalks":{"area":490.38,"pct":1.89}},"city_same":1,"id":"hex:3539:24457"},"type":"Feature"},{"geometry":{"coordinates":[[[-122.64616,38.27455],[-122.64673,38.27533],[-122.64787,38.27533],[-122.64845,38.27455],[-122.64788,38.27377],[-122.64674,38.27377],[-122.64616,38.27455]]],"type":"Polygon"},"properties":{"bbox":{"roads":{"area":2644.31,"pct":10.18},"sidewalks":{"area":499.05,"pct":1.92}},"city_same":1,"id":"hex:3539:24458"},"type":"Feature"},{"geometry":{"coordinates":[[[-122.64615,38.27611],[-122.64673,38.27533],[-122.64787,38.27533],[-122.6484,38.27606],[-122.64808,38.27643],[-122.64766,38.27689],[-122.64702,38.27689],[-122.64652,38.27662],[-122.64615,38.27611]]],"type":"Polygon"},"properties":{"bbox":{"roads":{"area":841.56,"pct":3.44},"sidewalks":{"area":85.78,"pct":0.35}},"city_same":1,"id":"hex:3539:24459"},"type":"Feature"},{"geometry":{"coordinates":[[[-122.64766,38.27689],[-122.64766,38.2769],[-122.64746,38.27712],[-122.6472,38.27699],[-122.64702,38.27689],[-122.64766,38.27689]]],"type":"Polygon"},"properties":{"bbox":{"roads":{"area":62.65,"pct":8.82}},"city_same":1,"id":"hex:3539:24460"},"type":"Feature"},{"geometry":{"coordinates":[[[-122.64472,38.21913],[-122.64528,38.21991],[-122.64643,38.21991],[-122.647,38.21913],[-122.64643,38.21835],[-122.64529,38.21835],[-122.64472,38.21913]]],"type":"Polygon"},"properties":{"bbox":{"roads":{"area":1375.38,"pct":5.29}},"city_same":1,"id":"hex:3540:24423"},"type":"Feature"},{"geometry":{"coordinates":[[[-122.64471,38.22069],[-122.64528,38.22147],[-122.64642,38.22147],[-122.64699,38.22069],[-122.64643,38.21991],[-122.64528,38.21991],[-122.64471,38.22069]]],"type":"Polygon"},"properties":{"bbox":{"roads":{"area":1092.13,"pct":4.2}},"city_same":1,"id":"hex:3540:24424"},"type":"Feature"},{"geometry":{"coordinates":[[[-122.6447,38.22225],[-122.64527,38.22303],[-122.64641,38.22303],[-122.64699,38.22226],[-122.64642,38.22147],[-122.64528,38.22147],[-122.6447,38.22225]]],"type":"Polygon"},"properties":{"bbox":{"roads":{"area":2219.56,"pct":8.54}},"city_same":1,"id":"hex:3540:24425"},"type":"Feature"},{"geometry":{"coordinates":[[[-122.64469,38.22381],[-122.64526,38.22459],[-122.6464,38.2246],[-122.64698,38.22382],[-122.64641,38.22303],[-122.64527,38.22303],[-122.64469,38.22381]]],"type":"Polygon"},"properties":{"bbox":{"roads":{"area":3181.29,"pct":12.24},"sidewalks":{"area":189.23,"pct":0.73}},"city_same":1,"id":"hex:3540:24426"},"type":"Feature"},{"geometry":{"coordinates":[[[-122.64469,38.22537],[-122.64525,38.22615],[-122.6464,38.22616],[-122.64697,38.22538],[-122.6464,38.2246],[-122.64526,38.22459],[-122.64469,38.22537]]],"type":"Polygon"},"properties":{"bbox":{"roads":{"area":2115.13,"pct":8.14},"sidewalks":{"area":453.65,"pct":1.75}},"city_same":1,"id":"hex:3540:24427"},"type":"Feature"},{"geometry":{"coordinates":[[[-122.64468,38.22693],[-122.64525,38.22771],[-122.64639,38.22772],[-122.64696,38.22694],[-122.6464,38.22616],[-122.64525,38.22615],[-122.64468,38.22693]]],"type":"Polygon"},"properties":{"bbox":{"parking":{"area":2741.54,"pct":10.55},"roads":{"area":2238.99,"pct":8.62},"sidewalks":{"area":459.69,"pct":1.77}},"city_same":1,"id":"hex:3540:24428"},"type":"Feature"},{"geometry":{"coordinates":[[[-122.64467,38.22849],[-122.64524,38.22927],[-122.64638,38.22928],[-122.64696,38.2285],[-122.64639,38.22772],[-122.64525,38.22771],[-122.64467,38.22849]]],"type":"Polygon"},"properties":{"bbox":{"roads":{"area":1798.29,"pct":6.92},"sidewalks":{"area":388.62,"pct":1.5}},"city_same":1,"id":"hex:3540:24429"},"type":"Feature"},{"geometry":{"coordinates":[[[-122.64466,38.23005],[-122.64523,38.23084],[-122.64637,38.23084],[-122.64695,38.23006],[-122.64638,38.22928],[-122.64524,38.22927],[-122.64466,38.23005]]],"type":"Polygon"},"properties":{"bbox":{"roads":{"area":2044.22,"pct":7.87},"sidewalks":{"area":556.81,"pct":2.14}},"city_same":1,"id":"hex:3540:24430"},"type":"Feature"},{"geometry":{"coordinates":[[[-122.64466,38.23161],[-122.64522,38.2324],[-122.64637,38.2324],[-122.64694,38.23162],[-122.64637,38.23084],[-122.64523,38.23084],[-122.64466,38.23161]]],"type":"Polygon"},"properties":{"bbox":{"parking":{"area":1751.96,"pct":6.74},"roads":{"area":3276.95,"pct":12.61},"sidewalks":{"area":948.18,"pct":3.65}},"city_same":1,"id":"hex:3540:24431"},"type":"Feature"},{"geometry":{"coordinates":[[[-122.64465,38.23318],[-122.64522,38.23396],[-122.64636,38.23396],[-122.64693,38.23318],[-122.64637,38.2324],[-122.64522,38.2324],[-122.64465,38.23318]]],"type":"Polygon"},"properties":{"bbox":{"roads":{"area":3036.89,"pct":11.69},"sidewalks":{"area":1280.7,"pct":4.93}},"city_same":1,"id":"hex:3540:24432"},"type":"Feature"},{"geometry":{"coordinates":[[[-122.64464,38.23474],[-122.64521,38.23552],[-122.64635,38.23552],[-122.64693,38.23474],[-122.64636,38.23396],[-122.64522,38.23396],[-122.64464,38.23474]]],"type":"Polygon"},"properties":{"bbox":{"roads":{"area":5365.86,"pct":20.65},"sidewalks":{"area":1545.7,"pct":5.95}},"city_same":1,"id":"hex:3540:24433"},"type":"Feature"},{"geometry":{"coordinates":[[[-122.64463,38.2363],[-122.6452,38.23708],[-122.64634,38.23708],[-122.64692,38.2363],[-122.64635,38.23552],[-122.64521,38.23552],[-122.64463,38.2363]]],"type":"Polygon"},"properties":{"bbox":{"roads":{"area":3405.78,"pct":13.11},"sidewalks":{"area":1267.23,"pct":4.88}},"city_same":1,"id":"hex:3540:24434"},"type":"Feature"},{"geometry":{"coordinates":[[[-122.64462,38.23786],[-122.64519,38.23864],[-122.64633,38.23864],[-122.64691,38.23787],[-122.64634,38.23708],[-122.6452,38.23708],[-122.64462,38.23786]]],"type":"Polygon"},"properties":{"bbox":{"roads":{"area":3280.76,"pct":12.63},"sidewalks":{"area":824.28,"pct":3.17}},"city_same":1,"id":"hex:3540:24435"},"type":"Feature"},{"geometry":{"coordinates":[[[-122.64462,38.23942],[-122.64518,38.2402],[-122.64633,38.24021],[-122.6469,38.23943],[-122.64633,38.23864],[-122.64519,38.23864],[-122.64462,38.23942]]],"type":"Polygon"},"properties":{"bbox":{"roads":{"area":2685.1,"pct":10.33}},"city_same":1,"id":"hex:3540:24436"},"type":"Feature"},{"geometry":{"coordinates":[[[-122.64461,38.24098],[-122.64518,38.24176],[-122.64632,38.24177],[-122.64689,38.24099],[-122.64633,38.24021],[-122.64518,38.2402],[-122.64461,38.24098]]],"type":"Polygon"},"properties":{"bbox":{"roads":{"area":3390.89,"pct":13.05},"sidewalks":{"area":265.97,"pct":1.02}},"city_same":1,"id":"hex:3540:24437"},"type":"Feature"},{"geometry":{"coordinates":[[[-122.6446,38.24254],[-122.64517,38.24332],[-122.64631,38.24333],[-122.64689,38.24255],[-122.64632,38.24177],[-122.64518,38.24176],[-122.6446,38.24254]]],"type":"Polygon"},"properties":{"bbox":{"roads":{"area":2403.31,"pct":9.25}},"city_same":1,"id":"hex:3540:24438"},"type":"Feature"},{"geometry":{"coordinates":[[[-122.64459,38.2441],[-122.64516,38.24488],[-122.6463,38.24489],[-122.64688,38.24411],[-122.64631,38.24333],[-122.64517,38.24332],[-122.64459,38.2441]]],"type":"Polygon"},"properties":{"bbox":{"roads":{"area":2170.1,"pct":8.35},"sidewalks":{"area":190.64,"pct":0.73}},"city":{"roads":{"area":2146.1,"pct":8.26},"sidewalks":{"area":190.64,"pct":0.73}},"id":"hex:3540:24439"},"type":"Feature"},{"geometry":{"coordinates":[[[-122.64459,38.24566],[-122.64515,38.24645],[-122.6463,38.24645],[-122.64687,38.24567],[-122.6463,38.24489],[-122.64516,38.24488],[-122.64459,38.24566]]],"type":"Polygon"},"properties":{"bbox":{"roads":{"area":4761.41,"pct":18.33},"sidewalks":{"area":532.48,"pct":2.05}},"city":{"roads":{"area":2791.21,"pct":10.74},"sidewalks":{"area":532.48,"pct":2.05}},"id":"hex:3540:24440"},"type":"Feature"},{"geometry":{"coordinates":[[[-122.64686,38.24723],[-122.64629,38.24801],[-122.64515,38.24801],[-122.64458,38.24722],[-122.64515,38.24645],[-122.6463,38.24645],[-122.64646,38.24668],[-122.64624,38.24679],[-122.64635,38.24681],[-122.64653,38.24685],[-122.64659,38.24686],[-122.64686,38.24723]]],"type":"Polygon"},"properties":{"bbox":{"roads":{"area":4377.98,"pct":17.02},"sidewalks":{"area":566.41,"pct":2.2}},"city":{"roads":{"area":2524.41,"pct":9.82},"sidewalks":{"area":566.41,"pct":2.2}},"id":"hex:3540:24441"},"type":"Feature"},{"geometry":{"coordinates":[[[-122.64457,38.24879],[-122.64514,38.24957],[-122.64628,38.24957],[-122.64686,38.24879],[-122.64629,38.24801],[-122.64515,38.24801],[-122.64457,38.24879]]],"type":"Polygon"},"properties":{"bbox":{"roads":{"area":5238.05,"pct":20.16},"sidewalks":{"area":39.95,"pct":0.15}},"city":{"roads":{"area":3445.64,"pct":13.26},"sidewalks":{"area":39.95,"pct":0.15}},"id":"hex:3540:24442"},"type":"Feature"},{"geometry":{"coordinates":[[[-122.64456,38.25035],[-122.64513,38.25113],[-122.64627,38.25113],[-122.64685,38.25035],[-122.64628,38.24957],[-122.64514,38.24957],[-122.64456,38.25035]]],"type":"Polygon"},"properties":{"bbox":{"roads":{"area":1476.63,"pct":5.68}},"city_same":1,"id":"hex:3540:24443"},"type":"Feature"},{"geometry":{"coordinates":[[[-122.64454,38.25503],[-122.64511,38.25581],[-122.64625,38.25582],[-122.64683,38.25504],[-122.64626,38.25425],[-122.64512,38.25425],[-122.64454,38.25503]]],"type":"Polygon"},"properties":{"bbox":{"roads":{"area":567.34,"pct":2.18}},"city":{"roads":{"area":516.52,"pct":1.99}},"id":"hex:3540:24446"},"type":"Feature"},{"geometry":{"coordinates":[[[-122.64453,38.25659],[-122.6451,38.25737],[-122.64624,38.25738],[-122.64682,38.2566],[-122.64625,38.25582],[-122.64511,38.25581],[-122.64453,38.25659]]],"type":"Polygon"},"properties":{"bbox":{"roads":{"area":4316.5,"pct":16.61}},"city":{"roads":{"area":1119.48,"pct":4.31}},"id":"hex:3540:24447"},"type":"Feature"},{"geometry":{"coordinates":[[[-122.64453,38.25815],[-122.64509,38.25893],[-122.64624,38.25894],[-122.64681,38.25816],[-122.64624,38.25738],[-122.6451,38.25737],[-122.64453,38.25815]]],"type":"Polygon"},"properties":{"bbox":{"roads":{"area":3045.83,"pct":11.72}},"city_same":1,"id":"hex:3540:24448"},"type":"Feature"},{"geometry":{"coordinates":[[[-122.64452,38.25971],[-122.64509,38.26049],[-122.64623,38.2605],[-122.6468,38.25972],[-122.64624,38.25894],[-122.64509,38.25893],[-122.64452,38.25971]]],"type":"Polygon"},"properties":{"bbox":{"roads":{"area":5033.83,"pct":19.38},"sidewalks":{"area":180.06,"pct":0.69}},"city":{"roads":{"area":3011.49,"pct":11.59},"sidewalks":{"area":180.06,"pct":0.69}},"id":"hex:3540:24449"},"type":"Feature"},{"geometry":{"coordinates":[[[-122.64451,38.26127],[-122.64508,38.26206],[-122.64622,38.26206],[-122.6468,38.26128],[-122.64623,38.2605],[-122.64509,38.26049],[-122.64451,38.26127]]],"type":"Polygon"},"properties":{"bbox":{"roads":{"area":3596.77,"pct":13.84},"sidewalks":{"area":572.62,"pct":2.2}},"city":{"roads":{"area":2712.22,"pct":10.44},"sidewalks":{"area":572.62,"pct":2.2}},"id":"hex:3540:24450"},"type":"Feature"},{"geometry":{"coordinates":[[[-122.6445,38.26283],[-122.64507,38.26362],[-122.64621,38.26362],[-122.64679,38.26284],[-122.64622,38.26206],[-122.64508,38.26206],[-122.6445,38.26283]]],"type":"Polygon"},"properties":{"bbox":{"roads":{"area":2478.71,"pct":9.54}},"city_same":1,"id":"hex:3540:24451"},"type":"Feature"},{"geometry":{"coordinates":[[[-122.6445,38.2644],[-122.64506,38.26518],[-122.64621,38.26518],[-122.64678,38.2644],[-122.64621,38.26362],[-122.64507,38.26362],[-122.6445,38.2644]]],"type":"Polygon"},"properties":{"bbox":{"roads":{"area":2684.3,"pct":10.33},"sidewalks":{"area":115.88,"pct":0.45}},"city_same":1,"id":"hex:3540:24452"},"type":"Feature"},{"geometry":{"coordinates":[[[-122.64449,38.26596],[-122.64506,38.26674],[-122.6462,38.26674],[-122.64677,38.26596],[-122.64621,38.26518],[-122.64506,38.26518],[-122.64449,38.26596]]],"type":"Polygon"},"properties":{"bbox":{"roads":{"area":3168.62,"pct":12.2},"sidewalks":{"area":672.46,"pct":2.59}},"city_same":1,"id":"hex:3540:24453"},"type":"Feature"},{"geometry":{"coordinates":[[[-122.64448,38.26752],[-122.64505,38.2683],[-122.64619,38.2683],[-122.64677,38.26752],[-122.6462,38.26674],[-122.64506,38.26674],[-122.64448,38.26752]]],"type":"Polygon"},"properties":{"bbox":{"roads":{"area":2092.91,"pct":8.06},"sidewalks":{"area":40.45,"pct":0.16}},"city_same":1,"id":"hex:3540:24454"},"type":"Feature"},{"geometry":{"coordinates":[[[-122.64447,38.26908],[-122.64504,38.26986],[-122.64618,38.26986],[-122.64676,38.26909],[-122.64619,38.2683],[-122.64505,38.2683],[-122.64447,38.26908]]],"type":"Polygon"},"properties":{"bbox":{"roads":{"area":4159.58,"pct":16.01},"sidewalks":{"area":239.86,"pct":0.92}},"city":{"roads":{"area":1898.33,"pct":7.31},"sidewalks":{"area":239.86,"pct":0.92}},"id":"hex:3540:24455"},"type":"Feature"},{"geometry":{"coordinates":[[[-122.64447,38.27064],[-122.64503,38.27142],[-122.64618,38.27142],[-122.64675,38.27065],[-122.64618,38.26986],[-122.64504,38.26986],[-122.64447,38.27064]]],"type":"Polygon"},"properties":{"bbox":{"roads":{"area":3205.36,"pct":12.34},"sidewalks":{"area":523.44,"pct":2.01}},"city_same":1,"id":"hex:3540:24456"},"type":"Feature"},{"geometry":{"coordinates":[[[-122.64446,38.2722],[-122.64503,38.27298],[-122.64617,38.27299],[-122.64674,38.27221],[-122.64618,38.27142],[-122.64503,38.27142],[-122.64446,38.2722]]],"type":"Polygon"},"properties":{"bbox":{"roads":{"area":2589.75,"pct":9.97},"sidewalks":{"area":631.26,"pct":2.43}},"city_same":1,"id":"hex:3540:24457"},"type":"Feature"},{"geometry":{"coordinates":[[[-122.64445,38.27376],[-122.64502,38.27454],[-122.64616,38.27455],[-122.64674,38.27377],[-122.64617,38.27299],[-122.64503,38.27298],[-122.64445,38.27376]]],"type":"Polygon"},"properties":{"bbox":{"roads":{"area":2258.03,"pct":8.69},"sidewalks":{"area":8.96,"pct":0.03}},"city_same":1,"id":"hex:3540:24458"},"type":"Feature"},{"geometry":{"coordinates":[[[-122.64444,38.27532],[-122.64502,38.27454],[-122.64616,38.27455],[-122.64673,38.27533],[-122.64615,38.27611],[-122.6456,38.27611],[-122.64462,38.27557],[-122.64444,38.27532]]],"type":"Polygon"},"properties":{"bbox":{"roads":{"area":1428.05,"pct":5.84},"sidewalks":{"area":320.45,"pct":1.31}},"city_same":1,"id":"hex:3540:24459"},"type":"Feature"},{"geometry":{"coordinates":[[[-122.64615,38.27611],[-122.64652,38.27662],[-122.6456,38.27611],[-122.64615,38.27611]]],"type":"Polygon"},"properties":{"bbox":{"roads":{"area":102,"pct":7.42}},"city_same":1,"id":"hex:3540:24460"},"type":"Feature"},{"geometry":{"coordinates":[[[-122.6453,38.21679],[-122.64472,38.21757],[-122.64358,38.21756],[-122.64301,38.21678],[-122.64338,38.21629],[-122.64341,38.21628],[-122.64366,38.21634],[-122.64394,38.21638],[-122.6449,38.21624],[-122.6453,38.21679]]],"type":"Polygon"},"properties":{"bbox":{"roads":{"area":1142.37,"pct":5.24}},"city_same":1,"id":"hex:3541:24421"},"type":"Feature"},{"geometry":{"coordinates":[[[-122.64301,38.21834],[-122.64357,38.21912],[-122.64472,38.21913],[-122.64529,38.21835],[-122.64472,38.21757],[-122.64358,38.21756],[-122.64301,38.21834]]],"type":"Polygon"},"properties":{"bbox":{"roads":{"area":2398.6,"pct":9.23}},"city_same":1,"id":"hex:3541:24422"},"type":"Feature"},{"geometry":{"coordinates":[[[-122.643,38.2199],[-122.64357,38.22068],[-122.64471,38.22069],[-122.64528,38.21991],[-122.64472,38.21913],[-122.64357,38.21912],[-122.643,38.2199]]],"type":"Polygon"},"properties":{"bbox":{"roads":{"area":2736.78,"pct":10.53}},"city_same":1,"id":"hex:3541:24423"},"type":"Feature"},{"geometry":{"coordinates":[[[-122.64299,38.22146],[-122.64356,38.22225],[-122.6447,38.22225],[-122.64528,38.22147],[-122.64471,38.22069],[-122.64357,38.22068],[-122.64299,38.22146]]],"type":"Polygon"},"properties":{"bbox":{"roads":{"area":638.26,"pct":2.46}},"city_same":1,"id":"hex:3541:24424"},"type":"Feature"},{"geometry":{"coordinates":[[[-122.64298,38.22302],[-122.64355,38.22381],[-122.64469,38.22381],[-122.64527,38.22303],[-122.6447,38.22225],[-122.64356,38.22225],[-122.64298,38.22302]]],"type":"Polygon"},"properties":{"bbox":{"roads":{"area":1338.79,"pct":5.15},"sidewalks":{"area":359.42,"pct":1.38}},"city_same":1,"id":"hex:3541:24425"},"type":"Feature"},{"geometry":{"coordinates":[[[-122.64298,38.22458],[-122.64354,38.22537],[-122.64469,38.22537],[-122.64526,38.22459],[-122.64469,38.22381],[-122.64355,38.22381],[-122.64298,38.22458]]],"type":"Polygon"},"properties":{"bbox":{"parking":{"area":428.88,"pct":1.65},"roads":{"area":2876.77,"pct":11.07},"sidewalks":{"area":574.49,"pct":2.21}},"city_same":1,"id":"hex:3541:24426"},"type":"Feature"},{"geometry":{"coordinates":[[[-122.64297,38.22615],[-122.64354,38.22693],[-122.64468,38.22693],[-122.64525,38.22615],[-122.64469,38.22537],[-122.64354,38.22537],[-122.64297,38.22615]]],"type":"Polygon"},"properties":{"bbox":{"parking":{"area":2536.86,"pct":9.76},"roads":{"area":2934.85,"pct":11.3},"sidewalks":{"area":706.23,"pct":2.72}},"city_same":1,"id":"hex:3541:24427"},"type":"Feature"},{"geometry":{"coordinates":[[[-122.64296,38.22771],[-122.64353,38.22849],[-122.64467,38.22849],[-122.64525,38.22771],[-122.64468,38.22693],[-122.64354,38.22693],[-122.64296,38.22771]]],"type":"Polygon"},"properties":{"bbox":{"parking":{"area":438.82,"pct":1.69},"roads":{"area":2550.25,"pct":9.82},"sidewalks":{"area":253.66,"pct":0.98}},"city_same":1,"id":"hex:3541:24428"},"type":"Feature"},{"geometry":{"coordinates":[[[-122.64295,38.22927],[-122.64352,38.23005],[-122.64466,38.23005],[-122.64524,38.22927],[-122.64467,38.22849],[-122.64353,38.22849],[-122.64295,38.22927]]],"type":"Polygon"},"properties":{"bbox":{"roads":{"area":2666.35,"pct":10.26},"sidewalks":{"area":44.49,"pct":0.17}},"city_same":1,"id":"hex:3541:24429"},"type":"Feature"},{"geometry":{"coordinates":[[[-122.64295,38.23083],[-122.64351,38.23161],[-122.64466,38.23161],[-122.64523,38.23084],[-122.64466,38.23005],[-122.64352,38.23005],[-122.64295,38.23083]]],"type":"Polygon"},"properties":{"bbox":{"parking":{"area":1521.49,"pct":5.86},"roads":{"area":2789.26,"pct":10.74},"sidewalks":{"area":131.65,"pct":0.51}},"city_same":1,"id":"hex:3541:24430"},"type":"Feature"},{"geometry":{"coordinates":[[[-122.64294,38.23239],[-122.6435,38.23317],[-122.64465,38.23318],[-122.64522,38.2324],[-122.64466,38.23161],[-122.64351,38.23161],[-122.64294,38.23239]]],"type":"Polygon"},"properties":{"bbox":{"parking":{"area":748.76,"pct":2.88},"roads":{"area":4055.99,"pct":15.61},"sidewalks":{"area":1179,"pct":4.54}},"city_same":1,"id":"hex:3541:24431"},"type":"Feature"},{"geometry":{"coordinates":[[[-122.64293,38.23395],[-122.6435,38.23473],[-122.64464,38.23474],[-122.64522,38.23396],[-122.64465,38.23318],[-122.6435,38.23317],[-122.64293,38.23395]]],"type":"Polygon"},"properties":{"bbox":{"parking":{"area":3369.48,"pct":12.97},"roads":{"area":3363.19,"pct":12.94},"sidewalks":{"area":702.87,"pct":2.71}},"city_same":1,"id":"hex:3541:24432"},"type":"Feature"},{"geometry":{"coordinates":[[[-122.64292,38.23551],[-122.64349,38.23629],[-122.64463,38.2363],[-122.64521,38.23552],[-122.64464,38.23474],[-122.6435,38.23473],[-122.64292,38.23551]]],"type":"Polygon"},"properties":{"bbox":{"roads":{"area":4205.92,"pct":16.19},"sidewalks":{"area":1104.29,"pct":4.25}},"city_same":1,"id":"hex:3541:24433"},"type":"Feature"},{"geometry":{"coordinates":[[[-122.64291,38.23707],[-122.64348,38.23786],[-122.64462,38.23786],[-122.6452,38.23708],[-122.64463,38.2363],[-122.64349,38.23629],[-122.64291,38.23707]]],"type":"Polygon"},"properties":{"bbox":{"parking":{"area":36.94,"pct":0.14},"roads":{"area":2908.04,"pct":11.19},"sidewalks":{"area":1270.5,"pct":4.89}},"city_same":1,"id":"hex:3541:24434"},"type":"Feature"},{"geometry":{"coordinates":[[[-122.64291,38.23863],[-122.64347,38.23942],[-122.64462,38.23942],[-122.64519,38.23864],[-122.64462,38.23786],[-122.64348,38.23786],[-122.64291,38.23863]]],"type":"Polygon"},"properties":{"bbox":{"roads":{"area":2564.45,"pct":9.87},"sidewalks":{"area":873.82,"pct":3.36}},"city":{"roads":{"area":2474,"pct":9.52},"sidewalks":{"area":873.82,"pct":3.36}},"id":"hex:3541:24435"},"type":"Feature"},{"geometry":{"coordinates":[[[-122.6429,38.24019],[-122.64347,38.24098],[-122.64461,38.24098],[-122.64518,38.2402],[-122.64462,38.23942],[-122.64347,38.23942],[-122.6429,38.24019]]],"type":"Polygon"},"properties":{"bbox":{"roads":{"area":4105.21,"pct":15.8},"sidewalks":{"area":873.48,"pct":3.36}},"city":{"roads":{"area":2338.9,"pct":9},"sidewalks":{"area":873.48,"pct":3.36}},"id":"hex:3541:24436"},"type":"Feature"},{"geometry":{"coordinates":[[[-122.64289,38.24176],[-122.64346,38.24254],[-122.6446,38.24254],[-122.64518,38.24176],[-122.64461,38.24098],[-122.64347,38.24098],[-122.64289,38.24176]]],"type":"Polygon"},"properties":{"bbox":{"roads":{"area":3777.97,"pct":14.54},"sidewalks":{"area":659.86,"pct":2.54}},"city":{"roads":{"area":1837.55,"pct":7.07},"sidewalks":{"area":659.86,"pct":2.54}},"id":"hex:3541:24437"},"type":"Feature"},{"geometry":{"coordinates":[[[-122.64288,38.24332],[-122.64345,38.2441],[-122.64459,38.2441],[-122.64517,38.24332],[-122.6446,38.24254],[-122.64346,38.24254],[-122.64288,38.24332]]],"type":"Polygon"},"properties":{"bbox":{"roads":{"area":4933.24,"pct":18.99},"sidewalks":{"area":512.93,"pct":1.97}},"city":{"roads":{"area":3170.06,"pct":12.2},"sidewalks":{"area":512.93,"pct":1.97}},"id":"hex:3541:24438"},"type":"Feature"},{"geometry":{"coordinates":[[[-122.64288,38.24488],[-122.64344,38.24566],[-122.64459,38.24566],[-122.64516,38.24488],[-122.64459,38.2441],[-122.64345,38.2441],[-122.64288,38.24488]]],"type":"Polygon"},"properties":{"bbox":{"parking":{"area":3502.6,"pct":13.48},"roads":{"area":7077.81,"pct":27.24},"sidewalks":{"area":783.91,"pct":3.02}},"city":{"parking":{"area":3502.6,"pct":13.48},"roads":{"area":3589.68,"pct":13.82},"sidewalks":{"area":783.91,"pct":3.02}},"id":"hex:3541:24439"},"type":"Feature"},{"geometry":{"coordinates":[[[-122.64287,38.24644],[-122.64344,38.24722],[-122.64458,38.24722],[-122.64515,38.24645],[-122.64459,38.24566],[-122.64344,38.24566],[-122.64287,38.24644]]],"type":"Polygon"},"properties":{"bbox":{"parking":{"area":7238.35,"pct":27.86},"roads":{"area":3261.13,"pct":12.55},"sidewalks":{"area":88.1,"pct":0.34}},"city":{"parking":{"area":7238.35,"pct":27.86},"roads":{"area":3157.76,"pct":12.15},"sidewalks":{"area":88.1,"pct":0.34}},"id":"hex:3541:24440"},"type":"Feature"},{"geometry":{"coordinates":[[[-122.64286,38.248],[-122.64343,38.24878],[-122.64457,38.24879],[-122.64515,38.24801],[-122.64458,38.24722],[-122.64344,38.24722],[-122.64286,38.248]]],"type":"Polygon"},"properties":{"bbox":{"roads":{"area":927.09,"pct":3.57}},"city_same":1,"id":"hex:3541:24441"},"type":"Feature"},{"geometry":{"coordinates":[[[-122.64285,38.24956],[-122.64342,38.25034],[-122.64456,38.25035],[-122.64514,38.24957],[-122.64457,38.24879],[-122.64343,38.24878],[-122.64285,38.24956]]],"type":"Polygon"},"properties":{"bbox":{"roads":{"area":739.81,"pct":2.85}},"city_same":1,"id":"hex:3541:24442"},"type":"Feature"},{"geometry":{"coordinates":[[[-122.64512,38.25425],[-122.64454,38.25503],[-122.6434,38.25503],[-122.64283,38.25424],[-122.64341,38.25346],[-122.64455,38.25347],[-122.64456,38.25348],[-122.64413,38.25378],[-122.64421,38.25432],[-122.64402,38.25449],[-122.64424,38.25433],[-122.64417,38.25379],[-122.64458,38.25351],[-122.64512,38.25425]]],"type":"Polygon"},"properties":{"bbox":{"roads":{"area":1329.85,"pct":5.18}},"city":{"roads":{"area":682.91,"pct":2.66}},"id":"hex:3541:24445"},"type":"Feature"},{"geometry":{"coordinates":[[[-122.64282,38.2558],[-122.64339,38.25659],[-122.64453,38.25659],[-122.64511,38.25581],[-122.64454,38.25503],[-122.6434,38.25503],[-122.64282,38.2558]]],"type":"Polygon"},"properties":{"bbox":{"roads":{"area":3850.3,"pct":14.82}},"city":{"roads":{"area":790.47,"pct":3.04}},"id":"hex:3541:24446"},"type":"Feature"},{"geometry":{"coordinates":[[[-122.64282,38.25737],[-122.64338,38.25815],[-122.64453,38.25815],[-122.6451,38.25737],[-122.64453,38.25659],[-122.64339,38.25659],[-122.64282,38.25737]]],"type":"Polygon"},"properties":{"bbox":{"roads":{"area":1689.28,"pct":6.5}},"city_same":1,"id":"hex:3541:24447"},"type":"Feature"},{"geometry":{"coordinates":[[[-122.64281,38.25893],[-122.64338,38.25971],[-122.64452,38.25971],[-122.64509,38.25893],[-122.64453,38.25815],[-122.64338,38.25815],[-122.64281,38.25893]]],"type":"Polygon"},"properties":{"bbox":{"roads":{"area":5201.59,"pct":20.02},"sidewalks":{"area":320.8,"pct":1.23}},"city":{"roads":{"area":2630.55,"pct":10.12},"sidewalks":{"area":320.8,"pct":1.23}},"id":"hex:3541:24448"},"type":"Feature"},{"geometry":{"coordinates":[[[-122.6428,38.26049],[-122.64337,38.26127],[-122.64451,38.26127],[-122.64509,38.26049],[-122.64452,38.25971],[-122.64338,38.25971],[-122.6428,38.26049]]],"type":"Polygon"},"properties":{"bbox":{"roads":{"area":2904.25,"pct":11.18},"sidewalks":{"area":833.62,"pct":3.21}},"city":{"roads":{"area":2864.01,"pct":11.02},"sidewalks":{"area":833.62,"pct":3.21}},"id":"hex:3541:24449"},"type":"Feature"},{"geometry":{"coordinates":[[[-122.64279,38.26205],[-122.64336,38.26283],[-122.6445,38.26283],[-122.64508,38.26206],[-122.64451,38.26127],[-122.64337,38.26127],[-122.64279,38.26205]]],"type":"Polygon"},"properties":{"bbox":{"roads":{"area":2702.32,"pct":10.4},"sidewalks":{"area":222.17,"pct":0.86}},"city_same":1,"id":"hex:3541:24450"},"type":"Feature"},{"geometry":{"coordinates":[[[-122.64278,38.26361],[-122.64335,38.26439],[-122.6445,38.2644],[-122.64507,38.26362],[-122.6445,38.26283],[-122.64336,38.26283],[-122.64278,38.26361]]],"type":"Polygon"},"properties":{"bbox":{"roads":{"area":2240.98,"pct":8.63}},"city_same":1,"id":"hex:3541:24451"},"type":"Feature"},{"geometry":{"coordinates":[[[-122.64278,38.26517],[-122.64334,38.26595],[-122.64449,38.26596],[-122.64506,38.26518],[-122.6445,38.2644],[-122.64335,38.26439],[-122.64278,38.26517]]],"type":"Polygon"},"properties":{"bbox":{"roads":{"area":2020.04,"pct":7.78},"sidewalks":{"area":140.25,"pct":0.54}},"city_same":1,"id":"hex:3541:24452"},"type":"Feature"},{"geometry":{"coordinates":[[[-122.64277,38.26673],[-122.64334,38.26751],[-122.64448,38.26752],[-122.64506,38.26674],[-122.64449,38.26596],[-122.64334,38.26595],[-122.64277,38.26673]]],"type":"Polygon"},"properties":{"bbox":{"parking":{"area":61.82,"pct":0.24},"roads":{"area":1424.51,"pct":5.48}},"city_same":1,"id":"hex:3541:24453"},"type":"Feature"},{"geometry":{"coordinates":[[[-122.64276,38.26829],[-122.64333,38.26907],[-122.64447,38.26908],[-122.64505,38.2683],[-122.64448,38.26752],[-122.64334,38.26751],[-122.64276,38.26829]]],"type":"Polygon"},"properties":{"bbox":{"roads":{"area":4953.3,"pct":19.07},"sidewalks":{"area":162.97,"pct":0.63}},"city":{"roads":{"area":2921.43,"pct":11.24},"sidewalks":{"area":162.97,"pct":0.63}},"id":"hex:3541:24454"},"type":"Feature"},{"geometry":{"coordinates":[[[-122.64275,38.26985],[-122.64332,38.27064],[-122.64447,38.27064],[-122.64504,38.26986],[-122.64447,38.26908],[-122.64333,38.26907],[-122.64275,38.26985]]],"type":"Polygon"},"properties":{"bbox":{"roads":{"area":3351.82,"pct":12.9},"sidewalks":{"area":289.78,"pct":1.12}},"city_same":1,"id":"hex:3541:24455"},"type":"Feature"},{"geometry":{"coordinates":[[[-122.64275,38.27141],[-122.64331,38.2722],[-122.64446,38.2722],[-122.64503,38.27142],[-122.64447,38.27064],[-122.64332,38.27064],[-122.64275,38.27141]]],"type":"Polygon"},"properties":{"bbox":{"roads":{"area":3620.4,"pct":13.93},"sidewalks":{"area":692.25,"pct":2.66}},"city_same":1,"id":"hex:3541:24456"},"type":"Feature"},{"geometry":{"coordinates":[[[-122.64274,38.27298],[-122.64331,38.27376],[-122.64445,38.27376],[-122.64503,38.27298],[-122.64446,38.2722],[-122.64331,38.2722],[-122.64274,38.27298]]],"type":"Polygon"},"properties":{"bbox":{"parking":{"area":152.98,"pct":0.59},"roads":{"area":2025.78,"pct":7.8},"sidewalks":{"area":489.9,"pct":1.89}},"city_same":1,"id":"hex:3541:24457"},"type":"Feature"},{"geometry":{"coordinates":[[[-122.6433,38.27532],[-122.64273,38.27454],[-122.64331,38.27376],[-122.64445,38.27376],[-122.64502,38.27454],[-122.64444,38.27532],[-122.64417,38.27532],[-122.64369,38.27506],[-122.64346,38.27532],[-122.6433,38.27532]]],"type":"Polygon"},"properties":{"bbox":{"roads":{"area":1320.57,"pct":5.26},"sidewalks":{"area":373.55,"pct":1.49}},"city_same":1,"id":"hex:3541:24458"},"type":"Feature"},{"geometry":{"coordinates":[[[[-122.64272,38.2761],[-122.6433,38.27532],[-122.64346,38.27532],[-122.64274,38.27612],[-122.64272,38.2761]]],[[[-122.64444,38.27532],[-122.64462,38.27557],[-122.64417,38.27532],[-122.64444,38.27532]]]],"type":"MultiPolygon"},"properties":{"bbox":{"roads":{"area":0.87,"pct":0.08}},"city_same":1,"id":"hex:3541:24459"},"type":"Feature"},{"geometry":{"coordinates":[[[-122.6413,38.21756],[-122.64186,38.21834],[-122.64301,38.21834],[-122.64358,38.21756],[-122.64301,38.21678],[-122.64187,38.21678],[-122.6413,38.21756]]],"type":"Polygon"},"properties":{"bbox":{"roads":{"area":639.85,"pct":2.46}},"city_same":1,"id":"hex:3542:24422"},"type":"Feature"},{"geometry":{"coordinates":[[[-122.64129,38.21912],[-122.64186,38.2199],[-122.643,38.2199],[-122.64357,38.21912],[-122.64301,38.21834],[-122.64186,38.21834],[-122.64129,38.21912]]],"type":"Polygon"},"properties":{"bbox":{"roads":{"area":1296.11,"pct":4.99}},"city_same":1,"id":"hex:3542:24423"},"type":"Feature"},{"geometry":{"coordinates":[[[-122.64128,38.22068],[-122.64185,38.22146],[-122.64299,38.22146],[-122.64357,38.22068],[-122.643,38.2199],[-122.64186,38.2199],[-122.64128,38.22068]]],"type":"Polygon"},"properties":{"bbox":{"roads":{"area":662.72,"pct":2.55}},"city_same":1,"id":"hex:3542:24424"},"type":"Feature"},{"geometry":{"coordinates":[[[-122.64127,38.22224],[-122.64184,38.22302],[-122.64298,38.22302],[-122.64356,38.22225],[-122.64299,38.22146],[-122.64185,38.22146],[-122.64127,38.22224]]],"type":"Polygon"},"properties":{"bbox":{"roads":{"area":2047.99,"pct":7.88},"sidewalks":{"area":134.81,"pct":0.52}},"city_same":1,"id":"hex:3542:24425"},"type":"Feature"},{"geometry":{"coordinates":[[[-122.64127,38.2238],[-122.64183,38.22458],[-122.64298,38.22458],[-122.64355,38.22381],[-122.64298,38.22302],[-122.64184,38.22302],[-122.64127,38.2238]]],"type":"Polygon"},"properties":{"bbox":{"roads":{"area":3325.18,"pct":12.8},"sidewalks":{"area":888.02,"pct":3.42}},"city_same":1,"id":"hex:3542:24426"},"type":"Feature"},{"geometry":{"coordinates":[[[-122.64126,38.22536],[-122.64183,38.22614],[-122.64297,38.22615],[-122.64354,38.22537],[-122.64298,38.22458],[-122.64183,38.22458],[-122.64126,38.22536]]],"type":"Polygon"},"properties":{"bbox":{"parking":{"area":2379.57,"pct":9.16},"roads":{"area":1529.8,"pct":5.89},"sidewalks":{"area":406.92,"pct":1.57}},"city_same":1,"id":"hex:3542:24427"},"type":"Feature"},{"geometry":{"coordinates":[[[-122.64125,38.22692],[-122.64182,38.2277],[-122.64296,38.22771],[-122.64354,38.22693],[-122.64297,38.22615],[-122.64183,38.22614],[-122.64125,38.22692]]],"type":"Polygon"},"properties":{"bbox":{"roads":{"area":2406.46,"pct":9.26},"sidewalks":{"area":570.3,"pct":2.2}},"city_same":1,"id":"hex:3542:24428"},"type":"Feature"},{"geometry":{"coordinates":[[[-122.64124,38.22848],[-122.64181,38.22926],[-122.64295,38.22927],[-122.64353,38.22849],[-122.64296,38.22771],[-122.64182,38.2277],[-122.64124,38.22848]]],"type":"Polygon"},"properties":{"bbox":{"roads":{"area":2237.9,"pct":8.61},"sidewalks":{"area":437.2,"pct":1.68}},"city_same":1,"id":"hex:3542:24429"},"type":"Feature"},{"geometry":{"coordinates":[[[-122.64124,38.23004],[-122.6418,38.23083],[-122.64295,38.23083],[-122.64352,38.23005],[-122.64295,38.22927],[-122.64181,38.22926],[-122.64124,38.23004]]],"type":"Polygon"},"properties":{"bbox":{"roads":{"area":2182.27,"pct":8.4},"sidewalks":{"area":227.3,"pct":0.87}},"city_same":1,"id":"hex:3542:24430"},"type":"Feature"},{"geometry":{"coordinates":[[[-122.64123,38.2316],[-122.64179,38.23239],[-122.64294,38.23239],[-122.64351,38.23161],[-122.64295,38.23083],[-122.6418,38.23083],[-122.64123,38.2316]]],"type":"Polygon"},"properties":{"bbox":{"roads":{"area":2084.28,"pct":8.02},"sidewalks":{"area":923.24,"pct":3.55}},"city_same":1,"id":"hex:3542:24431"},"type":"Feature"},{"geometry":{"coordinates":[[[-122.64122,38.23317],[-122.64179,38.23395],[-122.64293,38.23395],[-122.6435,38.23317],[-122.64294,38.23239],[-122.64179,38.23239],[-122.64122,38.23317]]],"type":"Polygon"},"properties":{"bbox":{"parking":{"area":5362.54,"pct":20.64},"roads":{"area":4398.65,"pct":16.93},"sidewalks":{"area":1244.96,"pct":4.79}},"city_same":1,"id":"hex:3542:24432"},"type":"Feature"},{"geometry":{"coordinates":[[[-122.64121,38.23473],[-122.64178,38.23551],[-122.64292,38.23551],[-122.6435,38.23473],[-122.64293,38.23395],[-122.64179,38.23395],[-122.64121,38.23473]]],"type":"Polygon"},"properties":{"bbox":{"parking":{"area":2815.96,"pct":10.84},"roads":{"area":4292.51,"pct":16.52},"sidewalks":{"area":1084.07,"pct":4.17}},"city_same":1,"id":"hex:3542:24433"},"type":"Feature"},{"geometry":{"coordinates":[[[-122.64178,38.23551],[-122.64292,38.23551],[-122.64349,38.23629],[-122.64291,38.23707],[-122.64177,38.23707],[-122.6412,38.23629],[-122.64178,38.23551]],[[-122.64243,38.23564],[-122.64243,38.23564],[-122.64243,38.23564],[-122.64242,38.23564],[-122.64242,38.23565],[-122.64242,38.23565],[-122.64242,38.23565],[-122.64242,38.23565],[-122.64242,38.23565],[-122.64242,38.23565],[-122.64243,38.23565],[-122.64243,38.23565],[-122.64243,38.23565],[-122.64243,38.23565],[-122.64243,38.23565],[-122.64243,38.23564]]],"type":"Polygon"},"properties":{"bbox":{"parking":{"area":1810.68,"pct":6.97},"roads":{"area":4868.36,"pct":18.74},"sidewalks":{"area":1088.99,"pct":4.19}},"city":{"parking":{"area":1810.68,"pct":6.97},"roads":{"area":3559.41,"pct":13.7},"sidewalks":{"area":1088.99,"pct":4.19}},"id":"hex:3542:24434"},"type":"Feature"},{"geometry":{"coordinates":[[[-122.6412,38.23785],[-122.64176,38.23863],[-122.64291,38.23863],[-122.64348,38.23786],[-122.64291,38.23707],[-122.64177,38.23707],[-122.6412,38.23785]]],"type":"Polygon"},"properties":{"bbox":{"roads":{"area":2885.5,"pct":11.11},"sidewalks":{"area":734.21,"pct":2.83}},"city":{"roads":{"area":854.1,"pct":3.29},"sidewalks":{"area":734.21,"pct":2.83}},"id":"hex:3542:24435"},"type":"Feature"},{"geometry":{"coordinates":[[[-122.64119,38.23941],[-122.64176,38.24019],[-122.6429,38.24019],[-122.64347,38.23942],[-122.64291,38.23863],[-122.64176,38.23863],[-122.64119,38.23941]]],"type":"Polygon"},"properties":{"bbox":{"roads":{"area":3523.91,"pct":13.56},"sidewalks":{"area":298.93,"pct":1.15}},"city":{"roads":{"area":2322.69,"pct":8.94},"sidewalks":{"area":298.93,"pct":1.15}},"id":"hex:3542:24436"},"type":"Feature"},{"geometry":{"coordinates":[[[-122.64118,38.24097],[-122.64175,38.24175],[-122.64289,38.24176],[-122.64347,38.24098],[-122.6429,38.24019],[-122.64176,38.24019],[-122.64118,38.24097]]],"type":"Polygon"},"properties":{"bbox":{"roads":{"area":2751.66,"pct":10.59},"sidewalks":{"area":265.98,"pct":1.02}},"city":{"roads":{"area":1450.61,"pct":5.58},"sidewalks":{"area":265.98,"pct":1.02}},"id":"hex:3542:24437"},"type":"Feature"},{"geometry":{"coordinates":[[[-122.64117,38.24253],[-122.64174,38.24331],[-122.64288,38.24332],[-122.64346,38.24254],[-122.64289,38.24176],[-122.64175,38.24175],[-122.64117,38.24253]]],"type":"Polygon"},"properties":{"bbox":{"roads":{"area":1177.99,"pct":4.53}},"city_same":1,"id":"hex:3542:24438"},"type":"Feature"},{"geometry":{"coordinates":[[[-122.64117,38.24409],[-122.64173,38.24487],[-122.64288,38.24488],[-122.64345,38.2441],[-122.64288,38.24332],[-122.64174,38.24331],[-122.64117,38.24409]]],"type":"Polygon"},"properties":{"bbox":{"roads":{"area":2208.57,"pct":8.5},"sidewalks":{"area":278.59,"pct":1.07}},"city_same":1,"id":"hex:3542:24439"},"type":"Feature"},{"geometry":{"coordinates":[[[-122.64116,38.24565],[-122.64173,38.24644],[-122.64287,38.24644],[-122.64344,38.24566],[-122.64288,38.24488],[-122.64173,38.24487],[-122.64116,38.24565]]],"type":"Polygon"},"properties":{"bbox":{"parking":{"area":482.29,"pct":1.86},"roads":{"area":2383.7,"pct":9.17},"sidewalks":{"area":559.87,"pct":2.15}},"city":{"parking":{"area":482.29,"pct":1.86},"roads":{"area":1197.92,"pct":4.61},"sidewalks":{"area":559.87,"pct":2.15}},"id":"hex:3542:24440"},"type":"Feature"},{"geometry":{"coordinates":[[[-122.64115,38.24721],[-122.64172,38.248],[-122.64286,38.248],[-122.64344,38.24722],[-122.64287,38.24644],[-122.64173,38.24644],[-122.64115,38.24721]]],"type":"Polygon"},"properties":{"bbox":{"roads":{"area":627.04,"pct":2.41},"sidewalks":{"area":118.51,"pct":0.46}},"city_same":1,"id":"hex:3542:24441"},"type":"Feature"},{"geometry":{"coordinates":[[[-122.64114,38.24877],[-122.64171,38.24956],[-122.64285,38.24956],[-122.64343,38.24878],[-122.64286,38.248],[-122.64172,38.248],[-122.64114,38.24877]]],"type":"Polygon"},"properties":{"bbox":{"roads":{"area":1.5,"pct":0.01}},"city_same":1,"id":"hex:3542:24442"},"type":"Feature"},{"geometry":{"coordinates":[[[-122.64112,38.25346],[-122.64169,38.25424],[-122.64283,38.25424],[-122.64341,38.25346],[-122.64284,38.25268],[-122.6417,38.25268],[-122.64112,38.25346]]],"type":"Polygon"},"properties":{"bbox":{"roads":{"area":968.22,"pct":3.73}},"city":{"roads":{"area":98.59,"pct":0.38}},"id":"hex:3542:24445"},"type":"Feature"},{"geometry":{"coordinates":[[[-122.64111,38.25502],[-122.64168,38.2558],[-122.64282,38.2558],[-122.6434,38.25503],[-122.64283,38.25424],[-122.64169,38.25424],[-122.64111,38.25502]]],"type":"Polygon"},"properties":{"bbox":{"roads":{"area":5178.83,"pct":19.93}},"city":{"roads":{"area":2531.46,"pct":9.74}},"id":"hex:3542:24446"},"type":"Feature"},{"geometry":{"coordinates":[[[-122.6411,38.25658],[-122.64167,38.25736],[-122.64282,38.25737],[-122.64339,38.25659],[-122.64282,38.2558],[-122.64168,38.2558],[-122.6411,38.25658]]],"type":"Polygon"},"properties":{"bbox":{"roads":{"area":3549.29,"pct":13.66}},"city_same":1,"id":"hex:3542:24447"},"type":"Feature"},{"geometry":{"coordinates":[[[-122.6411,38.25814],[-122.64166,38.25892],[-122.64281,38.25893],[-122.64338,38.25815],[-122.64282,38.25737],[-122.64167,38.25736],[-122.6411,38.25814]]],"type":"Polygon"},"properties":{"bbox":{"roads":{"area":4074.78,"pct":15.68},"sidewalks":{"area":226.92,"pct":0.87}},"city":{"roads":{"area":2162.75,"pct":8.32},"sidewalks":{"area":226.92,"pct":0.87}},"id":"hex:3542:24448"},"type":"Feature"},{"geometry":{"coordinates":[[[-122.64109,38.2597],[-122.64166,38.26048],[-122.6428,38.26049],[-122.64338,38.25971],[-122.64281,38.25893],[-122.64166,38.25892],[-122.64109,38.2597]]],"type":"Polygon"},"properties":{"bbox":{"roads":{"area":1686.74,"pct":6.49}},"city_same":1,"id":"hex:3542:24449"},"type":"Feature"},{"geometry":{"coordinates":[[[-122.64108,38.26126],[-122.64165,38.26205],[-122.64279,38.26205],[-122.64337,38.26127],[-122.6428,38.26049],[-122.64166,38.26048],[-122.64108,38.26126]]],"type":"Polygon"},"properties":{"bbox":{"roads":{"area":1891.88,"pct":7.28},"sidewalks":{"area":482.99,"pct":1.86}},"city_same":1,"id":"hex:3542:24450"},"type":"Feature"},{"geometry":{"coordinates":[[[-122.64107,38.26282],[-122.64164,38.26361],[-122.64278,38.26361],[-122.64336,38.26283],[-122.64279,38.26205],[-122.64165,38.26205],[-122.64107,38.26282]]],"type":"Polygon"},"properties":{"bbox":{"roads":{"area":2997.35,"pct":11.54},"sidewalks":{"area":839.65,"pct":3.23}},"city_same":1,"id":"hex:3542:24451"},"type":"Feature"},{"geometry":{"coordinates":[[[-122.64107,38.26438],[-122.64163,38.26517],[-122.64278,38.26517],[-122.64335,38.26439],[-122.64278,38.26361],[-122.64164,38.26361],[-122.64107,38.26438]]],"type":"Polygon"},"properties":{"bbox":{"roads":{"area":3188.32,"pct":12.27}},"city_same":1,"id":"hex:3542:24452"},"type":"Feature"},{"geometry":{"coordinates":[[[-122.64106,38.26595],[-122.64163,38.26673],[-122.64277,38.26673],[-122.64334,38.26595],[-122.64278,38.26517],[-122.64163,38.26517],[-122.64106,38.26595]]],"type":"Polygon"},"properties":{"bbox":{"roads":{"area":2328.64,"pct":8.96}},"city_same":1,"id":"hex:3542:24453"},"type":"Feature"},{"geometry":{"coordinates":[[[-122.64105,38.26751],[-122.64162,38.26829],[-122.64276,38.26829],[-122.64334,38.26751],[-122.64277,38.26673],[-122.64163,38.26673],[-122.64105,38.26751]]],"type":"Polygon"},"properties":{"bbox":{"parking":{"area":91.79,"pct":0.35},"roads":{"area":1856.8,"pct":7.15}},"city_same":1,"id":"hex:3542:24454"},"type":"Feature"},{"geometry":{"coordinates":[[[-122.64104,38.26907],[-122.64161,38.26985],[-122.64275,38.26985],[-122.64333,38.26907],[-122.64276,38.26829],[-122.64162,38.26829],[-122.64104,38.26907]]],"type":"Polygon"},"properties":{"bbox":{"roads":{"area":4853.69,"pct":18.68},"sidewalks":{"area":544.87,"pct":2.1}},"city":{"roads":{"area":1901.88,"pct":7.32},"sidewalks":{"area":544.87,"pct":2.1}},"id":"hex:3542:24455"},"type":"Feature"},{"geometry":{"coordinates":[[[-122.64104,38.27063],[-122.6416,38.27141],[-122.64275,38.27141],[-122.64332,38.27064],[-122.64275,38.26985],[-122.64161,38.26985],[-122.64104,38.27063]]],"type":"Polygon"},"properties":{"bbox":{"roads":{"area":3196.23,"pct":12.3}},"city_same":1,"id":"hex:3542:24456"},"type":"Feature"},{"geometry":{"coordinates":[[[-122.64103,38.27219],[-122.6416,38.27297],[-122.64274,38.27298],[-122.64331,38.2722],[-122.64275,38.27141],[-122.6416,38.27141],[-122.64103,38.27219]]],"type":"Polygon"},"properties":{"bbox":{"roads":{"area":2638.37,"pct":10.16},"sidewalks":{"area":510.69,"pct":1.97}},"city_same":1,"id":"hex:3542:24457"},"type":"Feature"},{"geometry":{"coordinates":[[[-122.64102,38.27375],[-122.64159,38.27453],[-122.64273,38.27454],[-122.64331,38.27376],[-122.64274,38.27298],[-122.6416,38.27297],[-122.64102,38.27375]]],"type":"Polygon"},"properties":{"bbox":{"roads":{"area":1662.84,"pct":6.4},"sidewalks":{"area":481.96,"pct":1.86}},"city_same":1,"id":"hex:3542:24458"},"type":"Feature"},{"geometry":{"coordinates":[[[-122.64187,38.21678],[-122.6413,38.21756],[-122.64015,38.21755],[-122.63959,38.21677],[-122.64016,38.21599],[-122.64084,38.21599],[-122.64177,38.21663],[-122.64187,38.21678]]],"type":"Polygon"},"properties":{"bbox":{"roads":{"area":1130.63,"pct":4.6}},"city_same":1,"id":"hex:3543:24421"},"type":"Feature"},{"geometry":{"coordinates":[[[-122.63958,38.21833],[-122.64015,38.21911],[-122.64129,38.21912],[-122.64186,38.21834],[-122.6413,38.21756],[-122.64015,38.21755],[-122.63958,38.21833]]],"type":"Polygon"},"properties":{"bbox":{"roads":{"area":1185.32,"pct":4.56}},"city_same":1,"id":"hex:3543:24422"},"type":"Feature"},{"geometry":{"coordinates":[[[-122.63957,38.21989],[-122.64014,38.22067],[-122.64128,38.22068],[-122.64186,38.2199],[-122.64129,38.21912],[-122.64015,38.21911],[-122.63957,38.21989]]],"type":"Polygon"},"properties":{"bbox":{"roads":{"area":2388.33,"pct":9.19}},"city_same":1,"id":"hex:3543:24423"},"type":"Feature"},{"geometry":{"coordinates":[[[-122.63956,38.22145],[-122.64013,38.22223],[-122.64127,38.22224],[-122.64185,38.22146],[-122.64128,38.22068],[-122.64014,38.22067],[-122.63956,38.22145]]],"type":"Polygon"},"properties":{"bbox":{"roads":{"area":1715.76,"pct":6.6}},"city_same":1,"id":"hex:3543:24424"},"type":"Feature"},{"geometry":{"coordinates":[[[-122.63956,38.22301],[-122.64012,38.2238],[-122.64127,38.2238],[-122.64184,38.22302],[-122.64127,38.22224],[-122.64013,38.22223],[-122.63956,38.22301]]],"type":"Polygon"},"properties":{"bbox":{"roads":{"area":3024.86,"pct":11.64},"sidewalks":{"area":1029.66,"pct":3.96}},"city_same":1,"id":"hex:3543:24425"},"type":"Feature"},{"geometry":{"coordinates":[[[-122.63955,38.22457],[-122.64012,38.22536],[-122.64126,38.22536],[-122.64183,38.22458],[-122.64127,38.2238],[-122.64012,38.2238],[-122.63955,38.22457]]],"type":"Polygon"},"properties":{"bbox":{"roads":{"area":1499.95,"pct":5.77},"sidewalks":{"area":350.67,"pct":1.35}},"city_same":1,"id":"hex:3543:24426"},"type":"Feature"},{"geometry":{"coordinates":[[[-122.63954,38.22614],[-122.64011,38.22692],[-122.64125,38.22692],[-122.64183,38.22614],[-122.64126,38.22536],[-122.64012,38.22536],[-122.63954,38.22614]]],"type":"Polygon"},"properties":{"bbox":{"roads":{"area":2455.16,"pct":9.45},"sidewalks":{"area":985.83,"pct":3.79}},"city_same":1,"id":"hex:3543:24427"},"type":"Feature"},{"geometry":{"coordinates":[[[-122.63953,38.2277],[-122.6401,38.22848],[-122.64124,38.22848],[-122.64182,38.2277],[-122.64125,38.22692],[-122.64011,38.22692],[-122.63953,38.2277]]],"type":"Polygon"},"properties":{"bbox":{"roads":{"area":2462.14,"pct":9.48},"sidewalks":{"area":800.97,"pct":3.08}},"city_same":1,"id":"hex:3543:24428"},"type":"Feature"},{"geometry":{"coordinates":[[[-122.63953,38.22926],[-122.64009,38.23004],[-122.64124,38.23004],[-122.64181,38.22926],[-122.64124,38.22848],[-122.6401,38.22848],[-122.63953,38.22926]]],"type":"Polygon"},"properties":{"bbox":{"roads":{"area":2176.29,"pct":8.38},"sidewalks":{"area":883.61,"pct":3.4}},"city_same":1,"id":"hex:3543:24429"},"type":"Feature"},{"geometry":{"coordinates":[[[-122.63952,38.23082],[-122.64008,38.2316],[-122.64123,38.2316],[-122.6418,38.23083],[-122.64124,38.23004],[-122.64009,38.23004],[-122.63952,38.23082]]],"type":"Polygon"},"properties":{"bbox":{"roads":{"area":2958.98,"pct":11.39},"sidewalks":{"area":972.81,"pct":3.74}},"city_same":1,"id":"hex:3543:24430"},"type":"Feature"},{"geometry":{"coordinates":[[[-122.63951,38.23238],[-122.64008,38.23316],[-122.64122,38.23317],[-122.64179,38.23239],[-122.64123,38.2316],[-122.64008,38.2316],[-122.63951,38.23238]]],"type":"Polygon"},"properties":{"bbox":{"parking":{"area":2335.57,"pct":8.99},"roads":{"area":3430.06,"pct":13.2},"sidewalks":{"area":1123.22,"pct":4.32}},"city_same":1,"id":"hex:3543:24431"},"type":"Feature"},{"geometry":{"coordinates":[[[-122.6395,38.23394],[-122.64007,38.23472],[-122.64121,38.23473],[-122.64179,38.23395],[-122.64122,38.23317],[-122.64008,38.23316],[-122.6395,38.23394]]],"type":"Polygon"},"properties":{"bbox":{"parking":{"area":0.19,"pct":0},"roads":{"area":3716.85,"pct":14.31},"sidewalks":{"area":1119.2,"pct":4.31}},"city":{"parking":{"area":0.19,"pct":0},"roads":{"area":2567.64,"pct":9.88},"sidewalks":{"area":1119.2,"pct":4.31}},"id":"hex:3543:24432"},"type":"Feature"},{"geometry":{"coordinates":[[[[-122.64006,38.23628],[-122.63949,38.2355],[-122.63973,38.23518],[-122.64013,38.23585],[-122.64031,38.23616],[-122.64034,38.23628],[-122.64006,38.23628]]],[[[-122.64007,38.23472],[-122.64121,38.23473],[-122.64178,38.23551],[-122.6412,38.23629],[-122.64058,38.23629],[-122.64055,38.23609],[-122.64043,38.2358],[-122.64032,38.23562],[-122.6402,38.2354],[-122.63996,38.23488],[-122.64007,38.23472]]]],"type":"MultiPolygon"},"properties":{"bbox":{"parking":{"area":630.69,"pct":2.86},"roads":{"area":5076.56,"pct":22.99},"sidewalks":{"area":726.26,"pct":3.29}},"city":{"parking":{"area":630.69,"pct":2.86},"roads":{"area":3599.75,"pct":16.3},"sidewalks":{"area":726.26,"pct":3.29}},"id":"hex:3543:24433"},"type":"Feature"},{"geometry":{"coordinates":[[[[-122.64005,38.23784],[-122.63949,38.23706],[-122.64006,38.23628],[-122.64034,38.23628],[-122.64038,38.23644],[-122.64031,38.2365],[-122.64035,38.23661],[-122.64026,38.23717],[-122.64029,38.23727],[-122.64022,38.23759],[-122.6402,38.23785],[-122.64005,38.23784]]],[[[-122.6412,38.23629],[-122.64177,38.23707],[-122.6412,38.23785],[-122.64051,38.23785],[-122.64051,38.23783],[-122.64054,38.23748],[-122.64055,38.23713],[-122.64053,38.23707],[-122.64054,38.23699],[-122.64056,38.23695],[-122.6406,38.23668],[-122.64062,38.23657],[-122.6406,38.2364],[-122.64058,38.23629],[-122.6412,38.23629]]]],"type":"MultiPolygon"},"properties":{"bbox":{"parking":{"area":2435.51,"pct":11.16},"roads":{"area":2164.79,"pct":9.92}},"city_same":1,"id":"hex:3543:24434"},"type":"Feature"},{"geometry":{"coordinates":[[[[-122.64005,38.23941],[-122.63948,38.23862],[-122.64005,38.23784],[-122.6402,38.23785],[-122.64016,38.23837],[-122.64028,38.23889],[-122.64026,38.239],[-122.64019,38.2391],[-122.64011,38.23941],[-122.64005,38.23941]]],[[[-122.6412,38.23785],[-122.64176,38.23863],[-122.64119,38.23941],[-122.64044,38.23941],[-122.64046,38.23933],[-122.64048,38.23925],[-122.64052,38.2392],[-122.64057,38.23912],[-122.64064,38.23901],[-122.64066,38.23884],[-122.64061,38.23866],[-122.64045,38.23845],[-122.64042,38.23836],[-122.64051,38.23785],[-122.6412,38.23785]]]],"type":"MultiPolygon"},"properties":{"bbox":{"roads":{"area":1342.49,"pct":6.39}},"city_same":1,"id":"hex:3543:24435"},"type":"Feature"},{"geometry":{"coordinates":[[[[-122.63947,38.24018],[-122.64005,38.23941],[-122.64011,38.23941],[-122.63996,38.24003],[-122.63992,38.24026],[-122.63987,38.24049],[-122.63979,38.24063],[-122.63947,38.24018]]],[[[-122.64119,38.23941],[-122.64176,38.24019],[-122.64118,38.24097],[-122.64004,38.24097],[-122.63996,38.24086],[-122.63999,38.24083],[-122.64005,38.24073],[-122.6401,38.24064],[-122.64018,38.24043],[-122.64026,38.24017],[-122.64044,38.23941],[-122.64119,38.23941]]]],"type":"MultiPolygon"},"properties":{"bbox":{"roads":{"area":1171.14,"pct":5.36},"sidewalks":{"area":218.1,"pct":1}},"city":{"roads":{"area":13.45,"pct":0.06},"sidewalks":{"area":218.1,"pct":1}},"id":"hex:3543:24436"},"type":"Feature"},{"geometry":{"coordinates":[[[-122.64004,38.24097],[-122.64118,38.24097],[-122.64175,38.24175],[-122.64117,38.24253],[-122.64003,38.24253],[-122.63949,38.24178],[-122.63949,38.24171],[-122.64004,38.24097]]],"type":"Polygon"},"properties":{"bbox":{"roads":{"area":342.18,"pct":1.32}},"city_same":1,"id":"hex:3543:24437"},"type":"Feature"},{"geometry":{"coordinates":[[[-122.63946,38.24331],[-122.64002,38.24409],[-122.64117,38.24409],[-122.64174,38.24331],[-122.64117,38.24253],[-122.64003,38.24253],[-122.63946,38.24331]]],"type":"Polygon"},"properties":{"bbox":{"roads":{"area":1216.97,"pct":4.68},"sidewalks":{"area":270.29,"pct":1.04}},"city_same":1,"id":"hex:3543:24438"},"type":"Feature"},{"geometry":{"coordinates":[[[-122.63945,38.24487],[-122.64002,38.24565],[-122.64116,38.24565],[-122.64173,38.24487],[-122.64117,38.24409],[-122.64002,38.24409],[-122.63945,38.24487]]],"type":"Polygon"},"properties":{"bbox":{"roads":{"area":1638.2,"pct":6.31},"sidewalks":{"area":39.61,"pct":0.15}},"city":{"roads":{"area":1208.49,"pct":4.65},"sidewalks":{"area":39.61,"pct":0.15}},"id":"hex:3543:24439"},"type":"Feature"},{"geometry":{"coordinates":[[[-122.63944,38.24643],[-122.64001,38.24721],[-122.64115,38.24721],[-122.64173,38.24644],[-122.64116,38.24565],[-122.64002,38.24565],[-122.63944,38.24643]]],"type":"Polygon"},"properties":{"bbox":{"roads":{"area":2762.51,"pct":10.63},"sidewalks":{"area":283.96,"pct":1.09}},"city":{"roads":{"area":2154.04,"pct":8.29},"sidewalks":{"area":283.96,"pct":1.09}},"id":"hex:3543:24440"},"type":"Feature"},{"geometry":{"coordinates":[[[-122.63943,38.24799],[-122.64,38.24877],[-122.64114,38.24877],[-122.64172,38.248],[-122.64115,38.24721],[-122.64001,38.24721],[-122.63943,38.24799]]],"type":"Polygon"},"properties":{"bbox":{"roads":{"area":2997.24,"pct":11.54}},"city_same":1,"id":"hex:3543:24441"},"type":"Feature"},{"geometry":{"coordinates":[[[[-122.63999,38.25033],[-122.63944,38.24956],[-122.63968,38.24982],[-122.6402,38.25033],[-122.63999,38.25033]]],[[[-122.64,38.24877],[-122.64114,38.24877],[-122.64171,38.24956],[-122.64114,38.25034],[-122.6403,38.25033],[-122.64028,38.25031],[-122.64006,38.25011],[-122.63983,38.24978],[-122.63953,38.24941],[-122.64,38.24877]]]],"type":"MultiPolygon"},"properties":{"bbox":{"roads":{"area":1608.27,"pct":6.49}},"city_same":1,"id":"hex:3543:24442"},"type":"Feature"},{"geometry":{"coordinates":[[[-122.64113,38.2519],[-122.6417,38.25268],[-122.64112,38.25346],[-122.63998,38.25345],[-122.63941,38.25267],[-122.63998,38.25189],[-122.64031,38.25189],[-122.64012,38.25209],[-122.64033,38.25189],[-122.64113,38.2519]]],"type":"Polygon"},"properties":{"bbox":{"roads":{"area":1477.85,"pct":5.69}},"id":"hex:3543:24444"},"type":"Feature"},{"geometry":{"coordinates":[[[-122.6394,38.25423],[-122.63997,38.25502],[-122.64111,38.25502],[-122.64169,38.25424],[-122.64112,38.25346],[-122.63998,38.25345],[-122.6394,38.25423]]],"type":"Polygon"},"properties":{"bbox":{"roads":{"area":3466.21,"pct":13.34}},"city":{"roads":{"area":1402.15,"pct":5.4}},"id":"hex:3543:24445"},"type":"Feature"},{"geometry":{"coordinates":[[[-122.63939,38.25579],[-122.63996,38.25658],[-122.6411,38.25658],[-122.64168,38.2558],[-122.64111,38.25502],[-122.63997,38.25502],[-122.63939,38.25579]]],"type":"Polygon"},"properties":{"bbox":{"roads":{"area":3218.19,"pct":12.39}},"city_same":1,"id":"hex:3543:24446"},"type":"Feature"},{"geometry":{"coordinates":[[[-122.63939,38.25736],[-122.63995,38.25814],[-122.6411,38.25814],[-122.64167,38.25736],[-122.6411,38.25658],[-122.63996,38.25658],[-122.63939,38.25736]]],"type":"Polygon"},"properties":{"bbox":{"roads":{"area":3448.3,"pct":13.27},"sidewalks":{"area":235.5,"pct":0.91}},"city":{"roads":{"area":1467.24,"pct":5.65},"sidewalks":{"area":235.5,"pct":0.91}},"id":"hex:3543:24447"},"type":"Feature"},{"geometry":{"coordinates":[[[-122.63938,38.25892],[-122.63995,38.2597],[-122.64109,38.2597],[-122.64166,38.25892],[-122.6411,38.25814],[-122.63995,38.25814],[-122.63938,38.25892]]],"type":"Polygon"},"properties":{"bbox":{"roads":{"area":2573.01,"pct":9.9}},"city_same":1,"id":"hex:3543:24448"},"type":"Feature"},{"geometry":{"coordinates":[[[-122.63937,38.26048],[-122.63994,38.26126],[-122.64108,38.26126],[-122.64166,38.26048],[-122.64109,38.2597],[-122.63995,38.2597],[-122.63937,38.26048]]],"type":"Polygon"},"properties":{"bbox":{"roads":{"area":2449.68,"pct":9.43}},"city_same":1,"id":"hex:3543:24449"},"type":"Feature"},{"geometry":{"coordinates":[[[-122.63936,38.26204],[-122.63993,38.26282],[-122.64107,38.26282],[-122.64165,38.26205],[-122.64108,38.26126],[-122.63994,38.26126],[-122.63936,38.26204]]],"type":"Polygon"},"properties":{"bbox":{"roads":{"area":1735.62,"pct":6.68},"sidewalks":{"area":0.49,"pct":0}},"city_same":1,"id":"hex:3543:24450"},"type":"Feature"},{"geometry":{"coordinates":[[[-122.63936,38.2636],[-122.63992,38.26438],[-122.64107,38.26438],[-122.64164,38.26361],[-122.64107,38.26282],[-122.63993,38.26282],[-122.63936,38.2636]]],"type":"Polygon"},"properties":{"bbox":{"roads":{"area":3181.94,"pct":12.25},"sidewalks":{"area":228.07,"pct":0.88}},"city_same":1,"id":"hex:3543:24451"},"type":"Feature"},{"geometry":{"coordinates":[[[-122.63935,38.26516],[-122.63992,38.26594],[-122.64106,38.26595],[-122.64163,38.26517],[-122.64107,38.26438],[-122.63992,38.26438],[-122.63935,38.26516]]],"type":"Polygon"},"properties":{"bbox":{"roads":{"area":2289.42,"pct":8.81}},"city_same":1,"id":"hex:3543:24452"},"type":"Feature"},{"geometry":{"coordinates":[[[-122.63934,38.26672],[-122.63991,38.2675],[-122.64105,38.26751],[-122.64163,38.26673],[-122.64106,38.26595],[-122.63992,38.26594],[-122.63934,38.26672]]],"type":"Polygon"},"properties":{"bbox":{"roads":{"area":3678.2,"pct":14.16}},"city_same":1,"id":"hex:3543:24453"},"type":"Feature"},{"geometry":{"coordinates":[[[-122.63933,38.26828],[-122.6399,38.26906],[-122.64104,38.26907],[-122.64162,38.26829],[-122.64105,38.26751],[-122.63991,38.2675],[-122.63933,38.26828]]],"type":"Polygon"},"properties":{"bbox":{"roads":{"area":4663.14,"pct":17.95},"sidewalks":{"area":539.25,"pct":2.08}},"city":{"roads":{"area":1945.14,"pct":7.49},"sidewalks":{"area":539.25,"pct":2.08}},"id":"hex:3543:24454"},"type":"Feature"},{"geometry":{"coordinates":[[[-122.63932,38.26984],[-122.63989,38.27063],[-122.64104,38.27063],[-122.64161,38.26985],[-122.64104,38.26907],[-122.6399,38.26906],[-122.63932,38.26984]]],"type":"Polygon"},"properties":{"bbox":{"roads":{"area":3611.26,"pct":13.9},"sidewalks":{"area":6.26,"pct":0.02}},"city_same":1,"id":"hex:3543:24455"},"type":"Feature"},{"geometry":{"coordinates":[[[-122.63932,38.2714],[-122.63988,38.27219],[-122.64103,38.27219],[-122.6416,38.27141],[-122.64104,38.27063],[-122.63989,38.27063],[-122.63932,38.2714]]],"type":"Polygon"},"properties":{"bbox":{"roads":{"area":2942.4,"pct":11.33},"sidewalks":{"area":393.49,"pct":1.51}},"city_same":1,"id":"hex:3543:24456"},"type":"Feature"},{"geometry":{"coordinates":[[[-122.63931,38.27296],[-122.63988,38.27375],[-122.64102,38.27375],[-122.6416,38.27297],[-122.64103,38.27219],[-122.63988,38.27219],[-122.63931,38.27296]]],"type":"Polygon"},"properties":{"bbox":{"roads":{"area":2113.13,"pct":8.13},"sidewalks":{"area":760.96,"pct":2.93}},"city_same":1,"id":"hex:3543:24457"},"type":"Feature"},{"geometry":{"coordinates":[[[-122.6393,38.27453],[-122.63988,38.27375],[-122.64102,38.27375],[-122.64159,38.27453],[-122.64101,38.27531],[-122.64022,38.27531],[-122.63963,38.27498],[-122.6393,38.27453]]],"type":"Polygon"},"properties":{"bbox":{"roads":{"area":175.88,"pct":0.69}},"city_same":1,"id":"hex:3543:24458"},"type":"Feature"},{"geometry":{"coordinates":[[[-122.63959,38.21521],[-122.64016,38.21599],[-122.63959,38.21677],[-122.63844,38.21677],[-122.63788,38.21598],[-122.63835,38.21534],[-122.6386,38.21534],[-122.63901,38.21521],[-122.63959,38.21521]]],"type":"Polygon"},"properties":{"bbox":{"roads":{"area":127.21,"pct":0.5}},"city_same":1,"id":"hex:3544:24421"},"type":"Feature"},{"geometry":{"coordinates":[[[-122.63787,38.21754],[-122.63844,38.21833],[-122.63958,38.21833],[-122.64015,38.21755],[-122.63959,38.21677],[-122.63844,38.21677],[-122.63787,38.21754]]],"type":"Polygon"},"properties":{"bbox":{"roads":{"area":1774.38,"pct":6.83}},"city_same":1,"id":"hex:3544:24422"},"type":"Feature"},{"geometry":{"coordinates":[[[-122.63786,38.21911],[-122.63843,38.21989],[-122.63957,38.21989],[-122.64015,38.21911],[-122.63958,38.21833],[-122.63844,38.21833],[-122.63786,38.21911]]],"type":"Polygon"},"properties":{"bbox":{"roads":{"area":1853,"pct":7.13}},"city_same":1,"id":"hex:3544:24423"},"type":"Feature"},{"geometry":{"coordinates":[[[-122.63785,38.22067],[-122.63842,38.22145],[-122.63956,38.22145],[-122.64014,38.22067],[-122.63957,38.21989],[-122.63843,38.21989],[-122.63785,38.22067]]],"type":"Polygon"},"properties":{"bbox":{"roads":{"area":377.29,"pct":1.45}},"city_same":1,"id":"hex:3544:24424"},"type":"Feature"},{"geometry":{"coordinates":[[[-122.63785,38.22223],[-122.63841,38.22301],[-122.63956,38.22301],[-122.64013,38.22223],[-122.63956,38.22145],[-122.63842,38.22145],[-122.63785,38.22223]]],"type":"Polygon"},"properties":{"bbox":{"roads":{"area":1936.04,"pct":7.45},"sidewalks":{"area":476.81,"pct":1.84}},"city_same":1,"id":"hex:3544:24425"},"type":"Feature"},{"geometry":{"coordinates":[[[-122.63784,38.22379],[-122.63841,38.22457],[-122.63955,38.22457],[-122.64012,38.2238],[-122.63956,38.22301],[-122.63841,38.22301],[-122.63784,38.22379]]],"type":"Polygon"},"properties":{"bbox":{"roads":{"area":2503.43,"pct":9.64},"sidewalks":{"area":799.55,"pct":3.08}},"city_same":1,"id":"hex:3544:24426"},"type":"Feature"},{"geometry":{"coordinates":[[[-122.63783,38.22535],[-122.6384,38.22613],[-122.63954,38.22614],[-122.64012,38.22536],[-122.63955,38.22457],[-122.63841,38.22457],[-122.63783,38.22535]]],"type":"Polygon"},"properties":{"bbox":{"roads":{"area":1736.06,"pct":6.68},"sidewalks":{"area":796.71,"pct":3.07}},"city_same":1,"id":"hex:3544:24427"},"type":"Feature"},{"geometry":{"coordinates":[[[-122.63782,38.22691],[-122.63839,38.22769],[-122.63953,38.2277],[-122.64011,38.22692],[-122.63954,38.22614],[-122.6384,38.22613],[-122.63782,38.22691]]],"type":"Polygon"},"properties":{"bbox":{"roads":{"area":2285.27,"pct":8.8},"sidewalks":{"area":1054.24,"pct":4.06}},"city_same":1,"id":"hex:3544:24428"},"type":"Feature"},{"geometry":{"coordinates":[[[-122.63782,38.22847],[-122.63838,38.22925],[-122.63953,38.22926],[-122.6401,38.22848],[-122.63953,38.2277],[-122.63839,38.22769],[-122.63782,38.22847]]],"type":"Polygon"},"properties":{"bbox":{"roads":{"area":2686.56,"pct":10.34},"sidewalks":{"area":994.72,"pct":3.83}},"city_same":1,"id":"hex:3544:24429"},"type":"Feature"},{"geometry":{"coordinates":[[[-122.63781,38.23003],[-122.63837,38.23081],[-122.63952,38.23082],[-122.64009,38.23004],[-122.63953,38.22926],[-122.63838,38.22925],[-122.63781,38.23003]]],"type":"Polygon"},"properties":{"bbox":{"roads":{"area":3059.97,"pct":11.78},"sidewalks":{"area":1130.06,"pct":4.35}},"city_same":1,"id":"hex:3544:24430"},"type":"Feature"},{"geometry":{"coordinates":[[[-122.6378,38.23159],[-122.63837,38.23238],[-122.63951,38.23238],[-122.64008,38.2316],[-122.63952,38.23082],[-122.63837,38.23081],[-122.6378,38.23159]]],"type":"Polygon"},"properties":{"bbox":{"roads":{"area":3029.05,"pct":11.66},"sidewalks":{"area":1044.98,"pct":4.02}},"city_same":1,"id":"hex:3544:24431"},"type":"Feature"},{"geometry":{"coordinates":[[[-122.63779,38.23315],[-122.63836,38.23394],[-122.6395,38.23394],[-122.64008,38.23316],[-122.63951,38.23238],[-122.63837,38.23238],[-122.63779,38.23315]]],"type":"Polygon"},"properties":{"bbox":{"parking":{"area":1790.84,"pct":6.89},"roads":{"area":4514.13,"pct":17.37},"sidewalks":{"area":1304.78,"pct":5.02}},"city":{"parking":{"area":1790.84,"pct":6.89},"roads":{"area":2956.32,"pct":11.38},"sidewalks":{"area":1304.78,"pct":5.02}},"id":"hex:3544:24432"},"type":"Feature"},{"geometry":{"coordinates":[[[[-122.63949,38.2355],[-122.63838,38.2355],[-122.63844,38.23542],[-122.63841,38.2353],[-122.63838,38.23518],[-122.63825,38.23483],[-122.63829,38.2348],[-122.63833,38.23477],[-122.63874,38.23468],[-122.63903,38.23464],[-122.63933,38.23459],[-122.63938,38.2346],[-122.63973,38.23518],[-122.63949,38.2355]]],[[[-122.63836,38.23394],[-122.6395,38.23394],[-122.64007,38.23472],[-122.63996,38.23488],[-122.6398,38.23454],[-122.63978,38.23454],[-122.63975,38.23447],[-122.63972,38.23448],[-122.63964,38.23435],[-122.63941,38.23427],[-122.6392,38.23427],[-122.63858,38.23434],[-122.638,38.23444],[-122.63798,38.23446],[-122.63836,38.23394]]]],"type":"MultiPolygon"},"properties":{"bbox":{"parking":{"area":3321.07,"pct":20.54},"roads":{"area":1022.49,"pct":6.32},"sidewalks":{"area":113.72,"pct":0.7}},"city_same":1,"id":"hex:3544:24433"},"type":"Feature"},{"geometry":{"coordinates":[[[-122.63949,38.2355],[-122.64006,38.23628],[-122.63949,38.23706],[-122.63834,38.23706],[-122.63778,38.23628],[-122.6382,38.23571],[-122.63829,38.23568],[-122.6383,38.23565],[-122.63829,38.2356],[-122.6383,38.23557],[-122.63831,38.23556],[-122.63837,38.23552],[-122.63838,38.2355],[-122.63949,38.2355]]],"type":"Polygon"},"properties":{"bbox":{"parking":{"area":8231.07,"pct":31.76},"roads":{"area":5628.97,"pct":21.72},"sidewalks":{"area":489.05,"pct":1.89}},"city_same":1,"id":"hex:3544:24434"},"type":"Feature"},{"geometry":{"coordinates":[[[-122.63777,38.23784],[-122.63834,38.23862],[-122.63948,38.23862],[-122.64005,38.23784],[-122.63949,38.23706],[-122.63834,38.23706],[-122.63777,38.23784]]],"type":"Polygon"},"properties":{"bbox":{"roads":{"area":3140.23,"pct":12.09}},"city_same":1,"id":"hex:3544:24435"},"type":"Feature"},{"geometry":{"coordinates":[[[-122.63776,38.2394],[-122.63833,38.24018],[-122.63947,38.24018],[-122.64005,38.23941],[-122.63948,38.23862],[-122.63834,38.23862],[-122.63776,38.2394]]],"type":"Polygon"},"properties":{"bbox":{"roads":{"area":2749.05,"pct":10.58},"sidewalks":{"area":239.08,"pct":0.92}},"city":{"roads":{"area":1394.12,"pct":5.37},"sidewalks":{"area":239.08,"pct":0.92}},"id":"hex:3544:24436"},"type":"Feature"},{"geometry":{"coordinates":[[[[-122.63832,38.24174],[-122.63775,38.24096],[-122.63833,38.24018],[-122.63947,38.24018],[-122.63979,38.24063],[-122.63973,38.24075],[-122.63926,38.24142],[-122.63921,38.24174],[-122.63832,38.24174]]],[[[-122.64004,38.24097],[-122.63949,38.24171],[-122.6395,38.24148],[-122.63996,38.24086],[-122.64004,38.24097]]]],"type":"MultiPolygon"},"properties":{"bbox":{"roads":{"area":1746.15,"pct":7.52}},"city_same":1,"id":"hex:3544:24437"},"type":"Feature"},{"geometry":{"coordinates":[[[[-122.63831,38.2433],[-122.63775,38.24252],[-122.63832,38.24174],[-122.63921,38.24174],[-122.6391,38.24245],[-122.63891,38.24305],[-122.63884,38.2433],[-122.63831,38.2433]]],[[[-122.64003,38.24253],[-122.63946,38.24331],[-122.63909,38.24331],[-122.63918,38.24304],[-122.63935,38.2424],[-122.63948,38.24191],[-122.63949,38.24178],[-122.64003,38.24253]]]],"type":"MultiPolygon"},"properties":{"bbox":{"roads":{"area":1531.44,"pct":6.95}},"city_same":1,"id":"hex:3544:24438"},"type":"Feature"},{"geometry":{"coordinates":[[[[-122.63831,38.24486],[-122.63774,38.24408],[-122.63831,38.2433],[-122.63884,38.2433],[-122.63868,38.24384],[-122.63869,38.24404],[-122.63881,38.24456],[-122.63876,38.24479],[-122.63871,38.24486],[-122.63831,38.24486]]],[[[-122.63946,38.24331],[-122.64002,38.24409],[-122.63945,38.24487],[-122.63893,38.24487],[-122.63895,38.24477],[-122.63901,38.24455],[-122.6389,38.24408],[-122.63891,38.24389],[-122.63909,38.24331],[-122.63946,38.24331]]]],"type":"MultiPolygon"},"properties":{"bbox":{"roads":{"area":1863.59,"pct":8.23},"sidewalks":{"area":318.24,"pct":1.4}},"city_same":1,"id":"hex:3544:24439"},"type":"Feature"},{"geometry":{"coordinates":[[[[-122.63773,38.24564],[-122.63831,38.24486],[-122.63871,38.24486],[-122.63851,38.24515],[-122.63833,38.24545],[-122.63815,38.24553],[-122.63805,38.24564],[-122.63806,38.2457],[-122.63804,38.24577],[-122.63797,38.24597],[-122.63773,38.24564]]],[[[-122.63945,38.24487],[-122.64002,38.24565],[-122.63944,38.24643],[-122.6383,38.24642],[-122.63815,38.24622],[-122.63832,38.24588],[-122.63844,38.24561],[-122.63889,38.24501],[-122.63893,38.24487],[-122.63945,38.24487]]]],"type":"MultiPolygon"},"properties":{"bbox":{"roads":{"area":2302.86,"pct":10.23},"sidewalks":{"area":367.75,"pct":1.63}},"city":{"roads":{"area":1094.86,"pct":4.86},"sidewalks":{"area":367.75,"pct":1.63}},"id":"hex:3544:24440"},"type":"Feature"},{"geometry":{"coordinates":[[[-122.63772,38.2472],[-122.63829,38.24799],[-122.63943,38.24799],[-122.64001,38.24721],[-122.63944,38.24643],[-122.6383,38.24642],[-122.63772,38.2472]]],"type":"Polygon"},"properties":{"bbox":{"roads":{"area":2114.91,"pct":8.14}},"city_same":1,"id":"hex:3544:24441"},"type":"Feature"},{"geometry":{"coordinates":[[[[-122.63828,38.24955],[-122.63771,38.24876],[-122.63805,38.24831],[-122.6383,38.24841],[-122.63856,38.24885],[-122.63865,38.24899],[-122.6388,38.24916],[-122.63915,38.24928],[-122.63942,38.24955],[-122.63828,38.24955]]],[[[-122.63829,38.24799],[-122.63943,38.24799],[-122.64,38.24877],[-122.63953,38.24941],[-122.63941,38.24925],[-122.63919,38.24913],[-122.63884,38.24902],[-122.63873,38.2489],[-122.63862,38.24859],[-122.6384,38.24826],[-122.63817,38.24815],[-122.63829,38.24799]]]],"type":"MultiPolygon"},"properties":{"bbox":{"roads":{"area":910.89,"pct":3.97}},"city_same":1,"id":"hex:3544:24442"},"type":"Feature"},{"geometry":{"coordinates":[[[-122.6377,38.25189],[-122.63827,38.25267],[-122.63941,38.25267],[-122.63998,38.25189],[-122.63942,38.25111],[-122.63827,38.25111],[-122.6377,38.25189]]],"type":"Polygon"},"properties":{"bbox":{"roads":{"area":2066.78,"pct":7.96}},"id":"hex:3544:24444"},"type":"Feature"},{"geometry":{"coordinates":[[[-122.63769,38.25345],[-122.63826,38.25423],[-122.6394,38.25423],[-122.63998,38.25345],[-122.63941,38.25267],[-122.63827,38.25267],[-122.63769,38.25345]]],"type":"Polygon"},"properties":{"bbox":{"parking":{"area":93.38,"pct":0.36},"roads":{"area":2129.04,"pct":8.19}},"city":{"parking":{"area":93.38,"pct":0.36},"roads":{"area":668.08,"pct":2.57}},"id":"hex:3544:24445"},"type":"Feature"},{"geometry":{"coordinates":[[[-122.63768,38.25501],[-122.63825,38.25579],[-122.63939,38.25579],[-122.63997,38.25502],[-122.6394,38.25423],[-122.63826,38.25423],[-122.63768,38.25501]]],"type":"Polygon"},"properties":{"bbox":{"roads":{"area":2566.15,"pct":9.88},"sidewalks":{"area":56.53,"pct":0.22}},"city_same":1,"id":"hex:3544:24446"},"type":"Feature"},{"geometry":{"coordinates":[[[-122.63768,38.25657],[-122.63824,38.25735],[-122.63939,38.25736],[-122.63996,38.25658],[-122.63939,38.25579],[-122.63825,38.25579],[-122.63768,38.25657]]],"type":"Polygon"},"properties":{"bbox":{"roads":{"area":5669.88,"pct":21.82},"sidewalks":{"area":283.13,"pct":1.09}},"city":{"roads":{"area":3167.2,"pct":12.19},"sidewalks":{"area":283.13,"pct":1.09}},"id":"hex:3544:24447"},"type":"Feature"},{"geometry":{"coordinates":[[[-122.63767,38.25813],[-122.63824,38.25891],[-122.63938,38.25892],[-122.63995,38.25814],[-122.63939,38.25736],[-122.63824,38.25735],[-122.63767,38.25813]]],"type":"Polygon"},"properties":{"bbox":{"roads":{"area":1568.03,"pct":6.04}},"city_same":1,"id":"hex:3544:24448"},"type":"Feature"},{"geometry":{"coordinates":[[[-122.63766,38.25969],[-122.63823,38.26047],[-122.63937,38.26048],[-122.63995,38.2597],[-122.63938,38.25892],[-122.63824,38.25891],[-122.63766,38.25969]]],"type":"Polygon"},"properties":{"bbox":{"roads":{"area":2475.48,"pct":9.53}},"city_same":1,"id":"hex:3544:24449"},"type":"Feature"},{"geometry":{"coordinates":[[[-122.63765,38.26125],[-122.63822,38.26203],[-122.63936,38.26204],[-122.63994,38.26126],[-122.63937,38.26048],[-122.63823,38.26047],[-122.63765,38.26125]]],"type":"Polygon"},"properties":{"bbox":{"roads":{"area":2302.83,"pct":8.86}},"city_same":1,"id":"hex:3544:24450"},"type":"Feature"},{"geometry":{"coordinates":[[[-122.63764,38.26281],[-122.63821,38.2636],[-122.63936,38.2636],[-122.63993,38.26282],[-122.63936,38.26204],[-122.63822,38.26203],[-122.63764,38.26281]]],"type":"Polygon"},"properties":{"bbox":{"roads":{"area":2774.9,"pct":10.68}},"city_same":1,"id":"hex:3544:24451"},"type":"Feature"},{"geometry":{"coordinates":[[[-122.63764,38.26437],[-122.6382,38.26516],[-122.63935,38.26516],[-122.63992,38.26438],[-122.63936,38.2636],[-122.63821,38.2636],[-122.63764,38.26437]]],"type":"Polygon"},"properties":{"bbox":{"parking":{"area":1016.73,"pct":3.91},"roads":{"area":2003.02,"pct":7.71}},"city_same":1,"id":"hex:3544:24452"},"type":"Feature"},{"geometry":{"coordinates":[[[-122.63763,38.26594],[-122.6382,38.26672],[-122.63934,38.26672],[-122.63992,38.26594],[-122.63935,38.26516],[-122.6382,38.26516],[-122.63763,38.26594]]],"type":"Polygon"},"properties":{"bbox":{"roads":{"area":1827.08,"pct":7.03}},"city_same":1,"id":"hex:3544:24453"},"type":"Feature"},{"geometry":{"coordinates":[[[-122.63762,38.2675],[-122.63819,38.26828],[-122.63933,38.26828],[-122.63991,38.2675],[-122.63934,38.26672],[-122.6382,38.26672],[-122.63762,38.2675]]],"type":"Polygon"},"properties":{"bbox":{"roads":{"area":4725.35,"pct":18.19},"sidewalks":{"area":531.29,"pct":2.04}},"city":{"roads":{"area":1997.43,"pct":7.69},"sidewalks":{"area":531.29,"pct":2.04}},"id":"hex:3544:24454"},"type":"Feature"},{"geometry":{"coordinates":[[[-122.63761,38.26906],[-122.63818,38.26984],[-122.63932,38.26984],[-122.6399,38.26906],[-122.63933,38.26828],[-122.63819,38.26828],[-122.63761,38.26906]]],"type":"Polygon"},"properties":{"bbox":{"roads":{"area":2508.16,"pct":9.65},"sidewalks":{"area":249.23,"pct":0.96}},"city_same":1,"id":"hex:3544:24455"},"type":"Feature"},{"geometry":{"coordinates":[[[-122.63761,38.27062],[-122.63817,38.2714],[-122.63932,38.2714],[-122.63989,38.27063],[-122.63932,38.26984],[-122.63818,38.26984],[-122.63761,38.27062]]],"type":"Polygon"},"properties":{"bbox":{"roads":{"area":3766.42,"pct":14.5},"sidewalks":{"area":835.95,"pct":3.22}},"city_same":1,"id":"hex:3544:24456"},"type":"Feature"},{"geometry":{"coordinates":[[[-122.6376,38.27218],[-122.63817,38.27296],[-122.63931,38.27296],[-122.63988,38.27219],[-122.63932,38.2714],[-122.63817,38.2714],[-122.6376,38.27218]]],"type":"Polygon"},"properties":{"bbox":{"roads":{"area":2530.47,"pct":9.74},"sidewalks":{"area":277.67,"pct":1.07}},"city_same":1,"id":"hex:3544:24457"},"type":"Feature"},{"geometry":{"coordinates":[[[-122.63759,38.27374],[-122.63817,38.27296],[-122.63931,38.27296],[-122.63988,38.27375],[-122.6393,38.27453],[-122.63883,38.27452],[-122.63865,38.27442],[-122.63778,38.27392],[-122.63768,38.27387],[-122.63759,38.27374]]],"type":"Polygon"},"properties":{"bbox":{"roads":{"area":1806.88,"pct":7.58},"sidewalks":{"area":305.96,"pct":1.28}},"city_same":1,"id":"hex:3544:24458"},"type":"Feature"},{"geometry":{"coordinates":[[[-122.63676,38.2113],[-122.63619,38.21051],[-122.63677,38.20974],[-122.63716,38.20974],[-122.63715,38.21066],[-122.63716,38.2113],[-122.63676,38.2113]]],"type":"Polygon"},"properties":{"bbox":{"roads":{"area":59.65,"pct":0.58}},"city_same":1,"id":"hex:3545:24417"},"type":"Feature"},{"geometry":{"coordinates":[[[-122.63674,38.21442],[-122.63666,38.2143],[-122.63723,38.2143],[-122.63724,38.21441],[-122.63724,38.21442],[-122.63674,38.21442]]],"type":"Polygon"},"properties":{"bbox":{"roads":{"area":48.38,"pct":7.77}},"city_same":1,"id":"hex:3545:24419"},"type":"Feature"},{"geometry":{"coordinates":[[[-122.63788,38.21598],[-122.63673,38.21598],[-122.63617,38.2152],[-122.63674,38.21442],[-122.63724,38.21442],[-122.63721,38.21487],[-122.63723,38.21496],[-122.63743,38.21483],[-122.63744,38.21492],[-122.63743,38.21533],[-122.63835,38.21534],[-122.63788,38.21598]]],"type":"Polygon"},"properties":{"bbox":{"roads":{"area":679.82,"pct":3.73}},"city_same":1,"id":"hex:3545:24420"},"type":"Feature"},{"geometry":{"coordinates":[[[-122.63616,38.21676],[-122.63673,38.21754],[-122.63787,38.21754],[-122.63844,38.21677],[-122.63788,38.21598],[-122.63673,38.21598],[-122.63616,38.21676]]],"type":"Polygon"},"properties":{"bbox":{"roads":{"area":1253.14,"pct":4.82}},"city_same":1,"id":"hex:3545:24421"},"type":"Feature"},{"geometry":{"coordinates":[[[-122.63615,38.21832],[-122.63672,38.2191],[-122.63786,38.21911],[-122.63844,38.21833],[-122.63787,38.21754],[-122.63673,38.21754],[-122.63615,38.21832]]],"type":"Polygon"},"properties":{"bbox":{"roads":{"area":2289.38,"pct":8.81}},"city_same":1,"id":"hex:3545:24422"},"type":"Feature"},{"geometry":{"coordinates":[[[-122.63614,38.21988],[-122.63671,38.22066],[-122.63785,38.22067],[-122.63843,38.21989],[-122.63786,38.21911],[-122.63672,38.2191],[-122.63614,38.21988]]],"type":"Polygon"},"properties":{"bbox":{"roads":{"area":999.52,"pct":3.85}},"city_same":1,"id":"hex:3545:24423"},"type":"Feature"},{"geometry":{"coordinates":[[[-122.63614,38.22144],[-122.6367,38.22222],[-122.63785,38.22223],[-122.63842,38.22145],[-122.63785,38.22067],[-122.63671,38.22066],[-122.63614,38.22144]]],"type":"Polygon"},"properties":{"bbox":{"roads":{"area":1471.5,"pct":5.66}},"city_same":1,"id":"hex:3545:24424"},"type":"Feature"},{"geometry":{"coordinates":[[[-122.63613,38.223],[-122.6367,38.22379],[-122.63784,38.22379],[-122.63841,38.22301],[-122.63785,38.22223],[-122.6367,38.22222],[-122.63613,38.223]]],"type":"Polygon"},"properties":{"bbox":{"roads":{"area":2731.42,"pct":10.51},"sidewalks":{"area":855.76,"pct":3.29}},"city_same":1,"id":"hex:3545:24425"},"type":"Feature"},{"geometry":{"coordinates":[[[-122.63612,38.22456],[-122.63669,38.22535],[-122.63783,38.22535],[-122.63841,38.22457],[-122.63784,38.22379],[-122.6367,38.22379],[-122.63612,38.22456]]],"type":"Polygon"},"properties":{"bbox":{"roads":{"area":1661.94,"pct":6.4},"sidewalks":{"area":544.54,"pct":2.1}},"city_same":1,"id":"hex:3545:24426"},"type":"Feature"},{"geometry":{"coordinates":[[[-122.63611,38.22612],[-122.63668,38.22691],[-122.63782,38.22691],[-122.6384,38.22613],[-122.63783,38.22535],[-122.63669,38.22535],[-122.63611,38.22612]]],"type":"Polygon"},"properties":{"bbox":{"roads":{"area":2314.12,"pct":8.91},"sidewalks":{"area":943.9,"pct":3.63}},"city_same":1,"id":"hex:3545:24427"},"type":"Feature"},{"geometry":{"coordinates":[[[-122.63611,38.22769],[-122.63667,38.22847],[-122.63782,38.22847],[-122.63839,38.22769],[-122.63782,38.22691],[-122.63668,38.22691],[-122.63611,38.22769]]],"type":"Polygon"},"properties":{"bbox":{"roads":{"area":2672.4,"pct":10.29},"sidewalks":{"area":432.62,"pct":1.67}},"city_same":1,"id":"hex:3545:24428"},"type":"Feature"},{"geometry":{"coordinates":[[[-122.6361,38.22925],[-122.63666,38.23003],[-122.63781,38.23003],[-122.63838,38.22925],[-122.63782,38.22847],[-122.63667,38.22847],[-122.6361,38.22925]]],"type":"Polygon"},"properties":{"bbox":{"roads":{"area":2215.99,"pct":8.53},"sidewalks":{"area":506.44,"pct":1.95}},"city_same":1,"id":"hex:3545:24429"},"type":"Feature"},{"geometry":{"coordinates":[[[-122.63609,38.23081],[-122.63666,38.23159],[-122.6378,38.23159],[-122.63837,38.23081],[-122.63781,38.23003],[-122.63666,38.23003],[-122.63609,38.23081]]],"type":"Polygon"},"properties":{"bbox":{"roads":{"area":2402.13,"pct":9.25},"sidewalks":{"area":936.4,"pct":3.6}},"city_same":1,"id":"hex:3545:24430"},"type":"Feature"},{"geometry":{"coordinates":[[[-122.63608,38.23237],[-122.63665,38.23315],[-122.63779,38.23315],[-122.63837,38.23238],[-122.6378,38.23159],[-122.63666,38.23159],[-122.63608,38.23237]]],"type":"Polygon"},"properties":{"bbox":{"roads":{"area":4356.67,"pct":16.77},"sidewalks":{"area":1362.88,"pct":5.25}},"city":{"roads":{"area":2404,"pct":9.25},"sidewalks":{"area":1362.88,"pct":5.25}},"id":"hex:3545:24431"},"type":"Feature"},{"geometry":{"coordinates":[[[-122.63607,38.23393],[-122.63665,38.23315],[-122.63779,38.23315],[-122.63836,38.23394],[-122.63798,38.23446],[-122.63763,38.23466],[-122.63751,38.23471],[-122.63686,38.23471],[-122.63651,38.23453],[-122.63607,38.23393]]],"type":"Polygon"},"properties":{"bbox":{"roads":{"area":2638.7,"pct":10.36},"sidewalks":{"area":1171.89,"pct":4.6}},"city_same":1,"id":"hex:3545:24432"},"type":"Feature"},{"geometry":{"coordinates":[[[[-122.63778,38.23628],[-122.63663,38.23627],[-122.63607,38.23549],[-122.63647,38.23495],[-122.637,38.23518],[-122.63712,38.23528],[-122.63731,38.23554],[-122.63759,38.23573],[-122.63775,38.2358],[-122.63803,38.23576],[-122.6382,38.23571],[-122.63778,38.23628]]],[[[-122.6383,38.23557],[-122.6383,38.23556],[-122.63831,38.23556],[-122.6383,38.23557]]],[[[-122.63751,38.23471],[-122.63728,38.23483],[-122.63715,38.23483],[-122.63705,38.23481],[-122.63686,38.23471],[-122.63751,38.23471]]]],"type":"MultiPolygon"},"properties":{"bbox":{"roads":{"area":1328.12,"pct":8.81},"sidewalks":{"area":340.32,"pct":2.26}},"city_same":1,"id":"hex:3545:24433"},"type":"Feature"},{"geometry":{"coordinates":[[[-122.63606,38.23705],[-122.63663,38.23783],[-122.63777,38.23784],[-122.63834,38.23706],[-122.63778,38.23628],[-122.63663,38.23627],[-122.63606,38.23705]]],"type":"Polygon"},"properties":{"bbox":{"parking":{"area":1245.44,"pct":4.79},"roads":{"area":4538.54,"pct":17.47},"sidewalks":{"area":783.16,"pct":3.01}},"city_same":1,"id":"hex:3545:24434"},"type":"Feature"},{"geometry":{"coordinates":[[[-122.63605,38.23861],[-122.63662,38.2394],[-122.63776,38.2394],[-122.63834,38.23862],[-122.63777,38.23784],[-122.63663,38.23783],[-122.63605,38.23861]]],"type":"Polygon"},"properties":{"bbox":{"parking":{"area":5821.64,"pct":22.41},"roads":{"area":2832.18,"pct":10.9},"sidewalks":{"area":260.78,"pct":1}},"city":{"parking":{"area":5821.64,"pct":22.41},"roads":{"area":1468.59,"pct":5.65},"sidewalks":{"area":260.78,"pct":1}},"id":"hex:3545:24435"},"type":"Feature"},{"geometry":{"coordinates":[[[-122.63604,38.24017],[-122.63661,38.24096],[-122.63775,38.24096],[-122.63833,38.24018],[-122.63776,38.2394],[-122.63662,38.2394],[-122.63604,38.24017]]],"type":"Polygon"},"properties":{"bbox":{"roads":{"area":1278.75,"pct":4.92}},"city_same":1,"id":"hex:3545:24436"},"type":"Feature"},{"geometry":{"coordinates":[[[-122.63604,38.24173],[-122.6366,38.24252],[-122.63775,38.24252],[-122.63832,38.24174],[-122.63775,38.24096],[-122.63661,38.24096],[-122.63604,38.24173]]],"type":"Polygon"},"properties":{"bbox":{"roads":{"area":2591.01,"pct":9.97}},"city_same":1,"id":"hex:3545:24437"},"type":"Feature"},{"geometry":{"coordinates":[[[-122.63603,38.2433],[-122.63659,38.24408],[-122.63774,38.24408],[-122.63831,38.2433],[-122.63775,38.24252],[-122.6366,38.24252],[-122.63603,38.2433]]],"type":"Polygon"},"properties":{"bbox":{"roads":{"area":1716.49,"pct":6.61},"sidewalks":{"area":165.83,"pct":0.64}},"city_same":1,"id":"hex:3545:24438"},"type":"Feature"},{"geometry":{"coordinates":[[[-122.63602,38.24486],[-122.63659,38.24564],[-122.63773,38.24564],[-122.63831,38.24486],[-122.63774,38.24408],[-122.63659,38.24408],[-122.63602,38.24486]]],"type":"Polygon"},"properties":{"bbox":{"roads":{"area":2143.15,"pct":8.25},"sidewalks":{"area":617.31,"pct":2.38}},"city":{"roads":{"area":752.97,"pct":2.9},"sidewalks":{"area":617.31,"pct":2.38}},"id":"hex:3545:24439"},"type":"Feature"},{"geometry":{"coordinates":[[[[-122.63658,38.2472],[-122.63601,38.24642],[-122.63659,38.24564],[-122.63773,38.24564],[-122.63797,38.24597],[-122.63793,38.24606],[-122.63743,38.24717],[-122.63742,38.2472],[-122.63658,38.2472]]],[[[-122.6383,38.24642],[-122.63772,38.2472],[-122.63769,38.2472],[-122.63771,38.24709],[-122.63815,38.24622],[-122.6383,38.24642]]]],"type":"MultiPolygon"},"properties":{"bbox":{"roads":{"area":1859.94,"pct":8.05}},"city_same":1,"id":"hex:3545:24440"},"type":"Feature"},{"geometry":{"coordinates":[[[[-122.63771,38.24876],[-122.63657,38.24876],[-122.636,38.24798],[-122.63658,38.2472],[-122.63742,38.2472],[-122.63733,38.24756],[-122.63737,38.2477],[-122.63752,38.248],[-122.63783,38.24823],[-122.63805,38.24831],[-122.63771,38.24876]]],[[[-122.63772,38.2472],[-122.63829,38.24799],[-122.63817,38.24815],[-122.63814,38.24814],[-122.638,38.24814],[-122.63795,38.24806],[-122.6377,38.24789],[-122.63762,38.24773],[-122.63765,38.24742],[-122.63769,38.2472],[-122.63772,38.2472]]]],"type":"MultiPolygon"},"properties":{"bbox":{"roads":{"area":50.38,"pct":0.22}},"city_same":1,"id":"hex:3545:24441"},"type":"Feature"},{"geometry":{"coordinates":[[[-122.63599,38.2511],[-122.63656,38.25188],[-122.6377,38.25189],[-122.63827,38.25111],[-122.63771,38.25033],[-122.63656,38.25032],[-122.63599,38.2511]]],"type":"Polygon"},"properties":{"bbox":{"roads":{"area":2670.82,"pct":10.28}},"city":{"roads":{"area":126.46,"pct":0.49}},"id":"hex:3545:24443"},"type":"Feature"},{"geometry":{"coordinates":[[[-122.63598,38.25266],[-122.63655,38.25344],[-122.63769,38.25345],[-122.63827,38.25267],[-122.6377,38.25189],[-122.63656,38.25188],[-122.63598,38.25266]]],"type":"Polygon"},"properties":{"bbox":{"parking":{"area":1815.29,"pct":6.99},"roads":{"area":3898.13,"pct":15}},"city":{"parking":{"area":1815.29,"pct":6.99},"roads":{"area":3015.45,"pct":11.61}},"id":"hex:3545:24444"},"type":"Feature"},{"geometry":{"coordinates":[[[-122.63597,38.25422],[-122.63654,38.255],[-122.63768,38.25501],[-122.63826,38.25423],[-122.63769,38.25345],[-122.63655,38.25344],[-122.63597,38.25422]]],"type":"Polygon"},"properties":{"bbox":{"parking":{"area":18409.84,"pct":70.86},"roads":{"area":3618.37,"pct":13.93}},"city_same":1,"id":"hex:3545:24445"},"type":"Feature"},{"geometry":{"coordinates":[[[-122.63597,38.25578],[-122.63653,38.25657],[-122.63768,38.25657],[-122.63825,38.25579],[-122.63768,38.25501],[-122.63654,38.255],[-122.63597,38.25578]]],"type":"Polygon"},"properties":{"bbox":{"parking":{"area":0.74,"pct":0},"roads":{"area":3082.62,"pct":11.86},"sidewalks":{"area":523.82,"pct":2.02}},"city":{"parking":{"area":0.74,"pct":0},"roads":{"area":1045.94,"pct":4.03},"sidewalks":{"area":523.82,"pct":2.02}},"id":"hex:3545:24446"},"type":"Feature"},{"geometry":{"coordinates":[[[-122.63596,38.25734],[-122.63653,38.25813],[-122.63767,38.25813],[-122.63824,38.25735],[-122.63768,38.25657],[-122.63653,38.25657],[-122.63596,38.25734]]],"type":"Polygon"},"properties":{"bbox":{"roads":{"area":3868.91,"pct":14.89}},"city_same":1,"id":"hex:3545:24447"},"type":"Feature"},{"geometry":{"coordinates":[[[-122.63595,38.25891],[-122.63652,38.25969],[-122.63766,38.25969],[-122.63824,38.25891],[-122.63767,38.25813],[-122.63653,38.25813],[-122.63595,38.25891]]],"type":"Polygon"},"properties":{"bbox":{"roads":{"area":2634.4,"pct":10.14}},"city_same":1,"id":"hex:3545:24448"},"type":"Feature"},{"geometry":{"coordinates":[[[-122.63594,38.26047],[-122.63651,38.26125],[-122.63765,38.26125],[-122.63823,38.26047],[-122.63766,38.25969],[-122.63652,38.25969],[-122.63594,38.26047]]],"type":"Polygon"},"properties":{"bbox":{"roads":{"area":1848.85,"pct":7.12}},"city_same":1,"id":"hex:3545:24449"},"type":"Feature"},{"geometry":{"coordinates":[[[-122.63593,38.26203],[-122.6365,38.26281],[-122.63764,38.26281],[-122.63822,38.26203],[-122.63765,38.26125],[-122.63651,38.26125],[-122.63593,38.26203]]],"type":"Polygon"},"properties":{"bbox":{"roads":{"area":2914.46,"pct":11.22}},"city_same":1,"id":"hex:3545:24450"},"type":"Feature"},{"geometry":{"coordinates":[[[-122.63593,38.26359],[-122.63649,38.26437],[-122.63764,38.26437],[-122.63821,38.2636],[-122.63764,38.26281],[-122.6365,38.26281],[-122.63593,38.26359]]],"type":"Polygon"},"properties":{"bbox":{"parking":{"area":285.99,"pct":1.1},"roads":{"area":2346.85,"pct":9.03}},"city_same":1,"id":"hex:3545:24451"},"type":"Feature"},{"geometry":{"coordinates":[[[-122.63592,38.26515],[-122.63649,38.26593],[-122.63763,38.26594],[-122.6382,38.26516],[-122.63764,38.26437],[-122.63649,38.26437],[-122.63592,38.26515]]],"type":"Polygon"},"properties":{"bbox":{"roads":{"area":2471.69,"pct":9.51}},"city_same":1,"id":"hex:3545:24452"},"type":"Feature"},{"geometry":{"coordinates":[[[-122.63591,38.26671],[-122.63648,38.26749],[-122.63762,38.2675],[-122.6382,38.26672],[-122.63763,38.26594],[-122.63649,38.26593],[-122.63591,38.26671]]],"type":"Polygon"},"properties":{"bbox":{"roads":{"area":4418.88,"pct":17.01},"sidewalks":{"area":578.58,"pct":2.23}},"city":{"roads":{"area":1677.67,"pct":6.46},"sidewalks":{"area":578.58,"pct":2.23}},"id":"hex:3545:24453"},"type":"Feature"},{"geometry":{"coordinates":[[[-122.6359,38.26827],[-122.63647,38.26905],[-122.63761,38.26906],[-122.63819,38.26828],[-122.63762,38.2675],[-122.63648,38.26749],[-122.6359,38.26827]]],"type":"Polygon"},"properties":{"bbox":{"roads":{"area":1159.68,"pct":4.46},"sidewalks":{"area":28.71,"pct":0.11}},"city_same":1,"id":"hex:3545:24454"},"type":"Feature"},{"geometry":{"coordinates":[[[-122.6359,38.26983],[-122.63646,38.27061],[-122.63761,38.27062],[-122.63818,38.26984],[-122.63761,38.26906],[-122.63647,38.26905],[-122.6359,38.26983]]],"type":"Polygon"},"properties":{"bbox":{"roads":{"area":3474.54,"pct":13.37},"sidewalks":{"area":476.87,"pct":1.84}},"city_same":1,"id":"hex:3545:24455"},"type":"Feature"},{"geometry":{"coordinates":[[[-122.63589,38.27139],[-122.63646,38.27218],[-122.6376,38.27218],[-122.63817,38.2714],[-122.63761,38.27062],[-122.63646,38.27061],[-122.63589,38.27139]]],"type":"Polygon"},"properties":{"bbox":{"roads":{"area":3254.17,"pct":12.53},"sidewalks":{"area":846.36,"pct":3.26}},"city_same":1,"id":"hex:3545:24456"},"type":"Feature"},{"geometry":{"coordinates":[[[-122.63646,38.27218],[-122.6376,38.27218],[-122.63817,38.27296],[-122.63759,38.27374],[-122.63746,38.27374],[-122.63594,38.27287],[-122.63646,38.27218]]],"type":"Polygon"},"properties":{"bbox":{"roads":{"area":986.36,"pct":4.63}},"city_same":1,"id":"hex:3545:24457"},"type":"Feature"},{"geometry":{"coordinates":[[[-122.63449,38.20817],[-122.63506,38.20895],[-122.6362,38.20895],[-122.63677,38.20818],[-122.63621,38.20739],[-122.63506,38.20739],[-122.63449,38.20817]]],"type":"Polygon"},"properties":{"bbox":{"roads":{"area":70.28,"pct":0.27}},"city_same":1,"id":"hex:3546:24416"},"type":"Feature"},{"geometry":{"coordinates":[[[-122.63448,38.20973],[-122.63505,38.21051],[-122.63619,38.21051],[-122.63677,38.20974],[-122.6362,38.20895],[-122.63506,38.20895],[-122.63448,38.20973]]],"type":"Polygon"},"properties":{"bbox":{"roads":{"area":1730.69,"pct":6.66}},"city_same":1,"id":"hex:3546:24417"},"type":"Feature"},{"geometry":{"coordinates":[[[-122.63447,38.21129],[-122.63504,38.21207],[-122.63618,38.21208],[-122.63676,38.2113],[-122.63619,38.21051],[-122.63505,38.21051],[-122.63447,38.21129]]],"type":"Polygon"},"properties":{"bbox":{"roads":{"area":1257.01,"pct":4.84}},"city_same":1,"id":"hex:3546:24418"},"type":"Feature"},{"geometry":{"coordinates":[[[-122.63674,38.21442],[-122.63617,38.2152],[-122.63503,38.21519],[-122.63446,38.21441],[-122.63503,38.21363],[-122.63567,38.21364],[-122.6357,38.2143],[-122.6358,38.2143],[-122.63666,38.2143],[-122.63674,38.21442]]],"type":"Polygon"},"properties":{"bbox":{"roads":{"area":1693.27,"pct":7.95}},"city_same":1,"id":"hex:3546:24420"},"type":"Feature"},{"geometry":{"coordinates":[[[-122.63445,38.21597],[-122.63502,38.21676],[-122.63616,38.21676],[-122.63673,38.21598],[-122.63617,38.2152],[-122.63503,38.21519],[-122.63445,38.21597]]],"type":"Polygon"},"properties":{"bbox":{"roads":{"area":2025.88,"pct":7.8}},"city_same":1,"id":"hex:3546:24421"},"type":"Feature"},{"geometry":{"coordinates":[[[-122.63444,38.21753],[-122.63501,38.21832],[-122.63615,38.21832],[-122.63673,38.21754],[-122.63616,38.21676],[-122.63502,38.21676],[-122.63444,38.21753]]],"type":"Polygon"},"properties":{"bbox":{"roads":{"area":2927.41,"pct":11.27}},"city_same":1,"id":"hex:3546:24422"},"type":"Feature"},{"geometry":{"coordinates":[[[-122.63443,38.2191],[-122.635,38.21988],[-122.63614,38.21988],[-122.63672,38.2191],[-122.63615,38.21832],[-122.63501,38.21832],[-122.63443,38.2191]]],"type":"Polygon"},"properties":{"bbox":{"roads":{"area":470.97,"pct":1.81}},"city_same":1,"id":"hex:3546:24423"},"type":"Feature"},{"geometry":{"coordinates":[[[-122.63443,38.22066],[-122.63499,38.22144],[-122.63614,38.22144],[-122.63671,38.22066],[-122.63614,38.21988],[-122.635,38.21988],[-122.63443,38.22066]]],"type":"Polygon"},"properties":{"bbox":{"roads":{"area":1470.38,"pct":5.66}},"city_same":1,"id":"hex:3546:24424"},"type":"Feature"},{"geometry":{"coordinates":[[[-122.63442,38.22222],[-122.63499,38.223],[-122.63613,38.223],[-122.6367,38.22222],[-122.63614,38.22144],[-122.63499,38.22144],[-122.63442,38.22222]]],"type":"Polygon"},"properties":{"bbox":{"roads":{"area":2032.5,"pct":7.82},"sidewalks":{"area":503.81,"pct":1.94}},"city_same":1,"id":"hex:3546:24425"},"type":"Feature"},{"geometry":{"coordinates":[[[-122.63441,38.22378],[-122.63498,38.22456],[-122.63612,38.22456],[-122.6367,38.22379],[-122.63613,38.223],[-122.63499,38.223],[-122.63441,38.22378]]],"type":"Polygon"},"properties":{"bbox":{"roads":{"area":380.59,"pct":1.46},"sidewalks":{"area":250.58,"pct":0.96}},"city_same":1,"id":"hex:3546:24426"},"type":"Feature"},{"geometry":{"coordinates":[[[-122.6344,38.22534],[-122.63497,38.22612],[-122.63611,38.22612],[-122.63669,38.22535],[-122.63612,38.22456],[-122.63498,38.22456],[-122.6344,38.22534]]],"type":"Polygon"},"properties":{"bbox":{"roads":{"area":2883.34,"pct":11.1},"sidewalks":{"area":650.4,"pct":2.5}},"city_same":1,"id":"hex:3546:24427"},"type":"Feature"},{"geometry":{"coordinates":[[[-122.6344,38.2269],[-122.63496,38.22768],[-122.63611,38.22769],[-122.63668,38.22691],[-122.63611,38.22612],[-122.63497,38.22612],[-122.6344,38.2269]]],"type":"Polygon"},"properties":{"bbox":{"roads":{"area":2514.8,"pct":9.68},"sidewalks":{"area":575.37,"pct":2.21}},"city_same":1,"id":"hex:3546:24428"},"type":"Feature"},{"geometry":{"coordinates":[[[-122.63439,38.22846],[-122.63496,38.22924],[-122.6361,38.22925],[-122.63667,38.22847],[-122.63611,38.22769],[-122.63496,38.22768],[-122.63439,38.22846]]],"type":"Polygon"},"properties":{"bbox":{"roads":{"area":4015.61,"pct":15.46},"sidewalks":{"area":258.57,"pct":1}},"city_same":1,"id":"hex:3546:24429"},"type":"Feature"},{"geometry":{"coordinates":[[[-122.63438,38.23002],[-122.63495,38.2308],[-122.63609,38.23081],[-122.63666,38.23003],[-122.6361,38.22925],[-122.63496,38.22924],[-122.63438,38.23002]]],"type":"Polygon"},"properties":{"bbox":{"roads":{"area":2371.76,"pct":9.13},"sidewalks":{"area":749.94,"pct":2.89}},"city_same":1,"id":"hex:3546:24430"},"type":"Feature"},{"geometry":{"coordinates":[[[-122.63437,38.23158],[-122.63494,38.23237],[-122.63608,38.23237],[-122.63666,38.23159],[-122.63609,38.23081],[-122.63495,38.2308],[-122.63437,38.23158]]],"type":"Polygon"},"properties":{"bbox":{"parking":{"area":176.37,"pct":0.68},"roads":{"area":4026.45,"pct":15.5},"sidewalks":{"area":809.62,"pct":3.12}},"city":{"parking":{"area":176.37,"pct":0.68},"roads":{"area":2695.81,"pct":10.38},"sidewalks":{"area":809.62,"pct":3.12}},"id":"hex:3546:24431"},"type":"Feature"},{"geometry":{"coordinates":[[[-122.63436,38.23314],[-122.63493,38.23393],[-122.63607,38.23393],[-122.63665,38.23315],[-122.63608,38.23237],[-122.63494,38.23237],[-122.63436,38.23314]]],"type":"Polygon"},"properties":{"bbox":{"parking":{"area":1639.29,"pct":6.31},"roads":{"area":3917.64,"pct":15.08},"sidewalks":{"area":619.74,"pct":2.39}},"city_same":1,"id":"hex:3546:24432"},"type":"Feature"},{"geometry":{"coordinates":[[[[-122.63607,38.23549],[-122.63492,38.23549],[-122.63436,38.2347],[-122.63463,38.23433],[-122.63489,38.23439],[-122.63553,38.2346],[-122.63558,38.23454],[-122.63587,38.23461],[-122.63587,38.23468],[-122.63602,38.23475],[-122.63647,38.23495],[-122.63607,38.23549]]],[[[-122.63493,38.23393],[-122.63607,38.23393],[-122.63651,38.23453],[-122.63624,38.23439],[-122.63608,38.23435],[-122.63587,38.23439],[-122.6357,38.23434],[-122.63565,38.23426],[-122.63505,38.23408],[-122.63486,38.23403],[-122.63493,38.23393]]]],"type":"MultiPolygon"},"properties":{"bbox":{"roads":{"area":1696.54,"pct":8.67},"sidewalks":{"area":484.69,"pct":2.48}},"city_same":1,"id":"hex:3546:24433"},"type":"Feature"},{"geometry":{"coordinates":[[[-122.63435,38.23627],[-122.63492,38.23705],[-122.63606,38.23705],[-122.63663,38.23627],[-122.63607,38.23549],[-122.63492,38.23549],[-122.63435,38.23627]]],"type":"Polygon"},"properties":{"bbox":{"parking":{"area":493.74,"pct":1.9},"roads":{"area":1972.9,"pct":7.59},"sidewalks":{"area":587.22,"pct":2.26}},"city_same":1,"id":"hex:3546:24434"},"type":"Feature"},{"geometry":{"coordinates":[[[-122.63434,38.23783],[-122.63491,38.23861],[-122.63605,38.23861],[-122.63663,38.23783],[-122.63606,38.23705],[-122.63492,38.23705],[-122.63434,38.23783]]],"type":"Polygon"},"properties":{"bbox":{"parking":{"area":1719.96,"pct":6.62},"roads":{"area":6367.12,"pct":24.51},"sidewalks":{"area":554.84,"pct":2.14}},"city":{"parking":{"area":1719.96,"pct":6.62},"roads":{"area":6237.7,"pct":24.01},"sidewalks":{"area":554.84,"pct":2.14}},"id":"hex:3546:24435"},"type":"Feature"},{"geometry":{"coordinates":[[[-122.63433,38.23939],[-122.6349,38.24017],[-122.63604,38.24017],[-122.63662,38.2394],[-122.63605,38.23861],[-122.63491,38.23861],[-122.63433,38.23939]]],"type":"Polygon"},"properties":{"bbox":{"roads":{"area":4622.48,"pct":17.79},"sidewalks":{"area":515.72,"pct":1.99}},"city_same":1,"id":"hex:3546:24436"},"type":"Feature"},{"geometry":{"coordinates":[[[-122.63433,38.24095],[-122.63489,38.24173],[-122.63604,38.24173],[-122.63661,38.24096],[-122.63604,38.24017],[-122.6349,38.24017],[-122.63433,38.24095]]],"type":"Polygon"},"properties":{"bbox":{"parking":{"area":197.75,"pct":0.76},"roads":{"area":1836.79,"pct":7.07}},"city_same":1,"id":"hex:3546:24437"},"type":"Feature"},{"geometry":{"coordinates":[[[-122.63432,38.24251],[-122.63488,38.24329],[-122.63603,38.2433],[-122.6366,38.24252],[-122.63604,38.24173],[-122.63489,38.24173],[-122.63432,38.24251]]],"type":"Polygon"},"properties":{"bbox":{"roads":{"area":3036.78,"pct":11.69},"sidewalks":{"area":18.3,"pct":0.07}},"city":{"roads":{"area":3036.77,"pct":11.69},"sidewalks":{"area":18.3,"pct":0.07}},"id":"hex:3546:24438"},"type":"Feature"},{"geometry":{"coordinates":[[[-122.63431,38.24407],[-122.63488,38.24485],[-122.63602,38.24486],[-122.63659,38.24408],[-122.63603,38.2433],[-122.63488,38.24329],[-122.63431,38.24407]]],"type":"Polygon"},"properties":{"bbox":{"roads":{"area":3277.06,"pct":12.61},"sidewalks":{"area":792.46,"pct":3.05}},"city":{"roads":{"area":1951.73,"pct":7.51},"sidewalks":{"area":792.46,"pct":3.05}},"id":"hex:3546:24439"},"type":"Feature"},{"geometry":{"coordinates":[[[-122.6343,38.24563],[-122.63487,38.24641],[-122.63601,38.24642],[-122.63659,38.24564],[-122.63602,38.24486],[-122.63488,38.24485],[-122.6343,38.24563]]],"type":"Polygon"},"properties":{"bbox":{"roads":{"area":1716.06,"pct":6.61}},"city_same":1,"id":"hex:3546:24440"},"type":"Feature"},{"geometry":{"coordinates":[[[-122.63429,38.24719],[-122.63486,38.24798],[-122.636,38.24798],[-122.63658,38.2472],[-122.63601,38.24642],[-122.63487,38.24641],[-122.63429,38.24719]]],"type":"Polygon"},"properties":{"bbox":{"roads":{"area":2308.15,"pct":8.88}},"city_same":1,"id":"hex:3546:24441"},"type":"Feature"},{"geometry":{"coordinates":[[[-122.63429,38.24875],[-122.63485,38.24954],[-122.636,38.24954],[-122.63657,38.24876],[-122.636,38.24798],[-122.63486,38.24798],[-122.63429,38.24875]]],"type":"Polygon"},"properties":{"bbox":{"roads":{"area":1215.63,"pct":4.68}},"city_same":1,"id":"hex:3546:24442"},"type":"Feature"},{"geometry":{"coordinates":[[[-122.63428,38.25031],[-122.63485,38.2511],[-122.63599,38.2511],[-122.63656,38.25032],[-122.636,38.24954],[-122.63485,38.24954],[-122.63428,38.25031]]],"type":"Polygon"},"properties":{"bbox":{"roads":{"area":2994.55,"pct":11.53}},"city":{"roads":{"area":85.88,"pct":0.33}},"id":"hex:3546:24443"},"type":"Feature"},{"geometry":{"coordinates":[[[-122.63427,38.25188],[-122.63484,38.25266],[-122.63598,38.25266],[-122.63656,38.25188],[-122.63599,38.2511],[-122.63485,38.2511],[-122.63427,38.25188]]],"type":"Polygon"},"properties":{"bbox":{"parking":{"area":1272.36,"pct":4.9},"roads":{"area":4226.67,"pct":16.27}},"city":{"parking":{"area":1272.36,"pct":4.9},"roads":{"area":3746.33,"pct":14.42}},"id":"hex:3546:24444"},"type":"Feature"},{"geometry":{"coordinates":[[[-122.63426,38.25344],[-122.63483,38.25422],[-122.63597,38.25422],[-122.63655,38.25344],[-122.63598,38.25266],[-122.63484,38.25266],[-122.63426,38.25344]]],"type":"Polygon"},"properties":{"bbox":{"parking":{"area":17134.12,"pct":65.95},"roads":{"area":4720.59,"pct":18.17},"sidewalks":{"area":43.16,"pct":0.17}},"city":{"parking":{"area":17134.12,"pct":65.95},"roads":{"area":4648.9,"pct":17.89},"sidewalks":{"area":43.16,"pct":0.17}},"id":"hex:3546:24445"},"type":"Feature"},{"geometry":{"coordinates":[[[-122.63425,38.255],[-122.63482,38.25578],[-122.63597,38.25578],[-122.63654,38.255],[-122.63597,38.25422],[-122.63483,38.25422],[-122.63425,38.255]]],"type":"Polygon"},"properties":{"bbox":{"parking":{"area":2093.23,"pct":8.06},"roads":{"area":3150.76,"pct":12.13},"sidewalks":{"area":468.51,"pct":1.8}},"city":{"parking":{"area":2093.23,"pct":8.06},"roads":{"area":1159.43,"pct":4.46},"sidewalks":{"area":468.51,"pct":1.8}},"id":"hex:3546:24446"},"type":"Feature"},{"geometry":{"coordinates":[[[-122.63425,38.25656],[-122.63481,38.25734],[-122.63596,38.25734],[-122.63653,38.25657],[-122.63597,38.25578],[-122.63482,38.25578],[-122.63425,38.25656]]],"type":"Polygon"},"properties":{"bbox":{"roads":{"area":3475.08,"pct":13.38}},"city_same":1,"id":"hex:3546:24447"},"type":"Feature"},{"geometry":{"coordinates":[[[-122.63424,38.25812],[-122.63481,38.2589],[-122.63595,38.25891],[-122.63653,38.25813],[-122.63596,38.25734],[-122.63481,38.25734],[-122.63424,38.25812]]],"type":"Polygon"},"properties":{"bbox":{"roads":{"area":2928.22,"pct":11.27},"sidewalks":{"area":300,"pct":1.15}},"city_same":1,"id":"hex:3546:24448"},"type":"Feature"},{"geometry":{"coordinates":[[[-122.63423,38.25968],[-122.6348,38.26046],[-122.63594,38.26047],[-122.63652,38.25969],[-122.63595,38.25891],[-122.63481,38.2589],[-122.63423,38.25968]]],"type":"Polygon"},"properties":{"bbox":{"parking":{"area":239.78,"pct":0.92},"roads":{"area":1648.09,"pct":6.34}},"city_same":1,"id":"hex:3546:24449"},"type":"Feature"},{"geometry":{"coordinates":[[[-122.63422,38.26124],[-122.63479,38.26202],[-122.63593,38.26203],[-122.63651,38.26125],[-122.63594,38.26047],[-122.6348,38.26046],[-122.63422,38.26124]]],"type":"Polygon"},"properties":{"bbox":{"roads":{"area":3057.2,"pct":11.77}},"city_same":1,"id":"hex:3546:24450"},"type":"Feature"},{"geometry":{"coordinates":[[[-122.63422,38.2628],[-122.63478,38.26358],[-122.63593,38.26359],[-122.6365,38.26281],[-122.63593,38.26203],[-122.63479,38.26202],[-122.63422,38.2628]]],"type":"Polygon"},"properties":{"bbox":{"roads":{"area":1204.76,"pct":4.64}},"city_same":1,"id":"hex:3546:24451"},"type":"Feature"},{"geometry":{"coordinates":[[[-122.63421,38.26436],[-122.63478,38.26515],[-122.63592,38.26515],[-122.63649,38.26437],[-122.63593,38.26359],[-122.63478,38.26358],[-122.63421,38.26436]]],"type":"Polygon"},"properties":{"bbox":{"roads":{"area":2441.54,"pct":9.4}},"city_same":1,"id":"hex:3546:24452"},"type":"Feature"},{"geometry":{"coordinates":[[[-122.6342,38.26592],[-122.63477,38.26671],[-122.63591,38.26671],[-122.63649,38.26593],[-122.63592,38.26515],[-122.63478,38.26515],[-122.6342,38.26592]]],"type":"Polygon"},"properties":{"bbox":{"roads":{"area":5332.19,"pct":20.52},"sidewalks":{"area":520.27,"pct":2}},"city":{"roads":{"area":2888.59,"pct":11.12},"sidewalks":{"area":520.27,"pct":2}},"id":"hex:3546:24453"},"type":"Feature"},{"geometry":{"coordinates":[[[-122.63419,38.26749],[-122.63476,38.26827],[-122.6359,38.26827],[-122.63648,38.26749],[-122.63591,38.26671],[-122.63477,38.26671],[-122.63419,38.26749]]],"type":"Polygon"},"properties":{"bbox":{"roads":{"area":1448.36,"pct":5.57}},"city_same":1,"id":"hex:3546:24454"},"type":"Feature"},{"geometry":{"coordinates":[[[-122.63418,38.26905],[-122.63475,38.26983],[-122.6359,38.26983],[-122.63647,38.26905],[-122.6359,38.26827],[-122.63476,38.26827],[-122.63418,38.26905]]],"type":"Polygon"},"properties":{"bbox":{"roads":{"area":1168.15,"pct":4.5}},"city_same":1,"id":"hex:3546:24455"},"type":"Feature"},{"geometry":{"coordinates":[[[-122.63418,38.27061],[-122.63474,38.27139],[-122.63589,38.27139],[-122.63646,38.27061],[-122.6359,38.26983],[-122.63475,38.26983],[-122.63418,38.27061]]],"type":"Polygon"},"properties":{"bbox":{"roads":{"area":2426.4,"pct":9.34},"sidewalks":{"area":856.13,"pct":3.3}},"city_same":1,"id":"hex:3546:24456"},"type":"Feature"},{"geometry":{"coordinates":[[[-122.63474,38.27139],[-122.63589,38.27139],[-122.63646,38.27218],[-122.63594,38.27287],[-122.63517,38.27243],[-122.63433,38.27195],[-122.63474,38.27139]]],"type":"Polygon"},"properties":{"bbox":{"roads":{"area":625.94,"pct":3.42},"sidewalks":{"area":237,"pct":1.29}},"city_same":1,"id":"hex:3546:24457"},"type":"Feature"},{"geometry":{"coordinates":[[[-122.63277,38.20894],[-122.63334,38.20973],[-122.63448,38.20973],[-122.63506,38.20895],[-122.63449,38.20817],[-122.63335,38.20816],[-122.63277,38.20894]]],"type":"Polygon"},"properties":{"bbox":{"roads":{"area":2006.27,"pct":7.72}},"city_same":1,"id":"hex:3547:24416"},"type":"Feature"},{"geometry":{"coordinates":[[[-122.63276,38.2105],[-122.63333,38.21129],[-122.63447,38.21129],[-122.63505,38.21051],[-122.63448,38.20973],[-122.63334,38.20973],[-122.63276,38.2105]]],"type":"Polygon"},"properties":{"bbox":{"roads":{"area":1617.18,"pct":6.22}},"city_same":1,"id":"hex:3547:24417"},"type":"Feature"},{"geometry":{"coordinates":[[[-122.63276,38.21207],[-122.63332,38.21285],[-122.63447,38.21285],[-122.63504,38.21207],[-122.63447,38.21129],[-122.63333,38.21129],[-122.63276,38.21207]]],"type":"Polygon"},"properties":{"bbox":{"roads":{"area":1167.49,"pct":4.49}},"city_same":1,"id":"hex:3547:24418"},"type":"Feature"},{"geometry":{"coordinates":[[[-122.63275,38.21363],[-122.63332,38.21441],[-122.63446,38.21441],[-122.63503,38.21363],[-122.63447,38.21285],[-122.63332,38.21285],[-122.63275,38.21363]]],"type":"Polygon"},"properties":{"bbox":{"roads":{"area":2413.51,"pct":9.29}},"city_same":1,"id":"hex:3547:24419"},"type":"Feature"},{"geometry":{"coordinates":[[[-122.63274,38.21519],[-122.63331,38.21597],[-122.63445,38.21597],[-122.63503,38.21519],[-122.63446,38.21441],[-122.63332,38.21441],[-122.63274,38.21519]]],"type":"Polygon"},"properties":{"bbox":{"roads":{"area":2523.32,"pct":9.71}},"city_same":1,"id":"hex:3547:24420"},"type":"Feature"},{"geometry":{"coordinates":[[[-122.63273,38.21675],[-122.6333,38.21753],[-122.63444,38.21753],[-122.63502,38.21676],[-122.63445,38.21597],[-122.63331,38.21597],[-122.63273,38.21675]]],"type":"Polygon"},"properties":{"bbox":{"roads":{"area":2981.1,"pct":11.47}},"city_same":1,"id":"hex:3547:24421"},"type":"Feature"},{"geometry":{"coordinates":[[[-122.63272,38.21831],[-122.63329,38.21909],[-122.63443,38.2191],[-122.63501,38.21832],[-122.63444,38.21753],[-122.6333,38.21753],[-122.63272,38.21831]]],"type":"Polygon"},"properties":{"bbox":{"roads":{"area":1322.58,"pct":5.09}},"city_same":1,"id":"hex:3547:24422"},"type":"Feature"},{"geometry":{"coordinates":[[[-122.63272,38.21987],[-122.63328,38.22065],[-122.63443,38.22066],[-122.635,38.21988],[-122.63443,38.2191],[-122.63329,38.21909],[-122.63272,38.21987]]],"type":"Polygon"},"properties":{"bbox":{"roads":{"area":1541.19,"pct":5.93}},"city_same":1,"id":"hex:3547:24423"},"type":"Feature"},{"geometry":{"coordinates":[[[-122.63271,38.22143],[-122.63328,38.22221],[-122.63442,38.22222],[-122.63499,38.22144],[-122.63443,38.22066],[-122.63328,38.22065],[-122.63271,38.22143]]],"type":"Polygon"},"properties":{"bbox":{"roads":{"area":1430.06,"pct":5.5}},"city_same":1,"id":"hex:3547:24424"},"type":"Feature"},{"geometry":{"coordinates":[[[-122.6327,38.22299],[-122.63327,38.22377],[-122.63441,38.22378],[-122.63499,38.223],[-122.63442,38.22222],[-122.63328,38.22221],[-122.6327,38.22299]]],"type":"Polygon"},"properties":{"bbox":{"roads":{"area":3197.11,"pct":12.31},"sidewalks":{"area":323.22,"pct":1.24}},"city_same":1,"id":"hex:3547:24425"},"type":"Feature"},{"geometry":{"coordinates":[[[-122.63269,38.22455],[-122.63326,38.22534],[-122.6344,38.22534],[-122.63498,38.22456],[-122.63441,38.22378],[-122.63327,38.22377],[-122.63269,38.22455]]],"type":"Polygon"},"properties":{"bbox":{"roads":{"area":3913.18,"pct":15.06},"sidewalks":{"area":519.68,"pct":2}},"city_same":1,"id":"hex:3547:24426"},"type":"Feature"},{"geometry":{"coordinates":[[[-122.63269,38.22611],[-122.63325,38.2269],[-122.6344,38.2269],[-122.63497,38.22612],[-122.6344,38.22534],[-122.63326,38.22534],[-122.63269,38.22611]]],"type":"Polygon"},"properties":{"bbox":{"roads":{"area":2898.91,"pct":11.16},"sidewalks":{"area":379.02,"pct":1.46}},"city_same":1,"id":"hex:3547:24427"},"type":"Feature"},{"geometry":{"coordinates":[[[-122.63268,38.22768],[-122.63325,38.22846],[-122.63439,38.22846],[-122.63496,38.22768],[-122.6344,38.2269],[-122.63325,38.2269],[-122.63268,38.22768]]],"type":"Polygon"},"properties":{"bbox":{"roads":{"area":2328.56,"pct":8.96},"sidewalks":{"area":531.62,"pct":2.05}},"city_same":1,"id":"hex:3547:24428"},"type":"Feature"},{"geometry":{"coordinates":[[[-122.63267,38.22924],[-122.63324,38.23002],[-122.63438,38.23002],[-122.63496,38.22924],[-122.63439,38.22846],[-122.63325,38.22846],[-122.63267,38.22924]]],"type":"Polygon"},"properties":{"bbox":{"roads":{"area":2703.42,"pct":10.41},"sidewalks":{"area":1079.87,"pct":4.16}},"city_same":1,"id":"hex:3547:24429"},"type":"Feature"},{"geometry":{"coordinates":[[[-122.63266,38.2308],[-122.63323,38.23158],[-122.63437,38.23158],[-122.63495,38.2308],[-122.63438,38.23002],[-122.63324,38.23002],[-122.63266,38.2308]]],"type":"Polygon"},"properties":{"bbox":{"parking":{"area":22.61,"pct":0.09},"roads":{"area":3386.17,"pct":13.03},"sidewalks":{"area":1240.56,"pct":4.77}},"city":{"parking":{"area":22.61,"pct":0.09},"roads":{"area":2236.28,"pct":8.61},"sidewalks":{"area":1240.56,"pct":4.77}},"id":"hex:3547:24430"},"type":"Feature"},{"geometry":{"coordinates":[[[-122.63322,38.23314],[-122.63265,38.23236],[-122.63323,38.23158],[-122.63437,38.23158],[-122.63494,38.23237],[-122.63436,38.23314],[-122.63368,38.23314],[-122.63379,38.23297],[-122.63371,38.23294],[-122.6336,38.23314],[-122.63322,38.23314]]],"type":"Polygon"},"properties":{"bbox":{"parking":{"area":1350.78,"pct":5.23},"roads":{"area":3875.56,"pct":15.01},"sidewalks":{"area":352.16,"pct":1.36}},"city_same":1,"id":"hex:3547:24431"},"type":"Feature"},{"geometry":{"coordinates":[[[[-122.63436,38.2347],[-122.63321,38.2347],[-122.63265,38.23392],[-122.6327,38.23384],[-122.63277,38.23387],[-122.63304,38.23393],[-122.63325,38.23399],[-122.63421,38.23425],[-122.63463,38.23433],[-122.63436,38.2347]]],[[[-122.63436,38.23314],[-122.63493,38.23393],[-122.63486,38.23403],[-122.63467,38.23397],[-122.63397,38.23374],[-122.63344,38.23356],[-122.63368,38.23314],[-122.63436,38.23314]]],[[[-122.63322,38.23314],[-122.6336,38.23314],[-122.63342,38.23344],[-122.63323,38.23348],[-122.63303,38.2334],[-122.63322,38.23314]]]],"type":"MultiPolygon"},"properties":{"bbox":{"roads":{"area":842.76,"pct":4.88}},"city_same":1,"id":"hex:3547:24432"},"type":"Feature"},{"geometry":{"coordinates":[[[-122.63321,38.2347],[-122.63436,38.2347],[-122.63492,38.23549],[-122.63435,38.23627],[-122.63321,38.23626],[-122.63264,38.23548],[-122.63279,38.23527],[-122.63285,38.23527],[-122.63301,38.2353],[-122.63377,38.23569],[-122.63386,38.23561],[-122.63415,38.23518],[-122.6342,38.23494],[-122.63417,38.23487],[-122.63391,38.23478],[-122.63383,38.2349],[-122.63373,38.23496],[-122.63357,38.235],[-122.63342,38.23498],[-122.6331,38.23486],[-122.63321,38.2347]]],"type":"Polygon"},"properties":{"bbox":{"parking":{"area":561.69,"pct":2.92},"roads":{"area":626.11,"pct":3.25}},"city_same":1,"id":"hex:3547:24433"},"type":"Feature"},{"geometry":{"coordinates":[[[-122.63263,38.23704],[-122.6332,38.23782],[-122.63434,38.23783],[-122.63492,38.23705],[-122.63435,38.23627],[-122.63321,38.23626],[-122.63263,38.23704]]],"type":"Polygon"},"properties":{"bbox":{"parking":{"area":288.99,"pct":1.11},"roads":{"area":5326.77,"pct":20.5},"sidewalks":{"area":879.26,"pct":3.38}},"city_same":1,"id":"hex:3547:24434"},"type":"Feature"},{"geometry":{"coordinates":[[[-122.63262,38.2386],[-122.63319,38.23938],[-122.63433,38.23939],[-122.63491,38.23861],[-122.63434,38.23783],[-122.6332,38.23782],[-122.63262,38.2386]]],"type":"Polygon"},"properties":{"bbox":{"roads":{"area":1742.93,"pct":6.71},"sidewalks":{"area":659.83,"pct":2.54}},"city_same":1,"id":"hex:3547:24435"},"type":"Feature"},{"geometry":{"coordinates":[[[-122.63261,38.24016],[-122.63318,38.24095],[-122.63433,38.24095],[-122.6349,38.24017],[-122.63433,38.23939],[-122.63319,38.23938],[-122.63261,38.24016]]],"type":"Polygon"},"properties":{"bbox":{"parking":{"area":1516.19,"pct":5.84},"roads":{"area":5385.66,"pct":20.73},"sidewalks":{"area":594.61,"pct":2.29}},"city_same":1,"id":"hex:3547:24436"},"type":"Feature"},{"geometry":{"coordinates":[[[-122.63261,38.24172],[-122.63317,38.24251],[-122.63432,38.24251],[-122.63489,38.24173],[-122.63433,38.24095],[-122.63318,38.24095],[-122.63261,38.24172]]],"type":"Polygon"},"properties":{"bbox":{"parking":{"area":1679.74,"pct":6.47},"roads":{"area":5042.24,"pct":19.41},"sidewalks":{"area":444.37,"pct":1.71}},"city":{"parking":{"area":1679.74,"pct":6.47},"roads":{"area":4723.38,"pct":18.18},"sidewalks":{"area":444.37,"pct":1.71}},"id":"hex:3547:24437"},"type":"Feature"},{"geometry":{"coordinates":[[[-122.6326,38.24329],[-122.63317,38.24407],[-122.63431,38.24407],[-122.63488,38.24329],[-122.63432,38.24251],[-122.63317,38.24251],[-122.6326,38.24329]]],"type":"Polygon"},"properties":{"bbox":{"roads":{"area":2019.33,"pct":7.77},"sidewalks":{"area":443.86,"pct":1.71}},"city":{"roads":{"area":815.88,"pct":3.14},"sidewalks":{"area":443.86,"pct":1.71}},"id":"hex:3547:24438"},"type":"Feature"},{"geometry":{"coordinates":[[[-122.63259,38.24485],[-122.63316,38.24563],[-122.6343,38.24563],[-122.63488,38.24485],[-122.63431,38.24407],[-122.63317,38.24407],[-122.63259,38.24485]]],"type":"Polygon"},"properties":{"bbox":{"roads":{"area":2490.15,"pct":9.58},"sidewalks":{"area":806.28,"pct":3.1}},"city_same":1,"id":"hex:3547:24439"},"type":"Feature"},{"geometry":{"coordinates":[[[-122.63258,38.24641],[-122.63315,38.24719],[-122.63429,38.24719],[-122.63487,38.24641],[-122.6343,38.24563],[-122.63316,38.24563],[-122.63258,38.24641]]],"type":"Polygon"},"properties":{"bbox":{"roads":{"area":2307.33,"pct":8.88}},"city_same":1,"id":"hex:3547:24440"},"type":"Feature"},{"geometry":{"coordinates":[[[-122.63258,38.24797],[-122.63314,38.24875],[-122.63429,38.24875],[-122.63486,38.24798],[-122.63429,38.24719],[-122.63315,38.24719],[-122.63258,38.24797]]],"type":"Polygon"},"properties":{"bbox":{"roads":{"area":2072.46,"pct":7.98}},"city_same":1,"id":"hex:3547:24441"},"type":"Feature"},{"geometry":{"coordinates":[[[-122.63257,38.24953],[-122.63314,38.25031],[-122.63428,38.25031],[-122.63485,38.24954],[-122.63429,38.24875],[-122.63314,38.24875],[-122.63257,38.24953]]],"type":"Polygon"},"properties":{"bbox":{"roads":{"area":4656.24,"pct":17.92}},"city":{"roads":{"area":1243.17,"pct":4.78}},"id":"hex:3547:24442"},"type":"Feature"},{"geometry":{"coordinates":[[[-122.63256,38.25109],[-122.63313,38.25187],[-122.63427,38.25188],[-122.63485,38.2511],[-122.63428,38.25031],[-122.63314,38.25031],[-122.63256,38.25109]]],"type":"Polygon"},"properties":{"bbox":{"roads":{"area":1574.59,"pct":6.06}},"city":{"roads":{"area":1430.03,"pct":5.5}},"id":"hex:3547:24443"},"type":"Feature"},{"geometry":{"coordinates":[[[-122.63255,38.25265],[-122.63312,38.25343],[-122.63426,38.25344],[-122.63484,38.25266],[-122.63427,38.25188],[-122.63313,38.25187],[-122.63255,38.25265]]],"type":"Polygon"},"properties":{"bbox":{"parking":{"area":124.09,"pct":0.48},"roads":{"area":2895.77,"pct":11.15},"sidewalks":{"area":158.22,"pct":0.61}},"city":{"parking":{"area":124.09,"pct":0.48},"roads":{"area":2267.13,"pct":8.73},"sidewalks":{"area":158.22,"pct":0.61}},"id":"hex:3547:24444"},"type":"Feature"},{"geometry":{"coordinates":[[[-122.63254,38.25421],[-122.63311,38.25499],[-122.63425,38.255],[-122.63483,38.25422],[-122.63426,38.25344],[-122.63312,38.25343],[-122.63254,38.25421]]],"type":"Polygon"},"properties":{"bbox":{"parking":{"area":280.6,"pct":1.08},"roads":{"area":3947.12,"pct":15.19},"sidewalks":{"area":654,"pct":2.52}},"city":{"parking":{"area":280.6,"pct":1.08},"roads":{"area":2312.24,"pct":8.9},"sidewalks":{"area":654,"pct":2.52}},"id":"hex:3547:24445"},"type":"Feature"},{"geometry":{"coordinates":[[[-122.63254,38.25577],[-122.6331,38.25656],[-122.63425,38.25656],[-122.63482,38.25578],[-122.63425,38.255],[-122.63311,38.25499],[-122.63254,38.25577]]],"type":"Polygon"},"properties":{"bbox":{"roads":{"area":3312.67,"pct":12.75},"sidewalks":{"area":161.45,"pct":0.62}},"city_same":1,"id":"hex:3547:24446"},"type":"Feature"},{"geometry":{"coordinates":[[[-122.63253,38.25733],[-122.6331,38.25812],[-122.63424,38.25812],[-122.63481,38.25734],[-122.63425,38.25656],[-122.6331,38.25656],[-122.63253,38.25733]]],"type":"Polygon"},"properties":{"bbox":{"roads":{"area":3563.81,"pct":13.72},"sidewalks":{"area":342.7,"pct":1.32}},"city_same":1,"id":"hex:3547:24447"},"type":"Feature"},{"geometry":{"coordinates":[[[-122.63252,38.25889],[-122.63309,38.25968],[-122.63423,38.25968],[-122.63481,38.2589],[-122.63424,38.25812],[-122.6331,38.25812],[-122.63252,38.25889]]],"type":"Polygon"},"properties":{"bbox":{"roads":{"area":2206.37,"pct":8.49},"sidewalks":{"area":109.19,"pct":0.42}},"city_same":1,"id":"hex:3547:24448"},"type":"Feature"},{"geometry":{"coordinates":[[[-122.63251,38.26046],[-122.63308,38.26124],[-122.63422,38.26124],[-122.6348,38.26046],[-122.63423,38.25968],[-122.63309,38.25968],[-122.63251,38.26046]]],"type":"Polygon"},"properties":{"bbox":{"roads":{"area":2105.42,"pct":8.1}},"city_same":1,"id":"hex:3547:24449"},"type":"Feature"},{"geometry":{"coordinates":[[[-122.6325,38.26202],[-122.63307,38.2628],[-122.63422,38.2628],[-122.63479,38.26202],[-122.63422,38.26124],[-122.63308,38.26124],[-122.6325,38.26202]]],"type":"Polygon"},"properties":{"bbox":{"roads":{"area":1947.47,"pct":7.5}},"city_same":1,"id":"hex:3547:24450"},"type":"Feature"},{"geometry":{"coordinates":[[[-122.6325,38.26358],[-122.63306,38.26436],[-122.63421,38.26436],[-122.63478,38.26358],[-122.63422,38.2628],[-122.63307,38.2628],[-122.6325,38.26358]]],"type":"Polygon"},"properties":{"bbox":{"roads":{"area":1982.41,"pct":7.63},"sidewalks":{"area":9.58,"pct":0.04}},"city_same":1,"id":"hex:3547:24451"},"type":"Feature"},{"geometry":{"coordinates":[[[-122.63249,38.26514],[-122.63306,38.26592],[-122.6342,38.26592],[-122.63478,38.26515],[-122.63421,38.26436],[-122.63306,38.26436],[-122.63249,38.26514]]],"type":"Polygon"},"properties":{"bbox":{"roads":{"area":5004.31,"pct":19.26},"sidewalks":{"area":456.31,"pct":1.76}},"city":{"roads":{"area":2367.21,"pct":9.11},"sidewalks":{"area":456.31,"pct":1.76}},"id":"hex:3547:24452"},"type":"Feature"},{"geometry":{"coordinates":[[[-122.63248,38.2667],[-122.63305,38.26748],[-122.63419,38.26749],[-122.63477,38.26671],[-122.6342,38.26592],[-122.63306,38.26592],[-122.63248,38.2667]]],"type":"Polygon"},"properties":{"bbox":{"roads":{"area":3396.34,"pct":13.07}},"city_same":1,"id":"hex:3547:24453"},"type":"Feature"},{"geometry":{"coordinates":[[[-122.63247,38.26826],[-122.63304,38.26904],[-122.63418,38.26905],[-122.63476,38.26827],[-122.63419,38.26749],[-122.63305,38.26748],[-122.63247,38.26826]]],"type":"Polygon"},"properties":{"bbox":{"roads":{"area":3410.39,"pct":13.13}},"city_same":1,"id":"hex:3547:24454"},"type":"Feature"},{"geometry":{"coordinates":[[[-122.63247,38.26982],[-122.63303,38.2706],[-122.63418,38.27061],[-122.63475,38.26983],[-122.63418,38.26905],[-122.63304,38.26904],[-122.63247,38.26982]]],"type":"Polygon"},"properties":{"bbox":{"roads":{"area":3741.39,"pct":14.4}},"city_same":1,"id":"hex:3547:24455"},"type":"Feature"},{"geometry":{"coordinates":[[[-122.63303,38.2706],[-122.63418,38.27061],[-122.63474,38.27139],[-122.63433,38.27195],[-122.6343,38.27194],[-122.63372,38.27163],[-122.63268,38.27108],[-122.63303,38.2706]]],"type":"Polygon"},"properties":{"bbox":{"roads":{"area":94.99,"pct":0.6}},"city_same":1,"id":"hex:3547:24456"},"type":"Feature"},{"geometry":{"coordinates":[[[-122.63106,38.20816],[-122.63163,38.20894],[-122.63277,38.20894],[-122.63335,38.20816],[-122.63278,38.20738],[-122.63164,38.20738],[-122.63106,38.20816]]],"type":"Polygon"},"properties":{"bbox":{"roads":{"area":1842.65,"pct":7.09}},"city_same":1,"id":"hex:3548:24416"},"type":"Feature"},{"geometry":{"coordinates":[[[-122.63105,38.20972],[-122.63162,38.2105],[-122.63276,38.2105],[-122.63334,38.20973],[-122.63277,38.20894],[-122.63163,38.20894],[-122.63105,38.20972]]],"type":"Polygon"},"properties":{"bbox":{"roads":{"area":1687.73,"pct":6.5}},"city_same":1,"id":"hex:3548:24417"},"type":"Feature"},{"geometry":{"coordinates":[[[-122.63105,38.21128],[-122.63161,38.21206],[-122.63276,38.21207],[-122.63333,38.21129],[-122.63276,38.2105],[-122.63162,38.2105],[-122.63105,38.21128]]],"type":"Polygon"},"properties":{"bbox":{"roads":{"area":2623.53,"pct":10.1}},"city_same":1,"id":"hex:3548:24418"},"type":"Feature"},{"geometry":{"coordinates":[[[-122.63104,38.21284],[-122.63161,38.21362],[-122.63275,38.21363],[-122.63332,38.21285],[-122.63276,38.21207],[-122.63161,38.21206],[-122.63104,38.21284]]],"type":"Polygon"},"properties":{"bbox":{"roads":{"area":1829.77,"pct":7.04}},"city_same":1,"id":"hex:3548:24419"},"type":"Feature"},{"geometry":{"coordinates":[[[-122.63103,38.2144],[-122.6316,38.21518],[-122.63274,38.21519],[-122.63332,38.21441],[-122.63275,38.21363],[-122.63161,38.21362],[-122.63103,38.2144]]],"type":"Polygon"},"properties":{"bbox":{"roads":{"area":787.16,"pct":3.03}},"city_same":1,"id":"hex:3548:24420"},"type":"Feature"},{"geometry":{"coordinates":[[[-122.63102,38.21596],[-122.63159,38.21674],[-122.63273,38.21675],[-122.63331,38.21597],[-122.63274,38.21519],[-122.6316,38.21518],[-122.63102,38.21596]]],"type":"Polygon"},"properties":{"bbox":{"roads":{"area":624.88,"pct":2.41}},"city_same":1,"id":"hex:3548:24421"},"type":"Feature"},{"geometry":{"coordinates":[[[-122.63102,38.21752],[-122.63158,38.21831],[-122.63272,38.21831],[-122.6333,38.21753],[-122.63273,38.21675],[-122.63159,38.21674],[-122.63102,38.21752]]],"type":"Polygon"},"properties":{"bbox":{"roads":{"area":2469.43,"pct":9.5}},"city_same":1,"id":"hex:3548:24422"},"type":"Feature"},{"geometry":{"coordinates":[[[-122.63101,38.21908],[-122.63157,38.21987],[-122.63272,38.21987],[-122.63329,38.21909],[-122.63272,38.21831],[-122.63158,38.21831],[-122.63101,38.21908]]],"type":"Polygon"},"properties":{"bbox":{"roads":{"area":2263.74,"pct":8.71}},"city_same":1,"id":"hex:3548:24423"},"type":"Feature"},{"geometry":{"coordinates":[[[-122.631,38.22065],[-122.63157,38.22143],[-122.63271,38.22143],[-122.63328,38.22065],[-122.63272,38.21987],[-122.63157,38.21987],[-122.631,38.22065]]],"type":"Polygon"},"properties":{"bbox":{"roads":{"area":2567.54,"pct":9.88},"sidewalks":{"area":95.71,"pct":0.37}},"city_same":1,"id":"hex:3548:24424"},"type":"Feature"},{"geometry":{"coordinates":[[[-122.63099,38.22221],[-122.63156,38.22299],[-122.6327,38.22299],[-122.63328,38.22221],[-122.63271,38.22143],[-122.63157,38.22143],[-122.63099,38.22221]]],"type":"Polygon"},"properties":{"bbox":{"roads":{"area":599.84,"pct":2.31}},"city_same":1,"id":"hex:3548:24425"},"type":"Feature"},{"geometry":{"coordinates":[[[-122.63098,38.22377],[-122.63155,38.22455],[-122.63269,38.22455],[-122.63327,38.22377],[-122.6327,38.22299],[-122.63156,38.22299],[-122.63098,38.22377]]],"type":"Polygon"},"properties":{"bbox":{"roads":{"area":1615.83,"pct":6.22},"sidewalks":{"area":25.91,"pct":0.1}},"city_same":1,"id":"hex:3548:24426"},"type":"Feature"},{"geometry":{"coordinates":[[[-122.63098,38.22533],[-122.63154,38.22611],[-122.63269,38.22611],[-122.63326,38.22534],[-122.63269,38.22455],[-122.63155,38.22455],[-122.63098,38.22533]]],"type":"Polygon"},"properties":{"bbox":{"roads":{"area":2698.13,"pct":10.39},"sidewalks":{"area":132.21,"pct":0.51}},"city_same":1,"id":"hex:3548:24427"},"type":"Feature"},{"geometry":{"coordinates":[[[-122.63097,38.22689],[-122.63154,38.22767],[-122.63268,38.22768],[-122.63325,38.2269],[-122.63269,38.22611],[-122.63154,38.22611],[-122.63097,38.22689]]],"type":"Polygon"},"properties":{"bbox":{"roads":{"area":2684.16,"pct":10.33},"sidewalks":{"area":343.6,"pct":1.32}},"city_same":1,"id":"hex:3548:24428"},"type":"Feature"},{"geometry":{"coordinates":[[[-122.63096,38.22845],[-122.63153,38.22923],[-122.63267,38.22924],[-122.63325,38.22846],[-122.63268,38.22768],[-122.63154,38.22767],[-122.63096,38.22845]]],"type":"Polygon"},"properties":{"bbox":{"roads":{"area":2856.39,"pct":10.99},"sidewalks":{"area":997.87,"pct":3.84}},"city_same":1,"id":"hex:3548:24429"},"type":"Feature"},{"geometry":{"coordinates":[[[-122.63095,38.23001],[-122.63152,38.23079],[-122.63266,38.2308],[-122.63324,38.23002],[-122.63267,38.22924],[-122.63153,38.22923],[-122.63095,38.23001]]],"type":"Polygon"},"properties":{"bbox":{"roads":{"area":2942.32,"pct":11.33},"sidewalks":{"area":1270.69,"pct":4.89}},"city":{"roads":{"area":1948.05,"pct":7.5},"sidewalks":{"area":1270.69,"pct":4.89}},"id":"hex:3548:24430"},"type":"Feature"},{"geometry":{"coordinates":[[[-122.63094,38.23157],[-122.63151,38.23235],[-122.63265,38.23236],[-122.63323,38.23158],[-122.63266,38.2308],[-122.63152,38.23079],[-122.63094,38.23157]]],"type":"Polygon"},"properties":{"bbox":{"roads":{"area":3472.8,"pct":13.37},"sidewalks":{"area":584.12,"pct":2.25}},"city":{"roads":{"area":3320.26,"pct":12.78},"sidewalks":{"area":584.12,"pct":2.25}},"id":"hex:3548:24431"},"type":"Feature"},{"geometry":{"coordinates":[[[[-122.63265,38.23392],[-122.6315,38.23392],[-122.63094,38.23313],[-122.63099,38.23306],[-122.63121,38.23319],[-122.63156,38.23335],[-122.63187,38.23351],[-122.63234,38.23371],[-122.6327,38.23384],[-122.63265,38.23392]]],[[[-122.63151,38.23235],[-122.63265,38.23236],[-122.63322,38.23314],[-122.63303,38.2334],[-122.63281,38.23332],[-122.63252,38.23322],[-122.63178,38.23291],[-122.63128,38.23266],[-122.63151,38.23235]]]],"type":"MultiPolygon"},"properties":{"bbox":{"roads":{"area":686.41,"pct":4.12}},"city_same":1,"id":"hex:3548:24432"},"type":"Feature"},{"geometry":{"coordinates":[[[[-122.63264,38.23548],[-122.6315,38.23548],[-122.63093,38.23469],[-122.63112,38.23443],[-122.63114,38.23444],[-122.63121,38.23446],[-122.63141,38.23459],[-122.63154,38.23477],[-122.63157,38.23502],[-122.632,38.23526],[-122.63205,38.23522],[-122.63212,38.23527],[-122.63214,38.23528],[-122.63221,38.23537],[-122.6323,38.23548],[-122.63249,38.23528],[-122.6326,38.23525],[-122.63279,38.23527],[-122.63264,38.23548]]],[[[-122.6315,38.23392],[-122.63265,38.23392],[-122.63321,38.2347],[-122.6331,38.23486],[-122.63286,38.23477],[-122.63249,38.23462],[-122.63191,38.23433],[-122.63137,38.23409],[-122.6315,38.23392]]]],"type":"MultiPolygon"},"properties":{"bbox":{"roads":{"area":232.62,"pct":1.63}},"city_same":1,"id":"hex:3548:24433"},"type":"Feature"},{"geometry":{"coordinates":[[[-122.63092,38.23626],[-122.63149,38.23704],[-122.63263,38.23704],[-122.63321,38.23626],[-122.63264,38.23548],[-122.6315,38.23548],[-122.63092,38.23626]]],"type":"Polygon"},"properties":{"bbox":{"parking":{"area":724.9,"pct":2.79},"roads":{"area":4843.18,"pct":18.64},"sidewalks":{"area":632.53,"pct":2.43}},"city_same":1,"id":"hex:3548:24434"},"type":"Feature"},{"geometry":{"coordinates":[[[-122.63091,38.23782],[-122.63148,38.2386],[-122.63262,38.2386],[-122.6332,38.23782],[-122.63263,38.23704],[-122.63149,38.23704],[-122.63091,38.23782]]],"type":"Polygon"},"properties":{"bbox":{"roads":{"area":2289.22,"pct":8.81},"sidewalks":{"area":573,"pct":2.21}},"city_same":1,"id":"hex:3548:24435"},"type":"Feature"},{"geometry":{"coordinates":[[[-122.6309,38.23938],[-122.63147,38.24016],[-122.63261,38.24016],[-122.63319,38.23938],[-122.63262,38.2386],[-122.63148,38.2386],[-122.6309,38.23938]]],"type":"Polygon"},"properties":{"bbox":{"roads":{"area":2933.44,"pct":11.29},"sidewalks":{"area":173.66,"pct":0.67}},"city_same":1,"id":"hex:3548:24436"},"type":"Feature"},{"geometry":{"coordinates":[[[-122.6309,38.24094],[-122.63146,38.24172],[-122.63261,38.24172],[-122.63318,38.24095],[-122.63261,38.24016],[-122.63147,38.24016],[-122.6309,38.24094]]],"type":"Polygon"},"properties":{"bbox":{"roads":{"area":2744.28,"pct":10.56},"sidewalks":{"area":290.83,"pct":1.12}},"city":{"roads":{"area":1344.31,"pct":5.17},"sidewalks":{"area":290.83,"pct":1.12}},"id":"hex:3548:24437"},"type":"Feature"},{"geometry":{"coordinates":[[[-122.63089,38.2425],[-122.63146,38.24328],[-122.6326,38.24329],[-122.63317,38.24251],[-122.63261,38.24172],[-122.63146,38.24172],[-122.63089,38.2425]]],"type":"Polygon"},"properties":{"bbox":{"roads":{"area":6033.57,"pct":23.22},"sidewalks":{"area":851.44,"pct":3.28}},"city":{"roads":{"area":5002.43,"pct":19.25},"sidewalks":{"area":851.44,"pct":3.28}},"id":"hex:3548:24438"},"type":"Feature"},{"geometry":{"coordinates":[[[-122.63088,38.24406],[-122.63145,38.24484],[-122.63259,38.24485],[-122.63317,38.24407],[-122.6326,38.24329],[-122.63146,38.24328],[-122.63088,38.24406]]],"type":"Polygon"},"properties":{"bbox":{"roads":{"area":3509.21,"pct":13.51},"sidewalks":{"area":507.58,"pct":1.95}},"city_same":1,"id":"hex:3548:24439"},"type":"Feature"},{"geometry":{"coordinates":[[[-122.63087,38.24562],[-122.63144,38.2464],[-122.63258,38.24641],[-122.63316,38.24563],[-122.63259,38.24485],[-122.63145,38.24484],[-122.63087,38.24562]]],"type":"Polygon"},"properties":{"bbox":{"roads":{"area":2257.57,"pct":8.69}},"city_same":1,"id":"hex:3548:24440"},"type":"Feature"},{"geometry":{"coordinates":[[[-122.63087,38.24718],[-122.63143,38.24796],[-122.63258,38.24797],[-122.63315,38.24719],[-122.63258,38.24641],[-122.63144,38.2464],[-122.63087,38.24718]]],"type":"Polygon"},"properties":{"bbox":{"roads":{"area":2463.73,"pct":9.48}},"city_same":1,"id":"hex:3548:24441"},"type":"Feature"},{"geometry":{"coordinates":[[[-122.63086,38.24874],[-122.63142,38.24953],[-122.63257,38.24953],[-122.63314,38.24875],[-122.63258,38.24797],[-122.63143,38.24796],[-122.63086,38.24874]]],"type":"Polygon"},"properties":{"bbox":{"parking":{"area":10.06,"pct":0.04},"roads":{"area":6013.34,"pct":23.15}},"city":{"parking":{"area":10.06,"pct":0.04},"roads":{"area":1368.45,"pct":5.27}},"id":"hex:3548:24442"},"type":"Feature"},{"geometry":{"coordinates":[[[-122.63085,38.2503],[-122.63142,38.25109],[-122.63256,38.25109],[-122.63314,38.25031],[-122.63257,38.24953],[-122.63142,38.24953],[-122.63085,38.2503]]],"type":"Polygon"},"properties":{"bbox":{"parking":{"area":4495.01,"pct":17.3},"roads":{"area":2245.36,"pct":8.64}},"city":{"parking":{"area":4495.01,"pct":17.3},"roads":{"area":2231.29,"pct":8.59}},"id":"hex:3548:24443"},"type":"Feature"},{"geometry":{"coordinates":[[[-122.63084,38.25187],[-122.63141,38.25265],[-122.63255,38.25265],[-122.63313,38.25187],[-122.63256,38.25109],[-122.63142,38.25109],[-122.63084,38.25187]]],"type":"Polygon"},"properties":{"bbox":{"parking":{"area":131.85,"pct":0.51},"roads":{"area":3212.8,"pct":12.37},"sidewalks":{"area":177.76,"pct":0.68}},"city":{"parking":{"area":131.85,"pct":0.51},"roads":{"area":1885,"pct":7.26},"sidewalks":{"area":177.76,"pct":0.68}},"id":"hex:3548:24444"},"type":"Feature"},{"geometry":{"coordinates":[[[-122.63083,38.25343],[-122.6314,38.25421],[-122.63254,38.25421],[-122.63312,38.25343],[-122.63255,38.25265],[-122.63141,38.25265],[-122.63083,38.25343]]],"type":"Polygon"},"properties":{"bbox":{"parking":{"area":3138.03,"pct":12.08},"roads":{"area":4073.59,"pct":15.68},"sidewalks":{"area":112.33,"pct":0.43}},"city":{"parking":{"area":3138.03,"pct":12.08},"roads":{"area":2534.76,"pct":9.76},"sidewalks":{"area":112.33,"pct":0.43}},"id":"hex:3548:24445"},"type":"Feature"},{"geometry":{"coordinates":[[[-122.63083,38.25499],[-122.63139,38.25577],[-122.63254,38.25577],[-122.63311,38.25499],[-122.63254,38.25421],[-122.6314,38.25421],[-122.63083,38.25499]]],"type":"Polygon"},"properties":{"bbox":{"roads":{"area":2284.27,"pct":8.79}},"city_same":1,"id":"hex:3548:24446"},"type":"Feature"},{"geometry":{"coordinates":[[[-122.63082,38.25655],[-122.63139,38.25733],[-122.63253,38.25733],[-122.6331,38.25656],[-122.63254,38.25577],[-122.63139,38.25577],[-122.63082,38.25655]]],"type":"Polygon"},"properties":{"bbox":{"roads":{"area":3477.28,"pct":13.38}},"city_same":1,"id":"hex:3548:24447"},"type":"Feature"},{"geometry":{"coordinates":[[[-122.63081,38.25811],[-122.63138,38.25889],[-122.63252,38.25889],[-122.6331,38.25812],[-122.63253,38.25733],[-122.63139,38.25733],[-122.63081,38.25811]]],"type":"Polygon"},"properties":{"bbox":{"roads":{"area":4063.36,"pct":15.64},"sidewalks":{"area":198.94,"pct":0.77}},"city_same":1,"id":"hex:3548:24448"},"type":"Feature"},{"geometry":{"coordinates":[[[-122.6308,38.25967],[-122.63137,38.26045],[-122.63251,38.26046],[-122.63309,38.25968],[-122.63252,38.25889],[-122.63138,38.25889],[-122.6308,38.25967]]],"type":"Polygon"},"properties":{"bbox":{"roads":{"area":2451.4,"pct":9.44},"sidewalks":{"area":523.91,"pct":2.02}},"city_same":1,"id":"hex:3548:24449"},"type":"Feature"},{"geometry":{"coordinates":[[[-122.63079,38.26123],[-122.63136,38.26201],[-122.6325,38.26202],[-122.63308,38.26124],[-122.63251,38.26046],[-122.63137,38.26045],[-122.63079,38.26123]]],"type":"Polygon"},"properties":{"bbox":{"roads":{"area":2114.91,"pct":8.14},"sidewalks":{"area":15.7,"pct":0.06}},"city_same":1,"id":"hex:3548:24450"},"type":"Feature"},{"geometry":{"coordinates":[[[-122.63079,38.26279],[-122.63135,38.26357],[-122.6325,38.26358],[-122.63307,38.2628],[-122.6325,38.26202],[-122.63136,38.26201],[-122.63079,38.26279]]],"type":"Polygon"},"properties":{"bbox":{"roads":{"area":2242.08,"pct":8.63},"sidewalks":{"area":68,"pct":0.26}},"city":{"roads":{"area":1980.48,"pct":7.62},"sidewalks":{"area":68,"pct":0.26}},"id":"hex:3548:24451"},"type":"Feature"},{"geometry":{"coordinates":[[[-122.63078,38.26435],[-122.63135,38.26514],[-122.63249,38.26514],[-122.63306,38.26436],[-122.6325,38.26358],[-122.63135,38.26357],[-122.63078,38.26435]]],"type":"Polygon"},"properties":{"bbox":{"roads":{"area":4200.04,"pct":16.17},"sidewalks":{"area":480.98,"pct":1.85}},"city":{"roads":{"area":1573.73,"pct":6.06},"sidewalks":{"area":480.98,"pct":1.85}},"id":"hex:3548:24452"},"type":"Feature"},{"geometry":{"coordinates":[[[-122.63077,38.26591],[-122.63134,38.2667],[-122.63248,38.2667],[-122.63306,38.26592],[-122.63249,38.26514],[-122.63135,38.26514],[-122.63077,38.26591]]],"type":"Polygon"},"properties":{"bbox":{"roads":{"area":2402.72,"pct":9.25}},"city_same":1,"id":"hex:3548:24453"},"type":"Feature"},{"geometry":{"coordinates":[[[-122.63076,38.26747],[-122.63133,38.26826],[-122.63247,38.26826],[-122.63305,38.26748],[-122.63248,38.2667],[-122.63134,38.2667],[-122.63076,38.26747]]],"type":"Polygon"},"properties":{"bbox":{"roads":{"area":2747.87,"pct":10.58}},"city_same":1,"id":"hex:3548:24454"},"type":"Feature"},{"geometry":{"coordinates":[[[-122.63075,38.26904],[-122.63132,38.26982],[-122.63247,38.26982],[-122.63304,38.26904],[-122.63247,38.26826],[-122.63133,38.26826],[-122.63075,38.26904]]],"type":"Polygon"},"properties":{"bbox":{"roads":{"area":1700.75,"pct":6.55}},"city_same":1,"id":"hex:3548:24455"},"type":"Feature"},{"geometry":{"coordinates":[[[-122.63132,38.26982],[-122.63247,38.26982],[-122.63303,38.2706],[-122.63268,38.27108],[-122.63103,38.27022],[-122.63132,38.26982]]],"type":"Polygon"},"properties":{"bbox":{"roads":{"area":199.01,"pct":1.41}},"city_same":1,"id":"hex:3548:24456"},"type":"Feature"},{"geometry":{"coordinates":[[[-122.62935,38.20893],[-122.62991,38.20971],[-122.63105,38.20972],[-122.63163,38.20894],[-122.63106,38.20816],[-122.62992,38.20815],[-122.62935,38.20893]]],"type":"Polygon"},"properties":{"bbox":{"roads":{"area":177.44,"pct":0.68}},"city_same":1,"id":"hex:3549:24416"},"type":"Feature"},{"geometry":{"coordinates":[[[-122.62934,38.21049],[-122.6299,38.21128],[-122.63105,38.21128],[-122.63162,38.2105],[-122.63105,38.20972],[-122.62991,38.20971],[-122.62934,38.21049]]],"type":"Polygon"},"properties":{"bbox":{"roads":{"area":1553.76,"pct":5.98}},"city_same":1,"id":"hex:3549:24417"},"type":"Feature"},{"geometry":{"coordinates":[[[-122.62933,38.21205],[-122.6299,38.21284],[-122.63104,38.21284],[-122.63161,38.21206],[-122.63105,38.21128],[-122.6299,38.21128],[-122.62933,38.21205]]],"type":"Polygon"},"properties":{"bbox":{"roads":{"area":1364.18,"pct":5.25}},"city_same":1,"id":"hex:3549:24418"},"type":"Feature"},{"geometry":{"coordinates":[[[-122.62932,38.21362],[-122.62989,38.2144],[-122.63103,38.2144],[-122.63161,38.21362],[-122.63104,38.21284],[-122.6299,38.21284],[-122.62932,38.21362]]],"type":"Polygon"},"properties":{"bbox":{"roads":{"area":2383.78,"pct":9.18}},"city_same":1,"id":"hex:3549:24419"},"type":"Feature"},{"geometry":{"coordinates":[[[-122.62931,38.21518],[-122.62988,38.21596],[-122.63102,38.21596],[-122.6316,38.21518],[-122.63103,38.2144],[-122.62989,38.2144],[-122.62931,38.21518]]],"type":"Polygon"},"properties":{"bbox":{"roads":{"area":2124.81,"pct":8.18}},"city_same":1,"id":"hex:3549:24420"},"type":"Feature"},{"geometry":{"coordinates":[[[-122.62931,38.21674],[-122.62987,38.21752],[-122.63102,38.21752],[-122.63159,38.21674],[-122.63102,38.21596],[-122.62988,38.21596],[-122.62931,38.21674]]],"type":"Polygon"},"properties":{"bbox":{"roads":{"area":1065.51,"pct":4.1}},"city_same":1,"id":"hex:3549:24421"},"type":"Feature"},{"geometry":{"coordinates":[[[-122.6293,38.2183],[-122.62987,38.21908],[-122.63101,38.21908],[-122.63158,38.21831],[-122.63102,38.21752],[-122.62987,38.21752],[-122.6293,38.2183]]],"type":"Polygon"},"properties":{"bbox":{"roads":{"area":2568.61,"pct":9.89}},"city_same":1,"id":"hex:3549:24422"},"type":"Feature"},{"geometry":{"coordinates":[[[-122.62929,38.21986],[-122.62986,38.22064],[-122.631,38.22065],[-122.63157,38.21987],[-122.63101,38.21908],[-122.62987,38.21908],[-122.62929,38.21986]]],"type":"Polygon"},"properties":{"bbox":{"roads":{"area":241.46,"pct":0.93}},"city_same":1,"id":"hex:3549:24423"},"type":"Feature"},{"geometry":{"coordinates":[[[-122.62928,38.22142],[-122.62985,38.2222],[-122.63099,38.22221],[-122.63157,38.22143],[-122.631,38.22065],[-122.62986,38.22064],[-122.62928,38.22142]]],"type":"Polygon"},"properties":{"bbox":{"roads":{"area":2488.91,"pct":9.58},"sidewalks":{"area":366.58,"pct":1.41}},"city_same":1,"id":"hex:3549:24424"},"type":"Feature"},{"geometry":{"coordinates":[[[-122.62927,38.22298],[-122.62984,38.22376],[-122.63098,38.22377],[-122.63156,38.22299],[-122.63099,38.22221],[-122.62985,38.2222],[-122.62927,38.22298]]],"type":"Polygon"},"properties":{"bbox":{"roads":{"area":1122.54,"pct":4.32},"sidewalks":{"area":70.08,"pct":0.27}},"city_same":1,"id":"hex:3549:24425"},"type":"Feature"},{"geometry":{"coordinates":[[[-122.62927,38.22454],[-122.62983,38.22532],[-122.63098,38.22533],[-122.63155,38.22455],[-122.63098,38.22377],[-122.62984,38.22376],[-122.62927,38.22454]]],"type":"Polygon"},"properties":{"bbox":{"roads":{"area":1766.46,"pct":6.8},"sidewalks":{"area":414.43,"pct":1.6}},"city_same":1,"id":"hex:3549:24426"},"type":"Feature"},{"geometry":{"coordinates":[[[-122.62926,38.2261],[-122.62983,38.22689],[-122.63097,38.22689],[-122.63154,38.22611],[-122.63098,38.22533],[-122.62983,38.22532],[-122.62926,38.2261]]],"type":"Polygon"},"properties":{"bbox":{"roads":{"area":1407.87,"pct":5.42}},"city_same":1,"id":"hex:3549:24427"},"type":"Feature"},{"geometry":{"coordinates":[[[-122.62925,38.22766],[-122.62982,38.22845],[-122.63096,38.22845],[-122.63154,38.22767],[-122.63097,38.22689],[-122.62983,38.22689],[-122.62925,38.22766]]],"type":"Polygon"},"properties":{"bbox":{"roads":{"area":2181.08,"pct":8.39},"sidewalks":{"area":214.82,"pct":0.83}},"city_same":1,"id":"hex:3549:24428"},"type":"Feature"},{"geometry":{"coordinates":[[[-122.62924,38.22923],[-122.62981,38.23001],[-122.63095,38.23001],[-122.63153,38.22923],[-122.63096,38.22845],[-122.62982,38.22845],[-122.62924,38.22923]]],"type":"Polygon"},"properties":{"bbox":{"roads":{"area":2790.27,"pct":10.74},"sidewalks":{"area":386.67,"pct":1.49}},"city":{"roads":{"area":2124.04,"pct":8.18},"sidewalks":{"area":386.67,"pct":1.49}},"id":"hex:3549:24429"},"type":"Feature"},{"geometry":{"coordinates":[[[-122.62923,38.23079],[-122.6298,38.23157],[-122.63094,38.23157],[-122.63152,38.23079],[-122.63095,38.23001],[-122.62981,38.23001],[-122.62923,38.23079]]],"type":"Polygon"},"properties":{"bbox":{"roads":{"area":3126.66,"pct":12.03},"sidewalks":{"area":277.34,"pct":1.07}},"city":{"roads":{"area":2558.59,"pct":9.85},"sidewalks":{"area":277.34,"pct":1.07}},"id":"hex:3549:24430"},"type":"Feature"},{"geometry":{"coordinates":[[[[-122.63094,38.23313],[-122.62979,38.23313],[-122.62923,38.23235],[-122.62939,38.23213],[-122.63099,38.23306],[-122.63094,38.23313]]],[[[-122.6298,38.23157],[-122.63094,38.23157],[-122.63151,38.23235],[-122.63128,38.23266],[-122.63118,38.23261],[-122.63067,38.23235],[-122.62972,38.23177],[-122.62968,38.23174],[-122.6298,38.23157]]]],"type":"MultiPolygon"},"properties":{"bbox":{"roads":{"area":385,"pct":2.19}},"city_same":1,"id":"hex:3549:24431"},"type":"Feature"},{"geometry":{"coordinates":[[[[-122.63093,38.23469],[-122.62979,38.23469],[-122.62922,38.23391],[-122.62924,38.23389],[-122.62992,38.23403],[-122.63006,38.23399],[-122.63018,38.23404],[-122.63034,38.23415],[-122.63099,38.23434],[-122.63112,38.23443],[-122.63093,38.23469]]],[[[-122.62979,38.23313],[-122.63094,38.23313],[-122.6315,38.23392],[-122.63137,38.23409],[-122.63097,38.23391],[-122.63059,38.23384],[-122.62949,38.23353],[-122.62979,38.23313]]]],"type":"MultiPolygon"},"properties":{"bbox":{"roads":{"area":701.15,"pct":3.72}},"city_same":1,"id":"hex:3549:24432"},"type":"Feature"},{"geometry":{"coordinates":[[[-122.62921,38.23547],[-122.62978,38.23625],[-122.63092,38.23626],[-122.6315,38.23548],[-122.63093,38.23469],[-122.62979,38.23469],[-122.62921,38.23547]]],"type":"Polygon"},"properties":{"bbox":{"parking":{"area":1551.26,"pct":5.97},"roads":{"area":5196.96,"pct":20},"sidewalks":{"area":338.13,"pct":1.3}},"city_same":1,"id":"hex:3549:24433"},"type":"Feature"},{"geometry":{"coordinates":[[[-122.6292,38.23703],[-122.62977,38.23781],[-122.63091,38.23782],[-122.63149,38.23704],[-122.63092,38.23626],[-122.62978,38.23625],[-122.6292,38.23703]]],"type":"Polygon"},"properties":{"bbox":{"parking":{"area":272.97,"pct":1.05},"roads":{"area":2216.86,"pct":8.53},"sidewalks":{"area":301.67,"pct":1.16}},"city_same":1,"id":"hex:3549:24434"},"type":"Feature"},{"geometry":{"coordinates":[[[-122.62919,38.23859],[-122.62976,38.23937],[-122.6309,38.23938],[-122.63148,38.2386],[-122.63091,38.23782],[-122.62977,38.23781],[-122.62919,38.23859]]],"type":"Polygon"},"properties":{"bbox":{"roads":{"area":3135.74,"pct":12.07}},"city_same":1,"id":"hex:3549:24435"},"type":"Feature"},{"geometry":{"coordinates":[[[-122.62919,38.24015],[-122.62975,38.24093],[-122.6309,38.24094],[-122.63147,38.24016],[-122.6309,38.23938],[-122.62976,38.23937],[-122.62919,38.24015]]],"type":"Polygon"},"properties":{"bbox":{"roads":{"area":3383.38,"pct":13.02},"sidewalks":{"area":412.22,"pct":1.59}},"city":{"roads":{"area":1147.49,"pct":4.42},"sidewalks":{"area":412.22,"pct":1.59}},"id":"hex:3549:24436"},"type":"Feature"},{"geometry":{"coordinates":[[[-122.62918,38.24171],[-122.62975,38.2425],[-122.63089,38.2425],[-122.63146,38.24172],[-122.6309,38.24094],[-122.62975,38.24093],[-122.62918,38.24171]]],"type":"Polygon"},"properties":{"bbox":{"parking":{"area":769.94,"pct":2.96},"roads":{"area":3795.27,"pct":14.61},"sidewalks":{"area":410.87,"pct":1.58}},"city":{"parking":{"area":769.94,"pct":2.96},"roads":{"area":3088.12,"pct":11.89},"sidewalks":{"area":410.87,"pct":1.58}},"id":"hex:3549:24437"},"type":"Feature"},{"geometry":{"coordinates":[[[-122.62917,38.24327],[-122.62974,38.24406],[-122.63088,38.24406],[-122.63146,38.24328],[-122.63089,38.2425],[-122.62975,38.2425],[-122.62917,38.24327]]],"type":"Polygon"},"properties":{"bbox":{"parking":{"area":13004.16,"pct":50.05},"roads":{"area":6536.29,"pct":25.16},"sidewalks":{"area":521.73,"pct":2.01}},"city_same":1,"id":"hex:3549:24438"},"type":"Feature"},{"geometry":{"coordinates":[[[-122.62916,38.24484],[-122.62973,38.24562],[-122.63087,38.24562],[-122.63145,38.24484],[-122.63088,38.24406],[-122.62974,38.24406],[-122.62916,38.24484]]],"type":"Polygon"},"properties":{"bbox":{"roads":{"area":6022.74,"pct":23.18},"sidewalks":{"area":309.4,"pct":1.19}},"city_same":1,"id":"hex:3549:24439"},"type":"Feature"},{"geometry":{"coordinates":[[[-122.62916,38.2464],[-122.62972,38.24718],[-122.63087,38.24718],[-122.63144,38.2464],[-122.63087,38.24562],[-122.62973,38.24562],[-122.62916,38.2464]]],"type":"Polygon"},"properties":{"bbox":{"roads":{"area":1820.92,"pct":7.01}},"city_same":1,"id":"hex:3549:24440"},"type":"Feature"},{"geometry":{"coordinates":[[[-122.62915,38.24796],[-122.62971,38.24874],[-122.63086,38.24874],[-122.63143,38.24796],[-122.63087,38.24718],[-122.62972,38.24718],[-122.62915,38.24796]]],"type":"Polygon"},"properties":{"bbox":{"roads":{"area":7092.71,"pct":27.3}},"city":{"roads":{"area":1395.36,"pct":5.37}},"id":"hex:3549:24441"},"type":"Feature"},{"geometry":{"coordinates":[[[-122.62914,38.24952],[-122.62971,38.2503],[-122.63085,38.2503],[-122.63142,38.24953],[-122.63086,38.24874],[-122.62971,38.24874],[-122.62914,38.24952]]],"type":"Polygon"},"properties":{"bbox":{"parking":{"area":16494.19,"pct":63.49},"roads":{"area":4333.26,"pct":16.68}},"city":{"parking":{"area":16494.19,"pct":63.49},"roads":{"area":4332.16,"pct":16.67}},"id":"hex:3549:24442"},"type":"Feature"},{"geometry":{"coordinates":[[[-122.62913,38.25108],[-122.62971,38.2503],[-122.63085,38.2503],[-122.63142,38.25109],[-122.63084,38.25187],[-122.6299,38.25186],[-122.6299,38.25185],[-122.62981,38.25178],[-122.62969,38.25173],[-122.62958,38.2517],[-122.62913,38.25108]]],"type":"Polygon"},"properties":{"bbox":{"parking":{"area":12443.01,"pct":48.32},"roads":{"area":7140.75,"pct":27.73},"sidewalks":{"area":54.09,"pct":0.21}},"city":{"parking":{"area":12443.01,"pct":48.32},"roads":{"area":4446.6,"pct":17.27},"sidewalks":{"area":54.09,"pct":0.21}},"id":"hex:3549:24443"},"type":"Feature"},{"geometry":{"coordinates":[[[-122.63084,38.25187],[-122.63141,38.25265],[-122.63083,38.25343],[-122.62988,38.25342],[-122.62988,38.2534],[-122.62978,38.25334],[-122.62972,38.25315],[-122.6295,38.25303],[-122.62942,38.25295],[-122.6294,38.25286],[-122.6294,38.25275],[-122.62943,38.25266],[-122.62948,38.2526],[-122.62958,38.25254],[-122.62972,38.25249],[-122.62979,38.25249],[-122.62993,38.25251],[-122.63005,38.25239],[-122.62999,38.2523],[-122.62996,38.25226],[-122.63,38.25204],[-122.62996,38.25193],[-122.6299,38.25186],[-122.63084,38.25187]]],"type":"Polygon"},"properties":{"bbox":{"parking":{"area":5503.91,"pct":26.24},"roads":{"area":2183.04,"pct":10.41},"sidewalks":{"area":148.99,"pct":0.71}},"city":{"parking":{"area":5503.91,"pct":26.24},"roads":{"area":1605.33,"pct":7.65},"sidewalks":{"area":148.99,"pct":0.71}},"id":"hex:3549:24444"},"type":"Feature"},{"geometry":{"coordinates":[[[-122.63083,38.25343],[-122.6314,38.25421],[-122.63083,38.25499],[-122.62968,38.25498],[-122.62912,38.2542],[-122.62951,38.25366],[-122.62955,38.25366],[-122.62971,38.25363],[-122.62983,38.25357],[-122.62989,38.25348],[-122.62988,38.25342],[-122.63083,38.25343]]],"type":"Polygon"},"properties":{"bbox":{"parking":{"area":405.74,"pct":1.59},"roads":{"area":878.55,"pct":3.44}},"city_same":1,"id":"hex:3549:24445"},"type":"Feature"},{"geometry":{"coordinates":[[[-122.62911,38.25576],[-122.62968,38.25654],[-122.63082,38.25655],[-122.63139,38.25577],[-122.63083,38.25499],[-122.62968,38.25498],[-122.62911,38.25576]]],"type":"Polygon"},"properties":{"bbox":{"roads":{"area":2087.45,"pct":8.03}},"city_same":1,"id":"hex:3549:24446"},"type":"Feature"},{"geometry":{"coordinates":[[[-122.6291,38.25732],[-122.62967,38.25811],[-122.63081,38.25811],[-122.63139,38.25733],[-122.63082,38.25655],[-122.62968,38.25654],[-122.6291,38.25732]]],"type":"Polygon"},"properties":{"bbox":{"roads":{"area":3050.19,"pct":11.74},"sidewalks":{"area":51,"pct":0.2}},"city_same":1,"id":"hex:3549:24447"},"type":"Feature"},{"geometry":{"coordinates":[[[-122.62909,38.25888],[-122.62966,38.25967],[-122.6308,38.25967],[-122.63138,38.25889],[-122.63081,38.25811],[-122.62967,38.25811],[-122.62909,38.25888]]],"type":"Polygon"},"properties":{"bbox":{"roads":{"area":2279.65,"pct":8.77}},"city_same":1,"id":"hex:3549:24448"},"type":"Feature"},{"geometry":{"coordinates":[[[-122.62908,38.26045],[-122.62965,38.26123],[-122.63079,38.26123],[-122.63137,38.26045],[-122.6308,38.25967],[-122.62966,38.25967],[-122.62908,38.26045]]],"type":"Polygon"},"properties":{"bbox":{"roads":{"area":2987.05,"pct":11.5},"sidewalks":{"area":302.44,"pct":1.16}},"city_same":1,"id":"hex:3549:24449"},"type":"Feature"},{"geometry":{"coordinates":[[[-122.62908,38.26201],[-122.62964,38.26279],[-122.63079,38.26279],[-122.63136,38.26201],[-122.63079,38.26123],[-122.62965,38.26123],[-122.62908,38.26201]]],"type":"Polygon"},"properties":{"bbox":{"roads":{"area":3667.4,"pct":14.12},"sidewalks":{"area":625.1,"pct":2.41}},"city":{"roads":{"area":2779,"pct":10.7},"sidewalks":{"area":625.1,"pct":2.41}},"id":"hex:3549:24450"},"type":"Feature"},{"geometry":{"coordinates":[[[-122.62907,38.26357],[-122.62964,38.26435],[-122.63078,38.26435],[-122.63135,38.26357],[-122.63079,38.26279],[-122.62964,38.26279],[-122.62907,38.26357]]],"type":"Polygon"},"properties":{"bbox":{"roads":{"area":3815.86,"pct":14.69},"sidewalks":{"area":383.4,"pct":1.48}},"city":{"roads":{"area":1654.1,"pct":6.37},"sidewalks":{"area":383.4,"pct":1.48}},"id":"hex:3549:24451"},"type":"Feature"},{"geometry":{"coordinates":[[[-122.62906,38.26513],[-122.62963,38.26591],[-122.63077,38.26591],[-122.63135,38.26514],[-122.63078,38.26435],[-122.62964,38.26435],[-122.62906,38.26513]]],"type":"Polygon"},"properties":{"bbox":{"roads":{"area":2937.61,"pct":11.31}},"city_same":1,"id":"hex:3549:24452"},"type":"Feature"},{"geometry":{"coordinates":[[[-122.62905,38.26669],[-122.62962,38.26747],[-122.63076,38.26747],[-122.63134,38.2667],[-122.63077,38.26591],[-122.62963,38.26591],[-122.62905,38.26669]]],"type":"Polygon"},"properties":{"bbox":{"roads":{"area":2845.5,"pct":10.95},"sidewalks":{"area":735.44,"pct":2.83}},"city_same":1,"id":"hex:3549:24453"},"type":"Feature"},{"geometry":{"coordinates":[[[-122.62904,38.26825],[-122.62961,38.26903],[-122.63075,38.26904],[-122.63133,38.26826],[-122.63076,38.26747],[-122.62962,38.26747],[-122.62904,38.26825]]],"type":"Polygon"},"properties":{"bbox":{"roads":{"area":2314.82,"pct":8.91},"sidewalks":{"area":209.18,"pct":0.81}},"city_same":1,"id":"hex:3549:24454"},"type":"Feature"},{"geometry":{"coordinates":[[[-122.62763,38.20971],[-122.6282,38.21049],[-122.62934,38.21049],[-122.62991,38.20971],[-122.62935,38.20893],[-122.6282,38.20893],[-122.62763,38.20971]]],"type":"Polygon"},"properties":{"bbox":{"roads":{"area":1158.84,"pct":4.46}},"city_same":1,"id":"hex:3550:24417"},"type":"Feature"},{"geometry":{"coordinates":[[[-122.62762,38.21127],[-122.62819,38.21205],[-122.62933,38.21205],[-122.6299,38.21128],[-122.62934,38.21049],[-122.6282,38.21049],[-122.62762,38.21127]]],"type":"Polygon"},"properties":{"bbox":{"roads":{"area":1654.3,"pct":6.37}},"city_same":1,"id":"hex:3550:24418"},"type":"Feature"},{"geometry":{"coordinates":[[[-122.62819,38.21205],[-122.62933,38.21205],[-122.6299,38.21284],[-122.62932,38.21362],[-122.62877,38.21361],[-122.62852,38.21327],[-122.62842,38.21312],[-122.62835,38.21302],[-122.62814,38.21272],[-122.62806,38.21261],[-122.62804,38.21257],[-122.62796,38.21246],[-122.62793,38.21242],[-122.62792,38.21241],[-122.62819,38.21205]]],"type":"Polygon"},"properties":{"bbox":{"roads":{"area":1996.08,"pct":9.87}},"city_same":1,"id":"hex:3550:24419"},"type":"Feature"},{"geometry":{"coordinates":[[[-122.62932,38.21362],[-122.62989,38.2144],[-122.62931,38.21518],[-122.62817,38.21517],[-122.62788,38.21478],[-122.62913,38.21425],[-122.6292,38.21424],[-122.62903,38.21399],[-122.62892,38.21383],[-122.62882,38.21369],[-122.62877,38.21361],[-122.62932,38.21362]]],"type":"Polygon"},"properties":{"bbox":{"roads":{"area":1584.87,"pct":10.22}},"city_same":1,"id":"hex:3550:24420"},"type":"Feature"},{"geometry":{"coordinates":[[[-122.62816,38.21673],[-122.62931,38.21674],[-122.62987,38.21752],[-122.6293,38.2183],[-122.62816,38.21829],[-122.62775,38.21773],[-122.62775,38.21729],[-122.62816,38.21673]]],"type":"Polygon"},"properties":{"bbox":{"roads":{"area":493.58,"pct":1.93}},"city_same":1,"id":"hex:3550:24422"},"type":"Feature"},{"geometry":{"coordinates":[[[-122.62816,38.21829],[-122.6293,38.2183],[-122.62987,38.21908],[-122.62929,38.21986],[-122.62815,38.21986],[-122.62773,38.21929],[-122.62774,38.21886],[-122.62816,38.21829]]],"type":"Polygon"},"properties":{"bbox":{"roads":{"area":1506.83,"pct":5.87}},"city_same":1,"id":"hex:3550:24423"},"type":"Feature"},{"geometry":{"coordinates":[[[-122.62757,38.22063],[-122.62814,38.22142],[-122.62928,38.22142],[-122.62986,38.22064],[-122.62929,38.21986],[-122.62815,38.21986],[-122.62757,38.22063]]],"type":"Polygon"},"properties":{"bbox":{"roads":{"area":1587.07,"pct":6.11},"sidewalks":{"area":474.88,"pct":1.83}},"city_same":1,"id":"hex:3550:24424"},"type":"Feature"},{"geometry":{"coordinates":[[[-122.62756,38.2222],[-122.62813,38.22298],[-122.62927,38.22298],[-122.62985,38.2222],[-122.62928,38.22142],[-122.62814,38.22142],[-122.62756,38.2222]]],"type":"Polygon"},"properties":{"bbox":{"roads":{"area":3102.3,"pct":11.94},"sidewalks":{"area":492.69,"pct":1.9}},"city_same":1,"id":"hex:3550:24425"},"type":"Feature"},{"geometry":{"coordinates":[[[-122.62756,38.22376],[-122.62812,38.22454],[-122.62927,38.22454],[-122.62984,38.22376],[-122.62927,38.22298],[-122.62813,38.22298],[-122.62756,38.22376]]],"type":"Polygon"},"properties":{"bbox":{"roads":{"area":1810.41,"pct":6.97},"sidewalks":{"area":477.51,"pct":1.84}},"city_same":1,"id":"hex:3550:24426"},"type":"Feature"},{"geometry":{"coordinates":[[[-122.62755,38.22532],[-122.62812,38.2261],[-122.62926,38.2261],[-122.62983,38.22532],[-122.62927,38.22454],[-122.62812,38.22454],[-122.62755,38.22532]]],"type":"Polygon"},"properties":{"bbox":{"roads":{"area":2220.42,"pct":8.55},"sidewalks":{"area":79.55,"pct":0.31}},"city_same":1,"id":"hex:3550:24427"},"type":"Feature"},{"geometry":{"coordinates":[[[-122.62754,38.22688],[-122.62811,38.22766],[-122.62925,38.22766],[-122.62983,38.22689],[-122.62926,38.2261],[-122.62812,38.2261],[-122.62754,38.22688]]],"type":"Polygon"},"properties":{"bbox":{"roads":{"area":1713.3,"pct":6.59}},"city_same":1,"id":"hex:3550:24428"},"type":"Feature"},{"geometry":{"coordinates":[[[-122.62753,38.22844],[-122.6281,38.22922],[-122.62924,38.22923],[-122.62982,38.22845],[-122.62925,38.22766],[-122.62811,38.22766],[-122.62753,38.22844]]],"type":"Polygon"},"properties":{"bbox":{"roads":{"area":1552.04,"pct":5.97},"sidewalks":{"area":121.67,"pct":0.47}},"city":{"roads":{"area":1239.71,"pct":4.77},"sidewalks":{"area":121.67,"pct":0.47}},"id":"hex:3550:24429"},"type":"Feature"},{"geometry":{"coordinates":[[[-122.6281,38.22922],[-122.62924,38.22923],[-122.62981,38.23001],[-122.62923,38.23079],[-122.62864,38.23078],[-122.62841,38.23051],[-122.62832,38.23024],[-122.62805,38.22982],[-122.62784,38.22958],[-122.6281,38.22922]]],"type":"Polygon"},"properties":{"bbox":{"roads":{"area":2243.72,"pct":11.08},"sidewalks":{"area":341.43,"pct":1.69}},"city":{"roads":{"area":1389.47,"pct":6.86},"sidewalks":{"area":341.43,"pct":1.69}},"id":"hex:3550:24430"},"type":"Feature"},{"geometry":{"coordinates":[[[-122.62922,38.23391],[-122.62979,38.23469],[-122.62921,38.23547],[-122.62807,38.23547],[-122.6275,38.23468],[-122.62808,38.2339],[-122.62826,38.23391],[-122.62805,38.23459],[-122.62837,38.23467],[-122.6284,38.23448],[-122.62833,38.23439],[-122.62845,38.23437],[-122.62873,38.23391],[-122.62922,38.23391]]],"type":"Polygon"},"properties":{"bbox":{"roads":{"area":1456.73,"pct":6.21}},"city_same":1,"id":"hex:3550:24433"},"type":"Feature"},{"geometry":{"coordinates":[[[-122.62749,38.23624],[-122.62806,38.23703],[-122.6292,38.23703],[-122.62978,38.23625],[-122.62921,38.23547],[-122.62807,38.23547],[-122.62749,38.23624]]],"type":"Polygon"},"properties":{"bbox":{"roads":{"area":2261.89,"pct":8.71},"sidewalks":{"area":271.41,"pct":1.04}},"city_same":1,"id":"hex:3550:24434"},"type":"Feature"},{"geometry":{"coordinates":[[[-122.62748,38.23781],[-122.62805,38.23859],[-122.62919,38.23859],[-122.62977,38.23781],[-122.6292,38.23703],[-122.62806,38.23703],[-122.62748,38.23781]]],"type":"Polygon"},"properties":{"bbox":{"roads":{"area":1813.67,"pct":6.98}},"city_same":1,"id":"hex:3550:24435"},"type":"Feature"},{"geometry":{"coordinates":[[[-122.62748,38.23937],[-122.62804,38.24015],[-122.62919,38.24015],[-122.62976,38.23937],[-122.62919,38.23859],[-122.62805,38.23859],[-122.62748,38.23937]]],"type":"Polygon"},"properties":{"bbox":{"roads":{"area":3970.79,"pct":15.28},"sidewalks":{"area":225.96,"pct":0.87}},"city":{"roads":{"area":1513.93,"pct":5.83},"sidewalks":{"area":225.96,"pct":0.87}},"id":"hex:3550:24436"},"type":"Feature"},{"geometry":{"coordinates":[[[-122.62747,38.24093],[-122.62804,38.24171],[-122.62918,38.24171],[-122.62975,38.24093],[-122.62919,38.24015],[-122.62804,38.24015],[-122.62747,38.24093]]],"type":"Polygon"},"properties":{"bbox":{"roads":{"area":1267.3,"pct":4.88},"sidewalks":{"area":34.48,"pct":0.13}},"city":{"roads":{"area":1244.6,"pct":4.79},"sidewalks":{"area":34.48,"pct":0.13}},"id":"hex:3550:24437"},"type":"Feature"},{"geometry":{"coordinates":[[[-122.62746,38.24249],[-122.62803,38.24327],[-122.62917,38.24327],[-122.62975,38.2425],[-122.62918,38.24171],[-122.62804,38.24171],[-122.62746,38.24249]]],"type":"Polygon"},"properties":{"bbox":{"parking":{"area":1510.62,"pct":5.81},"roads":{"area":247.9,"pct":0.95}},"city_same":1,"id":"hex:3550:24438"},"type":"Feature"},{"geometry":{"coordinates":[[[-122.62745,38.24405],[-122.62802,38.24483],[-122.62916,38.24484],[-122.62974,38.24406],[-122.62917,38.24327],[-122.62803,38.24327],[-122.62745,38.24405]]],"type":"Polygon"},"properties":{"bbox":{"parking":{"area":6829.59,"pct":26.29},"roads":{"area":4160.61,"pct":16.01},"sidewalks":{"area":353.05,"pct":1.36}},"city_same":1,"id":"hex:3550:24439"},"type":"Feature"},{"geometry":{"coordinates":[[[-122.62744,38.24561],[-122.62801,38.24639],[-122.62916,38.2464],[-122.62973,38.24562],[-122.62916,38.24484],[-122.62802,38.24483],[-122.62744,38.24561]]],"type":"Polygon"},"properties":{"bbox":{"parking":{"area":3442.13,"pct":13.25},"roads":{"area":6773.19,"pct":26.07},"sidewalks":{"area":247.65,"pct":0.95}},"city":{"parking":{"area":3442.13,"pct":13.25},"roads":{"area":4989.1,"pct":19.2},"sidewalks":{"area":247.65,"pct":0.95}},"id":"hex:3550:24440"},"type":"Feature"},{"geometry":{"coordinates":[[[-122.62744,38.24717],[-122.628,38.24795],[-122.62915,38.24796],[-122.62972,38.24718],[-122.62916,38.2464],[-122.62801,38.24639],[-122.62744,38.24717]]],"type":"Polygon"},"properties":{"bbox":{"roads":{"area":7532.48,"pct":28.99}},"city":{"roads":{"area":1729.68,"pct":6.66}},"id":"hex:3550:24441"},"type":"Feature"},{"geometry":{"coordinates":[[[-122.62743,38.24873],[-122.628,38.24951],[-122.62914,38.24952],[-122.62971,38.24874],[-122.62915,38.24796],[-122.628,38.24795],[-122.62743,38.24873]]],"type":"Polygon"},"properties":{"bbox":{"parking":{"area":14931.62,"pct":57.47},"roads":{"area":3512.93,"pct":13.52}},"city":{"parking":{"area":14931.62,"pct":57.47},"roads":{"area":3488.7,"pct":13.43}},"id":"hex:3550:24442"},"type":"Feature"},{"geometry":{"coordinates":[[[-122.62742,38.25029],[-122.62799,38.25108],[-122.62913,38.25108],[-122.62971,38.2503],[-122.62914,38.24952],[-122.628,38.24951],[-122.62742,38.25029]]],"type":"Polygon"},"properties":{"bbox":{"parking":{"area":10566.39,"pct":40.67},"roads":{"area":6780.97,"pct":26.1},"sidewalks":{"area":34.76,"pct":0.13}},"city":{"parking":{"area":10566.39,"pct":40.67},"roads":{"area":3756.39,"pct":14.46},"sidewalks":{"area":34.76,"pct":0.13}},"id":"hex:3550:24443"},"type":"Feature"},{"geometry":{"coordinates":[[[-122.62798,38.25264],[-122.62741,38.25185],[-122.62799,38.25108],[-122.62913,38.25108],[-122.62958,38.2517],[-122.62955,38.25169],[-122.62937,38.25169],[-122.62923,38.25173],[-122.62909,38.25181],[-122.62901,38.2519],[-122.62882,38.25207],[-122.62862,38.2522],[-122.62852,38.25229],[-122.62849,38.25242],[-122.62853,38.25255],[-122.62862,38.25264],[-122.62798,38.25264]]],"type":"Polygon"},"properties":{"bbox":{"roads":{"area":2374.84,"pct":12.12},"sidewalks":{"area":211.49,"pct":1.08}},"city":{"roads":{"area":2341.69,"pct":11.95},"sidewalks":{"area":211.49,"pct":1.08}},"id":"hex:3550:24444"},"type":"Feature"},{"geometry":{"coordinates":[[[-122.62912,38.2542],[-122.62797,38.2542],[-122.62741,38.25342],[-122.62798,38.25264],[-122.62862,38.25264],[-122.62863,38.25265],[-122.62872,38.25272],[-122.62882,38.2528],[-122.62888,38.25293],[-122.6289,38.25302],[-122.62887,38.25314],[-122.62888,38.25326],[-122.62891,38.25336],[-122.62901,38.25348],[-122.62911,38.25357],[-122.6292,38.25362],[-122.6293,38.25365],[-122.62938,38.25367],[-122.62951,38.25366],[-122.62912,38.2542]]],"type":"Polygon"},"properties":{"bbox":{"roads":{"area":426.43,"pct":2.07},"sidewalks":{"area":58.99,"pct":0.29}},"city_same":1,"id":"hex:3550:24445"},"type":"Feature"},{"geometry":{"coordinates":[[[-122.6274,38.25498],[-122.62796,38.25576],[-122.62911,38.25576],[-122.62968,38.25498],[-122.62912,38.2542],[-122.62797,38.2542],[-122.6274,38.25498]]],"type":"Polygon"},"properties":{"bbox":{"roads":{"area":1063.68,"pct":4.09},"sidewalks":{"area":117.72,"pct":0.45}},"city_same":1,"id":"hex:3550:24446"},"type":"Feature"},{"geometry":{"coordinates":[[[-122.62739,38.25654],[-122.62796,38.25732],[-122.6291,38.25732],[-122.62968,38.25654],[-122.62911,38.25576],[-122.62796,38.25576],[-122.62739,38.25654]]],"type":"Polygon"},"properties":{"bbox":{"roads":{"area":2426.25,"pct":9.34},"sidewalks":{"area":598.17,"pct":2.3}},"city_same":1,"id":"hex:3550:24447"},"type":"Feature"},{"geometry":{"coordinates":[[[-122.62738,38.2581],[-122.62795,38.25888],[-122.62909,38.25888],[-122.62967,38.25811],[-122.6291,38.25732],[-122.62796,38.25732],[-122.62738,38.2581]]],"type":"Polygon"},"properties":{"bbox":{"roads":{"area":2022.54,"pct":7.78}},"city_same":1,"id":"hex:3550:24448"},"type":"Feature"},{"geometry":{"coordinates":[[[-122.62737,38.25966],[-122.62794,38.26044],[-122.62908,38.26045],[-122.62966,38.25967],[-122.62909,38.25888],[-122.62795,38.25888],[-122.62737,38.25966]]],"type":"Polygon"},"properties":{"bbox":{"roads":{"area":2457.39,"pct":9.46}},"city_same":1,"id":"hex:3550:24449"},"type":"Feature"},{"geometry":{"coordinates":[[[-122.62737,38.26122],[-122.62793,38.262],[-122.62908,38.26201],[-122.62965,38.26123],[-122.62908,38.26045],[-122.62794,38.26044],[-122.62737,38.26122]]],"type":"Polygon"},"properties":{"bbox":{"roads":{"area":3720.35,"pct":14.32},"sidewalks":{"area":356.5,"pct":1.37}},"city":{"roads":{"area":1668.52,"pct":6.42},"sidewalks":{"area":356.5,"pct":1.37}},"id":"hex:3550:24450"},"type":"Feature"},{"geometry":{"coordinates":[[[-122.62736,38.26278],[-122.62792,38.26356],[-122.62907,38.26357],[-122.62964,38.26279],[-122.62908,38.26201],[-122.62793,38.262],[-122.62736,38.26278]]],"type":"Polygon"},"properties":{"bbox":{"roads":{"area":4205.73,"pct":16.19},"sidewalks":{"area":320.55,"pct":1.23}},"city":{"roads":{"area":2928.36,"pct":11.27},"sidewalks":{"area":320.55,"pct":1.23}},"id":"hex:3550:24451"},"type":"Feature"},{"geometry":{"coordinates":[[[-122.62735,38.26434],[-122.62792,38.26512],[-122.62906,38.26513],[-122.62964,38.26435],[-122.62907,38.26357],[-122.62792,38.26356],[-122.62735,38.26434]]],"type":"Polygon"},"properties":{"bbox":{"roads":{"area":2666.99,"pct":10.27},"sidewalks":{"area":4.08,"pct":0.02}},"city_same":1,"id":"hex:3550:24452"},"type":"Feature"},{"geometry":{"coordinates":[[[-122.62734,38.2659],[-122.62791,38.26669],[-122.62905,38.26669],[-122.62963,38.26591],[-122.62906,38.26513],[-122.62792,38.26512],[-122.62734,38.2659]]],"type":"Polygon"},"properties":{"bbox":{"roads":{"area":1753.91,"pct":6.75},"sidewalks":{"area":195.61,"pct":0.75}},"city_same":1,"id":"hex:3550:24453"},"type":"Feature"},{"geometry":{"coordinates":[[[-122.62733,38.26746],[-122.6279,38.26825],[-122.62904,38.26825],[-122.62962,38.26747],[-122.62905,38.26669],[-122.62791,38.26669],[-122.62733,38.26746]]],"type":"Polygon"},"properties":{"bbox":{"roads":{"area":1382.53,"pct":5.32},"sidewalks":{"area":393.43,"pct":1.51}},"city_same":1,"id":"hex:3550:24454"},"type":"Feature"},{"geometry":{"coordinates":[[[-122.62649,38.2097],[-122.62763,38.20971],[-122.6282,38.21049],[-122.62762,38.21127],[-122.62713,38.21127],[-122.62712,38.21126],[-122.62708,38.21119],[-122.62695,38.21102],[-122.62689,38.21094],[-122.6266,38.21055],[-122.62636,38.2102],[-122.62625,38.21003],[-122.62649,38.2097]]],"type":"Polygon"},"properties":{"bbox":{"roads":{"area":1566.19,"pct":7.99}},"city_same":1,"id":"hex:3551:24417"},"type":"Feature"},{"geometry":{"coordinates":[[[-122.62762,38.21127],[-122.62819,38.21205],[-122.62792,38.21241],[-122.62791,38.2124],[-122.62788,38.21234],[-122.62786,38.21232],[-122.62784,38.21229],[-122.62777,38.21218],[-122.62774,38.21215],[-122.62763,38.21199],[-122.62729,38.2115],[-122.62718,38.21134],[-122.62713,38.21127],[-122.62762,38.21127]]],"type":"Polygon"},"properties":{"bbox":{"roads":{"area":1001.29,"pct":21.23}},"city_same":1,"id":"hex:3551:24418"},"type":"Feature"},{"geometry":{"coordinates":[[[-122.62815,38.21986],[-122.62757,38.22063],[-122.62643,38.22063],[-122.62587,38.21986],[-122.62604,38.21986],[-122.62739,38.21973],[-122.62773,38.2197],[-122.62773,38.21929],[-122.62815,38.21986]]],"type":"Polygon"},"properties":{"bbox":{"roads":{"area":889.01,"pct":5.79}},"city_same":1,"id":"hex:3551:24423"},"type":"Feature"},{"geometry":{"coordinates":[[[-122.62585,38.22141],[-122.62642,38.22219],[-122.62756,38.2222],[-122.62814,38.22142],[-122.62757,38.22063],[-122.62643,38.22063],[-122.62585,38.22141]]],"type":"Polygon"},"properties":{"bbox":{"roads":{"area":2700.29,"pct":10.39},"sidewalks":{"area":960.61,"pct":3.7}},"city_same":1,"id":"hex:3551:24424"},"type":"Feature"},{"geometry":{"coordinates":[[[-122.62585,38.22297],[-122.62641,38.22375],[-122.62756,38.22376],[-122.62813,38.22298],[-122.62756,38.2222],[-122.62642,38.22219],[-122.62585,38.22297]]],"type":"Polygon"},"properties":{"bbox":{"roads":{"area":1929.08,"pct":7.43},"sidewalks":{"area":737.71,"pct":2.84}},"city_same":1,"id":"hex:3551:24425"},"type":"Feature"},{"geometry":{"coordinates":[[[-122.62584,38.22453],[-122.62641,38.22531],[-122.62755,38.22532],[-122.62812,38.22454],[-122.62756,38.22376],[-122.62641,38.22375],[-122.62584,38.22453]]],"type":"Polygon"},"properties":{"bbox":{"roads":{"area":2495.57,"pct":9.61},"sidewalks":{"area":397.5,"pct":1.53}},"city_same":1,"id":"hex:3551:24426"},"type":"Feature"},{"geometry":{"coordinates":[[[-122.62583,38.22609],[-122.6264,38.22687],[-122.62754,38.22688],[-122.62812,38.2261],[-122.62755,38.22532],[-122.62641,38.22531],[-122.62583,38.22609]]],"type":"Polygon"},"properties":{"bbox":{"roads":{"area":3001.58,"pct":11.55}},"city_same":1,"id":"hex:3551:24427"},"type":"Feature"},{"geometry":{"coordinates":[[[-122.62582,38.22765],[-122.62639,38.22844],[-122.62753,38.22844],[-122.62811,38.22766],[-122.62754,38.22688],[-122.6264,38.22687],[-122.62582,38.22765]]],"type":"Polygon"},"properties":{"bbox":{"roads":{"area":2493.43,"pct":9.6},"sidewalks":{"area":27.35,"pct":0.11}},"city":{"roads":{"area":2466.62,"pct":9.49},"sidewalks":{"area":27.35,"pct":0.11}},"id":"hex:3551:24428"},"type":"Feature"},{"geometry":{"coordinates":[[[[-122.62581,38.22921],[-122.62639,38.22844],[-122.62753,38.22844],[-122.6281,38.22922],[-122.62784,38.22958],[-122.6278,38.22953],[-122.62746,38.22935],[-122.62717,38.22924],[-122.62707,38.22921],[-122.62643,38.22931],[-122.62596,38.22941],[-122.62581,38.22921]]],[[[-122.62638,38.23],[-122.6263,38.22988],[-122.6266,38.22982],[-122.62694,38.23],[-122.62638,38.23]]]],"type":"MultiPolygon"},"properties":{"bbox":{"roads":{"area":2200.54,"pct":13.55},"sidewalks":{"area":440.26,"pct":2.71}},"city":{"roads":{"area":1033.19,"pct":6.36},"sidewalks":{"area":440.26,"pct":2.71}},"id":"hex:3551:24429"},"type":"Feature"},{"geometry":{"coordinates":[[[-122.62808,38.2339],[-122.6275,38.23468],[-122.62636,38.23468],[-122.62579,38.2339],[-122.62637,38.23312],[-122.62682,38.23312],[-122.62736,38.23332],[-122.62758,38.23337],[-122.62773,38.23342],[-122.62808,38.2339]]],"type":"Polygon"},"properties":{"bbox":{"roads":{"area":688.57,"pct":2.76}},"city_same":1,"id":"hex:3551:24432"},"type":"Feature"},{"geometry":{"coordinates":[[[-122.62578,38.23546],[-122.62635,38.23624],[-122.62749,38.23624],[-122.62807,38.23547],[-122.6275,38.23468],[-122.62636,38.23468],[-122.62578,38.23546]]],"type":"Polygon"},"properties":{"bbox":{"roads":{"area":4448.58,"pct":17.12},"sidewalks":{"area":386.02,"pct":1.49}},"city_same":1,"id":"hex:3551:24433"},"type":"Feature"},{"geometry":{"coordinates":[[[-122.62577,38.23702],[-122.62634,38.2378],[-122.62748,38.23781],[-122.62806,38.23703],[-122.62749,38.23624],[-122.62635,38.23624],[-122.62577,38.23702]]],"type":"Polygon"},"properties":{"bbox":{"roads":{"area":2168.64,"pct":8.35}},"city_same":1,"id":"hex:3551:24434"},"type":"Feature"},{"geometry":{"coordinates":[[[-122.62577,38.23858],[-122.62633,38.23936],[-122.62748,38.23937],[-122.62805,38.23859],[-122.62748,38.23781],[-122.62634,38.2378],[-122.62577,38.23858]]],"type":"Polygon"},"properties":{"bbox":{"roads":{"area":4082.16,"pct":15.71}},"city":{"roads":{"area":1613.52,"pct":6.21}},"id":"hex:3551:24435"},"type":"Feature"},{"geometry":{"coordinates":[[[-122.62576,38.24014],[-122.62633,38.24092],[-122.62747,38.24093],[-122.62804,38.24015],[-122.62748,38.23937],[-122.62633,38.23936],[-122.62576,38.24014]]],"type":"Polygon"},"properties":{"bbox":{"roads":{"area":3055.12,"pct":11.76}},"city_same":1,"id":"hex:3551:24436"},"type":"Feature"},{"geometry":{"coordinates":[[[-122.62575,38.2417],[-122.62632,38.24248],[-122.62746,38.24249],[-122.62804,38.24171],[-122.62747,38.24093],[-122.62633,38.24092],[-122.62575,38.2417]]],"type":"Polygon"},"properties":{"bbox":{"roads":{"area":2446.1,"pct":9.42}},"city_same":1,"id":"hex:3551:24437"},"type":"Feature"},{"geometry":{"coordinates":[[[-122.62574,38.24326],[-122.62631,38.24405],[-122.62745,38.24405],[-122.62803,38.24327],[-122.62746,38.24249],[-122.62632,38.24248],[-122.62574,38.24326]]],"type":"Polygon"},"properties":{"bbox":{"parking":{"area":2334.31,"pct":8.98},"roads":{"area":2848.69,"pct":10.96}},"city_same":1,"id":"hex:3551:24438"},"type":"Feature"},{"geometry":{"coordinates":[[[-122.62573,38.24482],[-122.6263,38.24561],[-122.62744,38.24561],[-122.62802,38.24483],[-122.62745,38.24405],[-122.62631,38.24405],[-122.62573,38.24482]]],"type":"Polygon"},"properties":{"bbox":{"parking":{"area":8907,"pct":34.28},"roads":{"area":2754.55,"pct":10.6}},"city_same":1,"id":"hex:3551:24439"},"type":"Feature"},{"geometry":{"coordinates":[[[-122.62573,38.24639],[-122.62629,38.24717],[-122.62744,38.24717],[-122.62801,38.24639],[-122.62744,38.24561],[-122.6263,38.24561],[-122.62573,38.24639]]],"type":"Polygon"},"properties":{"bbox":{"roads":{"area":6404.39,"pct":24.65},"sidewalks":{"area":235.9,"pct":0.91}},"city":{"roads":{"area":1015.76,"pct":3.91},"sidewalks":{"area":235.9,"pct":0.91}},"id":"hex:3551:24440"},"type":"Feature"},{"geometry":{"coordinates":[[[-122.62572,38.24795],[-122.62629,38.24873],[-122.62743,38.24873],[-122.628,38.24795],[-122.62744,38.24717],[-122.62629,38.24717],[-122.62572,38.24795]]],"type":"Polygon"},"properties":{"bbox":{"parking":{"area":1224.43,"pct":4.71},"roads":{"area":5668.58,"pct":21.82},"sidewalks":{"area":183.07,"pct":0.7}},"city":{"parking":{"area":1224.43,"pct":4.71},"roads":{"area":1662.63,"pct":6.4},"sidewalks":{"area":183.07,"pct":0.7}},"id":"hex:3551:24441"},"type":"Feature"},{"geometry":{"coordinates":[[[-122.62571,38.24951],[-122.62628,38.25029],[-122.62742,38.25029],[-122.628,38.24951],[-122.62743,38.24873],[-122.62629,38.24873],[-122.62571,38.24951]]],"type":"Polygon"},"properties":{"bbox":{"parking":{"area":2692.42,"pct":10.36},"roads":{"area":6201.83,"pct":23.87}},"city":{"parking":{"area":2692.42,"pct":10.36},"roads":{"area":2667.6,"pct":10.27}},"id":"hex:3551:24442"},"type":"Feature"},{"geometry":{"coordinates":[[[-122.6257,38.25107],[-122.62627,38.25185],[-122.62741,38.25185],[-122.62799,38.25108],[-122.62742,38.25029],[-122.62628,38.25029],[-122.6257,38.25107]]],"type":"Polygon"},"properties":{"bbox":{"roads":{"area":1961.42,"pct":7.55}},"city_same":1,"id":"hex:3551:24443"},"type":"Feature"},{"geometry":{"coordinates":[[[-122.62569,38.25263],[-122.62626,38.25341],[-122.62741,38.25342],[-122.62798,38.25264],[-122.62741,38.25185],[-122.62627,38.25185],[-122.62569,38.25263]]],"type":"Polygon"},"properties":{"bbox":{"roads":{"area":2906.24,"pct":11.19},"sidewalks":{"area":312.96,"pct":1.2}},"city_same":1,"id":"hex:3551:24444"},"type":"Feature"},{"geometry":{"coordinates":[[[-122.62569,38.25419],[-122.62625,38.25497],[-122.6274,38.25498],[-122.62797,38.2542],[-122.62741,38.25342],[-122.62626,38.25341],[-122.62569,38.25419]]],"type":"Polygon"},"properties":{"bbox":{"roads":{"area":1603.15,"pct":6.17},"sidewalks":{"area":385.95,"pct":1.49}},"city_same":1,"id":"hex:3551:24445"},"type":"Feature"},{"geometry":{"coordinates":[[[-122.62568,38.25575],[-122.62625,38.25653],[-122.62739,38.25654],[-122.62796,38.25576],[-122.6274,38.25498],[-122.62625,38.25497],[-122.62568,38.25575]]],"type":"Polygon"},"properties":{"bbox":{"roads":{"area":1487.73,"pct":5.73},"sidewalks":{"area":323.22,"pct":1.24}},"city_same":1,"id":"hex:3551:24446"},"type":"Feature"},{"geometry":{"coordinates":[[[-122.62567,38.25731],[-122.62624,38.25809],[-122.62738,38.2581],[-122.62796,38.25732],[-122.62739,38.25654],[-122.62625,38.25653],[-122.62567,38.25731]]],"type":"Polygon"},"properties":{"bbox":{"roads":{"area":2970.54,"pct":11.43},"sidewalks":{"area":279.41,"pct":1.08}},"city_same":1,"id":"hex:3551:24447"},"type":"Feature"},{"geometry":{"coordinates":[[[-122.62566,38.25887],[-122.62623,38.25966],[-122.62737,38.25966],[-122.62795,38.25888],[-122.62738,38.2581],[-122.62624,38.25809],[-122.62566,38.25887]]],"type":"Polygon"},"properties":{"bbox":{"roads":{"area":1927.86,"pct":7.42}},"city_same":1,"id":"hex:3551:24448"},"type":"Feature"},{"geometry":{"coordinates":[[[-122.62565,38.26043],[-122.62622,38.26122],[-122.62737,38.26122],[-122.62794,38.26044],[-122.62737,38.25966],[-122.62623,38.25966],[-122.62565,38.26043]]],"type":"Polygon"},"properties":{"bbox":{"roads":{"area":4582.18,"pct":17.64},"sidewalks":{"area":402.02,"pct":1.55}},"city":{"roads":{"area":2112.07,"pct":8.13},"sidewalks":{"area":402.02,"pct":1.55}},"id":"hex:3551:24449"},"type":"Feature"},{"geometry":{"coordinates":[[[-122.62565,38.262],[-122.62621,38.26278],[-122.62736,38.26278],[-122.62793,38.262],[-122.62737,38.26122],[-122.62622,38.26122],[-122.62565,38.262]]],"type":"Polygon"},"properties":{"bbox":{"roads":{"area":2158.04,"pct":8.31},"sidewalks":{"area":105.8,"pct":0.41}},"city":{"roads":{"area":1816.54,"pct":6.99},"sidewalks":{"area":105.8,"pct":0.41}},"id":"hex:3551:24450"},"type":"Feature"},{"geometry":{"coordinates":[[[-122.62564,38.26356],[-122.62621,38.26434],[-122.62735,38.26434],[-122.62792,38.26356],[-122.62736,38.26278],[-122.62621,38.26278],[-122.62564,38.26356]]],"type":"Polygon"},"properties":{"bbox":{"roads":{"area":1785.12,"pct":6.87}},"city_same":1,"id":"hex:3551:24451"},"type":"Feature"},{"geometry":{"coordinates":[[[-122.62563,38.26512],[-122.6262,38.2659],[-122.62734,38.2659],[-122.62792,38.26512],[-122.62735,38.26434],[-122.62621,38.26434],[-122.62563,38.26512]]],"type":"Polygon"},"properties":{"bbox":{"roads":{"area":2403.38,"pct":9.25},"sidewalks":{"area":528.95,"pct":2.04}},"city_same":1,"id":"hex:3551:24452"},"type":"Feature"},{"geometry":{"coordinates":[[[-122.62562,38.26668],[-122.62619,38.26746],[-122.62733,38.26746],[-122.62791,38.26669],[-122.62734,38.2659],[-122.6262,38.2659],[-122.62562,38.26668]]],"type":"Polygon"},"properties":{"bbox":{"roads":{"area":1460.49,"pct":5.62},"sidewalks":{"area":225.95,"pct":0.87}},"city_same":1,"id":"hex:3551:24453"},"type":"Feature"},{"geometry":{"coordinates":[[[-122.62649,38.20814],[-122.62592,38.20892],[-122.62544,38.20892],[-122.6254,38.20887],[-122.62528,38.2087],[-122.62519,38.20856],[-122.62491,38.20817],[-122.62479,38.20797],[-122.62475,38.20792],[-122.62466,38.20779],[-122.6246,38.20767],[-122.62458,38.20764],[-122.62471,38.20746],[-122.626,38.20746],[-122.62649,38.20814]]],"type":"Polygon"},"properties":{"bbox":{"roads":{"area":749.43,"pct":4.16}},"city_same":1,"id":"hex:3552:24416"},"type":"Feature"},{"geometry":{"coordinates":[[[-122.62592,38.20892],[-122.62649,38.2097],[-122.62625,38.21003],[-122.62623,38.21],[-122.6261,38.2098],[-122.6257,38.20924],[-122.62553,38.20903],[-122.62544,38.20892],[-122.62592,38.20892]]],"type":"Polygon"},"properties":{"bbox":{"roads":{"area":658.67,"pct":15.76}},"city_same":1,"id":"hex:3552:24417"},"type":"Feature"},{"geometry":{"coordinates":[[[-122.62473,38.21828],[-122.62416,38.2175],[-122.62422,38.21742],[-122.62428,38.21751],[-122.62455,38.21795],[-122.62467,38.21815],[-122.62476,38.21828],[-122.62473,38.21828]]],"type":"Polygon"},"properties":{"bbox":{"roads":{"area":305.43,"pct":53.43}},"city_same":1,"id":"hex:3552:24422"},"type":"Feature"},{"geometry":{"coordinates":[[[-122.62472,38.21984],[-122.62415,38.21906],[-122.62473,38.21828],[-122.62476,38.21828],[-122.62483,38.21838],[-122.62529,38.21909],[-122.62545,38.21933],[-122.62552,38.21944],[-122.62554,38.21946],[-122.62575,38.2198],[-122.62579,38.21985],[-122.62472,38.21984]]],"type":"Polygon"},"properties":{"bbox":{"roads":{"area":1301.31,"pct":10.24}},"city_same":1,"id":"hex:3552:24423"},"type":"Feature"},{"geometry":{"coordinates":[[[-122.62643,38.22063],[-122.62585,38.22141],[-122.62471,38.22141],[-122.62415,38.22062],[-122.62472,38.21984],[-122.62579,38.21985],[-122.62579,38.21986],[-122.62587,38.21986],[-122.62643,38.22063]]],"type":"Polygon"},"properties":{"bbox":{"roads":{"area":2200.27,"pct":8.47}},"city_same":1,"id":"hex:3552:24424"},"type":"Feature"},{"geometry":{"coordinates":[[[-122.62414,38.22218],[-122.6247,38.22297],[-122.62585,38.22297],[-122.62642,38.22219],[-122.62585,38.22141],[-122.62471,38.22141],[-122.62414,38.22218]]],"type":"Polygon"},"properties":{"bbox":{"roads":{"area":1724.56,"pct":6.64},"sidewalks":{"area":338.58,"pct":1.3}},"city_same":1,"id":"hex:3552:24425"},"type":"Feature"},{"geometry":{"coordinates":[[[-122.62413,38.22375],[-122.6247,38.22453],[-122.62584,38.22453],[-122.62641,38.22375],[-122.62585,38.22297],[-122.6247,38.22297],[-122.62413,38.22375]]],"type":"Polygon"},"properties":{"bbox":{"roads":{"area":2463.62,"pct":9.48}},"city_same":1,"id":"hex:3552:24426"},"type":"Feature"},{"geometry":{"coordinates":[[[-122.62412,38.22531],[-122.62469,38.22609],[-122.62583,38.22609],[-122.62641,38.22531],[-122.62584,38.22453],[-122.6247,38.22453],[-122.62412,38.22531]]],"type":"Polygon"},"properties":{"bbox":{"roads":{"area":1660.11,"pct":6.39}},"city_same":1,"id":"hex:3552:24427"},"type":"Feature"},{"geometry":{"coordinates":[[[-122.62411,38.22687],[-122.62468,38.22765],[-122.62582,38.22765],[-122.6264,38.22687],[-122.62583,38.22609],[-122.62469,38.22609],[-122.62411,38.22687]]],"type":"Polygon"},"properties":{"bbox":{"roads":{"area":3418.97,"pct":13.16},"sidewalks":{"area":38.8,"pct":0.15}},"city":{"roads":{"area":2807.02,"pct":10.8},"sidewalks":{"area":38.8,"pct":0.15}},"id":"hex:3552:24428"},"type":"Feature"},{"geometry":{"coordinates":[[[-122.6241,38.22843],[-122.62467,38.22921],[-122.62581,38.22921],[-122.62639,38.22844],[-122.62582,38.22765],[-122.62468,38.22765],[-122.6241,38.22843]]],"type":"Polygon"},"properties":{"bbox":{"roads":{"area":4067.27,"pct":15.65},"sidewalks":{"area":389.24,"pct":1.5}},"city":{"roads":{"area":3005.72,"pct":11.57},"sidewalks":{"area":389.24,"pct":1.5}},"id":"hex:3552:24429"},"type":"Feature"},{"geometry":{"coordinates":[[[[-122.62466,38.23077],[-122.6241,38.22999],[-122.62423,38.22981],[-122.62436,38.22984],[-122.62449,38.22993],[-122.62461,38.22986],[-122.62463,38.22988],[-122.62423,38.23012],[-122.62434,38.23022],[-122.62473,38.22998],[-122.62474,38.22999],[-122.62462,38.23006],[-122.62478,38.23006],[-122.62483,38.23011],[-122.6248,38.23022],[-122.62491,38.2303],[-122.62514,38.23045],[-122.62524,38.23054],[-122.62525,38.23077],[-122.62466,38.23077]]],[[[-122.62638,38.23],[-122.62585,38.23072],[-122.62551,38.23005],[-122.6263,38.22988],[-122.62638,38.23]]],[[[-122.62467,38.22921],[-122.62581,38.22921],[-122.62596,38.22941],[-122.62593,38.22941],[-122.62571,38.22942],[-122.62529,38.2294],[-122.62484,38.22933],[-122.62461,38.22929],[-122.62467,38.22921]]]],"type":"MultiPolygon"},"properties":{"bbox":{"roads":{"area":124.45,"pct":1.21}},"city_same":1,"id":"hex:3552:24430"},"type":"Feature"},{"geometry":{"coordinates":[[[-122.62637,38.23312],[-122.62579,38.2339],[-122.62465,38.23389],[-122.62408,38.23311],[-122.62466,38.23233],[-122.6258,38.23234],[-122.62587,38.23244],[-122.62567,38.23239],[-122.62596,38.23261],[-122.62607,38.23281],[-122.62616,38.23283],[-122.62637,38.23312]]],"type":"Polygon"},"properties":{"bbox":{"roads":{"area":1481.74,"pct":5.77}},"city_same":1,"id":"hex:3552:24432"},"type":"Feature"},{"geometry":{"coordinates":[[[-122.62407,38.23467],[-122.62464,38.23545],[-122.62578,38.23546],[-122.62636,38.23468],[-122.62579,38.2339],[-122.62465,38.23389],[-122.62407,38.23467]]],"type":"Polygon"},"properties":{"bbox":{"roads":{"area":2442.39,"pct":9.4},"sidewalks":{"area":15.72,"pct":0.06}},"city_same":1,"id":"hex:3552:24433"},"type":"Feature"},{"geometry":{"coordinates":[[[-122.62406,38.23623],[-122.62463,38.23702],[-122.62577,38.23702],[-122.62635,38.23624],[-122.62578,38.23546],[-122.62464,38.23545],[-122.62406,38.23623]]],"type":"Polygon"},"properties":{"bbox":{"roads":{"area":3170.27,"pct":12.2},"sidewalks":{"area":338.95,"pct":1.3}},"city_same":1,"id":"hex:3552:24434"},"type":"Feature"},{"geometry":{"coordinates":[[[-122.62406,38.23779],[-122.62462,38.23858],[-122.62577,38.23858],[-122.62634,38.2378],[-122.62577,38.23702],[-122.62463,38.23702],[-122.62406,38.23779]]],"type":"Polygon"},"properties":{"bbox":{"roads":{"area":4683.06,"pct":18.03}},"city":{"roads":{"area":2263.37,"pct":8.71}},"id":"hex:3552:24435"},"type":"Feature"},{"geometry":{"coordinates":[[[-122.62405,38.23936],[-122.62462,38.24014],[-122.62576,38.24014],[-122.62633,38.23936],[-122.62577,38.23858],[-122.62462,38.23858],[-122.62405,38.23936]]],"type":"Polygon"},"properties":{"bbox":{"roads":{"area":1995.99,"pct":7.68}},"city_same":1,"id":"hex:3552:24436"},"type":"Feature"},{"geometry":{"coordinates":[[[-122.62404,38.24092],[-122.62461,38.2417],[-122.62575,38.2417],[-122.62633,38.24092],[-122.62576,38.24014],[-122.62462,38.24014],[-122.62404,38.24092]]],"type":"Polygon"},"properties":{"bbox":{"roads":{"area":880.14,"pct":3.39}},"city_same":1,"id":"hex:3552:24437"},"type":"Feature"},{"geometry":{"coordinates":[[[-122.62403,38.24248],[-122.6246,38.24326],[-122.62574,38.24326],[-122.62632,38.24248],[-122.62575,38.2417],[-122.62461,38.2417],[-122.62403,38.24248]]],"type":"Polygon"},"properties":{"bbox":{"roads":{"area":3956.03,"pct":15.23}},"city_same":1,"id":"hex:3552:24438"},"type":"Feature"},{"geometry":{"coordinates":[[[-122.62402,38.24404],[-122.62459,38.24482],[-122.62573,38.24482],[-122.62631,38.24405],[-122.62574,38.24326],[-122.6246,38.24326],[-122.62402,38.24404]]],"type":"Polygon"},"properties":{"bbox":{"roads":{"area":2540.64,"pct":9.78}},"city":{"roads":{"area":2437.19,"pct":9.38}},"id":"hex:3552:24439"},"type":"Feature"},{"geometry":{"coordinates":[[[-122.62402,38.2456],[-122.62458,38.24638],[-122.62573,38.24639],[-122.6263,38.24561],[-122.62573,38.24482],[-122.62459,38.24482],[-122.62402,38.2456]]],"type":"Polygon"},"properties":{"bbox":{"roads":{"area":6466.9,"pct":24.89},"sidewalks":{"area":489.2,"pct":1.88}},"city":{"roads":{"area":1345.14,"pct":5.18},"sidewalks":{"area":489.2,"pct":1.88}},"id":"hex:3552:24440"},"type":"Feature"},{"geometry":{"coordinates":[[[-122.62401,38.24716],[-122.62458,38.24794],[-122.62572,38.24795],[-122.62629,38.24717],[-122.62573,38.24639],[-122.62458,38.24638],[-122.62401,38.24716]]],"type":"Polygon"},"properties":{"bbox":{"roads":{"area":1968.53,"pct":7.58},"sidewalks":{"area":503.4,"pct":1.94}},"city_same":1,"id":"hex:3552:24441"},"type":"Feature"},{"geometry":{"coordinates":[[[-122.624,38.24872],[-122.62457,38.2495],[-122.62571,38.24951],[-122.62629,38.24873],[-122.62572,38.24795],[-122.62458,38.24794],[-122.624,38.24872]]],"type":"Polygon"},"properties":{"bbox":{"parking":{"area":7136.65,"pct":27.47},"roads":{"area":6914.73,"pct":26.61},"sidewalks":{"area":648.85,"pct":2.5}},"city":{"parking":{"area":7136.65,"pct":27.47},"roads":{"area":3419.63,"pct":13.16},"sidewalks":{"area":648.85,"pct":2.5}},"id":"hex:3552:24442"},"type":"Feature"},{"geometry":{"coordinates":[[[-122.62399,38.25028],[-122.62456,38.25106],[-122.6257,38.25107],[-122.62628,38.25029],[-122.62571,38.24951],[-122.62457,38.2495],[-122.62399,38.25028]]],"type":"Polygon"},"properties":{"bbox":{"roads":{"area":3969.48,"pct":15.28}},"city":{"roads":{"area":2111.05,"pct":8.13}},"id":"hex:3552:24443"},"type":"Feature"},{"geometry":{"coordinates":[[[-122.62398,38.25184],[-122.62455,38.25263],[-122.62569,38.25263],[-122.62627,38.25185],[-122.6257,38.25107],[-122.62456,38.25106],[-122.62398,38.25184]]],"type":"Polygon"},"properties":{"bbox":{"roads":{"area":2671.26,"pct":10.28},"sidewalks":{"area":215.97,"pct":0.83}},"city_same":1,"id":"hex:3552:24444"},"type":"Feature"},{"geometry":{"coordinates":[[[-122.62398,38.2534],[-122.62454,38.25419],[-122.62569,38.25419],[-122.62626,38.25341],[-122.62569,38.25263],[-122.62455,38.25263],[-122.62398,38.2534]]],"type":"Polygon"},"properties":{"bbox":{"roads":{"area":2433.74,"pct":9.37},"sidewalks":{"area":759.72,"pct":2.92}},"city_same":1,"id":"hex:3552:24445"},"type":"Feature"},{"geometry":{"coordinates":[[[-122.62397,38.25497],[-122.62454,38.25575],[-122.62568,38.25575],[-122.62625,38.25497],[-122.62569,38.25419],[-122.62454,38.25419],[-122.62397,38.25497]]],"type":"Polygon"},"properties":{"bbox":{"roads":{"area":1507.28,"pct":5.8},"sidewalks":{"area":301.4,"pct":1.16}},"city_same":1,"id":"hex:3552:24446"},"type":"Feature"},{"geometry":{"coordinates":[[[-122.62396,38.25653],[-122.62453,38.25731],[-122.62567,38.25731],[-122.62625,38.25653],[-122.62568,38.25575],[-122.62454,38.25575],[-122.62396,38.25653]]],"type":"Polygon"},"properties":{"bbox":{"roads":{"area":2492.09,"pct":9.59},"sidewalks":{"area":302.85,"pct":1.17}},"city_same":1,"id":"hex:3552:24447"},"type":"Feature"},{"geometry":{"coordinates":[[[-122.62395,38.25809],[-122.62452,38.25887],[-122.62566,38.25887],[-122.62624,38.25809],[-122.62567,38.25731],[-122.62453,38.25731],[-122.62395,38.25809]]],"type":"Polygon"},"properties":{"bbox":{"roads":{"area":2728.98,"pct":10.5}},"city_same":1,"id":"hex:3552:24448"},"type":"Feature"},{"geometry":{"coordinates":[[[-122.62394,38.25965],[-122.62451,38.26043],[-122.62565,38.26043],[-122.62623,38.25966],[-122.62566,38.25887],[-122.62452,38.25887],[-122.62394,38.25965]]],"type":"Polygon"},"properties":{"bbox":{"roads":{"area":4695.75,"pct":18.07},"sidewalks":{"area":186.71,"pct":0.72}},"city":{"roads":{"area":1870.23,"pct":7.2},"sidewalks":{"area":186.71,"pct":0.72}},"id":"hex:3552:24449"},"type":"Feature"},{"geometry":{"coordinates":[[[-122.62394,38.26121],[-122.6245,38.26199],[-122.62565,38.262],[-122.62622,38.26122],[-122.62565,38.26043],[-122.62451,38.26043],[-122.62394,38.26121]]],"type":"Polygon"},"properties":{"bbox":{"roads":{"area":2342.3,"pct":9.02},"sidewalks":{"area":18.37,"pct":0.07}},"city_same":1,"id":"hex:3552:24450"},"type":"Feature"},{"geometry":{"coordinates":[[[-122.62393,38.26277],[-122.6245,38.26355],[-122.62564,38.26356],[-122.62621,38.26278],[-122.62565,38.262],[-122.6245,38.26199],[-122.62393,38.26277]]],"type":"Polygon"},"properties":{"bbox":{"roads":{"area":2320.41,"pct":8.93}},"city_same":1,"id":"hex:3552:24451"},"type":"Feature"},{"geometry":{"coordinates":[[[-122.62392,38.26433],[-122.62449,38.26511],[-122.62563,38.26512],[-122.62621,38.26434],[-122.62564,38.26356],[-122.6245,38.26355],[-122.62392,38.26433]]],"type":"Polygon"},"properties":{"bbox":{"roads":{"area":2178.36,"pct":8.38},"sidewalks":{"area":172.08,"pct":0.66}},"city_same":1,"id":"hex:3552:24452"},"type":"Feature"},{"geometry":{"coordinates":[[[-122.62391,38.26589],[-122.62449,38.26511],[-122.62563,38.26512],[-122.6262,38.2659],[-122.62562,38.26668],[-122.62469,38.26668],[-122.62433,38.26647],[-122.62391,38.26589]]],"type":"Polygon"},"properties":{"bbox":{"roads":{"area":898.08,"pct":3.48},"sidewalks":{"area":162.07,"pct":0.63}},"city_same":1,"id":"hex:3552:24453"},"type":"Feature"},{"geometry":{"coordinates":[[[-122.62458,38.20764],[-122.62446,38.20747],[-122.62471,38.20746],[-122.62458,38.20764]]],"type":"Polygon"},"properties":{"bbox":{"roads":{"area":89.44,"pct":42.99}},"city_same":1,"id":"hex:3553:24415"},"type":"Feature"},{"geometry":{"coordinates":[[[-122.62416,38.2175],[-122.62302,38.2175],[-122.62245,38.21672],[-122.62321,38.21672],[-122.6232,38.21695],[-122.62315,38.21722],[-122.62407,38.21718],[-122.62419,38.21737],[-122.62422,38.21742],[-122.62416,38.2175]]],"type":"Polygon"},"properties":{"bbox":{"roads":{"area":129.73,"pct":2.07}},"city_same":1,"id":"hex:3553:24421"},"type":"Feature"},{"geometry":{"coordinates":[[[-122.62244,38.21828],[-122.62301,38.21906],[-122.62415,38.21906],[-122.62473,38.21828],[-122.62416,38.2175],[-122.62302,38.2175],[-122.62244,38.21828]]],"type":"Polygon"},"properties":{"bbox":{"roads":{"area":1673.38,"pct":6.44}},"city_same":1,"id":"hex:3553:24422"},"type":"Feature"},{"geometry":{"coordinates":[[[-122.62244,38.21984],[-122.623,38.22062],[-122.62415,38.22062],[-122.62472,38.21984],[-122.62415,38.21906],[-122.62301,38.21906],[-122.62244,38.21984]]],"type":"Polygon"},"properties":{"bbox":{"roads":{"area":1980.22,"pct":7.62}},"city_same":1,"id":"hex:3553:24423"},"type":"Feature"},{"geometry":{"coordinates":[[[-122.62243,38.2214],[-122.62299,38.22218],[-122.62414,38.22218],[-122.62471,38.22141],[-122.62415,38.22062],[-122.623,38.22062],[-122.62243,38.2214]]],"type":"Polygon"},"properties":{"bbox":{"roads":{"area":1761.36,"pct":6.78}},"city_same":1,"id":"hex:3553:24424"},"type":"Feature"},{"geometry":{"coordinates":[[[-122.62242,38.22296],[-122.62299,38.22374],[-122.62413,38.22375],[-122.6247,38.22297],[-122.62414,38.22218],[-122.62299,38.22218],[-122.62242,38.22296]]],"type":"Polygon"},"properties":{"bbox":{"roads":{"area":1661.76,"pct":6.4}},"city_same":1,"id":"hex:3553:24425"},"type":"Feature"},{"geometry":{"coordinates":[[[-122.62241,38.22452],[-122.62298,38.2253],[-122.62412,38.22531],[-122.6247,38.22453],[-122.62413,38.22375],[-122.62299,38.22374],[-122.62241,38.22452]]],"type":"Polygon"},"properties":{"bbox":{"roads":{"area":1855.17,"pct":7.14},"sidewalks":{"area":116.76,"pct":0.45}},"city_same":1,"id":"hex:3553:24426"},"type":"Feature"},{"geometry":{"coordinates":[[[-122.6224,38.22608],[-122.62297,38.22686],[-122.62411,38.22687],[-122.62469,38.22609],[-122.62412,38.22531],[-122.62298,38.2253],[-122.6224,38.22608]]],"type":"Polygon"},"properties":{"bbox":{"roads":{"area":3707.46,"pct":14.27},"sidewalks":{"area":18.13,"pct":0.07}},"city_same":1,"id":"hex:3553:24427"},"type":"Feature"},{"geometry":{"coordinates":[[[-122.6224,38.22764],[-122.62296,38.22842],[-122.6241,38.22843],[-122.62468,38.22765],[-122.62411,38.22687],[-122.62297,38.22686],[-122.6224,38.22764]]],"type":"Polygon"},"properties":{"bbox":{"roads":{"area":4357.82,"pct":16.77},"sidewalks":{"area":883.13,"pct":3.4}},"city":{"roads":{"area":3092.29,"pct":11.9},"sidewalks":{"area":883.13,"pct":3.4}},"id":"hex:3553:24428"},"type":"Feature"},{"geometry":{"coordinates":[[[[-122.6241,38.22999],[-122.62295,38.22999],[-122.62262,38.22953],[-122.62282,38.22956],[-122.62323,38.2296],[-122.62387,38.22972],[-122.62423,38.22981],[-122.6241,38.22999]]],[[[-122.62296,38.22842],[-122.6241,38.22843],[-122.62467,38.22921],[-122.62461,38.22929],[-122.62356,38.22911],[-122.62355,38.22911],[-122.62327,38.22909],[-122.62257,38.22896],[-122.62296,38.22842]]]],"type":"MultiPolygon"},"properties":{"bbox":{"roads":{"area":1888.3,"pct":12.1}},"city_same":1,"id":"hex:3553:24429"},"type":"Feature"},{"geometry":{"coordinates":[[[-122.62237,38.23233],[-122.62294,38.23311],[-122.62408,38.23311],[-122.62466,38.23233],[-122.62409,38.23155],[-122.62295,38.23155],[-122.62237,38.23233]]],"type":"Polygon"},"properties":{"bbox":{"roads":{"area":779.48,"pct":3}},"city_same":1,"id":"hex:3553:24431"},"type":"Feature"},{"geometry":{"coordinates":[[[-122.62236,38.23389],[-122.62293,38.23467],[-122.62407,38.23467],[-122.62465,38.23389],[-122.62408,38.23311],[-122.62294,38.23311],[-122.62236,38.23389]]],"type":"Polygon"},"properties":{"bbox":{"roads":{"area":2529.83,"pct":9.74},"sidewalks":{"area":35.5,"pct":0.14}},"city_same":1,"id":"hex:3553:24432"},"type":"Feature"},{"geometry":{"coordinates":[[[-122.62235,38.23545],[-122.62292,38.23623],[-122.62406,38.23623],[-122.62464,38.23545],[-122.62407,38.23467],[-122.62293,38.23467],[-122.62235,38.23545]]],"type":"Polygon"},"properties":{"bbox":{"parking":{"area":8143.87,"pct":31.35},"roads":{"area":5422.81,"pct":20.87},"sidewalks":{"area":324.83,"pct":1.25}},"city":{"parking":{"area":8143.87,"pct":31.35},"roads":{"area":5377.04,"pct":20.7},"sidewalks":{"area":324.83,"pct":1.25}},"id":"hex:3553:24433"},"type":"Feature"},{"geometry":{"coordinates":[[[-122.62235,38.23701],[-122.62291,38.23779],[-122.62406,38.23779],[-122.62463,38.23702],[-122.62406,38.23623],[-122.62292,38.23623],[-122.62235,38.23701]]],"type":"Polygon"},"properties":{"bbox":{"parking":{"area":2684.6,"pct":10.33},"roads":{"area":4566.11,"pct":17.57},"sidewalks":{"area":315.55,"pct":1.21}},"city":{"parking":{"area":2684.6,"pct":10.33},"roads":{"area":3152.78,"pct":12.14},"sidewalks":{"area":315.55,"pct":1.21}},"id":"hex:3553:24434"},"type":"Feature"},{"geometry":{"coordinates":[[[-122.62234,38.23857],[-122.62291,38.23935],[-122.62405,38.23936],[-122.62462,38.23858],[-122.62406,38.23779],[-122.62291,38.23779],[-122.62234,38.23857]]],"type":"Polygon"},"properties":{"bbox":{"roads":{"area":4064.5,"pct":15.64}},"city_same":1,"id":"hex:3553:24435"},"type":"Feature"},{"geometry":{"coordinates":[[[-122.62233,38.24013],[-122.6229,38.24091],[-122.62404,38.24092],[-122.62462,38.24014],[-122.62405,38.23936],[-122.62291,38.23935],[-122.62233,38.24013]]],"type":"Polygon"},"properties":{"bbox":{"roads":{"area":1674.81,"pct":6.45}},"city_same":1,"id":"hex:3553:24436"},"type":"Feature"},{"geometry":{"coordinates":[[[-122.62232,38.24169],[-122.62289,38.24247],[-122.62403,38.24248],[-122.62461,38.2417],[-122.62404,38.24092],[-122.6229,38.24091],[-122.62232,38.24169]]],"type":"Polygon"},"properties":{"bbox":{"parking":{"area":1146.69,"pct":4.41},"roads":{"area":3952.27,"pct":15.21}},"city":{"parking":{"area":1146.69,"pct":4.41},"roads":{"area":3740.08,"pct":14.4}},"id":"hex:3553:24437"},"type":"Feature"},{"geometry":{"coordinates":[[[-122.62231,38.24325],[-122.62288,38.24403],[-122.62402,38.24404],[-122.6246,38.24326],[-122.62403,38.24248],[-122.62289,38.24247],[-122.62231,38.24325]]],"type":"Polygon"},"properties":{"bbox":{"parking":{"area":338.31,"pct":1.3},"roads":{"area":4485.85,"pct":17.27},"sidewalks":{"area":118.2,"pct":0.45}},"city":{"parking":{"area":338.31,"pct":1.3},"roads":{"area":1260.08,"pct":4.85},"sidewalks":{"area":118.2,"pct":0.45}},"id":"hex:3553:24438"},"type":"Feature"},{"geometry":{"coordinates":[[[-122.62231,38.24481],[-122.62287,38.2456],[-122.62402,38.2456],[-122.62459,38.24482],[-122.62402,38.24404],[-122.62288,38.24403],[-122.62231,38.24481]]],"type":"Polygon"},"properties":{"bbox":{"roads":{"area":3853.99,"pct":14.83},"sidewalks":{"area":280.49,"pct":1.08}},"city":{"roads":{"area":1696.39,"pct":6.53},"sidewalks":{"area":280.49,"pct":1.08}},"id":"hex:3553:24439"},"type":"Feature"},{"geometry":{"coordinates":[[[-122.6223,38.24637],[-122.62287,38.24716],[-122.62401,38.24716],[-122.62458,38.24638],[-122.62402,38.2456],[-122.62287,38.2456],[-122.6223,38.24637]]],"type":"Polygon"},"properties":{"bbox":{"roads":{"area":2807.52,"pct":10.81},"sidewalks":{"area":226.62,"pct":0.87}},"city_same":1,"id":"hex:3553:24440"},"type":"Feature"},{"geometry":{"coordinates":[[[-122.62229,38.24794],[-122.62286,38.24872],[-122.624,38.24872],[-122.62458,38.24794],[-122.62401,38.24716],[-122.62287,38.24716],[-122.62229,38.24794]]],"type":"Polygon"},"properties":{"bbox":{"parking":{"area":3273.05,"pct":12.6},"roads":{"area":3948.7,"pct":15.2},"sidewalks":{"area":496.91,"pct":1.91}},"city":{"parking":{"area":3273.05,"pct":12.6},"roads":{"area":2156.91,"pct":8.3},"sidewalks":{"area":496.91,"pct":1.91}},"id":"hex:3553:24441"},"type":"Feature"},{"geometry":{"coordinates":[[[-122.62228,38.2495],[-122.62285,38.25028],[-122.62399,38.25028],[-122.62457,38.2495],[-122.624,38.24872],[-122.62286,38.24872],[-122.62228,38.2495]]],"type":"Polygon"},"properties":{"bbox":{"parking":{"area":11206.87,"pct":43.14},"roads":{"area":4032.37,"pct":15.52}},"city_same":1,"id":"hex:3553:24442"},"type":"Feature"},{"geometry":{"coordinates":[[[-122.62227,38.25106],[-122.62284,38.25184],[-122.62398,38.25184],[-122.62456,38.25106],[-122.62399,38.25028],[-122.62285,38.25028],[-122.62227,38.25106]]],"type":"Polygon"},"properties":{"bbox":{"roads":{"area":3048.54,"pct":11.73}},"city":{"roads":{"area":2055.45,"pct":7.91}},"id":"hex:3553:24443"},"type":"Feature"},{"geometry":{"coordinates":[[[-122.62227,38.25262],[-122.62283,38.2534],[-122.62398,38.2534],[-122.62455,38.25263],[-122.62398,38.25184],[-122.62284,38.25184],[-122.62227,38.25262]]],"type":"Polygon"},"properties":{"bbox":{"roads":{"area":4180.55,"pct":16.09},"sidewalks":{"area":446.43,"pct":1.72}},"city":{"roads":{"area":2728.98,"pct":10.5},"sidewalks":{"area":446.43,"pct":1.72}},"id":"hex:3553:24444"},"type":"Feature"},{"geometry":{"coordinates":[[[-122.62226,38.25418],[-122.62283,38.25496],[-122.62397,38.25497],[-122.62454,38.25419],[-122.62398,38.2534],[-122.62283,38.2534],[-122.62226,38.25418]]],"type":"Polygon"},"properties":{"bbox":{"roads":{"area":2842.87,"pct":10.94}},"city_same":1,"id":"hex:3553:24445"},"type":"Feature"},{"geometry":{"coordinates":[[[-122.62225,38.25574],[-122.62282,38.25652],[-122.62396,38.25653],[-122.62454,38.25575],[-122.62397,38.25497],[-122.62283,38.25496],[-122.62225,38.25574]]],"type":"Polygon"},"properties":{"bbox":{"roads":{"area":2417.22,"pct":9.3},"sidewalks":{"area":75.81,"pct":0.29}},"city_same":1,"id":"hex:3553:24446"},"type":"Feature"},{"geometry":{"coordinates":[[[-122.62224,38.2573],[-122.62281,38.25808],[-122.62395,38.25809],[-122.62453,38.25731],[-122.62396,38.25653],[-122.62282,38.25652],[-122.62224,38.2573]]],"type":"Polygon"},"properties":{"bbox":{"roads":{"area":2381.76,"pct":9.17}},"city_same":1,"id":"hex:3553:24447"},"type":"Feature"},{"geometry":{"coordinates":[[[-122.62223,38.25886],[-122.6228,38.25964],[-122.62394,38.25965],[-122.62452,38.25887],[-122.62395,38.25809],[-122.62281,38.25808],[-122.62223,38.25886]]],"type":"Polygon"},"properties":{"bbox":{"roads":{"area":5462.51,"pct":21.03}},"city":{"roads":{"area":2585.17,"pct":9.95}},"id":"hex:3553:24448"},"type":"Feature"},{"geometry":{"coordinates":[[[-122.62223,38.26042],[-122.62279,38.26121],[-122.62394,38.26121],[-122.62451,38.26043],[-122.62394,38.25965],[-122.6228,38.25964],[-122.62223,38.26042]]],"type":"Polygon"},"properties":{"bbox":{"roads":{"area":1132.23,"pct":4.36}},"city_same":1,"id":"hex:3553:24449"},"type":"Feature"},{"geometry":{"coordinates":[[[-122.62222,38.26198],[-122.62279,38.26277],[-122.62393,38.26277],[-122.6245,38.26199],[-122.62394,38.26121],[-122.62279,38.26121],[-122.62222,38.26198]]],"type":"Polygon"},"properties":{"bbox":{"roads":{"area":1397.33,"pct":5.38}},"city_same":1,"id":"hex:3553:24450"},"type":"Feature"},{"geometry":{"coordinates":[[[-122.62221,38.26355],[-122.62278,38.26433],[-122.62392,38.26433],[-122.6245,38.26355],[-122.62393,38.26277],[-122.62279,38.26277],[-122.62221,38.26355]]],"type":"Polygon"},"properties":{"bbox":{"roads":{"area":1125.47,"pct":4.33}},"city_same":1,"id":"hex:3553:24451"},"type":"Feature"},{"geometry":{"coordinates":[[[-122.6222,38.26511],[-122.62278,38.26433],[-122.62392,38.26433],[-122.62449,38.26511],[-122.62391,38.26589],[-122.62279,38.26589],[-122.62279,38.26589],[-122.62275,38.26586],[-122.6222,38.26511]]],"type":"Polygon"},"properties":{"bbox":{"roads":{"area":1523.89,"pct":5.87}},"city_same":1,"id":"hex:3553:24452"},"type":"Feature"},{"geometry":{"coordinates":[[[-122.62302,38.2175],[-122.62244,38.21828],[-122.6213,38.21827],[-122.62073,38.21749],[-122.62131,38.21672],[-122.62245,38.21672],[-122.62302,38.2175]]],"type":"Polygon"},"properties":{"bbox":{"roads":{"area":1764.43,"pct":6.8}},"city_same":1,"id":"hex:3554:24422"},"type":"Feature"},{"geometry":{"coordinates":[[[-122.62073,38.21905],[-122.62129,38.21983],[-122.62244,38.21984],[-122.62301,38.21906],[-122.62244,38.21828],[-122.6213,38.21827],[-122.62073,38.21905]]],"type":"Polygon"},"properties":{"bbox":{"roads":{"area":0.62,"pct":0}},"city_same":1,"id":"hex:3554:24423"},"type":"Feature"},{"geometry":{"coordinates":[[[-122.62072,38.22061],[-122.62129,38.22139],[-122.62243,38.2214],[-122.623,38.22062],[-122.62244,38.21984],[-122.62129,38.21983],[-122.62072,38.22061]]],"type":"Polygon"},"properties":{"bbox":{"roads":{"area":770.47,"pct":2.97}},"city_same":1,"id":"hex:3554:24424"},"type":"Feature"},{"geometry":{"coordinates":[[[-122.62071,38.22217],[-122.62128,38.22296],[-122.62242,38.22296],[-122.62299,38.22218],[-122.62243,38.2214],[-122.62129,38.22139],[-122.62071,38.22217]]],"type":"Polygon"},"properties":{"bbox":{"roads":{"area":2778.65,"pct":10.7}},"city_same":1,"id":"hex:3554:24425"},"type":"Feature"},{"geometry":{"coordinates":[[[-122.6207,38.22373],[-122.62127,38.22452],[-122.62241,38.22452],[-122.62299,38.22374],[-122.62242,38.22296],[-122.62128,38.22296],[-122.6207,38.22373]]],"type":"Polygon"},"properties":{"bbox":{"roads":{"area":1417.31,"pct":5.46},"sidewalks":{"area":43.68,"pct":0.17}},"city_same":1,"id":"hex:3554:24426"},"type":"Feature"},{"geometry":{"coordinates":[[[-122.62069,38.2253],[-122.62126,38.22608],[-122.6224,38.22608],[-122.62298,38.2253],[-122.62241,38.22452],[-122.62127,38.22452],[-122.62069,38.2253]]],"type":"Polygon"},"properties":{"bbox":{"roads":{"area":2276.69,"pct":8.76},"sidewalks":{"area":1058.05,"pct":4.07}},"city_same":1,"id":"hex:3554:24427"},"type":"Feature"},{"geometry":{"coordinates":[[[-122.62069,38.22686],[-122.62125,38.22764],[-122.6224,38.22764],[-122.62297,38.22686],[-122.6224,38.22608],[-122.62126,38.22608],[-122.62069,38.22686]]],"type":"Polygon"},"properties":{"bbox":{"roads":{"area":2745.15,"pct":10.57},"sidewalks":{"area":286.71,"pct":1.1}},"city":{"roads":{"area":1284.32,"pct":4.94},"sidewalks":{"area":286.71,"pct":1.1}},"id":"hex:3554:24428"},"type":"Feature"},{"geometry":{"coordinates":[[[-122.62068,38.22842],[-122.62125,38.22764],[-122.6224,38.22764],[-122.62296,38.22842],[-122.62257,38.22896],[-122.62193,38.22885],[-122.62094,38.22853],[-122.6207,38.22845],[-122.62068,38.22842]]],"type":"Polygon"},"properties":{"bbox":{"roads":{"area":2544.63,"pct":12.89}},"city_same":1,"id":"hex:3554:24429"},"type":"Feature"},{"geometry":{"coordinates":[[[-122.62295,38.22999],[-122.62238,38.23076],[-122.62124,38.23076],[-122.62067,38.22998],[-122.62119,38.22927],[-122.62146,38.22936],[-122.62177,38.22938],[-122.62229,38.22948],[-122.62262,38.22953],[-122.62295,38.22999]]],"type":"Polygon"},"properties":{"bbox":{"roads":{"area":1638.36,"pct":6.98}},"city_same":1,"id":"hex:3554:24430"},"type":"Feature"},{"geometry":{"coordinates":[[[-122.62066,38.23154],[-122.62123,38.23232],[-122.62237,38.23233],[-122.62295,38.23155],[-122.62238,38.23076],[-122.62124,38.23076],[-122.62066,38.23154]]],"type":"Polygon"},"properties":{"bbox":{"roads":{"area":1213.36,"pct":4.67}},"city_same":1,"id":"hex:3554:24431"},"type":"Feature"},{"geometry":{"coordinates":[[[-122.62065,38.2331],[-122.62122,38.23388],[-122.62236,38.23389],[-122.62294,38.23311],[-122.62237,38.23233],[-122.62123,38.23232],[-122.62065,38.2331]]],"type":"Polygon"},"properties":{"bbox":{"roads":{"area":1879.35,"pct":7.23},"sidewalks":{"area":35.38,"pct":0.14}},"city_same":1,"id":"hex:3554:24432"},"type":"Feature"},{"geometry":{"coordinates":[[[-122.62065,38.23466],[-122.62121,38.23544],[-122.62235,38.23545],[-122.62293,38.23467],[-122.62236,38.23389],[-122.62122,38.23388],[-122.62065,38.23466]]],"type":"Polygon"},"properties":{"bbox":{"roads":{"area":7843.8,"pct":30.19},"sidewalks":{"area":605.17,"pct":2.33}},"city":{"roads":{"area":7842.72,"pct":30.19},"sidewalks":{"area":605.17,"pct":2.33}},"id":"hex:3554:24433"},"type":"Feature"},{"geometry":{"coordinates":[[[-122.62064,38.23622],[-122.6212,38.237],[-122.62235,38.23701],[-122.62292,38.23623],[-122.62235,38.23545],[-122.62121,38.23544],[-122.62064,38.23622]]],"type":"Polygon"},"properties":{"bbox":{"parking":{"area":574.6,"pct":2.21},"roads":{"area":5027.61,"pct":19.35},"sidewalks":{"area":585.65,"pct":2.25}},"city":{"parking":{"area":574.6,"pct":2.21},"roads":{"area":2135.33,"pct":8.22},"sidewalks":{"area":585.65,"pct":2.25}},"id":"hex:3554:24434"},"type":"Feature"},{"geometry":{"coordinates":[[[-122.62063,38.23778],[-122.6212,38.23857],[-122.62234,38.23857],[-122.62291,38.23779],[-122.62235,38.23701],[-122.6212,38.237],[-122.62063,38.23778]]],"type":"Polygon"},"properties":{"bbox":{"roads":{"area":2350.9,"pct":9.05},"sidewalks":{"area":1.53,"pct":0.01}},"city_same":1,"id":"hex:3554:24435"},"type":"Feature"},{"geometry":{"coordinates":[[[-122.62062,38.23934],[-122.62119,38.24013],[-122.62233,38.24013],[-122.62291,38.23935],[-122.62234,38.23857],[-122.6212,38.23857],[-122.62062,38.23934]]],"type":"Polygon"},"properties":{"bbox":{"roads":{"area":5241.25,"pct":20.17}},"city":{"roads":{"area":2761.98,"pct":10.63}},"id":"hex:3554:24436"},"type":"Feature"},{"geometry":{"coordinates":[[[-122.62061,38.24091],[-122.62118,38.24169],[-122.62232,38.24169],[-122.6229,38.24091],[-122.62233,38.24013],[-122.62119,38.24013],[-122.62061,38.24091]]],"type":"Polygon"},"properties":{"bbox":{"parking":{"area":368.46,"pct":1.42},"roads":{"area":5713.95,"pct":21.99},"sidewalks":{"area":344.81,"pct":1.33}},"city":{"parking":{"area":368.46,"pct":1.42},"roads":{"area":2270.29,"pct":8.74},"sidewalks":{"area":344.81,"pct":1.33}},"id":"hex:3554:24437"},"type":"Feature"},{"geometry":{"coordinates":[[[-122.6206,38.24247],[-122.62117,38.24325],[-122.62231,38.24325],[-122.62289,38.24247],[-122.62232,38.24169],[-122.62118,38.24169],[-122.6206,38.24247]]],"type":"Polygon"},"properties":{"bbox":{"roads":{"area":4480,"pct":17.24},"sidewalks":{"area":288.42,"pct":1.11}},"city":{"roads":{"area":2527.78,"pct":9.73},"sidewalks":{"area":288.42,"pct":1.11}},"id":"hex:3554:24438"},"type":"Feature"},{"geometry":{"coordinates":[[[-122.6206,38.24403],[-122.62116,38.24481],[-122.62231,38.24481],[-122.62288,38.24403],[-122.62231,38.24325],[-122.62117,38.24325],[-122.6206,38.24403]]],"type":"Polygon"},"properties":{"bbox":{"roads":{"area":3349,"pct":12.89},"sidewalks":{"area":33.64,"pct":0.13}},"city_same":1,"id":"hex:3554:24439"},"type":"Feature"},{"geometry":{"coordinates":[[[-122.62059,38.24559],[-122.62116,38.24637],[-122.6223,38.24637],[-122.62287,38.2456],[-122.62231,38.24481],[-122.62116,38.24481],[-122.62059,38.24559]]],"type":"Polygon"},"properties":{"bbox":{"roads":{"area":2345.18,"pct":9.03}},"city_same":1,"id":"hex:3554:24440"},"type":"Feature"},{"geometry":{"coordinates":[[[-122.62058,38.24715],[-122.62115,38.24793],[-122.62229,38.24794],[-122.62287,38.24716],[-122.6223,38.24637],[-122.62116,38.24637],[-122.62058,38.24715]]],"type":"Polygon"},"properties":{"bbox":{"roads":{"area":3150.74,"pct":12.13},"sidewalks":{"area":586.68,"pct":2.26}},"city":{"roads":{"area":1632.43,"pct":6.28},"sidewalks":{"area":586.68,"pct":2.26}},"id":"hex:3554:24441"},"type":"Feature"},{"geometry":{"coordinates":[[[-122.62057,38.24871],[-122.62114,38.24949],[-122.62228,38.2495],[-122.62286,38.24872],[-122.62229,38.24794],[-122.62115,38.24793],[-122.62057,38.24871]]],"type":"Polygon"},"properties":{"bbox":{"parking":{"area":5303.29,"pct":20.41},"roads":{"area":4038.95,"pct":15.55},"sidewalks":{"area":221.7,"pct":0.85}},"city_same":1,"id":"hex:3554:24442"},"type":"Feature"},{"geometry":{"coordinates":[[[-122.62056,38.25027],[-122.62113,38.25105],[-122.62227,38.25106],[-122.62285,38.25028],[-122.62228,38.2495],[-122.62114,38.24949],[-122.62056,38.25027]]],"type":"Polygon"},"properties":{"bbox":{"roads":{"area":2100.13,"pct":8.08}},"city_same":1,"id":"hex:3554:24443"},"type":"Feature"},{"geometry":{"coordinates":[[[-122.62056,38.25183],[-122.62112,38.25261],[-122.62227,38.25262],[-122.62284,38.25184],[-122.62227,38.25106],[-122.62113,38.25105],[-122.62056,38.25183]]],"type":"Polygon"},"properties":{"bbox":{"roads":{"area":2635.85,"pct":10.15}},"city_same":1,"id":"hex:3554:24444"},"type":"Feature"},{"geometry":{"coordinates":[[[-122.62055,38.25339],[-122.62112,38.25418],[-122.62226,38.25418],[-122.62283,38.2534],[-122.62227,38.25262],[-122.62112,38.25261],[-122.62055,38.25339]]],"type":"Polygon"},"properties":{"bbox":{"roads":{"area":2705.9,"pct":10.42},"sidewalks":{"area":273.8,"pct":1.05}},"city":{"roads":{"area":1374.46,"pct":5.29},"sidewalks":{"area":273.8,"pct":1.05}},"id":"hex:3554:24445"},"type":"Feature"},{"geometry":{"coordinates":[[[-122.62054,38.25495],[-122.62111,38.25574],[-122.62225,38.25574],[-122.62283,38.25496],[-122.62226,38.25418],[-122.62112,38.25418],[-122.62054,38.25495]]],"type":"Polygon"},"properties":{"bbox":{"roads":{"area":2909.93,"pct":11.2},"sidewalks":{"area":122.01,"pct":0.47}},"city":{"roads":{"area":2095.53,"pct":8.07},"sidewalks":{"area":122.01,"pct":0.47}},"id":"hex:3554:24446"},"type":"Feature"},{"geometry":{"coordinates":[[[-122.62053,38.25652],[-122.6211,38.2573],[-122.62224,38.2573],[-122.62282,38.25652],[-122.62225,38.25574],[-122.62111,38.25574],[-122.62053,38.25652]]],"type":"Polygon"},"properties":{"bbox":{"parking":{"area":4779.52,"pct":18.4},"roads":{"area":2449.36,"pct":9.43}},"city_same":1,"id":"hex:3554:24447"},"type":"Feature"},{"geometry":{"coordinates":[[[-122.62052,38.25808],[-122.62109,38.25886],[-122.62223,38.25886],[-122.62281,38.25808],[-122.62224,38.2573],[-122.6211,38.2573],[-122.62052,38.25808]]],"type":"Polygon"},"properties":{"bbox":{"roads":{"area":4810.94,"pct":18.52},"sidewalks":{"area":335.19,"pct":1.29}},"city":{"roads":{"area":1933.78,"pct":7.44},"sidewalks":{"area":335.19,"pct":1.29}},"id":"hex:3554:24448"},"type":"Feature"},{"geometry":{"coordinates":[[[-122.62052,38.25964],[-122.62108,38.26042],[-122.62223,38.26042],[-122.6228,38.25964],[-122.62223,38.25886],[-122.62109,38.25886],[-122.62052,38.25964]]],"type":"Polygon"},"properties":{"bbox":{"roads":{"area":2428.8,"pct":9.35}},"city_same":1,"id":"hex:3554:24449"},"type":"Feature"},{"geometry":{"coordinates":[[[-122.62051,38.2612],[-122.62107,38.26198],[-122.62222,38.26198],[-122.62279,38.26121],[-122.62223,38.26042],[-122.62108,38.26042],[-122.62051,38.2612]]],"type":"Polygon"},"properties":{"bbox":{"roads":{"area":1863.26,"pct":7.17}},"city_same":1,"id":"hex:3554:24450"},"type":"Feature"},{"geometry":{"coordinates":[[[-122.6205,38.26276],[-122.62107,38.26354],[-122.62221,38.26355],[-122.62279,38.26277],[-122.62222,38.26198],[-122.62107,38.26198],[-122.6205,38.26276]]],"type":"Polygon"},"properties":{"bbox":{"roads":{"area":2183.07,"pct":8.4}},"city_same":1,"id":"hex:3554:24451"},"type":"Feature"},{"geometry":{"coordinates":[[[-122.62049,38.26432],[-122.62106,38.2651],[-122.6222,38.26511],[-122.62278,38.26433],[-122.62221,38.26355],[-122.62107,38.26354],[-122.62049,38.26432]]],"type":"Polygon"},"properties":{"bbox":{"roads":{"area":1292.78,"pct":4.98}},"city_same":1,"id":"hex:3554:24452"},"type":"Feature"},{"geometry":{"coordinates":[[[-122.61902,38.21827],[-122.61958,38.21905],[-122.62073,38.21905],[-122.6213,38.21827],[-122.62073,38.21749],[-122.61959,38.21749],[-122.61902,38.21827]]],"type":"Polygon"},"properties":{"bbox":{"roads":{"area":222.15,"pct":0.86}},"city_same":1,"id":"hex:3555:24422"},"type":"Feature"},{"geometry":{"coordinates":[[[-122.61901,38.21983],[-122.61958,38.22061],[-122.62072,38.22061],[-122.62129,38.21983],[-122.62073,38.21905],[-122.61958,38.21905],[-122.61901,38.21983]]],"type":"Polygon"},"properties":{"bbox":{"roads":{"area":405.27,"pct":1.56}},"city_same":1,"id":"hex:3555:24423"},"type":"Feature"},{"geometry":{"coordinates":[[[-122.619,38.22139],[-122.61957,38.22217],[-122.62071,38.22217],[-122.62129,38.22139],[-122.62072,38.22061],[-122.61958,38.22061],[-122.619,38.22139]]],"type":"Polygon"},"properties":{"bbox":{"roads":{"area":865.49,"pct":3.33}},"city_same":1,"id":"hex:3555:24424"},"type":"Feature"},{"geometry":{"coordinates":[[[-122.61899,38.22295],[-122.61956,38.22373],[-122.6207,38.22373],[-122.62128,38.22296],[-122.62071,38.22217],[-122.61957,38.22217],[-122.61899,38.22295]]],"type":"Polygon"},"properties":{"bbox":{"roads":{"area":1588.58,"pct":6.11}},"city_same":1,"id":"hex:3555:24425"},"type":"Feature"},{"geometry":{"coordinates":[[[-122.61898,38.22451],[-122.61955,38.22529],[-122.62069,38.2253],[-122.62127,38.22452],[-122.6207,38.22373],[-122.61956,38.22373],[-122.61898,38.22451]]],"type":"Polygon"},"properties":{"bbox":{"roads":{"area":2247.85,"pct":8.65},"sidewalks":{"area":1053.27,"pct":4.05}},"city_same":1,"id":"hex:3555:24426"},"type":"Feature"},{"geometry":{"coordinates":[[[-122.61898,38.22607],[-122.61954,38.22685],[-122.62069,38.22686],[-122.62126,38.22608],[-122.62069,38.2253],[-122.61955,38.22529],[-122.61898,38.22607]]],"type":"Polygon"},"properties":{"bbox":{"roads":{"area":1361.73,"pct":5.24},"sidewalks":{"area":137.26,"pct":0.53}},"city_same":1,"id":"hex:3555:24427"},"type":"Feature"},{"geometry":{"coordinates":[[[-122.61897,38.22763],[-122.61954,38.22685],[-122.62069,38.22686],[-122.62125,38.22764],[-122.62068,38.22842],[-122.6206,38.22842],[-122.62043,38.22836],[-122.6201,38.22831],[-122.61957,38.22834],[-122.61949,38.22835],[-122.61897,38.22763]]],"type":"Polygon"},"properties":{"bbox":{"roads":{"area":2602.91,"pct":10.33},"sidewalks":{"area":250.23,"pct":0.99}},"city":{"roads":{"area":1786.15,"pct":7.09},"sidewalks":{"area":250.23,"pct":0.99}},"id":"hex:3555:24428"},"type":"Feature"},{"geometry":{"coordinates":[[[[-122.62067,38.22998],[-122.61953,38.22997],[-122.61896,38.22919],[-122.6192,38.22887],[-122.61999,38.22886],[-122.62119,38.22927],[-122.62067,38.22998]]],[[[-122.62068,38.22842],[-122.6207,38.22845],[-122.6206,38.22842],[-122.62068,38.22842]]]],"type":"MultiPolygon"},"properties":{"bbox":{"roads":{"area":1575.67,"pct":9.03}},"city_same":1,"id":"hex:3555:24429"},"type":"Feature"},{"geometry":{"coordinates":[[[-122.61895,38.23075],[-122.61952,38.23154],[-122.62066,38.23154],[-122.62124,38.23076],[-122.62067,38.22998],[-122.61953,38.22997],[-122.61895,38.23075]]],"type":"Polygon"},"properties":{"bbox":{"roads":{"area":2346.39,"pct":9.03}},"city_same":1,"id":"hex:3555:24430"},"type":"Feature"},{"geometry":{"coordinates":[[[-122.61894,38.23231],[-122.61951,38.2331],[-122.62065,38.2331],[-122.62123,38.23232],[-122.62066,38.23154],[-122.61952,38.23154],[-122.61894,38.23231]]],"type":"Polygon"},"properties":{"bbox":{"roads":{"area":3321.38,"pct":12.78}},"city_same":1,"id":"hex:3555:24431"},"type":"Feature"},{"geometry":{"coordinates":[[[-122.61894,38.23388],[-122.6195,38.23466],[-122.62065,38.23466],[-122.62122,38.23388],[-122.62065,38.2331],[-122.61951,38.2331],[-122.61894,38.23388]]],"type":"Polygon"},"properties":{"bbox":{"parking":{"area":736.75,"pct":2.84},"roads":{"area":4428.2,"pct":17.04},"sidewalks":{"area":161.2,"pct":0.62}},"city":{"parking":{"area":736.75,"pct":2.84},"roads":{"area":4162.2,"pct":16.02},"sidewalks":{"area":161.2,"pct":0.62}},"id":"hex:3555:24432"},"type":"Feature"},{"geometry":{"coordinates":[[[-122.61893,38.23544],[-122.61949,38.23622],[-122.62064,38.23622],[-122.62121,38.23544],[-122.62065,38.23466],[-122.6195,38.23466],[-122.61893,38.23544]]],"type":"Polygon"},"properties":{"bbox":{"parking":{"area":1098.96,"pct":4.23},"roads":{"area":5930.45,"pct":22.83},"sidewalks":{"area":202.87,"pct":0.78}},"city":{"parking":{"area":1098.96,"pct":4.23},"roads":{"area":3253.8,"pct":12.52},"sidewalks":{"area":202.87,"pct":0.78}},"id":"hex:3555:24433"},"type":"Feature"},{"geometry":{"coordinates":[[[-122.61892,38.237],[-122.61949,38.23778],[-122.62063,38.23778],[-122.6212,38.237],[-122.62064,38.23622],[-122.61949,38.23622],[-122.61892,38.237]]],"type":"Polygon"},"properties":{"bbox":{"roads":{"area":6060.36,"pct":23.33},"sidewalks":{"area":184.12,"pct":0.71}},"city":{"roads":{"area":931.84,"pct":3.59},"sidewalks":{"area":184.12,"pct":0.71}},"id":"hex:3555:24434"},"type":"Feature"},{"geometry":{"coordinates":[[[-122.61891,38.23856],[-122.61948,38.23934],[-122.62062,38.23934],[-122.6212,38.23857],[-122.62063,38.23778],[-122.61949,38.23778],[-122.61891,38.23856]]],"type":"Polygon"},"properties":{"bbox":{"roads":{"area":4529.88,"pct":17.44},"sidewalks":{"area":508.31,"pct":1.96}},"city":{"roads":{"area":715.39,"pct":2.75},"sidewalks":{"area":508.31,"pct":1.96}},"id":"hex:3555:24435"},"type":"Feature"},{"geometry":{"coordinates":[[[-122.6189,38.24012],[-122.61947,38.2409],[-122.62061,38.24091],[-122.62119,38.24013],[-122.62062,38.23934],[-122.61948,38.23934],[-122.6189,38.24012]]],"type":"Polygon"},"properties":{"bbox":{"roads":{"area":1945.36,"pct":7.49},"sidewalks":{"area":302.99,"pct":1.17}},"city_same":1,"id":"hex:3555:24436"},"type":"Feature"},{"geometry":{"coordinates":[[[-122.61889,38.24168],[-122.61946,38.24246],[-122.6206,38.24247],[-122.62118,38.24169],[-122.62061,38.24091],[-122.61947,38.2409],[-122.61889,38.24168]]],"type":"Polygon"},"properties":{"bbox":{"roads":{"area":3727.21,"pct":14.35},"sidewalks":{"area":53.3,"pct":0.21}},"city_same":1,"id":"hex:3555:24437"},"type":"Feature"},{"geometry":{"coordinates":[[[-122.61889,38.24324],[-122.61945,38.24402],[-122.6206,38.24403],[-122.62117,38.24325],[-122.6206,38.24247],[-122.61946,38.24246],[-122.61889,38.24324]]],"type":"Polygon"},"properties":{"bbox":{"roads":{"area":4018.87,"pct":15.47}},"city_same":1,"id":"hex:3555:24438"},"type":"Feature"},{"geometry":{"coordinates":[[[-122.61888,38.2448],[-122.61945,38.24558],[-122.62059,38.24559],[-122.62116,38.24481],[-122.6206,38.24403],[-122.61945,38.24402],[-122.61888,38.2448]]],"type":"Polygon"},"properties":{"bbox":{"roads":{"area":3136.91,"pct":12.07},"sidewalks":{"area":25.87,"pct":0.1}},"city":{"roads":{"area":3077.61,"pct":11.85},"sidewalks":{"area":25.87,"pct":0.1}},"id":"hex:3555:24439"},"type":"Feature"},{"geometry":{"coordinates":[[[-122.61887,38.24636],[-122.61944,38.24715],[-122.62058,38.24715],[-122.62116,38.24637],[-122.62059,38.24559],[-122.61945,38.24558],[-122.61887,38.24636]]],"type":"Polygon"},"properties":{"bbox":{"roads":{"area":3554.18,"pct":13.68},"sidewalks":{"area":808.52,"pct":3.11}},"city":{"roads":{"area":1696.47,"pct":6.53},"sidewalks":{"area":808.52,"pct":3.11}},"id":"hex:3555:24440"},"type":"Feature"},{"geometry":{"coordinates":[[[-122.61886,38.24792],[-122.61943,38.24871],[-122.62057,38.24871],[-122.62115,38.24793],[-122.62058,38.24715],[-122.61944,38.24715],[-122.61886,38.24792]]],"type":"Polygon"},"properties":{"bbox":{"roads":{"area":790.23,"pct":3.04},"sidewalks":{"area":384.85,"pct":1.48}},"city_same":1,"id":"hex:3555:24441"},"type":"Feature"},{"geometry":{"coordinates":[[[-122.61885,38.24949],[-122.61942,38.25027],[-122.62056,38.25027],[-122.62114,38.24949],[-122.62057,38.24871],[-122.61943,38.24871],[-122.61885,38.24949]]],"type":"Polygon"},"properties":{"bbox":{"roads":{"area":3336.06,"pct":12.84},"sidewalks":{"area":797.24,"pct":3.07}},"city_same":1,"id":"hex:3555:24442"},"type":"Feature"},{"geometry":{"coordinates":[[[-122.61885,38.25105],[-122.61941,38.25183],[-122.62056,38.25183],[-122.62113,38.25105],[-122.62056,38.25027],[-122.61942,38.25027],[-122.61885,38.25105]]],"type":"Polygon"},"properties":{"bbox":{"roads":{"area":2202.55,"pct":8.48},"sidewalks":{"area":186.26,"pct":0.72}},"city_same":1,"id":"hex:3555:24443"},"type":"Feature"},{"geometry":{"coordinates":[[[-122.61884,38.25261],[-122.6194,38.25339],[-122.62055,38.25339],[-122.62112,38.25261],[-122.62056,38.25183],[-122.61941,38.25183],[-122.61884,38.25261]]],"type":"Polygon"},"properties":{"bbox":{"roads":{"area":2189.07,"pct":8.43}},"city_same":1,"id":"hex:3555:24444"},"type":"Feature"},{"geometry":{"coordinates":[[[-122.61883,38.25417],[-122.6194,38.25495],[-122.62054,38.25495],[-122.62112,38.25418],[-122.62055,38.25339],[-122.6194,38.25339],[-122.61883,38.25417]]],"type":"Polygon"},"properties":{"bbox":{"roads":{"area":2204.71,"pct":8.49},"sidewalks":{"area":37.27,"pct":0.14}},"city_same":1,"id":"hex:3555:24445"},"type":"Feature"},{"geometry":{"coordinates":[[[-122.61882,38.25573],[-122.61939,38.25651],[-122.62053,38.25652],[-122.62111,38.25574],[-122.62054,38.25495],[-122.6194,38.25495],[-122.61882,38.25573]]],"type":"Polygon"},"properties":{"bbox":{"parking":{"area":2364.13,"pct":9.1},"roads":{"area":2426.3,"pct":9.34},"sidewalks":{"area":282.42,"pct":1.09}},"city":{"parking":{"area":2364.13,"pct":9.1},"roads":{"area":1013.3,"pct":3.9},"sidewalks":{"area":282.42,"pct":1.09}},"id":"hex:3555:24446"},"type":"Feature"},{"geometry":{"coordinates":[[[-122.61881,38.25729],[-122.61938,38.25807],[-122.62052,38.25808],[-122.6211,38.2573],[-122.62053,38.25652],[-122.61939,38.25651],[-122.61881,38.25729]]],"type":"Polygon"},"properties":{"bbox":{"parking":{"area":825.27,"pct":3.18},"roads":{"area":4234.28,"pct":16.3},"sidewalks":{"area":621.69,"pct":2.39}},"city":{"parking":{"area":825.27,"pct":3.18},"roads":{"area":992.12,"pct":3.82},"sidewalks":{"area":621.69,"pct":2.39}},"id":"hex:3555:24447"},"type":"Feature"},{"geometry":{"coordinates":[[[-122.6188,38.25885],[-122.61937,38.25963],[-122.62052,38.25964],[-122.62109,38.25886],[-122.62052,38.25808],[-122.61938,38.25807],[-122.6188,38.25885]]],"type":"Polygon"},"properties":{"bbox":{"roads":{"area":1750.46,"pct":6.74}},"city_same":1,"id":"hex:3555:24448"},"type":"Feature"},{"geometry":{"coordinates":[[[-122.6188,38.26041],[-122.61936,38.26119],[-122.62051,38.2612],[-122.62108,38.26042],[-122.62052,38.25964],[-122.61937,38.25963],[-122.6188,38.26041]]],"type":"Polygon"},"properties":{"bbox":{"roads":{"area":2299.06,"pct":8.85}},"city_same":1,"id":"hex:3555:24449"},"type":"Feature"},{"geometry":{"coordinates":[[[-122.61879,38.26197],[-122.61936,38.26276],[-122.6205,38.26276],[-122.62107,38.26198],[-122.62051,38.2612],[-122.61936,38.26119],[-122.61879,38.26197]]],"type":"Polygon"},"properties":{"bbox":{"roads":{"area":2558.06,"pct":9.85}},"city_same":1,"id":"hex:3555:24450"},"type":"Feature"},{"geometry":{"coordinates":[[[-122.61878,38.26353],[-122.61935,38.26432],[-122.62049,38.26432],[-122.62107,38.26354],[-122.6205,38.26276],[-122.61936,38.26276],[-122.61878,38.26353]]],"type":"Polygon"},"properties":{"bbox":{"roads":{"area":2637.31,"pct":10.15}},"city_same":1,"id":"hex:3555:24451"},"type":"Feature"},{"geometry":{"coordinates":[[[-122.61877,38.26509],[-122.61934,38.26588],[-122.62048,38.26588],[-122.62106,38.2651],[-122.62049,38.26432],[-122.61935,38.26432],[-122.61877,38.26509]]],"type":"Polygon"},"properties":{"bbox":{"roads":{"area":602.92,"pct":2.32}},"city_same":1,"id":"hex:3555:24452"},"type":"Feature"},{"geometry":{"coordinates":[[[-122.61959,38.21749],[-122.61902,38.21827],[-122.61787,38.21826],[-122.61735,38.21755],[-122.61736,38.2174],[-122.61788,38.21671],[-122.61903,38.21671],[-122.61959,38.21749]]],"type":"Polygon"},"properties":{"bbox":{"roads":{"area":206.67,"pct":0.8}},"city_same":1,"id":"hex:3556:24422"},"type":"Feature"},{"geometry":{"coordinates":[[[-122.61787,38.21826],[-122.61902,38.21827],[-122.61958,38.21905],[-122.61901,38.21983],[-122.61826,38.21982],[-122.61825,38.21967],[-122.61824,38.21961],[-122.61822,38.21943],[-122.61822,38.21884],[-122.61797,38.21886],[-122.61772,38.21847],[-122.61787,38.21826]]],"type":"Polygon"},"properties":{"bbox":{"roads":{"area":869.66,"pct":4.71}},"city_same":1,"id":"hex:3556:24423"},"type":"Feature"},{"geometry":{"coordinates":[[[-122.61901,38.21983],[-122.61958,38.22061],[-122.619,38.22139],[-122.61827,38.22139],[-122.61825,38.22011],[-122.61826,38.22007],[-122.61826,38.21982],[-122.61901,38.21983]]],"type":"Polygon"},"properties":{"bbox":{"roads":{"area":2044.33,"pct":13.12}},"city_same":1,"id":"hex:3556:24424"},"type":"Feature"},{"geometry":{"coordinates":[[[-122.619,38.22139],[-122.61957,38.22217],[-122.61899,38.22295],[-122.61824,38.22295],[-122.61826,38.22207],[-122.61827,38.22172],[-122.61827,38.22139],[-122.619,38.22139]]],"type":"Polygon"},"properties":{"bbox":{"roads":{"area":1383.44,"pct":8.94}},"city_same":1,"id":"hex:3556:24425"},"type":"Feature"},{"geometry":{"coordinates":[[[-122.61899,38.22295],[-122.61956,38.22373],[-122.61898,38.22451],[-122.61784,38.22451],[-122.61727,38.22372],[-122.61753,38.22338],[-122.61812,38.22338],[-122.61819,38.22338],[-122.61823,38.22335],[-122.61823,38.22313],[-122.61824,38.22295],[-122.61899,38.22295]]],"type":"Polygon"},"properties":{"bbox":{"roads":{"area":1105.89,"pct":4.68},"sidewalks":{"area":246.59,"pct":1.04}},"city_same":1,"id":"hex:3556:24426"},"type":"Feature"},{"geometry":{"coordinates":[[[-122.61727,38.22528],[-122.61783,38.22607],[-122.61898,38.22607],[-122.61955,38.22529],[-122.61898,38.22451],[-122.61784,38.22451],[-122.61727,38.22528]]],"type":"Polygon"},"properties":{"bbox":{"roads":{"area":2547.25,"pct":9.8},"sidewalks":{"area":889.36,"pct":3.42}},"city_same":1,"id":"hex:3556:24427"},"type":"Feature"},{"geometry":{"coordinates":[[[-122.61726,38.22685],[-122.61783,38.22763],[-122.61897,38.22763],[-122.61954,38.22685],[-122.61898,38.22607],[-122.61783,38.22607],[-122.61726,38.22685]]],"type":"Polygon"},"properties":{"bbox":{"roads":{"area":3652.1,"pct":14.06},"sidewalks":{"area":979.11,"pct":3.77}},"city":{"roads":{"area":1681.72,"pct":6.47},"sidewalks":{"area":979.11,"pct":3.77}},"id":"hex:3556:24428"},"type":"Feature"},{"geometry":{"coordinates":[[[[-122.61725,38.22841],[-122.61783,38.22763],[-122.61897,38.22763],[-122.61949,38.22835],[-122.61913,38.2284],[-122.61816,38.22851],[-122.61757,38.22857],[-122.61736,38.22856],[-122.61725,38.22841]]],[[[-122.61896,38.22919],[-122.61782,38.22919],[-122.61771,38.22905],[-122.61807,38.22903],[-122.61899,38.22887],[-122.6192,38.22887],[-122.61896,38.22919]]]],"type":"MultiPolygon"},"properties":{"bbox":{"roads":{"area":1478.8,"pct":8.52},"sidewalks":{"area":52.72,"pct":0.3}},"city":{"roads":{"area":1438.75,"pct":8.29},"sidewalks":{"area":52.72,"pct":0.3}},"id":"hex:3556:24429"},"type":"Feature"},{"geometry":{"coordinates":[[[-122.61724,38.22997],[-122.61781,38.23075],[-122.61895,38.23075],[-122.61953,38.22997],[-122.61896,38.22919],[-122.61782,38.22919],[-122.61724,38.22997]]],"type":"Polygon"},"properties":{"bbox":{"roads":{"area":3555.82,"pct":13.69}},"city_same":1,"id":"hex:3556:24430"},"type":"Feature"},{"geometry":{"coordinates":[[[-122.61723,38.23153],[-122.6178,38.23231],[-122.61894,38.23231],[-122.61952,38.23154],[-122.61895,38.23075],[-122.61781,38.23075],[-122.61723,38.23153]]],"type":"Polygon"},"properties":{"bbox":{"roads":{"area":1812.75,"pct":6.98}},"city_same":1,"id":"hex:3556:24431"},"type":"Feature"},{"geometry":{"coordinates":[[[-122.61723,38.23309],[-122.61779,38.23387],[-122.61894,38.23388],[-122.61951,38.2331],[-122.61894,38.23231],[-122.6178,38.23231],[-122.61723,38.23309]]],"type":"Polygon"},"properties":{"bbox":{"parking":{"area":217.28,"pct":0.84},"roads":{"area":6386.69,"pct":24.58},"sidewalks":{"area":249.94,"pct":0.96}},"city":{"parking":{"area":217.28,"pct":0.84},"roads":{"area":1182.26,"pct":4.55},"sidewalks":{"area":249.94,"pct":0.96}},"id":"hex:3556:24432"},"type":"Feature"},{"geometry":{"coordinates":[[[-122.61722,38.23465],[-122.61778,38.23543],[-122.61893,38.23544],[-122.6195,38.23466],[-122.61894,38.23388],[-122.61779,38.23387],[-122.61722,38.23465]]],"type":"Polygon"},"properties":{"bbox":{"parking":{"area":3598.38,"pct":13.85},"roads":{"area":5465.12,"pct":21.04}},"city":{"parking":{"area":3598.38,"pct":13.85},"roads":{"area":858.91,"pct":3.31}},"id":"hex:3556:24433"},"type":"Feature"},{"geometry":{"coordinates":[[[-122.61721,38.23621],[-122.61778,38.23699],[-122.61892,38.237],[-122.61949,38.23622],[-122.61893,38.23544],[-122.61778,38.23543],[-122.61721,38.23621]]],"type":"Polygon"},"properties":{"bbox":{"roads":{"area":2398.81,"pct":9.23}},"city":{"roads":{"area":1027.25,"pct":3.95}},"id":"hex:3556:24434"},"type":"Feature"},{"geometry":{"coordinates":[[[-122.6172,38.23777],[-122.61777,38.23855],[-122.61891,38.23856],[-122.61949,38.23778],[-122.61892,38.237],[-122.61778,38.23699],[-122.6172,38.23777]]],"type":"Polygon"},"properties":{"bbox":{"roads":{"area":2179.12,"pct":8.39}},"city_same":1,"id":"hex:3556:24435"},"type":"Feature"},{"geometry":{"coordinates":[[[-122.61719,38.23933],[-122.61776,38.24012],[-122.6189,38.24012],[-122.61948,38.23934],[-122.61891,38.23856],[-122.61777,38.23855],[-122.61719,38.23933]]],"type":"Polygon"},"properties":{"bbox":{"roads":{"area":4018.25,"pct":15.47},"sidewalks":{"area":491.16,"pct":1.89}},"city":{"roads":{"area":2729.84,"pct":10.51},"sidewalks":{"area":491.16,"pct":1.89}},"id":"hex:3556:24436"},"type":"Feature"},{"geometry":{"coordinates":[[[-122.61718,38.24089],[-122.61775,38.24168],[-122.61889,38.24168],[-122.61947,38.2409],[-122.6189,38.24012],[-122.61776,38.24012],[-122.61718,38.24089]]],"type":"Polygon"},"properties":{"bbox":{"roads":{"area":3443.36,"pct":13.25},"sidewalks":{"area":237.69,"pct":0.91}},"city":{"roads":{"area":2639.5,"pct":10.16},"sidewalks":{"area":237.69,"pct":0.91}},"id":"hex:3556:24437"},"type":"Feature"},{"geometry":{"coordinates":[[[-122.61718,38.24246],[-122.61774,38.24324],[-122.61889,38.24324],[-122.61946,38.24246],[-122.61889,38.24168],[-122.61775,38.24168],[-122.61718,38.24246]]],"type":"Polygon"},"properties":{"bbox":{"roads":{"area":3144.81,"pct":12.1}},"city_same":1,"id":"hex:3556:24438"},"type":"Feature"},{"geometry":{"coordinates":[[[-122.61717,38.24402],[-122.61774,38.2448],[-122.61888,38.2448],[-122.61945,38.24402],[-122.61889,38.24324],[-122.61774,38.24324],[-122.61717,38.24402]]],"type":"Polygon"},"properties":{"bbox":{"roads":{"area":4313.41,"pct":16.6},"sidewalks":{"area":103.81,"pct":0.4}},"city":{"roads":{"area":3910.53,"pct":15.05},"sidewalks":{"area":103.81,"pct":0.4}},"id":"hex:3556:24439"},"type":"Feature"},{"geometry":{"coordinates":[[[-122.61716,38.24558],[-122.61773,38.24636],[-122.61887,38.24636],[-122.61945,38.24558],[-122.61888,38.2448],[-122.61774,38.2448],[-122.61716,38.24558]]],"type":"Polygon"},"properties":{"bbox":{"roads":{"area":2734.8,"pct":10.53},"sidewalks":{"area":419.98,"pct":1.62}},"city":{"roads":{"area":1438.22,"pct":5.54},"sidewalks":{"area":419.98,"pct":1.62}},"id":"hex:3556:24440"},"type":"Feature"},{"geometry":{"coordinates":[[[-122.61715,38.24714],[-122.61772,38.24792],[-122.61886,38.24792],[-122.61944,38.24715],[-122.61887,38.24636],[-122.61773,38.24636],[-122.61715,38.24714]]],"type":"Polygon"},"properties":{"bbox":{"roads":{"area":2586.1,"pct":9.95},"sidewalks":{"area":629.42,"pct":2.42}},"city_same":1,"id":"hex:3556:24441"},"type":"Feature"},{"geometry":{"coordinates":[[[-122.61714,38.2487],[-122.61771,38.24948],[-122.61885,38.24949],[-122.61943,38.24871],[-122.61886,38.24792],[-122.61772,38.24792],[-122.61714,38.2487]]],"type":"Polygon"},"properties":{"bbox":{"roads":{"area":2176.16,"pct":8.38},"sidewalks":{"area":262.17,"pct":1.01}},"city_same":1,"id":"hex:3556:24442"},"type":"Feature"},{"geometry":{"coordinates":[[[-122.61714,38.25026],[-122.6177,38.25104],[-122.61885,38.25105],[-122.61942,38.25027],[-122.61885,38.24949],[-122.61771,38.24948],[-122.61714,38.25026]]],"type":"Polygon"},"properties":{"bbox":{"roads":{"area":2295.05,"pct":8.83}},"city_same":1,"id":"hex:3556:24443"},"type":"Feature"},{"geometry":{"coordinates":[[[-122.61713,38.25182],[-122.61769,38.2526],[-122.61884,38.25261],[-122.61941,38.25183],[-122.61885,38.25105],[-122.6177,38.25104],[-122.61713,38.25182]]],"type":"Polygon"},"properties":{"bbox":{"roads":{"area":1546.83,"pct":5.95}},"city_same":1,"id":"hex:3556:24444"},"type":"Feature"},{"geometry":{"coordinates":[[[-122.61712,38.25338],[-122.61769,38.25416],[-122.61883,38.25417],[-122.6194,38.25339],[-122.61884,38.25261],[-122.61769,38.2526],[-122.61712,38.25338]]],"type":"Polygon"},"properties":{"bbox":{"roads":{"area":2281.49,"pct":8.78}},"city_same":1,"id":"hex:3556:24445"},"type":"Feature"},{"geometry":{"coordinates":[[[-122.61711,38.25494],[-122.61768,38.25573],[-122.61882,38.25573],[-122.6194,38.25495],[-122.61883,38.25417],[-122.61769,38.25416],[-122.61711,38.25494]]],"type":"Polygon"},"properties":{"bbox":{"roads":{"area":960.86,"pct":3.7},"sidewalks":{"area":43.35,"pct":0.17}},"city_same":1,"id":"hex:3556:24446"},"type":"Feature"},{"geometry":{"coordinates":[[[-122.6171,38.2565],[-122.61767,38.25729],[-122.61881,38.25729],[-122.61939,38.25651],[-122.61882,38.25573],[-122.61768,38.25573],[-122.6171,38.2565]]],"type":"Polygon"},"properties":{"bbox":{"roads":{"area":3844.4,"pct":14.8},"sidewalks":{"area":572.51,"pct":2.2}},"city":{"roads":{"area":1502.36,"pct":5.78},"sidewalks":{"area":572.51,"pct":2.2}},"id":"hex:3556:24447"},"type":"Feature"},{"geometry":{"coordinates":[[[-122.61709,38.25807],[-122.61766,38.25885],[-122.6188,38.25885],[-122.61938,38.25807],[-122.61881,38.25729],[-122.61767,38.25729],[-122.61709,38.25807]]],"type":"Polygon"},"properties":{"bbox":{"roads":{"area":4029.3,"pct":15.51},"sidewalks":{"area":642.9,"pct":2.47}},"city":{"roads":{"area":2360.18,"pct":9.08},"sidewalks":{"area":642.9,"pct":2.47}},"id":"hex:3556:24448"},"type":"Feature"},{"geometry":{"coordinates":[[[-122.61709,38.25963],[-122.61765,38.26041],[-122.6188,38.26041],[-122.61937,38.25963],[-122.6188,38.25885],[-122.61766,38.25885],[-122.61709,38.25963]]],"type":"Polygon"},"properties":{"bbox":{"roads":{"area":1930.43,"pct":7.43}},"city_same":1,"id":"hex:3556:24449"},"type":"Feature"},{"geometry":{"coordinates":[[[-122.61708,38.26119],[-122.61765,38.26197],[-122.61879,38.26197],[-122.61936,38.26119],[-122.6188,38.26041],[-122.61765,38.26041],[-122.61708,38.26119]]],"type":"Polygon"},"properties":{"bbox":{"roads":{"area":2411.15,"pct":9.28}},"city_same":1,"id":"hex:3556:24450"},"type":"Feature"},{"geometry":{"coordinates":[[[-122.61707,38.26275],[-122.61764,38.26353],[-122.61878,38.26353],[-122.61936,38.26276],[-122.61879,38.26197],[-122.61765,38.26197],[-122.61707,38.26275]]],"type":"Polygon"},"properties":{"bbox":{"roads":{"area":3134.35,"pct":12.06}},"city_same":1,"id":"hex:3556:24451"},"type":"Feature"},{"geometry":{"coordinates":[[[-122.61556,38.2245],[-122.61612,38.22528],[-122.61727,38.22528],[-122.61784,38.22451],[-122.61727,38.22372],[-122.61613,38.22372],[-122.61556,38.2245]]],"type":"Polygon"},"properties":{"bbox":{"roads":{"area":1990.17,"pct":7.66}},"city_same":1,"id":"hex:3557:24426"},"type":"Feature"},{"geometry":{"coordinates":[[[-122.61555,38.22606],[-122.61612,38.22684],[-122.61726,38.22685],[-122.61783,38.22607],[-122.61727,38.22528],[-122.61612,38.22528],[-122.61555,38.22606]]],"type":"Polygon"},"properties":{"bbox":{"roads":{"area":1970.29,"pct":7.58},"sidewalks":{"area":761.6,"pct":2.93}},"city_same":1,"id":"hex:3557:24427"},"type":"Feature"},{"geometry":{"coordinates":[[[-122.61554,38.22762],[-122.61611,38.2284],[-122.61725,38.22841],[-122.61783,38.22763],[-122.61726,38.22685],[-122.61612,38.22684],[-122.61554,38.22762]]],"type":"Polygon"},"properties":{"bbox":{"roads":{"area":2659.02,"pct":10.23},"sidewalks":{"area":502.91,"pct":1.94}},"city":{"roads":{"area":1307.34,"pct":5.03},"sidewalks":{"area":502.91,"pct":1.94}},"id":"hex:3557:24428"},"type":"Feature"},{"geometry":{"coordinates":[[[[-122.61782,38.22919],[-122.61724,38.22997],[-122.6161,38.22996],[-122.61553,38.22918],[-122.61583,38.22877],[-122.61712,38.22908],[-122.61771,38.22905],[-122.61782,38.22919]]],[[[-122.61611,38.2284],[-122.61725,38.22841],[-122.61736,38.22856],[-122.61693,38.22853],[-122.61639,38.22846],[-122.6161,38.22841],[-122.61611,38.2284]]]],"type":"MultiPolygon"},"properties":{"bbox":{"roads":{"area":2947.94,"pct":15.77}},"city":{"roads":{"area":408.51,"pct":2.18}},"id":"hex:3557:24429"},"type":"Feature"},{"geometry":{"coordinates":[[[-122.61552,38.23074],[-122.61609,38.23152],[-122.61723,38.23153],[-122.61781,38.23075],[-122.61724,38.22997],[-122.6161,38.22996],[-122.61552,38.23074]]],"type":"Polygon"},"properties":{"bbox":{"roads":{"area":4671.58,"pct":17.98}},"city":{"roads":{"area":550.99,"pct":2.12}},"id":"hex:3557:24430"},"type":"Feature"},{"geometry":{"coordinates":[[[-122.61552,38.2323],[-122.61608,38.23309],[-122.61723,38.23309],[-122.6178,38.23231],[-122.61723,38.23153],[-122.61609,38.23152],[-122.61552,38.2323]]],"type":"Polygon"},"properties":{"bbox":{"roads":{"area":5320.93,"pct":20.48},"sidewalks":{"area":187.41,"pct":0.72}},"city":{"roads":{"area":1045.64,"pct":4.02},"sidewalks":{"area":187.41,"pct":0.72}},"id":"hex:3557:24431"},"type":"Feature"},{"geometry":{"coordinates":[[[-122.61551,38.23386],[-122.61607,38.23465],[-122.61722,38.23465],[-122.61779,38.23387],[-122.61723,38.23309],[-122.61608,38.23309],[-122.61551,38.23386]]],"type":"Polygon"},"properties":{"bbox":{"roads":{"area":5439.51,"pct":20.94},"sidewalks":{"area":114.17,"pct":0.44}},"city":{"roads":{"area":1660.81,"pct":6.39},"sidewalks":{"area":114.17,"pct":0.44}},"id":"hex:3557:24432"},"type":"Feature"},{"geometry":{"coordinates":[[[-122.6155,38.23543],[-122.61607,38.23621],[-122.61721,38.23621],[-122.61778,38.23543],[-122.61722,38.23465],[-122.61607,38.23465],[-122.6155,38.23543]]],"type":"Polygon"},"properties":{"bbox":{"roads":{"area":2146.61,"pct":8.26}},"city":{"roads":{"area":1457.52,"pct":5.61}},"id":"hex:3557:24433"},"type":"Feature"},{"geometry":{"coordinates":[[[-122.61549,38.23699],[-122.61606,38.23777],[-122.6172,38.23777],[-122.61778,38.23699],[-122.61721,38.23621],[-122.61607,38.23621],[-122.61549,38.23699]]],"type":"Polygon"},"properties":{"bbox":{"roads":{"area":1079.38,"pct":4.15}},"city_same":1,"id":"hex:3557:24434"},"type":"Feature"},{"geometry":{"coordinates":[[[-122.61548,38.23855],[-122.61605,38.23933],[-122.61719,38.23933],[-122.61777,38.23855],[-122.6172,38.23777],[-122.61606,38.23777],[-122.61548,38.23855]]],"type":"Polygon"},"properties":{"bbox":{"roads":{"area":1649.2,"pct":6.35}},"city_same":1,"id":"hex:3557:24435"},"type":"Feature"},{"geometry":{"coordinates":[[[-122.61547,38.24011],[-122.61604,38.24089],[-122.61718,38.24089],[-122.61776,38.24012],[-122.61719,38.23933],[-122.61605,38.23933],[-122.61547,38.24011]]],"type":"Polygon"},"properties":{"bbox":{"roads":{"area":1840.41,"pct":7.08},"sidewalks":{"area":100.96,"pct":0.39}},"city":{"roads":{"area":1834.97,"pct":7.06},"sidewalks":{"area":100.96,"pct":0.39}},"id":"hex:3557:24436"},"type":"Feature"},{"geometry":{"coordinates":[[[-122.61547,38.24167],[-122.61603,38.24245],[-122.61718,38.24246],[-122.61775,38.24168],[-122.61718,38.24089],[-122.61604,38.24089],[-122.61547,38.24167]]],"type":"Polygon"},"properties":{"bbox":{"roads":{"area":3401.5,"pct":13.09},"sidewalks":{"area":562.72,"pct":2.17}},"city":{"roads":{"area":1989.83,"pct":7.66},"sidewalks":{"area":562.72,"pct":2.17}},"id":"hex:3557:24437"},"type":"Feature"},{"geometry":{"coordinates":[[[-122.61546,38.24323],[-122.61603,38.24401],[-122.61717,38.24402],[-122.61774,38.24324],[-122.61718,38.24246],[-122.61603,38.24245],[-122.61546,38.24323]]],"type":"Polygon"},"properties":{"bbox":{"parking":{"area":146.11,"pct":0.56},"roads":{"area":3031.82,"pct":11.67},"sidewalks":{"area":284.62,"pct":1.1}},"city":{"parking":{"area":146.11,"pct":0.56},"roads":{"area":2193.12,"pct":8.44},"sidewalks":{"area":284.62,"pct":1.1}},"id":"hex:3557:24438"},"type":"Feature"},{"geometry":{"coordinates":[[[-122.61545,38.24479],[-122.61602,38.24557],[-122.61716,38.24558],[-122.61774,38.2448],[-122.61717,38.24402],[-122.61603,38.24401],[-122.61545,38.24479]]],"type":"Polygon"},"properties":{"bbox":{"roads":{"area":2735,"pct":10.53},"sidewalks":{"area":1263.85,"pct":4.86}},"city":{"roads":{"area":1991.11,"pct":7.66},"sidewalks":{"area":1263.85,"pct":4.86}},"id":"hex:3557:24439"},"type":"Feature"},{"geometry":{"coordinates":[[[-122.61544,38.24635],[-122.61601,38.24713],[-122.61715,38.24714],[-122.61773,38.24636],[-122.61716,38.24558],[-122.61602,38.24557],[-122.61544,38.24635]]],"type":"Polygon"},"properties":{"bbox":{"roads":{"area":2618.58,"pct":10.08},"sidewalks":{"area":776.74,"pct":2.99}},"city_same":1,"id":"hex:3557:24440"},"type":"Feature"},{"geometry":{"coordinates":[[[-122.61543,38.24791],[-122.616,38.2487],[-122.61714,38.2487],[-122.61772,38.24792],[-122.61715,38.24714],[-122.61601,38.24713],[-122.61543,38.24791]]],"type":"Polygon"},"properties":{"bbox":{"roads":{"area":1611.02,"pct":6.2},"sidewalks":{"area":877.14,"pct":3.38}},"city_same":1,"id":"hex:3557:24441"},"type":"Feature"},{"geometry":{"coordinates":[[[-122.61543,38.24947],[-122.61599,38.25026],[-122.61714,38.25026],[-122.61771,38.24948],[-122.61714,38.2487],[-122.616,38.2487],[-122.61543,38.24947]]],"type":"Polygon"},"properties":{"bbox":{"roads":{"area":2554.8,"pct":9.83},"sidewalks":{"area":494.1,"pct":1.9}},"city_same":1,"id":"hex:3557:24442"},"type":"Feature"},{"geometry":{"coordinates":[[[-122.61542,38.25104],[-122.61598,38.25182],[-122.61713,38.25182],[-122.6177,38.25104],[-122.61714,38.25026],[-122.61599,38.25026],[-122.61542,38.25104]]],"type":"Polygon"},"properties":{"bbox":{"roads":{"area":2468.13,"pct":9.5},"sidewalks":{"area":69.11,"pct":0.27}},"city_same":1,"id":"hex:3557:24443"},"type":"Feature"},{"geometry":{"coordinates":[[[-122.61541,38.2526],[-122.61598,38.25338],[-122.61712,38.25338],[-122.61769,38.2526],[-122.61713,38.25182],[-122.61598,38.25182],[-122.61541,38.2526]]],"type":"Polygon"},"properties":{"bbox":{"roads":{"area":2610.79,"pct":10.05},"sidewalks":{"area":1.32,"pct":0.01}},"city_same":1,"id":"hex:3557:24444"},"type":"Feature"},{"geometry":{"coordinates":[[[-122.6154,38.25416],[-122.61597,38.25494],[-122.61711,38.25494],[-122.61769,38.25416],[-122.61712,38.25338],[-122.61598,38.25338],[-122.6154,38.25416]]],"type":"Polygon"},"properties":{"bbox":{"roads":{"area":2244.59,"pct":8.64},"sidewalks":{"area":135.98,"pct":0.52}},"city":{"roads":{"area":1854.25,"pct":7.14},"sidewalks":{"area":135.98,"pct":0.52}},"id":"hex:3557:24445"},"type":"Feature"},{"geometry":{"coordinates":[[[-122.61539,38.25572],[-122.61596,38.2565],[-122.6171,38.2565],[-122.61768,38.25573],[-122.61711,38.25494],[-122.61597,38.25494],[-122.61539,38.25572]]],"type":"Polygon"},"properties":{"bbox":{"roads":{"area":2884.46,"pct":11.1},"sidewalks":{"area":414.49,"pct":1.6}},"city":{"roads":{"area":1699.15,"pct":6.54},"sidewalks":{"area":414.49,"pct":1.6}},"id":"hex:3557:24446"},"type":"Feature"},{"geometry":{"coordinates":[[[-122.61538,38.25728],[-122.61595,38.25806],[-122.61709,38.25807],[-122.61767,38.25729],[-122.6171,38.2565],[-122.61596,38.2565],[-122.61538,38.25728]]],"type":"Polygon"},"properties":{"bbox":{"roads":{"area":2405.14,"pct":9.26},"sidewalks":{"area":226.58,"pct":0.87}},"city_same":1,"id":"hex:3557:24447"},"type":"Feature"},{"geometry":{"coordinates":[[[-122.61538,38.25884],[-122.61594,38.25962],[-122.61709,38.25963],[-122.61766,38.25885],[-122.61709,38.25807],[-122.61595,38.25806],[-122.61538,38.25884]]],"type":"Polygon"},"properties":{"bbox":{"roads":{"area":2516.65,"pct":9.69},"sidewalks":{"area":1121.42,"pct":4.32}},"city":{"roads":{"area":1278.48,"pct":4.92},"sidewalks":{"area":1121.42,"pct":4.32}},"id":"hex:3557:24448"},"type":"Feature"},{"geometry":{"coordinates":[[[-122.61537,38.2604],[-122.61593,38.26118],[-122.61708,38.26119],[-122.61765,38.26041],[-122.61709,38.25963],[-122.61594,38.25962],[-122.61537,38.2604]]],"type":"Polygon"},"properties":{"bbox":{"roads":{"area":2991.64,"pct":11.51},"sidewalks":{"area":630.88,"pct":2.43}},"city":{"roads":{"area":1504.65,"pct":5.79},"sidewalks":{"area":630.88,"pct":2.43}},"id":"hex:3557:24449"},"type":"Feature"},{"geometry":{"coordinates":[[[-122.61536,38.26196],[-122.61593,38.26274],[-122.61707,38.26275],[-122.61765,38.26197],[-122.61708,38.26119],[-122.61593,38.26118],[-122.61536,38.26196]]],"type":"Polygon"},"properties":{"bbox":{"roads":{"area":1998.47,"pct":7.69},"sidewalks":{"area":46.43,"pct":0.18}},"city_same":1,"id":"hex:3557:24450"},"type":"Feature"},{"geometry":{"coordinates":[[[-122.61613,38.22372],[-122.61556,38.2245],[-122.61441,38.22449],[-122.61385,38.22371],[-122.61409,38.22338],[-122.61589,38.22338],[-122.61613,38.22372]]],"type":"Polygon"},"properties":{"bbox":{"roads":{"area":1372.99,"pct":6.98}},"city_same":1,"id":"hex:3558:24426"},"type":"Feature"},{"geometry":{"coordinates":[[[-122.61441,38.22449],[-122.61556,38.2245],[-122.61612,38.22528],[-122.61555,38.22606],[-122.61456,38.22606],[-122.61444,38.22557],[-122.6144,38.22512],[-122.61414,38.22487],[-122.61441,38.22449]]],"type":"Polygon"},"properties":{"bbox":{"roads":{"area":1952.83,"pct":8.88}},"city_same":1,"id":"hex:3558:24427"},"type":"Feature"},{"geometry":{"coordinates":[[[-122.61555,38.22606],[-122.61612,38.22684],[-122.61554,38.22762],[-122.61552,38.22762],[-122.61522,38.22705],[-122.61527,38.22687],[-122.61512,38.22677],[-122.61513,38.22672],[-122.61495,38.22658],[-122.61473,38.22641],[-122.6146,38.22618],[-122.61458,38.2261],[-122.61456,38.22606],[-122.61555,38.22606]]],"type":"Polygon"},"properties":{"bbox":{"roads":{"area":759.23,"pct":6.73},"sidewalks":{"area":146.07,"pct":1.29}},"city_same":1,"id":"hex:3558:24428"},"type":"Feature"},{"geometry":{"coordinates":[[[[-122.61553,38.22918],[-122.61439,38.22918],[-122.61387,38.22846],[-122.61452,38.22846],[-122.61583,38.22877],[-122.61553,38.22918]]],[[[-122.61554,38.22762],[-122.61611,38.2284],[-122.6161,38.22841],[-122.61581,38.22836],[-122.6156,38.22834],[-122.61474,38.22821],[-122.61452,38.22818],[-122.6145,38.22806],[-122.61464,38.22813],[-122.61499,38.22819],[-122.61518,38.22823],[-122.61542,38.22826],[-122.6155,38.22826],[-122.61587,38.22831],[-122.61584,38.22825],[-122.61579,38.22817],[-122.61573,38.22808],[-122.61563,38.22785],[-122.61562,38.22781],[-122.61552,38.22762],[-122.61554,38.22762]]]],"type":"MultiPolygon"},"properties":{"bbox":{"roads":{"area":1175.99,"pct":10.81}},"city":{"roads":{"area":256.02,"pct":2.35}},"id":"hex:3558:24429"},"type":"Feature"},{"geometry":{"coordinates":[[[-122.61439,38.22918],[-122.61553,38.22918],[-122.6161,38.22996],[-122.61552,38.23074],[-122.61472,38.23074],[-122.61449,38.23036],[-122.61406,38.22962],[-122.61439,38.22918]]],"type":"Polygon"},"properties":{"bbox":{"roads":{"area":803.93,"pct":3.6}},"city":{"roads":{"area":668.66,"pct":3}},"id":"hex:3558:24430"},"type":"Feature"},{"geometry":{"coordinates":[[[-122.61552,38.23074],[-122.61609,38.23152],[-122.61552,38.2323],[-122.61437,38.2323],[-122.61381,38.23152],[-122.61388,38.23142],[-122.6141,38.23161],[-122.61467,38.23121],[-122.61489,38.23104],[-122.61486,38.23093],[-122.61474,38.23077],[-122.61472,38.23074],[-122.61552,38.23074]]],"type":"Polygon"},"properties":{"bbox":{"roads":{"area":2347.9,"pct":10.86}},"city_same":1,"id":"hex:3558:24431"},"type":"Feature"},{"geometry":{"coordinates":[[[-122.6138,38.23308],[-122.61436,38.23386],[-122.61551,38.23386],[-122.61608,38.23309],[-122.61552,38.2323],[-122.61437,38.2323],[-122.6138,38.23308]]],"type":"Polygon"},"properties":{"bbox":{"roads":{"area":6396.67,"pct":24.62},"sidewalks":{"area":240.37,"pct":0.93}},"city":{"roads":{"area":3020.29,"pct":11.63},"sidewalks":{"area":240.37,"pct":0.93}},"id":"hex:3558:24432"},"type":"Feature"},{"geometry":{"coordinates":[[[-122.61379,38.23464],[-122.61436,38.23542],[-122.6155,38.23543],[-122.61607,38.23465],[-122.61551,38.23386],[-122.61436,38.23386],[-122.61379,38.23464]]],"type":"Polygon"},"properties":{"bbox":{"roads":{"area":5004.6,"pct":19.26}},"city_same":1,"id":"hex:3558:24433"},"type":"Feature"},{"geometry":{"coordinates":[[[-122.61378,38.2362],[-122.61435,38.23698],[-122.61549,38.23699],[-122.61607,38.23621],[-122.6155,38.23543],[-122.61436,38.23542],[-122.61378,38.2362]]],"type":"Polygon"},"properties":{"bbox":{"roads":{"area":1312.89,"pct":5.05}},"city_same":1,"id":"hex:3558:24434"},"type":"Feature"},{"geometry":{"coordinates":[[[-122.61377,38.23776],[-122.61434,38.23854],[-122.61548,38.23855],[-122.61606,38.23777],[-122.61549,38.23699],[-122.61435,38.23698],[-122.61377,38.23776]]],"type":"Polygon"},"properties":{"bbox":{"roads":{"area":2648.57,"pct":10.19}},"city_same":1,"id":"hex:3558:24435"},"type":"Feature"},{"geometry":{"coordinates":[[[-122.61376,38.23932],[-122.61433,38.2401],[-122.61547,38.24011],[-122.61605,38.23933],[-122.61548,38.23855],[-122.61434,38.23854],[-122.61376,38.23932]]],"type":"Polygon"},"properties":{"bbox":{"roads":{"area":2058.47,"pct":7.92}},"city_same":1,"id":"hex:3558:24436"},"type":"Feature"},{"geometry":{"coordinates":[[[-122.61376,38.24088],[-122.61432,38.24167],[-122.61547,38.24167],[-122.61604,38.24089],[-122.61547,38.24011],[-122.61433,38.2401],[-122.61376,38.24088]]],"type":"Polygon"},"properties":{"bbox":{"roads":{"area":2110.95,"pct":8.13}},"city_same":1,"id":"hex:3558:24437"},"type":"Feature"},{"geometry":{"coordinates":[[[-122.61375,38.24244],[-122.61432,38.24323],[-122.61546,38.24323],[-122.61603,38.24245],[-122.61547,38.24167],[-122.61432,38.24167],[-122.61375,38.24244]]],"type":"Polygon"},"properties":{"bbox":{"roads":{"area":3727.01,"pct":14.35},"sidewalks":{"area":693.86,"pct":2.67}},"city":{"roads":{"area":1612.15,"pct":6.21},"sidewalks":{"area":693.86,"pct":2.67}},"id":"hex:3558:24438"},"type":"Feature"},{"geometry":{"coordinates":[[[-122.61374,38.244],[-122.61431,38.24479],[-122.61545,38.24479],[-122.61603,38.24401],[-122.61546,38.24323],[-122.61432,38.24323],[-122.61374,38.244]]],"type":"Polygon"},"properties":{"bbox":{"parking":{"area":7374.55,"pct":28.38},"roads":{"area":3857.05,"pct":14.85},"sidewalks":{"area":605.39,"pct":2.33}},"city":{"parking":{"area":7374.55,"pct":28.38},"roads":{"area":2180.95,"pct":8.39},"sidewalks":{"area":605.39,"pct":2.33}},"id":"hex:3558:24439"},"type":"Feature"},{"geometry":{"coordinates":[[[-122.61373,38.24557],[-122.6143,38.24635],[-122.61544,38.24635],[-122.61602,38.24557],[-122.61545,38.24479],[-122.61431,38.24479],[-122.61373,38.24557]]],"type":"Polygon"},"properties":{"bbox":{"parking":{"area":1401.27,"pct":5.39},"roads":{"area":3085.07,"pct":11.87},"sidewalks":{"area":1160.14,"pct":4.47}},"city_same":1,"id":"hex:3558:24440"},"type":"Feature"},{"geometry":{"coordinates":[[[-122.61372,38.24713],[-122.61429,38.24791],[-122.61543,38.24791],[-122.61601,38.24713],[-122.61544,38.24635],[-122.6143,38.24635],[-122.61372,38.24713]]],"type":"Polygon"},"properties":{"bbox":{"roads":{"area":1790.75,"pct":6.89},"sidewalks":{"area":1007.82,"pct":3.88}},"city_same":1,"id":"hex:3558:24441"},"type":"Feature"},{"geometry":{"coordinates":[[[-122.61372,38.24869],[-122.61428,38.24947],[-122.61543,38.24947],[-122.616,38.2487],[-122.61543,38.24791],[-122.61429,38.24791],[-122.61372,38.24869]]],"type":"Polygon"},"properties":{"bbox":{"roads":{"area":3070.97,"pct":11.82},"sidewalks":{"area":566.29,"pct":2.18}},"city_same":1,"id":"hex:3558:24442"},"type":"Feature"},{"geometry":{"coordinates":[[[-122.61371,38.25025],[-122.61427,38.25103],[-122.61542,38.25104],[-122.61599,38.25026],[-122.61543,38.24947],[-122.61428,38.24947],[-122.61371,38.25025]]],"type":"Polygon"},"properties":{"bbox":{"roads":{"area":1670.94,"pct":6.43}},"city_same":1,"id":"hex:3558:24443"},"type":"Feature"},{"geometry":{"coordinates":[[[-122.6137,38.25181],[-122.61427,38.25259],[-122.61541,38.2526],[-122.61598,38.25182],[-122.61542,38.25104],[-122.61427,38.25103],[-122.6137,38.25181]]],"type":"Polygon"},"properties":{"bbox":{"roads":{"area":2320.81,"pct":8.93}},"city_same":1,"id":"hex:3558:24444"},"type":"Feature"},{"geometry":{"coordinates":[[[-122.61369,38.25337],[-122.61426,38.25415],[-122.6154,38.25416],[-122.61598,38.25338],[-122.61541,38.2526],[-122.61427,38.25259],[-122.61369,38.25337]]],"type":"Polygon"},"properties":{"bbox":{"roads":{"area":2493.16,"pct":9.6},"sidewalks":{"area":305.45,"pct":1.18}},"city":{"roads":{"area":1706.69,"pct":6.57},"sidewalks":{"area":305.45,"pct":1.18}},"id":"hex:3558:24445"},"type":"Feature"},{"geometry":{"coordinates":[[[-122.61368,38.25493],[-122.61425,38.25571],[-122.61539,38.25572],[-122.61597,38.25494],[-122.6154,38.25416],[-122.61426,38.25415],[-122.61368,38.25493]]],"type":"Polygon"},"properties":{"bbox":{"roads":{"area":2521.32,"pct":9.7},"sidewalks":{"area":309.87,"pct":1.19}},"city":{"roads":{"area":1728.78,"pct":6.65},"sidewalks":{"area":309.87,"pct":1.19}},"id":"hex:3558:24446"},"type":"Feature"},{"geometry":{"coordinates":[[[-122.61367,38.25649],[-122.61424,38.25728],[-122.61538,38.25728],[-122.61596,38.2565],[-122.61539,38.25572],[-122.61425,38.25571],[-122.61367,38.25649]]],"type":"Polygon"},"properties":{"bbox":{"roads":{"area":2116.23,"pct":8.15}},"city_same":1,"id":"hex:3558:24447"},"type":"Feature"},{"geometry":{"coordinates":[[[-122.61367,38.25805],[-122.61423,38.25884],[-122.61538,38.25884],[-122.61595,38.25806],[-122.61538,38.25728],[-122.61424,38.25728],[-122.61367,38.25805]]],"type":"Polygon"},"properties":{"bbox":{"roads":{"area":1795.64,"pct":6.91},"sidewalks":{"area":710.23,"pct":2.73}},"city_same":1,"id":"hex:3558:24448"},"type":"Feature"},{"geometry":{"coordinates":[[[-122.61366,38.25961],[-122.61422,38.2604],[-122.61537,38.2604],[-122.61594,38.25962],[-122.61538,38.25884],[-122.61423,38.25884],[-122.61366,38.25961]]],"type":"Polygon"},"properties":{"bbox":{"roads":{"area":1924.13,"pct":7.41},"sidewalks":{"area":765.65,"pct":2.95}},"city_same":1,"id":"hex:3558:24449"},"type":"Feature"},{"geometry":{"coordinates":[[[-122.61365,38.26118],[-122.61422,38.26196],[-122.61536,38.26196],[-122.61593,38.26118],[-122.61537,38.2604],[-122.61422,38.2604],[-122.61365,38.26118]]],"type":"Polygon"},"properties":{"bbox":{"roads":{"area":2813.97,"pct":10.83},"sidewalks":{"area":379.77,"pct":1.46}},"city":{"roads":{"area":1452.5,"pct":5.59},"sidewalks":{"area":379.77,"pct":1.46}},"id":"hex:3558:24450"},"type":"Feature"},{"geometry":{"coordinates":[[[-122.61364,38.26274],[-122.61421,38.26352],[-122.61535,38.26352],[-122.61593,38.26274],[-122.61536,38.26196],[-122.61422,38.26196],[-122.61364,38.26274]]],"type":"Polygon"},"properties":{"bbox":{"roads":{"area":1863.47,"pct":7.17}},"city":{"roads":{"area":923.31,"pct":3.55}},"id":"hex:3558:24451"},"type":"Feature"},{"geometry":{"coordinates":[[[-122.61385,38.22371],[-122.61441,38.22449],[-122.61414,38.22487],[-122.61391,38.22465],[-122.61326,38.22371],[-122.61385,38.22371]]],"type":"Polygon"},"properties":{"bbox":{"roads":{"area":476.66,"pct":8.29}},"city_same":1,"id":"hex:3559:24426"},"type":"Feature"},{"geometry":{"coordinates":[[[[-122.6121,38.22917],[-122.61268,38.22839],[-122.61273,38.22839],[-122.61277,38.22847],[-122.61281,38.22854],[-122.61306,38.22868],[-122.613,38.22878],[-122.61263,38.22924],[-122.61252,38.22943],[-122.61244,38.22959],[-122.61244,38.22963],[-122.6121,38.22917]]],[[[-122.61439,38.22918],[-122.61406,38.22962],[-122.61398,38.22948],[-122.61379,38.2292],[-122.61365,38.22909],[-122.61367,38.22902],[-122.61373,38.22894],[-122.61381,38.22893],[-122.6139,38.22895],[-122.61394,38.22893],[-122.61399,38.22891],[-122.61369,38.22863],[-122.61361,38.22851],[-122.61366,38.22847],[-122.61375,38.22846],[-122.61387,38.22846],[-122.61439,38.22918]]]],"type":"MultiPolygon"},"properties":{"bbox":{"roads":{"area":114.9,"pct":1.31}},"city_same":1,"id":"hex:3559:24429"},"type":"Feature"},{"geometry":{"coordinates":[[[-122.61381,38.23152],[-122.61266,38.23151],[-122.6121,38.23073],[-122.6125,38.23019],[-122.61274,38.23042],[-122.61278,38.23044],[-122.61284,38.23045],[-122.61293,38.23045],[-122.61298,38.23044],[-122.61315,38.23031],[-122.61369,38.23082],[-122.61351,38.23094],[-122.6135,38.23108],[-122.61388,38.23142],[-122.61381,38.23152]]],"type":"Polygon"},"properties":{"bbox":{"roads":{"area":1521.8,"pct":10.87}},"city_same":1,"id":"hex:3559:24430"},"type":"Feature"},{"geometry":{"coordinates":[[[-122.61209,38.23229],[-122.61266,38.23307],[-122.6138,38.23308],[-122.61437,38.2323],[-122.61381,38.23152],[-122.61266,38.23151],[-122.61209,38.23229]]],"type":"Polygon"},"properties":{"bbox":{"roads":{"area":5572.23,"pct":21.45},"sidewalks":{"area":181.24,"pct":0.7}},"city":{"roads":{"area":4117.91,"pct":15.85},"sidewalks":{"area":181.24,"pct":0.7}},"id":"hex:3559:24431"},"type":"Feature"},{"geometry":{"coordinates":[[[-122.61208,38.23385],[-122.61265,38.23464],[-122.61379,38.23464],[-122.61436,38.23386],[-122.6138,38.23308],[-122.61266,38.23307],[-122.61208,38.23385]]],"type":"Polygon"},"properties":{"bbox":{"roads":{"area":4259.04,"pct":16.39}},"city":{"roads":{"area":4033.27,"pct":15.52}},"id":"hex:3559:24432"},"type":"Feature"},{"geometry":{"coordinates":[[[-122.61207,38.23541],[-122.61264,38.2362],[-122.61378,38.2362],[-122.61436,38.23542],[-122.61379,38.23464],[-122.61265,38.23464],[-122.61207,38.23541]]],"type":"Polygon"},"properties":{"bbox":{"roads":{"area":3226.1,"pct":12.42}},"city_same":1,"id":"hex:3559:24433"},"type":"Feature"},{"geometry":{"coordinates":[[[-122.61206,38.23697],[-122.61263,38.23776],[-122.61377,38.23776],[-122.61435,38.23698],[-122.61378,38.2362],[-122.61264,38.2362],[-122.61206,38.23697]]],"type":"Polygon"},"properties":{"bbox":{"roads":{"area":2174.51,"pct":8.37}},"city_same":1,"id":"hex:3559:24434"},"type":"Feature"},{"geometry":{"coordinates":[[[-122.61205,38.23854],[-122.61262,38.23932],[-122.61376,38.23932],[-122.61434,38.23854],[-122.61377,38.23776],[-122.61263,38.23776],[-122.61205,38.23854]]],"type":"Polygon"},"properties":{"bbox":{"roads":{"area":1475.5,"pct":5.68}},"city_same":1,"id":"hex:3559:24435"},"type":"Feature"},{"geometry":{"coordinates":[[[-122.61205,38.2401],[-122.61261,38.24088],[-122.61376,38.24088],[-122.61433,38.2401],[-122.61376,38.23932],[-122.61262,38.23932],[-122.61205,38.2401]]],"type":"Polygon"},"properties":{"bbox":{"roads":{"area":1792.38,"pct":6.9}},"city_same":1,"id":"hex:3559:24436"},"type":"Feature"},{"geometry":{"coordinates":[[[-122.61204,38.24166],[-122.61261,38.24244],[-122.61375,38.24244],[-122.61432,38.24167],[-122.61376,38.24088],[-122.61261,38.24088],[-122.61204,38.24166]]],"type":"Polygon"},"properties":{"bbox":{"roads":{"area":3093.93,"pct":11.91},"sidewalks":{"area":511.34,"pct":1.97}},"city":{"roads":{"area":1737.22,"pct":6.69},"sidewalks":{"area":511.34,"pct":1.97}},"id":"hex:3559:24437"},"type":"Feature"},{"geometry":{"coordinates":[[[-122.61203,38.24322],[-122.6126,38.244],[-122.61374,38.244],[-122.61432,38.24323],[-122.61375,38.24244],[-122.61261,38.24244],[-122.61203,38.24322]]],"type":"Polygon"},"properties":{"bbox":{"roads":{"area":1954.99,"pct":7.52},"sidewalks":{"area":289.58,"pct":1.11}},"city_same":1,"id":"hex:3559:24438"},"type":"Feature"},{"geometry":{"coordinates":[[[-122.61202,38.24478],[-122.61259,38.24556],[-122.61373,38.24557],[-122.61431,38.24479],[-122.61374,38.244],[-122.6126,38.244],[-122.61202,38.24478]]],"type":"Polygon"},"properties":{"bbox":{"parking":{"area":819.54,"pct":3.15},"roads":{"area":3123.38,"pct":12.02},"sidewalks":{"area":526.82,"pct":2.03}},"city":{"parking":{"area":819.54,"pct":3.15},"roads":{"area":2009.87,"pct":7.74},"sidewalks":{"area":526.82,"pct":2.03}},"id":"hex:3559:24439"},"type":"Feature"},{"geometry":{"coordinates":[[[-122.61201,38.24634],[-122.61258,38.24712],[-122.61372,38.24713],[-122.6143,38.24635],[-122.61373,38.24557],[-122.61259,38.24556],[-122.61201,38.24634]]],"type":"Polygon"},"properties":{"bbox":{"roads":{"area":2701.12,"pct":10.4},"sidewalks":{"area":1359.5,"pct":5.23}},"city":{"roads":{"area":1752.89,"pct":6.75},"sidewalks":{"area":1359.5,"pct":5.23}},"id":"hex:3559:24440"},"type":"Feature"},{"geometry":{"coordinates":[[[-122.612,38.2479],[-122.61257,38.24868],[-122.61372,38.24869],[-122.61429,38.24791],[-122.61372,38.24713],[-122.61258,38.24712],[-122.612,38.2479]]],"type":"Polygon"},"properties":{"bbox":{"roads":{"area":2565.03,"pct":9.87},"sidewalks":{"area":572.71,"pct":2.2}},"city_same":1,"id":"hex:3559:24441"},"type":"Feature"},{"geometry":{"coordinates":[[[-122.612,38.24946],[-122.61256,38.25025],[-122.61371,38.25025],[-122.61428,38.24947],[-122.61372,38.24869],[-122.61257,38.24868],[-122.612,38.24946]]],"type":"Polygon"},"properties":{"bbox":{"roads":{"area":2155.04,"pct":8.29}},"city_same":1,"id":"hex:3559:24442"},"type":"Feature"},{"geometry":{"coordinates":[[[-122.61199,38.25102],[-122.61256,38.25181],[-122.6137,38.25181],[-122.61427,38.25103],[-122.61371,38.25025],[-122.61256,38.25025],[-122.61199,38.25102]]],"type":"Polygon"},"properties":{"bbox":{"roads":{"area":2146.22,"pct":8.26}},"city_same":1,"id":"hex:3559:24443"},"type":"Feature"},{"geometry":{"coordinates":[[[-122.61198,38.25258],[-122.61255,38.25337],[-122.61369,38.25337],[-122.61427,38.25259],[-122.6137,38.25181],[-122.61256,38.25181],[-122.61198,38.25258]]],"type":"Polygon"},"properties":{"bbox":{"roads":{"area":2450.98,"pct":9.43},"sidewalks":{"area":427.33,"pct":1.64}},"city":{"roads":{"area":1296.95,"pct":4.99},"sidewalks":{"area":427.33,"pct":1.64}},"id":"hex:3559:24444"},"type":"Feature"},{"geometry":{"coordinates":[[[-122.61197,38.25415],[-122.61254,38.25493],[-122.61368,38.25493],[-122.61426,38.25415],[-122.61369,38.25337],[-122.61255,38.25337],[-122.61197,38.25415]]],"type":"Polygon"},"properties":{"bbox":{"roads":{"area":2219.17,"pct":8.54},"sidewalks":{"area":151.86,"pct":0.58}},"city":{"roads":{"area":1807.63,"pct":6.96},"sidewalks":{"area":151.86,"pct":0.58}},"id":"hex:3559:24445"},"type":"Feature"},{"geometry":{"coordinates":[[[-122.61196,38.25571],[-122.61253,38.25649],[-122.61367,38.25649],[-122.61425,38.25571],[-122.61368,38.25493],[-122.61254,38.25493],[-122.61196,38.25571]]],"type":"Polygon"},"properties":{"bbox":{"roads":{"area":1707.92,"pct":6.57}},"city_same":1,"id":"hex:3559:24446"},"type":"Feature"},{"geometry":{"coordinates":[[[-122.61196,38.25727],[-122.61252,38.25805],[-122.61367,38.25805],[-122.61424,38.25728],[-122.61367,38.25649],[-122.61253,38.25649],[-122.61196,38.25727]]],"type":"Polygon"},"properties":{"bbox":{"roads":{"area":1804.47,"pct":6.95},"sidewalks":{"area":37.68,"pct":0.15}},"city_same":1,"id":"hex:3559:24447"},"type":"Feature"},{"geometry":{"coordinates":[[[-122.61195,38.25883],[-122.61251,38.25961],[-122.61366,38.25961],[-122.61423,38.25884],[-122.61367,38.25805],[-122.61252,38.25805],[-122.61195,38.25883]]],"type":"Polygon"},"properties":{"bbox":{"parking":{"area":465.17,"pct":1.79},"roads":{"area":2247.03,"pct":8.65},"sidewalks":{"area":569.72,"pct":2.19}},"city_same":1,"id":"hex:3559:24448"},"type":"Feature"},{"geometry":{"coordinates":[[[-122.61194,38.26039],[-122.61251,38.26117],[-122.61365,38.26118],[-122.61422,38.2604],[-122.61366,38.25961],[-122.61251,38.25961],[-122.61194,38.26039]]],"type":"Polygon"},"properties":{"bbox":{"roads":{"area":786.17,"pct":3.03}},"city_same":1,"id":"hex:3559:24449"},"type":"Feature"},{"geometry":{"coordinates":[[[-122.61193,38.26195],[-122.6125,38.26273],[-122.61364,38.26274],[-122.61422,38.26196],[-122.61365,38.26118],[-122.61251,38.26117],[-122.61193,38.26195]]],"type":"Polygon"},"properties":{"bbox":{"roads":{"area":77,"pct":0.3}},"city_same":1,"id":"hex:3559:24450"},"type":"Feature"},{"geometry":{"coordinates":[[[-122.61192,38.26351],[-122.61249,38.26429],[-122.61363,38.2643],[-122.61421,38.26352],[-122.61364,38.26274],[-122.6125,38.26273],[-122.61192,38.26351]]],"type":"Polygon"},"properties":{"bbox":{"roads":{"area":2780.14,"pct":10.7}},"city":{"roads":{"area":1267.48,"pct":4.88}},"id":"hex:3559:24451"},"type":"Feature"},{"geometry":{"coordinates":[[[-122.61249,38.26429],[-122.61363,38.2643],[-122.6142,38.26508],[-122.61381,38.26561],[-122.61219,38.2647],[-122.61249,38.26429]]],"type":"Polygon"},"properties":{"bbox":{"roads":{"area":181.13,"pct":1.23}},"city_same":1,"id":"hex:3559:24452"},"type":"Feature"},{"geometry":{"coordinates":[[[-122.6121,38.23073],[-122.61095,38.23073],[-122.61039,38.22994],[-122.61096,38.22917],[-122.6121,38.22917],[-122.61244,38.22963],[-122.61243,38.2297],[-122.6124,38.2299],[-122.61239,38.22998],[-122.61239,38.23009],[-122.6125,38.23019],[-122.6121,38.23073]]],"type":"Polygon"},"properties":{"bbox":{"roads":{"area":608.33,"pct":2.42}},"city_same":1,"id":"hex:3560:24430"},"type":"Feature"},{"geometry":{"coordinates":[[[-122.61038,38.23151],[-122.61095,38.23229],[-122.61209,38.23229],[-122.61266,38.23151],[-122.6121,38.23073],[-122.61095,38.23073],[-122.61038,38.23151]]],"type":"Polygon"},"properties":{"bbox":{"roads":{"area":2512.86,"pct":9.67}},"city_same":1,"id":"hex:3560:24431"},"type":"Feature"},{"geometry":{"coordinates":[[[-122.61037,38.23307],[-122.61094,38.23385],[-122.61208,38.23385],[-122.61266,38.23307],[-122.61209,38.23229],[-122.61095,38.23229],[-122.61037,38.23307]]],"type":"Polygon"},"properties":{"bbox":{"roads":{"area":4466.6,"pct":17.19},"sidewalks":{"area":261.69,"pct":1.01}},"city":{"roads":{"area":1712.22,"pct":6.59},"sidewalks":{"area":261.69,"pct":1.01}},"id":"hex:3560:24432"},"type":"Feature"},{"geometry":{"coordinates":[[[-122.61036,38.23463],[-122.61093,38.23541],[-122.61207,38.23541],[-122.61265,38.23464],[-122.61208,38.23385],[-122.61094,38.23385],[-122.61036,38.23463]]],"type":"Polygon"},"properties":{"bbox":{"roads":{"area":3143.84,"pct":12.1}},"city_same":1,"id":"hex:3560:24433"},"type":"Feature"},{"geometry":{"coordinates":[[[-122.61035,38.23619],[-122.61092,38.23697],[-122.61206,38.23697],[-122.61264,38.2362],[-122.61207,38.23541],[-122.61093,38.23541],[-122.61035,38.23619]]],"type":"Polygon"},"properties":{"bbox":{"roads":{"area":940.47,"pct":3.62},"sidewalks":{"area":299.32,"pct":1.15}},"city_same":1,"id":"hex:3560:24434"},"type":"Feature"},{"geometry":{"coordinates":[[[-122.61034,38.23775],[-122.61091,38.23853],[-122.61205,38.23854],[-122.61263,38.23776],[-122.61206,38.23697],[-122.61092,38.23697],[-122.61034,38.23775]]],"type":"Polygon"},"properties":{"bbox":{"roads":{"area":2622.39,"pct":10.09},"sidewalks":{"area":327.05,"pct":1.26}},"city_same":1,"id":"hex:3560:24435"},"type":"Feature"},{"geometry":{"coordinates":[[[-122.61034,38.23931],[-122.6109,38.24009],[-122.61205,38.2401],[-122.61262,38.23932],[-122.61205,38.23854],[-122.61091,38.23853],[-122.61034,38.23931]]],"type":"Polygon"},"properties":{"bbox":{"roads":{"area":2595.05,"pct":9.99}},"city_same":1,"id":"hex:3560:24436"},"type":"Feature"},{"geometry":{"coordinates":[[[-122.61033,38.24087],[-122.6109,38.24165],[-122.61204,38.24166],[-122.61261,38.24088],[-122.61205,38.2401],[-122.6109,38.24009],[-122.61033,38.24087]]],"type":"Polygon"},"properties":{"bbox":{"roads":{"area":2088.87,"pct":8.04},"sidewalks":{"area":680.29,"pct":2.62}},"city":{"roads":{"area":699.64,"pct":2.69},"sidewalks":{"area":680.29,"pct":2.62}},"id":"hex:3560:24437"},"type":"Feature"},{"geometry":{"coordinates":[[[-122.61032,38.24243],[-122.61089,38.24322],[-122.61203,38.24322],[-122.61261,38.24244],[-122.61204,38.24166],[-122.6109,38.24165],[-122.61032,38.24243]]],"type":"Polygon"},"properties":{"bbox":{"roads":{"area":2124.85,"pct":8.18},"sidewalks":{"area":245.02,"pct":0.94}},"city_same":1,"id":"hex:3560:24438"},"type":"Feature"},{"geometry":{"coordinates":[[[-122.61031,38.24399],[-122.61088,38.24478],[-122.61202,38.24478],[-122.6126,38.244],[-122.61203,38.24322],[-122.61089,38.24322],[-122.61031,38.24399]]],"type":"Polygon"},"properties":{"bbox":{"roads":{"area":2062.34,"pct":7.94}},"city_same":1,"id":"hex:3560:24439"},"type":"Feature"},{"geometry":{"coordinates":[[[-122.6103,38.24555],[-122.61087,38.24634],[-122.61201,38.24634],[-122.61259,38.24556],[-122.61202,38.24478],[-122.61088,38.24478],[-122.6103,38.24555]]],"type":"Polygon"},"properties":{"bbox":{"roads":{"area":2625.54,"pct":10.11},"sidewalks":{"area":329.33,"pct":1.27}},"city_same":1,"id":"hex:3560:24440"},"type":"Feature"},{"geometry":{"coordinates":[[[-122.61029,38.24712],[-122.61086,38.2479],[-122.612,38.2479],[-122.61258,38.24712],[-122.61201,38.24634],[-122.61087,38.24634],[-122.61029,38.24712]]],"type":"Polygon"},"properties":{"bbox":{"roads":{"area":2539.89,"pct":9.78},"sidewalks":{"area":999.68,"pct":3.85}},"city":{"roads":{"area":1250.35,"pct":4.81},"sidewalks":{"area":999.68,"pct":3.85}},"id":"hex:3560:24441"},"type":"Feature"},{"geometry":{"coordinates":[[[-122.61029,38.24868],[-122.61085,38.24946],[-122.612,38.24946],[-122.61257,38.24868],[-122.612,38.2479],[-122.61086,38.2479],[-122.61029,38.24868]]],"type":"Polygon"},"properties":{"bbox":{"roads":{"area":2174.18,"pct":8.37},"sidewalks":{"area":199.5,"pct":0.77}},"city_same":1,"id":"hex:3560:24442"},"type":"Feature"},{"geometry":{"coordinates":[[[-122.61028,38.25024],[-122.61085,38.25102],[-122.61199,38.25102],[-122.61256,38.25025],[-122.612,38.24946],[-122.61085,38.24946],[-122.61028,38.25024]]],"type":"Polygon"},"properties":{"bbox":{"roads":{"area":1941.56,"pct":7.47}},"city_same":1,"id":"hex:3560:24443"},"type":"Feature"},{"geometry":{"coordinates":[[[-122.61027,38.2518],[-122.61084,38.25258],[-122.61198,38.25258],[-122.61256,38.25181],[-122.61199,38.25102],[-122.61085,38.25102],[-122.61027,38.2518]]],"type":"Polygon"},"properties":{"bbox":{"roads":{"area":2967.4,"pct":11.42},"sidewalks":{"area":243.58,"pct":0.94}},"city":{"roads":{"area":1352.25,"pct":5.2},"sidewalks":{"area":243.58,"pct":0.94}},"id":"hex:3560:24444"},"type":"Feature"},{"geometry":{"coordinates":[[[-122.61026,38.25336],[-122.61083,38.25414],[-122.61197,38.25415],[-122.61255,38.25337],[-122.61198,38.25258],[-122.61084,38.25258],[-122.61026,38.25336]]],"type":"Polygon"},"properties":{"bbox":{"roads":{"area":2050.68,"pct":7.89},"sidewalks":{"area":58.12,"pct":0.22}},"city":{"roads":{"area":2022.01,"pct":7.78},"sidewalks":{"area":58.12,"pct":0.22}},"id":"hex:3560:24445"},"type":"Feature"},{"geometry":{"coordinates":[[[-122.61025,38.25492],[-122.61082,38.2557],[-122.61196,38.25571],[-122.61254,38.25493],[-122.61197,38.25415],[-122.61083,38.25414],[-122.61025,38.25492]]],"type":"Polygon"},"properties":{"bbox":{"roads":{"area":1647.71,"pct":6.34}},"city_same":1,"id":"hex:3560:24446"},"type":"Feature"},{"geometry":{"coordinates":[[[-122.61024,38.25648],[-122.61081,38.25726],[-122.61196,38.25727],[-122.61253,38.25649],[-122.61196,38.25571],[-122.61082,38.2557],[-122.61024,38.25648]]],"type":"Polygon"},"properties":{"bbox":{"roads":{"area":2674.4,"pct":10.29},"sidewalks":{"area":139.45,"pct":0.54}},"city_same":1,"id":"hex:3560:24447"},"type":"Feature"},{"geometry":{"coordinates":[[[-122.61024,38.25804],[-122.6108,38.25882],[-122.61195,38.25883],[-122.61252,38.25805],[-122.61196,38.25727],[-122.61081,38.25726],[-122.61024,38.25804]]],"type":"Polygon"},"properties":{"bbox":{"parking":{"area":1562.25,"pct":6.01},"roads":{"area":2317.43,"pct":8.92},"sidewalks":{"area":513.63,"pct":1.98}},"city_same":1,"id":"hex:3560:24448"},"type":"Feature"},{"geometry":{"coordinates":[[[-122.61023,38.2596],[-122.6108,38.26039],[-122.61194,38.26039],[-122.61251,38.25961],[-122.61195,38.25883],[-122.6108,38.25882],[-122.61023,38.2596]]],"type":"Polygon"},"properties":{"bbox":{"roads":{"area":420.58,"pct":1.62}},"city_same":1,"id":"hex:3560:24449"},"type":"Feature"},{"geometry":{"coordinates":[[[-122.61022,38.26116],[-122.61079,38.26195],[-122.61193,38.26195],[-122.61251,38.26117],[-122.61194,38.26039],[-122.6108,38.26039],[-122.61022,38.26116]]],"type":"Polygon"},"properties":{"bbox":{"roads":{"area":211.87,"pct":0.82}},"city_same":1,"id":"hex:3560:24450"},"type":"Feature"},{"geometry":{"coordinates":[[[-122.61077,38.26507],[-122.6102,38.26429],[-122.61078,38.26351],[-122.61192,38.26351],[-122.61249,38.26429],[-122.61219,38.2647],[-122.61209,38.26465],[-122.6119,38.26487],[-122.61172,38.26507],[-122.61172,38.26507],[-122.61077,38.26507]]],"type":"Polygon"},"properties":{"bbox":{"roads":{"area":691.78,"pct":2.73}},"id":"hex:3560:24452"},"type":"Feature"},{"geometry":{"coordinates":[[[-122.61077,38.26507],[-122.61172,38.26507],[-122.61171,38.26508],[-122.61113,38.26572],[-122.61109,38.26576],[-122.61094,38.26568],[-122.6105,38.26543],[-122.61077,38.26507]]],"type":"Polygon"},"properties":{"bbox":{"roads":{"area":542.85,"pct":11.64}},"city":{"roads":{"area":224.16,"pct":4.81}},"id":"hex:3560:24453"},"type":"Feature"},{"geometry":{"coordinates":[[[-122.60866,38.23228],[-122.60923,38.23306],[-122.61037,38.23307],[-122.61095,38.23229],[-122.61038,38.23151],[-122.60924,38.2315],[-122.60866,38.23228]]],"type":"Polygon"},"properties":{"bbox":{"roads":{"area":1983.53,"pct":7.63},"sidewalks":{"area":13.48,"pct":0.05}},"city_same":1,"id":"hex:3561:24431"},"type":"Feature"},{"geometry":{"coordinates":[[[-122.60865,38.23384],[-122.60922,38.23462],[-122.61036,38.23463],[-122.61094,38.23385],[-122.61037,38.23307],[-122.60923,38.23306],[-122.60865,38.23384]]],"type":"Polygon"},"properties":{"bbox":{"roads":{"area":3819.55,"pct":14.7},"sidewalks":{"area":187.44,"pct":0.72}},"city":{"roads":{"area":1760.05,"pct":6.77},"sidewalks":{"area":187.44,"pct":0.72}},"id":"hex:3561:24432"},"type":"Feature"},{"geometry":{"coordinates":[[[-122.60864,38.2354],[-122.60921,38.23618],[-122.61035,38.23619],[-122.61093,38.23541],[-122.61036,38.23463],[-122.60922,38.23462],[-122.60864,38.2354]]],"type":"Polygon"},"properties":{"bbox":{"roads":{"area":1368.91,"pct":5.27},"sidewalks":{"area":409.03,"pct":1.57}},"city_same":1,"id":"hex:3561:24433"},"type":"Feature"},{"geometry":{"coordinates":[[[-122.60864,38.23696],[-122.6092,38.23775],[-122.61034,38.23775],[-122.61092,38.23697],[-122.61035,38.23619],[-122.60921,38.23618],[-122.60864,38.23696]]],"type":"Polygon"},"properties":{"bbox":{"roads":{"area":2369.72,"pct":9.12},"sidewalks":{"area":247.82,"pct":0.95}},"city_same":1,"id":"hex:3561:24434"},"type":"Feature"},{"geometry":{"coordinates":[[[-122.60863,38.23852],[-122.60919,38.23931],[-122.61034,38.23931],[-122.61091,38.23853],[-122.61034,38.23775],[-122.6092,38.23775],[-122.60863,38.23852]]],"type":"Polygon"},"properties":{"bbox":{"roads":{"area":1780.94,"pct":6.85}},"city_same":1,"id":"hex:3561:24435"},"type":"Feature"},{"geometry":{"coordinates":[[[-122.60862,38.24009],[-122.60919,38.24087],[-122.61033,38.24087],[-122.6109,38.24009],[-122.61034,38.23931],[-122.60919,38.23931],[-122.60862,38.24009]]],"type":"Polygon"},"properties":{"bbox":{"roads":{"area":3893.9,"pct":14.99},"sidewalks":{"area":624.26,"pct":2.4}},"city":{"roads":{"area":1573.49,"pct":6.06},"sidewalks":{"area":624.26,"pct":2.4}},"id":"hex:3561:24436"},"type":"Feature"},{"geometry":{"coordinates":[[[-122.60861,38.24165],[-122.60918,38.24243],[-122.61032,38.24243],[-122.6109,38.24165],[-122.61033,38.24087],[-122.60919,38.24087],[-122.60861,38.24165]]],"type":"Polygon"},"properties":{"bbox":{"roads":{"area":2346.19,"pct":9.03},"sidewalks":{"area":191.39,"pct":0.74}},"city_same":1,"id":"hex:3561:24437"},"type":"Feature"},{"geometry":{"coordinates":[[[-122.6086,38.24321],[-122.60917,38.24399],[-122.61031,38.24399],[-122.61089,38.24322],[-122.61032,38.24243],[-122.60918,38.24243],[-122.6086,38.24321]]],"type":"Polygon"},"properties":{"bbox":{"roads":{"area":1505.26,"pct":5.79}},"city_same":1,"id":"hex:3561:24438"},"type":"Feature"},{"geometry":{"coordinates":[[[-122.60859,38.24477],[-122.60916,38.24555],[-122.6103,38.24555],[-122.61088,38.24478],[-122.61031,38.24399],[-122.60917,38.24399],[-122.60859,38.24477]]],"type":"Polygon"},"properties":{"bbox":{"roads":{"area":2505.24,"pct":9.64},"sidewalks":{"area":476.03,"pct":1.83}},"city_same":1,"id":"hex:3561:24439"},"type":"Feature"},{"geometry":{"coordinates":[[[-122.60858,38.24633],[-122.60915,38.24711],[-122.61029,38.24712],[-122.61087,38.24634],[-122.6103,38.24555],[-122.60916,38.24555],[-122.60858,38.24633]]],"type":"Polygon"},"properties":{"bbox":{"roads":{"area":2358.92,"pct":9.08},"sidewalks":{"area":927.94,"pct":3.57}},"city_same":1,"id":"hex:3561:24440"},"type":"Feature"},{"geometry":{"coordinates":[[[-122.60858,38.24789],[-122.60914,38.24867],[-122.61029,38.24868],[-122.61086,38.2479],[-122.61029,38.24712],[-122.60915,38.24711],[-122.60858,38.24789]]],"type":"Polygon"},"properties":{"bbox":{"roads":{"area":2572.7,"pct":9.9},"sidewalks":{"area":752.9,"pct":2.9}},"city":{"roads":{"area":1327.97,"pct":5.11},"sidewalks":{"area":752.9,"pct":2.9}},"id":"hex:3561:24441"},"type":"Feature"},{"geometry":{"coordinates":[[[-122.60857,38.24945],[-122.60914,38.25023],[-122.61028,38.25024],[-122.61085,38.24946],[-122.61029,38.24868],[-122.60914,38.24867],[-122.60857,38.24945]]],"type":"Polygon"},"properties":{"bbox":{"roads":{"area":2276.62,"pct":8.76}},"city_same":1,"id":"hex:3561:24442"},"type":"Feature"},{"geometry":{"coordinates":[[[-122.60856,38.25101],[-122.60913,38.25179],[-122.61027,38.2518],[-122.61085,38.25102],[-122.61028,38.25024],[-122.60914,38.25023],[-122.60856,38.25101]]],"type":"Polygon"},"properties":{"bbox":{"roads":{"area":2809.09,"pct":10.81}},"city":{"roads":{"area":1468.17,"pct":5.65}},"id":"hex:3561:24443"},"type":"Feature"},{"geometry":{"coordinates":[[[-122.60855,38.25257],[-122.60912,38.25336],[-122.61026,38.25336],[-122.61084,38.25258],[-122.61027,38.2518],[-122.60913,38.25179],[-122.60855,38.25257]]],"type":"Polygon"},"properties":{"bbox":{"roads":{"area":1788.47,"pct":6.88}},"city_same":1,"id":"hex:3561:24444"},"type":"Feature"},{"geometry":{"coordinates":[[[-122.60854,38.25413],[-122.60911,38.25492],[-122.61025,38.25492],[-122.61083,38.25414],[-122.61026,38.25336],[-122.60912,38.25336],[-122.60854,38.25413]]],"type":"Polygon"},"properties":{"bbox":{"roads":{"area":1530.74,"pct":5.89}},"city_same":1,"id":"hex:3561:24445"},"type":"Feature"},{"geometry":{"coordinates":[[[-122.60853,38.2557],[-122.6091,38.25648],[-122.61024,38.25648],[-122.61082,38.2557],[-122.61025,38.25492],[-122.60911,38.25492],[-122.60853,38.2557]]],"type":"Polygon"},"properties":{"bbox":{"roads":{"area":1710.12,"pct":6.58}},"city_same":1,"id":"hex:3561:24446"},"type":"Feature"},{"geometry":{"coordinates":[[[-122.60853,38.25726],[-122.60909,38.25804],[-122.61024,38.25804],[-122.61081,38.25726],[-122.61024,38.25648],[-122.6091,38.25648],[-122.60853,38.25726]]],"type":"Polygon"},"properties":{"bbox":{"parking":{"area":3538.32,"pct":13.62},"roads":{"area":2281.2,"pct":8.78},"sidewalks":{"area":211.44,"pct":0.81}},"city_same":1,"id":"hex:3561:24447"},"type":"Feature"},{"geometry":{"coordinates":[[[-122.60852,38.25882],[-122.60909,38.2596],[-122.61023,38.2596],[-122.6108,38.25882],[-122.61024,38.25804],[-122.60909,38.25804],[-122.60852,38.25882]]],"type":"Polygon"},"properties":{"bbox":{"parking":{"area":451.49,"pct":1.74}},"city_same":1,"id":"hex:3561:24448"},"type":"Feature"},{"geometry":{"coordinates":[[[-122.60849,38.2635],[-122.60906,38.26428],[-122.6102,38.26429],[-122.61078,38.26351],[-122.61021,38.26273],[-122.60907,38.26272],[-122.60849,38.2635]]],"type":"Polygon"},"properties":{"bbox":{"roads":{"area":151.09,"pct":0.58}},"city_same":1,"id":"hex:3561:24451"},"type":"Feature"},{"geometry":{"coordinates":[[[-122.60906,38.26428],[-122.6102,38.26429],[-122.61077,38.26507],[-122.6105,38.26543],[-122.60888,38.26452],[-122.60906,38.26428]]],"type":"Polygon"},"properties":{"bbox":{"roads":{"area":608.83,"pct":5.5}},"city_same":1,"id":"hex:3561:24452"},"type":"Feature"},{"geometry":{"coordinates":[[[-122.60695,38.23149],[-122.60752,38.23228],[-122.60866,38.23228],[-122.60924,38.2315],[-122.60867,38.23072],[-122.60753,38.23072],[-122.60695,38.23149]]],"type":"Polygon"},"properties":{"bbox":{"roads":{"area":1445.87,"pct":5.57}},"city_same":1,"id":"hex:3562:24431"},"type":"Feature"},{"geometry":{"coordinates":[[[-122.60694,38.23306],[-122.60751,38.23384],[-122.60865,38.23384],[-122.60923,38.23306],[-122.60866,38.23228],[-122.60752,38.23228],[-122.60694,38.23306]]],"type":"Polygon"},"properties":{"bbox":{"roads":{"area":3630.81,"pct":13.97}},"city":{"roads":{"area":1261.53,"pct":4.86}},"id":"hex:3562:24432"},"type":"Feature"},{"geometry":{"coordinates":[[[-122.60693,38.23462],[-122.6075,38.2354],[-122.60864,38.2354],[-122.60922,38.23462],[-122.60865,38.23384],[-122.60751,38.23384],[-122.60693,38.23462]]],"type":"Polygon"},"properties":{"bbox":{"roads":{"area":2477.88,"pct":9.54},"sidewalks":{"area":31.46,"pct":0.12}},"city_same":1,"id":"hex:3562:24433"},"type":"Feature"},{"geometry":{"coordinates":[[[-122.60693,38.23618],[-122.60749,38.23696],[-122.60864,38.23696],[-122.60921,38.23618],[-122.60864,38.2354],[-122.6075,38.2354],[-122.60693,38.23618]]],"type":"Polygon"},"properties":{"bbox":{"roads":{"area":1431.09,"pct":5.51}},"city_same":1,"id":"hex:3562:24434"},"type":"Feature"},{"geometry":{"coordinates":[[[-122.60692,38.23774],[-122.60748,38.23852],[-122.60863,38.23852],[-122.6092,38.23775],[-122.60864,38.23696],[-122.60749,38.23696],[-122.60692,38.23774]]],"type":"Polygon"},"properties":{"bbox":{"roads":{"area":2214.23,"pct":8.52}},"city_same":1,"id":"hex:3562:24435"},"type":"Feature"},{"geometry":{"coordinates":[[[-122.60691,38.2393],[-122.60748,38.24008],[-122.60862,38.24009],[-122.60919,38.23931],[-122.60863,38.23852],[-122.60748,38.23852],[-122.60691,38.2393]]],"type":"Polygon"},"properties":{"bbox":{"roads":{"area":2562.68,"pct":9.86},"sidewalks":{"area":521.92,"pct":2.01}},"city":{"roads":{"area":631.45,"pct":2.43},"sidewalks":{"area":521.92,"pct":2.01}},"id":"hex:3562:24436"},"type":"Feature"},{"geometry":{"coordinates":[[[-122.6069,38.24086],[-122.60747,38.24164],[-122.60861,38.24165],[-122.60919,38.24087],[-122.60862,38.24009],[-122.60748,38.24008],[-122.6069,38.24086]]],"type":"Polygon"},"properties":{"bbox":{"roads":{"area":2466.85,"pct":9.49}},"city_same":1,"id":"hex:3562:24437"},"type":"Feature"},{"geometry":{"coordinates":[[[-122.60689,38.24242],[-122.60746,38.2432],[-122.6086,38.24321],[-122.60918,38.24243],[-122.60861,38.24165],[-122.60747,38.24164],[-122.60689,38.24242]]],"type":"Polygon"},"properties":{"bbox":{"roads":{"area":1718,"pct":6.61}},"city_same":1,"id":"hex:3562:24438"},"type":"Feature"},{"geometry":{"coordinates":[[[-122.60688,38.24398],[-122.60745,38.24476],[-122.60859,38.24477],[-122.60917,38.24399],[-122.6086,38.24321],[-122.60746,38.2432],[-122.60688,38.24398]]],"type":"Polygon"},"properties":{"bbox":{"roads":{"area":2448.43,"pct":9.42},"sidewalks":{"area":500.65,"pct":1.93}},"city_same":1,"id":"hex:3562:24439"},"type":"Feature"},{"geometry":{"coordinates":[[[-122.60687,38.24554],[-122.60744,38.24633],[-122.60858,38.24633],[-122.60916,38.24555],[-122.60859,38.24477],[-122.60745,38.24476],[-122.60687,38.24554]]],"type":"Polygon"},"properties":{"bbox":{"roads":{"area":226.09,"pct":0.87}},"city_same":1,"id":"hex:3562:24440"},"type":"Feature"},{"geometry":{"coordinates":[[[-122.60687,38.2471],[-122.60743,38.24789],[-122.60858,38.24789],[-122.60915,38.24711],[-122.60858,38.24633],[-122.60744,38.24633],[-122.60687,38.2471]]],"type":"Polygon"},"properties":{"bbox":{"roads":{"area":1308.29,"pct":5.04},"sidewalks":{"area":2.56,"pct":0.01}},"city_same":1,"id":"hex:3562:24441"},"type":"Feature"},{"geometry":{"coordinates":[[[-122.60686,38.24867],[-122.60743,38.24945],[-122.60857,38.24945],[-122.60914,38.24867],[-122.60858,38.24789],[-122.60743,38.24789],[-122.60686,38.24867]]],"type":"Polygon"},"properties":{"bbox":{"roads":{"area":2398.31,"pct":9.23}},"city":{"roads":{"area":1313.8,"pct":5.06}},"id":"hex:3562:24442"},"type":"Feature"},{"geometry":{"coordinates":[[[-122.60685,38.25023],[-122.60742,38.25101],[-122.60856,38.25101],[-122.60914,38.25023],[-122.60857,38.24945],[-122.60743,38.24945],[-122.60685,38.25023]]],"type":"Polygon"},"properties":{"bbox":{"roads":{"area":2362.5,"pct":9.09}},"city":{"roads":{"area":475.03,"pct":1.83}},"id":"hex:3562:24443"},"type":"Feature"},{"geometry":{"coordinates":[[[-122.60684,38.25179],[-122.60741,38.25257],[-122.60855,38.25257],[-122.60913,38.25179],[-122.60856,38.25101],[-122.60742,38.25101],[-122.60684,38.25179]]],"type":"Polygon"},"properties":{"bbox":{"roads":{"area":2033.06,"pct":7.83}},"city_same":1,"id":"hex:3562:24444"},"type":"Feature"},{"geometry":{"coordinates":[[[-122.60683,38.25335],[-122.6074,38.25413],[-122.60854,38.25413],[-122.60912,38.25336],[-122.60855,38.25257],[-122.60741,38.25257],[-122.60683,38.25335]]],"type":"Polygon"},"properties":{"bbox":{"roads":{"area":2175.67,"pct":8.37}},"city_same":1,"id":"hex:3562:24445"},"type":"Feature"},{"geometry":{"coordinates":[[[-122.60682,38.25491],[-122.60739,38.25569],[-122.60853,38.2557],[-122.60911,38.25492],[-122.60854,38.25413],[-122.6074,38.25413],[-122.60682,38.25491]]],"type":"Polygon"},"properties":{"bbox":{"roads":{"area":1369.42,"pct":5.27},"sidewalks":{"area":16.46,"pct":0.06}},"city_same":1,"id":"hex:3562:24446"},"type":"Feature"},{"geometry":{"coordinates":[[[-122.60682,38.25647],[-122.60738,38.25725],[-122.60853,38.25726],[-122.6091,38.25648],[-122.60853,38.2557],[-122.60739,38.25569],[-122.60682,38.25647]]],"type":"Polygon"},"properties":{"bbox":{"roads":{"area":1413.1,"pct":5.44}},"city_same":1,"id":"hex:3562:24447"},"type":"Feature"},{"geometry":{"coordinates":[[[-122.60735,38.2635],[-122.60849,38.2635],[-122.60906,38.26428],[-122.60888,38.26452],[-122.60726,38.26361],[-122.60735,38.2635]]],"type":"Polygon"},"properties":{"bbox":{"roads":{"area":844.86,"pct":10.17}},"city_same":1,"id":"hex:3562:24452"},"type":"Feature"},{"geometry":{"coordinates":[[[-122.60524,38.23071],[-122.60581,38.23149],[-122.60695,38.23149],[-122.60753,38.23072],[-122.60696,38.22993],[-122.60582,38.22993],[-122.60524,38.23071]]],"type":"Polygon"},"properties":{"bbox":{"roads":{"area":2193.01,"pct":8.44}},"city_same":1,"id":"hex:3563:24430"},"type":"Feature"},{"geometry":{"coordinates":[[[-122.60523,38.23227],[-122.6058,38.23305],[-122.60694,38.23306],[-122.60752,38.23228],[-122.60695,38.23149],[-122.60581,38.23149],[-122.60523,38.23227]]],"type":"Polygon"},"properties":{"bbox":{"roads":{"area":3223.84,"pct":12.41},"sidewalks":{"area":93.4,"pct":0.36}},"city_same":1,"id":"hex:3563:24431"},"type":"Feature"},{"geometry":{"coordinates":[[[-122.60522,38.23383],[-122.60579,38.23461],[-122.60693,38.23462],[-122.60751,38.23384],[-122.60694,38.23306],[-122.6058,38.23305],[-122.60522,38.23383]]],"type":"Polygon"},"properties":{"bbox":{"roads":{"area":4354.39,"pct":16.76}},"city":{"roads":{"area":1760.27,"pct":6.78}},"id":"hex:3563:24432"},"type":"Feature"},{"geometry":{"coordinates":[[[-122.60522,38.23539],[-122.60578,38.23617],[-122.60693,38.23618],[-122.6075,38.2354],[-122.60693,38.23462],[-122.60579,38.23461],[-122.60522,38.23539]]],"type":"Polygon"},"properties":{"bbox":{"roads":{"area":2030.69,"pct":7.82}},"city_same":1,"id":"hex:3563:24433"},"type":"Feature"},{"geometry":{"coordinates":[[[-122.60521,38.23695],[-122.60577,38.23773],[-122.60692,38.23774],[-122.60749,38.23696],[-122.60693,38.23618],[-122.60578,38.23617],[-122.60521,38.23695]]],"type":"Polygon"},"properties":{"bbox":{"roads":{"area":1908.88,"pct":7.35}},"city_same":1,"id":"hex:3563:24434"},"type":"Feature"},{"geometry":{"coordinates":[[[-122.6052,38.23851],[-122.60577,38.2393],[-122.60691,38.2393],[-122.60748,38.23852],[-122.60692,38.23774],[-122.60577,38.23773],[-122.6052,38.23851]]],"type":"Polygon"},"properties":{"bbox":{"roads":{"area":3195.84,"pct":12.3},"sidewalks":{"area":495.1,"pct":1.91}},"city":{"roads":{"area":1319.62,"pct":5.08},"sidewalks":{"area":495.1,"pct":1.91}},"id":"hex:3563:24435"},"type":"Feature"},{"geometry":{"coordinates":[[[-122.60519,38.24007],[-122.60576,38.24086],[-122.6069,38.24086],[-122.60748,38.24008],[-122.60691,38.2393],[-122.60577,38.2393],[-122.60519,38.24007]]],"type":"Polygon"},"properties":{"bbox":{"roads":{"area":1373.51,"pct":5.29}},"city_same":1,"id":"hex:3563:24436"},"type":"Feature"},{"geometry":{"coordinates":[[[-122.60518,38.24163],[-122.60575,38.24242],[-122.60689,38.24242],[-122.60747,38.24164],[-122.6069,38.24086],[-122.60576,38.24086],[-122.60518,38.24163]]],"type":"Polygon"},"properties":{"bbox":{"roads":{"area":2446.11,"pct":9.42}},"city_same":1,"id":"hex:3563:24437"},"type":"Feature"},{"geometry":{"coordinates":[[[-122.60517,38.2432],[-122.60574,38.24398],[-122.60688,38.24398],[-122.60746,38.2432],[-122.60689,38.24242],[-122.60575,38.24242],[-122.60517,38.2432]]],"type":"Polygon"},"properties":{"bbox":{"roads":{"area":1965.33,"pct":7.56},"sidewalks":{"area":466.23,"pct":1.79}},"city_same":1,"id":"hex:3563:24438"},"type":"Feature"},{"geometry":{"coordinates":[[[-122.60516,38.24476],[-122.60573,38.24554],[-122.60687,38.24554],[-122.60745,38.24476],[-122.60688,38.24398],[-122.60574,38.24398],[-122.60516,38.24476]]],"type":"Polygon"},"properties":{"bbox":{"roads":{"area":1966.13,"pct":7.57},"sidewalks":{"area":199.33,"pct":0.77}},"city_same":1,"id":"hex:3563:24439"},"type":"Feature"},{"geometry":{"coordinates":[[[-122.60516,38.24632],[-122.60572,38.2471],[-122.60687,38.2471],[-122.60744,38.24633],[-122.60687,38.24554],[-122.60573,38.24554],[-122.60516,38.24632]]],"type":"Polygon"},"properties":{"bbox":{"roads":{"area":2669.27,"pct":10.27}},"city_same":1,"id":"hex:3563:24440"},"type":"Feature"},{"geometry":{"coordinates":[[[-122.60515,38.24788],[-122.60572,38.24866],[-122.60686,38.24867],[-122.60743,38.24789],[-122.60687,38.2471],[-122.60572,38.2471],[-122.60515,38.24788]]],"type":"Polygon"},"properties":{"bbox":{"roads":{"area":1679.67,"pct":6.47}},"city_same":1,"id":"hex:3563:24441"},"type":"Feature"},{"geometry":{"coordinates":[[[-122.60514,38.24944],[-122.60571,38.25022],[-122.60685,38.25023],[-122.60743,38.24945],[-122.60686,38.24867],[-122.60572,38.24866],[-122.60514,38.24944]]],"type":"Polygon"},"properties":{"bbox":{"roads":{"area":1398.05,"pct":5.38}},"city":{"roads":{"area":5.54,"pct":0.02}},"id":"hex:3563:24442"},"type":"Feature"},{"geometry":{"coordinates":[[[-122.60513,38.251],[-122.6057,38.25178],[-122.60684,38.25179],[-122.60742,38.25101],[-122.60685,38.25023],[-122.60571,38.25022],[-122.60513,38.251]]],"type":"Polygon"},"properties":{"bbox":{"roads":{"area":2425.73,"pct":9.34}},"city_same":1,"id":"hex:3563:24443"},"type":"Feature"},{"geometry":{"coordinates":[[[-122.60512,38.25256],[-122.60569,38.25334],[-122.60683,38.25335],[-122.60741,38.25257],[-122.60684,38.25179],[-122.6057,38.25178],[-122.60512,38.25256]]],"type":"Polygon"},"properties":{"bbox":{"roads":{"area":1049.73,"pct":4.04}},"city_same":1,"id":"hex:3563:24444"},"type":"Feature"},{"geometry":{"coordinates":[[[-122.60511,38.25412],[-122.60568,38.25491],[-122.60682,38.25491],[-122.6074,38.25413],[-122.60683,38.25335],[-122.60569,38.25334],[-122.60511,38.25412]]],"type":"Polygon"},"properties":{"bbox":{"roads":{"area":1937.54,"pct":7.46}},"city_same":1,"id":"hex:3563:24445"},"type":"Feature"},{"geometry":{"coordinates":[[[-122.60511,38.25568],[-122.60567,38.25647],[-122.60682,38.25647],[-122.60739,38.25569],[-122.60682,38.25491],[-122.60568,38.25491],[-122.60511,38.25568]]],"type":"Polygon"},"properties":{"bbox":{"roads":{"area":1829.26,"pct":7.04}},"city_same":1,"id":"hex:3563:24446"},"type":"Feature"},{"geometry":{"coordinates":[[[-122.60511,38.26198],[-122.60513,38.26195],[-122.60565,38.26143],[-122.60569,38.26132],[-122.60557,38.26125],[-122.60565,38.26115],[-122.60679,38.26115],[-122.60736,38.26194],[-122.60678,38.26271],[-122.60566,38.26271],[-122.60563,38.26269],[-122.60511,38.26198]]],"type":"Polygon"},"properties":{"bbox":{"roads":{"area":101.03,"pct":0.4}},"city_same":1,"id":"hex:3563:24450"},"type":"Feature"},{"geometry":{"coordinates":[[[-122.60678,38.26271],[-122.60735,38.2635],[-122.60726,38.26361],[-122.60566,38.26271],[-122.60678,38.26271]]],"type":"Polygon"},"properties":{"bbox":{"roads":{"area":566.28,"pct":10.19}},"city_same":1,"id":"hex:3563:24451"},"type":"Feature"},{"geometry":{"coordinates":[[[-122.60641,38.26938],[-122.60687,38.26976],[-122.6065,38.27006],[-122.60607,38.27039],[-122.6056,38.27],[-122.60641,38.26938]]],"type":"Polygon"},"properties":{"bbox":{"roads":{"area":36.26,"pct":0.62}},"city_same":1,"id":"hex:3563:24455"},"type":"Feature"},{"geometry":{"coordinates":[[[-122.60353,38.22992],[-122.6041,38.2307],[-122.60524,38.23071],[-122.60582,38.22993],[-122.60525,38.22915],[-122.60411,38.22914],[-122.60353,38.22992]]],"type":"Polygon"},"properties":{"bbox":{"roads":{"area":218.87,"pct":0.84}},"city_same":1,"id":"hex:3564:24430"},"type":"Feature"},{"geometry":{"coordinates":[[[-122.60352,38.23148],[-122.60409,38.23227],[-122.60523,38.23227],[-122.60581,38.23149],[-122.60524,38.23071],[-122.6041,38.2307],[-122.60352,38.23148]]],"type":"Polygon"},"properties":{"bbox":{"roads":{"area":2634.61,"pct":10.14},"sidewalks":{"area":183.46,"pct":0.71}},"city_same":1,"id":"hex:3564:24431"},"type":"Feature"},{"geometry":{"coordinates":[[[-122.60351,38.23304],[-122.60408,38.23383],[-122.60522,38.23383],[-122.6058,38.23305],[-122.60523,38.23227],[-122.60409,38.23227],[-122.60351,38.23304]]],"type":"Polygon"},"properties":{"bbox":{"roads":{"area":5117.91,"pct":19.7},"sidewalks":{"area":380.14,"pct":1.46}},"city":{"roads":{"area":2879.61,"pct":11.08},"sidewalks":{"area":380.14,"pct":1.46}},"id":"hex:3564:24432"},"type":"Feature"},{"geometry":{"coordinates":[[[-122.60351,38.2346],[-122.60407,38.23539],[-122.60522,38.23539],[-122.60579,38.23461],[-122.60522,38.23383],[-122.60408,38.23383],[-122.60351,38.2346]]],"type":"Polygon"},"properties":{"bbox":{"roads":{"area":2938.73,"pct":11.31},"sidewalks":{"area":172.06,"pct":0.66}},"city":{"roads":{"area":1985.52,"pct":7.64},"sidewalks":{"area":172.06,"pct":0.66}},"id":"hex:3564:24433"},"type":"Feature"},{"geometry":{"coordinates":[[[-122.6035,38.23617],[-122.60406,38.23695],[-122.60521,38.23695],[-122.60578,38.23617],[-122.60522,38.23539],[-122.60407,38.23539],[-122.6035,38.23617]]],"type":"Polygon"},"properties":{"bbox":{"roads":{"area":2347.62,"pct":9.04},"sidewalks":{"area":65.35,"pct":0.25}},"city":{"roads":{"area":2179.12,"pct":8.39},"sidewalks":{"area":65.35,"pct":0.25}},"id":"hex:3564:24434"},"type":"Feature"},{"geometry":{"coordinates":[[[-122.60349,38.23773],[-122.60406,38.23851],[-122.6052,38.23851],[-122.60577,38.23773],[-122.60521,38.23695],[-122.60406,38.23695],[-122.60349,38.23773]]],"type":"Polygon"},"properties":{"bbox":{"roads":{"area":4558.56,"pct":17.55},"sidewalks":{"area":495.4,"pct":1.91}},"city":{"roads":{"area":1976.75,"pct":7.61},"sidewalks":{"area":495.4,"pct":1.91}},"id":"hex:3564:24435"},"type":"Feature"},{"geometry":{"coordinates":[[[-122.60348,38.23929],[-122.60405,38.24007],[-122.60519,38.24007],[-122.60577,38.2393],[-122.6052,38.23851],[-122.60406,38.23851],[-122.60348,38.23929]]],"type":"Polygon"},"properties":{"bbox":{"roads":{"area":2066.12,"pct":7.95}},"city_same":1,"id":"hex:3564:24436"},"type":"Feature"},{"geometry":{"coordinates":[[[-122.60347,38.24085],[-122.60404,38.24163],[-122.60518,38.24163],[-122.60576,38.24086],[-122.60519,38.24007],[-122.60405,38.24007],[-122.60347,38.24085]]],"type":"Polygon"},"properties":{"bbox":{"roads":{"area":1987.46,"pct":7.65}},"city_same":1,"id":"hex:3564:24437"},"type":"Feature"},{"geometry":{"coordinates":[[[-122.60346,38.24241],[-122.60403,38.24319],[-122.60517,38.2432],[-122.60575,38.24242],[-122.60518,38.24163],[-122.60404,38.24163],[-122.60346,38.24241]]],"type":"Polygon"},"properties":{"bbox":{"roads":{"area":1956.33,"pct":7.53},"sidewalks":{"area":685.8,"pct":2.64}},"city_same":1,"id":"hex:3564:24438"},"type":"Feature"},{"geometry":{"coordinates":[[[-122.60345,38.24397],[-122.60402,38.24475],[-122.60516,38.24476],[-122.60574,38.24398],[-122.60517,38.2432],[-122.60403,38.24319],[-122.60345,38.24397]]],"type":"Polygon"},"properties":{"bbox":{"roads":{"area":2067.28,"pct":7.96}},"city_same":1,"id":"hex:3564:24439"},"type":"Feature"},{"geometry":{"coordinates":[[[-122.60345,38.24553],[-122.60401,38.24631],[-122.60516,38.24632],[-122.60573,38.24554],[-122.60516,38.24476],[-122.60402,38.24475],[-122.60345,38.24553]]],"type":"Polygon"},"properties":{"bbox":{"roads":{"area":2396.66,"pct":9.22}},"city_same":1,"id":"hex:3564:24440"},"type":"Feature"},{"geometry":{"coordinates":[[[-122.60344,38.24709],[-122.60401,38.24788],[-122.60515,38.24788],[-122.60572,38.2471],[-122.60516,38.24632],[-122.60401,38.24631],[-122.60344,38.24709]]],"type":"Polygon"},"properties":{"bbox":{"roads":{"area":1803.22,"pct":6.94}},"city_same":1,"id":"hex:3564:24441"},"type":"Feature"},{"geometry":{"coordinates":[[[-122.60343,38.24865],[-122.604,38.24944],[-122.60514,38.24944],[-122.60572,38.24866],[-122.60515,38.24788],[-122.60401,38.24788],[-122.60343,38.24865]]],"type":"Polygon"},"properties":{"bbox":{"roads":{"area":2810.27,"pct":10.82}},"city":{"roads":{"area":1463.6,"pct":5.63}},"id":"hex:3564:24442"},"type":"Feature"},{"geometry":{"coordinates":[[[-122.60342,38.25021],[-122.60399,38.251],[-122.60513,38.251],[-122.60571,38.25022],[-122.60514,38.24944],[-122.604,38.24944],[-122.60342,38.25021]]],"type":"Polygon"},"properties":{"bbox":{"roads":{"area":2100.7,"pct":8.09}},"city_same":1,"id":"hex:3564:24443"},"type":"Feature"},{"geometry":{"coordinates":[[[-122.60341,38.25178],[-122.60398,38.25256],[-122.60512,38.25256],[-122.6057,38.25178],[-122.60513,38.251],[-122.60399,38.251],[-122.60341,38.25178]]],"type":"Polygon"},"properties":{"bbox":{"roads":{"area":2095.73,"pct":8.07}},"city_same":1,"id":"hex:3564:24444"},"type":"Feature"},{"geometry":{"coordinates":[[[-122.6034,38.25334],[-122.60397,38.25412],[-122.60511,38.25412],[-122.60569,38.25334],[-122.60512,38.25256],[-122.60398,38.25256],[-122.6034,38.25334]]],"type":"Polygon"},"properties":{"bbox":{"roads":{"area":2289.66,"pct":8.81}},"city_same":1,"id":"hex:3564:24445"},"type":"Feature"},{"geometry":{"coordinates":[[[-122.6034,38.2549],[-122.60396,38.25568],[-122.60511,38.25568],[-122.60568,38.25491],[-122.60511,38.25412],[-122.60397,38.25412],[-122.6034,38.2549]]],"type":"Polygon"},"properties":{"bbox":{"roads":{"area":1407.5,"pct":5.42}},"city_same":1,"id":"hex:3564:24446"},"type":"Feature"},{"geometry":{"coordinates":[[[-122.60563,38.26269],[-122.60509,38.26239],[-122.60492,38.2623],[-122.60495,38.26217],[-122.60511,38.26198],[-122.60563,38.26269]]],"type":"Polygon"},"properties":{"bbox":{"roads":{"area":60.68,"pct":3.95}},"city_same":1,"id":"hex:3564:24451"},"type":"Feature"},{"geometry":{"coordinates":[[[-122.60182,38.22914],[-122.60239,38.22992],[-122.60353,38.22992],[-122.60411,38.22914],[-122.60354,38.22836],[-122.6024,38.22836],[-122.60182,38.22914]]],"type":"Polygon"},"properties":{"bbox":{"roads":{"area":599.56,"pct":2.31}},"city_same":1,"id":"hex:3565:24429"},"type":"Feature"},{"geometry":{"coordinates":[[[-122.60181,38.2307],[-122.60238,38.23148],[-122.60352,38.23148],[-122.6041,38.2307],[-122.60353,38.22992],[-122.60239,38.22992],[-122.60181,38.2307]]],"type":"Polygon"},"properties":{"bbox":{"roads":{"area":2875.82,"pct":11.07}},"city_same":1,"id":"hex:3565:24430"},"type":"Feature"},{"geometry":{"coordinates":[[[-122.6018,38.23226],[-122.60237,38.23304],[-122.60351,38.23304],[-122.60409,38.23227],[-122.60352,38.23148],[-122.60238,38.23148],[-122.6018,38.23226]]],"type":"Polygon"},"properties":{"bbox":{"roads":{"area":2844.53,"pct":10.95},"sidewalks":{"area":108.67,"pct":0.42}},"city_same":1,"id":"hex:3565:24431"},"type":"Feature"},{"geometry":{"coordinates":[[[-122.6018,38.23382],[-122.60236,38.2346],[-122.60351,38.2346],[-122.60408,38.23383],[-122.60351,38.23304],[-122.60237,38.23304],[-122.6018,38.23382]]],"type":"Polygon"},"properties":{"bbox":{"roads":{"area":5132.93,"pct":19.76},"sidewalks":{"area":543.75,"pct":2.09}},"city":{"roads":{"area":2140.71,"pct":8.24},"sidewalks":{"area":543.75,"pct":2.09}},"id":"hex:3565:24432"},"type":"Feature"},{"geometry":{"coordinates":[[[-122.60179,38.23538],[-122.60235,38.23616],[-122.6035,38.23617],[-122.60407,38.23539],[-122.60351,38.2346],[-122.60236,38.2346],[-122.60179,38.23538]]],"type":"Polygon"},"properties":{"bbox":{"roads":{"area":3886.83,"pct":14.96},"sidewalks":{"area":31.07,"pct":0.12}},"city":{"roads":{"area":1794.57,"pct":6.91},"sidewalks":{"area":31.07,"pct":0.12}},"id":"hex:3565:24433"},"type":"Feature"},{"geometry":{"coordinates":[[[-122.60178,38.23694],[-122.60235,38.23772],[-122.60349,38.23773],[-122.60406,38.23695],[-122.6035,38.23617],[-122.60235,38.23616],[-122.60178,38.23694]]],"type":"Polygon"},"properties":{"bbox":{"roads":{"area":4867.98,"pct":18.74},"sidewalks":{"area":549.13,"pct":2.11}},"city":{"roads":{"area":1850.12,"pct":7.12},"sidewalks":{"area":549.13,"pct":2.11}},"id":"hex:3565:24434"},"type":"Feature"},{"geometry":{"coordinates":[[[-122.60177,38.2385],[-122.60234,38.23928],[-122.60348,38.23929],[-122.60406,38.23851],[-122.60349,38.23773],[-122.60235,38.23772],[-122.60177,38.2385]]],"type":"Polygon"},"properties":{"bbox":{"roads":{"area":1834.99,"pct":7.06}},"city_same":1,"id":"hex:3565:24435"},"type":"Feature"},{"geometry":{"coordinates":[[[-122.60176,38.24006],[-122.60233,38.24084],[-122.60347,38.24085],[-122.60405,38.24007],[-122.60348,38.23929],[-122.60234,38.23928],[-122.60176,38.24006]]],"type":"Polygon"},"properties":{"bbox":{"roads":{"area":1753.55,"pct":6.75},"sidewalks":{"area":172.96,"pct":0.67}},"city_same":1,"id":"hex:3565:24436"},"type":"Feature"},{"geometry":{"coordinates":[[[-122.60175,38.24162],[-122.60232,38.24241],[-122.60346,38.24241],[-122.60404,38.24163],[-122.60347,38.24085],[-122.60233,38.24084],[-122.60175,38.24162]]],"type":"Polygon"},"properties":{"bbox":{"roads":{"area":1198.07,"pct":4.61},"sidewalks":{"area":248.88,"pct":0.96}},"city_same":1,"id":"hex:3565:24437"},"type":"Feature"},{"geometry":{"coordinates":[[[-122.60175,38.24318],[-122.60231,38.24397],[-122.60345,38.24397],[-122.60403,38.24319],[-122.60346,38.24241],[-122.60232,38.24241],[-122.60175,38.24318]]],"type":"Polygon"},"properties":{"bbox":{"roads":{"area":1120.28,"pct":4.31},"sidewalks":{"area":208.85,"pct":0.8}},"city_same":1,"id":"hex:3565:24438"},"type":"Feature"},{"geometry":{"coordinates":[[[-122.60174,38.24475],[-122.6023,38.24553],[-122.60345,38.24553],[-122.60402,38.24475],[-122.60345,38.24397],[-122.60231,38.24397],[-122.60174,38.24475]]],"type":"Polygon"},"properties":{"bbox":{"roads":{"area":1877.58,"pct":7.23},"sidewalks":{"area":215.79,"pct":0.83}},"city_same":1,"id":"hex:3565:24439"},"type":"Feature"},{"geometry":{"coordinates":[[[-122.60173,38.24631],[-122.6023,38.24709],[-122.60344,38.24709],[-122.60401,38.24631],[-122.60345,38.24553],[-122.6023,38.24553],[-122.60173,38.24631]]],"type":"Polygon"},"properties":{"bbox":{"roads":{"area":1568.39,"pct":6.04}},"city":{"roads":{"area":1568.1,"pct":6.04}},"id":"hex:3565:24440"},"type":"Feature"},{"geometry":{"coordinates":[[[-122.60172,38.24787],[-122.60229,38.24865],[-122.60343,38.24865],[-122.60401,38.24788],[-122.60344,38.24709],[-122.6023,38.24709],[-122.60172,38.24787]]],"type":"Polygon"},"properties":{"bbox":{"roads":{"area":2638.27,"pct":10.15}},"city":{"roads":{"area":1261.27,"pct":4.85}},"id":"hex:3565:24441"},"type":"Feature"},{"geometry":{"coordinates":[[[-122.60171,38.24943],[-122.60228,38.25021],[-122.60342,38.25021],[-122.604,38.24944],[-122.60343,38.24865],[-122.60229,38.24865],[-122.60171,38.24943]]],"type":"Polygon"},"properties":{"bbox":{"roads":{"area":2859.01,"pct":11}},"city_same":1,"id":"hex:3565:24442"},"type":"Feature"},{"geometry":{"coordinates":[[[-122.6017,38.25099],[-122.60227,38.25177],[-122.60341,38.25178],[-122.60399,38.251],[-122.60342,38.25021],[-122.60228,38.25021],[-122.6017,38.25099]]],"type":"Polygon"},"properties":{"bbox":{"roads":{"area":2381.37,"pct":9.17}},"city_same":1,"id":"hex:3565:24443"},"type":"Feature"},{"geometry":{"coordinates":[[[-122.60169,38.25255],[-122.60226,38.25333],[-122.6034,38.25334],[-122.60398,38.25256],[-122.60341,38.25178],[-122.60227,38.25177],[-122.60169,38.25255]]],"type":"Polygon"},"properties":{"bbox":{"roads":{"area":2357.81,"pct":9.08}},"city_same":1,"id":"hex:3565:24444"},"type":"Feature"},{"geometry":{"coordinates":[[[-122.60011,38.22835],[-122.60068,38.22913],[-122.60182,38.22914],[-122.6024,38.22836],[-122.60183,38.22757],[-122.60069,38.22757],[-122.60011,38.22835]]],"type":"Polygon"},"properties":{"bbox":{"roads":{"area":71.56,"pct":0.28}},"city_same":1,"id":"hex:3566:24429"},"type":"Feature"},{"geometry":{"coordinates":[[[-122.6001,38.22991],[-122.60067,38.23069],[-122.60181,38.2307],[-122.60239,38.22992],[-122.60182,38.22914],[-122.60068,38.22913],[-122.6001,38.22991]]],"type":"Polygon"},"properties":{"bbox":{"roads":{"area":2017.24,"pct":7.76}},"city_same":1,"id":"hex:3566:24430"},"type":"Feature"},{"geometry":{"coordinates":[[[-122.6001,38.23147],[-122.60066,38.23225],[-122.6018,38.23226],[-122.60238,38.23148],[-122.60181,38.2307],[-122.60067,38.23069],[-122.6001,38.23147]]],"type":"Polygon"},"properties":{"bbox":{"roads":{"area":1689.9,"pct":6.5}},"city_same":1,"id":"hex:3566:24431"},"type":"Feature"},{"geometry":{"coordinates":[[[-122.60009,38.23303],[-122.60065,38.23381],[-122.6018,38.23382],[-122.60237,38.23304],[-122.6018,38.23226],[-122.60066,38.23225],[-122.60009,38.23303]]],"type":"Polygon"},"properties":{"bbox":{"roads":{"area":2286.7,"pct":8.8},"sidewalks":{"area":0.77,"pct":0}},"city_same":1,"id":"hex:3566:24432"},"type":"Feature"},{"geometry":{"coordinates":[[[-122.60008,38.23459],[-122.60065,38.23538],[-122.60179,38.23538],[-122.60236,38.2346],[-122.6018,38.23382],[-122.60065,38.23381],[-122.60008,38.23459]]],"type":"Polygon"},"properties":{"bbox":{"roads":{"area":4334.83,"pct":16.68},"sidewalks":{"area":926.09,"pct":3.56}},"city":{"roads":{"area":1255.74,"pct":4.83},"sidewalks":{"area":926.09,"pct":3.56}},"id":"hex:3566:24433"},"type":"Feature"},{"geometry":{"coordinates":[[[-122.60007,38.23615],[-122.60064,38.23694],[-122.60178,38.23694],[-122.60235,38.23616],[-122.60179,38.23538],[-122.60065,38.23538],[-122.60007,38.23615]]],"type":"Polygon"},"properties":{"bbox":{"roads":{"area":3116.05,"pct":11.99},"sidewalks":{"area":359.56,"pct":1.38}},"city":{"roads":{"area":1683.26,"pct":6.48},"sidewalks":{"area":359.56,"pct":1.38}},"id":"hex:3566:24434"},"type":"Feature"},{"geometry":{"coordinates":[[[-122.60006,38.23772],[-122.60063,38.2385],[-122.60177,38.2385],[-122.60235,38.23772],[-122.60178,38.23694],[-122.60064,38.23694],[-122.60006,38.23772]]],"type":"Polygon"},"properties":{"bbox":{"roads":{"area":4377.18,"pct":16.85},"sidewalks":{"area":485.32,"pct":1.87}},"city":{"roads":{"area":1773.8,"pct":6.83},"sidewalks":{"area":485.32,"pct":1.87}},"id":"hex:3566:24435"},"type":"Feature"},{"geometry":{"coordinates":[[[-122.60005,38.23928],[-122.60062,38.24006],[-122.60176,38.24006],[-122.60234,38.23928],[-122.60177,38.2385],[-122.60063,38.2385],[-122.60005,38.23928]]],"type":"Polygon"},"properties":{"bbox":{"roads":{"area":2234.22,"pct":8.6},"sidewalks":{"area":261.19,"pct":1.01}},"city_same":1,"id":"hex:3566:24436"},"type":"Feature"},{"geometry":{"coordinates":[[[-122.60002,38.24552],[-122.60059,38.2463],[-122.60173,38.24631],[-122.6023,38.24553],[-122.60174,38.24475],[-122.60059,38.24474],[-122.60002,38.24552]]],"type":"Polygon"},"properties":{"bbox":{"roads":{"area":1544,"pct":5.94},"sidewalks":{"area":331.19,"pct":1.27}},"city":{"roads":{"area":1237.15,"pct":4.76},"sidewalks":{"area":331.19,"pct":1.27}},"id":"hex:3566:24440"},"type":"Feature"},{"geometry":{"coordinates":[[[-122.60001,38.24708],[-122.60058,38.24786],[-122.60172,38.24787],[-122.6023,38.24709],[-122.60173,38.24631],[-122.60059,38.2463],[-122.60001,38.24708]]],"type":"Polygon"},"properties":{"bbox":{"roads":{"area":2898.69,"pct":11.16}},"city":{"roads":{"area":1710.61,"pct":6.58}},"id":"hex:3566:24441"},"type":"Feature"},{"geometry":{"coordinates":[[[-122.6,38.24864],[-122.60057,38.24942],[-122.60171,38.24943],[-122.60229,38.24865],[-122.60172,38.24787],[-122.60058,38.24786],[-122.6,38.24864]]],"type":"Polygon"},"properties":{"bbox":{"roads":{"area":849.13,"pct":3.27}},"city_same":1,"id":"hex:3566:24442"},"type":"Feature"},{"geometry":{"coordinates":[[[-122.59999,38.2502],[-122.60056,38.25099],[-122.6017,38.25099],[-122.60228,38.25021],[-122.60171,38.24943],[-122.60057,38.24942],[-122.59999,38.2502]]],"type":"Polygon"},"properties":{"bbox":{"roads":{"area":2964.59,"pct":11.41}},"city_same":1,"id":"hex:3566:24443"},"type":"Feature"},{"geometry":{"coordinates":[[[-122.59998,38.25176],[-122.60055,38.25255],[-122.60169,38.25255],[-122.60227,38.25177],[-122.6017,38.25099],[-122.60056,38.25099],[-122.59998,38.25176]]],"type":"Polygon"},"properties":{"bbox":{"roads":{"area":2657.34,"pct":10.23}},"city_same":1,"id":"hex:3566:24444"},"type":"Feature"},{"geometry":{"coordinates":[[[-122.59998,38.25332],[-122.60054,38.25411],[-122.60169,38.25411],[-122.60226,38.25333],[-122.60169,38.25255],[-122.60055,38.25255],[-122.59998,38.25332]]],"type":"Polygon"},"properties":{"bbox":{"roads":{"area":638.56,"pct":2.46}},"city_same":1,"id":"hex:3566:24445"},"type":"Feature"},{"geometry":{"coordinates":[[[-122.5984,38.22756],[-122.59897,38.22835],[-122.60011,38.22835],[-122.60069,38.22757],[-122.60012,38.22679],[-122.59898,38.22678],[-122.5984,38.22756]]],"type":"Polygon"},"properties":{"bbox":{"roads":{"area":82.2,"pct":0.32}},"city_same":1,"id":"hex:3567:24428"},"type":"Feature"},{"geometry":{"coordinates":[[[-122.59839,38.22912],[-122.59896,38.22991],[-122.6001,38.22991],[-122.60068,38.22913],[-122.60011,38.22835],[-122.59897,38.22835],[-122.59839,38.22912]]],"type":"Polygon"},"properties":{"bbox":{"roads":{"area":2913.23,"pct":11.21}},"city_same":1,"id":"hex:3567:24429"},"type":"Feature"},{"geometry":{"coordinates":[[[-122.59839,38.23068],[-122.59895,38.23147],[-122.6001,38.23147],[-122.60067,38.23069],[-122.6001,38.22991],[-122.59896,38.22991],[-122.59839,38.23068]]],"type":"Polygon"},"properties":{"bbox":{"roads":{"area":4343.35,"pct":16.72}},"city_same":1,"id":"hex:3567:24430"},"type":"Feature"},{"geometry":{"coordinates":[[[-122.59838,38.23225],[-122.59894,38.23303],[-122.60009,38.23303],[-122.60066,38.23225],[-122.6001,38.23147],[-122.59895,38.23147],[-122.59838,38.23225]]],"type":"Polygon"},"properties":{"bbox":{"roads":{"area":2898.38,"pct":11.16},"sidewalks":{"area":404.63,"pct":1.56}},"city_same":1,"id":"hex:3567:24431"},"type":"Feature"},{"geometry":{"coordinates":[[[-122.59837,38.23381],[-122.59894,38.23459],[-122.60008,38.23459],[-122.60065,38.23381],[-122.60009,38.23303],[-122.59894,38.23303],[-122.59837,38.23381]]],"type":"Polygon"},"properties":{"bbox":{"roads":{"area":5500.13,"pct":21.17},"sidewalks":{"area":387.83,"pct":1.49}},"city":{"roads":{"area":2535.55,"pct":9.76},"sidewalks":{"area":387.83,"pct":1.49}},"id":"hex:3567:24432"},"type":"Feature"},{"geometry":{"coordinates":[[[-122.59836,38.23537],[-122.59893,38.23615],[-122.60007,38.23615],[-122.60065,38.23538],[-122.60008,38.23459],[-122.59894,38.23459],[-122.59836,38.23537]]],"type":"Polygon"},"properties":{"bbox":{"roads":{"area":1410.41,"pct":5.43},"sidewalks":{"area":76.83,"pct":0.3}},"city":{"roads":{"area":1386.85,"pct":5.34},"sidewalks":{"area":76.83,"pct":0.3}},"id":"hex:3567:24433"},"type":"Feature"},{"geometry":{"coordinates":[[[-122.59835,38.23693],[-122.59892,38.23771],[-122.60006,38.23772],[-122.60064,38.23694],[-122.60007,38.23615],[-122.59893,38.23615],[-122.59835,38.23693]]],"type":"Polygon"},"properties":{"bbox":{"roads":{"area":1756.64,"pct":6.76}},"city_same":1,"id":"hex:3567:24434"},"type":"Feature"},{"geometry":{"coordinates":[[[-122.59834,38.23849],[-122.59891,38.23927],[-122.60005,38.23928],[-122.60063,38.2385],[-122.60006,38.23772],[-122.59892,38.23771],[-122.59834,38.23849]]],"type":"Polygon"},"properties":{"bbox":{"roads":{"area":4268.35,"pct":16.43},"sidewalks":{"area":345.04,"pct":1.33}},"city":{"roads":{"area":2475.53,"pct":9.53},"sidewalks":{"area":345.04,"pct":1.33}},"id":"hex:3567:24435"},"type":"Feature"},{"geometry":{"coordinates":[[[-122.59833,38.24005],[-122.5989,38.24083],[-122.60004,38.24084],[-122.60062,38.24006],[-122.60005,38.23928],[-122.59891,38.23927],[-122.59833,38.24005]]],"type":"Polygon"},"properties":{"bbox":{"roads":{"area":2376.75,"pct":9.15},"sidewalks":{"area":472.36,"pct":1.82}},"city":{"roads":{"area":66.27,"pct":0.26},"sidewalks":{"area":472.36,"pct":1.82}},"id":"hex:3567:24436"},"type":"Feature"},{"geometry":{"coordinates":[[[-122.59833,38.24161],[-122.59889,38.24239],[-122.60004,38.2424],[-122.60061,38.24162],[-122.60004,38.24084],[-122.5989,38.24083],[-122.59833,38.24161]]],"type":"Polygon"},"properties":{"bbox":{"roads":{"area":779.9,"pct":3},"sidewalks":{"area":133.12,"pct":0.51}},"city_same":1,"id":"hex:3567:24437"},"type":"Feature"},{"geometry":{"coordinates":[[[-122.59832,38.24317],[-122.59888,38.24396],[-122.60003,38.24396],[-122.6006,38.24318],[-122.60004,38.2424],[-122.59889,38.24239],[-122.59832,38.24317]]],"type":"Polygon"},"properties":{"bbox":{"roads":{"area":652.43,"pct":2.51}},"city_same":1,"id":"hex:3567:24438"},"type":"Feature"},{"geometry":{"coordinates":[[[-122.59831,38.24473],[-122.59888,38.24552],[-122.60002,38.24552],[-122.60059,38.24474],[-122.60003,38.24396],[-122.59888,38.24396],[-122.59831,38.24473]]],"type":"Polygon"},"properties":{"bbox":{"roads":{"area":2019.22,"pct":7.77},"sidewalks":{"area":280.28,"pct":1.08}},"city":{"roads":{"area":1275.44,"pct":4.91},"sidewalks":{"area":280.28,"pct":1.08}},"id":"hex:3567:24439"},"type":"Feature"},{"geometry":{"coordinates":[[[-122.5983,38.24629],[-122.59887,38.24708],[-122.60001,38.24708],[-122.60059,38.2463],[-122.60002,38.24552],[-122.59888,38.24552],[-122.5983,38.24629]]],"type":"Polygon"},"properties":{"bbox":{"roads":{"area":2785.01,"pct":10.72},"sidewalks":{"area":223.71,"pct":0.86}},"city":{"roads":{"area":1934.1,"pct":7.44},"sidewalks":{"area":223.71,"pct":0.86}},"id":"hex:3567:24440"},"type":"Feature"},{"geometry":{"coordinates":[[[-122.59829,38.24786],[-122.59886,38.24864],[-122.6,38.24864],[-122.60058,38.24786],[-122.60001,38.24708],[-122.59887,38.24708],[-122.59829,38.24786]]],"type":"Polygon"},"properties":{"bbox":{"roads":{"area":1622.96,"pct":6.25}},"city_same":1,"id":"hex:3567:24441"},"type":"Feature"},{"geometry":{"coordinates":[[[-122.59828,38.24942],[-122.59885,38.2502],[-122.59999,38.2502],[-122.60057,38.24942],[-122.6,38.24864],[-122.59886,38.24864],[-122.59828,38.24942]]],"type":"Polygon"},"properties":{"bbox":{"roads":{"area":1818.36,"pct":7}},"city_same":1,"id":"hex:3567:24442"},"type":"Feature"},{"geometry":{"coordinates":[[[-122.59827,38.25098],[-122.59884,38.25176],[-122.59998,38.25176],[-122.60056,38.25099],[-122.59999,38.2502],[-122.59885,38.2502],[-122.59827,38.25098]]],"type":"Polygon"},"properties":{"bbox":{"roads":{"area":2033.11,"pct":7.83}},"city_same":1,"id":"hex:3567:24443"},"type":"Feature"},{"geometry":{"coordinates":[[[-122.59827,38.25254],[-122.59883,38.25332],[-122.59998,38.25332],[-122.60055,38.25255],[-122.59998,38.25176],[-122.59884,38.25176],[-122.59827,38.25254]]],"type":"Polygon"},"properties":{"bbox":{"roads":{"area":464.86,"pct":1.79}},"city_same":1,"id":"hex:3567:24444"},"type":"Feature"},{"geometry":{"coordinates":[[[-122.59668,38.2299],[-122.59724,38.23068],[-122.59839,38.23068],[-122.59896,38.22991],[-122.59839,38.22912],[-122.59725,38.22912],[-122.59668,38.2299]]],"type":"Polygon"},"properties":{"bbox":{"parking":{"area":1310.62,"pct":5.04},"roads":{"area":3918.49,"pct":15.08}},"city_same":1,"id":"hex:3568:24430"},"type":"Feature"},{"geometry":{"coordinates":[[[-122.59667,38.23146],[-122.59723,38.23224],[-122.59838,38.23225],[-122.59895,38.23147],[-122.59839,38.23068],[-122.59724,38.23068],[-122.59667,38.23146]]],"type":"Polygon"},"properties":{"bbox":{"roads":{"area":2627.95,"pct":10.11}},"city_same":1,"id":"hex:3568:24431"},"type":"Feature"},{"geometry":{"coordinates":[[[-122.59666,38.23302],[-122.59723,38.2338],[-122.59837,38.23381],[-122.59894,38.23303],[-122.59838,38.23225],[-122.59723,38.23224],[-122.59666,38.23302]]],"type":"Polygon"},"properties":{"bbox":{"roads":{"area":894.82,"pct":3.44}},"city_same":1,"id":"hex:3568:24432"},"type":"Feature"},{"geometry":{"coordinates":[[[-122.59665,38.23458],[-122.59722,38.23536],[-122.59836,38.23537],[-122.59894,38.23459],[-122.59837,38.23381],[-122.59723,38.2338],[-122.59665,38.23458]]],"type":"Polygon"},"properties":{"bbox":{"roads":{"area":3318.05,"pct":12.77},"sidewalks":{"area":182.43,"pct":0.7}},"city":{"roads":{"area":899.06,"pct":3.46},"sidewalks":{"area":182.43,"pct":0.7}},"id":"hex:3568:24433"},"type":"Feature"},{"geometry":{"coordinates":[[[-122.59664,38.23614],[-122.59721,38.23692],[-122.59835,38.23693],[-122.59893,38.23615],[-122.59836,38.23537],[-122.59722,38.23536],[-122.59664,38.23614]]],"type":"Polygon"},"properties":{"bbox":{"roads":{"area":1526.25,"pct":5.87}},"city_same":1,"id":"hex:3568:24434"},"type":"Feature"},{"geometry":{"coordinates":[[[-122.59663,38.2377],[-122.5972,38.23849],[-122.59834,38.23849],[-122.59892,38.23771],[-122.59835,38.23693],[-122.59721,38.23692],[-122.59663,38.2377]]],"type":"Polygon"},"properties":{"bbox":{"roads":{"area":2106.27,"pct":8.11}},"city_same":1,"id":"hex:3568:24435"},"type":"Feature"},{"geometry":{"coordinates":[[[-122.59662,38.23926],[-122.59719,38.24005],[-122.59833,38.24005],[-122.59891,38.23927],[-122.59834,38.23849],[-122.5972,38.23849],[-122.59662,38.23926]]],"type":"Polygon"},"properties":{"bbox":{"roads":{"area":1597.69,"pct":6.15}},"city_same":1,"id":"hex:3568:24436"},"type":"Feature"},{"geometry":{"coordinates":[[[-122.59662,38.24083],[-122.59718,38.24161],[-122.59833,38.24161],[-122.5989,38.24083],[-122.59833,38.24005],[-122.59719,38.24005],[-122.59662,38.24083]]],"type":"Polygon"},"properties":{"bbox":{"roads":{"area":4259.93,"pct":16.4},"sidewalks":{"area":543.2,"pct":2.09}},"city":{"roads":{"area":1686.65,"pct":6.49},"sidewalks":{"area":543.2,"pct":2.09}},"id":"hex:3568:24437"},"type":"Feature"},{"geometry":{"coordinates":[[[-122.59661,38.24239],[-122.59717,38.24317],[-122.59832,38.24317],[-122.59889,38.24239],[-122.59833,38.24161],[-122.59718,38.24161],[-122.59661,38.24239]]],"type":"Polygon"},"properties":{"bbox":{"roads":{"area":3230.19,"pct":12.43},"sidewalks":{"area":351.95,"pct":1.35}},"city":{"roads":{"area":1239.33,"pct":4.77},"sidewalks":{"area":351.95,"pct":1.35}},"id":"hex:3568:24438"},"type":"Feature"},{"geometry":{"coordinates":[[[-122.5966,38.24395],[-122.59717,38.24473],[-122.59831,38.24473],[-122.59888,38.24396],[-122.59832,38.24317],[-122.59717,38.24317],[-122.5966,38.24395]]],"type":"Polygon"},"properties":{"bbox":{"roads":{"area":2444.25,"pct":9.41},"sidewalks":{"area":386.56,"pct":1.49}},"city":{"roads":{"area":537.15,"pct":2.07},"sidewalks":{"area":386.56,"pct":1.49}},"id":"hex:3568:24439"},"type":"Feature"},{"geometry":{"coordinates":[[[-122.59659,38.24551],[-122.59716,38.24629],[-122.5983,38.24629],[-122.59888,38.24552],[-122.59831,38.24473],[-122.59717,38.24473],[-122.59659,38.24551]]],"type":"Polygon"},"properties":{"bbox":{"roads":{"area":1711.59,"pct":6.59},"sidewalks":{"area":156.01,"pct":0.6}},"city":{"roads":{"area":1291.45,"pct":4.97},"sidewalks":{"area":156.01,"pct":0.6}},"id":"hex:3568:24440"},"type":"Feature"},{"geometry":{"coordinates":[[[-122.59658,38.24707],[-122.59715,38.24785],[-122.59829,38.24786],[-122.59887,38.24708],[-122.5983,38.24629],[-122.59716,38.24629],[-122.59658,38.24707]]],"type":"Polygon"},"properties":{"bbox":{"roads":{"area":1082.11,"pct":4.17}},"city_same":1,"id":"hex:3568:24441"},"type":"Feature"},{"geometry":{"coordinates":[[[-122.59657,38.24863],[-122.59714,38.24941],[-122.59828,38.24942],[-122.59886,38.24864],[-122.59829,38.24786],[-122.59715,38.24785],[-122.59657,38.24863]]],"type":"Polygon"},"properties":{"bbox":{"roads":{"area":2555.01,"pct":9.83}},"city_same":1,"id":"hex:3568:24442"},"type":"Feature"},{"geometry":{"coordinates":[[[-122.59656,38.25019],[-122.59713,38.25097],[-122.59827,38.25098],[-122.59885,38.2502],[-122.59828,38.24942],[-122.59714,38.24941],[-122.59656,38.25019]]],"type":"Polygon"},"properties":{"bbox":{"roads":{"area":2258.74,"pct":8.69}},"city_same":1,"id":"hex:3568:24443"},"type":"Feature"},{"geometry":{"coordinates":[[[-122.59497,38.22911],[-122.59553,38.22989],[-122.59668,38.2299],[-122.59725,38.22912],[-122.59668,38.22834],[-122.59554,38.22833],[-122.59497,38.22911]]],"type":"Polygon"},"properties":{"bbox":{"roads":{"area":1279.42,"pct":4.92}},"city_same":1,"id":"hex:3569:24429"},"type":"Feature"},{"geometry":{"coordinates":[[[-122.59496,38.23067],[-122.59552,38.23146],[-122.59667,38.23146],[-122.59724,38.23068],[-122.59668,38.2299],[-122.59553,38.22989],[-122.59496,38.23067]]],"type":"Polygon"},"properties":{"bbox":{"roads":{"area":3125.91,"pct":12.03}},"city_same":1,"id":"hex:3569:24430"},"type":"Feature"},{"geometry":{"coordinates":[[[-122.59495,38.23223],[-122.59552,38.23302],[-122.59666,38.23302],[-122.59723,38.23224],[-122.59667,38.23146],[-122.59552,38.23146],[-122.59495,38.23223]]],"type":"Polygon"},"properties":{"bbox":{"roads":{"area":2873.67,"pct":11.06},"sidewalks":{"area":93.5,"pct":0.36}},"city_same":1,"id":"hex:3569:24431"},"type":"Feature"},{"geometry":{"coordinates":[[[-122.59494,38.2338],[-122.59551,38.23458],[-122.59665,38.23458],[-122.59723,38.2338],[-122.59666,38.23302],[-122.59552,38.23302],[-122.59494,38.2338]]],"type":"Polygon"},"properties":{"bbox":{"roads":{"area":3667.07,"pct":14.11},"sidewalks":{"area":205.45,"pct":0.79}},"city":{"roads":{"area":1902.25,"pct":7.32},"sidewalks":{"area":205.45,"pct":0.79}},"id":"hex:3569:24432"},"type":"Feature"},{"geometry":{"coordinates":[[[-122.59493,38.23536],[-122.5955,38.23614],[-122.59664,38.23614],[-122.59722,38.23536],[-122.59665,38.23458],[-122.59551,38.23458],[-122.59493,38.23536]]],"type":"Polygon"},"properties":{"bbox":{"roads":{"area":2760.47,"pct":10.63}},"city_same":1,"id":"hex:3569:24433"},"type":"Feature"},{"geometry":{"coordinates":[[[-122.59492,38.23692],[-122.59549,38.2377],[-122.59663,38.2377],[-122.59721,38.23692],[-122.59664,38.23614],[-122.5955,38.23614],[-122.59492,38.23692]]],"type":"Polygon"},"properties":{"bbox":{"roads":{"area":1362.19,"pct":5.24}},"city_same":1,"id":"hex:3569:24434"},"type":"Feature"},{"geometry":{"coordinates":[[[-122.59491,38.23848],[-122.59548,38.23926],[-122.59662,38.23926],[-122.5972,38.23849],[-122.59663,38.2377],[-122.59549,38.2377],[-122.59491,38.23848]]],"type":"Polygon"},"properties":{"bbox":{"roads":{"area":1173.93,"pct":4.52}},"city_same":1,"id":"hex:3569:24435"},"type":"Feature"},{"geometry":{"coordinates":[[[-122.59491,38.24004],[-122.59547,38.24082],[-122.59662,38.24083],[-122.59719,38.24005],[-122.59662,38.23926],[-122.59548,38.23926],[-122.59491,38.24004]]],"type":"Polygon"},"properties":{"bbox":{"roads":{"area":1057.61,"pct":4.07}},"city_same":1,"id":"hex:3569:24436"},"type":"Feature"},{"geometry":{"coordinates":[[[-122.5949,38.2416],[-122.59546,38.24238],[-122.59661,38.24239],[-122.59718,38.24161],[-122.59662,38.24083],[-122.59547,38.24082],[-122.5949,38.2416]]],"type":"Polygon"},"properties":{"bbox":{"roads":{"area":1103.35,"pct":4.25}},"city_same":1,"id":"hex:3569:24437"},"type":"Feature"},{"geometry":{"coordinates":[[[-122.59489,38.24316],[-122.59546,38.24394],[-122.5966,38.24395],[-122.59717,38.24317],[-122.59661,38.24239],[-122.59546,38.24238],[-122.59489,38.24316]]],"type":"Polygon"},"properties":{"bbox":{"roads":{"area":5542.79,"pct":21.33},"sidewalks":{"area":882.06,"pct":3.4}},"city":{"roads":{"area":1367.57,"pct":5.26},"sidewalks":{"area":882.06,"pct":3.4}},"id":"hex:3569:24438"},"type":"Feature"},{"geometry":{"coordinates":[[[-122.59488,38.24472],[-122.59545,38.2455],[-122.59659,38.24551],[-122.59717,38.24473],[-122.5966,38.24395],[-122.59546,38.24394],[-122.59488,38.24472]]],"type":"Polygon"},"properties":{"bbox":{"roads":{"area":3320.53,"pct":12.78},"sidewalks":{"area":215.67,"pct":0.83}},"city":{"roads":{"area":3252.63,"pct":12.52},"sidewalks":{"area":215.67,"pct":0.83}},"id":"hex:3569:24439"},"type":"Feature"},{"geometry":{"coordinates":[[[-122.59487,38.24628],[-122.59544,38.24707],[-122.59658,38.24707],[-122.59716,38.24629],[-122.59659,38.24551],[-122.59545,38.2455],[-122.59487,38.24628]]],"type":"Polygon"},"properties":{"bbox":{"roads":{"area":3219.39,"pct":12.39}},"city_same":1,"id":"hex:3569:24440"},"type":"Feature"},{"geometry":{"coordinates":[[[-122.59486,38.24784],[-122.59543,38.24863],[-122.59657,38.24863],[-122.59715,38.24785],[-122.59658,38.24707],[-122.59544,38.24707],[-122.59486,38.24784]]],"type":"Polygon"},"properties":{"bbox":{"roads":{"area":2139.02,"pct":8.23}},"city_same":1,"id":"hex:3569:24441"},"type":"Feature"},{"geometry":{"coordinates":[[[-122.59485,38.2494],[-122.59542,38.25019],[-122.59656,38.25019],[-122.59714,38.24941],[-122.59657,38.24863],[-122.59543,38.24863],[-122.59485,38.2494]]],"type":"Polygon"},"properties":{"bbox":{"roads":{"area":2255.32,"pct":8.68}},"city_same":1,"id":"hex:3569:24442"},"type":"Feature"},{"geometry":{"coordinates":[[[-122.59542,38.25019],[-122.59656,38.25019],[-122.59713,38.25097],[-122.59685,38.25136],[-122.59522,38.25046],[-122.59542,38.25019]]],"type":"Polygon"},"properties":{"bbox":{"roads":{"area":1025.39,"pct":8.79},"sidewalks":{"area":217.65,"pct":1.86}},"city_same":1,"id":"hex:3569:24443"},"type":"Feature"},{"geometry":{"coordinates":[[[-122.59326,38.22833],[-122.59382,38.22911],[-122.59497,38.22911],[-122.59554,38.22833],[-122.59498,38.22755],[-122.59383,38.22755],[-122.59326,38.22833]]],"type":"Polygon"},"properties":{"bbox":{"roads":{"area":1366.19,"pct":5.26}},"city_same":1,"id":"hex:3570:24429"},"type":"Feature"},{"geometry":{"coordinates":[[[-122.59325,38.22989],[-122.59382,38.23067],[-122.59496,38.23067],[-122.59553,38.22989],[-122.59497,38.22911],[-122.59382,38.22911],[-122.59325,38.22989]]],"type":"Polygon"},"properties":{"bbox":{"roads":{"area":4202.5,"pct":16.18}},"city_same":1,"id":"hex:3570:24430"},"type":"Feature"},{"geometry":{"coordinates":[[[-122.59324,38.23145],[-122.59381,38.23223],[-122.59495,38.23223],[-122.59552,38.23146],[-122.59496,38.23067],[-122.59382,38.23067],[-122.59324,38.23145]]],"type":"Polygon"},"properties":{"bbox":{"roads":{"area":2249.57,"pct":8.66}},"city_same":1,"id":"hex:3570:24431"},"type":"Feature"},{"geometry":{"coordinates":[[[-122.59323,38.23301],[-122.5938,38.23379],[-122.59494,38.2338],[-122.59552,38.23302],[-122.59495,38.23223],[-122.59381,38.23223],[-122.59323,38.23301]]],"type":"Polygon"},"properties":{"bbox":{"roads":{"area":2580.91,"pct":9.93},"sidewalks":{"area":153.91,"pct":0.59}},"city_same":1,"id":"hex:3570:24432"},"type":"Feature"},{"geometry":{"coordinates":[[[-122.59322,38.23457],[-122.59379,38.23535],[-122.59493,38.23536],[-122.59551,38.23458],[-122.59494,38.2338],[-122.5938,38.23379],[-122.59322,38.23457]]],"type":"Polygon"},"properties":{"bbox":{"roads":{"area":4950.4,"pct":19.05},"sidewalks":{"area":287.18,"pct":1.11}},"city":{"roads":{"area":2085.89,"pct":8.03},"sidewalks":{"area":287.18,"pct":1.11}},"id":"hex:3570:24433"},"type":"Feature"},{"geometry":{"coordinates":[[[-122.59321,38.23613],[-122.59378,38.23691],[-122.59492,38.23692],[-122.5955,38.23614],[-122.59493,38.23536],[-122.59379,38.23535],[-122.59321,38.23613]]],"type":"Polygon"},"properties":{"bbox":{"roads":{"area":2704.86,"pct":10.41}},"city_same":1,"id":"hex:3570:24434"},"type":"Feature"},{"geometry":{"coordinates":[[[-122.5932,38.23769],[-122.59377,38.23847],[-122.59491,38.23848],[-122.59549,38.2377],[-122.59492,38.23692],[-122.59378,38.23691],[-122.5932,38.23769]]],"type":"Polygon"},"properties":{"bbox":{"roads":{"area":2512.97,"pct":9.67}},"city_same":1,"id":"hex:3570:24435"},"type":"Feature"},{"geometry":{"coordinates":[[[-122.5932,38.23925],[-122.59376,38.24004],[-122.59491,38.24004],[-122.59548,38.23926],[-122.59491,38.23848],[-122.59377,38.23847],[-122.5932,38.23925]]],"type":"Polygon"},"properties":{"bbox":{"roads":{"area":2426.38,"pct":9.34}},"city_same":1,"id":"hex:3570:24436"},"type":"Feature"},{"geometry":{"coordinates":[[[-122.59319,38.24081],[-122.59375,38.2416],[-122.5949,38.2416],[-122.59547,38.24082],[-122.59491,38.24004],[-122.59376,38.24004],[-122.59319,38.24081]]],"type":"Polygon"},"properties":{"bbox":{"roads":{"area":2556.75,"pct":9.84}},"city_same":1,"id":"hex:3570:24437"},"type":"Feature"},{"geometry":{"coordinates":[[[-122.59375,38.24316],[-122.59318,38.24237],[-122.59375,38.2416],[-122.5949,38.2416],[-122.59546,38.24238],[-122.59489,38.24316],[-122.59443,38.24316],[-122.59458,38.24298],[-122.59453,38.24297],[-122.5944,38.24291],[-122.59413,38.24316],[-122.59375,38.24316]]],"type":"Polygon"},"properties":{"bbox":{"roads":{"area":4362.3,"pct":17.16},"sidewalks":{"area":472.5,"pct":1.86}},"city_same":1,"id":"hex:3570:24438"},"type":"Feature"},{"geometry":{"coordinates":[[[[-122.59317,38.24394],[-122.59375,38.24316],[-122.59413,38.24316],[-122.59396,38.24331],[-122.59379,38.24339],[-122.59373,38.24344],[-122.59361,38.2435],[-122.59367,38.24358],[-122.59365,38.24365],[-122.59363,38.24378],[-122.59374,38.24385],[-122.59363,38.24388],[-122.59358,38.24404],[-122.59341,38.24405],[-122.5933,38.24407],[-122.59332,38.24414],[-122.59317,38.24394]]],[[[-122.59489,38.24316],[-122.59546,38.24394],[-122.59488,38.24472],[-122.5938,38.24472],[-122.59386,38.24462],[-122.59384,38.2445],[-122.59388,38.24432],[-122.59394,38.24419],[-122.59413,38.24405],[-122.59418,38.24383],[-122.59412,38.24377],[-122.59399,38.2437],[-122.59405,38.24361],[-122.59419,38.24353],[-122.59435,38.24344],[-122.59433,38.24327],[-122.59443,38.24316],[-122.59489,38.24316]]]],"type":"MultiPolygon"},"properties":{"bbox":{"roads":{"area":1131.8,"pct":5.85},"sidewalks":{"area":185.29,"pct":0.96}},"city":{"roads":{"area":273.18,"pct":1.41},"sidewalks":{"area":185.29,"pct":0.96}},"id":"hex:3570:24439"},"type":"Feature"},{"geometry":{"coordinates":[[[-122.59488,38.24472],[-122.59545,38.2455],[-122.59487,38.24628],[-122.59373,38.24628],[-122.59316,38.2455],[-122.59353,38.245],[-122.59359,38.24494],[-122.59378,38.24476],[-122.5938,38.24472],[-122.59488,38.24472]]],"type":"Polygon"},"properties":{"bbox":{"roads":{"area":3849.09,"pct":14.89},"sidewalks":{"area":515.47,"pct":1.99}},"city":{"roads":{"area":1497.37,"pct":5.79},"sidewalks":{"area":515.47,"pct":1.99}},"id":"hex:3570:24440"},"type":"Feature"},{"geometry":{"coordinates":[[[-122.59315,38.24706],[-122.59372,38.24784],[-122.59486,38.24784],[-122.59544,38.24707],[-122.59487,38.24628],[-122.59373,38.24628],[-122.59315,38.24706]]],"type":"Polygon"},"properties":{"bbox":{"roads":{"area":2307.75,"pct":8.88}},"city_same":1,"id":"hex:3570:24441"},"type":"Feature"},{"geometry":{"coordinates":[[[-122.59314,38.24862],[-122.59371,38.2494],[-122.59485,38.2494],[-122.59543,38.24863],[-122.59486,38.24784],[-122.59372,38.24784],[-122.59314,38.24862]]],"type":"Polygon"},"properties":{"bbox":{"roads":{"area":2335.82,"pct":8.99},"sidewalks":{"area":36.56,"pct":0.14}},"city_same":1,"id":"hex:3570:24442"},"type":"Feature"},{"geometry":{"coordinates":[[[-122.59371,38.2494],[-122.59485,38.2494],[-122.59542,38.25019],[-122.59522,38.25046],[-122.59359,38.24956],[-122.59371,38.2494]]],"type":"Polygon"},"properties":{"bbox":{"roads":{"area":1195.26,"pct":13.05},"sidewalks":{"area":371.21,"pct":4.05}},"city_same":1,"id":"hex:3570:24443"},"type":"Feature"},{"geometry":{"coordinates":[[[-122.59155,38.22754],[-122.59211,38.22832],[-122.59326,38.22833],[-122.59383,38.22755],[-122.59327,38.22676],[-122.59212,38.22676],[-122.59155,38.22754]]],"type":"Polygon"},"properties":{"bbox":{"roads":{"area":825.87,"pct":3.18}},"city_same":1,"id":"hex:3571:24428"},"type":"Feature"},{"geometry":{"coordinates":[[[-122.59154,38.2291],[-122.59211,38.22988],[-122.59325,38.22989],[-122.59382,38.22911],[-122.59326,38.22833],[-122.59211,38.22832],[-122.59154,38.2291]]],"type":"Polygon"},"properties":{"bbox":{"roads":{"area":2610.41,"pct":10.05}},"city_same":1,"id":"hex:3571:24429"},"type":"Feature"},{"geometry":{"coordinates":[[[-122.59153,38.23066],[-122.5921,38.23144],[-122.59324,38.23145],[-122.59382,38.23067],[-122.59325,38.22989],[-122.59211,38.22988],[-122.59153,38.23066]]],"type":"Polygon"},"properties":{"bbox":{"roads":{"area":2817.46,"pct":10.84}},"city_same":1,"id":"hex:3571:24430"},"type":"Feature"},{"geometry":{"coordinates":[[[-122.59152,38.23222],[-122.59209,38.233],[-122.59323,38.23301],[-122.59381,38.23223],[-122.59324,38.23145],[-122.5921,38.23144],[-122.59152,38.23222]]],"type":"Polygon"},"properties":{"bbox":{"roads":{"area":1785.5,"pct":6.87}},"city_same":1,"id":"hex:3571:24431"},"type":"Feature"},{"geometry":{"coordinates":[[[-122.59151,38.23378],[-122.59208,38.23457],[-122.59322,38.23457],[-122.5938,38.23379],[-122.59323,38.23301],[-122.59209,38.233],[-122.59151,38.23378]]],"type":"Polygon"},"properties":{"bbox":{"roads":{"area":2028.89,"pct":7.81}},"city_same":1,"id":"hex:3571:24432"},"type":"Feature"},{"geometry":{"coordinates":[[[-122.5915,38.23534],[-122.59207,38.23613],[-122.59321,38.23613],[-122.59379,38.23535],[-122.59322,38.23457],[-122.59208,38.23457],[-122.5915,38.23534]]],"type":"Polygon"},"properties":{"bbox":{"roads":{"area":6274.36,"pct":24.15},"sidewalks":{"area":120.69,"pct":0.46}},"city":{"roads":{"area":4190.75,"pct":16.13},"sidewalks":{"area":120.69,"pct":0.46}},"id":"hex:3571:24433"},"type":"Feature"},{"geometry":{"coordinates":[[[-122.5915,38.23691],[-122.59206,38.23769],[-122.5932,38.23769],[-122.59378,38.23691],[-122.59321,38.23613],[-122.59207,38.23613],[-122.5915,38.23691]]],"type":"Polygon"},"properties":{"bbox":{"roads":{"area":3658.77,"pct":14.08},"sidewalks":{"area":162.25,"pct":0.62}},"city_same":1,"id":"hex:3571:24434"},"type":"Feature"},{"geometry":{"coordinates":[[[-122.59149,38.23847],[-122.59205,38.23925],[-122.5932,38.23925],[-122.59377,38.23847],[-122.5932,38.23769],[-122.59206,38.23769],[-122.59149,38.23847]]],"type":"Polygon"},"properties":{"bbox":{"roads":{"area":2428.03,"pct":9.35},"sidewalks":{"area":142.06,"pct":0.55}},"city_same":1,"id":"hex:3571:24435"},"type":"Feature"},{"geometry":{"coordinates":[[[-122.59148,38.24003],[-122.59204,38.24081],[-122.59319,38.24081],[-122.59376,38.24004],[-122.5932,38.23925],[-122.59205,38.23925],[-122.59148,38.24003]]],"type":"Polygon"},"properties":{"bbox":{"roads":{"area":2209.2,"pct":8.5}},"city_same":1,"id":"hex:3571:24436"},"type":"Feature"},{"geometry":{"coordinates":[[[-122.59147,38.24159],[-122.59204,38.24237],[-122.59318,38.24237],[-122.59375,38.2416],[-122.59319,38.24081],[-122.59204,38.24081],[-122.59147,38.24159]]],"type":"Polygon"},"properties":{"bbox":{"roads":{"area":3831.49,"pct":14.75},"sidewalks":{"area":488.66,"pct":1.88}},"city_same":1,"id":"hex:3571:24437"},"type":"Feature"},{"geometry":{"coordinates":[[[-122.59146,38.24315],[-122.59203,38.24393],[-122.59317,38.24394],[-122.59375,38.24316],[-122.59318,38.24237],[-122.59204,38.24237],[-122.59146,38.24315]]],"type":"Polygon"},"properties":{"bbox":{"roads":{"area":350.66,"pct":1.35}},"city_same":1,"id":"hex:3571:24438"},"type":"Feature"},{"geometry":{"coordinates":[[[[-122.59202,38.24549],[-122.59145,38.24471],[-122.59178,38.24427],[-122.59178,38.24427],[-122.59178,38.24427],[-122.59203,38.24393],[-122.59317,38.24394],[-122.59332,38.24414],[-122.59337,38.24436],[-122.59327,38.24447],[-122.59332,38.24461],[-122.59331,38.24472],[-122.59323,38.24488],[-122.59313,38.24496],[-122.59299,38.24502],[-122.59294,38.24509],[-122.59284,38.24512],[-122.5928,38.24516],[-122.59277,38.24526],[-122.59273,38.24533],[-122.59264,38.24538],[-122.5925,38.24538],[-122.59236,38.24549],[-122.59202,38.24549]]],[[[-122.59316,38.2455],[-122.59294,38.2455],[-122.5931,38.24538],[-122.59336,38.24514],[-122.59353,38.245],[-122.59316,38.2455]]]],"type":"MultiPolygon"},"properties":{"bbox":{"roads":{"area":2051.91,"pct":9.68}},"city_same":1,"id":"hex:3571:24439"},"type":"Feature"},{"geometry":{"coordinates":[[[-122.59316,38.2455],[-122.59373,38.24628],[-122.59315,38.24706],[-122.59201,38.24705],[-122.59144,38.24627],[-122.59202,38.24549],[-122.59236,38.24549],[-122.59232,38.24553],[-122.59219,38.24566],[-122.59207,38.24579],[-122.59204,38.24585],[-122.59226,38.24589],[-122.59236,38.24594],[-122.5924,38.24594],[-122.59252,38.24592],[-122.59257,38.24585],[-122.59259,38.24582],[-122.59263,38.24574],[-122.59272,38.24564],[-122.59288,38.24554],[-122.59294,38.2455],[-122.59316,38.2455]],[[-122.59241,38.24669],[-122.59248,38.24671],[-122.59256,38.24671],[-122.59261,38.24666],[-122.59257,38.24658],[-122.59256,38.24651],[-122.5926,38.24641],[-122.59268,38.24636],[-122.5928,38.24632],[-122.5929,38.24628],[-122.593,38.2462],[-122.59308,38.2461],[-122.59313,38.24605],[-122.59312,38.24599],[-122.59308,38.24594],[-122.593,38.24591],[-122.59291,38.24587],[-122.59284,38.24588],[-122.5928,38.24591],[-122.59278,38.24592],[-122.59275,38.24599],[-122.59278,38.24605],[-122.59275,38.24609],[-122.59266,38.24609],[-122.59256,38.24611],[-122.59245,38.24615],[-122.59238,38.2462],[-122.59239,38.24626],[-122.59234,38.24629],[-122.59231,38.24633],[-122.5923,38.24639],[-122.59226,38.24646],[-122.5922,38.24651],[-122.5922,38.24656],[-122.59217,38.2466],[-122.59212,38.24662],[-122.59212,38.24667],[-122.5922,38.24676],[-122.59228,38.24676],[-122.59231,38.24675],[-122.59235,38.24674],[-122.59237,38.2467],[-122.59241,38.24669]]],"type":"Polygon"},"properties":{"bbox":{"roads":{"area":2252.64,"pct":11.01},"sidewalks":{"area":252.37,"pct":1.23}},"city":{"roads":{"area":710.95,"pct":3.47},"sidewalks":{"area":252.37,"pct":1.23}},"id":"hex:3571:24440"},"type":"Feature"},{"geometry":{"coordinates":[[[-122.59143,38.24783],[-122.592,38.24861],[-122.59314,38.24862],[-122.59372,38.24784],[-122.59315,38.24706],[-122.59201,38.24705],[-122.59143,38.24783]]],"type":"Polygon"},"properties":{"bbox":{"roads":{"area":3207.16,"pct":12.34},"sidewalks":{"area":448.09,"pct":1.72}},"city":{"roads":{"area":2002.38,"pct":7.71},"sidewalks":{"area":448.09,"pct":1.72}},"id":"hex:3571:24441"},"type":"Feature"},{"geometry":{"coordinates":[[[-122.592,38.24861],[-122.59314,38.24862],[-122.59371,38.2494],[-122.59359,38.24956],[-122.59197,38.24866],[-122.592,38.24861]]],"type":"Polygon"},"properties":{"bbox":{"roads":{"area":976.44,"pct":14.71},"sidewalks":{"area":391.98,"pct":5.9}},"city_same":1,"id":"hex:3571:24442"},"type":"Feature"},{"geometry":{"coordinates":[[[-122.58984,38.22675],[-122.59041,38.22754],[-122.59155,38.22754],[-122.59212,38.22676],[-122.59156,38.22598],[-122.59041,38.22597],[-122.58984,38.22675]]],"type":"Polygon"},"properties":{"bbox":{"roads":{"area":750.29,"pct":2.89}},"city_same":1,"id":"hex:3572:24428"},"type":"Feature"},{"geometry":{"coordinates":[[[-122.58983,38.22831],[-122.5904,38.2291],[-122.59154,38.2291],[-122.59211,38.22832],[-122.59155,38.22754],[-122.59041,38.22754],[-122.58983,38.22831]]],"type":"Polygon"},"properties":{"bbox":{"roads":{"area":3277.5,"pct":12.62}},"city_same":1,"id":"hex:3572:24429"},"type":"Feature"},{"geometry":{"coordinates":[[[-122.58982,38.22987],[-122.59039,38.23066],[-122.59153,38.23066],[-122.59211,38.22988],[-122.59154,38.2291],[-122.5904,38.2291],[-122.58982,38.22987]]],"type":"Polygon"},"properties":{"bbox":{"roads":{"area":3419.86,"pct":13.16}},"city_same":1,"id":"hex:3572:24430"},"type":"Feature"},{"geometry":{"coordinates":[[[-122.58981,38.23144],[-122.59038,38.23222],[-122.59152,38.23222],[-122.5921,38.23144],[-122.59153,38.23066],[-122.59039,38.23066],[-122.58981,38.23144]]],"type":"Polygon"},"properties":{"bbox":{"roads":{"area":794.45,"pct":3.06}},"city_same":1,"id":"hex:3572:24431"},"type":"Feature"},{"geometry":{"coordinates":[[[-122.5898,38.233],[-122.59037,38.23378],[-122.59151,38.23378],[-122.59209,38.233],[-122.59152,38.23222],[-122.59038,38.23222],[-122.5898,38.233]]],"type":"Polygon"},"properties":{"bbox":{"roads":{"area":2967.36,"pct":11.42}},"city_same":1,"id":"hex:3572:24432"},"type":"Feature"},{"geometry":{"coordinates":[[[-122.58979,38.23456],[-122.59036,38.23534],[-122.5915,38.23534],[-122.59208,38.23457],[-122.59151,38.23378],[-122.59037,38.23378],[-122.58979,38.23456]]],"type":"Polygon"},"properties":{"bbox":{"roads":{"area":4550.43,"pct":17.51},"sidewalks":{"area":36.52,"pct":0.14}},"city":{"roads":{"area":2124.17,"pct":8.18},"sidewalks":{"area":36.52,"pct":0.14}},"id":"hex:3572:24433"},"type":"Feature"},{"geometry":{"coordinates":[[[-122.58979,38.23612],[-122.59035,38.2369],[-122.5915,38.23691],[-122.59207,38.23613],[-122.5915,38.23534],[-122.59036,38.23534],[-122.58979,38.23612]]],"type":"Polygon"},"properties":{"bbox":{"roads":{"area":3291.47,"pct":12.67},"sidewalks":{"area":788.54,"pct":3.04}},"city_same":1,"id":"hex:3572:24434"},"type":"Feature"},{"geometry":{"coordinates":[[[-122.58978,38.23768],[-122.59034,38.23846],[-122.59149,38.23847],[-122.59206,38.23769],[-122.5915,38.23691],[-122.59035,38.2369],[-122.58978,38.23768]]],"type":"Polygon"},"properties":{"bbox":{"roads":{"area":4473.1,"pct":17.22},"sidewalks":{"area":909.04,"pct":3.5}},"city_same":1,"id":"hex:3572:24435"},"type":"Feature"},{"geometry":{"coordinates":[[[-122.58977,38.23924],[-122.59034,38.24002],[-122.59148,38.24003],[-122.59205,38.23925],[-122.59149,38.23847],[-122.59034,38.23846],[-122.58977,38.23924]]],"type":"Polygon"},"properties":{"bbox":{"roads":{"area":2806.56,"pct":10.8},"sidewalks":{"area":473.88,"pct":1.82}},"city_same":1,"id":"hex:3572:24436"},"type":"Feature"},{"geometry":{"coordinates":[[[-122.58976,38.2408],[-122.59033,38.24158],[-122.59147,38.24159],[-122.59204,38.24081],[-122.59148,38.24003],[-122.59034,38.24002],[-122.58976,38.2408]]],"type":"Polygon"},"properties":{"bbox":{"roads":{"area":5696.89,"pct":21.93},"sidewalks":{"area":449.94,"pct":1.73}},"city_same":1,"id":"hex:3572:24437"},"type":"Feature"},{"geometry":{"coordinates":[[[-122.58975,38.24236],[-122.59032,38.24315],[-122.59146,38.24315],[-122.59204,38.24237],[-122.59147,38.24159],[-122.59033,38.24158],[-122.58975,38.24236]]],"type":"Polygon"},"properties":{"bbox":{"roads":{"area":1581.14,"pct":6.09}},"city_same":1,"id":"hex:3572:24438"},"type":"Feature"},{"geometry":{"coordinates":[[[[-122.59031,38.24471],[-122.58974,38.24392],[-122.59032,38.24315],[-122.59146,38.24315],[-122.59203,38.24393],[-122.59178,38.24427],[-122.59176,38.24418],[-122.59168,38.2441],[-122.59161,38.24409],[-122.59154,38.24409],[-122.59148,38.24411],[-122.59141,38.24418],[-122.59129,38.24428],[-122.5912,38.24439],[-122.59108,38.24449],[-122.59097,38.24454],[-122.59092,38.2446],[-122.5909,38.24471],[-122.59031,38.24471]]],[[[-122.59145,38.24471],[-122.5912,38.24471],[-122.59121,38.24468],[-122.59132,38.24449],[-122.59142,38.24434],[-122.59148,38.24431],[-122.59161,38.24432],[-122.59168,38.24431],[-122.59178,38.24427],[-122.59145,38.24471]]]],"type":"MultiPolygon"},"properties":{"bbox":{"roads":{"area":1388.01,"pct":5.74}},"city_same":1,"id":"hex:3572:24439"},"type":"Feature"},{"geometry":{"coordinates":[[[-122.59145,38.24471],[-122.59202,38.24549],[-122.59144,38.24627],[-122.5903,38.24627],[-122.58973,38.24548],[-122.59031,38.24471],[-122.5909,38.24471],[-122.5909,38.24471],[-122.59092,38.24488],[-122.59094,38.24512],[-122.59093,38.24532],[-122.59093,38.24542],[-122.59097,38.24546],[-122.59102,38.24545],[-122.59111,38.24534],[-122.5912,38.24524],[-122.59125,38.24519],[-122.59123,38.24513],[-122.59117,38.24505],[-122.59113,38.24497],[-122.59111,38.24489],[-122.59114,38.2448],[-122.5912,38.24471],[-122.59145,38.24471]]],"type":"Polygon"},"properties":{"bbox":{"roads":{"area":952.57,"pct":3.91}},"city_same":1,"id":"hex:3572:24440"},"type":"Feature"},{"geometry":{"coordinates":[[[-122.5903,38.24627],[-122.59144,38.24627],[-122.59201,38.24705],[-122.59143,38.24783],[-122.59122,38.24783],[-122.59074,38.24758],[-122.58993,38.24712],[-122.58975,38.24701],[-122.5903,38.24627]]],"type":"Polygon"},"properties":{"bbox":{"roads":{"area":1988.89,"pct":8.94}},"city_same":1,"id":"hex:3572:24441"},"type":"Feature"},{"geometry":{"coordinates":[[[-122.59143,38.24783],[-122.592,38.24861],[-122.59197,38.24866],[-122.59141,38.24835],[-122.59126,38.24824],[-122.59138,38.2482],[-122.59139,38.24811],[-122.59144,38.24803],[-122.59147,38.24801],[-122.59149,38.24797],[-122.59122,38.24783],[-122.59143,38.24783]]],"type":"Polygon"},"properties":{"bbox":{"roads":{"area":259.42,"pct":13.34},"sidewalks":{"area":20.54,"pct":1.06}},"city":{"roads":{"area":3.34,"pct":0.17},"sidewalks":{"area":20.54,"pct":1.06}},"id":"hex:3572:24442"},"type":"Feature"},{"geometry":{"coordinates":[[[-122.58813,38.22597],[-122.5887,38.22675],[-122.58984,38.22675],[-122.59041,38.22597],[-122.58985,38.22519],[-122.5887,38.22519],[-122.58813,38.22597]]],"type":"Polygon"},"properties":{"bbox":{"roads":{"area":617.68,"pct":2.38}},"city_same":1,"id":"hex:3573:24427"},"type":"Feature"},{"geometry":{"coordinates":[[[-122.58812,38.22753],[-122.58869,38.22831],[-122.58983,38.22831],[-122.59041,38.22754],[-122.58984,38.22675],[-122.5887,38.22675],[-122.58812,38.22753]]],"type":"Polygon"},"properties":{"bbox":{"roads":{"area":2981.62,"pct":11.48}},"city_same":1,"id":"hex:3573:24428"},"type":"Feature"},{"geometry":{"coordinates":[[[-122.58811,38.22909],[-122.58868,38.22987],[-122.58982,38.22987],[-122.5904,38.2291],[-122.58983,38.22831],[-122.58869,38.22831],[-122.58811,38.22909]]],"type":"Polygon"},"properties":{"bbox":{"roads":{"area":1587.05,"pct":6.11}},"city_same":1,"id":"hex:3573:24429"},"type":"Feature"},{"geometry":{"coordinates":[[[-122.5881,38.23065],[-122.58867,38.23143],[-122.58981,38.23144],[-122.59039,38.23066],[-122.58982,38.22987],[-122.58868,38.22987],[-122.5881,38.23065]]],"type":"Polygon"},"properties":{"bbox":{"roads":{"area":2460.97,"pct":9.47}},"city_same":1,"id":"hex:3573:24430"},"type":"Feature"},{"geometry":{"coordinates":[[[-122.58809,38.23221],[-122.58866,38.23299],[-122.5898,38.233],[-122.59038,38.23222],[-122.58981,38.23144],[-122.58867,38.23143],[-122.58809,38.23221]]],"type":"Polygon"},"properties":{"bbox":{"roads":{"area":3234.96,"pct":12.45}},"city_same":1,"id":"hex:3573:24431"},"type":"Feature"},{"geometry":{"coordinates":[[[-122.58866,38.23299],[-122.5898,38.233],[-122.59037,38.23378],[-122.58979,38.23456],[-122.58926,38.23456],[-122.58926,38.23456],[-122.58931,38.23449],[-122.58948,38.23431],[-122.58953,38.23426],[-122.58945,38.23423],[-122.58942,38.2342],[-122.5893,38.23414],[-122.58911,38.23404],[-122.58907,38.23402],[-122.58829,38.23354],[-122.58827,38.23352],[-122.58866,38.23299]]],"type":"Polygon"},"properties":{"bbox":{"roads":{"area":2394.27,"pct":12.63}},"city":{"roads":{"area":748.95,"pct":3.95}},"id":"hex:3573:24432"},"type":"Feature"},{"geometry":{"coordinates":[[[-122.58979,38.23456],[-122.59036,38.23534],[-122.58979,38.23612],[-122.58864,38.23611],[-122.58828,38.23562],[-122.58862,38.23525],[-122.58926,38.23456],[-122.58979,38.23456]]],"type":"Polygon"},"properties":{"bbox":{"roads":{"area":1388.19,"pct":6.53},"sidewalks":{"area":270.43,"pct":1.27}},"city_same":1,"id":"hex:3573:24433"},"type":"Feature"},{"geometry":{"coordinates":[[[-122.58807,38.23689],[-122.58863,38.23768],[-122.58978,38.23768],[-122.59035,38.2369],[-122.58979,38.23612],[-122.58864,38.23611],[-122.58807,38.23689]]],"type":"Polygon"},"properties":{"bbox":{"roads":{"area":3257.39,"pct":12.54},"sidewalks":{"area":827.77,"pct":3.19}},"city_same":1,"id":"hex:3573:24434"},"type":"Feature"},{"geometry":{"coordinates":[[[-122.58806,38.23845],[-122.58863,38.23924],[-122.58977,38.23924],[-122.59034,38.23846],[-122.58978,38.23768],[-122.58863,38.23768],[-122.58806,38.23845]]],"type":"Polygon"},"properties":{"bbox":{"roads":{"area":4830.87,"pct":18.59},"sidewalks":{"area":964.73,"pct":3.71}},"city_same":1,"id":"hex:3573:24435"},"type":"Feature"},{"geometry":{"coordinates":[[[-122.58863,38.23924],[-122.58977,38.23924],[-122.59034,38.24002],[-122.58976,38.2408],[-122.58862,38.2408],[-122.58837,38.24046],[-122.58857,38.24025],[-122.58898,38.23981],[-122.5891,38.2397],[-122.58896,38.23964],[-122.58891,38.23961],[-122.58879,38.23954],[-122.58851,38.23939],[-122.58863,38.23924]]],"type":"Polygon"},"properties":{"bbox":{"roads":{"area":3319.41,"pct":15.96},"sidewalks":{"area":541.14,"pct":2.6}},"city_same":1,"id":"hex:3573:24436"},"type":"Feature"},{"geometry":{"coordinates":[[[-122.58804,38.24158],[-122.58861,38.24236],[-122.58975,38.24236],[-122.59033,38.24158],[-122.58976,38.2408],[-122.58862,38.2408],[-122.58804,38.24158]]],"type":"Polygon"},"properties":{"bbox":{"roads":{"area":748.58,"pct":2.88}},"city_same":1,"id":"hex:3573:24437"},"type":"Feature"},{"geometry":{"coordinates":[[[-122.58803,38.24314],[-122.58861,38.24236],[-122.58975,38.24236],[-122.59032,38.24315],[-122.58974,38.24392],[-122.5886,38.24392],[-122.58857,38.24388],[-122.58867,38.24378],[-122.58879,38.24369],[-122.58887,38.24366],[-122.58897,38.24361],[-122.58906,38.24352],[-122.5891,38.24341],[-122.58907,38.24335],[-122.58901,38.24331],[-122.58894,38.2433],[-122.58888,38.24331],[-122.58883,38.24337],[-122.58859,38.24366],[-122.58849,38.24377],[-122.58803,38.24314]]],"type":"Polygon"},"properties":{"bbox":{"roads":{"area":1015.94,"pct":4.13}},"city_same":1,"id":"hex:3573:24438"},"type":"Feature"},{"geometry":{"coordinates":[[[-122.58802,38.2447],[-122.58859,38.24548],[-122.58973,38.24548],[-122.59031,38.24471],[-122.58974,38.24392],[-122.5886,38.24392],[-122.58802,38.2447]]],"type":"Polygon"},"properties":{"bbox":{"roads":{"area":1639.22,"pct":6.31}},"city_same":1,"id":"hex:3573:24439"},"type":"Feature"},{"geometry":{"coordinates":[[[-122.58859,38.24548],[-122.58973,38.24548],[-122.5903,38.24627],[-122.58975,38.24701],[-122.58923,38.24672],[-122.58857,38.24634],[-122.58814,38.24609],[-122.58859,38.24548]]],"type":"Polygon"},"properties":{"bbox":{"roads":{"area":1659.66,"pct":8.56}},"city_same":1,"id":"hex:3573:24440"},"type":"Feature"},{"geometry":{"coordinates":[[[-122.58642,38.22518],[-122.58699,38.22596],[-122.58813,38.22597],[-122.5887,38.22519],[-122.58814,38.22441],[-122.587,38.2244],[-122.58642,38.22518]]],"type":"Polygon"},"properties":{"bbox":{"roads":{"area":266.33,"pct":1.03}},"city_same":1,"id":"hex:3574:24427"},"type":"Feature"},{"geometry":{"coordinates":[[[-122.58641,38.22674],[-122.58698,38.22752],[-122.58812,38.22753],[-122.5887,38.22675],[-122.58813,38.22597],[-122.58699,38.22596],[-122.58641,38.22674]]],"type":"Polygon"},"properties":{"bbox":{"roads":{"area":3296.44,"pct":12.69}},"city_same":1,"id":"hex:3574:24428"},"type":"Feature"},{"geometry":{"coordinates":[[[-122.5864,38.2283],[-122.58697,38.22908],[-122.58811,38.22909],[-122.58869,38.22831],[-122.58812,38.22753],[-122.58698,38.22752],[-122.5864,38.2283]]],"type":"Polygon"},"properties":{"bbox":{"roads":{"area":3625.58,"pct":13.95}},"city_same":1,"id":"hex:3574:24429"},"type":"Feature"},{"geometry":{"coordinates":[[[-122.58639,38.22986],[-122.58696,38.23065],[-122.5881,38.23065],[-122.58868,38.22987],[-122.58811,38.22909],[-122.58697,38.22908],[-122.58639,38.22986]]],"type":"Polygon"},"properties":{"bbox":{"roads":{"area":2199.97,"pct":8.47}},"city_same":1,"id":"hex:3574:24430"},"type":"Feature"},{"geometry":{"coordinates":[[[-122.58638,38.23142],[-122.58695,38.23221],[-122.58809,38.23221],[-122.58867,38.23143],[-122.5881,38.23065],[-122.58696,38.23065],[-122.58638,38.23142]]],"type":"Polygon"},"properties":{"bbox":{"roads":{"area":1848.74,"pct":7.12}},"city_same":1,"id":"hex:3574:24431"},"type":"Feature"},{"geometry":{"coordinates":[[[-122.58695,38.23221],[-122.58809,38.23221],[-122.58866,38.23299],[-122.58827,38.23352],[-122.58789,38.23331],[-122.58748,38.23308],[-122.58684,38.23272],[-122.58665,38.23261],[-122.58695,38.23221]]],"type":"Polygon"},"properties":{"bbox":{"roads":{"area":2728.1,"pct":18.44}},"city":{"roads":{"area":2015.49,"pct":13.63}},"id":"hex:3574:24432"},"type":"Feature"},{"geometry":{"coordinates":[[[-122.58864,38.23611],[-122.58807,38.23689],[-122.58712,38.23689],[-122.58828,38.23562],[-122.58864,38.23611]]],"type":"Polygon"},"properties":{"bbox":{"roads":{"area":5.36,"pct":0.06},"sidewalks":{"area":39.74,"pct":0.46}},"city_same":1,"id":"hex:3574:24434"},"type":"Feature"},{"geometry":{"coordinates":[[[-122.58807,38.23689],[-122.58863,38.23768],[-122.58806,38.23845],[-122.58692,38.23845],[-122.58637,38.2377],[-122.58672,38.23733],[-122.58712,38.23689],[-122.58807,38.23689]]],"type":"Polygon"},"properties":{"bbox":{"roads":{"area":2262.12,"pct":9.04},"sidewalks":{"area":435.78,"pct":1.74}},"city_same":1,"id":"hex:3574:24435"},"type":"Feature"},{"geometry":{"coordinates":[[[-122.58692,38.23845],[-122.58806,38.23845],[-122.58863,38.23924],[-122.58851,38.23939],[-122.58849,38.23937],[-122.58843,38.23934],[-122.58774,38.23895],[-122.5869,38.23848],[-122.58692,38.23845]]],"type":"Polygon"},"properties":{"bbox":{"roads":{"area":1169.37,"pct":18.59},"sidewalks":{"area":389.17,"pct":6.19}},"city_same":1,"id":"hex:3574:24436"},"type":"Feature"},{"geometry":{"coordinates":[[[-122.58862,38.2408],[-122.58804,38.24158],[-122.58736,38.24157],[-122.58792,38.24096],[-122.58822,38.24063],[-122.58835,38.24048],[-122.58837,38.24046],[-122.58862,38.2408]]],"type":"Polygon"},"properties":{"bbox":{"roads":{"area":1030.75,"pct":18.55}},"city_same":1,"id":"hex:3574:24437"},"type":"Feature"},{"geometry":{"coordinates":[[[-122.58804,38.24158],[-122.58861,38.24236],[-122.58803,38.24314],[-122.58689,38.24313],[-122.58647,38.24256],[-122.58655,38.24247],[-122.58736,38.24157],[-122.58804,38.24158]]],"type":"Polygon"},"properties":{"bbox":{"roads":{"area":891.53,"pct":3.94}},"city_same":1,"id":"hex:3574:24438"},"type":"Feature"},{"geometry":{"coordinates":[[[-122.5886,38.24392],[-122.58802,38.2447],[-122.58688,38.24469],[-122.58631,38.24391],[-122.58689,38.24313],[-122.58803,38.24314],[-122.58849,38.24377],[-122.58848,38.24379],[-122.58837,38.24389],[-122.58826,38.24398],[-122.58812,38.24411],[-122.58798,38.24423],[-122.58781,38.24434],[-122.58767,38.24443],[-122.58758,38.24449],[-122.58752,38.24456],[-122.58753,38.24462],[-122.58759,38.24466],[-122.58769,38.24468],[-122.58782,38.24465],[-122.58789,38.24456],[-122.58795,38.24444],[-122.58805,38.24432],[-122.58814,38.24424],[-122.58828,38.24414],[-122.58838,38.24407],[-122.58847,38.24399],[-122.58857,38.24389],[-122.58857,38.24388],[-122.5886,38.24392]]],"type":"Polygon"},"properties":{"bbox":{"roads":{"area":1669.67,"pct":6.95}},"city_same":1,"id":"hex:3574:24439"},"type":"Feature"},{"geometry":{"coordinates":[[[-122.58688,38.24469],[-122.58802,38.2447],[-122.58859,38.24548],[-122.58814,38.24609],[-122.58668,38.24526],[-122.58652,38.24518],[-122.58688,38.24469]],[[-122.58702,38.24509],[-122.58704,38.245],[-122.58709,38.24496],[-122.58716,38.24493],[-122.58701,38.24488],[-122.58692,38.24492],[-122.58683,38.24494],[-122.58672,38.24499],[-122.5867,38.24508],[-122.58683,38.24515],[-122.58687,38.24513],[-122.58692,38.24507],[-122.58698,38.24511],[-122.58702,38.24509]],[[-122.58716,38.24487],[-122.58722,38.24488],[-122.58726,38.24486],[-122.5873,38.24483],[-122.5873,38.24478],[-122.58727,38.24474],[-122.58717,38.24472],[-122.58711,38.24475],[-122.58708,38.24478],[-122.58709,38.24483],[-122.5871,38.24487],[-122.58716,38.24487]]],"type":"Polygon"},"properties":{"bbox":{"roads":{"area":775.68,"pct":4.98}},"city_same":1,"id":"hex:3574:24440"},"type":"Feature"},{"geometry":{"coordinates":[[[-122.5847,38.22595],[-122.58527,38.22674],[-122.58641,38.22674],[-122.58699,38.22596],[-122.58642,38.22518],[-122.58528,38.22518],[-122.5847,38.22595]]],"type":"Polygon"},"properties":{"bbox":{"parking":{"area":386.79,"pct":1.49},"roads":{"area":1137.94,"pct":4.38}},"city_same":1,"id":"hex:3575:24427"},"type":"Feature"},{"geometry":{"coordinates":[[[-122.58469,38.22752],[-122.58526,38.2283],[-122.5864,38.2283],[-122.58698,38.22752],[-122.58641,38.22674],[-122.58527,38.22674],[-122.58469,38.22752]]],"type":"Polygon"},"properties":{"bbox":{"parking":{"area":2.99,"pct":0.01},"roads":{"area":2761.81,"pct":10.63}},"city_same":1,"id":"hex:3575:24428"},"type":"Feature"},{"geometry":{"coordinates":[[[-122.58468,38.22908],[-122.58525,38.22986],[-122.58639,38.22986],[-122.58697,38.22908],[-122.5864,38.2283],[-122.58526,38.2283],[-122.58468,38.22908]]],"type":"Polygon"},"properties":{"bbox":{"roads":{"area":3275.27,"pct":12.61}},"city_same":1,"id":"hex:3575:24429"},"type":"Feature"},{"geometry":{"coordinates":[[[-122.58468,38.23064],[-122.58524,38.23142],[-122.58638,38.23142],[-122.58696,38.23065],[-122.58639,38.22986],[-122.58525,38.22986],[-122.58468,38.23064]]],"type":"Polygon"},"properties":{"bbox":{"roads":{"area":2925.75,"pct":11.26}},"city_same":1,"id":"hex:3575:24430"},"type":"Feature"},{"geometry":{"coordinates":[[[-122.58524,38.23142],[-122.58638,38.23142],[-122.58695,38.23221],[-122.58665,38.23261],[-122.5853,38.23186],[-122.58522,38.23181],[-122.58503,38.23171],[-122.58524,38.23142]]],"type":"Polygon"},"properties":{"bbox":{"roads":{"area":1478.5,"pct":12.29}},"city":{"roads":{"area":307.69,"pct":2.56}},"id":"hex:3575:24431"},"type":"Feature"},{"geometry":{"coordinates":[[[-122.58692,38.23845],[-122.5869,38.23848],[-122.58669,38.23836],[-122.58613,38.23805],[-122.58608,38.23802],[-122.58637,38.2377],[-122.58692,38.23845]]],"type":"Polygon"},"properties":{"bbox":{"roads":{"area":337.49,"pct":16.71},"sidewalks":{"area":49.59,"pct":2.45}},"city_same":1,"id":"hex:3575:24435"},"type":"Feature"},{"geometry":{"coordinates":[[[-122.58689,38.24313],[-122.58631,38.24391],[-122.58526,38.24391],[-122.58566,38.24347],[-122.58572,38.2434],[-122.58647,38.24256],[-122.58689,38.24313]]],"type":"Polygon"},"properties":{"bbox":{"roads":{"area":891.7,"pct":8.85}},"city_same":1,"id":"hex:3575:24438"},"type":"Feature"},{"geometry":{"coordinates":[[[-122.58631,38.24391],[-122.58688,38.24469],[-122.58652,38.24518],[-122.58616,38.24497],[-122.58498,38.24431],[-122.58492,38.24428],[-122.58526,38.24391],[-122.58631,38.24391]]],"type":"Polygon"},"properties":{"bbox":{"roads":{"area":1148.43,"pct":8.5}},"city_same":1,"id":"hex:3575:24439"},"type":"Feature"},{"geometry":{"coordinates":[[[-122.58298,38.22673],[-122.58355,38.22751],[-122.58469,38.22752],[-122.58527,38.22674],[-122.5847,38.22595],[-122.58356,38.22595],[-122.58298,38.22673]]],"type":"Polygon"},"properties":{"bbox":{"parking":{"area":1953.78,"pct":7.52},"roads":{"area":626.3,"pct":2.41}},"city_same":1,"id":"hex:3576:24428"},"type":"Feature"},{"geometry":{"coordinates":[[[-122.58297,38.22829],[-122.58354,38.22907],[-122.58468,38.22908],[-122.58526,38.2283],[-122.58469,38.22752],[-122.58355,38.22751],[-122.58297,38.22829]]],"type":"Polygon"},"properties":{"bbox":{"roads":{"area":3042.72,"pct":11.71}},"city_same":1,"id":"hex:3576:24429"},"type":"Feature"},{"geometry":{"coordinates":[[[-122.58297,38.22985],[-122.58353,38.23063],[-122.58468,38.23064],[-122.58525,38.22986],[-122.58468,38.22908],[-122.58354,38.22907],[-122.58297,38.22985]]],"type":"Polygon"},"properties":{"bbox":{"roads":{"area":3503.33,"pct":13.48}},"city_same":1,"id":"hex:3576:24430"},"type":"Feature"},{"geometry":{"coordinates":[[[-122.58353,38.23063],[-122.58468,38.23064],[-122.58524,38.23142],[-122.58503,38.23171],[-122.58495,38.23166],[-122.58445,38.23138],[-122.58432,38.2313],[-122.58399,38.23112],[-122.58391,38.23108],[-122.58371,38.23098],[-122.5834,38.23081],[-122.58353,38.23063]]],"type":"Polygon"},"properties":{"bbox":{"roads":{"area":1925.56,"pct":20.52}},"city":{"roads":{"area":579.49,"pct":6.17}},"id":"hex:3576:24431"},"type":"Feature"},{"geometry":{"coordinates":[[[-122.58131,38.2197],[-122.58188,38.22048],[-122.58302,38.22048],[-122.58359,38.21971],[-122.58303,38.21892],[-122.58189,38.21892],[-122.58131,38.2197]]],"type":"Polygon"},"properties":{"bbox":{"roads":{"area":1199.69,"pct":4.62}},"city_same":1,"id":"hex:3577:24423"},"type":"Feature"},{"geometry":{"coordinates":[[[-122.5813,38.22126],[-122.58187,38.22204],[-122.58301,38.22205],[-122.58359,38.22127],[-122.58302,38.22048],[-122.58188,38.22048],[-122.5813,38.22126]]],"type":"Polygon"},"properties":{"bbox":{"roads":{"area":28.29,"pct":0.11}},"city_same":1,"id":"hex:3577:24424"},"type":"Feature"},{"geometry":{"coordinates":[[[-122.58127,38.2275],[-122.58183,38.22829],[-122.58297,38.22829],[-122.58355,38.22751],[-122.58298,38.22673],[-122.58184,38.22672],[-122.58127,38.2275]]],"type":"Polygon"},"properties":{"bbox":{"roads":{"area":266.05,"pct":1.02}},"city_same":1,"id":"hex:3577:24428"},"type":"Feature"},{"geometry":{"coordinates":[[[-122.58126,38.22906],[-122.58182,38.22985],[-122.58297,38.22985],[-122.58354,38.22907],[-122.58297,38.22829],[-122.58183,38.22829],[-122.58126,38.22906]]],"type":"Polygon"},"properties":{"bbox":{"roads":{"area":1090.64,"pct":4.2}},"city_same":1,"id":"hex:3577:24429"},"type":"Feature"},{"geometry":{"coordinates":[[[-122.58182,38.22985],[-122.58297,38.22985],[-122.58353,38.23063],[-122.5834,38.23081],[-122.5832,38.2307],[-122.58306,38.23062],[-122.5827,38.23042],[-122.58229,38.2302],[-122.58177,38.22991],[-122.58182,38.22985]]],"type":"Polygon"},"properties":{"bbox":{"roads":{"area":1284.75,"pct":18.25}},"city":{"roads":{"area":294.04,"pct":4.18}},"id":"hex:3577:24430"},"type":"Feature"},{"geometry":{"coordinates":[[[-122.57961,38.21735],[-122.58018,38.21813],[-122.58132,38.21814],[-122.58189,38.21736],[-122.58133,38.21658],[-122.58019,38.21657],[-122.57961,38.21735]]],"type":"Polygon"},"properties":{"bbox":{"roads":{"area":649.5,"pct":2.5}},"city_same":1,"id":"hex:3578:24422"},"type":"Feature"},{"geometry":{"coordinates":[[[-122.5796,38.21891],[-122.58017,38.21969],[-122.58131,38.2197],[-122.58189,38.21892],[-122.58132,38.21814],[-122.58018,38.21813],[-122.5796,38.21891]]],"type":"Polygon"},"properties":{"bbox":{"roads":{"area":940.68,"pct":3.62}},"city_same":1,"id":"hex:3578:24423"},"type":"Feature"},{"geometry":{"coordinates":[[[-122.57959,38.22047],[-122.58016,38.22126],[-122.5813,38.22126],[-122.58188,38.22048],[-122.58131,38.2197],[-122.58017,38.21969],[-122.57959,38.22047]]],"type":"Polygon"},"properties":{"bbox":{"roads":{"area":1138.48,"pct":4.38}},"city_same":1,"id":"hex:3578:24424"},"type":"Feature"},{"geometry":{"coordinates":[[[-122.57958,38.22203],[-122.58015,38.22282],[-122.58129,38.22282],[-122.58187,38.22204],[-122.5813,38.22126],[-122.58016,38.22126],[-122.57958,38.22203]]],"type":"Polygon"},"properties":{"bbox":{"roads":{"area":990.31,"pct":3.81}},"city_same":1,"id":"hex:3578:24425"},"type":"Feature"},{"geometry":{"coordinates":[[[-122.57957,38.22516],[-122.58013,38.22594],[-122.58127,38.22594],[-122.58185,38.22516],[-122.58128,38.22438],[-122.58014,38.22438],[-122.57957,38.22516]]],"type":"Polygon"},"properties":{"bbox":{"roads":{"area":511.18,"pct":1.97}},"city_same":1,"id":"hex:3578:24427"},"type":"Feature"},{"geometry":{"coordinates":[[[-122.57956,38.22672],[-122.58012,38.2275],[-122.58127,38.2275],[-122.58184,38.22672],[-122.58127,38.22594],[-122.58013,38.22594],[-122.57956,38.22672]]],"type":"Polygon"},"properties":{"bbox":{"roads":{"area":688.24,"pct":2.65}},"city_same":1,"id":"hex:3578:24428"},"type":"Feature"},{"geometry":{"coordinates":[[[-122.57955,38.22828],[-122.58012,38.2275],[-122.58127,38.2275],[-122.58183,38.22829],[-122.58126,38.22906],[-122.58026,38.22906],[-122.58001,38.22892],[-122.57955,38.22828]]],"type":"Polygon"},"properties":{"bbox":{"roads":{"area":1909.88,"pct":7.38}},"city":{"roads":{"area":1800.63,"pct":6.96}},"id":"hex:3578:24429"},"type":"Feature"},{"geometry":{"coordinates":[[[-122.58126,38.22906],[-122.58182,38.22985],[-122.58177,38.22991],[-122.58026,38.22906],[-122.58126,38.22906]]],"type":"Polygon"},"properties":{"bbox":{"roads":{"area":643.12,"pct":14.42}},"city":{"roads":{"area":57.37,"pct":1.29}},"id":"hex:3578:24430"},"type":"Feature"},{"geometry":{"coordinates":[[[-122.5779,38.21656],[-122.57847,38.21735],[-122.57961,38.21735],[-122.58019,38.21657],[-122.57962,38.21579],[-122.57848,38.21579],[-122.5779,38.21656]]],"type":"Polygon"},"properties":{"bbox":{"roads":{"area":482.74,"pct":1.86}},"city_same":1,"id":"hex:3579:24421"},"type":"Feature"},{"geometry":{"coordinates":[[[-122.57789,38.21812],[-122.57846,38.21891],[-122.5796,38.21891],[-122.58018,38.21813],[-122.57961,38.21735],[-122.57847,38.21735],[-122.57789,38.21812]]],"type":"Polygon"},"properties":{"bbox":{"roads":{"area":1341.68,"pct":5.16}},"city_same":1,"id":"hex:3579:24422"},"type":"Feature"},{"geometry":{"coordinates":[[[-122.57788,38.21969],[-122.57845,38.22047],[-122.57959,38.22047],[-122.58017,38.21969],[-122.5796,38.21891],[-122.57846,38.21891],[-122.57788,38.21969]]],"type":"Polygon"},"properties":{"bbox":{"roads":{"area":608.63,"pct":2.34}},"city_same":1,"id":"hex:3579:24423"},"type":"Feature"},{"geometry":{"coordinates":[[[-122.57786,38.22281],[-122.57843,38.22359],[-122.57957,38.22359],[-122.58015,38.22282],[-122.57958,38.22203],[-122.57844,38.22203],[-122.57786,38.22281]]],"type":"Polygon"},"properties":{"bbox":{"roads":{"area":765.63,"pct":2.95}},"city_same":1,"id":"hex:3579:24425"},"type":"Feature"},{"geometry":{"coordinates":[[[-122.57786,38.22437],[-122.57842,38.22515],[-122.57957,38.22516],[-122.58014,38.22438],[-122.57957,38.22359],[-122.57843,38.22359],[-122.57786,38.22437]]],"type":"Polygon"},"properties":{"bbox":{"roads":{"area":1053.05,"pct":4.05}},"city_same":1,"id":"hex:3579:24426"},"type":"Feature"},{"geometry":{"coordinates":[[[-122.57785,38.22593],[-122.57841,38.22671],[-122.57956,38.22672],[-122.58013,38.22594],[-122.57957,38.22516],[-122.57842,38.22515],[-122.57785,38.22593]]],"type":"Polygon"},"properties":{"bbox":{"roads":{"area":1005.31,"pct":3.87}},"city_same":1,"id":"hex:3579:24427"},"type":"Feature"},{"geometry":{"coordinates":[[[-122.57784,38.22749],[-122.57841,38.22671],[-122.57956,38.22672],[-122.58012,38.2275],[-122.57955,38.22828],[-122.57886,38.22827],[-122.57809,38.22784],[-122.57784,38.22749]]],"type":"Polygon"},"properties":{"bbox":{"roads":{"area":1710.39,"pct":6.83}},"city":{"roads":{"area":1426.38,"pct":5.7}},"id":"hex:3579:24428"},"type":"Feature"},{"geometry":{"coordinates":[[[-122.57955,38.22828],[-122.58001,38.22892],[-122.57886,38.22827],[-122.57955,38.22828]]],"type":"Polygon"},"properties":{"bbox":{"roads":{"area":367.4,"pct":17.13}},"id":"hex:3579:24429"},"type":"Feature"},{"geometry":{"coordinates":[[[-122.57619,38.21578],[-122.57676,38.21656],[-122.5779,38.21656],[-122.57848,38.21579],[-122.57791,38.215],[-122.57677,38.215],[-122.57619,38.21578]]],"type":"Polygon"},"properties":{"bbox":{"roads":{"area":453.94,"pct":1.75}},"city_same":1,"id":"hex:3580:24421"},"type":"Feature"},{"geometry":{"coordinates":[[[-122.57618,38.21734],[-122.57675,38.21812],[-122.57789,38.21812],[-122.57847,38.21735],[-122.5779,38.21656],[-122.57676,38.21656],[-122.57618,38.21734]]],"type":"Polygon"},"properties":{"bbox":{"roads":{"area":278.03,"pct":1.07}},"city_same":1,"id":"hex:3580:24422"},"type":"Feature"},{"geometry":{"coordinates":[[[-122.57617,38.2189],[-122.57674,38.21968],[-122.57788,38.21969],[-122.57846,38.21891],[-122.57789,38.21812],[-122.57675,38.21812],[-122.57617,38.2189]]],"type":"Polygon"},"properties":{"bbox":{"roads":{"area":1281.01,"pct":4.93}},"city_same":1,"id":"hex:3580:24423"},"type":"Feature"},{"geometry":{"coordinates":[[[-122.57616,38.22046],[-122.57673,38.22124],[-122.57787,38.22125],[-122.57845,38.22047],[-122.57788,38.21969],[-122.57674,38.21968],[-122.57616,38.22046]]],"type":"Polygon"},"properties":{"bbox":{"roads":{"area":195.28,"pct":0.75}},"city_same":1,"id":"hex:3580:24424"},"type":"Feature"},{"geometry":{"coordinates":[[[-122.57614,38.22514],[-122.5767,38.22593],[-122.57785,38.22593],[-122.57842,38.22515],[-122.57786,38.22437],[-122.57671,38.22436],[-122.57614,38.22514]]],"type":"Polygon"},"properties":{"bbox":{"roads":{"area":1354.86,"pct":5.21}},"city_same":1,"id":"hex:3580:24427"},"type":"Feature"},{"geometry":{"coordinates":[[[-122.57613,38.2267],[-122.5767,38.22593],[-122.57785,38.22593],[-122.57841,38.22671],[-122.57784,38.22749],[-122.57746,38.22749],[-122.57617,38.22676],[-122.57613,38.2267]]],"type":"Polygon"},"properties":{"bbox":{"roads":{"area":665.49,"pct":2.86}},"id":"hex:3580:24428"},"type":"Feature"},{"geometry":{"coordinates":[[[-122.57784,38.22749],[-122.57809,38.22784],[-122.57746,38.22749],[-122.57784,38.22749]]],"type":"Polygon"},"properties":{"bbox":{"roads":{"area":229.99,"pct":35.97}},"id":"hex:3580:24429"},"type":"Feature"},{"geometry":{"coordinates":[[[-122.57448,38.21499],[-122.57505,38.21577],[-122.57619,38.21578],[-122.57677,38.215],[-122.5762,38.21422],[-122.57506,38.21421],[-122.57448,38.21499]]],"type":"Polygon"},"properties":{"bbox":{"roads":{"area":608.49,"pct":2.34}},"city_same":1,"id":"hex:3581:24420"},"type":"Feature"},{"geometry":{"coordinates":[[[-122.57447,38.21655],[-122.57504,38.21733],[-122.57618,38.21734],[-122.57676,38.21656],[-122.57619,38.21578],[-122.57505,38.21577],[-122.57447,38.21655]]],"type":"Polygon"},"properties":{"bbox":{"roads":{"area":67.55,"pct":0.26}},"city_same":1,"id":"hex:3581:24421"},"type":"Feature"},{"geometry":{"coordinates":[[[-122.57446,38.21967],[-122.57502,38.22046],[-122.57616,38.22046],[-122.57674,38.21968],[-122.57617,38.2189],[-122.57503,38.2189],[-122.57446,38.21967]]],"type":"Polygon"},"properties":{"bbox":{"roads":{"area":384.91,"pct":1.48}},"city_same":1,"id":"hex:3581:24423"},"type":"Feature"},{"geometry":{"coordinates":[[[-122.57502,38.22046],[-122.57616,38.22046],[-122.57673,38.22124],[-122.57616,38.22202],[-122.57501,38.22202],[-122.57451,38.22132],[-122.57456,38.22127],[-122.57448,38.22123],[-122.57446,38.22122],[-122.57502,38.22046]]],"type":"Polygon"},"properties":{"bbox":{"roads":{"area":1017.23,"pct":3.92}},"city_same":1,"id":"hex:3581:24424"},"type":"Feature"},{"geometry":{"coordinates":[[[-122.57444,38.2228],[-122.575,38.22358],[-122.57615,38.22358],[-122.57672,38.2228],[-122.57616,38.22202],[-122.57501,38.22202],[-122.57444,38.2228]]],"type":"Polygon"},"properties":{"bbox":{"roads":{"area":139.4,"pct":0.54}},"city_same":1,"id":"hex:3581:24425"},"type":"Feature"},{"geometry":{"coordinates":[[[-122.57443,38.22436],[-122.575,38.22514],[-122.57614,38.22514],[-122.57671,38.22436],[-122.57615,38.22358],[-122.575,38.22358],[-122.57443,38.22436]]],"type":"Polygon"},"properties":{"bbox":{"roads":{"area":964.66,"pct":3.71}},"city_same":1,"id":"hex:3581:24426"},"type":"Feature"},{"geometry":{"coordinates":[[[-122.575,38.22514],[-122.57614,38.22514],[-122.5767,38.22593],[-122.57613,38.2267],[-122.57607,38.2267],[-122.576,38.22667],[-122.57593,38.22663],[-122.57568,38.22649],[-122.57563,38.22646],[-122.57449,38.22582],[-122.575,38.22514]]],"type":"Polygon"},"properties":{"bbox":{"roads":{"area":2457.17,"pct":11.75}},"city":{"roads":{"area":1580.55,"pct":7.56}},"id":"hex:3581:24427"},"type":"Feature"},{"geometry":{"coordinates":[[[-122.57448,38.21499],[-122.57505,38.21577],[-122.57447,38.21655],[-122.57333,38.21655],[-122.57294,38.21601],[-122.57387,38.21499],[-122.57448,38.21499]]],"type":"Polygon"},"properties":{"bbox":{"roads":{"area":637.21,"pct":2.9}},"city_same":1,"id":"hex:3582:24421"},"type":"Feature"},{"geometry":{"coordinates":[[[-122.57276,38.21733],[-122.57332,38.21811],[-122.57446,38.21811],[-122.57504,38.21733],[-122.57447,38.21655],[-122.57333,38.21655],[-122.57276,38.21733]]],"type":"Polygon"},"properties":{"bbox":{"roads":{"area":411.75,"pct":1.58}},"city_same":1,"id":"hex:3582:24422"},"type":"Feature"},{"geometry":{"coordinates":[[[-122.57501,38.22202],[-122.57444,38.2228],[-122.5733,38.22279],[-122.57282,38.22214],[-122.57303,38.22226],[-122.57343,38.22245],[-122.57352,38.22244],[-122.57451,38.22132],[-122.57501,38.22202]]],"type":"Polygon"},"properties":{"bbox":{"roads":{"area":728.15,"pct":5.27}},"city_same":1,"id":"hex:3582:24425"},"type":"Feature"},{"geometry":{"coordinates":[[[-122.57272,38.22357],[-122.57329,38.22435],[-122.57443,38.22436],[-122.575,38.22358],[-122.57444,38.2228],[-122.5733,38.22279],[-122.57272,38.22357]]],"type":"Polygon"},"properties":{"bbox":{"roads":{"area":1174.63,"pct":4.52}},"city_same":1,"id":"hex:3582:24426"},"type":"Feature"},{"geometry":{"coordinates":[[[-122.57329,38.22435],[-122.57443,38.22436],[-122.575,38.22514],[-122.57449,38.22582],[-122.5743,38.22572],[-122.57386,38.22547],[-122.57356,38.2253],[-122.57286,38.22492],[-122.57329,38.22435]]],"type":"Polygon"},"properties":{"bbox":{"roads":{"area":1852.84,"pct":10.15}},"city":{"roads":{"area":961.28,"pct":5.27}},"id":"hex:3582:24427"},"type":"Feature"},{"geometry":{"coordinates":[[[-122.57333,38.21655],[-122.57276,38.21733],[-122.57174,38.21732],[-122.57245,38.21655],[-122.57264,38.21634],[-122.57285,38.21611],[-122.57294,38.21601],[-122.57333,38.21655]]],"type":"Polygon"},"properties":{"bbox":{"roads":{"area":141.92,"pct":1.5}},"city_same":1,"id":"hex:3583:24421"},"type":"Feature"},{"geometry":{"coordinates":[[[-122.57276,38.21733],[-122.57332,38.21811],[-122.57275,38.21889],[-122.5716,38.21888],[-122.57104,38.2181],[-122.57105,38.21808],[-122.57174,38.21732],[-122.57276,38.21733]]],"type":"Polygon"},"properties":{"bbox":{"roads":{"area":595.4,"pct":2.33}},"city_same":1,"id":"hex:3583:24422"},"type":"Feature"},{"geometry":{"coordinates":[[[-122.57158,38.22357],[-122.57272,38.22357],[-122.57329,38.22435],[-122.57286,38.22492],[-122.57264,38.2248],[-122.57234,38.22464],[-122.5718,38.22434],[-122.57123,38.22403],[-122.57158,38.22357]]],"type":"Polygon"},"properties":{"bbox":{"roads":{"area":1646.41,"pct":10.39}},"city":{"roads":{"area":527.82,"pct":3.33}},"id":"hex:3583:24426"},"type":"Feature"},{"geometry":{"coordinates":[[[-122.56989,38.21966],[-122.56978,38.2195],[-122.56991,38.21934],[-122.57008,38.21914],[-122.57103,38.2181],[-122.57104,38.2181],[-122.5716,38.21888],[-122.57125,38.21937],[-122.571,38.21922],[-122.57087,38.21927],[-122.57054,38.21966],[-122.56989,38.21966]]],"type":"Polygon"},"properties":{"bbox":{"roads":{"area":521.81,"pct":3.97}},"city_same":1,"id":"hex:3584:24423"},"type":"Feature"},{"geometry":{"coordinates":[[[-122.57102,38.22122],[-122.56988,38.22122],[-122.56931,38.22044],[-122.56989,38.21966],[-122.57054,38.21966],[-122.56988,38.22044],[-122.57108,38.22113],[-122.57102,38.22122]]],"type":"Polygon"},"properties":{"bbox":{"roads":{"area":477.34,"pct":4.02}},"city_same":1,"id":"hex:3584:24424"},"type":"Feature"},{"geometry":{"coordinates":[[[-122.56987,38.22278],[-122.57101,38.22278],[-122.57158,38.22357],[-122.57123,38.22403],[-122.57033,38.22353],[-122.5702,38.22346],[-122.56967,38.22317],[-122.5696,38.22314],[-122.56987,38.22278]]],"type":"Polygon"},"properties":{"bbox":{"roads":{"area":872.87,"pct":6.5}},"id":"hex:3584:24426"},"type":"Feature"},{"geometry":{"coordinates":[[[-122.56931,38.22044],[-122.56988,38.22122],[-122.5693,38.222],[-122.56816,38.22199],[-122.56799,38.22175],[-122.5682,38.22154],[-122.56906,38.22043],[-122.56931,38.22044]]],"type":"Polygon"},"properties":{"bbox":{"roads":{"area":639.87,"pct":3.76}},"city_same":1,"id":"hex:3585:24424"},"type":"Feature"},{"geometry":{"coordinates":[[[-122.56816,38.22199],[-122.5693,38.222],[-122.56987,38.22278],[-122.5696,38.22314],[-122.56923,38.22293],[-122.56916,38.22289],[-122.56798,38.22224],[-122.56798,38.22224],[-122.56816,38.22199]]],"type":"Polygon"},"properties":{"bbox":{"roads":{"area":898.77,"pct":8.12}},"city":{"roads":{"area":40.82,"pct":0.37}},"id":"hex:3585:24425"},"type":"Feature"},{"geometry":{"coordinates":[[[-122.56816,38.22199],[-122.56798,38.22224],[-122.56793,38.22221],[-122.56776,38.22212],[-122.56767,38.22207],[-122.56799,38.22175],[-122.56816,38.22199]]],"type":"Polygon"},"properties":{"bbox":{"roads":{"area":134.72,"pct":11.72}},"city":{"roads":{"area":0.92,"pct":0.08}},"id":"hex:3586:24425"},"type":"Feature"}],"type":"FeatureCollection","v":2}