{"features":[{"geometry":{"coordinates":[[[-122.22359,37.42094],[-122.22303,37.42016],[-122.22344,37.41961],[-122.22367,37.41958],[-122.22384,37.42094],[-122.22359,37.42094]]],"type":"Polygon"},"properties":{"bbox":{"roads":{"area":665.75,"pct":10.55}},"id":"hex:3791:23912"},"type":"Feature"},{"geometry":{"coordinates":[[[-122.2247,37.42251],[-122.22357,37.4225],[-122.22301,37.42172],[-122.22359,37.42094],[-122.22384,37.42094],[-122.22389,37.42143],[-122.22392,37.42189],[-122.22477,37.42242],[-122.2247,37.42251]]],"type":"Polygon"},"properties":{"bbox":{"roads":{"area":112.91,"pct":0.93}},"id":"hex:3791:23913"},"type":"Feature"},{"geometry":{"coordinates":[[[-122.223,37.42328],[-122.22356,37.42406],[-122.22469,37.42407],[-122.22526,37.42329],[-122.2247,37.42251],[-122.22357,37.4225],[-122.223,37.42328]]],"type":"Polygon"},"properties":{"bbox":{"parking":{"area":61.92,"pct":0.24}},"city_same":1,"id":"hex:3791:23914"},"type":"Feature"},{"geometry":{"coordinates":[[[-122.22303,37.42016],[-122.2219,37.42015],[-122.22167,37.41983],[-122.22344,37.41961],[-122.22303,37.42016]]],"type":"Polygon"},"properties":{"bbox":{"roads":{"area":1092.44,"pct":18.01}},"id":"hex:3792:23912"},"type":"Feature"},{"geometry":{"coordinates":[[[-122.22133,37.42092],[-122.22188,37.42171],[-122.22301,37.42172],[-122.22359,37.42094],[-122.22303,37.42016],[-122.2219,37.42015],[-122.22133,37.42092]]],"type":"Polygon"},"properties":{"bbox":{"roads":{"area":1386.98,"pct":5.34}},"id":"hex:3792:23913"},"type":"Feature"},{"geometry":{"coordinates":[[[-122.22131,37.42249],[-122.22187,37.42327],[-122.223,37.42328],[-122.22357,37.4225],[-122.22301,37.42172],[-122.22188,37.42171],[-122.22131,37.42249]]],"type":"Polygon"},"properties":{"bbox":{"parking":{"area":2478.87,"pct":9.54}},"city_same":1,"id":"hex:3792:23914"},"type":"Feature"},{"geometry":{"coordinates":[[[-122.2213,37.42405],[-122.22185,37.42483],[-122.22298,37.42484],[-122.22356,37.42406],[-122.223,37.42328],[-122.22187,37.42327],[-122.2213,37.42405]]],"type":"Polygon"},"properties":{"bbox":{"parking":{"area":4148.37,"pct":15.97}},"city_same":1,"id":"hex:3792:23915"},"type":"Feature"},{"geometry":{"coordinates":[[[-122.2219,37.42015],[-122.22133,37.42092],[-122.2202,37.42092],[-122.21964,37.42013],[-122.21968,37.42008],[-122.22167,37.41983],[-122.2219,37.42015]]],"type":"Polygon"},"properties":{"bbox":{"parking":{"area":839.44,"pct":4.94}},"city_same":1,"id":"hex:3793:23912"},"type":"Feature"},{"geometry":{"coordinates":[[[-122.21962,37.42169],[-122.22018,37.42248],[-122.22131,37.42249],[-122.22188,37.42171],[-122.22133,37.42092],[-122.2202,37.42092],[-122.21962,37.42169]]],"type":"Polygon"},"properties":{"bbox":{"parking":{"area":1387.7,"pct":5.34}},"city_same":1,"id":"hex:3793:23913"},"type":"Feature"},{"geometry":{"coordinates":[[[-122.21961,37.42326],[-122.22017,37.42404],[-122.2213,37.42405],[-122.22187,37.42327],[-122.22131,37.42249],[-122.22018,37.42248],[-122.21961,37.42326]]],"type":"Polygon"},"properties":{"bbox":{"parking":{"area":5299.93,"pct":20.4}},"city_same":1,"id":"hex:3793:23914"},"type":"Feature"},{"geometry":{"coordinates":[[[-122.21959,37.42482],[-122.22015,37.4256],[-122.22128,37.42561],[-122.22185,37.42483],[-122.2213,37.42405],[-122.22017,37.42404],[-122.21959,37.42482]]],"type":"Polygon"},"properties":{"bbox":{"parking":{"area":4518.11,"pct":17.39}},"city_same":1,"id":"hex:3793:23915"},"type":"Feature"},{"geometry":{"coordinates":[[[-122.21964,37.42013],[-122.2202,37.42092],[-122.21962,37.42169],[-122.21849,37.42169],[-122.21794,37.4209],[-122.21842,37.42025],[-122.21847,37.42024],[-122.21868,37.42021],[-122.21928,37.42013],[-122.21964,37.42013]]],"type":"Polygon"},"properties":{"bbox":{"parking":{"area":407.98,"pct":1.6}},"city_same":1,"id":"hex:3794:23913"},"type":"Feature"},{"geometry":{"coordinates":[[[-122.21792,37.42246],[-122.21848,37.42325],[-122.21961,37.42326],[-122.22018,37.42248],[-122.21962,37.42169],[-122.21849,37.42169],[-122.21792,37.42246]]],"type":"Polygon"},"properties":{"bbox":{"parking":{"area":946.7,"pct":3.64}},"city_same":1,"id":"hex:3794:23914"},"type":"Feature"},{"geometry":{"coordinates":[[[-122.2179,37.42402],[-122.21846,37.42481],[-122.21959,37.42482],[-122.22017,37.42404],[-122.21961,37.42326],[-122.21848,37.42325],[-122.2179,37.42402]]],"type":"Polygon"},"properties":{"bbox":{"parking":{"area":296.17,"pct":1.14}},"city_same":1,"id":"hex:3794:23915"},"type":"Feature"},{"geometry":{"coordinates":[[[-122.21789,37.42559],[-122.21845,37.42637],[-122.21958,37.42638],[-122.22015,37.4256],[-122.21959,37.42482],[-122.21846,37.42481],[-122.21789,37.42559]]],"type":"Polygon"},"properties":{"bbox":{"parking":{"area":306.74,"pct":1.18}},"city_same":1,"id":"hex:3794:23916"},"type":"Feature"},{"geometry":{"coordinates":[[[-122.21794,37.4209],[-122.21681,37.42089],[-122.21645,37.42039],[-122.21647,37.42039],[-122.21674,37.42039],[-122.21691,37.42039],[-122.21709,37.42039],[-122.21735,37.42038],[-122.21818,37.42028],[-122.21832,37.42026],[-122.21842,37.42025],[-122.21794,37.4209]]],"type":"Polygon"},"properties":{"bbox":{"parking":{"area":676.9,"pct":8.23}},"city_same":1,"id":"hex:3795:23912"},"type":"Feature"},{"geometry":{"coordinates":[[[-122.21623,37.42167],[-122.21679,37.42246],[-122.21792,37.42246],[-122.21849,37.42169],[-122.21794,37.4209],[-122.21681,37.42089],[-122.21623,37.42167]]],"type":"Polygon"},"properties":{"bbox":{"parking":{"area":1881.46,"pct":7.24}},"city_same":1,"id":"hex:3795:23913"},"type":"Feature"},{"geometry":{"coordinates":[[[-122.2162,37.42479],[-122.21676,37.42558],[-122.21789,37.42559],[-122.21846,37.42481],[-122.2179,37.42402],[-122.21677,37.42402],[-122.2162,37.42479]]],"type":"Polygon"},"properties":{"bbox":{"parking":{"area":252.43,"pct":0.97},"roads":{"area":647.74,"pct":2.49}},"city_same":1,"id":"hex:3795:23915"},"type":"Feature"},{"geometry":{"coordinates":[[[-122.21619,37.42635],[-122.21674,37.42714],[-122.21787,37.42715],[-122.21845,37.42637],[-122.21789,37.42559],[-122.21676,37.42558],[-122.21619,37.42635]]],"type":"Polygon"},"properties":{"bbox":{"parking":{"area":63.66,"pct":0.25}},"city_same":1,"id":"hex:3795:23916"},"type":"Feature"},{"geometry":{"coordinates":[[[-122.21673,37.4287],[-122.21617,37.42792],[-122.21674,37.42714],[-122.21787,37.42715],[-122.21843,37.42793],[-122.21828,37.42813],[-122.21806,37.42776],[-122.21794,37.4278],[-122.21756,37.42795],[-122.21755,37.42797],[-122.21693,37.4287],[-122.21673,37.4287]]],"type":"Polygon"},"properties":{"bbox":{"sidewalks":{"area":148.73,"pct":0.78}},"city_same":1,"id":"hex:3795:23917"},"type":"Feature"},{"geometry":{"coordinates":[[[-122.21514,37.41854],[-122.21495,37.41828],[-122.21499,37.41829],[-122.2151,37.41832],[-122.2152,37.41834],[-122.21541,37.41839],[-122.21551,37.41841],[-122.21572,37.41845],[-122.21582,37.41847],[-122.21604,37.41851],[-122.21625,37.41854],[-122.21625,37.41855],[-122.21514,37.41854]]],"type":"Polygon"},"properties":{"bbox":{"roads":{"area":825.28,"pct":63.47}},"id":"hex:3796:23911"},"type":"Feature"},{"geometry":{"coordinates":[[[-122.21512,37.4201],[-122.21456,37.41932],[-122.21514,37.41854],[-122.21625,37.41855],[-122.21621,37.42011],[-122.21512,37.4201]]],"type":"Polygon"},"properties":{"bbox":{"parking":{"area":1053.04,"pct":4.96},"roads":{"area":1617.19,"pct":7.62}},"city":{"parking":{"area":1053.04,"pct":4.96},"roads":{"area":824.31,"pct":3.89}},"id":"hex:3796:23912"},"type":"Feature"},{"geometry":{"coordinates":[[[-122.21681,37.42089],[-122.21623,37.42167],[-122.2151,37.42166],[-122.21455,37.42088],[-122.21512,37.4201],[-122.21621,37.42011],[-122.21621,37.42038],[-122.21645,37.42039],[-122.21681,37.42089]]],"type":"Polygon"},"properties":{"bbox":{"parking":{"area":10543.72,"pct":41.18},"roads":{"area":47.33,"pct":0.18}},"city_same":1,"id":"hex:3796:23913"},"type":"Feature"},{"geometry":{"coordinates":[[[-122.21453,37.42244],[-122.21509,37.42323],[-122.21622,37.42323],[-122.21679,37.42246],[-122.21623,37.42167],[-122.2151,37.42166],[-122.21453,37.42244]]],"type":"Polygon"},"properties":{"bbox":{"parking":{"area":5655.62,"pct":21.77},"sidewalks":{"area":147.19,"pct":0.57}},"city_same":1,"id":"hex:3796:23914"},"type":"Feature"},{"geometry":{"coordinates":[[[-122.21451,37.424],[-122.21507,37.42479],[-122.2162,37.42479],[-122.21677,37.42402],[-122.21622,37.42323],[-122.21509,37.42323],[-122.21451,37.424]]],"type":"Polygon"},"properties":{"bbox":{"roads":{"area":296.17,"pct":1.14},"sidewalks":{"area":377.34,"pct":1.45}},"city_same":1,"id":"hex:3796:23915"},"type":"Feature"},{"geometry":{"coordinates":[[[-122.2145,37.42556],[-122.21506,37.42635],[-122.21619,37.42635],[-122.21676,37.42558],[-122.2162,37.42479],[-122.21507,37.42479],[-122.2145,37.42556]]],"type":"Polygon"},"properties":{"bbox":{"parking":{"area":91.07,"pct":0.35},"roads":{"area":923.82,"pct":3.56}},"city_same":1,"id":"hex:3796:23916"},"type":"Feature"},{"geometry":{"coordinates":[[[-122.21448,37.42712],[-122.21504,37.42791],[-122.21617,37.42792],[-122.21674,37.42714],[-122.21619,37.42635],[-122.21506,37.42635],[-122.21448,37.42712]]],"type":"Polygon"},"properties":{"bbox":{"sidewalks":{"area":165.79,"pct":0.64}},"city_same":1,"id":"hex:3796:23917"},"type":"Feature"},{"geometry":{"coordinates":[[[-122.21447,37.42869],[-122.21502,37.42947],[-122.21615,37.42948],[-122.21673,37.4287],[-122.21617,37.42792],[-122.21504,37.42791],[-122.21447,37.42869]]],"type":"Polygon"},"properties":{"bbox":{"sidewalks":{"area":880.94,"pct":3.39}},"city_same":1,"id":"hex:3796:23918"},"type":"Feature"},{"geometry":{"coordinates":[[[-122.21445,37.43025],[-122.21502,37.42947],[-122.21615,37.42948],[-122.21621,37.42956],[-122.21619,37.42958],[-122.21546,37.43047],[-122.215,37.43103],[-122.21445,37.43025]]],"type":"Polygon"},"properties":{"bbox":{"roads":{"area":265.05,"pct":1.91},"sidewalks":{"area":308.81,"pct":2.23}},"city_same":1,"id":"hex:3796:23919"},"type":"Feature"},{"geometry":{"coordinates":[[[-122.21514,37.41854],[-122.21456,37.41932],[-122.21343,37.41931],[-122.21288,37.41853],[-122.21345,37.41775],[-122.21346,37.41775],[-122.21351,37.41777],[-122.21361,37.41782],[-122.2138,37.4179],[-122.21399,37.41797],[-122.21419,37.41804],[-122.21439,37.41811],[-122.21449,37.41814],[-122.21469,37.41821],[-122.21479,37.41824],[-122.21495,37.41828],[-122.21514,37.41854]]],"type":"Polygon"},"properties":{"bbox":{"parking":{"area":438.52,"pct":1.92},"roads":{"area":2969.07,"pct":13.03}},"city":{"parking":{"area":438.52,"pct":1.92},"roads":{"area":312.16,"pct":1.37}},"id":"hex:3797:23911"},"type":"Feature"},{"geometry":{"coordinates":[[[-122.21286,37.42009],[-122.21342,37.42087],[-122.21455,37.42088],[-122.21512,37.4201],[-122.21456,37.41932],[-122.21343,37.41931],[-122.21286,37.42009]]],"type":"Polygon"},"properties":{"bbox":{"parking":{"area":2229.82,"pct":8.58},"roads":{"area":2296.7,"pct":8.84}},"city_same":1,"id":"hex:3797:23912"},"type":"Feature"},{"geometry":{"coordinates":[[[-122.21284,37.42165],[-122.2134,37.42243],[-122.21453,37.42244],[-122.2151,37.42166],[-122.21455,37.42088],[-122.21342,37.42087],[-122.21284,37.42165]]],"type":"Polygon"},"properties":{"bbox":{"parking":{"area":4763.82,"pct":18.34},"roads":{"area":338.94,"pct":1.3}},"city_same":1,"id":"hex:3797:23913"},"type":"Feature"},{"geometry":{"coordinates":[[[-122.21283,37.42321],[-122.21338,37.42399],[-122.21451,37.424],[-122.21509,37.42323],[-122.21453,37.42244],[-122.2134,37.42243],[-122.21283,37.42321]]],"type":"Polygon"},"properties":{"bbox":{"parking":{"area":856.17,"pct":3.3},"roads":{"area":942.03,"pct":3.63},"sidewalks":{"area":932.6,"pct":3.59}},"city_same":1,"id":"hex:3797:23914"},"type":"Feature"},{"geometry":{"coordinates":[[[-122.21281,37.42477],[-122.21337,37.42556],[-122.2145,37.42556],[-122.21507,37.42479],[-122.21451,37.424],[-122.21338,37.42399],[-122.21281,37.42477]]],"type":"Polygon"},"properties":{"bbox":{"roads":{"area":843.53,"pct":3.25}},"city_same":1,"id":"hex:3797:23915"},"type":"Feature"},{"geometry":{"coordinates":[[[-122.21279,37.42633],[-122.21335,37.42712],[-122.21448,37.42712],[-122.21506,37.42635],[-122.2145,37.42556],[-122.21337,37.42556],[-122.21279,37.42633]]],"type":"Polygon"},"properties":{"bbox":{"roads":{"area":33.69,"pct":0.13},"sidewalks":{"area":541.9,"pct":2.09}},"city_same":1,"id":"hex:3797:23916"},"type":"Feature"},{"geometry":{"coordinates":[[[-122.21278,37.42789],[-122.21334,37.42868],[-122.21447,37.42869],[-122.21504,37.42791],[-122.21448,37.42712],[-122.21335,37.42712],[-122.21278,37.42789]]],"type":"Polygon"},"properties":{"bbox":{"sidewalks":{"area":626.85,"pct":2.41}},"city_same":1,"id":"hex:3797:23917"},"type":"Feature"},{"geometry":{"coordinates":[[[-122.21276,37.42945],[-122.21332,37.43024],[-122.21445,37.43025],[-122.21502,37.42947],[-122.21447,37.42869],[-122.21334,37.42868],[-122.21276,37.42945]]],"type":"Polygon"},"properties":{"bbox":{"roads":{"area":880.5,"pct":3.39},"sidewalks":{"area":851.1,"pct":3.28}},"city_same":1,"id":"hex:3797:23918"},"type":"Feature"},{"geometry":{"coordinates":[[[-122.2133,37.4318],[-122.21275,37.43102],[-122.21332,37.43024],[-122.21445,37.43025],[-122.215,37.43103],[-122.21436,37.43181],[-122.2133,37.4318]]],"type":"Polygon"},"properties":{"bbox":{"roads":{"area":218.73,"pct":0.85}},"city_same":1,"id":"hex:3797:23919"},"type":"Feature"},{"geometry":{"coordinates":[[[-122.21345,37.41775],[-122.21288,37.41853],[-122.21175,37.41852],[-122.21119,37.41774],[-122.21175,37.41697],[-122.21183,37.41696],[-122.21207,37.41696],[-122.21219,37.41704],[-122.21227,37.4171],[-122.21244,37.4172],[-122.21261,37.41731],[-122.2127,37.41736],[-122.21287,37.41746],[-122.21296,37.4175],[-122.21314,37.4176],[-122.21323,37.41764],[-122.21342,37.41773],[-122.21344,37.41774],[-122.21345,37.41775]]],"type":"Polygon"},"properties":{"bbox":{"parking":{"area":413.62,"pct":1.84},"roads":{"area":3624.64,"pct":16.12}},"city":{"parking":{"area":413.62,"pct":1.84},"roads":{"area":574.06,"pct":2.55}},"id":"hex:3798:23911"},"type":"Feature"},{"geometry":{"coordinates":[[[-122.21117,37.4193],[-122.21173,37.42008],[-122.21286,37.42009],[-122.21343,37.41931],[-122.21288,37.41853],[-122.21175,37.41852],[-122.21117,37.4193]]],"type":"Polygon"},"properties":{"bbox":{"parking":{"area":949.44,"pct":3.65},"roads":{"area":1044.9,"pct":4.02}},"city_same":1,"id":"hex:3798:23912"},"type":"Feature"},{"geometry":{"coordinates":[[[-122.21116,37.42086],[-122.21171,37.42164],[-122.21284,37.42165],[-122.21342,37.42087],[-122.21286,37.42009],[-122.21173,37.42008],[-122.21116,37.42086]]],"type":"Polygon"},"properties":{"bbox":{"parking":{"area":5322.43,"pct":20.49},"roads":{"area":4006.3,"pct":15.42}},"city_same":1,"id":"hex:3798:23913"},"type":"Feature"},{"geometry":{"coordinates":[[[-122.21114,37.42242],[-122.2117,37.4232],[-122.21283,37.42321],[-122.2134,37.42243],[-122.21284,37.42165],[-122.21171,37.42164],[-122.21114,37.42242]]],"type":"Polygon"},"properties":{"bbox":{"parking":{"area":1868.95,"pct":7.19},"roads":{"area":2157.63,"pct":8.3},"sidewalks":{"area":752.2,"pct":2.9}},"city_same":1,"id":"hex:3798:23914"},"type":"Feature"},{"geometry":{"coordinates":[[[-122.21112,37.42398],[-122.21168,37.42476],[-122.21281,37.42477],[-122.21338,37.42399],[-122.21283,37.42321],[-122.2117,37.4232],[-122.21112,37.42398]]],"type":"Polygon"},"properties":{"bbox":{"roads":{"area":1406.95,"pct":5.42},"sidewalks":{"area":351.79,"pct":1.35}},"city_same":1,"id":"hex:3798:23915"},"type":"Feature"},{"geometry":{"coordinates":[[[-122.21111,37.42554],[-122.21166,37.42632],[-122.21279,37.42633],[-122.21337,37.42556],[-122.21281,37.42477],[-122.21168,37.42476],[-122.21111,37.42554]]],"type":"Polygon"},"properties":{"bbox":{"roads":{"area":2466,"pct":9.49},"sidewalks":{"area":681.54,"pct":2.62}},"city_same":1,"id":"hex:3798:23916"},"type":"Feature"},{"geometry":{"coordinates":[[[-122.21109,37.4271],[-122.21165,37.42789],[-122.21278,37.42789],[-122.21335,37.42712],[-122.21279,37.42633],[-122.21166,37.42632],[-122.21109,37.4271]]],"type":"Polygon"},"properties":{"bbox":{"parking":{"area":223.84,"pct":0.86},"roads":{"area":2036.45,"pct":7.84}},"city_same":1,"id":"hex:3798:23917"},"type":"Feature"},{"geometry":{"coordinates":[[[-122.21108,37.42866],[-122.21163,37.42945],[-122.21276,37.42945],[-122.21334,37.42868],[-122.21278,37.42789],[-122.21165,37.42789],[-122.21108,37.42866]]],"type":"Polygon"},"properties":{"bbox":{"roads":{"area":1862.98,"pct":7.17},"sidewalks":{"area":723.23,"pct":2.78}},"city_same":1,"id":"hex:3798:23918"},"type":"Feature"},{"geometry":{"coordinates":[[[-122.21106,37.43022],[-122.21162,37.43101],[-122.21275,37.43102],[-122.21332,37.43024],[-122.21276,37.42945],[-122.21163,37.42945],[-122.21106,37.43022]]],"type":"Polygon"},"properties":{"bbox":{"parking":{"area":107.82,"pct":0.41},"roads":{"area":2887.33,"pct":11.11},"sidewalks":{"area":649.54,"pct":2.5}},"city_same":1,"id":"hex:3798:23919"},"type":"Feature"},{"geometry":{"coordinates":[[[-122.21104,37.43178],[-122.2116,37.43257],[-122.21273,37.43258],[-122.2133,37.4318],[-122.21275,37.43102],[-122.21162,37.43101],[-122.21104,37.43178]]],"type":"Polygon"},"properties":{"bbox":{"parking":{"area":46.55,"pct":0.18},"roads":{"area":2163.1,"pct":8.33}},"city_same":1,"id":"hex:3798:23920"},"type":"Feature"},{"geometry":{"coordinates":[[[-122.21119,37.41774],[-122.21006,37.41773],[-122.20971,37.41723],[-122.21146,37.41702],[-122.21175,37.41697],[-122.21119,37.41774]]],"type":"Polygon"},"properties":{"bbox":{"parking":{"area":4070.41,"pct":42.38},"roads":{"area":971.53,"pct":10.11}},"city_same":1,"id":"hex:3799:23910"},"type":"Feature"},{"geometry":{"coordinates":[[[-122.20949,37.4185],[-122.21004,37.41929],[-122.21117,37.4193],[-122.21175,37.41852],[-122.21119,37.41774],[-122.21006,37.41773],[-122.20949,37.4185]]],"type":"Polygon"},"properties":{"bbox":{"parking":{"area":7829.14,"pct":30.13},"roads":{"area":2760.81,"pct":10.63}},"city_same":1,"id":"hex:3799:23911"},"type":"Feature"},{"geometry":{"coordinates":[[[-122.20947,37.42007],[-122.21003,37.42085],[-122.21116,37.42086],[-122.21173,37.42008],[-122.21117,37.4193],[-122.21004,37.41929],[-122.20947,37.42007]]],"type":"Polygon"},"properties":{"bbox":{"parking":{"area":6072.79,"pct":23.37},"roads":{"area":7498.54,"pct":28.86}},"city_same":1,"id":"hex:3799:23912"},"type":"Feature"},{"geometry":{"coordinates":[[[-122.20945,37.42163],[-122.21001,37.42241],[-122.21114,37.42242],[-122.21171,37.42164],[-122.21116,37.42086],[-122.21003,37.42085],[-122.20945,37.42163]]],"type":"Polygon"},"properties":{"bbox":{"parking":{"area":8945.63,"pct":34.43},"roads":{"area":2402.24,"pct":9.25}},"city_same":1,"id":"hex:3799:23913"},"type":"Feature"},{"geometry":{"coordinates":[[[-122.20944,37.42319],[-122.20999,37.42397],[-122.21112,37.42398],[-122.2117,37.4232],[-122.21114,37.42242],[-122.21001,37.42241],[-122.20944,37.42319]]],"type":"Polygon"},"properties":{"bbox":{"roads":{"area":1986.79,"pct":7.65},"sidewalks":{"area":400.97,"pct":1.54}},"city_same":1,"id":"hex:3799:23914"},"type":"Feature"},{"geometry":{"coordinates":[[[-122.20942,37.42475],[-122.20998,37.42553],[-122.21111,37.42554],[-122.21168,37.42476],[-122.21112,37.42398],[-122.20999,37.42397],[-122.20942,37.42475]]],"type":"Polygon"},"properties":{"bbox":{"parking":{"area":48.09,"pct":0.19},"roads":{"area":3518.69,"pct":13.54},"sidewalks":{"area":615.07,"pct":2.37}},"city_same":1,"id":"hex:3799:23915"},"type":"Feature"},{"geometry":{"coordinates":[[[-122.2094,37.42631],[-122.20996,37.42709],[-122.21109,37.4271],[-122.21166,37.42632],[-122.21111,37.42554],[-122.20998,37.42553],[-122.2094,37.42631]]],"type":"Polygon"},"properties":{"bbox":{"parking":{"area":840.22,"pct":3.23},"roads":{"area":2900.44,"pct":11.16},"sidewalks":{"area":30.94,"pct":0.12}},"city_same":1,"id":"hex:3799:23916"},"type":"Feature"},{"geometry":{"coordinates":[[[-122.20939,37.42787],[-122.20994,37.42866],[-122.21108,37.42866],[-122.21165,37.42789],[-122.21109,37.4271],[-122.20996,37.42709],[-122.20939,37.42787]]],"type":"Polygon"},"properties":{"bbox":{"roads":{"area":1466.65,"pct":5.65},"sidewalks":{"area":527.75,"pct":2.03}},"city_same":1,"id":"hex:3799:23917"},"type":"Feature"},{"geometry":{"coordinates":[[[-122.20937,37.42943],[-122.20993,37.43022],[-122.21106,37.43022],[-122.21163,37.42945],[-122.21108,37.42866],[-122.20994,37.42866],[-122.20937,37.42943]]],"type":"Polygon"},"properties":{"bbox":{"roads":{"area":2468.57,"pct":9.5},"sidewalks":{"area":921.58,"pct":3.55}},"city_same":1,"id":"hex:3799:23918"},"type":"Feature"},{"geometry":{"coordinates":[[[-122.20936,37.43099],[-122.20991,37.43178],[-122.21104,37.43178],[-122.21162,37.43101],[-122.21106,37.43022],[-122.20993,37.43022],[-122.20936,37.43099]]],"type":"Polygon"},"properties":{"bbox":{"roads":{"area":2500.39,"pct":9.62},"sidewalks":{"area":141.69,"pct":0.55}},"city_same":1,"id":"hex:3799:23919"},"type":"Feature"},{"geometry":{"coordinates":[[[-122.20991,37.43178],[-122.21104,37.43178],[-122.2116,37.43257],[-122.21131,37.43296],[-122.21124,37.43295],[-122.21013,37.43273],[-122.2094,37.43247],[-122.20991,37.43178]]],"type":"Polygon"},"properties":{"bbox":{"roads":{"area":704.11,"pct":4.11}},"city_same":1,"id":"hex:3799:23920"},"type":"Feature"},{"geometry":{"coordinates":[[[-122.21006,37.41773],[-122.20949,37.4185],[-122.20862,37.4185],[-122.2089,37.41767],[-122.20901,37.41732],[-122.20971,37.41723],[-122.21006,37.41773]]],"type":"Polygon"},"properties":{"bbox":{"parking":{"area":5287.93,"pct":44.02},"roads":{"area":1432.47,"pct":11.92}},"city_same":1,"id":"hex:3800:23911"},"type":"Feature"},{"geometry":{"coordinates":[[[-122.20949,37.4185],[-122.21004,37.41929],[-122.20947,37.42007],[-122.20834,37.42006],[-122.20817,37.41982],[-122.20862,37.4185],[-122.20949,37.4185]]],"type":"Polygon"},"properties":{"bbox":{"parking":{"area":2689.32,"pct":12.67},"roads":{"area":1056.7,"pct":4.98}},"city_same":1,"id":"hex:3800:23912"},"type":"Feature"},{"geometry":{"coordinates":[[[-122.20777,37.42083],[-122.20832,37.42162],[-122.20945,37.42163],[-122.21003,37.42085],[-122.20947,37.42007],[-122.20834,37.42006],[-122.20777,37.42083]]],"type":"Polygon"},"properties":{"bbox":{"parking":{"area":4021.42,"pct":15.48},"roads":{"area":4104.85,"pct":15.8}},"city_same":1,"id":"hex:3800:23913"},"type":"Feature"},{"geometry":{"coordinates":[[[-122.20775,37.4224],[-122.20831,37.42318],[-122.20944,37.42319],[-122.21001,37.42241],[-122.20945,37.42163],[-122.20832,37.42162],[-122.20775,37.4224]]],"type":"Polygon"},"properties":{"bbox":{"parking":{"area":2001.56,"pct":7.7},"roads":{"area":2306.93,"pct":8.88},"sidewalks":{"area":504.87,"pct":1.94}},"city_same":1,"id":"hex:3800:23914"},"type":"Feature"},{"geometry":{"coordinates":[[[-122.20773,37.42396],[-122.20829,37.42474],[-122.20942,37.42475],[-122.20999,37.42397],[-122.20944,37.42319],[-122.20831,37.42318],[-122.20773,37.42396]]],"type":"Polygon"},"properties":{"bbox":{"parking":{"area":446.5,"pct":1.72},"roads":{"area":3782.29,"pct":14.56},"sidewalks":{"area":751.83,"pct":2.89}},"city_same":1,"id":"hex:3800:23915"},"type":"Feature"},{"geometry":{"coordinates":[[[-122.20772,37.42552],[-122.20827,37.4263],[-122.2094,37.42631],[-122.20998,37.42553],[-122.20942,37.42475],[-122.20829,37.42474],[-122.20772,37.42552]]],"type":"Polygon"},"properties":{"bbox":{"parking":{"area":68.45,"pct":0.26},"roads":{"area":2435.41,"pct":9.37},"sidewalks":{"area":313.47,"pct":1.21}},"city_same":1,"id":"hex:3800:23916"},"type":"Feature"},{"geometry":{"coordinates":[[[-122.2077,37.42708],[-122.20826,37.42786],[-122.20939,37.42787],[-122.20996,37.42709],[-122.2094,37.42631],[-122.20827,37.4263],[-122.2077,37.42708]]],"type":"Polygon"},"properties":{"bbox":{"roads":{"area":1698.82,"pct":6.54},"sidewalks":{"area":517.8,"pct":1.99}},"city_same":1,"id":"hex:3800:23917"},"type":"Feature"},{"geometry":{"coordinates":[[[-122.20768,37.42864],[-122.20824,37.42942],[-122.20937,37.42943],[-122.20994,37.42866],[-122.20939,37.42787],[-122.20826,37.42786],[-122.20768,37.42864]]],"type":"Polygon"},"properties":{"bbox":{"roads":{"area":2828.86,"pct":10.89},"sidewalks":{"area":1016.7,"pct":3.91}},"city_same":1,"id":"hex:3800:23918"},"type":"Feature"},{"geometry":{"coordinates":[[[-122.20767,37.4302],[-122.20822,37.43099],[-122.20936,37.43099],[-122.20993,37.43022],[-122.20937,37.42943],[-122.20824,37.42942],[-122.20767,37.4302]]],"type":"Polygon"},"properties":{"bbox":{"roads":{"area":2802.89,"pct":10.79},"sidewalks":{"area":783.28,"pct":3.01}},"city_same":1,"id":"hex:3800:23919"},"type":"Feature"},{"geometry":{"coordinates":[[[-122.20765,37.43176],[-122.20822,37.43099],[-122.20936,37.43099],[-122.20991,37.43178],[-122.2094,37.43247],[-122.2091,37.43236],[-122.20857,37.43228],[-122.20815,37.43214],[-122.20795,37.43216],[-122.20794,37.43217],[-122.20765,37.43176]]],"type":"Polygon"},"properties":{"bbox":{"roads":{"area":1243.9,"pct":5.49}},"city_same":1,"id":"hex:3800:23920"},"type":"Feature"},{"geometry":{"coordinates":[[[-122.20834,37.42006],[-122.20777,37.42083],[-122.20676,37.42083],[-122.20709,37.42077],[-122.20789,37.42055],[-122.20793,37.42054],[-122.20817,37.41982],[-122.20834,37.42006]]],"type":"Polygon"},"properties":{"bbox":{"roads":{"area":380.71,"pct":15.85}},"city_same":1,"id":"hex:3801:23912"},"type":"Feature"},{"geometry":{"coordinates":[[[-122.20777,37.42083],[-122.20832,37.42162],[-122.20775,37.4224],[-122.20662,37.42239],[-122.20606,37.4216],[-122.20662,37.42085],[-122.20676,37.42083],[-122.20777,37.42083]]],"type":"Polygon"},"properties":{"bbox":{"parking":{"area":3393.13,"pct":13.07},"roads":{"area":3950.82,"pct":15.22},"sidewalks":{"area":477.95,"pct":1.84}},"city_same":1,"id":"hex:3801:23913"},"type":"Feature"},{"geometry":{"coordinates":[[[-122.20605,37.42316],[-122.2066,37.42395],[-122.20773,37.42396],[-122.20831,37.42318],[-122.20775,37.4224],[-122.20662,37.42239],[-122.20605,37.42316]]],"type":"Polygon"},"properties":{"bbox":{"roads":{"area":3248.5,"pct":12.5},"sidewalks":{"area":1162.55,"pct":4.47}},"city_same":1,"id":"hex:3801:23914"},"type":"Feature"},{"geometry":{"coordinates":[[[-122.20603,37.42473],[-122.20659,37.42551],[-122.20772,37.42552],[-122.20829,37.42474],[-122.20773,37.42396],[-122.2066,37.42395],[-122.20603,37.42473]]],"type":"Polygon"},"properties":{"bbox":{"roads":{"area":3817.36,"pct":14.69},"sidewalks":{"area":700.28,"pct":2.7}},"city_same":1,"id":"hex:3801:23915"},"type":"Feature"},{"geometry":{"coordinates":[[[-122.20601,37.42629],[-122.20657,37.42707],[-122.2077,37.42708],[-122.20827,37.4263],[-122.20772,37.42552],[-122.20659,37.42551],[-122.20601,37.42629]]],"type":"Polygon"},"properties":{"bbox":{"roads":{"area":2638.23,"pct":10.15},"sidewalks":{"area":799.74,"pct":3.08}},"city_same":1,"id":"hex:3801:23916"},"type":"Feature"},{"geometry":{"coordinates":[[[-122.206,37.42785],[-122.20655,37.42863],[-122.20768,37.42864],[-122.20826,37.42786],[-122.2077,37.42708],[-122.20657,37.42707],[-122.206,37.42785]]],"type":"Polygon"},"properties":{"bbox":{"parking":{"area":226.66,"pct":0.87},"roads":{"area":2301,"pct":8.86},"sidewalks":{"area":601.32,"pct":2.31}},"city_same":1,"id":"hex:3801:23917"},"type":"Feature"},{"geometry":{"coordinates":[[[-122.20598,37.42941],[-122.20654,37.43019],[-122.20767,37.4302],[-122.20824,37.42942],[-122.20768,37.42864],[-122.20655,37.42863],[-122.20598,37.42941]]],"type":"Polygon"},"properties":{"bbox":{"roads":{"area":2835.02,"pct":10.91},"sidewalks":{"area":622.55,"pct":2.4}},"city_same":1,"id":"hex:3801:23918"},"type":"Feature"},{"geometry":{"coordinates":[[[-122.20654,37.43019],[-122.20767,37.4302],[-122.20822,37.43099],[-122.20765,37.43176],[-122.20761,37.43176],[-122.20797,37.43132],[-122.20768,37.43117],[-122.20754,37.43109],[-122.20635,37.43045],[-122.20654,37.43019]]],"type":"Polygon"},"properties":{"bbox":{"roads":{"area":917.19,"pct":8.25},"sidewalks":{"area":15.44,"pct":0.14}},"city_same":1,"id":"hex:3801:23919"},"type":"Feature"},{"geometry":{"coordinates":[[[-122.20765,37.43176],[-122.20794,37.43217],[-122.20774,37.43241],[-122.20738,37.43221],[-122.20728,37.43217],[-122.20761,37.43176],[-122.20765,37.43176]]],"type":"Polygon"},"properties":{"bbox":{"roads":{"area":267.54,"pct":12.4},"sidewalks":{"area":3.61,"pct":0.17}},"city_same":1,"id":"hex:3801:23920"},"type":"Feature"},{"geometry":{"coordinates":[[[-122.20606,37.4216],[-122.20493,37.4216],[-122.20456,37.42107],[-122.20486,37.42103],[-122.20521,37.42101],[-122.20557,37.42093],[-122.20587,37.42095],[-122.20641,37.42089],[-122.20662,37.42085],[-122.20606,37.4216]]],"type":"Polygon"},"properties":{"bbox":{"parking":{"area":72.49,"pct":0.74},"roads":{"area":2546.12,"pct":25.89},"sidewalks":{"area":3.62,"pct":0.04}},"city_same":1,"id":"hex:3802:23913"},"type":"Feature"},{"geometry":{"coordinates":[[[-122.20436,37.42237],[-122.20492,37.42316],[-122.20605,37.42316],[-122.20662,37.42239],[-122.20606,37.4216],[-122.20493,37.4216],[-122.20436,37.42237]]],"type":"Polygon"},"properties":{"bbox":{"parking":{"area":6027.57,"pct":23.2},"roads":{"area":2972.55,"pct":11.44},"sidewalks":{"area":85.47,"pct":0.33}},"city_same":1,"id":"hex:3802:23914"},"type":"Feature"},{"geometry":{"coordinates":[[[-122.20434,37.42393],[-122.2049,37.42472],[-122.20603,37.42473],[-122.2066,37.42395],[-122.20605,37.42316],[-122.20492,37.42316],[-122.20434,37.42393]]],"type":"Polygon"},"properties":{"bbox":{"parking":{"area":3149.35,"pct":12.12},"roads":{"area":3304.63,"pct":12.72},"sidewalks":{"area":311.41,"pct":1.2}},"city_same":1,"id":"hex:3802:23915"},"type":"Feature"},{"geometry":{"coordinates":[[[-122.20433,37.4255],[-122.20488,37.42628],[-122.20601,37.42629],[-122.20659,37.42551],[-122.20603,37.42473],[-122.2049,37.42472],[-122.20433,37.4255]]],"type":"Polygon"},"properties":{"bbox":{"roads":{"area":2915.64,"pct":11.22},"sidewalks":{"area":1006,"pct":3.87}},"city_same":1,"id":"hex:3802:23916"},"type":"Feature"},{"geometry":{"coordinates":[[[-122.20431,37.42706],[-122.20487,37.42784],[-122.206,37.42785],[-122.20657,37.42707],[-122.20601,37.42629],[-122.20488,37.42628],[-122.20431,37.42706]]],"type":"Polygon"},"properties":{"bbox":{"parking":{"area":1174.32,"pct":4.52},"roads":{"area":3724.71,"pct":14.34},"sidewalks":{"area":1127.8,"pct":4.34}},"city_same":1,"id":"hex:3802:23917"},"type":"Feature"},{"geometry":{"coordinates":[[[-122.20429,37.42862],[-122.20485,37.4294],[-122.20598,37.42941],[-122.20655,37.42863],[-122.206,37.42785],[-122.20487,37.42784],[-122.20429,37.42862]]],"type":"Polygon"},"properties":{"bbox":{"parking":{"area":4231.05,"pct":16.29},"roads":{"area":4160.96,"pct":16.02},"sidewalks":{"area":712.9,"pct":2.74}},"city_same":1,"id":"hex:3802:23918"},"type":"Feature"},{"geometry":{"coordinates":[[[-122.20485,37.4294],[-122.20598,37.42941],[-122.20654,37.43019],[-122.20635,37.43045],[-122.20525,37.42987],[-122.20522,37.42984],[-122.20495,37.42996],[-122.20465,37.43009],[-122.20431,37.43015],[-122.2043,37.43015],[-122.20485,37.4294]]],"type":"Polygon"},"properties":{"bbox":{"roads":{"area":1135.88,"pct":9.93},"sidewalks":{"area":205.85,"pct":1.8}},"city_same":1,"id":"hex:3802:23919"},"type":"Feature"},{"geometry":{"coordinates":[[[-122.20493,37.4216],[-122.20436,37.42237],[-122.20323,37.42237],[-122.20267,37.42158],[-122.20289,37.42129],[-122.2033,37.42125],[-122.20417,37.42113],[-122.20422,37.42112],[-122.20456,37.42107],[-122.20493,37.4216]]],"type":"Polygon"},"properties":{"bbox":{"parking":{"area":2649.34,"pct":12.7},"roads":{"area":4026.9,"pct":19.31}},"city_same":1,"id":"hex:3803:23913"},"type":"Feature"},{"geometry":{"coordinates":[[[-122.20266,37.42314],[-122.20321,37.42393],[-122.20434,37.42393],[-122.20492,37.42316],[-122.20436,37.42237],[-122.20323,37.42237],[-122.20266,37.42314]]],"type":"Polygon"},"properties":{"bbox":{"parking":{"area":991.12,"pct":3.81},"roads":{"area":1421.87,"pct":5.47}},"city_same":1,"id":"hex:3803:23914"},"type":"Feature"},{"geometry":{"coordinates":[[[-122.20264,37.4247],[-122.2032,37.42549],[-122.20433,37.4255],[-122.2049,37.42472],[-122.20434,37.42393],[-122.20321,37.42393],[-122.20264,37.4247]]],"type":"Polygon"},"properties":{"bbox":{"parking":{"area":7.43,"pct":0.03},"roads":{"area":3876.63,"pct":14.92},"sidewalks":{"area":805.6,"pct":3.1}},"city_same":1,"id":"hex:3803:23915"},"type":"Feature"},{"geometry":{"coordinates":[[[-122.20262,37.42626],[-122.20318,37.42705],[-122.20431,37.42706],[-122.20488,37.42628],[-122.20433,37.4255],[-122.2032,37.42549],[-122.20262,37.42626]]],"type":"Polygon"},"properties":{"bbox":{"roads":{"area":2452.08,"pct":9.44},"sidewalks":{"area":882.82,"pct":3.4}},"city_same":1,"id":"hex:3803:23916"},"type":"Feature"},{"geometry":{"coordinates":[[[-122.20261,37.42783],[-122.20316,37.42861],[-122.20429,37.42862],[-122.20487,37.42784],[-122.20431,37.42706],[-122.20318,37.42705],[-122.20261,37.42783]]],"type":"Polygon"},"properties":{"bbox":{"roads":{"area":2139.99,"pct":8.24},"sidewalks":{"area":299.33,"pct":1.15}},"city_same":1,"id":"hex:3803:23917"},"type":"Feature"},{"geometry":{"coordinates":[[[-122.20259,37.42939],[-122.20316,37.42861],[-122.20429,37.42862],[-122.20485,37.4294],[-122.2043,37.43015],[-122.20406,37.43018],[-122.2035,37.43017],[-122.20317,37.43],[-122.20316,37.42999],[-122.20315,37.42999],[-122.20302,37.42999],[-122.20259,37.42939]]],"type":"Polygon"},"properties":{"bbox":{"parking":{"area":679.97,"pct":2.66},"roads":{"area":2019.24,"pct":7.91},"sidewalks":{"area":495.75,"pct":1.94}},"city_same":1,"id":"hex:3803:23918"},"type":"Feature"},{"geometry":{"coordinates":[[[-122.20267,37.42158],[-122.20154,37.42157],[-122.20136,37.42132],[-122.20137,37.42132],[-122.20147,37.4213],[-122.20157,37.4213],[-122.20166,37.42129],[-122.20172,37.42129],[-122.20179,37.4213],[-122.20185,37.4213],[-122.20236,37.42134],[-122.20289,37.42129],[-122.20267,37.42158]]],"type":"Polygon"},"properties":{"bbox":{"roads":{"area":1122.39,"pct":32.72}},"city_same":1,"id":"hex:3804:23913"},"type":"Feature"},{"geometry":{"coordinates":[[[-122.20097,37.42235],[-122.20153,37.42313],[-122.20266,37.42314],[-122.20323,37.42237],[-122.20267,37.42158],[-122.20154,37.42157],[-122.20097,37.42235]]],"type":"Polygon"},"properties":{"bbox":{"parking":{"area":2749.11,"pct":10.58},"roads":{"area":1630.17,"pct":6.27}},"city_same":1,"id":"hex:3804:23914"},"type":"Feature"},{"geometry":{"coordinates":[[[-122.20095,37.42391],[-122.20151,37.4247],[-122.20264,37.4247],[-122.20321,37.42393],[-122.20266,37.42314],[-122.20153,37.42313],[-122.20095,37.42391]]],"type":"Polygon"},"properties":{"bbox":{"parking":{"area":1734.6,"pct":6.68},"roads":{"area":4760.52,"pct":18.32},"sidewalks":{"area":961.55,"pct":3.7}},"city_same":1,"id":"hex:3804:23915"},"type":"Feature"},{"geometry":{"coordinates":[[[-122.20094,37.42547],[-122.20149,37.42626],[-122.20262,37.42626],[-122.2032,37.42549],[-122.20264,37.4247],[-122.20151,37.4247],[-122.20094,37.42547]]],"type":"Polygon"},"properties":{"bbox":{"roads":{"area":3700.74,"pct":14.24},"sidewalks":{"area":1332.41,"pct":5.13}},"city_same":1,"id":"hex:3804:23916"},"type":"Feature"},{"geometry":{"coordinates":[[[-122.20092,37.42703],[-122.20148,37.42782],[-122.20261,37.42783],[-122.20318,37.42705],[-122.20262,37.42626],[-122.20149,37.42626],[-122.20092,37.42703]]],"type":"Polygon"},"properties":{"bbox":{"roads":{"area":630.29,"pct":2.43},"sidewalks":{"area":137.48,"pct":0.53}},"city_same":1,"id":"hex:3804:23917"},"type":"Feature"},{"geometry":{"coordinates":[[[-122.2009,37.42859],[-122.20146,37.42938],[-122.20259,37.42939],[-122.20316,37.42861],[-122.20261,37.42783],[-122.20148,37.42782],[-122.2009,37.42859]]],"type":"Polygon"},"properties":{"bbox":{"parking":{"area":821.38,"pct":3.16},"roads":{"area":1028.55,"pct":3.96},"sidewalks":{"area":272.27,"pct":1.05}},"city_same":1,"id":"hex:3804:23918"},"type":"Feature"},{"geometry":{"coordinates":[[[-122.20146,37.42938],[-122.20259,37.42939],[-122.20302,37.42999],[-122.20301,37.43],[-122.20295,37.4301],[-122.20265,37.43045],[-122.20225,37.43024],[-122.20244,37.43001],[-122.20215,37.42985],[-122.20196,37.43008],[-122.20184,37.43002],[-122.20123,37.4297],[-122.20146,37.42938]]],"type":"Polygon"},"properties":{"bbox":{"parking":{"area":278.98,"pct":2.75},"roads":{"area":1755.2,"pct":17.32},"sidewalks":{"area":233.28,"pct":2.3}},"city_same":1,"id":"hex:3804:23919"},"type":"Feature"},{"geometry":{"coordinates":[[[-122.20136,37.43875],[-122.2008,37.43796],[-122.20103,37.43766],[-122.20218,37.43827],[-122.20228,37.43832],[-122.20218,37.43844],[-122.20205,37.43859],[-122.20198,37.43867],[-122.20192,37.43875],[-122.20136,37.43875]]],"type":"Polygon"},"properties":{"bbox":{"roads":{"area":1308.94,"pct":15.5}},"city_same":1,"id":"hex:3804:23924"},"type":"Feature"},{"geometry":{"coordinates":[[[-122.20079,37.43952],[-122.20136,37.43875],[-122.20192,37.43875],[-122.20178,37.43891],[-122.20187,37.43895],[-122.20107,37.43991],[-122.20079,37.43952]]],"type":"Polygon"},"properties":{"bbox":{"roads":{"area":1530.27,"pct":26.26}},"city_same":1,"id":"hex:3804:23925"},"type":"Feature"},{"geometry":{"coordinates":[[[-122.20154,37.42157],[-122.20097,37.42235],[-122.19984,37.42234],[-122.19942,37.42175],[-122.19948,37.42173],[-122.19963,37.4217],[-122.19992,37.42164],[-122.2003,37.42153],[-122.20125,37.42134],[-122.20131,37.42132],[-122.20136,37.42132],[-122.20154,37.42157]]],"type":"Polygon"},"properties":{"bbox":{"roads":{"area":2614.45,"pct":18.85}},"city_same":1,"id":"hex:3805:23913"},"type":"Feature"},{"geometry":{"coordinates":[[[-122.19927,37.42312],[-122.19982,37.4239],[-122.20095,37.42391],[-122.20153,37.42313],[-122.20097,37.42235],[-122.19984,37.42234],[-122.19927,37.42312]]],"type":"Polygon"},"properties":{"bbox":{"parking":{"area":3796.52,"pct":14.61},"roads":{"area":4195.62,"pct":16.15},"sidewalks":{"area":549.98,"pct":2.12}},"city_same":1,"id":"hex:3805:23914"},"type":"Feature"},{"geometry":{"coordinates":[[[-122.19925,37.42468],[-122.19981,37.42546],[-122.20094,37.42547],[-122.20151,37.4247],[-122.20095,37.42391],[-122.19982,37.4239],[-122.19925,37.42468]]],"type":"Polygon"},"properties":{"bbox":{"parking":{"area":227.84,"pct":0.88},"roads":{"area":1966.4,"pct":7.57},"sidewalks":{"area":655.5,"pct":2.52}},"city_same":1,"id":"hex:3805:23915"},"type":"Feature"},{"geometry":{"coordinates":[[[-122.19923,37.42624],[-122.19979,37.42703],[-122.20092,37.42703],[-122.20149,37.42626],[-122.20094,37.42547],[-122.19981,37.42546],[-122.19923,37.42624]]],"type":"Polygon"},"properties":{"bbox":{"parking":{"area":2120.02,"pct":8.16},"roads":{"area":2616.07,"pct":10.07},"sidewalks":{"area":883.25,"pct":3.4}},"city_same":1,"id":"hex:3805:23916"},"type":"Feature"},{"geometry":{"coordinates":[[[-122.19922,37.4278],[-122.19977,37.42859],[-122.2009,37.42859],[-122.20148,37.42782],[-122.20092,37.42703],[-122.19979,37.42703],[-122.19922,37.4278]]],"type":"Polygon"},"properties":{"bbox":{"parking":{"area":2216.79,"pct":8.53},"roads":{"area":3738.26,"pct":14.39},"sidewalks":{"area":830.66,"pct":3.2}},"city_same":1,"id":"hex:3805:23917"},"type":"Feature"},{"geometry":{"coordinates":[[[-122.19976,37.43015],[-122.1992,37.42936],[-122.19977,37.42859],[-122.2009,37.42859],[-122.20146,37.42938],[-122.20123,37.4297],[-122.2006,37.42936],[-122.19995,37.43015],[-122.19976,37.43015]]],"type":"Polygon"},"properties":{"bbox":{"parking":{"area":94.61,"pct":0.46},"roads":{"area":2865.31,"pct":14.07},"sidewalks":{"area":410.27,"pct":2.01}},"city_same":1,"id":"hex:3805:23918"},"type":"Feature"},{"geometry":{"coordinates":[[[-122.19976,37.43015],[-122.19995,37.43015],[-122.19957,37.4306],[-122.19946,37.43055],[-122.19976,37.43015]]],"type":"Polygon"},"properties":{"bbox":{"sidewalks":{"area":1.92,"pct":0.27}},"city_same":1,"id":"hex:3805:23919"},"type":"Feature"},{"geometry":{"coordinates":[[[-122.19915,37.43405],[-122.19971,37.43329],[-122.19986,37.43337],[-122.1997,37.43359],[-122.19923,37.43416],[-122.19915,37.43405]]],"type":"Polygon"},"properties":{"bbox":{"roads":{"area":856.13,"pct":56.76},"sidewalks":{"area":40.99,"pct":2.72}},"city_same":1,"id":"hex:3805:23921"},"type":"Feature"},{"geometry":{"coordinates":[[[-122.19913,37.43561],[-122.19936,37.4353],[-122.19979,37.43554],[-122.19956,37.43581],[-122.1994,37.43573],[-122.19931,37.43585],[-122.19913,37.43561]]],"type":"Polygon"},"properties":{"bbox":{"roads":{"area":131.45,"pct":6.89},"sidewalks":{"area":73.71,"pct":3.86}},"city_same":1,"id":"hex:3805:23922"},"type":"Feature"},{"geometry":{"coordinates":[[[-122.2008,37.43796],[-122.19967,37.43795],[-122.19912,37.43717],[-122.19924,37.437],[-122.19939,37.43708],[-122.19969,37.43671],[-122.20015,37.43696],[-122.20002,37.43712],[-122.20103,37.43766],[-122.2008,37.43796]]],"type":"Polygon"},"properties":{"bbox":{"roads":{"area":1171.3,"pct":9.35}},"city_same":1,"id":"hex:3805:23923"},"type":"Feature"},{"geometry":{"coordinates":[[[-122.1991,37.43873],[-122.19966,37.43951],[-122.20079,37.43952],[-122.20136,37.43875],[-122.2008,37.43796],[-122.19967,37.43795],[-122.1991,37.43873]]],"type":"Polygon"},"properties":{"bbox":{"roads":{"area":2674.38,"pct":10.29}},"city_same":1,"id":"hex:3805:23924"},"type":"Feature"},{"geometry":{"coordinates":[[[-122.19964,37.44108],[-122.19908,37.44029],[-122.19966,37.43951],[-122.20079,37.43952],[-122.20107,37.43991],[-122.20025,37.4409],[-122.20015,37.44085],[-122.20007,37.44094],[-122.19996,37.44108],[-122.19964,37.44108]]],"type":"Polygon"},"properties":{"bbox":{"roads":{"area":3453.04,"pct":17.57},"sidewalks":{"area":129.36,"pct":0.66}},"city_same":1,"id":"hex:3805:23925"},"type":"Feature"},{"geometry":{"coordinates":[[[-122.19907,37.44185],[-122.19964,37.44108],[-122.19996,37.44108],[-122.19918,37.44201],[-122.19907,37.44185]]],"type":"Polygon"},"properties":{"bbox":{"roads":{"area":593.97,"pct":25.42},"sidewalks":{"area":174.8,"pct":7.48}},"city_same":1,"id":"hex:3805:23926"},"type":"Feature"},{"geometry":{"coordinates":[[[-122.19815,37.42155],[-122.19761,37.42078],[-122.19765,37.42077],[-122.19797,37.42065],[-122.19805,37.42077],[-122.19811,37.42087],[-122.19816,37.42097],[-122.1982,37.42104],[-122.19823,37.42111],[-122.19826,37.42118],[-122.19829,37.42125],[-122.1984,37.42155],[-122.19815,37.42155]]],"type":"Polygon"},"properties":{"bbox":{"roads":{"area":682.97,"pct":22.51},"sidewalks":{"area":161.93,"pct":5.34}},"city_same":1,"id":"hex:3806:23913"},"type":"Feature"},{"geometry":{"coordinates":[[[-122.19984,37.42234],[-122.19927,37.42312],[-122.19814,37.42311],[-122.19758,37.42233],[-122.19815,37.42155],[-122.1984,37.42155],[-122.19856,37.42197],[-122.19866,37.42195],[-122.19881,37.4219],[-122.19895,37.42186],[-122.1991,37.42182],[-122.19933,37.42177],[-122.19942,37.42175],[-122.19984,37.42234]]],"type":"Polygon"},"properties":{"bbox":{"parking":{"area":3822.99,"pct":16.44},"roads":{"area":4640.32,"pct":19.95},"sidewalks":{"area":312.43,"pct":1.34}},"city_same":1,"id":"hex:3806:23914"},"type":"Feature"},{"geometry":{"coordinates":[[[-122.19756,37.42389],[-122.19812,37.42467],[-122.19925,37.42468],[-122.19982,37.4239],[-122.19927,37.42312],[-122.19814,37.42311],[-122.19756,37.42389]]],"type":"Polygon"},"properties":{"bbox":{"parking":{"area":6435.71,"pct":24.77},"roads":{"area":4657.42,"pct":17.93},"sidewalks":{"area":675.82,"pct":2.6}},"city_same":1,"id":"hex:3806:23915"},"type":"Feature"},{"geometry":{"coordinates":[[[-122.19755,37.42545],[-122.1981,37.42623],[-122.19923,37.42624],[-122.19981,37.42546],[-122.19925,37.42468],[-122.19812,37.42467],[-122.19755,37.42545]]],"type":"Polygon"},"properties":{"bbox":{"parking":{"area":3198.66,"pct":12.31},"roads":{"area":845.48,"pct":3.25}},"city_same":1,"id":"hex:3806:23916"},"type":"Feature"},{"geometry":{"coordinates":[[[-122.19753,37.42701],[-122.19809,37.42779],[-122.19922,37.4278],[-122.19979,37.42703],[-122.19923,37.42624],[-122.1981,37.42623],[-122.19753,37.42701]]],"type":"Polygon"},"properties":{"bbox":{"parking":{"area":1723.28,"pct":6.63},"roads":{"area":2375.95,"pct":9.15},"sidewalks":{"area":521.18,"pct":2.01}},"city_same":1,"id":"hex:3806:23917"},"type":"Feature"},{"geometry":{"coordinates":[[[-122.19751,37.42857],[-122.19807,37.42936],[-122.1992,37.42936],[-122.19977,37.42859],[-122.19922,37.4278],[-122.19809,37.42779],[-122.19751,37.42857]]],"type":"Polygon"},"properties":{"bbox":{"parking":{"area":306.5,"pct":1.18},"roads":{"area":2935.47,"pct":11.3}},"city_same":1,"id":"hex:3806:23918"},"type":"Feature"},{"geometry":{"coordinates":[[[-122.19807,37.42936],[-122.1992,37.42936],[-122.19976,37.43015],[-122.19946,37.43055],[-122.19923,37.43042],[-122.19897,37.43026],[-122.19896,37.43026],[-122.19858,37.43005],[-122.19855,37.43009],[-122.19837,37.43001],[-122.19812,37.42988],[-122.19806,37.42985],[-122.19805,37.42985],[-122.1978,37.42972],[-122.19807,37.42936]]],"type":"Polygon"},"properties":{"bbox":{"roads":{"area":754.95,"pct":5.99},"sidewalks":{"area":157.87,"pct":1.25}},"city_same":1,"id":"hex:3806:23919"},"type":"Feature"},{"geometry":{"coordinates":[[[-122.19804,37.43248],[-122.19794,37.43235],[-122.19819,37.43248],[-122.19804,37.43248]]],"type":"Polygon"},"properties":{"bbox":{"roads":{"area":32.42,"pct":31.74}},"city_same":1,"id":"hex:3806:23920"},"type":"Feature"},{"geometry":{"coordinates":[[[-122.19915,37.43405],[-122.19802,37.43404],[-122.19746,37.43325],[-122.19804,37.43248],[-122.19819,37.43248],[-122.19971,37.43329],[-122.19915,37.43405]]],"type":"Polygon"},"properties":{"bbox":{"roads":{"area":4210.33,"pct":19.07},"sidewalks":{"area":827.37,"pct":3.75}},"city":{"roads":{"area":4077.77,"pct":18.47},"sidewalks":{"area":827.37,"pct":3.75}},"id":"hex:3806:23921"},"type":"Feature"},{"geometry":{"coordinates":[[[-122.19913,37.43561],[-122.198,37.4356],[-122.19745,37.43482],[-122.19802,37.43404],[-122.19915,37.43405],[-122.19923,37.43416],[-122.19867,37.43482],[-122.1986,37.4349],[-122.19936,37.4353],[-122.19913,37.43561]]],"type":"Polygon"},"properties":{"bbox":{"roads":{"area":4621.36,"pct":23.43},"sidewalks":{"area":542.86,"pct":2.75}},"city":{"roads":{"area":2858.3,"pct":14.49},"sidewalks":{"area":542.86,"pct":2.75}},"id":"hex:3806:23922"},"type":"Feature"},{"geometry":{"coordinates":[[[-122.19912,37.43717],[-122.19799,37.43716],[-122.19743,37.43638],[-122.198,37.4356],[-122.19913,37.43561],[-122.19931,37.43585],[-122.19862,37.43667],[-122.19924,37.437],[-122.19912,37.43717]]],"type":"Polygon"},"properties":{"bbox":{"roads":{"area":2136.79,"pct":10.66}},"city_same":1,"id":"hex:3806:23923"},"type":"Feature"},{"geometry":{"coordinates":[[[-122.19741,37.43794],[-122.19797,37.43872],[-122.1991,37.43873],[-122.19967,37.43795],[-122.19912,37.43717],[-122.19799,37.43716],[-122.19741,37.43794]]],"type":"Polygon"},"properties":{"bbox":{"roads":{"area":3324.88,"pct":12.8},"sidewalks":{"area":57.84,"pct":0.22}},"city_same":1,"id":"hex:3806:23924"},"type":"Feature"},{"geometry":{"coordinates":[[[-122.1974,37.4395],[-122.19795,37.44028],[-122.19908,37.44029],[-122.19966,37.43951],[-122.1991,37.43873],[-122.19797,37.43872],[-122.1974,37.4395]]],"type":"Polygon"},"properties":{"bbox":{"roads":{"area":2432.54,"pct":9.36},"sidewalks":{"area":455.09,"pct":1.75}},"city_same":1,"id":"hex:3806:23925"},"type":"Feature"},{"geometry":{"coordinates":[[[-122.19738,37.44106],[-122.19794,37.44184],[-122.19907,37.44185],[-122.19964,37.44108],[-122.19908,37.44029],[-122.19795,37.44028],[-122.19738,37.44106]]],"type":"Polygon"},"properties":{"bbox":{"roads":{"area":2630.72,"pct":10.13},"sidewalks":{"area":941.45,"pct":3.62}},"city_same":1,"id":"hex:3806:23926"},"type":"Feature"},{"geometry":{"coordinates":[[[-122.19792,37.44341],[-122.19736,37.44262],[-122.19794,37.44184],[-122.19907,37.44185],[-122.19918,37.44201],[-122.19843,37.44291],[-122.19839,37.44296],[-122.19814,37.44325],[-122.19802,37.44341],[-122.19792,37.44341]]],"type":"Polygon"},"properties":{"bbox":{"roads":{"area":1811.73,"pct":11.76},"sidewalks":{"area":571.69,"pct":3.71}},"city_same":1,"id":"hex:3806:23927"},"type":"Feature"},{"geometry":{"coordinates":[[[-122.19735,37.44418],[-122.19792,37.44341],[-122.19802,37.44341],[-122.19736,37.4442],[-122.19735,37.44418]]],"type":"Polygon"},"properties":{"bbox":{"roads":{"area":337.32,"pct":74},"sidewalks":{"area":9.59,"pct":2.1}},"city_same":1,"id":"hex:3806:23928"},"type":"Feature"},{"geometry":{"coordinates":[[[-122.19645,37.42232],[-122.19589,37.42154],[-122.19606,37.42131],[-122.19698,37.42153],[-122.19709,37.42096],[-122.19711,37.42088],[-122.19721,37.42087],[-122.19731,37.42086],[-122.1974,37.42084],[-122.1975,37.42082],[-122.19756,37.4208],[-122.19761,37.42078],[-122.19815,37.42155],[-122.19758,37.42233],[-122.19739,37.42233],[-122.19744,37.42229],[-122.19723,37.42232],[-122.19645,37.42232]]],"type":"Polygon"},"properties":{"bbox":{"roads":{"area":1372.3,"pct":6.82},"sidewalks":{"area":439.27,"pct":2.18}},"city_same":1,"id":"hex:3807:23913"},"type":"Feature"},{"geometry":{"coordinates":[[[[-122.19758,37.42233],[-122.19814,37.42311],[-122.19756,37.42389],[-122.19643,37.42388],[-122.19592,37.42315],[-122.19611,37.42304],[-122.19696,37.42262],[-122.19739,37.42233],[-122.19758,37.42233]]],[[[-122.19645,37.42232],[-122.19723,37.42232],[-122.19646,37.42246],[-122.19631,37.4225],[-122.19645,37.42232]]]],"type":"MultiPolygon"},"properties":{"bbox":{"parking":{"area":3700.45,"pct":16.7},"roads":{"area":3936.85,"pct":17.76},"sidewalks":{"area":521.95,"pct":2.36}},"city_same":1,"id":"hex:3807:23914"},"type":"Feature"},{"geometry":{"coordinates":[[[-122.19586,37.42466],[-122.19642,37.42544],[-122.19755,37.42545],[-122.19812,37.42467],[-122.19756,37.42389],[-122.19643,37.42388],[-122.19586,37.42466]]],"type":"Polygon"},"properties":{"bbox":{"parking":{"area":5185.5,"pct":19.96},"roads":{"area":5759.48,"pct":22.17},"sidewalks":{"area":778.41,"pct":3}},"city_same":1,"id":"hex:3807:23915"},"type":"Feature"},{"geometry":{"coordinates":[[[-122.19584,37.42622],[-122.1964,37.427],[-122.19753,37.42701],[-122.1981,37.42623],[-122.19755,37.42545],[-122.19642,37.42544],[-122.19584,37.42622]]],"type":"Polygon"},"properties":{"bbox":{"parking":{"area":159.53,"pct":0.61},"roads":{"area":4153.72,"pct":15.99},"sidewalks":{"area":384.29,"pct":1.48}},"city_same":1,"id":"hex:3807:23916"},"type":"Feature"},{"geometry":{"coordinates":[[[-122.19583,37.42778],[-122.19638,37.42856],[-122.19751,37.42857],[-122.19809,37.42779],[-122.19753,37.42701],[-122.1964,37.427],[-122.19583,37.42778]]],"type":"Polygon"},"properties":{"bbox":{"parking":{"area":88.56,"pct":0.34},"roads":{"area":2818.14,"pct":10.85},"sidewalks":{"area":704.42,"pct":2.71}},"city_same":1,"id":"hex:3807:23917"},"type":"Feature"},{"geometry":{"coordinates":[[[-122.19638,37.42856],[-122.19751,37.42857],[-122.19807,37.42936],[-122.1978,37.42972],[-122.19763,37.42963],[-122.19749,37.42956],[-122.19748,37.42956],[-122.19722,37.42942],[-122.19665,37.42912],[-122.19627,37.42892],[-122.1962,37.42888],[-122.19616,37.42886],[-122.19638,37.42856]]],"type":"Polygon"},"properties":{"bbox":{"roads":{"area":938.23,"pct":7.98},"sidewalks":{"area":104.19,"pct":0.89}},"city_same":1,"id":"hex:3807:23918"},"type":"Feature"},{"geometry":{"coordinates":[[[-122.19635,37.43169],[-122.19579,37.4309],[-122.19601,37.43061],[-122.19651,37.4305],[-122.1969,37.43169],[-122.19635,37.43169]]],"type":"Polygon"},"properties":{"bbox":{"roads":{"area":707.72,"pct":9.2}},"city":{"roads":{"area":563.5,"pct":7.33}},"id":"hex:3807:23919"},"type":"Feature"},{"geometry":{"coordinates":[[[-122.19804,37.43248],[-122.19746,37.43325],[-122.19633,37.43325],[-122.19578,37.43246],[-122.19635,37.43169],[-122.1969,37.43169],[-122.19702,37.43204],[-122.19713,37.43243],[-122.19726,37.4324],[-122.1975,37.43211],[-122.19794,37.43235],[-122.19804,37.43248]]],"type":"Polygon"},"properties":{"bbox":{"roads":{"area":3637.66,"pct":16.45},"sidewalks":{"area":625.08,"pct":2.83}},"city":{"roads":{"area":2622.38,"pct":11.86},"sidewalks":{"area":625.08,"pct":2.83}},"id":"hex:3807:23920"},"type":"Feature"},{"geometry":{"coordinates":[[[-122.19576,37.43402],[-122.19632,37.43481],[-122.19745,37.43482],[-122.19802,37.43404],[-122.19746,37.43325],[-122.19633,37.43325],[-122.19576,37.43402]]],"type":"Polygon"},"properties":{"bbox":{"roads":{"area":2137.11,"pct":8.23}},"city":{"roads":{"area":1496.63,"pct":5.76}},"id":"hex:3807:23921"},"type":"Feature"},{"geometry":{"coordinates":[[[-122.19574,37.43558],[-122.1963,37.43637],[-122.19743,37.43638],[-122.198,37.4356],[-122.19745,37.43482],[-122.19632,37.43481],[-122.19574,37.43558]]],"type":"Polygon"},"properties":{"bbox":{"roads":{"area":3204.8,"pct":12.34},"sidewalks":{"area":339.14,"pct":1.31}},"city":{"roads":{"area":2460.6,"pct":9.47},"sidewalks":{"area":339.14,"pct":1.31}},"id":"hex:3807:23922"},"type":"Feature"},{"geometry":{"coordinates":[[[-122.19573,37.43715],[-122.19628,37.43793],[-122.19741,37.43794],[-122.19799,37.43716],[-122.19743,37.43638],[-122.1963,37.43637],[-122.19573,37.43715]]],"type":"Polygon"},"properties":{"bbox":{"roads":{"area":4381.84,"pct":16.87},"sidewalks":{"area":774.35,"pct":2.98}},"city":{"roads":{"area":2881.77,"pct":11.09},"sidewalks":{"area":774.35,"pct":2.98}},"id":"hex:3807:23923"},"type":"Feature"},{"geometry":{"coordinates":[[[-122.19571,37.43871],[-122.19627,37.43949],[-122.1974,37.4395],[-122.19797,37.43872],[-122.19741,37.43794],[-122.19628,37.43793],[-122.19571,37.43871]]],"type":"Polygon"},"properties":{"bbox":{"roads":{"area":3012.52,"pct":11.6},"sidewalks":{"area":329.4,"pct":1.27}},"city_same":1,"id":"hex:3807:23924"},"type":"Feature"},{"geometry":{"coordinates":[[[-122.19569,37.44027],[-122.19625,37.44105],[-122.19738,37.44106],[-122.19795,37.44028],[-122.1974,37.4395],[-122.19627,37.43949],[-122.19569,37.44027]]],"type":"Polygon"},"properties":{"bbox":{"parking":{"area":1223.34,"pct":4.71},"roads":{"area":3055.11,"pct":11.76},"sidewalks":{"area":1128.46,"pct":4.34}},"city_same":1,"id":"hex:3807:23925"},"type":"Feature"},{"geometry":{"coordinates":[[[-122.19568,37.44183],[-122.19623,37.44261],[-122.19736,37.44262],[-122.19794,37.44184],[-122.19738,37.44106],[-122.19625,37.44105],[-122.19568,37.44183]]],"type":"Polygon"},"properties":{"bbox":{"roads":{"area":2703.14,"pct":10.4},"sidewalks":{"area":909,"pct":3.5}},"city_same":1,"id":"hex:3807:23926"},"type":"Feature"},{"geometry":{"coordinates":[[[-122.19566,37.44339],[-122.19622,37.44417],[-122.19735,37.44418],[-122.19792,37.44341],[-122.19736,37.44262],[-122.19623,37.44261],[-122.19566,37.44339]]],"type":"Polygon"},"properties":{"bbox":{"roads":{"area":3635.9,"pct":13.99},"sidewalks":{"area":1012.78,"pct":3.9}},"city_same":1,"id":"hex:3807:23927"},"type":"Feature"},{"geometry":{"coordinates":[[[-122.19564,37.44495],[-122.19622,37.44417],[-122.19735,37.44418],[-122.19736,37.4442],[-122.19653,37.44519],[-122.19614,37.44565],[-122.19564,37.44495]]],"type":"Polygon"},"properties":{"bbox":{"roads":{"area":1910.81,"pct":15.62},"sidewalks":{"area":553.08,"pct":4.52}},"city_same":1,"id":"hex:3807:23928"},"type":"Feature"},{"geometry":{"coordinates":[[[-122.19589,37.42154],[-122.19476,37.42153],[-122.19433,37.42091],[-122.19606,37.42131],[-122.19589,37.42154]]],"type":"Polygon"},"properties":{"bbox":{"roads":{"area":180.2,"pct":3.22},"sidewalks":{"area":40.24,"pct":0.72}},"city_same":1,"id":"hex:3808:23913"},"type":"Feature"},{"geometry":{"coordinates":[[[-122.19419,37.4223],[-122.19476,37.42153],[-122.19589,37.42154],[-122.19645,37.42232],[-122.19631,37.4225],[-122.19467,37.42299],[-122.19419,37.4223]]],"type":"Polygon"},"properties":{"bbox":{"roads":{"area":2788.8,"pct":12.87},"sidewalks":{"area":1008.26,"pct":4.65}},"city_same":1,"id":"hex:3808:23914"},"type":"Feature"},{"geometry":{"coordinates":[[[-122.19643,37.42388],[-122.19586,37.42466],[-122.19473,37.42465],[-122.19442,37.42421],[-122.19449,37.42416],[-122.19471,37.42401],[-122.19503,37.42377],[-122.19509,37.42371],[-122.19521,37.42362],[-122.19533,37.42353],[-122.19546,37.42345],[-122.19558,37.42336],[-122.19571,37.42328],[-122.19591,37.42316],[-122.19592,37.42315],[-122.19643,37.42388]]],"type":"Polygon"},"properties":{"bbox":{"parking":{"area":1292.14,"pct":7.42},"roads":{"area":5743.21,"pct":33},"sidewalks":{"area":706.44,"pct":4.06}},"city_same":1,"id":"hex:3808:23915"},"type":"Feature"},{"geometry":{"coordinates":[[[-122.19416,37.42543],[-122.19471,37.42621],[-122.19584,37.42622],[-122.19642,37.42544],[-122.19586,37.42466],[-122.19473,37.42465],[-122.19416,37.42543]]],"type":"Polygon"},"properties":{"bbox":{"parking":{"area":242.39,"pct":0.93},"roads":{"area":3096.61,"pct":11.92},"sidewalks":{"area":75.86,"pct":0.29}},"city_same":1,"id":"hex:3808:23916"},"type":"Feature"},{"geometry":{"coordinates":[[[-122.19471,37.42621],[-122.19584,37.42622],[-122.1964,37.427],[-122.19583,37.42778],[-122.19505,37.42777],[-122.19502,37.42774],[-122.19493,37.42765],[-122.19479,37.42752],[-122.19463,37.42738],[-122.1945,37.42728],[-122.19432,37.42715],[-122.19414,37.42698],[-122.19471,37.42621]]],"type":"Polygon"},"properties":{"bbox":{"parking":{"area":552.76,"pct":2.26},"roads":{"area":3397.8,"pct":13.86},"sidewalks":{"area":350.32,"pct":1.43}},"city":{"parking":{"area":552.76,"pct":2.26},"roads":{"area":3388.7,"pct":13.83},"sidewalks":{"area":350.32,"pct":1.43}},"id":"hex:3808:23917"},"type":"Feature"},{"geometry":{"coordinates":[[[-122.19583,37.42778],[-122.19638,37.42856],[-122.19616,37.42886],[-122.19613,37.42884],[-122.19606,37.42879],[-122.19605,37.42877],[-122.19605,37.42876],[-122.19605,37.42876],[-122.19605,37.42876],[-122.19603,37.42875],[-122.19591,37.42866],[-122.19567,37.42841],[-122.19549,37.42821],[-122.19541,37.42812],[-122.19539,37.42814],[-122.19524,37.42798],[-122.19509,37.42781],[-122.19505,37.42777],[-122.19583,37.42778]]],"type":"Polygon"},"properties":{"bbox":{"roads":{"area":628.33,"pct":10.43},"sidewalks":{"area":222.78,"pct":3.7}},"city":{"roads":{"area":617.14,"pct":10.25},"sidewalks":{"area":222.78,"pct":3.7}},"id":"hex:3808:23918"},"type":"Feature"},{"geometry":{"coordinates":[[[[-122.19466,37.43089],[-122.19457,37.43077],[-122.19481,37.43089],[-122.19466,37.43089]]],[[[-122.19579,37.4309],[-122.19486,37.4309],[-122.1949,37.43085],[-122.19507,37.43068],[-122.19545,37.43059],[-122.19556,37.43057],[-122.19561,37.4307],[-122.19601,37.43061],[-122.19579,37.4309]]]],"type":"MultiPolygon"},"properties":{"bbox":{"roads":{"area":431.93,"pct":17.75}},"city_same":1,"id":"hex:3808:23919"},"type":"Feature"},{"geometry":{"coordinates":[[[-122.19579,37.4309],[-122.19635,37.43169],[-122.19578,37.43246],[-122.19465,37.43245],[-122.19409,37.43167],[-122.19466,37.43089],[-122.19481,37.43089],[-122.19484,37.43091],[-122.19486,37.4309],[-122.19579,37.4309]]],"type":"Polygon"},"properties":{"bbox":{"roads":{"area":3641.03,"pct":14.02},"sidewalks":{"area":410.64,"pct":1.58}},"city_same":1,"id":"hex:3808:23920"},"type":"Feature"},{"geometry":{"coordinates":[[[-122.19407,37.43323],[-122.19463,37.43402],[-122.19576,37.43402],[-122.19633,37.43325],[-122.19578,37.43246],[-122.19465,37.43245],[-122.19407,37.43323]]],"type":"Polygon"},"properties":{"bbox":{"roads":{"area":3185.71,"pct":12.26},"sidewalks":{"area":1029.41,"pct":3.96}},"city_same":1,"id":"hex:3808:23921"},"type":"Feature"},{"geometry":{"coordinates":[[[-122.19406,37.43479],[-122.19461,37.43558],[-122.19574,37.43558],[-122.19632,37.43481],[-122.19576,37.43402],[-122.19463,37.43402],[-122.19406,37.43479]]],"type":"Polygon"},"properties":{"bbox":{"roads":{"area":3356.04,"pct":12.92},"sidewalks":{"area":954.42,"pct":3.67}},"city_same":1,"id":"hex:3808:23922"},"type":"Feature"},{"geometry":{"coordinates":[[[-122.19404,37.43635],[-122.1946,37.43714],[-122.19573,37.43715],[-122.1963,37.43637],[-122.19574,37.43558],[-122.19461,37.43558],[-122.19404,37.43635]]],"type":"Polygon"},"properties":{"bbox":{"roads":{"area":3726.43,"pct":14.34},"sidewalks":{"area":151.3,"pct":0.58}},"city_same":1,"id":"hex:3808:23923"},"type":"Feature"},{"geometry":{"coordinates":[[[-122.19402,37.43791],[-122.19458,37.4387],[-122.19571,37.43871],[-122.19628,37.43793],[-122.19573,37.43715],[-122.1946,37.43714],[-122.19402,37.43791]]],"type":"Polygon"},"properties":{"bbox":{"roads":{"area":3726.32,"pct":14.34},"sidewalks":{"area":393.21,"pct":1.51}},"city":{"roads":{"area":2455.75,"pct":9.45},"sidewalks":{"area":393.21,"pct":1.51}},"id":"hex:3808:23924"},"type":"Feature"},{"geometry":{"coordinates":[[[-122.19401,37.43948],[-122.19456,37.44026],[-122.19569,37.44027],[-122.19627,37.43949],[-122.19571,37.43871],[-122.19458,37.4387],[-122.19401,37.43948]]],"type":"Polygon"},"properties":{"bbox":{"roads":{"area":2387.12,"pct":9.19},"sidewalks":{"area":478.81,"pct":1.84}},"city":{"roads":{"area":750.44,"pct":2.89},"sidewalks":{"area":478.81,"pct":1.84}},"id":"hex:3808:23925"},"type":"Feature"},{"geometry":{"coordinates":[[[-122.19399,37.44104],[-122.19455,37.44182],[-122.19568,37.44183],[-122.19625,37.44105],[-122.19569,37.44027],[-122.19456,37.44026],[-122.19399,37.44104]]],"type":"Polygon"},"properties":{"bbox":{"parking":{"area":2155.17,"pct":8.3},"roads":{"area":2662.86,"pct":10.25},"sidewalks":{"area":620.44,"pct":2.39}},"city_same":1,"id":"hex:3808:23926"},"type":"Feature"},{"geometry":{"coordinates":[[[-122.19397,37.4426],[-122.19453,37.44338],[-122.19566,37.44339],[-122.19623,37.44261],[-122.19568,37.44183],[-122.19455,37.44182],[-122.19397,37.4426]]],"type":"Polygon"},"properties":{"bbox":{"roads":{"area":3027.86,"pct":11.65},"sidewalks":{"area":903.39,"pct":3.48}},"city_same":1,"id":"hex:3808:23927"},"type":"Feature"},{"geometry":{"coordinates":[[[-122.19396,37.44416],[-122.19451,37.44494],[-122.19564,37.44495],[-122.19622,37.44417],[-122.19566,37.44339],[-122.19453,37.44338],[-122.19396,37.44416]]],"type":"Polygon"},"properties":{"bbox":{"roads":{"area":3180.75,"pct":12.24},"sidewalks":{"area":533.44,"pct":2.05}},"city_same":1,"id":"hex:3808:23928"},"type":"Feature"},{"geometry":{"coordinates":[[[-122.1945,37.4465],[-122.19394,37.44572],[-122.19451,37.44494],[-122.19564,37.44495],[-122.19614,37.44565],[-122.19557,37.44632],[-122.19542,37.44651],[-122.1945,37.4465]]],"type":"Polygon"},"properties":{"bbox":{"roads":{"area":1717.18,"pct":6.98},"sidewalks":{"area":591.63,"pct":2.4}},"city_same":1,"id":"hex:3808:23929"},"type":"Feature"},{"geometry":{"coordinates":[[[-122.19392,37.44728],[-122.1945,37.4465],[-122.19542,37.44651],[-122.19457,37.44754],[-122.19432,37.44784],[-122.19392,37.44728]]],"type":"Polygon"},"properties":{"bbox":{"roads":{"area":1424.33,"pct":15.64}},"city_same":1,"id":"hex:3808:23930"},"type":"Feature"},{"geometry":{"coordinates":[[[-122.19434,37.46055],[-122.19379,37.45977],[-122.19415,37.45927],[-122.19452,37.45946],[-122.19546,37.45993],[-122.19523,37.46022],[-122.19485,37.46003],[-122.19443,37.46055],[-122.19434,37.46055]]],"type":"Polygon"},"properties":{"bbox":{"parking":{"area":1206.47,"pct":12.03},"roads":{"area":1369.04,"pct":13.65},"sidewalks":{"area":175.61,"pct":1.75}},"city_same":1,"id":"hex:3808:23938"},"type":"Feature"},{"geometry":{"coordinates":[[[-122.19476,37.42153],[-122.19419,37.4223],[-122.19306,37.4223],[-122.1925,37.42151],[-122.19308,37.42074],[-122.19359,37.42074],[-122.19433,37.42091],[-122.19476,37.42153]]],"type":"Polygon"},"properties":{"bbox":{"roads":{"area":3397.73,"pct":13.34},"sidewalks":{"area":1229.08,"pct":4.82}},"city_same":1,"id":"hex:3809:23913"},"type":"Feature"},{"geometry":{"coordinates":[[[-122.19249,37.42307],[-122.19306,37.4223],[-122.19419,37.4223],[-122.19467,37.42299],[-122.19447,37.42305],[-122.19281,37.42353],[-122.19249,37.42307]]],"type":"Polygon"},"properties":{"bbox":{"roads":{"area":1617.16,"pct":9.55},"sidewalks":{"area":581.48,"pct":3.43}},"city_same":1,"id":"hex:3809:23914"},"type":"Feature"},{"geometry":{"coordinates":[[[-122.19473,37.42465],[-122.19416,37.42543],[-122.19327,37.42542],[-122.19288,37.42519],[-122.1936,37.42478],[-122.19417,37.42439],[-122.19442,37.42421],[-122.19473,37.42465]]],"type":"Polygon"},"properties":{"bbox":{"parking":{"area":92.43,"pct":0.84},"roads":{"area":3104.69,"pct":28.3},"sidewalks":{"area":542.08,"pct":4.94}},"city_same":1,"id":"hex:3809:23915"},"type":"Feature"},{"geometry":{"coordinates":[[[-122.19416,37.42543],[-122.19471,37.42621],[-122.19414,37.42698],[-122.19408,37.42692],[-122.19385,37.42675],[-122.19334,37.42643],[-122.19341,37.42636],[-122.19335,37.42632],[-122.19298,37.42605],[-122.1934,37.42576],[-122.19379,37.42597],[-122.19397,37.42579],[-122.19329,37.42543],[-122.19327,37.42542],[-122.19416,37.42543]]],"type":"Polygon"},"properties":{"bbox":{"parking":{"area":320.84,"pct":2.33},"roads":{"area":799.79,"pct":5.81},"sidewalks":{"area":335.22,"pct":2.43}},"city_same":1,"id":"hex:3809:23916"},"type":"Feature"},{"geometry":{"coordinates":[[[-122.19466,37.43089],[-122.19409,37.43167],[-122.19296,37.43166],[-122.1924,37.43088],[-122.19298,37.4301],[-122.19333,37.4301],[-122.19358,37.43024],[-122.19457,37.43077],[-122.19466,37.43089]]],"type":"Polygon"},"properties":{"bbox":{"parking":{"area":1399.68,"pct":5.96},"roads":{"area":2997.73,"pct":12.77},"sidewalks":{"area":639.8,"pct":2.72}},"city_same":1,"id":"hex:3809:23919"},"type":"Feature"},{"geometry":{"coordinates":[[[-122.19239,37.43244],[-122.19294,37.43322],[-122.19407,37.43323],[-122.19465,37.43245],[-122.19409,37.43167],[-122.19296,37.43166],[-122.19239,37.43244]]],"type":"Polygon"},"properties":{"bbox":{"roads":{"area":2702.73,"pct":10.4},"sidewalks":{"area":921.78,"pct":3.55}},"city_same":1,"id":"hex:3809:23920"},"type":"Feature"},{"geometry":{"coordinates":[[[-122.19237,37.434],[-122.19293,37.43478],[-122.19406,37.43479],[-122.19463,37.43402],[-122.19407,37.43323],[-122.19294,37.43322],[-122.19237,37.434]]],"type":"Polygon"},"properties":{"bbox":{"roads":{"area":2809.68,"pct":10.81},"sidewalks":{"area":789.76,"pct":3.04}},"city_same":1,"id":"hex:3809:23921"},"type":"Feature"},{"geometry":{"coordinates":[[[-122.19235,37.43556],[-122.19291,37.43635],[-122.19404,37.43635],[-122.19461,37.43558],[-122.19406,37.43479],[-122.19293,37.43478],[-122.19235,37.43556]]],"type":"Polygon"},"properties":{"bbox":{"roads":{"area":2878.81,"pct":11.08},"sidewalks":{"area":994.99,"pct":3.83}},"city_same":1,"id":"hex:3809:23922"},"type":"Feature"},{"geometry":{"coordinates":[[[-122.19234,37.43712],[-122.19289,37.43791],[-122.19402,37.43791],[-122.1946,37.43714],[-122.19404,37.43635],[-122.19291,37.43635],[-122.19234,37.43712]]],"type":"Polygon"},"properties":{"bbox":{"roads":{"area":3081.03,"pct":11.86},"sidewalks":{"area":482.4,"pct":1.86}},"city_same":1,"id":"hex:3809:23923"},"type":"Feature"},{"geometry":{"coordinates":[[[-122.19232,37.43868],[-122.19288,37.43947],[-122.19401,37.43948],[-122.19458,37.4387],[-122.19402,37.43791],[-122.19289,37.43791],[-122.19232,37.43868]]],"type":"Polygon"},"properties":{"bbox":{"roads":{"area":1943.74,"pct":7.48}},"city_same":1,"id":"hex:3809:23924"},"type":"Feature"},{"geometry":{"coordinates":[[[-122.1923,37.44024],[-122.19286,37.44103],[-122.19399,37.44104],[-122.19456,37.44026],[-122.19401,37.43948],[-122.19288,37.43947],[-122.1923,37.44024]]],"type":"Polygon"},"properties":{"bbox":{"parking":{"area":128.88,"pct":0.5},"roads":{"area":4116.28,"pct":15.84},"sidewalks":{"area":875.44,"pct":3.37}},"city":{"parking":{"area":128.88,"pct":0.5},"roads":{"area":2640.15,"pct":10.16},"sidewalks":{"area":875.44,"pct":3.37}},"id":"hex:3809:23925"},"type":"Feature"},{"geometry":{"coordinates":[[[-122.19228,37.44181],[-122.19284,37.44259],[-122.19397,37.4426],[-122.19455,37.44182],[-122.19399,37.44104],[-122.19286,37.44103],[-122.19228,37.44181]]],"type":"Polygon"},"properties":{"bbox":{"roads":{"area":4345.47,"pct":16.73},"sidewalks":{"area":1097.61,"pct":4.22}},"city":{"roads":{"area":2991.72,"pct":11.52},"sidewalks":{"area":1097.61,"pct":4.22}},"id":"hex:3809:23926"},"type":"Feature"},{"geometry":{"coordinates":[[[-122.19227,37.44337],[-122.19282,37.44415],[-122.19396,37.44416],[-122.19453,37.44338],[-122.19397,37.4426],[-122.19284,37.44259],[-122.19227,37.44337]]],"type":"Polygon"},"properties":{"bbox":{"roads":{"area":2961.67,"pct":11.4},"sidewalks":{"area":1028.43,"pct":3.96}},"city_same":1,"id":"hex:3809:23927"},"type":"Feature"},{"geometry":{"coordinates":[[[-122.19225,37.44493],[-122.19281,37.44571],[-122.19394,37.44572],[-122.19451,37.44494],[-122.19396,37.44416],[-122.19282,37.44415],[-122.19225,37.44493]]],"type":"Polygon"},"properties":{"bbox":{"roads":{"area":1957.91,"pct":7.54},"sidewalks":{"area":407.11,"pct":1.57}},"city_same":1,"id":"hex:3809:23928"},"type":"Feature"},{"geometry":{"coordinates":[[[-122.19223,37.44649],[-122.19279,37.44727],[-122.19392,37.44728],[-122.1945,37.4465],[-122.19394,37.44572],[-122.19281,37.44571],[-122.19223,37.44649]]],"type":"Polygon"},"properties":{"bbox":{"roads":{"area":2453.4,"pct":9.44}},"city_same":1,"id":"hex:3809:23929"},"type":"Feature"},{"geometry":{"coordinates":[[[-122.19277,37.44883],[-122.19222,37.44805],[-122.19279,37.44727],[-122.19392,37.44728],[-122.19432,37.44784],[-122.19348,37.44884],[-122.19277,37.44883]]],"type":"Polygon"},"properties":{"bbox":{"parking":{"area":3234.6,"pct":14.31},"roads":{"area":2784.25,"pct":12.32},"sidewalks":{"area":82.48,"pct":0.36}},"city_same":1,"id":"hex:3809:23930"},"type":"Feature"},{"geometry":{"coordinates":[[[-122.1922,37.44961],[-122.19277,37.44883],[-122.19348,37.44884],[-122.19249,37.45002],[-122.1922,37.44961]]],"type":"Polygon"},"properties":{"bbox":{"parking":{"area":979.23,"pct":15.43},"roads":{"area":1330.38,"pct":20.96},"sidewalks":{"area":200.42,"pct":3.16}},"city_same":1,"id":"hex:3809:23931"},"type":"Feature"},{"geometry":{"coordinates":[[[-122.19379,37.45977],[-122.19266,37.45976],[-122.1921,37.45898],[-122.19267,37.45821],[-122.19275,37.45825],[-122.19256,37.45849],[-122.19415,37.45927],[-122.19379,37.45977]]],"type":"Polygon"},"properties":{"bbox":{"parking":{"area":4084.13,"pct":25.53},"roads":{"area":1602.25,"pct":10.01},"sidewalks":{"area":197.63,"pct":1.24}},"city":{"parking":{"area":4084.13,"pct":25.53},"roads":{"area":1478.99,"pct":9.24},"sidewalks":{"area":197.63,"pct":1.24}},"id":"hex:3809:23937"},"type":"Feature"},{"geometry":{"coordinates":[[[-122.19208,37.46054],[-122.19264,37.46132],[-122.19377,37.46133],[-122.19434,37.46055],[-122.19379,37.45977],[-122.19266,37.45976],[-122.19208,37.46054]]],"type":"Polygon"},"properties":{"bbox":{"roads":{"area":2889.01,"pct":11.12},"sidewalks":{"area":28.35,"pct":0.11}},"city_same":1,"id":"hex:3809:23938"},"type":"Feature"},{"geometry":{"coordinates":[[[-122.19264,37.46132],[-122.19377,37.46133],[-122.19379,37.46136],[-122.19353,37.4617],[-122.19335,37.46187],[-122.19259,37.46139],[-122.19264,37.46132]]],"type":"Polygon"},"properties":{"bbox":{"roads":{"area":173.09,"pct":4.86}},"city_same":1,"id":"hex:3809:23939"},"type":"Feature"},{"geometry":{"coordinates":[[[-122.19308,37.42074],[-122.1925,37.42151],[-122.19137,37.4215],[-122.19092,37.42086],[-122.19125,37.4208],[-122.1912,37.42064],[-122.19136,37.42016],[-122.19154,37.41994],[-122.19203,37.41995],[-122.1928,37.42035],[-122.19308,37.42074]]],"type":"Polygon"},"properties":{"bbox":{"roads":{"area":2350.04,"pct":10.24},"sidewalks":{"area":730.6,"pct":3.18}},"city":{"roads":{"area":1917.69,"pct":8.36},"sidewalks":{"area":730.6,"pct":3.18}},"id":"hex:3810:23913"},"type":"Feature"},{"geometry":{"coordinates":[[[-122.19137,37.4215],[-122.1925,37.42151],[-122.19306,37.4223],[-122.19249,37.42307],[-122.19136,37.42307],[-122.19134,37.42304],[-122.19094,37.42209],[-122.19137,37.4215]]],"type":"Polygon"},"properties":{"bbox":{"roads":{"area":3260.91,"pct":13.08},"sidewalks":{"area":512.06,"pct":2.05}},"city":{"roads":{"area":1714.38,"pct":6.88},"sidewalks":{"area":512.06,"pct":2.05}},"id":"hex:3810:23914"},"type":"Feature"},{"geometry":{"coordinates":[[[-122.19134,37.42463],[-122.19095,37.42408],[-122.19139,37.42396],[-122.19168,37.42387],[-122.19168,37.42385],[-122.19135,37.42307],[-122.19136,37.42307],[-122.19249,37.42307],[-122.19281,37.42353],[-122.1922,37.42371],[-122.19217,37.42394],[-122.19204,37.42414],[-122.192,37.42418],[-122.19172,37.42453],[-122.19176,37.42463],[-122.19134,37.42463]]],"type":"Polygon"},"properties":{"bbox":{"roads":{"area":2923.84,"pct":21.62}},"city":{"roads":{"area":1005.52,"pct":7.43}},"id":"hex:3810:23915"},"type":"Feature"},{"geometry":{"coordinates":[[[-122.19132,37.42619],[-122.19111,37.42588],[-122.19117,37.42582],[-122.19151,37.42531],[-122.1913,37.42479],[-122.19126,37.42474],[-122.19134,37.42463],[-122.19176,37.42463],[-122.19206,37.42525],[-122.19221,37.4254],[-122.19236,37.42553],[-122.19248,37.42588],[-122.19232,37.42608],[-122.19221,37.42619],[-122.19132,37.42619]]],"type":"Polygon"},"properties":{"bbox":{"roads":{"area":4955.66,"pct":38.5},"sidewalks":{"area":178.83,"pct":1.39}},"city":{"roads":{"area":3400.66,"pct":26.42},"sidewalks":{"area":178.83,"pct":1.39}},"id":"hex:3810:23916"},"type":"Feature"},{"geometry":{"coordinates":[[[-122.19075,37.42696],[-122.19132,37.42619],[-122.19221,37.42619],[-122.19188,37.42655],[-122.1918,37.42668],[-122.19144,37.42725],[-122.19138,37.42734],[-122.19136,37.42738],[-122.19121,37.42761],[-122.19075,37.42696]]],"type":"Polygon"},"properties":{"bbox":{"roads":{"area":4035.16,"pct":43.6},"sidewalks":{"area":231.44,"pct":2.5}},"city":{"roads":{"area":1582.29,"pct":17.1},"sidewalks":{"area":231.44,"pct":2.5}},"id":"hex:3810:23917"},"type":"Feature"},{"geometry":{"coordinates":[[[-122.19129,37.42931],[-122.19094,37.42882],[-122.19186,37.42931],[-122.19129,37.42931]]],"type":"Polygon"},"properties":{"bbox":{"parking":{"area":208.37,"pct":15.27},"roads":{"area":46.1,"pct":3.38}},"city_same":1,"id":"hex:3810:23918"},"type":"Feature"},{"geometry":{"coordinates":[[[-122.19298,37.4301],[-122.1924,37.43088],[-122.19127,37.43087],[-122.19072,37.43009],[-122.19129,37.42931],[-122.19186,37.42931],[-122.19276,37.4298],[-122.19298,37.4301]]],"type":"Polygon"},"properties":{"bbox":{"roads":{"area":980.2,"pct":3.97},"sidewalks":{"area":148.84,"pct":0.6}},"city_same":1,"id":"hex:3810:23919"},"type":"Feature"},{"geometry":{"coordinates":[[[-122.1907,37.43165],[-122.19126,37.43243],[-122.19239,37.43244],[-122.19296,37.43166],[-122.1924,37.43088],[-122.19127,37.43087],[-122.1907,37.43165]]],"type":"Polygon"},"properties":{"bbox":{"parking":{"area":628.04,"pct":2.42},"roads":{"area":2907.34,"pct":11.19},"sidewalks":{"area":938.69,"pct":3.61}},"city_same":1,"id":"hex:3810:23920"},"type":"Feature"},{"geometry":{"coordinates":[[[-122.19068,37.43321],[-122.19124,37.43399],[-122.19237,37.434],[-122.19294,37.43322],[-122.19239,37.43244],[-122.19126,37.43243],[-122.19068,37.43321]]],"type":"Polygon"},"properties":{"bbox":{"roads":{"area":2429.79,"pct":9.35},"sidewalks":{"area":905.18,"pct":3.48}},"city_same":1,"id":"hex:3810:23921"},"type":"Feature"},{"geometry":{"coordinates":[[[-122.19066,37.43477],[-122.19122,37.43555],[-122.19235,37.43556],[-122.19293,37.43478],[-122.19237,37.434],[-122.19124,37.43399],[-122.19066,37.43477]]],"type":"Polygon"},"properties":{"bbox":{"roads":{"area":3683.25,"pct":14.18},"sidewalks":{"area":755.89,"pct":2.91}},"city_same":1,"id":"hex:3810:23922"},"type":"Feature"},{"geometry":{"coordinates":[[[-122.19065,37.43633],[-122.1912,37.43711],[-122.19234,37.43712],[-122.19291,37.43635],[-122.19235,37.43556],[-122.19122,37.43555],[-122.19065,37.43633]]],"type":"Polygon"},"properties":{"bbox":{"roads":{"area":2661.74,"pct":10.25},"sidewalks":{"area":807.99,"pct":3.11}},"city_same":1,"id":"hex:3810:23923"},"type":"Feature"},{"geometry":{"coordinates":[[[-122.19063,37.43789],[-122.19119,37.43868],[-122.19232,37.43868],[-122.19289,37.43791],[-122.19234,37.43712],[-122.1912,37.43711],[-122.19063,37.43789]]],"type":"Polygon"},"properties":{"bbox":{"roads":{"area":3498.71,"pct":13.47},"sidewalks":{"area":1096.54,"pct":4.22}},"city_same":1,"id":"hex:3810:23924"},"type":"Feature"},{"geometry":{"coordinates":[[[-122.19061,37.43945],[-122.19117,37.44024],[-122.1923,37.44024],[-122.19288,37.43947],[-122.19232,37.43868],[-122.19119,37.43868],[-122.19061,37.43945]]],"type":"Polygon"},"properties":{"bbox":{"roads":{"area":2647.74,"pct":10.19},"sidewalks":{"area":735.51,"pct":2.83}},"city_same":1,"id":"hex:3810:23925"},"type":"Feature"},{"geometry":{"coordinates":[[[-122.1906,37.44101],[-122.19115,37.4418],[-122.19228,37.44181],[-122.19286,37.44103],[-122.1923,37.44024],[-122.19117,37.44024],[-122.1906,37.44101]]],"type":"Polygon"},"properties":{"bbox":{"roads":{"area":4024.79,"pct":15.49},"sidewalks":{"area":811.36,"pct":3.12}},"city_same":1,"id":"hex:3810:23926"},"type":"Feature"},{"geometry":{"coordinates":[[[-122.19058,37.44257],[-122.19114,37.44336],[-122.19227,37.44337],[-122.19284,37.44259],[-122.19228,37.44181],[-122.19115,37.4418],[-122.19058,37.44257]]],"type":"Polygon"},"properties":{"bbox":{"roads":{"area":4269.5,"pct":16.43},"sidewalks":{"area":775.76,"pct":2.99}},"city":{"roads":{"area":2561.98,"pct":9.86},"sidewalks":{"area":775.76,"pct":2.99}},"id":"hex:3810:23927"},"type":"Feature"},{"geometry":{"coordinates":[[[-122.19056,37.44414],[-122.19112,37.44492],[-122.19225,37.44493],[-122.19282,37.44415],[-122.19227,37.44337],[-122.19114,37.44336],[-122.19056,37.44414]]],"type":"Polygon"},"properties":{"bbox":{"roads":{"area":3644.43,"pct":14.03},"sidewalks":{"area":514.47,"pct":1.98}},"city":{"roads":{"area":2466.12,"pct":9.49},"sidewalks":{"area":514.47,"pct":1.98}},"id":"hex:3810:23928"},"type":"Feature"},{"geometry":{"coordinates":[[[-122.19055,37.4457],[-122.1911,37.44648],[-122.19223,37.44649],[-122.19281,37.44571],[-122.19225,37.44493],[-122.19112,37.44492],[-122.19055,37.4457]]],"type":"Polygon"},"properties":{"bbox":{"roads":{"area":2862.63,"pct":11.02}},"city_same":1,"id":"hex:3810:23929"},"type":"Feature"},{"geometry":{"coordinates":[[[-122.19053,37.44726],[-122.19109,37.44804],[-122.19222,37.44805],[-122.19279,37.44727],[-122.19223,37.44649],[-122.1911,37.44648],[-122.19053,37.44726]]],"type":"Polygon"},"properties":{"bbox":{"parking":{"area":933.18,"pct":3.59},"roads":{"area":1639.87,"pct":6.31}},"city_same":1,"id":"hex:3810:23930"},"type":"Feature"},{"geometry":{"coordinates":[[[-122.19051,37.44882],[-122.19107,37.4496],[-122.1922,37.44961],[-122.19277,37.44883],[-122.19222,37.44805],[-122.19109,37.44804],[-122.19051,37.44882]]],"type":"Polygon"},"properties":{"bbox":{"parking":{"area":6495.98,"pct":25},"roads":{"area":5076.96,"pct":19.54}},"city_same":1,"id":"hex:3810:23931"},"type":"Feature"},{"geometry":{"coordinates":[[[-122.19105,37.45116],[-122.1905,37.45038],[-122.19107,37.4496],[-122.1922,37.44961],[-122.19249,37.45002],[-122.19198,37.45063],[-122.19153,37.45117],[-122.19105,37.45116]]],"type":"Polygon"},"properties":{"bbox":{"roads":{"area":2881.98,"pct":14.27},"sidewalks":{"area":533.81,"pct":2.64}},"city_same":1,"id":"hex:3810:23932"},"type":"Feature"},{"geometry":{"coordinates":[[[-122.19048,37.45194],[-122.19105,37.45116],[-122.19153,37.45117],[-122.19116,37.45161],[-122.19066,37.4522],[-122.19048,37.45194]]],"type":"Polygon"},"properties":{"bbox":{"roads":{"area":825.74,"pct":21.29}},"city_same":1,"id":"hex:3810:23933"},"type":"Feature"},{"geometry":{"coordinates":[[[-122.1921,37.45898],[-122.19097,37.45897],[-122.19041,37.45819],[-122.19099,37.45741],[-122.19107,37.45741],[-122.19267,37.45821],[-122.1921,37.45898]]],"type":"Polygon"},"properties":{"bbox":{"parking":{"area":2838.41,"pct":12.98},"roads":{"area":4862.12,"pct":22.24},"sidewalks":{"area":327.67,"pct":1.5}},"city":{"parking":{"area":2838.41,"pct":12.98},"roads":{"area":1606.85,"pct":7.35},"sidewalks":{"area":327.67,"pct":1.5}},"id":"hex:3810:23937"},"type":"Feature"},{"geometry":{"coordinates":[[[-122.1904,37.45975],[-122.19095,37.46053],[-122.19208,37.46054],[-122.19266,37.45976],[-122.1921,37.45898],[-122.19097,37.45897],[-122.1904,37.45975]]],"type":"Polygon"},"properties":{"bbox":{"roads":{"area":2041.18,"pct":7.86}},"city_same":1,"id":"hex:3810:23938"},"type":"Feature"},{"geometry":{"coordinates":[[[-122.19094,37.46209],[-122.19038,37.46131],[-122.19095,37.46053],[-122.19208,37.46054],[-122.19264,37.46132],[-122.19259,37.46139],[-122.19199,37.46101],[-122.19115,37.46209],[-122.19094,37.46209]]],"type":"Polygon"},"properties":{"bbox":{"roads":{"area":1868.79,"pct":10.4},"sidewalks":{"area":139.31,"pct":0.78}},"city_same":1,"id":"hex:3810:23939"},"type":"Feature"},{"geometry":{"coordinates":[[[-122.19036,37.46287],[-122.19094,37.46209],[-122.19115,37.46209],[-122.19045,37.46299],[-122.19036,37.46287]]],"type":"Polygon"},"properties":{"bbox":{"roads":{"area":140.67,"pct":8.55}},"city_same":1,"id":"hex:3810:23940"},"type":"Feature"},{"geometry":{"coordinates":[[[-122.19137,37.4215],[-122.19094,37.42209],[-122.19089,37.42196],[-122.19084,37.42196],[-122.19082,37.42176],[-122.19072,37.42166],[-122.19046,37.42097],[-122.19091,37.42087],[-122.19092,37.42086],[-122.19137,37.4215]]],"type":"Polygon"},"properties":{"bbox":{"roads":{"area":477.37,"pct":8.59}},"city":{"roads":{"area":286.04,"pct":5.15}},"id":"hex:3811:23913"},"type":"Feature"},{"geometry":{"coordinates":[[[-122.19134,37.42463],[-122.19126,37.42474],[-122.19104,37.42452],[-122.1908,37.42427],[-122.19069,37.42416],[-122.19071,37.42415],[-122.19095,37.42408],[-122.19134,37.42463]]],"type":"Polygon"},"properties":{"bbox":{"roads":{"area":358.89,"pct":25.87}},"city_same":1,"id":"hex:3811:23915"},"type":"Feature"},{"geometry":{"coordinates":[[[-122.18989,37.42852],[-122.1899,37.4285],[-122.18986,37.42837],[-122.19002,37.42789],[-122.18964,37.42753],[-122.18978,37.42696],[-122.19075,37.42696],[-122.19121,37.42761],[-122.19063,37.42852],[-122.18989,37.42852]]],"type":"Polygon"},"properties":{"bbox":{"roads":{"area":3491.96,"pct":20.37},"sidewalks":{"area":337.88,"pct":1.97}},"city":{"roads":{"area":1206.86,"pct":7.04},"sidewalks":{"area":337.88,"pct":1.97}},"id":"hex:3811:23917"},"type":"Feature"},{"geometry":{"coordinates":[[[-122.19129,37.42931],[-122.19072,37.43009],[-122.19029,37.43008],[-122.19019,37.42989],[-122.19003,37.42952],[-122.18995,37.42926],[-122.18989,37.42899],[-122.18987,37.42891],[-122.18986,37.42876],[-122.18987,37.42865],[-122.18989,37.42854],[-122.18989,37.42852],[-122.19063,37.42852],[-122.19062,37.42854],[-122.19057,37.42862],[-122.19058,37.42863],[-122.19094,37.42882],[-122.19129,37.42931]]],"type":"Polygon"},"properties":{"bbox":{"parking":{"area":977.84,"pct":6.51},"roads":{"area":2327.04,"pct":15.5},"sidewalks":{"area":287.35,"pct":1.91}},"city":{"parking":{"area":977.84,"pct":6.51},"roads":{"area":1818.13,"pct":12.11},"sidewalks":{"area":287.35,"pct":1.91}},"id":"hex:3811:23918"},"type":"Feature"},{"geometry":{"coordinates":[[[-122.19072,37.43009],[-122.19127,37.43087],[-122.1907,37.43165],[-122.19022,37.43164],[-122.19025,37.43163],[-122.19035,37.43155],[-122.19043,37.43145],[-122.19049,37.43135],[-122.19053,37.43124],[-122.19055,37.43113],[-122.19054,37.43102],[-122.19052,37.43091],[-122.19045,37.43068],[-122.19042,37.43046],[-122.19041,37.43036],[-122.19037,37.43026],[-122.19029,37.43008],[-122.19072,37.43009]]],"type":"Polygon"},"properties":{"bbox":{"roads":{"area":92.83,"pct":1.11},"sidewalks":{"area":45.78,"pct":0.55}},"city_same":1,"id":"hex:3811:23919"},"type":"Feature"},{"geometry":{"coordinates":[[[-122.1907,37.43165],[-122.19126,37.43243],[-122.19068,37.43321],[-122.18955,37.4332],[-122.18899,37.43242],[-122.18945,37.43179],[-122.18946,37.43179],[-122.18953,37.43179],[-122.18973,37.43179],[-122.18988,37.43178],[-122.19001,37.43175],[-122.19014,37.43169],[-122.19022,37.43164],[-122.1907,37.43165]]],"type":"Polygon"},"properties":{"bbox":{"roads":{"area":2590.26,"pct":10.29},"sidewalks":{"area":859.96,"pct":3.42}},"city_same":1,"id":"hex:3811:23920"},"type":"Feature"},{"geometry":{"coordinates":[[[-122.18898,37.43398],[-122.18953,37.43476],[-122.19066,37.43477],[-122.19124,37.43399],[-122.19068,37.43321],[-122.18955,37.4332],[-122.18898,37.43398]]],"type":"Polygon"},"properties":{"bbox":{"roads":{"area":3144.44,"pct":12.1},"sidewalks":{"area":769.13,"pct":2.96}},"city_same":1,"id":"hex:3811:23921"},"type":"Feature"},{"geometry":{"coordinates":[[[-122.18896,37.43554],[-122.18952,37.43632],[-122.19065,37.43633],[-122.19122,37.43555],[-122.19066,37.43477],[-122.18953,37.43476],[-122.18896,37.43554]]],"type":"Polygon"},"properties":{"bbox":{"roads":{"area":2692.77,"pct":10.36}},"city_same":1,"id":"hex:3811:23922"},"type":"Feature"},{"geometry":{"coordinates":[[[-122.18894,37.4371],[-122.1895,37.43788],[-122.19063,37.43789],[-122.1912,37.43711],[-122.19065,37.43633],[-122.18952,37.43632],[-122.18894,37.4371]]],"type":"Polygon"},"properties":{"bbox":{"roads":{"area":3882.73,"pct":14.94},"sidewalks":{"area":678.8,"pct":2.61}},"city_same":1,"id":"hex:3811:23923"},"type":"Feature"},{"geometry":{"coordinates":[[[-122.18893,37.43866],[-122.18948,37.43944],[-122.19061,37.43945],[-122.19119,37.43868],[-122.19063,37.43789],[-122.1895,37.43788],[-122.18893,37.43866]]],"type":"Polygon"},"properties":{"bbox":{"roads":{"area":3451.88,"pct":13.29},"sidewalks":{"area":505.23,"pct":1.94}},"city_same":1,"id":"hex:3811:23924"},"type":"Feature"},{"geometry":{"coordinates":[[[-122.18891,37.44022],[-122.18947,37.44101],[-122.1906,37.44101],[-122.19117,37.44024],[-122.19061,37.43945],[-122.18948,37.43944],[-122.18891,37.44022]]],"type":"Polygon"},"properties":{"bbox":{"roads":{"area":3990.59,"pct":15.36},"sidewalks":{"area":935.7,"pct":3.6}},"city_same":1,"id":"hex:3811:23925"},"type":"Feature"},{"geometry":{"coordinates":[[[-122.18889,37.44178],[-122.18945,37.44257],[-122.19058,37.44257],[-122.19115,37.4418],[-122.1906,37.44101],[-122.18947,37.44101],[-122.18889,37.44178]]],"type":"Polygon"},"properties":{"bbox":{"roads":{"area":2161.4,"pct":8.32},"sidewalks":{"area":118.79,"pct":0.46}},"city_same":1,"id":"hex:3811:23926"},"type":"Feature"},{"geometry":{"coordinates":[[[-122.18888,37.44334],[-122.18943,37.44413],[-122.19056,37.44414],[-122.19114,37.44336],[-122.19058,37.44257],[-122.18945,37.44257],[-122.18888,37.44334]]],"type":"Polygon"},"properties":{"bbox":{"roads":{"area":1744.21,"pct":6.71},"sidewalks":{"area":607.65,"pct":2.34}},"city_same":1,"id":"hex:3811:23927"},"type":"Feature"},{"geometry":{"coordinates":[[[-122.18886,37.4449],[-122.18942,37.44569],[-122.19055,37.4457],[-122.19112,37.44492],[-122.19056,37.44414],[-122.18943,37.44413],[-122.18886,37.4449]]],"type":"Polygon"},"properties":{"bbox":{"roads":{"area":4721.23,"pct":18.17},"sidewalks":{"area":895.58,"pct":3.45}},"city":{"roads":{"area":2955.67,"pct":11.38},"sidewalks":{"area":895.58,"pct":3.45}},"id":"hex:3811:23928"},"type":"Feature"},{"geometry":{"coordinates":[[[-122.18884,37.44647],[-122.1894,37.44725],[-122.19053,37.44726],[-122.1911,37.44648],[-122.19055,37.4457],[-122.18942,37.44569],[-122.18884,37.44647]]],"type":"Polygon"},"properties":{"bbox":{"parking":{"area":2287.88,"pct":8.81},"roads":{"area":2959.89,"pct":11.39},"sidewalks":{"area":168.84,"pct":0.65}},"city":{"parking":{"area":2287.88,"pct":8.81},"roads":{"area":2281.6,"pct":8.78},"sidewalks":{"area":168.84,"pct":0.65}},"id":"hex:3811:23929"},"type":"Feature"},{"geometry":{"coordinates":[[[-122.18883,37.44803],[-122.18938,37.44881],[-122.19051,37.44882],[-122.19109,37.44804],[-122.19053,37.44726],[-122.1894,37.44725],[-122.18883,37.44803]]],"type":"Polygon"},"properties":{"bbox":{"parking":{"area":552.28,"pct":2.13},"roads":{"area":3601.59,"pct":13.86}},"city_same":1,"id":"hex:3811:23930"},"type":"Feature"},{"geometry":{"coordinates":[[[-122.18881,37.44959],[-122.18937,37.45037],[-122.1905,37.45038],[-122.19107,37.4496],[-122.19051,37.44882],[-122.18938,37.44881],[-122.18881,37.44959]]],"type":"Polygon"},"properties":{"bbox":{"roads":{"area":2763.64,"pct":10.64},"sidewalks":{"area":580.09,"pct":2.23}},"city_same":1,"id":"hex:3811:23931"},"type":"Feature"},{"geometry":{"coordinates":[[[-122.18879,37.45115],[-122.18935,37.45193],[-122.19048,37.45194],[-122.19105,37.45116],[-122.1905,37.45038],[-122.18937,37.45037],[-122.18879,37.45115]]],"type":"Polygon"},"properties":{"bbox":{"parking":{"area":308.09,"pct":1.19},"roads":{"area":3295.18,"pct":12.68},"sidewalks":{"area":448.47,"pct":1.73}},"city_same":1,"id":"hex:3811:23932"},"type":"Feature"},{"geometry":{"coordinates":[[[-122.18933,37.45349],[-122.18878,37.45271],[-122.18935,37.45193],[-122.19048,37.45194],[-122.19066,37.4522],[-122.19061,37.45226],[-122.18966,37.4534],[-122.18957,37.4535],[-122.18933,37.45349]]],"type":"Polygon"},"properties":{"bbox":{"parking":{"area":934.18,"pct":5.37},"roads":{"area":1745.31,"pct":10.03},"sidewalks":{"area":500.89,"pct":2.88}},"city_same":1,"id":"hex:3811:23933"},"type":"Feature"},{"geometry":{"coordinates":[[[-122.18876,37.45427],[-122.18933,37.45349],[-122.18957,37.4535],[-122.18884,37.45438],[-122.18876,37.45427]]],"type":"Polygon"},"properties":{"bbox":{"roads":{"area":324.54,"pct":19.56},"sidewalks":{"area":146.27,"pct":8.81}},"city_same":1,"id":"hex:3811:23934"},"type":"Feature"},{"geometry":{"coordinates":[[[-122.1893,37.45662],[-122.18921,37.45649],[-122.18947,37.45662],[-122.1893,37.45662]]],"type":"Polygon"},"properties":{"bbox":{"roads":{"area":33.66,"pct":30.58}},"id":"hex:3811:23935"},"type":"Feature"},{"geometry":{"coordinates":[[[-122.19099,37.45741],[-122.19041,37.45819],[-122.18928,37.45818],[-122.18873,37.45739],[-122.1893,37.45662],[-122.18947,37.45662],[-122.19085,37.4573],[-122.19094,37.45735],[-122.19099,37.45741]]],"type":"Polygon"},"properties":{"bbox":{"parking":{"area":3411.84,"pct":15.09},"roads":{"area":6569.83,"pct":29.05},"sidewalks":{"area":559.7,"pct":2.48}},"city":{"parking":{"area":3411.84,"pct":15.09},"roads":{"area":3237.75,"pct":14.32},"sidewalks":{"area":559.7,"pct":2.48}},"id":"hex:3811:23936"},"type":"Feature"},{"geometry":{"coordinates":[[[-122.18871,37.45895],[-122.18927,37.45974],[-122.1904,37.45975],[-122.19097,37.45897],[-122.19041,37.45819],[-122.18928,37.45818],[-122.18871,37.45895]]],"type":"Polygon"},"properties":{"bbox":{"parking":{"area":1856.62,"pct":7.15},"roads":{"area":3088.26,"pct":11.89},"sidewalks":{"area":215.19,"pct":0.83}},"city_same":1,"id":"hex:3811:23937"},"type":"Feature"},{"geometry":{"coordinates":[[[-122.18869,37.46052],[-122.18925,37.4613],[-122.19038,37.46131],[-122.19095,37.46053],[-122.1904,37.45975],[-122.18927,37.45974],[-122.18869,37.46052]]],"type":"Polygon"},"properties":{"bbox":{"roads":{"area":3334.39,"pct":12.83},"sidewalks":{"area":242.92,"pct":0.94}},"city_same":1,"id":"hex:3811:23938"},"type":"Feature"},{"geometry":{"coordinates":[[[-122.18867,37.46208],[-122.18923,37.46286],[-122.19036,37.46287],[-122.19094,37.46209],[-122.19038,37.46131],[-122.18925,37.4613],[-122.18867,37.46208]]],"type":"Polygon"},"properties":{"bbox":{"roads":{"area":3170.33,"pct":12.2},"sidewalks":{"area":193.11,"pct":0.74}},"city_same":1,"id":"hex:3811:23939"},"type":"Feature"},{"geometry":{"coordinates":[[[-122.18921,37.46442],[-122.18866,37.46364],[-122.18923,37.46286],[-122.19036,37.46287],[-122.19045,37.46299],[-122.18983,37.4638],[-122.18938,37.46438],[-122.18935,37.46442],[-122.18921,37.46442]]],"type":"Polygon"},"properties":{"bbox":{"roads":{"area":1643.88,"pct":10.75},"sidewalks":{"area":180.75,"pct":1.18}},"city_same":1,"id":"hex:3811:23940"},"type":"Feature"},{"geometry":{"coordinates":[[[-122.18896,37.48784],[-122.1884,37.48705],[-122.18882,37.48649],[-122.18889,37.4865],[-122.18931,37.48656],[-122.18927,37.48678],[-122.18915,37.48737],[-122.18953,37.48742],[-122.18945,37.48784],[-122.18896,37.48784]]],"type":"Polygon"},"properties":{"bbox":{"parking":{"area":2525.57,"pct":29.22},"roads":{"area":1114.13,"pct":12.89},"sidewalks":{"area":78.18,"pct":0.9}},"city_same":1,"id":"hex:3811:23955"},"type":"Feature"},{"geometry":{"coordinates":[[[-122.18896,37.48784],[-122.18945,37.48784],[-122.18944,37.48787],[-122.18939,37.48813],[-122.18875,37.48812],[-122.18896,37.48784]]],"type":"Polygon"},"properties":{"bbox":{"parking":{"area":381.59,"pct":24.27},"roads":{"area":0.58,"pct":0.04}},"city_same":1,"id":"hex:3811:23956"},"type":"Feature"},{"geometry":{"coordinates":[[[-122.18899,37.43242],[-122.18805,37.43241],[-122.18808,37.43237],[-122.18816,37.4323],[-122.18834,37.43217],[-122.18853,37.43206],[-122.18872,37.43198],[-122.18892,37.43192],[-122.18939,37.4318],[-122.18945,37.43179],[-122.18899,37.43242]]],"type":"Polygon"},"properties":{"bbox":{"roads":{"area":36.22,"pct":0.87},"sidewalks":{"area":7.46,"pct":0.18}},"city_same":1,"id":"hex:3812:23920"},"type":"Feature"},{"geometry":{"coordinates":[[[-122.18899,37.43242],[-122.18955,37.4332],[-122.18898,37.43398],[-122.18785,37.43397],[-122.18752,37.4335],[-122.18757,37.43349],[-122.18763,37.43347],[-122.18769,37.43345],[-122.18773,37.43341],[-122.18778,37.43337],[-122.18781,37.43333],[-122.18783,37.43328],[-122.18788,37.43311],[-122.18789,37.43293],[-122.1879,37.43279],[-122.18793,37.43265],[-122.18796,37.43255],[-122.18801,37.43246],[-122.18805,37.43241],[-122.18899,37.43242]]],"type":"Polygon"},"properties":{"bbox":{"roads":{"area":1652.15,"pct":7.43},"sidewalks":{"area":620.97,"pct":2.79}},"city_same":1,"id":"hex:3812:23921"},"type":"Feature"},{"geometry":{"coordinates":[[[-122.18727,37.43475],[-122.18783,37.43553],[-122.18896,37.43554],[-122.18953,37.43476],[-122.18898,37.43398],[-122.18785,37.43397],[-122.18727,37.43475]]],"type":"Polygon"},"properties":{"bbox":{"roads":{"area":3406.03,"pct":13.11},"sidewalks":{"area":812.61,"pct":3.13}},"city_same":1,"id":"hex:3812:23922"},"type":"Feature"},{"geometry":{"coordinates":[[[-122.18726,37.43631],[-122.18781,37.43709],[-122.18894,37.4371],[-122.18952,37.43632],[-122.18896,37.43554],[-122.18783,37.43553],[-122.18726,37.43631]]],"type":"Polygon"},"properties":{"bbox":{"roads":{"area":1608.27,"pct":6.19}},"city_same":1,"id":"hex:3812:23923"},"type":"Feature"},{"geometry":{"coordinates":[[[-122.18724,37.43787],[-122.1878,37.43865],[-122.18893,37.43866],[-122.1895,37.43788],[-122.18894,37.4371],[-122.18781,37.43709],[-122.18724,37.43787]]],"type":"Polygon"},"properties":{"bbox":{"roads":{"area":3674.97,"pct":14.14},"sidewalks":{"area":458.87,"pct":1.77}},"city_same":1,"id":"hex:3812:23924"},"type":"Feature"},{"geometry":{"coordinates":[[[-122.18722,37.43943],[-122.18778,37.44021],[-122.18891,37.44022],[-122.18948,37.43944],[-122.18893,37.43866],[-122.1878,37.43865],[-122.18722,37.43943]]],"type":"Polygon"},"properties":{"bbox":{"roads":{"area":3754.48,"pct":14.45},"sidewalks":{"area":757.35,"pct":2.92}},"city_same":1,"id":"hex:3812:23925"},"type":"Feature"},{"geometry":{"coordinates":[[[-122.18721,37.44099],[-122.18776,37.44177],[-122.18889,37.44178],[-122.18947,37.44101],[-122.18891,37.44022],[-122.18778,37.44021],[-122.18721,37.44099]]],"type":"Polygon"},"properties":{"bbox":{"roads":{"area":1865.77,"pct":7.18},"sidewalks":{"area":302.68,"pct":1.17}},"city_same":1,"id":"hex:3812:23926"},"type":"Feature"},{"geometry":{"coordinates":[[[-122.18719,37.44255],[-122.18775,37.44334],[-122.18888,37.44334],[-122.18945,37.44257],[-122.18889,37.44178],[-122.18776,37.44177],[-122.18719,37.44255]]],"type":"Polygon"},"properties":{"bbox":{"roads":{"area":2398.23,"pct":9.23},"sidewalks":{"area":835.02,"pct":3.21}},"city_same":1,"id":"hex:3812:23927"},"type":"Feature"},{"geometry":{"coordinates":[[[-122.18717,37.44411],[-122.18773,37.4449],[-122.18886,37.4449],[-122.18943,37.44413],[-122.18888,37.44334],[-122.18775,37.44334],[-122.18717,37.44411]]],"type":"Polygon"},"properties":{"bbox":{"roads":{"area":2926.42,"pct":11.26},"sidewalks":{"area":1020.72,"pct":3.93}},"city_same":1,"id":"hex:3812:23928"},"type":"Feature"},{"geometry":{"coordinates":[[[-122.18716,37.44567],[-122.18771,37.44646],[-122.18884,37.44647],[-122.18942,37.44569],[-122.18886,37.4449],[-122.18773,37.4449],[-122.18716,37.44567]]],"type":"Polygon"},"properties":{"bbox":{"roads":{"area":2844.22,"pct":10.95},"sidewalks":{"area":567.61,"pct":2.18}},"city":{"roads":{"area":2495.74,"pct":9.61},"sidewalks":{"area":567.61,"pct":2.18}},"id":"hex:3812:23929"},"type":"Feature"},{"geometry":{"coordinates":[[[-122.18714,37.44723],[-122.1877,37.44802],[-122.18883,37.44803],[-122.1894,37.44725],[-122.18884,37.44647],[-122.18771,37.44646],[-122.18714,37.44723]]],"type":"Polygon"},"properties":{"bbox":{"parking":{"area":144.05,"pct":0.55},"roads":{"area":4989.95,"pct":19.21},"sidewalks":{"area":925.68,"pct":3.56}},"city":{"parking":{"area":144.05,"pct":0.55},"roads":{"area":3091.31,"pct":11.9},"sidewalks":{"area":925.68,"pct":3.56}},"id":"hex:3812:23930"},"type":"Feature"},{"geometry":{"coordinates":[[[-122.18712,37.4488],[-122.18768,37.44958],[-122.18881,37.44959],[-122.18938,37.44881],[-122.18883,37.44803],[-122.1877,37.44802],[-122.18712,37.4488]]],"type":"Polygon"},"properties":{"bbox":{"parking":{"area":1098.05,"pct":4.23},"roads":{"area":2634.98,"pct":10.14},"sidewalks":{"area":423.92,"pct":1.63}},"city_same":1,"id":"hex:3812:23931"},"type":"Feature"},{"geometry":{"coordinates":[[[-122.18711,37.45036],[-122.18766,37.45114],[-122.18879,37.45115],[-122.18937,37.45037],[-122.18881,37.44959],[-122.18768,37.44958],[-122.18711,37.45036]]],"type":"Polygon"},"properties":{"bbox":{"parking":{"area":2864.05,"pct":11.02},"roads":{"area":5120.95,"pct":19.71},"sidewalks":{"area":1023.32,"pct":3.94}},"city_same":1,"id":"hex:3812:23932"},"type":"Feature"},{"geometry":{"coordinates":[[[-122.18709,37.45192],[-122.18765,37.4527],[-122.18878,37.45271],[-122.18935,37.45193],[-122.18879,37.45115],[-122.18766,37.45114],[-122.18709,37.45192]]],"type":"Polygon"},"properties":{"bbox":{"parking":{"area":4985.18,"pct":19.19},"roads":{"area":3428.77,"pct":13.2},"sidewalks":{"area":371.8,"pct":1.43}},"city_same":1,"id":"hex:3812:23933"},"type":"Feature"},{"geometry":{"coordinates":[[[-122.18707,37.45348],[-122.18763,37.45426],[-122.18876,37.45427],[-122.18933,37.45349],[-122.18878,37.45271],[-122.18765,37.4527],[-122.18707,37.45348]]],"type":"Polygon"},"properties":{"bbox":{"parking":{"area":4108.59,"pct":15.81},"roads":{"area":3597.3,"pct":13.85},"sidewalks":{"area":337.92,"pct":1.3}},"city_same":1,"id":"hex:3812:23934"},"type":"Feature"},{"geometry":{"coordinates":[[[-122.18761,37.45582],[-122.18705,37.45504],[-122.18763,37.45426],[-122.18876,37.45427],[-122.18884,37.45438],[-122.18841,37.45489],[-122.188,37.45541],[-122.18771,37.45575],[-122.1878,37.45579],[-122.18787,37.45583],[-122.18761,37.45582]]],"type":"Polygon"},"properties":{"bbox":{"parking":{"area":2004.11,"pct":13.76},"roads":{"area":2804.81,"pct":19.26},"sidewalks":{"area":531.36,"pct":3.65}},"city":{"parking":{"area":2004.11,"pct":13.76},"roads":{"area":2748.98,"pct":18.87},"sidewalks":{"area":531.36,"pct":3.65}},"id":"hex:3812:23935"},"type":"Feature"},{"geometry":{"coordinates":[[[-122.1893,37.45662],[-122.18873,37.45739],[-122.18759,37.45739],[-122.18704,37.4566],[-122.18761,37.45582],[-122.18787,37.45583],[-122.18921,37.45649],[-122.1893,37.45662]]],"type":"Polygon"},"properties":{"bbox":{"parking":{"area":1666.24,"pct":7.18},"roads":{"area":6157.14,"pct":26.54},"sidewalks":{"area":525.41,"pct":2.26}},"city":{"parking":{"area":1666.24,"pct":7.18},"roads":{"area":2930.03,"pct":12.63},"sidewalks":{"area":525.41,"pct":2.26}},"id":"hex:3812:23936"},"type":"Feature"},{"geometry":{"coordinates":[[[-122.18702,37.45816],[-122.18758,37.45895],[-122.18871,37.45895],[-122.18928,37.45818],[-122.18873,37.45739],[-122.18759,37.45739],[-122.18702,37.45816]]],"type":"Polygon"},"properties":{"bbox":{"roads":{"area":3036.64,"pct":11.69},"sidewalks":{"area":59.13,"pct":0.23}},"city_same":1,"id":"hex:3812:23937"},"type":"Feature"},{"geometry":{"coordinates":[[[-122.18758,37.45895],[-122.18871,37.45895],[-122.18927,37.45974],[-122.18869,37.46052],[-122.18848,37.46051],[-122.1886,37.46036],[-122.18708,37.45961],[-122.18758,37.45895]]],"type":"Polygon"},"properties":{"bbox":{"roads":{"area":3046.03,"pct":15.38}},"city_same":1,"id":"hex:3812:23938"},"type":"Feature"},{"geometry":{"coordinates":[[[-122.18869,37.46052],[-122.18925,37.4613],[-122.18867,37.46208],[-122.18754,37.46207],[-122.18741,37.46188],[-122.18755,37.4617],[-122.18771,37.4615],[-122.18848,37.46051],[-122.18869,37.46052]]],"type":"Polygon"},"properties":{"bbox":{"roads":{"area":2058.25,"pct":12.51},"sidewalks":{"area":211.34,"pct":1.28}},"city_same":1,"id":"hex:3812:23939"},"type":"Feature"},{"geometry":{"coordinates":[[[-122.18697,37.46285],[-122.18753,37.46363],[-122.18866,37.46364],[-122.18923,37.46286],[-122.18867,37.46208],[-122.18754,37.46207],[-122.18697,37.46285]]],"type":"Polygon"},"properties":{"bbox":{"roads":{"area":3756.85,"pct":14.46},"sidewalks":{"area":473.59,"pct":1.82}},"city_same":1,"id":"hex:3812:23940"},"type":"Feature"},{"geometry":{"coordinates":[[[-122.18753,37.46363],[-122.18866,37.46364],[-122.18921,37.46442],[-122.18915,37.46451],[-122.18799,37.46393],[-122.18749,37.46368],[-122.18753,37.46363]]],"type":"Polygon"},"properties":{"bbox":{"roads":{"area":782.85,"pct":13.28},"sidewalks":{"area":140.87,"pct":2.39}},"city_same":1,"id":"hex:3812:23941"},"type":"Feature"},{"geometry":{"coordinates":[[[-122.1884,37.48705],[-122.18727,37.48705],[-122.18672,37.48626],[-122.18679,37.48616],[-122.18687,37.48617],[-122.18742,37.48627],[-122.18797,37.48636],[-122.18846,37.48644],[-122.18882,37.48649],[-122.1884,37.48705]]],"type":"Polygon"},"properties":{"bbox":{"parking":{"area":2568.13,"pct":22.12},"roads":{"area":2492.31,"pct":21.47},"sidewalks":{"area":260.05,"pct":2.24}},"city_same":1,"id":"hex:3812:23955"},"type":"Feature"},{"geometry":{"coordinates":[[[-122.1867,37.48782],[-122.18727,37.48705],[-122.1884,37.48705],[-122.18896,37.48784],[-122.18875,37.48812],[-122.18688,37.48808],[-122.1867,37.48782]]],"type":"Polygon"},"properties":{"bbox":{"parking":{"area":6532.69,"pct":35.41},"roads":{"area":1406.48,"pct":7.62}},"city_same":1,"id":"hex:3812:23956"},"type":"Feature"},{"geometry":{"coordinates":[[[-122.18785,37.43397],[-122.18727,37.43475],[-122.18614,37.43474],[-122.18559,37.43395],[-122.18579,37.43367],[-122.18583,37.43368],[-122.18613,37.43367],[-122.18642,37.43362],[-122.18677,37.43351],[-122.18686,37.43349],[-122.18694,37.43348],[-122.18703,37.43348],[-122.18744,37.43351],[-122.18751,37.4335],[-122.18752,37.4335],[-122.18785,37.43397]]],"type":"Polygon"},"properties":{"bbox":{"roads":{"area":1627.28,"pct":7.86},"sidewalks":{"area":429.87,"pct":2.08}},"city_same":1,"id":"hex:3813:23921"},"type":"Feature"},{"geometry":{"coordinates":[[[-122.18557,37.43552],[-122.18613,37.4363],[-122.18726,37.43631],[-122.18783,37.43553],[-122.18727,37.43475],[-122.18614,37.43474],[-122.18557,37.43552]]],"type":"Polygon"},"properties":{"bbox":{"roads":{"area":2930.92,"pct":11.28},"sidewalks":{"area":747.59,"pct":2.88}},"city_same":1,"id":"hex:3813:23922"},"type":"Feature"},{"geometry":{"coordinates":[[[-122.18555,37.43708],[-122.18611,37.43786],[-122.18724,37.43787],[-122.18781,37.43709],[-122.18726,37.43631],[-122.18613,37.4363],[-122.18555,37.43708]]],"type":"Polygon"},"properties":{"bbox":{"roads":{"area":3701.29,"pct":14.25},"sidewalks":{"area":719.77,"pct":2.77}},"city_same":1,"id":"hex:3813:23923"},"type":"Feature"},{"geometry":{"coordinates":[[[-122.18554,37.43864],[-122.18609,37.43942],[-122.18722,37.43943],[-122.1878,37.43865],[-122.18724,37.43787],[-122.18611,37.43786],[-122.18554,37.43864]]],"type":"Polygon"},"properties":{"bbox":{"roads":{"area":3526.11,"pct":13.57},"sidewalks":{"area":837.25,"pct":3.22}},"city_same":1,"id":"hex:3813:23924"},"type":"Feature"},{"geometry":{"coordinates":[[[-122.18552,37.4402],[-122.18608,37.44098],[-122.18721,37.44099],[-122.18778,37.44021],[-122.18722,37.43943],[-122.18609,37.43942],[-122.18552,37.4402]]],"type":"Polygon"},"properties":{"bbox":{"roads":{"area":2850.15,"pct":10.97},"sidewalks":{"area":598.46,"pct":2.3}},"city_same":1,"id":"hex:3813:23925"},"type":"Feature"},{"geometry":{"coordinates":[[[-122.1855,37.44176],[-122.18606,37.44254],[-122.18719,37.44255],[-122.18776,37.44177],[-122.18721,37.44099],[-122.18608,37.44098],[-122.1855,37.44176]]],"type":"Polygon"},"properties":{"bbox":{"roads":{"area":2559.16,"pct":9.85},"sidewalks":{"area":738.12,"pct":2.84}},"city_same":1,"id":"hex:3813:23926"},"type":"Feature"},{"geometry":{"coordinates":[[[-122.18549,37.44332],[-122.18604,37.4441],[-122.18717,37.44411],[-122.18775,37.44334],[-122.18719,37.44255],[-122.18606,37.44254],[-122.18549,37.44332]]],"type":"Polygon"},"properties":{"bbox":{"roads":{"area":3257.32,"pct":12.54},"sidewalks":{"area":1052.76,"pct":4.05}},"city_same":1,"id":"hex:3813:23927"},"type":"Feature"},{"geometry":{"coordinates":[[[-122.18547,37.44488],[-122.18603,37.44567],[-122.18716,37.44567],[-122.18773,37.4449],[-122.18717,37.44411],[-122.18604,37.4441],[-122.18547,37.44488]]],"type":"Polygon"},"properties":{"bbox":{"roads":{"area":2278.53,"pct":8.77},"sidewalks":{"area":608.24,"pct":2.34}},"city_same":1,"id":"hex:3813:23928"},"type":"Feature"},{"geometry":{"coordinates":[[[-122.18545,37.44644],[-122.18601,37.44723],[-122.18714,37.44723],[-122.18771,37.44646],[-122.18716,37.44567],[-122.18603,37.44567],[-122.18545,37.44644]]],"type":"Polygon"},"properties":{"bbox":{"roads":{"area":4540.7,"pct":17.48},"sidewalks":{"area":1136.99,"pct":4.38}},"city_same":1,"id":"hex:3813:23929"},"type":"Feature"},{"geometry":{"coordinates":[[[-122.18543,37.448],[-122.18599,37.44879],[-122.18712,37.4488],[-122.1877,37.44802],[-122.18714,37.44723],[-122.18601,37.44723],[-122.18543,37.448]]],"type":"Polygon"},"properties":{"bbox":{"parking":{"area":613.26,"pct":2.36},"roads":{"area":5101.17,"pct":19.63},"sidewalks":{"area":667.63,"pct":2.57}},"city":{"parking":{"area":613.26,"pct":2.36},"roads":{"area":4076.86,"pct":15.69},"sidewalks":{"area":667.63,"pct":2.57}},"id":"hex:3813:23930"},"type":"Feature"},{"geometry":{"coordinates":[[[-122.18542,37.44956],[-122.18597,37.45035],[-122.18711,37.45036],[-122.18768,37.44958],[-122.18712,37.4488],[-122.18599,37.44879],[-122.18542,37.44956]]],"type":"Polygon"},"properties":{"bbox":{"parking":{"area":4710.61,"pct":18.13},"roads":{"area":5448.88,"pct":20.97},"sidewalks":{"area":1211.17,"pct":4.66}},"city":{"parking":{"area":4710.61,"pct":18.13},"roads":{"area":3841.88,"pct":14.79},"sidewalks":{"area":1211.17,"pct":4.66}},"id":"hex:3813:23931"},"type":"Feature"},{"geometry":{"coordinates":[[[-122.1854,37.45113],[-122.18596,37.45191],[-122.18709,37.45192],[-122.18766,37.45114],[-122.18711,37.45036],[-122.18597,37.45035],[-122.1854,37.45113]]],"type":"Polygon"},"properties":{"bbox":{"parking":{"area":6996.75,"pct":26.93},"roads":{"area":4433.7,"pct":17.07},"sidewalks":{"area":772.49,"pct":2.97}},"city_same":1,"id":"hex:3813:23932"},"type":"Feature"},{"geometry":{"coordinates":[[[-122.18538,37.45269],[-122.18594,37.45347],[-122.18707,37.45348],[-122.18765,37.4527],[-122.18709,37.45192],[-122.18596,37.45191],[-122.18538,37.45269]]],"type":"Polygon"},"properties":{"bbox":{"parking":{"area":4636.8,"pct":17.85},"roads":{"area":4150.7,"pct":15.98},"sidewalks":{"area":670.06,"pct":2.58}},"city_same":1,"id":"hex:3813:23933"},"type":"Feature"},{"geometry":{"coordinates":[[[-122.18537,37.45425],[-122.18592,37.45503],[-122.18705,37.45504],[-122.18763,37.45426],[-122.18707,37.45348],[-122.18594,37.45347],[-122.18537,37.45425]]],"type":"Polygon"},"properties":{"bbox":{"parking":{"area":1587.25,"pct":6.11},"roads":{"area":4048.23,"pct":15.58},"sidewalks":{"area":592.56,"pct":2.28}},"city":{"parking":{"area":1587.25,"pct":6.11},"roads":{"area":3915.39,"pct":15.07},"sidewalks":{"area":592.56,"pct":2.28}},"id":"hex:3813:23934"},"type":"Feature"},{"geometry":{"coordinates":[[[-122.18535,37.45581],[-122.18591,37.45659],[-122.18704,37.4566],[-122.18761,37.45582],[-122.18705,37.45504],[-122.18592,37.45503],[-122.18535,37.45581]]],"type":"Polygon"},"properties":{"bbox":{"parking":{"area":2236.19,"pct":8.61},"roads":{"area":5242.03,"pct":20.18},"sidewalks":{"area":607.62,"pct":2.34}},"city":{"parking":{"area":2236.19,"pct":8.61},"roads":{"area":2427.38,"pct":9.34},"sidewalks":{"area":607.62,"pct":2.34}},"id":"hex:3813:23935"},"type":"Feature"},{"geometry":{"coordinates":[[[-122.18533,37.45737],[-122.18589,37.45815],[-122.18702,37.45816],[-122.18759,37.45739],[-122.18704,37.4566],[-122.18591,37.45659],[-122.18533,37.45737]]],"type":"Polygon"},"properties":{"bbox":{"parking":{"area":1223.51,"pct":4.71},"roads":{"area":4042.21,"pct":15.56},"sidewalks":{"area":587.39,"pct":2.26}},"city_same":1,"id":"hex:3813:23936"},"type":"Feature"},{"geometry":{"coordinates":[[[-122.18589,37.45815],[-122.18702,37.45816],[-122.18758,37.45895],[-122.18708,37.45961],[-122.18693,37.45954],[-122.18616,37.45916],[-122.18578,37.45897],[-122.18542,37.45879],[-122.18589,37.45815]]],"type":"Polygon"},"properties":{"bbox":{"roads":{"area":2100.92,"pct":11.14}},"city_same":1,"id":"hex:3813:23937"},"type":"Feature"},{"geometry":{"coordinates":[[[-122.18754,37.46207],[-122.18697,37.46285],[-122.18667,37.46284],[-122.18741,37.46188],[-122.18754,37.46207]]],"type":"Polygon"},"properties":{"bbox":{"roads":{"area":168.41,"pct":6.88}},"city_same":1,"id":"hex:3813:23939"},"type":"Feature"},{"geometry":{"coordinates":[[[-122.18697,37.46285],[-122.18753,37.46363],[-122.18749,37.46368],[-122.18643,37.46315],[-122.18667,37.46284],[-122.18697,37.46285]]],"type":"Polygon"},"properties":{"bbox":{"roads":{"area":378.57,"pct":10.04},"sidewalks":{"area":75.88,"pct":2.01}},"city_same":1,"id":"hex:3813:23940"},"type":"Feature"},{"geometry":{"coordinates":[[[-122.18569,37.47689],[-122.18546,37.47657],[-122.18671,37.47661],[-122.18672,37.47661],[-122.18695,37.47662],[-122.1868,37.47689],[-122.18569,37.47689]]],"type":"Polygon"},"properties":{"bbox":{"roads":{"area":1588.39,"pct":42.14},"sidewalks":{"area":155.85,"pct":4.13}},"city":{"roads":{"area":1140.41,"pct":30.25},"sidewalks":{"area":155.85,"pct":4.13}},"id":"hex:3813:23948"},"type":"Feature"},{"geometry":{"coordinates":[[[-122.18567,37.47845],[-122.18511,37.47766],[-122.18569,37.47689],[-122.1868,37.47689],[-122.18622,37.47789],[-122.18611,37.47818],[-122.18605,37.47829],[-122.18596,37.47845],[-122.18567,37.47845]]],"type":"Polygon"},"properties":{"bbox":{"roads":{"area":4134.16,"pct":27.96},"sidewalks":{"area":492.35,"pct":3.33}},"city":{"roads":{"area":1280.73,"pct":8.66},"sidewalks":{"area":492.35,"pct":3.33}},"id":"hex:3813:23949"},"type":"Feature"},{"geometry":{"coordinates":[[[-122.1851,37.47922],[-122.18567,37.47845],[-122.18596,37.47845],[-122.18588,37.4786],[-122.18566,37.47897],[-122.18557,37.47912],[-122.18532,37.47955],[-122.1851,37.47922]]],"type":"Polygon"},"properties":{"bbox":{"roads":{"area":2144.09,"pct":64.13},"sidewalks":{"area":73.71,"pct":2.2}},"city":{"roads":{"area":401.8,"pct":12.02},"sidewalks":{"area":73.71,"pct":2.2}},"id":"hex:3813:23950"},"type":"Feature"},{"geometry":{"coordinates":[[[-122.18672,37.48626],[-122.18559,37.48625],[-122.1853,37.48585],[-122.18553,37.4859],[-122.18592,37.48599],[-122.18639,37.48608],[-122.18679,37.48616],[-122.18672,37.48626]]],"type":"Polygon"},"properties":{"bbox":{"parking":{"area":83.98,"pct":2.77},"roads":{"area":1103.24,"pct":36.34},"sidewalks":{"area":163.89,"pct":5.4}},"city_same":1,"id":"hex:3813:23954"},"type":"Feature"},{"geometry":{"coordinates":[[[-122.18501,37.48703],[-122.18557,37.48781],[-122.1867,37.48782],[-122.18727,37.48705],[-122.18672,37.48626],[-122.18559,37.48625],[-122.18501,37.48703]]],"type":"Polygon"},"properties":{"bbox":{"parking":{"area":10743.53,"pct":41.35},"roads":{"area":3479.93,"pct":13.39},"sidewalks":{"area":32.14,"pct":0.12}},"city_same":1,"id":"hex:3813:23955"},"type":"Feature"},{"geometry":{"coordinates":[[[-122.18557,37.48781],[-122.1867,37.48782],[-122.18688,37.48808],[-122.18539,37.48805],[-122.18557,37.48781]]],"type":"Polygon"},"properties":{"bbox":{"parking":{"area":2131.32,"pct":67.19},"roads":{"area":348.99,"pct":11}},"city_same":1,"id":"hex:3813:23956"},"type":"Feature"},{"geometry":{"coordinates":[[[-122.18559,37.43395],[-122.18614,37.43474],[-122.18557,37.43552],[-122.18444,37.43551],[-122.18398,37.43486],[-122.18411,37.43472],[-122.18425,37.43455],[-122.18439,37.43438],[-122.18455,37.43419],[-122.18473,37.43401],[-122.18481,37.43395],[-122.18559,37.43395]]],"type":"Polygon"},"properties":{"bbox":{"roads":{"area":2202.81,"pct":9.25},"sidewalks":{"area":394.8,"pct":1.66}},"city_same":1,"id":"hex:3814:23922"},"type":"Feature"},{"geometry":{"coordinates":[[[-122.18387,37.43628],[-122.18442,37.43707],[-122.18555,37.43708],[-122.18613,37.4363],[-122.18557,37.43552],[-122.18444,37.43551],[-122.18387,37.43628]]],"type":"Polygon"},"properties":{"bbox":{"roads":{"area":3954.92,"pct":15.22},"sidewalks":{"area":890.23,"pct":3.43}},"city_same":1,"id":"hex:3814:23923"},"type":"Feature"},{"geometry":{"coordinates":[[[-122.18385,37.43785],[-122.18441,37.43863],[-122.18554,37.43864],[-122.18611,37.43786],[-122.18555,37.43708],[-122.18442,37.43707],[-122.18385,37.43785]]],"type":"Polygon"},"properties":{"bbox":{"roads":{"area":2753.69,"pct":10.6},"sidewalks":{"area":702.99,"pct":2.71}},"city_same":1,"id":"hex:3814:23924"},"type":"Feature"},{"geometry":{"coordinates":[[[-122.18383,37.43941],[-122.18439,37.44019],[-122.18552,37.4402],[-122.18609,37.43942],[-122.18554,37.43864],[-122.18441,37.43863],[-122.18383,37.43941]]],"type":"Polygon"},"properties":{"bbox":{"roads":{"area":2517.78,"pct":9.69},"sidewalks":{"area":584.01,"pct":2.25}},"city_same":1,"id":"hex:3814:23925"},"type":"Feature"},{"geometry":{"coordinates":[[[-122.18382,37.44097],[-122.18437,37.44175],[-122.1855,37.44176],[-122.18608,37.44098],[-122.18552,37.4402],[-122.18439,37.44019],[-122.18382,37.44097]]],"type":"Polygon"},"properties":{"bbox":{"roads":{"area":3165.46,"pct":12.18},"sidewalks":{"area":396.75,"pct":1.53}},"city_same":1,"id":"hex:3814:23926"},"type":"Feature"},{"geometry":{"coordinates":[[[-122.1838,37.44253],[-122.18436,37.44331],[-122.18549,37.44332],[-122.18606,37.44254],[-122.1855,37.44176],[-122.18437,37.44175],[-122.1838,37.44253]]],"type":"Polygon"},"properties":{"bbox":{"roads":{"area":4026.82,"pct":15.5},"sidewalks":{"area":792.72,"pct":3.05}},"city_same":1,"id":"hex:3814:23927"},"type":"Feature"},{"geometry":{"coordinates":[[[-122.18378,37.44409],[-122.18434,37.44487],[-122.18547,37.44488],[-122.18604,37.4441],[-122.18549,37.44332],[-122.18436,37.44331],[-122.18378,37.44409]]],"type":"Polygon"},"properties":{"bbox":{"roads":{"area":3012.96,"pct":11.6},"sidewalks":{"area":782.56,"pct":3.01}},"city_same":1,"id":"hex:3814:23928"},"type":"Feature"},{"geometry":{"coordinates":[[[-122.18376,37.44565],[-122.18432,37.44643],[-122.18545,37.44644],[-122.18603,37.44567],[-122.18547,37.44488],[-122.18434,37.44487],[-122.18376,37.44565]]],"type":"Polygon"},"properties":{"bbox":{"roads":{"area":4078.52,"pct":15.7},"sidewalks":{"area":979.31,"pct":3.77}},"city_same":1,"id":"hex:3814:23929"},"type":"Feature"},{"geometry":{"coordinates":[[[-122.18375,37.44721],[-122.1843,37.448],[-122.18543,37.448],[-122.18601,37.44723],[-122.18545,37.44644],[-122.18432,37.44643],[-122.18375,37.44721]]],"type":"Polygon"},"properties":{"bbox":{"parking":{"area":426.13,"pct":1.64},"roads":{"area":4103.97,"pct":15.8},"sidewalks":{"area":707.66,"pct":2.72}},"city_same":1,"id":"hex:3814:23930"},"type":"Feature"},{"geometry":{"coordinates":[[[-122.18373,37.44877],[-122.18429,37.44956],[-122.18542,37.44956],[-122.18599,37.44879],[-122.18543,37.448],[-122.1843,37.448],[-122.18373,37.44877]]],"type":"Polygon"},"properties":{"bbox":{"parking":{"area":3838.92,"pct":14.78},"roads":{"area":5918.8,"pct":22.78},"sidewalks":{"area":1332.29,"pct":5.13}},"city_same":1,"id":"hex:3814:23931"},"type":"Feature"},{"geometry":{"coordinates":[[[-122.18371,37.45033],[-122.18427,37.45112],[-122.1854,37.45113],[-122.18597,37.45035],[-122.18542,37.44956],[-122.18429,37.44956],[-122.18371,37.45033]]],"type":"Polygon"},"properties":{"bbox":{"parking":{"area":8217.99,"pct":31.63},"roads":{"area":5617.44,"pct":21.62},"sidewalks":{"area":1610.63,"pct":6.2}},"city":{"parking":{"area":8217.99,"pct":31.63},"roads":{"area":4714.51,"pct":18.15},"sidewalks":{"area":1610.63,"pct":6.2}},"id":"hex:3814:23932"},"type":"Feature"},{"geometry":{"coordinates":[[[-122.1837,37.45189],[-122.18425,37.45268],[-122.18538,37.45269],[-122.18596,37.45191],[-122.1854,37.45113],[-122.18427,37.45112],[-122.1837,37.45189]]],"type":"Polygon"},"properties":{"bbox":{"parking":{"area":5026.65,"pct":19.35},"roads":{"area":5028.68,"pct":19.36},"sidewalks":{"area":1183.51,"pct":4.56}},"city":{"parking":{"area":5026.65,"pct":19.35},"roads":{"area":3481.94,"pct":13.4},"sidewalks":{"area":1183.51,"pct":4.56}},"id":"hex:3814:23933"},"type":"Feature"},{"geometry":{"coordinates":[[[-122.18368,37.45346],[-122.18424,37.45424],[-122.18537,37.45425],[-122.18594,37.45347],[-122.18538,37.45269],[-122.18425,37.45268],[-122.18368,37.45346]]],"type":"Polygon"},"properties":{"bbox":{"parking":{"area":8409.75,"pct":32.37},"roads":{"area":5560.66,"pct":21.4},"sidewalks":{"area":844.08,"pct":3.25}},"city":{"parking":{"area":8409.75,"pct":32.37},"roads":{"area":5299.65,"pct":20.4},"sidewalks":{"area":844.08,"pct":3.25}},"id":"hex:3814:23934"},"type":"Feature"},{"geometry":{"coordinates":[[[-122.18366,37.45502],[-122.18422,37.4558],[-122.18535,37.45581],[-122.18592,37.45503],[-122.18537,37.45425],[-122.18424,37.45424],[-122.18366,37.45502]]],"type":"Polygon"},"properties":{"bbox":{"parking":{"area":1361.52,"pct":5.24},"roads":{"area":4718,"pct":18.16},"sidewalks":{"area":1029.82,"pct":3.96}},"city":{"parking":{"area":1361.52,"pct":5.24},"roads":{"area":2084.83,"pct":8.02},"sidewalks":{"area":1029.82,"pct":3.96}},"id":"hex:3814:23935"},"type":"Feature"},{"geometry":{"coordinates":[[[-122.18365,37.45658],[-122.1842,37.45736],[-122.18533,37.45737],[-122.18591,37.45659],[-122.18535,37.45581],[-122.18422,37.4558],[-122.18365,37.45658]]],"type":"Polygon"},"properties":{"bbox":{"parking":{"area":1095.24,"pct":4.22},"roads":{"area":4167.12,"pct":16.04},"sidewalks":{"area":694.05,"pct":2.67}},"city_same":1,"id":"hex:3814:23936"},"type":"Feature"},{"geometry":{"coordinates":[[[-122.1842,37.45736],[-122.18533,37.45737],[-122.18589,37.45815],[-122.18542,37.45879],[-122.18376,37.45797],[-122.1842,37.45736]]],"type":"Polygon"},"properties":{"bbox":{"parking":{"area":81.13,"pct":0.45},"roads":{"area":3896.75,"pct":21.45},"sidewalks":{"area":489.21,"pct":2.69}},"city_same":1,"id":"hex:3814:23937"},"type":"Feature"},{"geometry":{"coordinates":[[[-122.18569,37.47689],[-122.18511,37.47766],[-122.18398,37.47766],[-122.18343,37.47687],[-122.1837,37.47651],[-122.18546,37.47657],[-122.18569,37.47689]]],"type":"Polygon"},"properties":{"bbox":{"roads":{"area":3632.9,"pct":18.38},"sidewalks":{"area":818.82,"pct":4.14}},"city_same":1,"id":"hex:3814:23949"},"type":"Feature"},{"geometry":{"coordinates":[[[-122.18341,37.47843],[-122.18397,37.47922],[-122.1851,37.47922],[-122.18567,37.47845],[-122.18511,37.47766],[-122.18398,37.47766],[-122.18341,37.47843]]],"type":"Polygon"},"properties":{"bbox":{"parking":{"area":5604.98,"pct":21.57},"roads":{"area":4050.35,"pct":15.59},"sidewalks":{"area":470.59,"pct":1.81}},"city":{"parking":{"area":5604.98,"pct":21.57},"roads":{"area":3969.38,"pct":15.28},"sidewalks":{"area":470.59,"pct":1.81}},"id":"hex:3814:23950"},"type":"Feature"},{"geometry":{"coordinates":[[[-122.18395,37.48078],[-122.18339,37.47999],[-122.18397,37.47922],[-122.1851,37.47922],[-122.18532,37.47955],[-122.18472,37.4806],[-122.18462,37.48078],[-122.18395,37.48078]]],"type":"Polygon"},"properties":{"bbox":{"parking":{"area":4267.82,"pct":20.74},"roads":{"area":4872.75,"pct":23.68},"sidewalks":{"area":798.58,"pct":3.88}},"city":{"parking":{"area":4267.82,"pct":20.74},"roads":{"area":2358.67,"pct":11.46},"sidewalks":{"area":798.58,"pct":3.88}},"id":"hex:3814:23951"},"type":"Feature"},{"geometry":{"coordinates":[[[-122.18337,37.48155],[-122.18395,37.48078],[-122.18462,37.48078],[-122.18459,37.48084],[-122.18383,37.48219],[-122.18337,37.48155]]],"type":"Polygon"},"properties":{"bbox":{"roads":{"area":3908.62,"pct":47.42},"sidewalks":{"area":112.23,"pct":1.36}},"city":{"roads":{"area":1941.1,"pct":23.55},"sidewalks":{"area":112.23,"pct":1.36}},"id":"hex:3814:23952"},"type":"Feature"},{"geometry":{"coordinates":[[[-122.18559,37.48625],[-122.18501,37.48703],[-122.18388,37.48702],[-122.18332,37.48624],[-122.18387,37.4855],[-122.18407,37.48556],[-122.18453,37.48567],[-122.18508,37.4858],[-122.1853,37.48585],[-122.18559,37.48625]]],"type":"Polygon"},"properties":{"bbox":{"parking":{"area":1982.45,"pct":8.45},"roads":{"area":3338.8,"pct":14.23},"sidewalks":{"area":873.41,"pct":3.72}},"city_same":1,"id":"hex:3814:23955"},"type":"Feature"},{"geometry":{"coordinates":[[[-122.18331,37.4878],[-122.18388,37.48702],[-122.18501,37.48703],[-122.18557,37.48781],[-122.18539,37.48805],[-122.18463,37.48804],[-122.18462,37.48833],[-122.18371,37.48834],[-122.18368,37.48833],[-122.18331,37.4878]]],"type":"Polygon"},"properties":{"bbox":{"parking":{"area":6690.36,"pct":32.17},"roads":{"area":2175.14,"pct":10.46},"sidewalks":{"area":388.56,"pct":1.87}},"city_same":1,"id":"hex:3814:23956"},"type":"Feature"},{"geometry":{"coordinates":[[[-122.18444,37.43551],[-122.18387,37.43628],[-122.1834,37.43628],[-122.1834,37.43615],[-122.1834,37.43598],[-122.18341,37.4358],[-122.18347,37.43563],[-122.18355,37.43547],[-122.1838,37.4351],[-122.18395,37.4349],[-122.18398,37.43486],[-122.18444,37.43551]]],"type":"Polygon"},"properties":{"bbox":{"roads":{"area":309.84,"pct":3.66},"sidewalks":{"area":62.12,"pct":0.73}},"city_same":1,"id":"hex:3815:23922"},"type":"Feature"},{"geometry":{"coordinates":[[[-122.18387,37.43628],[-122.18442,37.43707],[-122.18385,37.43785],[-122.18272,37.43784],[-122.18271,37.43783],[-122.18272,37.4378],[-122.18284,37.43761],[-122.183,37.43743],[-122.18319,37.43727],[-122.18338,37.43712],[-122.18341,37.43709],[-122.18344,37.43705],[-122.18346,37.43701],[-122.18347,37.43696],[-122.18348,37.43692],[-122.18347,37.43677],[-122.18344,37.43663],[-122.1834,37.43639],[-122.1834,37.43628],[-122.18387,37.43628]]],"type":"Polygon"},"properties":{"bbox":{"roads":{"area":853.92,"pct":6.13},"sidewalks":{"area":221.41,"pct":1.59}},"city_same":1,"id":"hex:3815:23923"},"type":"Feature"},{"geometry":{"coordinates":[[[-122.18272,37.43784],[-122.18385,37.43785],[-122.18441,37.43863],[-122.18383,37.43941],[-122.1827,37.4394],[-122.18246,37.43906],[-122.18253,37.4389],[-122.18258,37.43867],[-122.18259,37.43822],[-122.18264,37.43801],[-122.18269,37.43788],[-122.18272,37.43784]]],"type":"Polygon"},"properties":{"bbox":{"roads":{"area":2063.28,"pct":8.76},"sidewalks":{"area":467.95,"pct":1.99}},"city_same":1,"id":"hex:3815:23924"},"type":"Feature"},{"geometry":{"coordinates":[[[-122.18213,37.44017],[-122.18269,37.44096],[-122.18382,37.44097],[-122.18439,37.44019],[-122.18383,37.43941],[-122.1827,37.4394],[-122.18213,37.44017]]],"type":"Polygon"},"properties":{"bbox":{"roads":{"area":2633.49,"pct":10.14},"sidewalks":{"area":463.77,"pct":1.79}},"city_same":1,"id":"hex:3815:23925"},"type":"Feature"},{"geometry":{"coordinates":[[[-122.18211,37.44174],[-122.18267,37.44252],[-122.1838,37.44253],[-122.18437,37.44175],[-122.18382,37.44097],[-122.18269,37.44096],[-122.18211,37.44174]]],"type":"Polygon"},"properties":{"bbox":{"roads":{"area":2809.72,"pct":10.81},"sidewalks":{"area":415.84,"pct":1.6}},"city_same":1,"id":"hex:3815:23926"},"type":"Feature"},{"geometry":{"coordinates":[[[-122.18209,37.4433],[-122.18265,37.44408],[-122.18378,37.44409],[-122.18436,37.44331],[-122.1838,37.44253],[-122.18267,37.44252],[-122.18209,37.4433]]],"type":"Polygon"},"properties":{"bbox":{"parking":{"area":1257.93,"pct":4.84},"roads":{"area":3876,"pct":14.92},"sidewalks":{"area":846.09,"pct":3.26}},"city_same":1,"id":"hex:3815:23927"},"type":"Feature"},{"geometry":{"coordinates":[[[-122.18208,37.44486],[-122.18263,37.44564],[-122.18376,37.44565],[-122.18434,37.44487],[-122.18378,37.44409],[-122.18265,37.44408],[-122.18208,37.44486]]],"type":"Polygon"},"properties":{"bbox":{"parking":{"area":372.82,"pct":1.43},"roads":{"area":2354.66,"pct":9.06},"sidewalks":{"area":520.36,"pct":2}},"city_same":1,"id":"hex:3815:23928"},"type":"Feature"},{"geometry":{"coordinates":[[[-122.18206,37.44642],[-122.18262,37.4472],[-122.18375,37.44721],[-122.18432,37.44643],[-122.18376,37.44565],[-122.18263,37.44564],[-122.18206,37.44642]]],"type":"Polygon"},"properties":{"bbox":{"parking":{"area":180.27,"pct":0.69},"roads":{"area":4202.85,"pct":16.18},"sidewalks":{"area":683.77,"pct":2.63}},"city_same":1,"id":"hex:3815:23929"},"type":"Feature"},{"geometry":{"coordinates":[[[-122.18204,37.44798],[-122.1826,37.44876],[-122.18373,37.44877],[-122.1843,37.448],[-122.18375,37.44721],[-122.18262,37.4472],[-122.18204,37.44798]]],"type":"Polygon"},"properties":{"bbox":{"parking":{"area":169.87,"pct":0.65},"roads":{"area":5191.74,"pct":19.98},"sidewalks":{"area":1172.31,"pct":4.51}},"city_same":1,"id":"hex:3815:23930"},"type":"Feature"},{"geometry":{"coordinates":[[[-122.18203,37.44954],[-122.18258,37.45033],[-122.18371,37.45033],[-122.18429,37.44956],[-122.18373,37.44877],[-122.1826,37.44876],[-122.18203,37.44954]]],"type":"Polygon"},"properties":{"bbox":{"parking":{"area":1291.85,"pct":4.97},"roads":{"area":4244.85,"pct":16.34},"sidewalks":{"area":1022.86,"pct":3.94}},"city_same":1,"id":"hex:3815:23931"},"type":"Feature"},{"geometry":{"coordinates":[[[-122.18201,37.4511],[-122.18257,37.45189],[-122.1837,37.45189],[-122.18427,37.45112],[-122.18371,37.45033],[-122.18258,37.45033],[-122.18201,37.4511]]],"type":"Polygon"},"properties":{"bbox":{"parking":{"area":6662.86,"pct":25.65},"roads":{"area":5383.56,"pct":20.72},"sidewalks":{"area":874.79,"pct":3.37}},"city_same":1,"id":"hex:3815:23932"},"type":"Feature"},{"geometry":{"coordinates":[[[-122.18199,37.45266],[-122.18255,37.45345],[-122.18368,37.45346],[-122.18425,37.45268],[-122.1837,37.45189],[-122.18257,37.45189],[-122.18199,37.45266]]],"type":"Polygon"},"properties":{"bbox":{"parking":{"area":6523.73,"pct":25.11},"roads":{"area":5966.15,"pct":22.96},"sidewalks":{"area":1243.91,"pct":4.79}},"city":{"parking":{"area":6523.73,"pct":25.11},"roads":{"area":4043.82,"pct":15.56},"sidewalks":{"area":1243.91,"pct":4.79}},"id":"hex:3815:23933"},"type":"Feature"},{"geometry":{"coordinates":[[[-122.18198,37.45422],[-122.18253,37.45501],[-122.18366,37.45502],[-122.18424,37.45424],[-122.18368,37.45346],[-122.18255,37.45345],[-122.18198,37.45422]]],"type":"Polygon"},"properties":{"bbox":{"parking":{"area":2677.08,"pct":10.3},"roads":{"area":5895.7,"pct":22.69},"sidewalks":{"area":1016.52,"pct":3.91}},"city":{"parking":{"area":2677.08,"pct":10.3},"roads":{"area":2963.74,"pct":11.41},"sidewalks":{"area":1016.52,"pct":3.91}},"id":"hex:3815:23934"},"type":"Feature"},{"geometry":{"coordinates":[[[-122.18196,37.45579],[-122.18252,37.45657],[-122.18365,37.45658],[-122.18422,37.4558],[-122.18366,37.45502],[-122.18253,37.45501],[-122.18196,37.45579]]],"type":"Polygon"},"properties":{"bbox":{"parking":{"area":4227.91,"pct":16.27},"roads":{"area":5268.2,"pct":20.28},"sidewalks":{"area":941.57,"pct":3.62}},"city_same":1,"id":"hex:3815:23935"},"type":"Feature"},{"geometry":{"coordinates":[[[-122.1825,37.45813],[-122.18194,37.45735],[-122.18252,37.45657],[-122.18365,37.45658],[-122.1842,37.45736],[-122.18376,37.45797],[-122.1837,37.45794],[-122.18366,37.458],[-122.18355,37.45814],[-122.1825,37.45813]]],"type":"Polygon"},"properties":{"bbox":{"parking":{"area":779.13,"pct":3.01},"roads":{"area":3970.76,"pct":15.36},"sidewalks":{"area":634.22,"pct":2.45}},"city_same":1,"id":"hex:3815:23936"},"type":"Feature"},{"geometry":{"coordinates":[[[-122.18192,37.45891],[-122.1825,37.45813],[-122.18355,37.45814],[-122.18249,37.45951],[-122.18248,37.4595],[-122.18241,37.45959],[-122.18192,37.45891]]],"type":"Polygon"},"properties":{"bbox":{"parking":{"area":10.25,"pct":0.09}},"city_same":1,"id":"hex:3815:23937"},"type":"Feature"},{"geometry":{"coordinates":[[[-122.18343,37.47687],[-122.18229,37.47686],[-122.182,37.47645],[-122.1837,37.47651],[-122.18343,37.47687]]],"type":"Polygon"},"properties":{"bbox":{"roads":{"area":1031.14,"pct":18.96},"sidewalks":{"area":197.89,"pct":3.64}},"city_same":1,"id":"hex:3815:23948"},"type":"Feature"},{"geometry":{"coordinates":[[[-122.18172,37.47764],[-122.18228,37.47842],[-122.18341,37.47843],[-122.18398,37.47766],[-122.18343,37.47687],[-122.18229,37.47686],[-122.18172,37.47764]]],"type":"Polygon"},"properties":{"bbox":{"roads":{"area":3056.57,"pct":11.76},"sidewalks":{"area":999.15,"pct":3.85}},"city_same":1,"id":"hex:3815:23949"},"type":"Feature"},{"geometry":{"coordinates":[[[-122.1817,37.4792],[-122.18226,37.47999],[-122.18339,37.47999],[-122.18397,37.47922],[-122.18341,37.47843],[-122.18228,37.47842],[-122.1817,37.4792]]],"type":"Polygon"},"properties":{"bbox":{"parking":{"area":10996.22,"pct":42.32},"roads":{"area":2850.64,"pct":10.97},"sidewalks":{"area":218.52,"pct":0.84}},"city_same":1,"id":"hex:3815:23950"},"type":"Feature"},{"geometry":{"coordinates":[[[-122.18169,37.48076],[-122.18224,37.48155],[-122.18337,37.48155],[-122.18395,37.48078],[-122.18339,37.47999],[-122.18226,37.47999],[-122.18169,37.48076]]],"type":"Polygon"},"properties":{"bbox":{"parking":{"area":9457.69,"pct":36.4},"roads":{"area":4355.6,"pct":16.76},"sidewalks":{"area":939.77,"pct":3.62}},"city":{"parking":{"area":9457.69,"pct":36.4},"roads":{"area":4086.32,"pct":15.73},"sidewalks":{"area":939.77,"pct":3.62}},"id":"hex:3815:23951"},"type":"Feature"},{"geometry":{"coordinates":[[[-122.18223,37.48311],[-122.18167,37.48232],[-122.18224,37.48155],[-122.18337,37.48155],[-122.18383,37.48219],[-122.18376,37.48232],[-122.1834,37.48224],[-122.18335,37.48179],[-122.18274,37.48224],[-122.18268,37.48229],[-122.18265,37.48232],[-122.18261,37.48236],[-122.18258,37.48239],[-122.18254,37.48243],[-122.18251,37.48247],[-122.18249,37.48251],[-122.18245,37.48256],[-122.18242,37.48263],[-122.1824,37.48267],[-122.18238,37.48271],[-122.18236,37.48278],[-122.18235,37.48284],[-122.18234,37.48289],[-122.18234,37.48293],[-122.18234,37.483],[-122.18234,37.48306],[-122.18235,37.48311],[-122.18235,37.48311],[-122.18223,37.48311]]],"type":"Polygon"},"properties":{"bbox":{"parking":{"area":1098.74,"pct":7.76},"roads":{"area":5881.34,"pct":41.52},"sidewalks":{"area":512.6,"pct":3.62}},"city":{"parking":{"area":1098.74,"pct":7.76},"roads":{"area":1403.56,"pct":9.91},"sidewalks":{"area":512.6,"pct":3.62}},"id":"hex:3815:23952"},"type":"Feature"},{"geometry":{"coordinates":[[[-122.18221,37.48467],[-122.18165,37.48388],[-122.18223,37.48311],[-122.18235,37.48311],[-122.18236,37.48317],[-122.18238,37.48322],[-122.18239,37.48326],[-122.18242,37.48332],[-122.18245,37.48338],[-122.18247,37.48342],[-122.18251,37.48347],[-122.18255,37.48352],[-122.1826,37.48357],[-122.18265,37.48362],[-122.18277,37.48341],[-122.18308,37.48351],[-122.18265,37.48435],[-122.18247,37.48467],[-122.18221,37.48467]]],"type":"Polygon"},"properties":{"bbox":{"parking":{"area":487.76,"pct":4.2},"roads":{"area":4557.42,"pct":39.23}},"city":{"parking":{"area":487.76,"pct":4.2},"roads":{"area":407.65,"pct":3.51}},"id":"hex:3815:23953"},"type":"Feature"},{"geometry":{"coordinates":[[[-122.18332,37.48624],[-122.18219,37.48623],[-122.18164,37.48545],[-122.18221,37.48467],[-122.18247,37.48467],[-122.1823,37.48497],[-122.18229,37.48498],[-122.18229,37.485],[-122.18229,37.48501],[-122.1823,37.48502],[-122.1823,37.48503],[-122.18231,37.48504],[-122.18232,37.48505],[-122.18233,37.48506],[-122.18257,37.48514],[-122.18294,37.48525],[-122.1833,37.48535],[-122.18355,37.48542],[-122.18377,37.48548],[-122.18387,37.4855],[-122.18332,37.48624]]],"type":"Polygon"},"properties":{"bbox":{"parking":{"area":2733.77,"pct":14.59},"roads":{"area":3660.43,"pct":19.53},"sidewalks":{"area":1039.84,"pct":5.55}},"city_same":1,"id":"hex:3815:23954"},"type":"Feature"},{"geometry":{"coordinates":[[[-122.18162,37.48701],[-122.18218,37.48779],[-122.18331,37.4878],[-122.18388,37.48702],[-122.18332,37.48624],[-122.18219,37.48623],[-122.18162,37.48701]]],"type":"Polygon"},"properties":{"bbox":{"parking":{"area":4454.25,"pct":17.14},"roads":{"area":2883.4,"pct":11.1},"sidewalks":{"area":665.85,"pct":2.56}},"city_same":1,"id":"hex:3815:23955"},"type":"Feature"},{"geometry":{"coordinates":[[[-122.18218,37.48779],[-122.18331,37.4878],[-122.18368,37.48833],[-122.18214,37.48783],[-122.18218,37.48779]]],"type":"Polygon"},"properties":{"bbox":{"roads":{"area":233.08,"pct":7.01}},"city_same":1,"id":"hex:3815:23956"},"type":"Feature"},{"geometry":{"coordinates":[[[-122.1827,37.4394],[-122.18213,37.44017],[-122.181,37.44017],[-122.18044,37.43938],[-122.18053,37.43926],[-122.18091,37.43933],[-122.181,37.43935],[-122.18109,37.43938],[-122.18117,37.43942],[-122.18134,37.43955],[-122.18146,37.43961],[-122.18154,37.43964],[-122.18163,37.43966],[-122.18173,37.43966],[-122.18182,37.43966],[-122.18191,37.43964],[-122.18199,37.4396],[-122.18207,37.43956],[-122.18214,37.43951],[-122.18231,37.43932],[-122.18244,37.43912],[-122.18246,37.43906],[-122.1827,37.4394]]],"type":"Polygon"},"properties":{"bbox":{"roads":{"area":47.46,"pct":0.39}},"city_same":1,"id":"hex:3816:23925"},"type":"Feature"},{"geometry":{"coordinates":[[[-122.18042,37.44094],[-122.18098,37.44173],[-122.18211,37.44174],[-122.18269,37.44096],[-122.18213,37.44017],[-122.181,37.44017],[-122.18042,37.44094]]],"type":"Polygon"},"properties":{"bbox":{"roads":{"area":3286.38,"pct":12.65},"sidewalks":{"area":370.39,"pct":1.43}},"city_same":1,"id":"hex:3816:23926"},"type":"Feature"},{"geometry":{"coordinates":[[[-122.18041,37.4425],[-122.18096,37.44329],[-122.18209,37.4433],[-122.18267,37.44252],[-122.18211,37.44174],[-122.18098,37.44173],[-122.18041,37.4425]]],"type":"Polygon"},"properties":{"bbox":{"roads":{"area":2591.31,"pct":9.97},"sidewalks":{"area":17.21,"pct":0.07}},"city_same":1,"id":"hex:3816:23927"},"type":"Feature"},{"geometry":{"coordinates":[[[-122.18039,37.44407],[-122.18095,37.44485],[-122.18208,37.44486],[-122.18265,37.44408],[-122.18209,37.4433],[-122.18096,37.44329],[-122.18039,37.44407]]],"type":"Polygon"},"properties":{"bbox":{"roads":{"area":4200.57,"pct":16.17},"sidewalks":{"area":666.99,"pct":2.57}},"city_same":1,"id":"hex:3816:23928"},"type":"Feature"},{"geometry":{"coordinates":[[[-122.18037,37.44563],[-122.18093,37.44641],[-122.18206,37.44642],[-122.18263,37.44564],[-122.18208,37.44486],[-122.18095,37.44485],[-122.18037,37.44563]]],"type":"Polygon"},"properties":{"bbox":{"roads":{"area":4903.74,"pct":18.87},"sidewalks":{"area":651.56,"pct":2.51}},"city_same":1,"id":"hex:3816:23929"},"type":"Feature"},{"geometry":{"coordinates":[[[-122.18036,37.44719],[-122.18091,37.44797],[-122.18204,37.44798],[-122.18262,37.4472],[-122.18206,37.44642],[-122.18093,37.44641],[-122.18036,37.44719]]],"type":"Polygon"},"properties":{"bbox":{"parking":{"area":3469.06,"pct":13.35},"roads":{"area":3680.26,"pct":14.17},"sidewalks":{"area":786.34,"pct":3.03}},"city_same":1,"id":"hex:3816:23930"},"type":"Feature"},{"geometry":{"coordinates":[[[-122.18034,37.44875],[-122.1809,37.44953],[-122.18203,37.44954],[-122.1826,37.44876],[-122.18204,37.44798],[-122.18091,37.44797],[-122.18034,37.44875]]],"type":"Polygon"},"properties":{"bbox":{"parking":{"area":3089.63,"pct":11.89},"roads":{"area":2980.39,"pct":11.47},"sidewalks":{"area":355.62,"pct":1.37}},"city_same":1,"id":"hex:3816:23931"},"type":"Feature"},{"geometry":{"coordinates":[[[-122.18032,37.45031],[-122.18088,37.45109],[-122.18201,37.4511],[-122.18258,37.45033],[-122.18203,37.44954],[-122.1809,37.44953],[-122.18032,37.45031]]],"type":"Polygon"},"properties":{"bbox":{"parking":{"area":385.4,"pct":1.48},"roads":{"area":4775.76,"pct":18.38},"sidewalks":{"area":1272.02,"pct":4.9}},"city_same":1,"id":"hex:3816:23932"},"type":"Feature"},{"geometry":{"coordinates":[[[-122.18031,37.45187],[-122.18086,37.45266],[-122.18199,37.45266],[-122.18257,37.45189],[-122.18201,37.4511],[-122.18088,37.45109],[-122.18031,37.45187]]],"type":"Polygon"},"properties":{"bbox":{"parking":{"area":5215.83,"pct":20.08},"roads":{"area":4753.77,"pct":18.3},"sidewalks":{"area":740.88,"pct":2.85}},"city":{"parking":{"area":5215.83,"pct":20.08},"roads":{"area":3952.86,"pct":15.21},"sidewalks":{"area":740.88,"pct":2.85}},"id":"hex:3816:23933"},"type":"Feature"},{"geometry":{"coordinates":[[[-122.18029,37.45343],[-122.18085,37.45422],[-122.18198,37.45422],[-122.18255,37.45345],[-122.18199,37.45266],[-122.18086,37.45266],[-122.18029,37.45343]]],"type":"Polygon"},"properties":{"bbox":{"parking":{"area":4248.31,"pct":16.35},"roads":{"area":8223.52,"pct":31.65},"sidewalks":{"area":1094.63,"pct":4.21}},"city":{"parking":{"area":4248.31,"pct":16.35},"roads":{"area":2646.24,"pct":10.19},"sidewalks":{"area":1094.63,"pct":4.21}},"id":"hex:3816:23934"},"type":"Feature"},{"geometry":{"coordinates":[[[-122.18027,37.45499],[-122.18083,37.45578],[-122.18196,37.45579],[-122.18253,37.45501],[-122.18198,37.45422],[-122.18085,37.45422],[-122.18027,37.45499]]],"type":"Polygon"},"properties":{"bbox":{"parking":{"area":3257.42,"pct":12.54},"roads":{"area":4146.01,"pct":15.96},"sidewalks":{"area":879.45,"pct":3.38}},"city_same":1,"id":"hex:3816:23935"},"type":"Feature"},{"geometry":{"coordinates":[[[-122.18025,37.45655],[-122.18081,37.45734],[-122.18194,37.45735],[-122.18252,37.45657],[-122.18196,37.45579],[-122.18083,37.45578],[-122.18025,37.45655]]],"type":"Polygon"},"properties":{"bbox":{"parking":{"area":362.46,"pct":1.4},"roads":{"area":3697.67,"pct":14.23},"sidewalks":{"area":914.53,"pct":3.52}},"city_same":1,"id":"hex:3816:23936"},"type":"Feature"},{"geometry":{"coordinates":[[[-122.18024,37.45812],[-122.18079,37.4589],[-122.18192,37.45891],[-122.1825,37.45813],[-122.18194,37.45735],[-122.18081,37.45734],[-122.18024,37.45812]]],"type":"Polygon"},"properties":{"bbox":{"parking":{"area":1160.01,"pct":4.46},"roads":{"area":4130.39,"pct":15.9},"sidewalks":{"area":803.32,"pct":3.09}},"city_same":1,"id":"hex:3816:23937"},"type":"Feature"},{"geometry":{"coordinates":[[[-122.18078,37.46046],[-122.18022,37.45968],[-122.18079,37.4589],[-122.18192,37.45891],[-122.18241,37.45959],[-122.18229,37.45973],[-122.18231,37.45974],[-122.18174,37.46047],[-122.18078,37.46046]]],"type":"Polygon"},"properties":{"bbox":{"parking":{"area":2027,"pct":8.2},"roads":{"area":1978.41,"pct":8},"sidewalks":{"area":167.3,"pct":0.68}},"city_same":1,"id":"hex:3816:23938"},"type":"Feature"},{"geometry":{"coordinates":[[[-122.1802,37.46124],[-122.18078,37.46046],[-122.18174,37.46047],[-122.18086,37.4616],[-122.18024,37.46129],[-122.1802,37.46124]]],"type":"Polygon"},"properties":{"bbox":{"parking":{"area":4113.08,"pct":45.75},"roads":{"area":1039.12,"pct":11.56}},"city_same":1,"id":"hex:3816:23939"},"type":"Feature"},{"geometry":{"coordinates":[[[-122.18229,37.47686],[-122.18172,37.47764],[-122.18059,37.47763],[-122.18003,37.47685],[-122.18037,37.47639],[-122.182,37.47645],[-122.18229,37.47686]]],"type":"Polygon"},"properties":{"bbox":{"parking":{"area":2909.65,"pct":13.61},"roads":{"area":3878.02,"pct":18.14},"sidewalks":{"area":775.91,"pct":3.63}},"city_same":1,"id":"hex:3816:23949"},"type":"Feature"},{"geometry":{"coordinates":[[[-122.18002,37.47841],[-122.18057,37.47919],[-122.1817,37.4792],[-122.18228,37.47842],[-122.18172,37.47764],[-122.18059,37.47763],[-122.18002,37.47841]]],"type":"Polygon"},"properties":{"bbox":{"parking":{"area":2151.77,"pct":8.28},"roads":{"area":3750.78,"pct":14.44},"sidewalks":{"area":400.9,"pct":1.54}},"city_same":1,"id":"hex:3816:23950"},"type":"Feature"},{"geometry":{"coordinates":[[[-122.18,37.47997],[-122.18056,37.48075],[-122.18169,37.48076],[-122.18226,37.47999],[-122.1817,37.4792],[-122.18057,37.47919],[-122.18,37.47997]]],"type":"Polygon"},"properties":{"bbox":{"parking":{"area":8714.7,"pct":33.54},"roads":{"area":4111.29,"pct":15.82},"sidewalks":{"area":119.03,"pct":0.46}},"city_same":1,"id":"hex:3816:23951"},"type":"Feature"},{"geometry":{"coordinates":[[[-122.17998,37.48153],[-122.18054,37.48232],[-122.18167,37.48232],[-122.18224,37.48155],[-122.18169,37.48076],[-122.18056,37.48075],[-122.17998,37.48153]]],"type":"Polygon"},"properties":{"bbox":{"parking":{"area":8186.98,"pct":31.51},"roads":{"area":4932.41,"pct":18.98},"sidewalks":{"area":557.13,"pct":2.14}},"city":{"parking":{"area":8186.98,"pct":31.51},"roads":{"area":4411.71,"pct":16.98},"sidewalks":{"area":557.13,"pct":2.14}},"id":"hex:3816:23952"},"type":"Feature"},{"geometry":{"coordinates":[[[-122.17996,37.48309],[-122.18052,37.48388],[-122.18165,37.48388],[-122.18223,37.48311],[-122.18167,37.48232],[-122.18054,37.48232],[-122.17996,37.48309]]],"type":"Polygon"},"properties":{"bbox":{"roads":{"area":8383.76,"pct":32.27},"sidewalks":{"area":541.43,"pct":2.08}},"city":{"sidewalks":{"area":541.43,"pct":2.08}},"id":"hex:3816:23953"},"type":"Feature"},{"geometry":{"coordinates":[[[-122.17995,37.48465],[-122.1805,37.48544],[-122.18164,37.48545],[-122.18221,37.48467],[-122.18165,37.48388],[-122.18052,37.48388],[-122.17995,37.48465]]],"type":"Polygon"},"properties":{"bbox":{"parking":{"area":7442.99,"pct":28.65},"roads":{"area":3811.67,"pct":14.67},"sidewalks":{"area":208.84,"pct":0.8}},"city":{"parking":{"area":7442.99,"pct":28.65},"roads":{"area":2005.08,"pct":7.72},"sidewalks":{"area":208.84,"pct":0.8}},"id":"hex:3816:23954"},"type":"Feature"},{"geometry":{"coordinates":[[[-122.17993,37.48621],[-122.18049,37.487],[-122.18162,37.48701],[-122.18219,37.48623],[-122.18164,37.48545],[-122.1805,37.48544],[-122.17993,37.48621]]],"type":"Polygon"},"properties":{"bbox":{"parking":{"area":7978.82,"pct":30.71},"roads":{"area":3865.85,"pct":14.88},"sidewalks":{"area":598.62,"pct":2.3}},"city_same":1,"id":"hex:3816:23955"},"type":"Feature"},{"geometry":{"coordinates":[[[-122.18049,37.487],[-122.18162,37.48701],[-122.18218,37.48779],[-122.18214,37.48783],[-122.1803,37.48725],[-122.18049,37.487]]],"type":"Polygon"},"properties":{"bbox":{"parking":{"area":247.09,"pct":3.27},"roads":{"area":812.83,"pct":10.74},"sidewalks":{"area":22.84,"pct":0.3}},"city_same":1,"id":"hex:3816:23956"},"type":"Feature"},{"geometry":{"coordinates":[[[-122.18044,37.43938],[-122.181,37.44017],[-122.18042,37.44094],[-122.17986,37.44094],[-122.17986,37.44092],[-122.17984,37.44086],[-122.17981,37.44081],[-122.17978,37.44076],[-122.17973,37.44072],[-122.17967,37.44069],[-122.17938,37.44053],[-122.17935,37.44051],[-122.17933,37.44049],[-122.17931,37.44047],[-122.1793,37.44044],[-122.17929,37.44041],[-122.17929,37.44039],[-122.1793,37.44036],[-122.17931,37.44033],[-122.17938,37.44021],[-122.17949,37.44002],[-122.17957,37.43983],[-122.17967,37.43964],[-122.1798,37.43946],[-122.17982,37.43944],[-122.17988,37.43938],[-122.18044,37.43938]]],"type":"Polygon"},"properties":{"bbox":{"roads":{"area":1259.24,"pct":7.17}},"city_same":1,"id":"hex:3817:23925"},"type":"Feature"},{"geometry":{"coordinates":[[[-122.18042,37.44094],[-122.18098,37.44173],[-122.18041,37.4425],[-122.17928,37.4425],[-122.17872,37.44171],[-122.17919,37.44107],[-122.17924,37.44108],[-122.17948,37.44109],[-122.17973,37.44109],[-122.17975,37.44108],[-122.17977,37.44108],[-122.17979,37.44107],[-122.17981,37.44106],[-122.17983,37.44104],[-122.17984,37.44103],[-122.17985,37.44101],[-122.17986,37.44099],[-122.17986,37.44097],[-122.17986,37.44094],[-122.18042,37.44094]]],"type":"Polygon"},"properties":{"bbox":{"parking":{"area":2006.71,"pct":7.99},"roads":{"area":2994.89,"pct":11.93}},"city_same":1,"id":"hex:3817:23926"},"type":"Feature"},{"geometry":{"coordinates":[[[-122.1787,37.44327],[-122.17926,37.44406],[-122.18039,37.44407],[-122.18096,37.44329],[-122.18041,37.4425],[-122.17928,37.4425],[-122.1787,37.44327]]],"type":"Polygon"},"properties":{"bbox":{"roads":{"area":3517.55,"pct":13.54},"sidewalks":{"area":261.32,"pct":1.01}},"city_same":1,"id":"hex:3817:23927"},"type":"Feature"},{"geometry":{"coordinates":[[[-122.17869,37.44483],[-122.17924,37.44562],[-122.18037,37.44563],[-122.18095,37.44485],[-122.18039,37.44407],[-122.17926,37.44406],[-122.17869,37.44483]]],"type":"Polygon"},"properties":{"bbox":{"roads":{"area":4001.99,"pct":15.4},"sidewalks":{"area":103.79,"pct":0.4}},"city_same":1,"id":"hex:3817:23928"},"type":"Feature"},{"geometry":{"coordinates":[[[-122.17867,37.4464],[-122.17923,37.44718],[-122.18036,37.44719],[-122.18093,37.44641],[-122.18037,37.44563],[-122.17924,37.44562],[-122.17867,37.4464]]],"type":"Polygon"},"properties":{"bbox":{"parking":{"area":314.38,"pct":1.21},"roads":{"area":4872.49,"pct":18.75},"sidewalks":{"area":568.46,"pct":2.19}},"city_same":1,"id":"hex:3817:23929"},"type":"Feature"},{"geometry":{"coordinates":[[[-122.17865,37.44796],[-122.17921,37.44874],[-122.18034,37.44875],[-122.18091,37.44797],[-122.18036,37.44719],[-122.17923,37.44718],[-122.17865,37.44796]]],"type":"Polygon"},"properties":{"bbox":{"roads":{"area":2143.16,"pct":8.25},"sidewalks":{"area":495.95,"pct":1.91}},"city_same":1,"id":"hex:3817:23930"},"type":"Feature"},{"geometry":{"coordinates":[[[-122.17864,37.44952],[-122.17919,37.4503],[-122.18032,37.45031],[-122.1809,37.44953],[-122.18034,37.44875],[-122.17921,37.44874],[-122.17864,37.44952]]],"type":"Polygon"},"properties":{"bbox":{"roads":{"area":3101.97,"pct":11.94},"sidewalks":{"area":885.49,"pct":3.41}},"city_same":1,"id":"hex:3817:23931"},"type":"Feature"},{"geometry":{"coordinates":[[[-122.17862,37.45108],[-122.17917,37.45186],[-122.18031,37.45187],[-122.18088,37.45109],[-122.18032,37.45031],[-122.17919,37.4503],[-122.17862,37.45108]]],"type":"Polygon"},"properties":{"bbox":{"parking":{"area":3911.55,"pct":15.06},"roads":{"area":4808.97,"pct":18.51},"sidewalks":{"area":588.77,"pct":2.27}},"city":{"parking":{"area":3911.55,"pct":15.06},"roads":{"area":3134.41,"pct":12.06},"sidewalks":{"area":588.77,"pct":2.27}},"id":"hex:3817:23932"},"type":"Feature"},{"geometry":{"coordinates":[[[-122.1786,37.45264],[-122.17916,37.45342],[-122.18029,37.45343],[-122.18086,37.45266],[-122.18031,37.45187],[-122.17917,37.45186],[-122.1786,37.45264]]],"type":"Polygon"},"properties":{"bbox":{"parking":{"area":6818.14,"pct":26.24},"roads":{"area":6728.01,"pct":25.9},"sidewalks":{"area":608.56,"pct":2.34}},"city":{"parking":{"area":6818.14,"pct":26.24},"roads":{"area":3956.3,"pct":15.23},"sidewalks":{"area":608.56,"pct":2.34}},"id":"hex:3817:23933"},"type":"Feature"},{"geometry":{"coordinates":[[[-122.17858,37.4542],[-122.17914,37.45499],[-122.18027,37.45499],[-122.18085,37.45422],[-122.18029,37.45343],[-122.17916,37.45342],[-122.17858,37.4542]]],"type":"Polygon"},"properties":{"bbox":{"parking":{"area":2233.2,"pct":8.6},"roads":{"area":3946.01,"pct":15.19},"sidewalks":{"area":580.58,"pct":2.23}},"city":{"parking":{"area":2233.2,"pct":8.6},"roads":{"area":1934.08,"pct":7.44},"sidewalks":{"area":580.58,"pct":2.23}},"id":"hex:3817:23934"},"type":"Feature"},{"geometry":{"coordinates":[[[-122.17857,37.45576],[-122.17912,37.45655],[-122.18025,37.45655],[-122.18083,37.45578],[-122.18027,37.45499],[-122.17914,37.45499],[-122.17857,37.45576]]],"type":"Polygon"},"properties":{"bbox":{"parking":{"area":1498.86,"pct":5.77},"roads":{"area":4034.22,"pct":15.53},"sidewalks":{"area":699.34,"pct":2.69}},"city":{"parking":{"area":1498.86,"pct":5.77},"roads":{"area":2879.93,"pct":11.08},"sidewalks":{"area":699.34,"pct":2.69}},"id":"hex:3817:23935"},"type":"Feature"},{"geometry":{"coordinates":[[[-122.17855,37.45732],[-122.17911,37.45811],[-122.18024,37.45812],[-122.18081,37.45734],[-122.18025,37.45655],[-122.17912,37.45655],[-122.17855,37.45732]]],"type":"Polygon"},"properties":{"bbox":{"parking":{"area":348.98,"pct":1.34},"roads":{"area":3038.99,"pct":11.7},"sidewalks":{"area":667.39,"pct":2.57}},"city_same":1,"id":"hex:3817:23936"},"type":"Feature"},{"geometry":{"coordinates":[[[-122.17853,37.45888],[-122.17909,37.45967],[-122.18022,37.45968],[-122.18079,37.4589],[-122.18024,37.45812],[-122.17911,37.45811],[-122.17853,37.45888]]],"type":"Polygon"},"properties":{"bbox":{"roads":{"area":1783.23,"pct":6.86},"sidewalks":{"area":164.1,"pct":0.63}},"city_same":1,"id":"hex:3817:23937"},"type":"Feature"},{"geometry":{"coordinates":[[[-122.17909,37.45967],[-122.18022,37.45968],[-122.18078,37.46046],[-122.1802,37.46124],[-122.18013,37.46124],[-122.1794,37.46087],[-122.1792,37.46078],[-122.17969,37.46015],[-122.17899,37.4598],[-122.17909,37.45967]]],"type":"Polygon"},"properties":{"bbox":{"parking":{"area":637,"pct":3.99},"roads":{"area":2289.24,"pct":14.34},"sidewalks":{"area":395.67,"pct":2.48}},"city_same":1,"id":"hex:3817:23938"},"type":"Feature"},{"geometry":{"coordinates":[[[-122.18003,37.47685],[-122.1789,37.47684],[-122.17842,37.47617],[-122.18025,37.47638],[-122.18037,37.47639],[-122.18003,37.47685]]],"type":"Polygon"},"properties":{"bbox":{"roads":{"area":1826.51,"pct":21.74},"sidewalks":{"area":416.62,"pct":4.96}},"city_same":1,"id":"hex:3817:23948"},"type":"Feature"},{"geometry":{"coordinates":[[[-122.17833,37.47762],[-122.17888,37.4784],[-122.18002,37.47841],[-122.18059,37.47763],[-122.18003,37.47685],[-122.1789,37.47684],[-122.17833,37.47762]]],"type":"Polygon"},"properties":{"bbox":{"roads":{"area":2852.11,"pct":10.98},"sidewalks":{"area":863.03,"pct":3.32}},"city_same":1,"id":"hex:3817:23949"},"type":"Feature"},{"geometry":{"coordinates":[[[-122.17831,37.47918],[-122.17887,37.47996],[-122.18,37.47997],[-122.18057,37.47919],[-122.18002,37.47841],[-122.17888,37.4784],[-122.17831,37.47918]]],"type":"Polygon"},"properties":{"bbox":{"parking":{"area":11212.59,"pct":43.16},"roads":{"area":4359.93,"pct":16.78},"sidewalks":{"area":176.84,"pct":0.68}},"city_same":1,"id":"hex:3817:23950"},"type":"Feature"},{"geometry":{"coordinates":[[[-122.17829,37.48074],[-122.17885,37.48152],[-122.17998,37.48153],[-122.18056,37.48075],[-122.18,37.47997],[-122.17887,37.47996],[-122.17829,37.48074]]],"type":"Polygon"},"properties":{"bbox":{"parking":{"area":6501.04,"pct":25.02},"roads":{"area":2187.43,"pct":8.42},"sidewalks":{"area":36.34,"pct":0.14}},"city_same":1,"id":"hex:3817:23951"},"type":"Feature"},{"geometry":{"coordinates":[[[-122.17828,37.4823],[-122.17883,37.48308],[-122.17996,37.48309],[-122.18054,37.48232],[-122.17998,37.48153],[-122.17885,37.48152],[-122.17828,37.4823]]],"type":"Polygon"},"properties":{"bbox":{"parking":{"area":3909.67,"pct":15.05},"roads":{"area":8209.53,"pct":31.6}},"city":{"parking":{"area":3909.67,"pct":15.05},"roads":{"area":2377.86,"pct":9.15}},"id":"hex:3817:23952"},"type":"Feature"},{"geometry":{"coordinates":[[[-122.17826,37.48386],[-122.17882,37.48465],[-122.17995,37.48465],[-122.18052,37.48388],[-122.17996,37.48309],[-122.17883,37.48308],[-122.17826,37.48386]]],"type":"Polygon"},"properties":{"bbox":{"parking":{"area":1292.05,"pct":4.97},"roads":{"area":6322.86,"pct":24.34},"sidewalks":{"area":451.98,"pct":1.74}},"city":{"parking":{"area":1292.05,"pct":4.97},"roads":{"area":1746.34,"pct":6.72},"sidewalks":{"area":451.98,"pct":1.74}},"id":"hex:3817:23953"},"type":"Feature"},{"geometry":{"coordinates":[[[-122.17824,37.48542],[-122.1788,37.48621],[-122.17993,37.48621],[-122.1805,37.48544],[-122.17995,37.48465],[-122.17882,37.48465],[-122.17824,37.48542]]],"type":"Polygon"},"properties":{"bbox":{"parking":{"area":6330.75,"pct":24.37},"roads":{"area":6537.94,"pct":25.16},"sidewalks":{"area":778.05,"pct":2.99}},"city":{"parking":{"area":6330.75,"pct":24.37},"roads":{"area":2079.42,"pct":8},"sidewalks":{"area":778.05,"pct":2.99}},"id":"hex:3817:23954"},"type":"Feature"},{"geometry":{"coordinates":[[[[-122.17823,37.48698],[-122.17844,37.48669],[-122.17843,37.48728],[-122.17823,37.48698]]],[[[-122.1788,37.48621],[-122.17993,37.48621],[-122.18049,37.487],[-122.1803,37.48725],[-122.17847,37.48666],[-122.1788,37.48621]]]],"type":"MultiPolygon"},"properties":{"bbox":{"parking":{"area":943.8,"pct":7.42},"roads":{"area":3960,"pct":31.14},"sidewalks":{"area":325.52,"pct":2.56}},"city":{"parking":{"area":943.8,"pct":7.42},"roads":{"area":2833.5,"pct":22.28},"sidewalks":{"area":325.52,"pct":2.56}},"id":"hex:3817:23955"},"type":"Feature"},{"geometry":{"coordinates":[[[-122.17872,37.44171],[-122.17759,37.4417],[-122.17729,37.44128],[-122.17786,37.44104],[-122.17797,37.441],[-122.17808,37.44098],[-122.17819,37.44097],[-122.1783,37.44097],[-122.17919,37.44107],[-122.17872,37.44171]]],"type":"Polygon"},"properties":{"bbox":{"parking":{"area":794.98,"pct":7.88},"roads":{"area":952.85,"pct":9.45}},"city_same":1,"id":"hex:3818:23926"},"type":"Feature"},{"geometry":{"coordinates":[[[-122.17702,37.44248],[-122.17757,37.44327],[-122.1787,37.44327],[-122.17928,37.4425],[-122.17872,37.44171],[-122.17759,37.4417],[-122.17702,37.44248]]],"type":"Polygon"},"properties":{"bbox":{"parking":{"area":0.02,"pct":0},"roads":{"area":3521.86,"pct":13.56},"sidewalks":{"area":100.98,"pct":0.39}},"city_same":1,"id":"hex:3818:23927"},"type":"Feature"},{"geometry":{"coordinates":[[[-122.177,37.44404],[-122.17756,37.44483],[-122.17869,37.44483],[-122.17926,37.44406],[-122.1787,37.44327],[-122.17757,37.44327],[-122.177,37.44404]]],"type":"Polygon"},"properties":{"bbox":{"roads":{"area":4058.26,"pct":15.62},"sidewalks":{"area":247.4,"pct":0.95}},"city_same":1,"id":"hex:3818:23928"},"type":"Feature"},{"geometry":{"coordinates":[[[-122.17698,37.4456],[-122.17754,37.44639],[-122.17867,37.4464],[-122.17924,37.44562],[-122.17869,37.44483],[-122.17756,37.44483],[-122.17698,37.4456]]],"type":"Polygon"},"properties":{"bbox":{"roads":{"area":4401.95,"pct":16.94},"sidewalks":{"area":414.59,"pct":1.6}},"city_same":1,"id":"hex:3818:23929"},"type":"Feature"},{"geometry":{"coordinates":[[[-122.17697,37.44716],[-122.17752,37.44795],[-122.17865,37.44796],[-122.17923,37.44718],[-122.17867,37.4464],[-122.17754,37.44639],[-122.17697,37.44716]]],"type":"Polygon"},"properties":{"bbox":{"roads":{"area":3959.42,"pct":15.24}},"city_same":1,"id":"hex:3818:23930"},"type":"Feature"},{"geometry":{"coordinates":[[[-122.17695,37.44873],[-122.1775,37.44951],[-122.17864,37.44952],[-122.17921,37.44874],[-122.17865,37.44796],[-122.17752,37.44795],[-122.17695,37.44873]]],"type":"Polygon"},"properties":{"bbox":{"roads":{"area":4348.35,"pct":16.74},"sidewalks":{"area":628.01,"pct":2.42}},"city_same":1,"id":"hex:3818:23931"},"type":"Feature"},{"geometry":{"coordinates":[[[-122.17693,37.45029],[-122.17749,37.45107],[-122.17862,37.45108],[-122.17919,37.4503],[-122.17864,37.44952],[-122.1775,37.44951],[-122.17693,37.45029]]],"type":"Polygon"},"properties":{"bbox":{"parking":{"area":11794.98,"pct":45.4},"roads":{"area":7543.71,"pct":29.04},"sidewalks":{"area":623.35,"pct":2.4}},"city":{"parking":{"area":11794.98,"pct":45.4},"roads":{"area":4649.17,"pct":17.89},"sidewalks":{"area":623.35,"pct":2.4}},"id":"hex:3818:23932"},"type":"Feature"},{"geometry":{"coordinates":[[[-122.17691,37.45185],[-122.17747,37.45263],[-122.1786,37.45264],[-122.17917,37.45186],[-122.17862,37.45108],[-122.17749,37.45107],[-122.17691,37.45185]]],"type":"Polygon"},"properties":{"bbox":{"parking":{"area":4580.99,"pct":17.63},"roads":{"area":4606.65,"pct":17.73},"sidewalks":{"area":371.64,"pct":1.43}},"city":{"parking":{"area":4580.99,"pct":17.63},"roads":{"area":2857.08,"pct":11},"sidewalks":{"area":371.64,"pct":1.43}},"id":"hex:3818:23933"},"type":"Feature"},{"geometry":{"coordinates":[[[-122.1769,37.45341],[-122.17745,37.45419],[-122.17858,37.4542],[-122.17916,37.45342],[-122.1786,37.45264],[-122.17747,37.45263],[-122.1769,37.45341]]],"type":"Polygon"},"properties":{"bbox":{"parking":{"area":5109.14,"pct":19.67},"roads":{"area":1487.14,"pct":5.72}},"city_same":1,"id":"hex:3818:23934"},"type":"Feature"},{"geometry":{"coordinates":[[[-122.17688,37.45497],[-122.17744,37.45575],[-122.17857,37.45576],[-122.17914,37.45499],[-122.17858,37.4542],[-122.17745,37.45419],[-122.17688,37.45497]]],"type":"Polygon"},"properties":{"bbox":{"parking":{"area":9393.81,"pct":36.16},"roads":{"area":3814.63,"pct":14.68},"sidewalks":{"area":542.14,"pct":2.09}},"city_same":1,"id":"hex:3818:23935"},"type":"Feature"},{"geometry":{"coordinates":[[[-122.17686,37.45653],[-122.17742,37.45732],[-122.17855,37.45732],[-122.17912,37.45655],[-122.17857,37.45576],[-122.17744,37.45575],[-122.17686,37.45653]]],"type":"Polygon"},"properties":{"bbox":{"parking":{"area":5246.28,"pct":20.19},"roads":{"area":3878.71,"pct":14.93},"sidewalks":{"area":629.11,"pct":2.42}},"city":{"parking":{"area":5246.28,"pct":20.19},"roads":{"area":2724.65,"pct":10.49},"sidewalks":{"area":629.11,"pct":2.42}},"id":"hex:3818:23936"},"type":"Feature"},{"geometry":{"coordinates":[[[-122.17685,37.45809],[-122.1774,37.45888],[-122.17853,37.45888],[-122.17911,37.45811],[-122.17855,37.45732],[-122.17742,37.45732],[-122.17685,37.45809]]],"type":"Polygon"},"properties":{"bbox":{"roads":{"area":2935.35,"pct":11.3},"sidewalks":{"area":400.28,"pct":1.54}},"city":{"roads":{"area":2060.42,"pct":7.93},"sidewalks":{"area":400.28,"pct":1.54}},"id":"hex:3818:23937"},"type":"Feature"},{"geometry":{"coordinates":[[[-122.1774,37.45888],[-122.17853,37.45888],[-122.17909,37.45967],[-122.17899,37.4598],[-122.17847,37.45954],[-122.17733,37.45898],[-122.1774,37.45888]]],"type":"Polygon"},"properties":{"bbox":{"roads":{"area":1106.09,"pct":15.84}},"city_same":1,"id":"hex:3818:23938"},"type":"Feature"},{"geometry":{"coordinates":[[[-122.17721,37.47605],[-122.17714,37.47594],[-122.17769,37.47605],[-122.17721,37.47605]]],"type":"Polygon"},"properties":{"bbox":{"roads":{"area":53.15,"pct":21.2}},"city_same":1,"id":"hex:3818:23948"},"type":"Feature"},{"geometry":{"coordinates":[[[-122.1789,37.47684],[-122.17833,37.47762],[-122.1772,37.47761],[-122.17664,37.47682],[-122.17721,37.47605],[-122.17769,37.47605],[-122.17803,37.47612],[-122.17842,37.47617],[-122.1789,37.47684]]],"type":"Polygon"},"properties":{"bbox":{"roads":{"area":4410.07,"pct":17.24},"sidewalks":{"area":1169.53,"pct":4.57}},"city_same":1,"id":"hex:3818:23949"},"type":"Feature"},{"geometry":{"coordinates":[[[-122.17662,37.47839],[-122.17718,37.47917],[-122.17831,37.47918],[-122.17888,37.4784],[-122.17833,37.47762],[-122.1772,37.47761],[-122.17662,37.47839]]],"type":"Polygon"},"properties":{"bbox":{"parking":{"area":4322.59,"pct":16.64},"roads":{"area":3031.35,"pct":11.67},"sidewalks":{"area":582.3,"pct":2.24}},"city_same":1,"id":"hex:3818:23950"},"type":"Feature"},{"geometry":{"coordinates":[[[-122.17661,37.47995],[-122.17716,37.48073],[-122.17829,37.48074],[-122.17887,37.47996],[-122.17831,37.47918],[-122.17718,37.47917],[-122.17661,37.47995]]],"type":"Polygon"},"properties":{"bbox":{"parking":{"area":6958.02,"pct":26.78},"roads":{"area":3768.36,"pct":14.5},"sidewalks":{"area":422.19,"pct":1.62}},"city_same":1,"id":"hex:3818:23951"},"type":"Feature"},{"geometry":{"coordinates":[[[-122.17659,37.48151],[-122.17715,37.48229],[-122.17828,37.4823],[-122.17885,37.48152],[-122.17829,37.48074],[-122.17716,37.48073],[-122.17659,37.48151]]],"type":"Polygon"},"properties":{"bbox":{"parking":{"area":4571.82,"pct":17.6},"roads":{"area":8100.02,"pct":31.18},"sidewalks":{"area":25.85,"pct":0.1}},"city":{"parking":{"area":4571.82,"pct":17.6},"roads":{"area":2408,"pct":9.27},"sidewalks":{"area":25.85,"pct":0.1}},"id":"hex:3818:23952"},"type":"Feature"},{"geometry":{"coordinates":[[[-122.17657,37.48307],[-122.17713,37.48385],[-122.17826,37.48386],[-122.17883,37.48308],[-122.17828,37.4823],[-122.17715,37.48229],[-122.17657,37.48307]]],"type":"Polygon"},"properties":{"bbox":{"parking":{"area":1942.05,"pct":7.47},"roads":{"area":4709.61,"pct":18.13},"sidewalks":{"area":260.18,"pct":1}},"city":{"parking":{"area":1942.05,"pct":7.47},"roads":{"area":3807.9,"pct":14.66},"sidewalks":{"area":260.18,"pct":1}},"id":"hex:3818:23953"},"type":"Feature"},{"geometry":{"coordinates":[[[-122.17655,37.48463],[-122.17711,37.48541],[-122.17824,37.48542],[-122.17882,37.48465],[-122.17826,37.48386],[-122.17713,37.48385],[-122.17655,37.48463]]],"type":"Polygon"},"properties":{"bbox":{"parking":{"area":9158.35,"pct":35.25},"roads":{"area":2585.28,"pct":9.95},"sidewalks":{"area":448.78,"pct":1.73}},"city_same":1,"id":"hex:3818:23954"},"type":"Feature"},{"geometry":{"coordinates":[[[-122.17823,37.48698],[-122.17709,37.48698],[-122.17654,37.48619],[-122.17711,37.48541],[-122.17824,37.48542],[-122.1788,37.48621],[-122.17847,37.48666],[-122.17845,37.48665],[-122.17844,37.48669],[-122.17823,37.48698]]],"type":"Polygon"},"properties":{"bbox":{"parking":{"area":2935.82,"pct":11.3},"roads":{"area":5786.81,"pct":22.28},"sidewalks":{"area":120.61,"pct":0.46}},"city":{"parking":{"area":2935.82,"pct":11.3},"roads":{"area":1131.51,"pct":4.36},"sidewalks":{"area":120.61,"pct":0.46}},"id":"hex:3818:23955"},"type":"Feature"},{"geometry":{"coordinates":[[[-122.17821,37.48854],[-122.17708,37.48854],[-122.17652,37.48775],[-122.17709,37.48698],[-122.17823,37.48698],[-122.17843,37.48728],[-122.17843,37.48737],[-122.17841,37.48827],[-122.17821,37.48854]]],"type":"Polygon"},"properties":{"bbox":{"parking":{"area":1077.89,"pct":4.45},"roads":{"area":2188.18,"pct":9.03}},"city_same":1,"id":"hex:3818:23956"},"type":"Feature"},{"geometry":{"coordinates":[[[-122.17819,37.49011],[-122.17706,37.4901],[-122.1765,37.48931],[-122.17708,37.48854],[-122.17821,37.48854],[-122.1784,37.48881],[-122.17838,37.48985],[-122.17819,37.49011]]],"type":"Polygon"},"properties":{"bbox":{"parking":{"area":215.96,"pct":0.9},"roads":{"area":2066.22,"pct":8.59}},"city_same":1,"id":"hex:3818:23957"},"type":"Feature"},{"geometry":{"coordinates":[[[-122.17817,37.49167],[-122.17704,37.49166],[-122.17649,37.49087],[-122.17706,37.4901],[-122.17819,37.49011],[-122.17837,37.49035],[-122.17834,37.49144],[-122.17817,37.49167]]],"type":"Polygon"},"properties":{"bbox":{"parking":{"area":777.79,"pct":3.26},"roads":{"area":2129.44,"pct":8.92}},"city_same":1,"id":"hex:3818:23958"},"type":"Feature"},{"geometry":{"coordinates":[[[-122.17816,37.49323],[-122.17703,37.49322],[-122.17647,37.49244],[-122.17704,37.49166],[-122.17817,37.49167],[-122.17833,37.49189],[-122.17831,37.49303],[-122.17816,37.49323]]],"type":"Polygon"},"properties":{"bbox":{"parking":{"area":604.09,"pct":2.55},"roads":{"area":606.85,"pct":2.56}},"city_same":1,"id":"hex:3818:23959"},"type":"Feature"},{"geometry":{"coordinates":[[[-122.17814,37.49479],[-122.17701,37.49478],[-122.17645,37.494],[-122.17703,37.49322],[-122.17816,37.49323],[-122.1783,37.49342],[-122.17827,37.49461],[-122.17814,37.49479]]],"type":"Polygon"},"properties":{"bbox":{"roads":{"area":979.14,"pct":4.17}},"city_same":1,"id":"hex:3818:23960"},"type":"Feature"},{"geometry":{"coordinates":[[[-122.17812,37.49635],[-122.17699,37.49634],[-122.17643,37.49556],[-122.17701,37.49478],[-122.17814,37.49479],[-122.17826,37.49496],[-122.17823,37.4962],[-122.17812,37.49635]]],"type":"Polygon"},"properties":{"bbox":{"roads":{"area":860.39,"pct":3.7}},"city_same":1,"id":"hex:3818:23961"},"type":"Feature"},{"geometry":{"coordinates":[[[-122.17811,37.49791],[-122.17697,37.4979],[-122.17642,37.49712],[-122.17699,37.49634],[-122.17812,37.49635],[-122.17823,37.4965],[-122.1782,37.49779],[-122.17811,37.49791]]],"type":"Polygon"},"properties":{"bbox":{"roads":{"area":283.25,"pct":1.23}},"city_same":1,"id":"hex:3818:23962"},"type":"Feature"},{"geometry":{"coordinates":[[[-122.17759,37.4417],[-122.17702,37.44248],[-122.17589,37.44247],[-122.17562,37.4421],[-122.17565,37.4419],[-122.17565,37.44187],[-122.17567,37.44184],[-122.17569,37.44181],[-122.17571,37.44178],[-122.17574,37.44176],[-122.17577,37.44175],[-122.17581,37.44173],[-122.17584,37.44173],[-122.17588,37.44172],[-122.17592,37.44173],[-122.17596,37.44173],[-122.17635,37.44182],[-122.17639,37.44182],[-122.17642,37.44182],[-122.17646,37.44181],[-122.17649,37.4418],[-122.17652,37.44179],[-122.17654,37.44177],[-122.17657,37.44175],[-122.17659,37.44172],[-122.17668,37.44154],[-122.1767,37.44152],[-122.17672,37.44151],[-122.17675,37.44149],[-122.17687,37.44145],[-122.17727,37.44129],[-122.17729,37.44128],[-122.17759,37.4417]]],"type":"Polygon"},"properties":{"bbox":{"roads":{"area":1979.9,"pct":14.1}},"city_same":1,"id":"hex:3819:23926"},"type":"Feature"},{"geometry":{"coordinates":[[[-122.17531,37.44325],[-122.17587,37.44403],[-122.177,37.44404],[-122.17757,37.44327],[-122.17702,37.44248],[-122.17589,37.44247],[-122.17531,37.44325]]],"type":"Polygon"},"properties":{"bbox":{"roads":{"area":3284.15,"pct":12.64}},"city_same":1,"id":"hex:3819:23927"},"type":"Feature"},{"geometry":{"coordinates":[[[-122.1753,37.44481],[-122.17585,37.4456],[-122.17698,37.4456],[-122.17756,37.44483],[-122.177,37.44404],[-122.17587,37.44403],[-122.1753,37.44481]]],"type":"Polygon"},"properties":{"bbox":{"roads":{"area":4571.03,"pct":17.59},"sidewalks":{"area":75.56,"pct":0.29}},"city_same":1,"id":"hex:3819:23928"},"type":"Feature"},{"geometry":{"coordinates":[[[-122.17528,37.44637],[-122.17583,37.44716],[-122.17697,37.44716],[-122.17754,37.44639],[-122.17698,37.4456],[-122.17585,37.4456],[-122.17528,37.44637]]],"type":"Polygon"},"properties":{"bbox":{"roads":{"area":3925.75,"pct":15.11},"sidewalks":{"area":386.68,"pct":1.49}},"city_same":1,"id":"hex:3819:23929"},"type":"Feature"},{"geometry":{"coordinates":[[[-122.17526,37.44793],[-122.17582,37.44872],[-122.17695,37.44873],[-122.17752,37.44795],[-122.17697,37.44716],[-122.17583,37.44716],[-122.17526,37.44793]]],"type":"Polygon"},"properties":{"bbox":{"roads":{"area":3946.77,"pct":15.19},"sidewalks":{"area":507.23,"pct":1.95}},"city_same":1,"id":"hex:3819:23930"},"type":"Feature"},{"geometry":{"coordinates":[[[-122.17524,37.44949],[-122.1758,37.45028],[-122.17693,37.45029],[-122.1775,37.44951],[-122.17695,37.44873],[-122.17582,37.44872],[-122.17524,37.44949]]],"type":"Polygon"},"properties":{"bbox":{"parking":{"area":782.14,"pct":3.01},"roads":{"area":7205.07,"pct":27.73},"sidewalks":{"area":942.53,"pct":3.63}},"city":{"parking":{"area":782.14,"pct":3.01},"roads":{"area":3363.7,"pct":12.95},"sidewalks":{"area":942.53,"pct":3.63}},"id":"hex:3819:23931"},"type":"Feature"},{"geometry":{"coordinates":[[[-122.17523,37.45106],[-122.17578,37.45184],[-122.17691,37.45185],[-122.17749,37.45107],[-122.17693,37.45029],[-122.1758,37.45028],[-122.17523,37.45106]]],"type":"Polygon"},"properties":{"bbox":{"parking":{"area":2895.1,"pct":11.14},"roads":{"area":3346.27,"pct":12.88},"sidewalks":{"area":423.3,"pct":1.63}},"city":{"parking":{"area":2895.1,"pct":11.14},"roads":{"area":2907.71,"pct":11.19},"sidewalks":{"area":423.3,"pct":1.63}},"id":"hex:3819:23932"},"type":"Feature"},{"geometry":{"coordinates":[[[-122.17521,37.45262],[-122.17577,37.4534],[-122.1769,37.45341],[-122.17747,37.45263],[-122.17691,37.45185],[-122.17578,37.45184],[-122.17521,37.45262]]],"type":"Polygon"},"properties":{"bbox":{"parking":{"area":1541.69,"pct":5.93},"roads":{"area":319.79,"pct":1.23}},"city_same":1,"id":"hex:3819:23933"},"type":"Feature"},{"geometry":{"coordinates":[[[-122.17519,37.45418],[-122.17575,37.45496],[-122.17688,37.45497],[-122.17745,37.45419],[-122.1769,37.45341],[-122.17577,37.4534],[-122.17519,37.45418]]],"type":"Polygon"},"properties":{"bbox":{"parking":{"area":7553.75,"pct":29.07},"roads":{"area":3975.48,"pct":15.3},"sidewalks":{"area":519.93,"pct":2}},"city_same":1,"id":"hex:3819:23934"},"type":"Feature"},{"geometry":{"coordinates":[[[-122.17518,37.45574],[-122.17573,37.45652],[-122.17686,37.45653],[-122.17744,37.45575],[-122.17688,37.45497],[-122.17575,37.45496],[-122.17518,37.45574]]],"type":"Polygon"},"properties":{"bbox":{"parking":{"area":2473.78,"pct":9.52},"roads":{"area":2365.4,"pct":9.1},"sidewalks":{"area":126.1,"pct":0.49}},"city_same":1,"id":"hex:3819:23935"},"type":"Feature"},{"geometry":{"coordinates":[[[-122.17516,37.4573],[-122.17571,37.45808],[-122.17685,37.45809],[-122.17742,37.45732],[-122.17686,37.45653],[-122.17573,37.45652],[-122.17516,37.4573]]],"type":"Polygon"},"properties":{"bbox":{"parking":{"area":3201.97,"pct":12.32},"roads":{"area":1463.01,"pct":5.63}},"city_same":1,"id":"hex:3819:23936"},"type":"Feature"},{"geometry":{"coordinates":[[[-122.1757,37.45965],[-122.17514,37.45886],[-122.17571,37.45808],[-122.17685,37.45809],[-122.1774,37.45888],[-122.17733,37.45898],[-122.17671,37.45867],[-122.17595,37.45965],[-122.1757,37.45965]]],"type":"Polygon"},"properties":{"bbox":{"parking":{"area":1792.12,"pct":9.46},"roads":{"area":2290.77,"pct":12.09},"sidewalks":{"area":238.12,"pct":1.26}},"city":{"parking":{"area":1792.12,"pct":9.46},"roads":{"area":1274.44,"pct":6.73},"sidewalks":{"area":238.12,"pct":1.26}},"id":"hex:3819:23937"},"type":"Feature"},{"geometry":{"coordinates":[[[-122.1757,37.45965],[-122.17595,37.45965],[-122.17545,37.46029],[-122.17528,37.46021],[-122.1757,37.45965]]],"type":"Polygon"},"properties":{"bbox":{"roads":{"area":627.19,"pct":43.91},"sidewalks":{"area":92.31,"pct":6.46}},"city":{"roads":{"area":224.2,"pct":15.7},"sidewalks":{"area":92.31,"pct":6.46}},"id":"hex:3819:23938"},"type":"Feature"},{"geometry":{"coordinates":[[[-122.17721,37.47605],[-122.17664,37.47682],[-122.17551,37.47682],[-122.17495,37.47603],[-122.1754,37.47542],[-122.17682,37.47588],[-122.17714,37.47594],[-122.17721,37.47605]]],"type":"Polygon"},"properties":{"bbox":{"roads":{"area":3753.64,"pct":18.54},"sidewalks":{"area":730.19,"pct":3.61}},"city_same":1,"id":"hex:3819:23948"},"type":"Feature"},{"geometry":{"coordinates":[[[-122.17494,37.47759],[-122.17549,37.47838],[-122.17662,37.47839],[-122.1772,37.47761],[-122.17664,37.47682],[-122.17551,37.47682],[-122.17494,37.47759]]],"type":"Polygon"},"properties":{"bbox":{"roads":{"area":2617.74,"pct":10.08},"sidewalks":{"area":754.31,"pct":2.9}},"city_same":1,"id":"hex:3819:23949"},"type":"Feature"},{"geometry":{"coordinates":[[[-122.17492,37.47915],[-122.17547,37.47994],[-122.17661,37.47995],[-122.17718,37.47917],[-122.17662,37.47839],[-122.17549,37.47838],[-122.17492,37.47915]]],"type":"Polygon"},"properties":{"bbox":{"parking":{"area":10868.16,"pct":41.83},"roads":{"area":2855.15,"pct":10.99},"sidewalks":{"area":242.37,"pct":0.93}},"city_same":1,"id":"hex:3819:23950"},"type":"Feature"},{"geometry":{"coordinates":[[[-122.1749,37.48072],[-122.17546,37.4815],[-122.17659,37.48151],[-122.17716,37.48073],[-122.17661,37.47995],[-122.17547,37.47994],[-122.1749,37.48072]]],"type":"Polygon"},"properties":{"bbox":{"parking":{"area":6977.79,"pct":26.86},"roads":{"area":8585.12,"pct":33.04},"sidewalks":{"area":179.78,"pct":0.69}},"city":{"parking":{"area":6977.79,"pct":26.86},"roads":{"area":2209.77,"pct":8.51},"sidewalks":{"area":179.78,"pct":0.69}},"id":"hex:3819:23951"},"type":"Feature"},{"geometry":{"coordinates":[[[-122.17488,37.48228],[-122.17544,37.48306],[-122.17657,37.48307],[-122.17715,37.48229],[-122.17659,37.48151],[-122.17546,37.4815],[-122.17488,37.48228]]],"type":"Polygon"},"properties":{"bbox":{"parking":{"area":3415.48,"pct":13.15},"roads":{"area":4035.08,"pct":15.53},"sidewalks":{"area":536.54,"pct":2.07}},"city":{"parking":{"area":3415.48,"pct":13.15},"roads":{"area":3880.41,"pct":14.94},"sidewalks":{"area":536.54,"pct":2.07}},"id":"hex:3819:23952"},"type":"Feature"},{"geometry":{"coordinates":[[[-122.17487,37.48384],[-122.17542,37.48462],[-122.17655,37.48463],[-122.17713,37.48385],[-122.17657,37.48307],[-122.17544,37.48306],[-122.17487,37.48384]]],"type":"Polygon"},"properties":{"bbox":{"parking":{"area":14569.64,"pct":56.08},"roads":{"area":3673.33,"pct":14.14},"sidewalks":{"area":29.29,"pct":0.11}},"city_same":1,"id":"hex:3819:23953"},"type":"Feature"},{"geometry":{"coordinates":[[[-122.17485,37.4854],[-122.17541,37.48618],[-122.17654,37.48619],[-122.17711,37.48541],[-122.17655,37.48463],[-122.17542,37.48462],[-122.17485,37.4854]]],"type":"Polygon"},"properties":{"bbox":{"parking":{"area":1650.54,"pct":6.35},"roads":{"area":5537,"pct":21.31},"sidewalks":{"area":405.03,"pct":1.56}},"city":{"parking":{"area":1650.54,"pct":6.35},"roads":{"area":1295.19,"pct":4.99},"sidewalks":{"area":405.03,"pct":1.56}},"id":"hex:3819:23954"},"type":"Feature"},{"geometry":{"coordinates":[[[-122.17475,37.49476],[-122.1753,37.49555],[-122.17643,37.49556],[-122.17701,37.49478],[-122.17645,37.494],[-122.17532,37.49399],[-122.17475,37.49476]]],"type":"Polygon"},"properties":{"bbox":{"roads":{"area":2197.99,"pct":8.46}},"city_same":1,"id":"hex:3819:23960"},"type":"Feature"},{"geometry":{"coordinates":[[[-122.17473,37.49633],[-122.17529,37.49711],[-122.17642,37.49712],[-122.17699,37.49634],[-122.17643,37.49556],[-122.1753,37.49555],[-122.17473,37.49633]]],"type":"Polygon"},"properties":{"bbox":{"roads":{"area":603.69,"pct":2.32},"sidewalks":{"area":88.72,"pct":0.34}},"city_same":1,"id":"hex:3819:23961"},"type":"Feature"},{"geometry":{"coordinates":[[[-122.17589,37.44247],[-122.17531,37.44325],[-122.17485,37.44325],[-122.1749,37.44318],[-122.17499,37.4431],[-122.1751,37.44303],[-122.17537,37.44287],[-122.17543,37.44282],[-122.17548,37.44277],[-122.17552,37.44271],[-122.17555,37.44265],[-122.17556,37.44258],[-122.17562,37.4421],[-122.17589,37.44247]]],"type":"Polygon"},"properties":{"bbox":{"roads":{"area":138,"pct":4.84}},"city_same":1,"id":"hex:3820:23927"},"type":"Feature"},{"geometry":{"coordinates":[[[-122.17531,37.44325],[-122.17587,37.44403],[-122.1753,37.44481],[-122.17423,37.4448],[-122.17424,37.4448],[-122.17428,37.44476],[-122.17437,37.44472],[-122.17439,37.4447],[-122.17441,37.44468],[-122.17459,37.44446],[-122.17465,37.44438],[-122.1747,37.4443],[-122.17473,37.44421],[-122.1748,37.44397],[-122.17482,37.44391],[-122.17482,37.44386],[-122.17481,37.4438],[-122.17475,37.44367],[-122.17474,37.4436],[-122.17473,37.44352],[-122.17475,37.44344],[-122.17477,37.44337],[-122.17483,37.44327],[-122.17485,37.44325],[-122.17531,37.44325]]],"type":"Polygon"},"properties":{"bbox":{"roads":{"area":1886.74,"pct":13.62}},"city_same":1,"id":"hex:3820:23928"},"type":"Feature"},{"geometry":{"coordinates":[[[-122.1753,37.44481],[-122.17585,37.4456],[-122.17528,37.44637],[-122.17415,37.44636],[-122.17359,37.44558],[-122.1741,37.44489],[-122.17412,37.44488],[-122.17415,37.44487],[-122.17417,37.44485],[-122.17423,37.4448],[-122.1753,37.44481]]],"type":"Polygon"},"properties":{"bbox":{"roads":{"area":3655.17,"pct":14.09},"sidewalks":{"area":139.32,"pct":0.54}},"city_same":1,"id":"hex:3820:23929"},"type":"Feature"},{"geometry":{"coordinates":[[[-122.17357,37.44714],[-122.17413,37.44793],[-122.17526,37.44793],[-122.17583,37.44716],[-122.17528,37.44637],[-122.17415,37.44636],[-122.17357,37.44714]]],"type":"Polygon"},"properties":{"bbox":{"parking":{"area":365.5,"pct":1.41},"roads":{"area":4025.76,"pct":15.5},"sidewalks":{"area":446.72,"pct":1.72}},"city_same":1,"id":"hex:3820:23930"},"type":"Feature"},{"geometry":{"coordinates":[[[-122.17356,37.4487],[-122.17411,37.44949],[-122.17524,37.44949],[-122.17582,37.44872],[-122.17526,37.44793],[-122.17413,37.44793],[-122.17356,37.4487]]],"type":"Polygon"},"properties":{"bbox":{"parking":{"area":3579.96,"pct":13.78},"roads":{"area":7480.93,"pct":28.79},"sidewalks":{"area":1032.21,"pct":3.97}},"city":{"parking":{"area":3579.96,"pct":13.78},"roads":{"area":3725.48,"pct":14.34},"sidewalks":{"area":1032.21,"pct":3.97}},"id":"hex:3820:23931"},"type":"Feature"},{"geometry":{"coordinates":[[[-122.17354,37.45026],[-122.1741,37.45105],[-122.17523,37.45106],[-122.1758,37.45028],[-122.17524,37.44949],[-122.17411,37.44949],[-122.17354,37.45026]]],"type":"Polygon"},"properties":{"bbox":{"parking":{"area":122.45,"pct":0.47},"roads":{"area":3628.07,"pct":13.96},"sidewalks":{"area":708.79,"pct":2.73}},"city_same":1,"id":"hex:3820:23932"},"type":"Feature"},{"geometry":{"coordinates":[[[-122.17352,37.45182],[-122.17408,37.45261],[-122.17521,37.45262],[-122.17578,37.45184],[-122.17523,37.45106],[-122.1741,37.45105],[-122.17352,37.45182]]],"type":"Polygon"},"properties":{"bbox":{"parking":{"area":3279.09,"pct":12.62},"roads":{"area":3731.2,"pct":14.36},"sidewalks":{"area":583.87,"pct":2.25}},"city_same":1,"id":"hex:3820:23933"},"type":"Feature"},{"geometry":{"coordinates":[[[-122.17351,37.45338],[-122.17406,37.45417],[-122.17519,37.45418],[-122.17577,37.4534],[-122.17521,37.45262],[-122.17408,37.45261],[-122.17351,37.45338]]],"type":"Polygon"},"properties":{"bbox":{"parking":{"area":2287.11,"pct":8.8},"roads":{"area":5684.28,"pct":21.88},"sidewalks":{"area":762.55,"pct":2.94}},"city_same":1,"id":"hex:3820:23934"},"type":"Feature"},{"geometry":{"coordinates":[[[-122.17349,37.45495],[-122.17404,37.45573],[-122.17518,37.45574],[-122.17575,37.45496],[-122.17519,37.45418],[-122.17406,37.45417],[-122.17349,37.45495]]],"type":"Polygon"},"properties":{"bbox":{"parking":{"area":3697.5,"pct":14.23},"roads":{"area":2834.98,"pct":10.91}},"city_same":1,"id":"hex:3820:23935"},"type":"Feature"},{"geometry":{"coordinates":[[[-122.17347,37.45651],[-122.17403,37.45729],[-122.17516,37.4573],[-122.17573,37.45652],[-122.17518,37.45574],[-122.17404,37.45573],[-122.17347,37.45651]]],"type":"Polygon"},"properties":{"bbox":{"parking":{"area":3860.67,"pct":14.86},"roads":{"area":2889.14,"pct":11.12}},"city_same":1,"id":"hex:3820:23936"},"type":"Feature"},{"geometry":{"coordinates":[[[-122.17345,37.45807],[-122.17401,37.45885],[-122.17514,37.45886],[-122.17571,37.45808],[-122.17516,37.4573],[-122.17403,37.45729],[-122.17345,37.45807]]],"type":"Polygon"},"properties":{"bbox":{"parking":{"area":15810.61,"pct":60.86},"roads":{"area":5384.23,"pct":20.72}},"city_same":1,"id":"hex:3820:23937"},"type":"Feature"},{"geometry":{"coordinates":[[[-122.17344,37.45963],[-122.17401,37.45885],[-122.17514,37.45886],[-122.1757,37.45965],[-122.17528,37.46021],[-122.17395,37.45954],[-122.17371,37.46001],[-122.17344,37.45963]]],"type":"Polygon"},"properties":{"bbox":{"parking":{"area":8771.85,"pct":48.49},"roads":{"area":4957.18,"pct":27.4},"sidewalks":{"area":320.2,"pct":1.77}},"city":{"parking":{"area":8771.85,"pct":48.49},"roads":{"area":3589.66,"pct":19.84},"sidewalks":{"area":320.2,"pct":1.77}},"id":"hex:3820:23938"},"type":"Feature"},{"geometry":{"coordinates":[[[-122.17495,37.47603],[-122.17382,37.47602],[-122.17326,37.47524],[-122.17365,37.47472],[-122.17421,37.47501],[-122.17455,37.47515],[-122.1754,37.47542],[-122.17495,37.47603]]],"type":"Polygon"},"properties":{"bbox":{"parking":{"area":1831.55,"pct":11.27},"roads":{"area":2529.14,"pct":15.56},"sidewalks":{"area":542.61,"pct":3.34}},"city_same":1,"id":"hex:3820:23948"},"type":"Feature"},{"geometry":{"coordinates":[[[-122.17325,37.4768],[-122.1738,37.47759],[-122.17494,37.47759],[-122.17551,37.47682],[-122.17495,37.47603],[-122.17382,37.47602],[-122.17325,37.4768]]],"type":"Polygon"},"properties":{"bbox":{"roads":{"area":3917.91,"pct":15.08},"sidewalks":{"area":1244.09,"pct":4.79}},"city_same":1,"id":"hex:3820:23949"},"type":"Feature"},{"geometry":{"coordinates":[[[-122.17323,37.47836],[-122.17379,37.47915],[-122.17492,37.47915],[-122.17549,37.47838],[-122.17494,37.47759],[-122.1738,37.47759],[-122.17323,37.47836]]],"type":"Polygon"},"properties":{"bbox":{"parking":{"area":1576.84,"pct":6.07},"roads":{"area":3746.42,"pct":14.42},"sidewalks":{"area":919.59,"pct":3.54}},"city_same":1,"id":"hex:3820:23950"},"type":"Feature"},{"geometry":{"coordinates":[[[-122.17321,37.47992],[-122.17377,37.48071],[-122.1749,37.48072],[-122.17547,37.47994],[-122.17492,37.47915],[-122.17379,37.47915],[-122.17321,37.47992]]],"type":"Polygon"},"properties":{"bbox":{"parking":{"area":5469.9,"pct":21.05},"roads":{"area":8903.73,"pct":34.27},"sidewalks":{"area":278.53,"pct":1.07}},"city":{"parking":{"area":5469.9,"pct":21.05},"roads":{"area":2464.88,"pct":9.49},"sidewalks":{"area":278.53,"pct":1.07}},"id":"hex:3820:23951"},"type":"Feature"},{"geometry":{"coordinates":[[[-122.1732,37.48148],[-122.17375,37.48227],[-122.17488,37.48228],[-122.17546,37.4815],[-122.1749,37.48072],[-122.17377,37.48071],[-122.1732,37.48148]]],"type":"Polygon"},"properties":{"bbox":{"parking":{"area":11174.18,"pct":43.01},"roads":{"area":2990.64,"pct":11.51},"sidewalks":{"area":121.96,"pct":0.47}},"city_same":1,"id":"hex:3820:23952"},"type":"Feature"},{"geometry":{"coordinates":[[[-122.17318,37.48305],[-122.17374,37.48383],[-122.17487,37.48384],[-122.17544,37.48306],[-122.17488,37.48228],[-122.17375,37.48227],[-122.17318,37.48305]]],"type":"Polygon"},"properties":{"bbox":{"parking":{"area":7255.92,"pct":27.93},"roads":{"area":4261.74,"pct":16.4},"sidewalks":{"area":599.6,"pct":2.31}},"city_same":1,"id":"hex:3820:23953"},"type":"Feature"},{"geometry":{"coordinates":[[[-122.17316,37.48461],[-122.17372,37.48539],[-122.17485,37.4854],[-122.17542,37.48462],[-122.17487,37.48384],[-122.17374,37.48383],[-122.17316,37.48461]]],"type":"Polygon"},"properties":{"bbox":{"parking":{"area":6266.47,"pct":24.12},"roads":{"area":5706.78,"pct":21.97},"sidewalks":{"area":588.33,"pct":2.26}},"city":{"parking":{"area":6266.47,"pct":24.12},"roads":{"area":4141.38,"pct":15.94},"sidewalks":{"area":588.33,"pct":2.26}},"id":"hex:3820:23954"},"type":"Feature"},{"geometry":{"coordinates":[[[-122.17314,37.48617],[-122.1737,37.48695],[-122.17483,37.48696],[-122.17541,37.48618],[-122.17485,37.4854],[-122.17372,37.48539],[-122.17314,37.48617]]],"type":"Polygon"},"properties":{"bbox":{"roads":{"area":1367.06,"pct":5.26},"sidewalks":{"area":13.08,"pct":0.05}},"city":{"roads":{"area":24.05,"pct":0.09},"sidewalks":{"area":13.08,"pct":0.05}},"id":"hex:3820:23955"},"type":"Feature"},{"geometry":{"coordinates":[[[-122.17306,37.49397],[-122.17362,37.49476],[-122.17475,37.49476],[-122.17532,37.49399],[-122.17476,37.4932],[-122.17363,37.4932],[-122.17306,37.49397]]],"type":"Polygon"},"properties":{"bbox":{"roads":{"area":0.59,"pct":0}},"city_same":1,"id":"hex:3820:23960"},"type":"Feature"},{"geometry":{"coordinates":[[[-122.17359,37.44558],[-122.17304,37.44558],[-122.17307,37.44556],[-122.17313,37.44554],[-122.17318,37.4455],[-122.17337,37.44537],[-122.17339,37.44535],[-122.17341,37.44533],[-122.17344,37.44527],[-122.17346,37.44524],[-122.17356,37.44514],[-122.17368,37.44504],[-122.17376,37.44499],[-122.17386,37.44495],[-122.17396,37.44491],[-122.17409,37.44489],[-122.1741,37.44489],[-122.17359,37.44558]]],"type":"Polygon"},"properties":{"bbox":{"roads":{"area":310.05,"pct":12.91}},"city_same":1,"id":"hex:3821:23928"},"type":"Feature"},{"geometry":{"coordinates":[[[-122.17359,37.44558],[-122.17415,37.44636],[-122.17357,37.44714],[-122.17244,37.44713],[-122.17194,37.44642],[-122.17197,37.44639],[-122.17212,37.44631],[-122.17229,37.44624],[-122.17252,37.44618],[-122.17257,37.44615],[-122.17262,37.44612],[-122.17266,37.44609],[-122.17269,37.44605],[-122.17281,37.44587],[-122.17286,37.44579],[-122.1729,37.44567],[-122.17291,37.44565],[-122.17293,37.44563],[-122.17295,37.44561],[-122.17298,37.4456],[-122.17304,37.44558],[-122.17359,37.44558]]],"type":"Polygon"},"properties":{"bbox":{"parking":{"area":229.27,"pct":1.04},"roads":{"area":3259.35,"pct":14.73}},"city_same":1,"id":"hex:3821:23929"},"type":"Feature"},{"geometry":{"coordinates":[[[-122.17187,37.44791],[-122.17243,37.44869],[-122.17356,37.4487],[-122.17413,37.44793],[-122.17357,37.44714],[-122.17244,37.44713],[-122.17187,37.44791]]],"type":"Polygon"},"properties":{"bbox":{"parking":{"area":7594.71,"pct":29.23},"roads":{"area":7611.39,"pct":29.3},"sidewalks":{"area":731.85,"pct":2.82}},"city":{"parking":{"area":7594.71,"pct":29.23},"roads":{"area":3349.08,"pct":12.89},"sidewalks":{"area":731.85,"pct":2.82}},"id":"hex:3821:23930"},"type":"Feature"},{"geometry":{"coordinates":[[[-122.17185,37.44947],[-122.17241,37.45025],[-122.17354,37.45026],[-122.17411,37.44949],[-122.17356,37.4487],[-122.17243,37.44869],[-122.17185,37.44947]]],"type":"Polygon"},"properties":{"bbox":{"parking":{"area":1340.22,"pct":5.16},"roads":{"area":2919.7,"pct":11.24},"sidewalks":{"area":524.6,"pct":2.02}},"city_same":1,"id":"hex:3821:23931"},"type":"Feature"},{"geometry":{"coordinates":[[[-122.17184,37.45103],[-122.17239,37.45182],[-122.17352,37.45182],[-122.1741,37.45105],[-122.17354,37.45026],[-122.17241,37.45025],[-122.17184,37.45103]]],"type":"Polygon"},"properties":{"bbox":{"parking":{"area":3.5,"pct":0.01},"roads":{"area":3136.11,"pct":12.07},"sidewalks":{"area":1073.35,"pct":4.13}},"city_same":1,"id":"hex:3821:23932"},"type":"Feature"},{"geometry":{"coordinates":[[[-122.17182,37.45259],[-122.17237,37.45338],[-122.17351,37.45338],[-122.17408,37.45261],[-122.17352,37.45182],[-122.17239,37.45182],[-122.17182,37.45259]]],"type":"Polygon"},"properties":{"bbox":{"parking":{"area":185.64,"pct":0.71},"roads":{"area":4177.37,"pct":16.08},"sidewalks":{"area":1108.45,"pct":4.27}},"city_same":1,"id":"hex:3821:23933"},"type":"Feature"},{"geometry":{"coordinates":[[[-122.1718,37.45415],[-122.17236,37.45494],[-122.17349,37.45495],[-122.17406,37.45417],[-122.17351,37.45338],[-122.17237,37.45338],[-122.1718,37.45415]]],"type":"Polygon"},"properties":{"bbox":{"parking":{"area":2256.69,"pct":8.69},"roads":{"area":2199.68,"pct":8.47},"sidewalks":{"area":132.72,"pct":0.51}},"city_same":1,"id":"hex:3821:23934"},"type":"Feature"},{"geometry":{"coordinates":[[[-122.17178,37.45571],[-122.17234,37.4565],[-122.17347,37.45651],[-122.17404,37.45573],[-122.17349,37.45495],[-122.17236,37.45494],[-122.17178,37.45571]]],"type":"Polygon"},"properties":{"bbox":{"parking":{"area":3665.3,"pct":14.11},"roads":{"area":2453.71,"pct":9.44}},"city_same":1,"id":"hex:3821:23935"},"type":"Feature"},{"geometry":{"coordinates":[[[-122.17177,37.45728],[-122.17232,37.45806],[-122.17345,37.45807],[-122.17403,37.45729],[-122.17347,37.45651],[-122.17234,37.4565],[-122.17177,37.45728]]],"type":"Polygon"},"properties":{"bbox":{"parking":{"area":3833.96,"pct":14.76},"roads":{"area":2308.74,"pct":8.89}},"city_same":1,"id":"hex:3821:23936"},"type":"Feature"},{"geometry":{"coordinates":[[[-122.17175,37.45884],[-122.17231,37.45962],[-122.17344,37.45963],[-122.17401,37.45885],[-122.17345,37.45807],[-122.17232,37.45806],[-122.17175,37.45884]]],"type":"Polygon"},"properties":{"bbox":{"parking":{"area":5539.31,"pct":21.32},"roads":{"area":4455.14,"pct":17.15},"sidewalks":{"area":630.84,"pct":2.43}},"city":{"parking":{"area":5539.31,"pct":21.32},"roads":{"area":2722.48,"pct":10.48},"sidewalks":{"area":630.84,"pct":2.43}},"id":"hex:3821:23937"},"type":"Feature"},{"geometry":{"coordinates":[[[-122.17231,37.45962],[-122.17344,37.45963],[-122.17371,37.46001],[-122.1735,37.46043],[-122.17356,37.46045],[-122.17325,37.46106],[-122.17284,37.46088],[-122.17175,37.46038],[-122.17231,37.45962]]],"type":"Polygon"},"properties":{"bbox":{"roads":{"area":2884.43,"pct":16.25},"sidewalks":{"area":520.82,"pct":2.93}},"city_same":1,"id":"hex:3821:23938"},"type":"Feature"},{"geometry":{"coordinates":[[[-122.17326,37.47524],[-122.17213,37.47523],[-122.17158,37.47445],[-122.17199,37.47388],[-122.17205,37.47391],[-122.17365,37.47472],[-122.17326,37.47524]]],"type":"Polygon"},"properties":{"bbox":{"roads":{"area":1283.8,"pct":7.82},"sidewalks":{"area":259.92,"pct":1.58}},"city_same":1,"id":"hex:3821:23947"},"type":"Feature"},{"geometry":{"coordinates":[[[-122.17156,37.47601],[-122.17212,37.47679],[-122.17325,37.4768],[-122.17382,37.47602],[-122.17326,37.47524],[-122.17213,37.47523],[-122.17156,37.47601]]],"type":"Polygon"},"properties":{"bbox":{"parking":{"area":5170.87,"pct":19.9},"roads":{"area":2957.4,"pct":11.38},"sidewalks":{"area":578.39,"pct":2.23}},"city_same":1,"id":"hex:3821:23948"},"type":"Feature"},{"geometry":{"coordinates":[[[-122.17154,37.47757],[-122.1721,37.47835],[-122.17323,37.47836],[-122.1738,37.47759],[-122.17325,37.4768],[-122.17212,37.47679],[-122.17154,37.47757]]],"type":"Polygon"},"properties":{"bbox":{"roads":{"area":3274.1,"pct":12.6},"sidewalks":{"area":971.96,"pct":3.74}},"city_same":1,"id":"hex:3821:23949"},"type":"Feature"},{"geometry":{"coordinates":[[[-122.17153,37.47913],[-122.17208,37.47992],[-122.17321,37.47992],[-122.17379,37.47915],[-122.17323,37.47836],[-122.1721,37.47835],[-122.17153,37.47913]]],"type":"Polygon"},"properties":{"bbox":{"parking":{"area":293.98,"pct":1.13},"roads":{"area":7560.38,"pct":29.1},"sidewalks":{"area":538.67,"pct":2.07}},"city":{"parking":{"area":293.98,"pct":1.13},"roads":{"area":1121.54,"pct":4.32},"sidewalks":{"area":538.67,"pct":2.07}},"id":"hex:3821:23950"},"type":"Feature"},{"geometry":{"coordinates":[[[-122.17151,37.48069],[-122.17206,37.48148],[-122.1732,37.48148],[-122.17377,37.48071],[-122.17321,37.47992],[-122.17208,37.47992],[-122.17151,37.48069]]],"type":"Polygon"},"properties":{"bbox":{"parking":{"area":10238.66,"pct":39.41},"roads":{"area":3053.31,"pct":11.75},"sidewalks":{"area":793.6,"pct":3.05}},"city_same":1,"id":"hex:3821:23951"},"type":"Feature"},{"geometry":{"coordinates":[[[-122.17149,37.48225],[-122.17205,37.48304],[-122.17318,37.48305],[-122.17375,37.48227],[-122.1732,37.48148],[-122.17206,37.48148],[-122.17149,37.48225]]],"type":"Polygon"},"properties":{"bbox":{"parking":{"area":6174.42,"pct":23.77},"roads":{"area":3887.1,"pct":14.96},"sidewalks":{"area":494.44,"pct":1.9}},"city_same":1,"id":"hex:3821:23952"},"type":"Feature"},{"geometry":{"coordinates":[[[-122.17147,37.48381],[-122.17203,37.4846],[-122.17316,37.48461],[-122.17374,37.48383],[-122.17318,37.48305],[-122.17205,37.48304],[-122.17147,37.48381]]],"type":"Polygon"},"properties":{"bbox":{"parking":{"area":4770.98,"pct":18.36},"roads":{"area":2933.62,"pct":11.29},"sidewalks":{"area":262.22,"pct":1.01}},"city_same":1,"id":"hex:3821:23953"},"type":"Feature"},{"geometry":{"coordinates":[[[-122.17146,37.48537],[-122.17201,37.48616],[-122.17314,37.48617],[-122.17372,37.48539],[-122.17316,37.48461],[-122.17203,37.4846],[-122.17146,37.48537]]],"type":"Polygon"},"properties":{"bbox":{"parking":{"area":1524.22,"pct":5.87},"roads":{"area":4025.43,"pct":15.49}},"city":{"parking":{"area":1524.22,"pct":5.87},"roads":{"area":180.96,"pct":0.7}},"id":"hex:3821:23954"},"type":"Feature"},{"geometry":{"coordinates":[[[-122.17244,37.44713],[-122.17187,37.44791],[-122.17074,37.4479],[-122.17031,37.4473],[-122.17034,37.44728],[-122.17045,37.44722],[-122.17073,37.447],[-122.17077,37.44698],[-122.17081,37.44696],[-122.17085,37.44695],[-122.17089,37.44694],[-122.17094,37.44695],[-122.17122,37.44698],[-122.17149,37.44706],[-122.17151,37.44706],[-122.17153,37.44706],[-122.17154,37.44706],[-122.17159,37.44704],[-122.17166,37.44698],[-122.17173,37.44691],[-122.17177,37.44683],[-122.1718,37.44675],[-122.17181,37.44669],[-122.17184,37.44663],[-122.17186,37.44653],[-122.17188,37.44649],[-122.1719,37.44645],[-122.17193,37.44642],[-122.17194,37.44642],[-122.17244,37.44713]]],"type":"Polygon"},"properties":{"bbox":{"roads":{"area":2121.37,"pct":12.63},"sidewalks":{"area":194.75,"pct":1.16}},"city":{"roads":{"area":310.01,"pct":1.85},"sidewalks":{"area":194.75,"pct":1.16}},"id":"hex:3822:23930"},"type":"Feature"},{"geometry":{"coordinates":[[[-122.17017,37.44868],[-122.17072,37.44946],[-122.17185,37.44947],[-122.17243,37.44869],[-122.17187,37.44791],[-122.17074,37.4479],[-122.17017,37.44868]]],"type":"Polygon"},"properties":{"bbox":{"parking":{"area":400.25,"pct":1.54},"roads":{"area":2729.27,"pct":10.5},"sidewalks":{"area":545.77,"pct":2.1}},"city_same":1,"id":"hex:3822:23931"},"type":"Feature"},{"geometry":{"coordinates":[[[-122.17015,37.45024],[-122.1707,37.45102],[-122.17184,37.45103],[-122.17241,37.45025],[-122.17185,37.44947],[-122.17072,37.44946],[-122.17015,37.45024]]],"type":"Polygon"},"properties":{"bbox":{"parking":{"area":848.13,"pct":3.26},"roads":{"area":3447.97,"pct":13.27},"sidewalks":{"area":815.89,"pct":3.14}},"city_same":1,"id":"hex:3822:23932"},"type":"Feature"},{"geometry":{"coordinates":[[[-122.17013,37.4518],[-122.17069,37.45258],[-122.17182,37.45259],[-122.17239,37.45182],[-122.17184,37.45103],[-122.1707,37.45102],[-122.17013,37.4518]]],"type":"Polygon"},"properties":{"bbox":{"roads":{"area":3480.75,"pct":13.4},"sidewalks":{"area":1182.1,"pct":4.55}},"city_same":1,"id":"hex:3822:23933"},"type":"Feature"},{"geometry":{"coordinates":[[[-122.17011,37.45336],[-122.17067,37.45415],[-122.1718,37.45415],[-122.17237,37.45338],[-122.17182,37.45259],[-122.17069,37.45258],[-122.17011,37.45336]]],"type":"Polygon"},"properties":{"bbox":{"roads":{"area":3540.77,"pct":13.63},"sidewalks":{"area":1037.31,"pct":3.99}},"city_same":1,"id":"hex:3822:23934"},"type":"Feature"},{"geometry":{"coordinates":[[[-122.1701,37.45492],[-122.17065,37.45571],[-122.17178,37.45571],[-122.17236,37.45494],[-122.1718,37.45415],[-122.17067,37.45415],[-122.1701,37.45492]]],"type":"Polygon"},"properties":{"bbox":{"parking":{"area":5088.39,"pct":19.59},"roads":{"area":3003.45,"pct":11.56},"sidewalks":{"area":297.15,"pct":1.14}},"city_same":1,"id":"hex:3822:23935"},"type":"Feature"},{"geometry":{"coordinates":[[[-122.17008,37.45648],[-122.17064,37.45727],[-122.17177,37.45728],[-122.17234,37.4565],[-122.17178,37.45571],[-122.17065,37.45571],[-122.17008,37.45648]]],"type":"Polygon"},"properties":{"bbox":{"parking":{"area":3787.35,"pct":14.58},"roads":{"area":2731.66,"pct":10.51}},"city_same":1,"id":"hex:3822:23936"},"type":"Feature"},{"geometry":{"coordinates":[[[-122.17006,37.45804],[-122.17062,37.45883],[-122.17175,37.45884],[-122.17232,37.45806],[-122.17177,37.45728],[-122.17064,37.45727],[-122.17006,37.45804]]],"type":"Polygon"},"properties":{"bbox":{"parking":{"area":1640.04,"pct":6.31},"roads":{"area":4026.89,"pct":15.5},"sidewalks":{"area":609,"pct":2.34}},"city":{"parking":{"area":1640.04,"pct":6.31},"roads":{"area":2372.84,"pct":9.13},"sidewalks":{"area":609,"pct":2.34}},"id":"hex:3822:23937"},"type":"Feature"},{"geometry":{"coordinates":[[[-122.17004,37.45961],[-122.17062,37.45883],[-122.17175,37.45884],[-122.17231,37.45962],[-122.17175,37.46038],[-122.17065,37.45988],[-122.17042,37.46013],[-122.17004,37.45961]]],"type":"Polygon"},"properties":{"bbox":{"roads":{"area":3424.87,"pct":15.24},"sidewalks":{"area":559.04,"pct":2.49}},"city_same":1,"id":"hex:3822:23938"},"type":"Feature"},{"geometry":{"coordinates":[[[-122.17158,37.47445],[-122.17045,37.47444],[-122.16989,37.47365],[-122.17034,37.47304],[-122.17199,37.47388],[-122.17158,37.47445]]],"type":"Polygon"},"properties":{"bbox":{"roads":{"area":1285.32,"pct":7.36},"sidewalks":{"area":259.98,"pct":1.49}},"city_same":1,"id":"hex:3822:23947"},"type":"Feature"},{"geometry":{"coordinates":[[[-122.16985,37.47678],[-122.17041,37.47756],[-122.17154,37.47757],[-122.17212,37.47679],[-122.17156,37.47601],[-122.17043,37.476],[-122.16985,37.47678]]],"type":"Polygon"},"properties":{"bbox":{"parking":{"area":4164.68,"pct":16.03},"roads":{"area":2397.61,"pct":9.23},"sidewalks":{"area":464.73,"pct":1.79}},"city":{"parking":{"area":4164.68,"pct":16.03},"roads":{"area":2397.18,"pct":9.23},"sidewalks":{"area":464.73,"pct":1.79}},"id":"hex:3822:23949"},"type":"Feature"},{"geometry":{"coordinates":[[[-122.16984,37.47834],[-122.17039,37.47912],[-122.17153,37.47913],[-122.1721,37.47835],[-122.17154,37.47757],[-122.17041,37.47756],[-122.16984,37.47834]]],"type":"Polygon"},"properties":{"bbox":{"roads":{"area":6514.28,"pct":25.07},"sidewalks":{"area":0.73,"pct":0}},"city":{"roads":{"area":74.92,"pct":0.29},"sidewalks":{"area":0.73,"pct":0}},"id":"hex:3822:23950"},"type":"Feature"},{"geometry":{"coordinates":[[[-122.16982,37.4799],[-122.17038,37.48068],[-122.17151,37.48069],[-122.17208,37.47992],[-122.17153,37.47913],[-122.17039,37.47912],[-122.16982,37.4799]]],"type":"Polygon"},"properties":{"bbox":{"parking":{"area":17869.45,"pct":68.78},"roads":{"area":4020,"pct":15.47},"sidewalks":{"area":763.76,"pct":2.94}},"city_same":1,"id":"hex:3822:23951"},"type":"Feature"},{"geometry":{"coordinates":[[[-122.1698,37.48146],[-122.17036,37.48224],[-122.17149,37.48225],[-122.17206,37.48148],[-122.17151,37.48069],[-122.17038,37.48068],[-122.1698,37.48146]]],"type":"Polygon"},"properties":{"bbox":{"parking":{"area":9483.13,"pct":36.5},"roads":{"area":3658.16,"pct":14.08},"sidewalks":{"area":776.1,"pct":2.99}},"city_same":1,"id":"hex:3822:23952"},"type":"Feature"},{"geometry":{"coordinates":[[[-122.16979,37.48302],[-122.17034,37.48381],[-122.17147,37.48381],[-122.17205,37.48304],[-122.17149,37.48225],[-122.17036,37.48224],[-122.16979,37.48302]]],"type":"Polygon"},"properties":{"bbox":{"parking":{"area":8761.99,"pct":33.72},"roads":{"area":3855.77,"pct":14.84},"sidewalks":{"area":262.29,"pct":1.01}},"city_same":1,"id":"hex:3822:23953"},"type":"Feature"},{"geometry":{"coordinates":[[[-122.16977,37.48458],[-122.17033,37.48537],[-122.17146,37.48537],[-122.17203,37.4846],[-122.17147,37.48381],[-122.17034,37.48381],[-122.16977,37.48458]]],"type":"Polygon"},"properties":{"bbox":{"parking":{"area":5104.57,"pct":19.65},"roads":{"area":5079.52,"pct":19.55}},"city":{"parking":{"area":5104.57,"pct":19.65},"roads":{"area":971.89,"pct":3.74}},"id":"hex:3822:23954"},"type":"Feature"},{"geometry":{"coordinates":[[[-122.17074,37.4479],[-122.17017,37.44868],[-122.16903,37.44867],[-122.16848,37.44789],[-122.16862,37.44769],[-122.1687,37.44759],[-122.16874,37.44753],[-122.16904,37.44712],[-122.16906,37.44711],[-122.16907,37.44711],[-122.16925,37.44711],[-122.16928,37.44712],[-122.16931,37.44714],[-122.16933,37.44716],[-122.16936,37.44719],[-122.16937,37.44722],[-122.16948,37.44742],[-122.16949,37.44744],[-122.16952,37.44747],[-122.16955,37.44749],[-122.16958,37.44751],[-122.16961,37.44752],[-122.16965,37.44753],[-122.16969,37.44753],[-122.16973,37.44753],[-122.16977,37.44753],[-122.16994,37.44748],[-122.17012,37.44742],[-122.1702,37.44739],[-122.17027,37.44734],[-122.17031,37.4473],[-122.17074,37.4479]]],"type":"Polygon"},"properties":{"bbox":{"roads":{"area":2186.62,"pct":9.52},"sidewalks":{"area":680.4,"pct":2.96}},"city_same":1,"id":"hex:3823:23930"},"type":"Feature"},{"geometry":{"coordinates":[[[-122.16846,37.44945],[-122.16902,37.45023],[-122.17015,37.45024],[-122.17072,37.44946],[-122.17017,37.44868],[-122.16903,37.44867],[-122.16846,37.44945]]],"type":"Polygon"},"properties":{"bbox":{"roads":{"area":2481.58,"pct":9.55},"sidewalks":{"area":817.32,"pct":3.15}},"city_same":1,"id":"hex:3823:23931"},"type":"Feature"},{"geometry":{"coordinates":[[[-122.16844,37.45101],[-122.169,37.45179],[-122.17013,37.4518],[-122.1707,37.45102],[-122.17015,37.45024],[-122.16902,37.45023],[-122.16844,37.45101]]],"type":"Polygon"},"properties":{"bbox":{"roads":{"area":3476.63,"pct":13.38},"sidewalks":{"area":920.05,"pct":3.54}},"city_same":1,"id":"hex:3823:23932"},"type":"Feature"},{"geometry":{"coordinates":[[[-122.16843,37.45257],[-122.16898,37.45335],[-122.17011,37.45336],[-122.17069,37.45258],[-122.17013,37.4518],[-122.169,37.45179],[-122.16843,37.45257]]],"type":"Polygon"},"properties":{"bbox":{"roads":{"area":2965.48,"pct":11.41},"sidewalks":{"area":1045.21,"pct":4.02}},"city_same":1,"id":"hex:3823:23933"},"type":"Feature"},{"geometry":{"coordinates":[[[-122.16841,37.45413],[-122.16897,37.45491],[-122.1701,37.45492],[-122.17067,37.45415],[-122.17011,37.45336],[-122.16898,37.45335],[-122.16841,37.45413]]],"type":"Polygon"},"properties":{"bbox":{"parking":{"area":2364.6,"pct":9.1},"roads":{"area":4542.38,"pct":17.48},"sidewalks":{"area":915.84,"pct":3.53}},"city_same":1,"id":"hex:3823:23934"},"type":"Feature"},{"geometry":{"coordinates":[[[-122.16839,37.45569],[-122.16895,37.45648],[-122.17008,37.45648],[-122.17065,37.45571],[-122.1701,37.45492],[-122.16897,37.45491],[-122.16839,37.45569]]],"type":"Polygon"},"properties":{"bbox":{"parking":{"area":5654.16,"pct":21.76},"roads":{"area":3618.3,"pct":13.93},"sidewalks":{"area":457.95,"pct":1.76}},"city_same":1,"id":"hex:3823:23935"},"type":"Feature"},{"geometry":{"coordinates":[[[-122.16837,37.45725],[-122.16893,37.45804],[-122.17006,37.45804],[-122.17064,37.45727],[-122.17008,37.45648],[-122.16895,37.45648],[-122.16837,37.45725]]],"type":"Polygon"},"properties":{"bbox":{"parking":{"area":2042.85,"pct":7.86},"roads":{"area":2869.34,"pct":11.04},"sidewalks":{"area":511.77,"pct":1.97}},"city":{"parking":{"area":2042.85,"pct":7.86},"roads":{"area":984.1,"pct":3.79},"sidewalks":{"area":511.77,"pct":1.97}},"id":"hex:3823:23936"},"type":"Feature"},{"geometry":{"coordinates":[[[-122.16836,37.45881],[-122.16891,37.4596],[-122.17004,37.45961],[-122.17062,37.45883],[-122.17006,37.45804],[-122.16893,37.45804],[-122.16836,37.45881]]],"type":"Polygon"},"properties":{"bbox":{"parking":{"area":768.18,"pct":2.96},"roads":{"area":659.36,"pct":2.54}},"city_same":1,"id":"hex:3823:23937"},"type":"Feature"},{"geometry":{"coordinates":[[[-122.1689,37.46116],[-122.16834,37.46037],[-122.16891,37.4596],[-122.17004,37.45961],[-122.17042,37.46013],[-122.16949,37.46116],[-122.1689,37.46116]]],"type":"Polygon"},"properties":{"bbox":{"parking":{"area":1024.96,"pct":4.7},"roads":{"area":2195.75,"pct":10.07},"sidewalks":{"area":289.16,"pct":1.33}},"city_same":1,"id":"hex:3823:23938"},"type":"Feature"},{"geometry":{"coordinates":[[[-122.16832,37.46194],[-122.1689,37.46116],[-122.16949,37.46116],[-122.16853,37.46222],[-122.16832,37.46194]]],"type":"Polygon"},"properties":{"bbox":{"roads":{"area":177.64,"pct":3.79},"sidewalks":{"area":57.25,"pct":1.22}},"city_same":1,"id":"hex:3823:23939"},"type":"Feature"},{"geometry":{"coordinates":[[[-122.16989,37.47365],[-122.16876,37.47365],[-122.1682,37.47286],[-122.16874,37.47213],[-122.16952,37.47262],[-122.17034,37.47304],[-122.16989,37.47365]]],"type":"Polygon"},"properties":{"bbox":{"roads":{"area":3453.41,"pct":18.23},"sidewalks":{"area":675.16,"pct":3.56}},"city_same":1,"id":"hex:3823:23946"},"type":"Feature"},{"geometry":{"coordinates":[[[-122.16818,37.47442],[-122.16874,37.47521],[-122.16987,37.47522],[-122.17045,37.47444],[-122.16989,37.47365],[-122.16876,37.47365],[-122.16818,37.47442]]],"type":"Polygon"},"properties":{"bbox":{"roads":{"area":1913.64,"pct":7.37},"sidewalks":{"area":544.97,"pct":2.1}},"city_same":1,"id":"hex:3823:23947"},"type":"Feature"},{"geometry":{"coordinates":[[[-122.16817,37.47598],[-122.16872,37.47677],[-122.16985,37.47678],[-122.17043,37.476],[-122.16987,37.47522],[-122.16874,37.47521],[-122.16817,37.47598]]],"type":"Polygon"},"properties":{"bbox":{"parking":{"area":3350.76,"pct":12.9},"roads":{"area":2627.37,"pct":10.11},"sidewalks":{"area":111.66,"pct":0.43}},"city":{"parking":{"area":3350.76,"pct":12.9},"roads":{"area":2090.93,"pct":8.05},"sidewalks":{"area":111.66,"pct":0.43}},"id":"hex:3823:23948"},"type":"Feature"},{"geometry":{"coordinates":[[[-122.16815,37.47755],[-122.16871,37.47833],[-122.16984,37.47834],[-122.17041,37.47756],[-122.16985,37.47678],[-122.16872,37.47677],[-122.16815,37.47755]]],"type":"Polygon"},"properties":{"bbox":{"roads":{"area":6998.08,"pct":26.94}},"city":{"roads":{"area":780.4,"pct":3}},"id":"hex:3823:23949"},"type":"Feature"},{"geometry":{"coordinates":[[[-122.16813,37.47911],[-122.16869,37.47989],[-122.16982,37.4799],[-122.17039,37.47912],[-122.16984,37.47834],[-122.16871,37.47833],[-122.16813,37.47911]]],"type":"Polygon"},"properties":{"bbox":{"parking":{"area":4118.29,"pct":15.85},"roads":{"area":1353.85,"pct":5.21},"sidewalks":{"area":453.92,"pct":1.75}},"city_same":1,"id":"hex:3823:23950"},"type":"Feature"},{"geometry":{"coordinates":[[[-122.16812,37.48067],[-122.16867,37.48145],[-122.1698,37.48146],[-122.17038,37.48068],[-122.16982,37.4799],[-122.16869,37.47989],[-122.16812,37.48067]]],"type":"Polygon"},"properties":{"bbox":{"parking":{"area":12072.45,"pct":46.47},"roads":{"area":3074.95,"pct":11.84},"sidewalks":{"area":113.98,"pct":0.44}},"city_same":1,"id":"hex:3823:23951"},"type":"Feature"},{"geometry":{"coordinates":[[[-122.1681,37.48223],[-122.16865,37.48301],[-122.16979,37.48302],[-122.17036,37.48224],[-122.1698,37.48146],[-122.16867,37.48145],[-122.1681,37.48223]]],"type":"Polygon"},"properties":{"bbox":{"parking":{"area":7087.6,"pct":27.28},"roads":{"area":3889.08,"pct":14.97},"sidewalks":{"area":496.62,"pct":1.91}},"city_same":1,"id":"hex:3823:23952"},"type":"Feature"},{"geometry":{"coordinates":[[[-122.16808,37.48379],[-122.16864,37.48457],[-122.16977,37.48458],[-122.17034,37.48381],[-122.16979,37.48302],[-122.16865,37.48301],[-122.16808,37.48379]]],"type":"Polygon"},"properties":{"bbox":{"parking":{"area":6468.69,"pct":24.9},"roads":{"area":5504.02,"pct":21.18}},"city":{"parking":{"area":6468.69,"pct":24.9},"roads":{"area":993.01,"pct":3.82}},"id":"hex:3823:23953"},"type":"Feature"},{"geometry":{"coordinates":[[[-122.16848,37.44789],[-122.16903,37.44867],[-122.16846,37.44945],[-122.16769,37.44944],[-122.16758,37.44934],[-122.16753,37.44927],[-122.16749,37.44919],[-122.16748,37.44911],[-122.16748,37.44903],[-122.16749,37.44895],[-122.16753,37.44888],[-122.16758,37.44881],[-122.16764,37.44873],[-122.16769,37.44864],[-122.16784,37.44835],[-122.16787,37.4483],[-122.16791,37.44826],[-122.16797,37.44822],[-122.16818,37.44808],[-122.16838,37.44793],[-122.16843,37.44789],[-122.16848,37.44789]]],"type":"Polygon"},"properties":{"bbox":{"roads":{"area":953.11,"pct":6.29},"sidewalks":{"area":340.48,"pct":2.25}},"city_same":1,"id":"hex:3824:23931"},"type":"Feature"},{"geometry":{"coordinates":[[[-122.16846,37.44945],[-122.16902,37.45023],[-122.16844,37.45101],[-122.16731,37.451],[-122.16729,37.45097],[-122.16736,37.45094],[-122.16746,37.45087],[-122.16755,37.45079],[-122.16762,37.45069],[-122.16767,37.45059],[-122.16769,37.45049],[-122.1677,37.45026],[-122.16773,37.45014],[-122.16781,37.44995],[-122.16783,37.44987],[-122.16784,37.44979],[-122.16783,37.4497],[-122.16781,37.44962],[-122.16777,37.44954],[-122.16771,37.44947],[-122.16769,37.44944],[-122.16846,37.44945]]],"type":"Polygon"},"properties":{"bbox":{"roads":{"area":1260.1,"pct":7.88},"sidewalks":{"area":464.64,"pct":2.9}},"city_same":1,"id":"hex:3824:23932"},"type":"Feature"},{"geometry":{"coordinates":[[[-122.16674,37.45178],[-122.1673,37.45256],[-122.16843,37.45257],[-122.169,37.45179],[-122.16844,37.45101],[-122.16731,37.451],[-122.16674,37.45178]]],"type":"Polygon"},"properties":{"bbox":{"parking":{"area":3439.03,"pct":13.24},"roads":{"area":4154.71,"pct":15.99},"sidewalks":{"area":938.33,"pct":3.61}},"city_same":1,"id":"hex:3824:23933"},"type":"Feature"},{"geometry":{"coordinates":[[[-122.16672,37.45334],[-122.16728,37.45412],[-122.16841,37.45413],[-122.16898,37.45335],[-122.16843,37.45257],[-122.1673,37.45256],[-122.16672,37.45334]]],"type":"Polygon"},"properties":{"bbox":{"roads":{"area":3700.9,"pct":14.24},"sidewalks":{"area":624,"pct":2.4}},"city_same":1,"id":"hex:3824:23934"},"type":"Feature"},{"geometry":{"coordinates":[[[-122.1667,37.4549],[-122.16726,37.45568],[-122.16839,37.45569],[-122.16897,37.45491],[-122.16841,37.45413],[-122.16728,37.45412],[-122.1667,37.4549]]],"type":"Polygon"},"properties":{"bbox":{"parking":{"area":5280.22,"pct":20.32},"roads":{"area":4596.07,"pct":17.69},"sidewalks":{"area":803.14,"pct":3.09}},"city_same":1,"id":"hex:3824:23935"},"type":"Feature"},{"geometry":{"coordinates":[[[-122.16669,37.45646],[-122.16724,37.45724],[-122.16837,37.45725],[-122.16895,37.45648],[-122.16839,37.45569],[-122.16726,37.45568],[-122.16669,37.45646]]],"type":"Polygon"},"properties":{"bbox":{"parking":{"area":3378.23,"pct":13},"roads":{"area":4391.19,"pct":16.9},"sidewalks":{"area":650.9,"pct":2.51}},"city":{"parking":{"area":3378.23,"pct":13},"roads":{"area":2614.67,"pct":10.06},"sidewalks":{"area":650.9,"pct":2.51}},"id":"hex:3824:23936"},"type":"Feature"},{"geometry":{"coordinates":[[[-122.16667,37.45802],[-122.16723,37.45881],[-122.16836,37.45881],[-122.16893,37.45804],[-122.16837,37.45725],[-122.16724,37.45724],[-122.16667,37.45802]]],"type":"Polygon"},"properties":{"bbox":{"roads":{"area":956.44,"pct":3.68}},"city_same":1,"id":"hex:3824:23937"},"type":"Feature"},{"geometry":{"coordinates":[[[-122.16665,37.45958],[-122.16721,37.46037],[-122.16834,37.46037],[-122.16891,37.4596],[-122.16836,37.45881],[-122.16723,37.45881],[-122.16665,37.45958]]],"type":"Polygon"},"properties":{"bbox":{"parking":{"area":3200.98,"pct":12.32},"roads":{"area":1698.39,"pct":6.54}},"city_same":1,"id":"hex:3824:23938"},"type":"Feature"},{"geometry":{"coordinates":[[[-122.16664,37.46114],[-122.16719,37.46193],[-122.16832,37.46194],[-122.1689,37.46116],[-122.16834,37.46037],[-122.16721,37.46037],[-122.16664,37.46114]]],"type":"Polygon"},"properties":{"bbox":{"parking":{"area":382.23,"pct":1.47},"roads":{"area":3283.74,"pct":12.64},"sidewalks":{"area":258.14,"pct":0.99}},"city_same":1,"id":"hex:3824:23939"},"type":"Feature"},{"geometry":{"coordinates":[[[-122.16717,37.46349],[-122.16662,37.4627],[-122.16719,37.46193],[-122.16832,37.46194],[-122.16853,37.46222],[-122.16738,37.46349],[-122.16717,37.46349]]],"type":"Polygon"},"properties":{"bbox":{"roads":{"area":1370.79,"pct":7.84},"sidewalks":{"area":51.4,"pct":0.29}},"city_same":1,"id":"hex:3824:23940"},"type":"Feature"},{"geometry":{"coordinates":[[[-122.1682,37.47286],[-122.16707,37.47285],[-122.16651,37.47207],[-122.16701,37.4714],[-122.16776,37.47159],[-122.16802,37.47168],[-122.16874,37.47213],[-122.1682,37.47286]]],"type":"Polygon"},"properties":{"bbox":{"roads":{"area":3832.82,"pct":17.96},"sidewalks":{"area":668.83,"pct":3.13}},"city_same":1,"id":"hex:3824:23946"},"type":"Feature"},{"geometry":{"coordinates":[[[-122.1665,37.47363],[-122.16705,37.47442],[-122.16818,37.47442],[-122.16876,37.47365],[-122.1682,37.47286],[-122.16707,37.47285],[-122.1665,37.47363]]],"type":"Polygon"},"properties":{"bbox":{"roads":{"area":3529.16,"pct":13.58},"sidewalks":{"area":968.48,"pct":3.73}},"city_same":1,"id":"hex:3824:23947"},"type":"Feature"},{"geometry":{"coordinates":[[[-122.16648,37.47519],[-122.16704,37.47598],[-122.16817,37.47598],[-122.16874,37.47521],[-122.16818,37.47442],[-122.16705,37.47442],[-122.16648,37.47519]]],"type":"Polygon"},"properties":{"bbox":{"roads":{"area":6460.15,"pct":24.87},"sidewalks":{"area":927.54,"pct":3.57}},"city":{"roads":{"area":4411.6,"pct":16.98},"sidewalks":{"area":927.54,"pct":3.57}},"id":"hex:3824:23948"},"type":"Feature"},{"geometry":{"coordinates":[[[-122.16646,37.47675],[-122.16702,37.47754],[-122.16815,37.47755],[-122.16872,37.47677],[-122.16817,37.47598],[-122.16704,37.47598],[-122.16646,37.47675]]],"type":"Polygon"},"properties":{"bbox":{"roads":{"area":9043.85,"pct":34.81},"sidewalks":{"area":805.82,"pct":3.1}},"city":{"roads":{"area":3766.14,"pct":14.5},"sidewalks":{"area":805.82,"pct":3.1}},"id":"hex:3824:23949"},"type":"Feature"},{"geometry":{"coordinates":[[[-122.16644,37.47831],[-122.167,37.4791],[-122.16813,37.47911],[-122.16871,37.47833],[-122.16815,37.47755],[-122.16702,37.47754],[-122.16644,37.47831]]],"type":"Polygon"},"properties":{"bbox":{"parking":{"area":832.76,"pct":3.21},"roads":{"area":2919.88,"pct":11.24},"sidewalks":{"area":919.63,"pct":3.54}},"city_same":1,"id":"hex:3824:23950"},"type":"Feature"},{"geometry":{"coordinates":[[[-122.16643,37.47988],[-122.16698,37.48066],[-122.16812,37.48067],[-122.16869,37.47989],[-122.16813,37.47911],[-122.167,37.4791],[-122.16643,37.47988]]],"type":"Polygon"},"properties":{"bbox":{"parking":{"area":3841.43,"pct":14.79},"roads":{"area":2718.42,"pct":10.46},"sidewalks":{"area":807.99,"pct":3.11}},"city_same":1,"id":"hex:3824:23951"},"type":"Feature"},{"geometry":{"coordinates":[[[-122.16641,37.48144],[-122.16697,37.48222],[-122.1681,37.48223],[-122.16867,37.48145],[-122.16812,37.48067],[-122.16698,37.48066],[-122.16641,37.48144]]],"type":"Polygon"},"properties":{"bbox":{"parking":{"area":4944.36,"pct":19.03},"roads":{"area":4457.63,"pct":17.16},"sidewalks":{"area":747.05,"pct":2.88}},"city_same":1,"id":"hex:3824:23952"},"type":"Feature"},{"geometry":{"coordinates":[[[-122.16639,37.483],[-122.16695,37.48378],[-122.16808,37.48379],[-122.16865,37.48301],[-122.1681,37.48223],[-122.16697,37.48222],[-122.16639,37.483]]],"type":"Polygon"},"properties":{"bbox":{"parking":{"area":4282.75,"pct":16.48},"roads":{"area":7010.79,"pct":26.98},"sidewalks":{"area":286.08,"pct":1.1}},"city":{"parking":{"area":4282.75,"pct":16.48},"roads":{"area":2958.79,"pct":11.39},"sidewalks":{"area":286.08,"pct":1.1}},"id":"hex:3824:23953"},"type":"Feature"},{"geometry":{"coordinates":[[[-122.16731,37.451],[-122.16674,37.45178],[-122.16561,37.45177],[-122.16545,37.45154],[-122.1655,37.45134],[-122.16553,37.45128],[-122.16556,37.45122],[-122.16571,37.45102],[-122.16579,37.45087],[-122.16586,37.45068],[-122.16588,37.45065],[-122.1659,37.45062],[-122.16593,37.45059],[-122.16597,37.45057],[-122.16601,37.45056],[-122.16606,37.45055],[-122.1661,37.45054],[-122.16615,37.45054],[-122.16619,37.45055],[-122.16623,37.45056],[-122.16627,37.45058],[-122.16631,37.4506],[-122.16634,37.45063],[-122.16646,37.4508],[-122.16659,37.45093],[-122.16664,37.45097],[-122.1667,37.451],[-122.16677,37.45102],[-122.16684,37.45104],[-122.16691,37.45105],[-122.16698,37.45105],[-122.16711,37.45103],[-122.16724,37.45099],[-122.16729,37.45097],[-122.16731,37.451]]],"type":"Polygon"},"properties":{"bbox":{"parking":{"area":2819.47,"pct":20.39},"roads":{"area":915.3,"pct":6.62}},"city_same":1,"id":"hex:3825:23932"},"type":"Feature"},{"geometry":{"coordinates":[[[-122.16561,37.45177],[-122.16674,37.45178],[-122.1673,37.45256],[-122.16672,37.45334],[-122.16559,37.45333],[-122.16521,37.45279],[-122.16526,37.45267],[-122.16532,37.45241],[-122.16536,37.4521],[-122.16561,37.45177]]],"type":"Polygon"},"properties":{"bbox":{"parking":{"area":2392.92,"pct":9.53},"roads":{"area":3980.94,"pct":15.86},"sidewalks":{"area":770.42,"pct":3.07}},"city_same":1,"id":"hex:3825:23933"},"type":"Feature"},{"geometry":{"coordinates":[[[-122.16502,37.45411],[-122.16557,37.45489],[-122.1667,37.4549],[-122.16728,37.45412],[-122.16672,37.45334],[-122.16559,37.45333],[-122.16502,37.45411]]],"type":"Polygon"},"properties":{"bbox":{"parking":{"area":12359.24,"pct":47.57},"roads":{"area":4586.26,"pct":17.65},"sidewalks":{"area":409.58,"pct":1.58}},"city_same":1,"id":"hex:3825:23934"},"type":"Feature"},{"geometry":{"coordinates":[[[-122.165,37.45567],[-122.16556,37.45645],[-122.16669,37.45646],[-122.16726,37.45568],[-122.1667,37.4549],[-122.16557,37.45489],[-122.165,37.45567]]],"type":"Polygon"},"properties":{"bbox":{"parking":{"area":5431.98,"pct":20.91},"roads":{"area":4354.05,"pct":16.76},"sidewalks":{"area":986.51,"pct":3.8}},"city":{"parking":{"area":5431.98,"pct":20.91},"roads":{"area":2589.68,"pct":9.97},"sidewalks":{"area":986.51,"pct":3.8}},"id":"hex:3825:23935"},"type":"Feature"},{"geometry":{"coordinates":[[[-122.16498,37.45723],[-122.16554,37.45801],[-122.16667,37.45802],[-122.16724,37.45724],[-122.16669,37.45646],[-122.16556,37.45645],[-122.16498,37.45723]]],"type":"Polygon"},"properties":{"bbox":{"parking":{"area":2722.93,"pct":10.48},"roads":{"area":2500.2,"pct":9.62}},"city_same":1,"id":"hex:3825:23936"},"type":"Feature"},{"geometry":{"coordinates":[[[-122.16497,37.45879],[-122.16552,37.45957],[-122.16665,37.45958],[-122.16723,37.45881],[-122.16667,37.45802],[-122.16554,37.45801],[-122.16497,37.45879]]],"type":"Polygon"},"properties":{"bbox":{"parking":{"area":51.63,"pct":0.2},"roads":{"area":874.26,"pct":3.37},"sidewalks":{"area":124.85,"pct":0.48}},"city_same":1,"id":"hex:3825:23937"},"type":"Feature"},{"geometry":{"coordinates":[[[-122.16495,37.46035],[-122.1655,37.46113],[-122.16664,37.46114],[-122.16721,37.46037],[-122.16665,37.45958],[-122.16552,37.45957],[-122.16495,37.46035]]],"type":"Polygon"},"properties":{"bbox":{"parking":{"area":486.3,"pct":1.87},"roads":{"area":2868.81,"pct":11.04},"sidewalks":{"area":303.82,"pct":1.17}},"city_same":1,"id":"hex:3825:23938"},"type":"Feature"},{"geometry":{"coordinates":[[[-122.16493,37.46191],[-122.16549,37.4627],[-122.16662,37.4627],[-122.16719,37.46193],[-122.16664,37.46114],[-122.1655,37.46113],[-122.16493,37.46191]]],"type":"Polygon"},"properties":{"bbox":{"roads":{"area":3539.23,"pct":13.62},"sidewalks":{"area":401.07,"pct":1.54}},"city_same":1,"id":"hex:3825:23939"},"type":"Feature"},{"geometry":{"coordinates":[[[-122.16549,37.4627],[-122.16662,37.4627],[-122.16717,37.46349],[-122.16712,37.46356],[-122.16527,37.46298],[-122.16549,37.4627]]],"type":"Polygon"},"properties":{"bbox":{"roads":{"area":970.22,"pct":11.61},"sidewalks":{"area":128.2,"pct":1.53}},"city_same":1,"id":"hex:3825:23940"},"type":"Feature"},{"geometry":{"coordinates":[[[-122.16651,37.47207],[-122.16538,37.47206],[-122.16483,37.47128],[-122.1651,37.47091],[-122.16701,37.4714],[-122.16651,37.47207]]],"type":"Polygon"},"properties":{"bbox":{"roads":{"area":3424.93,"pct":21.47},"sidewalks":{"area":714.46,"pct":4.48}},"city_same":1,"id":"hex:3825:23945"},"type":"Feature"},{"geometry":{"coordinates":[[[-122.16481,37.47284],[-122.16537,37.47362],[-122.1665,37.47363],[-122.16707,37.47285],[-122.16651,37.47207],[-122.16538,37.47206],[-122.16481,37.47284]]],"type":"Polygon"},"properties":{"bbox":{"roads":{"area":3393.78,"pct":13.06},"sidewalks":{"area":901.02,"pct":3.47}},"city_same":1,"id":"hex:3825:23946"},"type":"Feature"},{"geometry":{"coordinates":[[[-122.16479,37.4744],[-122.16535,37.47518],[-122.16648,37.47519],[-122.16705,37.47442],[-122.1665,37.47363],[-122.16537,37.47362],[-122.16479,37.4744]]],"type":"Polygon"},"properties":{"bbox":{"roads":{"area":7199.09,"pct":27.71},"sidewalks":{"area":692.12,"pct":2.66}},"city":{"roads":{"area":2943.61,"pct":11.33},"sidewalks":{"area":692.12,"pct":2.66}},"id":"hex:3825:23947"},"type":"Feature"},{"geometry":{"coordinates":[[[-122.16477,37.47596],[-122.16533,37.47675],[-122.16646,37.47675],[-122.16704,37.47598],[-122.16648,37.47519],[-122.16535,37.47518],[-122.16477,37.47596]]],"type":"Polygon"},"properties":{"bbox":{"parking":{"area":257.02,"pct":0.99},"roads":{"area":8587.25,"pct":33.05},"sidewalks":{"area":1193.66,"pct":4.59}},"city":{"parking":{"area":257.02,"pct":0.99},"roads":{"area":5141.03,"pct":19.79},"sidewalks":{"area":1193.66,"pct":4.59}},"id":"hex:3825:23948"},"type":"Feature"},{"geometry":{"coordinates":[[[-122.16476,37.47752],[-122.16531,37.47831],[-122.16644,37.47831],[-122.16702,37.47754],[-122.16646,37.47675],[-122.16533,37.47675],[-122.16476,37.47752]]],"type":"Polygon"},"properties":{"bbox":{"roads":{"area":2931.31,"pct":11.28},"sidewalks":{"area":794.78,"pct":3.06}},"city_same":1,"id":"hex:3825:23949"},"type":"Feature"},{"geometry":{"coordinates":[[[-122.16474,37.47908],[-122.1653,37.47987],[-122.16643,37.47988],[-122.167,37.4791],[-122.16644,37.47831],[-122.16531,37.47831],[-122.16474,37.47908]]],"type":"Polygon"},"properties":{"bbox":{"roads":{"area":2907.81,"pct":11.19},"sidewalks":{"area":677.85,"pct":2.61}},"city_same":1,"id":"hex:3825:23950"},"type":"Feature"},{"geometry":{"coordinates":[[[-122.16472,37.48064],[-122.16528,37.48143],[-122.16641,37.48144],[-122.16698,37.48066],[-122.16643,37.47988],[-122.1653,37.47987],[-122.16472,37.48064]]],"type":"Polygon"},"properties":{"bbox":{"parking":{"area":3197.51,"pct":12.31},"roads":{"area":1543.16,"pct":5.94},"sidewalks":{"area":416.08,"pct":1.6}},"city_same":1,"id":"hex:3825:23951"},"type":"Feature"},{"geometry":{"coordinates":[[[-122.1647,37.4822],[-122.16526,37.48299],[-122.16639,37.483],[-122.16697,37.48222],[-122.16641,37.48144],[-122.16528,37.48143],[-122.1647,37.4822]]],"type":"Polygon"},"properties":{"bbox":{"parking":{"area":7009.43,"pct":26.98},"roads":{"area":3831.85,"pct":14.75},"sidewalks":{"area":258.66,"pct":1}},"city":{"parking":{"area":7009.43,"pct":26.98},"roads":{"area":1576.27,"pct":6.07},"sidewalks":{"area":258.66,"pct":1}},"id":"hex:3825:23952"},"type":"Feature"},{"geometry":{"coordinates":[[[-122.16469,37.48377],[-122.16524,37.48455],[-122.16638,37.48456],[-122.16695,37.48378],[-122.16639,37.483],[-122.16526,37.48299],[-122.16469,37.48377]]],"type":"Polygon"},"properties":{"bbox":{"roads":{"area":843.3,"pct":3.25}},"id":"hex:3825:23953"},"type":"Feature"},{"geometry":{"coordinates":[[[-122.16559,37.45333],[-122.16502,37.45411],[-122.16389,37.4541],[-122.16333,37.45331],[-122.16342,37.45319],[-122.16348,37.4532],[-122.16354,37.45321],[-122.16359,37.45321],[-122.16365,37.4532],[-122.16371,37.45318],[-122.16376,37.45316],[-122.16381,37.45313],[-122.16383,37.45312],[-122.16385,37.4531],[-122.16386,37.45307],[-122.16387,37.45305],[-122.16388,37.45302],[-122.16387,37.453],[-122.16387,37.45297],[-122.16386,37.45295],[-122.16384,37.45293],[-122.16378,37.45287],[-122.16375,37.45283],[-122.16373,37.4528],[-122.16373,37.45278],[-122.1639,37.45254],[-122.16439,37.45254],[-122.16443,37.45263],[-122.16447,37.45272],[-122.16453,37.45282],[-122.16461,37.4529],[-122.16471,37.45297],[-122.16481,37.45303],[-122.16485,37.45304],[-122.16488,37.45305],[-122.16492,37.45306],[-122.16496,37.45305],[-122.165,37.45305],[-122.16504,37.45304],[-122.16507,37.45302],[-122.1651,37.453],[-122.16513,37.45298],[-122.16515,37.45295],[-122.16516,37.45293],[-122.16521,37.45279],[-122.16559,37.45333]]],"type":"Polygon"},"properties":{"bbox":{"parking":{"area":309.49,"pct":1.4},"roads":{"area":1512.77,"pct":6.85},"sidewalks":{"area":364.45,"pct":1.65}},"city_same":1,"id":"hex:3826:23934"},"type":"Feature"},{"geometry":{"coordinates":[[[-122.16331,37.45487],[-122.16387,37.45566],[-122.165,37.45567],[-122.16557,37.45489],[-122.16502,37.45411],[-122.16389,37.4541],[-122.16331,37.45487]]],"type":"Polygon"},"properties":{"bbox":{"parking":{"area":5032.68,"pct":19.37},"roads":{"area":6061.53,"pct":23.33},"sidewalks":{"area":857.39,"pct":3.3}},"city":{"parking":{"area":5032.68,"pct":19.37},"roads":{"area":2700.48,"pct":10.39},"sidewalks":{"area":857.39,"pct":3.3}},"id":"hex:3826:23935"},"type":"Feature"},{"geometry":{"coordinates":[[[-122.1633,37.45644],[-122.16385,37.45722],[-122.16498,37.45723],[-122.16556,37.45645],[-122.165,37.45567],[-122.16387,37.45566],[-122.1633,37.45644]]],"type":"Polygon"},"properties":{"bbox":{"parking":{"area":2835.05,"pct":10.91},"roads":{"area":2880.78,"pct":11.09},"sidewalks":{"area":516.54,"pct":1.99}},"city_same":1,"id":"hex:3826:23936"},"type":"Feature"},{"geometry":{"coordinates":[[[-122.16328,37.458],[-122.16383,37.45878],[-122.16497,37.45879],[-122.16554,37.45801],[-122.16498,37.45723],[-122.16385,37.45722],[-122.16328,37.458]]],"type":"Polygon"},"properties":{"bbox":{"roads":{"area":3302.26,"pct":12.71},"sidewalks":{"area":478.82,"pct":1.84}},"city_same":1,"id":"hex:3826:23937"},"type":"Feature"},{"geometry":{"coordinates":[[[-122.16326,37.45956],[-122.16382,37.46034],[-122.16495,37.46035],[-122.16552,37.45957],[-122.16497,37.45879],[-122.16383,37.45878],[-122.16326,37.45956]]],"type":"Polygon"},"properties":{"bbox":{"roads":{"area":3518.23,"pct":13.54},"sidewalks":{"area":590.33,"pct":2.27}},"city_same":1,"id":"hex:3826:23938"},"type":"Feature"},{"geometry":{"coordinates":[[[-122.16324,37.46112],[-122.1638,37.4619],[-122.16493,37.46191],[-122.1655,37.46113],[-122.16495,37.46035],[-122.16382,37.46034],[-122.16324,37.46112]]],"type":"Polygon"},"properties":{"bbox":{"roads":{"area":3273.93,"pct":12.6},"sidewalks":{"area":354.35,"pct":1.36}},"city_same":1,"id":"hex:3826:23939"},"type":"Feature"},{"geometry":{"coordinates":[[[-122.16378,37.46346],[-122.16323,37.46268],[-122.1638,37.4619],[-122.16493,37.46191],[-122.16549,37.4627],[-122.16527,37.46298],[-122.16513,37.46294],[-122.16506,37.46306],[-122.16486,37.46347],[-122.16378,37.46346]]],"type":"Polygon"},"properties":{"bbox":{"parking":{"area":794.66,"pct":3.13},"roads":{"area":3919.02,"pct":15.43},"sidewalks":{"area":460.39,"pct":1.81}},"city_same":1,"id":"hex:3826:23940"},"type":"Feature"},{"geometry":{"coordinates":[[[-122.16377,37.46503],[-122.16321,37.46424],[-122.16378,37.46346],[-122.16486,37.46347],[-122.1641,37.46503],[-122.16377,37.46503]]],"type":"Polygon"},"properties":{"bbox":{"parking":{"area":432.76,"pct":2.86},"roads":{"area":1260.15,"pct":8.33}},"city_same":1,"id":"hex:3826:23941"},"type":"Feature"},{"geometry":{"coordinates":[[[-122.16319,37.4658],[-122.16377,37.46503],[-122.1641,37.46503],[-122.1635,37.46624],[-122.16319,37.4658]]],"type":"Polygon"},"properties":{"bbox":{"roads":{"area":493.5,"pct":11.22}},"city_same":1,"id":"hex:3826:23942"},"type":"Feature"},{"geometry":{"coordinates":[[[-122.16483,37.47128],[-122.1637,37.47127],[-122.16314,37.47049],[-122.16319,37.47042],[-122.16332,37.47045],[-122.16334,37.47046],[-122.1651,37.47091],[-122.16483,37.47128]]],"type":"Polygon"},"properties":{"bbox":{"roads":{"area":2222.37,"pct":24.27},"sidewalks":{"area":435.87,"pct":4.76}},"city_same":1,"id":"hex:3826:23945"},"type":"Feature"},{"geometry":{"coordinates":[[[-122.16312,37.47205],[-122.16368,37.47283],[-122.16481,37.47284],[-122.16538,37.47206],[-122.16483,37.47128],[-122.1637,37.47127],[-122.16312,37.47205]]],"type":"Polygon"},"properties":{"bbox":{"roads":{"area":3966,"pct":15.27},"sidewalks":{"area":900.46,"pct":3.47}},"city_same":1,"id":"hex:3826:23946"},"type":"Feature"},{"geometry":{"coordinates":[[[-122.1631,37.47361],[-122.16366,37.47439],[-122.16479,37.4744],[-122.16537,37.47362],[-122.16481,37.47284],[-122.16368,37.47283],[-122.1631,37.47361]]],"type":"Polygon"},"properties":{"bbox":{"roads":{"area":10206.14,"pct":39.28},"sidewalks":{"area":830.37,"pct":3.2}},"city":{"roads":{"area":4375.52,"pct":16.84},"sidewalks":{"area":830.37,"pct":3.2}},"id":"hex:3826:23947"},"type":"Feature"},{"geometry":{"coordinates":[[[-122.16309,37.47517],[-122.16364,37.47595],[-122.16477,37.47596],[-122.16535,37.47518],[-122.16479,37.4744],[-122.16366,37.47439],[-122.16309,37.47517]]],"type":"Polygon"},"properties":{"bbox":{"parking":{"area":96.62,"pct":0.37},"roads":{"area":6541.14,"pct":25.18},"sidewalks":{"area":1226.22,"pct":4.72}},"city":{"parking":{"area":96.62,"pct":0.37},"roads":{"area":5251.24,"pct":20.21},"sidewalks":{"area":1226.22,"pct":4.72}},"id":"hex:3826:23948"},"type":"Feature"},{"geometry":{"coordinates":[[[-122.16307,37.47673],[-122.16363,37.47751],[-122.16476,37.47752],[-122.16533,37.47675],[-122.16477,37.47596],[-122.16364,37.47595],[-122.16307,37.47673]]],"type":"Polygon"},"properties":{"bbox":{"roads":{"area":3686.09,"pct":14.19},"sidewalks":{"area":1093.52,"pct":4.21}},"city_same":1,"id":"hex:3826:23949"},"type":"Feature"},{"geometry":{"coordinates":[[[-122.16305,37.47829],[-122.16361,37.47907],[-122.16474,37.47908],[-122.16531,37.47831],[-122.16476,37.47752],[-122.16363,37.47751],[-122.16305,37.47829]]],"type":"Polygon"},"properties":{"bbox":{"roads":{"area":4165.76,"pct":16.03},"sidewalks":{"area":1101.98,"pct":4.24}},"city_same":1,"id":"hex:3826:23950"},"type":"Feature"},{"geometry":{"coordinates":[[[-122.16303,37.47985],[-122.16359,37.48064],[-122.16472,37.48064],[-122.1653,37.47987],[-122.16474,37.47908],[-122.16361,37.47907],[-122.16303,37.47985]]],"type":"Polygon"},"properties":{"bbox":{"parking":{"area":0.21,"pct":0},"roads":{"area":1630.01,"pct":6.27},"sidewalks":{"area":560.82,"pct":2.16}},"city_same":1,"id":"hex:3826:23951"},"type":"Feature"},{"geometry":{"coordinates":[[[-122.16302,37.48141],[-122.16357,37.4822],[-122.1647,37.4822],[-122.16528,37.48143],[-122.16472,37.48064],[-122.16359,37.48064],[-122.16302,37.48141]]],"type":"Polygon"},"properties":{"bbox":{"parking":{"area":176.53,"pct":0.68},"roads":{"area":454.2,"pct":1.75},"sidewalks":{"area":306.76,"pct":1.18}},"city_same":1,"id":"hex:3826:23952"},"type":"Feature"},{"geometry":{"coordinates":[[[-122.163,37.48297],[-122.16356,37.48376],[-122.16469,37.48377],[-122.16526,37.48299],[-122.1647,37.4822],[-122.16357,37.4822],[-122.163,37.48297]]],"type":"Polygon"},"properties":{"bbox":{"parking":{"area":120.7,"pct":0.46},"roads":{"area":4761.05,"pct":18.33},"sidewalks":{"area":67.31,"pct":0.26}},"city":{"parking":{"area":120.7,"pct":0.46},"roads":{"area":410.4,"pct":1.58},"sidewalks":{"area":67.31,"pct":0.26}},"id":"hex:3826:23953"},"type":"Feature"},{"geometry":{"coordinates":[[[-122.16333,37.45331],[-122.16389,37.4541],[-122.16331,37.45487],[-122.16218,37.45487],[-122.16163,37.45408],[-122.16176,37.45389],[-122.16223,37.45401],[-122.16248,37.45407],[-122.16252,37.45408],[-122.16256,37.45408],[-122.16261,37.45408],[-122.16265,37.45407],[-122.16268,37.45406],[-122.16272,37.45404],[-122.16275,37.45402],[-122.16278,37.454],[-122.1628,37.45397],[-122.16282,37.45394],[-122.16283,37.45391],[-122.16284,37.45385],[-122.16284,37.4538],[-122.16284,37.45374],[-122.16282,37.45368],[-122.16267,37.45336],[-122.16266,37.45333],[-122.16266,37.45331],[-122.16333,37.45331]]],"type":"Polygon"},"properties":{"bbox":{"parking":{"area":3027.51,"pct":14.91},"roads":{"area":4910.37,"pct":24.18},"sidewalks":{"area":515.9,"pct":2.54}},"city":{"parking":{"area":3027.51,"pct":14.91},"roads":{"area":3577.54,"pct":17.62},"sidewalks":{"area":515.9,"pct":2.54}},"id":"hex:3827:23934"},"type":"Feature"},{"geometry":{"coordinates":[[[-122.16161,37.45564],[-122.16217,37.45643],[-122.1633,37.45644],[-122.16387,37.45566],[-122.16331,37.45487],[-122.16218,37.45487],[-122.16161,37.45564]]],"type":"Polygon"},"properties":{"bbox":{"parking":{"area":316.56,"pct":1.22},"roads":{"area":6246.08,"pct":24.04},"sidewalks":{"area":1477.42,"pct":5.69}},"city":{"parking":{"area":316.56,"pct":1.22},"roads":{"area":5199.27,"pct":20.01},"sidewalks":{"area":1477.42,"pct":5.69}},"id":"hex:3827:23935"},"type":"Feature"},{"geometry":{"coordinates":[[[-122.16159,37.4572],[-122.16215,37.45799],[-122.16328,37.458],[-122.16385,37.45722],[-122.1633,37.45644],[-122.16217,37.45643],[-122.16159,37.4572]]],"type":"Polygon"},"properties":{"bbox":{"roads":{"area":4632.29,"pct":17.83},"sidewalks":{"area":800.41,"pct":3.08}},"city":{"roads":{"area":3518.3,"pct":13.54},"sidewalks":{"area":800.41,"pct":3.08}},"id":"hex:3827:23936"},"type":"Feature"},{"geometry":{"coordinates":[[[-122.16157,37.45877],[-122.16213,37.45955],[-122.16326,37.45956],[-122.16383,37.45878],[-122.16328,37.458],[-122.16215,37.45799],[-122.16157,37.45877]]],"type":"Polygon"},"properties":{"bbox":{"roads":{"area":4815.99,"pct":18.54},"sidewalks":{"area":991.54,"pct":3.82}},"city":{"roads":{"area":4006.57,"pct":15.42},"sidewalks":{"area":991.54,"pct":3.82}},"id":"hex:3827:23937"},"type":"Feature"},{"geometry":{"coordinates":[[[-122.16156,37.46033],[-122.16211,37.46111],[-122.16324,37.46112],[-122.16382,37.46034],[-122.16326,37.45956],[-122.16213,37.45955],[-122.16156,37.46033]]],"type":"Polygon"},"properties":{"bbox":{"roads":{"area":3668.38,"pct":14.12},"sidewalks":{"area":878.68,"pct":3.38}},"city_same":1,"id":"hex:3827:23938"},"type":"Feature"},{"geometry":{"coordinates":[[[-122.16154,37.46189],[-122.1621,37.46267],[-122.16323,37.46268],[-122.1638,37.4619],[-122.16324,37.46112],[-122.16211,37.46111],[-122.16154,37.46189]]],"type":"Polygon"},"properties":{"bbox":{"parking":{"area":15.22,"pct":0.06},"roads":{"area":3624.44,"pct":13.95},"sidewalks":{"area":655.32,"pct":2.52}},"city_same":1,"id":"hex:3827:23939"},"type":"Feature"},{"geometry":{"coordinates":[[[-122.16152,37.46345],[-122.16208,37.46423],[-122.16321,37.46424],[-122.16378,37.46346],[-122.16323,37.46268],[-122.1621,37.46267],[-122.16152,37.46345]]],"type":"Polygon"},"properties":{"bbox":{"parking":{"area":1049.98,"pct":4.04},"roads":{"area":2701.71,"pct":10.4}},"city_same":1,"id":"hex:3827:23940"},"type":"Feature"},{"geometry":{"coordinates":[[[-122.1615,37.46501],[-122.16206,37.46579],[-122.16319,37.4658],[-122.16377,37.46503],[-122.16321,37.46424],[-122.16208,37.46423],[-122.1615,37.46501]]],"type":"Polygon"},"properties":{"bbox":{"parking":{"area":7309.32,"pct":28.13},"roads":{"area":3394.96,"pct":13.07}},"city_same":1,"id":"hex:3827:23941"},"type":"Feature"},{"geometry":{"coordinates":[[[-122.16204,37.46735],[-122.16149,37.46657],[-122.16206,37.46579],[-122.16319,37.4658],[-122.1635,37.46624],[-122.16295,37.46736],[-122.16204,37.46735]]],"type":"Polygon"},"properties":{"bbox":{"parking":{"area":2382.81,"pct":10.43},"roads":{"area":2641.62,"pct":11.56}},"city_same":1,"id":"hex:3827:23942"},"type":"Feature"},{"geometry":{"coordinates":[[[-122.16203,37.46892],[-122.16147,37.46813],[-122.16204,37.46735],[-122.16295,37.46736],[-122.16219,37.46892],[-122.16203,37.46892]]],"type":"Polygon"},"properties":{"bbox":{"parking":{"area":1773.46,"pct":14.15},"roads":{"area":1547.7,"pct":12.34}},"city_same":1,"id":"hex:3827:23943"},"type":"Feature"},{"geometry":{"coordinates":[[[[-122.16145,37.46969],[-122.16203,37.46892],[-122.16219,37.46892],[-122.16166,37.46999],[-122.16145,37.46969]]],[[[-122.16314,37.47049],[-122.16201,37.47048],[-122.1617,37.47004],[-122.16314,37.47041],[-122.16319,37.47042],[-122.16314,37.47049]]]],"type":"MultiPolygon"},"properties":{"bbox":{"parking":{"area":25.75,"pct":0.47},"roads":{"area":1511.43,"pct":27.71},"sidewalks":{"area":133.65,"pct":2.45}},"city_same":1,"id":"hex:3827:23944"},"type":"Feature"},{"geometry":{"coordinates":[[[-122.16143,37.47125],[-122.16199,37.47204],[-122.16312,37.47205],[-122.1637,37.47127],[-122.16314,37.47049],[-122.16201,37.47048],[-122.16143,37.47125]]],"type":"Polygon"},"properties":{"bbox":{"roads":{"area":4175.78,"pct":16.07},"sidewalks":{"area":930.99,"pct":3.58}},"city_same":1,"id":"hex:3827:23945"},"type":"Feature"},{"geometry":{"coordinates":[[[-122.16142,37.47281],[-122.16197,37.4736],[-122.1631,37.47361],[-122.16368,37.47283],[-122.16312,37.47205],[-122.16199,37.47204],[-122.16142,37.47281]]],"type":"Polygon"},"properties":{"bbox":{"parking":{"area":271.86,"pct":1.05},"roads":{"area":10902.93,"pct":41.97},"sidewalks":{"area":907.03,"pct":3.49}},"city":{"parking":{"area":271.86,"pct":1.05},"roads":{"area":4518.28,"pct":17.39},"sidewalks":{"area":907.03,"pct":3.49}},"id":"hex:3827:23946"},"type":"Feature"},{"geometry":{"coordinates":[[[-122.1614,37.47438],[-122.16196,37.47516],[-122.16309,37.47517],[-122.16366,37.47439],[-122.1631,37.47361],[-122.16197,37.4736],[-122.1614,37.47438]]],"type":"Polygon"},"properties":{"bbox":{"parking":{"area":408.32,"pct":1.57},"roads":{"area":5090.79,"pct":19.59},"sidewalks":{"area":1208.99,"pct":4.65}},"city":{"parking":{"area":408.32,"pct":1.57},"roads":{"area":4947.19,"pct":19.04},"sidewalks":{"area":1208.99,"pct":4.65}},"id":"hex:3827:23947"},"type":"Feature"},{"geometry":{"coordinates":[[[-122.16138,37.47594],[-122.16194,37.47672],[-122.16307,37.47673],[-122.16364,37.47595],[-122.16309,37.47517],[-122.16196,37.47516],[-122.16138,37.47594]]],"type":"Polygon"},"properties":{"bbox":{"parking":{"area":614.33,"pct":2.36},"roads":{"area":4497.11,"pct":17.31},"sidewalks":{"area":1194.36,"pct":4.6}},"city_same":1,"id":"hex:3827:23948"},"type":"Feature"},{"geometry":{"coordinates":[[[-122.16136,37.4775],[-122.16192,37.47828],[-122.16305,37.47829],[-122.16363,37.47751],[-122.16307,37.47673],[-122.16194,37.47672],[-122.16136,37.4775]]],"type":"Polygon"},"properties":{"bbox":{"roads":{"area":3397.35,"pct":13.08},"sidewalks":{"area":1128.16,"pct":4.34}},"city_same":1,"id":"hex:3827:23949"},"type":"Feature"},{"geometry":{"coordinates":[[[-122.16135,37.47906],[-122.1619,37.47984],[-122.16303,37.47985],[-122.16361,37.47907],[-122.16305,37.47829],[-122.16192,37.47828],[-122.16135,37.47906]]],"type":"Polygon"},"properties":{"bbox":{"roads":{"area":3080.06,"pct":11.86},"sidewalks":{"area":616.87,"pct":2.37}},"city_same":1,"id":"hex:3827:23950"},"type":"Feature"},{"geometry":{"coordinates":[[[-122.16133,37.48062],[-122.16189,37.4814],[-122.16302,37.48141],[-122.16359,37.48064],[-122.16303,37.47985],[-122.1619,37.47984],[-122.16133,37.48062]]],"type":"Polygon"},"properties":{"bbox":{"parking":{"area":162.08,"pct":0.62},"roads":{"area":1904.37,"pct":7.33},"sidewalks":{"area":528.83,"pct":2.04}},"city_same":1,"id":"hex:3827:23951"},"type":"Feature"},{"geometry":{"coordinates":[[[-122.16131,37.48218],[-122.16187,37.48297],[-122.163,37.48297],[-122.16357,37.4822],[-122.16302,37.48141],[-122.16189,37.4814],[-122.16131,37.48218]]],"type":"Polygon"},"properties":{"bbox":{"parking":{"area":106.73,"pct":0.41},"roads":{"area":5050.83,"pct":19.44},"sidewalks":{"area":68.98,"pct":0.27}},"city":{"parking":{"area":106.73,"pct":0.41},"roads":{"area":663.56,"pct":2.55},"sidewalks":{"area":68.98,"pct":0.27}},"id":"hex:3827:23952"},"type":"Feature"},{"geometry":{"coordinates":[[[-122.16163,37.45408],[-122.1606,37.45407],[-122.1606,37.45405],[-122.16061,37.45401],[-122.16064,37.45398],[-122.16066,37.45394],[-122.1607,37.45391],[-122.16074,37.45389],[-122.16078,37.45387],[-122.16097,37.4538],[-122.16105,37.45378],[-122.16114,37.45376],[-122.16124,37.45376],[-122.16133,37.45378],[-122.16165,37.45387],[-122.16176,37.45389],[-122.16163,37.45408]]],"type":"Polygon"},"properties":{"bbox":{"roads":{"area":477.06,"pct":17.72}},"city_same":1,"id":"hex:3828:23934"},"type":"Feature"},{"geometry":{"coordinates":[[[-122.16163,37.45408],[-122.16218,37.45487],[-122.16161,37.45564],[-122.16048,37.45563],[-122.15992,37.45485],[-122.16003,37.4547],[-122.16015,37.45472],[-122.16028,37.45473],[-122.16041,37.45473],[-122.16053,37.45471],[-122.16066,37.45467],[-122.16067,37.45467],[-122.16068,37.45466],[-122.16069,37.45465],[-122.1607,37.45464],[-122.16071,37.45463],[-122.16071,37.45462],[-122.16072,37.45451],[-122.16071,37.45441],[-122.16068,37.45431],[-122.16061,37.45417],[-122.1606,37.45413],[-122.1606,37.45409],[-122.1606,37.45407],[-122.16163,37.45408]]],"type":"Polygon"},"properties":{"bbox":{"roads":{"area":3478.8,"pct":14.88},"sidewalks":{"area":464.74,"pct":1.99}},"city_same":1,"id":"hex:3828:23935"},"type":"Feature"},{"geometry":{"coordinates":[[[-122.1599,37.45641],[-122.16046,37.4572],[-122.16159,37.4572],[-122.16217,37.45643],[-122.16161,37.45564],[-122.16048,37.45563],[-122.1599,37.45641]]],"type":"Polygon"},"properties":{"bbox":{"roads":{"area":4032.26,"pct":15.52},"sidewalks":{"area":1099.78,"pct":4.23}},"city_same":1,"id":"hex:3828:23936"},"type":"Feature"},{"geometry":{"coordinates":[[[-122.15989,37.45797],[-122.16044,37.45876],[-122.16157,37.45877],[-122.16215,37.45799],[-122.16159,37.4572],[-122.16046,37.4572],[-122.15989,37.45797]]],"type":"Polygon"},"properties":{"bbox":{"roads":{"area":3677.49,"pct":14.15},"sidewalks":{"area":916.84,"pct":3.53}},"city_same":1,"id":"hex:3828:23937"},"type":"Feature"},{"geometry":{"coordinates":[[[-122.15987,37.45953],[-122.16043,37.46032],[-122.16156,37.46033],[-122.16213,37.45955],[-122.16157,37.45877],[-122.16044,37.45876],[-122.15987,37.45953]]],"type":"Polygon"},"properties":{"bbox":{"parking":{"area":383.16,"pct":1.47},"roads":{"area":5182.44,"pct":19.95},"sidewalks":{"area":1094.02,"pct":4.21}},"city":{"parking":{"area":383.16,"pct":1.47},"roads":{"area":3886.56,"pct":14.96},"sidewalks":{"area":1094.02,"pct":4.21}},"id":"hex:3828:23938"},"type":"Feature"},{"geometry":{"coordinates":[[[-122.15985,37.46109],[-122.16041,37.46188],[-122.16154,37.46189],[-122.16211,37.46111],[-122.16156,37.46033],[-122.16043,37.46032],[-122.15985,37.46109]]],"type":"Polygon"},"properties":{"bbox":{"parking":{"area":1239.23,"pct":4.77},"roads":{"area":4535.77,"pct":17.46},"sidewalks":{"area":864.91,"pct":3.33}},"city":{"parking":{"area":1239.23,"pct":4.77},"roads":{"area":2879.78,"pct":11.08},"sidewalks":{"area":864.91,"pct":3.33}},"id":"hex:3828:23939"},"type":"Feature"},{"geometry":{"coordinates":[[[-122.15983,37.46266],[-122.16039,37.46344],[-122.16152,37.46345],[-122.1621,37.46267],[-122.16154,37.46189],[-122.16041,37.46188],[-122.15983,37.46266]]],"type":"Polygon"},"properties":{"bbox":{"parking":{"area":1181.34,"pct":4.55},"roads":{"area":3274.86,"pct":12.6},"sidewalks":{"area":476.22,"pct":1.83}},"city_same":1,"id":"hex:3828:23940"},"type":"Feature"},{"geometry":{"coordinates":[[[-122.15982,37.46422],[-122.16037,37.465],[-122.1615,37.46501],[-122.16208,37.46423],[-122.16152,37.46345],[-122.16039,37.46344],[-122.15982,37.46422]]],"type":"Polygon"},"properties":{"bbox":{"parking":{"area":732.56,"pct":2.82},"roads":{"area":1408.8,"pct":5.42}},"city_same":1,"id":"hex:3828:23941"},"type":"Feature"},{"geometry":{"coordinates":[[[-122.1598,37.46578],[-122.16036,37.46656],[-122.16149,37.46657],[-122.16206,37.46579],[-122.1615,37.46501],[-122.16037,37.465],[-122.1598,37.46578]]],"type":"Polygon"},"properties":{"bbox":{"parking":{"area":4293.75,"pct":16.53},"roads":{"area":3237.88,"pct":12.46}},"city_same":1,"id":"hex:3828:23942"},"type":"Feature"},{"geometry":{"coordinates":[[[-122.15978,37.46734],[-122.16034,37.46812],[-122.16147,37.46813],[-122.16204,37.46735],[-122.16149,37.46657],[-122.16036,37.46656],[-122.15978,37.46734]]],"type":"Polygon"},"properties":{"bbox":{"parking":{"area":683.91,"pct":2.63},"roads":{"area":2097.29,"pct":8.07}},"city_same":1,"id":"hex:3828:23943"},"type":"Feature"},{"geometry":{"coordinates":[[[-122.15976,37.4689],[-122.16032,37.46968],[-122.16145,37.46969],[-122.16203,37.46892],[-122.16147,37.46813],[-122.16034,37.46812],[-122.15976,37.4689]]],"type":"Polygon"},"properties":{"bbox":{"parking":{"area":4271.62,"pct":16.44},"roads":{"area":2485.51,"pct":9.57}},"city_same":1,"id":"hex:3828:23944"},"type":"Feature"},{"geometry":{"coordinates":[[[-122.16201,37.47048],[-122.16143,37.47125],[-122.1603,37.47125],[-122.15975,37.47046],[-122.16032,37.46968],[-122.16145,37.46969],[-122.16166,37.46999],[-122.16164,37.47003],[-122.1617,37.47004],[-122.16201,37.47048]]],"type":"Polygon"},"properties":{"bbox":{"parking":{"area":1644.23,"pct":6.33},"roads":{"area":4630.1,"pct":17.83},"sidewalks":{"area":1079.65,"pct":4.16}},"city_same":1,"id":"hex:3828:23945"},"type":"Feature"},{"geometry":{"coordinates":[[[-122.15973,37.47202],[-122.16029,37.47281],[-122.16142,37.47281],[-122.16199,37.47204],[-122.16143,37.47125],[-122.1603,37.47125],[-122.15973,37.47202]]],"type":"Polygon"},"properties":{"bbox":{"roads":{"area":11112.9,"pct":42.77},"sidewalks":{"area":904.59,"pct":3.48}},"city":{"roads":{"area":4669.48,"pct":17.97},"sidewalks":{"area":904.59,"pct":3.48}},"id":"hex:3828:23946"},"type":"Feature"},{"geometry":{"coordinates":[[[-122.15971,37.47358],[-122.16027,37.47437],[-122.1614,37.47438],[-122.16197,37.4736],[-122.16142,37.47281],[-122.16029,37.47281],[-122.15971,37.47358]]],"type":"Polygon"},"properties":{"bbox":{"parking":{"area":266.85,"pct":1.03},"roads":{"area":4186.46,"pct":16.11},"sidewalks":{"area":1092.15,"pct":4.2}},"city_same":1,"id":"hex:3828:23947"},"type":"Feature"},{"geometry":{"coordinates":[[[-122.15969,37.47514],[-122.16025,37.47593],[-122.16138,37.47594],[-122.16196,37.47516],[-122.1614,37.47438],[-122.16027,37.47437],[-122.15969,37.47514]]],"type":"Polygon"},"properties":{"bbox":{"parking":{"area":1195.71,"pct":4.6},"roads":{"area":4393.79,"pct":16.91},"sidewalks":{"area":1206.98,"pct":4.65}},"city_same":1,"id":"hex:3828:23948"},"type":"Feature"},{"geometry":{"coordinates":[[[-122.15968,37.47671],[-122.16023,37.47749],[-122.16136,37.4775],[-122.16194,37.47672],[-122.16138,37.47594],[-122.16025,37.47593],[-122.15968,37.47671]]],"type":"Polygon"},"properties":{"bbox":{"parking":{"area":1503.45,"pct":5.79},"roads":{"area":1747.77,"pct":6.73},"sidewalks":{"area":754.74,"pct":2.91}},"city_same":1,"id":"hex:3828:23949"},"type":"Feature"},{"geometry":{"coordinates":[[[-122.15966,37.47827],[-122.16022,37.47905],[-122.16135,37.47906],[-122.16192,37.47828],[-122.16136,37.4775],[-122.16023,37.47749],[-122.15966,37.47827]]],"type":"Polygon"},"properties":{"bbox":{"roads":{"area":4111.97,"pct":15.83},"sidewalks":{"area":1203.49,"pct":4.63}},"city_same":1,"id":"hex:3828:23950"},"type":"Feature"},{"geometry":{"coordinates":[[[-122.15964,37.47983],[-122.1602,37.48061],[-122.16133,37.48062],[-122.1619,37.47984],[-122.16135,37.47906],[-122.16022,37.47905],[-122.15964,37.47983]]],"type":"Polygon"},"properties":{"bbox":{"parking":{"area":5683.07,"pct":21.87},"roads":{"area":4913.66,"pct":18.91},"sidewalks":{"area":705.25,"pct":2.71}},"city_same":1,"id":"hex:3828:23951"},"type":"Feature"},{"geometry":{"coordinates":[[[-122.15962,37.48139],[-122.16018,37.48217],[-122.16131,37.48218],[-122.16189,37.4814],[-122.16133,37.48062],[-122.1602,37.48061],[-122.15962,37.48139]]],"type":"Polygon"},"properties":{"bbox":{"parking":{"area":4933.9,"pct":18.99},"roads":{"area":2396.02,"pct":9.22},"sidewalks":{"area":55.91,"pct":0.22}},"city":{"parking":{"area":4933.9,"pct":18.99},"roads":{"area":1513.68,"pct":5.83},"sidewalks":{"area":55.91,"pct":0.22}},"id":"hex:3828:23952"},"type":"Feature"},{"geometry":{"coordinates":[[[-122.15961,37.48295],[-122.16016,37.48373],[-122.16129,37.48374],[-122.16187,37.48297],[-122.16131,37.48218],[-122.16018,37.48217],[-122.15961,37.48295]]],"type":"Polygon"},"properties":{"bbox":{"roads":{"area":2104.11,"pct":8.1}},"id":"hex:3828:23953"},"type":"Feature"},{"geometry":{"coordinates":[[[-122.15992,37.45485],[-122.15879,37.45484],[-122.15823,37.45406],[-122.15858,37.45359],[-122.15859,37.45359],[-122.15861,37.4536],[-122.15863,37.4536],[-122.15865,37.45361],[-122.15866,37.45362],[-122.15867,37.45364],[-122.15868,37.45365],[-122.15876,37.45381],[-122.15878,37.45385],[-122.15879,37.4539],[-122.15879,37.45395],[-122.15879,37.45411],[-122.15884,37.45446],[-122.15886,37.45452],[-122.15889,37.45458],[-122.15894,37.45463],[-122.15899,37.45467],[-122.15905,37.45471],[-122.15912,37.45474],[-122.1592,37.45476],[-122.15927,37.45477],[-122.15935,37.45476],[-122.15943,37.45475],[-122.1595,37.45473],[-122.1596,37.45468],[-122.15964,37.45466],[-122.15968,37.45466],[-122.15972,37.45466],[-122.15987,37.45467],[-122.16003,37.4547],[-122.15992,37.45485]]],"type":"Polygon"},"properties":{"bbox":{"roads":{"area":450.16,"pct":7.91}},"city_same":1,"id":"hex:3829:23934"},"type":"Feature"},{"geometry":{"coordinates":[[[-122.15822,37.45562],[-122.15877,37.4564],[-122.1599,37.45641],[-122.16048,37.45563],[-122.15992,37.45485],[-122.15879,37.45484],[-122.15822,37.45562]]],"type":"Polygon"},"properties":{"bbox":{"roads":{"area":3453.85,"pct":13.29},"sidewalks":{"area":759.07,"pct":2.92}},"city_same":1,"id":"hex:3829:23935"},"type":"Feature"},{"geometry":{"coordinates":[[[-122.1582,37.45718],[-122.15876,37.45796],[-122.15989,37.45797],[-122.16046,37.4572],[-122.1599,37.45641],[-122.15877,37.4564],[-122.1582,37.45718]]],"type":"Polygon"},"properties":{"bbox":{"roads":{"area":3797.69,"pct":14.62},"sidewalks":{"area":1206.77,"pct":4.64}},"city_same":1,"id":"hex:3829:23936"},"type":"Feature"},{"geometry":{"coordinates":[[[-122.15818,37.45874],[-122.15874,37.45953],[-122.15987,37.45953],[-122.16044,37.45876],[-122.15989,37.45797],[-122.15876,37.45796],[-122.15818,37.45874]]],"type":"Polygon"},"properties":{"bbox":{"roads":{"area":4291.36,"pct":16.52},"sidewalks":{"area":1280.97,"pct":4.93}},"city_same":1,"id":"hex:3829:23937"},"type":"Feature"},{"geometry":{"coordinates":[[[-122.15816,37.4603],[-122.15872,37.46109],[-122.15985,37.46109],[-122.16043,37.46032],[-122.15987,37.45953],[-122.15874,37.45953],[-122.15816,37.4603]]],"type":"Polygon"},"properties":{"bbox":{"parking":{"area":134.64,"pct":0.52},"roads":{"area":2519.28,"pct":9.7},"sidewalks":{"area":920.35,"pct":3.54}},"city_same":1,"id":"hex:3829:23938"},"type":"Feature"},{"geometry":{"coordinates":[[[-122.15815,37.46186],[-122.1587,37.46265],[-122.15983,37.46266],[-122.16041,37.46188],[-122.15985,37.46109],[-122.15872,37.46109],[-122.15815,37.46186]]],"type":"Polygon"},"properties":{"bbox":{"parking":{"area":3108.62,"pct":11.97},"roads":{"area":4111.68,"pct":15.83},"sidewalks":{"area":581.83,"pct":2.24}},"city":{"parking":{"area":3108.62,"pct":11.97},"roads":{"area":2416.72,"pct":9.3},"sidewalks":{"area":581.83,"pct":2.24}},"id":"hex:3829:23939"},"type":"Feature"},{"geometry":{"coordinates":[[[-122.15813,37.46342],[-122.15869,37.46421],[-122.15982,37.46422],[-122.16039,37.46344],[-122.15983,37.46266],[-122.1587,37.46265],[-122.15813,37.46342]]],"type":"Polygon"},"properties":{"bbox":{"parking":{"area":0,"pct":0},"roads":{"area":2025.22,"pct":7.8},"sidewalks":{"area":362.12,"pct":1.39}},"city":{"parking":{"area":0,"pct":0},"roads":{"area":732.49,"pct":2.82},"sidewalks":{"area":362.12,"pct":1.39}},"id":"hex:3829:23940"},"type":"Feature"},{"geometry":{"coordinates":[[[-122.15811,37.46499],[-122.15867,37.46577],[-122.1598,37.46578],[-122.16037,37.465],[-122.15982,37.46422],[-122.15869,37.46421],[-122.15811,37.46499]]],"type":"Polygon"},"properties":{"bbox":{"parking":{"area":1868.97,"pct":7.19},"roads":{"area":4119.84,"pct":15.86}},"city_same":1,"id":"hex:3829:23941"},"type":"Feature"},{"geometry":{"coordinates":[[[-122.15809,37.46655],[-122.15865,37.46733],[-122.15978,37.46734],[-122.16036,37.46656],[-122.1598,37.46578],[-122.15867,37.46577],[-122.15809,37.46655]]],"type":"Polygon"},"properties":{"bbox":{"parking":{"area":213.69,"pct":0.82},"roads":{"area":1044.49,"pct":4.02},"sidewalks":{"area":55.91,"pct":0.22}},"city_same":1,"id":"hex:3829:23942"},"type":"Feature"},{"geometry":{"coordinates":[[[-122.15808,37.46811],[-122.15863,37.46889],[-122.15976,37.4689],[-122.16034,37.46812],[-122.15978,37.46734],[-122.15865,37.46733],[-122.15808,37.46811]]],"type":"Polygon"},"properties":{"bbox":{"parking":{"area":3347.95,"pct":12.89},"roads":{"area":1977.55,"pct":7.61}},"city_same":1,"id":"hex:3829:23943"},"type":"Feature"},{"geometry":{"coordinates":[[[-122.15806,37.46967],[-122.15862,37.47045],[-122.15975,37.47046],[-122.16032,37.46968],[-122.15976,37.4689],[-122.15863,37.46889],[-122.15806,37.46967]]],"type":"Polygon"},"properties":{"bbox":{"parking":{"area":152.91,"pct":0.59},"roads":{"area":5637.79,"pct":21.7},"sidewalks":{"area":784.81,"pct":3.02}},"city_same":1,"id":"hex:3829:23944"},"type":"Feature"},{"geometry":{"coordinates":[[[-122.15804,37.47123],[-122.1586,37.47201],[-122.15973,37.47202],[-122.1603,37.47125],[-122.15975,37.47046],[-122.15862,37.47045],[-122.15804,37.47123]]],"type":"Polygon"},"properties":{"bbox":{"roads":{"area":10548.65,"pct":40.6},"sidewalks":{"area":912.99,"pct":3.51}},"city":{"roads":{"area":4300.87,"pct":16.55},"sidewalks":{"area":912.99,"pct":3.51}},"id":"hex:3829:23945"},"type":"Feature"},{"geometry":{"coordinates":[[[-122.15802,37.47279],[-122.15858,37.47357],[-122.15971,37.47358],[-122.16029,37.47281],[-122.15973,37.47202],[-122.1586,37.47201],[-122.15802,37.47279]]],"type":"Polygon"},"properties":{"bbox":{"roads":{"area":3513.18,"pct":13.52},"sidewalks":{"area":904.44,"pct":3.48}},"city_same":1,"id":"hex:3829:23946"},"type":"Feature"},{"geometry":{"coordinates":[[[-122.15801,37.47435],[-122.15856,37.47514],[-122.15969,37.47514],[-122.16027,37.47437],[-122.15971,37.47358],[-122.15858,37.47357],[-122.15801,37.47435]]],"type":"Polygon"},"properties":{"bbox":{"roads":{"area":5104.65,"pct":19.65},"sidewalks":{"area":1609.85,"pct":6.2}},"city_same":1,"id":"hex:3829:23947"},"type":"Feature"},{"geometry":{"coordinates":[[[-122.15799,37.47591],[-122.15855,37.4767],[-122.15968,37.47671],[-122.16025,37.47593],[-122.15969,37.47514],[-122.15856,37.47514],[-122.15799,37.47591]]],"type":"Polygon"},"properties":{"bbox":{"parking":{"area":653.28,"pct":2.51},"roads":{"area":5248.96,"pct":20.2},"sidewalks":{"area":1553.97,"pct":5.98}},"city_same":1,"id":"hex:3829:23948"},"type":"Feature"},{"geometry":{"coordinates":[[[-122.15797,37.47747],[-122.15853,37.47826],[-122.15966,37.47827],[-122.16023,37.47749],[-122.15968,37.47671],[-122.15855,37.4767],[-122.15797,37.47747]]],"type":"Polygon"},"properties":{"bbox":{"roads":{"area":3760.52,"pct":14.47},"sidewalks":{"area":977.75,"pct":3.76}},"city_same":1,"id":"hex:3829:23949"},"type":"Feature"},{"geometry":{"coordinates":[[[-122.15795,37.47903],[-122.15851,37.47982],[-122.15964,37.47983],[-122.16022,37.47905],[-122.15966,37.47827],[-122.15853,37.47826],[-122.15795,37.47903]]],"type":"Polygon"},"properties":{"bbox":{"parking":{"area":197.16,"pct":0.76},"roads":{"area":4867.9,"pct":18.74},"sidewalks":{"area":1076.8,"pct":4.14}},"city_same":1,"id":"hex:3829:23950"},"type":"Feature"},{"geometry":{"coordinates":[[[-122.15794,37.4806],[-122.15849,37.48138],[-122.15962,37.48139],[-122.1602,37.48061],[-122.15964,37.47983],[-122.15851,37.47982],[-122.15794,37.4806]]],"type":"Polygon"},"properties":{"bbox":{"parking":{"area":2914.14,"pct":11.22},"roads":{"area":1679.27,"pct":6.46}},"city_same":1,"id":"hex:3829:23951"},"type":"Feature"},{"geometry":{"coordinates":[[[-122.15792,37.48216],[-122.15848,37.48294],[-122.15961,37.48295],[-122.16018,37.48217],[-122.15962,37.48139],[-122.15849,37.48138],[-122.15792,37.48216]]],"type":"Polygon"},"properties":{"bbox":{"parking":{"area":1870.95,"pct":7.2},"roads":{"area":8200.72,"pct":31.56},"sidewalks":{"area":189.3,"pct":0.73}},"city":{"parking":{"area":1870.95,"pct":7.2},"roads":{"area":2927.33,"pct":11.27},"sidewalks":{"area":189.3,"pct":0.73}},"id":"hex:3829:23952"},"type":"Feature"},{"geometry":{"coordinates":[[[-122.15823,37.45406],[-122.15712,37.45405],[-122.1571,37.45396],[-122.15709,37.45383],[-122.15709,37.4538],[-122.15707,37.45378],[-122.15704,37.45372],[-122.15702,37.4537],[-122.15701,37.45367],[-122.15701,37.45363],[-122.15702,37.4536],[-122.15703,37.45357],[-122.15705,37.45355],[-122.15707,37.45352],[-122.1571,37.4535],[-122.15713,37.45348],[-122.15717,37.45347],[-122.1572,37.45346],[-122.15724,37.45346],[-122.15741,37.45346],[-122.15757,37.45349],[-122.15773,37.45353],[-122.15776,37.45355],[-122.15779,37.45356],[-122.15782,37.45358],[-122.15785,37.45362],[-122.15786,37.45363],[-122.15788,37.45364],[-122.1579,37.45365],[-122.15792,37.45365],[-122.15794,37.45366],[-122.15808,37.45366],[-122.15821,37.45365],[-122.15846,37.4536],[-122.15857,37.45359],[-122.15858,37.45359],[-122.15823,37.45406]]],"type":"Polygon"},"properties":{"bbox":{"roads":{"area":390.05,"pct":5.99}},"city_same":1,"id":"hex:3830:23934"},"type":"Feature"},{"geometry":{"coordinates":[[[-122.15823,37.45406],[-122.15879,37.45484],[-122.15822,37.45562],[-122.15709,37.45561],[-122.15653,37.45483],[-122.157,37.45418],[-122.15707,37.45416],[-122.15708,37.45415],[-122.1571,37.45414],[-122.15711,37.45413],[-122.15712,37.45411],[-122.15713,37.4541],[-122.15713,37.45408],[-122.15713,37.45407],[-122.15712,37.45405],[-122.15823,37.45406]]],"type":"Polygon"},"properties":{"bbox":{"roads":{"area":3998.63,"pct":15.43},"sidewalks":{"area":501.09,"pct":1.93}},"city_same":1,"id":"hex:3830:23935"},"type":"Feature"},{"geometry":{"coordinates":[[[-122.15651,37.45639],[-122.15707,37.45717],[-122.1582,37.45718],[-122.15877,37.4564],[-122.15822,37.45562],[-122.15709,37.45561],[-122.15651,37.45639]]],"type":"Polygon"},"properties":{"bbox":{"roads":{"area":2751.37,"pct":10.59},"sidewalks":{"area":753.44,"pct":2.9}},"city_same":1,"id":"hex:3830:23936"},"type":"Feature"},{"geometry":{"coordinates":[[[-122.15649,37.45795],[-122.15705,37.45873],[-122.15818,37.45874],[-122.15876,37.45796],[-122.1582,37.45718],[-122.15707,37.45717],[-122.15649,37.45795]]],"type":"Polygon"},"properties":{"bbox":{"roads":{"area":2901.53,"pct":11.17},"sidewalks":{"area":765.53,"pct":2.95}},"city_same":1,"id":"hex:3830:23937"},"type":"Feature"},{"geometry":{"coordinates":[[[-122.15648,37.45951],[-122.15703,37.46029],[-122.15816,37.4603],[-122.15874,37.45953],[-122.15818,37.45874],[-122.15705,37.45873],[-122.15648,37.45951]]],"type":"Polygon"},"properties":{"bbox":{"roads":{"area":3573.2,"pct":13.75},"sidewalks":{"area":1071.88,"pct":4.13}},"city_same":1,"id":"hex:3830:23938"},"type":"Feature"},{"geometry":{"coordinates":[[[-122.15646,37.46107],[-122.15702,37.46186],[-122.15815,37.46186],[-122.15872,37.46109],[-122.15816,37.4603],[-122.15703,37.46029],[-122.15646,37.46107]]],"type":"Polygon"},"properties":{"bbox":{"parking":{"area":1266.81,"pct":4.88},"roads":{"area":1559.93,"pct":6},"sidewalks":{"area":431.47,"pct":1.66}},"city_same":1,"id":"hex:3830:23939"},"type":"Feature"},{"geometry":{"coordinates":[[[-122.15644,37.46263],[-122.157,37.46342],[-122.15813,37.46342],[-122.1587,37.46265],[-122.15815,37.46186],[-122.15702,37.46186],[-122.15644,37.46263]]],"type":"Polygon"},"properties":{"bbox":{"parking":{"area":1943.25,"pct":7.48},"roads":{"area":1162.28,"pct":4.47},"sidewalks":{"area":293.89,"pct":1.13}},"city":{"parking":{"area":1943.25,"pct":7.48},"roads":{"area":1158.6,"pct":4.46},"sidewalks":{"area":293.89,"pct":1.13}},"id":"hex:3830:23940"},"type":"Feature"},{"geometry":{"coordinates":[[[-122.15642,37.46419],[-122.15698,37.46498],[-122.15811,37.46499],[-122.15869,37.46421],[-122.15813,37.46342],[-122.157,37.46342],[-122.15642,37.46419]]],"type":"Polygon"},"properties":{"bbox":{"parking":{"area":5012.06,"pct":19.29},"roads":{"area":5090.72,"pct":19.59},"sidewalks":{"area":854.64,"pct":3.29}},"city":{"parking":{"area":5012.06,"pct":19.29},"roads":{"area":2909.86,"pct":11.2},"sidewalks":{"area":854.64,"pct":3.29}},"id":"hex:3830:23941"},"type":"Feature"},{"geometry":{"coordinates":[[[-122.15641,37.46575],[-122.15696,37.46654],[-122.15809,37.46655],[-122.15867,37.46577],[-122.15811,37.46499],[-122.15698,37.46498],[-122.15641,37.46575]]],"type":"Polygon"},"properties":{"bbox":{"parking":{"area":4589.63,"pct":17.67},"roads":{"area":7672.77,"pct":29.53},"sidewalks":{"area":899.23,"pct":3.46}},"city":{"parking":{"area":4589.63,"pct":17.67},"roads":{"area":5574.33,"pct":21.46},"sidewalks":{"area":899.23,"pct":3.46}},"id":"hex:3830:23942"},"type":"Feature"},{"geometry":{"coordinates":[[[-122.15639,37.46731],[-122.15695,37.4681],[-122.15808,37.46811],[-122.15865,37.46733],[-122.15809,37.46655],[-122.15696,37.46654],[-122.15639,37.46731]]],"type":"Polygon"},"properties":{"bbox":{"parking":{"area":81.13,"pct":0.31},"roads":{"area":2404.12,"pct":9.25},"sidewalks":{"area":375.81,"pct":1.45}},"city_same":1,"id":"hex:3830:23943"},"type":"Feature"},{"geometry":{"coordinates":[[[-122.15637,37.46888],[-122.15693,37.46966],[-122.15806,37.46967],[-122.15863,37.46889],[-122.15808,37.46811],[-122.15695,37.4681],[-122.15637,37.46888]]],"type":"Polygon"},"properties":{"bbox":{"parking":{"area":3241.31,"pct":12.48},"roads":{"area":5125.1,"pct":19.73},"sidewalks":{"area":784.27,"pct":3.02}},"city":{"parking":{"area":3241.31,"pct":12.48},"roads":{"area":4240.74,"pct":16.32},"sidewalks":{"area":784.27,"pct":3.02}},"id":"hex:3830:23944"},"type":"Feature"},{"geometry":{"coordinates":[[[-122.15635,37.47044],[-122.15691,37.47122],[-122.15804,37.47123],[-122.15862,37.47045],[-122.15806,37.46967],[-122.15693,37.46966],[-122.15635,37.47044]]],"type":"Polygon"},"properties":{"bbox":{"parking":{"area":325.79,"pct":1.25},"roads":{"area":10876.42,"pct":41.86},"sidewalks":{"area":754.88,"pct":2.91}},"city":{"parking":{"area":325.79,"pct":1.25},"roads":{"area":4041.08,"pct":15.55},"sidewalks":{"area":754.88,"pct":2.91}},"id":"hex:3830:23945"},"type":"Feature"},{"geometry":{"coordinates":[[[-122.15634,37.472],[-122.15689,37.47278],[-122.15802,37.47279],[-122.1586,37.47201],[-122.15804,37.47123],[-122.15691,37.47122],[-122.15634,37.472]]],"type":"Polygon"},"properties":{"bbox":{"roads":{"area":3513.63,"pct":13.52},"sidewalks":{"area":818.83,"pct":3.15}},"city_same":1,"id":"hex:3830:23946"},"type":"Feature"},{"geometry":{"coordinates":[[[-122.15632,37.47356],[-122.15688,37.47434],[-122.15801,37.47435],[-122.15858,37.47357],[-122.15802,37.47279],[-122.15689,37.47278],[-122.15632,37.47356]]],"type":"Polygon"},"properties":{"bbox":{"roads":{"area":4627.79,"pct":17.81},"sidewalks":{"area":1294.93,"pct":4.98}},"city_same":1,"id":"hex:3830:23947"},"type":"Feature"},{"geometry":{"coordinates":[[[-122.1563,37.47512],[-122.15686,37.4759],[-122.15799,37.47591],[-122.15856,37.47514],[-122.15801,37.47435],[-122.15688,37.47434],[-122.1563,37.47512]]],"type":"Polygon"},"properties":{"bbox":{"roads":{"area":3781.71,"pct":14.56},"sidewalks":{"area":1009.41,"pct":3.89}},"city_same":1,"id":"hex:3830:23948"},"type":"Feature"},{"geometry":{"coordinates":[[[-122.15628,37.47668],[-122.15684,37.47747],[-122.15797,37.47747],[-122.15855,37.4767],[-122.15799,37.47591],[-122.15686,37.4759],[-122.15628,37.47668]]],"type":"Polygon"},"properties":{"bbox":{"roads":{"area":4967.96,"pct":19.12},"sidewalks":{"area":1055.93,"pct":4.06}},"city_same":1,"id":"hex:3830:23949"},"type":"Feature"},{"geometry":{"coordinates":[[[-122.15627,37.47824],[-122.15682,37.47903],[-122.15795,37.47903],[-122.15853,37.47826],[-122.15797,37.47747],[-122.15684,37.47747],[-122.15627,37.47824]]],"type":"Polygon"},"properties":{"bbox":{"roads":{"area":3748.2,"pct":14.43},"sidewalks":{"area":860.82,"pct":3.31}},"city_same":1,"id":"hex:3830:23950"},"type":"Feature"},{"geometry":{"coordinates":[[[-122.15625,37.4798],[-122.15681,37.48059],[-122.15794,37.4806],[-122.15851,37.47982],[-122.15795,37.47903],[-122.15682,37.47903],[-122.15625,37.4798]]],"type":"Polygon"},"properties":{"bbox":{"parking":{"area":3651.45,"pct":14.05},"roads":{"area":4061.92,"pct":15.63},"sidewalks":{"area":538.66,"pct":2.07}},"city_same":1,"id":"hex:3830:23951"},"type":"Feature"},{"geometry":{"coordinates":[[[-122.15623,37.48136],[-122.15679,37.48215],[-122.15792,37.48216],[-122.15849,37.48138],[-122.15794,37.4806],[-122.15681,37.48059],[-122.15623,37.48136]]],"type":"Polygon"},"properties":{"bbox":{"parking":{"area":8198.63,"pct":31.56},"roads":{"area":6039.43,"pct":23.25},"sidewalks":{"area":330.26,"pct":1.27}},"city":{"parking":{"area":8198.63,"pct":31.56},"roads":{"area":2869.18,"pct":11.04},"sidewalks":{"area":330.26,"pct":1.27}},"id":"hex:3830:23952"},"type":"Feature"},{"geometry":{"coordinates":[[[-122.15653,37.45483],[-122.1554,37.45482],[-122.1554,37.45482],[-122.15539,37.4548],[-122.15539,37.45476],[-122.15539,37.45472],[-122.15545,37.45442],[-122.15557,37.45414],[-122.15559,37.45412],[-122.1556,37.4541],[-122.15562,37.45409],[-122.15565,37.45408],[-122.15567,37.45407],[-122.1557,37.45406],[-122.15584,37.45405],[-122.15587,37.45405],[-122.1559,37.45405],[-122.15593,37.45406],[-122.15596,37.45407],[-122.15599,37.45408],[-122.15602,37.4541],[-122.1561,37.45418],[-122.15613,37.45422],[-122.15618,37.45425],[-122.15623,37.45427],[-122.15628,37.45429],[-122.15634,37.4543],[-122.15639,37.4543],[-122.15648,37.45429],[-122.15656,37.45428],[-122.15668,37.45424],[-122.15671,37.45424],[-122.15675,37.45424],[-122.15681,37.45425],[-122.15684,37.45425],[-122.15687,37.45424],[-122.15689,37.45423],[-122.15698,37.45419],[-122.157,37.45418],[-122.15653,37.45483]]],"type":"Polygon"},"properties":{"bbox":{"roads":{"area":419.85,"pct":5.14}},"city_same":1,"id":"hex:3831:23934"},"type":"Feature"},{"geometry":{"coordinates":[[[-122.1554,37.45482],[-122.15653,37.45483],[-122.15709,37.45561],[-122.15651,37.45639],[-122.15538,37.45638],[-122.15497,37.4558],[-122.15522,37.45585],[-122.15531,37.45586],[-122.1554,37.45587],[-122.15549,37.45586],[-122.15558,37.45584],[-122.15562,37.45582],[-122.15566,37.4558],[-122.15569,37.45577],[-122.15576,37.45569],[-122.15592,37.45556],[-122.156,37.45545],[-122.15601,37.45543],[-122.15602,37.45541],[-122.15602,37.45539],[-122.15602,37.45537],[-122.15601,37.45535],[-122.156,37.45533],[-122.15599,37.45532],[-122.15592,37.45526],[-122.15581,37.45515],[-122.15575,37.4551],[-122.15557,37.455],[-122.15548,37.45493],[-122.15545,37.4549],[-122.15542,37.45487],[-122.1554,37.45483],[-122.1554,37.45482],[-122.1554,37.45482]]],"type":"Polygon"},"properties":{"bbox":{"roads":{"area":3205.78,"pct":17.02},"sidewalks":{"area":229.93,"pct":1.22}},"city_same":1,"id":"hex:3831:23935"},"type":"Feature"},{"geometry":{"coordinates":[[[-122.15481,37.45716],[-122.15536,37.45794],[-122.15649,37.45795],[-122.15707,37.45717],[-122.15651,37.45639],[-122.15538,37.45638],[-122.15481,37.45716]]],"type":"Polygon"},"properties":{"bbox":{"roads":{"area":5454.25,"pct":20.99},"sidewalks":{"area":670.39,"pct":2.58}},"city_same":1,"id":"hex:3831:23936"},"type":"Feature"},{"geometry":{"coordinates":[[[-122.15479,37.45872],[-122.15535,37.4595],[-122.15648,37.45951],[-122.15705,37.45873],[-122.15649,37.45795],[-122.15536,37.45794],[-122.15479,37.45872]]],"type":"Polygon"},"properties":{"bbox":{"roads":{"area":5832.81,"pct":22.45},"sidewalks":{"area":1175.2,"pct":4.52}},"city_same":1,"id":"hex:3831:23937"},"type":"Feature"},{"geometry":{"coordinates":[[[-122.15477,37.46028],[-122.15533,37.46106],[-122.15646,37.46107],[-122.15703,37.46029],[-122.15648,37.45951],[-122.15535,37.4595],[-122.15477,37.46028]]],"type":"Polygon"},"properties":{"bbox":{"roads":{"area":4925.23,"pct":18.96},"sidewalks":{"area":912.81,"pct":3.51}},"city_same":1,"id":"hex:3831:23938"},"type":"Feature"},{"geometry":{"coordinates":[[[-122.15475,37.46184],[-122.15531,37.46262],[-122.15644,37.46263],[-122.15702,37.46186],[-122.15646,37.46107],[-122.15533,37.46106],[-122.15475,37.46184]]],"type":"Polygon"},"properties":{"bbox":{"parking":{"area":1863.81,"pct":7.17},"roads":{"area":3477.05,"pct":13.38},"sidewalks":{"area":497.79,"pct":1.92}},"city_same":1,"id":"hex:3831:23939"},"type":"Feature"},{"geometry":{"coordinates":[[[-122.15474,37.4634],[-122.15529,37.46418],[-122.15642,37.46419],[-122.157,37.46342],[-122.15644,37.46263],[-122.15531,37.46262],[-122.15474,37.4634]]],"type":"Polygon"},"properties":{"bbox":{"parking":{"area":291.64,"pct":1.12},"roads":{"area":2856.95,"pct":11},"sidewalks":{"area":878.12,"pct":3.38}},"city_same":1,"id":"hex:3831:23940"},"type":"Feature"},{"geometry":{"coordinates":[[[-122.15472,37.46496],[-122.15528,37.46575],[-122.15641,37.46575],[-122.15698,37.46498],[-122.15642,37.46419],[-122.15529,37.46418],[-122.15472,37.46496]]],"type":"Polygon"},"properties":{"bbox":{"parking":{"area":403.76,"pct":1.55},"roads":{"area":3991.2,"pct":15.36},"sidewalks":{"area":1254.49,"pct":4.83}},"city_same":1,"id":"hex:3831:23941"},"type":"Feature"},{"geometry":{"coordinates":[[[-122.1547,37.46652],[-122.15526,37.46731],[-122.15639,37.46731],[-122.15696,37.46654],[-122.15641,37.46575],[-122.15528,37.46575],[-122.1547,37.46652]]],"type":"Polygon"},"properties":{"bbox":{"parking":{"area":1370.43,"pct":5.27},"roads":{"area":6710.79,"pct":25.83},"sidewalks":{"area":1078.89,"pct":4.15}},"city":{"parking":{"area":1370.43,"pct":5.27},"roads":{"area":4334.15,"pct":16.68},"sidewalks":{"area":1078.89,"pct":4.15}},"id":"hex:3831:23942"},"type":"Feature"},{"geometry":{"coordinates":[[[-122.15468,37.46808],[-122.15526,37.46731],[-122.15639,37.46731],[-122.15695,37.4681],[-122.15637,37.46888],[-122.15533,37.46887],[-122.15527,37.46883],[-122.15518,37.46878],[-122.15468,37.46808]]],"type":"Polygon"},"properties":{"bbox":{"roads":{"area":8908.87,"pct":34.34},"sidewalks":{"area":556.73,"pct":2.15}},"city":{"roads":{"area":1612.35,"pct":6.22},"sidewalks":{"area":556.73,"pct":2.15}},"id":"hex:3831:23943"},"type":"Feature"},{"geometry":{"coordinates":[[[-122.15637,37.46888],[-122.15693,37.46966],[-122.15635,37.47044],[-122.15585,37.47043],[-122.15598,37.47015],[-122.156,37.47014],[-122.15634,37.46945],[-122.15533,37.46887],[-122.15637,37.46888]]],"type":"Polygon"},"properties":{"bbox":{"roads":{"area":3928.19,"pct":39.8},"sidewalks":{"area":115.56,"pct":1.17}},"city":{"roads":{"area":495.24,"pct":5.02},"sidewalks":{"area":115.56,"pct":1.17}},"id":"hex:3831:23944"},"type":"Feature"},{"geometry":{"coordinates":[[[-122.15635,37.47044],[-122.15691,37.47122],[-122.15634,37.472],[-122.15521,37.47199],[-122.15515,37.47191],[-122.15519,37.47184],[-122.1554,37.47142],[-122.15585,37.47043],[-122.15635,37.47044]]],"type":"Polygon"},"properties":{"bbox":{"roads":{"area":2867.95,"pct":16.51},"sidewalks":{"area":550.4,"pct":3.17}},"city_same":1,"id":"hex:3831:23945"},"type":"Feature"},{"geometry":{"coordinates":[[[-122.15463,37.47277],[-122.15519,37.47355],[-122.15632,37.47356],[-122.15689,37.47278],[-122.15634,37.472],[-122.15521,37.47199],[-122.15463,37.47277]]],"type":"Polygon"},"properties":{"bbox":{"parking":{"area":815.7,"pct":3.14},"roads":{"area":4880.32,"pct":18.78},"sidewalks":{"area":1159.58,"pct":4.46}},"city_same":1,"id":"hex:3831:23946"},"type":"Feature"},{"geometry":{"coordinates":[[[-122.15461,37.47433],[-122.15517,37.47511],[-122.1563,37.47512],[-122.15688,37.47434],[-122.15632,37.47356],[-122.15519,37.47355],[-122.15461,37.47433]]],"type":"Polygon"},"properties":{"bbox":{"roads":{"area":3898.73,"pct":15.01},"sidewalks":{"area":895.92,"pct":3.45}},"city_same":1,"id":"hex:3831:23947"},"type":"Feature"},{"geometry":{"coordinates":[[[-122.1546,37.47589],[-122.15515,37.47667],[-122.15628,37.47668],[-122.15686,37.4759],[-122.1563,37.47512],[-122.15517,37.47511],[-122.1546,37.47589]]],"type":"Polygon"},"properties":{"bbox":{"roads":{"area":4792.38,"pct":18.45},"sidewalks":{"area":1227.75,"pct":4.73}},"city_same":1,"id":"hex:3831:23948"},"type":"Feature"},{"geometry":{"coordinates":[[[-122.15458,37.47745],[-122.15514,37.47823],[-122.15627,37.47824],[-122.15684,37.47747],[-122.15628,37.47668],[-122.15515,37.47667],[-122.15458,37.47745]]],"type":"Polygon"},"properties":{"bbox":{"roads":{"area":4420.61,"pct":17.01},"sidewalks":{"area":876.83,"pct":3.37}},"city_same":1,"id":"hex:3831:23949"},"type":"Feature"},{"geometry":{"coordinates":[[[-122.15456,37.47901],[-122.15512,37.47979],[-122.15625,37.4798],[-122.15682,37.47903],[-122.15627,37.47824],[-122.15514,37.47823],[-122.15456,37.47901]]],"type":"Polygon"},"properties":{"bbox":{"parking":{"area":549.61,"pct":2.12},"roads":{"area":4774.37,"pct":18.38},"sidewalks":{"area":1244.86,"pct":4.79}},"city_same":1,"id":"hex:3831:23950"},"type":"Feature"},{"geometry":{"coordinates":[[[-122.15454,37.48057],[-122.1551,37.48136],[-122.15623,37.48136],[-122.15681,37.48059],[-122.15625,37.4798],[-122.15512,37.47979],[-122.15454,37.48057]]],"type":"Polygon"},"properties":{"bbox":{"parking":{"area":11389.57,"pct":43.84},"roads":{"area":5369.72,"pct":20.67},"sidewalks":{"area":22.8,"pct":0.09}},"city_same":1,"id":"hex:3831:23951"},"type":"Feature"},{"geometry":{"coordinates":[[[-122.15453,37.48213],[-122.15508,37.48292],[-122.15621,37.48293],[-122.15679,37.48215],[-122.15623,37.48136],[-122.1551,37.48136],[-122.15453,37.48213]]],"type":"Polygon"},"properties":{"bbox":{"parking":{"area":1580.06,"pct":6.08},"roads":{"area":5985.18,"pct":23.04},"sidewalks":{"area":35.83,"pct":0.14}},"city":{"parking":{"area":1580.06,"pct":6.08},"roads":{"area":1385.57,"pct":5.33},"sidewalks":{"area":35.83,"pct":0.14}},"id":"hex:3831:23952"},"type":"Feature"},{"geometry":{"coordinates":[[[-122.15538,37.45638],[-122.15481,37.45716],[-122.15368,37.45715],[-122.15339,37.45674],[-122.15372,37.45651],[-122.15392,37.45634],[-122.15401,37.45625],[-122.15412,37.45609],[-122.15417,37.45603],[-122.15423,37.45599],[-122.1543,37.45595],[-122.15442,37.45591],[-122.15446,37.45588],[-122.1545,37.45586],[-122.15456,37.4558],[-122.15459,37.45578],[-122.15462,37.45577],[-122.15465,37.45576],[-122.15469,37.45575],[-122.15473,37.45575],[-122.15476,37.45575],[-122.15497,37.4558],[-122.15538,37.45638]]],"type":"Polygon"},"properties":{"bbox":{"roads":{"area":2941.49,"pct":16.99},"sidewalks":{"area":278.13,"pct":1.61}},"city_same":1,"id":"hex:3832:23936"},"type":"Feature"},{"geometry":{"coordinates":[[[-122.1531,37.45792],[-122.15366,37.45871],[-122.15479,37.45872],[-122.15536,37.45794],[-122.15481,37.45716],[-122.15368,37.45715],[-122.1531,37.45792]]],"type":"Polygon"},"properties":{"bbox":{"roads":{"area":3472.27,"pct":13.36},"sidewalks":{"area":608.09,"pct":2.34}},"city_same":1,"id":"hex:3832:23937"},"type":"Feature"},{"geometry":{"coordinates":[[[-122.15309,37.45949],[-122.15364,37.46027],[-122.15477,37.46028],[-122.15535,37.4595],[-122.15479,37.45872],[-122.15366,37.45871],[-122.15309,37.45949]]],"type":"Polygon"},"properties":{"bbox":{"roads":{"area":4776.72,"pct":18.39},"sidewalks":{"area":1025.12,"pct":3.95}},"city_same":1,"id":"hex:3832:23938"},"type":"Feature"},{"geometry":{"coordinates":[[[-122.15307,37.46105],[-122.15362,37.46183],[-122.15475,37.46184],[-122.15533,37.46106],[-122.15477,37.46028],[-122.15364,37.46027],[-122.15307,37.46105]]],"type":"Polygon"},"properties":{"bbox":{"roads":{"area":5408.65,"pct":20.82},"sidewalks":{"area":1187.73,"pct":4.57}},"city_same":1,"id":"hex:3832:23939"},"type":"Feature"},{"geometry":{"coordinates":[[[-122.15305,37.46261],[-122.15361,37.46339],[-122.15474,37.4634],[-122.15531,37.46262],[-122.15475,37.46184],[-122.15362,37.46183],[-122.15305,37.46261]]],"type":"Polygon"},"properties":{"bbox":{"roads":{"area":3424.43,"pct":13.18},"sidewalks":{"area":929.84,"pct":3.58}},"city_same":1,"id":"hex:3832:23940"},"type":"Feature"},{"geometry":{"coordinates":[[[-122.15303,37.46417],[-122.15359,37.46495],[-122.15472,37.46496],[-122.15529,37.46418],[-122.15474,37.4634],[-122.15361,37.46339],[-122.15303,37.46417]]],"type":"Polygon"},"properties":{"bbox":{"roads":{"area":2913.4,"pct":11.21},"sidewalks":{"area":905.55,"pct":3.49}},"city_same":1,"id":"hex:3832:23941"},"type":"Feature"},{"geometry":{"coordinates":[[[-122.15301,37.46573],[-122.15357,37.46651],[-122.1547,37.46652],[-122.15528,37.46575],[-122.15472,37.46496],[-122.15359,37.46495],[-122.15301,37.46573]]],"type":"Polygon"},"properties":{"bbox":{"roads":{"area":4234.51,"pct":16.3},"sidewalks":{"area":1111.95,"pct":4.28}},"city_same":1,"id":"hex:3832:23942"},"type":"Feature"},{"geometry":{"coordinates":[[[-122.153,37.46729],[-122.15357,37.46651],[-122.1547,37.46652],[-122.15526,37.46731],[-122.15468,37.46808],[-122.15398,37.46808],[-122.15367,37.4679],[-122.15326,37.46766],[-122.153,37.46729]]],"type":"Polygon"},"properties":{"bbox":{"roads":{"area":4526.66,"pct":18.02},"sidewalks":{"area":553.48,"pct":2.2}},"city":{"roads":{"area":2039.17,"pct":8.12},"sidewalks":{"area":553.48,"pct":2.2}},"id":"hex:3832:23943"},"type":"Feature"},{"geometry":{"coordinates":[[[-122.15468,37.46808],[-122.15518,37.46878],[-122.15398,37.46808],[-122.15468,37.46808]]],"type":"Polygon"},"properties":{"bbox":{"roads":{"area":1654.69,"pct":68.96},"sidewalks":{"area":16.87,"pct":0.7}},"city":{"sidewalks":{"area":16.87,"pct":0.7}},"id":"hex:3832:23944"},"type":"Feature"},{"geometry":{"coordinates":[[[-122.15521,37.47199],[-122.15463,37.47277],[-122.1546,37.47277],[-122.15512,37.47196],[-122.15515,37.47191],[-122.15521,37.47199]]],"type":"Polygon"},"properties":{"bbox":{"roads":{"area":142.01,"pct":23.51},"sidewalks":{"area":84.15,"pct":13.93}},"city":{"roads":{"area":105.76,"pct":17.51},"sidewalks":{"area":84.15,"pct":13.93}},"id":"hex:3832:23946"},"type":"Feature"},{"geometry":{"coordinates":[[[-122.15463,37.47277],[-122.15519,37.47355],[-122.15461,37.47433],[-122.15379,37.47432],[-122.1542,37.47354],[-122.15455,37.47283],[-122.1546,37.47277],[-122.15463,37.47277]]],"type":"Polygon"},"properties":{"bbox":{"parking":{"area":2612.65,"pct":23.88},"roads":{"area":1517.17,"pct":13.87},"sidewalks":{"area":510.73,"pct":4.67}},"city":{"parking":{"area":2612.65,"pct":23.88},"roads":{"area":1113.79,"pct":10.18},"sidewalks":{"area":510.73,"pct":4.67}},"id":"hex:3832:23947"},"type":"Feature"},{"geometry":{"coordinates":[[[-122.15461,37.47433],[-122.15517,37.47511],[-122.1546,37.47589],[-122.15347,37.47588],[-122.15291,37.4751],[-122.15339,37.47444],[-122.15346,37.47445],[-122.15371,37.47449],[-122.15379,37.47432],[-122.15461,37.47433]]],"type":"Polygon"},"properties":{"bbox":{"parking":{"area":1637.35,"pct":6.42},"roads":{"area":4572.31,"pct":17.92},"sidewalks":{"area":1329.91,"pct":5.21}},"city":{"parking":{"area":1637.35,"pct":6.42},"roads":{"area":2611.89,"pct":10.24},"sidewalks":{"area":1329.91,"pct":5.21}},"id":"hex:3832:23948"},"type":"Feature"},{"geometry":{"coordinates":[[[-122.15289,37.47666],[-122.15345,37.47744],[-122.15458,37.47745],[-122.15515,37.47667],[-122.1546,37.47589],[-122.15347,37.47588],[-122.15289,37.47666]]],"type":"Polygon"},"properties":{"bbox":{"parking":{"area":617.54,"pct":2.38},"roads":{"area":5191.64,"pct":19.98},"sidewalks":{"area":863.17,"pct":3.32}},"city_same":1,"id":"hex:3832:23949"},"type":"Feature"},{"geometry":{"coordinates":[[[-122.15287,37.47822],[-122.15343,37.479],[-122.15456,37.47901],[-122.15514,37.47823],[-122.15458,37.47745],[-122.15345,37.47744],[-122.15287,37.47822]]],"type":"Polygon"},"properties":{"bbox":{"roads":{"area":4072.91,"pct":15.68},"sidewalks":{"area":896.65,"pct":3.45}},"city_same":1,"id":"hex:3832:23950"},"type":"Feature"},{"geometry":{"coordinates":[[[-122.15286,37.47978],[-122.15341,37.48056],[-122.15454,37.48057],[-122.15512,37.47979],[-122.15456,37.47901],[-122.15343,37.479],[-122.15286,37.47978]]],"type":"Polygon"},"properties":{"bbox":{"parking":{"area":5653.4,"pct":21.76},"roads":{"area":4034.11,"pct":15.53},"sidewalks":{"area":778.29,"pct":3}},"city_same":1,"id":"hex:3832:23951"},"type":"Feature"},{"geometry":{"coordinates":[[[-122.15284,37.48134],[-122.1534,37.48212],[-122.15453,37.48213],[-122.1551,37.48136],[-122.15454,37.48057],[-122.15341,37.48056],[-122.15284,37.48134]]],"type":"Polygon"},"properties":{"bbox":{"parking":{"area":17216.88,"pct":66.27},"roads":{"area":7176.9,"pct":27.62},"sidewalks":{"area":12.68,"pct":0.05}},"city":{"parking":{"area":17216.88,"pct":66.27},"roads":{"area":4592.22,"pct":17.68},"sidewalks":{"area":12.68,"pct":0.05}},"id":"hex:3832:23952"},"type":"Feature"},{"geometry":{"coordinates":[[[-122.15282,37.4829],[-122.15338,37.48369],[-122.15451,37.48369],[-122.15508,37.48292],[-122.15453,37.48213],[-122.1534,37.48212],[-122.15282,37.4829]]],"type":"Polygon"},"properties":{"bbox":{"roads":{"area":364.66,"pct":1.4}},"id":"hex:3832:23953"},"type":"Feature"},{"geometry":{"coordinates":[[[-122.15368,37.45715],[-122.1531,37.45792],[-122.15197,37.45792],[-122.15146,37.45719],[-122.15146,37.45719],[-122.15156,37.45715],[-122.15166,37.45713],[-122.15169,37.45712],[-122.15172,37.45712],[-122.15175,37.45713],[-122.15178,37.45714],[-122.15184,37.45716],[-122.15189,37.45719],[-122.15193,37.45722],[-122.15197,37.45726],[-122.152,37.4573],[-122.15201,37.45734],[-122.15202,37.45739],[-122.15205,37.45758],[-122.15206,37.45761],[-122.15207,37.45764],[-122.15209,37.45766],[-122.15212,37.45768],[-122.15214,37.4577],[-122.15226,37.45776],[-122.15228,37.45778],[-122.15231,37.45779],[-122.15235,37.45779],[-122.15238,37.45779],[-122.15241,37.45779],[-122.15251,37.45777],[-122.1526,37.45774],[-122.15264,37.45772],[-122.15268,37.4577],[-122.15271,37.45767],[-122.15274,37.45764],[-122.15276,37.4576],[-122.15277,37.45757],[-122.15283,37.45726],[-122.15284,37.45721],[-122.15286,37.45715],[-122.1529,37.4571],[-122.15294,37.45706],[-122.15299,37.45702],[-122.15328,37.45682],[-122.15336,37.45676],[-122.15339,37.45674],[-122.15368,37.45715]]],"type":"Polygon"},"properties":{"bbox":{"roads":{"area":1306.46,"pct":13.06},"sidewalks":{"area":116.52,"pct":1.16}},"city_same":1,"id":"hex:3833:23936"},"type":"Feature"},{"geometry":{"coordinates":[[[-122.1514,37.45869],[-122.15195,37.45948],[-122.15309,37.45949],[-122.15366,37.45871],[-122.1531,37.45792],[-122.15197,37.45792],[-122.1514,37.45869]]],"type":"Polygon"},"properties":{"bbox":{"parking":{"area":1171.76,"pct":4.51},"roads":{"area":4871.11,"pct":18.75},"sidewalks":{"area":766.94,"pct":2.95}},"city_same":1,"id":"hex:3833:23937"},"type":"Feature"},{"geometry":{"coordinates":[[[-122.15138,37.46025],[-122.15194,37.46104],[-122.15307,37.46105],[-122.15364,37.46027],[-122.15309,37.45949],[-122.15195,37.45948],[-122.15138,37.46025]]],"type":"Polygon"},"properties":{"bbox":{"parking":{"area":943.36,"pct":3.63},"roads":{"area":4795.36,"pct":18.46},"sidewalks":{"area":829.96,"pct":3.19}},"city_same":1,"id":"hex:3833:23938"},"type":"Feature"},{"geometry":{"coordinates":[[[-122.15136,37.46181],[-122.15192,37.4626],[-122.15305,37.46261],[-122.15362,37.46183],[-122.15307,37.46105],[-122.15194,37.46104],[-122.15136,37.46181]]],"type":"Polygon"},"properties":{"bbox":{"roads":{"area":4812.04,"pct":18.52},"sidewalks":{"area":1220.53,"pct":4.7}},"city_same":1,"id":"hex:3833:23939"},"type":"Feature"},{"geometry":{"coordinates":[[[-122.15135,37.46338],[-122.1519,37.46416],[-122.15303,37.46417],[-122.15361,37.46339],[-122.15305,37.46261],[-122.15192,37.4626],[-122.15135,37.46338]]],"type":"Polygon"},"properties":{"bbox":{"roads":{"area":3721.44,"pct":14.32},"sidewalks":{"area":1178.16,"pct":4.53}},"city_same":1,"id":"hex:3833:23940"},"type":"Feature"},{"geometry":{"coordinates":[[[-122.15133,37.46494],[-122.15188,37.46572],[-122.15301,37.46573],[-122.15359,37.46495],[-122.15303,37.46417],[-122.1519,37.46416],[-122.15133,37.46494]]],"type":"Polygon"},"properties":{"bbox":{"roads":{"area":2932.51,"pct":11.29},"sidewalks":{"area":852.14,"pct":3.28}},"city_same":1,"id":"hex:3833:23941"},"type":"Feature"},{"geometry":{"coordinates":[[[-122.15188,37.46572],[-122.15301,37.46573],[-122.15357,37.46651],[-122.153,37.46729],[-122.15263,37.46729],[-122.15131,37.46649],[-122.15188,37.46572]]],"type":"Polygon"},"properties":{"bbox":{"roads":{"area":4023.32,"pct":17.49},"sidewalks":{"area":522.67,"pct":2.27}},"city":{"roads":{"area":1706.71,"pct":7.42},"sidewalks":{"area":522.67,"pct":2.27}},"id":"hex:3833:23942"},"type":"Feature"},{"geometry":{"coordinates":[[[-122.153,37.46729],[-122.15326,37.46766],[-122.1527,37.46733],[-122.15263,37.46729],[-122.153,37.46729]]],"type":"Polygon"},"properties":{"bbox":{"roads":{"area":563.68,"pct":84.94}},"id":"hex:3833:23943"},"type":"Feature"},{"geometry":{"coordinates":[[[-122.15291,37.4751],[-122.15178,37.47509],[-122.15122,37.4743],[-122.15133,37.47416],[-122.15339,37.47444],[-122.15291,37.4751]]],"type":"Polygon"},"properties":{"bbox":{"parking":{"area":3498.76,"pct":26.38},"roads":{"area":2393.24,"pct":18.05},"sidewalks":{"area":17.68,"pct":0.13}},"city_same":1,"id":"hex:3833:23947"},"type":"Feature"},{"geometry":{"coordinates":[[[-122.1512,37.47586],[-122.15176,37.47665],[-122.15289,37.47666],[-122.15347,37.47588],[-122.15291,37.4751],[-122.15178,37.47509],[-122.1512,37.47586]]],"type":"Polygon"},"properties":{"bbox":{"parking":{"area":5153.04,"pct":19.83},"roads":{"area":4606.3,"pct":17.73},"sidewalks":{"area":429.46,"pct":1.65}},"city":{"parking":{"area":5153.04,"pct":19.83},"roads":{"area":2365.45,"pct":9.1},"sidewalks":{"area":429.46,"pct":1.65}},"id":"hex:3833:23948"},"type":"Feature"},{"geometry":{"coordinates":[[[-122.15119,37.47743],[-122.15174,37.47821],[-122.15287,37.47822],[-122.15345,37.47744],[-122.15289,37.47666],[-122.15176,37.47665],[-122.15119,37.47743]]],"type":"Polygon"},"properties":{"bbox":{"parking":{"area":3781.42,"pct":14.55},"roads":{"area":4498.29,"pct":17.31},"sidewalks":{"area":549.46,"pct":2.11}},"city":{"parking":{"area":3781.42,"pct":14.55},"roads":{"area":1703.63,"pct":6.56},"sidewalks":{"area":549.46,"pct":2.11}},"id":"hex:3833:23949"},"type":"Feature"},{"geometry":{"coordinates":[[[-122.15117,37.47899],[-122.15173,37.47977],[-122.15286,37.47978],[-122.15343,37.479],[-122.15287,37.47822],[-122.15174,37.47821],[-122.15117,37.47899]]],"type":"Polygon"},"properties":{"bbox":{"parking":{"area":637.7,"pct":2.45},"roads":{"area":5089.33,"pct":19.59},"sidewalks":{"area":964.5,"pct":3.71}},"city":{"parking":{"area":637.7,"pct":2.45},"roads":{"area":3783.92,"pct":14.56},"sidewalks":{"area":964.5,"pct":3.71}},"id":"hex:3833:23950"},"type":"Feature"},{"geometry":{"coordinates":[[[-122.15115,37.48055],[-122.15171,37.48133],[-122.15284,37.48134],[-122.15341,37.48056],[-122.15286,37.47978],[-122.15173,37.47977],[-122.15115,37.48055]]],"type":"Polygon"},"properties":{"bbox":{"parking":{"area":11231.76,"pct":43.23},"roads":{"area":4415.49,"pct":17},"sidewalks":{"area":97.44,"pct":0.38}},"city_same":1,"id":"hex:3833:23951"},"type":"Feature"},{"geometry":{"coordinates":[[[-122.15113,37.48211],[-122.15169,37.48289],[-122.15282,37.4829],[-122.1534,37.48212],[-122.15284,37.48134],[-122.15171,37.48133],[-122.15113,37.48211]]],"type":"Polygon"},"properties":{"bbox":{"parking":{"area":1862.78,"pct":7.17},"roads":{"area":6522.13,"pct":25.1},"sidewalks":{"area":22.58,"pct":0.09}},"city":{"parking":{"area":1862.78,"pct":7.17},"roads":{"area":1114.23,"pct":4.29},"sidewalks":{"area":22.58,"pct":0.09}},"id":"hex:3833:23952"},"type":"Feature"},{"geometry":{"coordinates":[[[-122.15197,37.45792],[-122.1514,37.45869],[-122.15027,37.45868],[-122.14971,37.4579],[-122.15023,37.4572],[-122.15032,37.4572],[-122.15044,37.45723],[-122.15053,37.45725],[-122.15062,37.45727],[-122.15091,37.45729],[-122.15121,37.45729],[-122.15125,37.45728],[-122.15129,37.45727],[-122.15133,37.45726],[-122.15146,37.45719],[-122.15197,37.45792]]],"type":"Polygon"},"properties":{"bbox":{"roads":{"area":2938.82,"pct":12.03},"sidewalks":{"area":270.33,"pct":1.11}},"city_same":1,"id":"hex:3834:23937"},"type":"Feature"},{"geometry":{"coordinates":[[[-122.14969,37.45946],[-122.15025,37.46025],[-122.15138,37.46025],[-122.15195,37.45948],[-122.1514,37.45869],[-122.15027,37.45868],[-122.14969,37.45946]]],"type":"Polygon"},"properties":{"bbox":{"roads":{"area":3174.24,"pct":12.22},"sidewalks":{"area":272.18,"pct":1.05}},"city_same":1,"id":"hex:3834:23938"},"type":"Feature"},{"geometry":{"coordinates":[[[-122.14968,37.46102],[-122.15023,37.46181],[-122.15136,37.46181],[-122.15194,37.46104],[-122.15138,37.46025],[-122.15025,37.46025],[-122.14968,37.46102]]],"type":"Polygon"},"properties":{"bbox":{"parking":{"area":23.07,"pct":0.09},"roads":{"area":3794.09,"pct":14.6},"sidewalks":{"area":802.03,"pct":3.09}},"city_same":1,"id":"hex:3834:23939"},"type":"Feature"},{"geometry":{"coordinates":[[[-122.15023,37.46181],[-122.15136,37.46181],[-122.15192,37.4626],[-122.15135,37.46338],[-122.15111,37.46337],[-122.15123,37.46282],[-122.15127,37.46264],[-122.15124,37.46261],[-122.15119,37.46256],[-122.15081,37.46249],[-122.14986,37.46235],[-122.14988,37.46229],[-122.15023,37.46181]]],"type":"Polygon"},"properties":{"bbox":{"parking":{"area":50.34,"pct":0.35},"roads":{"area":2334.6,"pct":16.43},"sidewalks":{"area":399.59,"pct":2.81}},"city_same":1,"id":"hex:3834:23940"},"type":"Feature"},{"geometry":{"coordinates":[[[-122.15135,37.46338],[-122.1519,37.46416],[-122.15133,37.46494],[-122.1508,37.46493],[-122.15089,37.46456],[-122.15079,37.46455],[-122.15089,37.46411],[-122.15095,37.46412],[-122.15103,37.46377],[-122.15105,37.46366],[-122.15111,37.46337],[-122.15135,37.46338]]],"type":"Polygon"},"properties":{"bbox":{"roads":{"area":1824.7,"pct":17.33},"sidewalks":{"area":241.46,"pct":2.29}},"city_same":1,"id":"hex:3834:23941"},"type":"Feature"},{"geometry":{"coordinates":[[[-122.15133,37.46494],[-122.15188,37.46572],[-122.15131,37.46649],[-122.15055,37.46603],[-122.15062,37.46574],[-122.1508,37.46493],[-122.15133,37.46494]]],"type":"Polygon"},"properties":{"bbox":{"roads":{"area":2903.34,"pct":22.36},"sidewalks":{"area":455.96,"pct":3.51}},"city":{"roads":{"area":1878.38,"pct":14.47},"sidewalks":{"area":455.96,"pct":3.51}},"id":"hex:3834:23942"},"type":"Feature"},{"geometry":{"coordinates":[[[-122.15122,37.4743],[-122.15009,37.47429],[-122.14984,37.47395],[-122.15133,37.47416],[-122.15122,37.4743]]],"type":"Polygon"},"properties":{"bbox":{"parking":{"area":61.36,"pct":1.98},"roads":{"area":40.09,"pct":1.29}},"city_same":1,"id":"hex:3834:23947"},"type":"Feature"},{"geometry":{"coordinates":[[[-122.14952,37.47507],[-122.15007,37.47586],[-122.1512,37.47586],[-122.15178,37.47509],[-122.15122,37.4743],[-122.15009,37.47429],[-122.14952,37.47507]]],"type":"Polygon"},"properties":{"bbox":{"parking":{"area":5982.99,"pct":23.03},"roads":{"area":4087.26,"pct":15.73},"sidewalks":{"area":298.07,"pct":1.15}},"city_same":1,"id":"hex:3834:23948"},"type":"Feature"},{"geometry":{"coordinates":[[[-122.1495,37.47663],[-122.15006,37.47742],[-122.15119,37.47743],[-122.15176,37.47665],[-122.1512,37.47586],[-122.15007,37.47586],[-122.1495,37.47663]]],"type":"Polygon"},"properties":{"bbox":{"parking":{"area":9439.49,"pct":36.33},"roads":{"area":3225.04,"pct":12.41},"sidewalks":{"area":149,"pct":0.57}},"city_same":1,"id":"hex:3834:23949"},"type":"Feature"},{"geometry":{"coordinates":[[[-122.14948,37.47819],[-122.15004,37.47898],[-122.15117,37.47899],[-122.15174,37.47821],[-122.15119,37.47743],[-122.15006,37.47742],[-122.14948,37.47819]]],"type":"Polygon"},"properties":{"bbox":{"parking":{"area":9492.99,"pct":36.54},"roads":{"area":3841.19,"pct":14.78},"sidewalks":{"area":406.47,"pct":1.56}},"city":{"parking":{"area":9492.99,"pct":36.54},"roads":{"area":3294.29,"pct":12.68},"sidewalks":{"area":406.47,"pct":1.56}},"id":"hex:3834:23950"},"type":"Feature"},{"geometry":{"coordinates":[[[-122.14946,37.47975],[-122.15002,37.48054],[-122.15115,37.48055],[-122.15173,37.47977],[-122.15117,37.47899],[-122.15004,37.47898],[-122.14946,37.47975]]],"type":"Polygon"},"properties":{"bbox":{"parking":{"area":5702.12,"pct":21.95},"roads":{"area":6159.86,"pct":23.71},"sidewalks":{"area":533.18,"pct":2.05}},"city":{"parking":{"area":5702.12,"pct":21.95},"roads":{"area":3316.01,"pct":12.76},"sidewalks":{"area":533.18,"pct":2.05}},"id":"hex:3834:23951"},"type":"Feature"},{"geometry":{"coordinates":[[[-122.14945,37.48132],[-122.15,37.4821],[-122.15113,37.48211],[-122.15171,37.48133],[-122.15115,37.48055],[-122.15002,37.48054],[-122.14945,37.48132]]],"type":"Polygon"},"properties":{"bbox":{"parking":{"area":418.65,"pct":1.61},"roads":{"area":7518,"pct":28.94},"sidewalks":{"area":299.48,"pct":1.15}},"city":{"parking":{"area":418.65,"pct":1.61},"roads":{"area":1871.82,"pct":7.2},"sidewalks":{"area":299.48,"pct":1.15}},"id":"hex:3834:23952"},"type":"Feature"},{"geometry":{"coordinates":[[[-122.14943,37.48288],[-122.14998,37.48366],[-122.15112,37.48367],[-122.15169,37.48289],[-122.15113,37.48211],[-122.15,37.4821],[-122.14943,37.48288]]],"type":"Polygon"},"properties":{"bbox":{"parking":{"area":5150.92,"pct":19.83},"roads":{"area":6297.09,"pct":24.24},"sidewalks":{"area":730.89,"pct":2.81}},"city":{"parking":{"area":5150.92,"pct":19.83},"roads":{"area":5168.62,"pct":19.89},"sidewalks":{"area":730.89,"pct":2.81}},"id":"hex:3834:23953"},"type":"Feature"},{"geometry":{"coordinates":[[[-122.14941,37.48444],[-122.14997,37.48522],[-122.1511,37.48523],[-122.15167,37.48445],[-122.15112,37.48367],[-122.14998,37.48366],[-122.14941,37.48444]]],"type":"Polygon"},"properties":{"bbox":{"parking":{"area":10447.37,"pct":40.21},"roads":{"area":4766.55,"pct":18.35},"sidewalks":{"area":231.3,"pct":0.89}},"city_same":1,"id":"hex:3834:23954"},"type":"Feature"},{"geometry":{"coordinates":[[[-122.14939,37.486],[-122.14995,37.48678],[-122.15108,37.48679],[-122.15165,37.48601],[-122.1511,37.48523],[-122.14997,37.48522],[-122.14939,37.486]]],"type":"Polygon"},"properties":{"bbox":{"parking":{"area":7169.21,"pct":27.59},"roads":{"area":3259.84,"pct":12.55},"sidewalks":{"area":245.11,"pct":0.94}},"city_same":1,"id":"hex:3834:23955"},"type":"Feature"},{"geometry":{"coordinates":[[[-122.14971,37.4579],[-122.14858,37.45789],[-122.14802,37.45711],[-122.1481,37.457],[-122.14816,37.45705],[-122.14826,37.45712],[-122.14839,37.45719],[-122.14848,37.45722],[-122.14859,37.45724],[-122.14869,37.45725],[-122.1488,37.45725],[-122.1489,37.45724],[-122.14908,37.45719],[-122.14916,37.45718],[-122.14924,37.45718],[-122.14933,37.45719],[-122.14954,37.45724],[-122.14969,37.45725],[-122.14983,37.45725],[-122.15009,37.4572],[-122.15021,37.45719],[-122.15023,37.4572],[-122.14971,37.4579]]],"type":"Polygon"},"properties":{"bbox":{"roads":{"area":1933.32,"pct":17.36},"sidewalks":{"area":260.46,"pct":2.34}},"city_same":1,"id":"hex:3835:23936"},"type":"Feature"},{"geometry":{"coordinates":[[[-122.14801,37.45867],[-122.14856,37.45945],[-122.14969,37.45946],[-122.15027,37.45868],[-122.14971,37.4579],[-122.14858,37.45789],[-122.14801,37.45867]]],"type":"Polygon"},"properties":{"bbox":{"parking":{"area":966.91,"pct":3.72},"roads":{"area":3766.99,"pct":14.5},"sidewalks":{"area":1.98,"pct":0.01}},"city_same":1,"id":"hex:3835:23937"},"type":"Feature"},{"geometry":{"coordinates":[[[-122.14799,37.46023],[-122.14855,37.46101],[-122.14968,37.46102],[-122.15025,37.46025],[-122.14969,37.45946],[-122.14856,37.45945],[-122.14799,37.46023]]],"type":"Polygon"},"properties":{"bbox":{"parking":{"area":874.35,"pct":3.37},"roads":{"area":2565.13,"pct":9.87},"sidewalks":{"area":330.83,"pct":1.27}},"city_same":1,"id":"hex:3835:23938"},"type":"Feature"},{"geometry":{"coordinates":[[[-122.14855,37.46101],[-122.14968,37.46102],[-122.15023,37.46181],[-122.14988,37.46229],[-122.15,37.46174],[-122.14928,37.46164],[-122.14927,37.46169],[-122.14856,37.46159],[-122.14857,37.46154],[-122.14819,37.46149],[-122.14855,37.46101]]],"type":"Polygon"},"properties":{"bbox":{"parking":{"area":109.59,"pct":1.05},"roads":{"area":1451.45,"pct":13.96},"sidewalks":{"area":208.79,"pct":2.01}},"city_same":1,"id":"hex:3835:23939"},"type":"Feature"},{"geometry":{"coordinates":[[[-122.15009,37.47429],[-122.14952,37.47507],[-122.14839,37.47506],[-122.14783,37.47428],[-122.14824,37.47372],[-122.14984,37.47395],[-122.15009,37.47429]]],"type":"Polygon"},"properties":{"bbox":{"parking":{"area":6273.22,"pct":29},"roads":{"area":3899.42,"pct":18.02},"sidewalks":{"area":65.33,"pct":0.3}},"city_same":1,"id":"hex:3835:23947"},"type":"Feature"},{"geometry":{"coordinates":[[[-122.14781,37.47584],[-122.14837,37.47662],[-122.1495,37.47663],[-122.15007,37.47586],[-122.14952,37.47507],[-122.14839,37.47506],[-122.14781,37.47584]]],"type":"Polygon"},"properties":{"bbox":{"parking":{"area":4677.67,"pct":18},"roads":{"area":2144.93,"pct":8.26},"sidewalks":{"area":248.68,"pct":0.96}},"city_same":1,"id":"hex:3835:23948"},"type":"Feature"},{"geometry":{"coordinates":[[[-122.14779,37.4774],[-122.14835,37.47819],[-122.14948,37.47819],[-122.15006,37.47742],[-122.1495,37.47663],[-122.14837,37.47662],[-122.14779,37.4774]]],"type":"Polygon"},"properties":{"bbox":{"parking":{"area":7505.39,"pct":28.89},"roads":{"area":3722.09,"pct":14.33},"sidewalks":{"area":345.21,"pct":1.33}},"city_same":1,"id":"hex:3835:23949"},"type":"Feature"},{"geometry":{"coordinates":[[[-122.14778,37.47896],[-122.14833,37.47975],[-122.14946,37.47975],[-122.15004,37.47898],[-122.14948,37.47819],[-122.14835,37.47819],[-122.14778,37.47896]]],"type":"Polygon"},"properties":{"bbox":{"parking":{"area":8534.01,"pct":32.85},"roads":{"area":4421.67,"pct":17.02},"sidewalks":{"area":406.9,"pct":1.57}},"city_same":1,"id":"hex:3835:23950"},"type":"Feature"},{"geometry":{"coordinates":[[[-122.14776,37.48052],[-122.14831,37.48131],[-122.14945,37.48132],[-122.15002,37.48054],[-122.14946,37.47975],[-122.14833,37.47975],[-122.14776,37.48052]]],"type":"Polygon"},"properties":{"bbox":{"parking":{"area":6203.87,"pct":23.88},"roads":{"area":2075.91,"pct":7.99},"sidewalks":{"area":85.93,"pct":0.33}},"city_same":1,"id":"hex:3835:23951"},"type":"Feature"},{"geometry":{"coordinates":[[[-122.14774,37.48208],[-122.1483,37.48287],[-122.14943,37.48288],[-122.15,37.4821],[-122.14945,37.48132],[-122.14831,37.48131],[-122.14774,37.48208]]],"type":"Polygon"},"properties":{"bbox":{"parking":{"area":3179.63,"pct":12.24},"roads":{"area":7540.24,"pct":29.02}},"city":{"parking":{"area":3179.63,"pct":12.24},"roads":{"area":1736.85,"pct":6.69}},"id":"hex:3835:23952"},"type":"Feature"},{"geometry":{"coordinates":[[[-122.14772,37.48364],[-122.14828,37.48443],[-122.14941,37.48444],[-122.14998,37.48366],[-122.14943,37.48288],[-122.1483,37.48287],[-122.14772,37.48364]]],"type":"Polygon"},"properties":{"bbox":{"parking":{"area":8027.79,"pct":30.9},"roads":{"area":2142.55,"pct":8.25},"sidewalks":{"area":878.9,"pct":3.38}},"city_same":1,"id":"hex:3835:23953"},"type":"Feature"},{"geometry":{"coordinates":[[[-122.14771,37.48521],[-122.14826,37.48599],[-122.14939,37.486],[-122.14997,37.48522],[-122.14941,37.48444],[-122.14828,37.48443],[-122.14771,37.48521]]],"type":"Polygon"},"properties":{"bbox":{"parking":{"area":5565.63,"pct":21.42},"roads":{"area":1972.45,"pct":7.59},"sidewalks":{"area":1061.75,"pct":4.09}},"city_same":1,"id":"hex:3835:23954"},"type":"Feature"},{"geometry":{"coordinates":[[[-122.14769,37.48677],[-122.14824,37.48755],[-122.14938,37.48756],[-122.14995,37.48678],[-122.14939,37.486],[-122.14826,37.48599],[-122.14769,37.48677]]],"type":"Polygon"},"properties":{"bbox":{"parking":{"area":6875.83,"pct":26.47},"roads":{"area":3040.03,"pct":11.7},"sidewalks":{"area":86.53,"pct":0.33}},"city_same":1,"id":"hex:3835:23955"},"type":"Feature"},{"geometry":{"coordinates":[[[-122.14802,37.45711],[-122.14689,37.4571],[-122.1466,37.45668],[-122.14664,37.45667],[-122.14694,37.4566],[-122.14725,37.45657],[-122.14756,37.45657],[-122.14773,37.45658],[-122.14776,37.45659],[-122.14779,37.45659],[-122.14781,37.4566],[-122.14784,37.45662],[-122.14786,37.45663],[-122.14787,37.45665],[-122.14799,37.45686],[-122.14806,37.45696],[-122.1481,37.457],[-122.14802,37.45711]]],"type":"Polygon"},"properties":{"bbox":{"roads":{"area":1216.67,"pct":19.4},"sidewalks":{"area":144.18,"pct":2.3}},"city_same":1,"id":"hex:3836:23936"},"type":"Feature"},{"geometry":{"coordinates":[[[-122.14632,37.45788],[-122.14688,37.45866],[-122.14801,37.45867],[-122.14858,37.45789],[-122.14802,37.45711],[-122.14689,37.4571],[-122.14632,37.45788]]],"type":"Polygon"},"properties":{"bbox":{"roads":{"area":2662.29,"pct":10.25},"sidewalks":{"area":42.72,"pct":0.16}},"city_same":1,"id":"hex:3836:23937"},"type":"Feature"},{"geometry":{"coordinates":[[[-122.1463,37.45944],[-122.14686,37.46022],[-122.14799,37.46023],[-122.14856,37.45945],[-122.14801,37.45867],[-122.14688,37.45866],[-122.1463,37.45944]]],"type":"Polygon"},"properties":{"bbox":{"roads":{"area":1033.72,"pct":3.98},"sidewalks":{"area":181.37,"pct":0.7}},"city_same":1,"id":"hex:3836:23938"},"type":"Feature"},{"geometry":{"coordinates":[[[-122.14628,37.461],[-122.14686,37.46022],[-122.14799,37.46023],[-122.14855,37.46101],[-122.14819,37.46149],[-122.14678,37.46129],[-122.14681,37.46117],[-122.14665,37.46115],[-122.14662,37.46126],[-122.14645,37.46123],[-122.14643,37.46121],[-122.14645,37.46112],[-122.14636,37.46111],[-122.14628,37.461]]],"type":"Polygon"},"properties":{"bbox":{"roads":{"area":3290.36,"pct":16.5},"sidewalks":{"area":531.23,"pct":2.66}},"city_same":1,"id":"hex:3836:23939"},"type":"Feature"},{"geometry":{"coordinates":[[[-122.14783,37.47428],[-122.1467,37.47427],[-122.14655,37.47406],[-122.14667,37.47351],[-122.14824,37.47372],[-122.14783,37.47428]]],"type":"Polygon"},"properties":{"bbox":{"parking":{"area":1951.49,"pct":20.61},"roads":{"area":1000.82,"pct":10.57},"sidewalks":{"area":253.25,"pct":2.67}},"city_same":1,"id":"hex:3836:23947"},"type":"Feature"},{"geometry":{"coordinates":[[[-122.1467,37.47427],[-122.14783,37.47428],[-122.14839,37.47506],[-122.14781,37.47584],[-122.14668,37.47583],[-122.14627,37.47525],[-122.14628,37.4752],[-122.14633,37.47501],[-122.14642,37.47465],[-122.1467,37.47427]]],"type":"Polygon"},"properties":{"bbox":{"parking":{"area":6023.79,"pct":23.73},"roads":{"area":4213.48,"pct":16.6},"sidewalks":{"area":141.61,"pct":0.56}},"city_same":1,"id":"hex:3836:23948"},"type":"Feature"},{"geometry":{"coordinates":[[[-122.14611,37.47661],[-122.14666,37.47739],[-122.14779,37.4774],[-122.14837,37.47662],[-122.14781,37.47584],[-122.14668,37.47583],[-122.14611,37.47661]]],"type":"Polygon"},"properties":{"bbox":{"parking":{"area":7733.19,"pct":29.77},"roads":{"area":2755.53,"pct":10.61},"sidewalks":{"area":10.38,"pct":0.04}},"city_same":1,"id":"hex:3836:23949"},"type":"Feature"},{"geometry":{"coordinates":[[[-122.14609,37.47817],[-122.14665,37.47895],[-122.14778,37.47896],[-122.14835,37.47819],[-122.14779,37.4774],[-122.14666,37.47739],[-122.14609,37.47817]]],"type":"Polygon"},"properties":{"bbox":{"parking":{"area":5467.55,"pct":21.04},"roads":{"area":2656.08,"pct":10.22},"sidewalks":{"area":27.66,"pct":0.11}},"city_same":1,"id":"hex:3836:23950"},"type":"Feature"},{"geometry":{"coordinates":[[[-122.14607,37.47973],[-122.14663,37.48051],[-122.14776,37.48052],[-122.14833,37.47975],[-122.14778,37.47896],[-122.14665,37.47895],[-122.14607,37.47973]]],"type":"Polygon"},"properties":{"bbox":{"parking":{"area":14623.26,"pct":56.28},"roads":{"area":2211.67,"pct":8.51}},"city_same":1,"id":"hex:3836:23951"},"type":"Feature"},{"geometry":{"coordinates":[[[-122.14605,37.48129],[-122.14661,37.48208],[-122.14774,37.48208],[-122.14831,37.48131],[-122.14776,37.48052],[-122.14663,37.48051],[-122.14605,37.48129]]],"type":"Polygon"},"properties":{"bbox":{"parking":{"area":450.99,"pct":1.74},"roads":{"area":612.38,"pct":2.36}},"city_same":1,"id":"hex:3836:23952"},"type":"Feature"},{"geometry":{"coordinates":[[[-122.14604,37.48285],[-122.14659,37.48364],[-122.14772,37.48364],[-122.1483,37.48287],[-122.14774,37.48208],[-122.14661,37.48208],[-122.14604,37.48285]]],"type":"Polygon"},"properties":{"bbox":{"parking":{"area":6347.46,"pct":24.43},"roads":{"area":8093.81,"pct":31.15}},"city":{"parking":{"area":6347.46,"pct":24.43},"roads":{"area":2923.28,"pct":11.25}},"id":"hex:3836:23953"},"type":"Feature"},{"geometry":{"coordinates":[[[-122.14602,37.48441],[-122.14657,37.4852],[-122.14771,37.48521],[-122.14828,37.48443],[-122.14772,37.48364],[-122.14659,37.48364],[-122.14602,37.48441]]],"type":"Polygon"},"properties":{"bbox":{"parking":{"area":14506.85,"pct":55.84},"roads":{"area":4109.96,"pct":15.82},"sidewalks":{"area":655.64,"pct":2.52}},"city_same":1,"id":"hex:3836:23954"},"type":"Feature"},{"geometry":{"coordinates":[[[-122.146,37.48597],[-122.14656,37.48676],[-122.14769,37.48677],[-122.14826,37.48599],[-122.14771,37.48521],[-122.14657,37.4852],[-122.146,37.48597]]],"type":"Polygon"},"properties":{"bbox":{"parking":{"area":8144.34,"pct":31.35},"roads":{"area":3167.98,"pct":12.19},"sidewalks":{"area":892.37,"pct":3.43}},"city_same":1,"id":"hex:3836:23955"},"type":"Feature"},{"geometry":{"coordinates":[[[-122.14689,37.4571],[-122.14632,37.45788],[-122.14589,37.45787],[-122.1459,37.45785],[-122.14592,37.4578],[-122.14593,37.45775],[-122.14592,37.45763],[-122.14587,37.45739],[-122.14587,37.45727],[-122.14588,37.45715],[-122.14589,37.4571],[-122.14591,37.45705],[-122.14594,37.457],[-122.14596,37.45697],[-122.14598,37.45695],[-122.14601,37.45693],[-122.14604,37.45691],[-122.14633,37.45678],[-122.1466,37.45668],[-122.14689,37.4571]]],"type":"Polygon"},"properties":{"bbox":{"roads":{"area":1114.4,"pct":14.12},"sidewalks":{"area":195.24,"pct":2.47}},"city_same":1,"id":"hex:3837:23936"},"type":"Feature"},{"geometry":{"coordinates":[[[-122.14632,37.45788],[-122.14688,37.45866],[-122.1463,37.45944],[-122.14517,37.45943],[-122.14499,37.45917],[-122.14514,37.45851],[-122.14518,37.45825],[-122.14519,37.45818],[-122.14533,37.45812],[-122.14536,37.45811],[-122.14539,37.4581],[-122.14541,37.4581],[-122.14546,37.45811],[-122.14548,37.45811],[-122.1455,37.4581],[-122.14552,37.4581],[-122.14553,37.45809],[-122.1458,37.45796],[-122.14584,37.45792],[-122.14588,37.45789],[-122.14589,37.45787],[-122.14632,37.45788]]],"type":"Polygon"},"properties":{"bbox":{"parking":{"area":207.99,"pct":0.97},"roads":{"area":2488.45,"pct":11.64},"sidewalks":{"area":219.9,"pct":1.03}},"city_same":1,"id":"hex:3837:23937"},"type":"Feature"},{"geometry":{"coordinates":[[[-122.14472,37.46038],[-122.14483,37.45989],[-122.14517,37.45943],[-122.1463,37.45944],[-122.14686,37.46022],[-122.14628,37.461],[-122.14538,37.46099],[-122.14542,37.46081],[-122.14521,37.46078],[-122.14521,37.46081],[-122.14505,37.46079],[-122.14504,37.46083],[-122.14472,37.46038]]],"type":"Polygon"},"properties":{"bbox":{"roads":{"area":3236.78,"pct":12.95},"sidewalks":{"area":816.46,"pct":3.27}},"city_same":1,"id":"hex:3837:23938"},"type":"Feature"},{"geometry":{"coordinates":[[[-122.1467,37.47427],[-122.14642,37.47465],[-122.14655,37.47406],[-122.1467,37.47427]]],"type":"Polygon"},"properties":{"bbox":{"parking":{"area":283.11,"pct":49.45},"roads":{"area":58.36,"pct":10.19}},"city_same":1,"id":"hex:3837:23947"},"type":"Feature"},{"geometry":{"coordinates":[[[-122.14668,37.47583],[-122.14611,37.47661],[-122.14498,37.4766],[-122.14442,37.47582],[-122.14454,37.47565],[-122.14587,37.47559],[-122.14621,37.4755],[-122.14627,37.47525],[-122.14668,37.47583]]],"type":"Polygon"},"properties":{"bbox":{"parking":{"area":7499.71,"pct":41.53},"roads":{"area":3123.6,"pct":17.3}},"city_same":1,"id":"hex:3837:23948"},"type":"Feature"},{"geometry":{"coordinates":[[[-122.1444,37.47738],[-122.14496,37.47816],[-122.14609,37.47817],[-122.14666,37.47739],[-122.14611,37.47661],[-122.14498,37.4766],[-122.1444,37.47738]]],"type":"Polygon"},"properties":{"bbox":{"parking":{"area":5745.12,"pct":22.11},"roads":{"area":1672.71,"pct":6.44},"sidewalks":{"area":225.95,"pct":0.87}},"city_same":1,"id":"hex:3837:23949"},"type":"Feature"},{"geometry":{"coordinates":[[[-122.14438,37.47894],[-122.14494,37.47972],[-122.14607,37.47973],[-122.14665,37.47895],[-122.14609,37.47817],[-122.14496,37.47816],[-122.14438,37.47894]]],"type":"Polygon"},"properties":{"bbox":{"parking":{"area":7437.11,"pct":28.63},"roads":{"area":2157.51,"pct":8.3},"sidewalks":{"area":48.46,"pct":0.19}},"city_same":1,"id":"hex:3837:23950"},"type":"Feature"},{"geometry":{"coordinates":[[[-122.14437,37.4805],[-122.14492,37.48128],[-122.14605,37.48129],[-122.14663,37.48051],[-122.14607,37.47973],[-122.14494,37.47972],[-122.14437,37.4805]]],"type":"Polygon"},"properties":{"bbox":{"parking":{"area":10068.24,"pct":38.75},"roads":{"area":2346.9,"pct":9.03}},"city_same":1,"id":"hex:3837:23951"},"type":"Feature"},{"geometry":{"coordinates":[[[-122.14433,37.48362],[-122.14489,37.4844],[-122.14602,37.48441],[-122.14659,37.48364],[-122.14604,37.48285],[-122.1449,37.48284],[-122.14433,37.48362]]],"type":"Polygon"},"properties":{"bbox":{"parking":{"area":1974.46,"pct":7.6},"roads":{"area":6615.12,"pct":25.46},"sidewalks":{"area":40.26,"pct":0.15}},"city":{"parking":{"area":1974.46,"pct":7.6},"roads":{"area":1701.77,"pct":6.55},"sidewalks":{"area":40.26,"pct":0.15}},"id":"hex:3837:23953"},"type":"Feature"},{"geometry":{"coordinates":[[[-122.14431,37.48518],[-122.14487,37.48597],[-122.146,37.48597],[-122.14657,37.4852],[-122.14602,37.48441],[-122.14489,37.4844],[-122.14431,37.48518]]],"type":"Polygon"},"properties":{"bbox":{"parking":{"area":7123.26,"pct":27.42},"roads":{"area":3735.53,"pct":14.38},"sidewalks":{"area":109.96,"pct":0.42}},"city":{"parking":{"area":7123.26,"pct":27.42},"roads":{"area":3154.2,"pct":12.14},"sidewalks":{"area":109.96,"pct":0.42}},"id":"hex:3837:23954"},"type":"Feature"},{"geometry":{"coordinates":[[[-122.14429,37.48674],[-122.14485,37.48753],[-122.14598,37.48754],[-122.14656,37.48676],[-122.146,37.48597],[-122.14487,37.48597],[-122.14429,37.48674]]],"type":"Polygon"},"properties":{"bbox":{"parking":{"area":4716.14,"pct":18.15},"roads":{"area":2260.79,"pct":8.7}},"city_same":1,"id":"hex:3837:23955"},"type":"Feature"},{"geometry":{"coordinates":[[[-122.14517,37.45943],[-122.14483,37.45989],[-122.14499,37.45917],[-122.14517,37.45943]]],"type":"Polygon"},"properties":{"bbox":{"parking":{"area":81.01,"pct":9.77},"roads":{"area":135.03,"pct":16.28}},"city_same":1,"id":"hex:3838:23938"},"type":"Feature"},{"geometry":{"coordinates":[[[-122.14504,37.46083],[-122.14504,37.46086],[-122.14463,37.4608],[-122.14472,37.46038],[-122.14504,37.46083]]],"type":"Polygon"},"properties":{"bbox":{"roads":{"area":114.59,"pct":12.66},"sidewalks":{"area":18.33,"pct":2.03}},"city_same":1,"id":"hex:3838:23939"},"type":"Feature"},{"geometry":{"coordinates":[[[-122.14442,37.47582],[-122.14329,37.47581],[-122.14322,37.47571],[-122.14454,37.47565],[-122.14442,37.47582]]],"type":"Polygon"},"properties":{"bbox":{"parking":{"area":929.1,"pct":59.13},"roads":{"area":366.14,"pct":23.3}},"city_same":1,"id":"hex:3838:23948"},"type":"Feature"},{"geometry":{"coordinates":[[[-122.14271,37.47658],[-122.14327,37.47737],[-122.1444,37.47738],[-122.14498,37.4766],[-122.14442,37.47582],[-122.14329,37.47581],[-122.14271,37.47658]]],"type":"Polygon"},"properties":{"bbox":{"parking":{"area":9027.73,"pct":34.75},"roads":{"area":3865.05,"pct":14.88},"sidewalks":{"area":596.67,"pct":2.3}},"city_same":1,"id":"hex:3838:23949"},"type":"Feature"},{"geometry":{"coordinates":[[[-122.1427,37.47814],[-122.14325,37.47893],[-122.14438,37.47894],[-122.14496,37.47816],[-122.1444,37.47738],[-122.14327,37.47737],[-122.1427,37.47814]]],"type":"Polygon"},"properties":{"bbox":{"parking":{"area":5116.34,"pct":19.69},"roads":{"area":3511.66,"pct":13.52}},"city_same":1,"id":"hex:3838:23950"},"type":"Feature"},{"geometry":{"coordinates":[[[-122.14268,37.47971],[-122.14323,37.48049],[-122.14437,37.4805],[-122.14494,37.47972],[-122.14438,37.47894],[-122.14325,37.47893],[-122.14268,37.47971]]],"type":"Polygon"},"properties":{"bbox":{"parking":{"area":7692.41,"pct":29.61},"roads":{"area":869.74,"pct":3.35}},"city_same":1,"id":"hex:3838:23951"},"type":"Feature"},{"geometry":{"coordinates":[[[-122.14266,37.48127],[-122.14322,37.48205],[-122.14435,37.48206],[-122.14492,37.48128],[-122.14437,37.4805],[-122.14323,37.48049],[-122.14266,37.48127]]],"type":"Polygon"},"properties":{"bbox":{"parking":{"area":341.52,"pct":1.31},"roads":{"area":41.12,"pct":0.16}},"city_same":1,"id":"hex:3838:23952"},"type":"Feature"},{"geometry":{"coordinates":[[[-122.14262,37.48439],[-122.14318,37.48517],[-122.14431,37.48518],[-122.14489,37.4844],[-122.14433,37.48362],[-122.1432,37.48361],[-122.14262,37.48439]]],"type":"Polygon"},"properties":{"bbox":{"roads":{"area":2104.21,"pct":8.1}},"id":"hex:3838:23954"},"type":"Feature"},{"geometry":{"coordinates":[[[-122.14261,37.48595],[-122.14316,37.48673],[-122.14429,37.48674],[-122.14487,37.48597],[-122.14431,37.48518],[-122.14318,37.48517],[-122.14261,37.48595]]],"type":"Polygon"},"properties":{"bbox":{"roads":{"area":3927.37,"pct":15.12}},"id":"hex:3838:23955"},"type":"Feature"},{"geometry":{"coordinates":[[[-122.14329,37.47581],[-122.14271,37.47658],[-122.14158,37.47658],[-122.14104,37.47581],[-122.14322,37.47571],[-122.14329,37.47581]]],"type":"Polygon"},"properties":{"bbox":{"parking":{"area":6840.47,"pct":49.25},"roads":{"area":2442.21,"pct":17.58}},"city_same":1,"id":"hex:3839:23948"},"type":"Feature"},{"geometry":{"coordinates":[[[-122.14101,37.47735],[-122.14156,37.47814],[-122.1427,37.47814],[-122.14327,37.47737],[-122.14271,37.47658],[-122.14158,37.47658],[-122.14101,37.47735]]],"type":"Polygon"},"properties":{"bbox":{"parking":{"area":11875.14,"pct":45.71},"roads":{"area":2915.08,"pct":11.22}},"city_same":1,"id":"hex:3839:23949"},"type":"Feature"},{"geometry":{"coordinates":[[[-122.14099,37.47891],[-122.14155,37.4797],[-122.14268,37.47971],[-122.14325,37.47893],[-122.1427,37.47814],[-122.14156,37.47814],[-122.14099,37.47891]]],"type":"Polygon"},"properties":{"bbox":{"parking":{"area":7677.35,"pct":29.55},"roads":{"area":3340.95,"pct":12.86}},"city_same":1,"id":"hex:3839:23950"},"type":"Feature"},{"geometry":{"coordinates":[[[-122.14092,37.48516],[-122.14148,37.48594],[-122.14261,37.48595],[-122.14318,37.48517],[-122.14262,37.48439],[-122.14149,37.48438],[-122.14092,37.48516]]],"type":"Polygon"},"properties":{"bbox":{"roads":{"area":3286.77,"pct":12.65}},"id":"hex:3839:23954"},"type":"Feature"},{"geometry":{"coordinates":[[[-122.1409,37.48672],[-122.14146,37.4875],[-122.14259,37.48751],[-122.14316,37.48673],[-122.14261,37.48595],[-122.14148,37.48594],[-122.1409,37.48672]]],"type":"Polygon"},"properties":{"bbox":{"roads":{"area":6835.98,"pct":26.31}},"id":"hex:3839:23955"},"type":"Feature"},{"geometry":{"coordinates":[[[-122.14088,37.48828],[-122.14144,37.48906],[-122.14257,37.48907],[-122.14315,37.4883],[-122.14259,37.48751],[-122.14146,37.4875],[-122.14088,37.48828]]],"type":"Polygon"},"properties":{"bbox":{"roads":{"area":878.15,"pct":3.38}},"id":"hex:3839:23956"},"type":"Feature"},{"geometry":{"coordinates":[[[-122.14158,37.47658],[-122.14101,37.47735],[-122.13988,37.47734],[-122.13977,37.47719],[-122.13973,37.47601],[-122.13973,37.47601],[-122.13984,37.47586],[-122.14104,37.47581],[-122.14158,37.47658]]],"type":"Polygon"},"properties":{"bbox":{"parking":{"area":9993.52,"pct":43.51},"roads":{"area":3691.21,"pct":16.07},"sidewalks":{"area":4.25,"pct":0.02}},"city":{"parking":{"area":9993.52,"pct":43.51},"roads":{"area":3681.17,"pct":16.03},"sidewalks":{"area":4.25,"pct":0.02}},"id":"hex:3840:23949"},"type":"Feature"},{"geometry":{"coordinates":[[[-122.13988,37.47734],[-122.14101,37.47735],[-122.14156,37.47814],[-122.14099,37.47891],[-122.13986,37.4789],[-122.13982,37.47885],[-122.13978,37.47748],[-122.13988,37.47734]]],"type":"Polygon"},"properties":{"bbox":{"parking":{"area":8175.77,"pct":36.1},"roads":{"area":2784.56,"pct":12.29}},"city_same":1,"id":"hex:3840:23950"},"type":"Feature"},{"geometry":{"coordinates":[[[-122.13986,37.4789],[-122.14099,37.47891],[-122.14155,37.4797],[-122.14097,37.48047],[-122.13987,37.48047],[-122.13982,37.47895],[-122.13986,37.4789]]],"type":"Polygon"},"properties":{"bbox":{"roads":{"area":1.58,"pct":0.01}},"id":"hex:3840:23951"},"type":"Feature"},{"geometry":{"coordinates":[[[-122.14097,37.48047],[-122.14153,37.48126],[-122.14095,37.48203],[-122.13982,37.48203],[-122.13927,37.48124],[-122.13962,37.48076],[-122.13987,37.48048],[-122.13987,37.48047],[-122.14097,37.48047]]],"type":"Polygon"},"properties":{"bbox":{"roads":{"area":2361.37,"pct":9.11}},"city":{"roads":{"area":56.94,"pct":0.22}},"id":"hex:3840:23952"},"type":"Feature"},{"geometry":{"coordinates":[[[-122.13925,37.4828],[-122.13981,37.48359],[-122.14094,37.4836],[-122.14151,37.48282],[-122.14095,37.48203],[-122.13982,37.48203],[-122.13925,37.4828]]],"type":"Polygon"},"properties":{"bbox":{"roads":{"area":2976.95,"pct":11.46}},"id":"hex:3840:23953"},"type":"Feature"},{"geometry":{"coordinates":[[[-122.13923,37.48436],[-122.13979,37.48515],[-122.14092,37.48516],[-122.14149,37.48438],[-122.14094,37.4836],[-122.13981,37.48359],[-122.13923,37.48436]]],"type":"Polygon"},"properties":{"bbox":{"roads":{"area":3097.35,"pct":11.92}},"id":"hex:3840:23954"},"type":"Feature"},{"geometry":{"coordinates":[[[-122.1392,37.48749],[-122.13975,37.48827],[-122.14088,37.48828],[-122.14146,37.4875],[-122.1409,37.48672],[-122.13977,37.48671],[-122.1392,37.48749]]],"type":"Polygon"},"properties":{"bbox":{"roads":{"area":2633.6,"pct":10.14}},"id":"hex:3840:23956"},"type":"Feature"},{"geometry":{"coordinates":[[[-122.13918,37.48905],[-122.13973,37.48983],[-122.14087,37.48984],[-122.14144,37.48906],[-122.14088,37.48828],[-122.13975,37.48827],[-122.13918,37.48905]]],"type":"Polygon"},"properties":{"bbox":{"roads":{"area":3627.06,"pct":13.96}},"city":{"roads":{"area":107.05,"pct":0.41}},"id":"hex:3840:23957"},"type":"Feature"},{"geometry":{"coordinates":[[[-122.13988,37.47734],[-122.13978,37.47748],[-122.13977,37.47719],[-122.13988,37.47734]]],"type":"Polygon"},"properties":{"bbox":{"parking":{"area":11.9,"pct":8.05}},"city_same":1,"id":"hex:3841:23949"},"type":"Feature"},{"geometry":{"coordinates":[[[-122.13747,37.48982],[-122.13803,37.4906],[-122.13916,37.49061],[-122.13973,37.48983],[-122.13918,37.48905],[-122.13805,37.48904],[-122.13747,37.48982]]],"type":"Polygon"},"properties":{"bbox":{"roads":{"area":3943.52,"pct":15.18}},"id":"hex:3841:23957"},"type":"Feature"},{"geometry":{"coordinates":[[[-122.13745,37.49138],[-122.13801,37.49216],[-122.13914,37.49217],[-122.13972,37.49139],[-122.13916,37.49061],[-122.13803,37.4906],[-122.13745,37.49138]]],"type":"Polygon"},"properties":{"bbox":{"roads":{"area":676.15,"pct":2.6}},"id":"hex:3841:23958"},"type":"Feature"},{"geometry":{"coordinates":[[[-122.13744,37.49294],[-122.13799,37.49372],[-122.13912,37.49373],[-122.1397,37.49295],[-122.13914,37.49217],[-122.13801,37.49216],[-122.13744,37.49294]]],"type":"Polygon"},"properties":{"bbox":{"roads":{"area":886.13,"pct":3.41}},"city_same":1,"id":"hex:3841:23959"},"type":"Feature"},{"geometry":{"coordinates":[[[-122.13742,37.4945],[-122.13797,37.49528],[-122.13911,37.49529],[-122.13968,37.49451],[-122.13912,37.49373],[-122.13799,37.49372],[-122.13742,37.4945]]],"type":"Polygon"},"properties":{"bbox":{"roads":{"area":203.55,"pct":0.78}},"city_same":1,"id":"hex:3841:23960"},"type":"Feature"},{"geometry":{"coordinates":[[[-122.13577,37.49058],[-122.13632,37.49137],[-122.13745,37.49138],[-122.13803,37.4906],[-122.13747,37.48982],[-122.13634,37.48981],[-122.13577,37.49058]]],"type":"Polygon"},"properties":{"bbox":{"roads":{"area":2010.48,"pct":7.74}},"id":"hex:3842:23958"},"type":"Feature"},{"geometry":{"coordinates":[[[-122.13575,37.49214],[-122.13631,37.49293],[-122.13744,37.49294],[-122.13801,37.49216],[-122.13745,37.49138],[-122.13632,37.49137],[-122.13575,37.49214]]],"type":"Polygon"},"properties":{"bbox":{"roads":{"area":5502.53,"pct":21.18}},"city":{"roads":{"area":1583.17,"pct":6.09}},"id":"hex:3842:23959"},"type":"Feature"},{"geometry":{"coordinates":[[[-122.13586,37.48278],[-122.13473,37.48277],[-122.13471,37.48275],[-122.13479,37.48275],[-122.13616,37.48237],[-122.13586,37.48278]]],"type":"Polygon"},"properties":{"bbox":{"roads":{"area":55.92,"pct":2.39}},"city_same":1,"id":"hex:3843:23952"},"type":"Feature"},{"geometry":{"coordinates":[[[-122.13415,37.48355],[-122.13471,37.48433],[-122.13584,37.48434],[-122.13641,37.48356],[-122.13586,37.48278],[-122.13473,37.48277],[-122.13415,37.48355]]],"type":"Polygon"},"properties":{"bbox":{"roads":{"area":498.28,"pct":1.92}},"city_same":1,"id":"hex:3843:23953"},"type":"Feature"},{"geometry":{"coordinates":[[[-122.13404,37.49291],[-122.1346,37.4937],[-122.13573,37.49371],[-122.13631,37.49293],[-122.13575,37.49214],[-122.13462,37.49214],[-122.13404,37.49291]]],"type":"Polygon"},"properties":{"bbox":{"roads":{"area":5155.88,"pct":19.84}},"city":{"roads":{"area":1120.32,"pct":4.31}},"id":"hex:3843:23959"},"type":"Feature"},{"geometry":{"coordinates":[[[-122.13402,37.49447],[-122.13458,37.49526],[-122.13571,37.49527],[-122.13629,37.49449],[-122.13573,37.49371],[-122.1346,37.4937],[-122.13402,37.49447]]],"type":"Polygon"},"properties":{"bbox":{"roads":{"area":1293.84,"pct":4.98}},"city":{"roads":{"area":893.94,"pct":3.44}},"id":"hex:3843:23960"},"type":"Feature"},{"geometry":{"coordinates":[[[-122.13245,37.48431],[-122.133,37.4851],[-122.13413,37.48511],[-122.13471,37.48433],[-122.13415,37.48355],[-122.13302,37.48354],[-122.13245,37.48431]]],"type":"Polygon"},"properties":{"bbox":{"roads":{"area":997.72,"pct":3.84}},"city_same":1,"id":"hex:3844:23954"},"type":"Feature"},{"geometry":{"coordinates":[[[-122.13243,37.48588],[-122.13298,37.48666],[-122.13412,37.48667],[-122.13469,37.48589],[-122.13413,37.48511],[-122.133,37.4851],[-122.13243,37.48588]]],"type":"Polygon"},"properties":{"bbox":{"roads":{"area":83.87,"pct":0.32}},"city_same":1,"id":"hex:3844:23955"},"type":"Feature"},{"geometry":{"coordinates":[[[-122.13234,37.49368],[-122.13289,37.49447],[-122.13402,37.49447],[-122.1346,37.4937],[-122.13404,37.49291],[-122.13291,37.4929],[-122.13234,37.49368]]],"type":"Polygon"},"properties":{"bbox":{"roads":{"area":2303.16,"pct":8.86}},"id":"hex:3844:23960"},"type":"Feature"},{"geometry":{"coordinates":[[[-122.13232,37.49524],[-122.13288,37.49603],[-122.13401,37.49603],[-122.13458,37.49526],[-122.13402,37.49447],[-122.13289,37.49447],[-122.13232,37.49524]]],"type":"Polygon"},"properties":{"bbox":{"roads":{"area":5344.87,"pct":20.57}},"city":{"roads":{"area":1368.58,"pct":5.27}},"id":"hex:3844:23961"},"type":"Feature"},{"geometry":{"coordinates":[[[-122.13074,37.48508],[-122.1313,37.48587],[-122.13243,37.48588],[-122.133,37.4851],[-122.13245,37.48431],[-122.13131,37.48431],[-122.13074,37.48508]]],"type":"Polygon"},"properties":{"bbox":{"roads":{"area":908.09,"pct":3.5}},"city_same":1,"id":"hex:3845:23954"},"type":"Feature"},{"geometry":{"coordinates":[[[-122.13072,37.48664],[-122.13128,37.48743],[-122.13241,37.48744],[-122.13298,37.48666],[-122.13243,37.48588],[-122.1313,37.48587],[-122.13072,37.48664]]],"type":"Polygon"},"properties":{"bbox":{"roads":{"area":31.63,"pct":0.12}},"city_same":1,"id":"hex:3845:23955"},"type":"Feature"},{"geometry":{"coordinates":[[[-122.13061,37.49601],[-122.13117,37.49679],[-122.1323,37.4968],[-122.13288,37.49603],[-122.13232,37.49524],[-122.13119,37.49523],[-122.13061,37.49601]]],"type":"Polygon"},"properties":{"bbox":{"roads":{"area":6306.45,"pct":24.27}},"city":{"roads":{"area":2320.38,"pct":8.93}},"id":"hex:3845:23961"},"type":"Feature"},{"geometry":{"coordinates":[[[-122.1306,37.49757],[-122.13115,37.49836],[-122.13228,37.49836],[-122.13286,37.49759],[-122.1323,37.4968],[-122.13117,37.49679],[-122.1306,37.49757]]],"type":"Polygon"},"properties":{"bbox":{"roads":{"area":2505.71,"pct":9.64}},"city":{"roads":{"area":995.12,"pct":3.83}},"id":"hex:3845:23962"},"type":"Feature"},{"geometry":{"coordinates":[[[-122.12903,37.48585],[-122.12959,37.48663],[-122.13072,37.48664],[-122.1313,37.48587],[-122.13074,37.48508],[-122.12961,37.48507],[-122.12903,37.48585]]],"type":"Polygon"},"properties":{"bbox":{"roads":{"area":49.21,"pct":0.19}},"city_same":1,"id":"hex:3846:23955"},"type":"Feature"},{"geometry":{"coordinates":[[[-122.12891,37.49678],[-122.12946,37.49756],[-122.1306,37.49757],[-122.13117,37.49679],[-122.13061,37.49601],[-122.12948,37.496],[-122.12891,37.49678]]],"type":"Polygon"},"properties":{"bbox":{"roads":{"area":2040.7,"pct":7.85}},"city":{"roads":{"area":1002.97,"pct":3.86}},"id":"hex:3846:23962"},"type":"Feature"},{"geometry":{"coordinates":[[[-122.12889,37.49834],[-122.12945,37.49912],[-122.13058,37.49913],[-122.13115,37.49836],[-122.1306,37.49757],[-122.12946,37.49756],[-122.12889,37.49834]]],"type":"Polygon"},"properties":{"bbox":{"parking":{"area":1630.7,"pct":6.28},"roads":{"area":6176.68,"pct":23.77}},"city":{"parking":{"area":1630.7,"pct":6.28},"roads":{"area":2359.04,"pct":9.08}},"id":"hex:3846:23963"},"type":"Feature"},{"geometry":{"coordinates":[[[-122.12776,37.49833],[-122.12889,37.49834],[-122.12945,37.49912],[-122.12887,37.4999],[-122.12873,37.4999],[-122.12867,37.49983],[-122.12867,37.49979],[-122.12864,37.49968],[-122.12847,37.49952],[-122.12838,37.49945],[-122.12834,37.49944],[-122.12823,37.49943],[-122.12807,37.49941],[-122.12798,37.49937],[-122.12783,37.49922],[-122.12785,37.49913],[-122.12779,37.49897],[-122.12775,37.49868],[-122.12776,37.49857],[-122.12772,37.49838],[-122.12776,37.49833]]],"type":"Polygon"},"properties":{"bbox":{"parking":{"area":541.92,"pct":3.15},"roads":{"area":3772.03,"pct":21.92}},"city":{"parking":{"area":541.92,"pct":3.15},"roads":{"area":1289.44,"pct":7.49}},"id":"hex:3847:23963"},"type":"Feature"},{"geometry":{"coordinates":[[[[-122.1225,37.47663],[-122.1243,37.476],[-122.12462,37.47645],[-122.12428,37.47691],[-122.12423,37.4768],[-122.12421,37.47653],[-122.12427,37.47636],[-122.12439,37.4762],[-122.12417,37.47625],[-122.12415,37.47625],[-122.12402,37.47628],[-122.12392,37.47638],[-122.12362,37.47658],[-122.12344,37.47666],[-122.12335,37.47677],[-122.12307,37.47699],[-122.12283,37.47706],[-122.12281,37.47707],[-122.1225,37.47663]]],[[[-122.12293,37.47566],[-122.12357,37.47566],[-122.12357,37.47573],[-122.12263,37.47606],[-122.12293,37.47566]]]],"type":"MultiPolygon"},"properties":{"bbox":{"parking":{"area":107.01,"pct":1.13},"roads":{"area":24.93,"pct":0.26},"sidewalks":{"area":40.65,"pct":0.43}},"city_same":1,"id":"hex:3850:23949"},"type":"Feature"},{"geometry":{"coordinates":[[[-122.12123,37.47643],[-122.12114,37.47631],[-122.12118,37.47622],[-122.12126,37.47612],[-122.12144,37.47601],[-122.12148,37.47602],[-122.12152,37.47603],[-122.12155,37.476],[-122.12153,37.47595],[-122.12158,37.47589],[-122.12166,37.47586],[-122.12172,37.47583],[-122.12181,37.47575],[-122.12191,37.47571],[-122.12207,37.47568],[-122.12218,37.47564],[-122.12235,37.47558],[-122.12242,37.47546],[-122.12253,37.47521],[-122.12259,37.47518],[-122.12293,37.47566],[-122.12263,37.47606],[-122.1216,37.47643],[-122.12123,37.47643]]],"type":"Polygon"},"properties":{"bbox":{"roads":{"area":55.53,"pct":0.6}},"city_same":1,"id":"hex:3851:23948"},"type":"Feature"},{"geometry":{"coordinates":[[[[-122.12281,37.47707],[-122.1227,37.47713],[-122.12231,37.47724],[-122.12199,37.4773],[-122.12168,37.47738],[-122.12161,37.47738],[-122.12155,37.47736],[-122.12148,37.4773],[-122.12141,37.47724],[-122.12127,37.47718],[-122.12118,37.4772],[-122.12097,37.47726],[-122.12093,37.47724],[-122.12092,37.47722],[-122.12093,37.47719],[-122.12097,37.47717],[-122.12139,37.47702],[-122.12141,37.47701],[-122.1225,37.47663],[-122.12281,37.47707]]],[[[-122.12123,37.47643],[-122.1216,37.47643],[-122.12109,37.47661],[-122.12123,37.47643]]]],"type":"MultiPolygon"},"properties":{"bbox":{"parking":{"area":214.16,"pct":3.11},"roads":{"area":95.5,"pct":1.38},"sidewalks":{"area":46.84,"pct":0.68}},"city_same":1,"id":"hex:3851:23949"},"type":"Feature"}],"type":"FeatureCollection","v":2}