{"features":[{"geometry":{"coordinates":[[[-122.623,38.11057],[-122.6235,38.10988],[-122.62364,38.10988],[-122.62378,38.1112],[-122.62347,38.11122],[-122.623,38.11057]]],"type":"Polygon"},"properties":{"bbox":{"roads":{"area":229.39,"pct":3.82}},"city_same":1,"id":"hex:3553:24353"},"type":"Feature"},{"geometry":{"coordinates":[[[-122.623,38.11057],[-122.62186,38.11056],[-122.62129,38.10978],[-122.62167,38.10927],[-122.62185,38.10925],[-122.62243,38.10942],[-122.62249,38.10988],[-122.6235,38.10988],[-122.623,38.11057]]],"type":"Polygon"},"properties":{"bbox":{"roads":{"area":407.73,"pct":2.47}},"city_same":1,"id":"hex:3554:24353"},"type":"Feature"},{"geometry":{"coordinates":[[[-122.62186,38.11056],[-122.623,38.11057],[-122.62347,38.11122],[-122.62296,38.11124],[-122.62147,38.11115],[-122.62141,38.11117],[-122.62186,38.11056]]],"type":"Polygon"},"properties":{"bbox":{"roads":{"area":808.41,"pct":8.11}},"city_same":1,"id":"hex:3554:24354"},"type":"Feature"},{"geometry":{"coordinates":[[[-122.62014,38.11134],[-122.61958,38.11056],[-122.61968,38.11041],[-122.62097,38.11028],[-122.62113,38.10978],[-122.62129,38.10978],[-122.62186,38.11056],[-122.62141,38.11117],[-122.62091,38.11134],[-122.62014,38.11134]]],"type":"Polygon"},"properties":{"bbox":{"roads":{"area":62.09,"pct":0.32}},"city_same":1,"id":"hex:3555:24353"},"type":"Feature"},{"geometry":{"coordinates":[[[-122.61957,38.11212],[-122.62014,38.11134],[-122.62091,38.11134],[-122.62061,38.11144],[-122.62042,38.11142],[-122.62036,38.11227],[-122.62017,38.11227],[-122.62016,38.11268],[-122.62004,38.11268],[-122.62004,38.11277],[-122.61957,38.11212]]],"type":"Polygon"},"properties":{"bbox":{"roads":{"area":407.86,"pct":5.93}},"city_same":1,"id":"hex:3555:24354"},"type":"Feature"},{"geometry":{"coordinates":[[[-122.61786,38.11133],[-122.61843,38.11211],[-122.61957,38.11212],[-122.62014,38.11134],[-122.61958,38.11056],[-122.61844,38.11055],[-122.61786,38.11133]]],"type":"Polygon"},"properties":{"bbox":{"roads":{"area":965.89,"pct":3.72}},"city_same":1,"id":"hex:3556:24354"},"type":"Feature"},{"geometry":{"coordinates":[[[-122.61785,38.11289],[-122.61843,38.11211],[-122.61957,38.11212],[-122.62004,38.11277],[-122.62004,38.113],[-122.61918,38.113],[-122.61919,38.11268],[-122.61906,38.11267],[-122.61905,38.113],[-122.61795,38.11302],[-122.61785,38.11289]]],"type":"Polygon"},"properties":{"bbox":{"roads":{"area":916.24,"pct":6.18}},"city_same":1,"id":"hex:3556:24355"},"type":"Feature"},{"geometry":{"coordinates":[[[-122.61838,38.12148],[-122.61781,38.1207],[-122.61839,38.11992],[-122.61953,38.11992],[-122.61963,38.12006],[-122.61923,38.12094],[-122.61889,38.12081],[-122.6186,38.12148],[-122.61838,38.12148]]],"type":"Polygon"},"properties":{"bbox":{"roads":{"area":744.28,"pct":4.54}},"city":{"roads":{"area":70.25,"pct":0.43}},"id":"hex:3556:24360"},"type":"Feature"},{"geometry":{"coordinates":[[[-122.6162,38.10118],[-122.61678,38.1004],[-122.61717,38.1004],[-122.6168,38.10073],[-122.61671,38.10152],[-122.61661,38.10172],[-122.61661,38.10175],[-122.6162,38.10118]]],"type":"Polygon"},"properties":{"bbox":{"roads":{"area":32.06,"pct":0.73}},"city_same":1,"id":"hex:3557:24347"},"type":"Feature"},{"geometry":{"coordinates":[[[[-122.6162,38.10274],[-122.61632,38.10258],[-122.61644,38.10307],[-122.6162,38.10274]]],[[[-122.61671,38.10204],[-122.61676,38.10216],[-122.61661,38.10218],[-122.61671,38.10204]]]],"type":"MultiPolygon"},"properties":{"bbox":{"roads":{"area":7.01,"pct":1.48}},"city_same":1,"id":"hex:3557:24348"},"type":"Feature"},{"geometry":{"coordinates":[[[-122.61675,38.10508],[-122.61619,38.1043],[-122.61635,38.10409],[-122.61678,38.1041],[-122.61708,38.10508],[-122.61675,38.10508]]],"type":"Polygon"},"properties":{"bbox":{"roads":{"area":163.77,"pct":3.41}},"city_same":1,"id":"hex:3557:24349"},"type":"Feature"},{"geometry":{"coordinates":[[[-122.61618,38.10586],[-122.61675,38.10508],[-122.61708,38.10508],[-122.61725,38.10567],[-122.61647,38.10567],[-122.61647,38.10626],[-122.61647,38.10626],[-122.61618,38.10586]]],"type":"Polygon"},"properties":{"bbox":{"roads":{"area":142.93,"pct":3.12}},"city_same":1,"id":"hex:3557:24350"},"type":"Feature"},{"geometry":{"coordinates":[[[-122.61673,38.10977],[-122.61638,38.10928],[-122.61673,38.10902],[-122.61731,38.10977],[-122.61673,38.10977]]],"type":"Polygon"},"properties":{"bbox":{"roads":{"area":8.21,"pct":0.24}},"city_same":1,"id":"hex:3557:24352"},"type":"Feature"},{"geometry":{"coordinates":[[[-122.61844,38.11055],[-122.61786,38.11133],[-122.61672,38.11133],[-122.61615,38.11055],[-122.61673,38.10977],[-122.61731,38.10977],[-122.61779,38.11039],[-122.61822,38.11056],[-122.61843,38.11054],[-122.61844,38.11055]]],"type":"Polygon"},"properties":{"bbox":{"roads":{"area":1653.43,"pct":7.48}},"city_same":1,"id":"hex:3557:24353"},"type":"Feature"},{"geometry":{"coordinates":[[[-122.61615,38.11211],[-122.61671,38.11289],[-122.61785,38.11289],[-122.61843,38.11211],[-122.61786,38.11133],[-122.61672,38.11133],[-122.61615,38.11211]]],"type":"Polygon"},"properties":{"bbox":{"roads":{"area":2034.67,"pct":7.83}},"city_same":1,"id":"hex:3557:24354"},"type":"Feature"},{"geometry":{"coordinates":[[[-122.61611,38.11991],[-122.61667,38.12069],[-122.61781,38.1207],[-122.61839,38.11992],[-122.61782,38.11914],[-122.61668,38.11913],[-122.61611,38.11991]]],"type":"Polygon"},"properties":{"bbox":{"parking":{"area":1009.08,"pct":3.88},"roads":{"area":1483.57,"pct":5.71},"sidewalks":{"area":137.41,"pct":0.53}},"city":{"parking":{"area":1009.08,"pct":3.88},"roads":{"area":446.22,"pct":1.72},"sidewalks":{"area":137.41,"pct":0.53}},"id":"hex:3557:24359"},"type":"Feature"},{"geometry":{"coordinates":[[[-122.6161,38.12147],[-122.61666,38.12225],[-122.6178,38.12226],[-122.61838,38.12148],[-122.61781,38.1207],[-122.61667,38.12069],[-122.6161,38.12147]]],"type":"Polygon"},"properties":{"bbox":{"roads":{"area":1294.04,"pct":4.98},"sidewalks":{"area":117.16,"pct":0.45}},"city_same":1,"id":"hex:3557:24360"},"type":"Feature"},{"geometry":{"coordinates":[[[-122.6145,38.10039],[-122.61506,38.10118],[-122.6162,38.10118],[-122.61678,38.1004],[-122.61621,38.09962],[-122.61507,38.09961],[-122.6145,38.10039]]],"type":"Polygon"},"properties":{"bbox":{"roads":{"area":908.02,"pct":3.49}},"city_same":1,"id":"hex:3558:24347"},"type":"Feature"},{"geometry":{"coordinates":[[[-122.6162,38.10274],[-122.61505,38.10274],[-122.61449,38.10195],[-122.61506,38.10118],[-122.6162,38.10118],[-122.61661,38.10175],[-122.61663,38.10194],[-122.61668,38.10195],[-122.61671,38.10204],[-122.61661,38.10218],[-122.61623,38.10222],[-122.61632,38.10258],[-122.6162,38.10274]]],"type":"Polygon"},"properties":{"bbox":{"roads":{"area":1537.27,"pct":6.12}},"city_same":1,"id":"hex:3558:24348"},"type":"Feature"},{"geometry":{"coordinates":[[[-122.61619,38.1043],[-122.61505,38.1043],[-122.61448,38.10352],[-122.61505,38.10274],[-122.6162,38.10274],[-122.61644,38.10307],[-122.61653,38.10344],[-122.61548,38.10366],[-122.6154,38.10401],[-122.61609,38.10403],[-122.61616,38.10408],[-122.61635,38.10409],[-122.61619,38.1043]]],"type":"Polygon"},"properties":{"bbox":{"roads":{"area":1863.49,"pct":9.24}},"city_same":1,"id":"hex:3558:24349"},"type":"Feature"},{"geometry":{"coordinates":[[[-122.61447,38.10508],[-122.61504,38.10586],[-122.61618,38.10586],[-122.61675,38.10508],[-122.61619,38.1043],[-122.61505,38.1043],[-122.61447,38.10508]]],"type":"Polygon"},"properties":{"bbox":{"roads":{"area":3434.26,"pct":13.22}},"city_same":1,"id":"hex:3558:24350"},"type":"Feature"},{"geometry":{"coordinates":[[[-122.61503,38.10742],[-122.61446,38.10664],[-122.61504,38.10586],[-122.61618,38.10586],[-122.61647,38.10626],[-122.61613,38.10625],[-122.61586,38.10742],[-122.61586,38.10742],[-122.61503,38.10742]]],"type":"Polygon"},"properties":{"bbox":{"roads":{"area":1819.71,"pct":9.04}},"city_same":1,"id":"hex:3558:24351"},"type":"Feature"},{"geometry":{"coordinates":[[[-122.61502,38.10898],[-122.61446,38.1082],[-122.61503,38.10742],[-122.61586,38.10742],[-122.61599,38.10869],[-122.61607,38.10898],[-122.61502,38.10898]]],"type":"Polygon"},"properties":{"bbox":{"roads":{"area":958.04,"pct":5.23}},"city_same":1,"id":"hex:3558:24352"},"type":"Feature"},{"geometry":{"coordinates":[[[-122.61673,38.10977],[-122.61615,38.11055],[-122.61501,38.11054],[-122.61445,38.10976],[-122.61502,38.10898],[-122.61607,38.10898],[-122.61619,38.10941],[-122.61638,38.10928],[-122.61673,38.10977]]],"type":"Polygon"},"properties":{"bbox":{"roads":{"area":887.15,"pct":3.5}},"city_same":1,"id":"hex:3558:24353"},"type":"Feature"},{"geometry":{"coordinates":[[[-122.61444,38.11132],[-122.61501,38.1121],[-122.61615,38.11211],[-122.61672,38.11133],[-122.61615,38.11055],[-122.61501,38.11054],[-122.61444,38.11132]]],"type":"Polygon"},"properties":{"bbox":{"roads":{"area":1894.67,"pct":7.29}},"city_same":1,"id":"hex:3558:24354"},"type":"Feature"},{"geometry":{"coordinates":[[[-122.615,38.11366],[-122.61443,38.11288],[-122.61501,38.1121],[-122.61615,38.11211],[-122.61671,38.11289],[-122.61663,38.113],[-122.6163,38.11298],[-122.61632,38.11317],[-122.61582,38.11322],[-122.61588,38.11359],[-122.6157,38.11367],[-122.615,38.11366]]],"type":"Polygon"},"properties":{"bbox":{"roads":{"area":1678.1,"pct":7.2}},"city_same":1,"id":"hex:3558:24355"},"type":"Feature"},{"geometry":{"coordinates":[[[-122.615,38.11366],[-122.6157,38.11367],[-122.6151,38.11392],[-122.61468,38.1141],[-122.615,38.11366]]],"type":"Polygon"},"properties":{"bbox":{"roads":{"area":99.89,"pct":6.7}},"city_same":1,"id":"hex:3558:24356"},"type":"Feature"},{"geometry":{"coordinates":[[[-122.6144,38.11913],[-122.61496,38.11991],[-122.61611,38.11991],[-122.61668,38.11913],[-122.61611,38.11835],[-122.61497,38.11835],[-122.6144,38.11913]]],"type":"Polygon"},"properties":{"bbox":{"roads":{"area":242.84,"pct":0.93}},"city":{"roads":{"area":36.78,"pct":0.14}},"id":"hex:3558:24359"},"type":"Feature"},{"geometry":{"coordinates":[[[-122.61439,38.12069],[-122.61496,38.12147],[-122.6161,38.12147],[-122.61667,38.12069],[-122.61611,38.11991],[-122.61496,38.11991],[-122.61439,38.12069]]],"type":"Polygon"},"properties":{"bbox":{"roads":{"area":2569.25,"pct":9.89},"sidewalks":{"area":434.36,"pct":1.67}},"city":{"roads":{"area":1808.56,"pct":6.96},"sidewalks":{"area":434.36,"pct":1.67}},"id":"hex:3558:24360"},"type":"Feature"},{"geometry":{"coordinates":[[[-122.61455,38.09103],[-122.61341,38.09102],[-122.61284,38.09024],[-122.61292,38.09013],[-122.6131,38.09003],[-122.61509,38.09029],[-122.61455,38.09103]]],"type":"Polygon"},"properties":{"bbox":{"roads":{"area":614.11,"pct":4.12}},"city_same":1,"id":"hex:3559:24340"},"type":"Feature"},{"geometry":{"coordinates":[[[-122.61282,38.09336],[-122.61339,38.09415],[-122.61453,38.09415],[-122.6151,38.09337],[-122.61454,38.09259],[-122.6134,38.09258],[-122.61282,38.09336]]],"type":"Polygon"},"properties":{"bbox":{"roads":{"area":517.58,"pct":1.99}},"city_same":1,"id":"hex:3559:24342"},"type":"Feature"},{"geometry":{"coordinates":[[[-122.61282,38.09492],[-122.61338,38.09571],[-122.61452,38.09571],[-122.6151,38.09493],[-122.61453,38.09415],[-122.61339,38.09415],[-122.61282,38.09492]]],"type":"Polygon"},"properties":{"bbox":{"roads":{"area":202.95,"pct":0.78}},"city_same":1,"id":"hex:3559:24343"},"type":"Feature"},{"geometry":{"coordinates":[[[-122.61281,38.09648],[-122.61337,38.09727],[-122.61451,38.09727],[-122.61509,38.09649],[-122.61452,38.09571],[-122.61338,38.09571],[-122.61281,38.09648]]],"type":"Polygon"},"properties":{"bbox":{"roads":{"area":982.87,"pct":3.78}},"city_same":1,"id":"hex:3559:24344"},"type":"Feature"},{"geometry":{"coordinates":[[[-122.61279,38.09961],[-122.61336,38.10039],[-122.6145,38.10039],[-122.61507,38.09961],[-122.61451,38.09883],[-122.61336,38.09883],[-122.61279,38.09961]]],"type":"Polygon"},"properties":{"bbox":{"roads":{"area":964.62,"pct":3.71}},"city_same":1,"id":"hex:3559:24346"},"type":"Feature"},{"geometry":{"coordinates":[[[-122.61278,38.10117],[-122.61335,38.10195],[-122.61449,38.10195],[-122.61506,38.10118],[-122.6145,38.10039],[-122.61336,38.10039],[-122.61278,38.10117]]],"type":"Polygon"},"properties":{"bbox":{"roads":{"area":1299.17,"pct":5}},"city_same":1,"id":"hex:3559:24347"},"type":"Feature"},{"geometry":{"coordinates":[[[-122.61277,38.10273],[-122.61334,38.10351],[-122.61448,38.10352],[-122.61505,38.10274],[-122.61449,38.10195],[-122.61335,38.10195],[-122.61277,38.10273]]],"type":"Polygon"},"properties":{"bbox":{"roads":{"area":918.32,"pct":3.53}},"city_same":1,"id":"hex:3559:24348"},"type":"Feature"},{"geometry":{"coordinates":[[[-122.61277,38.10429],[-122.61333,38.10507],[-122.61447,38.10508],[-122.61505,38.1043],[-122.61448,38.10352],[-122.61334,38.10351],[-122.61277,38.10429]]],"type":"Polygon"},"properties":{"bbox":{"roads":{"area":1883.35,"pct":7.25}},"city_same":1,"id":"hex:3559:24349"},"type":"Feature"},{"geometry":{"coordinates":[[[-122.61276,38.10585],[-122.61332,38.10663],[-122.61446,38.10664],[-122.61504,38.10586],[-122.61447,38.10508],[-122.61333,38.10507],[-122.61276,38.10585]]],"type":"Polygon"},"properties":{"bbox":{"roads":{"area":1875.32,"pct":7.22}},"city_same":1,"id":"hex:3559:24350"},"type":"Feature"},{"geometry":{"coordinates":[[[-122.61275,38.10741],[-122.61332,38.10819],[-122.61446,38.1082],[-122.61503,38.10742],[-122.61446,38.10664],[-122.61332,38.10663],[-122.61275,38.10741]]],"type":"Polygon"},"properties":{"bbox":{"roads":{"area":2021.39,"pct":7.78}},"city_same":1,"id":"hex:3559:24351"},"type":"Feature"},{"geometry":{"coordinates":[[[-122.61274,38.10897],[-122.61331,38.10976],[-122.61445,38.10976],[-122.61502,38.10898],[-122.61446,38.1082],[-122.61332,38.10819],[-122.61274,38.10897]]],"type":"Polygon"},"properties":{"bbox":{"roads":{"area":1235.19,"pct":4.75}},"city_same":1,"id":"hex:3559:24352"},"type":"Feature"},{"geometry":{"coordinates":[[[-122.61273,38.11053],[-122.6133,38.11132],[-122.61444,38.11132],[-122.61501,38.11054],[-122.61445,38.10976],[-122.61331,38.10976],[-122.61273,38.11053]]],"type":"Polygon"},"properties":{"bbox":{"roads":{"area":1858.21,"pct":7.15}},"city_same":1,"id":"hex:3559:24353"},"type":"Feature"},{"geometry":{"coordinates":[[[-122.61272,38.1121],[-122.61329,38.11288],[-122.61443,38.11288],[-122.61501,38.1121],[-122.61444,38.11132],[-122.6133,38.11132],[-122.61272,38.1121]]],"type":"Polygon"},"properties":{"bbox":{"roads":{"area":1611.88,"pct":6.2}},"city_same":1,"id":"hex:3559:24354"},"type":"Feature"},{"geometry":{"coordinates":[[[-122.61328,38.11444],[-122.61272,38.11366],[-122.61329,38.11288],[-122.61443,38.11288],[-122.615,38.11366],[-122.61468,38.1141],[-122.61435,38.11424],[-122.61388,38.11444],[-122.61328,38.11444]]],"type":"Polygon"},"properties":{"bbox":{"roads":{"area":1888.72,"pct":7.53}},"city_same":1,"id":"hex:3559:24355"},"type":"Feature"},{"geometry":{"coordinates":[[[-122.6127,38.11678],[-122.61327,38.11756],[-122.61441,38.11756],[-122.61498,38.11679],[-122.61441,38.116],[-122.61327,38.116],[-122.6127,38.11678]]],"type":"Polygon"},"properties":{"bbox":{"roads":{"area":63.16,"pct":0.24}},"city_same":1,"id":"hex:3559:24357"},"type":"Feature"},{"geometry":{"coordinates":[[[-122.61268,38.1199],[-122.61325,38.12068],[-122.61439,38.12069],[-122.61496,38.11991],[-122.6144,38.11913],[-122.61326,38.11912],[-122.61268,38.1199]]],"type":"Polygon"},"properties":{"bbox":{"roads":{"area":1240.19,"pct":4.77},"sidewalks":{"area":383.58,"pct":1.48}},"city":{"roads":{"area":42.53,"pct":0.16},"sidewalks":{"area":383.58,"pct":1.48}},"id":"hex:3559:24359"},"type":"Feature"},{"geometry":{"coordinates":[[[-122.61267,38.12146],[-122.61324,38.12224],[-122.61438,38.12225],[-122.61496,38.12147],[-122.61439,38.12069],[-122.61325,38.12068],[-122.61267,38.12146]]],"type":"Polygon"},"properties":{"bbox":{"roads":{"area":1365.06,"pct":5.25},"sidewalks":{"area":303.57,"pct":1.17}},"city_same":1,"id":"hex:3559:24360"},"type":"Feature"},{"geometry":{"coordinates":[[[-122.61267,38.12302],[-122.61323,38.1238],[-122.61437,38.12381],[-122.61495,38.12303],[-122.61438,38.12225],[-122.61324,38.12224],[-122.61267,38.12302]]],"type":"Polygon"},"properties":{"bbox":{"roads":{"area":639.31,"pct":2.46},"sidewalks":{"area":71.7,"pct":0.28}},"city_same":1,"id":"hex:3559:24361"},"type":"Feature"},{"geometry":{"coordinates":[[[-122.61284,38.09024],[-122.61341,38.09102],[-122.61283,38.0918],[-122.61169,38.0918],[-122.61113,38.09102],[-122.61143,38.0906],[-122.61178,38.09058],[-122.61258,38.09031],[-122.61271,38.09024],[-122.61284,38.09024]]],"type":"Polygon"},"properties":{"bbox":{"roads":{"area":61.12,"pct":0.26}},"city_same":1,"id":"hex:3560:24341"},"type":"Feature"},{"geometry":{"coordinates":[[[-122.61112,38.09258],[-122.61168,38.09336],[-122.61282,38.09336],[-122.6134,38.09258],[-122.61283,38.0918],[-122.61169,38.0918],[-122.61112,38.09258]]],"type":"Polygon"},"properties":{"bbox":{"roads":{"area":1413.1,"pct":5.44}},"city_same":1,"id":"hex:3560:24342"},"type":"Feature"},{"geometry":{"coordinates":[[[-122.61111,38.09414],[-122.61167,38.09492],[-122.61282,38.09492],[-122.61339,38.09415],[-122.61282,38.09336],[-122.61168,38.09336],[-122.61111,38.09414]]],"type":"Polygon"},"properties":{"bbox":{"roads":{"area":904.78,"pct":3.48}},"city_same":1,"id":"hex:3560:24343"},"type":"Feature"},{"geometry":{"coordinates":[[[-122.6111,38.0957],[-122.61167,38.09648],[-122.61281,38.09648],[-122.61338,38.09571],[-122.61282,38.09492],[-122.61167,38.09492],[-122.6111,38.0957]]],"type":"Polygon"},"properties":{"bbox":{"roads":{"area":764.09,"pct":2.94}},"city_same":1,"id":"hex:3560:24344"},"type":"Feature"},{"geometry":{"coordinates":[[[-122.61109,38.09726],[-122.61166,38.09804],[-122.6128,38.09805],[-122.61337,38.09727],[-122.61281,38.09648],[-122.61167,38.09648],[-122.61109,38.09726]]],"type":"Polygon"},"properties":{"bbox":{"roads":{"area":1858.72,"pct":7.15}},"city_same":1,"id":"hex:3560:24345"},"type":"Feature"},{"geometry":{"coordinates":[[[-122.61108,38.09882],[-122.61165,38.0996],[-122.61279,38.09961],[-122.61336,38.09883],[-122.6128,38.09805],[-122.61166,38.09804],[-122.61108,38.09882]]],"type":"Polygon"},"properties":{"bbox":{"roads":{"area":1553.04,"pct":5.98}},"city_same":1,"id":"hex:3560:24346"},"type":"Feature"},{"geometry":{"coordinates":[[[-122.61108,38.10038],[-122.61164,38.10116],[-122.61278,38.10117],[-122.61336,38.10039],[-122.61279,38.09961],[-122.61165,38.0996],[-122.61108,38.10038]]],"type":"Polygon"},"properties":{"bbox":{"roads":{"area":1098.56,"pct":4.23}},"city_same":1,"id":"hex:3560:24347"},"type":"Feature"},{"geometry":{"coordinates":[[[-122.61107,38.10194],[-122.61163,38.10273],[-122.61277,38.10273],[-122.61335,38.10195],[-122.61278,38.10117],[-122.61164,38.10116],[-122.61107,38.10194]]],"type":"Polygon"},"properties":{"bbox":{"roads":{"area":1922.36,"pct":7.4}},"city_same":1,"id":"hex:3560:24348"},"type":"Feature"},{"geometry":{"coordinates":[[[-122.61106,38.1035],[-122.61163,38.10429],[-122.61277,38.10429],[-122.61334,38.10351],[-122.61277,38.10273],[-122.61163,38.10273],[-122.61106,38.1035]]],"type":"Polygon"},"properties":{"bbox":{"roads":{"area":545.53,"pct":2.1}},"city_same":1,"id":"hex:3560:24349"},"type":"Feature"},{"geometry":{"coordinates":[[[-122.61105,38.10506],[-122.61162,38.10585],[-122.61276,38.10585],[-122.61333,38.10507],[-122.61277,38.10429],[-122.61163,38.10429],[-122.61105,38.10506]]],"type":"Polygon"},"properties":{"bbox":{"roads":{"area":2118.29,"pct":8.15}},"city_same":1,"id":"hex:3560:24350"},"type":"Feature"},{"geometry":{"coordinates":[[[-122.61104,38.10663],[-122.61161,38.10741],[-122.61275,38.10741],[-122.61332,38.10663],[-122.61276,38.10585],[-122.61162,38.10585],[-122.61104,38.10663]]],"type":"Polygon"},"properties":{"bbox":{"roads":{"area":1059.03,"pct":4.08}},"city_same":1,"id":"hex:3560:24351"},"type":"Feature"},{"geometry":{"coordinates":[[[-122.61103,38.10819],[-122.6116,38.10897],[-122.61274,38.10897],[-122.61332,38.10819],[-122.61275,38.10741],[-122.61161,38.10741],[-122.61103,38.10819]]],"type":"Polygon"},"properties":{"bbox":{"roads":{"area":1353.17,"pct":5.21}},"city_same":1,"id":"hex:3560:24352"},"type":"Feature"},{"geometry":{"coordinates":[[[-122.61103,38.10975],[-122.61159,38.11053],[-122.61273,38.11053],[-122.61331,38.10976],[-122.61274,38.10897],[-122.6116,38.10897],[-122.61103,38.10975]]],"type":"Polygon"},"properties":{"bbox":{"roads":{"area":2484.55,"pct":9.56}},"city_same":1,"id":"hex:3560:24353"},"type":"Feature"},{"geometry":{"coordinates":[[[-122.61102,38.11131],[-122.61158,38.11209],[-122.61272,38.1121],[-122.6133,38.11132],[-122.61273,38.11053],[-122.61159,38.11053],[-122.61102,38.11131]]],"type":"Polygon"},"properties":{"bbox":{"roads":{"area":2620.15,"pct":10.08}},"city_same":1,"id":"hex:3560:24354"},"type":"Feature"},{"geometry":{"coordinates":[[[-122.61101,38.11287],[-122.61158,38.11365],[-122.61272,38.11366],[-122.61329,38.11288],[-122.61272,38.1121],[-122.61158,38.11209],[-122.61101,38.11287]]],"type":"Polygon"},"properties":{"bbox":{"roads":{"area":2031.76,"pct":7.82}},"city_same":1,"id":"hex:3560:24355"},"type":"Feature"},{"geometry":{"coordinates":[[[-122.611,38.11443],[-122.61157,38.11521],[-122.61271,38.11522],[-122.61328,38.11444],[-122.61272,38.11366],[-122.61158,38.11365],[-122.611,38.11443]]],"type":"Polygon"},"properties":{"bbox":{"roads":{"area":295.93,"pct":1.14}},"city_same":1,"id":"hex:3560:24356"},"type":"Feature"},{"geometry":{"coordinates":[[[-122.61099,38.11599],[-122.61156,38.11677],[-122.6127,38.11678],[-122.61327,38.116],[-122.61271,38.11522],[-122.61157,38.11521],[-122.61099,38.11599]]],"type":"Polygon"},"properties":{"bbox":{"roads":{"area":340.59,"pct":1.31}},"city_same":1,"id":"hex:3560:24357"},"type":"Feature"},{"geometry":{"coordinates":[[[-122.61098,38.11755],[-122.61155,38.11834],[-122.61269,38.11834],[-122.61327,38.11756],[-122.6127,38.11678],[-122.61156,38.11677],[-122.61098,38.11755]]],"type":"Polygon"},"properties":{"bbox":{"roads":{"area":875.65,"pct":3.37}},"city_same":1,"id":"hex:3560:24358"},"type":"Feature"},{"geometry":{"coordinates":[[[-122.61098,38.11911],[-122.61154,38.1199],[-122.61268,38.1199],[-122.61326,38.11912],[-122.61269,38.11834],[-122.61155,38.11834],[-122.61098,38.11911]]],"type":"Polygon"},"properties":{"bbox":{"roads":{"area":1891.85,"pct":7.28},"sidewalks":{"area":264.06,"pct":1.02}},"city":{"roads":{"area":612.96,"pct":2.36},"sidewalks":{"area":264.06,"pct":1.02}},"id":"hex:3560:24359"},"type":"Feature"},{"geometry":{"coordinates":[[[-122.61097,38.12068],[-122.61153,38.12146],[-122.61267,38.12146],[-122.61325,38.12068],[-122.61268,38.1199],[-122.61154,38.1199],[-122.61097,38.12068]]],"type":"Polygon"},"properties":{"bbox":{"roads":{"area":412.28,"pct":1.59}},"city_same":1,"id":"hex:3560:24360"},"type":"Feature"},{"geometry":{"coordinates":[[[-122.61096,38.12224],[-122.61153,38.12302],[-122.61267,38.12302],[-122.61324,38.12224],[-122.61267,38.12146],[-122.61153,38.12146],[-122.61096,38.12224]]],"type":"Polygon"},"properties":{"bbox":{"roads":{"area":936.15,"pct":3.6}},"city_same":1,"id":"hex:3560:24361"},"type":"Feature"},{"geometry":{"coordinates":[[[-122.61095,38.1238],[-122.61152,38.12458],[-122.61266,38.12458],[-122.61323,38.1238],[-122.61267,38.12302],[-122.61153,38.12302],[-122.61095,38.1238]]],"type":"Polygon"},"properties":{"bbox":{"roads":{"area":43.62,"pct":0.17}},"city_same":1,"id":"hex:3560:24362"},"type":"Feature"},{"geometry":{"coordinates":[[[-122.60998,38.09257],[-122.61112,38.09258],[-122.61168,38.09336],[-122.61111,38.09414],[-122.60997,38.09413],[-122.6094,38.09335],[-122.60946,38.09327],[-122.60949,38.09328],[-122.60983,38.09283],[-122.6098,38.09282],[-122.60998,38.09257]]],"type":"Polygon"},"properties":{"bbox":{"roads":{"area":1624.45,"pct":6.29}},"city_same":1,"id":"hex:3561:24342"},"type":"Feature"},{"geometry":{"coordinates":[[[-122.60939,38.09491],[-122.60996,38.09569],[-122.6111,38.0957],[-122.61167,38.09492],[-122.61111,38.09414],[-122.60997,38.09413],[-122.60939,38.09491]]],"type":"Polygon"},"properties":{"bbox":{"roads":{"area":1373.07,"pct":5.28}},"city_same":1,"id":"hex:3561:24343"},"type":"Feature"},{"geometry":{"coordinates":[[[-122.60939,38.09647],[-122.60995,38.09726],[-122.61109,38.09726],[-122.61167,38.09648],[-122.6111,38.0957],[-122.60996,38.09569],[-122.60939,38.09647]]],"type":"Polygon"},"properties":{"bbox":{"roads":{"area":956.1,"pct":3.68}},"city_same":1,"id":"hex:3561:24344"},"type":"Feature"},{"geometry":{"coordinates":[[[-122.60938,38.09803],[-122.60994,38.09882],[-122.61108,38.09882],[-122.61166,38.09804],[-122.61109,38.09726],[-122.60995,38.09726],[-122.60938,38.09803]]],"type":"Polygon"},"properties":{"bbox":{"roads":{"area":874.54,"pct":3.37}},"city_same":1,"id":"hex:3561:24345"},"type":"Feature"},{"geometry":{"coordinates":[[[-122.60937,38.0996],[-122.60993,38.10038],[-122.61108,38.10038],[-122.61165,38.0996],[-122.61108,38.09882],[-122.60994,38.09882],[-122.60937,38.0996]]],"type":"Polygon"},"properties":{"bbox":{"roads":{"area":1553.54,"pct":5.98}},"city_same":1,"id":"hex:3561:24346"},"type":"Feature"},{"geometry":{"coordinates":[[[-122.60936,38.10116],[-122.60993,38.10194],[-122.61107,38.10194],[-122.61164,38.10116],[-122.61108,38.10038],[-122.60993,38.10038],[-122.60936,38.10116]]],"type":"Polygon"},"properties":{"bbox":{"roads":{"area":1440.07,"pct":5.54}},"city_same":1,"id":"hex:3561:24347"},"type":"Feature"},{"geometry":{"coordinates":[[[-122.60935,38.10272],[-122.60992,38.1035],[-122.61106,38.1035],[-122.61163,38.10273],[-122.61107,38.10194],[-122.60993,38.10194],[-122.60935,38.10272]]],"type":"Polygon"},"properties":{"bbox":{"roads":{"area":905.53,"pct":3.49}},"city_same":1,"id":"hex:3561:24348"},"type":"Feature"},{"geometry":{"coordinates":[[[-122.60934,38.10428],[-122.60991,38.10506],[-122.61105,38.10506],[-122.61163,38.10429],[-122.61106,38.1035],[-122.60992,38.1035],[-122.60934,38.10428]]],"type":"Polygon"},"properties":{"bbox":{"roads":{"area":1900.41,"pct":7.31}},"city_same":1,"id":"hex:3561:24349"},"type":"Feature"},{"geometry":{"coordinates":[[[-122.60934,38.10584],[-122.6099,38.10662],[-122.61104,38.10663],[-122.61162,38.10585],[-122.61105,38.10506],[-122.60991,38.10506],[-122.60934,38.10584]]],"type":"Polygon"},"properties":{"bbox":{"roads":{"area":1301.44,"pct":5.01}},"city_same":1,"id":"hex:3561:24350"},"type":"Feature"},{"geometry":{"coordinates":[[[-122.60933,38.1074],[-122.60989,38.10818],[-122.61103,38.10819],[-122.61161,38.10741],[-122.61104,38.10663],[-122.6099,38.10662],[-122.60933,38.1074]]],"type":"Polygon"},"properties":{"bbox":{"roads":{"area":230.61,"pct":0.89}},"city_same":1,"id":"hex:3561:24351"},"type":"Feature"},{"geometry":{"coordinates":[[[-122.60932,38.10896],[-122.60989,38.10974],[-122.61103,38.10975],[-122.6116,38.10897],[-122.61103,38.10819],[-122.60989,38.10818],[-122.60932,38.10896]]],"type":"Polygon"},"properties":{"bbox":{"roads":{"area":1974.2,"pct":7.6}},"city_same":1,"id":"hex:3561:24352"},"type":"Feature"},{"geometry":{"coordinates":[[[-122.60931,38.11052],[-122.60988,38.11131],[-122.61102,38.11131],[-122.61159,38.11053],[-122.61103,38.10975],[-122.60989,38.10974],[-122.60931,38.11052]]],"type":"Polygon"},"properties":{"bbox":{"roads":{"area":1417.52,"pct":5.46}},"city_same":1,"id":"hex:3561:24353"},"type":"Feature"},{"geometry":{"coordinates":[[[-122.6093,38.11208],[-122.60987,38.11287],[-122.61101,38.11287],[-122.61158,38.11209],[-122.61102,38.11131],[-122.60988,38.11131],[-122.6093,38.11208]]],"type":"Polygon"},"properties":{"bbox":{"roads":{"area":1873.47,"pct":7.21}},"city_same":1,"id":"hex:3561:24354"},"type":"Feature"},{"geometry":{"coordinates":[[[-122.60929,38.11364],[-122.60986,38.11443],[-122.611,38.11443],[-122.61158,38.11365],[-122.61101,38.11287],[-122.60987,38.11287],[-122.60929,38.11364]]],"type":"Polygon"},"properties":{"bbox":{"roads":{"area":2467.66,"pct":9.5}},"city_same":1,"id":"hex:3561:24355"},"type":"Feature"},{"geometry":{"coordinates":[[[-122.60929,38.11521],[-122.60985,38.11599],[-122.61099,38.11599],[-122.61157,38.11521],[-122.611,38.11443],[-122.60986,38.11443],[-122.60929,38.11521]]],"type":"Polygon"},"properties":{"bbox":{"roads":{"area":2291.35,"pct":8.82}},"city_same":1,"id":"hex:3561:24356"},"type":"Feature"},{"geometry":{"coordinates":[[[-122.60928,38.11677],[-122.60984,38.11755],[-122.61098,38.11755],[-122.61156,38.11677],[-122.61099,38.11599],[-122.60985,38.11599],[-122.60928,38.11677]]],"type":"Polygon"},"properties":{"bbox":{"roads":{"area":1773.56,"pct":6.83}},"city_same":1,"id":"hex:3561:24357"},"type":"Feature"},{"geometry":{"coordinates":[[[-122.60927,38.11833],[-122.60984,38.11911],[-122.61098,38.11911],[-122.61155,38.11834],[-122.61098,38.11755],[-122.60984,38.11755],[-122.60927,38.11833]]],"type":"Polygon"},"properties":{"bbox":{"parking":{"area":2604.32,"pct":10.02},"roads":{"area":3391.71,"pct":13.05},"sidewalks":{"area":317.69,"pct":1.22}},"city":{"parking":{"area":2604.32,"pct":10.02},"roads":{"area":1366.62,"pct":5.26},"sidewalks":{"area":317.69,"pct":1.22}},"id":"hex:3561:24358"},"type":"Feature"},{"geometry":{"coordinates":[[[-122.60926,38.11989],[-122.60983,38.12067],[-122.61097,38.12068],[-122.61154,38.1199],[-122.61098,38.11911],[-122.60984,38.11911],[-122.60926,38.11989]]],"type":"Polygon"},"properties":{"bbox":{"parking":{"area":723.63,"pct":2.79},"roads":{"area":242.01,"pct":0.93}},"city_same":1,"id":"hex:3561:24359"},"type":"Feature"},{"geometry":{"coordinates":[[[-122.60924,38.12301],[-122.60981,38.12379],[-122.61095,38.1238],[-122.61153,38.12302],[-122.61096,38.12224],[-122.60982,38.12223],[-122.60924,38.12301]]],"type":"Polygon"},"properties":{"bbox":{"roads":{"area":1252.46,"pct":4.82}},"city_same":1,"id":"hex:3561:24361"},"type":"Feature"},{"geometry":{"coordinates":[[[-122.6094,38.09335],[-122.60997,38.09413],[-122.60939,38.09491],[-122.60825,38.09491],[-122.60823,38.09488],[-122.60833,38.09474],[-122.60859,38.09448],[-122.60938,38.09335],[-122.6094,38.09335]]],"type":"Polygon"},"properties":{"bbox":{"roads":{"area":922.07,"pct":7.04}},"city_same":1,"id":"hex:3562:24343"},"type":"Feature"},{"geometry":{"coordinates":[[[-122.60768,38.09569],[-122.60825,38.09647],[-122.60939,38.09647],[-122.60996,38.09569],[-122.60939,38.09491],[-122.60825,38.09491],[-122.60768,38.09569]]],"type":"Polygon"},"properties":{"bbox":{"roads":{"area":1151.5,"pct":4.43}},"city_same":1,"id":"hex:3562:24344"},"type":"Feature"},{"geometry":{"coordinates":[[[-122.60767,38.09725],[-122.60824,38.09803],[-122.60938,38.09803],[-122.60995,38.09726],[-122.60939,38.09647],[-122.60825,38.09647],[-122.60767,38.09725]]],"type":"Polygon"},"properties":{"bbox":{"roads":{"area":1047.18,"pct":4.03}},"city_same":1,"id":"hex:3562:24345"},"type":"Feature"},{"geometry":{"coordinates":[[[-122.60824,38.09803],[-122.60938,38.09803],[-122.60994,38.09882],[-122.60937,38.0996],[-122.60823,38.09959],[-122.60788,38.09911],[-122.60833,38.09848],[-122.60801,38.09834],[-122.60824,38.09803]]],"type":"Polygon"},"properties":{"bbox":{"roads":{"area":1060.21,"pct":4.48}},"city_same":1,"id":"hex:3562:24346"},"type":"Feature"},{"geometry":{"coordinates":[[[-122.60765,38.10037],[-122.60822,38.10115],[-122.60936,38.10116],[-122.60993,38.10038],[-122.60937,38.0996],[-122.60823,38.09959],[-122.60765,38.10037]]],"type":"Polygon"},"properties":{"bbox":{"roads":{"area":585.64,"pct":2.25}},"city_same":1,"id":"hex:3562:24347"},"type":"Feature"},{"geometry":{"coordinates":[[[-122.60765,38.10193],[-122.60821,38.10271],[-122.60935,38.10272],[-122.60993,38.10194],[-122.60936,38.10116],[-122.60822,38.10115],[-122.60765,38.10193]]],"type":"Polygon"},"properties":{"bbox":{"roads":{"area":1799.17,"pct":6.93}},"city_same":1,"id":"hex:3562:24348"},"type":"Feature"},{"geometry":{"coordinates":[[[-122.60764,38.10349],[-122.6082,38.10427],[-122.60934,38.10428],[-122.60992,38.1035],[-122.60935,38.10272],[-122.60821,38.10271],[-122.60764,38.10349]]],"type":"Polygon"},"properties":{"bbox":{"roads":{"area":1572.21,"pct":6.05}},"city_same":1,"id":"hex:3562:24349"},"type":"Feature"},{"geometry":{"coordinates":[[[-122.60763,38.10505],[-122.6082,38.10584],[-122.60934,38.10584],[-122.60991,38.10506],[-122.60934,38.10428],[-122.6082,38.10427],[-122.60763,38.10505]]],"type":"Polygon"},"properties":{"bbox":{"roads":{"area":2378.45,"pct":9.15}},"city_same":1,"id":"hex:3562:24350"},"type":"Feature"},{"geometry":{"coordinates":[[[-122.60762,38.10661],[-122.60819,38.1074],[-122.60933,38.1074],[-122.6099,38.10662],[-122.60934,38.10584],[-122.6082,38.10584],[-122.60762,38.10661]]],"type":"Polygon"},"properties":{"bbox":{"roads":{"area":1331.11,"pct":5.12}},"city_same":1,"id":"hex:3562:24351"},"type":"Feature"},{"geometry":{"coordinates":[[[-122.60761,38.10818],[-122.60818,38.10896],[-122.60932,38.10896],[-122.60989,38.10818],[-122.60933,38.1074],[-122.60819,38.1074],[-122.60761,38.10818]]],"type":"Polygon"},"properties":{"bbox":{"roads":{"area":1733.16,"pct":6.67}},"city_same":1,"id":"hex:3562:24352"},"type":"Feature"},{"geometry":{"coordinates":[[[-122.6076,38.10974],[-122.60817,38.11052],[-122.60931,38.11052],[-122.60989,38.10974],[-122.60932,38.10896],[-122.60818,38.10896],[-122.6076,38.10974]]],"type":"Polygon"},"properties":{"bbox":{"roads":{"area":1440.36,"pct":5.54}},"city_same":1,"id":"hex:3562:24353"},"type":"Feature"},{"geometry":{"coordinates":[[[-122.6076,38.1113],[-122.60816,38.11208],[-122.6093,38.11208],[-122.60988,38.11131],[-122.60931,38.11052],[-122.60817,38.11052],[-122.6076,38.1113]]],"type":"Polygon"},"properties":{"bbox":{"roads":{"area":1704.7,"pct":6.56}},"city_same":1,"id":"hex:3562:24354"},"type":"Feature"},{"geometry":{"coordinates":[[[-122.60759,38.11286],[-122.60815,38.11364],[-122.60929,38.11364],[-122.60987,38.11287],[-122.6093,38.11208],[-122.60816,38.11208],[-122.60759,38.11286]]],"type":"Polygon"},"properties":{"bbox":{"roads":{"area":1325.46,"pct":5.1}},"city_same":1,"id":"hex:3562:24355"},"type":"Feature"},{"geometry":{"coordinates":[[[-122.60758,38.11442],[-122.60814,38.1152],[-122.60929,38.11521],[-122.60986,38.11443],[-122.60929,38.11364],[-122.60815,38.11364],[-122.60758,38.11442]]],"type":"Polygon"},"properties":{"bbox":{"roads":{"area":547.94,"pct":2.11}},"city_same":1,"id":"hex:3562:24356"},"type":"Feature"},{"geometry":{"coordinates":[[[-122.60757,38.11598],[-122.60814,38.11676],[-122.60928,38.11677],[-122.60985,38.11599],[-122.60929,38.11521],[-122.60814,38.1152],[-122.60757,38.11598]]],"type":"Polygon"},"properties":{"bbox":{"roads":{"area":2.49,"pct":0.01}},"city_same":1,"id":"hex:3562:24357"},"type":"Feature"},{"geometry":{"coordinates":[[[-122.60756,38.11754],[-122.60813,38.11832],[-122.60927,38.11833],[-122.60984,38.11755],[-122.60928,38.11677],[-122.60814,38.11676],[-122.60756,38.11754]]],"type":"Polygon"},"properties":{"bbox":{"parking":{"area":357.86,"pct":1.38},"roads":{"area":2102.78,"pct":8.09}},"city":{"parking":{"area":357.86,"pct":1.38},"roads":{"area":723.2,"pct":2.78}},"id":"hex:3562:24358"},"type":"Feature"},{"geometry":{"coordinates":[[[-122.60755,38.1191],[-122.60812,38.11989],[-122.60926,38.11989],[-122.60984,38.11911],[-122.60927,38.11833],[-122.60813,38.11832],[-122.60755,38.1191]]],"type":"Polygon"},"properties":{"bbox":{"parking":{"area":602.07,"pct":2.32},"roads":{"area":4082.35,"pct":15.71},"sidewalks":{"area":402.76,"pct":1.55}},"city":{"parking":{"area":602.07,"pct":2.32},"roads":{"area":1467.19,"pct":5.65},"sidewalks":{"area":402.76,"pct":1.55}},"id":"hex:3562:24359"},"type":"Feature"},{"geometry":{"coordinates":[[[-122.60755,38.12066],[-122.60811,38.12145],[-122.60925,38.12145],[-122.60983,38.12067],[-122.60926,38.11989],[-122.60812,38.11989],[-122.60755,38.12066]]],"type":"Polygon"},"properties":{"bbox":{"parking":{"area":2734.37,"pct":10.52},"roads":{"area":2873.17,"pct":11.06},"sidewalks":{"area":409.22,"pct":1.58}},"city":{"parking":{"area":2734.37,"pct":10.52},"roads":{"area":687.67,"pct":2.65},"sidewalks":{"area":409.22,"pct":1.58}},"id":"hex:3562:24360"},"type":"Feature"},{"geometry":{"coordinates":[[[-122.60754,38.12222],[-122.6081,38.12301],[-122.60924,38.12301],[-122.60982,38.12223],[-122.60925,38.12145],[-122.60811,38.12145],[-122.60754,38.12222]]],"type":"Polygon"},"properties":{"bbox":{"roads":{"area":1659.47,"pct":6.39},"sidewalks":{"area":19.57,"pct":0.08}},"city_same":1,"id":"hex:3562:24361"},"type":"Feature"},{"geometry":{"coordinates":[[[-122.60753,38.12379],[-122.60809,38.12457],[-122.60924,38.12457],[-122.60981,38.12379],[-122.60924,38.12301],[-122.6081,38.12301],[-122.60753,38.12379]]],"type":"Polygon"},"properties":{"bbox":{"roads":{"area":229.61,"pct":0.88}},"city_same":1,"id":"hex:3562:24362"},"type":"Feature"},{"geometry":{"coordinates":[[[[-122.60651,38.10037],[-122.60651,38.10036],[-122.60652,38.10037],[-122.60651,38.10037]]],[[[-122.60823,38.09959],[-122.60765,38.10037],[-122.60698,38.10037],[-122.60788,38.09911],[-122.60823,38.09959]]]],"type":"MultiPolygon"},"properties":{"bbox":{"roads":{"area":56.98,"pct":0.84}},"city_same":1,"id":"hex:3563:24346"},"type":"Feature"},{"geometry":{"coordinates":[[[-122.60765,38.10037],[-122.60822,38.10115],[-122.60765,38.10193],[-122.60651,38.10193],[-122.60594,38.10115],[-122.60651,38.10037],[-122.60652,38.10037],[-122.60687,38.10052],[-122.60698,38.10037],[-122.60765,38.10037]]],"type":"Polygon"},"properties":{"bbox":{"roads":{"area":2172.58,"pct":8.47}},"city_same":1,"id":"hex:3563:24347"},"type":"Feature"},{"geometry":{"coordinates":[[[-122.60593,38.10271],[-122.6065,38.10349],[-122.60764,38.10349],[-122.60821,38.10271],[-122.60765,38.10193],[-122.60651,38.10193],[-122.60593,38.10271]]],"type":"Polygon"},"properties":{"bbox":{"roads":{"area":1257.55,"pct":4.84}},"city_same":1,"id":"hex:3563:24348"},"type":"Feature"},{"geometry":{"coordinates":[[[-122.60592,38.10427],[-122.60649,38.10505],[-122.60763,38.10505],[-122.6082,38.10427],[-122.60764,38.10349],[-122.6065,38.10349],[-122.60592,38.10427]]],"type":"Polygon"},"properties":{"bbox":{"roads":{"area":1989.47,"pct":7.66}},"city_same":1,"id":"hex:3563:24349"},"type":"Feature"},{"geometry":{"coordinates":[[[-122.60591,38.10583],[-122.60648,38.10661],[-122.60762,38.10661],[-122.6082,38.10584],[-122.60763,38.10505],[-122.60649,38.10505],[-122.60591,38.10583]]],"type":"Polygon"},"properties":{"bbox":{"roads":{"area":2011.98,"pct":7.74}},"city_same":1,"id":"hex:3563:24350"},"type":"Feature"},{"geometry":{"coordinates":[[[-122.60591,38.10739],[-122.60647,38.10817],[-122.60761,38.10818],[-122.60819,38.1074],[-122.60762,38.10661],[-122.60648,38.10661],[-122.60591,38.10739]]],"type":"Polygon"},"properties":{"bbox":{"roads":{"area":1757.08,"pct":6.76}},"city_same":1,"id":"hex:3563:24351"},"type":"Feature"},{"geometry":{"coordinates":[[[-122.6059,38.10895],[-122.60646,38.10973],[-122.6076,38.10974],[-122.60818,38.10896],[-122.60761,38.10818],[-122.60647,38.10817],[-122.6059,38.10895]]],"type":"Polygon"},"properties":{"bbox":{"roads":{"area":699.59,"pct":2.69}},"city_same":1,"id":"hex:3563:24352"},"type":"Feature"},{"geometry":{"coordinates":[[[-122.60589,38.11051],[-122.60645,38.11129],[-122.6076,38.1113],[-122.60817,38.11052],[-122.6076,38.10974],[-122.60646,38.10973],[-122.60589,38.11051]]],"type":"Polygon"},"properties":{"bbox":{"roads":{"area":2285.83,"pct":8.8}},"city_same":1,"id":"hex:3563:24353"},"type":"Feature"},{"geometry":{"coordinates":[[[-122.60588,38.11207],[-122.60645,38.11285],[-122.60759,38.11286],[-122.60816,38.11208],[-122.6076,38.1113],[-122.60645,38.11129],[-122.60588,38.11207]]],"type":"Polygon"},"properties":{"bbox":{"roads":{"area":727.01,"pct":2.8}},"city_same":1,"id":"hex:3563:24354"},"type":"Feature"},{"geometry":{"coordinates":[[[-122.60587,38.11363],[-122.60644,38.11442],[-122.60758,38.11442],[-122.60815,38.11364],[-122.60759,38.11286],[-122.60645,38.11285],[-122.60587,38.11363]]],"type":"Polygon"},"properties":{"bbox":{"roads":{"area":1680.87,"pct":6.47}},"city_same":1,"id":"hex:3563:24355"},"type":"Feature"},{"geometry":{"coordinates":[[[-122.60586,38.11519],[-122.60643,38.11598],[-122.60757,38.11598],[-122.60814,38.1152],[-122.60758,38.11442],[-122.60644,38.11442],[-122.60586,38.11519]]],"type":"Polygon"},"properties":{"bbox":{"roads":{"area":857.95,"pct":3.3}},"city_same":1,"id":"hex:3563:24356"},"type":"Feature"},{"geometry":{"coordinates":[[[-122.60586,38.11676],[-122.60642,38.11754],[-122.60756,38.11754],[-122.60814,38.11676],[-122.60757,38.11598],[-122.60643,38.11598],[-122.60586,38.11676]]],"type":"Polygon"},"properties":{"bbox":{"roads":{"area":1980.66,"pct":7.62}},"city":{"roads":{"area":603.37,"pct":2.32}},"id":"hex:3563:24357"},"type":"Feature"},{"geometry":{"coordinates":[[[-122.60585,38.11832],[-122.60641,38.1191],[-122.60755,38.1191],[-122.60813,38.11832],[-122.60756,38.11754],[-122.60642,38.11754],[-122.60585,38.11832]]],"type":"Polygon"},"properties":{"bbox":{"parking":{"area":84.1,"pct":0.32},"roads":{"area":1794.29,"pct":6.91}},"city_same":1,"id":"hex:3563:24358"},"type":"Feature"},{"geometry":{"coordinates":[[[-122.60584,38.11988],[-122.6064,38.12066],[-122.60755,38.12066],[-122.60812,38.11989],[-122.60755,38.1191],[-122.60641,38.1191],[-122.60584,38.11988]]],"type":"Polygon"},"properties":{"bbox":{"roads":{"area":1249.63,"pct":4.81}},"city_same":1,"id":"hex:3563:24359"},"type":"Feature"},{"geometry":{"coordinates":[[[-122.60583,38.12144],[-122.6064,38.12222],[-122.60754,38.12222],[-122.60811,38.12145],[-122.60755,38.12066],[-122.6064,38.12066],[-122.60583,38.12144]]],"type":"Polygon"},"properties":{"bbox":{"roads":{"area":4699.92,"pct":18.09},"sidewalks":{"area":628.53,"pct":2.42}},"city":{"roads":{"area":1926.07,"pct":7.41},"sidewalks":{"area":628.53,"pct":2.42}},"id":"hex:3563:24360"},"type":"Feature"},{"geometry":{"coordinates":[[[-122.60582,38.123],[-122.60639,38.12378],[-122.60753,38.12379],[-122.6081,38.12301],[-122.60754,38.12222],[-122.6064,38.12222],[-122.60582,38.123]]],"type":"Polygon"},"properties":{"bbox":{"roads":{"area":3678.45,"pct":14.16},"sidewalks":{"area":183.58,"pct":0.71}},"city_same":1,"id":"hex:3563:24361"},"type":"Feature"},{"geometry":{"coordinates":[[[-122.60581,38.12456],[-122.60638,38.12534],[-122.60752,38.12535],[-122.60809,38.12457],[-122.60753,38.12379],[-122.60639,38.12378],[-122.60581,38.12456]]],"type":"Polygon"},"properties":{"bbox":{"roads":{"area":44.59,"pct":0.17}},"city_same":1,"id":"hex:3563:24362"},"type":"Feature"},{"geometry":{"coordinates":[[[-122.60651,38.10037],[-122.60594,38.10115],[-122.6051,38.10114],[-122.60587,38.10007],[-122.60651,38.10036],[-122.60651,38.10037]]],"type":"Polygon"},"properties":{"bbox":{"roads":{"area":196.42,"pct":2.56}},"city_same":1,"id":"hex:3564:24347"},"type":"Feature"},{"geometry":{"coordinates":[[[-122.60594,38.10115],[-122.60651,38.10193],[-122.60593,38.10271],[-122.60523,38.1027],[-122.60602,38.10161],[-122.60507,38.10118],[-122.6051,38.10114],[-122.60594,38.10115]]],"type":"Polygon"},"properties":{"bbox":{"roads":{"area":1344.27,"pct":14.03}},"city_same":1,"id":"hex:3564:24348"},"type":"Feature"},{"geometry":{"coordinates":[[[-122.60593,38.10271],[-122.6065,38.10349],[-122.60592,38.10427],[-122.60478,38.10426],[-122.60422,38.10348],[-122.60458,38.10299],[-122.60492,38.10314],[-122.60523,38.1027],[-122.60593,38.10271]]],"type":"Polygon"},"properties":{"bbox":{"roads":{"area":2751.46,"pct":11.28}},"city_same":1,"id":"hex:3564:24349"},"type":"Feature"},{"geometry":{"coordinates":[[[-122.60421,38.10504],[-122.60477,38.10582],[-122.60591,38.10583],[-122.60649,38.10505],[-122.60592,38.10427],[-122.60478,38.10426],[-122.60421,38.10504]]],"type":"Polygon"},"properties":{"bbox":{"roads":{"area":1014.38,"pct":3.9}},"city_same":1,"id":"hex:3564:24350"},"type":"Feature"},{"geometry":{"coordinates":[[[-122.6042,38.1066],[-122.60476,38.10739],[-122.60591,38.10739],[-122.60648,38.10661],[-122.60591,38.10583],[-122.60477,38.10582],[-122.6042,38.1066]]],"type":"Polygon"},"properties":{"bbox":{"roads":{"area":2032.2,"pct":7.82}},"city_same":1,"id":"hex:3564:24351"},"type":"Feature"},{"geometry":{"coordinates":[[[-122.60419,38.10816],[-122.60476,38.10895],[-122.6059,38.10895],[-122.60647,38.10817],[-122.60591,38.10739],[-122.60476,38.10739],[-122.60419,38.10816]]],"type":"Polygon"},"properties":{"bbox":{"roads":{"area":1966.05,"pct":7.57}},"city_same":1,"id":"hex:3564:24352"},"type":"Feature"},{"geometry":{"coordinates":[[[-122.60418,38.10973],[-122.60475,38.11051],[-122.60589,38.11051],[-122.60646,38.10973],[-122.6059,38.10895],[-122.60476,38.10895],[-122.60418,38.10973]]],"type":"Polygon"},"properties":{"bbox":{"roads":{"area":3089.9,"pct":11.89}},"city_same":1,"id":"hex:3564:24353"},"type":"Feature"},{"geometry":{"coordinates":[[[-122.60417,38.11129],[-122.60474,38.11207],[-122.60588,38.11207],[-122.60645,38.11129],[-122.60589,38.11051],[-122.60475,38.11051],[-122.60417,38.11129]]],"type":"Polygon"},"properties":{"bbox":{"roads":{"area":1900.61,"pct":7.32}},"city_same":1,"id":"hex:3564:24354"},"type":"Feature"},{"geometry":{"coordinates":[[[-122.60416,38.11285],[-122.60473,38.11363],[-122.60587,38.11363],[-122.60645,38.11285],[-122.60588,38.11207],[-122.60474,38.11207],[-122.60416,38.11285]]],"type":"Polygon"},"properties":{"bbox":{"roads":{"area":2006.35,"pct":7.72}},"city_same":1,"id":"hex:3564:24355"},"type":"Feature"},{"geometry":{"coordinates":[[[-122.60416,38.11441],[-122.60472,38.11519],[-122.60586,38.11519],[-122.60644,38.11442],[-122.60587,38.11363],[-122.60473,38.11363],[-122.60416,38.11441]]],"type":"Polygon"},"properties":{"bbox":{"roads":{"area":1209.33,"pct":4.65}},"city_same":1,"id":"hex:3564:24356"},"type":"Feature"},{"geometry":{"coordinates":[[[-122.60415,38.11597],[-122.60471,38.11675],[-122.60586,38.11676],[-122.60643,38.11598],[-122.60586,38.11519],[-122.60472,38.11519],[-122.60415,38.11597]]],"type":"Polygon"},"properties":{"bbox":{"roads":{"area":2594.45,"pct":9.99}},"city":{"roads":{"area":1105.69,"pct":4.26}},"id":"hex:3564:24357"},"type":"Feature"},{"geometry":{"coordinates":[[[-122.60414,38.11753],[-122.60471,38.11831],[-122.60585,38.11832],[-122.60642,38.11754],[-122.60586,38.11676],[-122.60471,38.11675],[-122.60414,38.11753]]],"type":"Polygon"},"properties":{"bbox":{"roads":{"area":2500.17,"pct":9.62}},"city_same":1,"id":"hex:3564:24358"},"type":"Feature"},{"geometry":{"coordinates":[[[-122.60413,38.11909],[-122.6047,38.11987],[-122.60584,38.11988],[-122.60641,38.1191],[-122.60585,38.11832],[-122.60471,38.11831],[-122.60413,38.11909]]],"type":"Polygon"},"properties":{"bbox":{"roads":{"area":304.3,"pct":1.17}},"city_same":1,"id":"hex:3564:24359"},"type":"Feature"},{"geometry":{"coordinates":[[[-122.60412,38.12065],[-122.60469,38.12143],[-122.60583,38.12144],[-122.6064,38.12066],[-122.60584,38.11988],[-122.6047,38.11987],[-122.60412,38.12065]]],"type":"Polygon"},"properties":{"bbox":{"roads":{"area":1010.42,"pct":3.89},"sidewalks":{"area":47.41,"pct":0.18}},"city":{"roads":{"area":1005.31,"pct":3.87},"sidewalks":{"area":47.41,"pct":0.18}},"id":"hex:3564:24360"},"type":"Feature"},{"geometry":{"coordinates":[[[-122.60411,38.12221],[-122.60468,38.123],[-122.60582,38.123],[-122.6064,38.12222],[-122.60583,38.12144],[-122.60469,38.12143],[-122.60411,38.12221]]],"type":"Polygon"},"properties":{"bbox":{"parking":{"area":1878.85,"pct":7.23},"roads":{"area":4759.1,"pct":18.32},"sidewalks":{"area":734.94,"pct":2.83}},"city":{"parking":{"area":1878.85,"pct":7.23},"roads":{"area":2800.9,"pct":10.78},"sidewalks":{"area":734.94,"pct":2.83}},"id":"hex:3564:24361"},"type":"Feature"},{"geometry":{"coordinates":[[[-122.60411,38.12377],[-122.60467,38.12456],[-122.60581,38.12456],[-122.60639,38.12378],[-122.60582,38.123],[-122.60468,38.123],[-122.60411,38.12377]]],"type":"Polygon"},"properties":{"bbox":{"roads":{"area":2237.02,"pct":8.61},"sidewalks":{"area":29.18,"pct":0.11}},"city_same":1,"id":"hex:3564:24362"},"type":"Feature"},{"geometry":{"coordinates":[[[-122.6041,38.12534],[-122.60466,38.12612],[-122.6058,38.12612],[-122.60638,38.12534],[-122.60581,38.12456],[-122.60467,38.12456],[-122.6041,38.12534]]],"type":"Polygon"},"properties":{"bbox":{"roads":{"area":1.32,"pct":0.01}},"city_same":1,"id":"hex:3564:24363"},"type":"Feature"},{"geometry":{"coordinates":[[[-122.60409,38.1269],[-122.60466,38.12768],[-122.6058,38.12768],[-122.60637,38.1269],[-122.6058,38.12612],[-122.60466,38.12612],[-122.60409,38.1269]]],"type":"Polygon"},"properties":{"bbox":{"roads":{"area":261.18,"pct":1.01}},"city_same":1,"id":"hex:3564:24364"},"type":"Feature"},{"geometry":{"coordinates":[[[-122.60408,38.12846],[-122.60465,38.12924],[-122.60579,38.12924],[-122.60636,38.12846],[-122.6058,38.12768],[-122.60466,38.12768],[-122.60408,38.12846]]],"type":"Polygon"},"properties":{"bbox":{"roads":{"area":557.65,"pct":2.15}},"city_same":1,"id":"hex:3564:24365"},"type":"Feature"},{"geometry":{"coordinates":[[[-122.60407,38.13002],[-122.60464,38.1308],[-122.60578,38.1308],[-122.60635,38.13003],[-122.60579,38.12924],[-122.60465,38.12924],[-122.60407,38.13002]]],"type":"Polygon"},"properties":{"bbox":{"roads":{"area":1051.22,"pct":4.05},"sidewalks":{"area":42.71,"pct":0.16}},"city_same":1,"id":"hex:3564:24366"},"type":"Feature"},{"geometry":{"coordinates":[[[-122.60422,38.10348],[-122.60307,38.10348],[-122.60251,38.10269],[-122.60287,38.10221],[-122.60458,38.10299],[-122.60422,38.10348]]],"type":"Polygon"},"properties":{"bbox":{"roads":{"area":1735.68,"pct":11.4}},"city_same":1,"id":"hex:3565:24348"},"type":"Feature"},{"geometry":{"coordinates":[[[-122.6025,38.10426],[-122.60307,38.10504],[-122.60421,38.10504],[-122.60478,38.10426],[-122.60422,38.10348],[-122.60307,38.10348],[-122.6025,38.10426]]],"type":"Polygon"},"properties":{"bbox":{"roads":{"area":1477.54,"pct":5.69}},"city_same":1,"id":"hex:3565:24349"},"type":"Feature"},{"geometry":{"coordinates":[[[-122.60249,38.10582],[-122.60306,38.1066],[-122.6042,38.1066],[-122.60477,38.10582],[-122.60421,38.10504],[-122.60307,38.10504],[-122.60249,38.10582]]],"type":"Polygon"},"properties":{"bbox":{"roads":{"area":2123.65,"pct":8.17}},"city_same":1,"id":"hex:3565:24350"},"type":"Feature"},{"geometry":{"coordinates":[[[-122.60248,38.10738],[-122.60305,38.10816],[-122.60419,38.10816],[-122.60476,38.10739],[-122.6042,38.1066],[-122.60306,38.1066],[-122.60248,38.10738]]],"type":"Polygon"},"properties":{"bbox":{"roads":{"area":1091.79,"pct":4.2}},"city_same":1,"id":"hex:3565:24351"},"type":"Feature"},{"geometry":{"coordinates":[[[-122.60248,38.10894],[-122.60304,38.10972],[-122.60418,38.10973],[-122.60476,38.10895],[-122.60419,38.10816],[-122.60305,38.10816],[-122.60248,38.10894]]],"type":"Polygon"},"properties":{"bbox":{"roads":{"area":1286.15,"pct":4.95}},"city_same":1,"id":"hex:3565:24352"},"type":"Feature"},{"geometry":{"coordinates":[[[-122.60247,38.1105],[-122.60303,38.11128],[-122.60417,38.11129],[-122.60475,38.11051],[-122.60418,38.10973],[-122.60304,38.10972],[-122.60247,38.1105]]],"type":"Polygon"},"properties":{"bbox":{"roads":{"area":2301.37,"pct":8.86}},"city_same":1,"id":"hex:3565:24353"},"type":"Feature"},{"geometry":{"coordinates":[[[-122.60246,38.11206],[-122.60302,38.11284],[-122.60416,38.11285],[-122.60474,38.11207],[-122.60417,38.11129],[-122.60303,38.11128],[-122.60246,38.11206]]],"type":"Polygon"},"properties":{"bbox":{"roads":{"area":1731.43,"pct":6.66}},"city_same":1,"id":"hex:3565:24354"},"type":"Feature"},{"geometry":{"coordinates":[[[-122.60245,38.11362],[-122.60302,38.1144],[-122.60416,38.11441],[-122.60473,38.11363],[-122.60416,38.11285],[-122.60302,38.11284],[-122.60245,38.11362]]],"type":"Polygon"},"properties":{"bbox":{"roads":{"area":2785.05,"pct":10.72},"sidewalks":{"area":77.76,"pct":0.3}},"city":{"roads":{"area":2203.77,"pct":8.48},"sidewalks":{"area":77.76,"pct":0.3}},"id":"hex:3565:24355"},"type":"Feature"},{"geometry":{"coordinates":[[[-122.60244,38.11518],[-122.60301,38.11597],[-122.60415,38.11597],[-122.60472,38.11519],[-122.60416,38.11441],[-122.60302,38.1144],[-122.60244,38.11518]]],"type":"Polygon"},"properties":{"bbox":{"roads":{"area":1968.12,"pct":7.58},"sidewalks":{"area":86.43,"pct":0.33}},"city":{"roads":{"area":774.7,"pct":2.98},"sidewalks":{"area":86.43,"pct":0.33}},"id":"hex:3565:24356"},"type":"Feature"},{"geometry":{"coordinates":[[[-122.60243,38.11674],[-122.603,38.11753],[-122.60414,38.11753],[-122.60471,38.11675],[-122.60415,38.11597],[-122.60301,38.11597],[-122.60243,38.11674]]],"type":"Polygon"},"properties":{"bbox":{"roads":{"area":1120.05,"pct":4.31}},"city_same":1,"id":"hex:3565:24357"},"type":"Feature"},{"geometry":{"coordinates":[[[-122.60242,38.1183],[-122.60299,38.11909],[-122.60413,38.11909],[-122.60471,38.11831],[-122.60414,38.11753],[-122.603,38.11753],[-122.60242,38.1183]]],"type":"Polygon"},"properties":{"bbox":{"roads":{"area":2146.59,"pct":8.26}},"city_same":1,"id":"hex:3565:24358"},"type":"Feature"},{"geometry":{"coordinates":[[[-122.60242,38.11987],[-122.60298,38.12065],[-122.60412,38.12065],[-122.6047,38.11987],[-122.60413,38.11909],[-122.60299,38.11909],[-122.60242,38.11987]]],"type":"Polygon"},"properties":{"bbox":{"roads":{"area":2142.86,"pct":8.25}},"city_same":1,"id":"hex:3565:24359"},"type":"Feature"},{"geometry":{"coordinates":[[[-122.60241,38.12143],[-122.60297,38.12221],[-122.60411,38.12221],[-122.60469,38.12143],[-122.60412,38.12065],[-122.60298,38.12065],[-122.60241,38.12143]]],"type":"Polygon"},"properties":{"bbox":{"parking":{"area":1797.5,"pct":6.92},"roads":{"area":4637.54,"pct":17.85},"sidewalks":{"area":406.93,"pct":1.57}},"city":{"parking":{"area":1797.5,"pct":6.92},"roads":{"area":2288.46,"pct":8.81},"sidewalks":{"area":406.93,"pct":1.57}},"id":"hex:3565:24360"},"type":"Feature"},{"geometry":{"coordinates":[[[-122.6024,38.12299],[-122.60297,38.12377],[-122.60411,38.12377],[-122.60468,38.123],[-122.60411,38.12221],[-122.60297,38.12221],[-122.6024,38.12299]]],"type":"Polygon"},"properties":{"bbox":{"parking":{"area":2497.36,"pct":9.61},"roads":{"area":2466.96,"pct":9.5}},"city_same":1,"id":"hex:3565:24361"},"type":"Feature"},{"geometry":{"coordinates":[[[-122.60239,38.12455],[-122.60296,38.12533],[-122.6041,38.12534],[-122.60467,38.12456],[-122.60411,38.12377],[-122.60297,38.12377],[-122.60239,38.12455]]],"type":"Polygon"},"properties":{"bbox":{"roads":{"area":1075.51,"pct":4.14}},"city_same":1,"id":"hex:3565:24362"},"type":"Feature"},{"geometry":{"coordinates":[[[-122.60238,38.12611],[-122.60295,38.12689],[-122.60409,38.1269],[-122.60466,38.12612],[-122.6041,38.12534],[-122.60296,38.12533],[-122.60238,38.12611]]],"type":"Polygon"},"properties":{"bbox":{"roads":{"area":2761.55,"pct":10.63},"sidewalks":{"area":184.98,"pct":0.71}},"city_same":1,"id":"hex:3565:24363"},"type":"Feature"},{"geometry":{"coordinates":[[[-122.60237,38.12767],[-122.60294,38.12845],[-122.60408,38.12846],[-122.60466,38.12768],[-122.60409,38.1269],[-122.60295,38.12689],[-122.60237,38.12767]]],"type":"Polygon"},"properties":{"bbox":{"roads":{"area":1831.68,"pct":7.05},"sidewalks":{"area":283.19,"pct":1.09}},"city_same":1,"id":"hex:3565:24364"},"type":"Feature"},{"geometry":{"coordinates":[[[-122.60237,38.12923],[-122.60293,38.13001],[-122.60407,38.13002],[-122.60465,38.12924],[-122.60408,38.12846],[-122.60294,38.12845],[-122.60237,38.12923]]],"type":"Polygon"},"properties":{"bbox":{"roads":{"area":918,"pct":3.53},"sidewalks":{"area":261.04,"pct":1}},"city_same":1,"id":"hex:3565:24365"},"type":"Feature"},{"geometry":{"coordinates":[[[-122.60251,38.10269],[-122.60137,38.10269],[-122.6008,38.10191],[-122.60116,38.10143],[-122.60287,38.10221],[-122.60251,38.10269]]],"type":"Polygon"},"properties":{"bbox":{"roads":{"area":1987.12,"pct":13.15}},"city_same":1,"id":"hex:3566:24348"},"type":"Feature"},{"geometry":{"coordinates":[[[-122.60079,38.10347],[-122.60136,38.10425],[-122.6025,38.10426],[-122.60307,38.10348],[-122.60251,38.10269],[-122.60137,38.10269],[-122.60079,38.10347]]],"type":"Polygon"},"properties":{"bbox":{"roads":{"area":1700.65,"pct":6.55}},"city_same":1,"id":"hex:3566:24349"},"type":"Feature"},{"geometry":{"coordinates":[[[-122.60079,38.10503],[-122.60135,38.10581],[-122.60249,38.10582],[-122.60307,38.10504],[-122.6025,38.10426],[-122.60136,38.10425],[-122.60079,38.10503]]],"type":"Polygon"},"properties":{"bbox":{"roads":{"area":1020.22,"pct":3.93}},"city_same":1,"id":"hex:3566:24350"},"type":"Feature"},{"geometry":{"coordinates":[[[-122.60078,38.10659],[-122.60134,38.10737],[-122.60248,38.10738],[-122.60306,38.1066],[-122.60249,38.10582],[-122.60135,38.10581],[-122.60078,38.10659]]],"type":"Polygon"},"properties":{"bbox":{"roads":{"area":1994.43,"pct":7.68}},"city_same":1,"id":"hex:3566:24351"},"type":"Feature"},{"geometry":{"coordinates":[[[-122.60077,38.10815],[-122.60133,38.10893],[-122.60248,38.10894],[-122.60305,38.10816],[-122.60248,38.10738],[-122.60134,38.10737],[-122.60077,38.10815]]],"type":"Polygon"},"properties":{"bbox":{"roads":{"area":1713.68,"pct":6.6}},"city_same":1,"id":"hex:3566:24352"},"type":"Feature"},{"geometry":{"coordinates":[[[-122.60076,38.10971],[-122.60133,38.1105],[-122.60247,38.1105],[-122.60304,38.10972],[-122.60248,38.10894],[-122.60133,38.10893],[-122.60076,38.10971]]],"type":"Polygon"},"properties":{"bbox":{"roads":{"area":2342.35,"pct":9.02}},"city_same":1,"id":"hex:3566:24353"},"type":"Feature"},{"geometry":{"coordinates":[[[-122.60075,38.11127],[-122.60132,38.11206],[-122.60246,38.11206],[-122.60303,38.11128],[-122.60247,38.1105],[-122.60133,38.1105],[-122.60075,38.11127]]],"type":"Polygon"},"properties":{"bbox":{"roads":{"area":1886.19,"pct":7.26}},"city_same":1,"id":"hex:3566:24354"},"type":"Feature"},{"geometry":{"coordinates":[[[-122.60074,38.11284],[-122.60131,38.11362],[-122.60245,38.11362],[-122.60302,38.11284],[-122.60246,38.11206],[-122.60132,38.11206],[-122.60074,38.11284]]],"type":"Polygon"},"properties":{"bbox":{"roads":{"area":2558.19,"pct":9.85},"sidewalks":{"area":38.05,"pct":0.15}},"city":{"roads":{"area":2073.96,"pct":7.98},"sidewalks":{"area":38.05,"pct":0.15}},"id":"hex:3566:24355"},"type":"Feature"},{"geometry":{"coordinates":[[[-122.60073,38.1144],[-122.6013,38.11518],[-122.60244,38.11518],[-122.60302,38.1144],[-122.60245,38.11362],[-122.60131,38.11362],[-122.60073,38.1144]]],"type":"Polygon"},"properties":{"bbox":{"roads":{"area":1607.82,"pct":6.19},"sidewalks":{"area":197.36,"pct":0.76}},"city":{"roads":{"area":856.05,"pct":3.29},"sidewalks":{"area":197.36,"pct":0.76}},"id":"hex:3566:24356"},"type":"Feature"},{"geometry":{"coordinates":[[[-122.60073,38.11596],[-122.60129,38.11674],[-122.60243,38.11674],[-122.60301,38.11597],[-122.60244,38.11518],[-122.6013,38.11518],[-122.60073,38.11596]]],"type":"Polygon"},"properties":{"bbox":{"roads":{"area":955.24,"pct":3.68}},"city_same":1,"id":"hex:3566:24357"},"type":"Feature"},{"geometry":{"coordinates":[[[-122.60072,38.11752],[-122.60128,38.1183],[-122.60242,38.1183],[-122.603,38.11753],[-122.60243,38.11674],[-122.60129,38.11674],[-122.60072,38.11752]]],"type":"Polygon"},"properties":{"bbox":{"roads":{"area":1660.2,"pct":6.39},"sidewalks":{"area":54.86,"pct":0.21}},"city_same":1,"id":"hex:3566:24358"},"type":"Feature"},{"geometry":{"coordinates":[[[-122.60071,38.11908],[-122.60128,38.11986],[-122.60242,38.11987],[-122.60299,38.11909],[-122.60242,38.1183],[-122.60128,38.1183],[-122.60071,38.11908]]],"type":"Polygon"},"properties":{"bbox":{"roads":{"area":2087.91,"pct":8.04}},"city_same":1,"id":"hex:3566:24359"},"type":"Feature"},{"geometry":{"coordinates":[[[-122.6007,38.12064],[-122.60127,38.12142],[-122.60241,38.12143],[-122.60298,38.12065],[-122.60242,38.11987],[-122.60128,38.11986],[-122.6007,38.12064]]],"type":"Polygon"},"properties":{"bbox":{"roads":{"area":2213.45,"pct":8.52},"sidewalks":{"area":257.41,"pct":0.99}},"city_same":1,"id":"hex:3566:24360"},"type":"Feature"},{"geometry":{"coordinates":[[[-122.60069,38.1222],[-122.60126,38.12298],[-122.6024,38.12299],[-122.60297,38.12221],[-122.60241,38.12143],[-122.60127,38.12142],[-122.60069,38.1222]]],"type":"Polygon"},"properties":{"bbox":{"parking":{"area":3083.41,"pct":11.87},"roads":{"area":7171.59,"pct":27.6},"sidewalks":{"area":817.61,"pct":3.15}},"city":{"parking":{"area":3083.41,"pct":11.87},"roads":{"area":4598.38,"pct":17.7},"sidewalks":{"area":817.61,"pct":3.15}},"id":"hex:3566:24361"},"type":"Feature"},{"geometry":{"coordinates":[[[-122.60068,38.12376],[-122.60125,38.12455],[-122.60239,38.12455],[-122.60297,38.12377],[-122.6024,38.12299],[-122.60126,38.12298],[-122.60068,38.12376]]],"type":"Polygon"},"properties":{"bbox":{"roads":{"area":3741.52,"pct":14.4},"sidewalks":{"area":316.27,"pct":1.22}},"city_same":1,"id":"hex:3566:24362"},"type":"Feature"},{"geometry":{"coordinates":[[[-122.60067,38.12532],[-122.60124,38.12611],[-122.60238,38.12611],[-122.60296,38.12533],[-122.60239,38.12455],[-122.60125,38.12455],[-122.60067,38.12532]]],"type":"Polygon"},"properties":{"bbox":{"roads":{"area":2566.8,"pct":9.88}},"city_same":1,"id":"hex:3566:24363"},"type":"Feature"},{"geometry":{"coordinates":[[[-122.60067,38.12688],[-122.60123,38.12767],[-122.60237,38.12767],[-122.60295,38.12689],[-122.60238,38.12611],[-122.60124,38.12611],[-122.60067,38.12688]]],"type":"Polygon"},"properties":{"bbox":{"roads":{"area":1814.97,"pct":6.99}},"city_same":1,"id":"hex:3566:24364"},"type":"Feature"},{"geometry":{"coordinates":[[[-122.60066,38.12845],[-122.60122,38.12923],[-122.60237,38.12923],[-122.60294,38.12845],[-122.60237,38.12767],[-122.60123,38.12767],[-122.60066,38.12845]]],"type":"Polygon"},"properties":{"bbox":{"roads":{"area":475.35,"pct":1.83}},"city_same":1,"id":"hex:3566:24365"},"type":"Feature"},{"geometry":{"coordinates":[[[-122.6008,38.10191],[-122.59966,38.1019],[-122.5991,38.10112],[-122.59945,38.10065],[-122.60116,38.10143],[-122.6008,38.10191]]],"type":"Polygon"},"properties":{"bbox":{"roads":{"area":1310.57,"pct":8.74}},"city_same":1,"id":"hex:3567:24347"},"type":"Feature"},{"geometry":{"coordinates":[[[-122.59909,38.10268],[-122.59965,38.10347],[-122.60079,38.10347],[-122.60137,38.10269],[-122.6008,38.10191],[-122.59966,38.1019],[-122.59909,38.10268]]],"type":"Polygon"},"properties":{"bbox":{"roads":{"area":1333.48,"pct":5.13}},"city_same":1,"id":"hex:3567:24348"},"type":"Feature"},{"geometry":{"coordinates":[[[-122.59908,38.10424],[-122.59964,38.10503],[-122.60079,38.10503],[-122.60136,38.10425],[-122.60079,38.10347],[-122.59965,38.10347],[-122.59908,38.10424]]],"type":"Polygon"},"properties":{"bbox":{"parking":{"area":1652.3,"pct":6.36},"roads":{"area":984.18,"pct":3.79}},"city_same":1,"id":"hex:3567:24349"},"type":"Feature"},{"geometry":{"coordinates":[[[-122.59907,38.10581],[-122.59964,38.10659],[-122.60078,38.10659],[-122.60135,38.10581],[-122.60079,38.10503],[-122.59964,38.10503],[-122.59907,38.10581]]],"type":"Polygon"},"properties":{"bbox":{"roads":{"area":1163.98,"pct":4.48}},"city_same":1,"id":"hex:3567:24350"},"type":"Feature"},{"geometry":{"coordinates":[[[-122.59906,38.10737],[-122.59963,38.10815],[-122.60077,38.10815],[-122.60134,38.10737],[-122.60078,38.10659],[-122.59964,38.10659],[-122.59906,38.10737]]],"type":"Polygon"},"properties":{"bbox":{"roads":{"area":1022.55,"pct":3.94}},"city_same":1,"id":"hex:3567:24351"},"type":"Feature"},{"geometry":{"coordinates":[[[-122.59905,38.10893],[-122.59962,38.10971],[-122.60076,38.10971],[-122.60133,38.10893],[-122.60077,38.10815],[-122.59963,38.10815],[-122.59905,38.10893]]],"type":"Polygon"},"properties":{"bbox":{"roads":{"area":2448.51,"pct":9.42}},"city_same":1,"id":"hex:3567:24352"},"type":"Feature"},{"geometry":{"coordinates":[[[-122.59904,38.11049],[-122.59961,38.11127],[-122.60075,38.11127],[-122.60133,38.1105],[-122.60076,38.10971],[-122.59962,38.10971],[-122.59904,38.11049]]],"type":"Polygon"},"properties":{"bbox":{"roads":{"area":1830.98,"pct":7.05}},"city_same":1,"id":"hex:3567:24353"},"type":"Feature"},{"geometry":{"coordinates":[[[-122.59904,38.11205],[-122.5996,38.11283],[-122.60074,38.11284],[-122.60132,38.11206],[-122.60075,38.11127],[-122.59961,38.11127],[-122.59904,38.11205]]],"type":"Polygon"},"properties":{"bbox":{"roads":{"area":1987.84,"pct":7.65}},"city":{"roads":{"area":1897.22,"pct":7.3}},"id":"hex:3567:24354"},"type":"Feature"},{"geometry":{"coordinates":[[[-122.59903,38.11361],[-122.59959,38.11439],[-122.60073,38.1144],[-122.60131,38.11362],[-122.60074,38.11284],[-122.5996,38.11283],[-122.59903,38.11361]]],"type":"Polygon"},"properties":{"bbox":{"roads":{"area":1709.97,"pct":6.58},"sidewalks":{"area":245.84,"pct":0.95}},"city":{"roads":{"area":603.46,"pct":2.32},"sidewalks":{"area":245.84,"pct":0.95}},"id":"hex:3567:24355"},"type":"Feature"},{"geometry":{"coordinates":[[[-122.59901,38.11673],[-122.59958,38.11751],[-122.60072,38.11752],[-122.60129,38.11674],[-122.60073,38.11596],[-122.59959,38.11595],[-122.59901,38.11673]]],"type":"Polygon"},"properties":{"bbox":{"roads":{"area":959.61,"pct":3.69}},"city_same":1,"id":"hex:3567:24357"},"type":"Feature"},{"geometry":{"coordinates":[[[-122.599,38.11829],[-122.59957,38.11908],[-122.60071,38.11908],[-122.60128,38.1183],[-122.60072,38.11752],[-122.59958,38.11751],[-122.599,38.11829]]],"type":"Polygon"},"properties":{"bbox":{"roads":{"area":1215.56,"pct":4.68},"sidewalks":{"area":239.23,"pct":0.92}},"city_same":1,"id":"hex:3567:24358"},"type":"Feature"},{"geometry":{"coordinates":[[[-122.59899,38.11985],[-122.59956,38.12064],[-122.6007,38.12064],[-122.60128,38.11986],[-122.60071,38.11908],[-122.59957,38.11908],[-122.59899,38.11985]]],"type":"Polygon"},"properties":{"bbox":{"roads":{"area":2018.33,"pct":7.77},"sidewalks":{"area":550.48,"pct":2.12}},"city_same":1,"id":"hex:3567:24359"},"type":"Feature"},{"geometry":{"coordinates":[[[-122.59898,38.12142],[-122.59955,38.1222],[-122.60069,38.1222],[-122.60127,38.12142],[-122.6007,38.12064],[-122.59956,38.12064],[-122.59898,38.12142]]],"type":"Polygon"},"properties":{"bbox":{"roads":{"area":526.1,"pct":2.02},"sidewalks":{"area":220.25,"pct":0.85}},"city":{"roads":{"area":272.78,"pct":1.05},"sidewalks":{"area":220.25,"pct":0.85}},"id":"hex:3567:24360"},"type":"Feature"},{"geometry":{"coordinates":[[[-122.59898,38.12298],[-122.59954,38.12376],[-122.60068,38.12376],[-122.60126,38.12298],[-122.60069,38.1222],[-122.59955,38.1222],[-122.59898,38.12298]]],"type":"Polygon"},"properties":{"bbox":{"roads":{"area":2322.82,"pct":8.94},"sidewalks":{"area":243.15,"pct":0.94}},"city":{"roads":{"area":697.02,"pct":2.68},"sidewalks":{"area":243.15,"pct":0.94}},"id":"hex:3567:24361"},"type":"Feature"},{"geometry":{"coordinates":[[[-122.59897,38.12454],[-122.59953,38.12532],[-122.60067,38.12532],[-122.60125,38.12455],[-122.60068,38.12376],[-122.59954,38.12376],[-122.59897,38.12454]]],"type":"Polygon"},"properties":{"bbox":{"roads":{"area":293.01,"pct":1.13}},"city_same":1,"id":"hex:3567:24362"},"type":"Feature"},{"geometry":{"coordinates":[[[-122.59896,38.1261],[-122.59953,38.12688],[-122.60067,38.12688],[-122.60124,38.12611],[-122.60067,38.12532],[-122.59953,38.12532],[-122.59896,38.1261]]],"type":"Polygon"},"properties":{"bbox":{"roads":{"area":45.75,"pct":0.18}},"city_same":1,"id":"hex:3567:24363"},"type":"Feature"},{"geometry":{"coordinates":[[[-122.5991,38.10112],[-122.59796,38.10112],[-122.59739,38.10034],[-122.59768,38.09994],[-122.59794,38.10006],[-122.5981,38.09999],[-122.59834,38.09963],[-122.59843,38.09956],[-122.59849,38.09956],[-122.59855,38.0996],[-122.59874,38.09963],[-122.59877,38.0997],[-122.59898,38.09967],[-122.59885,38.09986],[-122.59922,38.10003],[-122.59895,38.10042],[-122.59945,38.10065],[-122.5991,38.10112]]],"type":"Polygon"},"properties":{"bbox":{"roads":{"area":2132.17,"pct":10.81}},"city_same":1,"id":"hex:3568:24347"},"type":"Feature"},{"geometry":{"coordinates":[[[-122.59738,38.1019],[-122.59795,38.10268],[-122.59909,38.10268],[-122.59966,38.1019],[-122.5991,38.10112],[-122.59796,38.10112],[-122.59738,38.1019]]],"type":"Polygon"},"properties":{"bbox":{"roads":{"area":2424.83,"pct":9.33}},"city_same":1,"id":"hex:3568:24348"},"type":"Feature"},{"geometry":{"coordinates":[[[-122.59736,38.10502],[-122.59793,38.1058],[-122.59907,38.10581],[-122.59964,38.10503],[-122.59908,38.10424],[-122.59794,38.10424],[-122.59736,38.10502]]],"type":"Polygon"},"properties":{"bbox":{"parking":{"area":1745.68,"pct":6.72},"roads":{"area":1182.24,"pct":4.55}},"city_same":1,"id":"hex:3568:24350"},"type":"Feature"},{"geometry":{"coordinates":[[[-122.59736,38.10658],[-122.59792,38.10736],[-122.59906,38.10737],[-122.59964,38.10659],[-122.59907,38.10581],[-122.59793,38.1058],[-122.59736,38.10658]]],"type":"Polygon"},"properties":{"bbox":{"parking":{"area":37.26,"pct":0.14},"roads":{"area":2475.16,"pct":9.53}},"city_same":1,"id":"hex:3568:24351"},"type":"Feature"},{"geometry":{"coordinates":[[[-122.59735,38.10814],[-122.59791,38.10892],[-122.59905,38.10893],[-122.59963,38.10815],[-122.59906,38.10737],[-122.59792,38.10736],[-122.59735,38.10814]]],"type":"Polygon"},"properties":{"bbox":{"roads":{"area":1570.53,"pct":6.04}},"city_same":1,"id":"hex:3568:24352"},"type":"Feature"},{"geometry":{"coordinates":[[[-122.59734,38.1097],[-122.5979,38.11048],[-122.59904,38.11049],[-122.59962,38.10971],[-122.59905,38.10893],[-122.59791,38.10892],[-122.59734,38.1097]]],"type":"Polygon"},"properties":{"bbox":{"roads":{"area":2556.2,"pct":9.84}},"city_same":1,"id":"hex:3568:24353"},"type":"Feature"},{"geometry":{"coordinates":[[[-122.59733,38.11126],[-122.5979,38.11205],[-122.59904,38.11205],[-122.59961,38.11127],[-122.59904,38.11049],[-122.5979,38.11048],[-122.59733,38.11126]]],"type":"Polygon"},"properties":{"bbox":{"roads":{"area":2258.73,"pct":8.69}},"city_same":1,"id":"hex:3568:24354"},"type":"Feature"},{"geometry":{"coordinates":[[[-122.59732,38.11282],[-122.59789,38.11361],[-122.59903,38.11361],[-122.5996,38.11283],[-122.59904,38.11205],[-122.5979,38.11205],[-122.59732,38.11282]]],"type":"Polygon"},"properties":{"bbox":{"roads":{"area":1673.29,"pct":6.44},"sidewalks":{"area":264.57,"pct":1.02}},"city":{"roads":{"area":332.75,"pct":1.28},"sidewalks":{"area":264.57,"pct":1.02}},"id":"hex:3568:24355"},"type":"Feature"},{"geometry":{"coordinates":[[[-122.5973,38.11595],[-122.59787,38.11673],[-122.59901,38.11673],[-122.59959,38.11595],[-122.59902,38.11517],[-122.59788,38.11517],[-122.5973,38.11595]]],"type":"Polygon"},"properties":{"bbox":{"roads":{"area":999.94,"pct":3.85}},"city_same":1,"id":"hex:3568:24357"},"type":"Feature"},{"geometry":{"coordinates":[[[-122.5973,38.11751],[-122.59786,38.11829],[-122.599,38.11829],[-122.59958,38.11751],[-122.59901,38.11673],[-122.59787,38.11673],[-122.5973,38.11751]]],"type":"Polygon"},"properties":{"bbox":{"roads":{"area":2726.98,"pct":10.5},"sidewalks":{"area":71.8,"pct":0.28}},"city_same":1,"id":"hex:3568:24358"},"type":"Feature"},{"geometry":{"coordinates":[[[-122.59729,38.11907],[-122.59785,38.11985],[-122.59899,38.11985],[-122.59957,38.11908],[-122.599,38.11829],[-122.59786,38.11829],[-122.59729,38.11907]]],"type":"Polygon"},"properties":{"bbox":{"roads":{"area":2738.49,"pct":10.54},"sidewalks":{"area":432.37,"pct":1.66}},"city_same":1,"id":"hex:3568:24359"},"type":"Feature"},{"geometry":{"coordinates":[[[-122.59727,38.12219],[-122.59784,38.12297],[-122.59898,38.12298],[-122.59955,38.1222],[-122.59898,38.12142],[-122.59784,38.12141],[-122.59727,38.12219]]],"type":"Polygon"},"properties":{"bbox":{"roads":{"area":2595.26,"pct":9.99},"sidewalks":{"area":487.66,"pct":1.88}},"city":{"sidewalks":{"area":487.66,"pct":1.88}},"id":"hex:3568:24361"},"type":"Feature"},{"geometry":{"coordinates":[[[-122.59726,38.12375],[-122.59783,38.12453],[-122.59897,38.12454],[-122.59954,38.12376],[-122.59898,38.12298],[-122.59784,38.12297],[-122.59726,38.12375]]],"type":"Polygon"},"properties":{"bbox":{"roads":{"area":1593.29,"pct":6.13}},"city_same":1,"id":"hex:3568:24362"},"type":"Feature"},{"geometry":{"coordinates":[[[-122.59739,38.10034],[-122.59625,38.10033],[-122.59568,38.09955],[-122.59596,38.09917],[-122.59768,38.09994],[-122.59739,38.10034]]],"type":"Polygon"},"properties":{"bbox":{"roads":{"area":646.64,"pct":5}},"city_same":1,"id":"hex:3569:24346"},"type":"Feature"},{"geometry":{"coordinates":[[[-122.59567,38.10111],[-122.59624,38.10189],[-122.59738,38.1019],[-122.59796,38.10112],[-122.59739,38.10034],[-122.59625,38.10033],[-122.59567,38.10111]]],"type":"Polygon"},"properties":{"bbox":{"roads":{"area":1373.42,"pct":5.29}},"city_same":1,"id":"hex:3569:24347"},"type":"Feature"},{"geometry":{"coordinates":[[[-122.59567,38.10267],[-122.59623,38.10345],[-122.59737,38.10346],[-122.59795,38.10268],[-122.59738,38.1019],[-122.59624,38.10189],[-122.59567,38.10267]]],"type":"Polygon"},"properties":{"bbox":{"roads":{"area":2659.19,"pct":10.24}},"city_same":1,"id":"hex:3569:24348"},"type":"Feature"},{"geometry":{"coordinates":[[[-122.59566,38.10423],[-122.59622,38.10501],[-122.59736,38.10502],[-122.59794,38.10424],[-122.59737,38.10346],[-122.59623,38.10345],[-122.59566,38.10423]]],"type":"Polygon"},"properties":{"bbox":{"roads":{"area":1917.28,"pct":7.38}},"city_same":1,"id":"hex:3569:24349"},"type":"Feature"},{"geometry":{"coordinates":[[[-122.59565,38.10579],[-122.59621,38.10658],[-122.59736,38.10658],[-122.59793,38.1058],[-122.59736,38.10502],[-122.59622,38.10501],[-122.59565,38.10579]]],"type":"Polygon"},"properties":{"bbox":{"parking":{"area":197.24,"pct":0.76},"roads":{"area":2179.8,"pct":8.39}},"city_same":1,"id":"hex:3569:24350"},"type":"Feature"},{"geometry":{"coordinates":[[[-122.59564,38.10735],[-122.59621,38.10814],[-122.59735,38.10814],[-122.59792,38.10736],[-122.59736,38.10658],[-122.59621,38.10658],[-122.59564,38.10735]]],"type":"Polygon"},"properties":{"bbox":{"roads":{"area":2192.44,"pct":8.44}},"city_same":1,"id":"hex:3569:24351"},"type":"Feature"},{"geometry":{"coordinates":[[[-122.59563,38.10892],[-122.5962,38.1097],[-122.59734,38.1097],[-122.59791,38.10892],[-122.59735,38.10814],[-122.59621,38.10814],[-122.59563,38.10892]]],"type":"Polygon"},"properties":{"bbox":{"roads":{"area":2492.1,"pct":9.59}},"city_same":1,"id":"hex:3569:24352"},"type":"Feature"},{"geometry":{"coordinates":[[[-122.59562,38.11048],[-122.59619,38.11126],[-122.59733,38.11126],[-122.5979,38.11048],[-122.59734,38.1097],[-122.5962,38.1097],[-122.59562,38.11048]]],"type":"Polygon"},"properties":{"bbox":{"roads":{"area":1631.13,"pct":6.28}},"city_same":1,"id":"hex:3569:24353"},"type":"Feature"},{"geometry":{"coordinates":[[[-122.59561,38.11204],[-122.59618,38.11282],[-122.59732,38.11282],[-122.5979,38.11205],[-122.59733,38.11126],[-122.59619,38.11126],[-122.59561,38.11204]]],"type":"Polygon"},"properties":{"bbox":{"roads":{"area":3385.25,"pct":13.03},"sidewalks":{"area":110.46,"pct":0.43}},"city":{"roads":{"area":1837.46,"pct":7.07},"sidewalks":{"area":110.46,"pct":0.43}},"id":"hex:3569:24354"},"type":"Feature"},{"geometry":{"coordinates":[[[-122.59561,38.1136],[-122.59617,38.11438],[-122.59731,38.11438],[-122.59789,38.11361],[-122.59732,38.11282],[-122.59618,38.11282],[-122.59561,38.1136]]],"type":"Polygon"},"properties":{"bbox":{"roads":{"area":2251.54,"pct":8.67}},"city_same":1,"id":"hex:3569:24355"},"type":"Feature"},{"geometry":{"coordinates":[[[-122.5956,38.11516],[-122.59616,38.11594],[-122.5973,38.11595],[-122.59788,38.11517],[-122.59731,38.11438],[-122.59617,38.11438],[-122.5956,38.11516]]],"type":"Polygon"},"properties":{"bbox":{"roads":{"area":3359.92,"pct":12.93}},"city_same":1,"id":"hex:3569:24356"},"type":"Feature"},{"geometry":{"coordinates":[[[-122.59559,38.11672],[-122.59615,38.1175],[-122.5973,38.11751],[-122.59787,38.11673],[-122.5973,38.11595],[-122.59616,38.11594],[-122.59559,38.11672]]],"type":"Polygon"},"properties":{"bbox":{"roads":{"area":1015.57,"pct":3.91}},"city_same":1,"id":"hex:3569:24357"},"type":"Feature"},{"geometry":{"coordinates":[[[-122.59558,38.11828],[-122.59615,38.11906],[-122.59729,38.11907],[-122.59786,38.11829],[-122.5973,38.11751],[-122.59615,38.1175],[-122.59558,38.11828]]],"type":"Polygon"},"properties":{"bbox":{"roads":{"area":2044.01,"pct":7.87}},"city_same":1,"id":"hex:3569:24358"},"type":"Feature"},{"geometry":{"coordinates":[[[-122.59557,38.11984],[-122.59614,38.12062],[-122.59728,38.12063],[-122.59785,38.11985],[-122.59729,38.11907],[-122.59615,38.11906],[-122.59557,38.11984]]],"type":"Polygon"},"properties":{"bbox":{"roads":{"area":1581.5,"pct":6.09}},"city_same":1,"id":"hex:3569:24359"},"type":"Feature"},{"geometry":{"coordinates":[[[-122.59555,38.12296],[-122.59612,38.12375],[-122.59726,38.12375],[-122.59784,38.12297],[-122.59727,38.12219],[-122.59613,38.12219],[-122.59555,38.12296]]],"type":"Polygon"},"properties":{"bbox":{"roads":{"area":4325.14,"pct":16.65},"sidewalks":{"area":493.03,"pct":1.9}},"city":{"roads":{"area":1527.06,"pct":5.88},"sidewalks":{"area":493.03,"pct":1.9}},"id":"hex:3569:24361"},"type":"Feature"},{"geometry":{"coordinates":[[[-122.59555,38.12453],[-122.59611,38.12531],[-122.59725,38.12531],[-122.59783,38.12453],[-122.59726,38.12375],[-122.59612,38.12375],[-122.59555,38.12453]]],"type":"Polygon"},"properties":{"bbox":{"roads":{"area":774.12,"pct":2.98}},"city_same":1,"id":"hex:3569:24362"},"type":"Feature"},{"geometry":{"coordinates":[[[-122.59568,38.09955],[-122.59454,38.09955],[-122.59398,38.09876],[-122.59424,38.0984],[-122.59596,38.09917],[-122.59568,38.09955]]],"type":"Polygon"},"properties":{"bbox":{"roads":{"area":1479.68,"pct":11.77}},"city_same":1,"id":"hex:3570:24346"},"type":"Feature"},{"geometry":{"coordinates":[[[-122.59397,38.10032],[-122.59453,38.10111],[-122.59567,38.10111],[-122.59625,38.10033],[-122.59568,38.09955],[-122.59454,38.09955],[-122.59397,38.10032]]],"type":"Polygon"},"properties":{"bbox":{"roads":{"area":1570.18,"pct":6.04}},"city_same":1,"id":"hex:3570:24347"},"type":"Feature"},{"geometry":{"coordinates":[[[-122.59396,38.10188],[-122.59453,38.10267],[-122.59567,38.10267],[-122.59624,38.10189],[-122.59567,38.10111],[-122.59453,38.10111],[-122.59396,38.10188]]],"type":"Polygon"},"properties":{"bbox":{"roads":{"area":650.94,"pct":2.51}},"city_same":1,"id":"hex:3570:24348"},"type":"Feature"},{"geometry":{"coordinates":[[[-122.59395,38.10345],[-122.59452,38.10423],[-122.59566,38.10423],[-122.59623,38.10345],[-122.59567,38.10267],[-122.59453,38.10267],[-122.59395,38.10345]]],"type":"Polygon"},"properties":{"bbox":{"roads":{"area":1159.88,"pct":4.46}},"city_same":1,"id":"hex:3570:24349"},"type":"Feature"},{"geometry":{"coordinates":[[[-122.59394,38.10501],[-122.59451,38.10579],[-122.59565,38.10579],[-122.59622,38.10501],[-122.59566,38.10423],[-122.59452,38.10423],[-122.59394,38.10501]]],"type":"Polygon"},"properties":{"bbox":{"roads":{"area":1383.86,"pct":5.33}},"city_same":1,"id":"hex:3570:24350"},"type":"Feature"},{"geometry":{"coordinates":[[[-122.59393,38.10657],[-122.5945,38.10735],[-122.59564,38.10735],[-122.59621,38.10658],[-122.59565,38.10579],[-122.59451,38.10579],[-122.59393,38.10657]]],"type":"Polygon"},"properties":{"bbox":{"roads":{"area":2178.95,"pct":8.39}},"city_same":1,"id":"hex:3570:24351"},"type":"Feature"},{"geometry":{"coordinates":[[[-122.59392,38.10813],[-122.59449,38.10891],[-122.59563,38.10892],[-122.59621,38.10814],[-122.59564,38.10735],[-122.5945,38.10735],[-122.59392,38.10813]]],"type":"Polygon"},"properties":{"bbox":{"roads":{"area":1532.31,"pct":5.9}},"city_same":1,"id":"hex:3570:24352"},"type":"Feature"},{"geometry":{"coordinates":[[[-122.59392,38.10969],[-122.59448,38.11047],[-122.59562,38.11048],[-122.5962,38.1097],[-122.59563,38.10892],[-122.59449,38.10891],[-122.59392,38.10969]]],"type":"Polygon"},"properties":{"bbox":{"roads":{"area":2045.97,"pct":7.87}},"city_same":1,"id":"hex:3570:24353"},"type":"Feature"},{"geometry":{"coordinates":[[[-122.59391,38.11125],[-122.59447,38.11203],[-122.59561,38.11204],[-122.59619,38.11126],[-122.59562,38.11048],[-122.59448,38.11047],[-122.59391,38.11125]]],"type":"Polygon"},"properties":{"bbox":{"roads":{"area":3457.51,"pct":13.31}},"city":{"roads":{"area":2483.15,"pct":9.56}},"id":"hex:3570:24354"},"type":"Feature"},{"geometry":{"coordinates":[[[-122.5939,38.11281],[-122.59446,38.11359],[-122.59561,38.1136],[-122.59618,38.11282],[-122.59561,38.11204],[-122.59447,38.11203],[-122.5939,38.11281]]],"type":"Polygon"},"properties":{"bbox":{"roads":{"area":684.32,"pct":2.63}},"city_same":1,"id":"hex:3570:24355"},"type":"Feature"},{"geometry":{"coordinates":[[[-122.59389,38.11437],[-122.59446,38.11516],[-122.5956,38.11516],[-122.59617,38.11438],[-122.59561,38.1136],[-122.59446,38.11359],[-122.59389,38.11437]]],"type":"Polygon"},"properties":{"bbox":{"roads":{"area":3064.83,"pct":11.8}},"city_same":1,"id":"hex:3570:24356"},"type":"Feature"},{"geometry":{"coordinates":[[[-122.59388,38.11593],[-122.59445,38.11672],[-122.59559,38.11672],[-122.59616,38.11594],[-122.5956,38.11516],[-122.59446,38.11516],[-122.59388,38.11593]]],"type":"Polygon"},"properties":{"bbox":{"roads":{"area":910.51,"pct":3.5}},"city_same":1,"id":"hex:3570:24357"},"type":"Feature"},{"geometry":{"coordinates":[[[-122.59387,38.1175],[-122.59444,38.11828],[-122.59558,38.11828],[-122.59615,38.1175],[-122.59559,38.11672],[-122.59445,38.11672],[-122.59387,38.1175]]],"type":"Polygon"},"properties":{"bbox":{"roads":{"area":2101.36,"pct":8.09}},"city_same":1,"id":"hex:3570:24358"},"type":"Feature"},{"geometry":{"coordinates":[[[-122.59386,38.11906],[-122.59443,38.11984],[-122.59557,38.11984],[-122.59615,38.11906],[-122.59558,38.11828],[-122.59444,38.11828],[-122.59386,38.11906]]],"type":"Polygon"},"properties":{"bbox":{"roads":{"area":1697.18,"pct":6.53}},"city_same":1,"id":"hex:3570:24359"},"type":"Feature"},{"geometry":{"coordinates":[[[-122.59386,38.12062],[-122.59442,38.1214],[-122.59556,38.1214],[-122.59614,38.12062],[-122.59557,38.11984],[-122.59443,38.11984],[-122.59386,38.12062]]],"type":"Polygon"},"properties":{"bbox":{"roads":{"area":972.64,"pct":3.74}},"city_same":1,"id":"hex:3570:24360"},"type":"Feature"},{"geometry":{"coordinates":[[[-122.59385,38.12218],[-122.59441,38.12296],[-122.59555,38.12296],[-122.59613,38.12219],[-122.59556,38.1214],[-122.59442,38.1214],[-122.59385,38.12218]]],"type":"Polygon"},"properties":{"bbox":{"roads":{"area":1034.83,"pct":3.98},"sidewalks":{"area":70.86,"pct":0.27}},"city":{"roads":{"area":894.25,"pct":3.44},"sidewalks":{"area":70.86,"pct":0.27}},"id":"hex:3570:24361"},"type":"Feature"},{"geometry":{"coordinates":[[[-122.59384,38.12374],[-122.5944,38.12452],[-122.59555,38.12453],[-122.59612,38.12375],[-122.59555,38.12296],[-122.59441,38.12296],[-122.59384,38.12374]]],"type":"Polygon"},"properties":{"bbox":{"roads":{"area":2122.16,"pct":8.17},"sidewalks":{"area":351.94,"pct":1.35}},"city":{"roads":{"area":93.01,"pct":0.36},"sidewalks":{"area":351.94,"pct":1.35}},"id":"hex:3570:24362"},"type":"Feature"},{"geometry":{"coordinates":[[[-122.59398,38.09876],[-122.59284,38.09876],[-122.59255,38.09837],[-122.59295,38.09782],[-122.59424,38.0984],[-122.59398,38.09876]]],"type":"Polygon"},"properties":{"bbox":{"roads":{"area":342.54,"pct":3.51}},"city_same":1,"id":"hex:3571:24345"},"type":"Feature"},{"geometry":{"coordinates":[[[-122.59226,38.09954],[-122.59283,38.10032],[-122.59397,38.10032],[-122.59454,38.09955],[-122.59398,38.09876],[-122.59284,38.09876],[-122.59226,38.09954]]],"type":"Polygon"},"properties":{"bbox":{"roads":{"area":2111.71,"pct":8.13}},"city_same":1,"id":"hex:3571:24346"},"type":"Feature"},{"geometry":{"coordinates":[[[-122.59225,38.1011],[-122.59282,38.10188],[-122.59396,38.10188],[-122.59453,38.10111],[-122.59397,38.10032],[-122.59283,38.10032],[-122.59225,38.1011]]],"type":"Polygon"},"properties":{"bbox":{"roads":{"area":1890.66,"pct":7.28}},"city_same":1,"id":"hex:3571:24347"},"type":"Feature"},{"geometry":{"coordinates":[[[-122.59224,38.10266],[-122.59281,38.10344],[-122.59395,38.10345],[-122.59453,38.10267],[-122.59396,38.10188],[-122.59282,38.10188],[-122.59224,38.10266]]],"type":"Polygon"},"properties":{"bbox":{"roads":{"area":1074.83,"pct":4.14}},"city_same":1,"id":"hex:3571:24348"},"type":"Feature"},{"geometry":{"coordinates":[[[-122.59224,38.10422],[-122.5928,38.105],[-122.59394,38.10501],[-122.59452,38.10423],[-122.59395,38.10345],[-122.59281,38.10344],[-122.59224,38.10422]]],"type":"Polygon"},"properties":{"bbox":{"roads":{"area":68.82,"pct":0.26}},"city_same":1,"id":"hex:3571:24349"},"type":"Feature"},{"geometry":{"coordinates":[[[-122.59223,38.10578],[-122.59279,38.10656],[-122.59393,38.10657],[-122.59451,38.10579],[-122.59394,38.10501],[-122.5928,38.105],[-122.59223,38.10578]]],"type":"Polygon"},"properties":{"bbox":{"roads":{"area":1703.08,"pct":6.56}},"city_same":1,"id":"hex:3571:24350"},"type":"Feature"},{"geometry":{"coordinates":[[[-122.59222,38.10734],[-122.59278,38.10813],[-122.59392,38.10813],[-122.5945,38.10735],[-122.59393,38.10657],[-122.59279,38.10656],[-122.59222,38.10734]]],"type":"Polygon"},"properties":{"bbox":{"roads":{"area":1973.15,"pct":7.59}},"city_same":1,"id":"hex:3571:24351"},"type":"Feature"},{"geometry":{"coordinates":[[[-122.59221,38.1089],[-122.59278,38.10969],[-122.59392,38.10969],[-122.59449,38.10891],[-122.59392,38.10813],[-122.59278,38.10813],[-122.59221,38.1089]]],"type":"Polygon"},"properties":{"bbox":{"roads":{"area":2139.33,"pct":8.23}},"city_same":1,"id":"hex:3571:24352"},"type":"Feature"},{"geometry":{"coordinates":[[[-122.5922,38.11046],[-122.59277,38.11125],[-122.59391,38.11125],[-122.59448,38.11047],[-122.59392,38.10969],[-122.59278,38.10969],[-122.5922,38.11046]]],"type":"Polygon"},"properties":{"bbox":{"roads":{"area":2426.94,"pct":9.34}},"city_same":1,"id":"hex:3571:24353"},"type":"Feature"},{"geometry":{"coordinates":[[[-122.59219,38.11203],[-122.59276,38.11281],[-122.5939,38.11281],[-122.59447,38.11203],[-122.59391,38.11125],[-122.59277,38.11125],[-122.59219,38.11203]]],"type":"Polygon"},"properties":{"bbox":{"parking":{"area":3746.5,"pct":14.42},"roads":{"area":5210.23,"pct":20.05}},"city":{"parking":{"area":3746.5,"pct":14.42},"roads":{"area":2875.7,"pct":11.07}},"id":"hex:3571:24354"},"type":"Feature"},{"geometry":{"coordinates":[[[-122.59218,38.11359],[-122.59275,38.11437],[-122.59389,38.11437],[-122.59446,38.11359],[-122.5939,38.11281],[-122.59276,38.11281],[-122.59218,38.11359]]],"type":"Polygon"},"properties":{"bbox":{"roads":{"area":1839.6,"pct":7.08}},"city_same":1,"id":"hex:3571:24355"},"type":"Feature"},{"geometry":{"coordinates":[[[-122.59217,38.11515],[-122.59274,38.11593],[-122.59388,38.11593],[-122.59446,38.11516],[-122.59389,38.11437],[-122.59275,38.11437],[-122.59217,38.11515]]],"type":"Polygon"},"properties":{"bbox":{"roads":{"area":2109.8,"pct":8.12}},"city_same":1,"id":"hex:3571:24356"},"type":"Feature"},{"geometry":{"coordinates":[[[-122.59217,38.11671],[-122.59273,38.11749],[-122.59387,38.1175],[-122.59445,38.11672],[-122.59388,38.11593],[-122.59274,38.11593],[-122.59217,38.11671]]],"type":"Polygon"},"properties":{"bbox":{"roads":{"area":1055.63,"pct":4.06}},"city_same":1,"id":"hex:3571:24357"},"type":"Feature"},{"geometry":{"coordinates":[[[-122.59216,38.11827],[-122.59272,38.11905],[-122.59386,38.11906],[-122.59444,38.11828],[-122.59387,38.1175],[-122.59273,38.11749],[-122.59216,38.11827]]],"type":"Polygon"},"properties":{"bbox":{"roads":{"area":1818.28,"pct":7}},"city_same":1,"id":"hex:3571:24358"},"type":"Feature"},{"geometry":{"coordinates":[[[-122.59215,38.11983],[-122.59271,38.12061],[-122.59386,38.12062],[-122.59443,38.11984],[-122.59386,38.11906],[-122.59272,38.11905],[-122.59215,38.11983]]],"type":"Polygon"},"properties":{"bbox":{"roads":{"area":2218.61,"pct":8.54}},"city_same":1,"id":"hex:3571:24359"},"type":"Feature"},{"geometry":{"coordinates":[[[-122.59214,38.12139],[-122.59271,38.12217],[-122.59385,38.12218],[-122.59442,38.1214],[-122.59386,38.12062],[-122.59271,38.12061],[-122.59214,38.12139]]],"type":"Polygon"},"properties":{"bbox":{"roads":{"area":2020.37,"pct":7.78}},"city_same":1,"id":"hex:3571:24360"},"type":"Feature"},{"geometry":{"coordinates":[[[-122.59213,38.12295],[-122.5927,38.12374],[-122.59384,38.12374],[-122.59441,38.12296],[-122.59385,38.12218],[-122.59271,38.12217],[-122.59213,38.12295]]],"type":"Polygon"},"properties":{"bbox":{"roads":{"area":3190.77,"pct":12.28},"sidewalks":{"area":342.72,"pct":1.32}},"city":{"roads":{"area":1214.56,"pct":4.67},"sidewalks":{"area":342.72,"pct":1.32}},"id":"hex:3571:24361"},"type":"Feature"},{"geometry":{"coordinates":[[[-122.59212,38.12451],[-122.59269,38.1253],[-122.59383,38.1253],[-122.5944,38.12452],[-122.59384,38.12374],[-122.5927,38.12374],[-122.59212,38.12451]]],"type":"Polygon"},"properties":{"bbox":{"roads":{"area":1383.21,"pct":5.32},"sidewalks":{"area":78.36,"pct":0.3}},"city":{"roads":{"area":1194.73,"pct":4.6},"sidewalks":{"area":78.36,"pct":0.3}},"id":"hex:3571:24362"},"type":"Feature"},{"geometry":{"coordinates":[[[-122.59211,38.12607],[-122.59268,38.12686],[-122.59382,38.12686],[-122.5944,38.12608],[-122.59383,38.1253],[-122.59269,38.1253],[-122.59211,38.12607]]],"type":"Polygon"},"properties":{"bbox":{"roads":{"area":283.76,"pct":1.09}},"city_same":1,"id":"hex:3571:24363"},"type":"Feature"},{"geometry":{"coordinates":[[[-122.59114,38.09641],[-122.59057,38.09563],[-122.59115,38.09485],[-122.59229,38.09485],[-122.59237,38.09497],[-122.59133,38.09641],[-122.59114,38.09641]]],"type":"Polygon"},"properties":{"bbox":{"roads":{"area":448.55,"pct":2.87}},"city_same":1,"id":"hex:3572:24344"},"type":"Feature"},{"geometry":{"coordinates":[[[-122.59056,38.09719],[-122.59114,38.09641],[-122.59133,38.09641],[-122.59067,38.09734],[-122.59056,38.09719]]],"type":"Polygon"},"properties":{"bbox":{"roads":{"area":264.73,"pct":15.51}},"city_same":1,"id":"hex:3572:24345"},"type":"Feature"},{"geometry":{"coordinates":[[[-122.59284,38.09876],[-122.59226,38.09954],[-122.59112,38.09953],[-122.59064,38.09887],[-122.59182,38.09939],[-122.59255,38.09837],[-122.59284,38.09876]]],"type":"Polygon"},"properties":{"bbox":{"roads":{"area":418.24,"pct":5.08}},"city_same":1,"id":"hex:3572:24346"},"type":"Feature"},{"geometry":{"coordinates":[[[-122.59055,38.10031],[-122.59111,38.10109],[-122.59225,38.1011],[-122.59283,38.10032],[-122.59226,38.09954],[-122.59112,38.09953],[-122.59055,38.10031]]],"type":"Polygon"},"properties":{"bbox":{"roads":{"area":140.18,"pct":0.54}},"city_same":1,"id":"hex:3572:24347"},"type":"Feature"},{"geometry":{"coordinates":[[[-122.59054,38.10187],[-122.5911,38.10266],[-122.59224,38.10266],[-122.59282,38.10188],[-122.59225,38.1011],[-122.59111,38.10109],[-122.59054,38.10187]]],"type":"Polygon"},"properties":{"bbox":{"roads":{"area":2550.25,"pct":9.82}},"city_same":1,"id":"hex:3572:24348"},"type":"Feature"},{"geometry":{"coordinates":[[[-122.59053,38.10343],[-122.59109,38.10422],[-122.59224,38.10422],[-122.59281,38.10344],[-122.59224,38.10266],[-122.5911,38.10266],[-122.59053,38.10343]]],"type":"Polygon"},"properties":{"bbox":{"roads":{"area":1855.23,"pct":7.14}},"city_same":1,"id":"hex:3572:24349"},"type":"Feature"},{"geometry":{"coordinates":[[[-122.59052,38.105],[-122.59109,38.10578],[-122.59223,38.10578],[-122.5928,38.105],[-122.59224,38.10422],[-122.59109,38.10422],[-122.59052,38.105]]],"type":"Polygon"},"properties":{"bbox":{"roads":{"area":1580.39,"pct":6.08}},"city_same":1,"id":"hex:3572:24350"},"type":"Feature"},{"geometry":{"coordinates":[[[-122.59051,38.10656],[-122.59108,38.10734],[-122.59222,38.10734],[-122.59279,38.10656],[-122.59223,38.10578],[-122.59109,38.10578],[-122.59051,38.10656]]],"type":"Polygon"},"properties":{"bbox":{"roads":{"area":1341.11,"pct":5.16}},"city_same":1,"id":"hex:3572:24351"},"type":"Feature"},{"geometry":{"coordinates":[[[-122.5905,38.10812],[-122.59107,38.1089],[-122.59221,38.1089],[-122.59278,38.10813],[-122.59222,38.10734],[-122.59108,38.10734],[-122.5905,38.10812]]],"type":"Polygon"},"properties":{"bbox":{"roads":{"area":2626.46,"pct":10.11}},"city_same":1,"id":"hex:3572:24352"},"type":"Feature"},{"geometry":{"coordinates":[[[-122.59049,38.10968],[-122.59106,38.11046],[-122.5922,38.11046],[-122.59278,38.10969],[-122.59221,38.1089],[-122.59107,38.1089],[-122.59049,38.10968]]],"type":"Polygon"},"properties":{"bbox":{"roads":{"area":1935.34,"pct":7.45}},"city_same":1,"id":"hex:3572:24353"},"type":"Feature"},{"geometry":{"coordinates":[[[-122.59049,38.11124],[-122.59105,38.11202],[-122.59219,38.11203],[-122.59277,38.11125],[-122.5922,38.11046],[-122.59106,38.11046],[-122.59049,38.11124]]],"type":"Polygon"},"properties":{"bbox":{"parking":{"area":5604.73,"pct":21.57},"roads":{"area":4662.03,"pct":17.94}},"city":{"parking":{"area":5604.73,"pct":21.57},"roads":{"area":3578.36,"pct":13.77}},"id":"hex:3572:24354"},"type":"Feature"},{"geometry":{"coordinates":[[[-122.59048,38.1128],[-122.59104,38.11358],[-122.59218,38.11359],[-122.59276,38.11281],[-122.59219,38.11203],[-122.59105,38.11202],[-122.59048,38.1128]]],"type":"Polygon"},"properties":{"bbox":{"roads":{"area":1883.17,"pct":7.25}},"city":{"roads":{"area":1854.44,"pct":7.14}},"id":"hex:3572:24355"},"type":"Feature"},{"geometry":{"coordinates":[[[-122.59047,38.11436],[-122.59103,38.11514],[-122.59217,38.11515],[-122.59275,38.11437],[-122.59218,38.11359],[-122.59104,38.11358],[-122.59047,38.11436]]],"type":"Polygon"},"properties":{"bbox":{"roads":{"area":1706.4,"pct":6.57}},"city_same":1,"id":"hex:3572:24356"},"type":"Feature"},{"geometry":{"coordinates":[[[-122.59046,38.11592],[-122.59103,38.1167],[-122.59217,38.11671],[-122.59274,38.11593],[-122.59217,38.11515],[-122.59103,38.11514],[-122.59046,38.11592]]],"type":"Polygon"},"properties":{"bbox":{"roads":{"area":642.73,"pct":2.47}},"city_same":1,"id":"hex:3572:24357"},"type":"Feature"},{"geometry":{"coordinates":[[[-122.59045,38.11748],[-122.59102,38.11827],[-122.59216,38.11827],[-122.59273,38.11749],[-122.59217,38.11671],[-122.59103,38.1167],[-122.59045,38.11748]]],"type":"Polygon"},"properties":{"bbox":{"roads":{"area":2325.9,"pct":8.95}},"city_same":1,"id":"hex:3572:24358"},"type":"Feature"},{"geometry":{"coordinates":[[[-122.59044,38.11904],[-122.59101,38.11983],[-122.59215,38.11983],[-122.59272,38.11905],[-122.59216,38.11827],[-122.59102,38.11827],[-122.59044,38.11904]]],"type":"Polygon"},"properties":{"bbox":{"roads":{"area":1383.48,"pct":5.33}},"city_same":1,"id":"hex:3572:24359"},"type":"Feature"},{"geometry":{"coordinates":[[[-122.59043,38.12061],[-122.591,38.12139],[-122.59214,38.12139],[-122.59271,38.12061],[-122.59215,38.11983],[-122.59101,38.11983],[-122.59043,38.12061]]],"type":"Polygon"},"properties":{"bbox":{"roads":{"area":2683.07,"pct":10.33}},"city_same":1,"id":"hex:3572:24360"},"type":"Feature"},{"geometry":{"coordinates":[[[-122.59042,38.12217],[-122.59099,38.12295],[-122.59213,38.12295],[-122.59271,38.12217],[-122.59214,38.12139],[-122.591,38.12139],[-122.59042,38.12217]]],"type":"Polygon"},"properties":{"bbox":{"roads":{"area":2034.03,"pct":7.83}},"city_same":1,"id":"hex:3572:24361"},"type":"Feature"},{"geometry":{"coordinates":[[[-122.59042,38.12373],[-122.59098,38.12451],[-122.59212,38.12451],[-122.5927,38.12374],[-122.59213,38.12295],[-122.59099,38.12295],[-122.59042,38.12373]]],"type":"Polygon"},"properties":{"bbox":{"roads":{"area":4375.35,"pct":16.84},"sidewalks":{"area":198.92,"pct":0.77}},"city":{"roads":{"area":1725.24,"pct":6.64},"sidewalks":{"area":198.92,"pct":0.77}},"id":"hex:3572:24362"},"type":"Feature"},{"geometry":{"coordinates":[[[-122.59041,38.12529],[-122.59097,38.12607],[-122.59211,38.12607],[-122.59269,38.1253],[-122.59212,38.12451],[-122.59098,38.12451],[-122.59041,38.12529]]],"type":"Polygon"},"properties":{"bbox":{"roads":{"area":2201.44,"pct":8.47}},"city_same":1,"id":"hex:3572:24363"},"type":"Feature"},{"geometry":{"coordinates":[[[-122.5904,38.12685],[-122.59096,38.12763],[-122.59211,38.12764],[-122.59268,38.12686],[-122.59211,38.12607],[-122.59097,38.12607],[-122.5904,38.12685]]],"type":"Polygon"},"properties":{"bbox":{"roads":{"area":168.91,"pct":0.65}},"city_same":1,"id":"hex:3572:24364"},"type":"Feature"},{"geometry":{"coordinates":[[[-122.59116,38.09329],[-122.59058,38.09407],[-122.58944,38.09406],[-122.58887,38.09328],[-122.58945,38.0925],[-122.59041,38.09251],[-122.59068,38.09263],[-122.59116,38.09329]]],"type":"Polygon"},"properties":{"bbox":{"roads":{"area":450.38,"pct":1.74}},"city_same":1,"id":"hex:3573:24342"},"type":"Feature"},{"geometry":{"coordinates":[[[-122.58887,38.09484],[-122.58943,38.09563],[-122.59057,38.09563],[-122.59115,38.09485],[-122.59058,38.09407],[-122.58944,38.09406],[-122.58887,38.09484]]],"type":"Polygon"},"properties":{"bbox":{"roads":{"area":586.05,"pct":2.26}},"city_same":1,"id":"hex:3573:24343"},"type":"Feature"},{"geometry":{"coordinates":[[[-122.58886,38.0964],[-122.58942,38.09719],[-122.59056,38.09719],[-122.59114,38.09641],[-122.59057,38.09563],[-122.58943,38.09563],[-122.58886,38.0964]]],"type":"Polygon"},"properties":{"bbox":{"roads":{"area":1644,"pct":6.33}},"city_same":1,"id":"hex:3573:24344"},"type":"Feature"},{"geometry":{"coordinates":[[[-122.58941,38.09875],[-122.58885,38.09796],[-122.58942,38.09719],[-122.59056,38.09719],[-122.59067,38.09734],[-122.58983,38.09851],[-122.59037,38.09875],[-122.58941,38.09875]]],"type":"Polygon"},"properties":{"bbox":{"roads":{"area":700.53,"pct":4.08}},"city_same":1,"id":"hex:3573:24345"},"type":"Feature"},{"geometry":{"coordinates":[[[-122.59112,38.09953],[-122.59055,38.10031],[-122.58941,38.10031],[-122.58884,38.09953],[-122.58941,38.09875],[-122.59037,38.09875],[-122.59064,38.09887],[-122.59112,38.09953]]],"type":"Polygon"},"properties":{"bbox":{"roads":{"area":537.55,"pct":2.08}},"city_same":1,"id":"hex:3573:24346"},"type":"Feature"},{"geometry":{"coordinates":[[[-122.58883,38.10109],[-122.5894,38.10187],[-122.59054,38.10187],[-122.59111,38.10109],[-122.59055,38.10031],[-122.58941,38.10031],[-122.58883,38.10109]]],"type":"Polygon"},"properties":{"bbox":{"roads":{"area":670.96,"pct":2.58}},"city_same":1,"id":"hex:3573:24347"},"type":"Feature"},{"geometry":{"coordinates":[[[-122.58882,38.10265],[-122.58939,38.10343],[-122.59053,38.10343],[-122.5911,38.10266],[-122.59054,38.10187],[-122.5894,38.10187],[-122.58882,38.10265]]],"type":"Polygon"},"properties":{"bbox":{"roads":{"area":1300,"pct":5}},"city_same":1,"id":"hex:3573:24348"},"type":"Feature"},{"geometry":{"coordinates":[[[-122.58881,38.10421],[-122.58938,38.10499],[-122.59052,38.105],[-122.59109,38.10422],[-122.59053,38.10343],[-122.58939,38.10343],[-122.58881,38.10421]]],"type":"Polygon"},"properties":{"bbox":{"roads":{"area":2632.29,"pct":10.13}},"city_same":1,"id":"hex:3573:24349"},"type":"Feature"},{"geometry":{"coordinates":[[[-122.5888,38.10577],[-122.58937,38.10655],[-122.59051,38.10656],[-122.59109,38.10578],[-122.59052,38.105],[-122.58938,38.10499],[-122.5888,38.10577]]],"type":"Polygon"},"properties":{"bbox":{"roads":{"area":2483.92,"pct":9.56}},"city_same":1,"id":"hex:3573:24350"},"type":"Feature"},{"geometry":{"coordinates":[[[-122.5888,38.10733],[-122.58936,38.10811],[-122.5905,38.10812],[-122.59108,38.10734],[-122.59051,38.10656],[-122.58937,38.10655],[-122.5888,38.10733]]],"type":"Polygon"},"properties":{"bbox":{"roads":{"area":2278.51,"pct":8.77}},"city_same":1,"id":"hex:3573:24351"},"type":"Feature"},{"geometry":{"coordinates":[[[-122.58879,38.10889],[-122.58935,38.10967],[-122.59049,38.10968],[-122.59107,38.1089],[-122.5905,38.10812],[-122.58936,38.10811],[-122.58879,38.10889]]],"type":"Polygon"},"properties":{"bbox":{"roads":{"area":1082.58,"pct":4.17}},"city_same":1,"id":"hex:3573:24352"},"type":"Feature"},{"geometry":{"coordinates":[[[-122.58878,38.11045],[-122.58934,38.11124],[-122.59049,38.11124],[-122.59106,38.11046],[-122.59049,38.10968],[-122.58935,38.10967],[-122.58878,38.11045]]],"type":"Polygon"},"properties":{"bbox":{"parking":{"area":3104.34,"pct":11.95},"roads":{"area":2521.72,"pct":9.71}},"city":{"parking":{"area":3104.34,"pct":11.95},"roads":{"area":1666.4,"pct":6.41}},"id":"hex:3573:24353"},"type":"Feature"},{"geometry":{"coordinates":[[[-122.58877,38.11201],[-122.58934,38.1128],[-122.59048,38.1128],[-122.59105,38.11202],[-122.59049,38.11124],[-122.58934,38.11124],[-122.58877,38.11201]]],"type":"Polygon"},"properties":{"bbox":{"roads":{"area":1931.61,"pct":7.43}},"city":{"roads":{"area":1516.25,"pct":5.84}},"id":"hex:3573:24354"},"type":"Feature"},{"geometry":{"coordinates":[[[-122.58876,38.11357],[-122.58933,38.11436],[-122.59047,38.11436],[-122.59104,38.11358],[-122.59048,38.1128],[-122.58934,38.1128],[-122.58876,38.11357]]],"type":"Polygon"},"properties":{"bbox":{"parking":{"area":546.41,"pct":2.1},"roads":{"area":528.14,"pct":2.03}},"city_same":1,"id":"hex:3573:24355"},"type":"Feature"},{"geometry":{"coordinates":[[[-122.58875,38.11514],[-122.58932,38.11592],[-122.59046,38.11592],[-122.59103,38.11514],[-122.59047,38.11436],[-122.58933,38.11436],[-122.58875,38.11514]]],"type":"Polygon"},"properties":{"bbox":{"roads":{"area":1272.96,"pct":4.9}},"city_same":1,"id":"hex:3573:24356"},"type":"Feature"},{"geometry":{"coordinates":[[[-122.58874,38.1167],[-122.58931,38.11748],[-122.59045,38.11748],[-122.59103,38.1167],[-122.59046,38.11592],[-122.58932,38.11592],[-122.58874,38.1167]]],"type":"Polygon"},"properties":{"bbox":{"roads":{"area":2304.21,"pct":8.87}},"city_same":1,"id":"hex:3573:24357"},"type":"Feature"},{"geometry":{"coordinates":[[[-122.58873,38.11826],[-122.5893,38.11904],[-122.59044,38.11904],[-122.59102,38.11827],[-122.59045,38.11748],[-122.58931,38.11748],[-122.58873,38.11826]]],"type":"Polygon"},"properties":{"bbox":{"roads":{"area":1687.28,"pct":6.49}},"city_same":1,"id":"hex:3573:24358"},"type":"Feature"},{"geometry":{"coordinates":[[[-122.58873,38.11982],[-122.58929,38.1206],[-122.59043,38.12061],[-122.59101,38.11983],[-122.59044,38.11904],[-122.5893,38.11904],[-122.58873,38.11982]]],"type":"Polygon"},"properties":{"bbox":{"roads":{"area":1405.29,"pct":5.41}},"city_same":1,"id":"hex:3573:24359"},"type":"Feature"},{"geometry":{"coordinates":[[[-122.58872,38.12138],[-122.58928,38.12216],[-122.59042,38.12217],[-122.591,38.12139],[-122.59043,38.12061],[-122.58929,38.1206],[-122.58872,38.12138]]],"type":"Polygon"},"properties":{"bbox":{"roads":{"area":1742.94,"pct":6.71}},"city_same":1,"id":"hex:3573:24360"},"type":"Feature"},{"geometry":{"coordinates":[[[-122.58871,38.12294],[-122.58927,38.12372],[-122.59042,38.12373],[-122.59099,38.12295],[-122.59042,38.12217],[-122.58928,38.12216],[-122.58871,38.12294]]],"type":"Polygon"},"properties":{"bbox":{"roads":{"area":1581.39,"pct":6.09}},"city_same":1,"id":"hex:3573:24361"},"type":"Feature"},{"geometry":{"coordinates":[[[-122.5887,38.1245],[-122.58927,38.12528],[-122.59041,38.12529],[-122.59098,38.12451],[-122.59042,38.12373],[-122.58927,38.12372],[-122.5887,38.1245]]],"type":"Polygon"},"properties":{"bbox":{"roads":{"area":3954.22,"pct":15.22}},"city":{"roads":{"area":1085.93,"pct":4.18}},"id":"hex:3573:24362"},"type":"Feature"},{"geometry":{"coordinates":[[[-122.58869,38.12606],[-122.58926,38.12685],[-122.5904,38.12685],[-122.59097,38.12607],[-122.59041,38.12529],[-122.58927,38.12528],[-122.58869,38.12606]]],"type":"Polygon"},"properties":{"bbox":{"roads":{"area":1475.72,"pct":5.68}},"city_same":1,"id":"hex:3573:24363"},"type":"Feature"},{"geometry":{"coordinates":[[[-122.58945,38.0925],[-122.58887,38.09328],[-122.58773,38.09328],[-122.58717,38.0925],[-122.58774,38.09172],[-122.58864,38.09172],[-122.589,38.09188],[-122.58945,38.0925]]],"type":"Polygon"},"properties":{"bbox":{"roads":{"area":949.13,"pct":3.68}},"city_same":1,"id":"hex:3574:24342"},"type":"Feature"},{"geometry":{"coordinates":[[[-122.58716,38.09406],[-122.58773,38.09484],[-122.58887,38.09484],[-122.58944,38.09406],[-122.58887,38.09328],[-122.58773,38.09328],[-122.58716,38.09406]]],"type":"Polygon"},"properties":{"bbox":{"roads":{"area":946.13,"pct":3.64}},"city_same":1,"id":"hex:3574:24343"},"type":"Feature"},{"geometry":{"coordinates":[[[-122.58715,38.09562],[-122.58772,38.0964],[-122.58886,38.0964],[-122.58943,38.09563],[-122.58887,38.09484],[-122.58773,38.09484],[-122.58715,38.09562]]],"type":"Polygon"},"properties":{"bbox":{"roads":{"area":1660.38,"pct":6.39}},"city_same":1,"id":"hex:3574:24344"},"type":"Feature"},{"geometry":{"coordinates":[[[-122.58714,38.09718],[-122.58772,38.0964],[-122.58886,38.0964],[-122.58942,38.09719],[-122.58885,38.09796],[-122.58771,38.09796],[-122.58767,38.09791],[-122.58789,38.09772],[-122.58799,38.09759],[-122.5882,38.09755],[-122.5883,38.09749],[-122.58844,38.09746],[-122.58862,38.09748],[-122.58869,38.09747],[-122.58872,38.09742],[-122.58867,38.09736],[-122.58833,38.09725],[-122.58802,38.0972],[-122.58783,38.0973],[-122.58772,38.09737],[-122.58756,38.09735],[-122.5875,38.09736],[-122.58747,38.0974],[-122.58753,38.09759],[-122.58747,38.09763],[-122.58714,38.09718]]],"type":"Polygon"},"properties":{"bbox":{"roads":{"area":967.26,"pct":4.37}},"city_same":1,"id":"hex:3574:24345"},"type":"Feature"},{"geometry":{"coordinates":[[[-122.58712,38.10186],[-122.58768,38.10264],[-122.58882,38.10265],[-122.5894,38.10187],[-122.58883,38.10109],[-122.58769,38.10108],[-122.58712,38.10186]]],"type":"Polygon"},"properties":{"bbox":{"roads":{"area":345.32,"pct":1.33}},"city_same":1,"id":"hex:3574:24348"},"type":"Feature"},{"geometry":{"coordinates":[[[-122.58711,38.10342],[-122.58767,38.1042],[-122.58881,38.10421],[-122.58939,38.10343],[-122.58882,38.10265],[-122.58768,38.10264],[-122.58711,38.10342]]],"type":"Polygon"},"properties":{"bbox":{"roads":{"area":1555.35,"pct":5.99}},"city_same":1,"id":"hex:3574:24349"},"type":"Feature"},{"geometry":{"coordinates":[[[-122.5871,38.10498],[-122.58766,38.10577],[-122.5888,38.10577],[-122.58938,38.10499],[-122.58881,38.10421],[-122.58767,38.1042],[-122.5871,38.10498]]],"type":"Polygon"},"properties":{"bbox":{"roads":{"area":1496.7,"pct":5.76}},"city_same":1,"id":"hex:3574:24350"},"type":"Feature"},{"geometry":{"coordinates":[[[-122.58709,38.10654],[-122.58766,38.10733],[-122.5888,38.10733],[-122.58937,38.10655],[-122.5888,38.10577],[-122.58766,38.10577],[-122.58709,38.10654]]],"type":"Polygon"},"properties":{"bbox":{"roads":{"area":2418.68,"pct":9.31}},"city_same":1,"id":"hex:3574:24351"},"type":"Feature"},{"geometry":{"coordinates":[[[-122.58708,38.10811],[-122.58765,38.10889],[-122.58879,38.10889],[-122.58936,38.10811],[-122.5888,38.10733],[-122.58766,38.10733],[-122.58708,38.10811]]],"type":"Polygon"},"properties":{"bbox":{"roads":{"area":2591.48,"pct":9.97}},"city_same":1,"id":"hex:3574:24352"},"type":"Feature"},{"geometry":{"coordinates":[[[-122.58707,38.10967],[-122.58764,38.11045],[-122.58878,38.11045],[-122.58935,38.10967],[-122.58879,38.10889],[-122.58765,38.10889],[-122.58707,38.10967]]],"type":"Polygon"},"properties":{"bbox":{"parking":{"area":3687.46,"pct":14.19},"roads":{"area":2587.22,"pct":9.96}},"city":{"parking":{"area":3687.46,"pct":14.19},"roads":{"area":1761.61,"pct":6.78}},"id":"hex:3574:24353"},"type":"Feature"},{"geometry":{"coordinates":[[[-122.58706,38.11123],[-122.58763,38.11201],[-122.58877,38.11201],[-122.58934,38.11124],[-122.58878,38.11045],[-122.58764,38.11045],[-122.58706,38.11123]]],"type":"Polygon"},"properties":{"bbox":{"roads":{"area":1627.37,"pct":6.26}},"city":{"roads":{"area":1150.17,"pct":4.43}},"id":"hex:3574:24354"},"type":"Feature"},{"geometry":{"coordinates":[[[-122.58705,38.11279],[-122.58762,38.11357],[-122.58876,38.11357],[-122.58934,38.1128],[-122.58877,38.11201],[-122.58763,38.11201],[-122.58705,38.11279]]],"type":"Polygon"},"properties":{"bbox":{"parking":{"area":569.54,"pct":2.19},"roads":{"area":1879.1,"pct":7.23}},"city_same":1,"id":"hex:3574:24355"},"type":"Feature"},{"geometry":{"coordinates":[[[-122.58705,38.11435],[-122.58761,38.11513],[-122.58875,38.11514],[-122.58933,38.11436],[-122.58876,38.11357],[-122.58762,38.11357],[-122.58705,38.11435]]],"type":"Polygon"},"properties":{"bbox":{"roads":{"area":2260.74,"pct":8.7}},"city_same":1,"id":"hex:3574:24356"},"type":"Feature"},{"geometry":{"coordinates":[[[-122.58704,38.11591],[-122.5876,38.11669],[-122.58874,38.1167],[-122.58932,38.11592],[-122.58875,38.11514],[-122.58761,38.11513],[-122.58704,38.11591]]],"type":"Polygon"},"properties":{"bbox":{"roads":{"area":1358.11,"pct":5.23}},"city_same":1,"id":"hex:3574:24357"},"type":"Feature"},{"geometry":{"coordinates":[[[-122.58703,38.11747],[-122.58759,38.11825],[-122.58873,38.11826],[-122.58931,38.11748],[-122.58874,38.1167],[-122.5876,38.11669],[-122.58703,38.11747]]],"type":"Polygon"},"properties":{"bbox":{"roads":{"area":1885.61,"pct":7.26}},"city_same":1,"id":"hex:3574:24358"},"type":"Feature"},{"geometry":{"coordinates":[[[-122.58702,38.11903],[-122.58759,38.11981],[-122.58873,38.11982],[-122.5893,38.11904],[-122.58873,38.11826],[-122.58759,38.11825],[-122.58702,38.11903]]],"type":"Polygon"},"properties":{"bbox":{"roads":{"area":2312.69,"pct":8.9}},"city_same":1,"id":"hex:3574:24359"},"type":"Feature"},{"geometry":{"coordinates":[[[-122.58701,38.12059],[-122.58758,38.12138],[-122.58872,38.12138],[-122.58929,38.1206],[-122.58873,38.11982],[-122.58759,38.11981],[-122.58701,38.12059]]],"type":"Polygon"},"properties":{"bbox":{"roads":{"area":460,"pct":1.77}},"city_same":1,"id":"hex:3574:24360"},"type":"Feature"},{"geometry":{"coordinates":[[[-122.587,38.12215],[-122.58757,38.12294],[-122.58871,38.12294],[-122.58928,38.12216],[-122.58872,38.12138],[-122.58758,38.12138],[-122.587,38.12215]]],"type":"Polygon"},"properties":{"bbox":{"roads":{"area":845.03,"pct":3.25}},"city_same":1,"id":"hex:3574:24361"},"type":"Feature"},{"geometry":{"coordinates":[[[-122.58699,38.12372],[-122.58756,38.1245],[-122.5887,38.1245],[-122.58927,38.12372],[-122.58871,38.12294],[-122.58757,38.12294],[-122.58699,38.12372]]],"type":"Polygon"},"properties":{"bbox":{"roads":{"area":3089.87,"pct":11.89}},"city":{"roads":{"area":1856.22,"pct":7.14}},"id":"hex:3574:24362"},"type":"Feature"},{"geometry":{"coordinates":[[[-122.58698,38.12528],[-122.58755,38.12606],[-122.58869,38.12606],[-122.58927,38.12528],[-122.5887,38.1245],[-122.58756,38.1245],[-122.58698,38.12528]]],"type":"Polygon"},"properties":{"bbox":{"roads":{"area":2517.31,"pct":9.69}},"city":{"roads":{"area":1670.01,"pct":6.43}},"id":"hex:3574:24363"},"type":"Feature"},{"geometry":{"coordinates":[[[-122.58698,38.12684],[-122.58754,38.12762],[-122.58868,38.12762],[-122.58926,38.12685],[-122.58869,38.12606],[-122.58755,38.12606],[-122.58698,38.12684]]],"type":"Polygon"},"properties":{"bbox":{"roads":{"area":509.29,"pct":1.96}},"city_same":1,"id":"hex:3574:24364"},"type":"Feature"},{"geometry":{"coordinates":[[[-122.58774,38.09172],[-122.58717,38.0925],[-122.58603,38.09249],[-122.58559,38.09188],[-122.5858,38.09172],[-122.58564,38.09158],[-122.58633,38.09174],[-122.58641,38.09212],[-122.58629,38.09231],[-122.58654,38.09231],[-122.58659,38.09193],[-122.58747,38.09133],[-122.58774,38.09172]]],"type":"Polygon"},"properties":{"bbox":{"roads":{"area":617.91,"pct":4.78}},"city_same":1,"id":"hex:3575:24341"},"type":"Feature"},{"geometry":{"coordinates":[[[-122.58545,38.09327],[-122.58602,38.09405],[-122.58716,38.09406],[-122.58773,38.09328],[-122.58717,38.0925],[-122.58603,38.09249],[-122.58545,38.09327]]],"type":"Polygon"},"properties":{"bbox":{"roads":{"area":1585.12,"pct":6.1}},"city_same":1,"id":"hex:3575:24342"},"type":"Feature"},{"geometry":{"coordinates":[[[-122.58544,38.09483],[-122.58601,38.09561],[-122.58715,38.09562],[-122.58773,38.09484],[-122.58716,38.09406],[-122.58602,38.09405],[-122.58544,38.09483]]],"type":"Polygon"},"properties":{"bbox":{"roads":{"area":1765.21,"pct":6.79}},"city_same":1,"id":"hex:3575:24343"},"type":"Feature"},{"geometry":{"coordinates":[[[-122.58544,38.09639],[-122.586,38.09717],[-122.58714,38.09718],[-122.58772,38.0964],[-122.58715,38.09562],[-122.58601,38.09561],[-122.58544,38.09639]]],"type":"Polygon"},"properties":{"bbox":{"roads":{"area":1243.49,"pct":4.79}},"city_same":1,"id":"hex:3575:24344"},"type":"Feature"},{"geometry":{"coordinates":[[[-122.5854,38.10264],[-122.58597,38.10342],[-122.58711,38.10342],[-122.58768,38.10264],[-122.58712,38.10186],[-122.58598,38.10186],[-122.5854,38.10264]]],"type":"Polygon"},"properties":{"bbox":{"roads":{"area":415.52,"pct":1.6}},"city_same":1,"id":"hex:3575:24348"},"type":"Feature"},{"geometry":{"coordinates":[[[-122.58539,38.1042],[-122.58596,38.10498],[-122.5871,38.10498],[-122.58767,38.1042],[-122.58711,38.10342],[-122.58597,38.10342],[-122.58539,38.1042]]],"type":"Polygon"},"properties":{"bbox":{"roads":{"area":1611.91,"pct":6.2}},"city_same":1,"id":"hex:3575:24349"},"type":"Feature"},{"geometry":{"coordinates":[[[-122.58538,38.10576],[-122.58595,38.10654],[-122.58709,38.10654],[-122.58766,38.10577],[-122.5871,38.10498],[-122.58596,38.10498],[-122.58538,38.10576]]],"type":"Polygon"},"properties":{"bbox":{"roads":{"area":1881.32,"pct":7.24}},"city_same":1,"id":"hex:3575:24350"},"type":"Feature"},{"geometry":{"coordinates":[[[-122.58537,38.10732],[-122.58594,38.1081],[-122.58708,38.10811],[-122.58766,38.10733],[-122.58709,38.10654],[-122.58595,38.10654],[-122.58537,38.10732]]],"type":"Polygon"},"properties":{"bbox":{"roads":{"area":410.91,"pct":1.58}},"city_same":1,"id":"hex:3575:24351"},"type":"Feature"},{"geometry":{"coordinates":[[[-122.58537,38.10888],[-122.58593,38.10966],[-122.58707,38.10967],[-122.58765,38.10889],[-122.58708,38.10811],[-122.58594,38.1081],[-122.58537,38.10888]]],"type":"Polygon"},"properties":{"bbox":{"roads":{"area":2334.04,"pct":8.98}},"city":{"roads":{"area":1258.89,"pct":4.85}},"id":"hex:3575:24352"},"type":"Feature"},{"geometry":{"coordinates":[[[-122.58536,38.11044],[-122.58592,38.11122],[-122.58706,38.11123],[-122.58764,38.11045],[-122.58707,38.10967],[-122.58593,38.10966],[-122.58536,38.11044]]],"type":"Polygon"},"properties":{"bbox":{"roads":{"area":2310.14,"pct":8.89}},"city":{"roads":{"area":1468.07,"pct":5.65}},"id":"hex:3575:24353"},"type":"Feature"},{"geometry":{"coordinates":[[[-122.58535,38.112],[-122.58591,38.11278],[-122.58705,38.11279],[-122.58763,38.11201],[-122.58706,38.11123],[-122.58592,38.11122],[-122.58535,38.112]]],"type":"Polygon"},"properties":{"bbox":{"roads":{"area":1879.16,"pct":7.23}},"city_same":1,"id":"hex:3575:24354"},"type":"Feature"},{"geometry":{"coordinates":[[[-122.58534,38.11356],[-122.5859,38.11435],[-122.58705,38.11435],[-122.58762,38.11357],[-122.58705,38.11279],[-122.58591,38.11278],[-122.58534,38.11356]]],"type":"Polygon"},"properties":{"bbox":{"roads":{"area":1032.53,"pct":3.97}},"city_same":1,"id":"hex:3575:24355"},"type":"Feature"},{"geometry":{"coordinates":[[[-122.58533,38.11512],[-122.5859,38.11591],[-122.58704,38.11591],[-122.58761,38.11513],[-122.58705,38.11435],[-122.5859,38.11435],[-122.58533,38.11512]]],"type":"Polygon"},"properties":{"bbox":{"roads":{"area":2465.56,"pct":9.49}},"city_same":1,"id":"hex:3575:24356"},"type":"Feature"},{"geometry":{"coordinates":[[[-122.58532,38.11668],[-122.58589,38.11747],[-122.58703,38.11747],[-122.5876,38.11669],[-122.58704,38.11591],[-122.5859,38.11591],[-122.58532,38.11668]]],"type":"Polygon"},"properties":{"bbox":{"roads":{"area":2371.78,"pct":9.13}},"city_same":1,"id":"hex:3575:24357"},"type":"Feature"},{"geometry":{"coordinates":[[[-122.58531,38.11825],[-122.58588,38.11903],[-122.58702,38.11903],[-122.58759,38.11825],[-122.58703,38.11747],[-122.58589,38.11747],[-122.58531,38.11825]]],"type":"Polygon"},"properties":{"bbox":{"roads":{"area":2496.97,"pct":9.61}},"city_same":1,"id":"hex:3575:24358"},"type":"Feature"},{"geometry":{"coordinates":[[[-122.5853,38.11981],[-122.58587,38.12059],[-122.58701,38.12059],[-122.58759,38.11981],[-122.58702,38.11903],[-122.58588,38.11903],[-122.5853,38.11981]]],"type":"Polygon"},"properties":{"bbox":{"roads":{"area":2339.97,"pct":9.01}},"city_same":1,"id":"hex:3575:24359"},"type":"Feature"},{"geometry":{"coordinates":[[[-122.58529,38.12137],[-122.58586,38.12215],[-122.587,38.12215],[-122.58758,38.12138],[-122.58701,38.12059],[-122.58587,38.12059],[-122.58529,38.12137]]],"type":"Polygon"},"properties":{"bbox":{"roads":{"area":363.53,"pct":1.4}},"city":{"roads":{"area":74.87,"pct":0.29}},"id":"hex:3575:24360"},"type":"Feature"},{"geometry":{"coordinates":[[[-122.58529,38.12293],[-122.58585,38.12371],[-122.58699,38.12372],[-122.58757,38.12294],[-122.587,38.12215],[-122.58586,38.12215],[-122.58529,38.12293]]],"type":"Polygon"},"properties":{"bbox":{"roads":{"area":3408.7,"pct":13.12}},"city":{"roads":{"area":474.94,"pct":1.83}},"id":"hex:3575:24361"},"type":"Feature"},{"geometry":{"coordinates":[[[-122.58528,38.12449],[-122.58584,38.12527],[-122.58698,38.12528],[-122.58756,38.1245],[-122.58699,38.12372],[-122.58585,38.12371],[-122.58528,38.12449]]],"type":"Polygon"},"properties":{"bbox":{"roads":{"area":3535.02,"pct":13.61}},"city":{"roads":{"area":2380.07,"pct":9.16}},"id":"hex:3575:24362"},"type":"Feature"},{"geometry":{"coordinates":[[[-122.58527,38.12605],[-122.58583,38.12683],[-122.58698,38.12684],[-122.58755,38.12606],[-122.58698,38.12528],[-122.58584,38.12527],[-122.58527,38.12605]]],"type":"Polygon"},"properties":{"bbox":{"roads":{"area":56.47,"pct":0.22}},"city_same":1,"id":"hex:3575:24363"},"type":"Feature"},{"geometry":{"coordinates":[[[-122.58603,38.09249],[-122.58545,38.09327],[-122.58431,38.09327],[-122.58397,38.0928],[-122.58419,38.09294],[-122.58443,38.09292],[-122.58526,38.09228],[-122.5856,38.09255],[-122.58564,38.0925],[-122.58521,38.09216],[-122.58559,38.09188],[-122.58603,38.09249]]],"type":"Polygon"},"properties":{"bbox":{"roads":{"area":664.8,"pct":5.34}},"city_same":1,"id":"hex:3576:24342"},"type":"Feature"},{"geometry":{"coordinates":[[[-122.58374,38.09404],[-122.5843,38.09483],[-122.58544,38.09483],[-122.58602,38.09405],[-122.58545,38.09327],[-122.58431,38.09327],[-122.58374,38.09404]]],"type":"Polygon"},"properties":{"bbox":{"roads":{"area":1170.96,"pct":4.51}},"city_same":1,"id":"hex:3576:24343"},"type":"Feature"},{"geometry":{"coordinates":[[[-122.58373,38.0956],[-122.5843,38.09639],[-122.58544,38.09639],[-122.58601,38.09561],[-122.58544,38.09483],[-122.5843,38.09483],[-122.58373,38.0956]]],"type":"Polygon"},"properties":{"bbox":{"roads":{"area":2026.92,"pct":7.8}},"city_same":1,"id":"hex:3576:24344"},"type":"Feature"},{"geometry":{"coordinates":[[[-122.58372,38.09717],[-122.58429,38.09795],[-122.58543,38.09795],[-122.586,38.09717],[-122.58544,38.09639],[-122.5843,38.09639],[-122.58372,38.09717]]],"type":"Polygon"},"properties":{"bbox":{"roads":{"area":1630.98,"pct":6.28}},"city_same":1,"id":"hex:3576:24345"},"type":"Feature"},{"geometry":{"coordinates":[[[-122.58371,38.09873],[-122.58428,38.09951],[-122.58542,38.09951],[-122.58599,38.09874],[-122.58543,38.09795],[-122.58429,38.09795],[-122.58371,38.09873]]],"type":"Polygon"},"properties":{"bbox":{"roads":{"area":408.82,"pct":1.57}},"city_same":1,"id":"hex:3576:24346"},"type":"Feature"},{"geometry":{"coordinates":[[[-122.5837,38.10029],[-122.58427,38.10107],[-122.58541,38.10107],[-122.58598,38.1003],[-122.58542,38.09951],[-122.58428,38.09951],[-122.5837,38.10029]]],"type":"Polygon"},"properties":{"bbox":{"roads":{"area":1719.41,"pct":6.62}},"city_same":1,"id":"hex:3576:24347"},"type":"Feature"},{"geometry":{"coordinates":[[[-122.58369,38.10185],[-122.58426,38.10263],[-122.5854,38.10264],[-122.58598,38.10186],[-122.58541,38.10107],[-122.58427,38.10107],[-122.58369,38.10185]]],"type":"Polygon"},"properties":{"bbox":{"roads":{"area":341.73,"pct":1.32}},"city_same":1,"id":"hex:3576:24348"},"type":"Feature"},{"geometry":{"coordinates":[[[-122.58369,38.10341],[-122.58425,38.10419],[-122.58539,38.1042],[-122.58597,38.10342],[-122.5854,38.10264],[-122.58426,38.10263],[-122.58369,38.10341]]],"type":"Polygon"},"properties":{"bbox":{"roads":{"area":1525.33,"pct":5.87}},"city_same":1,"id":"hex:3576:24349"},"type":"Feature"},{"geometry":{"coordinates":[[[-122.58368,38.10497],[-122.58424,38.10575],[-122.58538,38.10576],[-122.58596,38.10498],[-122.58539,38.1042],[-122.58425,38.10419],[-122.58368,38.10497]]],"type":"Polygon"},"properties":{"bbox":{"parking":{"area":610.24,"pct":2.35},"roads":{"area":3133.91,"pct":12.06}},"city_same":1,"id":"hex:3576:24350"},"type":"Feature"},{"geometry":{"coordinates":[[[-122.58366,38.10809],[-122.58422,38.10888],[-122.58537,38.10888],[-122.58594,38.1081],[-122.58537,38.10732],[-122.58423,38.10731],[-122.58366,38.10809]]],"type":"Polygon"},"properties":{"bbox":{"roads":{"area":2983.95,"pct":11.49}},"city":{"roads":{"area":1659.29,"pct":6.39}},"id":"hex:3576:24352"},"type":"Feature"},{"geometry":{"coordinates":[[[-122.58365,38.10965],[-122.58422,38.11044],[-122.58536,38.11044],[-122.58593,38.10966],[-122.58537,38.10888],[-122.58422,38.10888],[-122.58365,38.10965]]],"type":"Polygon"},"properties":{"bbox":{"roads":{"area":2826.17,"pct":10.88}},"city":{"roads":{"area":2010.06,"pct":7.74}},"id":"hex:3576:24353"},"type":"Feature"},{"geometry":{"coordinates":[[[-122.58364,38.11122],[-122.58421,38.112],[-122.58535,38.112],[-122.58592,38.11122],[-122.58536,38.11044],[-122.58422,38.11044],[-122.58364,38.11122]]],"type":"Polygon"},"properties":{"bbox":{"roads":{"area":1137.09,"pct":4.38}},"city_same":1,"id":"hex:3576:24354"},"type":"Feature"},{"geometry":{"coordinates":[[[-122.58363,38.11278],[-122.5842,38.11356],[-122.58534,38.11356],[-122.58591,38.11278],[-122.58535,38.112],[-122.58421,38.112],[-122.58363,38.11278]]],"type":"Polygon"},"properties":{"bbox":{"roads":{"area":1375.42,"pct":5.29}},"city_same":1,"id":"hex:3576:24355"},"type":"Feature"},{"geometry":{"coordinates":[[[-122.58362,38.11434],[-122.58419,38.11512],[-122.58533,38.11512],[-122.5859,38.11435],[-122.58534,38.11356],[-122.5842,38.11356],[-122.58362,38.11434]]],"type":"Polygon"},"properties":{"bbox":{"roads":{"area":1247.66,"pct":4.8}},"city_same":1,"id":"hex:3576:24356"},"type":"Feature"},{"geometry":{"coordinates":[[[-122.58361,38.1159],[-122.58418,38.11668],[-122.58532,38.11668],[-122.5859,38.11591],[-122.58533,38.11512],[-122.58419,38.11512],[-122.58361,38.1159]]],"type":"Polygon"},"properties":{"bbox":{"roads":{"area":1702.49,"pct":6.55}},"city_same":1,"id":"hex:3576:24357"},"type":"Feature"},{"geometry":{"coordinates":[[[-122.58361,38.11746],[-122.58417,38.11824],[-122.58531,38.11825],[-122.58589,38.11747],[-122.58532,38.11668],[-122.58418,38.11668],[-122.58361,38.11746]]],"type":"Polygon"},"properties":{"bbox":{"roads":{"area":1946.45,"pct":7.49}},"city_same":1,"id":"hex:3576:24358"},"type":"Feature"},{"geometry":{"coordinates":[[[-122.5836,38.11902],[-122.58416,38.1198],[-122.5853,38.11981],[-122.58588,38.11903],[-122.58531,38.11825],[-122.58417,38.11824],[-122.5836,38.11902]]],"type":"Polygon"},"properties":{"bbox":{"roads":{"area":439.47,"pct":1.69}},"city_same":1,"id":"hex:3576:24359"},"type":"Feature"},{"geometry":{"coordinates":[[[-122.58359,38.12058],[-122.58415,38.12136],[-122.58529,38.12137],[-122.58587,38.12059],[-122.5853,38.11981],[-122.58416,38.1198],[-122.58359,38.12058]]],"type":"Polygon"},"properties":{"bbox":{"roads":{"area":1550.07,"pct":5.97}},"city":{"roads":{"area":1524.31,"pct":5.87}},"id":"hex:3576:24360"},"type":"Feature"},{"geometry":{"coordinates":[[[-122.58358,38.12214],[-122.58415,38.12292],[-122.58529,38.12293],[-122.58586,38.12215],[-122.58529,38.12137],[-122.58415,38.12136],[-122.58358,38.12214]]],"type":"Polygon"},"properties":{"bbox":{"roads":{"area":4403.05,"pct":16.95}},"city":{"roads":{"area":2220.21,"pct":8.55}},"id":"hex:3576:24361"},"type":"Feature"},{"geometry":{"coordinates":[[[-122.58357,38.1237],[-122.58414,38.12449],[-122.58528,38.12449],[-122.58585,38.12371],[-122.58529,38.12293],[-122.58415,38.12292],[-122.58357,38.1237]]],"type":"Polygon"},"properties":{"bbox":{"roads":{"area":1841.7,"pct":7.09}},"city_same":1,"id":"hex:3576:24362"},"type":"Feature"},{"geometry":{"coordinates":[[[-122.58356,38.12526],[-122.58413,38.12605],[-122.58527,38.12605],[-122.58584,38.12527],[-122.58528,38.12449],[-122.58414,38.12449],[-122.58356,38.12526]]],"type":"Polygon"},"properties":{"bbox":{"roads":{"area":1646.54,"pct":6.34}},"city_same":1,"id":"hex:3576:24363"},"type":"Feature"},{"geometry":{"coordinates":[[[-122.58355,38.12683],[-122.58412,38.12761],[-122.58526,38.12761],[-122.58583,38.12683],[-122.58527,38.12605],[-122.58413,38.12605],[-122.58355,38.12683]]],"type":"Polygon"},"properties":{"bbox":{"roads":{"area":465.62,"pct":1.79}},"city_same":1,"id":"hex:3576:24364"},"type":"Feature"},{"geometry":{"coordinates":[[[-122.58213,38.07609],[-122.5827,38.07687],[-122.58384,38.07687],[-122.58441,38.07609],[-122.58384,38.07531],[-122.5827,38.07531],[-122.58213,38.07609]]],"type":"Polygon"},"properties":{"bbox":{"parking":{"area":1452.08,"pct":5.59},"roads":{"area":1024.02,"pct":3.94}},"city_same":1,"id":"hex:3577:24331"},"type":"Feature"},{"geometry":{"coordinates":[[[-122.58212,38.07765],[-122.58269,38.07843],[-122.58383,38.07843],[-122.5844,38.07766],[-122.58384,38.07687],[-122.5827,38.07687],[-122.58212,38.07765]]],"type":"Polygon"},"properties":{"bbox":{"parking":{"area":65.91,"pct":0.25}},"city_same":1,"id":"hex:3577:24332"},"type":"Feature"},{"geometry":{"coordinates":[[[-122.58209,38.08389],[-122.58265,38.08467],[-122.58379,38.08468],[-122.58437,38.0839],[-122.5838,38.08312],[-122.58266,38.08311],[-122.58209,38.08389]]],"type":"Polygon"},"properties":{"bbox":{"roads":{"area":31.6,"pct":0.12}},"city_same":1,"id":"hex:3577:24336"},"type":"Feature"},{"geometry":{"coordinates":[[[-122.58431,38.09327],[-122.58374,38.09404],[-122.5826,38.09404],[-122.58203,38.09326],[-122.58261,38.09248],[-122.58346,38.09248],[-122.58357,38.09253],[-122.58397,38.0928],[-122.58431,38.09327]]],"type":"Polygon"},"properties":{"bbox":{"roads":{"area":413.83,"pct":1.62}},"city_same":1,"id":"hex:3577:24342"},"type":"Feature"},{"geometry":{"coordinates":[[[-122.58202,38.09482],[-122.58259,38.0956],[-122.58373,38.0956],[-122.5843,38.09483],[-122.58374,38.09404],[-122.5826,38.09404],[-122.58202,38.09482]]],"type":"Polygon"},"properties":{"bbox":{"roads":{"area":52.55,"pct":0.2}},"city_same":1,"id":"hex:3577:24343"},"type":"Feature"},{"geometry":{"coordinates":[[[-122.58201,38.09638],[-122.58258,38.09716],[-122.58372,38.09717],[-122.5843,38.09639],[-122.58373,38.0956],[-122.58259,38.0956],[-122.58201,38.09638]]],"type":"Polygon"},"properties":{"bbox":{"roads":{"area":1343.07,"pct":5.17}},"city_same":1,"id":"hex:3577:24344"},"type":"Feature"},{"geometry":{"coordinates":[[[-122.58201,38.09794],[-122.58257,38.09872],[-122.58371,38.09873],[-122.58429,38.09795],[-122.58372,38.09717],[-122.58258,38.09716],[-122.58201,38.09794]]],"type":"Polygon"},"properties":{"bbox":{"roads":{"area":537.23,"pct":2.07}},"city_same":1,"id":"hex:3577:24345"},"type":"Feature"},{"geometry":{"coordinates":[[[-122.582,38.0995],[-122.58256,38.10028],[-122.5837,38.10029],[-122.58428,38.09951],[-122.58371,38.09873],[-122.58257,38.09872],[-122.582,38.0995]]],"type":"Polygon"},"properties":{"bbox":{"roads":{"area":2603.1,"pct":10.02}},"city_same":1,"id":"hex:3577:24346"},"type":"Feature"},{"geometry":{"coordinates":[[[-122.58199,38.10106],[-122.58255,38.10184],[-122.58369,38.10185],[-122.58427,38.10107],[-122.5837,38.10029],[-122.58256,38.10028],[-122.58199,38.10106]]],"type":"Polygon"},"properties":{"bbox":{"roads":{"area":2507.14,"pct":9.65}},"city_same":1,"id":"hex:3577:24347"},"type":"Feature"},{"geometry":{"coordinates":[[[-122.58198,38.10262],[-122.58254,38.10341],[-122.58369,38.10341],[-122.58426,38.10263],[-122.58369,38.10185],[-122.58255,38.10184],[-122.58198,38.10262]]],"type":"Polygon"},"properties":{"bbox":{"roads":{"area":1200.77,"pct":4.62}},"city_same":1,"id":"hex:3577:24348"},"type":"Feature"},{"geometry":{"coordinates":[[[-122.58197,38.10418],[-122.58254,38.10497],[-122.58368,38.10497],[-122.58425,38.10419],[-122.58369,38.10341],[-122.58254,38.10341],[-122.58197,38.10418]]],"type":"Polygon"},"properties":{"bbox":{"roads":{"area":2371.79,"pct":9.13}},"city_same":1,"id":"hex:3577:24349"},"type":"Feature"},{"geometry":{"coordinates":[[[-122.58196,38.10575],[-122.58253,38.10653],[-122.58367,38.10653],[-122.58424,38.10575],[-122.58368,38.10497],[-122.58254,38.10497],[-122.58196,38.10575]]],"type":"Polygon"},"properties":{"bbox":{"roads":{"area":1088.59,"pct":4.19}},"city_same":1,"id":"hex:3577:24350"},"type":"Feature"},{"geometry":{"coordinates":[[[-122.58195,38.10731],[-122.58252,38.10809],[-122.58366,38.10809],[-122.58423,38.10731],[-122.58367,38.10653],[-122.58253,38.10653],[-122.58195,38.10731]]],"type":"Polygon"},"properties":{"bbox":{"roads":{"area":2141.61,"pct":8.24}},"city":{"roads":{"area":1494.4,"pct":5.75}},"id":"hex:3577:24351"},"type":"Feature"},{"geometry":{"coordinates":[[[-122.58194,38.10887],[-122.58251,38.10965],[-122.58365,38.10965],[-122.58422,38.10888],[-122.58366,38.10809],[-122.58252,38.10809],[-122.58194,38.10887]]],"type":"Polygon"},"properties":{"bbox":{"roads":{"area":2820.85,"pct":10.86}},"city":{"roads":{"area":2180.44,"pct":8.39}},"id":"hex:3577:24352"},"type":"Feature"},{"geometry":{"coordinates":[[[-122.58193,38.11043],[-122.5825,38.11121],[-122.58364,38.11122],[-122.58422,38.11044],[-122.58365,38.10965],[-122.58251,38.10965],[-122.58193,38.11043]]],"type":"Polygon"},"properties":{"bbox":{"roads":{"area":1016.93,"pct":3.91}},"city_same":1,"id":"hex:3577:24353"},"type":"Feature"},{"geometry":{"coordinates":[[[-122.58193,38.11199],[-122.58249,38.11277],[-122.58363,38.11278],[-122.58421,38.112],[-122.58364,38.11122],[-122.5825,38.11121],[-122.58193,38.11199]]],"type":"Polygon"},"properties":{"bbox":{"roads":{"area":1834.25,"pct":7.06}},"city_same":1,"id":"hex:3577:24354"},"type":"Feature"},{"geometry":{"coordinates":[[[-122.58192,38.11355],[-122.58248,38.11433],[-122.58362,38.11434],[-122.5842,38.11356],[-122.58363,38.11278],[-122.58249,38.11277],[-122.58192,38.11355]]],"type":"Polygon"},"properties":{"bbox":{"roads":{"area":456.76,"pct":1.76}},"city_same":1,"id":"hex:3577:24355"},"type":"Feature"},{"geometry":{"coordinates":[[[-122.58191,38.11511],[-122.58247,38.11589],[-122.58361,38.1159],[-122.58419,38.11512],[-122.58362,38.11434],[-122.58248,38.11433],[-122.58191,38.11511]]],"type":"Polygon"},"properties":{"bbox":{"roads":{"area":2131.19,"pct":8.2}},"city_same":1,"id":"hex:3577:24356"},"type":"Feature"},{"geometry":{"coordinates":[[[-122.5819,38.11667],[-122.58246,38.11746],[-122.58361,38.11746],[-122.58418,38.11668],[-122.58361,38.1159],[-122.58247,38.11589],[-122.5819,38.11667]]],"type":"Polygon"},"properties":{"bbox":{"roads":{"area":851.24,"pct":3.28}},"city_same":1,"id":"hex:3577:24357"},"type":"Feature"},{"geometry":{"coordinates":[[[-122.58188,38.11979],[-122.58245,38.12058],[-122.58359,38.12058],[-122.58416,38.1198],[-122.5836,38.11902],[-122.58246,38.11902],[-122.58188,38.11979]]],"type":"Polygon"},"properties":{"bbox":{"roads":{"area":714.94,"pct":2.75}},"city_same":1,"id":"hex:3577:24359"},"type":"Feature"},{"geometry":{"coordinates":[[[-122.58187,38.12136],[-122.58244,38.12214],[-122.58358,38.12214],[-122.58415,38.12136],[-122.58359,38.12058],[-122.58245,38.12058],[-122.58187,38.12136]]],"type":"Polygon"},"properties":{"bbox":{"roads":{"area":3137.08,"pct":12.07}},"city":{"roads":{"area":1309.95,"pct":5.04}},"id":"hex:3577:24360"},"type":"Feature"},{"geometry":{"coordinates":[[[-122.58186,38.12292],[-122.58243,38.1237],[-122.58357,38.1237],[-122.58415,38.12292],[-122.58358,38.12214],[-122.58244,38.12214],[-122.58186,38.12292]]],"type":"Polygon"},"properties":{"bbox":{"roads":{"area":663.05,"pct":2.55}},"city_same":1,"id":"hex:3577:24361"},"type":"Feature"},{"geometry":{"coordinates":[[[-122.58185,38.12448],[-122.58242,38.12526],[-122.58356,38.12526],[-122.58414,38.12449],[-122.58357,38.1237],[-122.58243,38.1237],[-122.58185,38.12448]]],"type":"Polygon"},"properties":{"bbox":{"roads":{"area":1944.1,"pct":7.48}},"city_same":1,"id":"hex:3577:24362"},"type":"Feature"},{"geometry":{"coordinates":[[[-122.58185,38.12604],[-122.58241,38.12682],[-122.58355,38.12683],[-122.58413,38.12605],[-122.58356,38.12526],[-122.58242,38.12526],[-122.58185,38.12604]]],"type":"Polygon"},"properties":{"bbox":{"roads":{"area":1965.52,"pct":7.57}},"city_same":1,"id":"hex:3577:24363"},"type":"Feature"},{"geometry":{"coordinates":[[[-122.58184,38.1276],[-122.5824,38.12838],[-122.58354,38.12839],[-122.58412,38.12761],[-122.58355,38.12683],[-122.58241,38.12682],[-122.58184,38.1276]]],"type":"Polygon"},"properties":{"bbox":{"roads":{"area":46.7,"pct":0.18}},"city_same":1,"id":"hex:3577:24364"},"type":"Feature"},{"geometry":{"coordinates":[[[-122.5805,38.06125],[-122.58107,38.06203],[-122.58221,38.06204],[-122.58278,38.06126],[-122.58222,38.06048],[-122.58108,38.06047],[-122.5805,38.06125]]],"type":"Polygon"},"properties":{"bbox":{"roads":{"area":72.24,"pct":0.28}},"city_same":1,"id":"hex:3578:24322"},"type":"Feature"},{"geometry":{"coordinates":[[[-122.5805,38.06281],[-122.58106,38.06359],[-122.5822,38.0636],[-122.58278,38.06282],[-122.58221,38.06204],[-122.58107,38.06203],[-122.5805,38.06281]]],"type":"Polygon"},"properties":{"bbox":{"roads":{"area":84.61,"pct":0.33}},"city_same":1,"id":"hex:3578:24323"},"type":"Feature"},{"geometry":{"coordinates":[[[-122.58044,38.07218],[-122.58101,38.07296],[-122.58215,38.07296],[-122.58272,38.07219],[-122.58216,38.0714],[-122.58102,38.0714],[-122.58044,38.07218]]],"type":"Polygon"},"properties":{"bbox":{"roads":{"area":307.75,"pct":1.18}},"city_same":1,"id":"hex:3578:24329"},"type":"Feature"},{"geometry":{"coordinates":[[[-122.58043,38.07374],[-122.581,38.07452],[-122.58214,38.07453],[-122.58271,38.07375],[-122.58215,38.07296],[-122.58101,38.07296],[-122.58043,38.07374]]],"type":"Polygon"},"properties":{"bbox":{"roads":{"area":697.38,"pct":2.68}},"city_same":1,"id":"hex:3578:24330"},"type":"Feature"},{"geometry":{"coordinates":[[[-122.58042,38.0753],[-122.58099,38.07608],[-122.58213,38.07609],[-122.5827,38.07531],[-122.58214,38.07453],[-122.581,38.07452],[-122.58042,38.0753]]],"type":"Polygon"},"properties":{"bbox":{"roads":{"area":837.39,"pct":3.22}},"city_same":1,"id":"hex:3578:24331"},"type":"Feature"},{"geometry":{"coordinates":[[[-122.58042,38.07686],[-122.58098,38.07764],[-122.58212,38.07765],[-122.5827,38.07687],[-122.58213,38.07609],[-122.58099,38.07608],[-122.58042,38.07686]]],"type":"Polygon"},"properties":{"bbox":{"parking":{"area":4568.14,"pct":17.58},"roads":{"area":2235.23,"pct":8.6}},"city_same":1,"id":"hex:3578:24332"},"type":"Feature"},{"geometry":{"coordinates":[[[-122.58039,38.08154],[-122.58095,38.08233],[-122.58209,38.08233],[-122.58267,38.08155],[-122.5821,38.08077],[-122.58096,38.08077],[-122.58039,38.08154]]],"type":"Polygon"},"properties":{"bbox":{"roads":{"area":256.7,"pct":0.99}},"city_same":1,"id":"hex:3578:24335"},"type":"Feature"},{"geometry":{"coordinates":[[[-122.58038,38.0831],[-122.58095,38.08389],[-122.58209,38.08389],[-122.58266,38.08311],[-122.58209,38.08233],[-122.58095,38.08233],[-122.58038,38.0831]]],"type":"Polygon"},"properties":{"bbox":{"roads":{"area":1551.65,"pct":5.97}},"city_same":1,"id":"hex:3578:24336"},"type":"Feature"},{"geometry":{"coordinates":[[[-122.58037,38.08467],[-122.58094,38.08545],[-122.58208,38.08545],[-122.58265,38.08467],[-122.58209,38.08389],[-122.58095,38.08389],[-122.58037,38.08467]]],"type":"Polygon"},"properties":{"bbox":{"roads":{"area":1177.48,"pct":4.53}},"city_same":1,"id":"hex:3578:24337"},"type":"Feature"},{"geometry":{"coordinates":[[[-122.58036,38.08623],[-122.58093,38.08701],[-122.58207,38.08701],[-122.58264,38.08623],[-122.58208,38.08545],[-122.58094,38.08545],[-122.58036,38.08623]]],"type":"Polygon"},"properties":{"bbox":{"roads":{"area":408.04,"pct":1.57}},"city_same":1,"id":"hex:3578:24338"},"type":"Feature"},{"geometry":{"coordinates":[[[-122.58092,38.08857],[-122.58035,38.08779],[-122.58093,38.08701],[-122.58207,38.08701],[-122.58263,38.0878],[-122.58214,38.08847],[-122.58196,38.08857],[-122.58092,38.08857]]],"type":"Polygon"},"properties":{"bbox":{"roads":{"area":479.72,"pct":1.85}},"city_same":1,"id":"hex:3578:24339"},"type":"Feature"},{"geometry":{"coordinates":[[[-122.5809,38.09169],[-122.58052,38.09116],[-122.58171,38.0917],[-122.5809,38.09169]]],"type":"Polygon"},"properties":{"bbox":{"roads":{"area":111.77,"pct":5.38}},"city_same":1,"id":"hex:3578:24341"},"type":"Feature"},{"geometry":{"coordinates":[[[-122.58261,38.09248],[-122.58203,38.09326],[-122.58089,38.09325],[-122.58033,38.09247],[-122.5809,38.09169],[-122.58171,38.0917],[-122.5822,38.09192],[-122.58261,38.09248]]],"type":"Polygon"},"properties":{"bbox":{"roads":{"area":1523.36,"pct":5.94}},"city_same":1,"id":"hex:3578:24342"},"type":"Feature"},{"geometry":{"coordinates":[[[-122.58032,38.09403],[-122.58088,38.09481],[-122.58202,38.09482],[-122.5826,38.09404],[-122.58203,38.09326],[-122.58089,38.09325],[-122.58032,38.09403]]],"type":"Polygon"},"properties":{"bbox":{"roads":{"area":674.07,"pct":2.59}},"city_same":1,"id":"hex:3578:24343"},"type":"Feature"},{"geometry":{"coordinates":[[[-122.58031,38.09559],[-122.58087,38.09638],[-122.58201,38.09638],[-122.58259,38.0956],[-122.58202,38.09482],[-122.58088,38.09481],[-122.58031,38.09559]]],"type":"Polygon"},"properties":{"bbox":{"roads":{"area":596.64,"pct":2.3}},"city_same":1,"id":"hex:3578:24344"},"type":"Feature"},{"geometry":{"coordinates":[[[-122.5803,38.09715],[-122.58087,38.09794],[-122.58201,38.09794],[-122.58258,38.09716],[-122.58201,38.09638],[-122.58087,38.09638],[-122.5803,38.09715]]],"type":"Polygon"},"properties":{"bbox":{"roads":{"area":2029.61,"pct":7.81}},"city_same":1,"id":"hex:3578:24345"},"type":"Feature"},{"geometry":{"coordinates":[[[-122.58029,38.09871],[-122.58086,38.0995],[-122.582,38.0995],[-122.58257,38.09872],[-122.58201,38.09794],[-122.58087,38.09794],[-122.58029,38.09871]]],"type":"Polygon"},"properties":{"bbox":{"roads":{"area":2840.92,"pct":10.93}},"city_same":1,"id":"hex:3578:24346"},"type":"Feature"},{"geometry":{"coordinates":[[[-122.58028,38.10028],[-122.58085,38.10106],[-122.58199,38.10106],[-122.58256,38.10028],[-122.582,38.0995],[-122.58086,38.0995],[-122.58028,38.10028]]],"type":"Polygon"},"properties":{"bbox":{"roads":{"area":832.91,"pct":3.21}},"city_same":1,"id":"hex:3578:24347"},"type":"Feature"},{"geometry":{"coordinates":[[[-122.58027,38.10184],[-122.58084,38.10262],[-122.58198,38.10262],[-122.58255,38.10184],[-122.58199,38.10106],[-122.58085,38.10106],[-122.58027,38.10184]]],"type":"Polygon"},"properties":{"bbox":{"roads":{"area":2217.27,"pct":8.53}},"city_same":1,"id":"hex:3578:24348"},"type":"Feature"},{"geometry":{"coordinates":[[[-122.58026,38.1034],[-122.58083,38.10418],[-122.58197,38.10418],[-122.58254,38.10341],[-122.58198,38.10262],[-122.58084,38.10262],[-122.58026,38.1034]]],"type":"Polygon"},"properties":{"bbox":{"roads":{"area":2906.73,"pct":11.19}},"city_same":1,"id":"hex:3578:24349"},"type":"Feature"},{"geometry":{"coordinates":[[[-122.58025,38.10496],[-122.58082,38.10574],[-122.58196,38.10575],[-122.58254,38.10497],[-122.58197,38.10418],[-122.58083,38.10418],[-122.58025,38.10496]]],"type":"Polygon"},"properties":{"bbox":{"roads":{"area":886.75,"pct":3.41}},"city_same":1,"id":"hex:3578:24350"},"type":"Feature"},{"geometry":{"coordinates":[[[-122.58025,38.10652],[-122.58081,38.1073],[-122.58195,38.10731],[-122.58253,38.10653],[-122.58196,38.10575],[-122.58082,38.10574],[-122.58025,38.10652]]],"type":"Polygon"},"properties":{"bbox":{"roads":{"area":1978.91,"pct":7.62}},"city":{"roads":{"area":1442.54,"pct":5.55}},"id":"hex:3578:24351"},"type":"Feature"},{"geometry":{"coordinates":[[[-122.58024,38.10808],[-122.5808,38.10886],[-122.58194,38.10887],[-122.58252,38.10809],[-122.58195,38.10731],[-122.58081,38.1073],[-122.58024,38.10808]]],"type":"Polygon"},"properties":{"bbox":{"roads":{"area":2959.05,"pct":11.39}},"city":{"roads":{"area":2261.01,"pct":8.7}},"id":"hex:3578:24352"},"type":"Feature"},{"geometry":{"coordinates":[[[-122.58023,38.10964],[-122.58079,38.11042],[-122.58193,38.11043],[-122.58251,38.10965],[-122.58194,38.10887],[-122.5808,38.10886],[-122.58023,38.10964]]],"type":"Polygon"},"properties":{"bbox":{"parking":{"area":471.58,"pct":1.82},"roads":{"area":3242.47,"pct":12.48}},"city_same":1,"id":"hex:3578:24353"},"type":"Feature"},{"geometry":{"coordinates":[[[-122.58022,38.1112],[-122.58078,38.11199],[-122.58193,38.11199],[-122.5825,38.11121],[-122.58193,38.11043],[-122.58079,38.11042],[-122.58022,38.1112]]],"type":"Polygon"},"properties":{"bbox":{"roads":{"area":2766.22,"pct":10.65}},"city_same":1,"id":"hex:3578:24354"},"type":"Feature"},{"geometry":{"coordinates":[[[-122.58021,38.11276],[-122.58078,38.11355],[-122.58192,38.11355],[-122.58249,38.11277],[-122.58193,38.11199],[-122.58078,38.11199],[-122.58021,38.11276]]],"type":"Polygon"},"properties":{"bbox":{"roads":{"area":1730.83,"pct":6.66}},"city_same":1,"id":"hex:3578:24355"},"type":"Feature"},{"geometry":{"coordinates":[[[-122.5802,38.11432],[-122.58077,38.11511],[-122.58191,38.11511],[-122.58248,38.11433],[-122.58192,38.11355],[-122.58078,38.11355],[-122.5802,38.11432]]],"type":"Polygon"},"properties":{"bbox":{"roads":{"area":519.73,"pct":2}},"city_same":1,"id":"hex:3578:24356"},"type":"Feature"},{"geometry":{"coordinates":[[[-122.58019,38.11589],[-122.58076,38.11667],[-122.5819,38.11667],[-122.58247,38.11589],[-122.58191,38.11511],[-122.58077,38.11511],[-122.58019,38.11589]]],"type":"Polygon"},"properties":{"bbox":{"roads":{"area":709.73,"pct":2.73}},"city_same":1,"id":"hex:3578:24357"},"type":"Feature"},{"geometry":{"coordinates":[[[-122.58017,38.11901],[-122.58074,38.11979],[-122.58188,38.11979],[-122.58246,38.11902],[-122.58189,38.11823],[-122.58075,38.11823],[-122.58017,38.11901]]],"type":"Polygon"},"properties":{"bbox":{"roads":{"area":61.53,"pct":0.24}},"city_same":1,"id":"hex:3578:24359"},"type":"Feature"},{"geometry":{"coordinates":[[[-122.58017,38.12057],[-122.58073,38.12135],[-122.58187,38.12136],[-122.58245,38.12058],[-122.58188,38.11979],[-122.58074,38.11979],[-122.58017,38.12057]]],"type":"Polygon"},"properties":{"bbox":{"roads":{"area":516.43,"pct":1.99}},"city":{"roads":{"area":495.33,"pct":1.91}},"id":"hex:3578:24360"},"type":"Feature"},{"geometry":{"coordinates":[[[-122.58016,38.12213],[-122.58072,38.12291],[-122.58186,38.12292],[-122.58244,38.12214],[-122.58187,38.12136],[-122.58073,38.12135],[-122.58016,38.12213]]],"type":"Polygon"},"properties":{"bbox":{"roads":{"area":820.16,"pct":3.16}},"id":"hex:3578:24361"},"type":"Feature"},{"geometry":{"coordinates":[[[-122.58015,38.12369],[-122.58071,38.12447],[-122.58185,38.12448],[-122.58243,38.1237],[-122.58186,38.12292],[-122.58072,38.12291],[-122.58015,38.12369]]],"type":"Polygon"},"properties":{"bbox":{"roads":{"area":119.56,"pct":0.46}},"city_same":1,"id":"hex:3578:24362"},"type":"Feature"},{"geometry":{"coordinates":[[[-122.58014,38.12525],[-122.5807,38.12603],[-122.58185,38.12604],[-122.58242,38.12526],[-122.58185,38.12448],[-122.58071,38.12447],[-122.58014,38.12525]]],"type":"Polygon"},"properties":{"bbox":{"roads":{"area":359.61,"pct":1.38}},"city_same":1,"id":"hex:3578:24363"},"type":"Feature"},{"geometry":{"coordinates":[[[-122.5788,38.06046],[-122.57936,38.06125],[-122.5805,38.06125],[-122.58108,38.06047],[-122.58051,38.05969],[-122.57937,38.05969],[-122.5788,38.06046]]],"type":"Polygon"},"properties":{"bbox":{"roads":{"area":914.57,"pct":3.52}},"city_same":1,"id":"hex:3579:24321"},"type":"Feature"},{"geometry":{"coordinates":[[[-122.57879,38.06202],[-122.57936,38.06281],[-122.5805,38.06281],[-122.58107,38.06203],[-122.5805,38.06125],[-122.57936,38.06125],[-122.57879,38.06202]]],"type":"Polygon"},"properties":{"bbox":{"roads":{"area":846.92,"pct":3.26}},"city_same":1,"id":"hex:3579:24322"},"type":"Feature"},{"geometry":{"coordinates":[[[-122.57873,38.07295],[-122.57929,38.07373],[-122.58043,38.07374],[-122.58101,38.07296],[-122.58044,38.07218],[-122.5793,38.07217],[-122.57873,38.07295]]],"type":"Polygon"},"properties":{"bbox":{"roads":{"area":889.75,"pct":3.42}},"city_same":1,"id":"hex:3579:24329"},"type":"Feature"},{"geometry":{"coordinates":[[[-122.57872,38.07451],[-122.57928,38.0753],[-122.58042,38.0753],[-122.581,38.07452],[-122.58043,38.07374],[-122.57929,38.07373],[-122.57872,38.07451]]],"type":"Polygon"},"properties":{"bbox":{"parking":{"area":252.39,"pct":0.97},"roads":{"area":747.97,"pct":2.88}},"city_same":1,"id":"hex:3579:24330"},"type":"Feature"},{"geometry":{"coordinates":[[[-122.57871,38.07607],[-122.57928,38.07686],[-122.58042,38.07686],[-122.58099,38.07608],[-122.58042,38.0753],[-122.57928,38.0753],[-122.57871,38.07607]]],"type":"Polygon"},"properties":{"bbox":{"parking":{"area":8949.3,"pct":34.45},"roads":{"area":2938.11,"pct":11.31}},"city_same":1,"id":"hex:3579:24331"},"type":"Feature"},{"geometry":{"coordinates":[[[-122.5787,38.07764],[-122.57927,38.07842],[-122.58041,38.07842],[-122.58098,38.07764],[-122.58042,38.07686],[-122.57928,38.07686],[-122.5787,38.07764]]],"type":"Polygon"},"properties":{"bbox":{"roads":{"area":0.01,"pct":0}},"city_same":1,"id":"hex:3579:24332"},"type":"Feature"},{"geometry":{"coordinates":[[[-122.57867,38.08232],[-122.57924,38.0831],[-122.58038,38.0831],[-122.58095,38.08233],[-122.58039,38.08154],[-122.57925,38.08154],[-122.57867,38.08232]]],"type":"Polygon"},"properties":{"bbox":{"roads":{"area":523.71,"pct":2.02}},"city_same":1,"id":"hex:3579:24335"},"type":"Feature"},{"geometry":{"coordinates":[[[-122.57866,38.08388],[-122.57923,38.08466],[-122.58037,38.08467],[-122.58095,38.08389],[-122.58038,38.0831],[-122.57924,38.0831],[-122.57866,38.08388]]],"type":"Polygon"},"properties":{"bbox":{"roads":{"area":858.79,"pct":3.31}},"city_same":1,"id":"hex:3579:24336"},"type":"Feature"},{"geometry":{"coordinates":[[[-122.57866,38.08544],[-122.57922,38.08622],[-122.58036,38.08623],[-122.58094,38.08545],[-122.58037,38.08467],[-122.57923,38.08466],[-122.57866,38.08544]]],"type":"Polygon"},"properties":{"bbox":{"roads":{"area":622.22,"pct":2.39}},"city_same":1,"id":"hex:3579:24337"},"type":"Feature"},{"geometry":{"coordinates":[[[-122.57865,38.087],[-122.57921,38.08778],[-122.58035,38.08779],[-122.58093,38.08701],[-122.58036,38.08623],[-122.57922,38.08622],[-122.57865,38.087]]],"type":"Polygon"},"properties":{"bbox":{"roads":{"area":1015.89,"pct":3.91}},"city_same":1,"id":"hex:3579:24338"},"type":"Feature"},{"geometry":{"coordinates":[[[-122.57864,38.08856],[-122.57921,38.08778],[-122.58035,38.08779],[-122.58092,38.08857],[-122.58073,38.08883],[-122.58072,38.08883],[-122.58065,38.08875],[-122.58021,38.08889],[-122.58013,38.08886],[-122.57999,38.0889],[-122.57971,38.08916],[-122.57962,38.08912],[-122.57954,38.08916],[-122.57944,38.08933],[-122.57934,38.08935],[-122.57931,38.08935],[-122.57923,38.08924],[-122.57913,38.08922],[-122.57913,38.08924],[-122.57864,38.08856]]],"type":"Polygon"},"properties":{"bbox":{"roads":{"area":1300.27,"pct":5.95}},"city_same":1,"id":"hex:3579:24339"},"type":"Feature"},{"geometry":{"coordinates":[[[[-122.57919,38.09091],[-122.57863,38.09012],[-122.57907,38.08952],[-122.58024,38.09009],[-122.57954,38.09023],[-122.5792,38.09057],[-122.57995,38.09091],[-122.57919,38.09091]]],[[[-122.57934,38.08935],[-122.57931,38.08935],[-122.57931,38.08935],[-122.57934,38.08935]]]],"type":"MultiPolygon"},"properties":{"bbox":{"roads":{"area":1137.78,"pct":12}},"city_same":1,"id":"hex:3579:24340"},"type":"Feature"},{"geometry":{"coordinates":[[[-122.5809,38.09169],[-122.58033,38.09247],[-122.57919,38.09247],[-122.57862,38.09168],[-122.57919,38.09091],[-122.57995,38.09091],[-122.58052,38.09116],[-122.5809,38.09169]]],"type":"Polygon"},"properties":{"bbox":{"roads":{"area":1746.07,"pct":6.84}},"city_same":1,"id":"hex:3579:24341"},"type":"Feature"},{"geometry":{"coordinates":[[[-122.57861,38.09325],[-122.57918,38.09403],[-122.58032,38.09403],[-122.58089,38.09325],[-122.58033,38.09247],[-122.57919,38.09247],[-122.57861,38.09325]]],"type":"Polygon"},"properties":{"bbox":{"roads":{"area":950.96,"pct":3.66}},"city_same":1,"id":"hex:3579:24342"},"type":"Feature"},{"geometry":{"coordinates":[[[-122.5786,38.09481],[-122.57917,38.09559],[-122.58031,38.09559],[-122.58088,38.09481],[-122.58032,38.09403],[-122.57918,38.09403],[-122.5786,38.09481]]],"type":"Polygon"},"properties":{"bbox":{"roads":{"area":26.52,"pct":0.1}},"city_same":1,"id":"hex:3579:24343"},"type":"Feature"},{"geometry":{"coordinates":[[[-122.57859,38.09637],[-122.57916,38.09715],[-122.5803,38.09715],[-122.58087,38.09638],[-122.58031,38.09559],[-122.57917,38.09559],[-122.57859,38.09637]]],"type":"Polygon"},"properties":{"bbox":{"roads":{"area":120.98,"pct":0.47}},"city_same":1,"id":"hex:3579:24344"},"type":"Feature"},{"geometry":{"coordinates":[[[-122.57858,38.09793],[-122.57915,38.09871],[-122.58029,38.09871],[-122.58087,38.09794],[-122.5803,38.09715],[-122.57916,38.09715],[-122.57858,38.09793]]],"type":"Polygon"},"properties":{"bbox":{"roads":{"area":2967.17,"pct":11.42}},"city_same":1,"id":"hex:3579:24345"},"type":"Feature"},{"geometry":{"coordinates":[[[-122.57858,38.09949],[-122.57914,38.10027],[-122.58028,38.10028],[-122.58086,38.0995],[-122.58029,38.09871],[-122.57915,38.09871],[-122.57858,38.09949]]],"type":"Polygon"},"properties":{"bbox":{"roads":{"area":2477.81,"pct":9.54}},"city_same":1,"id":"hex:3579:24346"},"type":"Feature"},{"geometry":{"coordinates":[[[-122.57857,38.10105],[-122.57913,38.10183],[-122.58027,38.10184],[-122.58085,38.10106],[-122.58028,38.10028],[-122.57914,38.10027],[-122.57857,38.10105]]],"type":"Polygon"},"properties":{"bbox":{"roads":{"area":1484.97,"pct":5.72}},"city_same":1,"id":"hex:3579:24347"},"type":"Feature"},{"geometry":{"coordinates":[[[-122.57856,38.10261],[-122.57912,38.10339],[-122.58026,38.1034],[-122.58084,38.10262],[-122.58027,38.10184],[-122.57913,38.10183],[-122.57856,38.10261]]],"type":"Polygon"},"properties":{"bbox":{"roads":{"area":2286.99,"pct":8.8}},"city_same":1,"id":"hex:3579:24348"},"type":"Feature"},{"geometry":{"coordinates":[[[-122.57855,38.10417],[-122.57911,38.10495],[-122.58025,38.10496],[-122.58083,38.10418],[-122.58026,38.1034],[-122.57912,38.10339],[-122.57855,38.10417]]],"type":"Polygon"},"properties":{"bbox":{"roads":{"area":2093.19,"pct":8.06}},"city_same":1,"id":"hex:3579:24349"},"type":"Feature"},{"geometry":{"coordinates":[[[-122.57854,38.10573],[-122.57911,38.10652],[-122.58025,38.10652],[-122.58082,38.10574],[-122.58025,38.10496],[-122.57911,38.10495],[-122.57854,38.10573]]],"type":"Polygon"},"properties":{"bbox":{"parking":{"area":50.52,"pct":0.19},"roads":{"area":3656.03,"pct":14.07}},"city":{"parking":{"area":50.52,"pct":0.19},"roads":{"area":3079.19,"pct":11.85}},"id":"hex:3579:24350"},"type":"Feature"},{"geometry":{"coordinates":[[[-122.57853,38.10729],[-122.5791,38.10808],[-122.58024,38.10808],[-122.58081,38.1073],[-122.58025,38.10652],[-122.57911,38.10652],[-122.57853,38.10729]]],"type":"Polygon"},"properties":{"bbox":{"parking":{"area":2987.39,"pct":11.5},"roads":{"area":2715.74,"pct":10.45}},"city":{"parking":{"area":2987.39,"pct":11.5},"roads":{"area":1701.07,"pct":6.55}},"id":"hex:3579:24351"},"type":"Feature"},{"geometry":{"coordinates":[[[-122.57852,38.10886],[-122.57909,38.10964],[-122.58023,38.10964],[-122.5808,38.10886],[-122.58024,38.10808],[-122.5791,38.10808],[-122.57852,38.10886]]],"type":"Polygon"},"properties":{"bbox":{"parking":{"area":10356.56,"pct":39.86},"roads":{"area":3874.08,"pct":14.91}},"city_same":1,"id":"hex:3579:24352"},"type":"Feature"},{"geometry":{"coordinates":[[[-122.57851,38.11042],[-122.57908,38.1112],[-122.58022,38.1112],[-122.58079,38.11042],[-122.58023,38.10964],[-122.57909,38.10964],[-122.57851,38.11042]]],"type":"Polygon"},"properties":{"bbox":{"roads":{"area":2119.92,"pct":8.16}},"city_same":1,"id":"hex:3579:24353"},"type":"Feature"},{"geometry":{"coordinates":[[[-122.5785,38.11198],[-122.57907,38.11276],[-122.58021,38.11276],[-122.58078,38.11199],[-122.58022,38.1112],[-122.57908,38.1112],[-122.5785,38.11198]]],"type":"Polygon"},"properties":{"bbox":{"roads":{"area":1088.7,"pct":4.19}},"city_same":1,"id":"hex:3579:24354"},"type":"Feature"},{"geometry":{"coordinates":[[[-122.57849,38.11354],[-122.57906,38.11432],[-122.5802,38.11432],[-122.58078,38.11355],[-122.58021,38.11276],[-122.57907,38.11276],[-122.57849,38.11354]]],"type":"Polygon"},"properties":{"bbox":{"roads":{"area":522.48,"pct":2.01}},"city_same":1,"id":"hex:3579:24355"},"type":"Feature"},{"geometry":{"coordinates":[[[-122.57849,38.1151],[-122.57905,38.11588],[-122.58019,38.11589],[-122.58077,38.11511],[-122.5802,38.11432],[-122.57906,38.11432],[-122.57849,38.1151]]],"type":"Polygon"},"properties":{"bbox":{"roads":{"area":320.16,"pct":1.23}},"city_same":1,"id":"hex:3579:24356"},"type":"Feature"},{"geometry":{"coordinates":[[[-122.57848,38.11666],[-122.57904,38.11744],[-122.58018,38.11745],[-122.58076,38.11667],[-122.58019,38.11589],[-122.57905,38.11588],[-122.57848,38.11666]]],"type":"Polygon"},"properties":{"bbox":{"roads":{"area":329.71,"pct":1.27}},"city_same":1,"id":"hex:3579:24357"},"type":"Feature"},{"geometry":{"coordinates":[[[-122.57847,38.11822],[-122.57903,38.119],[-122.58017,38.11901],[-122.58075,38.11823],[-122.58018,38.11745],[-122.57904,38.11744],[-122.57847,38.11822]]],"type":"Polygon"},"properties":{"bbox":{"roads":{"area":874.03,"pct":3.36}},"city_same":1,"id":"hex:3579:24358"},"type":"Feature"},{"geometry":{"coordinates":[[[-122.57846,38.11978],[-122.57902,38.12056],[-122.58017,38.12057],[-122.58074,38.11979],[-122.58017,38.11901],[-122.57903,38.119],[-122.57846,38.11978]]],"type":"Polygon"},"properties":{"bbox":{"roads":{"area":1594.83,"pct":6.14}},"city_same":1,"id":"hex:3579:24359"},"type":"Feature"},{"geometry":{"coordinates":[[[-122.57845,38.12134],[-122.57902,38.12213],[-122.58016,38.12213],[-122.58073,38.12135],[-122.58017,38.12057],[-122.57902,38.12056],[-122.57845,38.12134]]],"type":"Polygon"},"properties":{"bbox":{"roads":{"area":1907.11,"pct":7.34}},"city":{"roads":{"area":202.68,"pct":0.78}},"id":"hex:3579:24360"},"type":"Feature"},{"geometry":{"coordinates":[[[-122.57837,38.13539],[-122.57893,38.13617],[-122.58008,38.13618],[-122.58065,38.1354],[-122.58008,38.13462],[-122.57894,38.13461],[-122.57837,38.13539]]],"type":"Polygon"},"properties":{"bbox":{"roads":{"area":117.6,"pct":0.45}},"city_same":1,"id":"hex:3579:24369"},"type":"Feature"},{"geometry":{"coordinates":[[[-122.57709,38.05968],[-122.57766,38.06046],[-122.5788,38.06046],[-122.57937,38.05969],[-122.57881,38.0589],[-122.57767,38.0589],[-122.57709,38.05968]]],"type":"Polygon"},"properties":{"bbox":{"roads":{"area":1024.8,"pct":3.94}},"city_same":1,"id":"hex:3580:24321"},"type":"Feature"},{"geometry":{"coordinates":[[[-122.57708,38.06124],[-122.57765,38.06202],[-122.57879,38.06202],[-122.57936,38.06125],[-122.5788,38.06046],[-122.57766,38.06046],[-122.57708,38.06124]]],"type":"Polygon"},"properties":{"bbox":{"roads":{"area":1258.23,"pct":4.84}},"city_same":1,"id":"hex:3580:24322"},"type":"Feature"},{"geometry":{"coordinates":[[[-122.57708,38.0628],[-122.57764,38.06358],[-122.57878,38.06359],[-122.57936,38.06281],[-122.57879,38.06202],[-122.57765,38.06202],[-122.57708,38.0628]]],"type":"Polygon"},"properties":{"bbox":{"roads":{"area":838.88,"pct":3.23}},"city_same":1,"id":"hex:3580:24323"},"type":"Feature"},{"geometry":{"coordinates":[[[-122.57702,38.07217],[-122.57759,38.07295],[-122.57873,38.07295],[-122.5793,38.07217],[-122.57874,38.07139],[-122.5776,38.07139],[-122.57702,38.07217]]],"type":"Polygon"},"properties":{"bbox":{"roads":{"area":228.22,"pct":0.88}},"city_same":1,"id":"hex:3580:24329"},"type":"Feature"},{"geometry":{"coordinates":[[[-122.57701,38.07373],[-122.57758,38.07451],[-122.57872,38.07451],[-122.57929,38.07373],[-122.57873,38.07295],[-122.57759,38.07295],[-122.57701,38.07373]]],"type":"Polygon"},"properties":{"bbox":{"roads":{"area":1035.07,"pct":3.98}},"city_same":1,"id":"hex:3580:24330"},"type":"Feature"},{"geometry":{"coordinates":[[[-122.577,38.07529],[-122.57757,38.07607],[-122.57871,38.07607],[-122.57928,38.0753],[-122.57872,38.07451],[-122.57758,38.07451],[-122.577,38.07529]]],"type":"Polygon"},"properties":{"bbox":{"parking":{"area":1448.82,"pct":5.58},"roads":{"area":798.79,"pct":3.07}},"city_same":1,"id":"hex:3580:24331"},"type":"Feature"},{"geometry":{"coordinates":[[[-122.577,38.07685],[-122.57756,38.07763],[-122.5787,38.07764],[-122.57928,38.07686],[-122.57871,38.07607],[-122.57757,38.07607],[-122.577,38.07685]]],"type":"Polygon"},"properties":{"bbox":{"parking":{"area":2770.36,"pct":10.66},"roads":{"area":1785.36,"pct":6.87}},"city_same":1,"id":"hex:3580:24332"},"type":"Feature"},{"geometry":{"coordinates":[[[-122.57697,38.08153],[-122.57753,38.08231],[-122.57867,38.08232],[-122.57925,38.08154],[-122.57868,38.08076],[-122.57754,38.08075],[-122.57697,38.08153]]],"type":"Polygon"},"properties":{"bbox":{"roads":{"area":150.42,"pct":0.58}},"city_same":1,"id":"hex:3580:24335"},"type":"Feature"},{"geometry":{"coordinates":[[[-122.57696,38.08309],[-122.57752,38.08388],[-122.57866,38.08388],[-122.57924,38.0831],[-122.57867,38.08232],[-122.57753,38.08231],[-122.57696,38.08309]]],"type":"Polygon"},"properties":{"bbox":{"roads":{"area":550.3,"pct":2.12}},"city_same":1,"id":"hex:3580:24336"},"type":"Feature"},{"geometry":{"coordinates":[[[-122.57695,38.08465],[-122.57752,38.08544],[-122.57866,38.08544],[-122.57923,38.08466],[-122.57866,38.08388],[-122.57752,38.08388],[-122.57695,38.08465]]],"type":"Polygon"},"properties":{"bbox":{"roads":{"area":1336.27,"pct":5.14}},"city_same":1,"id":"hex:3580:24337"},"type":"Feature"},{"geometry":{"coordinates":[[[-122.57694,38.08621],[-122.57751,38.087],[-122.57865,38.087],[-122.57922,38.08622],[-122.57866,38.08544],[-122.57752,38.08544],[-122.57694,38.08621]]],"type":"Polygon"},"properties":{"bbox":{"roads":{"area":1755.31,"pct":6.76}},"city_same":1,"id":"hex:3580:24338"},"type":"Feature"},{"geometry":{"coordinates":[[[-122.57693,38.08778],[-122.5775,38.08856],[-122.57864,38.08856],[-122.57921,38.08778],[-122.57865,38.087],[-122.57751,38.087],[-122.57693,38.08778]]],"type":"Polygon"},"properties":{"bbox":{"roads":{"area":1514.25,"pct":5.83}},"city_same":1,"id":"hex:3580:24339"},"type":"Feature"},{"geometry":{"coordinates":[[[-122.57863,38.09012],[-122.57749,38.09012],[-122.57692,38.08934],[-122.5775,38.08856],[-122.57864,38.08856],[-122.57913,38.08924],[-122.57912,38.08931],[-122.57899,38.08948],[-122.57907,38.08952],[-122.57863,38.09012]]],"type":"Polygon"},"properties":{"bbox":{"roads":{"area":1069.24,"pct":4.15}},"city_same":1,"id":"hex:3580:24340"},"type":"Feature"},{"geometry":{"coordinates":[[[-122.57691,38.0909],[-122.57748,38.09168],[-122.57862,38.09168],[-122.57919,38.09091],[-122.57863,38.09012],[-122.57749,38.09012],[-122.57691,38.0909]]],"type":"Polygon"},"properties":{"bbox":{"roads":{"area":1621.89,"pct":6.24}},"city_same":1,"id":"hex:3580:24341"},"type":"Feature"},{"geometry":{"coordinates":[[[-122.57691,38.09246],[-122.57747,38.09324],[-122.57861,38.09325],[-122.57919,38.09247],[-122.57862,38.09168],[-122.57748,38.09168],[-122.57691,38.09246]]],"type":"Polygon"},"properties":{"bbox":{"roads":{"area":1997.25,"pct":7.69}},"city_same":1,"id":"hex:3580:24342"},"type":"Feature"},{"geometry":{"coordinates":[[[-122.5769,38.09402],[-122.57746,38.0948],[-122.5786,38.09481],[-122.57918,38.09403],[-122.57861,38.09325],[-122.57747,38.09324],[-122.5769,38.09402]]],"type":"Polygon"},"properties":{"bbox":{"roads":{"area":1111,"pct":4.28}},"city_same":1,"id":"hex:3580:24343"},"type":"Feature"},{"geometry":{"coordinates":[[[-122.57689,38.09558],[-122.57745,38.09636],[-122.57859,38.09637],[-122.57917,38.09559],[-122.5786,38.09481],[-122.57746,38.0948],[-122.57689,38.09558]]],"type":"Polygon"},"properties":{"bbox":{"roads":{"area":814.6,"pct":3.14}},"city_same":1,"id":"hex:3580:24344"},"type":"Feature"},{"geometry":{"coordinates":[[[-122.57688,38.09714],[-122.57744,38.09792],[-122.57858,38.09793],[-122.57916,38.09715],[-122.57859,38.09637],[-122.57745,38.09636],[-122.57688,38.09714]]],"type":"Polygon"},"properties":{"bbox":{"parking":{"area":935.23,"pct":3.6},"roads":{"area":3445.01,"pct":13.26}},"city_same":1,"id":"hex:3580:24345"},"type":"Feature"},{"geometry":{"coordinates":[[[-122.57687,38.0987],[-122.57743,38.09949],[-122.57858,38.09949],[-122.57915,38.09871],[-122.57858,38.09793],[-122.57744,38.09792],[-122.57687,38.0987]]],"type":"Polygon"},"properties":{"bbox":{"roads":{"area":1096.13,"pct":4.22}},"city_same":1,"id":"hex:3580:24346"},"type":"Feature"},{"geometry":{"coordinates":[[[-122.57686,38.10026],[-122.57743,38.10105],[-122.57857,38.10105],[-122.57914,38.10027],[-122.57858,38.09949],[-122.57743,38.09949],[-122.57686,38.10026]]],"type":"Polygon"},"properties":{"bbox":{"roads":{"area":1415.41,"pct":5.45}},"city_same":1,"id":"hex:3580:24347"},"type":"Feature"},{"geometry":{"coordinates":[[[-122.57685,38.10182],[-122.57742,38.10261],[-122.57856,38.10261],[-122.57913,38.10183],[-122.57857,38.10105],[-122.57743,38.10105],[-122.57685,38.10182]]],"type":"Polygon"},"properties":{"bbox":{"roads":{"area":2856.4,"pct":10.99}},"city_same":1,"id":"hex:3580:24348"},"type":"Feature"},{"geometry":{"coordinates":[[[-122.57684,38.10339],[-122.57741,38.10417],[-122.57855,38.10417],[-122.57912,38.10339],[-122.57856,38.10261],[-122.57742,38.10261],[-122.57684,38.10339]]],"type":"Polygon"},"properties":{"bbox":{"roads":{"area":1323.65,"pct":5.09}},"city_same":1,"id":"hex:3580:24349"},"type":"Feature"},{"geometry":{"coordinates":[[[-122.57683,38.10495],[-122.5774,38.10573],[-122.57854,38.10573],[-122.57911,38.10495],[-122.57855,38.10417],[-122.57741,38.10417],[-122.57683,38.10495]]],"type":"Polygon"},"properties":{"bbox":{"roads":{"area":3459.66,"pct":13.32}},"city":{"roads":{"area":3001.74,"pct":11.55}},"id":"hex:3580:24350"},"type":"Feature"},{"geometry":{"coordinates":[[[-122.57682,38.10651],[-122.57739,38.10729],[-122.57853,38.10729],[-122.57911,38.10652],[-122.57854,38.10573],[-122.5774,38.10573],[-122.57682,38.10651]]],"type":"Polygon"},"properties":{"bbox":{"parking":{"area":69.93,"pct":0.27},"roads":{"area":4279.37,"pct":16.47}},"city":{"parking":{"area":69.93,"pct":0.27},"roads":{"area":3442.17,"pct":13.25}},"id":"hex:3580:24351"},"type":"Feature"},{"geometry":{"coordinates":[[[-122.57682,38.10807],[-122.57738,38.10885],[-122.57852,38.10886],[-122.5791,38.10808],[-122.57853,38.10729],[-122.57739,38.10729],[-122.57682,38.10807]]],"type":"Polygon"},"properties":{"bbox":{"parking":{"area":1351.38,"pct":5.2},"roads":{"area":4980.09,"pct":19.17}},"city_same":1,"id":"hex:3580:24352"},"type":"Feature"},{"geometry":{"coordinates":[[[-122.57681,38.10963],[-122.57737,38.11041],[-122.57851,38.11042],[-122.57909,38.10964],[-122.57852,38.10886],[-122.57738,38.10885],[-122.57681,38.10963]]],"type":"Polygon"},"properties":{"bbox":{"roads":{"area":4203.82,"pct":16.18}},"city_same":1,"id":"hex:3580:24353"},"type":"Feature"},{"geometry":{"coordinates":[[[-122.5768,38.11119],[-122.57736,38.11197],[-122.5785,38.11198],[-122.57908,38.1112],[-122.57851,38.11042],[-122.57737,38.11041],[-122.5768,38.11119]]],"type":"Polygon"},"properties":{"bbox":{"roads":{"area":2137.55,"pct":8.23}},"city_same":1,"id":"hex:3580:24354"},"type":"Feature"},{"geometry":{"coordinates":[[[-122.57679,38.11275],[-122.57735,38.11353],[-122.57849,38.11354],[-122.57907,38.11276],[-122.5785,38.11198],[-122.57736,38.11197],[-122.57679,38.11275]]],"type":"Polygon"},"properties":{"bbox":{"roads":{"area":1599.55,"pct":6.16}},"city_same":1,"id":"hex:3580:24355"},"type":"Feature"},{"geometry":{"coordinates":[[[-122.57678,38.11431],[-122.57734,38.1151],[-122.57849,38.1151],[-122.57906,38.11432],[-122.57849,38.11354],[-122.57735,38.11353],[-122.57678,38.11431]]],"type":"Polygon"},"properties":{"bbox":{"roads":{"area":1296.12,"pct":4.99}},"city_same":1,"id":"hex:3580:24356"},"type":"Feature"},{"geometry":{"coordinates":[[[-122.57677,38.11587],[-122.57734,38.11666],[-122.57848,38.11666],[-122.57905,38.11588],[-122.57849,38.1151],[-122.57734,38.1151],[-122.57677,38.11587]]],"type":"Polygon"},"properties":{"bbox":{"roads":{"area":2776.65,"pct":10.69}},"city_same":1,"id":"hex:3580:24357"},"type":"Feature"},{"geometry":{"coordinates":[[[-122.57676,38.11743],[-122.57733,38.11822],[-122.57847,38.11822],[-122.57904,38.11744],[-122.57848,38.11666],[-122.57734,38.11666],[-122.57676,38.11743]]],"type":"Polygon"},"properties":{"bbox":{"roads":{"area":1718.03,"pct":6.61}},"city_same":1,"id":"hex:3580:24358"},"type":"Feature"},{"geometry":{"coordinates":[[[-122.57675,38.119],[-122.57732,38.11978],[-122.57846,38.11978],[-122.57903,38.119],[-122.57847,38.11822],[-122.57733,38.11822],[-122.57675,38.119]]],"type":"Polygon"},"properties":{"bbox":{"roads":{"area":0.52,"pct":0}},"city_same":1,"id":"hex:3580:24359"},"type":"Feature"},{"geometry":{"coordinates":[[[-122.57674,38.12056],[-122.57731,38.12134],[-122.57845,38.12134],[-122.57902,38.12056],[-122.57846,38.11978],[-122.57732,38.11978],[-122.57674,38.12056]]],"type":"Polygon"},"properties":{"bbox":{"roads":{"area":2396.67,"pct":9.22}},"id":"hex:3580:24360"},"type":"Feature"},{"geometry":{"coordinates":[[[-122.57671,38.1268],[-122.57727,38.12758],[-122.57841,38.12759],[-122.57899,38.12681],[-122.57842,38.12603],[-122.57728,38.12602],[-122.57671,38.1268]]],"type":"Polygon"},"properties":{"bbox":{"roads":{"area":1028.05,"pct":3.96}},"city_same":1,"id":"hex:3580:24364"},"type":"Feature"},{"geometry":{"coordinates":[[[-122.57665,38.13617],[-122.57722,38.13695],[-122.57836,38.13695],[-122.57893,38.13617],[-122.57837,38.13539],[-122.57723,38.13539],[-122.57665,38.13617]]],"type":"Polygon"},"properties":{"bbox":{"roads":{"area":493.09,"pct":1.9}},"city_same":1,"id":"hex:3580:24370"},"type":"Feature"},{"geometry":{"coordinates":[[[-122.57539,38.05889],[-122.57595,38.05967],[-122.57709,38.05968],[-122.57767,38.0589],[-122.5771,38.05812],[-122.57596,38.05811],[-122.57539,38.05889]]],"type":"Polygon"},"properties":{"bbox":{"roads":{"area":652.02,"pct":2.51}},"city_same":1,"id":"hex:3581:24320"},"type":"Feature"},{"geometry":{"coordinates":[[[-122.57538,38.06045],[-122.57594,38.06123],[-122.57708,38.06124],[-122.57766,38.06046],[-122.57709,38.05968],[-122.57595,38.05967],[-122.57538,38.06045]]],"type":"Polygon"},"properties":{"bbox":{"roads":{"area":1518.96,"pct":5.85}},"city_same":1,"id":"hex:3581:24321"},"type":"Feature"},{"geometry":{"coordinates":[[[-122.57537,38.06201],[-122.57594,38.0628],[-122.57708,38.0628],[-122.57765,38.06202],[-122.57708,38.06124],[-122.57594,38.06123],[-122.57537,38.06201]]],"type":"Polygon"},"properties":{"bbox":{"roads":{"area":887.35,"pct":3.42}},"city_same":1,"id":"hex:3581:24322"},"type":"Feature"},{"geometry":{"coordinates":[[[-122.57536,38.06357],[-122.57593,38.06436],[-122.57707,38.06436],[-122.57764,38.06358],[-122.57708,38.0628],[-122.57594,38.0628],[-122.57536,38.06357]]],"type":"Polygon"},"properties":{"bbox":{"roads":{"area":196.81,"pct":0.76}},"city_same":1,"id":"hex:3581:24323"},"type":"Feature"},{"geometry":{"coordinates":[[[-122.5753,38.0745],[-122.57586,38.07528],[-122.577,38.07529],[-122.57758,38.07451],[-122.57701,38.07373],[-122.57587,38.07372],[-122.5753,38.0745]]],"type":"Polygon"},"properties":{"bbox":{"roads":{"area":1186.17,"pct":4.57}},"city_same":1,"id":"hex:3581:24330"},"type":"Feature"},{"geometry":{"coordinates":[[[-122.57529,38.07606],[-122.57585,38.07684],[-122.577,38.07685],[-122.57757,38.07607],[-122.577,38.07529],[-122.57586,38.07528],[-122.57529,38.07606]]],"type":"Polygon"},"properties":{"bbox":{"parking":{"area":4826.93,"pct":18.58},"roads":{"area":3856.27,"pct":14.84}},"city_same":1,"id":"hex:3581:24331"},"type":"Feature"},{"geometry":{"coordinates":[[[-122.57526,38.08074],[-122.57583,38.08153],[-122.57697,38.08153],[-122.57754,38.08075],[-122.57698,38.07997],[-122.57584,38.07997],[-122.57526,38.08074]]],"type":"Polygon"},"properties":{"bbox":{"roads":{"area":555.9,"pct":2.14}},"city_same":1,"id":"hex:3581:24334"},"type":"Feature"},{"geometry":{"coordinates":[[[-122.57525,38.08231],[-122.57582,38.08309],[-122.57696,38.08309],[-122.57753,38.08231],[-122.57697,38.08153],[-122.57583,38.08153],[-122.57525,38.08231]]],"type":"Polygon"},"properties":{"bbox":{"roads":{"area":1064.67,"pct":4.1}},"city_same":1,"id":"hex:3581:24335"},"type":"Feature"},{"geometry":{"coordinates":[[[-122.57524,38.08387],[-122.57581,38.08465],[-122.57695,38.08465],[-122.57752,38.08388],[-122.57696,38.08309],[-122.57582,38.08309],[-122.57524,38.08387]]],"type":"Polygon"},"properties":{"bbox":{"roads":{"area":1114.1,"pct":4.29}},"city_same":1,"id":"hex:3581:24336"},"type":"Feature"},{"geometry":{"coordinates":[[[-122.57524,38.08543],[-122.5758,38.08621],[-122.57694,38.08621],[-122.57752,38.08544],[-122.57695,38.08465],[-122.57581,38.08465],[-122.57524,38.08543]]],"type":"Polygon"},"properties":{"bbox":{"roads":{"area":1649.31,"pct":6.35}},"city_same":1,"id":"hex:3581:24337"},"type":"Feature"},{"geometry":{"coordinates":[[[-122.57523,38.08699],[-122.57579,38.08777],[-122.57693,38.08778],[-122.57751,38.087],[-122.57694,38.08621],[-122.5758,38.08621],[-122.57523,38.08699]]],"type":"Polygon"},"properties":{"bbox":{"roads":{"area":1589.2,"pct":6.12}},"city_same":1,"id":"hex:3581:24338"},"type":"Feature"},{"geometry":{"coordinates":[[[-122.57522,38.08855],[-122.57578,38.08933],[-122.57692,38.08934],[-122.5775,38.08856],[-122.57693,38.08778],[-122.57579,38.08777],[-122.57522,38.08855]]],"type":"Polygon"},"properties":{"bbox":{"roads":{"area":1078.53,"pct":4.15}},"city_same":1,"id":"hex:3581:24339"},"type":"Feature"},{"geometry":{"coordinates":[[[-122.57521,38.09011],[-122.57577,38.09089],[-122.57691,38.0909],[-122.57749,38.09012],[-122.57692,38.08934],[-122.57578,38.08933],[-122.57521,38.09011]]],"type":"Polygon"},"properties":{"bbox":{"roads":{"area":1241.21,"pct":4.78}},"city_same":1,"id":"hex:3581:24340"},"type":"Feature"},{"geometry":{"coordinates":[[[-122.5752,38.09167],[-122.57576,38.09245],[-122.57691,38.09246],[-122.57748,38.09168],[-122.57691,38.0909],[-122.57577,38.09089],[-122.5752,38.09167]]],"type":"Polygon"},"properties":{"bbox":{"roads":{"area":1886.28,"pct":7.26}},"city_same":1,"id":"hex:3581:24341"},"type":"Feature"},{"geometry":{"coordinates":[[[-122.57519,38.09323],[-122.57576,38.09402],[-122.5769,38.09402],[-122.57747,38.09324],[-122.57691,38.09246],[-122.57576,38.09245],[-122.57519,38.09323]]],"type":"Polygon"},"properties":{"bbox":{"parking":{"area":154.85,"pct":0.6},"roads":{"area":3062.78,"pct":11.79}},"city_same":1,"id":"hex:3581:24342"},"type":"Feature"},{"geometry":{"coordinates":[[[-122.57518,38.09479],[-122.57575,38.09558],[-122.57689,38.09558],[-122.57746,38.0948],[-122.5769,38.09402],[-122.57576,38.09402],[-122.57518,38.09479]]],"type":"Polygon"},"properties":{"bbox":{"roads":{"area":1853.35,"pct":7.13}},"city_same":1,"id":"hex:3581:24343"},"type":"Feature"},{"geometry":{"coordinates":[[[-122.57517,38.09635],[-122.57574,38.09714],[-122.57688,38.09714],[-122.57745,38.09636],[-122.57689,38.09558],[-122.57575,38.09558],[-122.57517,38.09635]]],"type":"Polygon"},"properties":{"bbox":{"parking":{"area":1257.93,"pct":4.84},"roads":{"area":3046.86,"pct":11.73}},"city_same":1,"id":"hex:3581:24344"},"type":"Feature"},{"geometry":{"coordinates":[[[-122.57516,38.09792],[-122.57573,38.0987],[-122.57687,38.0987],[-122.57744,38.09792],[-122.57688,38.09714],[-122.57574,38.09714],[-122.57516,38.09792]]],"type":"Polygon"},"properties":{"bbox":{"parking":{"area":2394.5,"pct":9.22},"roads":{"area":2266.18,"pct":8.72}},"city_same":1,"id":"hex:3581:24345"},"type":"Feature"},{"geometry":{"coordinates":[[[-122.57515,38.09948],[-122.57572,38.10026],[-122.57686,38.10026],[-122.57743,38.09949],[-122.57687,38.0987],[-122.57573,38.0987],[-122.57515,38.09948]]],"type":"Polygon"},"properties":{"bbox":{"roads":{"area":2367.53,"pct":9.11}},"city_same":1,"id":"hex:3581:24346"},"type":"Feature"},{"geometry":{"coordinates":[[[-122.57514,38.10104],[-122.57571,38.10182],[-122.57685,38.10182],[-122.57743,38.10105],[-122.57686,38.10026],[-122.57572,38.10026],[-122.57514,38.10104]]],"type":"Polygon"},"properties":{"bbox":{"roads":{"area":2330.85,"pct":8.97}},"city_same":1,"id":"hex:3581:24347"},"type":"Feature"},{"geometry":{"coordinates":[[[-122.57514,38.1026],[-122.5757,38.10338],[-122.57684,38.10339],[-122.57742,38.10261],[-122.57685,38.10182],[-122.57571,38.10182],[-122.57514,38.1026]]],"type":"Polygon"},"properties":{"bbox":{"roads":{"area":1058.59,"pct":4.07}},"city_same":1,"id":"hex:3581:24348"},"type":"Feature"},{"geometry":{"coordinates":[[[-122.57513,38.10416],[-122.57569,38.10494],[-122.57683,38.10495],[-122.57741,38.10417],[-122.57684,38.10339],[-122.5757,38.10338],[-122.57513,38.10416]]],"type":"Polygon"},"properties":{"bbox":{"roads":{"area":1623.09,"pct":6.25}},"city":{"roads":{"area":1154.11,"pct":4.44}},"id":"hex:3581:24349"},"type":"Feature"},{"geometry":{"coordinates":[[[-122.57512,38.10572],[-122.57568,38.1065],[-122.57682,38.10651],[-122.5774,38.10573],[-122.57683,38.10495],[-122.57569,38.10494],[-122.57512,38.10572]]],"type":"Polygon"},"properties":{"bbox":{"roads":{"area":2636.32,"pct":10.15}},"city":{"roads":{"area":1749.85,"pct":6.74}},"id":"hex:3581:24350"},"type":"Feature"},{"geometry":{"coordinates":[[[-122.57511,38.10728],[-122.57567,38.10806],[-122.57682,38.10807],[-122.57739,38.10729],[-122.57682,38.10651],[-122.57568,38.1065],[-122.57511,38.10728]]],"type":"Polygon"},"properties":{"bbox":{"roads":{"area":1095.82,"pct":4.22}},"city_same":1,"id":"hex:3581:24351"},"type":"Feature"},{"geometry":{"coordinates":[[[-122.5751,38.10884],[-122.57567,38.10963],[-122.57681,38.10963],[-122.57738,38.10885],[-122.57682,38.10807],[-122.57567,38.10806],[-122.5751,38.10884]]],"type":"Polygon"},"properties":{"bbox":{"roads":{"area":4519.38,"pct":17.4}},"city_same":1,"id":"hex:3581:24352"},"type":"Feature"},{"geometry":{"coordinates":[[[-122.57509,38.1104],[-122.57566,38.11119],[-122.5768,38.11119],[-122.57737,38.11041],[-122.57681,38.10963],[-122.57567,38.10963],[-122.57509,38.1104]]],"type":"Polygon"},"properties":{"bbox":{"roads":{"area":2639.57,"pct":10.16}},"city_same":1,"id":"hex:3581:24353"},"type":"Feature"},{"geometry":{"coordinates":[[[-122.57508,38.11196],[-122.57565,38.11275],[-122.57679,38.11275],[-122.57736,38.11197],[-122.5768,38.11119],[-122.57566,38.11119],[-122.57508,38.11196]]],"type":"Polygon"},"properties":{"bbox":{"roads":{"area":269.84,"pct":1.04}},"city_same":1,"id":"hex:3581:24354"},"type":"Feature"},{"geometry":{"coordinates":[[[-122.57507,38.11353],[-122.57564,38.11431],[-122.57678,38.11431],[-122.57735,38.11353],[-122.57679,38.11275],[-122.57565,38.11275],[-122.57507,38.11353]]],"type":"Polygon"},"properties":{"bbox":{"roads":{"area":1082.13,"pct":4.17}},"city_same":1,"id":"hex:3581:24355"},"type":"Feature"},{"geometry":{"coordinates":[[[-122.57506,38.11509],[-122.57563,38.11587],[-122.57677,38.11587],[-122.57734,38.1151],[-122.57678,38.11431],[-122.57564,38.11431],[-122.57506,38.11509]]],"type":"Polygon"},"properties":{"bbox":{"roads":{"area":1057.34,"pct":4.07}},"city_same":1,"id":"hex:3581:24356"},"type":"Feature"},{"geometry":{"coordinates":[[[-122.57505,38.11665],[-122.57562,38.11743],[-122.57676,38.11743],[-122.57734,38.11666],[-122.57677,38.11587],[-122.57563,38.11587],[-122.57505,38.11665]]],"type":"Polygon"},"properties":{"bbox":{"roads":{"area":9.28,"pct":0.04}},"city_same":1,"id":"hex:3581:24357"},"type":"Feature"},{"geometry":{"coordinates":[[[-122.57505,38.11821],[-122.57561,38.11899],[-122.57675,38.119],[-122.57733,38.11822],[-122.57676,38.11743],[-122.57562,38.11743],[-122.57505,38.11821]]],"type":"Polygon"},"properties":{"bbox":{"roads":{"area":1090.21,"pct":4.2}},"city_same":1,"id":"hex:3581:24358"},"type":"Feature"},{"geometry":{"coordinates":[[[-122.57503,38.12133],[-122.57559,38.12211],[-122.57673,38.12212],[-122.57731,38.12134],[-122.57674,38.12056],[-122.5756,38.12055],[-122.57503,38.12133]]],"type":"Polygon"},"properties":{"bbox":{"roads":{"area":2618.73,"pct":10.08}},"city":{"roads":{"area":10.79,"pct":0.04}},"id":"hex:3581:24360"},"type":"Feature"},{"geometry":{"coordinates":[[[-122.57501,38.12445],[-122.57558,38.12524],[-122.57672,38.12524],[-122.57729,38.12446],[-122.57672,38.12368],[-122.57558,38.12367],[-122.57501,38.12445]]],"type":"Polygon"},"properties":{"bbox":{"roads":{"area":1165.32,"pct":4.49}},"city_same":1,"id":"hex:3581:24362"},"type":"Feature"},{"geometry":{"coordinates":[[[-122.575,38.12601],[-122.57557,38.1268],[-122.57671,38.1268],[-122.57728,38.12602],[-122.57672,38.12524],[-122.57558,38.12524],[-122.575,38.12601]]],"type":"Polygon"},"properties":{"bbox":{"roads":{"area":1812.4,"pct":6.98}},"city_same":1,"id":"hex:3581:24363"},"type":"Feature"},{"geometry":{"coordinates":[[[-122.57499,38.12758],[-122.57556,38.12836],[-122.5767,38.12836],[-122.57727,38.12758],[-122.57671,38.1268],[-122.57557,38.1268],[-122.57499,38.12758]]],"type":"Polygon"},"properties":{"bbox":{"roads":{"area":1785.36,"pct":6.87}},"city_same":1,"id":"hex:3581:24364"},"type":"Feature"},{"geometry":{"coordinates":[[[-122.57497,38.1307],[-122.57554,38.13148],[-122.57668,38.13148],[-122.57725,38.13071],[-122.57669,38.12992],[-122.57555,38.12992],[-122.57497,38.1307]]],"type":"Polygon"},"properties":{"bbox":{"roads":{"area":721.35,"pct":2.78}},"city_same":1,"id":"hex:3581:24366"},"type":"Feature"},{"geometry":{"coordinates":[[[-122.57496,38.13226],[-122.57553,38.13304],[-122.57667,38.13304],[-122.57725,38.13227],[-122.57668,38.13148],[-122.57554,38.13148],[-122.57496,38.13226]]],"type":"Polygon"},"properties":{"bbox":{"roads":{"area":66.34,"pct":0.26}},"city_same":1,"id":"hex:3581:24367"},"type":"Feature"},{"geometry":{"coordinates":[[[-122.57495,38.13382],[-122.57552,38.1346],[-122.57666,38.13461],[-122.57724,38.13383],[-122.57667,38.13304],[-122.57553,38.13304],[-122.57495,38.13382]]],"type":"Polygon"},"properties":{"bbox":{"roads":{"area":202.66,"pct":0.78}},"city_same":1,"id":"hex:3581:24368"},"type":"Feature"},{"geometry":{"coordinates":[[[-122.57495,38.13538],[-122.57551,38.13616],[-122.57665,38.13617],[-122.57723,38.13539],[-122.57666,38.13461],[-122.57552,38.1346],[-122.57495,38.13538]]],"type":"Polygon"},"properties":{"bbox":{"roads":{"area":616.59,"pct":2.37}},"city_same":1,"id":"hex:3581:24369"},"type":"Feature"},{"geometry":{"coordinates":[[[-122.57369,38.05654],[-122.57426,38.05733],[-122.5754,38.05733],[-122.57597,38.05655],[-122.57541,38.05577],[-122.57427,38.05576],[-122.57369,38.05654]]],"type":"Polygon"},"properties":{"bbox":{"roads":{"area":41.71,"pct":0.16}},"city_same":1,"id":"hex:3582:24319"},"type":"Feature"},{"geometry":{"coordinates":[[[-122.57368,38.0581],[-122.57425,38.05889],[-122.57539,38.05889],[-122.57596,38.05811],[-122.5754,38.05733],[-122.57426,38.05733],[-122.57368,38.0581]]],"type":"Polygon"},"properties":{"bbox":{"roads":{"area":1111.54,"pct":4.28}},"city_same":1,"id":"hex:3582:24320"},"type":"Feature"},{"geometry":{"coordinates":[[[-122.57367,38.05966],[-122.57424,38.06045],[-122.57538,38.06045],[-122.57595,38.05967],[-122.57539,38.05889],[-122.57425,38.05889],[-122.57367,38.05966]]],"type":"Polygon"},"properties":{"bbox":{"roads":{"area":1614.44,"pct":6.21}},"city_same":1,"id":"hex:3582:24321"},"type":"Feature"},{"geometry":{"coordinates":[[[-122.57367,38.06123],[-122.57423,38.06201],[-122.57537,38.06201],[-122.57594,38.06123],[-122.57538,38.06045],[-122.57424,38.06045],[-122.57367,38.06123]]],"type":"Polygon"},"properties":{"bbox":{"roads":{"area":1373.03,"pct":5.28}},"city_same":1,"id":"hex:3582:24322"},"type":"Feature"},{"geometry":{"coordinates":[[[-122.57366,38.06279],[-122.57422,38.06357],[-122.57536,38.06357],[-122.57594,38.0628],[-122.57537,38.06201],[-122.57423,38.06201],[-122.57366,38.06279]]],"type":"Polygon"},"properties":{"bbox":{"roads":{"area":1346.65,"pct":5.18}},"city_same":1,"id":"hex:3582:24323"},"type":"Feature"},{"geometry":{"coordinates":[[[-122.57358,38.07528],[-122.57415,38.07606],[-122.57529,38.07606],[-122.57586,38.07528],[-122.5753,38.0745],[-122.57416,38.0745],[-122.57358,38.07528]]],"type":"Polygon"},"properties":{"bbox":{"parking":{"area":2907.37,"pct":11.19},"roads":{"area":1387.87,"pct":5.34},"sidewalks":{"area":266.08,"pct":1.02}},"city_same":1,"id":"hex:3582:24331"},"type":"Feature"},{"geometry":{"coordinates":[[[-122.57357,38.07684],[-122.57414,38.07762],[-122.57528,38.07762],[-122.57585,38.07684],[-122.57529,38.07606],[-122.57415,38.07606],[-122.57357,38.07684]]],"type":"Polygon"},"properties":{"bbox":{"roads":{"area":2249.33,"pct":8.66}},"city_same":1,"id":"hex:3582:24332"},"type":"Feature"},{"geometry":{"coordinates":[[[-122.57355,38.08152],[-122.57411,38.0823],[-122.57525,38.08231],[-122.57583,38.08153],[-122.57526,38.08074],[-122.57412,38.08074],[-122.57355,38.08152]]],"type":"Polygon"},"properties":{"bbox":{"roads":{"area":1264.36,"pct":4.87}},"city_same":1,"id":"hex:3582:24335"},"type":"Feature"},{"geometry":{"coordinates":[[[-122.57354,38.08308],[-122.5741,38.08386],[-122.57524,38.08387],[-122.57582,38.08309],[-122.57525,38.08231],[-122.57411,38.0823],[-122.57354,38.08308]]],"type":"Polygon"},"properties":{"bbox":{"roads":{"area":1417.9,"pct":5.46}},"city_same":1,"id":"hex:3582:24336"},"type":"Feature"},{"geometry":{"coordinates":[[[-122.57353,38.08464],[-122.57409,38.08542],[-122.57524,38.08543],[-122.57581,38.08465],[-122.57524,38.08387],[-122.5741,38.08386],[-122.57353,38.08464]]],"type":"Polygon"},"properties":{"bbox":{"roads":{"area":918.59,"pct":3.54}},"city_same":1,"id":"hex:3582:24337"},"type":"Feature"},{"geometry":{"coordinates":[[[-122.57352,38.0862],[-122.57409,38.08698],[-122.57523,38.08699],[-122.5758,38.08621],[-122.57524,38.08543],[-122.57409,38.08542],[-122.57352,38.0862]]],"type":"Polygon"},"properties":{"bbox":{"roads":{"area":1676.31,"pct":6.45}},"city_same":1,"id":"hex:3582:24338"},"type":"Feature"},{"geometry":{"coordinates":[[[-122.57351,38.08776],[-122.57408,38.08855],[-122.57522,38.08855],[-122.57579,38.08777],[-122.57523,38.08699],[-122.57409,38.08698],[-122.57351,38.08776]]],"type":"Polygon"},"properties":{"bbox":{"roads":{"area":1066.18,"pct":4.1}},"city_same":1,"id":"hex:3582:24339"},"type":"Feature"},{"geometry":{"coordinates":[[[-122.5735,38.08932],[-122.57407,38.09011],[-122.57521,38.09011],[-122.57578,38.08933],[-122.57522,38.08855],[-122.57408,38.08855],[-122.5735,38.08932]]],"type":"Polygon"},"properties":{"bbox":{"parking":{"area":894.3,"pct":3.44},"roads":{"area":319.43,"pct":1.23}},"city_same":1,"id":"hex:3582:24340"},"type":"Feature"},{"geometry":{"coordinates":[[[-122.57349,38.09089],[-122.57406,38.09167],[-122.5752,38.09167],[-122.57577,38.09089],[-122.57521,38.09011],[-122.57407,38.09011],[-122.57349,38.09089]]],"type":"Polygon"},"properties":{"bbox":{"roads":{"area":1518.16,"pct":5.84},"sidewalks":{"area":289.79,"pct":1.12}},"city_same":1,"id":"hex:3582:24341"},"type":"Feature"},{"geometry":{"coordinates":[[[-122.57348,38.09245],[-122.57405,38.09323],[-122.57519,38.09323],[-122.57576,38.09245],[-122.5752,38.09167],[-122.57406,38.09167],[-122.57348,38.09245]]],"type":"Polygon"},"properties":{"bbox":{"roads":{"area":1012.04,"pct":3.9}},"city_same":1,"id":"hex:3582:24342"},"type":"Feature"},{"geometry":{"coordinates":[[[-122.57347,38.09401],[-122.57404,38.09479],[-122.57518,38.09479],[-122.57576,38.09402],[-122.57519,38.09323],[-122.57405,38.09323],[-122.57347,38.09401]]],"type":"Polygon"},"properties":{"bbox":{"roads":{"area":587.38,"pct":2.26}},"city_same":1,"id":"hex:3582:24343"},"type":"Feature"},{"geometry":{"coordinates":[[[-122.57347,38.09557],[-122.57403,38.09635],[-122.57517,38.09635],[-122.57575,38.09558],[-122.57518,38.09479],[-122.57404,38.09479],[-122.57347,38.09557]]],"type":"Polygon"},"properties":{"bbox":{"roads":{"area":1836.85,"pct":7.07}},"city_same":1,"id":"hex:3582:24344"},"type":"Feature"},{"geometry":{"coordinates":[[[-122.57346,38.09713],[-122.57402,38.09791],[-122.57516,38.09792],[-122.57574,38.09714],[-122.57517,38.09635],[-122.57403,38.09635],[-122.57346,38.09713]]],"type":"Polygon"},"properties":{"bbox":{"parking":{"area":537.1,"pct":2.07},"roads":{"area":703.2,"pct":2.71}},"city_same":1,"id":"hex:3582:24345"},"type":"Feature"},{"geometry":{"coordinates":[[[-122.57345,38.09869],[-122.57401,38.09947],[-122.57515,38.09948],[-122.57573,38.0987],[-122.57516,38.09792],[-122.57402,38.09791],[-122.57345,38.09869]]],"type":"Polygon"},"properties":{"bbox":{"roads":{"area":1269.96,"pct":4.89}},"city_same":1,"id":"hex:3582:24346"},"type":"Feature"},{"geometry":{"coordinates":[[[-122.57344,38.10025],[-122.574,38.10103],[-122.57514,38.10104],[-122.57572,38.10026],[-122.57515,38.09948],[-122.57401,38.09947],[-122.57344,38.10025]]],"type":"Polygon"},"properties":{"bbox":{"roads":{"area":2906.94,"pct":11.19},"sidewalks":{"area":234.81,"pct":0.9}},"city_same":1,"id":"hex:3582:24347"},"type":"Feature"},{"geometry":{"coordinates":[[[-122.57343,38.10181],[-122.574,38.10259],[-122.57514,38.1026],[-122.57571,38.10182],[-122.57514,38.10104],[-122.574,38.10103],[-122.57343,38.10181]]],"type":"Polygon"},"properties":{"bbox":{"roads":{"area":2302.2,"pct":8.86},"sidewalks":{"area":524.97,"pct":2.02}},"city_same":1,"id":"hex:3582:24348"},"type":"Feature"},{"geometry":{"coordinates":[[[-122.57342,38.10337],[-122.57399,38.10416],[-122.57513,38.10416],[-122.5757,38.10338],[-122.57514,38.1026],[-122.574,38.10259],[-122.57342,38.10337]]],"type":"Polygon"},"properties":{"bbox":{"roads":{"area":2285.36,"pct":8.8},"sidewalks":{"area":24.73,"pct":0.1}},"city":{"roads":{"area":1361.46,"pct":5.24},"sidewalks":{"area":24.73,"pct":0.1}},"id":"hex:3582:24349"},"type":"Feature"},{"geometry":{"coordinates":[[[-122.57341,38.10493],[-122.57398,38.10572],[-122.57512,38.10572],[-122.57569,38.10494],[-122.57513,38.10416],[-122.57399,38.10416],[-122.57341,38.10493]]],"type":"Polygon"},"properties":{"bbox":{"roads":{"area":2203.79,"pct":8.48}},"city":{"roads":{"area":1469.67,"pct":5.66}},"id":"hex:3582:24350"},"type":"Feature"},{"geometry":{"coordinates":[[[-122.5734,38.1065],[-122.57397,38.10728],[-122.57511,38.10728],[-122.57568,38.1065],[-122.57512,38.10572],[-122.57398,38.10572],[-122.5734,38.1065]]],"type":"Polygon"},"properties":{"bbox":{"roads":{"area":3213.59,"pct":12.37}},"city_same":1,"id":"hex:3582:24351"},"type":"Feature"},{"geometry":{"coordinates":[[[-122.57339,38.10806],[-122.57396,38.10884],[-122.5751,38.10884],[-122.57567,38.10806],[-122.57511,38.10728],[-122.57397,38.10728],[-122.57339,38.10806]]],"type":"Polygon"},"properties":{"bbox":{"roads":{"area":3751.78,"pct":14.44}},"city_same":1,"id":"hex:3582:24352"},"type":"Feature"},{"geometry":{"coordinates":[[[-122.57338,38.10962],[-122.57395,38.1104],[-122.57509,38.1104],[-122.57567,38.10963],[-122.5751,38.10884],[-122.57396,38.10884],[-122.57338,38.10962]]],"type":"Polygon"},"properties":{"bbox":{"roads":{"area":2016,"pct":7.76}},"city_same":1,"id":"hex:3582:24353"},"type":"Feature"},{"geometry":{"coordinates":[[[-122.57337,38.11118],[-122.57394,38.11196],[-122.57508,38.11196],[-122.57566,38.11119],[-122.57509,38.1104],[-122.57395,38.1104],[-122.57337,38.11118]]],"type":"Polygon"},"properties":{"bbox":{"roads":{"area":2919.72,"pct":11.24}},"city_same":1,"id":"hex:3582:24354"},"type":"Feature"},{"geometry":{"coordinates":[[[-122.57337,38.11274],[-122.57393,38.11352],[-122.57507,38.11353],[-122.57565,38.11275],[-122.57508,38.11196],[-122.57394,38.11196],[-122.57337,38.11274]]],"type":"Polygon"},"properties":{"bbox":{"roads":{"area":963.47,"pct":3.71}},"city_same":1,"id":"hex:3582:24355"},"type":"Feature"},{"geometry":{"coordinates":[[[-122.57336,38.1143],[-122.57392,38.11508],[-122.57506,38.11509],[-122.57564,38.11431],[-122.57507,38.11353],[-122.57393,38.11352],[-122.57336,38.1143]]],"type":"Polygon"},"properties":{"bbox":{"roads":{"area":1640.1,"pct":6.31}},"city_same":1,"id":"hex:3582:24356"},"type":"Feature"},{"geometry":{"coordinates":[[[-122.57334,38.11742],[-122.5739,38.1182],[-122.57505,38.11821],[-122.57562,38.11743],[-122.57505,38.11665],[-122.57391,38.11664],[-122.57334,38.11742]]],"type":"Polygon"},"properties":{"bbox":{"roads":{"area":949.89,"pct":3.66}},"city_same":1,"id":"hex:3582:24358"},"type":"Feature"},{"geometry":{"coordinates":[[[-122.57333,38.11898],[-122.5739,38.11977],[-122.57504,38.11977],[-122.57561,38.11899],[-122.57505,38.11821],[-122.5739,38.1182],[-122.57333,38.11898]]],"type":"Polygon"},"properties":{"bbox":{"roads":{"area":1334.41,"pct":5.14}},"city_same":1,"id":"hex:3582:24359"},"type":"Feature"},{"geometry":{"coordinates":[[[-122.57332,38.12054],[-122.57389,38.12133],[-122.57503,38.12133],[-122.5756,38.12055],[-122.57504,38.11977],[-122.5739,38.11977],[-122.57332,38.12054]]],"type":"Polygon"},"properties":{"bbox":{"roads":{"area":2422.42,"pct":9.32}},"city":{"roads":{"area":1107.84,"pct":4.26}},"id":"hex:3582:24360"},"type":"Feature"},{"geometry":{"coordinates":[[[-122.57331,38.12211],[-122.57388,38.12289],[-122.57502,38.12289],[-122.57559,38.12211],[-122.57503,38.12133],[-122.57389,38.12133],[-122.57331,38.12211]]],"type":"Polygon"},"properties":{"bbox":{"roads":{"area":2536.82,"pct":9.76}},"city":{"roads":{"area":2179.35,"pct":8.39}},"id":"hex:3582:24361"},"type":"Feature"},{"geometry":{"coordinates":[[[-122.5733,38.12367],[-122.57387,38.12445],[-122.57501,38.12445],[-122.57558,38.12367],[-122.57502,38.12289],[-122.57388,38.12289],[-122.5733,38.12367]]],"type":"Polygon"},"properties":{"bbox":{"roads":{"area":2465.51,"pct":9.49}},"city_same":1,"id":"hex:3582:24362"},"type":"Feature"},{"geometry":{"coordinates":[[[-122.57329,38.12523],[-122.57386,38.12601],[-122.575,38.12601],[-122.57558,38.12524],[-122.57501,38.12445],[-122.57387,38.12445],[-122.57329,38.12523]]],"type":"Polygon"},"properties":{"bbox":{"roads":{"area":932.19,"pct":3.59}},"city_same":1,"id":"hex:3582:24363"},"type":"Feature"},{"geometry":{"coordinates":[[[-122.57328,38.12679],[-122.57385,38.12757],[-122.57499,38.12758],[-122.57557,38.1268],[-122.575,38.12601],[-122.57386,38.12601],[-122.57328,38.12679]]],"type":"Polygon"},"properties":{"bbox":{"roads":{"area":3411.54,"pct":13.13}},"city_same":1,"id":"hex:3582:24364"},"type":"Feature"},{"geometry":{"coordinates":[[[-122.57328,38.12835],[-122.57384,38.12913],[-122.57498,38.12914],[-122.57556,38.12836],[-122.57499,38.12758],[-122.57385,38.12757],[-122.57328,38.12835]]],"type":"Polygon"},"properties":{"bbox":{"roads":{"area":510.68,"pct":1.97}},"city_same":1,"id":"hex:3582:24365"},"type":"Feature"},{"geometry":{"coordinates":[[[-122.57327,38.12991],[-122.57383,38.13069],[-122.57497,38.1307],[-122.57555,38.12992],[-122.57498,38.12914],[-122.57384,38.12913],[-122.57327,38.12991]]],"type":"Polygon"},"properties":{"bbox":{"roads":{"area":850.35,"pct":3.27}},"city_same":1,"id":"hex:3582:24366"},"type":"Feature"},{"geometry":{"coordinates":[[[-122.57326,38.13147],[-122.57382,38.13225],[-122.57496,38.13226],[-122.57554,38.13148],[-122.57497,38.1307],[-122.57383,38.13069],[-122.57326,38.13147]]],"type":"Polygon"},"properties":{"bbox":{"roads":{"area":833.42,"pct":3.21}},"city_same":1,"id":"hex:3582:24367"},"type":"Feature"},{"geometry":{"coordinates":[[[-122.57325,38.13303],[-122.57381,38.13381],[-122.57495,38.13382],[-122.57553,38.13304],[-122.57496,38.13226],[-122.57382,38.13225],[-122.57325,38.13303]]],"type":"Polygon"},"properties":{"bbox":{"roads":{"area":1175.22,"pct":4.52}},"city_same":1,"id":"hex:3582:24368"},"type":"Feature"},{"geometry":{"coordinates":[[[-122.57324,38.13459],[-122.5738,38.13538],[-122.57495,38.13538],[-122.57552,38.1346],[-122.57495,38.13382],[-122.57381,38.13381],[-122.57324,38.13459]]],"type":"Polygon"},"properties":{"bbox":{"roads":{"area":1462.71,"pct":5.63}},"city_same":1,"id":"hex:3582:24369"},"type":"Feature"},{"geometry":{"coordinates":[[[-122.57198,38.05732],[-122.57254,38.0581],[-122.57368,38.0581],[-122.57426,38.05733],[-122.57369,38.05654],[-122.57255,38.05654],[-122.57198,38.05732]]],"type":"Polygon"},"properties":{"bbox":{"roads":{"area":700.35,"pct":2.7}},"city_same":1,"id":"hex:3583:24319"},"type":"Feature"},{"geometry":{"coordinates":[[[-122.57197,38.05888],[-122.57253,38.05966],[-122.57367,38.05966],[-122.57425,38.05889],[-122.57368,38.0581],[-122.57254,38.0581],[-122.57197,38.05888]]],"type":"Polygon"},"properties":{"bbox":{"roads":{"area":164.11,"pct":0.63}},"city_same":1,"id":"hex:3583:24320"},"type":"Feature"},{"geometry":{"coordinates":[[[-122.57196,38.06044],[-122.57253,38.06122],[-122.57367,38.06123],[-122.57424,38.06045],[-122.57367,38.05966],[-122.57253,38.05966],[-122.57196,38.06044]]],"type":"Polygon"},"properties":{"bbox":{"roads":{"area":64.14,"pct":0.25}},"city_same":1,"id":"hex:3583:24321"},"type":"Feature"},{"geometry":{"coordinates":[[[-122.57195,38.062],[-122.57252,38.06278],[-122.57366,38.06279],[-122.57423,38.06201],[-122.57367,38.06123],[-122.57253,38.06122],[-122.57195,38.062]]],"type":"Polygon"},"properties":{"bbox":{"roads":{"area":1818.02,"pct":7}},"city_same":1,"id":"hex:3583:24322"},"type":"Feature"},{"geometry":{"coordinates":[[[-122.57194,38.06356],[-122.57251,38.06434],[-122.57365,38.06435],[-122.57422,38.06357],[-122.57366,38.06279],[-122.57252,38.06278],[-122.57194,38.06356]]],"type":"Polygon"},"properties":{"bbox":{"roads":{"area":1171.87,"pct":4.51}},"city_same":1,"id":"hex:3583:24323"},"type":"Feature"},{"geometry":{"coordinates":[[[-122.57188,38.07449],[-122.57244,38.07527],[-122.57358,38.07528],[-122.57416,38.0745],[-122.57359,38.07371],[-122.57245,38.07371],[-122.57188,38.07449]]],"type":"Polygon"},"properties":{"bbox":{"roads":{"area":1295.26,"pct":4.99}},"city_same":1,"id":"hex:3583:24330"},"type":"Feature"},{"geometry":{"coordinates":[[[-122.57187,38.07605],[-122.57243,38.07683],[-122.57357,38.07684],[-122.57415,38.07606],[-122.57358,38.07528],[-122.57244,38.07527],[-122.57187,38.07605]]],"type":"Polygon"},"properties":{"bbox":{"roads":{"area":4115.04,"pct":15.84},"sidewalks":{"area":527.39,"pct":2.03}},"city_same":1,"id":"hex:3583:24331"},"type":"Feature"},{"geometry":{"coordinates":[[[-122.57186,38.07761],[-122.57243,38.07839],[-122.57357,38.0784],[-122.57414,38.07762],[-122.57357,38.07684],[-122.57243,38.07683],[-122.57186,38.07761]]],"type":"Polygon"},"properties":{"bbox":{"roads":{"area":909.6,"pct":3.5}},"city_same":1,"id":"hex:3583:24332"},"type":"Feature"},{"geometry":{"coordinates":[[[-122.57185,38.07917],[-122.57242,38.07995],[-122.57356,38.07996],[-122.57413,38.07918],[-122.57357,38.0784],[-122.57243,38.07839],[-122.57185,38.07917]]],"type":"Polygon"},"properties":{"bbox":{"roads":{"area":87.77,"pct":0.34}},"city_same":1,"id":"hex:3583:24333"},"type":"Feature"},{"geometry":{"coordinates":[[[-122.57183,38.08229],[-122.5724,38.08308],[-122.57354,38.08308],[-122.57411,38.0823],[-122.57355,38.08152],[-122.57241,38.08151],[-122.57183,38.08229]]],"type":"Polygon"},"properties":{"bbox":{"roads":{"area":892.71,"pct":3.44}},"city_same":1,"id":"hex:3583:24335"},"type":"Feature"},{"geometry":{"coordinates":[[[-122.57182,38.08385],[-122.57239,38.08464],[-122.57353,38.08464],[-122.5741,38.08386],[-122.57354,38.08308],[-122.5724,38.08308],[-122.57182,38.08385]]],"type":"Polygon"},"properties":{"bbox":{"roads":{"area":1972.87,"pct":7.59}},"city_same":1,"id":"hex:3583:24336"},"type":"Feature"},{"geometry":{"coordinates":[[[-122.57181,38.08542],[-122.57238,38.0862],[-122.57352,38.0862],[-122.57409,38.08542],[-122.57353,38.08464],[-122.57239,38.08464],[-122.57181,38.08542]]],"type":"Polygon"},"properties":{"bbox":{"roads":{"area":1712.47,"pct":6.59}},"city_same":1,"id":"hex:3583:24337"},"type":"Feature"},{"geometry":{"coordinates":[[[-122.57181,38.08698],[-122.57237,38.08776],[-122.57351,38.08776],[-122.57409,38.08698],[-122.57352,38.0862],[-122.57238,38.0862],[-122.57181,38.08698]]],"type":"Polygon"},"properties":{"bbox":{"roads":{"area":1573.82,"pct":6.06}},"city_same":1,"id":"hex:3583:24338"},"type":"Feature"},{"geometry":{"coordinates":[[[-122.5718,38.08854],[-122.57236,38.08932],[-122.5735,38.08932],[-122.57408,38.08855],[-122.57351,38.08776],[-122.57237,38.08776],[-122.5718,38.08854]]],"type":"Polygon"},"properties":{"bbox":{"parking":{"area":2212.68,"pct":8.52},"roads":{"area":1086.6,"pct":4.18}},"city_same":1,"id":"hex:3583:24339"},"type":"Feature"},{"geometry":{"coordinates":[[[-122.57179,38.0901],[-122.57235,38.09088],[-122.57349,38.09089],[-122.57407,38.09011],[-122.5735,38.08932],[-122.57236,38.08932],[-122.57179,38.0901]]],"type":"Polygon"},"properties":{"bbox":{"parking":{"area":5795.14,"pct":22.31},"roads":{"area":3183.46,"pct":12.25},"sidewalks":{"area":224.04,"pct":0.86}},"city_same":1,"id":"hex:3583:24340"},"type":"Feature"},{"geometry":{"coordinates":[[[-122.57178,38.09166],[-122.57234,38.09244],[-122.57348,38.09245],[-122.57406,38.09167],[-122.57349,38.09089],[-122.57235,38.09088],[-122.57178,38.09166]]],"type":"Polygon"},"properties":{"bbox":{"roads":{"area":2010.44,"pct":7.74}},"city_same":1,"id":"hex:3583:24341"},"type":"Feature"},{"geometry":{"coordinates":[[[-122.57177,38.09322],[-122.57233,38.094],[-122.57347,38.09401],[-122.57405,38.09323],[-122.57348,38.09245],[-122.57234,38.09244],[-122.57177,38.09322]]],"type":"Polygon"},"properties":{"bbox":{"roads":{"area":967.45,"pct":3.72}},"city_same":1,"id":"hex:3583:24342"},"type":"Feature"},{"geometry":{"coordinates":[[[-122.57176,38.09478],[-122.57233,38.09556],[-122.57347,38.09557],[-122.57404,38.09479],[-122.57347,38.09401],[-122.57233,38.094],[-122.57176,38.09478]]],"type":"Polygon"},"properties":{"bbox":{"roads":{"area":900.79,"pct":3.47}},"city_same":1,"id":"hex:3583:24343"},"type":"Feature"},{"geometry":{"coordinates":[[[-122.57175,38.09634],[-122.57232,38.09713],[-122.57346,38.09713],[-122.57403,38.09635],[-122.57347,38.09557],[-122.57233,38.09556],[-122.57175,38.09634]]],"type":"Polygon"},"properties":{"bbox":{"roads":{"area":617.77,"pct":2.38}},"city_same":1,"id":"hex:3583:24344"},"type":"Feature"},{"geometry":{"coordinates":[[[-122.57174,38.0979],[-122.57231,38.09869],[-122.57345,38.09869],[-122.57402,38.09791],[-122.57346,38.09713],[-122.57232,38.09713],[-122.57174,38.0979]]],"type":"Polygon"},"properties":{"bbox":{"roads":{"area":2073.63,"pct":7.98}},"city_same":1,"id":"hex:3583:24345"},"type":"Feature"},{"geometry":{"coordinates":[[[-122.57173,38.09946],[-122.5723,38.10025],[-122.57344,38.10025],[-122.57401,38.09947],[-122.57345,38.09869],[-122.57231,38.09869],[-122.57173,38.09946]]],"type":"Polygon"},"properties":{"bbox":{"roads":{"area":3347.24,"pct":12.88}},"city_same":1,"id":"hex:3583:24346"},"type":"Feature"},{"geometry":{"coordinates":[[[-122.57172,38.10103],[-122.57229,38.10181],[-122.57343,38.10181],[-122.574,38.10103],[-122.57344,38.10025],[-122.5723,38.10025],[-122.57172,38.10103]]],"type":"Polygon"},"properties":{"bbox":{"roads":{"area":2581.8,"pct":9.94},"sidewalks":{"area":230.23,"pct":0.89}},"city":{"roads":{"area":850.22,"pct":3.27},"sidewalks":{"area":230.23,"pct":0.89}},"id":"hex:3583:24347"},"type":"Feature"},{"geometry":{"coordinates":[[[-122.57171,38.10259],[-122.57228,38.10337],[-122.57342,38.10337],[-122.574,38.10259],[-122.57343,38.10181],[-122.57229,38.10181],[-122.57171,38.10259]]],"type":"Polygon"},"properties":{"bbox":{"roads":{"area":5427.32,"pct":20.89},"sidewalks":{"area":754.45,"pct":2.9}},"city":{"roads":{"area":2559.89,"pct":9.85},"sidewalks":{"area":754.45,"pct":2.9}},"id":"hex:3583:24348"},"type":"Feature"},{"geometry":{"coordinates":[[[-122.5717,38.10415],[-122.57227,38.10493],[-122.57341,38.10493],[-122.57399,38.10416],[-122.57342,38.10337],[-122.57228,38.10337],[-122.5717,38.10415]]],"type":"Polygon"},"properties":{"bbox":{"roads":{"area":4888.85,"pct":18.82},"sidewalks":{"area":377.03,"pct":1.45}},"city":{"roads":{"area":2563.63,"pct":9.87},"sidewalks":{"area":377.03,"pct":1.45}},"id":"hex:3583:24349"},"type":"Feature"},{"geometry":{"coordinates":[[[-122.5717,38.10571],[-122.57226,38.10649],[-122.5734,38.1065],[-122.57398,38.10572],[-122.57341,38.10493],[-122.57227,38.10493],[-122.5717,38.10571]]],"type":"Polygon"},"properties":{"bbox":{"roads":{"area":3178.83,"pct":12.24}},"city_same":1,"id":"hex:3583:24350"},"type":"Feature"},{"geometry":{"coordinates":[[[-122.57169,38.10727],[-122.57225,38.10805],[-122.57339,38.10806],[-122.57397,38.10728],[-122.5734,38.1065],[-122.57226,38.10649],[-122.57169,38.10727]]],"type":"Polygon"},"properties":{"bbox":{"roads":{"area":2818.13,"pct":10.85}},"city_same":1,"id":"hex:3583:24351"},"type":"Feature"},{"geometry":{"coordinates":[[[-122.57168,38.10883],[-122.57224,38.10961],[-122.57338,38.10962],[-122.57396,38.10884],[-122.57339,38.10806],[-122.57225,38.10805],[-122.57168,38.10883]]],"type":"Polygon"},"properties":{"bbox":{"roads":{"area":2975.12,"pct":11.45}},"city_same":1,"id":"hex:3583:24352"},"type":"Feature"},{"geometry":{"coordinates":[[[-122.57167,38.11039],[-122.57223,38.11117],[-122.57337,38.11118],[-122.57395,38.1104],[-122.57338,38.10962],[-122.57224,38.10961],[-122.57167,38.11039]]],"type":"Polygon"},"properties":{"bbox":{"roads":{"area":2571.72,"pct":9.9}},"city_same":1,"id":"hex:3583:24353"},"type":"Feature"},{"geometry":{"coordinates":[[[-122.57166,38.11195],[-122.57223,38.11274],[-122.57337,38.11274],[-122.57394,38.11196],[-122.57337,38.11118],[-122.57223,38.11117],[-122.57166,38.11195]]],"type":"Polygon"},"properties":{"bbox":{"roads":{"area":2094.47,"pct":8.06}},"city_same":1,"id":"hex:3583:24354"},"type":"Feature"},{"geometry":{"coordinates":[[[-122.57165,38.11351],[-122.57222,38.1143],[-122.57336,38.1143],[-122.57393,38.11352],[-122.57337,38.11274],[-122.57223,38.11274],[-122.57165,38.11351]]],"type":"Polygon"},"properties":{"bbox":{"roads":{"area":2802.61,"pct":10.79}},"city_same":1,"id":"hex:3583:24355"},"type":"Feature"},{"geometry":{"coordinates":[[[-122.57164,38.11507],[-122.57221,38.11586],[-122.57335,38.11586],[-122.57392,38.11508],[-122.57336,38.1143],[-122.57222,38.1143],[-122.57164,38.11507]]],"type":"Polygon"},"properties":{"bbox":{"roads":{"area":262.27,"pct":1.01}},"city_same":1,"id":"hex:3583:24356"},"type":"Feature"},{"geometry":{"coordinates":[[[-122.57163,38.11664],[-122.5722,38.11742],[-122.57334,38.11742],[-122.57391,38.11664],[-122.57335,38.11586],[-122.57221,38.11586],[-122.57163,38.11664]]],"type":"Polygon"},"properties":{"bbox":{"roads":{"area":502.38,"pct":1.93}},"city_same":1,"id":"hex:3583:24357"},"type":"Feature"},{"geometry":{"coordinates":[[[-122.57162,38.1182],[-122.57219,38.11898],[-122.57333,38.11898],[-122.5739,38.1182],[-122.57334,38.11742],[-122.5722,38.11742],[-122.57162,38.1182]]],"type":"Polygon"},"properties":{"bbox":{"roads":{"area":1102.81,"pct":4.24}},"city_same":1,"id":"hex:3583:24358"},"type":"Feature"},{"geometry":{"coordinates":[[[-122.57161,38.11976],[-122.57218,38.12054],[-122.57332,38.12054],[-122.5739,38.11977],[-122.57333,38.11898],[-122.57219,38.11898],[-122.57161,38.11976]]],"type":"Polygon"},"properties":{"bbox":{"roads":{"area":151.22,"pct":0.58}},"city_same":1,"id":"hex:3583:24359"},"type":"Feature"},{"geometry":{"coordinates":[[[-122.5716,38.12132],[-122.57217,38.1221],[-122.57331,38.12211],[-122.57389,38.12133],[-122.57332,38.12054],[-122.57218,38.12054],[-122.5716,38.12132]]],"type":"Polygon"},"properties":{"bbox":{"roads":{"area":3813.77,"pct":14.68}},"city":{"roads":{"area":711.77,"pct":2.74}},"id":"hex:3583:24360"},"type":"Feature"},{"geometry":{"coordinates":[[[-122.5716,38.12288],[-122.5716,38.12288],[-122.57217,38.1221],[-122.57331,38.12211],[-122.57388,38.12289],[-122.5733,38.12367],[-122.57216,38.12366],[-122.57186,38.12324],[-122.57187,38.12324],[-122.57192,38.12326],[-122.57197,38.12326],[-122.57199,38.12323],[-122.57204,38.1232],[-122.57208,38.12322],[-122.5721,38.12324],[-122.57214,38.12326],[-122.57222,38.12325],[-122.57217,38.12314],[-122.5717,38.12302],[-122.5716,38.12288]]],"type":"Polygon"},"properties":{"bbox":{"roads":{"area":2753.76,"pct":10.85}},"city_same":1,"id":"hex:3583:24361"},"type":"Feature"},{"geometry":{"coordinates":[[[-122.57159,38.12444],[-122.57215,38.12522],[-122.57329,38.12523],[-122.57387,38.12445],[-122.5733,38.12367],[-122.57216,38.12366],[-122.57159,38.12444]]],"type":"Polygon"},"properties":{"bbox":{"roads":{"area":928.18,"pct":3.57}},"city_same":1,"id":"hex:3583:24362"},"type":"Feature"},{"geometry":{"coordinates":[[[-122.57158,38.126],[-122.57214,38.12678],[-122.57328,38.12679],[-122.57386,38.12601],[-122.57329,38.12523],[-122.57215,38.12522],[-122.57158,38.126]]],"type":"Polygon"},"properties":{"bbox":{"roads":{"area":1215.9,"pct":4.68}},"city_same":1,"id":"hex:3583:24363"},"type":"Feature"},{"geometry":{"coordinates":[[[-122.57157,38.12756],[-122.57213,38.12835],[-122.57328,38.12835],[-122.57385,38.12757],[-122.57328,38.12679],[-122.57214,38.12678],[-122.57157,38.12756]]],"type":"Polygon"},"properties":{"bbox":{"roads":{"area":1241.99,"pct":4.78}},"city_same":1,"id":"hex:3583:24364"},"type":"Feature"},{"geometry":{"coordinates":[[[-122.57156,38.12912],[-122.57213,38.12991],[-122.57327,38.12991],[-122.57384,38.12913],[-122.57328,38.12835],[-122.57213,38.12835],[-122.57156,38.12912]]],"type":"Polygon"},"properties":{"bbox":{"roads":{"area":1989.92,"pct":7.66}},"city_same":1,"id":"hex:3583:24365"},"type":"Feature"},{"geometry":{"coordinates":[[[-122.57155,38.13068],[-122.57212,38.13147],[-122.57326,38.13147],[-122.57383,38.13069],[-122.57327,38.12991],[-122.57213,38.12991],[-122.57155,38.13068]]],"type":"Polygon"},"properties":{"bbox":{"roads":{"area":572.91,"pct":2.21}},"city_same":1,"id":"hex:3583:24366"},"type":"Feature"},{"geometry":{"coordinates":[[[-122.57154,38.13225],[-122.57211,38.13303],[-122.57325,38.13303],[-122.57382,38.13225],[-122.57326,38.13147],[-122.57212,38.13147],[-122.57154,38.13225]]],"type":"Polygon"},"properties":{"bbox":{"roads":{"area":488.24,"pct":1.88}},"city_same":1,"id":"hex:3583:24367"},"type":"Feature"},{"geometry":{"coordinates":[[[-122.57153,38.13381],[-122.5721,38.13459],[-122.57324,38.13459],[-122.57381,38.13381],[-122.57325,38.13303],[-122.57211,38.13303],[-122.57153,38.13381]]],"type":"Polygon"},"properties":{"bbox":{"roads":{"area":375.19,"pct":1.44}},"city_same":1,"id":"hex:3583:24368"},"type":"Feature"},{"geometry":{"coordinates":[[[-122.57152,38.13537],[-122.57209,38.13615],[-122.57323,38.13615],[-122.5738,38.13538],[-122.57324,38.13459],[-122.5721,38.13459],[-122.57152,38.13537]]],"type":"Polygon"},"properties":{"bbox":{"roads":{"area":827.55,"pct":3.19}},"city_same":1,"id":"hex:3583:24369"},"type":"Feature"},{"geometry":{"coordinates":[[[-122.57025,38.06121],[-122.57081,38.062],[-122.57195,38.062],[-122.57253,38.06122],[-122.57196,38.06044],[-122.57082,38.06043],[-122.57025,38.06121]]],"type":"Polygon"},"properties":{"bbox":{"roads":{"area":1172.84,"pct":4.51}},"city_same":1,"id":"hex:3584:24322"},"type":"Feature"},{"geometry":{"coordinates":[[[-122.57024,38.06277],[-122.5708,38.06356],[-122.57194,38.06356],[-122.57252,38.06278],[-122.57195,38.062],[-122.57081,38.062],[-122.57024,38.06277]]],"type":"Polygon"},"properties":{"bbox":{"roads":{"area":60.11,"pct":0.23}},"city_same":1,"id":"hex:3584:24323"},"type":"Feature"},{"geometry":{"coordinates":[[[-122.57023,38.06434],[-122.57079,38.06512],[-122.57193,38.06512],[-122.57251,38.06434],[-122.57194,38.06356],[-122.5708,38.06356],[-122.57023,38.06434]]],"type":"Polygon"},"properties":{"bbox":{"roads":{"area":1046.35,"pct":4.03}},"city_same":1,"id":"hex:3584:24324"},"type":"Feature"},{"geometry":{"coordinates":[[[-122.57017,38.0737],[-122.57074,38.07448],[-122.57188,38.07449],[-122.57245,38.07371],[-122.57189,38.07293],[-122.57075,38.07292],[-122.57017,38.0737]]],"type":"Polygon"},"properties":{"bbox":{"roads":{"area":199.29,"pct":0.77}},"city_same":1,"id":"hex:3584:24330"},"type":"Feature"},{"geometry":{"coordinates":[[[-122.57016,38.07526],[-122.57073,38.07605],[-122.57187,38.07605],[-122.57244,38.07527],[-122.57188,38.07449],[-122.57074,38.07448],[-122.57016,38.07526]]],"type":"Polygon"},"properties":{"bbox":{"roads":{"area":4108.94,"pct":15.82},"sidewalks":{"area":457.75,"pct":1.76}},"city_same":1,"id":"hex:3584:24331"},"type":"Feature"},{"geometry":{"coordinates":[[[-122.57015,38.07682],[-122.57072,38.07761],[-122.57186,38.07761],[-122.57243,38.07683],[-122.57187,38.07605],[-122.57073,38.07605],[-122.57015,38.07682]]],"type":"Polygon"},"properties":{"bbox":{"roads":{"area":56.59,"pct":0.22},"sidewalks":{"area":51.04,"pct":0.2}},"city_same":1,"id":"hex:3584:24332"},"type":"Feature"},{"geometry":{"coordinates":[[[-122.57015,38.07838],[-122.57071,38.07917],[-122.57185,38.07917],[-122.57243,38.07839],[-122.57186,38.07761],[-122.57072,38.07761],[-122.57015,38.07838]]],"type":"Polygon"},"properties":{"bbox":{"roads":{"area":1780.68,"pct":6.85}},"city_same":1,"id":"hex:3584:24333"},"type":"Feature"},{"geometry":{"coordinates":[[[-122.57014,38.07995],[-122.5707,38.08073],[-122.57184,38.08073],[-122.57242,38.07995],[-122.57185,38.07917],[-122.57071,38.07917],[-122.57014,38.07995]]],"type":"Polygon"},"properties":{"bbox":{"roads":{"area":72,"pct":0.28}},"city_same":1,"id":"hex:3584:24334"},"type":"Feature"},{"geometry":{"coordinates":[[[-122.57012,38.08307],[-122.57068,38.08385],[-122.57182,38.08385],[-122.5724,38.08308],[-122.57183,38.08229],[-122.57069,38.08229],[-122.57012,38.08307]]],"type":"Polygon"},"properties":{"bbox":{"roads":{"area":571.53,"pct":2.2}},"city_same":1,"id":"hex:3584:24336"},"type":"Feature"},{"geometry":{"coordinates":[[[-122.57011,38.08463],[-122.57067,38.08541],[-122.57181,38.08542],[-122.57239,38.08464],[-122.57182,38.08385],[-122.57068,38.08385],[-122.57011,38.08463]]],"type":"Polygon"},"properties":{"bbox":{"roads":{"area":1059.48,"pct":4.08}},"city_same":1,"id":"hex:3584:24337"},"type":"Feature"},{"geometry":{"coordinates":[[[-122.5701,38.08619],[-122.57066,38.08697],[-122.57181,38.08698],[-122.57238,38.0862],[-122.57181,38.08542],[-122.57067,38.08541],[-122.5701,38.08619]]],"type":"Polygon"},"properties":{"bbox":{"roads":{"area":1372.34,"pct":5.28}},"city_same":1,"id":"hex:3584:24338"},"type":"Feature"},{"geometry":{"coordinates":[[[-122.57009,38.08775],[-122.57066,38.08853],[-122.5718,38.08854],[-122.57237,38.08776],[-122.57181,38.08698],[-122.57066,38.08697],[-122.57009,38.08775]]],"type":"Polygon"},"properties":{"bbox":{"roads":{"area":992.67,"pct":3.82}},"city_same":1,"id":"hex:3584:24339"},"type":"Feature"},{"geometry":{"coordinates":[[[-122.57008,38.08931],[-122.57065,38.09009],[-122.57179,38.0901],[-122.57236,38.08932],[-122.5718,38.08854],[-122.57066,38.08853],[-122.57008,38.08931]]],"type":"Polygon"},"properties":{"bbox":{"parking":{"area":415.31,"pct":1.6},"roads":{"area":1405.31,"pct":5.41}},"city_same":1,"id":"hex:3584:24340"},"type":"Feature"},{"geometry":{"coordinates":[[[-122.57007,38.09087],[-122.57064,38.09166],[-122.57178,38.09166],[-122.57235,38.09088],[-122.57179,38.0901],[-122.57065,38.09009],[-122.57007,38.09087]]],"type":"Polygon"},"properties":{"bbox":{"roads":{"area":2273.7,"pct":8.75},"sidewalks":{"area":100.55,"pct":0.39}},"city_same":1,"id":"hex:3584:24341"},"type":"Feature"},{"geometry":{"coordinates":[[[-122.57006,38.09243],[-122.57063,38.09322],[-122.57177,38.09322],[-122.57234,38.09244],[-122.57178,38.09166],[-122.57064,38.09166],[-122.57006,38.09243]]],"type":"Polygon"},"properties":{"bbox":{"roads":{"area":1087.23,"pct":4.18}},"city_same":1,"id":"hex:3584:24342"},"type":"Feature"},{"geometry":{"coordinates":[[[-122.57005,38.09399],[-122.57062,38.09478],[-122.57176,38.09478],[-122.57233,38.094],[-122.57177,38.09322],[-122.57063,38.09322],[-122.57005,38.09399]]],"type":"Polygon"},"properties":{"bbox":{"parking":{"area":2079.2,"pct":8},"roads":{"area":2048.66,"pct":7.89}},"city_same":1,"id":"hex:3584:24343"},"type":"Feature"},{"geometry":{"coordinates":[[[-122.57004,38.09556],[-122.57061,38.09634],[-122.57175,38.09634],[-122.57233,38.09556],[-122.57176,38.09478],[-122.57062,38.09478],[-122.57004,38.09556]]],"type":"Polygon"},"properties":{"bbox":{"parking":{"area":547.51,"pct":2.11},"roads":{"area":729.22,"pct":2.81}},"city_same":1,"id":"hex:3584:24344"},"type":"Feature"},{"geometry":{"coordinates":[[[-122.57004,38.09712],[-122.5706,38.0979],[-122.57174,38.0979],[-122.57232,38.09713],[-122.57175,38.09634],[-122.57061,38.09634],[-122.57004,38.09712]]],"type":"Polygon"},"properties":{"bbox":{"roads":{"area":2953.83,"pct":11.37}},"city_same":1,"id":"hex:3584:24345"},"type":"Feature"},{"geometry":{"coordinates":[[[-122.57003,38.09868],[-122.57059,38.09946],[-122.57173,38.09946],[-122.57231,38.09869],[-122.57174,38.0979],[-122.5706,38.0979],[-122.57003,38.09868]]],"type":"Polygon"},"properties":{"bbox":{"roads":{"area":5516.76,"pct":21.23}},"city":{"roads":{"area":3495.91,"pct":13.46}},"id":"hex:3584:24346"},"type":"Feature"},{"geometry":{"coordinates":[[[-122.57002,38.10024],[-122.57058,38.10102],[-122.57172,38.10103],[-122.5723,38.10025],[-122.57173,38.09946],[-122.57059,38.09946],[-122.57002,38.10024]]],"type":"Polygon"},"properties":{"bbox":{"roads":{"area":4103.91,"pct":15.8},"sidewalks":{"area":457.73,"pct":1.76}},"city":{"roads":{"area":1364.13,"pct":5.25},"sidewalks":{"area":457.73,"pct":1.76}},"id":"hex:3584:24347"},"type":"Feature"},{"geometry":{"coordinates":[[[-122.57001,38.1018],[-122.57057,38.10258],[-122.57171,38.10259],[-122.57229,38.10181],[-122.57172,38.10103],[-122.57058,38.10102],[-122.57001,38.1018]]],"type":"Polygon"},"properties":{"bbox":{"parking":{"area":5486.83,"pct":21.12},"roads":{"area":2760.55,"pct":10.63},"sidewalks":{"area":91.99,"pct":0.35}},"city":{"parking":{"area":5486.83,"pct":21.12},"roads":{"area":2753.17,"pct":10.6},"sidewalks":{"area":91.99,"pct":0.35}},"id":"hex:3584:24348"},"type":"Feature"},{"geometry":{"coordinates":[[[-122.57,38.10336],[-122.57056,38.10414],[-122.5717,38.10415],[-122.57228,38.10337],[-122.57171,38.10259],[-122.57057,38.10258],[-122.57,38.10336]]],"type":"Polygon"},"properties":{"bbox":{"parking":{"area":10239.77,"pct":39.41},"roads":{"area":5035.34,"pct":19.38},"sidewalks":{"area":324.17,"pct":1.25}},"city":{"parking":{"area":10239.77,"pct":39.41},"roads":{"area":3017.16,"pct":11.61},"sidewalks":{"area":324.17,"pct":1.25}},"id":"hex:3584:24349"},"type":"Feature"},{"geometry":{"coordinates":[[[-122.56999,38.10492],[-122.57056,38.1057],[-122.5717,38.10571],[-122.57227,38.10493],[-122.5717,38.10415],[-122.57056,38.10414],[-122.56999,38.10492]]],"type":"Polygon"},"properties":{"bbox":{"roads":{"area":9147.93,"pct":35.21},"sidewalks":{"area":656.13,"pct":2.53}},"city":{"roads":{"area":2825.49,"pct":10.88},"sidewalks":{"area":656.13,"pct":2.53}},"id":"hex:3584:24350"},"type":"Feature"},{"geometry":{"coordinates":[[[-122.56998,38.10648],[-122.57055,38.10727],[-122.57169,38.10727],[-122.57226,38.10649],[-122.5717,38.10571],[-122.57056,38.1057],[-122.56998,38.10648]]],"type":"Polygon"},"properties":{"bbox":{"roads":{"area":7569.85,"pct":29.14},"sidewalks":{"area":464.13,"pct":1.79}},"city":{"roads":{"area":5430.86,"pct":20.9},"sidewalks":{"area":464.13,"pct":1.79}},"id":"hex:3584:24351"},"type":"Feature"},{"geometry":{"coordinates":[[[-122.56997,38.10804],[-122.57054,38.10883],[-122.57168,38.10883],[-122.57225,38.10805],[-122.57169,38.10727],[-122.57055,38.10727],[-122.56997,38.10804]]],"type":"Polygon"},"properties":{"bbox":{"roads":{"area":4147.2,"pct":15.96},"sidewalks":{"area":36.59,"pct":0.14}},"city":{"roads":{"area":3433.7,"pct":13.22},"sidewalks":{"area":36.59,"pct":0.14}},"id":"hex:3584:24352"},"type":"Feature"},{"geometry":{"coordinates":[[[-122.56996,38.1096],[-122.57053,38.11039],[-122.57167,38.11039],[-122.57224,38.10961],[-122.57168,38.10883],[-122.57054,38.10883],[-122.56996,38.1096]]],"type":"Polygon"},"properties":{"bbox":{"roads":{"area":2718.49,"pct":10.46}},"city_same":1,"id":"hex:3584:24353"},"type":"Feature"},{"geometry":{"coordinates":[[[-122.56995,38.11117],[-122.57052,38.11195],[-122.57166,38.11195],[-122.57223,38.11117],[-122.57167,38.11039],[-122.57053,38.11039],[-122.56995,38.11117]]],"type":"Polygon"},"properties":{"bbox":{"roads":{"area":1916.7,"pct":7.38}},"city_same":1,"id":"hex:3584:24354"},"type":"Feature"},{"geometry":{"coordinates":[[[-122.56994,38.11273],[-122.57051,38.11351],[-122.57165,38.11351],[-122.57223,38.11274],[-122.57166,38.11195],[-122.57052,38.11195],[-122.56994,38.11273]]],"type":"Polygon"},"properties":{"bbox":{"roads":{"area":2287.18,"pct":8.8}},"city_same":1,"id":"hex:3584:24355"},"type":"Feature"},{"geometry":{"coordinates":[[[-122.56993,38.11429],[-122.5705,38.11507],[-122.57164,38.11507],[-122.57222,38.1143],[-122.57165,38.11351],[-122.57051,38.11351],[-122.56993,38.11429]]],"type":"Polygon"},"properties":{"bbox":{"roads":{"area":2673.26,"pct":10.29}},"city_same":1,"id":"hex:3584:24356"},"type":"Feature"},{"geometry":{"coordinates":[[[-122.56993,38.11585],[-122.57049,38.11663],[-122.57163,38.11664],[-122.57221,38.11586],[-122.57164,38.11507],[-122.5705,38.11507],[-122.56993,38.11585]]],"type":"Polygon"},"properties":{"bbox":{"roads":{"area":314.6,"pct":1.21}},"city_same":1,"id":"hex:3584:24357"},"type":"Feature"},{"geometry":{"coordinates":[[[-122.56992,38.11741],[-122.57048,38.11819],[-122.57162,38.1182],[-122.5722,38.11742],[-122.57163,38.11664],[-122.57049,38.11663],[-122.56992,38.11741]]],"type":"Polygon"},"properties":{"bbox":{"roads":{"area":2692.29,"pct":10.36}},"city_same":1,"id":"hex:3584:24358"},"type":"Feature"},{"geometry":{"coordinates":[[[-122.56991,38.11897],[-122.57047,38.11975],[-122.57161,38.11976],[-122.57219,38.11898],[-122.57162,38.1182],[-122.57048,38.11819],[-122.56991,38.11897]]],"type":"Polygon"},"properties":{"bbox":{"roads":{"area":1429.29,"pct":5.5}},"city_same":1,"id":"hex:3584:24359"},"type":"Feature"},{"geometry":{"coordinates":[[[-122.5699,38.12053],[-122.57046,38.12131],[-122.5716,38.12132],[-122.57218,38.12054],[-122.57161,38.11976],[-122.57047,38.11975],[-122.5699,38.12053]]],"type":"Polygon"},"properties":{"bbox":{"roads":{"area":2903.75,"pct":11.18}},"city":{"roads":{"area":705.5,"pct":2.72}},"id":"hex:3584:24360"},"type":"Feature"},{"geometry":{"coordinates":[[[[-122.57045,38.12288],[-122.56989,38.12209],[-122.57046,38.12131],[-122.5716,38.12132],[-122.57217,38.1221],[-122.5716,38.12288],[-122.5716,38.12287],[-122.57162,38.12282],[-122.57162,38.12275],[-122.57159,38.12266],[-122.57155,38.1226],[-122.57152,38.12256],[-122.57144,38.12251],[-122.57133,38.12247],[-122.57129,38.12251],[-122.57126,38.12252],[-122.57121,38.12253],[-122.57116,38.12251],[-122.57114,38.12248],[-122.57113,38.12245],[-122.57106,38.12251],[-122.57096,38.12258],[-122.57088,38.12261],[-122.57078,38.12263],[-122.57067,38.12263],[-122.5707,38.12267],[-122.5707,38.1227],[-122.57068,38.12275],[-122.57063,38.12278],[-122.57054,38.12276],[-122.57054,38.12281],[-122.57054,38.12288],[-122.57045,38.12288]]],[[[-122.57127,38.12288],[-122.57127,38.12287],[-122.57128,38.12285],[-122.57133,38.12283],[-122.57139,38.12287],[-122.57144,38.12288],[-122.57127,38.12288]]]],"type":"MultiPolygon"},"properties":{"bbox":{"roads":{"area":1017.64,"pct":4.43}},"city":{"roads":{"area":954.54,"pct":4.16}},"id":"hex:3584:24361"},"type":"Feature"},{"geometry":{"coordinates":[[[[-122.57216,38.12366],[-122.57159,38.12444],[-122.57045,38.12444],[-122.56988,38.12365],[-122.57045,38.12288],[-122.57054,38.12288],[-122.57054,38.12288],[-122.57055,38.12292],[-122.5706,38.12297],[-122.57066,38.12301],[-122.57073,38.12303],[-122.57081,38.12302],[-122.57095,38.12299],[-122.57101,38.12299],[-122.57106,38.123],[-122.57111,38.12305],[-122.57113,38.12312],[-122.5711,38.12318],[-122.57104,38.12322],[-122.571,38.12328],[-122.571,38.12333],[-122.57101,38.12339],[-122.57106,38.12343],[-122.57114,38.12346],[-122.57123,38.12345],[-122.5713,38.1234],[-122.57133,38.12333],[-122.57133,38.12328],[-122.57133,38.12322],[-122.57136,38.12318],[-122.5714,38.12316],[-122.57149,38.12316],[-122.57154,38.12316],[-122.5716,38.12314],[-122.57165,38.12312],[-122.57169,38.12312],[-122.57175,38.12316],[-122.57176,38.12319],[-122.57176,38.12323],[-122.57178,38.12324],[-122.57182,38.12325],[-122.57186,38.12324],[-122.57216,38.12366]]],[[[-122.5717,38.12302],[-122.57133,38.12293],[-122.57127,38.12291],[-122.57127,38.12288],[-122.57144,38.12288],[-122.57157,38.12292],[-122.5716,38.12288],[-122.5717,38.12302]]]],"type":"MultiPolygon"},"properties":{"bbox":{"roads":{"area":1511.27,"pct":6.53}},"city_same":1,"id":"hex:3584:24362"},"type":"Feature"},{"geometry":{"coordinates":[[[-122.56987,38.12521],[-122.57044,38.126],[-122.57158,38.126],[-122.57215,38.12522],[-122.57159,38.12444],[-122.57045,38.12444],[-122.56987,38.12521]]],"type":"Polygon"},"properties":{"bbox":{"roads":{"area":2741.56,"pct":10.55}},"city_same":1,"id":"hex:3584:24363"},"type":"Feature"},{"geometry":{"coordinates":[[[-122.56982,38.13302],[-122.57039,38.1338],[-122.57153,38.13381],[-122.57211,38.13303],[-122.57154,38.13225],[-122.5704,38.13224],[-122.56982,38.13302]]],"type":"Polygon"},"properties":{"bbox":{"roads":{"area":1093.92,"pct":4.21}},"city_same":1,"id":"hex:3584:24368"},"type":"Feature"},{"geometry":{"coordinates":[[[-122.56982,38.13458],[-122.57038,38.13536],[-122.57152,38.13537],[-122.5721,38.13459],[-122.57153,38.13381],[-122.57039,38.1338],[-122.56982,38.13458]]],"type":"Polygon"},"properties":{"bbox":{"roads":{"area":977.16,"pct":3.76}},"city_same":1,"id":"hex:3584:24369"},"type":"Feature"},{"geometry":{"coordinates":[[[-122.56853,38.06199],[-122.5691,38.06277],[-122.57024,38.06277],[-122.57081,38.062],[-122.57025,38.06121],[-122.56911,38.06121],[-122.56853,38.06199]]],"type":"Polygon"},"properties":{"bbox":{"roads":{"area":965.6,"pct":3.72}},"city_same":1,"id":"hex:3585:24322"},"type":"Feature"},{"geometry":{"coordinates":[[[-122.56852,38.06355],[-122.56909,38.06433],[-122.57023,38.06434],[-122.5708,38.06356],[-122.57024,38.06277],[-122.5691,38.06277],[-122.56852,38.06355]]],"type":"Polygon"},"properties":{"bbox":{"roads":{"area":1489.21,"pct":5.73}},"city_same":1,"id":"hex:3585:24323"},"type":"Feature"},{"geometry":{"coordinates":[[[-122.56851,38.06511],[-122.56908,38.06589],[-122.57022,38.0659],[-122.57079,38.06512],[-122.57023,38.06434],[-122.56909,38.06433],[-122.56851,38.06511]]],"type":"Polygon"},"properties":{"bbox":{"roads":{"area":708.1,"pct":2.73}},"city_same":1,"id":"hex:3585:24324"},"type":"Feature"},{"geometry":{"coordinates":[[[-122.56849,38.06979],[-122.56905,38.07058],[-122.57019,38.07058],[-122.57077,38.0698],[-122.5702,38.06902],[-122.56906,38.06901],[-122.56849,38.06979]]],"type":"Polygon"},"properties":{"bbox":{"roads":{"area":110.76,"pct":0.43}},"city_same":1,"id":"hex:3585:24327"},"type":"Feature"},{"geometry":{"coordinates":[[[-122.56848,38.07135],[-122.56904,38.07214],[-122.57018,38.07214],[-122.57076,38.07136],[-122.57019,38.07058],[-122.56905,38.07058],[-122.56848,38.07135]]],"type":"Polygon"},"properties":{"bbox":{"roads":{"area":16.94,"pct":0.07}},"city_same":1,"id":"hex:3585:24328"},"type":"Feature"},{"geometry":{"coordinates":[[[-122.56847,38.07291],[-122.56903,38.0737],[-122.57017,38.0737],[-122.57075,38.07292],[-122.57018,38.07214],[-122.56904,38.07214],[-122.56847,38.07291]]],"type":"Polygon"},"properties":{"bbox":{"roads":{"area":682.68,"pct":2.63}},"city_same":1,"id":"hex:3585:24329"},"type":"Feature"},{"geometry":{"coordinates":[[[-122.56846,38.07448],[-122.56902,38.07526],[-122.57016,38.07526],[-122.57074,38.07448],[-122.57017,38.0737],[-122.56903,38.0737],[-122.56846,38.07448]]],"type":"Polygon"},"properties":{"bbox":{"roads":{"area":2303.07,"pct":8.86},"sidewalks":{"area":321.73,"pct":1.24}},"city_same":1,"id":"hex:3585:24330"},"type":"Feature"},{"geometry":{"coordinates":[[[-122.56845,38.07604],[-122.56901,38.07682],[-122.57015,38.07682],[-122.57073,38.07605],[-122.57016,38.07526],[-122.56902,38.07526],[-122.56845,38.07604]]],"type":"Polygon"},"properties":{"bbox":{"parking":{"area":1664.51,"pct":6.41},"roads":{"area":752.61,"pct":2.9},"sidewalks":{"area":46.55,"pct":0.18}},"city_same":1,"id":"hex:3585:24331"},"type":"Feature"},{"geometry":{"coordinates":[[[-122.56844,38.0776],[-122.569,38.07838],[-122.57015,38.07838],[-122.57072,38.07761],[-122.57015,38.07682],[-122.56901,38.07682],[-122.56844,38.0776]]],"type":"Polygon"},"properties":{"bbox":{"parking":{"area":290.51,"pct":1.12},"roads":{"area":1356.83,"pct":5.22},"sidewalks":{"area":249.55,"pct":0.96}},"city":{"parking":{"area":290.51,"pct":1.12},"roads":{"area":69.37,"pct":0.27},"sidewalks":{"area":249.55,"pct":0.96}},"id":"hex:3585:24332"},"type":"Feature"},{"geometry":{"coordinates":[[[-122.56843,38.07916],[-122.569,38.07994],[-122.57014,38.07995],[-122.57071,38.07917],[-122.57015,38.07838],[-122.569,38.07838],[-122.56843,38.07916]]],"type":"Polygon"},"properties":{"bbox":{"roads":{"area":1228.93,"pct":4.73},"sidewalks":{"area":163.44,"pct":0.63}},"city":{"roads":{"area":357.53,"pct":1.38},"sidewalks":{"area":163.44,"pct":0.63}},"id":"hex:3585:24333"},"type":"Feature"},{"geometry":{"coordinates":[[[-122.56842,38.08072],[-122.56899,38.0815],[-122.57013,38.08151],[-122.5707,38.08073],[-122.57014,38.07995],[-122.569,38.07994],[-122.56842,38.08072]]],"type":"Polygon"},"properties":{"bbox":{"roads":{"area":251.75,"pct":0.97}},"city_same":1,"id":"hex:3585:24334"},"type":"Feature"},{"geometry":{"coordinates":[[[-122.5684,38.08384],[-122.56897,38.08462],[-122.57011,38.08463],[-122.57068,38.08385],[-122.57012,38.08307],[-122.56898,38.08306],[-122.5684,38.08384]]],"type":"Polygon"},"properties":{"bbox":{"roads":{"area":1338.2,"pct":5.15}},"city_same":1,"id":"hex:3585:24336"},"type":"Feature"},{"geometry":{"coordinates":[[[-122.56839,38.0854],[-122.56896,38.08619],[-122.5701,38.08619],[-122.57067,38.08541],[-122.57011,38.08463],[-122.56897,38.08462],[-122.56839,38.0854]]],"type":"Polygon"},"properties":{"bbox":{"roads":{"area":1562.84,"pct":6.02}},"city_same":1,"id":"hex:3585:24337"},"type":"Feature"},{"geometry":{"coordinates":[[[-122.56838,38.08696],[-122.56895,38.08775],[-122.57009,38.08775],[-122.57066,38.08697],[-122.5701,38.08619],[-122.56896,38.08619],[-122.56838,38.08696]]],"type":"Polygon"},"properties":{"bbox":{"roads":{"area":1478.77,"pct":5.69}},"city_same":1,"id":"hex:3585:24338"},"type":"Feature"},{"geometry":{"coordinates":[[[-122.56838,38.08852],[-122.56894,38.08931],[-122.57008,38.08931],[-122.57066,38.08853],[-122.57009,38.08775],[-122.56895,38.08775],[-122.56838,38.08852]]],"type":"Polygon"},"properties":{"bbox":{"roads":{"area":2134.9,"pct":8.22}},"city_same":1,"id":"hex:3585:24339"},"type":"Feature"},{"geometry":{"coordinates":[[[-122.56837,38.09009],[-122.56893,38.09087],[-122.57007,38.09087],[-122.57065,38.09009],[-122.57008,38.08931],[-122.56894,38.08931],[-122.56837,38.09009]]],"type":"Polygon"},"properties":{"bbox":{"roads":{"area":1806.34,"pct":6.95}},"city_same":1,"id":"hex:3585:24340"},"type":"Feature"},{"geometry":{"coordinates":[[[-122.56836,38.09165],[-122.56892,38.09243],[-122.57006,38.09243],[-122.57064,38.09166],[-122.57007,38.09087],[-122.56893,38.09087],[-122.56836,38.09165]]],"type":"Polygon"},"properties":{"bbox":{"roads":{"area":2560.92,"pct":9.86},"sidewalks":{"area":174.93,"pct":0.67}},"city_same":1,"id":"hex:3585:24341"},"type":"Feature"},{"geometry":{"coordinates":[[[-122.56835,38.09321],[-122.56891,38.09399],[-122.57005,38.09399],[-122.57063,38.09322],[-122.57006,38.09243],[-122.56892,38.09243],[-122.56835,38.09321]]],"type":"Polygon"},"properties":{"bbox":{"roads":{"area":2307.79,"pct":8.88},"sidewalks":{"area":73.4,"pct":0.28}},"city_same":1,"id":"hex:3585:24342"},"type":"Feature"},{"geometry":{"coordinates":[[[-122.56834,38.09477],[-122.5689,38.09555],[-122.57004,38.09556],[-122.57062,38.09478],[-122.57005,38.09399],[-122.56891,38.09399],[-122.56834,38.09477]]],"type":"Polygon"},"properties":{"bbox":{"parking":{"area":110.38,"pct":0.42},"roads":{"area":3010.04,"pct":11.59}},"city":{"parking":{"area":110.38,"pct":0.42},"roads":{"area":1015.08,"pct":3.91}},"id":"hex:3585:24343"},"type":"Feature"},{"geometry":{"coordinates":[[[-122.56833,38.09633],[-122.56889,38.09711],[-122.57004,38.09712],[-122.57061,38.09634],[-122.57004,38.09556],[-122.5689,38.09555],[-122.56833,38.09633]]],"type":"Polygon"},"properties":{"bbox":{"roads":{"area":4059.01,"pct":15.62}},"city":{"roads":{"area":1233.65,"pct":4.75}},"id":"hex:3585:24344"},"type":"Feature"},{"geometry":{"coordinates":[[[-122.56832,38.09789],[-122.56889,38.09867],[-122.57003,38.09868],[-122.5706,38.0979],[-122.57004,38.09712],[-122.56889,38.09711],[-122.56832,38.09789]]],"type":"Polygon"},"properties":{"bbox":{"roads":{"area":4108.52,"pct":15.81}},"city":{"roads":{"area":1856.66,"pct":7.15}},"id":"hex:3585:24345"},"type":"Feature"},{"geometry":{"coordinates":[[[-122.56831,38.09945],[-122.56888,38.10023],[-122.57002,38.10024],[-122.57059,38.09946],[-122.57003,38.09868],[-122.56889,38.09867],[-122.56831,38.09945]]],"type":"Polygon"},"properties":{"bbox":{"roads":{"area":1219.32,"pct":4.69}},"city_same":1,"id":"hex:3585:24346"},"type":"Feature"},{"geometry":{"coordinates":[[[-122.5683,38.10101],[-122.56887,38.1018],[-122.57001,38.1018],[-122.57058,38.10102],[-122.57002,38.10024],[-122.56888,38.10023],[-122.5683,38.10101]]],"type":"Polygon"},"properties":{"bbox":{"parking":{"area":2501.43,"pct":9.63},"roads":{"area":4368.71,"pct":16.82},"sidewalks":{"area":90.94,"pct":0.35}},"city":{"parking":{"area":2501.43,"pct":9.63},"roads":{"area":2441.67,"pct":9.4},"sidewalks":{"area":90.94,"pct":0.35}},"id":"hex:3585:24347"},"type":"Feature"},{"geometry":{"coordinates":[[[-122.56829,38.10257],[-122.56886,38.10336],[-122.57,38.10336],[-122.57057,38.10258],[-122.57001,38.1018],[-122.56887,38.1018],[-122.56829,38.10257]]],"type":"Polygon"},"properties":{"bbox":{"parking":{"area":1315.86,"pct":5.06},"roads":{"area":4181.4,"pct":16.09},"sidewalks":{"area":271.72,"pct":1.05}},"city":{"parking":{"area":1315.86,"pct":5.06},"roads":{"area":1469.07,"pct":5.65},"sidewalks":{"area":271.72,"pct":1.05}},"id":"hex:3585:24348"},"type":"Feature"},{"geometry":{"coordinates":[[[-122.56828,38.10413],[-122.56885,38.10492],[-122.56999,38.10492],[-122.57056,38.10414],[-122.57,38.10336],[-122.56886,38.10336],[-122.56828,38.10413]]],"type":"Polygon"},"properties":{"bbox":{"roads":{"area":1633,"pct":6.29},"sidewalks":{"area":50.99,"pct":0.2}},"city":{"roads":{"area":1561.53,"pct":6.01},"sidewalks":{"area":50.99,"pct":0.2}},"id":"hex:3585:24349"},"type":"Feature"},{"geometry":{"coordinates":[[[-122.56827,38.1057],[-122.56884,38.10648],[-122.56998,38.10648],[-122.57056,38.1057],[-122.56999,38.10492],[-122.56885,38.10492],[-122.56827,38.1057]]],"type":"Polygon"},"properties":{"bbox":{"roads":{"area":5528.22,"pct":21.28},"sidewalks":{"area":687.35,"pct":2.65}},"city":{"roads":{"area":2557.81,"pct":9.85},"sidewalks":{"area":687.35,"pct":2.65}},"id":"hex:3585:24350"},"type":"Feature"},{"geometry":{"coordinates":[[[-122.56826,38.10726],[-122.56883,38.10804],[-122.56997,38.10804],[-122.57055,38.10727],[-122.56998,38.10648],[-122.56884,38.10648],[-122.56826,38.10726]]],"type":"Polygon"},"properties":{"bbox":{"roads":{"area":5017.01,"pct":19.31},"sidewalks":{"area":643.61,"pct":2.48}},"city":{"roads":{"area":4022.81,"pct":15.48},"sidewalks":{"area":643.61,"pct":2.48}},"id":"hex:3585:24351"},"type":"Feature"},{"geometry":{"coordinates":[[[-122.56826,38.10882],[-122.56882,38.1096],[-122.56996,38.1096],[-122.57054,38.10883],[-122.56997,38.10804],[-122.56883,38.10804],[-122.56826,38.10882]]],"type":"Polygon"},"properties":{"bbox":{"roads":{"area":5529.5,"pct":21.28},"sidewalks":{"area":61.58,"pct":0.24}},"city":{"roads":{"area":2961.18,"pct":11.4},"sidewalks":{"area":61.58,"pct":0.24}},"id":"hex:3585:24352"},"type":"Feature"},{"geometry":{"coordinates":[[[-122.56825,38.11038],[-122.56881,38.11116],[-122.56995,38.11117],[-122.57053,38.11039],[-122.56996,38.1096],[-122.56882,38.1096],[-122.56825,38.11038]]],"type":"Polygon"},"properties":{"bbox":{"roads":{"area":4750.31,"pct":18.28},"sidewalks":{"area":37.91,"pct":0.15}},"city":{"roads":{"area":2212.84,"pct":8.52},"sidewalks":{"area":37.91,"pct":0.15}},"id":"hex:3585:24353"},"type":"Feature"},{"geometry":{"coordinates":[[[-122.56824,38.11194],[-122.5688,38.11272],[-122.56994,38.11273],[-122.57052,38.11195],[-122.56995,38.11117],[-122.56881,38.11116],[-122.56824,38.11194]]],"type":"Polygon"},"properties":{"bbox":{"roads":{"area":4374.85,"pct":16.84}},"city":{"roads":{"area":2786.23,"pct":10.72}},"id":"hex:3585:24354"},"type":"Feature"},{"geometry":{"coordinates":[[[-122.56823,38.1135],[-122.56879,38.11428],[-122.56993,38.11429],[-122.57051,38.11351],[-122.56994,38.11273],[-122.5688,38.11272],[-122.56823,38.1135]]],"type":"Polygon"},"properties":{"bbox":{"roads":{"area":2838.9,"pct":10.93}},"city_same":1,"id":"hex:3585:24355"},"type":"Feature"},{"geometry":{"coordinates":[[[-122.56822,38.11506],[-122.56878,38.11584],[-122.56993,38.11585],[-122.5705,38.11507],[-122.56993,38.11429],[-122.56879,38.11428],[-122.56822,38.11506]]],"type":"Polygon"},"properties":{"bbox":{"roads":{"area":1941.91,"pct":7.47}},"city_same":1,"id":"hex:3585:24356"},"type":"Feature"},{"geometry":{"coordinates":[[[-122.56821,38.11662],[-122.56878,38.11741],[-122.56992,38.11741],[-122.57049,38.11663],[-122.56993,38.11585],[-122.56878,38.11584],[-122.56821,38.11662]]],"type":"Polygon"},"properties":{"bbox":{"roads":{"area":2512.33,"pct":9.67}},"city_same":1,"id":"hex:3585:24357"},"type":"Feature"},{"geometry":{"coordinates":[[[-122.5682,38.11818],[-122.56877,38.11897],[-122.56991,38.11897],[-122.57048,38.11819],[-122.56992,38.11741],[-122.56878,38.11741],[-122.5682,38.11818]]],"type":"Polygon"},"properties":{"bbox":{"roads":{"area":1180.57,"pct":4.54}},"city_same":1,"id":"hex:3585:24358"},"type":"Feature"},{"geometry":{"coordinates":[[[-122.56819,38.11975],[-122.56876,38.12053],[-122.5699,38.12053],[-122.57047,38.11975],[-122.56991,38.11897],[-122.56877,38.11897],[-122.56819,38.11975]]],"type":"Polygon"},"properties":{"bbox":{"roads":{"area":1796.12,"pct":6.91},"sidewalks":{"area":163.92,"pct":0.63}},"city":{"roads":{"area":283.04,"pct":1.09},"sidewalks":{"area":163.92,"pct":0.63}},"id":"hex:3585:24359"},"type":"Feature"},{"geometry":{"coordinates":[[[-122.56818,38.12131],[-122.56875,38.12209],[-122.56989,38.12209],[-122.57046,38.12131],[-122.5699,38.12053],[-122.56876,38.12053],[-122.56818,38.12131]]],"type":"Polygon"},"properties":{"bbox":{"roads":{"area":4924.52,"pct":18.95}},"city":{"roads":{"area":3568.18,"pct":13.73}},"id":"hex:3585:24360"},"type":"Feature"},{"geometry":{"coordinates":[[[-122.56817,38.12287],[-122.56874,38.12365],[-122.56988,38.12365],[-122.57045,38.12288],[-122.56989,38.12209],[-122.56875,38.12209],[-122.56817,38.12287]]],"type":"Polygon"},"properties":{"bbox":{"roads":{"area":3269.62,"pct":12.58}},"city_same":1,"id":"hex:3585:24361"},"type":"Feature"},{"geometry":{"coordinates":[[[-122.56816,38.12443],[-122.56873,38.12521],[-122.56987,38.12521],[-122.57045,38.12444],[-122.56988,38.12365],[-122.56874,38.12365],[-122.56816,38.12443]]],"type":"Polygon"},"properties":{"bbox":{"roads":{"area":2897.45,"pct":11.15}},"city_same":1,"id":"hex:3585:24362"},"type":"Feature"},{"geometry":{"coordinates":[[[-122.56812,38.13223],[-122.56868,38.13302],[-122.56982,38.13302],[-122.5704,38.13224],[-122.56983,38.13146],[-122.56869,38.13145],[-122.56812,38.13223]]],"type":"Polygon"},"properties":{"bbox":{"roads":{"area":861.1,"pct":3.31}},"city_same":1,"id":"hex:3585:24367"},"type":"Feature"},{"geometry":{"coordinates":[[[-122.56811,38.13379],[-122.56867,38.13458],[-122.56982,38.13458],[-122.57039,38.1338],[-122.56982,38.13302],[-122.56868,38.13302],[-122.56811,38.13379]]],"type":"Polygon"},"properties":{"bbox":{"roads":{"area":10.37,"pct":0.04}},"city_same":1,"id":"hex:3585:24368"},"type":"Feature"},{"geometry":{"coordinates":[[[-122.56684,38.05808],[-122.56741,38.05886],[-122.56855,38.05887],[-122.56912,38.05809],[-122.56856,38.0573],[-122.56742,38.0573],[-122.56684,38.05808]]],"type":"Polygon"},"properties":{"bbox":{"roads":{"area":612.21,"pct":2.36}},"city_same":1,"id":"hex:3586:24320"},"type":"Feature"},{"geometry":{"coordinates":[[[-122.56683,38.05964],[-122.5674,38.06042],[-122.56854,38.06043],[-122.56911,38.05965],[-122.56855,38.05887],[-122.56741,38.05886],[-122.56683,38.05964]]],"type":"Polygon"},"properties":{"bbox":{"roads":{"area":1411.08,"pct":5.43}},"city_same":1,"id":"hex:3586:24321"},"type":"Feature"},{"geometry":{"coordinates":[[[-122.56683,38.0612],[-122.56739,38.06198],[-122.56853,38.06199],[-122.56911,38.06121],[-122.56854,38.06043],[-122.5674,38.06042],[-122.56683,38.0612]]],"type":"Polygon"},"properties":{"bbox":{"roads":{"area":1876.24,"pct":7.22}},"city_same":1,"id":"hex:3586:24322"},"type":"Feature"},{"geometry":{"coordinates":[[[-122.56681,38.06432],[-122.56737,38.06511],[-122.56851,38.06511],[-122.56909,38.06433],[-122.56852,38.06355],[-122.56738,38.06354],[-122.56681,38.06432]]],"type":"Polygon"},"properties":{"bbox":{"roads":{"area":779.94,"pct":3}},"city_same":1,"id":"hex:3586:24324"},"type":"Feature"},{"geometry":{"coordinates":[[[-122.56679,38.06744],[-122.56735,38.06823],[-122.56849,38.06823],[-122.56907,38.06745],[-122.5685,38.06667],[-122.56736,38.06667],[-122.56679,38.06744]]],"type":"Polygon"},"properties":{"bbox":{"roads":{"area":218.74,"pct":0.84}},"city_same":1,"id":"hex:3586:24326"},"type":"Feature"},{"geometry":{"coordinates":[[[-122.56678,38.06901],[-122.56735,38.06979],[-122.56849,38.06979],[-122.56906,38.06901],[-122.56849,38.06823],[-122.56735,38.06823],[-122.56678,38.06901]]],"type":"Polygon"},"properties":{"bbox":{"roads":{"area":1017.93,"pct":3.92}},"city_same":1,"id":"hex:3586:24327"},"type":"Feature"},{"geometry":{"coordinates":[[[-122.56677,38.07057],[-122.56734,38.07135],[-122.56848,38.07135],[-122.56905,38.07058],[-122.56849,38.06979],[-122.56735,38.06979],[-122.56677,38.07057]]],"type":"Polygon"},"properties":{"bbox":{"roads":{"area":1473.67,"pct":5.67}},"city_same":1,"id":"hex:3586:24328"},"type":"Feature"},{"geometry":{"coordinates":[[[-122.56676,38.07213],[-122.56733,38.07291],[-122.56847,38.07291],[-122.56904,38.07214],[-122.56848,38.07135],[-122.56734,38.07135],[-122.56676,38.07213]]],"type":"Polygon"},"properties":{"bbox":{"roads":{"area":728.78,"pct":2.81}},"city_same":1,"id":"hex:3586:24329"},"type":"Feature"},{"geometry":{"coordinates":[[[-122.56675,38.07369],[-122.56732,38.07447],[-122.56846,38.07448],[-122.56903,38.0737],[-122.56847,38.07291],[-122.56733,38.07291],[-122.56675,38.07369]]],"type":"Polygon"},"properties":{"bbox":{"roads":{"area":657.78,"pct":2.53},"sidewalks":{"area":3.82,"pct":0.01}},"city_same":1,"id":"hex:3586:24330"},"type":"Feature"},{"geometry":{"coordinates":[[[-122.56674,38.07525],[-122.56731,38.07603],[-122.56845,38.07604],[-122.56902,38.07526],[-122.56846,38.07448],[-122.56732,38.07447],[-122.56674,38.07525]]],"type":"Polygon"},"properties":{"bbox":{"parking":{"area":40.97,"pct":0.16},"roads":{"area":4335.82,"pct":16.69},"sidewalks":{"area":1057.2,"pct":4.07}},"city":{"parking":{"area":40.97,"pct":0.16},"roads":{"area":1738,"pct":6.69},"sidewalks":{"area":1057.2,"pct":4.07}},"id":"hex:3586:24331"},"type":"Feature"},{"geometry":{"coordinates":[[[-122.56673,38.07681],[-122.5673,38.07759],[-122.56844,38.0776],[-122.56901,38.07682],[-122.56845,38.07604],[-122.56731,38.07603],[-122.56673,38.07681]]],"type":"Polygon"},"properties":{"bbox":{"parking":{"area":0.01,"pct":0},"roads":{"area":1210.64,"pct":4.66},"sidewalks":{"area":177.04,"pct":0.68}},"city":{"parking":{"area":0.01,"pct":0},"roads":{"area":412.63,"pct":1.59},"sidewalks":{"area":177.04,"pct":0.68}},"id":"hex:3586:24332"},"type":"Feature"},{"geometry":{"coordinates":[[[-122.56672,38.07837],[-122.56729,38.07915],[-122.56843,38.07916],[-122.569,38.07838],[-122.56844,38.0776],[-122.5673,38.07759],[-122.56672,38.07837]]],"type":"Polygon"},"properties":{"bbox":{"roads":{"area":294.11,"pct":1.13},"sidewalks":{"area":6.63,"pct":0.03}},"city_same":1,"id":"hex:3586:24333"},"type":"Feature"},{"geometry":{"coordinates":[[[-122.56672,38.07993],[-122.56728,38.08072],[-122.56842,38.08072],[-122.569,38.07994],[-122.56843,38.07916],[-122.56729,38.07915],[-122.56672,38.07993]]],"type":"Polygon"},"properties":{"bbox":{"roads":{"area":2669.28,"pct":10.27},"sidewalks":{"area":257.07,"pct":0.99}},"city":{"roads":{"area":1406.27,"pct":5.41},"sidewalks":{"area":257.07,"pct":0.99}},"id":"hex:3586:24334"},"type":"Feature"},{"geometry":{"coordinates":[[[-122.56671,38.08149],[-122.56727,38.08228],[-122.56841,38.08228],[-122.56899,38.0815],[-122.56842,38.08072],[-122.56728,38.08072],[-122.56671,38.08149]]],"type":"Polygon"},"properties":{"bbox":{"roads":{"area":334.52,"pct":1.29}},"city_same":1,"id":"hex:3586:24335"},"type":"Feature"},{"geometry":{"coordinates":[[[-122.5667,38.08306],[-122.56726,38.08384],[-122.5684,38.08384],[-122.56898,38.08306],[-122.56841,38.08228],[-122.56727,38.08228],[-122.5667,38.08306]]],"type":"Polygon"},"properties":{"bbox":{"roads":{"area":1486.53,"pct":5.72}},"city_same":1,"id":"hex:3586:24336"},"type":"Feature"},{"geometry":{"coordinates":[[[-122.56669,38.08462],[-122.56725,38.0854],[-122.56839,38.0854],[-122.56897,38.08462],[-122.5684,38.08384],[-122.56726,38.08384],[-122.56669,38.08462]]],"type":"Polygon"},"properties":{"bbox":{"roads":{"area":2047,"pct":7.88}},"city_same":1,"id":"hex:3586:24337"},"type":"Feature"},{"geometry":{"coordinates":[[[-122.56668,38.08618],[-122.56724,38.08696],[-122.56838,38.08696],[-122.56896,38.08619],[-122.56839,38.0854],[-122.56725,38.0854],[-122.56668,38.08618]]],"type":"Polygon"},"properties":{"bbox":{"roads":{"area":2362.14,"pct":9.09}},"city_same":1,"id":"hex:3586:24338"},"type":"Feature"},{"geometry":{"coordinates":[[[-122.56667,38.08774],[-122.56723,38.08852],[-122.56838,38.08852],[-122.56895,38.08775],[-122.56838,38.08696],[-122.56724,38.08696],[-122.56667,38.08774]]],"type":"Polygon"},"properties":{"bbox":{"roads":{"area":2525.55,"pct":9.72},"sidewalks":{"area":13.49,"pct":0.05}},"city_same":1,"id":"hex:3586:24339"},"type":"Feature"},{"geometry":{"coordinates":[[[-122.56666,38.0893],[-122.56723,38.09008],[-122.56837,38.09009],[-122.56894,38.08931],[-122.56838,38.08852],[-122.56723,38.08852],[-122.56666,38.0893]]],"type":"Polygon"},"properties":{"bbox":{"roads":{"area":1571.99,"pct":6.05}},"city_same":1,"id":"hex:3586:24340"},"type":"Feature"},{"geometry":{"coordinates":[[[-122.56665,38.09086],[-122.56722,38.09164],[-122.56836,38.09165],[-122.56893,38.09087],[-122.56837,38.09009],[-122.56723,38.09008],[-122.56665,38.09086]]],"type":"Polygon"},"properties":{"bbox":{"roads":{"area":4003.33,"pct":15.41},"sidewalks":{"area":684.28,"pct":2.63}},"city":{"roads":{"area":2103.68,"pct":8.1},"sidewalks":{"area":684.28,"pct":2.63}},"id":"hex:3586:24341"},"type":"Feature"},{"geometry":{"coordinates":[[[-122.56664,38.09242],[-122.56721,38.0932],[-122.56835,38.09321],[-122.56892,38.09243],[-122.56836,38.09165],[-122.56722,38.09164],[-122.56664,38.09242]]],"type":"Polygon"},"properties":{"bbox":{"roads":{"area":4144.91,"pct":15.95},"sidewalks":{"area":324.75,"pct":1.25}},"city":{"roads":{"area":1313.05,"pct":5.05},"sidewalks":{"area":324.75,"pct":1.25}},"id":"hex:3586:24342"},"type":"Feature"},{"geometry":{"coordinates":[[[-122.56663,38.09398],[-122.5672,38.09476],[-122.56834,38.09477],[-122.56891,38.09399],[-122.56835,38.09321],[-122.56721,38.0932],[-122.56663,38.09398]]],"type":"Polygon"},"properties":{"bbox":{"roads":{"area":4243.72,"pct":16.33}},"city":{"roads":{"area":1999.06,"pct":7.69}},"id":"hex:3586:24343"},"type":"Feature"},{"geometry":{"coordinates":[[[-122.56662,38.09554],[-122.56719,38.09633],[-122.56833,38.09633],[-122.5689,38.09555],[-122.56834,38.09477],[-122.5672,38.09476],[-122.56662,38.09554]]],"type":"Polygon"},"properties":{"bbox":{"roads":{"area":2563.83,"pct":9.87}},"city_same":1,"id":"hex:3586:24344"},"type":"Feature"},{"geometry":{"coordinates":[[[-122.56661,38.0971],[-122.56718,38.09789],[-122.56832,38.09789],[-122.56889,38.09711],[-122.56833,38.09633],[-122.56719,38.09633],[-122.56661,38.0971]]],"type":"Polygon"},"properties":{"bbox":{"roads":{"area":597.13,"pct":2.3}},"city_same":1,"id":"hex:3586:24345"},"type":"Feature"},{"geometry":{"coordinates":[[[-122.5666,38.09867],[-122.56717,38.09945],[-122.56831,38.09945],[-122.56889,38.09867],[-122.56832,38.09789],[-122.56718,38.09789],[-122.5666,38.09867]]],"type":"Polygon"},"properties":{"bbox":{"roads":{"area":1497.89,"pct":5.77}},"city_same":1,"id":"hex:3586:24346"},"type":"Feature"},{"geometry":{"coordinates":[[[-122.5666,38.10023],[-122.56716,38.10101],[-122.5683,38.10101],[-122.56888,38.10023],[-122.56831,38.09945],[-122.56717,38.09945],[-122.5666,38.10023]]],"type":"Polygon"},"properties":{"bbox":{"roads":{"area":5880.89,"pct":22.64}},"city":{"roads":{"area":3076.84,"pct":11.84}},"id":"hex:3586:24347"},"type":"Feature"},{"geometry":{"coordinates":[[[-122.56659,38.10179],[-122.56715,38.10257],[-122.56829,38.10257],[-122.56887,38.1018],[-122.5683,38.10101],[-122.56716,38.10101],[-122.56659,38.10179]]],"type":"Polygon"},"properties":{"bbox":{"roads":{"area":1432.73,"pct":5.51}},"city":{"roads":{"area":1429.64,"pct":5.5}},"id":"hex:3586:24348"},"type":"Feature"},{"geometry":{"coordinates":[[[-122.56658,38.10335],[-122.56714,38.10413],[-122.56828,38.10413],[-122.56886,38.10336],[-122.56829,38.10257],[-122.56715,38.10257],[-122.56658,38.10335]]],"type":"Polygon"},"properties":{"bbox":{"roads":{"area":1935.28,"pct":7.45}},"city_same":1,"id":"hex:3586:24349"},"type":"Feature"},{"geometry":{"coordinates":[[[-122.56657,38.10491],[-122.56713,38.10569],[-122.56827,38.1057],[-122.56885,38.10492],[-122.56828,38.10413],[-122.56714,38.10413],[-122.56657,38.10491]]],"type":"Polygon"},"properties":{"bbox":{"roads":{"area":1429.79,"pct":5.5},"sidewalks":{"area":70.35,"pct":0.27}},"city":{"roads":{"area":1318.82,"pct":5.08},"sidewalks":{"area":70.35,"pct":0.27}},"id":"hex:3586:24350"},"type":"Feature"},{"geometry":{"coordinates":[[[-122.56656,38.10647],[-122.56712,38.10725],[-122.56826,38.10726],[-122.56884,38.10648],[-122.56827,38.1057],[-122.56713,38.10569],[-122.56656,38.10647]]],"type":"Polygon"},"properties":{"bbox":{"roads":{"area":4384.31,"pct":16.88},"sidewalks":{"area":288.29,"pct":1.11}},"city":{"roads":{"area":2598.31,"pct":10},"sidewalks":{"area":288.29,"pct":1.11}},"id":"hex:3586:24351"},"type":"Feature"},{"geometry":{"coordinates":[[[-122.56655,38.10803],[-122.56712,38.10881],[-122.56826,38.10882],[-122.56883,38.10804],[-122.56826,38.10726],[-122.56712,38.10725],[-122.56655,38.10803]]],"type":"Polygon"},"properties":{"bbox":{"roads":{"area":4103.63,"pct":15.79}},"city_same":1,"id":"hex:3586:24352"},"type":"Feature"},{"geometry":{"coordinates":[[[-122.56654,38.10959],[-122.56711,38.11037],[-122.56825,38.11038],[-122.56882,38.1096],[-122.56826,38.10882],[-122.56712,38.10881],[-122.56654,38.10959]]],"type":"Polygon"},"properties":{"bbox":{"roads":{"area":3704.65,"pct":14.26}},"city_same":1,"id":"hex:3586:24353"},"type":"Feature"},{"geometry":{"coordinates":[[[-122.56653,38.11115],[-122.5671,38.11194],[-122.56824,38.11194],[-122.56881,38.11116],[-122.56825,38.11038],[-122.56711,38.11037],[-122.56653,38.11115]]],"type":"Polygon"},"properties":{"bbox":{"parking":{"area":6446.83,"pct":24.81},"roads":{"area":4060.35,"pct":15.63}},"city":{"parking":{"area":6446.83,"pct":24.81},"roads":{"area":3750.98,"pct":14.44}},"id":"hex:3586:24354"},"type":"Feature"},{"geometry":{"coordinates":[[[-122.56652,38.11271],[-122.56709,38.1135],[-122.56823,38.1135],[-122.5688,38.11272],[-122.56824,38.11194],[-122.5671,38.11194],[-122.56652,38.11271]]],"type":"Polygon"},"properties":{"bbox":{"parking":{"area":1231.25,"pct":4.74},"roads":{"area":3875.27,"pct":14.92}},"city":{"parking":{"area":1231.25,"pct":4.74},"roads":{"area":1515.98,"pct":5.84}},"id":"hex:3586:24355"},"type":"Feature"},{"geometry":{"coordinates":[[[-122.56651,38.11428],[-122.56708,38.11506],[-122.56822,38.11506],[-122.56879,38.11428],[-122.56823,38.1135],[-122.56709,38.1135],[-122.56651,38.11428]]],"type":"Polygon"},"properties":{"bbox":{"roads":{"area":5393.87,"pct":20.76}},"city":{"roads":{"area":2463.37,"pct":9.48}},"id":"hex:3586:24356"},"type":"Feature"},{"geometry":{"coordinates":[[[-122.5665,38.11584],[-122.56707,38.11662],[-122.56821,38.11662],[-122.56878,38.11584],[-122.56822,38.11506],[-122.56708,38.11506],[-122.5665,38.11584]]],"type":"Polygon"},"properties":{"bbox":{"roads":{"area":5179,"pct":19.93},"sidewalks":{"area":72.12,"pct":0.28}},"city":{"roads":{"area":2533.96,"pct":9.75},"sidewalks":{"area":72.12,"pct":0.28}},"id":"hex:3586:24357"},"type":"Feature"},{"geometry":{"coordinates":[[[-122.56649,38.1174],[-122.56706,38.11818],[-122.5682,38.11818],[-122.56878,38.11741],[-122.56821,38.11662],[-122.56707,38.11662],[-122.56649,38.1174]]],"type":"Polygon"},"properties":{"bbox":{"roads":{"area":3865.11,"pct":14.88},"sidewalks":{"area":338.95,"pct":1.3}},"city":{"roads":{"area":934.22,"pct":3.6},"sidewalks":{"area":338.95,"pct":1.3}},"id":"hex:3586:24358"},"type":"Feature"},{"geometry":{"coordinates":[[[-122.56648,38.11896],[-122.56705,38.11974],[-122.56819,38.11975],[-122.56877,38.11897],[-122.5682,38.11818],[-122.56706,38.11818],[-122.56648,38.11896]]],"type":"Polygon"},"properties":{"bbox":{"roads":{"area":4425.54,"pct":17.03},"sidewalks":{"area":501.2,"pct":1.93}},"city":{"roads":{"area":1149.44,"pct":4.42},"sidewalks":{"area":501.2,"pct":1.93}},"id":"hex:3586:24359"},"type":"Feature"},{"geometry":{"coordinates":[[[-122.56648,38.12052],[-122.56704,38.1213],[-122.56818,38.12131],[-122.56876,38.12053],[-122.56819,38.11975],[-122.56705,38.11974],[-122.56648,38.12052]]],"type":"Polygon"},"properties":{"bbox":{"roads":{"area":4059.98,"pct":15.63},"sidewalks":{"area":122.71,"pct":0.47}},"city":{"roads":{"area":3576.31,"pct":13.77},"sidewalks":{"area":122.71,"pct":0.47}},"id":"hex:3586:24360"},"type":"Feature"},{"geometry":{"coordinates":[[[-122.56647,38.12208],[-122.56703,38.12286],[-122.56817,38.12287],[-122.56875,38.12209],[-122.56818,38.12131],[-122.56704,38.1213],[-122.56647,38.12208]]],"type":"Polygon"},"properties":{"bbox":{"roads":{"area":5052.97,"pct":19.45}},"city_same":1,"id":"hex:3586:24361"},"type":"Feature"},{"geometry":{"coordinates":[[[-122.56646,38.12364],[-122.56702,38.12442],[-122.56816,38.12443],[-122.56874,38.12365],[-122.56817,38.12287],[-122.56703,38.12286],[-122.56646,38.12364]]],"type":"Polygon"},"properties":{"bbox":{"roads":{"area":693.08,"pct":2.67}},"city_same":1,"id":"hex:3586:24362"},"type":"Feature"},{"geometry":{"coordinates":[[[-122.56645,38.1252],[-122.56701,38.12598],[-122.56815,38.12599],[-122.56873,38.12521],[-122.56816,38.12443],[-122.56702,38.12442],[-122.56645,38.1252]]],"type":"Polygon"},"properties":{"bbox":{"roads":{"area":286.18,"pct":1.1}},"city_same":1,"id":"hex:3586:24363"},"type":"Feature"},{"geometry":{"coordinates":[[[-122.56644,38.12676],[-122.567,38.12755],[-122.56815,38.12755],[-122.56872,38.12677],[-122.56815,38.12599],[-122.56701,38.12598],[-122.56644,38.12676]]],"type":"Polygon"},"properties":{"bbox":{"roads":{"area":1563.68,"pct":6.02}},"city_same":1,"id":"hex:3586:24364"},"type":"Feature"},{"geometry":{"coordinates":[[[-122.56641,38.13145],[-122.56698,38.13223],[-122.56812,38.13223],[-122.56869,38.13145],[-122.56813,38.13067],[-122.56699,38.13067],[-122.56641,38.13145]]],"type":"Polygon"},"properties":{"bbox":{"roads":{"area":695.8,"pct":2.68}},"city_same":1,"id":"hex:3586:24367"},"type":"Feature"},{"geometry":{"coordinates":[[[-122.5664,38.13301],[-122.56697,38.13379],[-122.56811,38.13379],[-122.56868,38.13302],[-122.56812,38.13223],[-122.56698,38.13223],[-122.5664,38.13301]]],"type":"Polygon"},"properties":{"bbox":{"roads":{"area":203.15,"pct":0.78}},"city_same":1,"id":"hex:3586:24368"},"type":"Feature"},{"geometry":{"coordinates":[[[-122.56638,38.13613],[-122.56695,38.13691],[-122.56809,38.13692],[-122.56867,38.13614],[-122.5681,38.13536],[-122.56696,38.13535],[-122.56638,38.13613]]],"type":"Polygon"},"properties":{"bbox":{"roads":{"area":255.74,"pct":0.98}},"city_same":1,"id":"hex:3586:24370"},"type":"Feature"},{"geometry":{"coordinates":[[[-122.56637,38.13769],[-122.56694,38.13847],[-122.56808,38.13848],[-122.56866,38.1377],[-122.56809,38.13692],[-122.56695,38.13691],[-122.56637,38.13769]]],"type":"Polygon"},"properties":{"bbox":{"parking":{"area":1461.57,"pct":5.63},"roads":{"area":141.23,"pct":0.54}},"city_same":1,"id":"hex:3586:24371"},"type":"Feature"},{"geometry":{"coordinates":[[[-122.56513,38.05885],[-122.5657,38.05964],[-122.56683,38.05964],[-122.56741,38.05886],[-122.56684,38.05808],[-122.5657,38.05807],[-122.56513,38.05885]]],"type":"Polygon"},"properties":{"bbox":{"roads":{"area":93.03,"pct":0.36}},"city_same":1,"id":"hex:3587:24320"},"type":"Feature"},{"geometry":{"coordinates":[[[-122.56512,38.06041],[-122.56569,38.0612],[-122.56683,38.0612],[-122.5674,38.06042],[-122.56683,38.05964],[-122.5657,38.05964],[-122.56512,38.06041]]],"type":"Polygon"},"properties":{"bbox":{"roads":{"area":985.98,"pct":3.8}},"city_same":1,"id":"hex:3587:24321"},"type":"Feature"},{"geometry":{"coordinates":[[[-122.56511,38.06198],[-122.56568,38.06276],[-122.56682,38.06276],[-122.56739,38.06198],[-122.56683,38.0612],[-122.56569,38.0612],[-122.56511,38.06198]]],"type":"Polygon"},"properties":{"bbox":{"roads":{"area":973.81,"pct":3.75}},"city_same":1,"id":"hex:3587:24322"},"type":"Feature"},{"geometry":{"coordinates":[[[-122.56509,38.0651],[-122.56566,38.06588],[-122.5668,38.06588],[-122.56737,38.06511],[-122.56681,38.06432],[-122.56567,38.06432],[-122.56509,38.0651]]],"type":"Polygon"},"properties":{"bbox":{"roads":{"area":397.54,"pct":1.53}},"city_same":1,"id":"hex:3587:24324"},"type":"Feature"},{"geometry":{"coordinates":[[[-122.56508,38.06666],[-122.56565,38.06744],[-122.56679,38.06744],[-122.56736,38.06667],[-122.5668,38.06588],[-122.56566,38.06588],[-122.56508,38.06666]]],"type":"Polygon"},"properties":{"bbox":{"roads":{"area":1515.19,"pct":5.83}},"city_same":1,"id":"hex:3587:24325"},"type":"Feature"},{"geometry":{"coordinates":[[[-122.56507,38.06822],[-122.56564,38.069],[-122.56678,38.06901],[-122.56735,38.06823],[-122.56679,38.06744],[-122.56565,38.06744],[-122.56507,38.06822]]],"type":"Polygon"},"properties":{"bbox":{"roads":{"area":977.69,"pct":3.76}},"city_same":1,"id":"hex:3587:24326"},"type":"Feature"},{"geometry":{"coordinates":[[[-122.56507,38.06978],[-122.56563,38.07056],[-122.56677,38.07057],[-122.56735,38.06979],[-122.56678,38.06901],[-122.56564,38.069],[-122.56507,38.06978]]],"type":"Polygon"},"properties":{"bbox":{"roads":{"area":1511.37,"pct":5.82}},"city_same":1,"id":"hex:3587:24327"},"type":"Feature"},{"geometry":{"coordinates":[[[-122.56506,38.07134],[-122.56562,38.07212],[-122.56676,38.07213],[-122.56734,38.07135],[-122.56677,38.07057],[-122.56563,38.07056],[-122.56506,38.07134]]],"type":"Polygon"},"properties":{"bbox":{"parking":{"area":197.75,"pct":0.76},"roads":{"area":481.99,"pct":1.86},"sidewalks":{"area":76.51,"pct":0.29}},"city_same":1,"id":"hex:3587:24328"},"type":"Feature"},{"geometry":{"coordinates":[[[-122.56505,38.0729],[-122.56561,38.07368],[-122.56675,38.07369],[-122.56733,38.07291],[-122.56676,38.07213],[-122.56562,38.07212],[-122.56505,38.0729]]],"type":"Polygon"},"properties":{"bbox":{"roads":{"area":2266.77,"pct":8.72}},"city":{"roads":{"area":849.97,"pct":3.27}},"id":"hex:3587:24329"},"type":"Feature"},{"geometry":{"coordinates":[[[-122.56504,38.07446],[-122.5656,38.07525],[-122.56674,38.07525],[-122.56732,38.07447],[-122.56675,38.07369],[-122.56561,38.07368],[-122.56504,38.07446]]],"type":"Polygon"},"properties":{"bbox":{"roads":{"area":3097.59,"pct":11.92},"sidewalks":{"area":235.25,"pct":0.91}},"city":{"roads":{"area":800.41,"pct":3.08},"sidewalks":{"area":235.25,"pct":0.91}},"id":"hex:3587:24330"},"type":"Feature"},{"geometry":{"coordinates":[[[-122.56503,38.07602],[-122.56559,38.07681],[-122.56673,38.07681],[-122.56731,38.07603],[-122.56674,38.07525],[-122.5656,38.07525],[-122.56503,38.07602]]],"type":"Polygon"},"properties":{"bbox":{"roads":{"area":1305.94,"pct":5.03},"sidewalks":{"area":774.34,"pct":2.98}},"city_same":1,"id":"hex:3587:24331"},"type":"Feature"},{"geometry":{"coordinates":[[[-122.56502,38.07759],[-122.56558,38.07837],[-122.56672,38.07837],[-122.5673,38.07759],[-122.56673,38.07681],[-122.56559,38.07681],[-122.56502,38.07759]]],"type":"Polygon"},"properties":{"bbox":{"roads":{"area":1670.14,"pct":6.43}},"city_same":1,"id":"hex:3587:24332"},"type":"Feature"},{"geometry":{"coordinates":[[[-122.56501,38.07915],[-122.56558,38.07993],[-122.56672,38.07993],[-122.56729,38.07915],[-122.56672,38.07837],[-122.56558,38.07837],[-122.56501,38.07915]]],"type":"Polygon"},"properties":{"bbox":{"roads":{"area":494.22,"pct":1.9}},"city_same":1,"id":"hex:3587:24333"},"type":"Feature"},{"geometry":{"coordinates":[[[-122.565,38.08071],[-122.56557,38.08149],[-122.56671,38.08149],[-122.56728,38.08072],[-122.56672,38.07993],[-122.56558,38.07993],[-122.565,38.08071]]],"type":"Polygon"},"properties":{"bbox":{"roads":{"area":2468.05,"pct":9.5},"sidewalks":{"area":206.91,"pct":0.8}},"city":{"roads":{"area":1150,"pct":4.43},"sidewalks":{"area":206.91,"pct":0.8}},"id":"hex:3587:24334"},"type":"Feature"},{"geometry":{"coordinates":[[[-122.56499,38.08227],[-122.56556,38.08305],[-122.5667,38.08306],[-122.56727,38.08228],[-122.56671,38.08149],[-122.56557,38.08149],[-122.56499,38.08227]]],"type":"Polygon"},"properties":{"bbox":{"roads":{"area":1608.79,"pct":6.19}},"city_same":1,"id":"hex:3587:24335"},"type":"Feature"},{"geometry":{"coordinates":[[[-122.56498,38.08383],[-122.56555,38.08461],[-122.56669,38.08462],[-122.56726,38.08384],[-122.5667,38.08306],[-122.56556,38.08305],[-122.56498,38.08383]]],"type":"Polygon"},"properties":{"bbox":{"roads":{"area":1852.19,"pct":7.13}},"city_same":1,"id":"hex:3587:24336"},"type":"Feature"},{"geometry":{"coordinates":[[[-122.56497,38.08539],[-122.56554,38.08617],[-122.56668,38.08618],[-122.56725,38.0854],[-122.56669,38.08462],[-122.56555,38.08461],[-122.56497,38.08539]]],"type":"Polygon"},"properties":{"bbox":{"roads":{"area":1218.34,"pct":4.69}},"city_same":1,"id":"hex:3587:24337"},"type":"Feature"},{"geometry":{"coordinates":[[[-122.56496,38.08695],[-122.56553,38.08773],[-122.56667,38.08774],[-122.56724,38.08696],[-122.56668,38.08618],[-122.56554,38.08617],[-122.56496,38.08695]]],"type":"Polygon"},"properties":{"bbox":{"roads":{"area":2764.87,"pct":10.64},"sidewalks":{"area":541.62,"pct":2.08}},"city_same":1,"id":"hex:3587:24338"},"type":"Feature"},{"geometry":{"coordinates":[[[-122.56495,38.08851],[-122.56552,38.08929],[-122.56666,38.0893],[-122.56723,38.08852],[-122.56667,38.08774],[-122.56553,38.08773],[-122.56495,38.08851]]],"type":"Polygon"},"properties":{"bbox":{"roads":{"area":3936.26,"pct":15.15},"sidewalks":{"area":778.24,"pct":3}},"city":{"roads":{"area":1537.41,"pct":5.92},"sidewalks":{"area":778.24,"pct":3}},"id":"hex:3587:24339"},"type":"Feature"},{"geometry":{"coordinates":[[[-122.56494,38.09007],[-122.56551,38.09086],[-122.56665,38.09086],[-122.56723,38.09008],[-122.56666,38.0893],[-122.56552,38.08929],[-122.56494,38.09007]]],"type":"Polygon"},"properties":{"bbox":{"roads":{"area":3808.33,"pct":14.66},"sidewalks":{"area":648.41,"pct":2.5}},"city":{"roads":{"area":1252.41,"pct":4.82},"sidewalks":{"area":648.41,"pct":2.5}},"id":"hex:3587:24340"},"type":"Feature"},{"geometry":{"coordinates":[[[-122.56494,38.09163],[-122.5655,38.09242],[-122.56664,38.09242],[-122.56722,38.09164],[-122.56665,38.09086],[-122.56551,38.09086],[-122.56494,38.09163]]],"type":"Polygon"},"properties":{"bbox":{"roads":{"area":2286.13,"pct":8.8}},"city_same":1,"id":"hex:3587:24341"},"type":"Feature"},{"geometry":{"coordinates":[[[-122.56493,38.0932],[-122.56549,38.09398],[-122.56663,38.09398],[-122.56721,38.0932],[-122.56664,38.09242],[-122.5655,38.09242],[-122.56493,38.0932]]],"type":"Polygon"},"properties":{"bbox":{"roads":{"area":1486.37,"pct":5.72}},"city_same":1,"id":"hex:3587:24342"},"type":"Feature"},{"geometry":{"coordinates":[[[-122.56492,38.09476],[-122.56548,38.09554],[-122.56662,38.09554],[-122.5672,38.09476],[-122.56663,38.09398],[-122.56549,38.09398],[-122.56492,38.09476]]],"type":"Polygon"},"properties":{"bbox":{"roads":{"area":1990.22,"pct":7.66}},"city_same":1,"id":"hex:3587:24343"},"type":"Feature"},{"geometry":{"coordinates":[[[-122.56491,38.09632],[-122.56547,38.0971],[-122.56661,38.0971],[-122.56719,38.09633],[-122.56662,38.09554],[-122.56548,38.09554],[-122.56491,38.09632]]],"type":"Polygon"},"properties":{"bbox":{"roads":{"area":2021.62,"pct":7.78}},"city_same":1,"id":"hex:3587:24344"},"type":"Feature"},{"geometry":{"coordinates":[[[-122.5649,38.09788],[-122.56546,38.09866],[-122.5666,38.09867],[-122.56718,38.09789],[-122.56661,38.0971],[-122.56547,38.0971],[-122.5649,38.09788]]],"type":"Polygon"},"properties":{"bbox":{"roads":{"area":3815.9,"pct":14.69}},"city":{"roads":{"area":1647.84,"pct":6.34}},"id":"hex:3587:24345"},"type":"Feature"},{"geometry":{"coordinates":[[[-122.56489,38.09944],[-122.56545,38.10022],[-122.5666,38.10023],[-122.56717,38.09945],[-122.5666,38.09867],[-122.56546,38.09866],[-122.56489,38.09944]]],"type":"Polygon"},"properties":{"bbox":{"roads":{"area":4990.53,"pct":19.21}},"city":{"roads":{"area":2743.63,"pct":10.56}},"id":"hex:3587:24346"},"type":"Feature"},{"geometry":{"coordinates":[[[-122.56488,38.101],[-122.56545,38.10178],[-122.56659,38.10179],[-122.56716,38.10101],[-122.5666,38.10023],[-122.56545,38.10022],[-122.56488,38.101]]],"type":"Polygon"},"properties":{"bbox":{"parking":{"area":29.65,"pct":0.11},"roads":{"area":2756.06,"pct":10.61}},"city_same":1,"id":"hex:3587:24347"},"type":"Feature"},{"geometry":{"coordinates":[[[-122.56487,38.10256],[-122.56544,38.10334],[-122.56658,38.10335],[-122.56715,38.10257],[-122.56659,38.10179],[-122.56545,38.10178],[-122.56487,38.10256]]],"type":"Polygon"},"properties":{"bbox":{"roads":{"area":1697.83,"pct":6.53}},"city_same":1,"id":"hex:3587:24348"},"type":"Feature"},{"geometry":{"coordinates":[[[-122.56486,38.10412],[-122.56543,38.1049],[-122.56657,38.10491],[-122.56714,38.10413],[-122.56658,38.10335],[-122.56544,38.10334],[-122.56486,38.10412]]],"type":"Polygon"},"properties":{"bbox":{"roads":{"area":462.82,"pct":1.78}},"city_same":1,"id":"hex:3587:24349"},"type":"Feature"},{"geometry":{"coordinates":[[[-122.56485,38.10568],[-122.56542,38.10647],[-122.56656,38.10647],[-122.56713,38.10569],[-122.56657,38.10491],[-122.56543,38.1049],[-122.56485,38.10568]]],"type":"Polygon"},"properties":{"bbox":{"roads":{"area":4632.68,"pct":17.83},"sidewalks":{"area":269.67,"pct":1.04}},"city":{"roads":{"area":1723.77,"pct":6.63},"sidewalks":{"area":269.67,"pct":1.04}},"id":"hex:3587:24350"},"type":"Feature"},{"geometry":{"coordinates":[[[-122.56484,38.10724],[-122.56541,38.10803],[-122.56655,38.10803],[-122.56712,38.10725],[-122.56656,38.10647],[-122.56542,38.10647],[-122.56484,38.10724]]],"type":"Polygon"},"properties":{"bbox":{"parking":{"area":199.52,"pct":0.77},"roads":{"area":3562.4,"pct":13.71}},"city_same":1,"id":"hex:3587:24351"},"type":"Feature"},{"geometry":{"coordinates":[[[-122.56483,38.10881],[-122.5654,38.10959],[-122.56654,38.10959],[-122.56712,38.10881],[-122.56655,38.10803],[-122.56541,38.10803],[-122.56483,38.10881]]],"type":"Polygon"},"properties":{"bbox":{"roads":{"area":3163.86,"pct":12.18}},"city_same":1,"id":"hex:3587:24352"},"type":"Feature"},{"geometry":{"coordinates":[[[-122.56482,38.11037],[-122.56539,38.11115],[-122.56653,38.11115],[-122.56711,38.11037],[-122.56654,38.10959],[-122.5654,38.10959],[-122.56482,38.11037]]],"type":"Polygon"},"properties":{"bbox":{"roads":{"area":3230.57,"pct":12.43}},"city_same":1,"id":"hex:3587:24353"},"type":"Feature"},{"geometry":{"coordinates":[[[-122.56482,38.11193],[-122.56538,38.11271],[-122.56652,38.11271],[-122.5671,38.11194],[-122.56653,38.11115],[-122.56539,38.11115],[-122.56482,38.11193]]],"type":"Polygon"},"properties":{"bbox":{"parking":{"area":57.81,"pct":0.22},"roads":{"area":995.51,"pct":3.83}},"city_same":1,"id":"hex:3587:24354"},"type":"Feature"},{"geometry":{"coordinates":[[[-122.56481,38.11349],[-122.56537,38.11427],[-122.56651,38.11428],[-122.56709,38.1135],[-122.56652,38.11271],[-122.56538,38.11271],[-122.56481,38.11349]]],"type":"Polygon"},"properties":{"bbox":{"roads":{"area":2749.65,"pct":10.58}},"city_same":1,"id":"hex:3587:24355"},"type":"Feature"},{"geometry":{"coordinates":[[[-122.5648,38.11505],[-122.56536,38.11583],[-122.5665,38.11584],[-122.56708,38.11506],[-122.56651,38.11428],[-122.56537,38.11427],[-122.5648,38.11505]]],"type":"Polygon"},"properties":{"bbox":{"roads":{"area":2048.33,"pct":7.88}},"city":{"roads":{"area":1558.46,"pct":6}},"id":"hex:3587:24356"},"type":"Feature"},{"geometry":{"coordinates":[[[-122.56479,38.11661],[-122.56535,38.11739],[-122.56649,38.1174],[-122.56707,38.11662],[-122.5665,38.11584],[-122.56536,38.11583],[-122.56479,38.11661]]],"type":"Polygon"},"properties":{"bbox":{"roads":{"area":3528.91,"pct":13.58}},"city":{"roads":{"area":1168.6,"pct":4.5}},"id":"hex:3587:24357"},"type":"Feature"},{"geometry":{"coordinates":[[[-122.56478,38.11817],[-122.56534,38.11895],[-122.56648,38.11896],[-122.56706,38.11818],[-122.56649,38.1174],[-122.56535,38.11739],[-122.56478,38.11817]]],"type":"Polygon"},"properties":{"bbox":{"roads":{"area":8395.17,"pct":32.31},"sidewalks":{"area":287.3,"pct":1.11}},"city":{"roads":{"area":116.26,"pct":0.45},"sidewalks":{"area":287.3,"pct":1.11}},"id":"hex:3587:24358"},"type":"Feature"},{"geometry":{"coordinates":[[[-122.56477,38.11973],[-122.56533,38.12052],[-122.56648,38.12052],[-122.56705,38.11974],[-122.56648,38.11896],[-122.56534,38.11895],[-122.56477,38.11973]]],"type":"Polygon"},"properties":{"bbox":{"roads":{"area":6541.42,"pct":25.18}},"city":{"roads":{"area":1086.03,"pct":4.18}},"id":"hex:3587:24359"},"type":"Feature"},{"geometry":{"coordinates":[[[-122.56533,38.12052],[-122.56648,38.12052],[-122.56704,38.1213],[-122.56647,38.12208],[-122.56533,38.12208],[-122.56509,38.12175],[-122.56497,38.12101],[-122.56533,38.12052]]],"type":"Polygon"},"properties":{"bbox":{"parking":{"area":1258.05,"pct":5.02},"roads":{"area":7269.4,"pct":29.01}},"city":{"parking":{"area":1258.05,"pct":5.02},"roads":{"area":2789.67,"pct":11.13}},"id":"hex:3587:24360"},"type":"Feature"},{"geometry":{"coordinates":[[[-122.56533,38.12208],[-122.56647,38.12208],[-122.56703,38.12286],[-122.56646,38.12364],[-122.56532,38.12364],[-122.56515,38.12341],[-122.56543,38.12255],[-122.56521,38.12251],[-122.56518,38.12228],[-122.56533,38.12208]]],"type":"Polygon"},"properties":{"bbox":{"roads":{"area":6792.14,"pct":30.16}},"city":{"roads":{"area":2496.12,"pct":11.08}},"id":"hex:3587:24361"},"type":"Feature"},{"geometry":{"coordinates":[[[-122.56532,38.12364],[-122.56646,38.12364],[-122.56702,38.12442],[-122.56645,38.1252],[-122.56531,38.1252],[-122.5648,38.12449],[-122.56489,38.12422],[-122.56532,38.12364]]],"type":"Polygon"},"properties":{"bbox":{"roads":{"area":7048,"pct":27.25}},"city":{"roads":{"area":2552.29,"pct":9.87}},"id":"hex:3587:24362"},"type":"Feature"},{"geometry":{"coordinates":[[[-122.56473,38.12598],[-122.5653,38.12676],[-122.56644,38.12676],[-122.56701,38.12598],[-122.56645,38.1252],[-122.56531,38.1252],[-122.56473,38.12598]]],"type":"Polygon"},"properties":{"bbox":{"roads":{"area":7140.41,"pct":27.48}},"city":{"roads":{"area":2542.76,"pct":9.79}},"id":"hex:3587:24363"},"type":"Feature"},{"geometry":{"coordinates":[[[-122.56472,38.12754],[-122.5653,38.12676],[-122.56644,38.12676],[-122.567,38.12755],[-122.56643,38.12832],[-122.56537,38.12832],[-122.56535,38.12828],[-122.56526,38.12828],[-122.56472,38.12754]]],"type":"Polygon"},"properties":{"bbox":{"roads":{"area":5888.9,"pct":22.69}},"city":{"roads":{"area":2369.86,"pct":9.13}},"id":"hex:3587:24364"},"type":"Feature"},{"geometry":{"coordinates":[[[-122.56469,38.13222],[-122.56526,38.133],[-122.5664,38.13301],[-122.56698,38.13223],[-122.56641,38.13145],[-122.56527,38.13144],[-122.56469,38.13222]]],"type":"Polygon"},"properties":{"bbox":{"roads":{"area":1143.68,"pct":4.4}},"city_same":1,"id":"hex:3587:24367"},"type":"Feature"},{"geometry":{"coordinates":[[[-122.56469,38.13378],[-122.56525,38.13456],[-122.56639,38.13457],[-122.56697,38.13379],[-122.5664,38.13301],[-122.56526,38.133],[-122.56469,38.13378]]],"type":"Polygon"},"properties":{"bbox":{"roads":{"area":475.74,"pct":1.83}},"city_same":1,"id":"hex:3587:24368"},"type":"Feature"},{"geometry":{"coordinates":[[[-122.56468,38.13534],[-122.56524,38.13613],[-122.56638,38.13613],[-122.56696,38.13535],[-122.56639,38.13457],[-122.56525,38.13456],[-122.56468,38.13534]]],"type":"Polygon"},"properties":{"bbox":{"roads":{"area":458.58,"pct":1.77}},"city_same":1,"id":"hex:3587:24369"},"type":"Feature"},{"geometry":{"coordinates":[[[-122.56467,38.1369],[-122.56523,38.13769],[-122.56637,38.13769],[-122.56695,38.13691],[-122.56638,38.13613],[-122.56524,38.13613],[-122.56467,38.1369]]],"type":"Polygon"},"properties":{"bbox":{"roads":{"area":539.74,"pct":2.08}},"city_same":1,"id":"hex:3587:24370"},"type":"Feature"},{"geometry":{"coordinates":[[[-122.56466,38.13846],[-122.56522,38.13925],[-122.56636,38.13925],[-122.56694,38.13847],[-122.56637,38.13769],[-122.56523,38.13769],[-122.56466,38.13846]]],"type":"Polygon"},"properties":{"bbox":{"roads":{"area":377.01,"pct":1.45}},"city_same":1,"id":"hex:3587:24371"},"type":"Feature"},{"geometry":{"coordinates":[[[-122.56465,38.14003],[-122.56521,38.14081],[-122.56636,38.14081],[-122.56693,38.14003],[-122.56636,38.13925],[-122.56522,38.13925],[-122.56465,38.14003]]],"type":"Polygon"},"properties":{"bbox":{"roads":{"area":576.74,"pct":2.22}},"city_same":1,"id":"hex:3587:24372"},"type":"Feature"},{"geometry":{"coordinates":[[[-122.56464,38.14159],[-122.56521,38.14081],[-122.56636,38.14081],[-122.56692,38.14159],[-122.56674,38.14184],[-122.56488,38.14193],[-122.56464,38.14159]]],"type":"Polygon"},"properties":{"bbox":{"roads":{"area":356.24,"pct":1.88}},"city_same":1,"id":"hex:3587:24373"},"type":"Feature"},{"geometry":{"coordinates":[[[-122.56342,38.05963],[-122.56398,38.06041],[-122.56512,38.06041],[-122.5657,38.05964],[-122.56513,38.05885],[-122.56399,38.05885],[-122.56342,38.05963]]],"type":"Polygon"},"properties":{"bbox":{"roads":{"area":175.88,"pct":0.68}},"city_same":1,"id":"hex:3588:24321"},"type":"Feature"},{"geometry":{"coordinates":[[[-122.56341,38.06119],[-122.56397,38.06197],[-122.56511,38.06198],[-122.56569,38.0612],[-122.56512,38.06041],[-122.56398,38.06041],[-122.56341,38.06119]]],"type":"Polygon"},"properties":{"bbox":{"roads":{"area":1116.61,"pct":4.3}},"city_same":1,"id":"hex:3588:24322"},"type":"Feature"},{"geometry":{"coordinates":[[[-122.5634,38.06275],[-122.56396,38.06353],[-122.5651,38.06354],[-122.56568,38.06276],[-122.56511,38.06198],[-122.56397,38.06197],[-122.5634,38.06275]]],"type":"Polygon"},"properties":{"bbox":{"roads":{"area":971.97,"pct":3.74}},"city_same":1,"id":"hex:3588:24323"},"type":"Feature"},{"geometry":{"coordinates":[[[-122.56339,38.06431],[-122.56395,38.06509],[-122.56509,38.0651],[-122.56567,38.06432],[-122.5651,38.06354],[-122.56396,38.06353],[-122.56339,38.06431]]],"type":"Polygon"},"properties":{"bbox":{"roads":{"area":1090.99,"pct":4.2}},"city_same":1,"id":"hex:3588:24324"},"type":"Feature"},{"geometry":{"coordinates":[[[-122.56338,38.06587],[-122.56394,38.06665],[-122.56508,38.06666],[-122.56566,38.06588],[-122.56509,38.0651],[-122.56395,38.06509],[-122.56338,38.06587]]],"type":"Polygon"},"properties":{"bbox":{"roads":{"area":278.25,"pct":1.07}},"city_same":1,"id":"hex:3588:24325"},"type":"Feature"},{"geometry":{"coordinates":[[[-122.56337,38.06743],[-122.56393,38.06821],[-122.56507,38.06822],[-122.56565,38.06744],[-122.56508,38.06666],[-122.56394,38.06665],[-122.56337,38.06743]]],"type":"Polygon"},"properties":{"bbox":{"roads":{"area":908.28,"pct":3.5}},"city_same":1,"id":"hex:3588:24326"},"type":"Feature"},{"geometry":{"coordinates":[[[-122.56336,38.06899],[-122.56393,38.06978],[-122.56507,38.06978],[-122.56564,38.069],[-122.56507,38.06822],[-122.56393,38.06821],[-122.56336,38.06899]]],"type":"Polygon"},"properties":{"bbox":{"roads":{"area":1577.31,"pct":6.07}},"city_same":1,"id":"hex:3588:24327"},"type":"Feature"},{"geometry":{"coordinates":[[[-122.56335,38.07055],[-122.56392,38.07134],[-122.56506,38.07134],[-122.56563,38.07056],[-122.56507,38.06978],[-122.56393,38.06978],[-122.56335,38.07055]]],"type":"Polygon"},"properties":{"bbox":{"roads":{"area":3313.92,"pct":12.76}},"city":{"roads":{"area":2048.09,"pct":7.88}},"id":"hex:3588:24328"},"type":"Feature"},{"geometry":{"coordinates":[[[-122.56334,38.07212],[-122.56391,38.0729],[-122.56505,38.0729],[-122.56562,38.07212],[-122.56506,38.07134],[-122.56392,38.07134],[-122.56334,38.07212]]],"type":"Polygon"},"properties":{"bbox":{"parking":{"area":81.85,"pct":0.32},"roads":{"area":3869.81,"pct":14.89},"sidewalks":{"area":155.08,"pct":0.6}},"city":{"parking":{"area":81.85,"pct":0.32},"roads":{"area":973.44,"pct":3.75},"sidewalks":{"area":155.08,"pct":0.6}},"id":"hex:3588:24329"},"type":"Feature"},{"geometry":{"coordinates":[[[-122.56333,38.07368],[-122.5639,38.07446],[-122.56504,38.07446],[-122.56561,38.07368],[-122.56505,38.0729],[-122.56391,38.0729],[-122.56333,38.07368]]],"type":"Polygon"},"properties":{"bbox":{"roads":{"area":2181.84,"pct":8.4}},"city":{"roads":{"area":1516.64,"pct":5.84}},"id":"hex:3588:24330"},"type":"Feature"},{"geometry":{"coordinates":[[[-122.56332,38.07524],[-122.56389,38.07602],[-122.56503,38.07602],[-122.5656,38.07525],[-122.56504,38.07446],[-122.5639,38.07446],[-122.56332,38.07524]]],"type":"Polygon"},"properties":{"bbox":{"roads":{"area":1042.72,"pct":4.01},"sidewalks":{"area":149.27,"pct":0.57}},"city_same":1,"id":"hex:3588:24331"},"type":"Feature"},{"geometry":{"coordinates":[[[-122.56331,38.0768],[-122.56388,38.07758],[-122.56502,38.07759],[-122.56559,38.07681],[-122.56503,38.07602],[-122.56389,38.07602],[-122.56331,38.0768]]],"type":"Polygon"},"properties":{"bbox":{"roads":{"area":1535.54,"pct":5.91}},"city_same":1,"id":"hex:3588:24332"},"type":"Feature"},{"geometry":{"coordinates":[[[-122.5633,38.07836],[-122.56387,38.07914],[-122.56501,38.07915],[-122.56558,38.07837],[-122.56502,38.07759],[-122.56388,38.07758],[-122.5633,38.07836]]],"type":"Polygon"},"properties":{"bbox":{"roads":{"area":889.41,"pct":3.42}},"city_same":1,"id":"hex:3588:24333"},"type":"Feature"},{"geometry":{"coordinates":[[[-122.56329,38.07992],[-122.56386,38.0807],[-122.565,38.08071],[-122.56558,38.07993],[-122.56501,38.07915],[-122.56387,38.07914],[-122.56329,38.07992]]],"type":"Polygon"},"properties":{"bbox":{"roads":{"area":1567.78,"pct":6.03},"sidewalks":{"area":305.24,"pct":1.17}},"city_same":1,"id":"hex:3588:24334"},"type":"Feature"},{"geometry":{"coordinates":[[[-122.56329,38.08148],[-122.56385,38.08226],[-122.56499,38.08227],[-122.56557,38.08149],[-122.565,38.08071],[-122.56386,38.0807],[-122.56329,38.08148]]],"type":"Polygon"},"properties":{"bbox":{"roads":{"area":1628.41,"pct":6.27}},"city":{"roads":{"area":420.27,"pct":1.62}},"id":"hex:3588:24335"},"type":"Feature"},{"geometry":{"coordinates":[[[-122.56328,38.08304],[-122.56384,38.08383],[-122.56498,38.08383],[-122.56556,38.08305],[-122.56499,38.08227],[-122.56385,38.08226],[-122.56328,38.08304]]],"type":"Polygon"},"properties":{"bbox":{"roads":{"area":3039.83,"pct":11.7}},"city":{"roads":{"area":2133.57,"pct":8.21}},"id":"hex:3588:24336"},"type":"Feature"},{"geometry":{"coordinates":[[[-122.56327,38.0846],[-122.56383,38.08539],[-122.56497,38.08539],[-122.56555,38.08461],[-122.56498,38.08383],[-122.56384,38.08383],[-122.56327,38.0846]]],"type":"Polygon"},"properties":{"bbox":{"roads":{"area":2315.14,"pct":8.91},"sidewalks":{"area":197.85,"pct":0.76}},"city_same":1,"id":"hex:3588:24337"},"type":"Feature"},{"geometry":{"coordinates":[[[-122.56326,38.08616],[-122.56382,38.08695],[-122.56496,38.08695],[-122.56554,38.08617],[-122.56497,38.08539],[-122.56383,38.08539],[-122.56326,38.08616]]],"type":"Polygon"},"properties":{"bbox":{"roads":{"area":1941.53,"pct":7.47},"sidewalks":{"area":354.23,"pct":1.36}},"city":{"roads":{"area":1645.45,"pct":6.33},"sidewalks":{"area":354.23,"pct":1.36}},"id":"hex:3588:24338"},"type":"Feature"},{"geometry":{"coordinates":[[[-122.56325,38.08773],[-122.56381,38.08851],[-122.56495,38.08851],[-122.56553,38.08773],[-122.56496,38.08695],[-122.56382,38.08695],[-122.56325,38.08773]]],"type":"Polygon"},"properties":{"bbox":{"roads":{"area":5095.67,"pct":19.61},"sidewalks":{"area":659.94,"pct":2.54}},"city":{"roads":{"area":1964.94,"pct":7.56},"sidewalks":{"area":659.94,"pct":2.54}},"id":"hex:3588:24339"},"type":"Feature"},{"geometry":{"coordinates":[[[-122.56324,38.08929],[-122.5638,38.09007],[-122.56494,38.09007],[-122.56552,38.08929],[-122.56495,38.08851],[-122.56381,38.08851],[-122.56324,38.08929]]],"type":"Polygon"},"properties":{"bbox":{"roads":{"area":2861.58,"pct":11.01},"sidewalks":{"area":336.46,"pct":1.3}},"city":{"roads":{"area":917.12,"pct":3.53},"sidewalks":{"area":336.46,"pct":1.3}},"id":"hex:3588:24340"},"type":"Feature"},{"geometry":{"coordinates":[[[-122.56323,38.09085],[-122.5638,38.09163],[-122.56494,38.09163],[-122.56551,38.09086],[-122.56494,38.09007],[-122.5638,38.09007],[-122.56323,38.09085]]],"type":"Polygon"},"properties":{"bbox":{"roads":{"area":767.44,"pct":2.95}},"city_same":1,"id":"hex:3588:24341"},"type":"Feature"},{"geometry":{"coordinates":[[[-122.56322,38.09241],[-122.56379,38.09319],[-122.56493,38.0932],[-122.5655,38.09242],[-122.56494,38.09163],[-122.5638,38.09163],[-122.56322,38.09241]]],"type":"Polygon"},"properties":{"bbox":{"roads":{"area":858.81,"pct":3.31}},"city_same":1,"id":"hex:3588:24342"},"type":"Feature"},{"geometry":{"coordinates":[[[-122.56321,38.09397],[-122.56378,38.09475],[-122.56492,38.09476],[-122.56549,38.09398],[-122.56493,38.0932],[-122.56379,38.09319],[-122.56321,38.09397]]],"type":"Polygon"},"properties":{"bbox":{"roads":{"area":2200.2,"pct":8.47}},"city_same":1,"id":"hex:3588:24343"},"type":"Feature"},{"geometry":{"coordinates":[[[-122.5632,38.09553],[-122.56377,38.09631],[-122.56491,38.09632],[-122.56548,38.09554],[-122.56492,38.09476],[-122.56378,38.09475],[-122.5632,38.09553]]],"type":"Polygon"},"properties":{"bbox":{"roads":{"area":4949.14,"pct":19.05}},"city_same":1,"id":"hex:3588:24344"},"type":"Feature"},{"geometry":{"coordinates":[[[-122.56319,38.09709],[-122.56376,38.09787],[-122.5649,38.09788],[-122.56547,38.0971],[-122.56491,38.09632],[-122.56377,38.09631],[-122.56319,38.09709]]],"type":"Polygon"},"properties":{"bbox":{"roads":{"area":4575.25,"pct":17.61}},"city":{"roads":{"area":1766.76,"pct":6.8}},"id":"hex:3588:24345"},"type":"Feature"},{"geometry":{"coordinates":[[[-122.56318,38.09865],[-122.56375,38.09944],[-122.56489,38.09944],[-122.56546,38.09866],[-122.5649,38.09788],[-122.56376,38.09787],[-122.56318,38.09865]]],"type":"Polygon"},"properties":{"bbox":{"roads":{"area":4072.75,"pct":15.68}},"city_same":1,"id":"hex:3588:24346"},"type":"Feature"},{"geometry":{"coordinates":[[[-122.56317,38.10021],[-122.56374,38.101],[-122.56488,38.101],[-122.56545,38.10022],[-122.56489,38.09944],[-122.56375,38.09944],[-122.56317,38.10021]]],"type":"Polygon"},"properties":{"bbox":{"parking":{"area":227.48,"pct":0.88},"roads":{"area":1157.12,"pct":4.45}},"city_same":1,"id":"hex:3588:24347"},"type":"Feature"},{"geometry":{"coordinates":[[[-122.56316,38.10177],[-122.56373,38.10256],[-122.56487,38.10256],[-122.56545,38.10178],[-122.56488,38.101],[-122.56374,38.101],[-122.56316,38.10177]]],"type":"Polygon"},"properties":{"bbox":{"parking":{"area":1452.67,"pct":5.59},"roads":{"area":1740.69,"pct":6.7}},"city_same":1,"id":"hex:3588:24348"},"type":"Feature"},{"geometry":{"coordinates":[[[-122.56316,38.10334],[-122.56372,38.10412],[-122.56486,38.10412],[-122.56544,38.10334],[-122.56487,38.10256],[-122.56373,38.10256],[-122.56316,38.10334]]],"type":"Polygon"},"properties":{"bbox":{"roads":{"area":1783.7,"pct":6.87}},"city_same":1,"id":"hex:3588:24349"},"type":"Feature"},{"geometry":{"coordinates":[[[-122.56315,38.1049],[-122.56371,38.10568],[-122.56485,38.10568],[-122.56543,38.1049],[-122.56486,38.10412],[-122.56372,38.10412],[-122.56315,38.1049]]],"type":"Polygon"},"properties":{"bbox":{"roads":{"area":3541.76,"pct":13.63},"sidewalks":{"area":253.94,"pct":0.98}},"city":{"roads":{"area":925.54,"pct":3.56},"sidewalks":{"area":253.94,"pct":0.98}},"id":"hex:3588:24350"},"type":"Feature"},{"geometry":{"coordinates":[[[-122.56314,38.10646],[-122.5637,38.10724],[-122.56484,38.10724],[-122.56542,38.10647],[-122.56485,38.10568],[-122.56371,38.10568],[-122.56314,38.10646]]],"type":"Polygon"},"properties":{"bbox":{"parking":{"area":1575.85,"pct":6.07},"roads":{"area":2931.52,"pct":11.28}},"city":{"parking":{"area":1575.85,"pct":6.07},"roads":{"area":2740.12,"pct":10.55}},"id":"hex:3588:24351"},"type":"Feature"},{"geometry":{"coordinates":[[[-122.56313,38.10802],[-122.56369,38.1088],[-122.56483,38.10881],[-122.56541,38.10803],[-122.56484,38.10724],[-122.5637,38.10724],[-122.56313,38.10802]]],"type":"Polygon"},"properties":{"bbox":{"roads":{"area":2362.23,"pct":9.09}},"city":{"roads":{"area":517.05,"pct":1.99}},"id":"hex:3588:24352"},"type":"Feature"},{"geometry":{"coordinates":[[[-122.56312,38.10958],[-122.56368,38.11036],[-122.56482,38.11037],[-122.5654,38.10959],[-122.56483,38.10881],[-122.56369,38.1088],[-122.56312,38.10958]]],"type":"Polygon"},"properties":{"bbox":{"roads":{"area":5229.34,"pct":20.13}},"city":{"roads":{"area":1389.73,"pct":5.35}},"id":"hex:3588:24353"},"type":"Feature"},{"geometry":{"coordinates":[[[-122.56311,38.11114],[-122.56367,38.11192],[-122.56482,38.11193],[-122.56539,38.11115],[-122.56482,38.11037],[-122.56368,38.11036],[-122.56311,38.11114]]],"type":"Polygon"},"properties":{"bbox":{"roads":{"area":5439.51,"pct":20.94}},"city":{"roads":{"area":908.62,"pct":3.5}},"id":"hex:3588:24354"},"type":"Feature"},{"geometry":{"coordinates":[[[-122.5631,38.1127],[-122.56367,38.11348],[-122.56481,38.11349],[-122.56538,38.11271],[-122.56482,38.11193],[-122.56367,38.11192],[-122.5631,38.1127]]],"type":"Polygon"},"properties":{"bbox":{"roads":{"area":5741.48,"pct":22.1}},"city":{"roads":{"area":1213.1,"pct":4.67}},"id":"hex:3588:24355"},"type":"Feature"},{"geometry":{"coordinates":[[[-122.56309,38.11426],[-122.56367,38.11348],[-122.56481,38.11349],[-122.56537,38.11427],[-122.5648,38.11505],[-122.56393,38.11505],[-122.56389,38.11447],[-122.56324,38.11447],[-122.56309,38.11426]]],"type":"Polygon"},"properties":{"bbox":{"roads":{"area":6077.76,"pct":25.98}},"city":{"roads":{"area":980.4,"pct":4.19}},"id":"hex:3588:24356"},"type":"Feature"},{"geometry":{"coordinates":[[[-122.5648,38.11505],[-122.56536,38.11583],[-122.56479,38.11661],[-122.56365,38.11661],[-122.5635,38.1164],[-122.56365,38.1164],[-122.56401,38.11617],[-122.56393,38.11505],[-122.5648,38.11505]]],"type":"Polygon"},"properties":{"bbox":{"parking":{"area":415.38,"pct":2.32},"roads":{"area":6359.5,"pct":35.48}},"city":{"parking":{"area":415.38,"pct":2.32},"roads":{"area":1244.92,"pct":6.94}},"id":"hex:3588:24357"},"type":"Feature"},{"geometry":{"coordinates":[[[-122.56365,38.11661],[-122.56479,38.11661],[-122.56535,38.11739],[-122.56478,38.11817],[-122.56438,38.11817],[-122.56416,38.11763],[-122.56384,38.11743],[-122.56319,38.11722],[-122.56365,38.11661]]],"type":"Polygon"},"properties":{"bbox":{"parking":{"area":1347.2,"pct":7},"roads":{"area":7397.83,"pct":38.41},"sidewalks":{"area":306.91,"pct":1.59}},"city":{"parking":{"area":1347.2,"pct":7},"roads":{"area":589.82,"pct":3.06},"sidewalks":{"area":306.91,"pct":1.59}},"id":"hex:3588:24358"},"type":"Feature"},{"geometry":{"coordinates":[[[-122.56478,38.11817],[-122.56534,38.11895],[-122.56477,38.11973],[-122.56476,38.11973],[-122.56471,38.11942],[-122.56444,38.11872],[-122.56438,38.11817],[-122.56438,38.11817],[-122.56478,38.11817]]],"type":"Polygon"},"properties":{"bbox":{"roads":{"area":2665.71,"pct":34.58}},"city":{"roads":{"area":864.56,"pct":11.22}},"id":"hex:3588:24359"},"type":"Feature"},{"geometry":{"coordinates":[[[-122.56477,38.11973],[-122.56533,38.12052],[-122.56497,38.12101],[-122.56476,38.11973],[-122.56477,38.11973]]],"type":"Polygon"},"properties":{"bbox":{"roads":{"area":682.29,"pct":24.42}},"city":{"roads":{"area":673.13,"pct":24.1}},"id":"hex:3588:24360"},"type":"Feature"},{"geometry":{"coordinates":[[[-122.56533,38.12208],[-122.56518,38.12228],[-122.56509,38.12175],[-122.56533,38.12208]]],"type":"Polygon"},"properties":{"bbox":{"roads":{"area":115.41,"pct":24.76}},"city_same":1,"id":"hex:3588:24361"},"type":"Feature"},{"geometry":{"coordinates":[[[-122.56531,38.1252],[-122.56473,38.12598],[-122.56432,38.12597],[-122.5648,38.12449],[-122.56531,38.1252]]],"type":"Polygon"},"properties":{"bbox":{"roads":{"area":848.95,"pct":12.34}},"city_same":1,"id":"hex:3588:24363"},"type":"Feature"},{"geometry":{"coordinates":[[[-122.56473,38.12598],[-122.5653,38.12676],[-122.56472,38.12754],[-122.56381,38.12753],[-122.56432,38.12597],[-122.56473,38.12598]]],"type":"Polygon"},"properties":{"bbox":{"roads":{"area":1486.69,"pct":10.33}},"city":{"roads":{"area":1485.12,"pct":10.32}},"id":"hex:3588:24364"},"type":"Feature"},{"geometry":{"coordinates":[[[-122.56357,38.12909],[-122.56355,38.12906],[-122.56376,38.12834],[-122.56356,38.1283],[-122.56381,38.12753],[-122.56472,38.12754],[-122.56526,38.12828],[-122.56512,38.12828],[-122.56432,38.12845],[-122.56401,38.1291],[-122.56357,38.12909]]],"type":"Polygon"},"properties":{"bbox":{"roads":{"area":2420.94,"pct":16.76}},"city":{"roads":{"area":1063.91,"pct":7.37}},"id":"hex:3588:24365"},"type":"Feature"},{"geometry":{"coordinates":[[[-122.56333,38.13033],[-122.56344,38.12943],[-122.56352,38.12917],[-122.56357,38.12909],[-122.56401,38.1291],[-122.56384,38.12946],[-122.56352,38.13059],[-122.56333,38.13033]]],"type":"Polygon"},"properties":{"bbox":{"roads":{"area":631.86,"pct":13.51}},"city_same":1,"id":"hex:3588:24366"},"type":"Feature"},{"geometry":{"coordinates":[[[[-122.56527,38.13144],[-122.56469,38.13222],[-122.56431,38.13222],[-122.56434,38.13177],[-122.56495,38.13099],[-122.56527,38.13144]]],[[[-122.56346,38.13079],[-122.56345,38.13082],[-122.56333,38.13179],[-122.56332,38.13099],[-122.56346,38.13079]]]],"type":"MultiPolygon"},"properties":{"bbox":{"roads":{"area":264.5,"pct":4.05}},"city_same":1,"id":"hex:3588:24367"},"type":"Feature"},{"geometry":{"coordinates":[[[-122.56469,38.13222],[-122.56526,38.133],[-122.56469,38.13378],[-122.5643,38.13378],[-122.56425,38.13323],[-122.56431,38.13222],[-122.56469,38.13222]]],"type":"Polygon"},"properties":{"bbox":{"roads":{"area":1120.03,"pct":10.63}},"city_same":1,"id":"hex:3588:24368"},"type":"Feature"},{"geometry":{"coordinates":[[[-122.56468,38.13534],[-122.56524,38.13613],[-122.56467,38.1369],[-122.56424,38.1369],[-122.56416,38.1358],[-122.56445,38.13579],[-122.56442,38.13534],[-122.56468,38.13534]]],"type":"Polygon"},"properties":{"bbox":{"roads":{"area":1133.84,"pct":10.87}},"city_same":1,"id":"hex:3588:24370"},"type":"Feature"},{"geometry":{"coordinates":[[[-122.56467,38.1369],[-122.56523,38.13769],[-122.56466,38.13846],[-122.56436,38.13846],[-122.56424,38.1369],[-122.56467,38.1369]]],"type":"Polygon"},"properties":{"bbox":{"roads":{"area":1284.38,"pct":13.07}},"city_same":1,"id":"hex:3588:24371"},"type":"Feature"},{"geometry":{"coordinates":[[[-122.56466,38.13846],[-122.56522,38.13925],[-122.56465,38.14003],[-122.56447,38.14002],[-122.56436,38.13846],[-122.56466,38.13846]]],"type":"Polygon"},"properties":{"bbox":{"roads":{"area":1286.48,"pct":16.16}},"city_same":1,"id":"hex:3588:24372"},"type":"Feature"},{"geometry":{"coordinates":[[[-122.56465,38.14003],[-122.56521,38.14081],[-122.56464,38.14159],[-122.56458,38.14159],[-122.56447,38.14002],[-122.56465,38.14003]]],"type":"Polygon"},"properties":{"bbox":{"roads":{"area":1086.89,"pct":17.85}},"city_same":1,"id":"hex:3588:24373"},"type":"Feature"},{"geometry":{"coordinates":[[[-122.56464,38.14159],[-122.56488,38.14193],[-122.56461,38.14194],[-122.56458,38.14159],[-122.56464,38.14159]]],"type":"Polygon"},"properties":{"bbox":{"roads":{"area":83.6,"pct":14.91}},"city_same":1,"id":"hex:3588:24374"},"type":"Feature"},{"geometry":{"coordinates":[[[-122.56171,38.05884],[-122.56228,38.05962],[-122.56342,38.05963],[-122.56399,38.05885],[-122.56342,38.05807],[-122.56228,38.05806],[-122.56171,38.05884]]],"type":"Polygon"},"properties":{"bbox":{"roads":{"area":742.98,"pct":2.86}},"city_same":1,"id":"hex:3589:24320"},"type":"Feature"},{"geometry":{"coordinates":[[[-122.5617,38.0604],[-122.56227,38.06118],[-122.56341,38.06119],[-122.56398,38.06041],[-122.56342,38.05963],[-122.56228,38.05962],[-122.5617,38.0604]]],"type":"Polygon"},"properties":{"bbox":{"roads":{"area":662.59,"pct":2.55}},"city_same":1,"id":"hex:3589:24321"},"type":"Feature"},{"geometry":{"coordinates":[[[-122.56169,38.06196],[-122.56226,38.06274],[-122.5634,38.06275],[-122.56397,38.06197],[-122.56341,38.06119],[-122.56227,38.06118],[-122.56169,38.06196]]],"type":"Polygon"},"properties":{"bbox":{"roads":{"area":1533.1,"pct":5.9}},"city_same":1,"id":"hex:3589:24322"},"type":"Feature"},{"geometry":{"coordinates":[[[-122.56168,38.06352],[-122.56225,38.06431],[-122.56339,38.06431],[-122.56396,38.06353],[-122.5634,38.06275],[-122.56226,38.06274],[-122.56168,38.06352]]],"type":"Polygon"},"properties":{"bbox":{"roads":{"area":1455.07,"pct":5.6}},"city_same":1,"id":"hex:3589:24323"},"type":"Feature"},{"geometry":{"coordinates":[[[-122.56167,38.06508],[-122.56224,38.06587],[-122.56338,38.06587],[-122.56395,38.06509],[-122.56339,38.06431],[-122.56225,38.06431],[-122.56167,38.06508]]],"type":"Polygon"},"properties":{"bbox":{"roads":{"area":1025.27,"pct":3.95}},"city_same":1,"id":"hex:3589:24324"},"type":"Feature"},{"geometry":{"coordinates":[[[-122.56166,38.06665],[-122.56223,38.06743],[-122.56337,38.06743],[-122.56394,38.06665],[-122.56338,38.06587],[-122.56224,38.06587],[-122.56166,38.06665]]],"type":"Polygon"},"properties":{"bbox":{"roads":{"area":905.94,"pct":3.49}},"city_same":1,"id":"hex:3589:24325"},"type":"Feature"},{"geometry":{"coordinates":[[[-122.56165,38.06821],[-122.56222,38.06899],[-122.56336,38.06899],[-122.56393,38.06821],[-122.56337,38.06743],[-122.56223,38.06743],[-122.56165,38.06821]]],"type":"Polygon"},"properties":{"bbox":{"roads":{"area":851.24,"pct":3.28}},"city_same":1,"id":"hex:3589:24326"},"type":"Feature"},{"geometry":{"coordinates":[[[-122.56164,38.06977],[-122.56221,38.07055],[-122.56335,38.07055],[-122.56393,38.06978],[-122.56336,38.06899],[-122.56222,38.06899],[-122.56164,38.06977]]],"type":"Polygon"},"properties":{"bbox":{"roads":{"area":3844.4,"pct":14.8},"sidewalks":{"area":10.92,"pct":0.04}},"city":{"roads":{"area":1184.01,"pct":4.56},"sidewalks":{"area":10.92,"pct":0.04}},"id":"hex:3589:24327"},"type":"Feature"},{"geometry":{"coordinates":[[[-122.56164,38.07133],[-122.5622,38.07211],[-122.56334,38.07212],[-122.56392,38.07134],[-122.56335,38.07055],[-122.56221,38.07055],[-122.56164,38.07133]]],"type":"Polygon"},"properties":{"bbox":{"roads":{"area":1720.83,"pct":6.62},"sidewalks":{"area":267.45,"pct":1.03}},"city":{"roads":{"area":1298.56,"pct":5},"sidewalks":{"area":267.45,"pct":1.03}},"id":"hex:3589:24328"},"type":"Feature"},{"geometry":{"coordinates":[[[-122.56163,38.07289],[-122.56219,38.07367],[-122.56333,38.07368],[-122.56391,38.0729],[-122.56334,38.07212],[-122.5622,38.07211],[-122.56163,38.07289]]],"type":"Polygon"},"properties":{"bbox":{"roads":{"area":961.31,"pct":3.7}},"city_same":1,"id":"hex:3589:24329"},"type":"Feature"},{"geometry":{"coordinates":[[[-122.56162,38.07445],[-122.56218,38.07523],[-122.56332,38.07524],[-122.5639,38.07446],[-122.56333,38.07368],[-122.56219,38.07367],[-122.56162,38.07445]]],"type":"Polygon"},"properties":{"bbox":{"roads":{"area":714.78,"pct":2.75}},"city_same":1,"id":"hex:3589:24330"},"type":"Feature"},{"geometry":{"coordinates":[[[-122.56161,38.07601],[-122.56217,38.07679],[-122.56331,38.0768],[-122.56389,38.07602],[-122.56332,38.07524],[-122.56218,38.07523],[-122.56161,38.07601]]],"type":"Polygon"},"properties":{"bbox":{"roads":{"area":245.76,"pct":0.95}},"city_same":1,"id":"hex:3589:24331"},"type":"Feature"},{"geometry":{"coordinates":[[[-122.5616,38.07757],[-122.56216,38.07836],[-122.5633,38.07836],[-122.56388,38.07758],[-122.56331,38.0768],[-122.56217,38.07679],[-122.5616,38.07757]]],"type":"Polygon"},"properties":{"bbox":{"roads":{"area":1657.9,"pct":6.38},"sidewalks":{"area":82.34,"pct":0.32}},"city_same":1,"id":"hex:3589:24332"},"type":"Feature"},{"geometry":{"coordinates":[[[-122.56159,38.07913],[-122.56215,38.07992],[-122.56329,38.07992],[-122.56387,38.07914],[-122.5633,38.07836],[-122.56216,38.07836],[-122.56159,38.07913]]],"type":"Polygon"},"properties":{"bbox":{"roads":{"area":774.79,"pct":2.98},"sidewalks":{"area":257.41,"pct":0.99}},"city_same":1,"id":"hex:3589:24333"},"type":"Feature"},{"geometry":{"coordinates":[[[-122.56158,38.08069],[-122.56215,38.08148],[-122.56329,38.08148],[-122.56386,38.0807],[-122.56329,38.07992],[-122.56215,38.07992],[-122.56158,38.08069]]],"type":"Polygon"},"properties":{"bbox":{"roads":{"area":1656.71,"pct":6.38},"sidewalks":{"area":160.97,"pct":0.62}},"city_same":1,"id":"hex:3589:24334"},"type":"Feature"},{"geometry":{"coordinates":[[[-122.56157,38.08226],[-122.56214,38.08304],[-122.56328,38.08304],[-122.56385,38.08226],[-122.56329,38.08148],[-122.56215,38.08148],[-122.56157,38.08226]]],"type":"Polygon"},"properties":{"bbox":{"roads":{"area":645.26,"pct":2.48}},"city_same":1,"id":"hex:3589:24335"},"type":"Feature"},{"geometry":{"coordinates":[[[-122.56156,38.08382],[-122.56213,38.0846],[-122.56327,38.0846],[-122.56384,38.08383],[-122.56328,38.08304],[-122.56214,38.08304],[-122.56156,38.08382]]],"type":"Polygon"},"properties":{"bbox":{"roads":{"area":3559.33,"pct":13.7},"sidewalks":{"area":177.26,"pct":0.68}},"city":{"roads":{"area":1407.73,"pct":5.42},"sidewalks":{"area":177.26,"pct":0.68}},"id":"hex:3589:24336"},"type":"Feature"},{"geometry":{"coordinates":[[[-122.56155,38.08538],[-122.56212,38.08616],[-122.56326,38.08616],[-122.56383,38.08539],[-122.56327,38.0846],[-122.56213,38.0846],[-122.56155,38.08538]]],"type":"Polygon"},"properties":{"bbox":{"roads":{"area":3978.04,"pct":15.31},"sidewalks":{"area":673.75,"pct":2.59}},"city":{"roads":{"area":1148.14,"pct":4.42},"sidewalks":{"area":673.75,"pct":2.59}},"id":"hex:3589:24337"},"type":"Feature"},{"geometry":{"coordinates":[[[-122.56154,38.08694],[-122.56211,38.08772],[-122.56325,38.08773],[-122.56382,38.08695],[-122.56326,38.08616],[-122.56212,38.08616],[-122.56154,38.08694]]],"type":"Polygon"},"properties":{"bbox":{"roads":{"area":711.85,"pct":2.74},"sidewalks":{"area":225.17,"pct":0.87}},"city":{"roads":{"area":48.91,"pct":0.19},"sidewalks":{"area":225.17,"pct":0.87}},"id":"hex:3589:24338"},"type":"Feature"},{"geometry":{"coordinates":[[[-122.56153,38.0885],[-122.5621,38.08928],[-122.56324,38.08929],[-122.56381,38.08851],[-122.56325,38.08773],[-122.56211,38.08772],[-122.56153,38.0885]]],"type":"Polygon"},"properties":{"bbox":{"roads":{"area":1102.49,"pct":4.24},"sidewalks":{"area":262.63,"pct":1.01}},"city":{"roads":{"area":1094.49,"pct":4.21},"sidewalks":{"area":262.63,"pct":1.01}},"id":"hex:3589:24339"},"type":"Feature"},{"geometry":{"coordinates":[[[-122.56152,38.09006],[-122.56209,38.09084],[-122.56323,38.09085],[-122.5638,38.09007],[-122.56324,38.08929],[-122.5621,38.08928],[-122.56152,38.09006]]],"type":"Polygon"},"properties":{"bbox":{"roads":{"area":4654.29,"pct":17.91},"sidewalks":{"area":491.65,"pct":1.89}},"city":{"roads":{"area":556.29,"pct":2.14},"sidewalks":{"area":491.65,"pct":1.89}},"id":"hex:3589:24340"},"type":"Feature"},{"geometry":{"coordinates":[[[-122.56151,38.09162],[-122.56208,38.0924],[-122.56322,38.09241],[-122.5638,38.09163],[-122.56323,38.09085],[-122.56209,38.09084],[-122.56151,38.09162]]],"type":"Polygon"},"properties":{"bbox":{"roads":{"area":3013.21,"pct":11.6}},"city":{"roads":{"area":52.6,"pct":0.2}},"id":"hex:3589:24341"},"type":"Feature"},{"geometry":{"coordinates":[[[-122.56151,38.09318],[-122.56207,38.09397],[-122.56321,38.09397],[-122.56379,38.09319],[-122.56322,38.09241],[-122.56208,38.0924],[-122.56151,38.09318]]],"type":"Polygon"},"properties":{"bbox":{"roads":{"area":2230.75,"pct":8.59}},"city":{"roads":{"area":107.63,"pct":0.41}},"id":"hex:3589:24342"},"type":"Feature"},{"geometry":{"coordinates":[[[-122.5615,38.09474],[-122.56206,38.09553],[-122.5632,38.09553],[-122.56378,38.09475],[-122.56321,38.09397],[-122.56207,38.09397],[-122.5615,38.09474]]],"type":"Polygon"},"properties":{"bbox":{"roads":{"area":3334.35,"pct":12.83}},"city":{"roads":{"area":915.25,"pct":3.52}},"id":"hex:3589:24343"},"type":"Feature"},{"geometry":{"coordinates":[[[-122.56149,38.0963],[-122.56205,38.09709],[-122.56319,38.09709],[-122.56377,38.09631],[-122.5632,38.09553],[-122.56206,38.09553],[-122.56149,38.0963]]],"type":"Polygon"},"properties":{"bbox":{"roads":{"area":6263.69,"pct":24.11}},"city":{"roads":{"area":1921.46,"pct":7.4}},"id":"hex:3589:24344"},"type":"Feature"},{"geometry":{"coordinates":[[[-122.56148,38.09787],[-122.56204,38.09865],[-122.56318,38.09865],[-122.56376,38.09787],[-122.56319,38.09709],[-122.56205,38.09709],[-122.56148,38.09787]]],"type":"Polygon"},"properties":{"bbox":{"roads":{"area":3552.15,"pct":13.67}},"city":{"roads":{"area":382.25,"pct":1.47}},"id":"hex:3589:24345"},"type":"Feature"},{"geometry":{"coordinates":[[[-122.56147,38.09943],[-122.56203,38.10021],[-122.56317,38.10021],[-122.56375,38.09944],[-122.56318,38.09865],[-122.56204,38.09865],[-122.56147,38.09943]]],"type":"Polygon"},"properties":{"bbox":{"roads":{"area":3906.64,"pct":15.04}},"city":{"roads":{"area":1033.2,"pct":3.98}},"id":"hex:3589:24346"},"type":"Feature"},{"geometry":{"coordinates":[[[-122.56146,38.10099],[-122.56202,38.10177],[-122.56316,38.10177],[-122.56374,38.101],[-122.56317,38.10021],[-122.56203,38.10021],[-122.56146,38.10099]]],"type":"Polygon"},"properties":{"bbox":{"roads":{"area":2362.5,"pct":9.09}},"city":{"roads":{"area":603.31,"pct":2.32}},"id":"hex:3589:24347"},"type":"Feature"},{"geometry":{"coordinates":[[[-122.56145,38.10255],[-122.56201,38.10333],[-122.56316,38.10334],[-122.56373,38.10256],[-122.56316,38.10177],[-122.56202,38.10177],[-122.56145,38.10255]]],"type":"Polygon"},"properties":{"bbox":{"roads":{"area":3871.44,"pct":14.9}},"city":{"roads":{"area":2223.83,"pct":8.56}},"id":"hex:3589:24348"},"type":"Feature"},{"geometry":{"coordinates":[[[-122.56144,38.10411],[-122.56201,38.10489],[-122.56315,38.1049],[-122.56372,38.10412],[-122.56316,38.10334],[-122.56201,38.10333],[-122.56144,38.10411]]],"type":"Polygon"},"properties":{"bbox":{"roads":{"area":5021.52,"pct":19.33},"sidewalks":{"area":92.01,"pct":0.35}},"city":{"roads":{"area":91.88,"pct":0.35},"sidewalks":{"area":92.01,"pct":0.35}},"id":"hex:3589:24349"},"type":"Feature"},{"geometry":{"coordinates":[[[-122.56143,38.10567],[-122.562,38.10645],[-122.56314,38.10646],[-122.56371,38.10568],[-122.56315,38.1049],[-122.56201,38.10489],[-122.56143,38.10567]]],"type":"Polygon"},"properties":{"bbox":{"roads":{"area":8509.06,"pct":32.75},"sidewalks":{"area":143.17,"pct":0.55}},"city":{"sidewalks":{"area":143.17,"pct":0.55}},"id":"hex:3589:24350"},"type":"Feature"},{"geometry":{"coordinates":[[[-122.56142,38.10723],[-122.56199,38.10801],[-122.56313,38.10802],[-122.5637,38.10724],[-122.56314,38.10646],[-122.562,38.10645],[-122.56142,38.10723]]],"type":"Polygon"},"properties":{"bbox":{"roads":{"area":5117.65,"pct":19.7}},"id":"hex:3589:24351"},"type":"Feature"},{"geometry":{"coordinates":[[[-122.56141,38.10879],[-122.56198,38.10958],[-122.56312,38.10958],[-122.56369,38.1088],[-122.56313,38.10802],[-122.56199,38.10801],[-122.56141,38.10879]]],"type":"Polygon"},"properties":{"bbox":{"roads":{"area":2878.04,"pct":11.08}},"city":{"roads":{"area":1130.67,"pct":4.35}},"id":"hex:3589:24352"},"type":"Feature"},{"geometry":{"coordinates":[[[-122.5614,38.11035],[-122.56197,38.11114],[-122.56311,38.11114],[-122.56368,38.11036],[-122.56312,38.10958],[-122.56198,38.10958],[-122.5614,38.11035]]],"type":"Polygon"},"properties":{"bbox":{"roads":{"area":2781.48,"pct":10.71}},"city":{"roads":{"area":2779.34,"pct":10.7}},"id":"hex:3589:24353"},"type":"Feature"},{"geometry":{"coordinates":[[[-122.56139,38.11191],[-122.56196,38.1127],[-122.5631,38.1127],[-122.56367,38.11192],[-122.56311,38.11114],[-122.56197,38.11114],[-122.56139,38.11191]]],"type":"Polygon"},"properties":{"bbox":{"roads":{"area":1505.83,"pct":5.8}},"city_same":1,"id":"hex:3589:24354"},"type":"Feature"},{"geometry":{"coordinates":[[[-122.56138,38.11348],[-122.56196,38.1127],[-122.5631,38.1127],[-122.56367,38.11348],[-122.56309,38.11426],[-122.56243,38.11426],[-122.56231,38.11416],[-122.56208,38.11408],[-122.56179,38.11403],[-122.56138,38.11348]]],"type":"Polygon"},"properties":{"bbox":{"roads":{"area":1157.8,"pct":4.59}},"city_same":1,"id":"hex:3589:24355"},"type":"Feature"},{"geometry":{"coordinates":[[[-122.56137,38.1166],[-122.56144,38.1165],[-122.5635,38.1164],[-122.56365,38.11661],[-122.56319,38.11722],[-122.56294,38.11715],[-122.56167,38.11667],[-122.56139,38.11663],[-122.56137,38.1166]]],"type":"Polygon"},"properties":{"bbox":{"parking":{"area":783.27,"pct":7.93},"roads":{"area":2349.69,"pct":23.78},"sidewalks":{"area":59.67,"pct":0.6}},"city":{"parking":{"area":783.27,"pct":7.93},"roads":{"area":872,"pct":8.82},"sidewalks":{"area":59.67,"pct":0.6}},"id":"hex:3589:24357"},"type":"Feature"},{"geometry":{"coordinates":[[[-122.56332,38.13099],[-122.56331,38.13047],[-122.56333,38.13033],[-122.56352,38.13059],[-122.56346,38.13079],[-122.56332,38.13099]]],"type":"Polygon"},"properties":{"bbox":{"roads":{"area":135.94,"pct":18.38}},"city_same":1,"id":"hex:3589:24366"},"type":"Feature"},{"geometry":{"coordinates":[[[-122.56001,38.05805],[-122.56057,38.05884],[-122.56171,38.05884],[-122.56228,38.05806],[-122.56172,38.05728],[-122.56058,38.05728],[-122.56001,38.05805]]],"type":"Polygon"},"properties":{"bbox":{"roads":{"area":12.79,"pct":0.05}},"city_same":1,"id":"hex:3590:24320"},"type":"Feature"},{"geometry":{"coordinates":[[[-122.56,38.05961],[-122.56056,38.0604],[-122.5617,38.0604],[-122.56228,38.05962],[-122.56171,38.05884],[-122.56057,38.05884],[-122.56,38.05961]]],"type":"Polygon"},"properties":{"bbox":{"roads":{"area":744.18,"pct":2.86}},"city_same":1,"id":"hex:3590:24321"},"type":"Feature"},{"geometry":{"coordinates":[[[-122.55999,38.06118],[-122.56055,38.06196],[-122.56169,38.06196],[-122.56227,38.06118],[-122.5617,38.0604],[-122.56056,38.0604],[-122.55999,38.06118]]],"type":"Polygon"},"properties":{"bbox":{"roads":{"area":2018.54,"pct":7.77}},"city_same":1,"id":"hex:3590:24322"},"type":"Feature"},{"geometry":{"coordinates":[[[-122.55998,38.06274],[-122.56054,38.06352],[-122.56168,38.06352],[-122.56226,38.06274],[-122.56169,38.06196],[-122.56055,38.06196],[-122.55998,38.06274]]],"type":"Polygon"},"properties":{"bbox":{"roads":{"area":2132.86,"pct":8.21}},"city_same":1,"id":"hex:3590:24323"},"type":"Feature"},{"geometry":{"coordinates":[[[-122.55997,38.0643],[-122.56053,38.06508],[-122.56167,38.06508],[-122.56225,38.06431],[-122.56168,38.06352],[-122.56054,38.06352],[-122.55997,38.0643]]],"type":"Polygon"},"properties":{"bbox":{"roads":{"area":956.22,"pct":3.68}},"city_same":1,"id":"hex:3590:24324"},"type":"Feature"},{"geometry":{"coordinates":[[[-122.55996,38.06586],[-122.56052,38.06664],[-122.56166,38.06665],[-122.56224,38.06587],[-122.56167,38.06508],[-122.56053,38.06508],[-122.55996,38.06586]]],"type":"Polygon"},"properties":{"bbox":{"roads":{"area":1415.36,"pct":5.45}},"city_same":1,"id":"hex:3590:24325"},"type":"Feature"},{"geometry":{"coordinates":[[[-122.55995,38.06742],[-122.56051,38.0682],[-122.56165,38.06821],[-122.56223,38.06743],[-122.56166,38.06665],[-122.56052,38.06664],[-122.55995,38.06742]]],"type":"Polygon"},"properties":{"bbox":{"roads":{"area":1115.38,"pct":4.29}},"city_same":1,"id":"hex:3590:24326"},"type":"Feature"},{"geometry":{"coordinates":[[[-122.55994,38.06898],[-122.5605,38.06976],[-122.56164,38.06977],[-122.56222,38.06899],[-122.56165,38.06821],[-122.56051,38.0682],[-122.55994,38.06898]]],"type":"Polygon"},"properties":{"bbox":{"roads":{"area":3881.03,"pct":14.94},"sidewalks":{"area":29.52,"pct":0.11}},"city":{"roads":{"area":1286.24,"pct":4.95},"sidewalks":{"area":29.52,"pct":0.11}},"id":"hex:3590:24327"},"type":"Feature"},{"geometry":{"coordinates":[[[-122.55993,38.07054],[-122.5605,38.07132],[-122.56164,38.07133],[-122.56221,38.07055],[-122.56164,38.06977],[-122.5605,38.06976],[-122.55993,38.07054]]],"type":"Polygon"},"properties":{"bbox":{"roads":{"area":2010.99,"pct":7.74},"sidewalks":{"area":178.71,"pct":0.69}},"city_same":1,"id":"hex:3590:24328"},"type":"Feature"},{"geometry":{"coordinates":[[[-122.55992,38.0721],[-122.56049,38.07289],[-122.56163,38.07289],[-122.5622,38.07211],[-122.56164,38.07133],[-122.5605,38.07132],[-122.55992,38.0721]]],"type":"Polygon"},"properties":{"bbox":{"roads":{"area":1866.55,"pct":7.18}},"city_same":1,"id":"hex:3590:24329"},"type":"Feature"},{"geometry":{"coordinates":[[[-122.55991,38.07366],[-122.56048,38.07445],[-122.56162,38.07445],[-122.56219,38.07367],[-122.56163,38.07289],[-122.56049,38.07289],[-122.55991,38.07366]]],"type":"Polygon"},"properties":{"bbox":{"roads":{"area":867.24,"pct":3.34}},"city_same":1,"id":"hex:3590:24330"},"type":"Feature"},{"geometry":{"coordinates":[[[-122.5599,38.07522],[-122.56047,38.07601],[-122.56161,38.07601],[-122.56218,38.07523],[-122.56162,38.07445],[-122.56048,38.07445],[-122.5599,38.07522]]],"type":"Polygon"},"properties":{"bbox":{"roads":{"area":758.62,"pct":2.92}},"city_same":1,"id":"hex:3590:24331"},"type":"Feature"},{"geometry":{"coordinates":[[[-122.55989,38.07679],[-122.56046,38.07757],[-122.5616,38.07757],[-122.56217,38.07679],[-122.56161,38.07601],[-122.56047,38.07601],[-122.55989,38.07679]]],"type":"Polygon"},"properties":{"bbox":{"roads":{"area":963.21,"pct":3.71}},"city_same":1,"id":"hex:3590:24332"},"type":"Feature"},{"geometry":{"coordinates":[[[-122.55988,38.07835],[-122.56045,38.07913],[-122.56159,38.07913],[-122.56216,38.07836],[-122.5616,38.07757],[-122.56046,38.07757],[-122.55988,38.07835]]],"type":"Polygon"},"properties":{"bbox":{"roads":{"area":1536.83,"pct":5.92}},"city_same":1,"id":"hex:3590:24333"},"type":"Feature"},{"geometry":{"coordinates":[[[-122.55987,38.07991],[-122.56044,38.08069],[-122.56158,38.08069],[-122.56215,38.07992],[-122.56159,38.07913],[-122.56045,38.07913],[-122.55987,38.07991]]],"type":"Polygon"},"properties":{"bbox":{"roads":{"area":2025.07,"pct":7.79},"sidewalks":{"area":201.47,"pct":0.78}},"city_same":1,"id":"hex:3590:24334"},"type":"Feature"},{"geometry":{"coordinates":[[[-122.55986,38.08147],[-122.56043,38.08225],[-122.56157,38.08226],[-122.56215,38.08148],[-122.56158,38.08069],[-122.56044,38.08069],[-122.55986,38.08147]]],"type":"Polygon"},"properties":{"bbox":{"roads":{"area":1548.31,"pct":5.96}},"city_same":1,"id":"hex:3590:24335"},"type":"Feature"},{"geometry":{"coordinates":[[[-122.55986,38.08303],[-122.56042,38.08381],[-122.56156,38.08382],[-122.56214,38.08304],[-122.56157,38.08226],[-122.56043,38.08225],[-122.55986,38.08303]]],"type":"Polygon"},"properties":{"bbox":{"roads":{"area":2054.45,"pct":7.91}},"city_same":1,"id":"hex:3590:24336"},"type":"Feature"},{"geometry":{"coordinates":[[[-122.55985,38.08459],[-122.56041,38.08537],[-122.56155,38.08538],[-122.56213,38.0846],[-122.56156,38.08382],[-122.56042,38.08381],[-122.55985,38.08459]]],"type":"Polygon"},"properties":{"bbox":{"roads":{"area":2623.82,"pct":10.1},"sidewalks":{"area":32.76,"pct":0.13}},"city":{"roads":{"area":1112.23,"pct":4.28},"sidewalks":{"area":32.76,"pct":0.13}},"id":"hex:3590:24337"},"type":"Feature"},{"geometry":{"coordinates":[[[-122.55984,38.08615],[-122.5604,38.08693],[-122.56154,38.08694],[-122.56212,38.08616],[-122.56155,38.08538],[-122.56041,38.08537],[-122.55984,38.08615]]],"type":"Polygon"},"properties":{"bbox":{"roads":{"area":3551.02,"pct":13.67},"sidewalks":{"area":304.62,"pct":1.17}},"city_same":1,"id":"hex:3590:24338"},"type":"Feature"},{"geometry":{"coordinates":[[[-122.55983,38.08771],[-122.56039,38.0885],[-122.56153,38.0885],[-122.56211,38.08772],[-122.56154,38.08694],[-122.5604,38.08693],[-122.55983,38.08771]]],"type":"Polygon"},"properties":{"bbox":{"roads":{"area":1630.95,"pct":6.28},"sidewalks":{"area":269.11,"pct":1.04}},"city_same":1,"id":"hex:3590:24339"},"type":"Feature"},{"geometry":{"coordinates":[[[-122.56039,38.0885],[-122.56153,38.0885],[-122.5621,38.08928],[-122.56152,38.09006],[-122.56099,38.09006],[-122.56074,38.08985],[-122.56021,38.08941],[-122.56023,38.08934],[-122.5602,38.08932],[-122.56009,38.08924],[-122.55998,38.08923],[-122.55989,38.08918],[-122.56039,38.0885]]],"type":"Polygon"},"properties":{"bbox":{"roads":{"area":3187.62,"pct":14.13}},"city_same":1,"id":"hex:3590:24340"},"type":"Feature"},{"geometry":{"coordinates":[[[-122.56152,38.09006],[-122.56209,38.09084],[-122.56151,38.09162],[-122.56037,38.09162],[-122.55981,38.09083],[-122.55991,38.0907],[-122.5602,38.09074],[-122.56057,38.09084],[-122.56083,38.09082],[-122.56091,38.09077],[-122.56103,38.09069],[-122.56118,38.09047],[-122.56102,38.09034],[-122.56109,38.09025],[-122.5611,38.09021],[-122.56109,38.09017],[-122.56104,38.0901],[-122.56099,38.09006],[-122.56152,38.09006]]],"type":"Polygon"},"properties":{"bbox":{"roads":{"area":6603.7,"pct":34.28},"sidewalks":{"area":382.24,"pct":1.98}},"city":{"roads":{"area":1193.81,"pct":6.2},"sidewalks":{"area":382.24,"pct":1.98}},"id":"hex:3590:24341"},"type":"Feature"},{"geometry":{"coordinates":[[[-122.5598,38.0924],[-122.56036,38.09318],[-122.56151,38.09318],[-122.56208,38.0924],[-122.56151,38.09162],[-122.56037,38.09162],[-122.5598,38.0924]]],"type":"Polygon"},"properties":{"bbox":{"roads":{"area":1640.91,"pct":6.32}},"id":"hex:3590:24342"},"type":"Feature"},{"geometry":{"coordinates":[[[-122.55979,38.09396],[-122.56036,38.09474],[-122.5615,38.09474],[-122.56207,38.09397],[-122.56151,38.09318],[-122.56036,38.09318],[-122.55979,38.09396]]],"type":"Polygon"},"properties":{"bbox":{"roads":{"area":7017.28,"pct":27.01}},"id":"hex:3590:24343"},"type":"Feature"},{"geometry":{"coordinates":[[[-122.55978,38.09552],[-122.56035,38.0963],[-122.56149,38.0963],[-122.56206,38.09553],[-122.5615,38.09474],[-122.56036,38.09474],[-122.55978,38.09552]]],"type":"Polygon"},"properties":{"bbox":{"roads":{"area":6692.77,"pct":25.76}},"city":{"roads":{"area":731.58,"pct":2.82}},"id":"hex:3590:24344"},"type":"Feature"},{"geometry":{"coordinates":[[[-122.55977,38.09708],[-122.56034,38.09786],[-122.56148,38.09787],[-122.56205,38.09709],[-122.56149,38.0963],[-122.56035,38.0963],[-122.55977,38.09708]]],"type":"Polygon"},"properties":{"bbox":{"roads":{"area":4317.21,"pct":16.62}},"city":{"roads":{"area":1536.28,"pct":5.91}},"id":"hex:3590:24345"},"type":"Feature"},{"geometry":{"coordinates":[[[-122.55976,38.09864],[-122.56033,38.09942],[-122.56147,38.09943],[-122.56204,38.09865],[-122.56148,38.09787],[-122.56034,38.09786],[-122.55976,38.09864]]],"type":"Polygon"},"properties":{"bbox":{"roads":{"area":4529.21,"pct":17.43}},"city":{"roads":{"area":2687.6,"pct":10.34}},"id":"hex:3590:24346"},"type":"Feature"},{"geometry":{"coordinates":[[[-122.55975,38.1002],[-122.56032,38.10098],[-122.56146,38.10099],[-122.56203,38.10021],[-122.56147,38.09943],[-122.56033,38.09942],[-122.55975,38.1002]]],"type":"Polygon"},"properties":{"bbox":{"roads":{"area":3600.99,"pct":13.86}},"city":{"roads":{"area":698.45,"pct":2.69}},"id":"hex:3590:24347"},"type":"Feature"},{"geometry":{"coordinates":[[[-122.55974,38.10176],[-122.56031,38.10254],[-122.56145,38.10255],[-122.56202,38.10177],[-122.56146,38.10099],[-122.56032,38.10098],[-122.55974,38.10176]]],"type":"Polygon"},"properties":{"bbox":{"roads":{"area":4330.19,"pct":16.67}},"city":{"roads":{"area":856.8,"pct":3.3}},"id":"hex:3590:24348"},"type":"Feature"},{"geometry":{"coordinates":[[[-122.55973,38.10332],[-122.5603,38.10411],[-122.56144,38.10411],[-122.56201,38.10333],[-122.56145,38.10255],[-122.56031,38.10254],[-122.55973,38.10332]]],"type":"Polygon"},"properties":{"bbox":{"roads":{"area":4709.91,"pct":18.13}},"city":{"roads":{"area":1456.2,"pct":5.6}},"id":"hex:3590:24349"},"type":"Feature"},{"geometry":{"coordinates":[[[-122.55972,38.10488],[-122.56029,38.10567],[-122.56143,38.10567],[-122.56201,38.10489],[-122.56144,38.10411],[-122.5603,38.10411],[-122.55972,38.10488]]],"type":"Polygon"},"properties":{"bbox":{"roads":{"area":5052.94,"pct":19.45},"sidewalks":{"area":315.48,"pct":1.21}},"city":{"roads":{"area":3269.3,"pct":12.58},"sidewalks":{"area":315.48,"pct":1.21}},"id":"hex:3590:24350"},"type":"Feature"},{"geometry":{"coordinates":[[[-122.55971,38.10644],[-122.56028,38.10723],[-122.56142,38.10723],[-122.562,38.10645],[-122.56143,38.10567],[-122.56029,38.10567],[-122.55971,38.10644]]],"type":"Polygon"},"properties":{"bbox":{"roads":{"area":401.04,"pct":1.54}},"city_same":1,"id":"hex:3590:24351"},"type":"Feature"},{"geometry":{"coordinates":[[[-122.55971,38.10801],[-122.56027,38.10879],[-122.56141,38.10879],[-122.56199,38.10801],[-122.56142,38.10723],[-122.56028,38.10723],[-122.55971,38.10801]]],"type":"Polygon"},"properties":{"bbox":{"roads":{"area":1535.24,"pct":5.91}},"city_same":1,"id":"hex:3590:24352"},"type":"Feature"},{"geometry":{"coordinates":[[[-122.5597,38.10957],[-122.56026,38.11035],[-122.5614,38.11035],[-122.56198,38.10958],[-122.56141,38.10879],[-122.56027,38.10879],[-122.5597,38.10957]]],"type":"Polygon"},"properties":{"bbox":{"roads":{"area":1281.76,"pct":4.93}},"city_same":1,"id":"hex:3590:24353"},"type":"Feature"},{"geometry":{"coordinates":[[[-122.55969,38.11113],[-122.56025,38.11191],[-122.56139,38.11191],[-122.56197,38.11114],[-122.5614,38.11035],[-122.56026,38.11035],[-122.55969,38.11113]]],"type":"Polygon"},"properties":{"bbox":{"roads":{"area":2218.19,"pct":8.54}},"city_same":1,"id":"hex:3590:24354"},"type":"Feature"},{"geometry":{"coordinates":[[[-122.55968,38.11269],[-122.56024,38.11347],[-122.56138,38.11348],[-122.56196,38.1127],[-122.56139,38.11191],[-122.56025,38.11191],[-122.55968,38.11269]]],"type":"Polygon"},"properties":{"bbox":{"roads":{"area":1477.37,"pct":5.69}},"city_same":1,"id":"hex:3590:24355"},"type":"Feature"},{"geometry":{"coordinates":[[[-122.56024,38.11347],[-122.56138,38.11348],[-122.56179,38.11403],[-122.56137,38.11397],[-122.56059,38.11399],[-122.55983,38.11404],[-122.56024,38.11347]]],"type":"Polygon"},"properties":{"bbox":{"roads":{"area":143.26,"pct":1.85}},"city_same":1,"id":"hex:3590:24356"},"type":"Feature"},{"geometry":{"coordinates":[[[-122.56048,38.11659],[-122.5607,38.11654],[-122.56144,38.1165],[-122.56137,38.1166],[-122.56108,38.1166],[-122.56104,38.11659],[-122.56101,38.1166],[-122.56048,38.11659]]],"type":"Polygon"},"properties":{"bbox":{"roads":{"area":11.35,"pct":1.98}},"id":"hex:3590:24357"},"type":"Feature"},{"geometry":{"coordinates":[[[-122.5583,38.05727],[-122.55887,38.05805],[-122.56001,38.05805],[-122.56058,38.05728],[-122.56001,38.05649],[-122.55887,38.05649],[-122.5583,38.05727]]],"type":"Polygon"},"properties":{"bbox":{"roads":{"area":167.49,"pct":0.64}},"city_same":1,"id":"hex:3591:24319"},"type":"Feature"},{"geometry":{"coordinates":[[[-122.55829,38.05883],[-122.55886,38.05961],[-122.56,38.05961],[-122.56057,38.05884],[-122.56001,38.05805],[-122.55887,38.05805],[-122.55829,38.05883]]],"type":"Polygon"},"properties":{"bbox":{"roads":{"area":1310.22,"pct":5.04}},"city_same":1,"id":"hex:3591:24320"},"type":"Feature"},{"geometry":{"coordinates":[[[-122.55828,38.06039],[-122.55885,38.06117],[-122.55999,38.06118],[-122.56056,38.0604],[-122.56,38.05961],[-122.55886,38.05961],[-122.55828,38.06039]]],"type":"Polygon"},"properties":{"bbox":{"roads":{"area":1753.78,"pct":6.75}},"city_same":1,"id":"hex:3591:24321"},"type":"Feature"},{"geometry":{"coordinates":[[[-122.55827,38.06195],[-122.55884,38.06273],[-122.55998,38.06274],[-122.56055,38.06196],[-122.55999,38.06118],[-122.55885,38.06117],[-122.55827,38.06195]]],"type":"Polygon"},"properties":{"bbox":{"roads":{"area":886.69,"pct":3.41}},"city_same":1,"id":"hex:3591:24322"},"type":"Feature"},{"geometry":{"coordinates":[[[-122.55826,38.06351],[-122.55883,38.06429],[-122.55997,38.0643],[-122.56054,38.06352],[-122.55998,38.06274],[-122.55884,38.06273],[-122.55826,38.06351]]],"type":"Polygon"},"properties":{"bbox":{"roads":{"area":961.15,"pct":3.7}},"city_same":1,"id":"hex:3591:24323"},"type":"Feature"},{"geometry":{"coordinates":[[[-122.55825,38.06507],[-122.55882,38.06585],[-122.55996,38.06586],[-122.56053,38.06508],[-122.55997,38.0643],[-122.55883,38.06429],[-122.55825,38.06507]]],"type":"Polygon"},"properties":{"bbox":{"roads":{"area":956.1,"pct":3.68}},"city_same":1,"id":"hex:3591:24324"},"type":"Feature"},{"geometry":{"coordinates":[[[-122.55824,38.06663],[-122.55881,38.06742],[-122.55995,38.06742],[-122.56052,38.06664],[-122.55996,38.06586],[-122.55882,38.06585],[-122.55824,38.06663]]],"type":"Polygon"},"properties":{"bbox":{"roads":{"area":1361.36,"pct":5.24}},"city_same":1,"id":"hex:3591:24325"},"type":"Feature"},{"geometry":{"coordinates":[[[-122.55823,38.06819],[-122.5588,38.06898],[-122.55994,38.06898],[-122.56051,38.0682],[-122.55995,38.06742],[-122.55881,38.06742],[-122.55823,38.06819]]],"type":"Polygon"},"properties":{"bbox":{"roads":{"area":3177.65,"pct":12.23}},"city":{"roads":{"area":1248.72,"pct":4.81}},"id":"hex:3591:24326"},"type":"Feature"},{"geometry":{"coordinates":[[[-122.55822,38.06975],[-122.55879,38.07054],[-122.55993,38.07054],[-122.5605,38.06976],[-122.55994,38.06898],[-122.5588,38.06898],[-122.55822,38.06975]]],"type":"Polygon"},"properties":{"bbox":{"roads":{"area":1468.43,"pct":5.65},"sidewalks":{"area":168.62,"pct":0.65}},"city_same":1,"id":"hex:3591:24327"},"type":"Feature"},{"geometry":{"coordinates":[[[-122.55822,38.07132],[-122.55878,38.0721],[-122.55992,38.0721],[-122.5605,38.07132],[-122.55993,38.07054],[-122.55879,38.07054],[-122.55822,38.07132]]],"type":"Polygon"},"properties":{"bbox":{"roads":{"area":1647.14,"pct":6.34}},"city_same":1,"id":"hex:3591:24328"},"type":"Feature"},{"geometry":{"coordinates":[[[-122.55821,38.07288],[-122.55877,38.07366],[-122.55991,38.07366],[-122.56049,38.07289],[-122.55992,38.0721],[-122.55878,38.0721],[-122.55821,38.07288]]],"type":"Polygon"},"properties":{"bbox":{"roads":{"area":587.05,"pct":2.26}},"city_same":1,"id":"hex:3591:24329"},"type":"Feature"},{"geometry":{"coordinates":[[[-122.5582,38.07444],[-122.55876,38.07522],[-122.5599,38.07522],[-122.56048,38.07445],[-122.55991,38.07366],[-122.55877,38.07366],[-122.5582,38.07444]]],"type":"Polygon"},"properties":{"bbox":{"roads":{"area":898.82,"pct":3.46}},"city_same":1,"id":"hex:3591:24330"},"type":"Feature"},{"geometry":{"coordinates":[[[-122.55818,38.07756],[-122.55874,38.07834],[-122.55988,38.07835],[-122.56046,38.07757],[-122.55989,38.07679],[-122.55875,38.07678],[-122.55818,38.07756]]],"type":"Polygon"},"properties":{"bbox":{"roads":{"area":1711.32,"pct":6.59}},"city_same":1,"id":"hex:3591:24332"},"type":"Feature"},{"geometry":{"coordinates":[[[-122.55817,38.07912],[-122.55873,38.0799],[-122.55987,38.07991],[-122.56045,38.07913],[-122.55988,38.07835],[-122.55874,38.07834],[-122.55817,38.07912]]],"type":"Polygon"},"properties":{"bbox":{"roads":{"area":1564.15,"pct":6.02}},"city_same":1,"id":"hex:3591:24333"},"type":"Feature"},{"geometry":{"coordinates":[[[-122.55816,38.08068],[-122.55872,38.08146],[-122.55986,38.08147],[-122.56044,38.08069],[-122.55987,38.07991],[-122.55873,38.0799],[-122.55816,38.08068]]],"type":"Polygon"},"properties":{"bbox":{"roads":{"area":2169.82,"pct":8.35}},"city":{"roads":{"area":1937.8,"pct":7.46}},"id":"hex:3591:24334"},"type":"Feature"},{"geometry":{"coordinates":[[[-122.55815,38.08224],[-122.55872,38.08303],[-122.55986,38.08303],[-122.56043,38.08225],[-122.55986,38.08147],[-122.55872,38.08146],[-122.55815,38.08224]]],"type":"Polygon"},"properties":{"bbox":{"roads":{"area":2238.07,"pct":8.61}},"city":{"roads":{"area":866.41,"pct":3.33}},"id":"hex:3591:24335"},"type":"Feature"},{"geometry":{"coordinates":[[[-122.55814,38.0838],[-122.55871,38.08459],[-122.55985,38.08459],[-122.56042,38.08381],[-122.55986,38.08303],[-122.55872,38.08303],[-122.55814,38.0838]]],"type":"Polygon"},"properties":{"bbox":{"roads":{"area":2159.46,"pct":8.31}},"city":{"roads":{"area":1043.26,"pct":4.02}},"id":"hex:3591:24336"},"type":"Feature"},{"geometry":{"coordinates":[[[-122.55813,38.08536],[-122.5587,38.08615],[-122.55984,38.08615],[-122.56041,38.08537],[-122.55985,38.08459],[-122.55871,38.08459],[-122.55813,38.08536]]],"type":"Polygon"},"properties":{"bbox":{"roads":{"area":1266.54,"pct":4.87}},"city_same":1,"id":"hex:3591:24337"},"type":"Feature"},{"geometry":{"coordinates":[[[-122.55812,38.08693],[-122.55869,38.08771],[-122.55983,38.08771],[-122.5604,38.08693],[-122.55984,38.08615],[-122.5587,38.08615],[-122.55812,38.08693]]],"type":"Polygon"},"properties":{"bbox":{"roads":{"area":3186.84,"pct":12.27},"sidewalks":{"area":65.97,"pct":0.25}},"city_same":1,"id":"hex:3591:24338"},"type":"Feature"},{"geometry":{"coordinates":[[[-122.55811,38.08849],[-122.55869,38.08771],[-122.55983,38.08771],[-122.56039,38.0885],[-122.55989,38.08918],[-122.5596,38.08902],[-122.5591,38.08883],[-122.55894,38.0888],[-122.55877,38.08884],[-122.55856,38.08911],[-122.55811,38.08849]]],"type":"Polygon"},"properties":{"bbox":{"roads":{"area":3819.19,"pct":17.47}},"city_same":1,"id":"hex:3591:24339"},"type":"Feature"},{"geometry":{"coordinates":[[[[-122.55981,38.09083],[-122.55867,38.09083],[-122.55836,38.0904],[-122.55854,38.09043],[-122.55892,38.09056],[-122.55943,38.09063],[-122.55991,38.0907],[-122.55981,38.09083]]],[[[-122.56012,38.09004],[-122.56008,38.09008],[-122.55997,38.09011],[-122.55974,38.09004],[-122.55961,38.09003],[-122.55944,38.08998],[-122.55939,38.0899],[-122.5594,38.08979],[-122.5595,38.08973],[-122.55962,38.08972],[-122.55974,38.08973],[-122.55983,38.08975],[-122.56009,38.08997],[-122.56012,38.09004]]]],"type":"MultiPolygon"},"properties":{"bbox":{"roads":{"area":1092.71,"pct":21.75}},"id":"hex:3591:24340"},"type":"Feature"},{"geometry":{"coordinates":[[[-122.55809,38.09161],[-122.55866,38.09239],[-122.5598,38.0924],[-122.56037,38.09162],[-122.55981,38.09083],[-122.55867,38.09083],[-122.55809,38.09161]]],"type":"Polygon"},"properties":{"bbox":{"parking":{"area":610.58,"pct":2.35},"roads":{"area":7872.64,"pct":30.3},"sidewalks":{"area":260.63,"pct":1}},"city":{"parking":{"area":610.58,"pct":2.35},"roads":{"area":476.97,"pct":1.84},"sidewalks":{"area":260.63,"pct":1}},"id":"hex:3591:24341"},"type":"Feature"},{"geometry":{"coordinates":[[[-122.55808,38.09317],[-122.55865,38.09395],[-122.55979,38.09396],[-122.56036,38.09318],[-122.5598,38.0924],[-122.55866,38.09239],[-122.55808,38.09317]]],"type":"Polygon"},"properties":{"bbox":{"parking":{"area":7680.32,"pct":29.56},"roads":{"area":9454.82,"pct":36.39},"sidewalks":{"area":214.15,"pct":0.82}},"city":{"parking":{"area":7680.32,"pct":29.56},"roads":{"area":3362.26,"pct":12.94},"sidewalks":{"area":214.15,"pct":0.82}},"id":"hex:3591:24342"},"type":"Feature"},{"geometry":{"coordinates":[[[-122.55807,38.09473],[-122.55864,38.09551],[-122.55978,38.09552],[-122.56036,38.09474],[-122.55979,38.09396],[-122.55865,38.09395],[-122.55807,38.09473]]],"type":"Polygon"},"properties":{"bbox":{"roads":{"area":3559.04,"pct":13.7},"sidewalks":{"area":420.69,"pct":1.62}},"city_same":1,"id":"hex:3591:24343"},"type":"Feature"},{"geometry":{"coordinates":[[[-122.55807,38.09629],[-122.55863,38.09707],[-122.55977,38.09708],[-122.56035,38.0963],[-122.55978,38.09552],[-122.55864,38.09551],[-122.55807,38.09629]]],"type":"Polygon"},"properties":{"bbox":{"roads":{"area":1108.53,"pct":4.27},"sidewalks":{"area":527.3,"pct":2.03}},"city_same":1,"id":"hex:3591:24344"},"type":"Feature"},{"geometry":{"coordinates":[[[-122.55806,38.09785],[-122.55862,38.09864],[-122.55976,38.09864],[-122.56034,38.09786],[-122.55977,38.09708],[-122.55863,38.09707],[-122.55806,38.09785]]],"type":"Polygon"},"properties":{"bbox":{"roads":{"area":4709,"pct":18.12},"sidewalks":{"area":531.82,"pct":2.05}},"city_same":1,"id":"hex:3591:24345"},"type":"Feature"},{"geometry":{"coordinates":[[[-122.55805,38.09941],[-122.55861,38.1002],[-122.55975,38.1002],[-122.56033,38.09942],[-122.55976,38.09864],[-122.55862,38.09864],[-122.55805,38.09941]]],"type":"Polygon"},"properties":{"bbox":{"roads":{"area":946.86,"pct":3.64}},"city_same":1,"id":"hex:3591:24346"},"type":"Feature"},{"geometry":{"coordinates":[[[-122.55804,38.10097],[-122.5586,38.10176],[-122.55974,38.10176],[-122.56032,38.10098],[-122.55975,38.1002],[-122.55861,38.1002],[-122.55804,38.10097]]],"type":"Polygon"},"properties":{"bbox":{"roads":{"area":1479.01,"pct":5.69}},"city_same":1,"id":"hex:3591:24347"},"type":"Feature"},{"geometry":{"coordinates":[[[-122.55803,38.10254],[-122.55859,38.10332],[-122.55973,38.10332],[-122.56031,38.10254],[-122.55974,38.10176],[-122.5586,38.10176],[-122.55803,38.10254]]],"type":"Polygon"},"properties":{"bbox":{"roads":{"area":2122.61,"pct":8.17}},"city_same":1,"id":"hex:3591:24348"},"type":"Feature"},{"geometry":{"coordinates":[[[-122.55802,38.1041],[-122.55858,38.10488],[-122.55972,38.10488],[-122.5603,38.10411],[-122.55973,38.10332],[-122.55859,38.10332],[-122.55802,38.1041]]],"type":"Polygon"},"properties":{"bbox":{"roads":{"area":409.53,"pct":1.58},"sidewalks":{"area":1.72,"pct":0.01}},"city_same":1,"id":"hex:3591:24349"},"type":"Feature"},{"geometry":{"coordinates":[[[-122.55801,38.10566],[-122.55857,38.10644],[-122.55971,38.10644],[-122.56029,38.10567],[-122.55972,38.10488],[-122.55858,38.10488],[-122.55801,38.10566]]],"type":"Polygon"},"properties":{"bbox":{"roads":{"area":480.31,"pct":1.85},"sidewalks":{"area":74.85,"pct":0.29}},"city_same":1,"id":"hex:3591:24350"},"type":"Feature"},{"geometry":{"coordinates":[[[-122.558,38.10722],[-122.55856,38.108],[-122.55971,38.10801],[-122.56028,38.10723],[-122.55971,38.10644],[-122.55857,38.10644],[-122.558,38.10722]]],"type":"Polygon"},"properties":{"bbox":{"roads":{"area":854,"pct":3.29}},"city_same":1,"id":"hex:3591:24351"},"type":"Feature"},{"geometry":{"coordinates":[[[-122.55799,38.10878],[-122.55856,38.10956],[-122.5597,38.10957],[-122.56027,38.10879],[-122.55971,38.10801],[-122.55856,38.108],[-122.55799,38.10878]]],"type":"Polygon"},"properties":{"bbox":{"roads":{"area":2459.03,"pct":9.46}},"city_same":1,"id":"hex:3591:24352"},"type":"Feature"},{"geometry":{"coordinates":[[[-122.55798,38.11034],[-122.55855,38.11112],[-122.55969,38.11113],[-122.56026,38.11035],[-122.5597,38.10957],[-122.55856,38.10956],[-122.55798,38.11034]]],"type":"Polygon"},"properties":{"bbox":{"roads":{"area":1210.96,"pct":4.66}},"city_same":1,"id":"hex:3591:24353"},"type":"Feature"},{"geometry":{"coordinates":[[[-122.55797,38.1119],[-122.55854,38.11268],[-122.55968,38.11269],[-122.56025,38.11191],[-122.55969,38.11113],[-122.55855,38.11112],[-122.55797,38.1119]]],"type":"Polygon"},"properties":{"bbox":{"roads":{"area":1896.04,"pct":7.3}},"city_same":1,"id":"hex:3591:24354"},"type":"Feature"},{"geometry":{"coordinates":[[[-122.55853,38.11425],[-122.55796,38.11346],[-122.55854,38.11268],[-122.55968,38.11269],[-122.56024,38.11347],[-122.55983,38.11404],[-122.55957,38.11405],[-122.55855,38.11425],[-122.55853,38.11425]]],"type":"Polygon"},"properties":{"bbox":{"roads":{"area":229.42,"pct":0.93}},"city_same":1,"id":"hex:3591:24355"},"type":"Feature"},{"geometry":{"coordinates":[[[-122.55658,38.0596],[-122.55714,38.06038],[-122.55828,38.06039],[-122.55886,38.05961],[-122.55829,38.05883],[-122.55715,38.05882],[-122.55658,38.0596]]],"type":"Polygon"},"properties":{"bbox":{"roads":{"area":476.65,"pct":1.83}},"city_same":1,"id":"hex:3592:24321"},"type":"Feature"},{"geometry":{"coordinates":[[[-122.55657,38.06116],[-122.55713,38.06195],[-122.55827,38.06195],[-122.55885,38.06117],[-122.55828,38.06039],[-122.55714,38.06038],[-122.55657,38.06116]]],"type":"Polygon"},"properties":{"bbox":{"roads":{"area":918.28,"pct":3.53}},"city_same":1,"id":"hex:3592:24322"},"type":"Feature"},{"geometry":{"coordinates":[[[-122.55656,38.06272],[-122.55712,38.06351],[-122.55826,38.06351],[-122.55884,38.06273],[-122.55827,38.06195],[-122.55713,38.06195],[-122.55656,38.06272]]],"type":"Polygon"},"properties":{"bbox":{"roads":{"area":765.21,"pct":2.95}},"city_same":1,"id":"hex:3592:24323"},"type":"Feature"},{"geometry":{"coordinates":[[[-122.55655,38.06428],[-122.55711,38.06507],[-122.55825,38.06507],[-122.55883,38.06429],[-122.55826,38.06351],[-122.55712,38.06351],[-122.55655,38.06428]]],"type":"Polygon"},"properties":{"bbox":{"roads":{"area":1057.9,"pct":4.07}},"city_same":1,"id":"hex:3592:24324"},"type":"Feature"},{"geometry":{"coordinates":[[[-122.55654,38.06585],[-122.5571,38.06663],[-122.55824,38.06663],[-122.55882,38.06585],[-122.55825,38.06507],[-122.55711,38.06507],[-122.55654,38.06585]]],"type":"Polygon"},"properties":{"bbox":{"roads":{"area":1591.4,"pct":6.13}},"city_same":1,"id":"hex:3592:24325"},"type":"Feature"},{"geometry":{"coordinates":[[[-122.55653,38.06741],[-122.55709,38.06819],[-122.55823,38.06819],[-122.55881,38.06742],[-122.55824,38.06663],[-122.5571,38.06663],[-122.55653,38.06741]]],"type":"Polygon"},"properties":{"bbox":{"roads":{"area":1545.83,"pct":5.95}},"city_same":1,"id":"hex:3592:24326"},"type":"Feature"},{"geometry":{"coordinates":[[[-122.55652,38.06897],[-122.55708,38.06975],[-122.55822,38.06975],[-122.5588,38.06898],[-122.55823,38.06819],[-122.55709,38.06819],[-122.55652,38.06897]]],"type":"Polygon"},"properties":{"bbox":{"roads":{"area":4032.32,"pct":15.52},"sidewalks":{"area":113.67,"pct":0.44}},"city":{"roads":{"area":1318.67,"pct":5.08},"sidewalks":{"area":113.67,"pct":0.44}},"id":"hex:3592:24327"},"type":"Feature"},{"geometry":{"coordinates":[[[-122.55651,38.07053],[-122.55708,38.07131],[-122.55822,38.07132],[-122.55879,38.07054],[-122.55822,38.06975],[-122.55708,38.06975],[-122.55651,38.07053]]],"type":"Polygon"},"properties":{"bbox":{"roads":{"area":703.69,"pct":2.71},"sidewalks":{"area":54.97,"pct":0.21}},"city_same":1,"id":"hex:3592:24328"},"type":"Feature"},{"geometry":{"coordinates":[[[-122.5565,38.07209],[-122.55707,38.07287],[-122.55821,38.07288],[-122.55878,38.0721],[-122.55822,38.07132],[-122.55708,38.07131],[-122.5565,38.07209]]],"type":"Polygon"},"properties":{"bbox":{"roads":{"area":646.47,"pct":2.49}},"city_same":1,"id":"hex:3592:24329"},"type":"Feature"},{"geometry":{"coordinates":[[[-122.55649,38.07365],[-122.55706,38.07443],[-122.5582,38.07444],[-122.55877,38.07366],[-122.55821,38.07288],[-122.55707,38.07287],[-122.55649,38.07365]]],"type":"Polygon"},"properties":{"bbox":{"roads":{"area":2228.95,"pct":8.58}},"city_same":1,"id":"hex:3592:24330"},"type":"Feature"},{"geometry":{"coordinates":[[[-122.55648,38.07521],[-122.55705,38.07599],[-122.55819,38.076],[-122.55876,38.07522],[-122.5582,38.07444],[-122.55706,38.07443],[-122.55648,38.07521]]],"type":"Polygon"},"properties":{"bbox":{"roads":{"area":630.34,"pct":2.43}},"city_same":1,"id":"hex:3592:24331"},"type":"Feature"},{"geometry":{"coordinates":[[[-122.55647,38.07677],[-122.55704,38.07756],[-122.55818,38.07756],[-122.55875,38.07678],[-122.55819,38.076],[-122.55705,38.07599],[-122.55647,38.07677]]],"type":"Polygon"},"properties":{"bbox":{"roads":{"area":1398.37,"pct":5.38}},"city_same":1,"id":"hex:3592:24332"},"type":"Feature"},{"geometry":{"coordinates":[[[-122.55646,38.07833],[-122.55703,38.07912],[-122.55817,38.07912],[-122.55874,38.07834],[-122.55818,38.07756],[-122.55704,38.07756],[-122.55646,38.07833]]],"type":"Polygon"},"properties":{"bbox":{"roads":{"area":3058.3,"pct":11.77}},"city":{"roads":{"area":1770.97,"pct":6.82}},"id":"hex:3592:24333"},"type":"Feature"},{"geometry":{"coordinates":[[[-122.55645,38.07989],[-122.55702,38.08068],[-122.55816,38.08068],[-122.55873,38.0799],[-122.55817,38.07912],[-122.55703,38.07912],[-122.55645,38.07989]]],"type":"Polygon"},"properties":{"bbox":{"roads":{"area":3123.22,"pct":12.02}},"city":{"roads":{"area":1595.56,"pct":6.14}},"id":"hex:3592:24334"},"type":"Feature"},{"geometry":{"coordinates":[[[-122.55644,38.08146],[-122.55701,38.08224],[-122.55815,38.08224],[-122.55872,38.08146],[-122.55816,38.08068],[-122.55702,38.08068],[-122.55644,38.08146]]],"type":"Polygon"},"properties":{"bbox":{"roads":{"area":2690.69,"pct":10.36}},"city":{"roads":{"area":1952.84,"pct":7.52}},"id":"hex:3592:24335"},"type":"Feature"},{"geometry":{"coordinates":[[[-122.55643,38.08302],[-122.557,38.0838],[-122.55814,38.0838],[-122.55872,38.08303],[-122.55815,38.08224],[-122.55701,38.08224],[-122.55643,38.08302]]],"type":"Polygon"},"properties":{"bbox":{"roads":{"area":2027.95,"pct":7.81}},"city_same":1,"id":"hex:3592:24336"},"type":"Feature"},{"geometry":{"coordinates":[[[-122.55643,38.08458],[-122.55699,38.08536],[-122.55813,38.08536],[-122.55871,38.08459],[-122.55814,38.0838],[-122.557,38.0838],[-122.55643,38.08458]]],"type":"Polygon"},"properties":{"bbox":{"roads":{"area":300.45,"pct":1.16}},"city_same":1,"id":"hex:3592:24337"},"type":"Feature"},{"geometry":{"coordinates":[[[-122.55642,38.08614],[-122.55698,38.08692],[-122.55812,38.08693],[-122.5587,38.08615],[-122.55813,38.08536],[-122.55699,38.08536],[-122.55642,38.08614]]],"type":"Polygon"},"properties":{"bbox":{"roads":{"area":2094.25,"pct":8.06}},"city_same":1,"id":"hex:3592:24338"},"type":"Feature"},{"geometry":{"coordinates":[[[-122.55641,38.0877],[-122.55697,38.08848],[-122.55811,38.08849],[-122.55869,38.08771],[-122.55812,38.08693],[-122.55698,38.08692],[-122.55641,38.0877]]],"type":"Polygon"},"properties":{"bbox":{"roads":{"area":2461.61,"pct":9.47}},"city_same":1,"id":"hex:3592:24339"},"type":"Feature"},{"geometry":{"coordinates":[[[-122.55696,38.09004],[-122.5564,38.08926],[-122.55697,38.08848],[-122.55811,38.08849],[-122.55856,38.08911],[-122.55856,38.08911],[-122.55818,38.08955],[-122.558,38.08973],[-122.55776,38.08971],[-122.55691,38.08918],[-122.55687,38.08921],[-122.55675,38.08928],[-122.55675,38.08929],[-122.55713,38.08957],[-122.55747,38.08986],[-122.55768,38.09004],[-122.55769,38.09005],[-122.55696,38.09004]]],"type":"Polygon"},"properties":{"bbox":{"roads":{"area":2014.06,"pct":9.89}},"city":{"roads":{"area":797.71,"pct":3.92}},"id":"hex:3592:24340"},"type":"Feature"},{"geometry":{"coordinates":[[[-122.55867,38.09083],[-122.55809,38.09161],[-122.55695,38.0916],[-122.55639,38.09082],[-122.55696,38.09004],[-122.55769,38.09005],[-122.55825,38.09038],[-122.55836,38.0904],[-122.55867,38.09083]]],"type":"Polygon"},"properties":{"bbox":{"parking":{"area":84.54,"pct":0.34},"roads":{"area":8648.27,"pct":34.42},"sidewalks":{"area":76.81,"pct":0.31}},"city":{"parking":{"area":84.54,"pct":0.34},"roads":{"area":534.55,"pct":2.13},"sidewalks":{"area":76.81,"pct":0.31}},"id":"hex:3592:24341"},"type":"Feature"},{"geometry":{"coordinates":[[[-122.55638,38.09238],[-122.55694,38.09317],[-122.55808,38.09317],[-122.55866,38.09239],[-122.55809,38.09161],[-122.55695,38.0916],[-122.55638,38.09238]]],"type":"Polygon"},"properties":{"bbox":{"parking":{"area":7971.64,"pct":30.68},"roads":{"area":8453.22,"pct":32.54},"sidewalks":{"area":342.76,"pct":1.32}},"city":{"parking":{"area":7971.64,"pct":30.68},"roads":{"area":4247.62,"pct":16.35},"sidewalks":{"area":342.76,"pct":1.32}},"id":"hex:3592:24342"},"type":"Feature"},{"geometry":{"coordinates":[[[-122.55637,38.09394],[-122.55693,38.09473],[-122.55807,38.09473],[-122.55865,38.09395],[-122.55808,38.09317],[-122.55694,38.09317],[-122.55637,38.09394]]],"type":"Polygon"},"properties":{"bbox":{"parking":{"area":0.28,"pct":0},"roads":{"area":7895.42,"pct":30.39},"sidewalks":{"area":789.1,"pct":3.04}},"city":{"parking":{"area":0.28,"pct":0},"roads":{"area":7133.61,"pct":27.46},"sidewalks":{"area":789.1,"pct":3.04}},"id":"hex:3592:24343"},"type":"Feature"},{"geometry":{"coordinates":[[[-122.55636,38.0955],[-122.55692,38.09629],[-122.55807,38.09629],[-122.55864,38.09551],[-122.55807,38.09473],[-122.55693,38.09473],[-122.55636,38.0955]]],"type":"Polygon"},"properties":{"bbox":{"roads":{"area":1907.39,"pct":7.34},"sidewalks":{"area":23.1,"pct":0.09}},"city_same":1,"id":"hex:3592:24344"},"type":"Feature"},{"geometry":{"coordinates":[[[-122.55635,38.09707],[-122.55692,38.09785],[-122.55806,38.09785],[-122.55863,38.09707],[-122.55807,38.09629],[-122.55692,38.09629],[-122.55635,38.09707]]],"type":"Polygon"},"properties":{"bbox":{"roads":{"area":912.03,"pct":3.51}},"city_same":1,"id":"hex:3592:24345"},"type":"Feature"},{"geometry":{"coordinates":[[[-122.55633,38.10019],[-122.5569,38.10097],[-122.55804,38.10097],[-122.55861,38.1002],[-122.55805,38.09941],[-122.55691,38.09941],[-122.55633,38.10019]]],"type":"Polygon"},"properties":{"bbox":{"roads":{"area":1273.63,"pct":4.9}},"city_same":1,"id":"hex:3592:24347"},"type":"Feature"},{"geometry":{"coordinates":[[[-122.55632,38.10175],[-122.55689,38.10253],[-122.55803,38.10254],[-122.5586,38.10176],[-122.55804,38.10097],[-122.5569,38.10097],[-122.55632,38.10175]]],"type":"Polygon"},"properties":{"bbox":{"roads":{"area":1880.41,"pct":7.24}},"city_same":1,"id":"hex:3592:24348"},"type":"Feature"},{"geometry":{"coordinates":[[[-122.55631,38.10331],[-122.55688,38.10409],[-122.55802,38.1041],[-122.55859,38.10332],[-122.55803,38.10254],[-122.55689,38.10253],[-122.55631,38.10331]]],"type":"Polygon"},"properties":{"bbox":{"roads":{"area":409.81,"pct":1.58}},"city_same":1,"id":"hex:3592:24349"},"type":"Feature"},{"geometry":{"coordinates":[[[-122.5563,38.10487],[-122.55687,38.10565],[-122.55801,38.10566],[-122.55858,38.10488],[-122.55802,38.1041],[-122.55688,38.10409],[-122.5563,38.10487]]],"type":"Polygon"},"properties":{"bbox":{"roads":{"area":755.26,"pct":2.91}},"city_same":1,"id":"hex:3592:24350"},"type":"Feature"},{"geometry":{"coordinates":[[[-122.55629,38.10643],[-122.55686,38.10721],[-122.558,38.10722],[-122.55857,38.10644],[-122.55801,38.10566],[-122.55687,38.10565],[-122.55629,38.10643]]],"type":"Polygon"},"properties":{"bbox":{"roads":{"area":1501.46,"pct":5.78}},"city_same":1,"id":"hex:3592:24351"},"type":"Feature"},{"geometry":{"coordinates":[[[-122.55628,38.10799],[-122.55685,38.10878],[-122.55799,38.10878],[-122.55856,38.108],[-122.558,38.10722],[-122.55686,38.10721],[-122.55628,38.10799]]],"type":"Polygon"},"properties":{"bbox":{"roads":{"area":1872.12,"pct":7.21}},"city_same":1,"id":"hex:3592:24352"},"type":"Feature"},{"geometry":{"coordinates":[[[-122.55627,38.10955],[-122.55684,38.11034],[-122.55798,38.11034],[-122.55856,38.10956],[-122.55799,38.10878],[-122.55685,38.10878],[-122.55627,38.10955]]],"type":"Polygon"},"properties":{"bbox":{"roads":{"area":344.73,"pct":1.33}},"city_same":1,"id":"hex:3592:24353"},"type":"Feature"},{"geometry":{"coordinates":[[[-122.55626,38.11111],[-122.55683,38.1119],[-122.55797,38.1119],[-122.55855,38.11112],[-122.55798,38.11034],[-122.55684,38.11034],[-122.55626,38.11111]]],"type":"Polygon"},"properties":{"bbox":{"roads":{"area":1432.24,"pct":5.51}},"city_same":1,"id":"hex:3592:24354"},"type":"Feature"},{"geometry":{"coordinates":[[[-122.55484,38.0635],[-122.55541,38.06428],[-122.55655,38.06428],[-122.55712,38.06351],[-122.55656,38.06272],[-122.55542,38.06272],[-122.55484,38.0635]]],"type":"Polygon"},"properties":{"bbox":{"roads":{"area":150.72,"pct":0.58}},"city_same":1,"id":"hex:3593:24323"},"type":"Feature"},{"geometry":{"coordinates":[[[-122.55483,38.06506],[-122.5554,38.06584],[-122.55654,38.06585],[-122.55711,38.06507],[-122.55655,38.06428],[-122.55541,38.06428],[-122.55483,38.06506]]],"type":"Polygon"},"properties":{"bbox":{"roads":{"area":1933.81,"pct":7.44}},"city_same":1,"id":"hex:3593:24324"},"type":"Feature"},{"geometry":{"coordinates":[[[-122.55482,38.06662],[-122.55539,38.0674],[-122.55653,38.06741],[-122.5571,38.06663],[-122.55654,38.06585],[-122.5554,38.06584],[-122.55482,38.06662]]],"type":"Polygon"},"properties":{"bbox":{"roads":{"area":2721.36,"pct":10.47}},"city_same":1,"id":"hex:3593:24325"},"type":"Feature"},{"geometry":{"coordinates":[[[-122.55481,38.06818],[-122.55538,38.06896],[-122.55652,38.06897],[-122.55709,38.06819],[-122.55653,38.06741],[-122.55539,38.0674],[-122.55481,38.06818]]],"type":"Polygon"},"properties":{"bbox":{"roads":{"area":1586.45,"pct":6.11}},"city":{"roads":{"area":0.34,"pct":0}},"id":"hex:3593:24326"},"type":"Feature"},{"geometry":{"coordinates":[[[-122.5548,38.06974],[-122.55537,38.07052],[-122.55651,38.07053],[-122.55708,38.06975],[-122.55652,38.06897],[-122.55538,38.06896],[-122.5548,38.06974]]],"type":"Polygon"},"properties":{"bbox":{"roads":{"area":1418.93,"pct":5.46},"sidewalks":{"area":277.02,"pct":1.07}},"city":{"roads":{"area":1345.82,"pct":5.18},"sidewalks":{"area":277.02,"pct":1.07}},"id":"hex:3593:24327"},"type":"Feature"},{"geometry":{"coordinates":[[[-122.5548,38.0713],[-122.55536,38.07209],[-122.5565,38.07209],[-122.55708,38.07131],[-122.55651,38.07053],[-122.55537,38.07052],[-122.5548,38.0713]]],"type":"Polygon"},"properties":{"bbox":{"roads":{"area":237.22,"pct":0.91}},"city_same":1,"id":"hex:3593:24328"},"type":"Feature"},{"geometry":{"coordinates":[[[-122.55479,38.07286],[-122.55535,38.07365],[-122.55649,38.07365],[-122.55707,38.07287],[-122.5565,38.07209],[-122.55536,38.07209],[-122.55479,38.07286]]],"type":"Polygon"},"properties":{"bbox":{"roads":{"area":1360.23,"pct":5.24}},"city_same":1,"id":"hex:3593:24329"},"type":"Feature"},{"geometry":{"coordinates":[[[-122.55478,38.07442],[-122.55534,38.07521],[-122.55648,38.07521],[-122.55706,38.07443],[-122.55649,38.07365],[-122.55535,38.07365],[-122.55478,38.07442]]],"type":"Polygon"},"properties":{"bbox":{"roads":{"area":875.15,"pct":3.37}},"city_same":1,"id":"hex:3593:24330"},"type":"Feature"},{"geometry":{"coordinates":[[[-122.55476,38.07755],[-122.55532,38.07833],[-122.55646,38.07833],[-122.55704,38.07756],[-122.55647,38.07677],[-122.55533,38.07677],[-122.55476,38.07755]]],"type":"Polygon"},"properties":{"bbox":{"roads":{"area":1801.98,"pct":6.94}},"city":{"roads":{"area":314.01,"pct":1.21}},"id":"hex:3593:24332"},"type":"Feature"},{"geometry":{"coordinates":[[[-122.55475,38.07911],[-122.55531,38.07989],[-122.55645,38.07989],[-122.55703,38.07912],[-122.55646,38.07833],[-122.55532,38.07833],[-122.55475,38.07911]]],"type":"Polygon"},"properties":{"bbox":{"roads":{"area":3086.98,"pct":11.88}},"city_same":1,"id":"hex:3593:24333"},"type":"Feature"},{"geometry":{"coordinates":[[[-122.55474,38.08067],[-122.5553,38.08145],[-122.55644,38.08146],[-122.55702,38.08068],[-122.55645,38.07989],[-122.55531,38.07989],[-122.55474,38.08067]]],"type":"Polygon"},"properties":{"bbox":{"roads":{"area":328.44,"pct":1.26}},"city_same":1,"id":"hex:3593:24334"},"type":"Feature"},{"geometry":{"coordinates":[[[-122.55473,38.08223],[-122.55529,38.08301],[-122.55643,38.08302],[-122.55701,38.08224],[-122.55644,38.08146],[-122.5553,38.08145],[-122.55473,38.08223]]],"type":"Polygon"},"properties":{"bbox":{"roads":{"area":1415.57,"pct":5.45}},"city_same":1,"id":"hex:3593:24335"},"type":"Feature"},{"geometry":{"coordinates":[[[-122.55472,38.08379],[-122.55529,38.08457],[-122.55643,38.08458],[-122.557,38.0838],[-122.55643,38.08302],[-122.55529,38.08301],[-122.55472,38.08379]]],"type":"Polygon"},"properties":{"bbox":{"roads":{"area":965.94,"pct":3.72}},"city_same":1,"id":"hex:3593:24336"},"type":"Feature"},{"geometry":{"coordinates":[[[-122.55471,38.08535],[-122.55528,38.08613],[-122.55642,38.08614],[-122.55699,38.08536],[-122.55643,38.08458],[-122.55529,38.08457],[-122.55471,38.08535]]],"type":"Polygon"},"properties":{"bbox":{"roads":{"area":2599.04,"pct":10}},"city_same":1,"id":"hex:3593:24337"},"type":"Feature"},{"geometry":{"coordinates":[[[-122.5547,38.08691],[-122.55527,38.0877],[-122.55641,38.0877],[-122.55698,38.08692],[-122.55642,38.08614],[-122.55528,38.08613],[-122.5547,38.08691]]],"type":"Polygon"},"properties":{"bbox":{"roads":{"area":2392.75,"pct":9.21}},"city_same":1,"id":"hex:3593:24338"},"type":"Feature"},{"geometry":{"coordinates":[[[-122.55469,38.08847],[-122.55526,38.08926],[-122.5564,38.08926],[-122.55697,38.08848],[-122.55641,38.0877],[-122.55527,38.0877],[-122.55469,38.08847]]],"type":"Polygon"},"properties":{"bbox":{"roads":{"area":7502.52,"pct":28.88}},"city":{"roads":{"area":2014.67,"pct":7.75}},"id":"hex:3593:24339"},"type":"Feature"},{"geometry":{"coordinates":[[[-122.55468,38.09003],[-122.55525,38.09082],[-122.55639,38.09082],[-122.55696,38.09004],[-122.5564,38.08926],[-122.55526,38.08926],[-122.55468,38.09003]]],"type":"Polygon"},"properties":{"bbox":{"parking":{"area":2054.73,"pct":7.91},"roads":{"area":9852.64,"pct":37.92},"sidewalks":{"area":271.56,"pct":1.05}},"city":{"parking":{"area":2054.73,"pct":7.91},"roads":{"area":5288.78,"pct":20.36},"sidewalks":{"area":271.56,"pct":1.05}},"id":"hex:3593:24340"},"type":"Feature"},{"geometry":{"coordinates":[[[-122.55467,38.0916],[-122.55524,38.09238],[-122.55638,38.09238],[-122.55695,38.0916],[-122.55639,38.09082],[-122.55525,38.09082],[-122.55467,38.0916]]],"type":"Polygon"},"properties":{"bbox":{"parking":{"area":12656.09,"pct":48.71},"roads":{"area":7183.32,"pct":27.65},"sidewalks":{"area":421.95,"pct":1.62}},"city_same":1,"id":"hex:3593:24341"},"type":"Feature"},{"geometry":{"coordinates":[[[-122.55466,38.09316],[-122.55523,38.09394],[-122.55637,38.09394],[-122.55694,38.09317],[-122.55638,38.09238],[-122.55524,38.09238],[-122.55466,38.09316]]],"type":"Polygon"},"properties":{"bbox":{"parking":{"area":808.26,"pct":3.11},"roads":{"area":8109.07,"pct":31.21},"sidewalks":{"area":716.93,"pct":2.76}},"city_same":1,"id":"hex:3593:24342"},"type":"Feature"},{"geometry":{"coordinates":[[[-122.55465,38.09472],[-122.55477,38.09456],[-122.5548,38.09459],[-122.55482,38.0945],[-122.55482,38.0945],[-122.55523,38.09394],[-122.55637,38.09394],[-122.55693,38.09473],[-122.55636,38.0955],[-122.55522,38.0955],[-122.55501,38.09521],[-122.55513,38.09524],[-122.55516,38.09521],[-122.55509,38.09511],[-122.55515,38.09502],[-122.55503,38.09484],[-122.55505,38.09503],[-122.55494,38.09512],[-122.55465,38.09472]]],"type":"Polygon"},"properties":{"bbox":{"roads":{"area":3560.04,"pct":13.91},"sidewalks":{"area":215.74,"pct":0.84}},"city_same":1,"id":"hex:3593:24343"},"type":"Feature"},{"geometry":{"coordinates":[[[-122.55462,38.0994],[-122.55519,38.10018],[-122.55633,38.10019],[-122.55691,38.09941],[-122.55634,38.09863],[-122.5552,38.09862],[-122.55462,38.0994]]],"type":"Polygon"},"properties":{"bbox":{"roads":{"area":551.78,"pct":2.12}},"city_same":1,"id":"hex:3593:24346"},"type":"Feature"},{"geometry":{"coordinates":[[[-122.55462,38.10096],[-122.55518,38.10174],[-122.55632,38.10175],[-122.5569,38.10097],[-122.55633,38.10019],[-122.55519,38.10018],[-122.55462,38.10096]]],"type":"Polygon"},"properties":{"bbox":{"roads":{"area":1286.69,"pct":4.95}},"city_same":1,"id":"hex:3593:24347"},"type":"Feature"},{"geometry":{"coordinates":[[[-122.5546,38.10408],[-122.55516,38.10487],[-122.5563,38.10487],[-122.55688,38.10409],[-122.55631,38.10331],[-122.55517,38.10331],[-122.5546,38.10408]]],"type":"Polygon"},"properties":{"bbox":{"roads":{"area":473.21,"pct":1.82}},"city_same":1,"id":"hex:3593:24349"},"type":"Feature"},{"geometry":{"coordinates":[[[-122.55459,38.10564],[-122.55515,38.10643],[-122.55629,38.10643],[-122.55687,38.10565],[-122.5563,38.10487],[-122.55516,38.10487],[-122.55459,38.10564]]],"type":"Polygon"},"properties":{"bbox":{"roads":{"area":631.69,"pct":2.43}},"city_same":1,"id":"hex:3593:24350"},"type":"Feature"},{"geometry":{"coordinates":[[[-122.55458,38.10721],[-122.55514,38.10799],[-122.55628,38.10799],[-122.55686,38.10721],[-122.55629,38.10643],[-122.55515,38.10643],[-122.55458,38.10721]]],"type":"Polygon"},"properties":{"bbox":{"roads":{"area":1554.91,"pct":5.98}},"city_same":1,"id":"hex:3593:24351"},"type":"Feature"},{"geometry":{"coordinates":[[[-122.55457,38.10877],[-122.55513,38.10955],[-122.55627,38.10955],[-122.55685,38.10878],[-122.55628,38.10799],[-122.55514,38.10799],[-122.55457,38.10877]]],"type":"Polygon"},"properties":{"bbox":{"roads":{"area":1492.65,"pct":5.75}},"city_same":1,"id":"hex:3593:24352"},"type":"Feature"},{"geometry":{"coordinates":[[[-122.55456,38.11033],[-122.55512,38.11111],[-122.55626,38.11111],[-122.55684,38.11034],[-122.55627,38.10955],[-122.55513,38.10955],[-122.55456,38.11033]]],"type":"Polygon"},"properties":{"bbox":{"roads":{"area":1488.86,"pct":5.73}},"city_same":1,"id":"hex:3593:24353"},"type":"Feature"},{"geometry":{"coordinates":[[[-122.55455,38.11189],[-122.55511,38.11267],[-122.55626,38.11268],[-122.55683,38.1119],[-122.55626,38.11111],[-122.55512,38.11111],[-122.55455,38.11189]]],"type":"Polygon"},"properties":{"bbox":{"roads":{"area":148.05,"pct":0.57}},"city_same":1,"id":"hex:3593:24354"},"type":"Feature"},{"geometry":{"coordinates":[[[-122.55313,38.06427],[-122.55369,38.06505],[-122.55483,38.06506],[-122.55541,38.06428],[-122.55484,38.0635],[-122.5537,38.06349],[-122.55313,38.06427]]],"type":"Polygon"},"properties":{"bbox":{"roads":{"area":297.73,"pct":1.15}},"city_same":1,"id":"hex:3594:24324"},"type":"Feature"},{"geometry":{"coordinates":[[[-122.55312,38.06583],[-122.55368,38.06662],[-122.55482,38.06662],[-122.5554,38.06584],[-122.55483,38.06506],[-122.55369,38.06505],[-122.55312,38.06583]]],"type":"Polygon"},"properties":{"bbox":{"roads":{"area":1425.77,"pct":5.49}},"city_same":1,"id":"hex:3594:24325"},"type":"Feature"},{"geometry":{"coordinates":[[[-122.55311,38.06739],[-122.55367,38.06818],[-122.55481,38.06818],[-122.55539,38.0674],[-122.55482,38.06662],[-122.55368,38.06662],[-122.55311,38.06739]]],"type":"Polygon"},"properties":{"bbox":{"roads":{"area":1473.12,"pct":5.67},"sidewalks":{"area":60.35,"pct":0.23}},"city_same":1,"id":"hex:3594:24326"},"type":"Feature"},{"geometry":{"coordinates":[[[-122.5531,38.06895],[-122.55366,38.06974],[-122.5548,38.06974],[-122.55538,38.06896],[-122.55481,38.06818],[-122.55367,38.06818],[-122.5531,38.06895]]],"type":"Polygon"},"properties":{"bbox":{"roads":{"area":3309.8,"pct":12.74}},"city":{"roads":{"area":480.63,"pct":1.85}},"id":"hex:3594:24327"},"type":"Feature"},{"geometry":{"coordinates":[[[-122.55309,38.07052],[-122.55366,38.0713],[-122.5548,38.0713],[-122.55537,38.07052],[-122.5548,38.06974],[-122.55366,38.06974],[-122.55309,38.07052]]],"type":"Polygon"},"properties":{"bbox":{"roads":{"area":2515.21,"pct":9.68},"sidewalks":{"area":307.22,"pct":1.18}},"city_same":1,"id":"hex:3594:24328"},"type":"Feature"},{"geometry":{"coordinates":[[[-122.55308,38.07208],[-122.55365,38.07286],[-122.55479,38.07286],[-122.55536,38.07209],[-122.5548,38.0713],[-122.55366,38.0713],[-122.55308,38.07208]]],"type":"Polygon"},"properties":{"bbox":{"roads":{"area":1632.14,"pct":6.28}},"city_same":1,"id":"hex:3594:24329"},"type":"Feature"},{"geometry":{"coordinates":[[[-122.55307,38.07364],[-122.55364,38.07442],[-122.55478,38.07442],[-122.55535,38.07365],[-122.55479,38.07286],[-122.55365,38.07286],[-122.55307,38.07364]]],"type":"Polygon"},"properties":{"bbox":{"roads":{"area":273.68,"pct":1.05}},"city_same":1,"id":"hex:3594:24330"},"type":"Feature"},{"geometry":{"coordinates":[[[-122.55305,38.07676],[-122.55362,38.07754],[-122.55476,38.07755],[-122.55533,38.07677],[-122.55477,38.07599],[-122.55363,38.07598],[-122.55305,38.07676]]],"type":"Polygon"},"properties":{"bbox":{"roads":{"area":2156.64,"pct":8.3}},"city":{"roads":{"area":1257.11,"pct":4.84}},"id":"hex:3594:24332"},"type":"Feature"},{"geometry":{"coordinates":[[[-122.55304,38.07832],[-122.55361,38.0791],[-122.55475,38.07911],[-122.55532,38.07833],[-122.55476,38.07755],[-122.55362,38.07754],[-122.55304,38.07832]]],"type":"Polygon"},"properties":{"bbox":{"roads":{"area":1635.06,"pct":6.29}},"city_same":1,"id":"hex:3594:24333"},"type":"Feature"},{"geometry":{"coordinates":[[[-122.55303,38.07988],[-122.5536,38.08066],[-122.55474,38.08067],[-122.55531,38.07989],[-122.55475,38.07911],[-122.55361,38.0791],[-122.55303,38.07988]]],"type":"Polygon"},"properties":{"bbox":{"roads":{"area":191.34,"pct":0.74}},"city_same":1,"id":"hex:3594:24334"},"type":"Feature"},{"geometry":{"coordinates":[[[-122.55302,38.08144],[-122.55359,38.08223],[-122.55473,38.08223],[-122.5553,38.08145],[-122.55474,38.08067],[-122.5536,38.08066],[-122.55302,38.08144]]],"type":"Polygon"},"properties":{"bbox":{"roads":{"area":349.83,"pct":1.35}},"city_same":1,"id":"hex:3594:24335"},"type":"Feature"},{"geometry":{"coordinates":[[[-122.55301,38.083],[-122.55358,38.08379],[-122.55472,38.08379],[-122.55529,38.08301],[-122.55473,38.08223],[-122.55359,38.08223],[-122.55301,38.083]]],"type":"Polygon"},"properties":{"bbox":{"roads":{"area":1389.05,"pct":5.35}},"city_same":1,"id":"hex:3594:24336"},"type":"Feature"},{"geometry":{"coordinates":[[[-122.553,38.08456],[-122.55357,38.08535],[-122.55471,38.08535],[-122.55529,38.08457],[-122.55472,38.08379],[-122.55358,38.08379],[-122.553,38.08456]]],"type":"Polygon"},"properties":{"bbox":{"roads":{"area":3113.01,"pct":11.98}},"city_same":1,"id":"hex:3594:24337"},"type":"Feature"},{"geometry":{"coordinates":[[[-122.55299,38.08613],[-122.55356,38.08691],[-122.5547,38.08691],[-122.55528,38.08613],[-122.55471,38.08535],[-122.55357,38.08535],[-122.55299,38.08613]]],"type":"Polygon"},"properties":{"bbox":{"roads":{"area":2569.23,"pct":9.89}},"city":{"roads":{"area":1627.9,"pct":6.27}},"id":"hex:3594:24338"},"type":"Feature"},{"geometry":{"coordinates":[[[-122.55299,38.08769],[-122.55355,38.08847],[-122.55469,38.08847],[-122.55527,38.0877],[-122.5547,38.08691],[-122.55356,38.08691],[-122.55299,38.08769]]],"type":"Polygon"},"properties":{"bbox":{"parking":{"area":18.52,"pct":0.07},"roads":{"area":9569.72,"pct":36.83},"sidewalks":{"area":189.17,"pct":0.73}},"city":{"parking":{"area":18.52,"pct":0.07},"roads":{"area":3620.02,"pct":13.93},"sidewalks":{"area":189.17,"pct":0.73}},"id":"hex:3594:24339"},"type":"Feature"},{"geometry":{"coordinates":[[[-122.55298,38.08925],[-122.55354,38.09003],[-122.55468,38.09003],[-122.55526,38.08926],[-122.55469,38.08847],[-122.55355,38.08847],[-122.55298,38.08925]]],"type":"Polygon"},"properties":{"bbox":{"parking":{"area":15924.76,"pct":61.29},"roads":{"area":6272.05,"pct":24.14},"sidewalks":{"area":191.69,"pct":0.74}},"city_same":1,"id":"hex:3594:24340"},"type":"Feature"},{"geometry":{"coordinates":[[[-122.55297,38.09081],[-122.55353,38.09159],[-122.55467,38.0916],[-122.55525,38.09082],[-122.55468,38.09003],[-122.55354,38.09003],[-122.55297,38.09081]]],"type":"Polygon"},"properties":{"bbox":{"parking":{"area":7397.28,"pct":28.47},"roads":{"area":2590.16,"pct":9.97}},"city_same":1,"id":"hex:3594:24341"},"type":"Feature"},{"geometry":{"coordinates":[[[[-122.55352,38.09315],[-122.55335,38.09291],[-122.55356,38.09315],[-122.55352,38.09315]]],[[[-122.55353,38.09159],[-122.55467,38.0916],[-122.55524,38.09238],[-122.55466,38.09316],[-122.55372,38.09315],[-122.55301,38.09229],[-122.55353,38.09159]]]],"type":"MultiPolygon"},"properties":{"bbox":{"parking":{"area":2394.86,"pct":9.67},"roads":{"area":3016.13,"pct":12.18},"sidewalks":{"area":282.04,"pct":1.14}},"city_same":1,"id":"hex:3594:24342"},"type":"Feature"},{"geometry":{"coordinates":[[[[-122.55465,38.09472],[-122.55351,38.09471],[-122.55335,38.09449],[-122.55358,38.09438],[-122.55385,38.0942],[-122.55394,38.09405],[-122.55405,38.09391],[-122.55386,38.09362],[-122.55371,38.09354],[-122.55357,38.09367],[-122.55336,38.09382],[-122.55319,38.09388],[-122.55314,38.09383],[-122.55347,38.09344],[-122.55346,38.09324],[-122.55352,38.09315],[-122.55356,38.09315],[-122.55477,38.09456],[-122.55465,38.09472]]],[[[-122.55466,38.09316],[-122.55523,38.09394],[-122.55482,38.0945],[-122.55372,38.09315],[-122.55466,38.09316]]]],"type":"MultiPolygon"},"properties":{"bbox":{"roads":{"area":1445.34,"pct":7.94},"sidewalks":{"area":59.53,"pct":0.33}},"city_same":1,"id":"hex:3594:24343"},"type":"Feature"},{"geometry":{"coordinates":[[[-122.55292,38.09861],[-122.55348,38.0994],[-122.55462,38.0994],[-122.5552,38.09862],[-122.55463,38.09784],[-122.55349,38.09784],[-122.55292,38.09861]]],"type":"Polygon"},"properties":{"bbox":{"roads":{"area":355.81,"pct":1.37}},"city_same":1,"id":"hex:3594:24346"},"type":"Feature"},{"geometry":{"coordinates":[[[-122.55291,38.10017],[-122.55347,38.10096],[-122.55462,38.10096],[-122.55519,38.10018],[-122.55462,38.0994],[-122.55348,38.0994],[-122.55291,38.10017]]],"type":"Polygon"},"properties":{"bbox":{"roads":{"area":1885.3,"pct":7.26}},"city_same":1,"id":"hex:3594:24347"},"type":"Feature"},{"geometry":{"coordinates":[[[-122.55289,38.1033],[-122.55346,38.10408],[-122.5546,38.10408],[-122.55517,38.10331],[-122.55461,38.10252],[-122.55347,38.10252],[-122.55289,38.1033]]],"type":"Polygon"},"properties":{"bbox":{"roads":{"area":101.02,"pct":0.39}},"city_same":1,"id":"hex:3594:24349"},"type":"Feature"},{"geometry":{"coordinates":[[[-122.55288,38.10486],[-122.55345,38.10564],[-122.55459,38.10564],[-122.55516,38.10487],[-122.5546,38.10408],[-122.55346,38.10408],[-122.55288,38.10486]]],"type":"Polygon"},"properties":{"bbox":{"roads":{"area":1.79,"pct":0.01}},"city_same":1,"id":"hex:3594:24350"},"type":"Feature"},{"geometry":{"coordinates":[[[-122.55287,38.10642],[-122.55344,38.1072],[-122.55458,38.10721],[-122.55515,38.10643],[-122.55459,38.10564],[-122.55345,38.10564],[-122.55287,38.10642]]],"type":"Polygon"},"properties":{"bbox":{"roads":{"area":264.63,"pct":1.02}},"city_same":1,"id":"hex:3594:24351"},"type":"Feature"},{"geometry":{"coordinates":[[[-122.55286,38.10798],[-122.55343,38.10876],[-122.55457,38.10877],[-122.55514,38.10799],[-122.55458,38.10721],[-122.55344,38.1072],[-122.55286,38.10798]]],"type":"Polygon"},"properties":{"bbox":{"roads":{"area":2625.14,"pct":10.1}},"city_same":1,"id":"hex:3594:24352"},"type":"Feature"},{"geometry":{"coordinates":[[[-122.55285,38.10954],[-122.55342,38.11032],[-122.55456,38.11033],[-122.55513,38.10955],[-122.55457,38.10877],[-122.55343,38.10876],[-122.55285,38.10954]]],"type":"Polygon"},"properties":{"bbox":{"roads":{"area":1551.3,"pct":5.97}},"city_same":1,"id":"hex:3594:24353"},"type":"Feature"},{"geometry":{"coordinates":[[[-122.55284,38.1111],[-122.55341,38.11188],[-122.55455,38.11189],[-122.55512,38.11111],[-122.55456,38.11033],[-122.55342,38.11032],[-122.55284,38.1111]]],"type":"Polygon"},"properties":{"bbox":{"roads":{"area":1166.22,"pct":4.49}},"city_same":1,"id":"hex:3594:24354"},"type":"Feature"},{"geometry":{"coordinates":[[[-122.55151,38.04944],[-122.55207,38.05022],[-122.55321,38.05022],[-122.55379,38.04944],[-122.55322,38.04866],[-122.55208,38.04866],[-122.55151,38.04944]]],"type":"Polygon"},"properties":{"bbox":{"roads":{"area":216.54,"pct":0.83}},"city_same":1,"id":"hex:3595:24314"},"type":"Feature"},{"geometry":{"coordinates":[[[-122.5515,38.051],[-122.55206,38.05178],[-122.5532,38.05178],[-122.55378,38.05101],[-122.55321,38.05022],[-122.55207,38.05022],[-122.5515,38.051]]],"type":"Polygon"},"properties":{"bbox":{"roads":{"area":988.38,"pct":3.8}},"city_same":1,"id":"hex:3595:24315"},"type":"Feature"},{"geometry":{"coordinates":[[[-122.55141,38.06505],[-122.55198,38.06583],[-122.55312,38.06583],[-122.55369,38.06505],[-122.55313,38.06427],[-122.55199,38.06427],[-122.55141,38.06505]]],"type":"Polygon"},"properties":{"bbox":{"roads":{"area":963.03,"pct":3.71}},"city_same":1,"id":"hex:3595:24324"},"type":"Feature"},{"geometry":{"coordinates":[[[-122.55198,38.06583],[-122.55312,38.06583],[-122.55368,38.06662],[-122.55311,38.06739],[-122.55277,38.06739],[-122.55297,38.0664],[-122.55288,38.06638],[-122.55294,38.06594],[-122.5519,38.06594],[-122.55198,38.06583]]],"type":"Polygon"},"properties":{"bbox":{"roads":{"area":171.79,"pct":1.95}},"city_same":1,"id":"hex:3595:24325"},"type":"Feature"},{"geometry":{"coordinates":[[[-122.55311,38.06739],[-122.55367,38.06818],[-122.5531,38.06895],[-122.55196,38.06895],[-122.5517,38.06859],[-122.55174,38.06838],[-122.55262,38.06762],[-122.55277,38.06739],[-122.55277,38.06739],[-122.55311,38.06739]]],"type":"Polygon"},"properties":{"bbox":{"roads":{"area":774.29,"pct":3.99}},"city":{"roads":{"area":497.1,"pct":2.56}},"id":"hex:3595:24326"},"type":"Feature"},{"geometry":{"coordinates":[[[-122.55138,38.06973],[-122.55195,38.07051],[-122.55309,38.07052],[-122.55366,38.06974],[-122.5531,38.06895],[-122.55196,38.06895],[-122.55138,38.06973]]],"type":"Polygon"},"properties":{"bbox":{"roads":{"area":4021.17,"pct":15.48},"sidewalks":{"area":247.72,"pct":0.95}},"city":{"roads":{"area":2474.14,"pct":9.52},"sidewalks":{"area":247.72,"pct":0.95}},"id":"hex:3595:24327"},"type":"Feature"},{"geometry":{"coordinates":[[[-122.55138,38.07129],[-122.55194,38.07207],[-122.55308,38.07208],[-122.55366,38.0713],[-122.55309,38.07052],[-122.55195,38.07051],[-122.55138,38.07129]]],"type":"Polygon"},"properties":{"bbox":{"parking":{"area":3204.77,"pct":12.34},"roads":{"area":1576.08,"pct":6.07}},"city_same":1,"id":"hex:3595:24328"},"type":"Feature"},{"geometry":{"coordinates":[[[-122.55137,38.07285],[-122.55193,38.07363],[-122.55307,38.07364],[-122.55365,38.07286],[-122.55308,38.07208],[-122.55194,38.07207],[-122.55137,38.07285]]],"type":"Polygon"},"properties":{"bbox":{"roads":{"area":63.59,"pct":0.24}},"city_same":1,"id":"hex:3595:24329"},"type":"Feature"},{"geometry":{"coordinates":[[[-122.55135,38.07597],[-122.55191,38.07676],[-122.55305,38.07676],[-122.55363,38.07598],[-122.55306,38.0752],[-122.55192,38.07519],[-122.55135,38.07597]]],"type":"Polygon"},"properties":{"bbox":{"roads":{"area":1702.62,"pct":6.55}},"city_same":1,"id":"hex:3595:24331"},"type":"Feature"},{"geometry":{"coordinates":[[[-122.55134,38.07753],[-122.5519,38.07832],[-122.55304,38.07832],[-122.55362,38.07754],[-122.55305,38.07676],[-122.55191,38.07676],[-122.55134,38.07753]]],"type":"Polygon"},"properties":{"bbox":{"parking":{"area":552.77,"pct":2.13},"roads":{"area":5771.58,"pct":22.21}},"city":{"parking":{"area":552.77,"pct":2.13},"roads":{"area":3375.91,"pct":12.99}},"id":"hex:3595:24332"},"type":"Feature"},{"geometry":{"coordinates":[[[-122.55133,38.07909],[-122.55189,38.07988],[-122.55303,38.07988],[-122.55361,38.0791],[-122.55304,38.07832],[-122.5519,38.07832],[-122.55133,38.07909]]],"type":"Polygon"},"properties":{"bbox":{"roads":{"area":3029.33,"pct":11.66},"sidewalks":{"area":25.15,"pct":0.1}},"city_same":1,"id":"hex:3595:24333"},"type":"Feature"},{"geometry":{"coordinates":[[[-122.55132,38.08066],[-122.55188,38.08144],[-122.55302,38.08144],[-122.5536,38.08066],[-122.55303,38.07988],[-122.55189,38.07988],[-122.55132,38.08066]]],"type":"Polygon"},"properties":{"bbox":{"roads":{"area":822.34,"pct":3.17}},"city_same":1,"id":"hex:3595:24334"},"type":"Feature"},{"geometry":{"coordinates":[[[-122.55131,38.08222],[-122.55187,38.083],[-122.55301,38.083],[-122.55359,38.08223],[-122.55302,38.08144],[-122.55188,38.08144],[-122.55131,38.08222]]],"type":"Polygon"},"properties":{"bbox":{"roads":{"area":1995.67,"pct":7.68}},"city_same":1,"id":"hex:3595:24335"},"type":"Feature"},{"geometry":{"coordinates":[[[-122.5513,38.08378],[-122.55186,38.08456],[-122.553,38.08456],[-122.55358,38.08379],[-122.55301,38.083],[-122.55187,38.083],[-122.5513,38.08378]]],"type":"Polygon"},"properties":{"bbox":{"roads":{"area":2359.01,"pct":9.08}},"city_same":1,"id":"hex:3595:24336"},"type":"Feature"},{"geometry":{"coordinates":[[[-122.55129,38.08534],[-122.55185,38.08612],[-122.55299,38.08613],[-122.55357,38.08535],[-122.553,38.08456],[-122.55186,38.08456],[-122.55129,38.08534]]],"type":"Polygon"},"properties":{"bbox":{"roads":{"area":6206.54,"pct":23.89}},"city":{"roads":{"area":884.38,"pct":3.4}},"id":"hex:3595:24337"},"type":"Feature"},{"geometry":{"coordinates":[[[-122.55128,38.0869],[-122.55185,38.08768],[-122.55299,38.08769],[-122.55356,38.08691],[-122.55299,38.08613],[-122.55185,38.08612],[-122.55128,38.0869]]],"type":"Polygon"},"properties":{"bbox":{"parking":{"area":8478.24,"pct":32.63},"roads":{"area":8026.31,"pct":30.89},"sidewalks":{"area":226.44,"pct":0.87}},"city":{"parking":{"area":8478.24,"pct":32.63},"roads":{"area":4919.81,"pct":18.94},"sidewalks":{"area":226.44,"pct":0.87}},"id":"hex:3595:24338"},"type":"Feature"},{"geometry":{"coordinates":[[[-122.55127,38.08846],[-122.55184,38.08924],[-122.55298,38.08925],[-122.55355,38.08847],[-122.55299,38.08769],[-122.55185,38.08768],[-122.55127,38.08846]]],"type":"Polygon"},"properties":{"bbox":{"parking":{"area":6692.08,"pct":25.76},"roads":{"area":2289.53,"pct":8.81}},"city_same":1,"id":"hex:3595:24339"},"type":"Feature"},{"geometry":{"coordinates":[[[-122.55126,38.09002],[-122.55183,38.0908],[-122.55297,38.09081],[-122.55354,38.09003],[-122.55298,38.08925],[-122.55184,38.08924],[-122.55126,38.09002]]],"type":"Polygon"},"properties":{"bbox":{"parking":{"area":1299.8,"pct":5},"roads":{"area":2206.78,"pct":8.49},"sidewalks":{"area":179.33,"pct":0.69}},"city_same":1,"id":"hex:3595:24340"},"type":"Feature"},{"geometry":{"coordinates":[[[[-122.55259,38.09237],[-122.55264,38.09225],[-122.55231,38.09179],[-122.5521,38.09174],[-122.5521,38.09169],[-122.55235,38.09175],[-122.55288,38.09237],[-122.55273,38.09237],[-122.55272,38.09236],[-122.55269,38.09237],[-122.55259,38.09237]]],[[[-122.55183,38.0908],[-122.55297,38.09081],[-122.55353,38.09159],[-122.55301,38.09229],[-122.55181,38.09082],[-122.55183,38.0908]]]],"type":"MultiPolygon"},"properties":{"bbox":{"parking":{"area":361.83,"pct":2.74},"roads":{"area":1121.91,"pct":8.51},"sidewalks":{"area":184.43,"pct":1.4}},"city_same":1,"id":"hex:3595:24341"},"type":"Feature"},{"geometry":{"coordinates":[[[-122.5512,38.09939],[-122.55177,38.10017],[-122.55291,38.10017],[-122.55348,38.0994],[-122.55292,38.09861],[-122.55178,38.09861],[-122.5512,38.09939]]],"type":"Polygon"},"properties":{"bbox":{"roads":{"area":31.28,"pct":0.12}},"city_same":1,"id":"hex:3595:24346"},"type":"Feature"},{"geometry":{"coordinates":[[[-122.55119,38.10095],[-122.55176,38.10173],[-122.5529,38.10174],[-122.55347,38.10096],[-122.55291,38.10017],[-122.55177,38.10017],[-122.55119,38.10095]]],"type":"Polygon"},"properties":{"bbox":{"roads":{"area":561.37,"pct":2.16}},"city_same":1,"id":"hex:3595:24347"},"type":"Feature"},{"geometry":{"coordinates":[[[-122.55118,38.10251],[-122.55175,38.10329],[-122.55289,38.1033],[-122.55347,38.10252],[-122.5529,38.10174],[-122.55176,38.10173],[-122.55118,38.10251]]],"type":"Polygon"},"properties":{"bbox":{"roads":{"area":1578.35,"pct":6.08}},"city_same":1,"id":"hex:3595:24348"},"type":"Feature"},{"geometry":{"coordinates":[[[-122.55117,38.10407],[-122.55174,38.10485],[-122.55288,38.10486],[-122.55346,38.10408],[-122.55289,38.1033],[-122.55175,38.10329],[-122.55117,38.10407]]],"type":"Polygon"},"properties":{"bbox":{"roads":{"area":287.2,"pct":1.11}},"city_same":1,"id":"hex:3595:24349"},"type":"Feature"},{"geometry":{"coordinates":[[[-122.55117,38.10563],[-122.55173,38.10641],[-122.55287,38.10642],[-122.55345,38.10564],[-122.55288,38.10486],[-122.55174,38.10485],[-122.55117,38.10563]]],"type":"Polygon"},"properties":{"bbox":{"roads":{"area":1013.73,"pct":3.9}},"city_same":1,"id":"hex:3595:24350"},"type":"Feature"},{"geometry":{"coordinates":[[[-122.55116,38.10719],[-122.55172,38.10798],[-122.55286,38.10798],[-122.55344,38.1072],[-122.55287,38.10642],[-122.55173,38.10641],[-122.55116,38.10719]]],"type":"Polygon"},"properties":{"bbox":{"roads":{"area":1732.77,"pct":6.67}},"city_same":1,"id":"hex:3595:24351"},"type":"Feature"},{"geometry":{"coordinates":[[[-122.55114,38.11031],[-122.5517,38.1111],[-122.55284,38.1111],[-122.55342,38.11032],[-122.55285,38.10954],[-122.55171,38.10954],[-122.55114,38.11031]]],"type":"Polygon"},"properties":{"bbox":{"roads":{"area":532.57,"pct":2.05}},"city_same":1,"id":"hex:3595:24353"},"type":"Feature"},{"geometry":{"coordinates":[[[-122.55113,38.11188],[-122.55169,38.11266],[-122.55283,38.11266],[-122.55341,38.11188],[-122.55284,38.1111],[-122.5517,38.1111],[-122.55113,38.11188]]],"type":"Polygon"},"properties":{"bbox":{"roads":{"area":138.03,"pct":0.53}},"city_same":1,"id":"hex:3595:24354"},"type":"Feature"},{"geometry":{"coordinates":[[[-122.5498,38.04865],[-122.55037,38.04943],[-122.55151,38.04944],[-122.55208,38.04866],[-122.55152,38.04787],[-122.55038,38.04787],[-122.5498,38.04865]]],"type":"Polygon"},"properties":{"bbox":{"roads":{"area":388.48,"pct":1.5}},"city_same":1,"id":"hex:3596:24314"},"type":"Feature"},{"geometry":{"coordinates":[[[-122.54979,38.05021],[-122.55036,38.05099],[-122.5515,38.051],[-122.55207,38.05022],[-122.55151,38.04944],[-122.55037,38.04943],[-122.54979,38.05021]]],"type":"Polygon"},"properties":{"bbox":{"roads":{"area":2359.72,"pct":9.08}},"city_same":1,"id":"hex:3596:24315"},"type":"Feature"},{"geometry":{"coordinates":[[[-122.54978,38.05177],[-122.55035,38.05255],[-122.55149,38.05256],[-122.55206,38.05178],[-122.5515,38.051],[-122.55036,38.05099],[-122.54978,38.05177]]],"type":"Polygon"},"properties":{"bbox":{"roads":{"area":309.49,"pct":1.19}},"city_same":1,"id":"hex:3596:24316"},"type":"Feature"},{"geometry":{"coordinates":[[[-122.54971,38.06426],[-122.55027,38.06504],[-122.55141,38.06505],[-122.55199,38.06427],[-122.55142,38.06348],[-122.55028,38.06348],[-122.54971,38.06426]]],"type":"Polygon"},"properties":{"bbox":{"roads":{"area":157.34,"pct":0.61}},"city_same":1,"id":"hex:3596:24324"},"type":"Feature"},{"geometry":{"coordinates":[[[-122.55196,38.06895],[-122.55138,38.06973],[-122.55024,38.06972],[-122.54968,38.06894],[-122.55001,38.0685],[-122.55143,38.06882],[-122.55169,38.06869],[-122.5517,38.06859],[-122.55196,38.06895]]],"type":"Polygon"},"properties":{"bbox":{"roads":{"area":3901.17,"pct":20.96},"sidewalks":{"area":402.38,"pct":2.16}},"city":{"roads":{"area":922.05,"pct":4.96},"sidewalks":{"area":402.38,"pct":2.16}},"id":"hex:3596:24327"},"type":"Feature"},{"geometry":{"coordinates":[[[-122.54967,38.0705],[-122.55024,38.07129],[-122.55138,38.07129],[-122.55195,38.07051],[-122.55138,38.06973],[-122.55024,38.06972],[-122.54967,38.0705]]],"type":"Polygon"},"properties":{"bbox":{"parking":{"area":179.05,"pct":0.69},"roads":{"area":3458.95,"pct":13.31}},"city_same":1,"id":"hex:3596:24328"},"type":"Feature"},{"geometry":{"coordinates":[[[-122.54966,38.07206],[-122.55023,38.07285],[-122.55137,38.07285],[-122.55194,38.07207],[-122.55138,38.07129],[-122.55024,38.07129],[-122.54966,38.07206]]],"type":"Polygon"},"properties":{"bbox":{"roads":{"area":2414.56,"pct":9.29}},"city_same":1,"id":"hex:3596:24329"},"type":"Feature"},{"geometry":{"coordinates":[[[-122.54964,38.07519],[-122.55021,38.07597],[-122.55135,38.07597],[-122.55192,38.07519],[-122.55136,38.07441],[-122.55022,38.07441],[-122.54964,38.07519]]],"type":"Polygon"},"properties":{"bbox":{"roads":{"area":1053.24,"pct":4.05}},"city_same":1,"id":"hex:3596:24331"},"type":"Feature"},{"geometry":{"coordinates":[[[-122.54963,38.07675],[-122.5502,38.07753],[-122.55134,38.07753],[-122.55191,38.07676],[-122.55135,38.07597],[-122.55021,38.07597],[-122.54963,38.07675]]],"type":"Polygon"},"properties":{"bbox":{"roads":{"area":3476.79,"pct":13.38}},"city":{"roads":{"area":2560.38,"pct":9.85}},"id":"hex:3596:24332"},"type":"Feature"},{"geometry":{"coordinates":[[[-122.54962,38.07831],[-122.55019,38.07909],[-122.55133,38.07909],[-122.5519,38.07832],[-122.55134,38.07753],[-122.5502,38.07753],[-122.54962,38.07831]]],"type":"Polygon"},"properties":{"bbox":{"parking":{"area":24.03,"pct":0.09},"roads":{"area":2470.02,"pct":9.51}},"city":{"parking":{"area":24.03,"pct":0.09},"roads":{"area":2447.37,"pct":9.42}},"id":"hex:3596:24333"},"type":"Feature"},{"geometry":{"coordinates":[[[-122.54961,38.07987],[-122.55018,38.08065],[-122.55132,38.08066],[-122.55189,38.07988],[-122.55133,38.07909],[-122.55019,38.07909],[-122.54961,38.07987]]],"type":"Polygon"},"properties":{"bbox":{"roads":{"area":4026.16,"pct":15.5},"sidewalks":{"area":759.18,"pct":2.92}},"city_same":1,"id":"hex:3596:24334"},"type":"Feature"},{"geometry":{"coordinates":[[[-122.5496,38.08143],[-122.55017,38.08221],[-122.55131,38.08222],[-122.55188,38.08144],[-122.55132,38.08066],[-122.55018,38.08065],[-122.5496,38.08143]]],"type":"Polygon"},"properties":{"bbox":{"roads":{"area":3018.39,"pct":11.62},"sidewalks":{"area":403.7,"pct":1.55}},"city_same":1,"id":"hex:3596:24335"},"type":"Feature"},{"geometry":{"coordinates":[[[-122.54959,38.08299],[-122.55016,38.08377],[-122.5513,38.08378],[-122.55187,38.083],[-122.55131,38.08222],[-122.55017,38.08221],[-122.54959,38.08299]]],"type":"Polygon"},"properties":{"bbox":{"roads":{"area":3153.52,"pct":12.14}},"city":{"roads":{"area":1776.13,"pct":6.84}},"id":"hex:3596:24336"},"type":"Feature"},{"geometry":{"coordinates":[[[[-122.54958,38.08455],[-122.55016,38.08377],[-122.5513,38.08378],[-122.55186,38.08456],[-122.55129,38.08534],[-122.55091,38.08534],[-122.5509,38.08532],[-122.55012,38.08475],[-122.55003,38.08448],[-122.54967,38.08462],[-122.54964,38.08463],[-122.54958,38.08455]]],[[[-122.55001,38.08515],[-122.55005,38.08516],[-122.55003,38.08517],[-122.55001,38.08515]]]],"type":"MultiPolygon"},"properties":{"bbox":{"roads":{"area":5637.04,"pct":25.77}},"city":{"roads":{"area":134.04,"pct":0.61}},"id":"hex:3596:24337"},"type":"Feature"},{"geometry":{"coordinates":[[[[-122.55129,38.08534],[-122.55185,38.08612],[-122.55128,38.0869],[-122.55014,38.0869],[-122.54974,38.08635],[-122.55095,38.08576],[-122.55112,38.0856],[-122.55091,38.08534],[-122.55129,38.08534]]],[[[-122.5506,38.08547],[-122.55062,38.08563],[-122.55003,38.08581],[-122.55,38.08576],[-122.55042,38.08539],[-122.5506,38.08547]]]],"type":"MultiPolygon"},"properties":{"bbox":{"parking":{"area":1532.88,"pct":8.03},"roads":{"area":2732.31,"pct":14.31},"sidewalks":{"area":464.28,"pct":2.43}},"city_same":1,"id":"hex:3596:24338"},"type":"Feature"},{"geometry":{"coordinates":[[[-122.54956,38.08767],[-122.55013,38.08846],[-122.55127,38.08846],[-122.55185,38.08768],[-122.55128,38.0869],[-122.55014,38.0869],[-122.54956,38.08767]]],"type":"Polygon"},"properties":{"bbox":{"parking":{"area":2309.67,"pct":8.89},"roads":{"area":2026.31,"pct":7.8},"sidewalks":{"area":173.47,"pct":0.67}},"city_same":1,"id":"hex:3596:24339"},"type":"Feature"},{"geometry":{"coordinates":[[[[-122.54955,38.08923],[-122.55013,38.08846],[-122.55127,38.08846],[-122.55184,38.08924],[-122.55126,38.09002],[-122.55116,38.09002],[-122.55104,38.08988],[-122.55081,38.08978],[-122.5503,38.08975],[-122.55005,38.08992],[-122.54955,38.08923]]],[[[-122.55026,38.09002],[-122.5503,38.08998],[-122.55044,38.08992],[-122.55057,38.08993],[-122.55073,38.08999],[-122.55076,38.09002],[-122.5507,38.09002],[-122.5507,38.09002],[-122.55053,38.09],[-122.55045,38.09002],[-122.55026,38.09002]]]],"type":"MultiPolygon"},"properties":{"bbox":{"parking":{"area":453.3,"pct":1.88},"roads":{"area":2051.36,"pct":8.52},"sidewalks":{"area":200.85,"pct":0.83}},"city_same":1,"id":"hex:3596:24340"},"type":"Feature"},{"geometry":{"coordinates":[[[-122.54948,38.10172],[-122.55004,38.10251],[-122.55118,38.10251],[-122.55176,38.10173],[-122.55119,38.10095],[-122.55005,38.10094],[-122.54948,38.10172]]],"type":"Polygon"},"properties":{"bbox":{"roads":{"area":906,"pct":3.49}},"city_same":1,"id":"hex:3596:24348"},"type":"Feature"},{"geometry":{"coordinates":[[[-122.54947,38.10328],[-122.55003,38.10407],[-122.55117,38.10407],[-122.55175,38.10329],[-122.55118,38.10251],[-122.55004,38.10251],[-122.54947,38.10328]]],"type":"Polygon"},"properties":{"bbox":{"roads":{"area":2153.26,"pct":8.29}},"city_same":1,"id":"hex:3596:24349"},"type":"Feature"},{"geometry":{"coordinates":[[[-122.54946,38.10484],[-122.55002,38.10563],[-122.55117,38.10563],[-122.55174,38.10485],[-122.55117,38.10407],[-122.55003,38.10407],[-122.54946,38.10484]]],"type":"Polygon"},"properties":{"bbox":{"roads":{"area":1905.63,"pct":7.33}},"city_same":1,"id":"hex:3596:24350"},"type":"Feature"},{"geometry":{"coordinates":[[[-122.54945,38.10641],[-122.55002,38.10719],[-122.55116,38.10719],[-122.55173,38.10641],[-122.55117,38.10563],[-122.55002,38.10563],[-122.54945,38.10641]]],"type":"Polygon"},"properties":{"bbox":{"roads":{"area":2009.52,"pct":7.73}},"city_same":1,"id":"hex:3596:24351"},"type":"Feature"},{"geometry":{"coordinates":[[[-122.54944,38.10797],[-122.55001,38.10875],[-122.55115,38.10875],[-122.55172,38.10798],[-122.55116,38.10719],[-122.55002,38.10719],[-122.54944,38.10797]]],"type":"Polygon"},"properties":{"bbox":{"roads":{"area":693.02,"pct":2.67}},"city_same":1,"id":"hex:3596:24352"},"type":"Feature"},{"geometry":{"coordinates":[[[-122.54943,38.10953],[-122.55,38.11031],[-122.55114,38.11031],[-122.55171,38.10954],[-122.55115,38.10875],[-122.55001,38.10875],[-122.54943,38.10953]]],"type":"Polygon"},"properties":{"bbox":{"roads":{"area":1352.14,"pct":5.2}},"city_same":1,"id":"hex:3596:24353"},"type":"Feature"},{"geometry":{"coordinates":[[[-122.54942,38.11109],[-122.54999,38.11187],[-122.55113,38.11188],[-122.5517,38.1111],[-122.55114,38.11031],[-122.55,38.11031],[-122.54942,38.11109]]],"type":"Polygon"},"properties":{"bbox":{"roads":{"area":1278.39,"pct":4.92}},"city_same":1,"id":"hex:3596:24354"},"type":"Feature"},{"geometry":{"coordinates":[[[-122.54941,38.11265],[-122.54999,38.11187],[-122.55113,38.11188],[-122.55169,38.11266],[-122.55117,38.11337],[-122.55018,38.11285],[-122.54979,38.11318],[-122.54941,38.11265]]],"type":"Polygon"},"properties":{"bbox":{"roads":{"area":77.21,"pct":0.36}},"city_same":1,"id":"hex:3596:24355"},"type":"Feature"},{"geometry":{"coordinates":[[[-122.5481,38.04786],[-122.54866,38.04864],[-122.5498,38.04865],[-122.55038,38.04787],[-122.54981,38.04709],[-122.54867,38.04708],[-122.5481,38.04786]]],"type":"Polygon"},"properties":{"bbox":{"roads":{"area":748.66,"pct":2.88}},"city_same":1,"id":"hex:3597:24313"},"type":"Feature"},{"geometry":{"coordinates":[[[-122.54809,38.04942],[-122.54865,38.05021],[-122.54979,38.05021],[-122.55037,38.04943],[-122.5498,38.04865],[-122.54866,38.04864],[-122.54809,38.04942]]],"type":"Polygon"},"properties":{"bbox":{"roads":{"area":1072.02,"pct":4.13}},"city_same":1,"id":"hex:3597:24314"},"type":"Feature"},{"geometry":{"coordinates":[[[-122.54968,38.06894],[-122.54854,38.06894],[-122.54812,38.06836],[-122.5491,38.06853],[-122.54941,38.06836],[-122.55001,38.0685],[-122.54968,38.06894]]],"type":"Polygon"},"properties":{"bbox":{"roads":{"area":1642.68,"pct":22.67},"sidewalks":{"area":288.94,"pct":3.99}},"city":{"roads":{"area":12.46,"pct":0.17},"sidewalks":{"area":288.94,"pct":3.99}},"id":"hex:3597:24326"},"type":"Feature"},{"geometry":{"coordinates":[[[-122.54796,38.06972],[-122.54853,38.0705],[-122.54967,38.0705],[-122.55024,38.06972],[-122.54968,38.06894],[-122.54854,38.06894],[-122.54796,38.06972]]],"type":"Polygon"},"properties":{"bbox":{"roads":{"area":2533.87,"pct":9.75},"sidewalks":{"area":83.88,"pct":0.32}},"city":{"roads":{"area":2447.44,"pct":9.42},"sidewalks":{"area":83.88,"pct":0.32}},"id":"hex:3597:24327"},"type":"Feature"},{"geometry":{"coordinates":[[[-122.54853,38.0705],[-122.54967,38.0705],[-122.55024,38.07129],[-122.54966,38.07206],[-122.54852,38.07206],[-122.54795,38.07128],[-122.54853,38.0705]],[[-122.54929,38.07138],[-122.54903,38.07135],[-122.54896,38.07139],[-122.54907,38.07146],[-122.54922,38.07149],[-122.54929,38.07144],[-122.54929,38.07138]]],"type":"Polygon"},"properties":{"bbox":{"roads":{"area":2252.82,"pct":8.76}},"city_same":1,"id":"hex:3597:24328"},"type":"Feature"},{"geometry":{"coordinates":[[[-122.54795,38.07284],[-122.54851,38.07362],[-122.54965,38.07362],[-122.55023,38.07285],[-122.54966,38.07206],[-122.54852,38.07206],[-122.54795,38.07284]]],"type":"Polygon"},"properties":{"bbox":{"roads":{"area":1447.4,"pct":5.57}},"city_same":1,"id":"hex:3597:24329"},"type":"Feature"},{"geometry":{"coordinates":[[[-122.54794,38.0744],[-122.5485,38.07518],[-122.54964,38.07519],[-122.55022,38.07441],[-122.54965,38.07362],[-122.54851,38.07362],[-122.54794,38.0744]]],"type":"Polygon"},"properties":{"bbox":{"roads":{"area":633.65,"pct":2.44}},"city_same":1,"id":"hex:3597:24330"},"type":"Feature"},{"geometry":{"coordinates":[[[-122.54793,38.07596],[-122.54849,38.07674],[-122.54963,38.07675],[-122.55021,38.07597],[-122.54964,38.07519],[-122.5485,38.07518],[-122.54793,38.07596]]],"type":"Polygon"},"properties":{"bbox":{"parking":{"area":593.29,"pct":2.28},"roads":{"area":1710.48,"pct":6.58}},"city_same":1,"id":"hex:3597:24331"},"type":"Feature"},{"geometry":{"coordinates":[[[-122.54792,38.07752],[-122.54848,38.0783],[-122.54962,38.07831],[-122.5502,38.07753],[-122.54963,38.07675],[-122.54849,38.07674],[-122.54792,38.07752]]],"type":"Polygon"},"properties":{"bbox":{"roads":{"area":3263.06,"pct":12.56}},"city":{"roads":{"area":1782.24,"pct":6.86}},"id":"hex:3597:24332"},"type":"Feature"},{"geometry":{"coordinates":[[[-122.54791,38.07908],[-122.54847,38.07986],[-122.54961,38.07987],[-122.55019,38.07909],[-122.54962,38.07831],[-122.54848,38.0783],[-122.54791,38.07908]]],"type":"Polygon"},"properties":{"bbox":{"roads":{"area":1501.01,"pct":5.78}},"city_same":1,"id":"hex:3597:24333"},"type":"Feature"},{"geometry":{"coordinates":[[[-122.5479,38.08064],[-122.54846,38.08143],[-122.5496,38.08143],[-122.55018,38.08065],[-122.54961,38.07987],[-122.54847,38.07986],[-122.5479,38.08064]]],"type":"Polygon"},"properties":{"bbox":{"roads":{"area":2953.7,"pct":11.37},"sidewalks":{"area":508.96,"pct":1.96}},"city_same":1,"id":"hex:3597:24334"},"type":"Feature"},{"geometry":{"coordinates":[[[-122.54789,38.0822],[-122.54845,38.08299],[-122.54959,38.08299],[-122.55017,38.08221],[-122.5496,38.08143],[-122.54846,38.08143],[-122.54789,38.0822]]],"type":"Polygon"},"properties":{"bbox":{"roads":{"area":7796.01,"pct":30.01},"sidewalks":{"area":209.61,"pct":0.81}},"city":{"roads":{"area":1510.66,"pct":5.81},"sidewalks":{"area":209.61,"pct":0.81}},"id":"hex:3597:24335"},"type":"Feature"},{"geometry":{"coordinates":[[[-122.54788,38.08376],[-122.54844,38.08455],[-122.54958,38.08455],[-122.55016,38.08377],[-122.54959,38.08299],[-122.54845,38.08299],[-122.54788,38.08376]]],"type":"Polygon"},"properties":{"bbox":{"roads":{"area":3047.31,"pct":11.73}},"id":"hex:3597:24336"},"type":"Feature"},{"geometry":{"coordinates":[[[-122.55014,38.0869],[-122.54956,38.08767],[-122.54842,38.08767],[-122.54786,38.08689],[-122.54843,38.08611],[-122.54915,38.08611],[-122.54948,38.08647],[-122.54974,38.08635],[-122.55014,38.0869]]],"type":"Polygon"},"properties":{"bbox":{"parking":{"area":163.21,"pct":0.66},"roads":{"area":1328.14,"pct":5.35},"sidewalks":{"area":261.96,"pct":1.06}},"city_same":1,"id":"hex:3597:24338"},"type":"Feature"},{"geometry":{"coordinates":[[[-122.54774,38.10562],[-122.54831,38.1064],[-122.54945,38.10641],[-122.55002,38.10563],[-122.54946,38.10484],[-122.54832,38.10484],[-122.54774,38.10562]]],"type":"Polygon"},"properties":{"bbox":{"roads":{"area":2972.48,"pct":11.44}},"city_same":1,"id":"hex:3597:24350"},"type":"Feature"},{"geometry":{"coordinates":[[[-122.54773,38.10718],[-122.5483,38.10796],[-122.54944,38.10797],[-122.55002,38.10719],[-122.54945,38.10641],[-122.54831,38.1064],[-122.54773,38.10718]]],"type":"Polygon"},"properties":{"bbox":{"roads":{"area":960.65,"pct":3.7}},"city_same":1,"id":"hex:3597:24351"},"type":"Feature"},{"geometry":{"coordinates":[[[-122.54772,38.10874],[-122.54829,38.10952],[-122.54943,38.10953],[-122.55001,38.10875],[-122.54944,38.10797],[-122.5483,38.10796],[-122.54772,38.10874]]],"type":"Polygon"},"properties":{"bbox":{"roads":{"area":2472.95,"pct":9.52}},"city_same":1,"id":"hex:3597:24352"},"type":"Feature"},{"geometry":{"coordinates":[[[-122.54771,38.1103],[-122.54828,38.11108],[-122.54942,38.11109],[-122.55,38.11031],[-122.54943,38.10953],[-122.54829,38.10952],[-122.54771,38.1103]]],"type":"Polygon"},"properties":{"bbox":{"roads":{"area":355.8,"pct":1.37}},"city_same":1,"id":"hex:3597:24353"},"type":"Feature"},{"geometry":{"coordinates":[[[-122.5477,38.11186],[-122.54827,38.11265],[-122.54941,38.11265],[-122.54999,38.11187],[-122.54942,38.11109],[-122.54828,38.11108],[-122.5477,38.11186]]],"type":"Polygon"},"properties":{"bbox":{"roads":{"area":288.71,"pct":1.11}},"city_same":1,"id":"hex:3597:24354"},"type":"Feature"},{"geometry":{"coordinates":[[[-122.54791,38.11845],[-122.54884,38.11813],[-122.54795,38.11772],[-122.54805,38.11758],[-122.54899,38.11805],[-122.54899,38.11821],[-122.548,38.11856],[-122.54791,38.11845]]],"type":"Polygon"},"properties":{"bbox":{"roads":{"area":1435.2,"pct":49.3}},"city":{"roads":{"area":752.76,"pct":25.86}},"id":"hex:3597:24358"},"type":"Feature"},{"geometry":{"coordinates":[[[-122.54639,38.04707],[-122.54696,38.04786],[-122.5481,38.04786],[-122.54867,38.04708],[-122.54811,38.0463],[-122.54697,38.0463],[-122.54639,38.04707]]],"type":"Polygon"},"properties":{"bbox":{"roads":{"area":66.4,"pct":0.26}},"city_same":1,"id":"hex:3598:24313"},"type":"Feature"},{"geometry":{"coordinates":[[[-122.54638,38.04864],[-122.54695,38.04942],[-122.54809,38.04942],[-122.54866,38.04864],[-122.5481,38.04786],[-122.54696,38.04786],[-122.54638,38.04864]]],"type":"Polygon"},"properties":{"bbox":{"roads":{"area":1158.75,"pct":4.46}},"city_same":1,"id":"hex:3598:24314"},"type":"Feature"},{"geometry":{"coordinates":[[[-122.54854,38.06894],[-122.54796,38.06972],[-122.54682,38.06971],[-122.54626,38.06893],[-122.54683,38.06815],[-122.5471,38.06815],[-122.54713,38.06819],[-122.54812,38.06836],[-122.54854,38.06894]]],"type":"Polygon"},"properties":{"bbox":{"roads":{"area":3722.58,"pct":14.93},"sidewalks":{"area":489.79,"pct":1.96}},"city":{"roads":{"area":1307.57,"pct":5.24},"sidewalks":{"area":489.79,"pct":1.96}},"id":"hex:3598:24327"},"type":"Feature"},{"geometry":{"coordinates":[[[-122.54625,38.07049],[-122.54681,38.07127],[-122.54795,38.07128],[-122.54853,38.0705],[-122.54796,38.06972],[-122.54682,38.06971],[-122.54625,38.07049]]],"type":"Polygon"},"properties":{"bbox":{"roads":{"area":1540.5,"pct":5.93},"sidewalks":{"area":109.37,"pct":0.42}},"city_same":1,"id":"hex:3598:24328"},"type":"Feature"},{"geometry":{"coordinates":[[[-122.54624,38.07205],[-122.54681,38.07283],[-122.54795,38.07284],[-122.54852,38.07206],[-122.54795,38.07128],[-122.54681,38.07127],[-122.54624,38.07205]]],"type":"Polygon"},"properties":{"bbox":{"roads":{"area":1019.62,"pct":3.92}},"city_same":1,"id":"hex:3598:24329"},"type":"Feature"},{"geometry":{"coordinates":[[[-122.54623,38.07361],[-122.5468,38.07439],[-122.54794,38.0744],[-122.54851,38.07362],[-122.54795,38.07284],[-122.54681,38.07283],[-122.54623,38.07361]]],"type":"Polygon"},"properties":{"bbox":{"roads":{"area":1181.68,"pct":4.55}},"city_same":1,"id":"hex:3598:24330"},"type":"Feature"},{"geometry":{"coordinates":[[[-122.54622,38.07517],[-122.54679,38.07596],[-122.54793,38.07596],[-122.5485,38.07518],[-122.54794,38.0744],[-122.5468,38.07439],[-122.54622,38.07517]]],"type":"Polygon"},"properties":{"bbox":{"roads":{"area":910.58,"pct":3.5}},"city_same":1,"id":"hex:3598:24331"},"type":"Feature"},{"geometry":{"coordinates":[[[-122.54621,38.07673],[-122.54678,38.07752],[-122.54792,38.07752],[-122.54849,38.07674],[-122.54793,38.07596],[-122.54679,38.07596],[-122.54621,38.07673]]],"type":"Polygon"},"properties":{"bbox":{"roads":{"area":1454.36,"pct":5.6}},"id":"hex:3598:24332"},"type":"Feature"},{"geometry":{"coordinates":[[[-122.5462,38.07829],[-122.54677,38.07908],[-122.54791,38.07908],[-122.54848,38.0783],[-122.54792,38.07752],[-122.54678,38.07752],[-122.5462,38.07829]]],"type":"Polygon"},"properties":{"bbox":{"roads":{"area":4035.92,"pct":15.53}},"city":{"roads":{"area":2282.04,"pct":8.78}},"id":"hex:3598:24333"},"type":"Feature"},{"geometry":{"coordinates":[[[-122.54619,38.07986],[-122.54676,38.08064],[-122.5479,38.08064],[-122.54847,38.07986],[-122.54791,38.07908],[-122.54677,38.07908],[-122.54619,38.07986]]],"type":"Polygon"},"properties":{"bbox":{"roads":{"area":5135.21,"pct":19.77}},"city":{"roads":{"area":1948.15,"pct":7.5}},"id":"hex:3598:24334"},"type":"Feature"},{"geometry":{"coordinates":[[[-122.54618,38.08142],[-122.54675,38.0822],[-122.54789,38.0822],[-122.54846,38.08143],[-122.5479,38.08064],[-122.54676,38.08064],[-122.54618,38.08142]]],"type":"Polygon"},"properties":{"bbox":{"roads":{"area":8123.44,"pct":31.27}},"city":{"roads":{"area":1035.54,"pct":3.99}},"id":"hex:3598:24335"},"type":"Feature"},{"geometry":{"coordinates":[[[-122.54617,38.08298],[-122.54674,38.08376],[-122.54788,38.08376],[-122.54845,38.08299],[-122.54789,38.0822],[-122.54675,38.0822],[-122.54617,38.08298]]],"type":"Polygon"},"properties":{"bbox":{"roads":{"area":193.51,"pct":0.74}},"city_same":1,"id":"hex:3598:24336"},"type":"Feature"},{"geometry":{"coordinates":[[[-122.54604,38.10483],[-122.5466,38.10561],[-122.54774,38.10562],[-122.54832,38.10484],[-122.54775,38.10406],[-122.54661,38.10405],[-122.54604,38.10483]]],"type":"Polygon"},"properties":{"bbox":{"roads":{"area":2380.66,"pct":9.16}},"city_same":1,"id":"hex:3598:24350"},"type":"Feature"},{"geometry":{"coordinates":[[[-122.54603,38.10639],[-122.54659,38.10718],[-122.54773,38.10718],[-122.54831,38.1064],[-122.54774,38.10562],[-122.5466,38.10561],[-122.54603,38.10639]]],"type":"Polygon"},"properties":{"bbox":{"roads":{"area":1009.95,"pct":3.89}},"city_same":1,"id":"hex:3598:24351"},"type":"Feature"},{"geometry":{"coordinates":[[[-122.54602,38.10795],[-122.54658,38.10874],[-122.54772,38.10874],[-122.5483,38.10796],[-122.54773,38.10718],[-122.54659,38.10718],[-122.54602,38.10795]]],"type":"Polygon"},"properties":{"bbox":{"roads":{"area":517.13,"pct":1.99}},"city_same":1,"id":"hex:3598:24352"},"type":"Feature"},{"geometry":{"coordinates":[[[-122.54658,38.10874],[-122.54772,38.10874],[-122.54829,38.10952],[-122.54771,38.1103],[-122.54657,38.1103],[-122.54629,38.10991],[-122.54648,38.10924],[-122.5464,38.10898],[-122.54658,38.10874]]],"type":"Polygon"},"properties":{"bbox":{"roads":{"area":1729.07,"pct":7.2}},"city_same":1,"id":"hex:3598:24353"},"type":"Feature"},{"geometry":{"coordinates":[[[-122.54657,38.1103],[-122.54771,38.1103],[-122.54828,38.11108],[-122.5477,38.11186],[-122.54656,38.11186],[-122.54621,38.11136],[-122.54639,38.11132],[-122.54637,38.11119],[-122.54631,38.11066],[-122.54657,38.1103]]],"type":"Polygon"},"properties":{"bbox":{"roads":{"area":952.03,"pct":3.88}},"city_same":1,"id":"hex:3598:24354"},"type":"Feature"},{"geometry":{"coordinates":[[[-122.54795,38.11772],[-122.54697,38.11727],[-122.54709,38.11711],[-122.54635,38.11679],[-122.54654,38.11654],[-122.54713,38.11654],[-122.54718,38.11715],[-122.54805,38.11758],[-122.54795,38.11772]]],"type":"Polygon"},"properties":{"bbox":{"roads":{"area":773.82,"pct":15.61}},"city":{"roads":{"area":63.41,"pct":1.28}},"id":"hex:3598:24358"},"type":"Feature"},{"geometry":{"coordinates":[[[-122.5461,38.11908],[-122.54791,38.11845],[-122.548,38.11856],[-122.54628,38.11917],[-122.54619,38.11921],[-122.5461,38.11908]]],"type":"Polygon"},"properties":{"bbox":{"roads":{"area":1231.25,"pct":47.87}},"city_same":1,"id":"hex:3598:24359"},"type":"Feature"},{"geometry":{"coordinates":[[[-122.54469,38.04629],[-122.54525,38.04707],[-122.54639,38.04707],[-122.54697,38.0463],[-122.5464,38.04551],[-122.54526,38.04551],[-122.54469,38.04629]]],"type":"Polygon"},"properties":{"bbox":{"roads":{"area":1042.82,"pct":4.01}},"city_same":1,"id":"hex:3599:24312"},"type":"Feature"},{"geometry":{"coordinates":[[[-122.54468,38.04785],[-122.54524,38.04863],[-122.54638,38.04864],[-122.54696,38.04786],[-122.54639,38.04707],[-122.54525,38.04707],[-122.54468,38.04785]]],"type":"Polygon"},"properties":{"bbox":{"roads":{"area":2350.46,"pct":9.05}},"city_same":1,"id":"hex:3599:24313"},"type":"Feature"},{"geometry":{"coordinates":[[[-122.54467,38.04941],[-122.54524,38.05019],[-122.54638,38.0502],[-122.54695,38.04942],[-122.54638,38.04864],[-122.54524,38.04863],[-122.54467,38.04941]]],"type":"Polygon"},"properties":{"bbox":{"roads":{"area":154.89,"pct":0.6}},"city_same":1,"id":"hex:3599:24314"},"type":"Feature"},{"geometry":{"coordinates":[[[-122.54466,38.05097],[-122.54523,38.05175],[-122.54637,38.05176],[-122.54694,38.05098],[-122.54638,38.0502],[-122.54524,38.05019],[-122.54466,38.05097]]],"type":"Polygon"},"properties":{"bbox":{"roads":{"area":133.9,"pct":0.52}},"city_same":1,"id":"hex:3599:24315"},"type":"Feature"},{"geometry":{"coordinates":[[[-122.54465,38.05253],[-122.54522,38.05331],[-122.54636,38.05332],[-122.54693,38.05254],[-122.54637,38.05176],[-122.54523,38.05175],[-122.54465,38.05253]]],"type":"Polygon"},"properties":{"bbox":{"roads":{"area":134.54,"pct":0.52}},"city_same":1,"id":"hex:3599:24316"},"type":"Feature"},{"geometry":{"coordinates":[[[[-122.54456,38.06658],[-122.54466,38.06645],[-122.54495,38.06654],[-122.54478,38.06687],[-122.54456,38.06658]]],[[[-122.54513,38.06736],[-122.545,38.06719],[-122.5455,38.06736],[-122.54513,38.06736]]]],"type":"MultiPolygon"},"properties":{"bbox":{"roads":{"area":0.88,"pct":0.08}},"city_same":1,"id":"hex:3599:24325"},"type":"Feature"},{"geometry":{"coordinates":[[[-122.54683,38.06815],[-122.54626,38.06893],[-122.54512,38.06892],[-122.54455,38.06814],[-122.54513,38.06736],[-122.5455,38.06736],[-122.54653,38.06773],[-122.54683,38.06815]]],"type":"Polygon"},"properties":{"bbox":{"roads":{"area":4166.42,"pct":16.92},"sidewalks":{"area":497.62,"pct":2.02}},"city":{"roads":{"area":1488.32,"pct":6.04},"sidewalks":{"area":497.62,"pct":2.02}},"id":"hex:3599:24326"},"type":"Feature"},{"geometry":{"coordinates":[[[-122.54454,38.0697],[-122.54511,38.07049],[-122.54625,38.07049],[-122.54682,38.06971],[-122.54626,38.06893],[-122.54512,38.06892],[-122.54454,38.0697]]],"type":"Polygon"},"properties":{"bbox":{"roads":{"area":2598.23,"pct":10},"sidewalks":{"area":306.55,"pct":1.18}},"city_same":1,"id":"hex:3599:24327"},"type":"Feature"},{"geometry":{"coordinates":[[[-122.54453,38.07126],[-122.5451,38.07205],[-122.54624,38.07205],[-122.54681,38.07127],[-122.54625,38.07049],[-122.54511,38.07049],[-122.54453,38.07126]]],"type":"Polygon"},"properties":{"bbox":{"parking":{"area":1299.47,"pct":5},"roads":{"area":647.23,"pct":2.49},"sidewalks":{"area":150.6,"pct":0.58}},"city_same":1,"id":"hex:3599:24328"},"type":"Feature"},{"geometry":{"coordinates":[[[-122.54453,38.07282],[-122.54509,38.07361],[-122.54623,38.07361],[-122.54681,38.07283],[-122.54624,38.07205],[-122.5451,38.07205],[-122.54453,38.07282]]],"type":"Polygon"},"properties":{"bbox":{"roads":{"area":141.35,"pct":0.54}},"city_same":1,"id":"hex:3599:24329"},"type":"Feature"},{"geometry":{"coordinates":[[[-122.54452,38.07439],[-122.54508,38.07517],[-122.54622,38.07517],[-122.5468,38.07439],[-122.54623,38.07361],[-122.54509,38.07361],[-122.54452,38.07439]]],"type":"Polygon"},"properties":{"bbox":{"roads":{"area":1047.65,"pct":4.03}},"city_same":1,"id":"hex:3599:24330"},"type":"Feature"},{"geometry":{"coordinates":[[[-122.5445,38.07751],[-122.54506,38.07829],[-122.5462,38.07829],[-122.54678,38.07752],[-122.54621,38.07673],[-122.54507,38.07673],[-122.5445,38.07751]]],"type":"Polygon"},"properties":{"bbox":{"roads":{"area":3205.69,"pct":12.34}},"id":"hex:3599:24332"},"type":"Feature"},{"geometry":{"coordinates":[[[-122.54449,38.07907],[-122.54505,38.07985],[-122.54619,38.07986],[-122.54677,38.07908],[-122.5462,38.07829],[-122.54506,38.07829],[-122.54449,38.07907]]],"type":"Polygon"},"properties":{"bbox":{"roads":{"area":6997.39,"pct":26.93}},"id":"hex:3599:24333"},"type":"Feature"},{"geometry":{"coordinates":[[[-122.54448,38.08063],[-122.54504,38.08141],[-122.54618,38.08142],[-122.54676,38.08064],[-122.54619,38.07986],[-122.54505,38.07985],[-122.54448,38.08063]]],"type":"Polygon"},"properties":{"bbox":{"roads":{"area":4615.92,"pct":17.77}},"id":"hex:3599:24334"},"type":"Feature"},{"geometry":{"coordinates":[[[-122.54504,38.08141],[-122.54618,38.08142],[-122.54675,38.0822],[-122.54617,38.08298],[-122.54503,38.08297],[-122.54447,38.08219],[-122.54504,38.08141]],[[-122.54512,38.08187],[-122.54509,38.08187],[-122.54506,38.0819],[-122.54509,38.08195],[-122.54513,38.08197],[-122.54517,38.08196],[-122.54514,38.0819],[-122.54512,38.08187]],[[-122.54523,38.08167],[-122.54524,38.08168],[-122.54529,38.08171],[-122.54535,38.08171],[-122.54536,38.08168],[-122.54534,38.08166],[-122.54528,38.08164],[-122.54523,38.08167]]],"type":"Polygon"},"properties":{"bbox":{"roads":{"area":2379.36,"pct":9.2}},"city":{"roads":{"area":1962.85,"pct":7.59}},"id":"hex:3599:24335"},"type":"Feature"},{"geometry":{"coordinates":[[[-122.54446,38.08375],[-122.54502,38.08453],[-122.54616,38.08454],[-122.54674,38.08376],[-122.54617,38.08298],[-122.54503,38.08297],[-122.54446,38.08375]]],"type":"Polygon"},"properties":{"bbox":{"roads":{"area":200.32,"pct":0.77}},"city_same":1,"id":"hex:3599:24336"},"type":"Feature"},{"geometry":{"coordinates":[[[-122.54433,38.10404],[-122.5449,38.10483],[-122.54604,38.10483],[-122.54661,38.10405],[-122.54605,38.10327],[-122.54491,38.10327],[-122.54433,38.10404]]],"type":"Polygon"},"properties":{"bbox":{"roads":{"area":1700.51,"pct":6.55}},"city_same":1,"id":"hex:3599:24349"},"type":"Feature"},{"geometry":{"coordinates":[[[-122.54432,38.10561],[-122.54489,38.10639],[-122.54603,38.10639],[-122.5466,38.10561],[-122.54604,38.10483],[-122.5449,38.10483],[-122.54432,38.10561]]],"type":"Polygon"},"properties":{"bbox":{"roads":{"area":891.58,"pct":3.43}},"city_same":1,"id":"hex:3599:24350"},"type":"Feature"},{"geometry":{"coordinates":[[[-122.54431,38.10717],[-122.54489,38.10639],[-122.54603,38.10639],[-122.54659,38.10718],[-122.54602,38.10795],[-122.54536,38.10795],[-122.54519,38.10756],[-122.54456,38.10732],[-122.54444,38.10735],[-122.54431,38.10717]]],"type":"Polygon"},"properties":{"bbox":{"roads":{"area":899.73,"pct":3.89}},"city_same":1,"id":"hex:3599:24351"},"type":"Feature"},{"geometry":{"coordinates":[[[-122.54657,38.1103],[-122.54631,38.11066],[-122.54624,38.11011],[-122.54629,38.10991],[-122.54657,38.1103]]],"type":"Polygon"},"properties":{"bbox":{"roads":{"area":353.54,"pct":29.21}},"city_same":1,"id":"hex:3599:24353"},"type":"Feature"},{"geometry":{"coordinates":[[[-122.54426,38.11497],[-122.54483,38.11575],[-122.54597,38.11576],[-122.54654,38.11498],[-122.54598,38.1142],[-122.54484,38.11419],[-122.54426,38.11497]]],"type":"Polygon"},"properties":{"bbox":{"roads":{"area":96.53,"pct":0.37}},"city_same":1,"id":"hex:3599:24356"},"type":"Feature"},{"geometry":{"coordinates":[[[-122.54483,38.11575],[-122.54597,38.11576],[-122.54654,38.11654],[-122.54635,38.11679],[-122.54462,38.11604],[-122.54483,38.11575]]],"type":"Polygon"},"properties":{"bbox":{"roads":{"area":229.07,"pct":2.22}},"city_same":1,"id":"hex:3599:24357"},"type":"Feature"},{"geometry":{"coordinates":[[[-122.5448,38.12044],[-122.54434,38.1198],[-122.5444,38.11977],[-122.5444,38.11982],[-122.54587,38.11916],[-122.5461,38.11908],[-122.54619,38.11921],[-122.54572,38.11941],[-122.54575,38.11957],[-122.5449,38.12016],[-122.54487,38.12044],[-122.5448,38.12044]]],"type":"Polygon"},"properties":{"bbox":{"roads":{"area":1523.72,"pct":22.23}},"city_same":1,"id":"hex:3599:24359"},"type":"Feature"},{"geometry":{"coordinates":[[[-122.54422,38.12122],[-122.5448,38.12044],[-122.54487,38.12044],[-122.5447,38.12188],[-122.54422,38.12122]]],"type":"Polygon"},"properties":{"bbox":{"roads":{"area":393.42,"pct":9.53}},"city_same":1,"id":"hex:3599:24360"},"type":"Feature"},{"geometry":{"coordinates":[[[-122.54421,38.12278],[-122.54467,38.12216],[-122.54455,38.12324],[-122.54421,38.12278]]],"type":"Polygon"},"properties":{"bbox":{"roads":{"area":194.74,"pct":9.7}},"city_same":1,"id":"hex:3599:24361"},"type":"Feature"},{"geometry":{"coordinates":[[[-122.54526,38.04551],[-122.54469,38.04629],[-122.54355,38.04628],[-122.54298,38.0455],[-122.54356,38.04472],[-122.54426,38.04472],[-122.54478,38.04483],[-122.54526,38.04551]]],"type":"Polygon"},"properties":{"bbox":{"roads":{"area":2774.39,"pct":10.77}},"city_same":1,"id":"hex:3600:24312"},"type":"Feature"},{"geometry":{"coordinates":[[[-122.54298,38.04706],[-122.54354,38.04784],[-122.54468,38.04785],[-122.54525,38.04707],[-122.54469,38.04629],[-122.54355,38.04628],[-122.54298,38.04706]]],"type":"Polygon"},"properties":{"bbox":{"roads":{"area":1620.32,"pct":6.24}},"city_same":1,"id":"hex:3600:24313"},"type":"Feature"},{"geometry":{"coordinates":[[[-122.54297,38.04862],[-122.54353,38.0494],[-122.54467,38.04941],[-122.54524,38.04863],[-122.54468,38.04785],[-122.54354,38.04784],[-122.54297,38.04862]]],"type":"Polygon"},"properties":{"bbox":{"roads":{"area":1215.53,"pct":4.68}},"city_same":1,"id":"hex:3600:24314"},"type":"Feature"},{"geometry":{"coordinates":[[[-122.54296,38.05018],[-122.54352,38.05097],[-122.54466,38.05097],[-122.54524,38.05019],[-122.54467,38.04941],[-122.54353,38.0494],[-122.54296,38.05018]]],"type":"Polygon"},"properties":{"bbox":{"roads":{"area":1104.84,"pct":4.25}},"city_same":1,"id":"hex:3600:24315"},"type":"Feature"},{"geometry":{"coordinates":[[[-122.54295,38.05174],[-122.54351,38.05253],[-122.54465,38.05253],[-122.54523,38.05175],[-122.54466,38.05097],[-122.54352,38.05097],[-122.54295,38.05174]]],"type":"Polygon"},"properties":{"bbox":{"roads":{"area":1081.8,"pct":4.16}},"city_same":1,"id":"hex:3600:24316"},"type":"Feature"},{"geometry":{"coordinates":[[[-122.54456,38.06658],[-122.54342,38.06658],[-122.54286,38.06579],[-122.5429,38.06574],[-122.54383,38.06618],[-122.54466,38.06645],[-122.54456,38.06658]]],"type":"Polygon"},"properties":{"bbox":{"roads":{"area":551.89,"pct":9.55}},"city_same":1,"id":"hex:3600:24325"},"type":"Feature"},{"geometry":{"coordinates":[[[-122.54513,38.06736],[-122.54455,38.06814],[-122.54341,38.06814],[-122.54285,38.06735],[-122.54342,38.06658],[-122.54456,38.06658],[-122.54478,38.06687],[-122.54467,38.06707],[-122.545,38.06719],[-122.54513,38.06736]]],"type":"Polygon"},"properties":{"bbox":{"parking":{"area":2169.84,"pct":8.47},"roads":{"area":4903.81,"pct":19.15},"sidewalks":{"area":188.58,"pct":0.74}},"city":{"parking":{"area":2169.84,"pct":8.47},"roads":{"area":2011.33,"pct":7.86},"sidewalks":{"area":188.58,"pct":0.74}},"id":"hex:3600:24326"},"type":"Feature"},{"geometry":{"coordinates":[[[-122.54284,38.06892],[-122.5434,38.0697],[-122.54454,38.0697],[-122.54512,38.06892],[-122.54455,38.06814],[-122.54341,38.06814],[-122.54284,38.06892]]],"type":"Polygon"},"properties":{"bbox":{"roads":{"area":2764.82,"pct":10.64}},"city_same":1,"id":"hex:3600:24327"},"type":"Feature"},{"geometry":{"coordinates":[[[-122.54281,38.0736],[-122.54338,38.07438],[-122.54452,38.07439],[-122.54509,38.07361],[-122.54453,38.07282],[-122.54339,38.07282],[-122.54281,38.0736]]],"type":"Polygon"},"properties":{"bbox":{"roads":{"area":671.13,"pct":2.58}},"city_same":1,"id":"hex:3600:24330"},"type":"Feature"},{"geometry":{"coordinates":[[[-122.5428,38.07516],[-122.54337,38.07594],[-122.54451,38.07595],[-122.54508,38.07517],[-122.54452,38.07439],[-122.54338,38.07438],[-122.5428,38.07516]]],"type":"Polygon"},"properties":{"bbox":{"roads":{"area":1484.21,"pct":5.71}},"city_same":1,"id":"hex:3600:24331"},"type":"Feature"},{"geometry":{"coordinates":[[[-122.54279,38.07672],[-122.54336,38.0775],[-122.5445,38.07751],[-122.54507,38.07673],[-122.54451,38.07595],[-122.54337,38.07594],[-122.54279,38.07672]]],"type":"Polygon"},"properties":{"bbox":{"roads":{"area":4800.25,"pct":18.48}},"id":"hex:3600:24332"},"type":"Feature"},{"geometry":{"coordinates":[[[-122.54278,38.07828],[-122.54335,38.07906],[-122.54449,38.07907],[-122.54506,38.07829],[-122.5445,38.07751],[-122.54336,38.0775],[-122.54278,38.07828]]],"type":"Polygon"},"properties":{"bbox":{"roads":{"area":7494.72,"pct":28.85}},"id":"hex:3600:24333"},"type":"Feature"},{"geometry":{"coordinates":[[[-122.54277,38.07984],[-122.54334,38.08063],[-122.54448,38.08063],[-122.54505,38.07985],[-122.54449,38.07907],[-122.54335,38.07906],[-122.54277,38.07984]]],"type":"Polygon"},"properties":{"bbox":{"parking":{"area":6227.77,"pct":23.97},"roads":{"area":2952.28,"pct":11.36}},"city":{"parking":{"area":6227.77,"pct":23.97},"roads":{"area":440.47,"pct":1.7}},"id":"hex:3600:24334"},"type":"Feature"},{"geometry":{"coordinates":[[[-122.54276,38.0814],[-122.54333,38.08219],[-122.54447,38.08219],[-122.54504,38.08141],[-122.54448,38.08063],[-122.54334,38.08063],[-122.54276,38.0814]]],"type":"Polygon"},"properties":{"bbox":{"parking":{"area":3039.3,"pct":11.7},"roads":{"area":5310.89,"pct":20.44}},"city":{"parking":{"area":3039.3,"pct":11.7},"roads":{"area":1317.48,"pct":5.07}},"id":"hex:3600:24335"},"type":"Feature"},{"geometry":{"coordinates":[[[-122.54275,38.08296],[-122.54332,38.08375],[-122.54446,38.08375],[-122.54503,38.08297],[-122.54447,38.08219],[-122.54333,38.08219],[-122.54275,38.08296]]],"type":"Polygon"},"properties":{"bbox":{"roads":{"area":952.6,"pct":3.67}},"city_same":1,"id":"hex:3600:24336"},"type":"Feature"},{"geometry":{"coordinates":[[[-122.54263,38.10326],[-122.54319,38.10404],[-122.54433,38.10404],[-122.54491,38.10327],[-122.54434,38.10248],[-122.5432,38.10248],[-122.54263,38.10326]]],"type":"Polygon"},"properties":{"bbox":{"roads":{"area":1056.43,"pct":4.07}},"city_same":1,"id":"hex:3600:24349"},"type":"Feature"},{"geometry":{"coordinates":[[[-122.54262,38.10482],[-122.54318,38.1056],[-122.54432,38.10561],[-122.5449,38.10483],[-122.54433,38.10404],[-122.54319,38.10404],[-122.54262,38.10482]]],"type":"Polygon"},"properties":{"bbox":{"roads":{"area":893.83,"pct":3.44}},"city_same":1,"id":"hex:3600:24350"},"type":"Feature"},{"geometry":{"coordinates":[[[-122.54261,38.10638],[-122.54317,38.10716],[-122.54431,38.10717],[-122.54489,38.10639],[-122.54432,38.10561],[-122.54318,38.1056],[-122.54261,38.10638]]],"type":"Polygon"},"properties":{"bbox":{"roads":{"area":2098.65,"pct":8.08}},"city_same":1,"id":"hex:3600:24351"},"type":"Feature"},{"geometry":{"coordinates":[[[-122.54317,38.10716],[-122.54431,38.10717],[-122.54444,38.10735],[-122.54297,38.10764],[-122.54285,38.1076],[-122.54317,38.10716]]],"type":"Polygon"},"properties":{"bbox":{"roads":{"area":0.79,"pct":0.02}},"city_same":1,"id":"hex:3600:24352"},"type":"Feature"},{"geometry":{"coordinates":[[[-122.5448,38.12044],[-122.54422,38.12122],[-122.54308,38.12121],[-122.54259,38.12052],[-122.54434,38.1198],[-122.5448,38.12044]]],"type":"Polygon"},"properties":{"bbox":{"roads":{"area":2505.54,"pct":13.16}},"city_same":1,"id":"hex:3600:24360"},"type":"Feature"},{"geometry":{"coordinates":[[[-122.54421,38.12278],[-122.54307,38.12277],[-122.5426,38.12212],[-122.54296,38.12201],[-122.54278,38.12163],[-122.54308,38.12121],[-122.54422,38.12122],[-122.5447,38.12188],[-122.54467,38.12216],[-122.54421,38.12278]]],"type":"Polygon"},"properties":{"bbox":{"roads":{"area":1339.32,"pct":5.41}},"city_same":1,"id":"hex:3600:24361"},"type":"Feature"},{"geometry":{"coordinates":[[[-122.54421,38.12434],[-122.54306,38.12433],[-122.5425,38.12355],[-122.54307,38.12277],[-122.54421,38.12278],[-122.54455,38.12324],[-122.54446,38.12399],[-122.54421,38.12434]]],"type":"Polygon"},"properties":{"bbox":{"roads":{"area":1671.88,"pct":6.69}},"city_same":1,"id":"hex:3600:24362"},"type":"Feature"},{"geometry":{"coordinates":[[[-122.5442,38.1259],[-122.54305,38.12589],[-122.54249,38.12511],[-122.54306,38.12433],[-122.54421,38.12434],[-122.54439,38.12459],[-122.54425,38.12583],[-122.5442,38.1259]]],"type":"Polygon"},"properties":{"bbox":{"roads":{"area":490.06,"pct":2.1}},"city_same":1,"id":"hex:3600:24363"},"type":"Feature"},{"geometry":{"coordinates":[[[-122.54356,38.04472],[-122.54298,38.0455],[-122.54185,38.0455],[-122.54128,38.04471],[-122.54168,38.04417],[-122.54343,38.04455],[-122.54356,38.04472]]],"type":"Polygon"},"properties":{"bbox":{"roads":{"area":181.04,"pct":0.89}},"city_same":1,"id":"hex:3601:24311"},"type":"Feature"},{"geometry":{"coordinates":[[[-122.54127,38.04627],[-122.54184,38.04706],[-122.54298,38.04706],[-122.54355,38.04628],[-122.54298,38.0455],[-122.54185,38.0455],[-122.54127,38.04627]]],"type":"Polygon"},"properties":{"bbox":{"roads":{"area":2285.85,"pct":8.8},"sidewalks":{"area":25.84,"pct":0.1}},"city_same":1,"id":"hex:3601:24312"},"type":"Feature"},{"geometry":{"coordinates":[[[-122.54126,38.04783],[-122.54183,38.04862],[-122.54297,38.04862],[-122.54354,38.04784],[-122.54298,38.04706],[-122.54184,38.04706],[-122.54126,38.04783]]],"type":"Polygon"},"properties":{"bbox":{"roads":{"area":2059.06,"pct":7.93},"sidewalks":{"area":173.77,"pct":0.67}},"city_same":1,"id":"hex:3601:24313"},"type":"Feature"},{"geometry":{"coordinates":[[[-122.54125,38.0494],[-122.54182,38.05018],[-122.54296,38.05018],[-122.54353,38.0494],[-122.54297,38.04862],[-122.54183,38.04862],[-122.54125,38.0494]]],"type":"Polygon"},"properties":{"bbox":{"roads":{"area":1979.33,"pct":7.62}},"city_same":1,"id":"hex:3601:24314"},"type":"Feature"},{"geometry":{"coordinates":[[[-122.54124,38.05096],[-122.54181,38.05174],[-122.54295,38.05174],[-122.54352,38.05097],[-122.54296,38.05018],[-122.54182,38.05018],[-122.54124,38.05096]]],"type":"Polygon"},"properties":{"bbox":{"roads":{"area":1120.3,"pct":4.31}},"city_same":1,"id":"hex:3601:24315"},"type":"Feature"},{"geometry":{"coordinates":[[[-122.54174,38.06267],[-122.54117,38.06188],[-122.54175,38.06111],[-122.54281,38.06111],[-122.543,38.06218],[-122.54173,38.06251],[-122.54175,38.06267],[-122.54174,38.06267]]],"type":"Polygon"},"properties":{"bbox":{"roads":{"area":4.5,"pct":0.02}},"city_same":1,"id":"hex:3601:24322"},"type":"Feature"},{"geometry":{"coordinates":[[[-122.54286,38.06579],[-122.54172,38.06579],[-122.54115,38.06501],[-122.54165,38.06434],[-122.54168,38.06433],[-122.54194,38.06434],[-122.54206,38.06546],[-122.5426,38.06559],[-122.5429,38.06574],[-122.54286,38.06579]]],"type":"Polygon"},"properties":{"bbox":{"roads":{"area":634.99,"pct":6.26}},"city_same":1,"id":"hex:3601:24324"},"type":"Feature"},{"geometry":{"coordinates":[[[-122.54114,38.06657],[-122.54171,38.06735],[-122.54285,38.06735],[-122.54342,38.06658],[-122.54286,38.06579],[-122.54172,38.06579],[-122.54114,38.06657]]],"type":"Polygon"},"properties":{"bbox":{"parking":{"area":4113.05,"pct":15.83},"roads":{"area":5745.5,"pct":22.11},"sidewalks":{"area":167.79,"pct":0.65}},"city":{"parking":{"area":4113.05,"pct":15.83},"roads":{"area":3174.87,"pct":12.22},"sidewalks":{"area":167.79,"pct":0.65}},"id":"hex:3601:24325"},"type":"Feature"},{"geometry":{"coordinates":[[[-122.54113,38.06813],[-122.5417,38.06891],[-122.54284,38.06892],[-122.54341,38.06814],[-122.54285,38.06735],[-122.54171,38.06735],[-122.54113,38.06813]]],"type":"Polygon"},"properties":{"bbox":{"roads":{"area":2194.42,"pct":8.45}},"city_same":1,"id":"hex:3601:24326"},"type":"Feature"},{"geometry":{"coordinates":[[[-122.54112,38.06969],[-122.54169,38.07047],[-122.54283,38.07048],[-122.5434,38.0697],[-122.54284,38.06892],[-122.5417,38.06891],[-122.54112,38.06969]]],"type":"Polygon"},"properties":{"bbox":{"roads":{"area":1996.68,"pct":7.69}},"city_same":1,"id":"hex:3601:24327"},"type":"Feature"},{"geometry":{"coordinates":[[[-122.54111,38.07125],[-122.54168,38.07203],[-122.54282,38.07204],[-122.54339,38.07126],[-122.54283,38.07048],[-122.54169,38.07047],[-122.54111,38.07125]]],"type":"Polygon"},"properties":{"bbox":{"roads":{"area":16.2,"pct":0.06}},"city_same":1,"id":"hex:3601:24328"},"type":"Feature"},{"geometry":{"coordinates":[[[-122.5411,38.07281],[-122.54167,38.07359],[-122.54281,38.0736],[-122.54339,38.07282],[-122.54282,38.07204],[-122.54168,38.07203],[-122.5411,38.07281]]],"type":"Polygon"},"properties":{"bbox":{"roads":{"area":913.67,"pct":3.52}},"city_same":1,"id":"hex:3601:24329"},"type":"Feature"},{"geometry":{"coordinates":[[[-122.5411,38.07437],[-122.54166,38.07515],[-122.5428,38.07516],[-122.54338,38.07438],[-122.54281,38.0736],[-122.54167,38.07359],[-122.5411,38.07437]]],"type":"Polygon"},"properties":{"bbox":{"roads":{"area":6126.28,"pct":23.58}},"city":{"roads":{"area":2171.26,"pct":8.36}},"id":"hex:3601:24330"},"type":"Feature"},{"geometry":{"coordinates":[[[-122.54109,38.07593],[-122.54165,38.07672],[-122.54279,38.07672],[-122.54337,38.07594],[-122.5428,38.07516],[-122.54166,38.07515],[-122.54109,38.07593]]],"type":"Polygon"},"properties":{"bbox":{"roads":{"area":7843.33,"pct":30.19}},"id":"hex:3601:24331"},"type":"Feature"},{"geometry":{"coordinates":[[[-122.54108,38.07749],[-122.54164,38.07828],[-122.54278,38.07828],[-122.54336,38.0775],[-122.54279,38.07672],[-122.54165,38.07672],[-122.54108,38.07749]]],"type":"Polygon"},"properties":{"bbox":{"roads":{"area":2521.46,"pct":9.71}},"city":{"roads":{"area":478.63,"pct":1.84}},"id":"hex:3601:24332"},"type":"Feature"},{"geometry":{"coordinates":[[[-122.54277,38.07984],[-122.54334,38.08063],[-122.54276,38.0814],[-122.54162,38.0814],[-122.54156,38.08131],[-122.54204,38.08095],[-122.54238,38.08063],[-122.5427,38.08022],[-122.5422,38.07984],[-122.54277,38.07984]]],"type":"Polygon"},"properties":{"bbox":{"parking":{"area":2219.35,"pct":17.69},"roads":{"area":792.71,"pct":6.32}},"city_same":1,"id":"hex:3601:24334"},"type":"Feature"},{"geometry":{"coordinates":[[[-122.54105,38.08218],[-122.54161,38.08296],[-122.54275,38.08296],[-122.54333,38.08219],[-122.54276,38.0814],[-122.54162,38.0814],[-122.54105,38.08218]]],"type":"Polygon"},"properties":{"bbox":{"roads":{"area":4684.34,"pct":18.03}},"city":{"roads":{"area":670.61,"pct":2.58}},"id":"hex:3601:24335"},"type":"Feature"},{"geometry":{"coordinates":[[[-122.54104,38.08374],[-122.5416,38.08452],[-122.54274,38.08453],[-122.54332,38.08375],[-122.54275,38.08296],[-122.54161,38.08296],[-122.54104,38.08374]]],"type":"Polygon"},"properties":{"bbox":{"roads":{"area":962.7,"pct":3.71}},"city":{"roads":{"area":615.34,"pct":2.37}},"id":"hex:3601:24336"},"type":"Feature"},{"geometry":{"coordinates":[[[-122.54091,38.10403],[-122.54148,38.10481],[-122.54262,38.10482],[-122.54319,38.10404],[-122.54263,38.10326],[-122.54148,38.10325],[-122.54091,38.10403]]],"type":"Polygon"},"properties":{"bbox":{"roads":{"area":1762.71,"pct":6.78}},"city_same":1,"id":"hex:3601:24349"},"type":"Feature"},{"geometry":{"coordinates":[[[-122.5409,38.10559],[-122.54147,38.10637],[-122.54261,38.10638],[-122.54318,38.1056],[-122.54262,38.10482],[-122.54148,38.10481],[-122.5409,38.10559]]],"type":"Polygon"},"properties":{"bbox":{"roads":{"area":1166.68,"pct":4.49}},"city_same":1,"id":"hex:3601:24350"},"type":"Feature"},{"geometry":{"coordinates":[[[-122.54146,38.10794],[-122.54103,38.10735],[-122.54106,38.10714],[-122.54096,38.10713],[-122.541,38.10701],[-122.54147,38.10637],[-122.54261,38.10638],[-122.54317,38.10716],[-122.54285,38.1076],[-122.54253,38.1075],[-122.54154,38.10794],[-122.54146,38.10794]]],"type":"Polygon"},"properties":{"bbox":{"roads":{"area":859.84,"pct":3.77}},"city_same":1,"id":"hex:3601:24351"},"type":"Feature"},{"geometry":{"coordinates":[[[[-122.5408,38.1212],[-122.54136,38.12045],[-122.54173,38.12074],[-122.54208,38.12096],[-122.54098,38.12144],[-122.5408,38.1212]]],[[[-122.54308,38.12121],[-122.54278,38.12163],[-122.54231,38.12064],[-122.54259,38.12052],[-122.54308,38.12121]]]],"type":"MultiPolygon"},"properties":{"bbox":{"roads":{"area":1760.84,"pct":18.93}},"city_same":1,"id":"hex:3601:24360"},"type":"Feature"},{"geometry":{"coordinates":[[[-122.54307,38.12277],[-122.5425,38.12355],[-122.54136,38.12355],[-122.54079,38.12276],[-122.54124,38.12215],[-122.54156,38.1222],[-122.5417,38.12219],[-122.542,38.1222],[-122.54237,38.12219],[-122.5426,38.12212],[-122.54307,38.12277]]],"type":"Polygon"},"properties":{"bbox":{"roads":{"area":1224.04,"pct":5.2}},"city_same":1,"id":"hex:3601:24361"},"type":"Feature"},{"geometry":{"coordinates":[[[-122.54078,38.12432],[-122.54135,38.12511],[-122.54249,38.12511],[-122.54306,38.12433],[-122.5425,38.12355],[-122.54136,38.12355],[-122.54078,38.12432]]],"type":"Polygon"},"properties":{"bbox":{"roads":{"area":555.22,"pct":2.14}},"city_same":1,"id":"hex:3601:24362"},"type":"Feature"},{"geometry":{"coordinates":[[[-122.54128,38.04471],[-122.54014,38.04471],[-122.53958,38.04393],[-122.53971,38.04375],[-122.54168,38.04417],[-122.54128,38.04471]]],"type":"Polygon"},"properties":{"bbox":{"roads":{"area":689.46,"pct":5.59}},"city_same":1,"id":"hex:3602:24311"},"type":"Feature"},{"geometry":{"coordinates":[[[-122.53957,38.04549],[-122.54013,38.04627],[-122.54127,38.04627],[-122.54185,38.0455],[-122.54128,38.04471],[-122.54014,38.04471],[-122.53957,38.04549]]],"type":"Polygon"},"properties":{"bbox":{"roads":{"area":3061.72,"pct":11.78}},"city_same":1,"id":"hex:3602:24312"},"type":"Feature"},{"geometry":{"coordinates":[[[-122.53956,38.04705],[-122.54012,38.04783],[-122.54126,38.04783],[-122.54184,38.04706],[-122.54127,38.04627],[-122.54013,38.04627],[-122.53956,38.04705]]],"type":"Polygon"},"properties":{"bbox":{"roads":{"area":2641.23,"pct":10.17},"sidewalks":{"area":267.06,"pct":1.03}},"city_same":1,"id":"hex:3602:24313"},"type":"Feature"},{"geometry":{"coordinates":[[[-122.53955,38.04861],[-122.54011,38.04939],[-122.54125,38.0494],[-122.54183,38.04862],[-122.54126,38.04783],[-122.54012,38.04783],[-122.53955,38.04861]]],"type":"Polygon"},"properties":{"bbox":{"roads":{"area":0.16,"pct":0}},"city_same":1,"id":"hex:3602:24314"},"type":"Feature"},{"geometry":{"coordinates":[[[-122.53985,38.06478],[-122.54016,38.06454],[-122.54039,38.06484],[-122.54055,38.06468],[-122.54165,38.06434],[-122.54115,38.06501],[-122.54001,38.065],[-122.54001,38.065],[-122.53985,38.06478]]],"type":"Polygon"},"properties":{"bbox":{"roads":{"area":312.27,"pct":5.58}},"city":{"roads":{"area":311.77,"pct":5.57}},"id":"hex:3602:24324"},"type":"Feature"},{"geometry":{"coordinates":[[[-122.54115,38.06501],[-122.54172,38.06579],[-122.54114,38.06657],[-122.54,38.06656],[-122.53944,38.06578],[-122.53984,38.06524],[-122.53998,38.06533],[-122.54019,38.06511],[-122.54001,38.065],[-122.54115,38.06501]]],"type":"Polygon"},"properties":{"bbox":{"roads":{"area":6619.57,"pct":26.03},"sidewalks":{"area":296.27,"pct":1.16}},"city":{"roads":{"area":1804.07,"pct":7.09},"sidewalks":{"area":296.27,"pct":1.16}},"id":"hex:3602:24325"},"type":"Feature"},{"geometry":{"coordinates":[[[-122.53943,38.06734],[-122.53999,38.06812],[-122.54113,38.06813],[-122.54171,38.06735],[-122.54114,38.06657],[-122.54,38.06656],[-122.53943,38.06734]]],"type":"Polygon"},"properties":{"bbox":{"roads":{"area":2911.37,"pct":11.21}},"city_same":1,"id":"hex:3602:24326"},"type":"Feature"},{"geometry":{"coordinates":[[[-122.53942,38.0689],[-122.53998,38.06968],[-122.54112,38.06969],[-122.5417,38.06891],[-122.54113,38.06813],[-122.53999,38.06812],[-122.53942,38.0689]]],"type":"Polygon"},"properties":{"bbox":{"roads":{"area":4407.15,"pct":16.96}},"city_same":1,"id":"hex:3602:24327"},"type":"Feature"},{"geometry":{"coordinates":[[[-122.53941,38.07046],[-122.53997,38.07125],[-122.54111,38.07125],[-122.54169,38.07047],[-122.54112,38.06969],[-122.53998,38.06968],[-122.53941,38.07046]]],"type":"Polygon"},"properties":{"bbox":{"roads":{"area":2512.35,"pct":9.67}},"city":{"roads":{"area":2325.98,"pct":8.95}},"id":"hex:3602:24328"},"type":"Feature"},{"geometry":{"coordinates":[[[-122.5394,38.07202],[-122.53996,38.07281],[-122.5411,38.07281],[-122.54168,38.07203],[-122.54111,38.07125],[-122.53997,38.07125],[-122.5394,38.07202]]],"type":"Polygon"},"properties":{"bbox":{"roads":{"area":6152.39,"pct":23.68}},"city":{"roads":{"area":318.44,"pct":1.23}},"id":"hex:3602:24329"},"type":"Feature"},{"geometry":{"coordinates":[[[-122.53939,38.07358],[-122.53996,38.07437],[-122.5411,38.07437],[-122.54167,38.07359],[-122.5411,38.07281],[-122.53996,38.07281],[-122.53939,38.07358]]],"type":"Polygon"},"properties":{"bbox":{"roads":{"area":6693.11,"pct":25.76}},"city":{"roads":{"area":552.48,"pct":2.13}},"id":"hex:3602:24330"},"type":"Feature"},{"geometry":{"coordinates":[[[-122.53938,38.07515],[-122.53995,38.07593],[-122.54109,38.07593],[-122.54166,38.07515],[-122.5411,38.07437],[-122.53996,38.07437],[-122.53938,38.07515]]],"type":"Polygon"},"properties":{"bbox":{"parking":{"area":258.61,"pct":1},"roads":{"area":2547.72,"pct":9.81}},"city":{"parking":{"area":258.61,"pct":1},"roads":{"area":1895.89,"pct":7.3}},"id":"hex:3602:24331"},"type":"Feature"},{"geometry":{"coordinates":[[[-122.53937,38.07671],[-122.53995,38.07593],[-122.54109,38.07593],[-122.54165,38.07672],[-122.54108,38.07749],[-122.53994,38.07749],[-122.53976,38.07725],[-122.53992,38.0772],[-122.53977,38.07692],[-122.53975,38.07691],[-122.53971,38.07691],[-122.53958,38.07695],[-122.53967,38.07712],[-122.53937,38.07671]],[[-122.54075,38.07594],[-122.54049,38.07602],[-122.54067,38.07638],[-122.54094,38.07629],[-122.54075,38.07594]]],"type":"Polygon"},"properties":{"bbox":{"roads":{"area":1627.31,"pct":6.69}},"city_same":1,"id":"hex:3602:24332"},"type":"Feature"},{"geometry":{"coordinates":[[[-122.53936,38.07827],[-122.53965,38.07788],[-122.53965,38.07788],[-122.53968,38.07785],[-122.53969,38.07783],[-122.53971,38.07781],[-122.53971,38.0778],[-122.53972,38.07779],[-122.53972,38.07778],[-122.53973,38.07777],[-122.53976,38.07774],[-122.53978,38.07772],[-122.53979,38.07771],[-122.53979,38.0777],[-122.53978,38.0777],[-122.53994,38.07749],[-122.54108,38.07749],[-122.54164,38.07828],[-122.54111,38.079],[-122.54034,38.07841],[-122.53971,38.07863],[-122.53953,38.07828],[-122.5394,38.07832],[-122.53936,38.07827]]],"type":"Polygon"},"properties":{"bbox":{"roads":{"area":336.91,"pct":1.69}},"city_same":1,"id":"hex:3602:24333"},"type":"Feature"},{"geometry":{"coordinates":[[[-122.54162,38.0814],[-122.54105,38.08218],[-122.54043,38.08217],[-122.54156,38.08131],[-122.54162,38.0814]]],"type":"Polygon"},"properties":{"bbox":{"roads":{"area":8.72,"pct":0.28}},"city_same":1,"id":"hex:3602:24335"},"type":"Feature"},{"geometry":{"coordinates":[[[-122.54105,38.08218],[-122.54161,38.08296],[-122.54104,38.08374],[-122.5399,38.08373],[-122.53936,38.08299],[-122.54043,38.08217],[-122.54105,38.08218]]],"type":"Polygon"},"properties":{"bbox":{"roads":{"area":4401.74,"pct":18.58}},"city":{"roads":{"area":10.3,"pct":0.04}},"id":"hex:3602:24336"},"type":"Feature"},{"geometry":{"coordinates":[[[-122.53932,38.08451],[-122.53989,38.08529],[-122.54103,38.0853],[-122.5416,38.08452],[-122.54104,38.08374],[-122.5399,38.08373],[-122.53932,38.08451]]],"type":"Polygon"},"properties":{"bbox":{"roads":{"area":1033.02,"pct":3.98}},"id":"hex:3602:24337"},"type":"Feature"},{"geometry":{"coordinates":[[[-122.53921,38.10168],[-122.53978,38.10247],[-122.54092,38.10247],[-122.54149,38.10169],[-122.54093,38.10091],[-122.53979,38.1009],[-122.53921,38.10168]]],"type":"Polygon"},"properties":{"bbox":{"roads":{"area":246.63,"pct":0.95}},"city_same":1,"id":"hex:3602:24348"},"type":"Feature"},{"geometry":{"coordinates":[[[-122.5392,38.10324],[-122.53977,38.10403],[-122.54091,38.10403],[-122.54148,38.10325],[-122.54092,38.10247],[-122.53978,38.10247],[-122.5392,38.10324]]],"type":"Polygon"},"properties":{"bbox":{"roads":{"area":1204.85,"pct":4.64}},"city_same":1,"id":"hex:3602:24349"},"type":"Feature"},{"geometry":{"coordinates":[[[-122.53919,38.10481],[-122.53977,38.10403],[-122.54091,38.10403],[-122.54148,38.10481],[-122.5409,38.10559],[-122.53984,38.10559],[-122.5398,38.10551],[-122.53958,38.10533],[-122.53919,38.10481]]],"type":"Polygon"},"properties":{"bbox":{"roads":{"area":2507.83,"pct":9.71}},"city_same":1,"id":"hex:3602:24350"},"type":"Feature"},{"geometry":{"coordinates":[[[-122.53924,38.10644],[-122.53962,38.10628],[-122.53981,38.10649],[-122.54026,38.10667],[-122.54035,38.10675],[-122.54059,38.10657],[-122.54012,38.10609],[-122.53984,38.10559],[-122.5409,38.10559],[-122.54147,38.10637],[-122.541,38.10701],[-122.541,38.10699],[-122.54067,38.10686],[-122.54035,38.1069],[-122.54032,38.10703],[-122.53982,38.10696],[-122.53941,38.10668],[-122.53924,38.10644]]],"type":"Polygon"},"properties":{"bbox":{"roads":{"area":1324.11,"pct":7.9}},"city_same":1,"id":"hex:3602:24351"},"type":"Feature"},{"geometry":{"coordinates":[[[-122.54146,38.10794],[-122.54142,38.10799],[-122.54121,38.10808],[-122.54091,38.10805],[-122.54103,38.10735],[-122.54146,38.10794]]],"type":"Polygon"},"properties":{"bbox":{"roads":{"area":53.52,"pct":2.57}},"city_same":1,"id":"hex:3602:24352"},"type":"Feature"},{"geometry":{"coordinates":[[[-122.53967,38.11964],[-122.53911,38.11885],[-122.5392,38.11873],[-122.54035,38.11964],[-122.53967,38.11964]]],"type":"Polygon"},"properties":{"bbox":{"roads":{"area":257.26,"pct":7}},"city_same":1,"id":"hex:3602:24359"},"type":"Feature"},{"geometry":{"coordinates":[[[-122.5408,38.1212],[-122.53966,38.1212],[-122.5391,38.12042],[-122.53967,38.11964],[-122.54035,38.11964],[-122.54136,38.12045],[-122.5408,38.1212]]],"type":"Polygon"},"properties":{"bbox":{"roads":{"area":937.12,"pct":3.9}},"city_same":1,"id":"hex:3602:24360"},"type":"Feature"},{"geometry":{"coordinates":[[[-122.54079,38.12276],[-122.53965,38.12276],[-122.53909,38.12198],[-122.53966,38.1212],[-122.5408,38.1212],[-122.54098,38.12144],[-122.5405,38.12165],[-122.54052,38.12195],[-122.54068,38.12207],[-122.54124,38.12215],[-122.54079,38.12276]]],"type":"Polygon"},"properties":{"bbox":{"roads":{"area":2254.02,"pct":10.19}},"city_same":1,"id":"hex:3602:24361"},"type":"Feature"},{"geometry":{"coordinates":[[[-122.53786,38.0447],[-122.53843,38.04548],[-122.53957,38.04549],[-122.54014,38.04471],[-122.53958,38.04393],[-122.53844,38.04392],[-122.53786,38.0447]]],"type":"Polygon"},"properties":{"bbox":{"roads":{"area":3205.62,"pct":12.34}},"city_same":1,"id":"hex:3603:24311"},"type":"Feature"},{"geometry":{"coordinates":[[[-122.53785,38.04626],[-122.53842,38.04704],[-122.53956,38.04705],[-122.54013,38.04627],[-122.53957,38.04549],[-122.53843,38.04548],[-122.53785,38.04626]]],"type":"Polygon"},"properties":{"bbox":{"roads":{"area":2671.99,"pct":10.28},"sidewalks":{"area":139.25,"pct":0.54}},"city_same":1,"id":"hex:3603:24312"},"type":"Feature"},{"geometry":{"coordinates":[[[-122.53784,38.04782],[-122.53841,38.0486],[-122.53955,38.04861],[-122.54012,38.04783],[-122.53956,38.04705],[-122.53842,38.04704],[-122.53784,38.04782]]],"type":"Polygon"},"properties":{"bbox":{"roads":{"area":2492.47,"pct":9.59}},"city_same":1,"id":"hex:3603:24313"},"type":"Feature"},{"geometry":{"coordinates":[[[[-122.53944,38.06578],[-122.5383,38.06578],[-122.53773,38.06499],[-122.53829,38.06424],[-122.53984,38.06524],[-122.53944,38.06578]]],[[[-122.54001,38.065],[-122.53988,38.06492],[-122.53984,38.06479],[-122.53985,38.06478],[-122.54001,38.065]]]],"type":"MultiPolygon"},"properties":{"bbox":{"roads":{"area":2383.91,"pct":12.7}},"city":{"roads":{"area":1261.69,"pct":6.72}},"id":"hex:3603:24324"},"type":"Feature"},{"geometry":{"coordinates":[[[-122.53772,38.06655],[-122.53829,38.06734],[-122.53943,38.06734],[-122.54,38.06656],[-122.53944,38.06578],[-122.5383,38.06578],[-122.53772,38.06655]]],"type":"Polygon"},"properties":{"bbox":{"roads":{"area":8233.94,"pct":31.69},"sidewalks":{"area":561.79,"pct":2.16}},"city":{"roads":{"area":2083.78,"pct":8.02},"sidewalks":{"area":561.79,"pct":2.16}},"id":"hex:3603:24325"},"type":"Feature"},{"geometry":{"coordinates":[[[-122.53771,38.06811],[-122.53828,38.0689],[-122.53942,38.0689],[-122.53999,38.06812],[-122.53943,38.06734],[-122.53829,38.06734],[-122.53771,38.06811]]],"type":"Polygon"},"properties":{"bbox":{"roads":{"area":10297.23,"pct":39.63},"sidewalks":{"area":7.62,"pct":0.03}},"city":{"roads":{"area":2325.68,"pct":8.95},"sidewalks":{"area":7.62,"pct":0.03}},"id":"hex:3603:24326"},"type":"Feature"},{"geometry":{"coordinates":[[[-122.5377,38.06968],[-122.53827,38.07046],[-122.53941,38.07046],[-122.53998,38.06968],[-122.53942,38.0689],[-122.53828,38.0689],[-122.5377,38.06968]]],"type":"Polygon"},"properties":{"bbox":{"roads":{"area":8877.68,"pct":34.17}},"city":{"roads":{"area":1757.1,"pct":6.76}},"id":"hex:3603:24327"},"type":"Feature"},{"geometry":{"coordinates":[[[-122.53769,38.07124],[-122.53826,38.07202],[-122.5394,38.07202],[-122.53997,38.07125],[-122.53941,38.07046],[-122.53827,38.07046],[-122.53769,38.07124]]],"type":"Polygon"},"properties":{"bbox":{"roads":{"area":6998.32,"pct":26.94}},"city":{"roads":{"area":2535.69,"pct":9.76}},"id":"hex:3603:24328"},"type":"Feature"},{"geometry":{"coordinates":[[[-122.53768,38.0728],[-122.53825,38.07358],[-122.53939,38.07358],[-122.53996,38.07281],[-122.5394,38.07202],[-122.53826,38.07202],[-122.53768,38.0728]]],"type":"Polygon"},"properties":{"bbox":{"roads":{"area":3933.52,"pct":15.14}},"city_same":1,"id":"hex:3603:24329"},"type":"Feature"},{"geometry":{"coordinates":[[[-122.53767,38.07436],[-122.53824,38.07514],[-122.53938,38.07515],[-122.53996,38.07437],[-122.53939,38.07358],[-122.53825,38.07358],[-122.53767,38.07436]]],"type":"Polygon"},"properties":{"bbox":{"parking":{"area":1051.12,"pct":4.05},"roads":{"area":4824.11,"pct":18.57},"sidewalks":{"area":31.27,"pct":0.12}},"city_same":1,"id":"hex:3603:24330"},"type":"Feature"},{"geometry":{"coordinates":[[[-122.53767,38.07592],[-122.53823,38.0767],[-122.53937,38.07671],[-122.53995,38.07593],[-122.53938,38.07515],[-122.53824,38.07514],[-122.53767,38.07592]]],"type":"Polygon"},"properties":{"bbox":{"parking":{"area":58.66,"pct":0.23},"roads":{"area":2179.05,"pct":8.39}},"city_same":1,"id":"hex:3603:24331"},"type":"Feature"},{"geometry":{"coordinates":[[[[-122.53766,38.07748],[-122.53823,38.0767],[-122.53937,38.07671],[-122.53967,38.07712],[-122.53967,38.07713],[-122.53974,38.07726],[-122.53976,38.07725],[-122.53994,38.07749],[-122.53978,38.0777],[-122.53977,38.0777],[-122.53976,38.0777],[-122.53968,38.07776],[-122.53967,38.07777],[-122.53966,38.07777],[-122.53962,38.07779],[-122.53961,38.0778],[-122.5396,38.07781],[-122.53957,38.07783],[-122.53956,38.07782],[-122.53956,38.0778],[-122.53956,38.07779],[-122.53955,38.07779],[-122.53952,38.07778],[-122.53952,38.07775],[-122.53951,38.07773],[-122.53949,38.07772],[-122.53947,38.07771],[-122.53944,38.07771],[-122.53943,38.07772],[-122.5394,38.07772],[-122.5394,38.07774],[-122.53941,38.07775],[-122.5394,38.07776],[-122.5394,38.07778],[-122.53941,38.07779],[-122.53943,38.07779],[-122.53942,38.07778],[-122.53943,38.07776],[-122.53943,38.07775],[-122.53945,38.07774],[-122.53947,38.07774],[-122.53949,38.07774],[-122.5395,38.07775],[-122.53951,38.07776],[-122.5395,38.07777],[-122.53949,38.07778],[-122.5395,38.07779],[-122.53951,38.07779],[-122.53953,38.07781],[-122.53954,38.07782],[-122.53955,38.07784],[-122.53954,38.07786],[-122.53953,38.07788],[-122.5395,38.0779],[-122.5395,38.07792],[-122.53952,38.07792],[-122.53953,38.07793],[-122.53956,38.07792],[-122.53961,38.0779],[-122.53965,38.07788],[-122.53936,38.07827],[-122.5392,38.07827],[-122.53923,38.07826],[-122.53926,38.07824],[-122.53928,38.07822],[-122.5393,38.07821],[-122.5393,38.07818],[-122.5393,38.07815],[-122.5393,38.07814],[-122.53927,38.07808],[-122.53926,38.07806],[-122.53924,38.07804],[-122.53922,38.07803],[-122.5392,38.07803],[-122.53918,38.07802],[-122.53915,38.07802],[-122.53911,38.07803],[-122.53842,38.07826],[-122.5383,38.07826],[-122.5391,38.078],[-122.53913,38.07799],[-122.53915,38.07798],[-122.53916,38.07796],[-122.53917,38.07794],[-122.53918,38.07792],[-122.53918,38.0779],[-122.53917,38.07788],[-122.53913,38.07778],[-122.53911,38.07777],[-122.53909,38.07776],[-122.53907,38.07775],[-122.53906,38.07774],[-122.53903,38.07774],[-122.53901,38.07774],[-122.53899,38.07774],[-122.53897,38.07775],[-122.53807,38.07805],[-122.53807,38.07805],[-122.53766,38.07748]],[[-122.53814,38.07737],[-122.53818,38.07739],[-122.53822,38.07739],[-122.53826,38.07738],[-122.53829,38.07737],[-122.53831,38.07734],[-122.53833,38.07731],[-122.53833,38.07728],[-122.53831,38.07725],[-122.53829,38.07723],[-122.53826,38.07721],[-122.53822,38.0772],[-122.53818,38.0772],[-122.53814,38.07722],[-122.53811,38.07724],[-122.53809,38.07726],[-122.53809,38.07729],[-122.53809,38.07732],[-122.53811,38.07735],[-122.53814,38.07737]],[[-122.53847,38.07731],[-122.53848,38.07735],[-122.5385,38.07738],[-122.53852,38.07741],[-122.53856,38.07743],[-122.5386,38.07745],[-122.53864,38.07746],[-122.53869,38.07746],[-122.53873,38.07746],[-122.53878,38.07745],[-122.53881,38.07743],[-122.53885,38.0774],[-122.53887,38.07737],[-122.53889,38.07734],[-122.5389,38.0773],[-122.53889,38.07727],[-122.53888,38.07723],[-122.53886,38.0772],[-122.53883,38.07718],[-122.53879,38.07715],[-122.53875,38.07714],[-122.5387,38.07713],[-122.53866,38.07713],[-122.53861,38.07714],[-122.53857,38.07716],[-122.53854,38.07718],[-122.53851,38.07721],[-122.53849,38.07724],[-122.53847,38.07727],[-122.53847,38.07731]],[[-122.53928,38.07762],[-122.53929,38.07763],[-122.5393,38.07763],[-122.53931,38.07763],[-122.53931,38.07761],[-122.53931,38.0776],[-122.53931,38.07758],[-122.5393,38.07758],[-122.53929,38.07758],[-122.53929,38.07757],[-122.5393,38.07756],[-122.5393,38.07755],[-122.53928,38.07755],[-122.53927,38.07755],[-122.53927,38.07753],[-122.53928,38.07751],[-122.53928,38.0775],[-122.53927,38.07751],[-122.53926,38.07752],[-122.53925,38.07752],[-122.53924,38.07754],[-122.53924,38.07755],[-122.53925,38.07754],[-122.53925,38.07754],[-122.53926,38.07755],[-122.53926,38.07756],[-122.53926,38.07757],[-122.53925,38.07758],[-122.53924,38.07759],[-122.53925,38.0776],[-122.53925,38.07761],[-122.53926,38.07762],[-122.53928,38.07762]]],[[[-122.53972,38.07779],[-122.53972,38.07778],[-122.53972,38.07778],[-122.53972,38.07779]]]],"type":"MultiPolygon"},"properties":{"bbox":{"roads":{"area":1832.78,"pct":9.03}},"city_same":1,"id":"hex:3603:24332"},"type":"Feature"},{"geometry":{"coordinates":[[[-122.53936,38.07827],[-122.5394,38.07832],[-122.53778,38.07886],[-122.53793,38.07866],[-122.53804,38.07863],[-122.53807,38.07861],[-122.53807,38.0786],[-122.53808,38.07858],[-122.53808,38.07855],[-122.53805,38.07851],[-122.53805,38.0785],[-122.53819,38.0783],[-122.5382,38.0783],[-122.5383,38.07826],[-122.53842,38.07826],[-122.53822,38.07833],[-122.53819,38.07834],[-122.53817,38.07836],[-122.53816,38.07838],[-122.53815,38.0784],[-122.53815,38.07842],[-122.53815,38.07844],[-122.53819,38.07851],[-122.5382,38.07852],[-122.53822,38.07853],[-122.53824,38.07855],[-122.53826,38.07855],[-122.53829,38.07856],[-122.53831,38.07856],[-122.53834,38.07855],[-122.5392,38.07827],[-122.53936,38.07827]]],"type":"Polygon"},"properties":{"bbox":{"roads":{"area":478.11,"pct":22.44}},"city_same":1,"id":"hex:3603:24333"},"type":"Feature"},{"geometry":{"coordinates":[[[-122.5399,38.08373],[-122.53932,38.08451],[-122.53818,38.08451],[-122.53789,38.08411],[-122.53936,38.08299],[-122.5399,38.08373]]],"type":"Polygon"},"properties":{"bbox":{"roads":{"area":2683.48,"pct":15.78}},"id":"hex:3603:24336"},"type":"Feature"},{"geometry":{"coordinates":[[[-122.53761,38.08529],[-122.53817,38.08607],[-122.53931,38.08607],[-122.53989,38.08529],[-122.53932,38.08451],[-122.53818,38.08451],[-122.53761,38.08529]]],"type":"Polygon"},"properties":{"bbox":{"roads":{"area":1078.68,"pct":4.15}},"id":"hex:3603:24337"},"type":"Feature"},{"geometry":{"coordinates":[[[-122.5375,38.10246],[-122.53806,38.10324],[-122.5392,38.10324],[-122.53978,38.10247],[-122.53921,38.10168],[-122.53807,38.10168],[-122.5375,38.10246]]],"type":"Polygon"},"properties":{"bbox":{"roads":{"area":2133.79,"pct":8.21}},"city_same":1,"id":"hex:3603:24348"},"type":"Feature"},{"geometry":{"coordinates":[[[-122.53749,38.10402],[-122.53805,38.1048],[-122.53919,38.10481],[-122.53977,38.10403],[-122.5392,38.10324],[-122.53806,38.10324],[-122.53749,38.10402]]],"type":"Polygon"},"properties":{"bbox":{"roads":{"area":548.92,"pct":2.11}},"city_same":1,"id":"hex:3603:24349"},"type":"Feature"},{"geometry":{"coordinates":[[[-122.53748,38.10558],[-122.53805,38.1048],[-122.53919,38.10481],[-122.53958,38.10533],[-122.53925,38.10508],[-122.53802,38.10572],[-122.53782,38.10606],[-122.53748,38.10558]]],"type":"Polygon"},"properties":{"bbox":{"roads":{"area":403.11,"pct":3.76}},"city_same":1,"id":"hex:3603:24350"},"type":"Feature"},{"geometry":{"coordinates":[[[-122.53911,38.11885],[-122.53796,38.11885],[-122.5374,38.11807],[-122.53776,38.11757],[-122.53786,38.11767],[-122.53832,38.11803],[-122.53836,38.118],[-122.53853,38.11814],[-122.53906,38.11856],[-122.53903,38.11859],[-122.5392,38.11873],[-122.53911,38.11885]]],"type":"Polygon"},"properties":{"bbox":{"roads":{"area":197.64,"pct":1.71}},"city_same":1,"id":"hex:3603:24358"},"type":"Feature"},{"geometry":{"coordinates":[[[-122.53739,38.11963],[-122.53796,38.12041],[-122.5391,38.12042],[-122.53967,38.11964],[-122.53911,38.11885],[-122.53796,38.11885],[-122.53739,38.11963]]],"type":"Polygon"},"properties":{"bbox":{"roads":{"area":318.99,"pct":1.23}},"city_same":1,"id":"hex:3603:24359"},"type":"Feature"},{"geometry":{"coordinates":[[[-122.53738,38.12119],[-122.53795,38.12197],[-122.53909,38.12198],[-122.53966,38.1212],[-122.5391,38.12042],[-122.53796,38.12041],[-122.53738,38.12119]]],"type":"Polygon"},"properties":{"bbox":{"roads":{"area":369.29,"pct":1.42}},"city_same":1,"id":"hex:3603:24360"},"type":"Feature"},{"geometry":{"coordinates":[[[-122.53737,38.12275],[-122.53794,38.12353],[-122.53908,38.12354],[-122.53965,38.12276],[-122.53909,38.12198],[-122.53795,38.12197],[-122.53737,38.12275]]],"type":"Polygon"},"properties":{"bbox":{"roads":{"area":1271.79,"pct":4.9}},"city_same":1,"id":"hex:3603:24361"},"type":"Feature"},{"geometry":{"coordinates":[[[-122.53787,38.04314],[-122.53673,38.04313],[-122.53617,38.04235],[-122.53627,38.04222],[-122.53709,38.04253],[-122.53801,38.04296],[-122.53787,38.04314]]],"type":"Polygon"},"properties":{"bbox":{"roads":{"area":461.86,"pct":5.65}},"id":"hex:3604:24310"},"type":"Feature"},{"geometry":{"coordinates":[[[-122.53615,38.04547],[-122.53671,38.04626],[-122.53785,38.04626],[-122.53843,38.04548],[-122.53786,38.0447],[-122.53672,38.04469],[-122.53615,38.04547]]],"type":"Polygon"},"properties":{"bbox":{"roads":{"area":3129.38,"pct":12.04}},"city_same":1,"id":"hex:3604:24312"},"type":"Feature"},{"geometry":{"coordinates":[[[-122.53614,38.04703],[-122.5367,38.04782],[-122.53784,38.04782],[-122.53842,38.04704],[-122.53785,38.04626],[-122.53671,38.04626],[-122.53614,38.04703]]],"type":"Polygon"},"properties":{"bbox":{"roads":{"area":457.99,"pct":1.76}},"city_same":1,"id":"hex:3604:24313"},"type":"Feature"},{"geometry":{"coordinates":[[[-122.53613,38.0486],[-122.53669,38.04938],[-122.53783,38.04938],[-122.53841,38.0486],[-122.53784,38.04782],[-122.5367,38.04782],[-122.53613,38.0486]]],"type":"Polygon"},"properties":{"bbox":{"parking":{"area":487.59,"pct":1.88},"roads":{"area":722.61,"pct":2.78}},"city_same":1,"id":"hex:3604:24314"},"type":"Feature"},{"geometry":{"coordinates":[[[-122.53773,38.06499],[-122.53659,38.06499],[-122.53603,38.06421],[-122.53646,38.06362],[-122.53666,38.06372],[-122.53747,38.06384],[-122.53788,38.06398],[-122.53829,38.06424],[-122.53773,38.06499]]],"type":"Polygon"},"properties":{"bbox":{"roads":{"area":1557.54,"pct":7.67}},"city":{"roads":{"area":1337.9,"pct":6.59}},"id":"hex:3604:24324"},"type":"Feature"},{"geometry":{"coordinates":[[[-122.53602,38.06577],[-122.53658,38.06655],[-122.53772,38.06655],[-122.5383,38.06578],[-122.53773,38.06499],[-122.53659,38.06499],[-122.53602,38.06577]]],"type":"Polygon"},"properties":{"bbox":{"roads":{"area":11606.58,"pct":44.67},"sidewalks":{"area":410.78,"pct":1.58}},"city":{"roads":{"area":677.45,"pct":2.61},"sidewalks":{"area":410.78,"pct":1.58}},"id":"hex:3604:24325"},"type":"Feature"},{"geometry":{"coordinates":[[[-122.53601,38.06733],[-122.53657,38.06811],[-122.53771,38.06811],[-122.53829,38.06734],[-122.53772,38.06655],[-122.53658,38.06655],[-122.53601,38.06733]]],"type":"Polygon"},"properties":{"bbox":{"roads":{"area":6177.69,"pct":23.78},"sidewalks":{"area":265.75,"pct":1.02}},"city":{"roads":{"area":1793.3,"pct":6.9},"sidewalks":{"area":265.75,"pct":1.02}},"id":"hex:3604:24326"},"type":"Feature"},{"geometry":{"coordinates":[[[-122.536,38.06889],[-122.53656,38.06967],[-122.5377,38.06968],[-122.53828,38.0689],[-122.53771,38.06811],[-122.53657,38.06811],[-122.536,38.06889]]],"type":"Polygon"},"properties":{"bbox":{"roads":{"area":1835.95,"pct":7.07}},"city_same":1,"id":"hex:3604:24327"},"type":"Feature"},{"geometry":{"coordinates":[[[-122.53599,38.07045],[-122.53655,38.07123],[-122.53769,38.07124],[-122.53827,38.07046],[-122.5377,38.06968],[-122.53656,38.06967],[-122.53599,38.07045]]],"type":"Polygon"},"properties":{"bbox":{"roads":{"area":4194.72,"pct":16.15}},"city_same":1,"id":"hex:3604:24328"},"type":"Feature"},{"geometry":{"coordinates":[[[-122.53598,38.07201],[-122.53654,38.07279],[-122.53768,38.0728],[-122.53826,38.07202],[-122.53769,38.07124],[-122.53655,38.07123],[-122.53598,38.07201]]],"type":"Polygon"},"properties":{"bbox":{"roads":{"area":5355.01,"pct":20.61}},"city_same":1,"id":"hex:3604:24329"},"type":"Feature"},{"geometry":{"coordinates":[[[-122.53597,38.07357],[-122.53653,38.07435],[-122.53767,38.07436],[-122.53825,38.07358],[-122.53768,38.0728],[-122.53654,38.07279],[-122.53597,38.07357]]],"type":"Polygon"},"properties":{"bbox":{"parking":{"area":130.44,"pct":0.5},"roads":{"area":5154.01,"pct":19.84},"sidewalks":{"area":171.41,"pct":0.66}},"city_same":1,"id":"hex:3604:24330"},"type":"Feature"},{"geometry":{"coordinates":[[[-122.53596,38.07513],[-122.53652,38.07592],[-122.53767,38.07592],[-122.53824,38.07514],[-122.53767,38.07436],[-122.53653,38.07435],[-122.53596,38.07513]]],"type":"Polygon"},"properties":{"bbox":{"parking":{"area":5598.71,"pct":21.55},"roads":{"area":4638.08,"pct":17.85},"sidewalks":{"area":292.48,"pct":1.13}},"city_same":1,"id":"hex:3604:24331"},"type":"Feature"},{"geometry":{"coordinates":[[[-122.53595,38.07669],[-122.53652,38.07592],[-122.53767,38.07592],[-122.53823,38.0767],[-122.53766,38.07748],[-122.53652,38.07748],[-122.53638,38.07729],[-122.53637,38.07725],[-122.53634,38.07723],[-122.53595,38.07669]]],"type":"Polygon"},"properties":{"bbox":{"parking":{"area":993,"pct":3.82},"roads":{"area":4241.12,"pct":16.33},"sidewalks":{"area":63.32,"pct":0.24}},"city_same":1,"id":"hex:3604:24332"},"type":"Feature"},{"geometry":{"coordinates":[[[-122.53778,38.07886],[-122.53776,38.07886],[-122.53732,38.07836],[-122.53659,38.07836],[-122.53644,38.07758],[-122.53652,38.07748],[-122.53766,38.07748],[-122.53807,38.07805],[-122.53805,38.07806],[-122.53804,38.07807],[-122.53802,38.07808],[-122.53801,38.07809],[-122.538,38.07811],[-122.538,38.07813],[-122.538,38.07815],[-122.53801,38.07816],[-122.53806,38.07825],[-122.53807,38.07827],[-122.53809,38.07829],[-122.53811,38.0783],[-122.53814,38.0783],[-122.53817,38.0783],[-122.53819,38.0783],[-122.53805,38.0785],[-122.53805,38.07849],[-122.53802,38.07845],[-122.53799,38.0784],[-122.53796,38.07839],[-122.53793,38.07839],[-122.53791,38.0784],[-122.53784,38.07842],[-122.53778,38.07844],[-122.53774,38.07847],[-122.53771,38.07848],[-122.5377,38.07852],[-122.53772,38.07856],[-122.53776,38.07861],[-122.5378,38.07864],[-122.53781,38.07866],[-122.53783,38.07867],[-122.53786,38.07868],[-122.53788,38.07868],[-122.53793,38.07866],[-122.53778,38.07886]],[[-122.53727,38.07812],[-122.53729,38.07814],[-122.53731,38.07816],[-122.53786,38.07799],[-122.53787,38.07798],[-122.53788,38.07796],[-122.53788,38.07795],[-122.53787,38.07792],[-122.53786,38.07791],[-122.53785,38.0779],[-122.53783,38.07789],[-122.53781,38.07789],[-122.53725,38.07806],[-122.53726,38.07808],[-122.53726,38.0781],[-122.53727,38.07812]],[[-122.53756,38.07834],[-122.5376,38.07837],[-122.53764,38.07838],[-122.53768,38.07839],[-122.53781,38.07835],[-122.53786,38.07834],[-122.5379,38.07832],[-122.53793,38.0783],[-122.53794,38.07828],[-122.53794,38.07827],[-122.53791,38.07821],[-122.5379,38.07819],[-122.53787,38.07813],[-122.53784,38.07812],[-122.53782,38.0781],[-122.53779,38.0781],[-122.53774,38.0781],[-122.53752,38.07817],[-122.53748,38.07819],[-122.53747,38.07822],[-122.53747,38.07824],[-122.53749,38.07827],[-122.53752,38.07831],[-122.53756,38.07834]]],"type":"Polygon"},"properties":{"bbox":{"roads":{"area":847.22,"pct":7.07}},"city_same":1,"id":"hex:3604:24333"},"type":"Feature"},{"geometry":{"coordinates":[[[-122.53818,38.08451],[-122.53761,38.08529],[-122.53647,38.08528],[-122.53642,38.08522],[-122.53789,38.08411],[-122.53818,38.08451]]],"type":"Polygon"},"properties":{"bbox":{"roads":{"area":940.98,"pct":10.01}},"id":"hex:3604:24337"},"type":"Feature"},{"geometry":{"coordinates":[[[-122.53589,38.08606],[-122.53646,38.08684],[-122.5376,38.08685],[-122.53817,38.08607],[-122.53761,38.08529],[-122.53647,38.08528],[-122.53589,38.08606]]],"type":"Polygon"},"properties":{"bbox":{"roads":{"area":2329.36,"pct":8.97}},"id":"hex:3604:24338"},"type":"Feature"},{"geometry":{"coordinates":[[[-122.53579,38.10167],[-122.53636,38.10245],[-122.5375,38.10246],[-122.53807,38.10168],[-122.53751,38.1009],[-122.53637,38.10089],[-122.53579,38.10167]]],"type":"Polygon"},"properties":{"bbox":{"roads":{"area":1892.17,"pct":7.28}},"city_same":1,"id":"hex:3604:24348"},"type":"Feature"},{"geometry":{"coordinates":[[[-122.53578,38.10323],[-122.53635,38.10401],[-122.53749,38.10402],[-122.53806,38.10324],[-122.5375,38.10246],[-122.53636,38.10245],[-122.53578,38.10323]]],"type":"Polygon"},"properties":{"bbox":{"roads":{"area":1058.27,"pct":4.07}},"city_same":1,"id":"hex:3604:24349"},"type":"Feature"},{"geometry":{"coordinates":[[[-122.53577,38.10479],[-122.53634,38.10557],[-122.53748,38.10558],[-122.53805,38.1048],[-122.53749,38.10402],[-122.53635,38.10401],[-122.53577,38.10479]]],"type":"Polygon"},"properties":{"bbox":{"roads":{"area":960.21,"pct":3.7}},"city_same":1,"id":"hex:3604:24350"},"type":"Feature"},{"geometry":{"coordinates":[[[-122.5374,38.11807],[-122.53796,38.11885],[-122.53739,38.11963],[-122.53625,38.11962],[-122.53576,38.11895],[-122.53625,38.11818],[-122.53636,38.11806],[-122.5374,38.11807]]],"type":"Polygon"},"properties":{"bbox":{"roads":{"area":278.86,"pct":1.11}},"city_same":1,"id":"hex:3604:24359"},"type":"Feature"},{"geometry":{"coordinates":[[[-122.53567,38.1204],[-122.53624,38.12118],[-122.53738,38.12119],[-122.53796,38.12041],[-122.53739,38.11963],[-122.53625,38.11962],[-122.53567,38.1204]]],"type":"Polygon"},"properties":{"bbox":{"roads":{"area":1018.94,"pct":3.92}},"city_same":1,"id":"hex:3604:24360"},"type":"Feature"},{"geometry":{"coordinates":[[[-122.53566,38.12196],[-122.53623,38.12275],[-122.53737,38.12275],[-122.53795,38.12197],[-122.53738,38.12119],[-122.53624,38.12118],[-122.53566,38.12196]]],"type":"Polygon"},"properties":{"bbox":{"roads":{"area":72.37,"pct":0.28}},"city_same":1,"id":"hex:3604:24361"},"type":"Feature"},{"geometry":{"coordinates":[[[-122.53565,38.12352],[-122.53622,38.12431],[-122.53736,38.12431],[-122.53794,38.12353],[-122.53737,38.12275],[-122.53623,38.12275],[-122.53565,38.12352]]],"type":"Polygon"},"properties":{"bbox":{"roads":{"area":1064.19,"pct":4.1}},"city_same":1,"id":"hex:3604:24362"},"type":"Feature"},{"geometry":{"coordinates":[[[-122.53617,38.04235],[-122.53503,38.04235],[-122.53483,38.04207],[-122.53553,38.04194],[-122.53627,38.04222],[-122.53617,38.04235]]],"type":"Polygon"},"properties":{"bbox":{"roads":{"area":447.13,"pct":11.35}},"id":"hex:3605:24309"},"type":"Feature"},{"geometry":{"coordinates":[[[-122.53445,38.04312],[-122.53502,38.04391],[-122.53616,38.04391],[-122.53673,38.04313],[-122.53617,38.04235],[-122.53503,38.04235],[-122.53445,38.04312]]],"type":"Polygon"},"properties":{"bbox":{"roads":{"area":6858,"pct":26.4}},"id":"hex:3605:24310"},"type":"Feature"},{"geometry":{"coordinates":[[[-122.53444,38.04469],[-122.53501,38.04547],[-122.53615,38.04547],[-122.53672,38.04469],[-122.53616,38.04391],[-122.53502,38.04391],[-122.53444,38.04469]]],"type":"Polygon"},"properties":{"bbox":{"roads":{"area":3853.67,"pct":14.83}},"city":{"roads":{"area":1443.98,"pct":5.56}},"id":"hex:3605:24311"},"type":"Feature"},{"geometry":{"coordinates":[[[-122.53443,38.04625],[-122.535,38.04703],[-122.53614,38.04703],[-122.53671,38.04626],[-122.53615,38.04547],[-122.53501,38.04547],[-122.53443,38.04625]]],"type":"Polygon"},"properties":{"bbox":{"roads":{"area":2209.71,"pct":8.51}},"city_same":1,"id":"hex:3605:24312"},"type":"Feature"},{"geometry":{"coordinates":[[[-122.53442,38.04781],[-122.53499,38.04859],[-122.53613,38.0486],[-122.5367,38.04782],[-122.53614,38.04703],[-122.535,38.04703],[-122.53442,38.04781]]],"type":"Polygon"},"properties":{"bbox":{"roads":{"area":897.51,"pct":3.45}},"city_same":1,"id":"hex:3605:24313"},"type":"Feature"},{"geometry":{"coordinates":[[[-122.53441,38.04937],[-122.53498,38.05015],[-122.53612,38.05016],[-122.53669,38.04938],[-122.53613,38.0486],[-122.53499,38.04859],[-122.53441,38.04937]]],"type":"Polygon"},"properties":{"bbox":{"roads":{"area":215.94,"pct":0.83}},"city_same":1,"id":"hex:3605:24314"},"type":"Feature"},{"geometry":{"coordinates":[[[-122.5344,38.05093],[-122.53497,38.05171],[-122.53611,38.05172],[-122.53668,38.05094],[-122.53612,38.05016],[-122.53498,38.05015],[-122.5344,38.05093]]],"type":"Polygon"},"properties":{"bbox":{"roads":{"area":836.24,"pct":3.22}},"city_same":1,"id":"hex:3605:24315"},"type":"Feature"},{"geometry":{"coordinates":[[[-122.53436,38.05717],[-122.53493,38.05796],[-122.53607,38.05796],[-122.53664,38.05718],[-122.53608,38.0564],[-122.53494,38.0564],[-122.53436,38.05717]]],"type":"Polygon"},"properties":{"bbox":{"roads":{"area":192.55,"pct":0.74}},"city_same":1,"id":"hex:3605:24319"},"type":"Feature"},{"geometry":{"coordinates":[[[-122.53435,38.05874],[-122.53492,38.05952],[-122.53606,38.05952],[-122.53663,38.05874],[-122.53607,38.05796],[-122.53493,38.05796],[-122.53435,38.05874]]],"type":"Polygon"},"properties":{"bbox":{"roads":{"area":1482.45,"pct":5.71}},"city_same":1,"id":"hex:3605:24320"},"type":"Feature"},{"geometry":{"coordinates":[[[-122.53434,38.0603],[-122.53491,38.06108],[-122.53605,38.06108],[-122.53662,38.06031],[-122.53606,38.05952],[-122.53492,38.05952],[-122.53434,38.0603]]],"type":"Polygon"},"properties":{"bbox":{"roads":{"area":1173.95,"pct":4.52}},"city_same":1,"id":"hex:3605:24321"},"type":"Feature"},{"geometry":{"coordinates":[[[[-122.5349,38.06264],[-122.53433,38.06186],[-122.5344,38.06177],[-122.53472,38.06204],[-122.53531,38.06264],[-122.5349,38.06264]]],[[[-122.53628,38.06232],[-122.5361,38.06248],[-122.53484,38.06118],[-122.53491,38.06108],[-122.53605,38.06108],[-122.53661,38.06187],[-122.53656,38.06194],[-122.53652,38.06196],[-122.53641,38.06214],[-122.53628,38.06232]]]],"type":"MultiPolygon"},"properties":{"bbox":{"roads":{"area":403.57,"pct":2.7}},"city_same":1,"id":"hex:3605:24322"},"type":"Feature"},{"geometry":{"coordinates":[[[-122.53603,38.06421],[-122.53489,38.0642],[-122.53432,38.06342],[-122.5349,38.06264],[-122.53531,38.06264],[-122.53544,38.06277],[-122.5358,38.06323],[-122.5361,38.06347],[-122.53646,38.06362],[-122.53603,38.06421]]],"type":"Polygon"},"properties":{"bbox":{"roads":{"area":6199.82,"pct":30.44}},"city":{"roads":{"area":667.17,"pct":3.28}},"id":"hex:3605:24323"},"type":"Feature"},{"geometry":{"coordinates":[[[-122.53431,38.06498],[-122.53488,38.06576],[-122.53602,38.06577],[-122.53659,38.06499],[-122.53603,38.06421],[-122.53489,38.0642],[-122.53431,38.06498]]],"type":"Polygon"},"properties":{"bbox":{"parking":{"area":909.76,"pct":3.5},"roads":{"area":8765.57,"pct":33.74}},"city":{"parking":{"area":909.76,"pct":3.5},"roads":{"area":153.8,"pct":0.59}},"id":"hex:3605:24324"},"type":"Feature"},{"geometry":{"coordinates":[[[-122.5343,38.06654],[-122.53487,38.06732],[-122.53601,38.06733],[-122.53658,38.06655],[-122.53602,38.06577],[-122.53488,38.06576],[-122.5343,38.06654]]],"type":"Polygon"},"properties":{"bbox":{"parking":{"area":240.99,"pct":0.93},"roads":{"area":2078.08,"pct":8},"sidewalks":{"area":156.36,"pct":0.6}},"city":{"parking":{"area":240.99,"pct":0.93},"roads":{"area":2073.89,"pct":7.98},"sidewalks":{"area":156.36,"pct":0.6}},"id":"hex:3605:24325"},"type":"Feature"},{"geometry":{"coordinates":[[[-122.53429,38.0681],[-122.53486,38.06888],[-122.536,38.06889],[-122.53657,38.06811],[-122.53601,38.06733],[-122.53487,38.06732],[-122.53429,38.0681]]],"type":"Polygon"},"properties":{"bbox":{"roads":{"area":4944.47,"pct":19.03},"sidewalks":{"area":468.81,"pct":1.8}},"city_same":1,"id":"hex:3605:24326"},"type":"Feature"},{"geometry":{"coordinates":[[[-122.53428,38.06966],[-122.53485,38.07044],[-122.53599,38.07045],[-122.53656,38.06967],[-122.536,38.06889],[-122.53486,38.06888],[-122.53428,38.06966]]],"type":"Polygon"},"properties":{"bbox":{"roads":{"area":5362.3,"pct":20.64}},"city_same":1,"id":"hex:3605:24327"},"type":"Feature"},{"geometry":{"coordinates":[[[-122.53427,38.07122],[-122.53484,38.07201],[-122.53598,38.07201],[-122.53655,38.07123],[-122.53599,38.07045],[-122.53485,38.07044],[-122.53427,38.07122]]],"type":"Polygon"},"properties":{"bbox":{"roads":{"area":4963.27,"pct":19.1}},"city_same":1,"id":"hex:3605:24328"},"type":"Feature"},{"geometry":{"coordinates":[[[-122.53426,38.07278],[-122.53483,38.07357],[-122.53597,38.07357],[-122.53654,38.07279],[-122.53598,38.07201],[-122.53484,38.07201],[-122.53426,38.07278]]],"type":"Polygon"},"properties":{"bbox":{"roads":{"area":3750.63,"pct":14.44},"sidewalks":{"area":25.66,"pct":0.1}},"city_same":1,"id":"hex:3605:24329"},"type":"Feature"},{"geometry":{"coordinates":[[[-122.53425,38.07435],[-122.53482,38.07513],[-122.53596,38.07513],[-122.53653,38.07435],[-122.53597,38.07357],[-122.53483,38.07357],[-122.53425,38.07435]]],"type":"Polygon"},"properties":{"bbox":{"parking":{"area":3651.36,"pct":14.05},"roads":{"area":3760.34,"pct":14.47},"sidewalks":{"area":450.97,"pct":1.74}},"city_same":1,"id":"hex:3605:24330"},"type":"Feature"},{"geometry":{"coordinates":[[[-122.53424,38.07591],[-122.53482,38.07513],[-122.53596,38.07513],[-122.53652,38.07592],[-122.53595,38.07669],[-122.53558,38.07669],[-122.53555,38.07665],[-122.53542,38.07669],[-122.53537,38.07669],[-122.53536,38.07668],[-122.53533,38.07666],[-122.53531,38.07663],[-122.53526,38.07661],[-122.53525,38.07651],[-122.5352,38.07648],[-122.53512,38.07646],[-122.53503,38.07645],[-122.53493,38.07644],[-122.53484,38.07646],[-122.53478,38.07651],[-122.53471,38.07655],[-122.53424,38.07591]]],"type":"Polygon"},"properties":{"bbox":{"parking":{"area":3565.83,"pct":14.38},"roads":{"area":4639.39,"pct":18.71}},"city_same":1,"id":"hex:3605:24331"},"type":"Feature"},{"geometry":{"coordinates":[[[[-122.53652,38.07748],[-122.53644,38.07758],[-122.53638,38.07729],[-122.53652,38.07748]]],[[[-122.53595,38.07669],[-122.53634,38.07723],[-122.53568,38.07688],[-122.53558,38.07669],[-122.53595,38.07669]]],[[[-122.53542,38.07669],[-122.53538,38.07671],[-122.53537,38.07669],[-122.53542,38.07669]]],[[[-122.53461,38.07696],[-122.53463,38.07695],[-122.53468,38.07694],[-122.53472,38.07692],[-122.53477,38.07691],[-122.5348,38.07691],[-122.53459,38.07699],[-122.53461,38.07696]]],[[[-122.53513,38.07676],[-122.53518,38.07676],[-122.5352,38.07676],[-122.53521,38.07677],[-122.53486,38.07689],[-122.53489,38.07687],[-122.53494,38.07684],[-122.535,38.07682],[-122.53502,38.07679],[-122.53507,38.07678],[-122.5351,38.07677],[-122.53513,38.07676]]]],"type":"MultiPolygon"},"properties":{"bbox":{"roads":{"area":395.71,"pct":23.75}},"city_same":1,"id":"hex:3605:24332"},"type":"Feature"},{"geometry":{"coordinates":[[[[-122.53474,38.08762],[-122.53418,38.08683],[-122.53442,38.0865],[-122.53441,38.08656],[-122.53435,38.08674],[-122.53437,38.08686],[-122.53437,38.08691],[-122.53438,38.08697],[-122.53443,38.08704],[-122.53451,38.08713],[-122.53467,38.08734],[-122.53479,38.08755],[-122.53481,38.08762],[-122.53474,38.08762]]],[[[-122.53589,38.08606],[-122.53646,38.08684],[-122.53588,38.08762],[-122.53493,38.08762],[-122.53492,38.08754],[-122.53487,38.08742],[-122.53478,38.08726],[-122.53464,38.08711],[-122.53455,38.08698],[-122.53448,38.08688],[-122.53447,38.08671],[-122.53456,38.08637],[-122.53458,38.08628],[-122.53459,38.08628],[-122.53457,38.08664],[-122.53533,38.08606],[-122.53589,38.08606]]]],"type":"MultiPolygon"},"properties":{"bbox":{"roads":{"area":2465.63,"pct":10.96}},"id":"hex:3605:24338"},"type":"Feature"},{"geometry":{"coordinates":[[[-122.53466,38.1001],[-122.5358,38.10011],[-122.53637,38.10089],[-122.53579,38.10167],[-122.53465,38.10167],[-122.53459,38.10157],[-122.535,38.10132],[-122.53429,38.10061],[-122.53466,38.1001]]],"type":"Polygon"},"properties":{"bbox":{"roads":{"area":801.78,"pct":3.6}},"city_same":1,"id":"hex:3605:24347"},"type":"Feature"},{"geometry":{"coordinates":[[[-122.53408,38.10244],[-122.53465,38.10167],[-122.53579,38.10167],[-122.53636,38.10245],[-122.53578,38.10323],[-122.53485,38.10323],[-122.53491,38.10313],[-122.53465,38.10305],[-122.53426,38.1027],[-122.53408,38.10244]]],"type":"Polygon"},"properties":{"bbox":{"roads":{"area":3561.58,"pct":14.08}},"city_same":1,"id":"hex:3605:24348"},"type":"Feature"},{"geometry":{"coordinates":[[[-122.53578,38.10323],[-122.53635,38.10401],[-122.53577,38.10479],[-122.53463,38.10479],[-122.53426,38.10427],[-122.53485,38.10323],[-122.53578,38.10323]]],"type":"Polygon"},"properties":{"bbox":{"roads":{"area":1331,"pct":5.68}},"city_same":1,"id":"hex:3605:24349"},"type":"Feature"},{"geometry":{"coordinates":[[[-122.53625,38.11962],[-122.53567,38.1204],[-122.53453,38.1204],[-122.53428,38.12004],[-122.53439,38.11983],[-122.53571,38.11904],[-122.53576,38.11895],[-122.53625,38.11962]]],"type":"Polygon"},"properties":{"bbox":{"roads":{"area":753.36,"pct":4.62}},"city_same":1,"id":"hex:3605:24359"},"type":"Feature"},{"geometry":{"coordinates":[[[-122.53396,38.12118],[-122.53452,38.12196],[-122.53566,38.12196],[-122.53624,38.12118],[-122.53567,38.1204],[-122.53453,38.1204],[-122.53396,38.12118]]],"type":"Polygon"},"properties":{"bbox":{"roads":{"area":1263.57,"pct":4.86}},"city_same":1,"id":"hex:3605:24360"},"type":"Feature"},{"geometry":{"coordinates":[[[-122.53395,38.12274],[-122.53451,38.12352],[-122.53565,38.12352],[-122.53623,38.12275],[-122.53566,38.12196],[-122.53452,38.12196],[-122.53395,38.12274]]],"type":"Polygon"},"properties":{"bbox":{"roads":{"area":1047.34,"pct":4.03}},"city_same":1,"id":"hex:3605:24361"},"type":"Feature"},{"geometry":{"coordinates":[[[-122.53274,38.0439],[-122.5333,38.04468],[-122.53444,38.04469],[-122.53502,38.04391],[-122.53445,38.04312],[-122.53331,38.04312],[-122.53274,38.0439]]],"type":"Polygon"},"properties":{"bbox":{"roads":{"area":1703.99,"pct":6.56}},"id":"hex:3606:24311"},"type":"Feature"},{"geometry":{"coordinates":[[[-122.53273,38.04546],[-122.53329,38.04624],[-122.53443,38.04625],[-122.53501,38.04547],[-122.53444,38.04469],[-122.5333,38.04468],[-122.53273,38.04546]]],"type":"Polygon"},"properties":{"bbox":{"roads":{"area":7575.76,"pct":29.16}},"city":{"roads":{"area":826.68,"pct":3.18}},"id":"hex:3606:24312"},"type":"Feature"},{"geometry":{"coordinates":[[[-122.53272,38.04702],[-122.53328,38.0478],[-122.53442,38.04781],[-122.535,38.04703],[-122.53443,38.04625],[-122.53329,38.04624],[-122.53272,38.04702]]],"type":"Polygon"},"properties":{"bbox":{"roads":{"area":4931.49,"pct":18.98}},"city":{"roads":{"area":1222.06,"pct":4.7}},"id":"hex:3606:24313"},"type":"Feature"},{"geometry":{"coordinates":[[[-122.53271,38.04858],[-122.53327,38.04936],[-122.53441,38.04937],[-122.53499,38.04859],[-122.53442,38.04781],[-122.53328,38.0478],[-122.53271,38.04858]]],"type":"Polygon"},"properties":{"bbox":{"parking":{"area":2490.91,"pct":9.59},"roads":{"area":4744.73,"pct":18.26},"sidewalks":{"area":189.62,"pct":0.73}},"city":{"parking":{"area":2490.91,"pct":9.59},"roads":{"area":2829.95,"pct":10.89},"sidewalks":{"area":189.62,"pct":0.73}},"id":"hex:3606:24314"},"type":"Feature"},{"geometry":{"coordinates":[[[-122.5327,38.05014],[-122.53326,38.05093],[-122.5344,38.05093],[-122.53498,38.05015],[-122.53441,38.04937],[-122.53327,38.04936],[-122.5327,38.05014]]],"type":"Polygon"},"properties":{"bbox":{"roads":{"area":1626.92,"pct":6.26}},"city_same":1,"id":"hex:3606:24315"},"type":"Feature"},{"geometry":{"coordinates":[[[-122.53267,38.05483],[-122.53323,38.05561],[-122.53437,38.05561],[-122.53495,38.05483],[-122.53438,38.05405],[-122.53324,38.05405],[-122.53267,38.05483]]],"type":"Polygon"},"properties":{"bbox":{"roads":{"area":49.05,"pct":0.19}},"city_same":1,"id":"hex:3606:24318"},"type":"Feature"},{"geometry":{"coordinates":[[[-122.53266,38.05639],[-122.53322,38.05717],[-122.53436,38.05717],[-122.53494,38.0564],[-122.53437,38.05561],[-122.53323,38.05561],[-122.53266,38.05639]]],"type":"Polygon"},"properties":{"bbox":{"roads":{"area":115.11,"pct":0.44}},"city_same":1,"id":"hex:3606:24319"},"type":"Feature"},{"geometry":{"coordinates":[[[-122.53265,38.05795],[-122.53321,38.05873],[-122.53435,38.05874],[-122.53493,38.05796],[-122.53436,38.05717],[-122.53322,38.05717],[-122.53265,38.05795]]],"type":"Polygon"},"properties":{"bbox":{"roads":{"area":2722.55,"pct":10.48}},"city_same":1,"id":"hex:3606:24320"},"type":"Feature"},{"geometry":{"coordinates":[[[-122.53264,38.05951],[-122.5332,38.06029],[-122.53434,38.0603],[-122.53492,38.05952],[-122.53435,38.05874],[-122.53321,38.05873],[-122.53264,38.05951]]],"type":"Polygon"},"properties":{"bbox":{"roads":{"area":2985.01,"pct":11.49}},"city_same":1,"id":"hex:3606:24321"},"type":"Feature"},{"geometry":{"coordinates":[[[-122.53433,38.06186],[-122.53319,38.06185],[-122.53263,38.06107],[-122.5332,38.06029],[-122.53434,38.0603],[-122.53491,38.06108],[-122.53484,38.06118],[-122.53471,38.06105],[-122.53404,38.06146],[-122.5344,38.06177],[-122.53433,38.06186]]],"type":"Polygon"},"properties":{"bbox":{"roads":{"area":5755.11,"pct":24.34}},"city":{"roads":{"area":1088.11,"pct":4.6}},"id":"hex:3606:24322"},"type":"Feature"},{"geometry":{"coordinates":[[[-122.53262,38.06263],[-122.53318,38.06341],[-122.53432,38.06342],[-122.5349,38.06264],[-122.53433,38.06186],[-122.53319,38.06185],[-122.53262,38.06263]]],"type":"Polygon"},"properties":{"bbox":{"parking":{"area":7385.07,"pct":28.43},"roads":{"area":8679.03,"pct":33.41}},"city":{"parking":{"area":7385.07,"pct":28.43},"roads":{"area":1720.13,"pct":6.62}},"id":"hex:3606:24323"},"type":"Feature"},{"geometry":{"coordinates":[[[-122.53261,38.06419],[-122.53317,38.06497],[-122.53431,38.06498],[-122.53489,38.0642],[-122.53432,38.06342],[-122.53318,38.06341],[-122.53261,38.06419]]],"type":"Polygon"},"properties":{"bbox":{"parking":{"area":3095.6,"pct":11.91},"roads":{"area":4120.21,"pct":15.86}},"city":{"parking":{"area":3095.6,"pct":11.91},"roads":{"area":2628.11,"pct":10.12}},"id":"hex:3606:24324"},"type":"Feature"},{"geometry":{"coordinates":[[[-122.5326,38.06575],[-122.53316,38.06654],[-122.5343,38.06654],[-122.53488,38.06576],[-122.53431,38.06498],[-122.53317,38.06497],[-122.5326,38.06575]]],"type":"Polygon"},"properties":{"bbox":{"parking":{"area":795.95,"pct":3.06},"roads":{"area":3150.21,"pct":12.13}},"city_same":1,"id":"hex:3606:24325"},"type":"Feature"},{"geometry":{"coordinates":[[[-122.53259,38.06731],[-122.53315,38.0681],[-122.53429,38.0681],[-122.53487,38.06732],[-122.5343,38.06654],[-122.53316,38.06654],[-122.53259,38.06731]]],"type":"Polygon"},"properties":{"bbox":{"roads":{"area":2082.28,"pct":8.01}},"city_same":1,"id":"hex:3606:24326"},"type":"Feature"},{"geometry":{"coordinates":[[[-122.53258,38.06887],[-122.53314,38.06966],[-122.53428,38.06966],[-122.53486,38.06888],[-122.53429,38.0681],[-122.53315,38.0681],[-122.53258,38.06887]]],"type":"Polygon"},"properties":{"bbox":{"roads":{"area":2763.25,"pct":10.64}},"city_same":1,"id":"hex:3606:24327"},"type":"Feature"},{"geometry":{"coordinates":[[[-122.53257,38.07044],[-122.53313,38.07122],[-122.53427,38.07122],[-122.53485,38.07044],[-122.53428,38.06966],[-122.53314,38.06966],[-122.53257,38.07044]]],"type":"Polygon"},"properties":{"bbox":{"roads":{"area":4005.19,"pct":15.42}},"city_same":1,"id":"hex:3606:24328"},"type":"Feature"},{"geometry":{"coordinates":[[[-122.53256,38.072],[-122.53312,38.07278],[-122.53426,38.07278],[-122.53484,38.07201],[-122.53427,38.07122],[-122.53313,38.07122],[-122.53256,38.072]]],"type":"Polygon"},"properties":{"bbox":{"parking":{"area":428,"pct":1.65},"roads":{"area":3918.53,"pct":15.08}},"city_same":1,"id":"hex:3606:24329"},"type":"Feature"},{"geometry":{"coordinates":[[[-122.53255,38.07356],[-122.53311,38.07434],[-122.53425,38.07435],[-122.53483,38.07357],[-122.53426,38.07278],[-122.53312,38.07278],[-122.53255,38.07356]]],"type":"Polygon"},"properties":{"bbox":{"parking":{"area":5312.83,"pct":20.45},"roads":{"area":4628.85,"pct":17.82}},"city_same":1,"id":"hex:3606:24330"},"type":"Feature"},{"geometry":{"coordinates":[[[[-122.53263,38.07525],[-122.53267,38.07526],[-122.53278,38.07525],[-122.53289,38.07524],[-122.5331,38.07521],[-122.5332,38.0752],[-122.53329,38.07518],[-122.53336,38.07518],[-122.53338,38.07519],[-122.53337,38.0752],[-122.53331,38.07524],[-122.53326,38.07527],[-122.53318,38.07533],[-122.53312,38.07539],[-122.53308,38.07545],[-122.53303,38.07552],[-122.53303,38.07557],[-122.53302,38.07561],[-122.53302,38.07565],[-122.53301,38.0757],[-122.53299,38.07574],[-122.53263,38.07525]]],[[[-122.53311,38.07434],[-122.53425,38.07435],[-122.53482,38.07513],[-122.53424,38.07591],[-122.53408,38.07591],[-122.53407,38.07588],[-122.53404,38.07585],[-122.53404,38.07583],[-122.53402,38.07583],[-122.534,38.07579],[-122.53393,38.07576],[-122.53385,38.07573],[-122.53377,38.0757],[-122.53368,38.0757],[-122.53358,38.07571],[-122.53354,38.07573],[-122.53347,38.07576],[-122.53341,38.07579],[-122.53336,38.07582],[-122.53334,38.07576],[-122.53337,38.07565],[-122.5334,38.07562],[-122.53342,38.0756],[-122.53344,38.07556],[-122.53346,38.07555],[-122.53351,38.07552],[-122.53358,38.07548],[-122.53364,38.07544],[-122.53368,38.07539],[-122.53372,38.07534],[-122.53375,38.07528],[-122.53375,38.07522],[-122.53376,38.07515],[-122.53374,38.07508],[-122.5337,38.07502],[-122.53364,38.07497],[-122.53358,38.07493],[-122.53349,38.0749],[-122.5334,38.07488],[-122.53333,38.07488],[-122.53307,38.07494],[-122.53296,38.07496],[-122.53285,38.07497],[-122.53282,38.07496],[-122.53279,38.07496],[-122.53273,38.07495],[-122.53271,38.07493],[-122.5327,38.07491],[-122.5327,38.0749],[-122.53311,38.07434]]]],"type":"MultiPolygon"},"properties":{"bbox":{"parking":{"area":1603.45,"pct":8.5},"roads":{"area":1522.6,"pct":8.07}},"city_same":1,"id":"hex:3606:24331"},"type":"Feature"},{"geometry":{"coordinates":[[[-122.53246,38.08761],[-122.53303,38.08839],[-122.53417,38.08839],[-122.53474,38.08762],[-122.53418,38.08683],[-122.53304,38.08683],[-122.53246,38.08761]]],"type":"Polygon"},"properties":{"bbox":{"roads":{"area":2299.62,"pct":8.85}},"id":"hex:3606:24339"},"type":"Feature"},{"geometry":{"coordinates":[[[-122.53245,38.08917],[-122.53302,38.08995],[-122.53416,38.08996],[-122.53473,38.08918],[-122.53417,38.08839],[-122.53303,38.08839],[-122.53245,38.08917]]],"type":"Polygon"},"properties":{"bbox":{"roads":{"area":1205.38,"pct":4.64}},"id":"hex:3606:24340"},"type":"Feature"},{"geometry":{"coordinates":[[[-122.53465,38.10167],[-122.53408,38.10244],[-122.53397,38.10244],[-122.53363,38.10215],[-122.53459,38.10157],[-122.53465,38.10167]]],"type":"Polygon"},"properties":{"bbox":{"roads":{"area":585.86,"pct":17.98}},"city_same":1,"id":"hex:3606:24348"},"type":"Feature"},{"geometry":{"coordinates":[[[-122.53453,38.1204],[-122.53396,38.12118],[-122.53282,38.12117],[-122.53225,38.12039],[-122.53283,38.11961],[-122.53308,38.11961],[-122.53404,38.12051],[-122.53428,38.12004],[-122.53453,38.1204]]],"type":"Polygon"},"properties":{"bbox":{"roads":{"area":1238.25,"pct":5.91}},"city_same":1,"id":"hex:3606:24360"},"type":"Feature"},{"geometry":{"coordinates":[[[-122.53224,38.12195],[-122.53281,38.12273],[-122.53395,38.12274],[-122.53452,38.12196],[-122.53396,38.12118],[-122.53282,38.12117],[-122.53224,38.12195]]],"type":"Polygon"},"properties":{"bbox":{"roads":{"area":1307.73,"pct":5.03}},"city_same":1,"id":"hex:3606:24361"},"type":"Feature"},{"geometry":{"coordinates":[[[-122.53223,38.12351],[-122.5328,38.12429],[-122.53394,38.1243],[-122.53451,38.12352],[-122.53395,38.12274],[-122.53281,38.12273],[-122.53223,38.12351]]],"type":"Polygon"},"properties":{"bbox":{"roads":{"area":1844.29,"pct":7.1}},"city_same":1,"id":"hex:3606:24362"},"type":"Feature"},{"geometry":{"coordinates":[[[-122.53102,38.04467],[-122.53159,38.04546],[-122.53273,38.04546],[-122.5333,38.04468],[-122.53274,38.0439],[-122.5316,38.04389],[-122.53102,38.04467]]],"type":"Polygon"},"properties":{"bbox":{"roads":{"area":1027.53,"pct":3.95}},"city_same":1,"id":"hex:3607:24311"},"type":"Feature"},{"geometry":{"coordinates":[[[-122.53101,38.04623],[-122.53158,38.04702],[-122.53272,38.04702],[-122.53329,38.04624],[-122.53273,38.04546],[-122.53159,38.04546],[-122.53101,38.04623]]],"type":"Polygon"},"properties":{"bbox":{"roads":{"area":2819.23,"pct":10.85}},"city":{"roads":{"area":1745.16,"pct":6.72}},"id":"hex:3607:24312"},"type":"Feature"},{"geometry":{"coordinates":[[[-122.531,38.04779],[-122.53157,38.04858],[-122.53271,38.04858],[-122.53328,38.0478],[-122.53272,38.04702],[-122.53158,38.04702],[-122.531,38.04779]]],"type":"Polygon"},"properties":{"bbox":{"parking":{"area":365.97,"pct":1.41},"roads":{"area":8935.82,"pct":34.39},"sidewalks":{"area":209.25,"pct":0.81}},"city":{"parking":{"area":365.97,"pct":1.41},"roads":{"area":1240.79,"pct":4.78},"sidewalks":{"area":209.25,"pct":0.81}},"id":"hex:3607:24313"},"type":"Feature"},{"geometry":{"coordinates":[[[-122.53099,38.04936],[-122.53156,38.05014],[-122.5327,38.05014],[-122.53327,38.04936],[-122.53271,38.04858],[-122.53157,38.04858],[-122.53099,38.04936]]],"type":"Polygon"},"properties":{"bbox":{"parking":{"area":1147.48,"pct":4.42},"roads":{"area":9338.23,"pct":35.94},"sidewalks":{"area":63.84,"pct":0.25}},"city":{"parking":{"area":1147.48,"pct":4.42},"roads":{"area":1296.68,"pct":4.99},"sidewalks":{"area":63.84,"pct":0.25}},"id":"hex:3607:24314"},"type":"Feature"},{"geometry":{"coordinates":[[[-122.53098,38.05092],[-122.53155,38.0517],[-122.53269,38.0517],[-122.53326,38.05093],[-122.5327,38.05014],[-122.53156,38.05014],[-122.53098,38.05092]]],"type":"Polygon"},"properties":{"bbox":{"roads":{"area":7053.14,"pct":27.15}},"city":{"roads":{"area":1835.66,"pct":7.07}},"id":"hex:3607:24315"},"type":"Feature"},{"geometry":{"coordinates":[[[-122.53097,38.05248],[-122.53154,38.05326],[-122.53268,38.05326],[-122.53325,38.05249],[-122.53269,38.0517],[-122.53155,38.0517],[-122.53097,38.05248]]],"type":"Polygon"},"properties":{"bbox":{"roads":{"area":1649.93,"pct":6.35}},"id":"hex:3607:24316"},"type":"Feature"},{"geometry":{"coordinates":[[[-122.53096,38.05404],[-122.53153,38.05482],[-122.53267,38.05483],[-122.53324,38.05405],[-122.53268,38.05326],[-122.53154,38.05326],[-122.53096,38.05404]]],"type":"Polygon"},"properties":{"bbox":{"roads":{"area":1415.51,"pct":5.45}},"city":{"roads":{"area":914.15,"pct":3.52}},"id":"hex:3607:24317"},"type":"Feature"},{"geometry":{"coordinates":[[[-122.53095,38.0556],[-122.53152,38.05638],[-122.53266,38.05639],[-122.53323,38.05561],[-122.53267,38.05483],[-122.53153,38.05482],[-122.53095,38.0556]]],"type":"Polygon"},"properties":{"bbox":{"roads":{"area":146.78,"pct":0.56}},"id":"hex:3607:24318"},"type":"Feature"},{"geometry":{"coordinates":[[[-122.53094,38.05716],[-122.53151,38.05794],[-122.53265,38.05795],[-122.53322,38.05717],[-122.53266,38.05639],[-122.53152,38.05638],[-122.53094,38.05716]]],"type":"Polygon"},"properties":{"bbox":{"parking":{"area":192.54,"pct":0.74},"roads":{"area":2298.23,"pct":8.85}},"city":{"parking":{"area":192.54,"pct":0.74},"roads":{"area":1601.62,"pct":6.16}},"id":"hex:3607:24319"},"type":"Feature"},{"geometry":{"coordinates":[[[-122.53093,38.05872],[-122.5315,38.0595],[-122.53264,38.05951],[-122.53321,38.05873],[-122.53265,38.05795],[-122.53151,38.05794],[-122.53093,38.05872]]],"type":"Polygon"},"properties":{"bbox":{"roads":{"area":6878.35,"pct":26.47}},"city":{"roads":{"area":1770.87,"pct":6.82}},"id":"hex:3607:24320"},"type":"Feature"},{"geometry":{"coordinates":[[[-122.53092,38.06028],[-122.53149,38.06107],[-122.53263,38.06107],[-122.5332,38.06029],[-122.53264,38.05951],[-122.5315,38.0595],[-122.53092,38.06028]]],"type":"Polygon"},"properties":{"bbox":{"roads":{"area":8714.45,"pct":33.54}},"city":{"roads":{"area":890.92,"pct":3.43}},"id":"hex:3607:24321"},"type":"Feature"},{"geometry":{"coordinates":[[[-122.53091,38.06184],[-122.53148,38.06263],[-122.53262,38.06263],[-122.53319,38.06185],[-122.53263,38.06107],[-122.53149,38.06107],[-122.53091,38.06184]]],"type":"Polygon"},"properties":{"bbox":{"parking":{"area":372.49,"pct":1.43},"roads":{"area":4229.47,"pct":16.28}},"city":{"parking":{"area":372.49,"pct":1.43},"roads":{"area":3099.41,"pct":11.93}},"id":"hex:3607:24322"},"type":"Feature"},{"geometry":{"coordinates":[[[-122.5309,38.0634],[-122.53147,38.06419],[-122.53261,38.06419],[-122.53318,38.06341],[-122.53262,38.06263],[-122.53148,38.06263],[-122.5309,38.0634]]],"type":"Polygon"},"properties":{"bbox":{"parking":{"area":4355.92,"pct":16.77},"roads":{"area":1385.56,"pct":5.33}},"city_same":1,"id":"hex:3607:24323"},"type":"Feature"},{"geometry":{"coordinates":[[[-122.53089,38.06497],[-122.53146,38.06575],[-122.5326,38.06575],[-122.53317,38.06497],[-122.53261,38.06419],[-122.53147,38.06419],[-122.53089,38.06497]]],"type":"Polygon"},"properties":{"bbox":{"roads":{"area":1526.72,"pct":5.88}},"city_same":1,"id":"hex:3607:24324"},"type":"Feature"},{"geometry":{"coordinates":[[[-122.53088,38.06653],[-122.53145,38.06731],[-122.53259,38.06731],[-122.53316,38.06654],[-122.5326,38.06575],[-122.53146,38.06575],[-122.53088,38.06653]]],"type":"Polygon"},"properties":{"bbox":{"roads":{"area":2006.81,"pct":7.72}},"city_same":1,"id":"hex:3607:24325"},"type":"Feature"},{"geometry":{"coordinates":[[[-122.53087,38.06809],[-122.53144,38.06887],[-122.53258,38.06887],[-122.53315,38.0681],[-122.53259,38.06731],[-122.53145,38.06731],[-122.53087,38.06809]]],"type":"Polygon"},"properties":{"bbox":{"roads":{"area":3388.52,"pct":13.04}},"city_same":1,"id":"hex:3607:24326"},"type":"Feature"},{"geometry":{"coordinates":[[[-122.53086,38.06965],[-122.53143,38.07043],[-122.53257,38.07044],[-122.53314,38.06966],[-122.53258,38.06887],[-122.53144,38.06887],[-122.53086,38.06965]]],"type":"Polygon"},"properties":{"bbox":{"roads":{"area":2200.55,"pct":8.47}},"city_same":1,"id":"hex:3607:24327"},"type":"Feature"},{"geometry":{"coordinates":[[[-122.53085,38.07121],[-122.53142,38.07199],[-122.53256,38.072],[-122.53313,38.07122],[-122.53257,38.07044],[-122.53143,38.07043],[-122.53085,38.07121]]],"type":"Polygon"},"properties":{"bbox":{"roads":{"area":3858.08,"pct":14.85}},"city_same":1,"id":"hex:3607:24328"},"type":"Feature"},{"geometry":{"coordinates":[[[-122.53084,38.07277],[-122.53142,38.07199],[-122.53256,38.072],[-122.53312,38.07278],[-122.53255,38.07356],[-122.53142,38.07355],[-122.53142,38.07355],[-122.53142,38.07352],[-122.5314,38.07347],[-122.53135,38.07342],[-122.53132,38.07339],[-122.5313,38.07336],[-122.53128,38.07332],[-122.53123,38.07329],[-122.5312,38.07326],[-122.53084,38.07277]]],"type":"Polygon"},"properties":{"bbox":{"parking":{"area":1582.05,"pct":6.11},"roads":{"area":3644.36,"pct":14.08}},"city_same":1,"id":"hex:3607:24329"},"type":"Feature"},{"geometry":{"coordinates":[[[[-122.53089,38.07441],[-122.5309,38.07442],[-122.53094,38.07441],[-122.53093,38.07434],[-122.5309,38.07424],[-122.53113,38.07393],[-122.53115,38.07396],[-122.53115,38.074],[-122.53123,38.07409],[-122.53127,38.07415],[-122.53131,38.07423],[-122.53135,38.0743],[-122.53136,38.07436],[-122.53132,38.0744],[-122.53126,38.07443],[-122.53123,38.07446],[-122.53122,38.07448],[-122.53125,38.0745],[-122.53129,38.07448],[-122.53136,38.07445],[-122.5314,38.07444],[-122.53142,38.0744],[-122.53147,38.07441],[-122.53149,38.07445],[-122.53153,38.07448],[-122.53158,38.07451],[-122.53163,38.07454],[-122.53171,38.07459],[-122.53181,38.07462],[-122.53186,38.07463],[-122.53191,38.07463],[-122.53199,38.07466],[-122.53204,38.07466],[-122.53215,38.07467],[-122.53223,38.07467],[-122.5323,38.07468],[-122.53232,38.07471],[-122.53232,38.07475],[-122.53231,38.07478],[-122.5323,38.07482],[-122.53228,38.07488],[-122.53226,38.07491],[-122.53228,38.07497],[-122.53229,38.07502],[-122.53234,38.07508],[-122.53238,38.07512],[-122.5314,38.07511],[-122.53098,38.07454],[-122.53101,38.07451],[-122.53097,38.0745],[-122.53096,38.0745],[-122.53089,38.07441]]],[[[-122.53255,38.07356],[-122.53311,38.07434],[-122.5327,38.0749],[-122.53271,38.07488],[-122.53271,38.07482],[-122.53272,38.0748],[-122.5327,38.07475],[-122.53267,38.07467],[-122.53264,38.07461],[-122.53264,38.07458],[-122.53257,38.07453],[-122.53254,38.07452],[-122.53245,38.07446],[-122.5324,38.07442],[-122.53224,38.07437],[-122.53217,38.07437],[-122.53206,38.07436],[-122.53197,38.07437],[-122.5319,38.07435],[-122.5318,38.07432],[-122.53175,38.07428],[-122.53168,38.07422],[-122.53156,38.07408],[-122.53155,38.07404],[-122.53147,38.07392],[-122.53143,38.07385],[-122.53142,38.07379],[-122.53143,38.07374],[-122.53142,38.07371],[-122.53141,38.07363],[-122.53142,38.07355],[-122.53255,38.07356]]]],"type":"MultiPolygon"},"properties":{"bbox":{"roads":{"area":1380.2,"pct":7.14}},"city_same":1,"id":"hex:3607:24330"},"type":"Feature"},{"geometry":{"coordinates":[[[-122.53074,38.08838],[-122.53131,38.08916],[-122.53245,38.08917],[-122.53303,38.08839],[-122.53246,38.08761],[-122.53132,38.0876],[-122.53074,38.08838]]],"type":"Polygon"},"properties":{"bbox":{"roads":{"area":644.37,"pct":2.48}},"id":"hex:3607:24339"},"type":"Feature"},{"geometry":{"coordinates":[[[-122.53073,38.08994],[-122.5313,38.09072],[-122.53244,38.09073],[-122.53302,38.08995],[-122.53245,38.08917],[-122.53131,38.08916],[-122.53073,38.08994]]],"type":"Polygon"},"properties":{"bbox":{"roads":{"area":2472.5,"pct":9.52}},"id":"hex:3607:24340"},"type":"Feature"},{"geometry":{"coordinates":[[[-122.53241,38.09541],[-122.53298,38.09619],[-122.5324,38.09697],[-122.53126,38.09697],[-122.53069,38.09619],[-122.53104,38.09572],[-122.53181,38.09651],[-122.53184,38.09645],[-122.5319,38.09541],[-122.53241,38.09541]]],"type":"Polygon"},"properties":{"bbox":{"roads":{"area":582.37,"pct":2.86}},"city_same":1,"id":"hex:3607:24344"},"type":"Feature"},{"geometry":{"coordinates":[[[-122.53126,38.09697],[-122.5324,38.09697],[-122.53297,38.09776],[-122.53256,38.09831],[-122.53144,38.09715],[-122.53113,38.09715],[-122.53112,38.09716],[-122.53126,38.09697]]],"type":"Polygon"},"properties":{"bbox":{"roads":{"area":66.69,"pct":0.62}},"city_same":1,"id":"hex:3607:24345"},"type":"Feature"},{"geometry":{"coordinates":[[[-122.53054,38.1196],[-122.53111,38.12038],[-122.53225,38.12039],[-122.53283,38.11961],[-122.53226,38.11883],[-122.53112,38.11882],[-122.53054,38.1196]]],"type":"Polygon"},"properties":{"bbox":{"roads":{"area":188.58,"pct":0.73}},"city_same":1,"id":"hex:3607:24359"},"type":"Feature"},{"geometry":{"coordinates":[[[-122.53053,38.12116],[-122.5311,38.12194],[-122.53224,38.12195],[-122.53282,38.12117],[-122.53225,38.12039],[-122.53111,38.12038],[-122.53053,38.12116]]],"type":"Polygon"},"properties":{"bbox":{"roads":{"area":1089.08,"pct":4.19}},"city_same":1,"id":"hex:3607:24360"},"type":"Feature"},{"geometry":{"coordinates":[[[-122.53052,38.12272],[-122.53109,38.12351],[-122.53223,38.12351],[-122.53281,38.12273],[-122.53224,38.12195],[-122.5311,38.12194],[-122.53052,38.12272]]],"type":"Polygon"},"properties":{"bbox":{"roads":{"area":114.44,"pct":0.44}},"city_same":1,"id":"hex:3607:24361"},"type":"Feature"},{"geometry":{"coordinates":[[[-122.53051,38.12428],[-122.53108,38.12507],[-122.53222,38.12507],[-122.5328,38.12429],[-122.53223,38.12351],[-122.53109,38.12351],[-122.53051,38.12428]]],"type":"Polygon"},"properties":{"bbox":{"roads":{"area":1296.04,"pct":4.99}},"city_same":1,"id":"hex:3607:24362"},"type":"Feature"},{"geometry":{"coordinates":[[[-122.53103,38.04311],[-122.52989,38.04311],[-122.52933,38.04232],[-122.5296,38.04195],[-122.53142,38.04259],[-122.53103,38.04311]]],"type":"Polygon"},"properties":{"bbox":{"roads":{"area":435.2,"pct":3.04}},"city_same":1,"id":"hex:3608:24310"},"type":"Feature"},{"geometry":{"coordinates":[[[-122.52932,38.04389],[-122.52988,38.04467],[-122.53102,38.04467],[-122.5316,38.04389],[-122.53103,38.04311],[-122.52989,38.04311],[-122.52932,38.04389]]],"type":"Polygon"},"properties":{"bbox":{"roads":{"area":941.34,"pct":3.62}},"city_same":1,"id":"hex:3608:24311"},"type":"Feature"},{"geometry":{"coordinates":[[[-122.52931,38.04545],[-122.52987,38.04623],[-122.53101,38.04623],[-122.53159,38.04546],[-122.53102,38.04467],[-122.52988,38.04467],[-122.52931,38.04545]]],"type":"Polygon"},"properties":{"bbox":{"roads":{"area":103.13,"pct":0.4}},"city_same":1,"id":"hex:3608:24312"},"type":"Feature"},{"geometry":{"coordinates":[[[-122.5293,38.04701],[-122.52986,38.04779],[-122.531,38.04779],[-122.53158,38.04702],[-122.53101,38.04623],[-122.52987,38.04623],[-122.5293,38.04701]]],"type":"Polygon"},"properties":{"bbox":{"roads":{"area":1445.71,"pct":5.56}},"city_same":1,"id":"hex:3608:24313"},"type":"Feature"},{"geometry":{"coordinates":[[[-122.52929,38.04857],[-122.52985,38.04935],[-122.53099,38.04936],[-122.53157,38.04858],[-122.531,38.04779],[-122.52986,38.04779],[-122.52929,38.04857]]],"type":"Polygon"},"properties":{"bbox":{"roads":{"area":4173.94,"pct":16.07},"sidewalks":{"area":196.01,"pct":0.75}},"city":{"roads":{"area":1611.77,"pct":6.2},"sidewalks":{"area":196.01,"pct":0.75}},"id":"hex:3608:24314"},"type":"Feature"},{"geometry":{"coordinates":[[[-122.52928,38.05013],[-122.52984,38.05091],[-122.53098,38.05092],[-122.53156,38.05014],[-122.53099,38.04936],[-122.52985,38.04935],[-122.52928,38.05013]]],"type":"Polygon"},"properties":{"bbox":{"parking":{"area":153.23,"pct":0.59},"roads":{"area":5048.79,"pct":19.43},"sidewalks":{"area":50.22,"pct":0.19}},"city":{"parking":{"area":153.23,"pct":0.59},"roads":{"area":2187.77,"pct":8.42},"sidewalks":{"area":50.22,"pct":0.19}},"id":"hex:3608:24315"},"type":"Feature"},{"geometry":{"coordinates":[[[-122.52927,38.05169],[-122.52983,38.05247],[-122.53097,38.05248],[-122.53155,38.0517],[-122.53098,38.05092],[-122.52984,38.05091],[-122.52927,38.05169]]],"type":"Polygon"},"properties":{"bbox":{"parking":{"area":508.47,"pct":1.96},"roads":{"area":6785.53,"pct":26.12},"sidewalks":{"area":201.17,"pct":0.77}},"city":{"parking":{"area":508.47,"pct":1.96},"roads":{"area":1444.98,"pct":5.56},"sidewalks":{"area":201.17,"pct":0.77}},"id":"hex:3608:24316"},"type":"Feature"},{"geometry":{"coordinates":[[[-122.52926,38.05325],[-122.52982,38.05403],[-122.53096,38.05404],[-122.53154,38.05326],[-122.53097,38.05248],[-122.52983,38.05247],[-122.52926,38.05325]]],"type":"Polygon"},"properties":{"bbox":{"parking":{"area":78.71,"pct":0.3},"roads":{"area":7078.34,"pct":27.24}},"city":{"parking":{"area":78.71,"pct":0.3},"roads":{"area":71.22,"pct":0.27}},"id":"hex:3608:24317"},"type":"Feature"},{"geometry":{"coordinates":[[[-122.52925,38.05481],[-122.52981,38.05559],[-122.53095,38.0556],[-122.53153,38.05482],[-122.53096,38.05404],[-122.52982,38.05403],[-122.52925,38.05481]]],"type":"Polygon"},"properties":{"bbox":{"parking":{"area":1162.57,"pct":4.47},"roads":{"area":8280.55,"pct":31.87}},"city":{"parking":{"area":1162.57,"pct":4.47},"roads":{"area":655.54,"pct":2.52}},"id":"hex:3608:24318"},"type":"Feature"},{"geometry":{"coordinates":[[[-122.52924,38.05637],[-122.5298,38.05716],[-122.53094,38.05716],[-122.53152,38.05638],[-122.53095,38.0556],[-122.52981,38.05559],[-122.52924,38.05637]]],"type":"Polygon"},"properties":{"bbox":{"roads":{"area":9075.48,"pct":34.93},"sidewalks":{"area":270.21,"pct":1.04}},"city":{"roads":{"area":1462.37,"pct":5.63},"sidewalks":{"area":270.21,"pct":1.04}},"id":"hex:3608:24319"},"type":"Feature"},{"geometry":{"coordinates":[[[-122.52923,38.05793],[-122.52979,38.05872],[-122.53093,38.05872],[-122.53151,38.05794],[-122.53094,38.05716],[-122.5298,38.05716],[-122.52923,38.05793]]],"type":"Polygon"},"properties":{"bbox":{"roads":{"area":7497.05,"pct":28.86}},"city":{"roads":{"area":1286.63,"pct":4.95}},"id":"hex:3608:24320"},"type":"Feature"},{"geometry":{"coordinates":[[[-122.52922,38.0595],[-122.52978,38.06028],[-122.53092,38.06028],[-122.5315,38.0595],[-122.53093,38.05872],[-122.52979,38.05872],[-122.52922,38.0595]]],"type":"Polygon"},"properties":{"bbox":{"roads":{"area":3668.43,"pct":14.12}},"city":{"roads":{"area":2517.1,"pct":9.69}},"id":"hex:3608:24321"},"type":"Feature"},{"geometry":{"coordinates":[[[-122.52921,38.06106],[-122.52977,38.06184],[-122.53091,38.06184],[-122.53149,38.06107],[-122.53092,38.06028],[-122.52978,38.06028],[-122.52921,38.06106]]],"type":"Polygon"},"properties":{"bbox":{"roads":{"area":4099.75,"pct":15.78}},"city_same":1,"id":"hex:3608:24322"},"type":"Feature"},{"geometry":{"coordinates":[[[-122.5292,38.06262],[-122.52976,38.0634],[-122.5309,38.0634],[-122.53148,38.06263],[-122.53091,38.06184],[-122.52977,38.06184],[-122.5292,38.06262]]],"type":"Polygon"},"properties":{"bbox":{"roads":{"area":1617.96,"pct":6.23}},"city_same":1,"id":"hex:3608:24323"},"type":"Feature"},{"geometry":{"coordinates":[[[-122.52919,38.06418],[-122.52975,38.06496],[-122.53089,38.06497],[-122.53147,38.06419],[-122.5309,38.0634],[-122.52976,38.0634],[-122.52919,38.06418]]],"type":"Polygon"},"properties":{"bbox":{"roads":{"area":137.01,"pct":0.53}},"city_same":1,"id":"hex:3608:24324"},"type":"Feature"},{"geometry":{"coordinates":[[[-122.52918,38.06574],[-122.52974,38.06652],[-122.53088,38.06653],[-122.53146,38.06575],[-122.53089,38.06497],[-122.52975,38.06496],[-122.52918,38.06574]]],"type":"Polygon"},"properties":{"bbox":{"roads":{"area":1954.54,"pct":7.52}},"city_same":1,"id":"hex:3608:24325"},"type":"Feature"},{"geometry":{"coordinates":[[[-122.52917,38.0673],[-122.52973,38.06808],[-122.53087,38.06809],[-122.53145,38.06731],[-122.53088,38.06653],[-122.52974,38.06652],[-122.52917,38.0673]]],"type":"Polygon"},"properties":{"bbox":{"roads":{"area":2799.56,"pct":10.78}},"city_same":1,"id":"hex:3608:24326"},"type":"Feature"},{"geometry":{"coordinates":[[[-122.52916,38.06886],[-122.52972,38.06964],[-122.53086,38.06965],[-122.53144,38.06887],[-122.53087,38.06809],[-122.52973,38.06808],[-122.52916,38.06886]]],"type":"Polygon"},"properties":{"bbox":{"roads":{"area":1932.81,"pct":7.44}},"city_same":1,"id":"hex:3608:24327"},"type":"Feature"},{"geometry":{"coordinates":[[[-122.52915,38.07042],[-122.52971,38.07121],[-122.53085,38.07121],[-122.53143,38.07043],[-122.53086,38.06965],[-122.52972,38.06964],[-122.52915,38.07042]]],"type":"Polygon"},"properties":{"bbox":{"roads":{"area":1815.95,"pct":6.99}},"city_same":1,"id":"hex:3608:24328"},"type":"Feature"},{"geometry":{"coordinates":[[[-122.52914,38.07198],[-122.5297,38.07277],[-122.53084,38.07277],[-122.53142,38.07199],[-122.53085,38.07121],[-122.52971,38.07121],[-122.52914,38.07198]]],"type":"Polygon"},"properties":{"bbox":{"roads":{"area":3117.28,"pct":12}},"city_same":1,"id":"hex:3608:24329"},"type":"Feature"},{"geometry":{"coordinates":[[[[-122.52913,38.07354],[-122.52914,38.07353],[-122.52918,38.07354],[-122.52924,38.07356],[-122.52936,38.07357],[-122.52951,38.07362],[-122.52957,38.07364],[-122.52964,38.07368],[-122.52972,38.07371],[-122.52977,38.07374],[-122.52984,38.07376],[-122.52992,38.07375],[-122.52999,38.07376],[-122.5301,38.07375],[-122.53021,38.07371],[-122.5303,38.07365],[-122.53036,38.07356],[-122.53045,38.07345],[-122.5305,38.07345],[-122.53053,38.0734],[-122.53057,38.07334],[-122.5306,38.0733],[-122.5307,38.07329],[-122.5308,38.0733],[-122.53086,38.07333],[-122.53093,38.07337],[-122.53102,38.07343],[-122.53108,38.07349],[-122.53111,38.07355],[-122.53111,38.07363],[-122.53112,38.07375],[-122.53111,38.0738],[-122.53113,38.07387],[-122.53113,38.07391],[-122.53113,38.07393],[-122.5309,38.07424],[-122.5309,38.07421],[-122.53088,38.07418],[-122.53089,38.07414],[-122.5309,38.07409],[-122.53087,38.07406],[-122.53088,38.07403],[-122.53087,38.07398],[-122.53084,38.07395],[-122.53081,38.07392],[-122.53078,38.07387],[-122.53077,38.07382],[-122.53076,38.07377],[-122.53075,38.07374],[-122.53075,38.0737],[-122.53072,38.07366],[-122.5307,38.07364],[-122.53069,38.07365],[-122.53068,38.07363],[-122.53065,38.07365],[-122.53063,38.07363],[-122.5306,38.07365],[-122.53061,38.0737],[-122.53062,38.07377],[-122.53065,38.07382],[-122.53065,38.0739],[-122.5307,38.07393],[-122.5307,38.07396],[-122.53071,38.07401],[-122.5307,38.07404],[-122.53072,38.07413],[-122.53072,38.07419],[-122.53075,38.07425],[-122.53078,38.07429],[-122.5308,38.07433],[-122.52969,38.07433],[-122.52949,38.07404],[-122.52949,38.07404],[-122.52948,38.07402],[-122.52947,38.07402],[-122.52913,38.07354]],[[-122.52978,38.07422],[-122.52977,38.07424],[-122.52981,38.07424],[-122.52984,38.0742],[-122.52988,38.07417],[-122.52989,38.07415],[-122.52984,38.07416],[-122.52982,38.07416],[-122.52979,38.07418],[-122.52978,38.07422]],[[-122.53017,38.07408],[-122.53018,38.07403],[-122.53019,38.07398],[-122.53019,38.07396],[-122.53021,38.07394],[-122.53021,38.07392],[-122.53019,38.0739],[-122.53016,38.07389],[-122.53012,38.07389],[-122.53009,38.07391],[-122.53008,38.07395],[-122.53011,38.07395],[-122.53012,38.07396],[-122.53012,38.07398],[-122.53009,38.074],[-122.53008,38.074],[-122.53007,38.07404],[-122.53007,38.07407],[-122.53008,38.07409],[-122.53012,38.07409],[-122.53014,38.0741],[-122.53017,38.07408]]],[[[-122.5297,38.07277],[-122.53084,38.07277],[-122.5312,38.07326],[-122.53116,38.07324],[-122.5311,38.07322],[-122.53106,38.07317],[-122.53092,38.07311],[-122.53074,38.07314],[-122.53053,38.07319],[-122.53048,38.07328],[-122.53033,38.07335],[-122.53025,38.07341],[-122.53018,38.07341],[-122.53012,38.07345],[-122.53008,38.07351],[-122.53001,38.07353],[-122.52992,38.07349],[-122.52986,38.07347],[-122.52976,38.07341],[-122.5297,38.0734],[-122.52957,38.07337],[-122.52943,38.07334],[-122.52935,38.07332],[-122.5293,38.07331],[-122.5297,38.07277]]]],"type":"MultiPolygon"},"properties":{"bbox":{"roads":{"area":764.77,"pct":3.99}},"city_same":1,"id":"hex:3608:24330"},"type":"Feature"},{"geometry":{"coordinates":[[[[-122.5291,38.07823],[-122.52951,38.07768],[-122.52951,38.07768],[-122.52954,38.07767],[-122.52954,38.07775],[-122.52958,38.07779],[-122.52964,38.07783],[-122.52969,38.07786],[-122.52975,38.07788],[-122.5298,38.07789],[-122.52984,38.0779],[-122.52987,38.07792],[-122.52989,38.07795],[-122.52987,38.07798],[-122.52985,38.078],[-122.52978,38.07803],[-122.52928,38.07817],[-122.52916,38.0782],[-122.5291,38.07823],[-122.5291,38.07823]]],[[[-122.52929,38.07849],[-122.52931,38.07848],[-122.52933,38.07846],[-122.52938,38.07846],[-122.52943,38.07845],[-122.5295,38.07843],[-122.52955,38.07842],[-122.52961,38.0784],[-122.52964,38.0784],[-122.52968,38.07838],[-122.52985,38.07833],[-122.52995,38.07829],[-122.52999,38.07827],[-122.53002,38.07824],[-122.53005,38.07823],[-122.53009,38.07821],[-122.53011,38.07819],[-122.53016,38.07817],[-122.53018,38.07817],[-122.5302,38.07815],[-122.53023,38.07813],[-122.53025,38.07811],[-122.53027,38.07812],[-122.53029,38.0781],[-122.53034,38.07809],[-122.53038,38.0781],[-122.53046,38.07809],[-122.53055,38.07808],[-122.53064,38.07807],[-122.53082,38.07802],[-122.53089,38.07802],[-122.53091,38.078],[-122.53109,38.07796],[-122.53111,38.07796],[-122.53116,38.07794],[-122.53117,38.07794],[-122.53129,38.07812],[-122.53036,38.0783],[-122.52937,38.0786],[-122.52929,38.07849]]]],"type":"MultiPolygon"},"properties":{"bbox":{"roads":{"area":62.77,"pct":1.33}},"city_same":1,"id":"hex:3608:24333"},"type":"Feature"},{"geometry":{"coordinates":[[[-122.52958,38.0915],[-122.52902,38.09072],[-122.52959,38.08994],[-122.53073,38.08994],[-122.5313,38.09072],[-122.53114,38.09094],[-122.53042,38.0915],[-122.52958,38.0915]]],"type":"Polygon"},"properties":{"bbox":{"roads":{"area":2649.36,"pct":10.54}},"id":"hex:3608:24341"},"type":"Feature"},{"geometry":{"coordinates":[[[-122.5307,38.09462],[-122.52956,38.09462],[-122.529,38.09384],[-122.52907,38.09373],[-122.52989,38.09454],[-122.53046,38.09455],[-122.53063,38.09451],[-122.53083,38.09439],[-122.53088,38.09439],[-122.5307,38.09462]]],"type":"Polygon"},"properties":{"bbox":{"roads":{"area":416.72,"pct":13.39}},"city_same":1,"id":"hex:3608:24343"},"type":"Feature"},{"geometry":{"coordinates":[[[-122.53069,38.09619],[-122.52955,38.09618],[-122.52899,38.0954],[-122.52956,38.09462],[-122.5307,38.09462],[-122.53081,38.09478],[-122.53063,38.09492],[-122.5306,38.09507],[-122.53078,38.09533],[-122.53073,38.09541],[-122.53104,38.09572],[-122.53069,38.09619]]],"type":"Polygon"},"properties":{"bbox":{"roads":{"area":563.31,"pct":2.45}},"city_same":1,"id":"hex:3608:24344"},"type":"Feature"},{"geometry":{"coordinates":[[[-122.52898,38.09696],[-122.52955,38.09618],[-122.53069,38.09619],[-122.53126,38.09697],[-122.53112,38.09716],[-122.53038,38.09775],[-122.53022,38.09774],[-122.53036,38.09763],[-122.53034,38.09759],[-122.53026,38.09752],[-122.53021,38.09751],[-122.53013,38.09755],[-122.52988,38.09774],[-122.52974,38.09774],[-122.53007,38.09748],[-122.5301,38.09743],[-122.53001,38.09734],[-122.52993,38.09733],[-122.52949,38.09767],[-122.52898,38.09696]]],"type":"Polygon"},"properties":{"bbox":{"roads":{"area":470.5,"pct":2.01}},"city_same":1,"id":"hex:3608:24345"},"type":"Feature"},{"geometry":{"coordinates":[[[-122.52905,38.09864],[-122.52913,38.09857],[-122.52909,38.09848],[-122.52902,38.09845],[-122.52928,38.09809],[-122.52974,38.09774],[-122.52988,38.09774],[-122.52912,38.09834],[-122.52913,38.09838],[-122.52919,38.09844],[-122.52926,38.09847],[-122.52931,38.09845],[-122.53022,38.09774],[-122.53038,38.09775],[-122.52913,38.09874],[-122.52905,38.09864]]],"type":"Polygon"},"properties":{"bbox":{"roads":{"area":523.32,"pct":20.25}},"city_same":1,"id":"hex:3608:24346"},"type":"Feature"},{"geometry":{"coordinates":[[[-122.53055,38.11804],[-122.53112,38.11882],[-122.53054,38.1196],[-122.5294,38.1196],[-122.52884,38.11881],[-122.52914,38.1184],[-122.52916,38.11841],[-122.52951,38.11804],[-122.53055,38.11804]]],"type":"Polygon"},"properties":{"bbox":{"roads":{"area":1022.38,"pct":3.97}},"city_same":1,"id":"hex:3608:24359"},"type":"Feature"},{"geometry":{"coordinates":[[[-122.52883,38.12037],[-122.52939,38.12116],[-122.53053,38.12116],[-122.53111,38.12038],[-122.53054,38.1196],[-122.5294,38.1196],[-122.52883,38.12037]]],"type":"Polygon"},"properties":{"bbox":{"roads":{"area":852.44,"pct":3.28}},"city_same":1,"id":"hex:3608:24360"},"type":"Feature"},{"geometry":{"coordinates":[[[-122.52881,38.1235],[-122.52937,38.12428],[-122.53051,38.12428],[-122.53109,38.12351],[-122.53052,38.12272],[-122.52938,38.12272],[-122.52881,38.1235]]],"type":"Polygon"},"properties":{"bbox":{"roads":{"area":740.46,"pct":2.85}},"city_same":1,"id":"hex:3608:24362"},"type":"Feature"},{"geometry":{"coordinates":[[[-122.5288,38.12506],[-122.52936,38.12584],[-122.5305,38.12584],[-122.53108,38.12507],[-122.53051,38.12428],[-122.52937,38.12428],[-122.5288,38.12506]]],"type":"Polygon"},"properties":{"bbox":{"roads":{"area":1264.2,"pct":4.87}},"city_same":1,"id":"hex:3608:24363"},"type":"Feature"},{"geometry":{"coordinates":[[[-122.52933,38.04232],[-122.52819,38.04232],[-122.52762,38.04154],[-122.52779,38.04131],[-122.5296,38.04195],[-122.52933,38.04232]]],"type":"Polygon"},"properties":{"bbox":{"roads":{"area":298.56,"pct":2.72}},"city_same":1,"id":"hex:3609:24309"},"type":"Feature"},{"geometry":{"coordinates":[[[-122.52761,38.0431],[-122.52818,38.04388],[-122.52932,38.04389],[-122.52989,38.04311],[-122.52933,38.04232],[-122.52819,38.04232],[-122.52761,38.0431]]],"type":"Polygon"},"properties":{"bbox":{"roads":{"area":1671.96,"pct":6.44}},"city_same":1,"id":"hex:3609:24310"},"type":"Feature"},{"geometry":{"coordinates":[[[-122.5276,38.04466],[-122.52817,38.04544],[-122.52931,38.04545],[-122.52988,38.04467],[-122.52932,38.04389],[-122.52818,38.04388],[-122.5276,38.04466]]],"type":"Polygon"},"properties":{"bbox":{"roads":{"area":1240.92,"pct":4.78}},"city_same":1,"id":"hex:3609:24311"},"type":"Feature"},{"geometry":{"coordinates":[[[-122.52759,38.04622],[-122.52816,38.047],[-122.5293,38.04701],[-122.52987,38.04623],[-122.52931,38.04545],[-122.52817,38.04544],[-122.52759,38.04622]]],"type":"Polygon"},"properties":{"bbox":{"roads":{"area":333.07,"pct":1.28}},"city_same":1,"id":"hex:3609:24312"},"type":"Feature"},{"geometry":{"coordinates":[[[-122.52758,38.04778],[-122.52815,38.04856],[-122.52929,38.04857],[-122.52986,38.04779],[-122.5293,38.04701],[-122.52816,38.047],[-122.52758,38.04778]]],"type":"Polygon"},"properties":{"bbox":{"roads":{"area":652.24,"pct":2.51}},"city_same":1,"id":"hex:3609:24313"},"type":"Feature"},{"geometry":{"coordinates":[[[-122.52757,38.04934],[-122.52814,38.05012],[-122.52928,38.05013],[-122.52985,38.04935],[-122.52929,38.04857],[-122.52815,38.04856],[-122.52757,38.04934]]],"type":"Polygon"},"properties":{"bbox":{"roads":{"area":1251.91,"pct":4.82}},"city_same":1,"id":"hex:3609:24314"},"type":"Feature"},{"geometry":{"coordinates":[[[-122.52756,38.0509],[-122.52813,38.05169],[-122.52927,38.05169],[-122.52984,38.05091],[-122.52928,38.05013],[-122.52814,38.05012],[-122.52756,38.0509]]],"type":"Polygon"},"properties":{"bbox":{"roads":{"area":2250.2,"pct":8.66},"sidewalks":{"area":567.73,"pct":2.19}},"city_same":1,"id":"hex:3609:24315"},"type":"Feature"},{"geometry":{"coordinates":[[[-122.52755,38.05246],[-122.52812,38.05325],[-122.52926,38.05325],[-122.52983,38.05247],[-122.52927,38.05169],[-122.52813,38.05169],[-122.52755,38.05246]]],"type":"Polygon"},"properties":{"bbox":{"parking":{"area":1.53,"pct":0.01},"roads":{"area":912.63,"pct":3.51},"sidewalks":{"area":125.69,"pct":0.48}},"city_same":1,"id":"hex:3609:24316"},"type":"Feature"},{"geometry":{"coordinates":[[[-122.52754,38.05402],[-122.52811,38.05481],[-122.52925,38.05481],[-122.52982,38.05403],[-122.52926,38.05325],[-122.52812,38.05325],[-122.52754,38.05402]]],"type":"Polygon"},"properties":{"bbox":{"roads":{"area":777.51,"pct":2.99},"sidewalks":{"area":384.3,"pct":1.48}},"city_same":1,"id":"hex:3609:24317"},"type":"Feature"},{"geometry":{"coordinates":[[[-122.52753,38.05559],[-122.5281,38.05637],[-122.52924,38.05637],[-122.52981,38.05559],[-122.52925,38.05481],[-122.52811,38.05481],[-122.52753,38.05559]]],"type":"Polygon"},"properties":{"bbox":{"parking":{"area":3262.37,"pct":12.56},"roads":{"area":3035.17,"pct":11.68},"sidewalks":{"area":439.91,"pct":1.69}},"city_same":1,"id":"hex:3609:24318"},"type":"Feature"},{"geometry":{"coordinates":[[[-122.52752,38.05715],[-122.52809,38.05793],[-122.52923,38.05793],[-122.5298,38.05716],[-122.52924,38.05637],[-122.5281,38.05637],[-122.52752,38.05715]]],"type":"Polygon"},"properties":{"bbox":{"roads":{"area":2313.55,"pct":8.9}},"city_same":1,"id":"hex:3609:24319"},"type":"Feature"},{"geometry":{"coordinates":[[[-122.52751,38.05871],[-122.52808,38.05949],[-122.52922,38.0595],[-122.52979,38.05872],[-122.52923,38.05793],[-122.52809,38.05793],[-122.52751,38.05871]]],"type":"Polygon"},"properties":{"bbox":{"roads":{"area":3012.84,"pct":11.6}},"city_same":1,"id":"hex:3609:24320"},"type":"Feature"},{"geometry":{"coordinates":[[[-122.5275,38.06027],[-122.52807,38.06105],[-122.52921,38.06106],[-122.52978,38.06028],[-122.52922,38.0595],[-122.52808,38.05949],[-122.5275,38.06027]]],"type":"Polygon"},"properties":{"bbox":{"parking":{"area":68.92,"pct":0.27},"roads":{"area":3130.15,"pct":12.05}},"city_same":1,"id":"hex:3609:24321"},"type":"Feature"},{"geometry":{"coordinates":[[[-122.52749,38.06183],[-122.52806,38.06261],[-122.5292,38.06262],[-122.52977,38.06184],[-122.52921,38.06106],[-122.52807,38.06105],[-122.52749,38.06183]]],"type":"Polygon"},"properties":{"bbox":{"parking":{"area":33.42,"pct":0.13},"roads":{"area":1209.99,"pct":4.66}},"city_same":1,"id":"hex:3609:24322"},"type":"Feature"},{"geometry":{"coordinates":[[[-122.52748,38.06339],[-122.52805,38.06417],[-122.52919,38.06418],[-122.52976,38.0634],[-122.5292,38.06262],[-122.52806,38.06261],[-122.52748,38.06339]]],"type":"Polygon"},"properties":{"bbox":{"roads":{"area":1340.14,"pct":5.16}},"city_same":1,"id":"hex:3609:24323"},"type":"Feature"},{"geometry":{"coordinates":[[[-122.52747,38.06495],[-122.52804,38.06573],[-122.52918,38.06574],[-122.52975,38.06496],[-122.52919,38.06418],[-122.52805,38.06417],[-122.52747,38.06495]]],"type":"Polygon"},"properties":{"bbox":{"roads":{"area":446.17,"pct":1.72}},"city_same":1,"id":"hex:3609:24324"},"type":"Feature"},{"geometry":{"coordinates":[[[-122.52746,38.06651],[-122.52803,38.0673],[-122.52917,38.0673],[-122.52974,38.06652],[-122.52918,38.06574],[-122.52804,38.06573],[-122.52746,38.06651]]],"type":"Polygon"},"properties":{"bbox":{"roads":{"area":617.5,"pct":2.38}},"city_same":1,"id":"hex:3609:24325"},"type":"Feature"},{"geometry":{"coordinates":[[[-122.52745,38.06807],[-122.52802,38.06886],[-122.52916,38.06886],[-122.52973,38.06808],[-122.52917,38.0673],[-122.52803,38.0673],[-122.52745,38.06807]]],"type":"Polygon"},"properties":{"bbox":{"roads":{"area":763.3,"pct":2.94}},"city_same":1,"id":"hex:3609:24326"},"type":"Feature"},{"geometry":{"coordinates":[[[-122.52801,38.07042],[-122.52915,38.07042],[-122.52971,38.07121],[-122.52914,38.07198],[-122.52801,38.07198],[-122.52801,38.07185],[-122.528,38.07178],[-122.52801,38.07171],[-122.52805,38.07167],[-122.52809,38.07164],[-122.52811,38.07157],[-122.52809,38.07151],[-122.52805,38.07146],[-122.52801,38.07139],[-122.52796,38.07135],[-122.52796,38.07131],[-122.52792,38.07129],[-122.52787,38.07129],[-122.52776,38.07127],[-122.52771,38.07125],[-122.52767,38.07121],[-122.52762,38.07115],[-122.52759,38.07109],[-122.52755,38.07104],[-122.52791,38.07055],[-122.52792,38.07055],[-122.52801,38.07055],[-122.52813,38.07057],[-122.52794,38.07051],[-122.52801,38.07042]]],"type":"Polygon"},"properties":{"bbox":{"roads":{"area":1733.2,"pct":7.33}},"city_same":1,"id":"hex:3609:24328"},"type":"Feature"},{"geometry":{"coordinates":[[[[-122.52776,38.07322],[-122.52778,38.0732],[-122.52781,38.07315],[-122.52788,38.07313],[-122.52792,38.07309],[-122.52798,38.07306],[-122.52808,38.07306],[-122.52812,38.07304],[-122.52815,38.07301],[-122.52821,38.073],[-122.52827,38.07302],[-122.52828,38.07304],[-122.52833,38.07306],[-122.52838,38.07305],[-122.5284,38.07306],[-122.52862,38.07306],[-122.52868,38.07304],[-122.52873,38.07299],[-122.52877,38.07295],[-122.5288,38.07289],[-122.52883,38.07284],[-122.52885,38.07275],[-122.52885,38.07265],[-122.52882,38.07261],[-122.5288,38.07255],[-122.52878,38.0725],[-122.52874,38.07244],[-122.52862,38.07238],[-122.52858,38.07235],[-122.52852,38.07232],[-122.52842,38.07229],[-122.52839,38.07226],[-122.52837,38.07222],[-122.52833,38.0722],[-122.52828,38.0722],[-122.52826,38.07218],[-122.52823,38.07218],[-122.52821,38.07214],[-122.52815,38.07213],[-122.52811,38.07211],[-122.52808,38.07208],[-122.52803,38.07203],[-122.52801,38.07198],[-122.52801,38.07198],[-122.52914,38.07198],[-122.5297,38.07277],[-122.5293,38.07331],[-122.52926,38.0733],[-122.5292,38.07328],[-122.5291,38.07326],[-122.52902,38.07323],[-122.52893,38.07321],[-122.52884,38.07321],[-122.52878,38.07321],[-122.5287,38.07321],[-122.52865,38.07322],[-122.52856,38.07321],[-122.5285,38.0732],[-122.52843,38.07317],[-122.52838,38.07317],[-122.52835,38.07321],[-122.52828,38.07325],[-122.52825,38.07323],[-122.52822,38.07317],[-122.52819,38.07312],[-122.52817,38.07309],[-122.52813,38.07308],[-122.52808,38.07309],[-122.52801,38.07312],[-122.52797,38.07316],[-122.52792,38.07318],[-122.52791,38.07321],[-122.52787,38.07322],[-122.52783,38.07326],[-122.5278,38.07328],[-122.52776,38.07322]]],[[[-122.52913,38.07354],[-122.52816,38.07354],[-122.52816,38.07354],[-122.52822,38.07348],[-122.5283,38.07347],[-122.5284,38.0735],[-122.52851,38.07351],[-122.52863,38.07351],[-122.52874,38.07347],[-122.52883,38.07347],[-122.52896,38.07348],[-122.52905,38.0735],[-122.52914,38.07353],[-122.52913,38.07354]]]],"type":"MultiPolygon"},"properties":{"bbox":{"roads":{"area":745.24,"pct":6.21}},"city_same":1,"id":"hex:3609:24329"},"type":"Feature"},{"geometry":{"coordinates":[[[-122.5273,38.09149],[-122.52787,38.09227],[-122.52901,38.09228],[-122.52958,38.0915],[-122.52902,38.09072],[-122.52788,38.09071],[-122.5273,38.09149]]],"type":"Polygon"},"properties":{"bbox":{"roads":{"area":2153.95,"pct":8.29}},"id":"hex:3609:24341"},"type":"Feature"},{"geometry":{"coordinates":[[[-122.529,38.09384],[-122.52786,38.09383],[-122.52729,38.09305],[-122.52787,38.09227],[-122.52901,38.09228],[-122.52916,38.09248],[-122.52847,38.09302],[-122.52847,38.09313],[-122.52907,38.09373],[-122.529,38.09384]]],"type":"Polygon"},"properties":{"bbox":{"roads":{"area":2210.46,"pct":11.71}},"city":{"roads":{"area":663.93,"pct":3.52}},"id":"hex:3609:24342"},"type":"Feature"},{"geometry":{"coordinates":[[[-122.52725,38.09929],[-122.52783,38.09852],[-122.52843,38.09852],[-122.52843,38.09852],[-122.52845,38.09855],[-122.52851,38.09861],[-122.52854,38.09862],[-122.52859,38.09861],[-122.52863,38.0986],[-122.52873,38.09852],[-122.52889,38.09852],[-122.52868,38.09869],[-122.52866,38.09873],[-122.5287,38.09876],[-122.52878,38.09882],[-122.52881,38.09882],[-122.52889,38.09879],[-122.52905,38.09864],[-122.52913,38.09874],[-122.52768,38.09989],[-122.52758,38.09975],[-122.52763,38.09974],[-122.52779,38.09962],[-122.52866,38.09894],[-122.52869,38.09891],[-122.52864,38.09887],[-122.52861,38.09885],[-122.52859,38.09882],[-122.52855,38.09879],[-122.52846,38.09882],[-122.5275,38.0996],[-122.52749,38.09962],[-122.52742,38.09953],[-122.52844,38.09874],[-122.52844,38.09868],[-122.52833,38.0986],[-122.52827,38.09861],[-122.52765,38.09909],[-122.5273,38.09936],[-122.52725,38.09929]]],"type":"Polygon"},"properties":{"bbox":{"roads":{"area":625.92,"pct":8.76}},"city_same":1,"id":"hex:3609:24346"},"type":"Feature"},{"geometry":{"coordinates":[[[-122.52884,38.11881],[-122.5277,38.11881],[-122.52713,38.11803],[-122.52735,38.11774],[-122.52914,38.1184],[-122.52884,38.11881]]],"type":"Polygon"},"properties":{"bbox":{"roads":{"area":1014.74,"pct":8.39}},"city_same":1,"id":"hex:3609:24358"},"type":"Feature"},{"geometry":{"coordinates":[[[-122.52711,38.12115],[-122.52768,38.12193],[-122.52882,38.12194],[-122.52939,38.12116],[-122.52883,38.12037],[-122.52769,38.12037],[-122.52711,38.12115]]],"type":"Polygon"},"properties":{"bbox":{"roads":{"area":822.49,"pct":3.17}},"city_same":1,"id":"hex:3609:24360"},"type":"Feature"},{"geometry":{"coordinates":[[[-122.5271,38.12271],[-122.52767,38.12349],[-122.52881,38.1235],[-122.52938,38.12272],[-122.52882,38.12194],[-122.52768,38.12193],[-122.5271,38.12271]]],"type":"Polygon"},"properties":{"bbox":{"roads":{"area":1547.61,"pct":5.96}},"city_same":1,"id":"hex:3609:24361"},"type":"Feature"},{"geometry":{"coordinates":[[[-122.52709,38.12427],[-122.52766,38.12505],[-122.5288,38.12506],[-122.52937,38.12428],[-122.52881,38.1235],[-122.52767,38.12349],[-122.52709,38.12427]]],"type":"Polygon"},"properties":{"bbox":{"roads":{"area":2044.64,"pct":7.87}},"city_same":1,"id":"hex:3609:24362"},"type":"Feature"},{"geometry":{"coordinates":[[[-122.52708,38.12583],[-122.52765,38.12661],[-122.52879,38.12662],[-122.52936,38.12584],[-122.5288,38.12506],[-122.52766,38.12505],[-122.52708,38.12583]]],"type":"Polygon"},"properties":{"bbox":{"roads":{"area":1576.76,"pct":6.07}},"city_same":1,"id":"hex:3609:24363"},"type":"Feature"},{"geometry":{"coordinates":[[[-122.52762,38.04154],[-122.52649,38.04153],[-122.52592,38.04075],[-122.52639,38.04011],[-122.52702,38.04022],[-122.52754,38.04055],[-122.52756,38.04123],[-122.52779,38.04131],[-122.52762,38.04154]]],"type":"Polygon"},"properties":{"bbox":{"roads":{"area":150.91,"pct":0.86}},"city_same":1,"id":"hex:3610:24309"},"type":"Feature"},{"geometry":{"coordinates":[[[-122.5259,38.04387],[-122.52647,38.04465],[-122.5276,38.04466],[-122.52818,38.04388],[-122.52761,38.0431],[-122.52648,38.04309],[-122.5259,38.04387]]],"type":"Polygon"},"properties":{"bbox":{"roads":{"area":2807.98,"pct":10.81}},"city_same":1,"id":"hex:3610:24311"},"type":"Feature"},{"geometry":{"coordinates":[[[-122.52589,38.04543],[-122.52645,38.04622],[-122.52759,38.04622],[-122.52817,38.04544],[-122.5276,38.04466],[-122.52647,38.04465],[-122.52589,38.04543]]],"type":"Polygon"},"properties":{"bbox":{"roads":{"area":224.16,"pct":0.86}},"city_same":1,"id":"hex:3610:24312"},"type":"Feature"},{"geometry":{"coordinates":[[[-122.52587,38.04855],[-122.52643,38.04934],[-122.52757,38.04934],[-122.52815,38.04856],[-122.52758,38.04778],[-122.52644,38.04778],[-122.52587,38.04855]]],"type":"Polygon"},"properties":{"bbox":{"roads":{"area":122.9,"pct":0.47}},"city_same":1,"id":"hex:3610:24314"},"type":"Feature"},{"geometry":{"coordinates":[[[-122.52586,38.05012],[-122.52642,38.0509],[-122.52756,38.0509],[-122.52814,38.05012],[-122.52757,38.04934],[-122.52643,38.04934],[-122.52586,38.05012]]],"type":"Polygon"},"properties":{"bbox":{"roads":{"area":1079.77,"pct":4.16}},"city_same":1,"id":"hex:3610:24315"},"type":"Feature"},{"geometry":{"coordinates":[[[-122.52585,38.05168],[-122.52641,38.05246],[-122.52755,38.05246],[-122.52813,38.05169],[-122.52756,38.0509],[-122.52642,38.0509],[-122.52585,38.05168]]],"type":"Polygon"},"properties":{"bbox":{"roads":{"area":1696.94,"pct":6.53},"sidewalks":{"area":373.14,"pct":1.44}},"city_same":1,"id":"hex:3610:24316"},"type":"Feature"},{"geometry":{"coordinates":[[[-122.52584,38.05324],[-122.5264,38.05402],[-122.52754,38.05402],[-122.52812,38.05325],[-122.52755,38.05246],[-122.52641,38.05246],[-122.52584,38.05324]]],"type":"Polygon"},"properties":{"bbox":{"parking":{"area":360.91,"pct":1.39},"roads":{"area":2645.54,"pct":10.18},"sidewalks":{"area":936.38,"pct":3.6}},"city_same":1,"id":"hex:3610:24317"},"type":"Feature"},{"geometry":{"coordinates":[[[-122.52583,38.0548],[-122.52639,38.05558],[-122.52753,38.05559],[-122.52811,38.05481],[-122.52754,38.05402],[-122.5264,38.05402],[-122.52583,38.0548]]],"type":"Polygon"},"properties":{"bbox":{"roads":{"area":727.46,"pct":2.8},"sidewalks":{"area":407.03,"pct":1.57}},"city_same":1,"id":"hex:3610:24318"},"type":"Feature"},{"geometry":{"coordinates":[[[-122.52582,38.05636],[-122.52638,38.05714],[-122.52752,38.05715],[-122.5281,38.05637],[-122.52753,38.05559],[-122.52639,38.05558],[-122.52582,38.05636]]],"type":"Polygon"},"properties":{"bbox":{"roads":{"area":1717.11,"pct":6.61},"sidewalks":{"area":160.11,"pct":0.62}},"city_same":1,"id":"hex:3610:24319"},"type":"Feature"},{"geometry":{"coordinates":[[[-122.52581,38.05792],[-122.52637,38.0587],[-122.52751,38.05871],[-122.52809,38.05793],[-122.52752,38.05715],[-122.52638,38.05714],[-122.52581,38.05792]]],"type":"Polygon"},"properties":{"bbox":{"roads":{"area":2216.69,"pct":8.53}},"city_same":1,"id":"hex:3610:24320"},"type":"Feature"},{"geometry":{"coordinates":[[[-122.5258,38.05948],[-122.52636,38.06026],[-122.5275,38.06027],[-122.52808,38.05949],[-122.52751,38.05871],[-122.52637,38.0587],[-122.5258,38.05948]]],"type":"Polygon"},"properties":{"bbox":{"roads":{"area":2674.8,"pct":10.3}},"city_same":1,"id":"hex:3610:24321"},"type":"Feature"},{"geometry":{"coordinates":[[[-122.52579,38.06104],[-122.52635,38.06183],[-122.52749,38.06183],[-122.52807,38.06105],[-122.5275,38.06027],[-122.52636,38.06026],[-122.52579,38.06104]]],"type":"Polygon"},"properties":{"bbox":{"parking":{"area":876.82,"pct":3.37},"roads":{"area":1462.32,"pct":5.63}},"city_same":1,"id":"hex:3610:24322"},"type":"Feature"},{"geometry":{"coordinates":[[[-122.52578,38.0626],[-122.52634,38.06339],[-122.52748,38.06339],[-122.52806,38.06261],[-122.52749,38.06183],[-122.52635,38.06183],[-122.52578,38.0626]]],"type":"Polygon"},"properties":{"bbox":{"roads":{"area":1562.51,"pct":6.01}},"city_same":1,"id":"hex:3610:24323"},"type":"Feature"},{"geometry":{"coordinates":[[[-122.52577,38.06416],[-122.52633,38.06495],[-122.52747,38.06495],[-122.52805,38.06417],[-122.52748,38.06339],[-122.52634,38.06339],[-122.52577,38.06416]]],"type":"Polygon"},"properties":{"bbox":{"roads":{"area":556,"pct":2.14}},"city_same":1,"id":"hex:3610:24324"},"type":"Feature"},{"geometry":{"coordinates":[[[-122.52576,38.06573],[-122.52632,38.06651],[-122.52746,38.06651],[-122.52804,38.06573],[-122.52747,38.06495],[-122.52633,38.06495],[-122.52576,38.06573]]],"type":"Polygon"},"properties":{"bbox":{"roads":{"area":1329.5,"pct":5.12}},"city_same":1,"id":"hex:3610:24325"},"type":"Feature"},{"geometry":{"coordinates":[[[-122.52575,38.06729],[-122.52631,38.06807],[-122.52745,38.06807],[-122.52803,38.0673],[-122.52746,38.06651],[-122.52632,38.06651],[-122.52575,38.06729]]],"type":"Polygon"},"properties":{"bbox":{"roads":{"area":511.47,"pct":1.97}},"city_same":1,"id":"hex:3610:24326"},"type":"Feature"},{"geometry":{"coordinates":[[[-122.52574,38.06885],[-122.5263,38.06963],[-122.52744,38.06963],[-122.52802,38.06886],[-122.52745,38.06807],[-122.52631,38.06807],[-122.52574,38.06885]]],"type":"Polygon"},"properties":{"bbox":{"roads":{"area":651.05,"pct":2.51}},"city_same":1,"id":"hex:3610:24327"},"type":"Feature"},{"geometry":{"coordinates":[[[-122.52559,38.09226],[-122.52615,38.09305],[-122.52729,38.09305],[-122.52787,38.09227],[-122.5273,38.09149],[-122.52616,38.09148],[-122.52559,38.09226]]],"type":"Polygon"},"properties":{"bbox":{"roads":{"area":872.39,"pct":3.36}},"city":{"roads":{"area":495.35,"pct":1.91}},"id":"hex:3610:24342"},"type":"Feature"},{"geometry":{"coordinates":[[[-122.52558,38.09382],[-122.52614,38.09461],[-122.52728,38.09461],[-122.52786,38.09383],[-122.52729,38.09305],[-122.52615,38.09305],[-122.52558,38.09382]]],"type":"Polygon"},"properties":{"bbox":{"roads":{"area":3002.92,"pct":11.56}},"city":{"roads":{"area":508.43,"pct":1.96}},"id":"hex:3610:24343"},"type":"Feature"},{"geometry":{"coordinates":[[[-122.52554,38.10007],[-122.52611,38.09929],[-122.52725,38.09929],[-122.5273,38.09936],[-122.52725,38.09941],[-122.52723,38.09944],[-122.52723,38.09946],[-122.52724,38.09949],[-122.52725,38.09951],[-122.52729,38.09954],[-122.52733,38.09956],[-122.52735,38.09956],[-122.52741,38.09954],[-122.52742,38.09953],[-122.52749,38.09962],[-122.52748,38.09964],[-122.52753,38.09974],[-122.52757,38.09976],[-122.52758,38.09975],[-122.52768,38.09989],[-122.52759,38.09996],[-122.52759,38.10007],[-122.52772,38.10021],[-122.52765,38.10031],[-122.52731,38.09997],[-122.52691,38.09972],[-122.52655,38.09996],[-122.52644,38.10015],[-122.5263,38.10031],[-122.52613,38.10029],[-122.52587,38.10053],[-122.52554,38.10007]]],"type":"Polygon"},"properties":{"bbox":{"roads":{"area":104.89,"pct":0.79}},"city_same":1,"id":"hex:3610:24347"},"type":"Feature"},{"geometry":{"coordinates":[[[-122.52542,38.1188],[-122.52598,38.11958],[-122.52712,38.11959],[-122.5277,38.11881],[-122.52713,38.11803],[-122.52599,38.11802],[-122.52542,38.1188]]],"type":"Polygon"},"properties":{"bbox":{"roads":{"area":1251.15,"pct":4.82}},"city_same":1,"id":"hex:3610:24359"},"type":"Feature"},{"geometry":{"coordinates":[[[-122.52541,38.12036],[-122.52597,38.12114],[-122.52711,38.12115],[-122.52769,38.12037],[-122.52712,38.11959],[-122.52598,38.11958],[-122.52541,38.12036]]],"type":"Polygon"},"properties":{"bbox":{"roads":{"area":374.92,"pct":1.44}},"city_same":1,"id":"hex:3610:24360"},"type":"Feature"},{"geometry":{"coordinates":[[[-122.5254,38.12192],[-122.52596,38.1227],[-122.5271,38.12271],[-122.52768,38.12193],[-122.52711,38.12115],[-122.52597,38.12114],[-122.5254,38.12192]]],"type":"Polygon"},"properties":{"bbox":{"roads":{"area":2001.75,"pct":7.7}},"city_same":1,"id":"hex:3610:24361"},"type":"Feature"},{"geometry":{"coordinates":[[[-122.52539,38.12348],[-122.52595,38.12427],[-122.52709,38.12427],[-122.52767,38.12349],[-122.5271,38.12271],[-122.52596,38.1227],[-122.52539,38.12348]]],"type":"Polygon"},"properties":{"bbox":{"roads":{"area":802.87,"pct":3.09}},"city_same":1,"id":"hex:3610:24362"},"type":"Feature"},{"geometry":{"coordinates":[[[-122.52592,38.04075],[-122.52478,38.04074],[-122.52431,38.04009],[-122.52432,38.04009],[-122.52505,38.03988],[-122.52564,38.03993],[-122.52606,38.04005],[-122.52639,38.04011],[-122.52592,38.04075]]],"type":"Polygon"},"properties":{"bbox":{"roads":{"area":18.82,"pct":0.15}},"city_same":1,"id":"hex:3611:24308"},"type":"Feature"},{"geometry":{"coordinates":[[[-122.52421,38.04152],[-122.52477,38.04231],[-122.52591,38.04231],[-122.52649,38.04153],[-122.52592,38.04075],[-122.52478,38.04074],[-122.52421,38.04152]]],"type":"Polygon"},"properties":{"bbox":{"roads":{"area":888.74,"pct":3.42}},"city_same":1,"id":"hex:3611:24309"},"type":"Feature"},{"geometry":{"coordinates":[[[-122.5242,38.04308],[-122.52476,38.04387],[-122.5259,38.04387],[-122.52648,38.04309],[-122.52591,38.04231],[-122.52477,38.04231],[-122.5242,38.04308]]],"type":"Polygon"},"properties":{"bbox":{"roads":{"area":650.99,"pct":2.51}},"city_same":1,"id":"hex:3611:24310"},"type":"Feature"},{"geometry":{"coordinates":[[[-122.52419,38.04464],[-122.52475,38.04543],[-122.52589,38.04543],[-122.52647,38.04465],[-122.5259,38.04387],[-122.52476,38.04387],[-122.52419,38.04464]]],"type":"Polygon"},"properties":{"bbox":{"roads":{"area":1860.02,"pct":7.16}},"city_same":1,"id":"hex:3611:24311"},"type":"Feature"},{"geometry":{"coordinates":[[[-122.52418,38.04621],[-122.52474,38.04699],[-122.52588,38.04699],[-122.52645,38.04622],[-122.52589,38.04543],[-122.52475,38.04543],[-122.52418,38.04621]]],"type":"Polygon"},"properties":{"bbox":{"roads":{"area":102.97,"pct":0.4}},"city_same":1,"id":"hex:3611:24312"},"type":"Feature"},{"geometry":{"coordinates":[[[-122.52416,38.04933],[-122.52472,38.05011],[-122.52586,38.05012],[-122.52643,38.04934],[-122.52587,38.04855],[-122.52473,38.04855],[-122.52416,38.04933]]],"type":"Polygon"},"properties":{"bbox":{"roads":{"area":1726.97,"pct":6.65}},"city_same":1,"id":"hex:3611:24314"},"type":"Feature"},{"geometry":{"coordinates":[[[-122.52415,38.05089],[-122.52471,38.05167],[-122.52585,38.05168],[-122.52642,38.0509],[-122.52586,38.05012],[-122.52472,38.05011],[-122.52415,38.05089]]],"type":"Polygon"},"properties":{"bbox":{"roads":{"area":545.44,"pct":2.1}},"city_same":1,"id":"hex:3611:24315"},"type":"Feature"},{"geometry":{"coordinates":[[[-122.52414,38.05245],[-122.5247,38.05323],[-122.52584,38.05324],[-122.52641,38.05246],[-122.52585,38.05168],[-122.52471,38.05167],[-122.52414,38.05245]]],"type":"Polygon"},"properties":{"bbox":{"roads":{"area":1487.37,"pct":5.72}},"city_same":1,"id":"hex:3611:24316"},"type":"Feature"},{"geometry":{"coordinates":[[[-122.52413,38.05401],[-122.52469,38.05479],[-122.52583,38.0548],[-122.5264,38.05402],[-122.52584,38.05324],[-122.5247,38.05323],[-122.52413,38.05401]]],"type":"Polygon"},"properties":{"bbox":{"roads":{"area":2922.48,"pct":11.25},"sidewalks":{"area":332.4,"pct":1.28}},"city_same":1,"id":"hex:3611:24317"},"type":"Feature"},{"geometry":{"coordinates":[[[-122.52411,38.05557],[-122.52468,38.05635],[-122.52582,38.05636],[-122.52639,38.05558],[-122.52583,38.0548],[-122.52469,38.05479],[-122.52411,38.05557]]],"type":"Polygon"},"properties":{"bbox":{"roads":{"area":3097.54,"pct":11.92},"sidewalks":{"area":306.01,"pct":1.18}},"city_same":1,"id":"hex:3611:24318"},"type":"Feature"},{"geometry":{"coordinates":[[[-122.5241,38.05713],[-122.52467,38.05792],[-122.52581,38.05792],[-122.52638,38.05714],[-122.52582,38.05636],[-122.52468,38.05635],[-122.5241,38.05713]]],"type":"Polygon"},"properties":{"bbox":{"roads":{"area":1636.96,"pct":6.3}},"city_same":1,"id":"hex:3611:24319"},"type":"Feature"},{"geometry":{"coordinates":[[[-122.52409,38.05869],[-122.52466,38.05948],[-122.5258,38.05948],[-122.52637,38.0587],[-122.52581,38.05792],[-122.52467,38.05792],[-122.52409,38.05869]]],"type":"Polygon"},"properties":{"bbox":{"roads":{"area":2188.86,"pct":8.42}},"city_same":1,"id":"hex:3611:24320"},"type":"Feature"},{"geometry":{"coordinates":[[[-122.52408,38.06026],[-122.52465,38.06104],[-122.52579,38.06104],[-122.52636,38.06026],[-122.5258,38.05948],[-122.52466,38.05948],[-122.52408,38.06026]]],"type":"Polygon"},"properties":{"bbox":{"roads":{"area":3219.76,"pct":12.39}},"city_same":1,"id":"hex:3611:24321"},"type":"Feature"},{"geometry":{"coordinates":[[[-122.52407,38.06182],[-122.52464,38.0626],[-122.52578,38.0626],[-122.52635,38.06183],[-122.52579,38.06104],[-122.52465,38.06104],[-122.52407,38.06182]]],"type":"Polygon"},"properties":{"bbox":{"roads":{"area":1132.36,"pct":4.36}},"city_same":1,"id":"hex:3611:24322"},"type":"Feature"},{"geometry":{"coordinates":[[[-122.52406,38.06338],[-122.52463,38.06416],[-122.52577,38.06416],[-122.52634,38.06339],[-122.52578,38.0626],[-122.52464,38.0626],[-122.52406,38.06338]]],"type":"Polygon"},"properties":{"bbox":{"roads":{"area":617.33,"pct":2.38}},"city_same":1,"id":"hex:3611:24323"},"type":"Feature"},{"geometry":{"coordinates":[[[-122.52405,38.06494],[-122.52462,38.06572],[-122.52576,38.06573],[-122.52633,38.06495],[-122.52577,38.06416],[-122.52463,38.06416],[-122.52405,38.06494]]],"type":"Polygon"},"properties":{"bbox":{"roads":{"area":1056.32,"pct":4.07}},"city_same":1,"id":"hex:3611:24324"},"type":"Feature"},{"geometry":{"coordinates":[[[-122.52404,38.0665],[-122.52461,38.06728],[-122.52575,38.06729],[-122.52632,38.06651],[-122.52576,38.06573],[-122.52462,38.06572],[-122.52404,38.0665]]],"type":"Polygon"},"properties":{"bbox":{"roads":{"area":943.92,"pct":3.63}},"city_same":1,"id":"hex:3611:24325"},"type":"Feature"},{"geometry":{"coordinates":[[[-122.52403,38.06806],[-122.5246,38.06884],[-122.52574,38.06885],[-122.52631,38.06807],[-122.52575,38.06729],[-122.52461,38.06728],[-122.52403,38.06806]]],"type":"Polygon"},"properties":{"bbox":{"roads":{"area":584.69,"pct":2.25}},"city_same":1,"id":"hex:3611:24326"},"type":"Feature"},{"geometry":{"coordinates":[[[-122.52402,38.06962],[-122.5246,38.06884],[-122.52574,38.06885],[-122.5263,38.06963],[-122.52615,38.06985],[-122.52612,38.06983],[-122.52599,38.06979],[-122.52592,38.0698],[-122.52587,38.06979],[-122.52571,38.0698],[-122.52559,38.0698],[-122.52552,38.06981],[-122.52539,38.06984],[-122.52527,38.06984],[-122.52518,38.06987],[-122.52514,38.06985],[-122.52492,38.06991],[-122.52478,38.06991],[-122.52466,38.06991],[-122.52458,38.06992],[-122.52449,38.06994],[-122.52442,38.06997],[-122.52433,38.06999],[-122.52429,38.06999],[-122.52402,38.06962]]],"type":"Polygon"},"properties":{"bbox":{"roads":{"area":144.84,"pct":0.81}},"city_same":1,"id":"hex:3611:24327"},"type":"Feature"},{"geometry":{"coordinates":[[[-122.52386,38.0946],[-122.52443,38.09538],[-122.52557,38.09538],[-122.52614,38.09461],[-122.52558,38.09382],[-122.52444,38.09382],[-122.52386,38.0946]]],"type":"Polygon"},"properties":{"bbox":{"roads":{"area":2632.79,"pct":10.13}},"id":"hex:3611:24343"},"type":"Feature"},{"geometry":{"coordinates":[[[-122.52385,38.09616],[-122.52442,38.09694],[-122.52556,38.09695],[-122.52613,38.09617],[-122.52557,38.09538],[-122.52443,38.09538],[-122.52385,38.09616]]],"type":"Polygon"},"properties":{"bbox":{"roads":{"area":62.33,"pct":0.24}},"id":"hex:3611:24344"},"type":"Feature"},{"geometry":{"coordinates":[[[-122.52379,38.10552],[-122.52437,38.10475],[-122.52551,38.10475],[-122.52607,38.10553],[-122.5255,38.10631],[-122.52469,38.10631],[-122.5243,38.10623],[-122.52379,38.10552]]],"type":"Polygon"},"properties":{"bbox":{"roads":{"area":180.66,"pct":0.7}},"city_same":1,"id":"hex:3611:24350"},"type":"Feature"},{"geometry":{"coordinates":[[[-122.52599,38.11802],[-122.52542,38.1188],[-122.52428,38.11879],[-122.52421,38.11871],[-122.52428,38.11818],[-122.52424,38.11814],[-122.52518,38.11784],[-122.52517,38.11825],[-122.52592,38.11792],[-122.52599,38.11802]]],"type":"Polygon"},"properties":{"bbox":{"roads":{"area":148.63,"pct":1.36}},"city_same":1,"id":"hex:3611:24358"},"type":"Feature"},{"geometry":{"coordinates":[[[-122.52428,38.11879],[-122.52542,38.1188],[-122.52598,38.11958],[-122.52541,38.12036],[-122.52427,38.12036],[-122.5237,38.11957],[-122.52384,38.11938],[-122.52414,38.1193],[-122.52419,38.11891],[-122.52428,38.11879]]],"type":"Polygon"},"properties":{"bbox":{"roads":{"area":1220,"pct":4.8}},"city_same":1,"id":"hex:3611:24359"},"type":"Feature"},{"geometry":{"coordinates":[[[-122.52369,38.12113],[-122.52426,38.12192],[-122.5254,38.12192],[-122.52597,38.12114],[-122.52541,38.12036],[-122.52427,38.12036],[-122.52369,38.12113]]],"type":"Polygon"},"properties":{"bbox":{"roads":{"area":1306.53,"pct":5.03}},"city_same":1,"id":"hex:3611:24360"},"type":"Feature"},{"geometry":{"coordinates":[[[-122.52368,38.1227],[-122.52424,38.12348],[-122.52539,38.12348],[-122.52596,38.1227],[-122.5254,38.12192],[-122.52426,38.12192],[-122.52368,38.1227]]],"type":"Polygon"},"properties":{"bbox":{"roads":{"area":793.08,"pct":3.05}},"city_same":1,"id":"hex:3611:24361"},"type":"Feature"},{"geometry":{"coordinates":[[[-122.52367,38.12426],[-122.52423,38.12504],[-122.52538,38.12504],[-122.52595,38.12427],[-122.52539,38.12348],[-122.52424,38.12348],[-122.52367,38.12426]]],"type":"Polygon"},"properties":{"bbox":{"roads":{"area":650.05,"pct":2.5}},"city_same":1,"id":"hex:3611:24362"},"type":"Feature"},{"geometry":{"coordinates":[[[-122.52478,38.04074],[-122.52421,38.04152],[-122.52307,38.04152],[-122.5225,38.04074],[-122.52308,38.03996],[-122.52395,38.03996],[-122.52431,38.04009],[-122.52478,38.04074]]],"type":"Polygon"},"properties":{"bbox":{"roads":{"area":871.66,"pct":3.38}},"city_same":1,"id":"hex:3612:24309"},"type":"Feature"},{"geometry":{"coordinates":[[[-122.52249,38.0423],[-122.52306,38.04308],[-122.5242,38.04308],[-122.52477,38.04231],[-122.52421,38.04152],[-122.52307,38.04152],[-122.52249,38.0423]]],"type":"Polygon"},"properties":{"bbox":{"roads":{"area":1734.24,"pct":6.68}},"city_same":1,"id":"hex:3612:24310"},"type":"Feature"},{"geometry":{"coordinates":[[[-122.52248,38.04386],[-122.52305,38.04464],[-122.52419,38.04464],[-122.52476,38.04387],[-122.5242,38.04308],[-122.52306,38.04308],[-122.52248,38.04386]]],"type":"Polygon"},"properties":{"bbox":{"roads":{"area":1500.51,"pct":5.78}},"city_same":1,"id":"hex:3612:24311"},"type":"Feature"},{"geometry":{"coordinates":[[[-122.52247,38.04542],[-122.52304,38.0462],[-122.52418,38.04621],[-122.52475,38.04543],[-122.52419,38.04464],[-122.52305,38.04464],[-122.52247,38.04542]]],"type":"Polygon"},"properties":{"bbox":{"roads":{"area":3134.25,"pct":12.06}},"city_same":1,"id":"hex:3612:24312"},"type":"Feature"},{"geometry":{"coordinates":[[[-122.52246,38.04698],[-122.52303,38.04776],[-122.52417,38.04777],[-122.52474,38.04699],[-122.52418,38.04621],[-122.52304,38.0462],[-122.52246,38.04698]]],"type":"Polygon"},"properties":{"bbox":{"roads":{"area":3041.53,"pct":11.71}},"city_same":1,"id":"hex:3612:24313"},"type":"Feature"},{"geometry":{"coordinates":[[[-122.52245,38.04854],[-122.52302,38.04932],[-122.52416,38.04933],[-122.52473,38.04855],[-122.52417,38.04777],[-122.52303,38.04776],[-122.52245,38.04854]]],"type":"Polygon"},"properties":{"bbox":{"roads":{"area":1079.87,"pct":4.16}},"city_same":1,"id":"hex:3612:24314"},"type":"Feature"},{"geometry":{"coordinates":[[[-122.52244,38.0501],[-122.52301,38.05088],[-122.52415,38.05089],[-122.52472,38.05011],[-122.52416,38.04933],[-122.52302,38.04932],[-122.52244,38.0501]]],"type":"Polygon"},"properties":{"bbox":{"roads":{"area":53.97,"pct":0.21}},"city_same":1,"id":"hex:3612:24315"},"type":"Feature"},{"geometry":{"coordinates":[[[-122.52242,38.05322],[-122.52299,38.05401],[-122.52413,38.05401],[-122.5247,38.05323],[-122.52414,38.05245],[-122.523,38.05245],[-122.52242,38.05322]]],"type":"Polygon"},"properties":{"bbox":{"roads":{"area":1941.06,"pct":7.47}},"city_same":1,"id":"hex:3612:24317"},"type":"Feature"},{"geometry":{"coordinates":[[[-122.52241,38.05478],[-122.52298,38.05557],[-122.52411,38.05557],[-122.52469,38.05479],[-122.52413,38.05401],[-122.52299,38.05401],[-122.52241,38.05478]]],"type":"Polygon"},"properties":{"bbox":{"roads":{"area":2024.54,"pct":7.79},"sidewalks":{"area":240.2,"pct":0.92}},"city_same":1,"id":"hex:3612:24318"},"type":"Feature"},{"geometry":{"coordinates":[[[-122.5224,38.05635],[-122.52297,38.05713],[-122.5241,38.05713],[-122.52468,38.05635],[-122.52411,38.05557],[-122.52298,38.05557],[-122.5224,38.05635]]],"type":"Polygon"},"properties":{"bbox":{"parking":{"area":6211.88,"pct":23.91},"roads":{"area":1772.75,"pct":6.82},"sidewalks":{"area":211.21,"pct":0.81}},"city_same":1,"id":"hex:3612:24319"},"type":"Feature"},{"geometry":{"coordinates":[[[-122.52239,38.05791],[-122.52295,38.05869],[-122.52409,38.05869],[-122.52467,38.05792],[-122.5241,38.05713],[-122.52297,38.05713],[-122.52239,38.05791]]],"type":"Polygon"},"properties":{"bbox":{"roads":{"area":1485.63,"pct":5.72}},"city_same":1,"id":"hex:3612:24320"},"type":"Feature"},{"geometry":{"coordinates":[[[-122.52238,38.05947],[-122.52294,38.06025],[-122.52408,38.06026],[-122.52466,38.05948],[-122.52409,38.05869],[-122.52295,38.05869],[-122.52238,38.05947]]],"type":"Polygon"},"properties":{"bbox":{"roads":{"area":3855.03,"pct":14.84}},"city_same":1,"id":"hex:3612:24321"},"type":"Feature"},{"geometry":{"coordinates":[[[-122.52237,38.06103],[-122.52293,38.06181],[-122.52407,38.06182],[-122.52465,38.06104],[-122.52408,38.06026],[-122.52294,38.06025],[-122.52237,38.06103]]],"type":"Polygon"},"properties":{"bbox":{"roads":{"area":3292.15,"pct":12.67}},"city_same":1,"id":"hex:3612:24322"},"type":"Feature"},{"geometry":{"coordinates":[[[-122.5229,38.06649],[-122.52234,38.06571],[-122.52291,38.06493],[-122.52405,38.06494],[-122.52462,38.06572],[-122.52404,38.0665],[-122.52353,38.0665],[-122.52318,38.0663],[-122.52318,38.06632],[-122.52317,38.06633],[-122.52325,38.0665],[-122.5229,38.06649]]],"type":"Polygon"},"properties":{"bbox":{"roads":{"area":332.46,"pct":1.29}},"city_same":1,"id":"hex:3612:24325"},"type":"Feature"},{"geometry":{"coordinates":[[[-122.52332,38.06806],[-122.52321,38.06789],[-122.52324,38.06766],[-122.52326,38.06746],[-122.52332,38.06746],[-122.52333,38.06733],[-122.52328,38.06712],[-122.52317,38.06702],[-122.52275,38.06708],[-122.52249,38.06712],[-122.52245,38.06711],[-122.5229,38.06649],[-122.52325,38.0665],[-122.52347,38.06695],[-122.52358,38.0672],[-122.52368,38.06735],[-122.52372,38.06742],[-122.52376,38.06747],[-122.52381,38.06748],[-122.52381,38.0675],[-122.52382,38.0675],[-122.52383,38.0675],[-122.52384,38.06749],[-122.52393,38.06745],[-122.52396,38.0674],[-122.52393,38.06731],[-122.52389,38.06722],[-122.52386,38.06717],[-122.52374,38.06697],[-122.52362,38.06673],[-122.52355,38.06662],[-122.5236,38.06658],[-122.52362,38.06654],[-122.5236,38.06651],[-122.52354,38.0665],[-122.52353,38.0665],[-122.52404,38.0665],[-122.52461,38.06728],[-122.52403,38.06806],[-122.52375,38.06806],[-122.52375,38.06795],[-122.52374,38.06776],[-122.52378,38.06765],[-122.52377,38.06763],[-122.52375,38.06764],[-122.52376,38.06762],[-122.52375,38.06762],[-122.52374,38.06761],[-122.52373,38.06762],[-122.52372,38.06761],[-122.52368,38.06762],[-122.52366,38.06771],[-122.52367,38.06791],[-122.52369,38.06806],[-122.52332,38.06806]]],"type":"Polygon"},"properties":{"bbox":{"roads":{"area":1093.07,"pct":6.69}},"city_same":1,"id":"hex:3612:24326"},"type":"Feature"},{"geometry":{"coordinates":[[[-122.52215,38.09537],[-122.52271,38.09615],[-122.52385,38.09616],[-122.52443,38.09538],[-122.52386,38.0946],[-122.52272,38.09459],[-122.52215,38.09537]]],"type":"Polygon"},"properties":{"bbox":{"roads":{"area":1952.2,"pct":7.51}},"id":"hex:3612:24344"},"type":"Feature"},{"geometry":{"coordinates":[[[-122.52214,38.09693],[-122.5227,38.09771],[-122.52384,38.09772],[-122.52442,38.09694],[-122.52385,38.09616],[-122.52271,38.09615],[-122.52214,38.09693]]],"type":"Polygon"},"properties":{"bbox":{"roads":{"area":1911.85,"pct":7.36}},"id":"hex:3612:24345"},"type":"Feature"},{"geometry":{"coordinates":[[[-122.52265,38.10552],[-122.52379,38.10552],[-122.5243,38.10623],[-122.52318,38.10602],[-122.52236,38.10592],[-122.52265,38.10552]]],"type":"Polygon"},"properties":{"bbox":{"roads":{"area":0.26,"pct":0}},"city_same":1,"id":"hex:3612:24351"},"type":"Feature"},{"geometry":{"coordinates":[[[[-122.52256,38.11957],[-122.52247,38.11945],[-122.52302,38.11957],[-122.52256,38.11957]]],[[[-122.5237,38.11957],[-122.52313,38.11957],[-122.52384,38.11938],[-122.5237,38.11957]]],[[[-122.52428,38.11879],[-122.52419,38.11891],[-122.52421,38.11871],[-122.52428,38.11879]]]],"type":"MultiPolygon"},"properties":{"bbox":{"roads":{"area":436.22,"pct":49.54}},"city_same":1,"id":"hex:3612:24359"},"type":"Feature"},{"geometry":{"coordinates":[[[-122.5237,38.11957],[-122.52427,38.12036],[-122.52369,38.12113],[-122.52255,38.12113],[-122.52198,38.12035],[-122.52256,38.11957],[-122.52302,38.11957],[-122.52308,38.11958],[-122.52313,38.11957],[-122.5237,38.11957]]],"type":"Polygon"},"properties":{"bbox":{"roads":{"area":246.36,"pct":0.95}},"city_same":1,"id":"hex:3612:24360"},"type":"Feature"},{"geometry":{"coordinates":[[[-122.52197,38.12191],[-122.52254,38.12269],[-122.52368,38.1227],[-122.52426,38.12192],[-122.52369,38.12113],[-122.52255,38.12113],[-122.52197,38.12191]]],"type":"Polygon"},"properties":{"bbox":{"roads":{"area":2732.14,"pct":10.52}},"city_same":1,"id":"hex:3612:24361"},"type":"Feature"},{"geometry":{"coordinates":[[[-122.52196,38.12347],[-122.52253,38.12425],[-122.52367,38.12426],[-122.52424,38.12348],[-122.52368,38.1227],[-122.52254,38.12269],[-122.52196,38.12347]]],"type":"Polygon"},"properties":{"bbox":{"roads":{"area":1591.28,"pct":6.12}},"city_same":1,"id":"hex:3612:24362"},"type":"Feature"},{"geometry":{"coordinates":[[[-122.52195,38.12503],[-122.52252,38.12581],[-122.52366,38.12582],[-122.52423,38.12504],[-122.52367,38.12426],[-122.52253,38.12425],[-122.52195,38.12503]]],"type":"Polygon"},"properties":{"bbox":{"roads":{"area":654.76,"pct":2.52}},"city_same":1,"id":"hex:3612:24363"},"type":"Feature"},{"geometry":{"coordinates":[[[-122.52079,38.04151],[-122.52135,38.04229],[-122.52249,38.0423],[-122.52307,38.04152],[-122.5225,38.04074],[-122.52136,38.04073],[-122.52079,38.04151]]],"type":"Polygon"},"properties":{"bbox":{"roads":{"area":2585.2,"pct":9.95}},"city_same":1,"id":"hex:3613:24309"},"type":"Feature"},{"geometry":{"coordinates":[[[-122.52078,38.04307],[-122.52134,38.04385],[-122.52248,38.04386],[-122.52306,38.04308],[-122.52249,38.0423],[-122.52135,38.04229],[-122.52078,38.04307]]],"type":"Polygon"},"properties":{"bbox":{"roads":{"area":1232.06,"pct":4.74}},"city_same":1,"id":"hex:3613:24310"},"type":"Feature"},{"geometry":{"coordinates":[[[-122.52077,38.04463],[-122.52133,38.04541],[-122.52247,38.04542],[-122.52305,38.04464],[-122.52248,38.04386],[-122.52134,38.04385],[-122.52077,38.04463]]],"type":"Polygon"},"properties":{"bbox":{"roads":{"area":381.37,"pct":1.47}},"city_same":1,"id":"hex:3613:24311"},"type":"Feature"},{"geometry":{"coordinates":[[[-122.52076,38.04619],[-122.52132,38.04697],[-122.52246,38.04698],[-122.52304,38.0462],[-122.52247,38.04542],[-122.52133,38.04541],[-122.52076,38.04619]]],"type":"Polygon"},"properties":{"bbox":{"roads":{"area":241.85,"pct":0.93}},"city_same":1,"id":"hex:3613:24312"},"type":"Feature"},{"geometry":{"coordinates":[[[-122.52075,38.04775],[-122.52131,38.04854],[-122.52245,38.04854],[-122.52303,38.04776],[-122.52246,38.04698],[-122.52132,38.04697],[-122.52075,38.04775]]],"type":"Polygon"},"properties":{"bbox":{"roads":{"area":977.09,"pct":3.76}},"city_same":1,"id":"hex:3613:24313"},"type":"Feature"},{"geometry":{"coordinates":[[[-122.52074,38.04931],[-122.5213,38.0501],[-122.52244,38.0501],[-122.52302,38.04932],[-122.52245,38.04854],[-122.52131,38.04854],[-122.52074,38.04931]]],"type":"Polygon"},"properties":{"bbox":{"roads":{"area":714.53,"pct":2.75}},"city_same":1,"id":"hex:3613:24314"},"type":"Feature"},{"geometry":{"coordinates":[[[-122.52073,38.05088],[-122.52129,38.05166],[-122.52243,38.05166],[-122.52301,38.05088],[-122.52244,38.0501],[-122.5213,38.0501],[-122.52073,38.05088]]],"type":"Polygon"},"properties":{"bbox":{"roads":{"area":969.14,"pct":3.73}},"city_same":1,"id":"hex:3613:24315"},"type":"Feature"},{"geometry":{"coordinates":[[[-122.52129,38.05166],[-122.52243,38.05166],[-122.523,38.05245],[-122.52242,38.05322],[-122.52128,38.05322],[-122.52074,38.05247],[-122.52073,38.05242],[-122.52129,38.05166]]],"type":"Polygon"},"properties":{"bbox":{"roads":{"area":1322.67,"pct":5.09}},"city_same":1,"id":"hex:3613:24316"},"type":"Feature"},{"geometry":{"coordinates":[[[-122.52071,38.054],[-122.52127,38.05478],[-122.52241,38.05478],[-122.52299,38.05401],[-122.52242,38.05322],[-122.52128,38.05322],[-122.52071,38.054]]],"type":"Polygon"},"properties":{"bbox":{"roads":{"area":926.33,"pct":3.57},"sidewalks":{"area":252.3,"pct":0.97}},"city_same":1,"id":"hex:3613:24317"},"type":"Feature"},{"geometry":{"coordinates":[[[-122.5207,38.05556],[-122.52126,38.05634],[-122.5224,38.05635],[-122.52298,38.05557],[-122.52241,38.05478],[-122.52127,38.05478],[-122.5207,38.05556]]],"type":"Polygon"},"properties":{"bbox":{"parking":{"area":586.34,"pct":2.26},"roads":{"area":2743.8,"pct":10.56},"sidewalks":{"area":663.43,"pct":2.55}},"city_same":1,"id":"hex:3613:24318"},"type":"Feature"},{"geometry":{"coordinates":[[[-122.52069,38.05712],[-122.52125,38.0579],[-122.52239,38.05791],[-122.52297,38.05713],[-122.5224,38.05635],[-122.52126,38.05634],[-122.52069,38.05712]]],"type":"Polygon"},"properties":{"bbox":{"roads":{"area":1156.16,"pct":4.45}},"city_same":1,"id":"hex:3613:24319"},"type":"Feature"},{"geometry":{"coordinates":[[[-122.52068,38.05868],[-122.52124,38.05946],[-122.52238,38.05947],[-122.52295,38.05869],[-122.52239,38.05791],[-122.52125,38.0579],[-122.52068,38.05868]]],"type":"Polygon"},"properties":{"bbox":{"roads":{"area":3715.26,"pct":14.3}},"city_same":1,"id":"hex:3613:24320"},"type":"Feature"},{"geometry":{"coordinates":[[[-122.52067,38.06024],[-122.52123,38.06102],[-122.52237,38.06103],[-122.52294,38.06025],[-122.52238,38.05947],[-122.52124,38.05946],[-122.52067,38.06024]]],"type":"Polygon"},"properties":{"bbox":{"roads":{"area":3151.22,"pct":12.13}},"city_same":1,"id":"hex:3613:24321"},"type":"Feature"},{"geometry":{"coordinates":[[[-122.52065,38.0618],[-122.52122,38.06258],[-122.52236,38.06259],[-122.52293,38.06181],[-122.52237,38.06103],[-122.52123,38.06102],[-122.52065,38.0618]]],"type":"Polygon"},"properties":{"bbox":{"roads":{"area":2589.43,"pct":9.97}},"city_same":1,"id":"hex:3613:24322"},"type":"Feature"},{"geometry":{"coordinates":[[[-122.52064,38.06336],[-122.52121,38.06415],[-122.52235,38.06415],[-122.52292,38.06337],[-122.52236,38.06259],[-122.52122,38.06258],[-122.52064,38.06336]]],"type":"Polygon"},"properties":{"bbox":{"roads":{"area":1419.12,"pct":5.46}},"city_same":1,"id":"hex:3613:24323"},"type":"Feature"},{"geometry":{"coordinates":[[[-122.52063,38.06492],[-122.5212,38.06571],[-122.52234,38.06571],[-122.52291,38.06493],[-122.52235,38.06415],[-122.52121,38.06415],[-122.52063,38.06492]]],"type":"Polygon"},"properties":{"bbox":{"roads":{"area":1541.82,"pct":5.93}},"city_same":1,"id":"hex:3613:24324"},"type":"Feature"},{"geometry":{"coordinates":[[[[-122.52119,38.06727],[-122.52062,38.06649],[-122.52075,38.06631],[-122.52079,38.06633],[-122.52107,38.06633],[-122.52128,38.06633],[-122.52136,38.06631],[-122.52143,38.06626],[-122.52147,38.06622],[-122.52149,38.0662],[-122.52154,38.06622],[-122.52159,38.0662],[-122.52166,38.06616],[-122.52173,38.06606],[-122.52175,38.06595],[-122.52155,38.06581],[-122.52138,38.06577],[-122.52119,38.06572],[-122.5212,38.06571],[-122.52234,38.06571],[-122.5229,38.06649],[-122.52245,38.06711],[-122.52213,38.06706],[-122.52164,38.06692],[-122.52148,38.06693],[-122.52144,38.06695],[-122.52155,38.06708],[-122.52178,38.06727],[-122.52119,38.06727]]],[[[-122.52104,38.06592],[-122.52105,38.06593],[-122.52107,38.06604],[-122.52098,38.06601],[-122.52104,38.06592]]],[[[-122.52085,38.06617],[-122.52085,38.06623],[-122.52081,38.06624],[-122.52085,38.06617]]]],"type":"MultiPolygon"},"properties":{"bbox":{"roads":{"area":367.97,"pct":1.81}},"city_same":1,"id":"hex:3613:24325"},"type":"Feature"},{"geometry":{"coordinates":[[[-122.52043,38.09614],[-122.521,38.09693],[-122.52214,38.09693],[-122.52271,38.09615],[-122.52215,38.09537],[-122.52101,38.09537],[-122.52043,38.09614]]],"type":"Polygon"},"properties":{"bbox":{"roads":{"area":90.03,"pct":0.35}},"id":"hex:3613:24344"},"type":"Feature"},{"geometry":{"coordinates":[[[-122.52042,38.09771],[-122.52099,38.09849],[-122.52213,38.09849],[-122.5227,38.09771],[-122.52214,38.09693],[-122.521,38.09693],[-122.52042,38.09771]]],"type":"Polygon"},"properties":{"bbox":{"roads":{"area":2625.62,"pct":10.11}},"id":"hex:3613:24345"},"type":"Feature"},{"geometry":{"coordinates":[[[-122.52256,38.11957],[-122.52198,38.12035],[-122.52084,38.12034],[-122.52047,38.11983],[-122.52081,38.11969],[-122.52105,38.11967],[-122.52146,38.11956],[-122.5213,38.11922],[-122.52194,38.11907],[-122.52205,38.1195],[-122.52213,38.11937],[-122.52247,38.11945],[-122.52256,38.11957]]],"type":"Polygon"},"properties":{"bbox":{"roads":{"area":703.45,"pct":4.71}},"city_same":1,"id":"hex:3613:24359"},"type":"Feature"},{"geometry":{"coordinates":[[[-122.52027,38.12112],[-122.52083,38.1219],[-122.52197,38.12191],[-122.52255,38.12113],[-122.52198,38.12035],[-122.52084,38.12034],[-122.52027,38.12112]]],"type":"Polygon"},"properties":{"bbox":{"roads":{"area":1581.12,"pct":6.09}},"city_same":1,"id":"hex:3613:24360"},"type":"Feature"},{"geometry":{"coordinates":[[[-122.52026,38.12268],[-122.52082,38.12346],[-122.52196,38.12347],[-122.52254,38.12269],[-122.52197,38.12191],[-122.52083,38.1219],[-122.52026,38.12268]]],"type":"Polygon"},"properties":{"bbox":{"parking":{"area":933.84,"pct":3.59},"roads":{"area":1558.67,"pct":6}},"city_same":1,"id":"hex:3613:24361"},"type":"Feature"},{"geometry":{"coordinates":[[[-122.52025,38.12424],[-122.52082,38.12346],[-122.52196,38.12347],[-122.52253,38.12425],[-122.52195,38.12503],[-122.52186,38.12503],[-122.52177,38.12484],[-122.52168,38.12463],[-122.52163,38.1245],[-122.52159,38.12427],[-122.52157,38.12411],[-122.52154,38.12402],[-122.5215,38.12396],[-122.52144,38.12391],[-122.52135,38.12389],[-122.52101,38.12398],[-122.52057,38.12417],[-122.5204,38.12426],[-122.52039,38.12431],[-122.52039,38.12438],[-122.52041,38.12447],[-122.52025,38.12424]]],"type":"Polygon"},"properties":{"bbox":{"roads":{"area":735.54,"pct":4.97}},"city_same":1,"id":"hex:3613:24362"},"type":"Feature"},{"geometry":{"coordinates":[[[-122.52136,38.04073],[-122.52079,38.04151],[-122.51965,38.0415],[-122.51909,38.04073],[-122.51909,38.04072],[-122.51911,38.04068],[-122.51929,38.04067],[-122.5209,38.04009],[-122.52136,38.04073]]],"type":"Polygon"},"properties":{"bbox":{"roads":{"area":499.35,"pct":2.51}},"city_same":1,"id":"hex:3614:24309"},"type":"Feature"},{"geometry":{"coordinates":[[[-122.52075,38.04775],[-122.52131,38.04854],[-122.52074,38.04931],[-122.5198,38.04931],[-122.51958,38.04856],[-122.52021,38.04826],[-122.52013,38.04775],[-122.52075,38.04775]]],"type":"Polygon"},"properties":{"bbox":{"roads":{"area":492.97,"pct":2.85}},"city_same":1,"id":"hex:3614:24314"},"type":"Feature"},{"geometry":{"coordinates":[[[-122.52074,38.04931],[-122.5213,38.0501],[-122.52073,38.05088],[-122.52027,38.05087],[-122.5198,38.04931],[-122.52074,38.04931]]],"type":"Polygon"},"properties":{"bbox":{"roads":{"area":9.94,"pct":0.07}},"city_same":1,"id":"hex:3614:24315"},"type":"Feature"},{"geometry":{"coordinates":[[[-122.52128,38.05322],[-122.52071,38.054],[-122.51957,38.05399],[-122.519,38.05321],[-122.51958,38.05243],[-122.5199,38.05243],[-122.5208,38.05269],[-122.52074,38.05247],[-122.52128,38.05322]]],"type":"Polygon"},"properties":{"bbox":{"parking":{"area":4077.83,"pct":16.34},"roads":{"area":1980.11,"pct":7.94},"sidewalks":{"area":391.22,"pct":1.57}},"city_same":1,"id":"hex:3614:24317"},"type":"Feature"},{"geometry":{"coordinates":[[[-122.51899,38.05477],[-122.51956,38.05555],[-122.5207,38.05556],[-122.52127,38.05478],[-122.52071,38.054],[-122.51957,38.05399],[-122.51899,38.05477]]],"type":"Polygon"},"properties":{"bbox":{"roads":{"area":1965.94,"pct":7.57},"sidewalks":{"area":323.24,"pct":1.24}},"city_same":1,"id":"hex:3614:24318"},"type":"Feature"},{"geometry":{"coordinates":[[[-122.51898,38.05633],[-122.51955,38.05711],[-122.52069,38.05712],[-122.52126,38.05634],[-122.5207,38.05556],[-122.51956,38.05555],[-122.51898,38.05633]]],"type":"Polygon"},"properties":{"bbox":{"parking":{"area":4716.69,"pct":18.15},"roads":{"area":3151.09,"pct":12.13},"sidewalks":{"area":489.23,"pct":1.88}},"city_same":1,"id":"hex:3614:24319"},"type":"Feature"},{"geometry":{"coordinates":[[[-122.51897,38.05789],[-122.51954,38.05868],[-122.52068,38.05868],[-122.52125,38.0579],[-122.52069,38.05712],[-122.51955,38.05711],[-122.51897,38.05789]]],"type":"Polygon"},"properties":{"bbox":{"parking":{"area":2688.28,"pct":10.35},"roads":{"area":1871.12,"pct":7.2},"sidewalks":{"area":49.38,"pct":0.19}},"city_same":1,"id":"hex:3614:24320"},"type":"Feature"},{"geometry":{"coordinates":[[[-122.51896,38.05945],[-122.51953,38.06024],[-122.52067,38.06024],[-122.52124,38.05946],[-122.52068,38.05868],[-122.51954,38.05868],[-122.51896,38.05945]]],"type":"Polygon"},"properties":{"bbox":{"parking":{"area":257.87,"pct":0.99},"roads":{"area":1059.49,"pct":4.08}},"city_same":1,"id":"hex:3614:24321"},"type":"Feature"},{"geometry":{"coordinates":[[[-122.51895,38.06101],[-122.51951,38.0618],[-122.52065,38.0618],[-122.52123,38.06102],[-122.52067,38.06024],[-122.51953,38.06024],[-122.51895,38.06101]]],"type":"Polygon"},"properties":{"bbox":{"roads":{"area":289.54,"pct":1.11}},"city_same":1,"id":"hex:3614:24322"},"type":"Feature"},{"geometry":{"coordinates":[[[-122.51893,38.06414],[-122.5195,38.06336],[-122.52064,38.06336],[-122.52121,38.06415],[-122.52063,38.06492],[-122.51963,38.06492],[-122.51963,38.06492],[-122.51946,38.06483],[-122.51937,38.06468],[-122.51931,38.06466],[-122.51893,38.06414]]],"type":"Polygon"},"properties":{"bbox":{"roads":{"area":446.44,"pct":1.73}},"city_same":1,"id":"hex:3614:24324"},"type":"Feature"},{"geometry":{"coordinates":[[[[-122.51948,38.06648],[-122.51892,38.0657],[-122.51899,38.06561],[-122.51907,38.06567],[-122.51917,38.06581],[-122.51928,38.06604],[-122.51946,38.06624],[-122.51973,38.06644],[-122.51981,38.06648],[-122.51948,38.06648]]],[[[-122.52062,38.06649],[-122.52002,38.06648],[-122.51977,38.06635],[-122.51962,38.06624],[-122.51953,38.06615],[-122.51941,38.06599],[-122.51925,38.06574],[-122.51916,38.06561],[-122.51906,38.06551],[-122.51935,38.06511],[-122.51945,38.06519],[-122.51955,38.06521],[-122.51965,38.06525],[-122.51972,38.06537],[-122.51972,38.06545],[-122.51975,38.06545],[-122.51977,38.06541],[-122.51992,38.06534],[-122.52012,38.0653],[-122.52033,38.06532],[-122.52042,38.06535],[-122.5204,38.06538],[-122.52039,38.0654],[-122.5204,38.0654],[-122.52042,38.0654],[-122.52045,38.06537],[-122.52056,38.06545],[-122.5208,38.0656],[-122.52088,38.06573],[-122.52104,38.06592],[-122.52098,38.06601],[-122.52088,38.06597],[-122.52087,38.06606],[-122.52085,38.06617],[-122.52081,38.06624],[-122.52067,38.06627],[-122.52075,38.06631],[-122.52062,38.06649]]],[[[-122.52063,38.06492],[-122.5212,38.06571],[-122.52119,38.06572],[-122.52107,38.06569],[-122.521,38.06563],[-122.52046,38.0653],[-122.52025,38.06526],[-122.51992,38.06526],[-122.51977,38.06532],[-122.51975,38.06522],[-122.51981,38.06513],[-122.51977,38.06498],[-122.51963,38.06492],[-122.52063,38.06492]]]],"type":"MultiPolygon"},"properties":{"bbox":{"roads":{"area":73.7,"pct":0.34}},"city_same":1,"id":"hex:3614:24325"},"type":"Feature"},{"geometry":{"coordinates":[[[-122.5187,38.09848],[-122.51927,38.09926],[-122.52041,38.09927],[-122.52099,38.09849],[-122.52042,38.09771],[-122.51928,38.0977],[-122.5187,38.09848]]],"type":"Polygon"},"properties":{"bbox":{"roads":{"area":2559.34,"pct":9.85}},"id":"hex:3614:24346"},"type":"Feature"},{"geometry":{"coordinates":[[[-122.51869,38.10004],[-122.51926,38.10082],[-122.5204,38.10083],[-122.52098,38.10005],[-122.52041,38.09927],[-122.51927,38.09926],[-122.51869,38.10004]]],"type":"Polygon"},"properties":{"bbox":{"roads":{"area":345.08,"pct":1.33}},"id":"hex:3614:24347"},"type":"Feature"},{"geometry":{"coordinates":[[[-122.52084,38.12034],[-122.52027,38.12112],[-122.51913,38.12112],[-122.51856,38.12033],[-122.51859,38.12029],[-122.52035,38.11988],[-122.52047,38.11983],[-122.52084,38.12034]]],"type":"Polygon"},"properties":{"bbox":{"roads":{"area":54.53,"pct":0.29}},"city_same":1,"id":"hex:3614:24360"},"type":"Feature"},{"geometry":{"coordinates":[[[-122.51913,38.12112],[-122.52027,38.12112],[-122.52083,38.1219],[-122.52026,38.12268],[-122.51912,38.12268],[-122.5188,38.12224],[-122.51907,38.12211],[-122.51869,38.12171],[-122.51869,38.12171],[-122.51913,38.12112]]],"type":"Polygon"},"properties":{"bbox":{"roads":{"area":956.92,"pct":3.86}},"city_same":1,"id":"hex:3614:24361"},"type":"Feature"},{"geometry":{"coordinates":[[[-122.51854,38.12345],[-122.51911,38.12424],[-122.52025,38.12424],[-122.52082,38.12346],[-122.52026,38.12268],[-122.51912,38.12268],[-122.51854,38.12345]]],"type":"Polygon"},"properties":{"bbox":{"roads":{"area":454.19,"pct":1.75}},"city_same":1,"id":"hex:3614:24362"},"type":"Feature"},{"geometry":{"coordinates":[[[-122.51958,38.05243],[-122.519,38.05321],[-122.51786,38.0532],[-122.5173,38.05242],[-122.51774,38.05182],[-122.51949,38.05232],[-122.51958,38.05243]]],"type":"Polygon"},"properties":{"bbox":{"roads":{"area":945.36,"pct":4.61},"sidewalks":{"area":519.76,"pct":2.54}},"city_same":1,"id":"hex:3615:24316"},"type":"Feature"},{"geometry":{"coordinates":[[[-122.51729,38.05398],[-122.51785,38.05477],[-122.51899,38.05477],[-122.51957,38.05399],[-122.519,38.05321],[-122.51786,38.0532],[-122.51729,38.05398]]],"type":"Polygon"},"properties":{"bbox":{"roads":{"area":2597.38,"pct":10},"sidewalks":{"area":684.06,"pct":2.63}},"city_same":1,"id":"hex:3615:24317"},"type":"Feature"},{"geometry":{"coordinates":[[[-122.51728,38.05554],[-122.51784,38.05633],[-122.51898,38.05633],[-122.51956,38.05555],[-122.51899,38.05477],[-122.51785,38.05477],[-122.51728,38.05554]]],"type":"Polygon"},"properties":{"bbox":{"parking":{"area":36.79,"pct":0.14},"roads":{"area":2377.52,"pct":9.15},"sidewalks":{"area":382.89,"pct":1.47}},"city_same":1,"id":"hex:3615:24318"},"type":"Feature"},{"geometry":{"coordinates":[[[-122.51727,38.05711],[-122.51783,38.05789],[-122.51897,38.05789],[-122.51955,38.05711],[-122.51898,38.05633],[-122.51784,38.05633],[-122.51727,38.05711]]],"type":"Polygon"},"properties":{"bbox":{"parking":{"area":4502.49,"pct":17.33},"roads":{"area":3844.08,"pct":14.8},"sidewalks":{"area":907.13,"pct":3.49}},"city_same":1,"id":"hex:3615:24319"},"type":"Feature"},{"geometry":{"coordinates":[[[-122.51726,38.05867],[-122.51782,38.05945],[-122.51896,38.05945],[-122.51954,38.05868],[-122.51897,38.05789],[-122.51783,38.05789],[-122.51726,38.05867]]],"type":"Polygon"},"properties":{"bbox":{"parking":{"area":420.35,"pct":1.62},"roads":{"area":3971.49,"pct":15.29},"sidewalks":{"area":241.54,"pct":0.93}},"city_same":1,"id":"hex:3615:24320"},"type":"Feature"},{"geometry":{"coordinates":[[[-122.51725,38.06023],[-122.51781,38.06101],[-122.51895,38.06101],[-122.51953,38.06024],[-122.51896,38.05945],[-122.51782,38.05945],[-122.51725,38.06023]]],"type":"Polygon"},"properties":{"bbox":{"roads":{"area":1859.48,"pct":7.16}},"city_same":1,"id":"hex:3615:24321"},"type":"Feature"},{"geometry":{"coordinates":[[[-122.51724,38.06179],[-122.5178,38.06257],[-122.51894,38.06258],[-122.51951,38.0618],[-122.51895,38.06101],[-122.51781,38.06101],[-122.51724,38.06179]]],"type":"Polygon"},"properties":{"bbox":{"roads":{"area":139.78,"pct":0.54}},"city_same":1,"id":"hex:3615:24322"},"type":"Feature"},{"geometry":{"coordinates":[[[-122.51722,38.06335],[-122.51779,38.06413],[-122.51893,38.06414],[-122.5195,38.06336],[-122.51894,38.06258],[-122.5178,38.06257],[-122.51722,38.06335]]],"type":"Polygon"},"properties":{"bbox":{"roads":{"area":1729.91,"pct":6.66}},"city_same":1,"id":"hex:3615:24323"},"type":"Feature"},{"geometry":{"coordinates":[[[[-122.51892,38.0657],[-122.51778,38.06569],[-122.51721,38.06491],[-122.5175,38.06453],[-122.5175,38.06453],[-122.51764,38.06466],[-122.51782,38.06474],[-122.518,38.06482],[-122.51811,38.06493],[-122.51835,38.06522],[-122.51852,38.06533],[-122.51873,38.06543],[-122.51891,38.06555],[-122.51899,38.06561],[-122.51892,38.0657]]],[[[-122.51906,38.06551],[-122.51904,38.06549],[-122.51885,38.06537],[-122.51867,38.06527],[-122.51848,38.06513],[-122.51833,38.06497],[-122.5182,38.06481],[-122.51807,38.06469],[-122.51782,38.06458],[-122.51767,38.06447],[-122.5176,38.06439],[-122.51779,38.06413],[-122.51893,38.06414],[-122.51931,38.06466],[-122.51921,38.06463],[-122.51908,38.06464],[-122.51897,38.0647],[-122.51893,38.06479],[-122.51935,38.06511],[-122.51906,38.06551]]]],"type":"MultiPolygon"},"properties":{"bbox":{"roads":{"area":99.71,"pct":0.45}},"city_same":1,"id":"hex:3615:24324"},"type":"Feature"},{"geometry":{"coordinates":[[[-122.51699,38.09925],[-122.51755,38.10004],[-122.51869,38.10004],[-122.51927,38.09926],[-122.5187,38.09848],[-122.51756,38.09847],[-122.51699,38.09925]]],"type":"Polygon"},"properties":{"bbox":{"roads":{"area":1585.81,"pct":6.1}},"id":"hex:3615:24346"},"type":"Feature"},{"geometry":{"coordinates":[[[-122.51698,38.10081],[-122.51754,38.1016],[-122.51868,38.1016],[-122.51926,38.10082],[-122.51869,38.10004],[-122.51755,38.10004],[-122.51698,38.10081]]],"type":"Polygon"},"properties":{"bbox":{"roads":{"area":2142.27,"pct":8.25}},"id":"hex:3615:24347"},"type":"Feature"},{"geometry":{"coordinates":[[[-122.5173,38.05242],[-122.51616,38.05242],[-122.51559,38.05163],[-122.51586,38.05128],[-122.51774,38.05182],[-122.5173,38.05242]]],"type":"Polygon"},"properties":{"bbox":{"parking":{"area":2046.5,"pct":13.6},"roads":{"area":1184.87,"pct":7.87},"sidewalks":{"area":122.93,"pct":0.82}},"city_same":1,"id":"hex:3616:24316"},"type":"Feature"},{"geometry":{"coordinates":[[[-122.51558,38.0532],[-122.51615,38.05398],[-122.51729,38.05398],[-122.51786,38.0532],[-122.5173,38.05242],[-122.51616,38.05242],[-122.51558,38.0532]]],"type":"Polygon"},"properties":{"bbox":{"roads":{"area":2628.37,"pct":10.12},"sidewalks":{"area":788.33,"pct":3.03}},"city_same":1,"id":"hex:3616:24317"},"type":"Feature"},{"geometry":{"coordinates":[[[-122.51557,38.05476],[-122.51614,38.05554],[-122.51728,38.05554],[-122.51785,38.05477],[-122.51729,38.05398],[-122.51615,38.05398],[-122.51557,38.05476]]],"type":"Polygon"},"properties":{"bbox":{"roads":{"area":2262.07,"pct":8.71},"sidewalks":{"area":197.24,"pct":0.76}},"city_same":1,"id":"hex:3616:24318"},"type":"Feature"},{"geometry":{"coordinates":[[[-122.51556,38.05632],[-122.51613,38.0571],[-122.51727,38.05711],[-122.51784,38.05633],[-122.51728,38.05554],[-122.51614,38.05554],[-122.51556,38.05632]]],"type":"Polygon"},"properties":{"bbox":{"parking":{"area":928.31,"pct":3.57},"roads":{"area":2542.67,"pct":9.79},"sidewalks":{"area":197.8,"pct":0.76}},"city_same":1,"id":"hex:3616:24319"},"type":"Feature"},{"geometry":{"coordinates":[[[-122.51555,38.05788],[-122.51612,38.05866],[-122.51726,38.05867],[-122.51783,38.05789],[-122.51727,38.05711],[-122.51613,38.0571],[-122.51555,38.05788]]],"type":"Polygon"},"properties":{"bbox":{"roads":{"area":3034.9,"pct":11.68},"sidewalks":{"area":138.56,"pct":0.53}},"city_same":1,"id":"hex:3616:24320"},"type":"Feature"},{"geometry":{"coordinates":[[[-122.51554,38.05944],[-122.51611,38.06022],[-122.51725,38.06023],[-122.51782,38.05945],[-122.51726,38.05867],[-122.51612,38.05866],[-122.51554,38.05944]]],"type":"Polygon"},"properties":{"bbox":{"parking":{"area":1090.15,"pct":4.2},"roads":{"area":3607.09,"pct":13.88},"sidewalks":{"area":8.93,"pct":0.03}},"city_same":1,"id":"hex:3616:24321"},"type":"Feature"},{"geometry":{"coordinates":[[[-122.51553,38.061],[-122.5161,38.06178],[-122.51724,38.06179],[-122.51781,38.06101],[-122.51725,38.06023],[-122.51611,38.06022],[-122.51553,38.061]]],"type":"Polygon"},"properties":{"bbox":{"parking":{"area":893.7,"pct":3.44},"roads":{"area":3014.28,"pct":11.6}},"city_same":1,"id":"hex:3616:24322"},"type":"Feature"},{"geometry":{"coordinates":[[[-122.51552,38.06256],[-122.5161,38.06178],[-122.51724,38.06179],[-122.5178,38.06257],[-122.51722,38.06335],[-122.51676,38.06335],[-122.51676,38.06335],[-122.51675,38.06335],[-122.5164,38.06335],[-122.51617,38.06326],[-122.51597,38.06314],[-122.51589,38.06307],[-122.51552,38.06256]]],"type":"Polygon"},"properties":{"bbox":{"roads":{"area":2088.3,"pct":8.13}},"city_same":1,"id":"hex:3616:24323"},"type":"Feature"},{"geometry":{"coordinates":[[[-122.51526,38.10159],[-122.51583,38.10237],[-122.51697,38.10237],[-122.51754,38.1016],[-122.51698,38.10081],[-122.51584,38.10081],[-122.51526,38.10159]]],"type":"Polygon"},"properties":{"bbox":{"roads":{"area":2651.71,"pct":10.21}},"id":"hex:3616:24348"},"type":"Feature"},{"geometry":{"coordinates":[[[-122.51559,38.05163],[-122.51445,38.05163],[-122.51389,38.05085],[-122.51446,38.05007],[-122.51479,38.05007],[-122.51555,38.05119],[-122.51586,38.05128],[-122.51559,38.05163]]],"type":"Polygon"},"properties":{"bbox":{"roads":{"area":882.14,"pct":5.04}},"city_same":1,"id":"hex:3617:24315"},"type":"Feature"},{"geometry":{"coordinates":[[[-122.51388,38.05241],[-122.51444,38.05319],[-122.51558,38.0532],[-122.51616,38.05242],[-122.51559,38.05163],[-122.51445,38.05163],[-122.51388,38.05241]]],"type":"Polygon"},"properties":{"bbox":{"parking":{"area":4775.85,"pct":18.38},"roads":{"area":3452.03,"pct":13.29}},"city_same":1,"id":"hex:3617:24316"},"type":"Feature"},{"geometry":{"coordinates":[[[-122.51387,38.05397],[-122.51443,38.05475],[-122.51557,38.05476],[-122.51615,38.05398],[-122.51558,38.0532],[-122.51444,38.05319],[-122.51387,38.05397]]],"type":"Polygon"},"properties":{"bbox":{"parking":{"area":2399.37,"pct":9.24},"roads":{"area":2407.21,"pct":9.27}},"city_same":1,"id":"hex:3617:24317"},"type":"Feature"},{"geometry":{"coordinates":[[[-122.51386,38.05553],[-122.51442,38.05631],[-122.51556,38.05632],[-122.51614,38.05554],[-122.51557,38.05476],[-122.51443,38.05475],[-122.51386,38.05553]]],"type":"Polygon"},"properties":{"bbox":{"roads":{"area":2987.5,"pct":11.5}},"city_same":1,"id":"hex:3617:24318"},"type":"Feature"},{"geometry":{"coordinates":[[[-122.51385,38.05709],[-122.51441,38.05787],[-122.51555,38.05788],[-122.51613,38.0571],[-122.51556,38.05632],[-122.51442,38.05631],[-122.51385,38.05709]]],"type":"Polygon"},"properties":{"bbox":{"parking":{"area":672.75,"pct":2.59},"roads":{"area":2945.06,"pct":11.34}},"city_same":1,"id":"hex:3617:24319"},"type":"Feature"},{"geometry":{"coordinates":[[[-122.51384,38.05865],[-122.5144,38.05943],[-122.51554,38.05944],[-122.51612,38.05866],[-122.51555,38.05788],[-122.51441,38.05787],[-122.51384,38.05865]]],"type":"Polygon"},"properties":{"bbox":{"parking":{"area":7928.03,"pct":30.52},"roads":{"area":3572.1,"pct":13.75}},"city_same":1,"id":"hex:3617:24320"},"type":"Feature"},{"geometry":{"coordinates":[[[-122.51383,38.06021],[-122.51439,38.061],[-122.51553,38.061],[-122.51611,38.06022],[-122.51554,38.05944],[-122.5144,38.05943],[-122.51383,38.06021]]],"type":"Polygon"},"properties":{"bbox":{"parking":{"area":12895.05,"pct":49.63},"roads":{"area":3029.28,"pct":11.66}},"city_same":1,"id":"hex:3617:24321"},"type":"Feature"},{"geometry":{"coordinates":[[[[-122.51382,38.06177],[-122.51384,38.06174],[-122.51391,38.06176],[-122.51408,38.06181],[-122.51422,38.06188],[-122.51435,38.06198],[-122.5145,38.0621],[-122.51467,38.06223],[-122.51484,38.06239],[-122.51492,38.06245],[-122.51503,38.0625],[-122.51511,38.06256],[-122.51465,38.06256],[-122.51447,38.06236],[-122.51413,38.06217],[-122.51409,38.06216],[-122.51382,38.06177]]],[[[-122.51439,38.061],[-122.51553,38.061],[-122.5161,38.06178],[-122.51552,38.06256],[-122.51539,38.06256],[-122.51537,38.06254],[-122.51521,38.0624],[-122.51501,38.06228],[-122.51449,38.06187],[-122.5144,38.06166],[-122.51434,38.06146],[-122.51418,38.06132],[-122.51416,38.06131],[-122.51439,38.061]]]],"type":"MultiPolygon"},"properties":{"bbox":{"parking":{"area":28.79,"pct":0.13},"roads":{"area":821.94,"pct":3.85}},"city_same":1,"id":"hex:3617:24322"},"type":"Feature"},{"geometry":{"coordinates":[[[-122.51357,38.09924],[-122.51413,38.10002],[-122.51527,38.10003],[-122.51585,38.09925],[-122.51528,38.09846],[-122.51414,38.09846],[-122.51357,38.09924]]],"type":"Polygon"},"properties":{"bbox":{"roads":{"area":518.37,"pct":2}},"city_same":1,"id":"hex:3617:24346"},"type":"Feature"},{"geometry":{"coordinates":[[[-122.51356,38.1008],[-122.51412,38.10158],[-122.51526,38.10159],[-122.51584,38.10081],[-122.51527,38.10003],[-122.51413,38.10002],[-122.51356,38.1008]]],"type":"Polygon"},"properties":{"bbox":{"roads":{"area":1764.99,"pct":6.79}},"city_same":1,"id":"hex:3617:24347"},"type":"Feature"},{"geometry":{"coordinates":[[[-122.51355,38.10236],[-122.51411,38.10314],[-122.51525,38.10315],[-122.51583,38.10237],[-122.51526,38.10159],[-122.51412,38.10158],[-122.51355,38.10236]]],"type":"Polygon"},"properties":{"bbox":{"roads":{"area":2963.38,"pct":11.41}},"city":{"roads":{"area":535.64,"pct":2.06}},"id":"hex:3617:24348"},"type":"Feature"},{"geometry":{"coordinates":[[[-122.51354,38.10392],[-122.5141,38.1047],[-122.51524,38.10471],[-122.51582,38.10393],[-122.51525,38.10315],[-122.51411,38.10314],[-122.51354,38.10392]]],"type":"Polygon"},"properties":{"bbox":{"roads":{"area":1355.54,"pct":5.22}},"id":"hex:3617:24349"},"type":"Feature"},{"geometry":{"coordinates":[[[-122.51392,38.04616],[-122.51278,38.04616],[-122.51221,38.04538],[-122.51279,38.0446],[-122.51393,38.0446],[-122.51398,38.04468],[-122.51397,38.0461],[-122.51392,38.04616]]],"type":"Polygon"},"properties":{"bbox":{"roads":{"area":909.08,"pct":4.06}},"city_same":1,"id":"hex:3618:24312"},"type":"Feature"},{"geometry":{"coordinates":[[[-122.51391,38.04772],[-122.51277,38.04772],[-122.5122,38.04694],[-122.51278,38.04616],[-122.51392,38.04616],[-122.51397,38.04623],[-122.51395,38.04767],[-122.51391,38.04772]]],"type":"Polygon"},"properties":{"bbox":{"roads":{"area":850.14,"pct":3.81}},"city_same":1,"id":"hex:3618:24313"},"type":"Feature"},{"geometry":{"coordinates":[[[-122.5139,38.04929],[-122.51276,38.04928],[-122.51219,38.0485],[-122.51277,38.04772],[-122.51391,38.04772],[-122.51395,38.04778],[-122.51394,38.04883],[-122.51408,38.04904],[-122.5139,38.04929]]],"type":"Polygon"},"properties":{"bbox":{"roads":{"area":815.14,"pct":3.62}},"city_same":1,"id":"hex:3618:24314"},"type":"Feature"},{"geometry":{"coordinates":[[[-122.51218,38.05006],[-122.51275,38.05084],[-122.51389,38.05085],[-122.51446,38.05007],[-122.5139,38.04929],[-122.51276,38.04928],[-122.51218,38.05006]]],"type":"Polygon"},"properties":{"bbox":{"roads":{"area":1320.7,"pct":5.08}},"city_same":1,"id":"hex:3618:24315"},"type":"Feature"},{"geometry":{"coordinates":[[[-122.51217,38.05162],[-122.51274,38.0524],[-122.51388,38.05241],[-122.51445,38.05163],[-122.51389,38.05085],[-122.51275,38.05084],[-122.51217,38.05162]]],"type":"Polygon"},"properties":{"bbox":{"roads":{"area":1380.33,"pct":5.31}},"city_same":1,"id":"hex:3618:24316"},"type":"Feature"},{"geometry":{"coordinates":[[[-122.51216,38.05318],[-122.51273,38.05396],[-122.51387,38.05397],[-122.51444,38.05319],[-122.51388,38.05241],[-122.51274,38.0524],[-122.51216,38.05318]]],"type":"Polygon"},"properties":{"bbox":{"parking":{"area":2530.24,"pct":9.74},"roads":{"area":1330.95,"pct":5.12}},"city_same":1,"id":"hex:3618:24317"},"type":"Feature"},{"geometry":{"coordinates":[[[-122.51215,38.05474],[-122.51272,38.05553],[-122.51386,38.05553],[-122.51443,38.05475],[-122.51387,38.05397],[-122.51273,38.05396],[-122.51215,38.05474]]],"type":"Polygon"},"properties":{"bbox":{"roads":{"area":3575.33,"pct":13.76}},"city_same":1,"id":"hex:3618:24318"},"type":"Feature"},{"geometry":{"coordinates":[[[-122.51214,38.0563],[-122.51271,38.05709],[-122.51385,38.05709],[-122.51442,38.05631],[-122.51386,38.05553],[-122.51272,38.05553],[-122.51214,38.0563]]],"type":"Polygon"},"properties":{"bbox":{"parking":{"area":3258.83,"pct":12.54},"roads":{"area":2374.64,"pct":9.14}},"city_same":1,"id":"hex:3618:24319"},"type":"Feature"},{"geometry":{"coordinates":[[[-122.51213,38.05786],[-122.5127,38.05865],[-122.51384,38.05865],[-122.51441,38.05787],[-122.51385,38.05709],[-122.51271,38.05709],[-122.51213,38.05786]]],"type":"Polygon"},"properties":{"bbox":{"parking":{"area":13784.48,"pct":53.06},"roads":{"area":3508.97,"pct":13.51}},"city_same":1,"id":"hex:3618:24320"},"type":"Feature"},{"geometry":{"coordinates":[[[-122.51212,38.05943],[-122.51269,38.06021],[-122.51383,38.06021],[-122.5144,38.05943],[-122.51384,38.05865],[-122.5127,38.05865],[-122.51212,38.05943]]],"type":"Polygon"},"properties":{"bbox":{"parking":{"area":5655.49,"pct":21.77},"roads":{"area":1271.76,"pct":4.9}},"city_same":1,"id":"hex:3618:24321"},"type":"Feature"},{"geometry":{"coordinates":[[[-122.51187,38.09689],[-122.51244,38.09767],[-122.51358,38.09768],[-122.51415,38.0969],[-122.51359,38.09612],[-122.51245,38.09611],[-122.51187,38.09689]]],"type":"Polygon"},"properties":{"bbox":{"roads":{"area":0.02,"pct":0}},"city_same":1,"id":"hex:3618:24345"},"type":"Feature"},{"geometry":{"coordinates":[[[-122.51244,38.09767],[-122.51358,38.09768],[-122.51414,38.09846],[-122.51357,38.09924],[-122.51243,38.09923],[-122.51186,38.09845],[-122.51244,38.09767]],[[-122.51354,38.09898],[-122.51357,38.09897],[-122.5136,38.09894],[-122.5136,38.0989],[-122.5136,38.09886],[-122.51357,38.09884],[-122.51354,38.09882],[-122.51349,38.09881],[-122.51343,38.09881],[-122.51339,38.09881],[-122.51335,38.09882],[-122.51334,38.09885],[-122.51334,38.09887],[-122.51334,38.0989],[-122.51333,38.09893],[-122.51332,38.09896],[-122.51334,38.09899],[-122.51341,38.09902],[-122.51345,38.09901],[-122.51348,38.099],[-122.51351,38.09898],[-122.51354,38.09898]]],"type":"Polygon"},"properties":{"bbox":{"roads":{"area":1162.13,"pct":4.55}},"city_same":1,"id":"hex:3618:24346"},"type":"Feature"},{"geometry":{"coordinates":[[[-122.51243,38.09923],[-122.51357,38.09924],[-122.51413,38.10002],[-122.51356,38.1008],[-122.51242,38.10079],[-122.51185,38.10001],[-122.51197,38.09985],[-122.51198,38.09985],[-122.51207,38.09988],[-122.51216,38.09989],[-122.51219,38.09993],[-122.51223,38.09997],[-122.51231,38.09999],[-122.51237,38.10005],[-122.51242,38.10009],[-122.5125,38.10013],[-122.51257,38.10016],[-122.51265,38.10023],[-122.51269,38.10029],[-122.51278,38.10032],[-122.51287,38.10034],[-122.51296,38.10031],[-122.51303,38.10028],[-122.51309,38.10024],[-122.5131,38.10018],[-122.51303,38.10016],[-122.51296,38.10017],[-122.51289,38.10018],[-122.51278,38.1002],[-122.51269,38.10018],[-122.51265,38.10013],[-122.51263,38.10005],[-122.51261,38.09999],[-122.51257,38.09998],[-122.51248,38.09999],[-122.51238,38.09998],[-122.51233,38.09995],[-122.51224,38.09988],[-122.51221,38.09981],[-122.5122,38.09974],[-122.51214,38.09965],[-122.51212,38.09964],[-122.51243,38.09923]]],"type":"Polygon"},"properties":{"bbox":{"roads":{"area":697.78,"pct":2.84}},"city_same":1,"id":"hex:3618:24347"},"type":"Feature"},{"geometry":{"coordinates":[[[-122.51184,38.10157],[-122.51241,38.10236],[-122.51355,38.10236],[-122.51412,38.10158],[-122.51356,38.1008],[-122.51242,38.10079],[-122.51184,38.10157]]],"type":"Polygon"},"properties":{"bbox":{"roads":{"area":837.46,"pct":3.22}},"city_same":1,"id":"hex:3618:24348"},"type":"Feature"},{"geometry":{"coordinates":[[[-122.51183,38.10313],[-122.5124,38.10392],[-122.51354,38.10392],[-122.51411,38.10314],[-122.51355,38.10236],[-122.51241,38.10236],[-122.51183,38.10313]]],"type":"Polygon"},"properties":{"bbox":{"roads":{"area":1758.47,"pct":6.77}},"city":{"roads":{"area":662.49,"pct":2.55}},"id":"hex:3618:24349"},"type":"Feature"},{"geometry":{"coordinates":[[[-122.51182,38.10469],[-122.5124,38.10392],[-122.51354,38.10392],[-122.5141,38.1047],[-122.51369,38.10526],[-122.51367,38.10526],[-122.51357,38.10518],[-122.51355,38.10469],[-122.51272,38.10402],[-122.51183,38.10471],[-122.51182,38.10469]]],"type":"Polygon"},"properties":{"bbox":{"roads":{"area":1252.83,"pct":13.72}},"city":{"roads":{"area":125.13,"pct":1.37}},"id":"hex:3618:24350"},"type":"Feature"},{"geometry":{"coordinates":[[[-122.51279,38.0446],[-122.51221,38.04538],[-122.51107,38.04537],[-122.51058,38.04468],[-122.51137,38.04453],[-122.51268,38.04445],[-122.51279,38.0446]]],"type":"Polygon"},"properties":{"bbox":{"roads":{"area":735.03,"pct":5.13}},"city_same":1,"id":"hex:3619:24311"},"type":"Feature"},{"geometry":{"coordinates":[[[-122.5105,38.04615],[-122.51106,38.04693],[-122.5122,38.04694],[-122.51278,38.04616],[-122.51221,38.04538],[-122.51107,38.04537],[-122.5105,38.04615]]],"type":"Polygon"},"properties":{"bbox":{"roads":{"area":1646.84,"pct":6.34}},"city_same":1,"id":"hex:3619:24312"},"type":"Feature"},{"geometry":{"coordinates":[[[-122.51049,38.04771],[-122.51105,38.04849],[-122.51219,38.0485],[-122.51277,38.04772],[-122.5122,38.04694],[-122.51106,38.04693],[-122.51049,38.04771]]],"type":"Polygon"},"properties":{"bbox":{"roads":{"area":3664.1,"pct":14.1}},"city_same":1,"id":"hex:3619:24313"},"type":"Feature"},{"geometry":{"coordinates":[[[-122.51048,38.04927],[-122.51104,38.05005],[-122.51218,38.05006],[-122.51276,38.04928],[-122.51219,38.0485],[-122.51105,38.04849],[-122.51048,38.04927]]],"type":"Polygon"},"properties":{"bbox":{"roads":{"area":1479.77,"pct":5.7}},"city_same":1,"id":"hex:3619:24314"},"type":"Feature"},{"geometry":{"coordinates":[[[-122.51104,38.05005],[-122.51218,38.05006],[-122.51275,38.05084],[-122.51217,38.05162],[-122.51103,38.05162],[-122.51047,38.05083],[-122.51083,38.05034],[-122.51087,38.05033],[-122.51086,38.0503],[-122.51104,38.05005]]],"type":"Polygon"},"properties":{"bbox":{"roads":{"area":1351.19,"pct":5.2}},"city_same":1,"id":"hex:3619:24315"},"type":"Feature"},{"geometry":{"coordinates":[[[-122.51046,38.05239],[-122.51102,38.05318],[-122.51216,38.05318],[-122.51274,38.0524],[-122.51217,38.05162],[-122.51103,38.05162],[-122.51046,38.05239]]],"type":"Polygon"},"properties":{"bbox":{"parking":{"area":1640.89,"pct":6.32},"roads":{"area":2634.52,"pct":10.14}},"city_same":1,"id":"hex:3619:24316"},"type":"Feature"},{"geometry":{"coordinates":[[[-122.51045,38.05395],[-122.51101,38.05474],[-122.51215,38.05474],[-122.51273,38.05396],[-122.51216,38.05318],[-122.51102,38.05318],[-122.51045,38.05395]]],"type":"Polygon"},"properties":{"bbox":{"parking":{"area":287.75,"pct":1.11},"roads":{"area":2882.38,"pct":11.09}},"city_same":1,"id":"hex:3619:24317"},"type":"Feature"},{"geometry":{"coordinates":[[[-122.51044,38.05552],[-122.511,38.0563],[-122.51214,38.0563],[-122.51272,38.05553],[-122.51215,38.05474],[-122.51101,38.05474],[-122.51044,38.05552]]],"type":"Polygon"},"properties":{"bbox":{"parking":{"area":4085.24,"pct":15.72},"roads":{"area":1552.97,"pct":5.98}},"city_same":1,"id":"hex:3619:24318"},"type":"Feature"},{"geometry":{"coordinates":[[[-122.51043,38.05708],[-122.51099,38.05786],[-122.51213,38.05786],[-122.51271,38.05709],[-122.51214,38.0563],[-122.511,38.0563],[-122.51043,38.05708]]],"type":"Polygon"},"properties":{"bbox":{"parking":{"area":5019,"pct":19.32},"roads":{"area":1160.3,"pct":4.47}},"city_same":1,"id":"hex:3619:24319"},"type":"Feature"},{"geometry":{"coordinates":[[[-122.51016,38.09766],[-122.51072,38.09845],[-122.51186,38.09845],[-122.51244,38.09767],[-122.51187,38.09689],[-122.51073,38.09688],[-122.51016,38.09766]]],"type":"Polygon"},"properties":{"bbox":{"roads":{"area":1264.25,"pct":4.87}},"city_same":1,"id":"hex:3619:24345"},"type":"Feature"},{"geometry":{"coordinates":[[[-122.51185,38.10001],[-122.51071,38.10001],[-122.51015,38.09922],[-122.51072,38.09845],[-122.51186,38.09845],[-122.51243,38.09923],[-122.51212,38.09964],[-122.51206,38.0996],[-122.51196,38.09956],[-122.51188,38.09955],[-122.51185,38.09958],[-122.51185,38.09964],[-122.51189,38.09972],[-122.51191,38.09979],[-122.51197,38.09985],[-122.51185,38.10001]],[[-122.51192,38.09888],[-122.51196,38.09886],[-122.51197,38.09882],[-122.51199,38.09875],[-122.51197,38.09869],[-122.51193,38.09863],[-122.51187,38.09857],[-122.51181,38.09852],[-122.51176,38.0985],[-122.51169,38.09848],[-122.51161,38.09849],[-122.51156,38.09851],[-122.51154,38.09854],[-122.51155,38.09858],[-122.51159,38.0986],[-122.51164,38.09858],[-122.51167,38.09856],[-122.51172,38.09857],[-122.51174,38.09859],[-122.51172,38.09863],[-122.51166,38.09863],[-122.51162,38.09863],[-122.51159,38.09866],[-122.51158,38.0987],[-122.51161,38.09873],[-122.51163,38.09874],[-122.51169,38.09875],[-122.51172,38.09873],[-122.51176,38.09872],[-122.51181,38.09872],[-122.51184,38.09875],[-122.51185,38.0988],[-122.51186,38.09884],[-122.51188,38.09887],[-122.51192,38.09888]]],"type":"Polygon"},"properties":{"bbox":{"roads":{"area":1560.2,"pct":6.33}},"city_same":1,"id":"hex:3619:24346"},"type":"Feature"},{"geometry":{"coordinates":[[[-122.51014,38.10078],[-122.5107,38.10157],[-122.51184,38.10157],[-122.51242,38.10079],[-122.51185,38.10001],[-122.51071,38.10001],[-122.51014,38.10078]]],"type":"Polygon"},"properties":{"bbox":{"roads":{"area":1217.47,"pct":4.69}},"city_same":1,"id":"hex:3619:24347"},"type":"Feature"},{"geometry":{"coordinates":[[[-122.51069,38.10313],[-122.51012,38.10235],[-122.5107,38.10157],[-122.51184,38.10157],[-122.51241,38.10236],[-122.51183,38.10313],[-122.51098,38.10313],[-122.51106,38.1031],[-122.51119,38.1031],[-122.51123,38.10308],[-122.51129,38.103],[-122.5113,38.10293],[-122.51125,38.1029],[-122.51124,38.10285],[-122.51123,38.10271],[-122.51122,38.10266],[-122.51109,38.10261],[-122.51094,38.10256],[-122.51081,38.10256],[-122.51064,38.10252],[-122.51056,38.10256],[-122.51059,38.1027],[-122.51059,38.10274],[-122.51065,38.10286],[-122.51066,38.10293],[-122.5107,38.10313],[-122.51069,38.10313]]],"type":"Polygon"},"properties":{"bbox":{"roads":{"area":1400.94,"pct":6.16}},"city_same":1,"id":"hex:3619:24348"},"type":"Feature"},{"geometry":{"coordinates":[[[-122.51183,38.10313],[-122.5124,38.10392],[-122.51182,38.10469],[-122.51068,38.10469],[-122.51011,38.10391],[-122.51069,38.10313],[-122.5107,38.10313],[-122.5107,38.10313],[-122.51081,38.10318],[-122.51089,38.10318],[-122.51094,38.10314],[-122.51098,38.10313],[-122.51183,38.10313]]],"type":"Polygon"},"properties":{"bbox":{"roads":{"area":2190.25,"pct":8.46}},"city_same":1,"id":"hex:3619:24349"},"type":"Feature"},{"geometry":{"coordinates":[[[-122.5101,38.10547],[-122.51068,38.10469],[-122.51182,38.10469],[-122.51183,38.10471],[-122.51037,38.10583],[-122.5101,38.10547]]],"type":"Polygon"},"properties":{"bbox":{"roads":{"area":479.55,"pct":5.64}},"city_same":1,"id":"hex:3619:24350"},"type":"Feature"},{"geometry":{"coordinates":[[[-122.50878,38.04692],[-122.50935,38.04771],[-122.51049,38.04771],[-122.51106,38.04693],[-122.5105,38.04615],[-122.50936,38.04615],[-122.50878,38.04692]]],"type":"Polygon"},"properties":{"bbox":{"roads":{"area":2827.32,"pct":10.88}},"city_same":1,"id":"hex:3620:24313"},"type":"Feature"},{"geometry":{"coordinates":[[[[-122.51047,38.05083],[-122.50933,38.05083],[-122.50876,38.05005],[-122.50881,38.04998],[-122.50887,38.04998],[-122.50914,38.05006],[-122.5092,38.05012],[-122.50933,38.05012],[-122.50938,38.0502],[-122.50951,38.05024],[-122.50962,38.05027],[-122.50971,38.05031],[-122.50979,38.05031],[-122.50988,38.05032],[-122.50992,38.05035],[-122.51005,38.05037],[-122.51019,38.05039],[-122.51029,38.05038],[-122.51041,38.05035],[-122.5105,38.05033],[-122.51058,38.05034],[-122.51067,38.05036],[-122.51074,38.05036],[-122.5108,38.05035],[-122.51083,38.05034],[-122.51047,38.05083]]],[[[-122.51048,38.04927],[-122.51104,38.05005],[-122.51086,38.0503],[-122.51085,38.05025],[-122.51079,38.05025],[-122.5107,38.05024],[-122.51065,38.05024],[-122.5106,38.05021],[-122.51055,38.05021],[-122.5104,38.05022],[-122.51031,38.05021],[-122.51022,38.05017],[-122.51006,38.05013],[-122.50997,38.05009],[-122.50984,38.05005],[-122.50978,38.05001],[-122.50962,38.04993],[-122.50955,38.04989],[-122.50946,38.04984],[-122.50941,38.04979],[-122.50931,38.04975],[-122.5091,38.04964],[-122.50908,38.04962],[-122.50934,38.04927],[-122.50981,38.04927],[-122.50983,38.04929],[-122.50986,38.04935],[-122.50989,38.04939],[-122.50994,38.04943],[-122.50989,38.04938],[-122.50988,38.04933],[-122.5099,38.04931],[-122.50993,38.04931],[-122.50994,38.0493],[-122.50991,38.04927],[-122.51048,38.04927]]]],"type":"MultiPolygon"},"properties":{"bbox":{"roads":{"area":21.71,"pct":0.1}},"city_same":1,"id":"hex:3620:24315"},"type":"Feature"},{"geometry":{"coordinates":[[[-122.50875,38.05161],[-122.50932,38.05239],[-122.51046,38.05239],[-122.51103,38.05162],[-122.51047,38.05083],[-122.50933,38.05083],[-122.50875,38.05161]]],"type":"Polygon"},"properties":{"bbox":{"roads":{"area":2801.47,"pct":10.78}},"city_same":1,"id":"hex:3620:24316"},"type":"Feature"},{"geometry":{"coordinates":[[[-122.50874,38.05317],[-122.50931,38.05395],[-122.51045,38.05395],[-122.51102,38.05318],[-122.51046,38.05239],[-122.50932,38.05239],[-122.50874,38.05317]]],"type":"Polygon"},"properties":{"bbox":{"roads":{"area":2012.33,"pct":7.75}},"city_same":1,"id":"hex:3620:24317"},"type":"Feature"},{"geometry":{"coordinates":[[[-122.50873,38.05473],[-122.5093,38.05551],[-122.51044,38.05552],[-122.51101,38.05474],[-122.51045,38.05395],[-122.50931,38.05395],[-122.50873,38.05473]]],"type":"Polygon"},"properties":{"bbox":{"roads":{"area":826.51,"pct":3.18}},"city_same":1,"id":"hex:3620:24318"},"type":"Feature"},{"geometry":{"coordinates":[[[-122.50845,38.09688],[-122.50902,38.09766],[-122.51016,38.09766],[-122.51073,38.09688],[-122.51017,38.0961],[-122.50903,38.0961],[-122.50845,38.09688]]],"type":"Polygon"},"properties":{"bbox":{"roads":{"area":9.64,"pct":0.04}},"city_same":1,"id":"hex:3620:24345"},"type":"Feature"},{"geometry":{"coordinates":[[[-122.50844,38.09844],[-122.50901,38.09922],[-122.51015,38.09922],[-122.51072,38.09845],[-122.51016,38.09766],[-122.50902,38.09766],[-122.50844,38.09844]]],"type":"Polygon"},"properties":{"bbox":{"roads":{"area":2409.15,"pct":9.27}},"city_same":1,"id":"hex:3620:24346"},"type":"Feature"},{"geometry":{"coordinates":[[[-122.50843,38.1],[-122.50899,38.10078],[-122.51014,38.10078],[-122.51071,38.10001],[-122.51015,38.09922],[-122.50901,38.09922],[-122.50843,38.1]]],"type":"Polygon"},"properties":{"bbox":{"roads":{"area":2173.47,"pct":8.37}},"city_same":1,"id":"hex:3620:24347"},"type":"Feature"},{"geometry":{"coordinates":[[[-122.50842,38.10156],[-122.50898,38.10234],[-122.51012,38.10235],[-122.5107,38.10157],[-122.51014,38.10078],[-122.50899,38.10078],[-122.50842,38.10156]]],"type":"Polygon"},"properties":{"bbox":{"parking":{"area":3088.5,"pct":11.89},"roads":{"area":3098.5,"pct":11.93}},"city_same":1,"id":"hex:3620:24348"},"type":"Feature"},{"geometry":{"coordinates":[[[-122.50841,38.10312],[-122.50898,38.10234],[-122.51012,38.10235],[-122.51069,38.10313],[-122.51011,38.10391],[-122.50897,38.1039],[-122.50887,38.10376],[-122.50889,38.10374],[-122.50897,38.10369],[-122.50904,38.10366],[-122.50925,38.10364],[-122.50935,38.10365],[-122.50941,38.10366],[-122.50945,38.10364],[-122.50959,38.10338],[-122.50955,38.10322],[-122.50957,38.1031],[-122.50959,38.103],[-122.50964,38.1029],[-122.50959,38.10286],[-122.50948,38.10286],[-122.50942,38.10291],[-122.50934,38.10289],[-122.50925,38.10284],[-122.50912,38.10285],[-122.5091,38.10289],[-122.50912,38.10297],[-122.50923,38.10301],[-122.50919,38.10314],[-122.50926,38.10317],[-122.50927,38.10321],[-122.50923,38.10324],[-122.50907,38.10324],[-122.50899,38.10319],[-122.50876,38.10314],[-122.50848,38.10322],[-122.50841,38.10312]]],"type":"Polygon"},"properties":{"bbox":{"roads":{"area":2415,"pct":11.77}},"city_same":1,"id":"hex:3620:24349"},"type":"Feature"},{"geometry":{"coordinates":[[[-122.5084,38.10468],[-122.50896,38.10546],[-122.5101,38.10547],[-122.51068,38.10469],[-122.51011,38.10391],[-122.50897,38.1039],[-122.5084,38.10468]]],"type":"Polygon"},"properties":{"bbox":{"roads":{"area":3510.91,"pct":13.51}},"city_same":1,"id":"hex:3620:24350"},"type":"Feature"},{"geometry":{"coordinates":[[[-122.50839,38.10624],[-122.50896,38.10546],[-122.5101,38.10547],[-122.51037,38.10583],[-122.50907,38.10683],[-122.50871,38.10654],[-122.50864,38.10659],[-122.50839,38.10624]]],"type":"Polygon"},"properties":{"bbox":{"roads":{"area":1425.14,"pct":9.09}},"city_same":1,"id":"hex:3620:24351"},"type":"Feature"},{"geometry":{"coordinates":[[[-122.5088,38.04536],[-122.50936,38.04615],[-122.50878,38.04692],[-122.50765,38.04692],[-122.50721,38.04631],[-122.5081,38.04536],[-122.5088,38.04536]]],"type":"Polygon"},"properties":{"bbox":{"roads":{"area":685.42,"pct":2.99}},"city_same":1,"id":"hex:3621:24312"},"type":"Feature"},{"geometry":{"coordinates":[[[-122.50876,38.05005],[-122.50933,38.05083],[-122.50875,38.05161],[-122.50761,38.0516],[-122.50712,38.05092],[-122.50718,38.05088],[-122.50724,38.0508],[-122.5073,38.05068],[-122.50736,38.05053],[-122.50741,38.05037],[-122.50751,38.05031],[-122.50763,38.0503],[-122.50774,38.05035],[-122.50782,38.05043],[-122.50787,38.05055],[-122.50799,38.0506],[-122.50818,38.05055],[-122.50823,38.05042],[-122.50816,38.05028],[-122.50805,38.05016],[-122.50787,38.05014],[-122.50771,38.05007],[-122.5077,38.05004],[-122.50876,38.05005]]],"type":"Polygon"},"properties":{"bbox":{"roads":{"area":190.54,"pct":0.82}},"city_same":1,"id":"hex:3621:24315"},"type":"Feature"},{"geometry":{"coordinates":[[[-122.50704,38.05238],[-122.5076,38.05316],[-122.50874,38.05317],[-122.50932,38.05239],[-122.50875,38.05161],[-122.50761,38.0516],[-122.50704,38.05238]]],"type":"Polygon"},"properties":{"bbox":{"roads":{"area":2029.77,"pct":7.81}},"city_same":1,"id":"hex:3621:24316"},"type":"Feature"},{"geometry":{"coordinates":[[[-122.50675,38.09609],[-122.50731,38.09687],[-122.50845,38.09688],[-122.50903,38.0961],[-122.50846,38.09531],[-122.50732,38.09531],[-122.50675,38.09609]]],"type":"Polygon"},"properties":{"bbox":{"roads":{"area":291.52,"pct":1.12}},"city_same":1,"id":"hex:3621:24344"},"type":"Feature"},{"geometry":{"coordinates":[[[-122.50673,38.09765],[-122.5073,38.09843],[-122.50844,38.09844],[-122.50902,38.09766],[-122.50845,38.09688],[-122.50731,38.09687],[-122.50673,38.09765]]],"type":"Polygon"},"properties":{"bbox":{"roads":{"area":1062.22,"pct":4.09}},"city_same":1,"id":"hex:3621:24345"},"type":"Feature"},{"geometry":{"coordinates":[[[-122.50672,38.09921],[-122.50729,38.09999],[-122.50843,38.1],[-122.50901,38.09922],[-122.50844,38.09844],[-122.5073,38.09843],[-122.50672,38.09921]]],"type":"Polygon"},"properties":{"bbox":{"roads":{"area":2.3,"pct":0.01}},"city_same":1,"id":"hex:3621:24346"},"type":"Feature"},{"geometry":{"coordinates":[[[-122.50671,38.10077],[-122.50728,38.10155],[-122.50842,38.10156],[-122.50899,38.10078],[-122.50843,38.1],[-122.50729,38.09999],[-122.50671,38.10077]]],"type":"Polygon"},"properties":{"bbox":{"roads":{"area":1647.54,"pct":6.34}},"city_same":1,"id":"hex:3621:24347"},"type":"Feature"},{"geometry":{"coordinates":[[[-122.5067,38.10233],[-122.50727,38.10311],[-122.50841,38.10312],[-122.50898,38.10234],[-122.50842,38.10156],[-122.50728,38.10155],[-122.5067,38.10233]]],"type":"Polygon"},"properties":{"bbox":{"roads":{"area":1884.91,"pct":7.26}},"city_same":1,"id":"hex:3621:24348"},"type":"Feature"},{"geometry":{"coordinates":[[[-122.50897,38.1039],[-122.5084,38.10468],[-122.50726,38.10468],[-122.50669,38.10389],[-122.50727,38.10311],[-122.50841,38.10312],[-122.50848,38.10322],[-122.50838,38.10324],[-122.5082,38.10344],[-122.50808,38.10346],[-122.50804,38.10349],[-122.50805,38.10355],[-122.50818,38.10361],[-122.50839,38.10368],[-122.50846,38.10376],[-122.50845,38.10383],[-122.50841,38.10394],[-122.50844,38.10397],[-122.5085,38.10392],[-122.50882,38.10381],[-122.50887,38.10376],[-122.50897,38.1039]]],"type":"Polygon"},"properties":{"bbox":{"roads":{"area":1050.29,"pct":4.51}},"city_same":1,"id":"hex:3621:24349"},"type":"Feature"},{"geometry":{"coordinates":[[[-122.50668,38.10545],[-122.50725,38.10624],[-122.50839,38.10624],[-122.50896,38.10546],[-122.5084,38.10468],[-122.50726,38.10468],[-122.50668,38.10545]]],"type":"Polygon"},"properties":{"bbox":{"roads":{"area":1123.38,"pct":4.32}},"city_same":1,"id":"hex:3621:24350"},"type":"Feature"},{"geometry":{"coordinates":[[[-122.50694,38.10739],[-122.50711,38.10726],[-122.50697,38.1072],[-122.50716,38.10681],[-122.50754,38.10675],[-122.50765,38.10684],[-122.50807,38.10651],[-122.50705,38.1065],[-122.50725,38.10624],[-122.50839,38.10624],[-122.50864,38.10659],[-122.50718,38.10772],[-122.50718,38.10771],[-122.50694,38.10739]]],"type":"Polygon"},"properties":{"bbox":{"roads":{"area":1219.92,"pct":10.39}},"city_same":1,"id":"hex:3621:24351"},"type":"Feature"},{"geometry":{"coordinates":[[[-122.505,38.10154],[-122.50556,38.10233],[-122.5067,38.10233],[-122.50728,38.10155],[-122.50671,38.10077],[-122.50557,38.10077],[-122.505,38.10154]]],"type":"Polygon"},"properties":{"bbox":{"roads":{"area":1601.95,"pct":6.17}},"city_same":1,"id":"hex:3622:24348"},"type":"Feature"},{"geometry":{"coordinates":[[[-122.50499,38.1031],[-122.50555,38.10389],[-122.50669,38.10389],[-122.50727,38.10311],[-122.5067,38.10233],[-122.50556,38.10233],[-122.50499,38.1031]]],"type":"Polygon"},"properties":{"bbox":{"roads":{"area":1985.45,"pct":7.64}},"city_same":1,"id":"hex:3622:24349"},"type":"Feature"},{"geometry":{"coordinates":[[[-122.50498,38.10467],[-122.50554,38.10545],[-122.50668,38.10545],[-122.50726,38.10468],[-122.50669,38.10389],[-122.50555,38.10389],[-122.50498,38.10467]]],"type":"Polygon"},"properties":{"bbox":{"roads":{"area":1050.92,"pct":4.04}},"city_same":1,"id":"hex:3622:24350"},"type":"Feature"},{"geometry":{"coordinates":[[[-122.50497,38.10623],[-122.50554,38.10545],[-122.50668,38.10545],[-122.50725,38.10624],[-122.50705,38.1065],[-122.50514,38.10646],[-122.50497,38.10623]]],"type":"Polygon"},"properties":{"bbox":{"roads":{"area":1161.47,"pct":6.42}},"city_same":1,"id":"hex:3622:24351"},"type":"Feature"},{"geometry":{"coordinates":[[[-122.50718,38.10771],[-122.50685,38.10745],[-122.50694,38.10739],[-122.50718,38.10771]]],"type":"Polygon"},"properties":{"bbox":{"roads":{"area":7.61,"pct":3.57}},"city_same":1,"id":"hex:3622:24352"},"type":"Feature"},{"geometry":{"coordinates":[[[-122.50328,38.10232],[-122.50385,38.1031],[-122.50499,38.1031],[-122.50556,38.10233],[-122.505,38.10154],[-122.50386,38.10154],[-122.50328,38.10232]]],"type":"Polygon"},"properties":{"bbox":{"roads":{"area":626.65,"pct":2.41}},"city_same":1,"id":"hex:3623:24348"},"type":"Feature"},{"geometry":{"coordinates":[[[-122.50327,38.10388],[-122.50384,38.10466],[-122.50498,38.10467],[-122.50555,38.10389],[-122.50499,38.1031],[-122.50385,38.1031],[-122.50327,38.10388]]],"type":"Polygon"},"properties":{"bbox":{"roads":{"area":1096.27,"pct":4.22}},"city_same":1,"id":"hex:3623:24349"},"type":"Feature"},{"geometry":{"coordinates":[[[-122.50326,38.10544],[-122.50383,38.10622],[-122.50497,38.10623],[-122.50554,38.10545],[-122.50498,38.10467],[-122.50384,38.10466],[-122.50326,38.10544]]],"type":"Polygon"},"properties":{"bbox":{"roads":{"area":914.19,"pct":3.52}},"city_same":1,"id":"hex:3623:24350"},"type":"Feature"},{"geometry":{"coordinates":[[[-122.50383,38.10622],[-122.50497,38.10623],[-122.50514,38.10646],[-122.50366,38.10644],[-122.50383,38.10622]]],"type":"Polygon"},"properties":{"bbox":{"roads":{"area":407.71,"pct":14.06}},"city_same":1,"id":"hex:3623:24351"},"type":"Feature"},{"geometry":{"coordinates":[[[-122.50157,38.10309],[-122.50213,38.10387],[-122.50327,38.10388],[-122.50385,38.1031],[-122.50328,38.10232],[-122.50214,38.10231],[-122.50157,38.10309]]],"type":"Polygon"},"properties":{"bbox":{"roads":{"area":1022.44,"pct":3.94}},"city_same":1,"id":"hex:3624:24349"},"type":"Feature"},{"geometry":{"coordinates":[[[-122.50156,38.10465],[-122.50212,38.10543],[-122.50326,38.10544],[-122.50384,38.10466],[-122.50327,38.10388],[-122.50213,38.10387],[-122.50156,38.10465]]],"type":"Polygon"},"properties":{"bbox":{"roads":{"area":1466.11,"pct":5.64}},"city_same":1,"id":"hex:3624:24350"},"type":"Feature"},{"geometry":{"coordinates":[[[-122.50154,38.10621],[-122.50212,38.10543],[-122.50326,38.10544],[-122.50383,38.10622],[-122.50366,38.10644],[-122.50169,38.10641],[-122.50154,38.10621]]],"type":"Polygon"},"properties":{"bbox":{"roads":{"area":769.24,"pct":4.45}},"city_same":1,"id":"hex:3624:24351"},"type":"Feature"},{"geometry":{"coordinates":[[[-122.50156,38.10465],[-122.50212,38.10543],[-122.50154,38.10621],[-122.50079,38.10621],[-122.50094,38.10465],[-122.50156,38.10465]]],"type":"Polygon"},"properties":{"bbox":{"roads":{"area":226.06,"pct":1.54}},"city_same":1,"id":"hex:3625:24350"},"type":"Feature"}],"type":"FeatureCollection","v":2}