{"features":[{"geometry":{"coordinates":[[[-118.19262,34.01051],[-118.19193,34.00954],[-118.19219,34.00915],[-118.19322,34.00956],[-118.19351,34.00971],[-118.1932,34.01051],[-118.19262,34.01051]]],"type":"Polygon"},"properties":{"bbox":{"roads":{"area":4899.46,"pct":36.96}},"city_same":1,"id":"hex:2079:17384"},"type":"Feature"},{"geometry":{"coordinates":[[[-118.19195,34.0115],[-118.19262,34.01051],[-118.1932,34.01051],[-118.19282,34.01148],[-118.19253,34.01139],[-118.19234,34.01205],[-118.19195,34.0115]]],"type":"Polygon"},"properties":{"bbox":{"roads":{"area":1634.16,"pct":19}},"city_same":1,"id":"hex:2079:17385"},"type":"Feature"},{"geometry":{"coordinates":[[[-118.19201,34.0154],[-118.19222,34.01509],[-118.19222,34.0157],[-118.19201,34.0154]]],"type":"Polygon"},"properties":{"bbox":{"roads":{"area":182,"pct":27.52}},"city_same":1,"id":"hex:2079:17387"},"type":"Feature"},{"geometry":{"coordinates":[[[-118.19193,34.00954],[-118.19057,34.00956],[-118.18988,34.00859],[-118.19003,34.00837],[-118.19089,34.00863],[-118.19219,34.00915],[-118.19193,34.00954]]],"type":"Polygon"},"properties":{"bbox":{"roads":{"area":3304.18,"pct":20.99}},"city_same":1,"id":"hex:2080:17384"},"type":"Feature"},{"geometry":{"coordinates":[[[-118.18991,34.01054],[-118.1906,34.01151],[-118.19195,34.0115],[-118.19262,34.01051],[-118.19193,34.00954],[-118.19057,34.00956],[-118.18991,34.01054]]],"type":"Polygon"},"properties":{"bbox":{"roads":{"area":8207.74,"pct":20.22}},"city_same":1,"id":"hex:2080:17385"},"type":"Feature"},{"geometry":{"coordinates":[[[-118.19063,34.01346],[-118.18994,34.01249],[-118.1906,34.01151],[-118.19195,34.0115],[-118.19234,34.01205],[-118.19234,34.01207],[-118.19234,34.01239],[-118.19231,34.01284],[-118.1921,34.01282],[-118.19143,34.01276],[-118.19143,34.01345],[-118.19063,34.01346]]],"type":"Polygon"},"properties":{"bbox":{"roads":{"area":351.08,"pct":1.03}},"city_same":1,"id":"hex:2080:17386"},"type":"Feature"},{"geometry":{"coordinates":[[[-118.19201,34.0154],[-118.19065,34.01541],[-118.18996,34.01444],[-118.19063,34.01346],[-118.19143,34.01345],[-118.19144,34.01508],[-118.19222,34.01508],[-118.19222,34.01509],[-118.19201,34.0154]]],"type":"Polygon"},"properties":{"bbox":{"roads":{"area":1556.53,"pct":6.26}},"city_same":1,"id":"hex:2080:17387"},"type":"Feature"},{"geometry":{"coordinates":[[[-118.18999,34.0164],[-118.19065,34.01541],[-118.19201,34.0154],[-118.19222,34.0157],[-118.19222,34.01654],[-118.19119,34.01656],[-118.19046,34.01657],[-118.19019,34.01658],[-118.19012,34.01658],[-118.18999,34.0164]]],"type":"Polygon"},"properties":{"bbox":{"roads":{"area":1697.59,"pct":7.52},"sidewalks":{"area":8.05,"pct":0.04}},"city_same":1,"id":"hex:2080:17388"},"type":"Feature"},{"geometry":{"coordinates":[[[-118.18988,34.00859],[-118.18853,34.0086],[-118.18793,34.00776],[-118.19003,34.00837],[-118.18988,34.00859]]],"type":"Polygon"},"properties":{"bbox":{"roads":{"area":1818.3,"pct":21.02}},"city_same":1,"id":"hex:2081:17383"},"type":"Feature"},{"geometry":{"coordinates":[[[-118.18787,34.00958],[-118.18856,34.01055],[-118.18991,34.01054],[-118.19057,34.00956],[-118.18988,34.00859],[-118.18853,34.0086],[-118.18787,34.00958]]],"type":"Polygon"},"properties":{"bbox":{"roads":{"area":7298.58,"pct":17.98}},"city_same":1,"id":"hex:2081:17384"},"type":"Feature"},{"geometry":{"coordinates":[[[-118.18789,34.01154],[-118.18858,34.01251],[-118.18994,34.01249],[-118.1906,34.01151],[-118.18991,34.01054],[-118.18856,34.01055],[-118.18789,34.01154]]],"type":"Polygon"},"properties":{"bbox":{"roads":{"area":1445.66,"pct":3.56}},"city_same":1,"id":"hex:2081:17385"},"type":"Feature"},{"geometry":{"coordinates":[[[-118.18792,34.01349],[-118.18861,34.01446],[-118.18996,34.01444],[-118.19063,34.01346],[-118.18994,34.01249],[-118.18858,34.01251],[-118.18792,34.01349]]],"type":"Polygon"},"properties":{"bbox":{"roads":{"area":1995.13,"pct":4.91}},"city_same":1,"id":"hex:2081:17386"},"type":"Feature"},{"geometry":{"coordinates":[[[-118.18795,34.01544],[-118.18864,34.01641],[-118.18999,34.0164],[-118.19065,34.01541],[-118.18996,34.01444],[-118.18861,34.01446],[-118.18795,34.01544]]],"type":"Polygon"},"properties":{"bbox":{"roads":{"area":938.82,"pct":2.31}},"city_same":1,"id":"hex:2081:17387"},"type":"Feature"},{"geometry":{"coordinates":[[[-118.18864,34.01641],[-118.18999,34.0164],[-118.19012,34.01658],[-118.18989,34.01658],[-118.18917,34.01657],[-118.18881,34.01656],[-118.18853,34.01657],[-118.18864,34.01641]]],"type":"Polygon"},"properties":{"bbox":{"roads":{"area":885.19,"pct":34.5}},"city_same":1,"id":"hex:2081:17388"},"type":"Feature"},{"geometry":{"coordinates":[[[-118.18649,34.00764],[-118.18619,34.00723],[-118.18641,34.00731],[-118.18752,34.00763],[-118.18649,34.00764]]],"type":"Polygon"},"properties":{"bbox":{"roads":{"area":295.92,"pct":13.97}},"city_same":1,"id":"hex:2082:17383"},"type":"Feature"},{"geometry":{"coordinates":[[[-118.18853,34.0086],[-118.18787,34.00958],[-118.18651,34.0096],[-118.18582,34.00863],[-118.18649,34.00764],[-118.18752,34.00763],[-118.18793,34.00776],[-118.18853,34.0086]]],"type":"Polygon"},"properties":{"bbox":{"roads":{"area":6533.79,"pct":16.18}},"city_same":1,"id":"hex:2082:17384"},"type":"Feature"},{"geometry":{"coordinates":[[[-118.18585,34.01058],[-118.18654,34.01155],[-118.18789,34.01154],[-118.18856,34.01055],[-118.18787,34.00958],[-118.18651,34.0096],[-118.18585,34.01058]]],"type":"Polygon"},"properties":{"bbox":{"roads":{"area":3954.03,"pct":9.74}},"city_same":1,"id":"hex:2082:17385"},"type":"Feature"},{"geometry":{"coordinates":[[[-118.18588,34.01253],[-118.18657,34.0135],[-118.18792,34.01349],[-118.18858,34.01251],[-118.18789,34.01154],[-118.18654,34.01155],[-118.18588,34.01253]]],"type":"Polygon"},"properties":{"bbox":{"roads":{"area":1148.62,"pct":2.83}},"city_same":1,"id":"hex:2082:17386"},"type":"Feature"},{"geometry":{"coordinates":[[[-118.1859,34.01448],[-118.18659,34.01545],[-118.18795,34.01544],[-118.18861,34.01446],[-118.18792,34.01349],[-118.18657,34.0135],[-118.1859,34.01448]]],"type":"Polygon"},"properties":{"bbox":{"roads":{"area":4402.77,"pct":10.85}},"city_same":1,"id":"hex:2082:17387"},"type":"Feature"},{"geometry":{"coordinates":[[[-118.18659,34.01545],[-118.18795,34.01544],[-118.18864,34.01641],[-118.18853,34.01657],[-118.1882,34.01657],[-118.18734,34.01657],[-118.18718,34.01656],[-118.18717,34.01585],[-118.18632,34.01586],[-118.18659,34.01545]]],"type":"Polygon"},"properties":{"bbox":{"roads":{"area":3464.9,"pct":21.19},"sidewalks":{"area":6.81,"pct":0.04}},"city_same":1,"id":"hex:2082:17388"},"type":"Feature"},{"geometry":{"coordinates":[[[-118.18649,34.00764],[-118.18582,34.00863],[-118.18447,34.00864],[-118.18378,34.00767],[-118.18444,34.00669],[-118.18462,34.00669],[-118.18619,34.00723],[-118.18649,34.00764]]],"type":"Polygon"},"properties":{"bbox":{"roads":{"area":4378.81,"pct":11.77}},"city_same":1,"id":"hex:2083:17383"},"type":"Feature"},{"geometry":{"coordinates":[[[-118.18381,34.00962],[-118.1845,34.01059],[-118.18585,34.01058],[-118.18651,34.0096],[-118.18582,34.00863],[-118.18447,34.00864],[-118.18381,34.00962]]],"type":"Polygon"},"properties":{"bbox":{"roads":{"area":8035.25,"pct":19.79}},"city_same":1,"id":"hex:2083:17384"},"type":"Feature"},{"geometry":{"coordinates":[[[-118.18383,34.01158],[-118.18452,34.01254],[-118.18588,34.01253],[-118.18654,34.01155],[-118.18585,34.01058],[-118.1845,34.01059],[-118.18383,34.01158]]],"type":"Polygon"},"properties":{"bbox":{"roads":{"area":962.63,"pct":2.37}},"city_same":1,"id":"hex:2083:17385"},"type":"Feature"},{"geometry":{"coordinates":[[[-118.18386,34.01353],[-118.18455,34.0145],[-118.1859,34.01448],[-118.18657,34.0135],[-118.18588,34.01253],[-118.18452,34.01254],[-118.18386,34.01353]]],"type":"Polygon"},"properties":{"bbox":{"roads":{"area":1746.15,"pct":4.3}},"city_same":1,"id":"hex:2083:17386"},"type":"Feature"},{"geometry":{"coordinates":[[[-118.18389,34.01548],[-118.18455,34.0145],[-118.1859,34.01448],[-118.18659,34.01545],[-118.18632,34.01586],[-118.18616,34.01586],[-118.18497,34.01586],[-118.18486,34.01586],[-118.18415,34.01586],[-118.18389,34.01548]]],"type":"Polygon"},"properties":{"bbox":{"parking":{"area":964.25,"pct":3.2},"roads":{"area":1115.29,"pct":3.7}},"city_same":1,"id":"hex:2083:17387"},"type":"Feature"},{"geometry":{"coordinates":[[[-118.18444,34.00669],[-118.18378,34.00767],[-118.18243,34.00768],[-118.18174,34.00671],[-118.1823,34.00588],[-118.18438,34.0066],[-118.18444,34.00669]]],"type":"Polygon"},"properties":{"bbox":{"roads":{"area":3356.1,"pct":10.34}},"city_same":1,"id":"hex:2084:17383"},"type":"Feature"},{"geometry":{"coordinates":[[[-118.18176,34.00867],[-118.18245,34.00964],[-118.18381,34.00962],[-118.18447,34.00864],[-118.18378,34.00767],[-118.18243,34.00768],[-118.18176,34.00867]]],"type":"Polygon"},"properties":{"bbox":{"roads":{"area":8276.72,"pct":20.39}},"city_same":1,"id":"hex:2084:17384"},"type":"Feature"},{"geometry":{"coordinates":[[[-118.18179,34.01062],[-118.18248,34.01159],[-118.18383,34.01158],[-118.1845,34.01059],[-118.18381,34.00962],[-118.18245,34.00964],[-118.18179,34.01062]]],"type":"Polygon"},"properties":{"bbox":{"roads":{"area":634.05,"pct":1.56}},"city_same":1,"id":"hex:2084:17385"},"type":"Feature"},{"geometry":{"coordinates":[[[-118.18182,34.01257],[-118.18251,34.01354],[-118.18386,34.01353],[-118.18452,34.01254],[-118.18383,34.01158],[-118.18248,34.01159],[-118.18182,34.01257]]],"type":"Polygon"},"properties":{"bbox":{"roads":{"area":1263.03,"pct":3.11}},"city_same":1,"id":"hex:2084:17386"},"type":"Feature"},{"geometry":{"coordinates":[[[-118.18184,34.01452],[-118.18253,34.01549],[-118.18389,34.01548],[-118.18455,34.0145],[-118.18386,34.01353],[-118.18251,34.01354],[-118.18184,34.01452]]],"type":"Polygon"},"properties":{"bbox":{"roads":{"area":3562.41,"pct":8.78}},"city_same":1,"id":"hex:2084:17387"},"type":"Feature"},{"geometry":{"coordinates":[[[-118.18253,34.01549],[-118.18389,34.01548],[-118.18415,34.01586],[-118.18371,34.01585],[-118.1825,34.01578],[-118.18234,34.01578],[-118.18253,34.01549]]],"type":"Polygon"},"properties":{"bbox":{"parking":{"area":143.73,"pct":2.63},"roads":{"area":285.05,"pct":5.21}},"city_same":1,"id":"hex:2084:17388"},"type":"Feature"},{"geometry":{"coordinates":[[[-118.18174,34.00671],[-118.18038,34.00673],[-118.17969,34.00576],[-118.18025,34.00493],[-118.18071,34.0052],[-118.18127,34.00556],[-118.18143,34.00558],[-118.1823,34.00588],[-118.18174,34.00671]]],"type":"Polygon"},"properties":{"bbox":{"roads":{"area":2913.73,"pct":10.32},"sidewalks":{"area":216.06,"pct":0.77}},"city_same":1,"id":"hex:2085:17382"},"type":"Feature"},{"geometry":{"coordinates":[[[-118.17972,34.00771],[-118.18041,34.00868],[-118.18176,34.00867],[-118.18243,34.00768],[-118.18174,34.00671],[-118.18038,34.00673],[-118.17972,34.00771]]],"type":"Polygon"},"properties":{"bbox":{"roads":{"area":6269.86,"pct":15.44}},"city_same":1,"id":"hex:2085:17383"},"type":"Feature"},{"geometry":{"coordinates":[[[-118.17975,34.00966],[-118.18044,34.01063],[-118.18179,34.01062],[-118.18245,34.00964],[-118.18176,34.00867],[-118.18041,34.00868],[-118.17975,34.00966]]],"type":"Polygon"},"properties":{"bbox":{"roads":{"area":2263.09,"pct":5.57}},"city_same":1,"id":"hex:2085:17384"},"type":"Feature"},{"geometry":{"coordinates":[[[-118.17977,34.01161],[-118.18044,34.01063],[-118.18179,34.01062],[-118.18248,34.01159],[-118.18182,34.01257],[-118.18126,34.01258],[-118.18124,34.01204],[-118.18125,34.01188],[-118.17987,34.01176],[-118.17977,34.01161]]],"type":"Polygon"},"properties":{"bbox":{"roads":{"area":1108.67,"pct":3.43}},"city_same":1,"id":"hex:2085:17385"},"type":"Feature"},{"geometry":{"coordinates":[[[-118.18182,34.01257],[-118.18251,34.01354],[-118.18184,34.01452],[-118.18129,34.01453],[-118.1813,34.01412],[-118.18127,34.01284],[-118.18126,34.01258],[-118.18182,34.01257]]],"type":"Polygon"},"properties":{"bbox":{"roads":{"area":1707.87,"pct":9.67}},"city_same":1,"id":"hex:2085:17386"},"type":"Feature"},{"geometry":{"coordinates":[[[-118.18184,34.01452],[-118.18253,34.01549],[-118.18234,34.01578],[-118.18129,34.01578],[-118.1813,34.01461],[-118.18129,34.01462],[-118.18129,34.01453],[-118.18184,34.01452]]],"type":"Polygon"},"properties":{"bbox":{"roads":{"area":1135.85,"pct":9.29}},"city_same":1,"id":"hex:2085:17387"},"type":"Feature"},{"geometry":{"coordinates":[[[-118.17969,34.00576],[-118.17834,34.00577],[-118.17765,34.0048],[-118.17831,34.00382],[-118.17841,34.00382],[-118.18025,34.00493],[-118.17969,34.00576]]],"type":"Polygon"},"properties":{"bbox":{"roads":{"area":3213.79,"pct":9.95},"sidewalks":{"area":327.48,"pct":1.01}},"city_same":1,"id":"hex:2086:17382"},"type":"Feature"},{"geometry":{"coordinates":[[[-118.17767,34.00675],[-118.17836,34.00772],[-118.17972,34.00771],[-118.18038,34.00673],[-118.17969,34.00576],[-118.17834,34.00577],[-118.17767,34.00675]]],"type":"Polygon"},"properties":{"bbox":{"roads":{"area":8700.27,"pct":21.43}},"city_same":1,"id":"hex:2086:17383"},"type":"Feature"},{"geometry":{"coordinates":[[[-118.1777,34.00871],[-118.17839,34.00968],[-118.17975,34.00966],[-118.18041,34.00868],[-118.17972,34.00771],[-118.17836,34.00772],[-118.1777,34.00871]]],"type":"Polygon"},"properties":{"bbox":{"roads":{"area":1300.46,"pct":3.2}},"city_same":1,"id":"hex:2086:17384"},"type":"Feature"},{"geometry":{"coordinates":[[[-118.17773,34.01066],[-118.17842,34.01163],[-118.17977,34.01161],[-118.18044,34.01063],[-118.17975,34.00966],[-118.17839,34.00968],[-118.17773,34.01066]]],"type":"Polygon"},"properties":{"bbox":{"roads":{"area":1030.46,"pct":2.54}},"city_same":1,"id":"hex:2086:17385"},"type":"Feature"},{"geometry":{"coordinates":[[[-118.17831,34.00382],[-118.17765,34.0048],[-118.17629,34.00481],[-118.1756,34.00384],[-118.17627,34.00286],[-118.17681,34.00286],[-118.17824,34.00372],[-118.17831,34.00382]]],"type":"Polygon"},"properties":{"bbox":{"roads":{"area":3158.74,"pct":8.54},"sidewalks":{"area":278.84,"pct":0.75}},"city_same":1,"id":"hex:2087:17381"},"type":"Feature"},{"geometry":{"coordinates":[[[-118.17563,34.0058],[-118.17632,34.00677],[-118.17767,34.00675],[-118.17834,34.00577],[-118.17765,34.0048],[-118.17629,34.00481],[-118.17563,34.0058]]],"type":"Polygon"},"properties":{"bbox":{"roads":{"area":8593.02,"pct":21.17}},"city_same":1,"id":"hex:2087:17382"},"type":"Feature"},{"geometry":{"coordinates":[[[-118.17566,34.00775],[-118.17635,34.00872],[-118.1777,34.00871],[-118.17836,34.00772],[-118.17767,34.00675],[-118.17632,34.00677],[-118.17566,34.00775]]],"type":"Polygon"},"properties":{"bbox":{"roads":{"area":1144.89,"pct":2.82}},"city_same":1,"id":"hex:2087:17383"},"type":"Feature"},{"geometry":{"coordinates":[[[-118.17569,34.0097],[-118.17638,34.01067],[-118.17773,34.01066],[-118.17839,34.00968],[-118.1777,34.00871],[-118.17635,34.00872],[-118.17569,34.0097]]],"type":"Polygon"},"properties":{"bbox":{"roads":{"area":377.65,"pct":0.93}},"city_same":1,"id":"hex:2087:17384"},"type":"Feature"},{"geometry":{"coordinates":[[[-118.17571,34.01165],[-118.17638,34.01067],[-118.17773,34.01066],[-118.17842,34.01163],[-118.17842,34.01163],[-118.17745,34.01154],[-118.17693,34.01149],[-118.17591,34.01141],[-118.17589,34.0119],[-118.17571,34.01165]]],"type":"Polygon"},"properties":{"bbox":{"roads":{"area":568.2,"pct":3.26}},"city_same":1,"id":"hex:2087:17385"},"type":"Feature"},{"geometry":{"coordinates":[[[-118.17574,34.01361],[-118.17586,34.01342],[-118.17587,34.01371],[-118.17587,34.01374],[-118.17587,34.01379],[-118.17574,34.01361]]],"type":"Polygon"},"properties":{"bbox":{"roads":{"area":54.02,"pct":21.77}},"city_same":1,"id":"hex:2087:17386"},"type":"Feature"},{"geometry":{"coordinates":[[[-118.17577,34.01556],[-118.17588,34.01539],[-118.17588,34.01549],[-118.17588,34.01572],[-118.17577,34.01556]]],"type":"Polygon"},"properties":{"bbox":{"roads":{"area":98.87,"pct":51.55}},"city_same":1,"id":"hex:2087:17387"},"type":"Feature"},{"geometry":{"coordinates":[[[-118.17422,34.0019],[-118.17353,34.00094],[-118.17369,34.00071],[-118.17447,34.00104],[-118.17439,34.00117],[-118.17429,34.00134],[-118.17447,34.00145],[-118.17521,34.0019],[-118.17422,34.0019]]],"type":"Polygon"},"properties":{"bbox":{"roads":{"area":2226.78,"pct":28.31}},"city":{"roads":{"area":178.72,"pct":2.27}},"id":"hex:2088:17380"},"type":"Feature"},{"geometry":{"coordinates":[[[-118.17627,34.00286],[-118.1756,34.00384],[-118.17425,34.00386],[-118.17356,34.00289],[-118.17422,34.0019],[-118.17521,34.0019],[-118.17585,34.00228],[-118.17627,34.00286]]],"type":"Polygon"},"properties":{"bbox":{"roads":{"area":4164.28,"pct":10.45},"sidewalks":{"area":141.62,"pct":0.36}},"city":{"roads":{"area":2195.55,"pct":5.51},"sidewalks":{"area":141.62,"pct":0.36}},"id":"hex:2088:17381"},"type":"Feature"},{"geometry":{"coordinates":[[[-118.17359,34.00484],[-118.17428,34.00581],[-118.17563,34.0058],[-118.17629,34.00481],[-118.1756,34.00384],[-118.17425,34.00386],[-118.17359,34.00484]]],"type":"Polygon"},"properties":{"bbox":{"roads":{"area":8384.63,"pct":20.65},"sidewalks":{"area":126.77,"pct":0.31}},"city":{"roads":{"area":7958.22,"pct":19.6},"sidewalks":{"area":126.77,"pct":0.31}},"id":"hex:2088:17382"},"type":"Feature"},{"geometry":{"coordinates":[[[-118.17361,34.00679],[-118.1743,34.00776],[-118.17566,34.00775],[-118.17632,34.00677],[-118.17563,34.0058],[-118.17428,34.00581],[-118.17361,34.00679]]],"type":"Polygon"},"properties":{"bbox":{"roads":{"area":2982.9,"pct":7.35}},"city_same":1,"id":"hex:2088:17383"},"type":"Feature"},{"geometry":{"coordinates":[[[-118.17367,34.0107],[-118.17436,34.01167],[-118.17571,34.01165],[-118.17638,34.01067],[-118.17569,34.0097],[-118.17433,34.00971],[-118.17367,34.0107]]],"type":"Polygon"},"properties":{"bbox":{"roads":{"area":824.4,"pct":2.03}},"city_same":1,"id":"hex:2088:17385"},"type":"Feature"},{"geometry":{"coordinates":[[[-118.17574,34.01361],[-118.17439,34.01362],[-118.1737,34.01265],[-118.17436,34.01167],[-118.17571,34.01165],[-118.17589,34.0119],[-118.17585,34.01285],[-118.17586,34.01342],[-118.17574,34.01361]]],"type":"Polygon"},"properties":{"bbox":{"roads":{"area":1512.54,"pct":4.16}},"city_same":1,"id":"hex:2088:17386"},"type":"Feature"},{"geometry":{"coordinates":[[[-118.17577,34.01556],[-118.17441,34.01557],[-118.17372,34.0146],[-118.17439,34.01362],[-118.17574,34.01361],[-118.17587,34.01379],[-118.17588,34.01461],[-118.17588,34.01499],[-118.17588,34.01539],[-118.17577,34.01556]]],"type":"Polygon"},"properties":{"bbox":{"roads":{"area":3813.68,"pct":10.57}},"city_same":1,"id":"hex:2088:17387"},"type":"Feature"},{"geometry":{"coordinates":[[[-118.17444,34.01752],[-118.17375,34.01655],[-118.17441,34.01557],[-118.17577,34.01556],[-118.17588,34.01572],[-118.17588,34.01602],[-118.17588,34.01658],[-118.17557,34.01728],[-118.17563,34.01751],[-118.17444,34.01752]]],"type":"Polygon"},"properties":{"bbox":{"parking":{"area":1172.05,"pct":3.45},"roads":{"area":7567.87,"pct":22.26}},"city":{"parking":{"area":1172.05,"pct":3.45},"roads":{"area":2575.53,"pct":7.58}},"id":"hex:2088:17388"},"type":"Feature"},{"geometry":{"coordinates":[[[-118.17444,34.01752],[-118.17563,34.01751],[-118.17569,34.0178],[-118.1759,34.01827],[-118.1749,34.0178],[-118.17484,34.01777],[-118.1744,34.01758],[-118.17444,34.01752]]],"type":"Polygon"},"properties":{"bbox":{"roads":{"area":1725.5,"pct":34.55}},"id":"hex:2088:17389"},"type":"Feature"},{"geometry":{"coordinates":[[[-118.17353,34.00094],[-118.17218,34.00095],[-118.17149,33.99998],[-118.17151,33.99995],[-118.17205,34.00011],[-118.17213,34.00013],[-118.17287,34.00036],[-118.17369,34.00071],[-118.17353,34.00094]]],"type":"Polygon"},"properties":{"bbox":{"roads":{"area":1756.83,"pct":15.94},"sidewalks":{"area":123.13,"pct":1.12}},"city_same":1,"id":"hex:2089:17379"},"type":"Feature"},{"geometry":{"coordinates":[[[-118.17152,34.00193],[-118.17221,34.0029],[-118.17356,34.00289],[-118.17422,34.0019],[-118.17353,34.00094],[-118.17218,34.00095],[-118.17152,34.00193]]],"type":"Polygon"},"properties":{"bbox":{"roads":{"area":6087.12,"pct":14.99}},"city":{"roads":{"area":3379.01,"pct":8.32}},"id":"hex:2089:17380"},"type":"Feature"},{"geometry":{"coordinates":[[[-118.17154,34.00388],[-118.17223,34.00485],[-118.17359,34.00484],[-118.17425,34.00386],[-118.17356,34.00289],[-118.17221,34.0029],[-118.17154,34.00388]]],"type":"Polygon"},"properties":{"bbox":{"roads":{"area":12939.74,"pct":31.88},"sidewalks":{"area":301.88,"pct":0.74}},"city":{"roads":{"area":5836.18,"pct":14.38},"sidewalks":{"area":301.88,"pct":0.74}},"id":"hex:2089:17381"},"type":"Feature"},{"geometry":{"coordinates":[[[-118.17157,34.00584],[-118.17226,34.0068],[-118.17361,34.00679],[-118.17428,34.00581],[-118.17359,34.00484],[-118.17223,34.00485],[-118.17157,34.00584]]],"type":"Polygon"},"properties":{"bbox":{"roads":{"area":14371.9,"pct":35.4}},"city":{"roads":{"area":2521.75,"pct":6.21}},"id":"hex:2089:17382"},"type":"Feature"},{"geometry":{"coordinates":[[[-118.1716,34.00779],[-118.17229,34.00876],[-118.17364,34.00874],[-118.1743,34.00776],[-118.17361,34.00679],[-118.17226,34.0068],[-118.1716,34.00779]]],"type":"Polygon"},"properties":{"bbox":{"roads":{"area":8251.68,"pct":20.33}},"city":{"roads":{"area":394.12,"pct":0.97}},"id":"hex:2089:17383"},"type":"Feature"},{"geometry":{"coordinates":[[[-118.17162,34.00974],[-118.17231,34.01071],[-118.17367,34.0107],[-118.17433,34.00971],[-118.17364,34.00874],[-118.17229,34.00876],[-118.17162,34.00974]]],"type":"Polygon"},"properties":{"bbox":{"roads":{"area":7721.68,"pct":19.02}},"city":{"roads":{"area":192.26,"pct":0.47}},"id":"hex:2089:17384"},"type":"Feature"},{"geometry":{"coordinates":[[[-118.17165,34.01169],[-118.17234,34.01266],[-118.1737,34.01265],[-118.17436,34.01167],[-118.17367,34.0107],[-118.17231,34.01071],[-118.17165,34.01169]]],"type":"Polygon"},"properties":{"bbox":{"roads":{"area":10531.39,"pct":25.94}},"city":{"roads":{"area":3115.05,"pct":7.67}},"id":"hex:2089:17385"},"type":"Feature"},{"geometry":{"coordinates":[[[-118.17168,34.01364],[-118.17237,34.01461],[-118.17372,34.0146],[-118.17439,34.01362],[-118.1737,34.01265],[-118.17234,34.01266],[-118.17168,34.01364]]],"type":"Polygon"},"properties":{"bbox":{"roads":{"area":9720.93,"pct":23.95}},"city":{"roads":{"area":3565.77,"pct":8.78}},"id":"hex:2089:17386"},"type":"Feature"},{"geometry":{"coordinates":[[[-118.17171,34.0156],[-118.1724,34.01657],[-118.17375,34.01655],[-118.17441,34.01557],[-118.17372,34.0146],[-118.17237,34.01461],[-118.17171,34.0156]]],"type":"Polygon"},"properties":{"bbox":{"roads":{"area":14099.59,"pct":34.73}},"city":{"roads":{"area":2050.78,"pct":5.05}},"id":"hex:2089:17387"},"type":"Feature"},{"geometry":{"coordinates":[[[-118.1724,34.01657],[-118.17375,34.01655],[-118.17444,34.01752],[-118.1744,34.01758],[-118.17399,34.0174],[-118.1735,34.01719],[-118.17316,34.01704],[-118.17295,34.01695],[-118.17276,34.01687],[-118.17265,34.01682],[-118.17233,34.01667],[-118.1724,34.01657]]],"type":"Polygon"},"properties":{"bbox":{"roads":{"area":4601.74,"pct":50.66},"sidewalks":{"area":14.26,"pct":0.16}},"city":{"roads":{"area":235.02,"pct":2.59},"sidewalks":{"area":14.26,"pct":0.16}},"id":"hex:2089:17388"},"type":"Feature"},{"geometry":{"coordinates":[[[-118.16929,33.98731],[-118.16967,33.98674],[-118.16971,33.9868],[-118.17047,33.98789],[-118.17,33.98796],[-118.16974,33.98794],[-118.16929,33.98731]]],"type":"Polygon"},"properties":{"bbox":{"roads":{"area":1058.31,"pct":14.73}},"city":{"roads":{"area":221.67,"pct":3.08}},"id":"hex:2090:17373"},"type":"Feature"},{"geometry":{"coordinates":[[[-118.17149,33.99998],[-118.17014,33.99999],[-118.16974,33.99943],[-118.16997,33.9995],[-118.17064,33.99971],[-118.17151,33.99995],[-118.17149,33.99998]]],"type":"Polygon"},"properties":{"bbox":{"roads":{"area":223.86,"pct":5.46}},"city_same":1,"id":"hex:2090:17379"},"type":"Feature"},{"geometry":{"coordinates":[[[-118.16947,34.00097],[-118.17016,34.00194],[-118.17152,34.00193],[-118.17218,34.00095],[-118.17149,33.99998],[-118.17014,33.99999],[-118.16947,34.00097]]],"type":"Polygon"},"properties":{"bbox":{"roads":{"area":6582.35,"pct":16.21},"sidewalks":{"area":656.11,"pct":1.62}},"city_same":1,"id":"hex:2090:17380"},"type":"Feature"},{"geometry":{"coordinates":[[[-118.1695,34.00293],[-118.17019,34.0039],[-118.17154,34.00388],[-118.17221,34.0029],[-118.17152,34.00193],[-118.17016,34.00194],[-118.1695,34.00293]]],"type":"Polygon"},"properties":{"bbox":{"roads":{"area":6085.98,"pct":14.99},"sidewalks":{"area":418.38,"pct":1.03}},"city_same":1,"id":"hex:2090:17381"},"type":"Feature"},{"geometry":{"coordinates":[[[-118.16953,34.00488],[-118.17022,34.00585],[-118.17157,34.00584],[-118.17223,34.00485],[-118.17154,34.00388],[-118.17019,34.0039],[-118.16953,34.00488]]],"type":"Polygon"},"properties":{"bbox":{"roads":{"area":9918.97,"pct":24.43},"sidewalks":{"area":340.99,"pct":0.84}},"city":{"roads":{"area":7898.11,"pct":19.46},"sidewalks":{"area":340.99,"pct":0.84}},"id":"hex:2090:17382"},"type":"Feature"},{"geometry":{"coordinates":[[[-118.16955,34.00683],[-118.17024,34.0078],[-118.1716,34.00779],[-118.17226,34.0068],[-118.17157,34.00584],[-118.17022,34.00585],[-118.16955,34.00683]]],"type":"Polygon"},"properties":{"bbox":{"parking":{"area":140.19,"pct":0.35},"roads":{"area":3924.62,"pct":9.67}},"city_same":1,"id":"hex:2090:17383"},"type":"Feature"},{"geometry":{"coordinates":[[[-118.16958,34.00878],[-118.17027,34.00975],[-118.17162,34.00974],[-118.17229,34.00876],[-118.1716,34.00779],[-118.17024,34.0078],[-118.16958,34.00878]]],"type":"Polygon"},"properties":{"bbox":{"parking":{"area":1233.41,"pct":3.04},"roads":{"area":522.03,"pct":1.29}},"city":{"parking":{"area":1233.41,"pct":3.04},"roads":{"area":355.29,"pct":0.88}},"id":"hex:2090:17384"},"type":"Feature"},{"geometry":{"coordinates":[[[-118.16961,34.01074],[-118.1703,34.0117],[-118.17165,34.01169],[-118.17231,34.01071],[-118.17162,34.00974],[-118.17027,34.00975],[-118.16961,34.01074]]],"type":"Polygon"},"properties":{"bbox":{"roads":{"area":2382.66,"pct":5.87}},"city":{"roads":{"area":2116.09,"pct":5.21}},"id":"hex:2090:17385"},"type":"Feature"},{"geometry":{"coordinates":[[[-118.16963,34.01269],[-118.17032,34.01366],[-118.17168,34.01364],[-118.17234,34.01266],[-118.17165,34.01169],[-118.1703,34.0117],[-118.16963,34.01269]]],"type":"Polygon"},"properties":{"bbox":{"roads":{"area":4110.7,"pct":10.13}},"city":{"roads":{"area":3597.14,"pct":8.86}},"id":"hex:2090:17386"},"type":"Feature"},{"geometry":{"coordinates":[[[-118.16966,34.01464],[-118.17035,34.01561],[-118.17171,34.0156],[-118.17237,34.01461],[-118.17168,34.01364],[-118.17032,34.01366],[-118.16966,34.01464]]],"type":"Polygon"},"properties":{"bbox":{"roads":{"area":9401.56,"pct":23.16}},"city":{"roads":{"area":3628.94,"pct":8.94}},"id":"hex:2090:17387"},"type":"Feature"},{"geometry":{"coordinates":[[[-118.17035,34.01561],[-118.17171,34.0156],[-118.1724,34.01657],[-118.17233,34.01667],[-118.17223,34.01663],[-118.17185,34.01645],[-118.17081,34.01596],[-118.17068,34.0159],[-118.17048,34.01582],[-118.17027,34.01573],[-118.17035,34.01561]]],"type":"Polygon"},"properties":{"bbox":{"roads":{"area":2641.53,"pct":27.17}},"id":"hex:2090:17388"},"type":"Feature"},{"geometry":{"coordinates":[[[-118.16716,33.98049],[-118.1674,33.98015],[-118.16744,33.98058],[-118.16752,33.98099],[-118.16716,33.98049]]],"type":"Polygon"},"properties":{"bbox":{"roads":{"area":371.62,"pct":32.66}},"id":"hex:2091:17369"},"type":"Feature"},{"geometry":{"coordinates":[[[-118.16788,33.98342],[-118.16719,33.98245],[-118.16767,33.98174],[-118.16775,33.9821],[-118.168,33.9829],[-118.16819,33.98341],[-118.16788,33.98342]]],"type":"Polygon"},"properties":{"bbox":{"roads":{"area":882.37,"pct":12.37}},"id":"hex:2091:17370"},"type":"Feature"},{"geometry":{"coordinates":[[[-118.16791,33.98537],[-118.16722,33.9844],[-118.16788,33.98342],[-118.16819,33.98341],[-118.16839,33.98396],[-118.16872,33.98494],[-118.16893,33.98536],[-118.16791,33.98537]]],"type":"Polygon"},"properties":{"bbox":{"roads":{"area":1136.2,"pct":5.8}},"city":{"roads":{"area":88.08,"pct":0.45}},"id":"hex:2091:17371"},"type":"Feature"},{"geometry":{"coordinates":[[[-118.16929,33.98731],[-118.16793,33.98732],[-118.16724,33.98635],[-118.16791,33.98537],[-118.16893,33.98536],[-118.16897,33.98543],[-118.16947,33.98643],[-118.16959,33.98662],[-118.1696,33.98663],[-118.16967,33.98674],[-118.16929,33.98731]]],"type":"Polygon"},"properties":{"bbox":{"roads":{"area":5190.81,"pct":14.75}},"city":{"roads":{"area":4583.47,"pct":13.03}},"id":"hex:2091:17372"},"type":"Feature"},{"geometry":{"coordinates":[[[-118.16793,33.98732],[-118.16929,33.98731],[-118.16974,33.98794],[-118.16761,33.9878],[-118.16793,33.98732]]],"type":"Polygon"},"properties":{"bbox":{"roads":{"area":390.17,"pct":3.96}},"city_same":1,"id":"hex:2091:17373"},"type":"Feature"},{"geometry":{"coordinates":[[[-118.17014,33.99999],[-118.16947,34.00097],[-118.16812,34.00099],[-118.16743,34.00002],[-118.16809,33.99903],[-118.16847,33.99903],[-118.16974,33.99943],[-118.17014,33.99999]]],"type":"Polygon"},"properties":{"bbox":{"roads":{"area":2694.34,"pct":6.99}},"city_same":1,"id":"hex:2091:17379"},"type":"Feature"},{"geometry":{"coordinates":[[[-118.16746,34.00197],[-118.16815,34.00294],[-118.1695,34.00293],[-118.17016,34.00194],[-118.16947,34.00097],[-118.16812,34.00099],[-118.16746,34.00197]]],"type":"Polygon"},"properties":{"bbox":{"roads":{"area":10015.91,"pct":24.67},"sidewalks":{"area":635.89,"pct":1.57}},"city_same":1,"id":"hex:2091:17380"},"type":"Feature"},{"geometry":{"coordinates":[[[-118.16748,34.00392],[-118.16817,34.00489],[-118.16953,34.00488],[-118.17019,34.0039],[-118.1695,34.00293],[-118.16815,34.00294],[-118.16748,34.00392]]],"type":"Polygon"},"properties":{"bbox":{"roads":{"area":9069.59,"pct":22.34},"sidewalks":{"area":547.39,"pct":1.35}},"city_same":1,"id":"hex:2091:17381"},"type":"Feature"},{"geometry":{"coordinates":[[[-118.16751,34.00587],[-118.1682,34.00684],[-118.16955,34.00683],[-118.17022,34.00585],[-118.16953,34.00488],[-118.16817,34.00489],[-118.16751,34.00587]]],"type":"Polygon"},"properties":{"bbox":{"roads":{"area":3193.59,"pct":7.87}},"city_same":1,"id":"hex:2091:17382"},"type":"Feature"},{"geometry":{"coordinates":[[[-118.16754,34.00783],[-118.16823,34.0088],[-118.16958,34.00878],[-118.17024,34.0078],[-118.16955,34.00683],[-118.1682,34.00684],[-118.16754,34.00783]]],"type":"Polygon"},"properties":{"bbox":{"roads":{"area":2920.66,"pct":7.19}},"city_same":1,"id":"hex:2091:17383"},"type":"Feature"},{"geometry":{"coordinates":[[[-118.16756,34.00978],[-118.16825,34.01075],[-118.16961,34.01074],[-118.17027,34.00975],[-118.16958,34.00878],[-118.16823,34.0088],[-118.16756,34.00978]]],"type":"Polygon"},"properties":{"bbox":{"roads":{"area":593.23,"pct":1.46}},"city_same":1,"id":"hex:2091:17384"},"type":"Feature"},{"geometry":{"coordinates":[[[-118.16759,34.01173],[-118.16828,34.0127],[-118.16963,34.01269],[-118.1703,34.0117],[-118.16961,34.01074],[-118.16825,34.01075],[-118.16759,34.01173]]],"type":"Polygon"},"properties":{"bbox":{"roads":{"area":428.83,"pct":1.06}},"city_same":1,"id":"hex:2091:17385"},"type":"Feature"},{"geometry":{"coordinates":[[[-118.16762,34.01368],[-118.16831,34.01465],[-118.16966,34.01464],[-118.17032,34.01366],[-118.16963,34.01269],[-118.16828,34.0127],[-118.16762,34.01368]]],"type":"Polygon"},"properties":{"bbox":{"parking":{"area":3632.73,"pct":8.95},"roads":{"area":4376.4,"pct":10.78}},"city":{"parking":{"area":3632.73,"pct":8.95},"roads":{"area":3016.31,"pct":7.43}},"id":"hex:2091:17386"},"type":"Feature"},{"geometry":{"coordinates":[[[-118.16831,34.01465],[-118.16966,34.01464],[-118.17035,34.01561],[-118.17027,34.01573],[-118.16987,34.01557],[-118.1698,34.01553],[-118.16928,34.0153],[-118.16903,34.01519],[-118.1682,34.01481],[-118.16831,34.01465]]],"type":"Polygon"},"properties":{"bbox":{"roads":{"area":6372.11,"pct":59.11}},"city":{"roads":{"area":66.94,"pct":0.62}},"id":"hex:2091:17387"},"type":"Feature"},{"geometry":{"coordinates":[[[-118.16716,33.98049],[-118.16581,33.98051],[-118.16512,33.97954],[-118.16542,33.9791],[-118.16732,33.97934],[-118.1674,33.98015],[-118.16716,33.98049]]],"type":"Polygon"},"properties":{"bbox":{"roads":{"area":2327.19,"pct":9.18}},"city":{"roads":{"area":1817.93,"pct":7.17}},"id":"hex:2092:17369"},"type":"Feature"},{"geometry":{"coordinates":[[[-118.16719,33.98245],[-118.16584,33.98246],[-118.16515,33.98149],[-118.16581,33.98051],[-118.16716,33.98049],[-118.16752,33.98099],[-118.16762,33.98153],[-118.16767,33.98174],[-118.16719,33.98245]]],"type":"Polygon"},"properties":{"bbox":{"roads":{"area":2125.63,"pct":5.36}},"city":{"roads":{"area":1687.79,"pct":4.26}},"id":"hex:2092:17370"},"type":"Feature"},{"geometry":{"coordinates":[[[-118.16517,33.98344],[-118.16586,33.98441],[-118.16722,33.9844],[-118.16788,33.98342],[-118.16719,33.98245],[-118.16584,33.98246],[-118.16517,33.98344]]],"type":"Polygon"},"properties":{"bbox":{"roads":{"area":2150.71,"pct":5.3}},"city_same":1,"id":"hex:2092:17371"},"type":"Feature"},{"geometry":{"coordinates":[[[-118.1652,33.98539],[-118.16589,33.98636],[-118.16724,33.98635],[-118.16791,33.98537],[-118.16722,33.9844],[-118.16586,33.98441],[-118.1652,33.98539]]],"type":"Polygon"},"properties":{"bbox":{"roads":{"area":3823.16,"pct":9.42}},"city_same":1,"id":"hex:2092:17372"},"type":"Feature"},{"geometry":{"coordinates":[[[-118.16523,33.98735],[-118.16589,33.98636],[-118.16724,33.98635],[-118.16793,33.98732],[-118.16761,33.9878],[-118.16545,33.98766],[-118.16523,33.98735]]],"type":"Polygon"},"properties":{"bbox":{"roads":{"area":2392.69,"pct":7.94}},"city_same":1,"id":"hex:2092:17373"},"type":"Feature"},{"geometry":{"coordinates":[[[-118.16541,34.00101],[-118.1661,34.00198],[-118.16746,34.00197],[-118.16812,34.00099],[-118.16743,34.00002],[-118.16608,34.00003],[-118.16541,34.00101]]],"type":"Polygon"},"properties":{"bbox":{"roads":{"area":2892.63,"pct":7.13}},"city_same":1,"id":"hex:2092:17380"},"type":"Feature"},{"geometry":{"coordinates":[[[-118.16544,34.00296],[-118.16613,34.00393],[-118.16748,34.00392],[-118.16815,34.00294],[-118.16746,34.00197],[-118.1661,34.00198],[-118.16544,34.00296]]],"type":"Polygon"},"properties":{"bbox":{"roads":{"area":12228.36,"pct":30.12},"sidewalks":{"area":906.06,"pct":2.23}},"city_same":1,"id":"hex:2092:17381"},"type":"Feature"},{"geometry":{"coordinates":[[[-118.16547,34.00492],[-118.16616,34.00589],[-118.16751,34.00587],[-118.16817,34.00489],[-118.16748,34.00392],[-118.16613,34.00393],[-118.16547,34.00492]]],"type":"Polygon"},"properties":{"bbox":{"roads":{"area":5648.47,"pct":13.91},"sidewalks":{"area":144.1,"pct":0.35}},"city_same":1,"id":"hex:2092:17382"},"type":"Feature"},{"geometry":{"coordinates":[[[-118.16549,34.00687],[-118.16618,34.00784],[-118.16754,34.00783],[-118.1682,34.00684],[-118.16751,34.00587],[-118.16616,34.00589],[-118.16549,34.00687]]],"type":"Polygon"},"properties":{"bbox":{"roads":{"area":4240.77,"pct":10.45}},"city_same":1,"id":"hex:2092:17383"},"type":"Feature"},{"geometry":{"coordinates":[[[-118.16552,34.00882],[-118.16621,34.00979],[-118.16756,34.00978],[-118.16823,34.0088],[-118.16754,34.00783],[-118.16618,34.00784],[-118.16552,34.00882]]],"type":"Polygon"},"properties":{"bbox":{"roads":{"area":1147.6,"pct":2.83}},"city_same":1,"id":"hex:2092:17384"},"type":"Feature"},{"geometry":{"coordinates":[[[-118.16555,34.01077],[-118.16624,34.01174],[-118.16759,34.01173],[-118.16825,34.01075],[-118.16756,34.00978],[-118.16621,34.00979],[-118.16555,34.01077]]],"type":"Polygon"},"properties":{"bbox":{"roads":{"area":1612.76,"pct":3.97}},"city_same":1,"id":"hex:2092:17385"},"type":"Feature"},{"geometry":{"coordinates":[[[-118.16557,34.01273],[-118.16626,34.0137],[-118.16762,34.01368],[-118.16828,34.0127],[-118.16759,34.01173],[-118.16624,34.01174],[-118.16557,34.01273]]],"type":"Polygon"},"properties":{"bbox":{"roads":{"area":2923.92,"pct":7.2}},"city":{"roads":{"area":2123.62,"pct":5.23}},"id":"hex:2092:17386"},"type":"Feature"},{"geometry":{"coordinates":[[[-118.16626,34.0137],[-118.16762,34.01368],[-118.16831,34.01465],[-118.1682,34.01481],[-118.1681,34.01477],[-118.16795,34.0147],[-118.16728,34.01441],[-118.16686,34.01422],[-118.16613,34.0139],[-118.16626,34.0137]]],"type":"Polygon"},"properties":{"bbox":{"roads":{"area":8440.83,"pct":71.58}},"city":{"roads":{"area":727.25,"pct":6.17}},"id":"hex:2092:17387"},"type":"Feature"},{"geometry":{"coordinates":[[[-118.16512,33.97954],[-118.16377,33.97955],[-118.16326,33.97884],[-118.16542,33.9791],[-118.16512,33.97954]]],"type":"Polygon"},"properties":{"bbox":{"roads":{"area":1201.49,"pct":11.76}},"city":{"roads":{"area":1200.05,"pct":11.75}},"id":"hex:2093:17368"},"type":"Feature"},{"geometry":{"coordinates":[[[-118.1631,33.98053],[-118.16379,33.9815],[-118.16515,33.98149],[-118.16581,33.98051],[-118.16512,33.97954],[-118.16377,33.97955],[-118.1631,33.98053]]],"type":"Polygon"},"properties":{"bbox":{"roads":{"area":1890.26,"pct":4.66}},"city_same":1,"id":"hex:2093:17369"},"type":"Feature"},{"geometry":{"coordinates":[[[-118.16313,33.98249],[-118.16382,33.98346],[-118.16517,33.98344],[-118.16584,33.98246],[-118.16515,33.98149],[-118.16379,33.9815],[-118.16313,33.98249]]],"type":"Polygon"},"properties":{"bbox":{"roads":{"area":1575.68,"pct":3.88}},"city_same":1,"id":"hex:2093:17370"},"type":"Feature"},{"geometry":{"coordinates":[[[-118.16316,33.98444],[-118.16385,33.98541],[-118.1652,33.98539],[-118.16586,33.98441],[-118.16517,33.98344],[-118.16382,33.98346],[-118.16316,33.98444]]],"type":"Polygon"},"properties":{"bbox":{"roads":{"area":2067.21,"pct":5.09}},"city_same":1,"id":"hex:2093:17371"},"type":"Feature"},{"geometry":{"coordinates":[[[-118.16318,33.98639],[-118.16387,33.98736],[-118.16523,33.98735],[-118.16589,33.98636],[-118.1652,33.98539],[-118.16385,33.98541],[-118.16318,33.98639]]],"type":"Polygon"},"properties":{"bbox":{"parking":{"area":1296.33,"pct":3.19},"roads":{"area":7841.3,"pct":19.32}},"city_same":1,"id":"hex:2093:17372"},"type":"Feature"},{"geometry":{"coordinates":[[[-118.16387,33.98736],[-118.16523,33.98735],[-118.16545,33.98766],[-118.16476,33.98761],[-118.16376,33.98753],[-118.16387,33.98736]]],"type":"Polygon"},"properties":{"bbox":{"parking":{"area":661.12,"pct":17.74},"roads":{"area":265.73,"pct":7.13}},"city_same":1,"id":"hex:2093:17373"},"type":"Feature"},{"geometry":{"coordinates":[[[-118.16539,33.99906],[-118.16403,33.99907],[-118.16334,33.9981],[-118.16392,33.99726],[-118.1655,33.99811],[-118.16594,33.99825],[-118.16539,33.99906]]],"type":"Polygon"},"properties":{"bbox":{"roads":{"area":1821.39,"pct":6.32}},"city_same":1,"id":"hex:2093:17378"},"type":"Feature"},{"geometry":{"coordinates":[[[-118.16337,34.00006],[-118.16406,34.00103],[-118.16541,34.00101],[-118.16608,34.00003],[-118.16539,33.99906],[-118.16403,33.99907],[-118.16337,34.00006]]],"type":"Polygon"},"properties":{"bbox":{"roads":{"area":2395.83,"pct":5.9}},"city_same":1,"id":"hex:2093:17379"},"type":"Feature"},{"geometry":{"coordinates":[[[-118.1634,34.00201],[-118.16409,34.00298],[-118.16544,34.00296],[-118.1661,34.00198],[-118.16541,34.00101],[-118.16406,34.00103],[-118.1634,34.00201]]],"type":"Polygon"},"properties":{"bbox":{"roads":{"area":9528.53,"pct":23.47},"sidewalks":{"area":598.41,"pct":1.47}},"city_same":1,"id":"hex:2093:17380"},"type":"Feature"},{"geometry":{"coordinates":[[[-118.16342,34.00396],[-118.16411,34.00493],[-118.16547,34.00492],[-118.16613,34.00393],[-118.16544,34.00296],[-118.16409,34.00298],[-118.16342,34.00396]]],"type":"Polygon"},"properties":{"bbox":{"roads":{"area":6801.08,"pct":16.75},"sidewalks":{"area":290.94,"pct":0.72}},"city_same":1,"id":"hex:2093:17381"},"type":"Feature"},{"geometry":{"coordinates":[[[-118.16345,34.00591],[-118.16414,34.00688],[-118.16549,34.00687],[-118.16616,34.00589],[-118.16547,34.00492],[-118.16411,34.00493],[-118.16345,34.00591]]],"type":"Polygon"},"properties":{"bbox":{"roads":{"area":8614.52,"pct":21.22},"sidewalks":{"area":7.57,"pct":0.02}},"city_same":1,"id":"hex:2093:17382"},"type":"Feature"},{"geometry":{"coordinates":[[[-118.16348,34.00786],[-118.16417,34.00883],[-118.16552,34.00882],[-118.16618,34.00784],[-118.16549,34.00687],[-118.16414,34.00688],[-118.16348,34.00786]]],"type":"Polygon"},"properties":{"bbox":{"roads":{"area":4025.82,"pct":9.92}},"city_same":1,"id":"hex:2093:17383"},"type":"Feature"},{"geometry":{"coordinates":[[[-118.1635,34.00982],[-118.16419,34.01079],[-118.16555,34.01077],[-118.16621,34.00979],[-118.16552,34.00882],[-118.16417,34.00883],[-118.1635,34.00982]]],"type":"Polygon"},"properties":{"bbox":{"roads":{"area":1130.75,"pct":2.79}},"city_same":1,"id":"hex:2093:17384"},"type":"Feature"},{"geometry":{"coordinates":[[[-118.16353,34.01177],[-118.16422,34.01274],[-118.16557,34.01273],[-118.16624,34.01174],[-118.16555,34.01077],[-118.16419,34.01079],[-118.16353,34.01177]]],"type":"Polygon"},"properties":{"bbox":{"roads":{"area":4949.03,"pct":12.19}},"city":{"roads":{"area":4352.92,"pct":10.72}},"id":"hex:2093:17385"},"type":"Feature"},{"geometry":{"coordinates":[[[-118.16422,34.01274],[-118.16557,34.01273],[-118.16626,34.0137],[-118.16613,34.0139],[-118.16595,34.01382],[-118.16505,34.01339],[-118.165,34.01336],[-118.16421,34.013],[-118.16408,34.01294],[-118.16422,34.01274]]],"type":"Polygon"},"properties":{"bbox":{"roads":{"area":8437.57,"pct":68.69}},"city":{"roads":{"area":912.76,"pct":7.43}},"id":"hex:2093:17386"},"type":"Feature"},{"geometry":{"coordinates":[[[-118.16377,33.97955],[-118.1631,33.98053],[-118.16175,33.98055],[-118.16106,33.97958],[-118.16167,33.97867],[-118.16309,33.97881],[-118.16326,33.97884],[-118.16377,33.97955]]],"type":"Polygon"},"properties":{"bbox":{"roads":{"area":5186.13,"pct":13.59}},"city":{"roads":{"area":2515.99,"pct":6.59}},"id":"hex:2094:17369"},"type":"Feature"},{"geometry":{"coordinates":[[[-118.16109,33.98153],[-118.16178,33.9825],[-118.16313,33.98249],[-118.16379,33.9815],[-118.1631,33.98053],[-118.16175,33.98055],[-118.16109,33.98153]]],"type":"Polygon"},"properties":{"bbox":{"roads":{"area":6297.53,"pct":15.51}},"city":{"roads":{"area":2883.86,"pct":7.1}},"id":"hex:2094:17370"},"type":"Feature"},{"geometry":{"coordinates":[[[-118.16112,33.98348],[-118.1618,33.98445],[-118.16316,33.98444],[-118.16382,33.98346],[-118.16313,33.98249],[-118.16178,33.9825],[-118.16112,33.98348]]],"type":"Polygon"},"properties":{"bbox":{"roads":{"area":8550.87,"pct":21.06}},"city":{"roads":{"area":5371.86,"pct":13.23}},"id":"hex:2094:17371"},"type":"Feature"},{"geometry":{"coordinates":[[[-118.16114,33.98543],[-118.16183,33.9864],[-118.16318,33.98639],[-118.16385,33.98541],[-118.16316,33.98444],[-118.1618,33.98445],[-118.16114,33.98543]]],"type":"Polygon"},"properties":{"bbox":{"parking":{"area":255.91,"pct":0.63},"roads":{"area":10552.21,"pct":25.99}},"city":{"parking":{"area":255.91,"pct":0.63},"roads":{"area":7287.33,"pct":17.95}},"id":"hex:2094:17372"},"type":"Feature"},{"geometry":{"coordinates":[[[-118.16117,33.98739],[-118.16183,33.9864],[-118.16318,33.98639],[-118.16387,33.98736],[-118.16376,33.98753],[-118.16181,33.98736],[-118.1618,33.98742],[-118.16178,33.98755],[-118.16169,33.98812],[-118.16117,33.98739]]],"type":"Polygon"},"properties":{"bbox":{"parking":{"area":1070.65,"pct":4.41},"roads":{"area":5600.13,"pct":23.08}},"city":{"parking":{"area":1070.65,"pct":4.41},"roads":{"area":3295.58,"pct":13.58}},"id":"hex:2094:17373"},"type":"Feature"},{"geometry":{"coordinates":[[[-118.16119,33.98934],[-118.1616,33.98874],[-118.16155,33.98907],[-118.16145,33.9897],[-118.16119,33.98934]]],"type":"Polygon"},"properties":{"bbox":{"roads":{"area":791.57,"pct":52.09},"sidewalks":{"area":63.98,"pct":4.21}},"city":{"roads":{"area":251.63,"pct":16.56},"sidewalks":{"area":63.98,"pct":4.21}},"id":"hex:2094:17374"},"type":"Feature"},{"geometry":{"coordinates":[[[-118.16334,33.9981],[-118.16199,33.99812],[-118.1613,33.99715],[-118.16195,33.99619],[-118.16392,33.99726],[-118.16334,33.9981]]],"type":"Polygon"},"properties":{"bbox":{"roads":{"area":1607.17,"pct":5.09}},"city_same":1,"id":"hex:2094:17378"},"type":"Feature"},{"geometry":{"coordinates":[[[-118.16133,33.9991],[-118.16202,34.00007],[-118.16337,34.00006],[-118.16403,33.99907],[-118.16334,33.9981],[-118.16199,33.99812],[-118.16133,33.9991]]],"type":"Polygon"},"properties":{"bbox":{"roads":{"area":2575.5,"pct":6.34}},"city_same":1,"id":"hex:2094:17379"},"type":"Feature"},{"geometry":{"coordinates":[[[-118.16135,34.00105],[-118.16204,34.00202],[-118.1634,34.00201],[-118.16406,34.00103],[-118.16337,34.00006],[-118.16202,34.00007],[-118.16135,34.00105]]],"type":"Polygon"},"properties":{"bbox":{"roads":{"area":10390.96,"pct":25.6},"sidewalks":{"area":153.54,"pct":0.38}},"city_same":1,"id":"hex:2094:17380"},"type":"Feature"},{"geometry":{"coordinates":[[[-118.16138,34.003],[-118.16207,34.00397],[-118.16342,34.00396],[-118.16409,34.00298],[-118.1634,34.00201],[-118.16204,34.00202],[-118.16138,34.003]]],"type":"Polygon"},"properties":{"bbox":{"roads":{"area":2592.71,"pct":6.39}},"city_same":1,"id":"hex:2094:17381"},"type":"Feature"},{"geometry":{"coordinates":[[[-118.16141,34.00496],[-118.1621,34.00593],[-118.16345,34.00591],[-118.16411,34.00493],[-118.16342,34.00396],[-118.16207,34.00397],[-118.16141,34.00496]]],"type":"Polygon"},"properties":{"bbox":{"roads":{"area":6451.58,"pct":15.89}},"city_same":1,"id":"hex:2094:17382"},"type":"Feature"},{"geometry":{"coordinates":[[[-118.16143,34.00691],[-118.16212,34.00788],[-118.16348,34.00786],[-118.16414,34.00688],[-118.16345,34.00591],[-118.1621,34.00593],[-118.16143,34.00691]]],"type":"Polygon"},"properties":{"bbox":{"roads":{"area":8685.46,"pct":21.4}},"city_same":1,"id":"hex:2094:17383"},"type":"Feature"},{"geometry":{"coordinates":[[[-118.16146,34.00886],[-118.16215,34.00983],[-118.1635,34.00982],[-118.16417,34.00883],[-118.16348,34.00786],[-118.16212,34.00788],[-118.16146,34.00886]]],"type":"Polygon"},"properties":{"bbox":{"roads":{"area":2300.16,"pct":5.67}},"city_same":1,"id":"hex:2094:17384"},"type":"Feature"},{"geometry":{"coordinates":[[[-118.16149,34.01081],[-118.16218,34.01178],[-118.16353,34.01177],[-118.16419,34.01079],[-118.1635,34.00982],[-118.16215,34.00983],[-118.16149,34.01081]]],"type":"Polygon"},"properties":{"bbox":{"roads":{"area":4302.84,"pct":10.6}},"city":{"roads":{"area":2771.7,"pct":6.83}},"id":"hex:2094:17385"},"type":"Feature"},{"geometry":{"coordinates":[[[-118.16218,34.01178],[-118.16353,34.01177],[-118.16422,34.01274],[-118.16408,34.01294],[-118.16359,34.01271],[-118.16302,34.01245],[-118.1629,34.01239],[-118.16202,34.01202],[-118.16218,34.01178]]],"type":"Polygon"},"properties":{"bbox":{"roads":{"area":8388.97,"pct":66.64}},"city":{"roads":{"area":970.12,"pct":7.71}},"id":"hex:2094:17386"},"type":"Feature"},{"geometry":{"coordinates":[[[-118.16106,33.97958],[-118.15971,33.97959],[-118.15902,33.97862],[-118.15915,33.97842],[-118.16167,33.97867],[-118.16106,33.97958]]],"type":"Polygon"},"properties":{"bbox":{"roads":{"area":1756.91,"pct":8}},"city_same":1,"id":"hex:2095:17368"},"type":"Feature"},{"geometry":{"coordinates":[[[-118.15905,33.98057],[-118.15974,33.98154],[-118.16109,33.98153],[-118.16175,33.98055],[-118.16106,33.97958],[-118.15971,33.97959],[-118.15905,33.98057]]],"type":"Polygon"},"properties":{"bbox":{"roads":{"area":2571.84,"pct":6.34}},"city_same":1,"id":"hex:2095:17369"},"type":"Feature"},{"geometry":{"coordinates":[[[-118.15907,33.98252],[-118.15976,33.98349],[-118.16112,33.98348],[-118.16178,33.9825],[-118.16109,33.98153],[-118.15974,33.98154],[-118.15907,33.98252]]],"type":"Polygon"},"properties":{"bbox":{"roads":{"area":3237.4,"pct":7.97}},"city_same":1,"id":"hex:2095:17370"},"type":"Feature"},{"geometry":{"coordinates":[[[-118.1591,33.98448],[-118.15979,33.98545],[-118.16114,33.98543],[-118.1618,33.98445],[-118.16112,33.98348],[-118.15976,33.98349],[-118.1591,33.98448]]],"type":"Polygon"},"properties":{"bbox":{"parking":{"area":1871,"pct":4.61},"roads":{"area":2229.68,"pct":5.49}},"city_same":1,"id":"hex:2095:17371"},"type":"Feature"},{"geometry":{"coordinates":[[[-118.15913,33.98643],[-118.15982,33.9874],[-118.16117,33.98739],[-118.16183,33.9864],[-118.16114,33.98543],[-118.15979,33.98545],[-118.15913,33.98643]]],"type":"Polygon"},"properties":{"bbox":{"parking":{"area":390.5,"pct":0.96},"roads":{"area":8407.36,"pct":20.71}},"city_same":1,"id":"hex:2095:17372"},"type":"Feature"},{"geometry":{"coordinates":[[[-118.16119,33.98934],[-118.15984,33.98935],[-118.15915,33.98838],[-118.15982,33.9874],[-118.16117,33.98739],[-118.16169,33.98812],[-118.1616,33.98874],[-118.16119,33.98934]]],"type":"Polygon"},"properties":{"bbox":{"parking":{"area":2497.04,"pct":6.25},"roads":{"area":5886.57,"pct":14.73},"sidewalks":{"area":9.04,"pct":0.02}},"city":{"parking":{"area":2497.04,"pct":6.25},"roads":{"area":5229.97,"pct":13.09},"sidewalks":{"area":9.04,"pct":0.02}},"id":"hex:2095:17373"},"type":"Feature"},{"geometry":{"coordinates":[[[-118.15987,33.9913],[-118.15918,33.99033],[-118.15984,33.98935],[-118.16119,33.98934],[-118.16145,33.9897],[-118.16126,33.99093],[-118.1612,33.99129],[-118.15987,33.9913]]],"type":"Polygon"},"properties":{"bbox":{"roads":{"area":4173.27,"pct":11.54},"sidewalks":{"area":290.77,"pct":0.8}},"city":{"roads":{"area":2750.28,"pct":7.6},"sidewalks":{"area":290.77,"pct":0.8}},"id":"hex:2095:17374"},"type":"Feature"},{"geometry":{"coordinates":[[[-118.15987,33.9913],[-118.1612,33.99129],[-118.16119,33.99138],[-118.1611,33.99194],[-118.16109,33.99202],[-118.16079,33.99185],[-118.16049,33.9917],[-118.16014,33.99154],[-118.1598,33.99142],[-118.15979,33.99142],[-118.15987,33.9913]]],"type":"Polygon"},"properties":{"bbox":{"roads":{"area":3006.4,"pct":54.03},"sidewalks":{"area":83.47,"pct":1.5}},"city":{"roads":{"area":330.32,"pct":5.94},"sidewalks":{"area":83.47,"pct":1.5}},"id":"hex:2095:17375"},"type":"Feature"},{"geometry":{"coordinates":[[[-118.1613,33.99715],[-118.15995,33.99716],[-118.15926,33.99619],[-118.15992,33.99521],[-118.16002,33.99521],[-118.16044,33.99538],[-118.16195,33.99619],[-118.1613,33.99715]]],"type":"Polygon"},"properties":{"bbox":{"roads":{"area":5304.85,"pct":15.43},"sidewalks":{"area":534.42,"pct":1.55}},"city":{"roads":{"area":2434.01,"pct":7.08},"sidewalks":{"area":534.42,"pct":1.55}},"id":"hex:2095:17377"},"type":"Feature"},{"geometry":{"coordinates":[[[-118.15928,33.99814],[-118.15997,33.99911],[-118.16133,33.9991],[-118.16199,33.99812],[-118.1613,33.99715],[-118.15995,33.99716],[-118.15928,33.99814]]],"type":"Polygon"},"properties":{"bbox":{"roads":{"area":2492.04,"pct":6.14},"sidewalks":{"area":19.42,"pct":0.05}},"city":{"roads":{"area":821.87,"pct":2.02},"sidewalks":{"area":19.42,"pct":0.05}},"id":"hex:2095:17378"},"type":"Feature"},{"geometry":{"coordinates":[[[-118.15931,34.00009],[-118.16,34.00106],[-118.16135,34.00105],[-118.16202,34.00007],[-118.16133,33.9991],[-118.15997,33.99911],[-118.15931,34.00009]]],"type":"Polygon"},"properties":{"bbox":{"parking":{"area":4819.03,"pct":11.87},"roads":{"area":14712.03,"pct":36.24}},"city":{"parking":{"area":4819.03,"pct":11.87},"roads":{"area":12382.53,"pct":30.5}},"id":"hex:2095:17379"},"type":"Feature"},{"geometry":{"coordinates":[[[-118.15934,34.00205],[-118.16003,34.00302],[-118.16138,34.003],[-118.16204,34.00202],[-118.16135,34.00105],[-118.16,34.00106],[-118.15934,34.00205]]],"type":"Polygon"},"properties":{"bbox":{"roads":{"area":4413.62,"pct":10.87}},"city":{"roads":{"area":3428.29,"pct":8.45}},"id":"hex:2095:17380"},"type":"Feature"},{"geometry":{"coordinates":[[[-118.15936,34.004],[-118.16005,34.00497],[-118.16141,34.00496],[-118.16207,34.00397],[-118.16138,34.003],[-118.16003,34.00302],[-118.15936,34.004]]],"type":"Polygon"},"properties":{"bbox":{"roads":{"area":3384.87,"pct":8.34}},"city_same":1,"id":"hex:2095:17381"},"type":"Feature"},{"geometry":{"coordinates":[[[-118.15939,34.00595],[-118.16008,34.00692],[-118.16143,34.00691],[-118.1621,34.00593],[-118.16141,34.00496],[-118.16005,34.00497],[-118.15939,34.00595]]],"type":"Polygon"},"properties":{"bbox":{"roads":{"area":4720.26,"pct":11.63}},"city_same":1,"id":"hex:2095:17382"},"type":"Feature"},{"geometry":{"coordinates":[[[-118.15942,34.0079],[-118.16011,34.00887],[-118.16146,34.00886],[-118.16212,34.00788],[-118.16143,34.00691],[-118.16008,34.00692],[-118.15942,34.0079]]],"type":"Polygon"},"properties":{"bbox":{"roads":{"area":8728.37,"pct":21.5}},"city":{"roads":{"area":8302.28,"pct":20.45}},"id":"hex:2095:17383"},"type":"Feature"},{"geometry":{"coordinates":[[[-118.15944,34.00986],[-118.16013,34.01082],[-118.16149,34.01081],[-118.16215,34.00983],[-118.16146,34.00886],[-118.16011,34.00887],[-118.15944,34.00986]]],"type":"Polygon"},"properties":{"bbox":{"roads":{"area":6937.24,"pct":17.09}},"city":{"roads":{"area":1303.95,"pct":3.21}},"id":"hex:2095:17384"},"type":"Feature"},{"geometry":{"coordinates":[[[-118.16013,34.01082],[-118.16149,34.01081],[-118.16218,34.01178],[-118.16202,34.01202],[-118.16199,34.012],[-118.16057,34.01136],[-118.16053,34.01135],[-118.16029,34.01124],[-118.16026,34.01122],[-118.15996,34.01109],[-118.16013,34.01082]]],"type":"Polygon"},"properties":{"bbox":{"roads":{"area":7685.94,"pct":56.55}},"city":{"roads":{"area":105.43,"pct":0.78}},"id":"hex:2095:17385"},"type":"Feature"},{"geometry":{"coordinates":[[[-118.157,33.97961],[-118.15769,33.98058],[-118.15905,33.98057],[-118.15971,33.97959],[-118.15902,33.97862],[-118.15767,33.97863],[-118.157,33.97961]]],"type":"Polygon"},"properties":{"bbox":{"roads":{"area":2410.14,"pct":5.94}},"city_same":1,"id":"hex:2096:17369"},"type":"Feature"},{"geometry":{"coordinates":[[[-118.15703,33.98157],[-118.15772,33.98254],[-118.15907,33.98252],[-118.15974,33.98154],[-118.15905,33.98057],[-118.15769,33.98058],[-118.15703,33.98157]]],"type":"Polygon"},"properties":{"bbox":{"roads":{"area":1673.67,"pct":4.12}},"city_same":1,"id":"hex:2096:17370"},"type":"Feature"},{"geometry":{"coordinates":[[[-118.15706,33.98352],[-118.15775,33.98449],[-118.1591,33.98448],[-118.15976,33.98349],[-118.15907,33.98252],[-118.15772,33.98254],[-118.15706,33.98352]]],"type":"Polygon"},"properties":{"bbox":{"roads":{"area":4388.77,"pct":10.81}},"city_same":1,"id":"hex:2096:17371"},"type":"Feature"},{"geometry":{"coordinates":[[[-118.15708,33.98547],[-118.15777,33.98644],[-118.15913,33.98643],[-118.15979,33.98545],[-118.1591,33.98448],[-118.15775,33.98449],[-118.15708,33.98547]]],"type":"Polygon"},"properties":{"bbox":{"roads":{"area":8030.86,"pct":19.78}},"city_same":1,"id":"hex:2096:17372"},"type":"Feature"},{"geometry":{"coordinates":[[[-118.15711,33.98742],[-118.1578,33.98839],[-118.15915,33.98838],[-118.15982,33.9874],[-118.15913,33.98643],[-118.15777,33.98644],[-118.15711,33.98742]]],"type":"Polygon"},"properties":{"bbox":{"parking":{"area":162.01,"pct":0.4},"roads":{"area":3525.45,"pct":8.68}},"city_same":1,"id":"hex:2096:17373"},"type":"Feature"},{"geometry":{"coordinates":[[[-118.15714,33.98938],[-118.15783,33.99035],[-118.15918,33.99033],[-118.15984,33.98935],[-118.15915,33.98838],[-118.1578,33.98839],[-118.15714,33.98938]]],"type":"Polygon"},"properties":{"bbox":{"roads":{"area":4896.5,"pct":12.06}},"city_same":1,"id":"hex:2096:17374"},"type":"Feature"},{"geometry":{"coordinates":[[[-118.15783,33.99035],[-118.15918,33.99033],[-118.15987,33.9913],[-118.15979,33.99142],[-118.1595,33.99134],[-118.15924,33.9913],[-118.15903,33.99128],[-118.15806,33.99126],[-118.15755,33.99128],[-118.15719,33.99129],[-118.15783,33.99035]]],"type":"Polygon"},"properties":{"bbox":{"roads":{"area":2225.17,"pct":11.27}},"city":{"roads":{"area":400.94,"pct":2.03}},"id":"hex:2096:17375"},"type":"Feature"},{"geometry":{"coordinates":[[[-118.15992,33.99521],[-118.15926,33.99619],[-118.1579,33.9962],[-118.15721,33.99523],[-118.15784,33.99431],[-118.15988,33.99515],[-118.15992,33.99521]]],"type":"Polygon"},"properties":{"bbox":{"roads":{"area":1224.84,"pct":3.66}},"city_same":1,"id":"hex:2096:17377"},"type":"Feature"},{"geometry":{"coordinates":[[[-118.15724,33.99718],[-118.15793,33.99815],[-118.15928,33.99814],[-118.15995,33.99716],[-118.15926,33.99619],[-118.1579,33.9962],[-118.15724,33.99718]]],"type":"Polygon"},"properties":{"bbox":{"roads":{"area":6404.53,"pct":15.78},"sidewalks":{"area":353.73,"pct":0.87}},"city":{"roads":{"area":4733.28,"pct":11.66},"sidewalks":{"area":353.73,"pct":0.87}},"id":"hex:2096:17378"},"type":"Feature"},{"geometry":{"coordinates":[[[-118.15727,33.99914],[-118.15796,34.00011],[-118.15931,34.00009],[-118.15997,33.99911],[-118.15928,33.99814],[-118.15793,33.99815],[-118.15727,33.99914]]],"type":"Polygon"},"properties":{"bbox":{"parking":{"area":2587.8,"pct":6.37},"roads":{"area":7213.54,"pct":17.77}},"city":{"parking":{"area":2587.8,"pct":6.37},"roads":{"area":6468.27,"pct":15.93}},"id":"hex:2096:17379"},"type":"Feature"},{"geometry":{"coordinates":[[[-118.15729,34.00109],[-118.15798,34.00206],[-118.15934,34.00205],[-118.16,34.00106],[-118.15931,34.00009],[-118.15796,34.00011],[-118.15729,34.00109]]],"type":"Polygon"},"properties":{"bbox":{"roads":{"area":7015.61,"pct":17.28}},"city":{"roads":{"area":5391.97,"pct":13.28}},"id":"hex:2096:17380"},"type":"Feature"},{"geometry":{"coordinates":[[[-118.15732,34.00304],[-118.15801,34.00401],[-118.15936,34.004],[-118.16003,34.00302],[-118.15934,34.00205],[-118.15798,34.00206],[-118.15732,34.00304]]],"type":"Polygon"},"properties":{"bbox":{"roads":{"area":4260.65,"pct":10.5}},"city":{"roads":{"area":1203.13,"pct":2.96}},"id":"hex:2096:17381"},"type":"Feature"},{"geometry":{"coordinates":[[[-118.15735,34.00499],[-118.15804,34.00596],[-118.15939,34.00595],[-118.16005,34.00497],[-118.15936,34.004],[-118.15801,34.00401],[-118.15735,34.00499]]],"type":"Polygon"},"properties":{"bbox":{"roads":{"area":7403.11,"pct":18.24}},"city":{"roads":{"area":3932.22,"pct":9.69}},"id":"hex:2096:17382"},"type":"Feature"},{"geometry":{"coordinates":[[[-118.15737,34.00695],[-118.15806,34.00792],[-118.15942,34.0079],[-118.16008,34.00692],[-118.15939,34.00595],[-118.15804,34.00596],[-118.15737,34.00695]]],"type":"Polygon"},"properties":{"bbox":{"roads":{"area":9516.46,"pct":23.44}},"city":{"roads":{"area":2687.44,"pct":6.62}},"id":"hex:2096:17383"},"type":"Feature"},{"geometry":{"coordinates":[[[-118.1574,34.0089],[-118.15809,34.00987],[-118.15944,34.00986],[-118.16011,34.00887],[-118.15942,34.0079],[-118.15806,34.00792],[-118.1574,34.0089]]],"type":"Polygon"},"properties":{"bbox":{"roads":{"area":16513.23,"pct":40.68}},"city":{"roads":{"area":8135.58,"pct":20.04}},"id":"hex:2096:17384"},"type":"Feature"},{"geometry":{"coordinates":[[[-118.15812,34.01182],[-118.15743,34.01085],[-118.15809,34.00987],[-118.15944,34.00986],[-118.16013,34.01082],[-118.15996,34.01109],[-118.15937,34.01082],[-118.1591,34.01074],[-118.15897,34.01073],[-118.15881,34.01072],[-118.15866,34.01072],[-118.15872,34.01084],[-118.15894,34.01122],[-118.15885,34.01116],[-118.15881,34.01115],[-118.15867,34.01119],[-118.15853,34.0114],[-118.15843,34.01154],[-118.15823,34.0117],[-118.15817,34.01182],[-118.15812,34.01182]]],"type":"Polygon"},"properties":{"bbox":{"roads":{"area":8132.52,"pct":28.44}},"city":{"roads":{"area":6884.09,"pct":24.08}},"id":"hex:2096:17385"},"type":"Feature"},{"geometry":{"coordinates":[[[-118.15745,34.0128],[-118.15812,34.01182],[-118.15817,34.01182],[-118.1581,34.01195],[-118.15778,34.01249],[-118.15753,34.01291],[-118.15745,34.0128]]],"type":"Polygon"},"properties":{"bbox":{"roads":{"area":202.21,"pct":18.43}},"city_same":1,"id":"hex:2096:17386"},"type":"Feature"},{"geometry":{"coordinates":[[[-118.15767,33.97863],[-118.157,33.97961],[-118.15565,33.97963],[-118.15496,33.97866],[-118.15538,33.97804],[-118.15551,33.97805],[-118.15647,33.97815],[-118.15654,33.97816],[-118.15739,33.97824],[-118.15767,33.97863]]],"type":"Polygon"},"properties":{"bbox":{"roads":{"area":2690.2,"pct":8.27}},"city_same":1,"id":"hex:2097:17368"},"type":"Feature"},{"geometry":{"coordinates":[[[-118.15499,33.98061],[-118.15568,33.98158],[-118.15703,33.98157],[-118.15769,33.98058],[-118.157,33.97961],[-118.15565,33.97963],[-118.15499,33.98061]]],"type":"Polygon"},"properties":{"bbox":{"roads":{"area":1346.17,"pct":3.32}},"city_same":1,"id":"hex:2097:17369"},"type":"Feature"},{"geometry":{"coordinates":[[[-118.15501,33.98256],[-118.1557,33.98353],[-118.15706,33.98352],[-118.15772,33.98254],[-118.15703,33.98157],[-118.15568,33.98158],[-118.15501,33.98256]]],"type":"Polygon"},"properties":{"bbox":{"roads":{"area":4421.2,"pct":10.89}},"city_same":1,"id":"hex:2097:17370"},"type":"Feature"},{"geometry":{"coordinates":[[[-118.15504,33.98451],[-118.15573,33.98548],[-118.15708,33.98547],[-118.15775,33.98449],[-118.15706,33.98352],[-118.1557,33.98353],[-118.15504,33.98451]]],"type":"Polygon"},"properties":{"bbox":{"roads":{"area":4841.68,"pct":11.93}},"city_same":1,"id":"hex:2097:17371"},"type":"Feature"},{"geometry":{"coordinates":[[[-118.15507,33.98647],[-118.15576,33.98744],[-118.15711,33.98742],[-118.15777,33.98644],[-118.15708,33.98547],[-118.15573,33.98548],[-118.15507,33.98647]]],"type":"Polygon"},"properties":{"bbox":{"roads":{"area":1528.48,"pct":3.77}},"city_same":1,"id":"hex:2097:17372"},"type":"Feature"},{"geometry":{"coordinates":[[[-118.15509,33.98842],[-118.15578,33.98939],[-118.15714,33.98938],[-118.1578,33.98839],[-118.15711,33.98742],[-118.15576,33.98744],[-118.15509,33.98842]]],"type":"Polygon"},"properties":{"bbox":{"roads":{"area":3038.69,"pct":7.49}},"city_same":1,"id":"hex:2097:17373"},"type":"Feature"},{"geometry":{"coordinates":[[[-118.15512,33.99037],[-118.15578,33.98939],[-118.15714,33.98938],[-118.15783,33.99035],[-118.15719,33.99129],[-118.15585,33.99133],[-118.1558,33.99133],[-118.15512,33.99037]]],"type":"Polygon"},"properties":{"bbox":{"roads":{"area":1844.72,"pct":4.58}},"city":{"roads":{"area":1144.81,"pct":2.84}},"id":"hex:2097:17374"},"type":"Feature"},{"geometry":{"coordinates":[[[-118.15721,33.99523],[-118.15586,33.99525],[-118.15517,33.99428],[-118.15573,33.99344],[-118.15784,33.99431],[-118.15721,33.99523]]],"type":"Polygon"},"properties":{"bbox":{"roads":{"area":827.71,"pct":2.68}},"city_same":1,"id":"hex:2097:17376"},"type":"Feature"},{"geometry":{"coordinates":[[[-118.1552,33.99623],[-118.15589,33.9972],[-118.15724,33.99718],[-118.1579,33.9962],[-118.15721,33.99523],[-118.15586,33.99525],[-118.1552,33.99623]]],"type":"Polygon"},"properties":{"bbox":{"roads":{"area":1465.99,"pct":3.61}},"city_same":1,"id":"hex:2097:17377"},"type":"Feature"},{"geometry":{"coordinates":[[[-118.15522,33.99818],[-118.15591,33.99915],[-118.15727,33.99914],[-118.15793,33.99815],[-118.15724,33.99718],[-118.15589,33.9972],[-118.15522,33.99818]]],"type":"Polygon"},"properties":{"bbox":{"parking":{"area":439.72,"pct":1.08},"roads":{"area":8040,"pct":19.81}},"city_same":1,"id":"hex:2097:17378"},"type":"Feature"},{"geometry":{"coordinates":[[[-118.15525,34.00013],[-118.15594,34.0011],[-118.15729,34.00109],[-118.15796,34.00011],[-118.15727,33.99914],[-118.15591,33.99915],[-118.15525,34.00013]]],"type":"Polygon"},"properties":{"bbox":{"parking":{"area":3280.35,"pct":8.08},"roads":{"area":7454.4,"pct":18.36}},"city_same":1,"id":"hex:2097:17379"},"type":"Feature"},{"geometry":{"coordinates":[[[-118.15528,34.00208],[-118.15597,34.00305],[-118.15732,34.00304],[-118.15798,34.00206],[-118.15729,34.00109],[-118.15594,34.0011],[-118.15528,34.00208]]],"type":"Polygon"},"properties":{"bbox":{"parking":{"area":4296.07,"pct":10.58},"roads":{"area":1278.43,"pct":3.15}},"city_same":1,"id":"hex:2097:17380"},"type":"Feature"},{"geometry":{"coordinates":[[[-118.1553,34.00404],[-118.15599,34.00501],[-118.15735,34.00499],[-118.15801,34.00401],[-118.15732,34.00304],[-118.15597,34.00305],[-118.1553,34.00404]]],"type":"Polygon"},"properties":{"bbox":{"roads":{"area":4644.97,"pct":11.44}},"city_same":1,"id":"hex:2097:17381"},"type":"Feature"},{"geometry":{"coordinates":[[[-118.15533,34.00599],[-118.15602,34.00696],[-118.15737,34.00695],[-118.15804,34.00596],[-118.15735,34.00499],[-118.15599,34.00501],[-118.15533,34.00599]]],"type":"Polygon"},"properties":{"bbox":{"roads":{"area":4244.75,"pct":10.46}},"city":{"roads":{"area":2733.09,"pct":6.73}},"id":"hex:2097:17382"},"type":"Feature"},{"geometry":{"coordinates":[[[-118.15536,34.00794],[-118.15605,34.00891],[-118.1574,34.0089],[-118.15806,34.00792],[-118.15737,34.00695],[-118.15602,34.00696],[-118.15536,34.00794]]],"type":"Polygon"},"properties":{"bbox":{"roads":{"area":15235.12,"pct":37.53}},"city":{"roads":{"area":7384.15,"pct":18.19}},"id":"hex:2097:17383"},"type":"Feature"},{"geometry":{"coordinates":[[[-118.15538,34.00989],[-118.15607,34.01086],[-118.15743,34.01085],[-118.15809,34.00987],[-118.1574,34.0089],[-118.15605,34.00891],[-118.15538,34.00989]]],"type":"Polygon"},"properties":{"bbox":{"roads":{"area":6391.35,"pct":15.74}},"city_same":1,"id":"hex:2097:17384"},"type":"Feature"},{"geometry":{"coordinates":[[[-118.15541,34.01185],[-118.1561,34.01282],[-118.15745,34.0128],[-118.15812,34.01182],[-118.15743,34.01085],[-118.15607,34.01086],[-118.15541,34.01185]]],"type":"Polygon"},"properties":{"bbox":{"roads":{"area":1591.14,"pct":3.92}},"city_same":1,"id":"hex:2097:17385"},"type":"Feature"},{"geometry":{"coordinates":[[[-118.15613,34.01477],[-118.15544,34.0138],[-118.1561,34.01282],[-118.15745,34.0128],[-118.15753,34.01291],[-118.1575,34.01298],[-118.15734,34.01324],[-118.15724,34.01341],[-118.15709,34.01365],[-118.15701,34.01378],[-118.15675,34.01433],[-118.15649,34.01476],[-118.15613,34.01477]]],"type":"Polygon"},"properties":{"bbox":{"roads":{"area":3087.87,"pct":12.3}},"city_same":1,"id":"hex:2097:17386"},"type":"Feature"},{"geometry":{"coordinates":[[[-118.15546,34.01575],[-118.15613,34.01477],[-118.15649,34.01476],[-118.1557,34.01608],[-118.15546,34.01575]]],"type":"Polygon"},"properties":{"bbox":{"roads":{"area":1714.84,"pct":36.35},"sidewalks":{"area":16.49,"pct":0.35}},"city":{"roads":{"area":1174.21,"pct":24.89},"sidewalks":{"area":16.49,"pct":0.35}},"id":"hex:2097:17387"},"type":"Feature"},{"geometry":{"coordinates":[[[-118.15496,33.97866],[-118.15361,33.97867],[-118.15299,33.9778],[-118.15538,33.97804],[-118.15496,33.97866]]],"type":"Polygon"},"properties":{"bbox":{"roads":{"area":1381.27,"pct":9.77}},"city_same":1,"id":"hex:2098:17368"},"type":"Feature"},{"geometry":{"coordinates":[[[-118.15294,33.97965],[-118.15363,33.98062],[-118.15499,33.98061],[-118.15565,33.97963],[-118.15496,33.97866],[-118.15361,33.97867],[-118.15294,33.97965]]],"type":"Polygon"},"properties":{"bbox":{"roads":{"area":2287.88,"pct":5.64}},"city_same":1,"id":"hex:2098:17369"},"type":"Feature"},{"geometry":{"coordinates":[[[-118.15297,33.9816],[-118.15366,33.98257],[-118.15501,33.98256],[-118.15568,33.98158],[-118.15499,33.98061],[-118.15363,33.98062],[-118.15297,33.9816]]],"type":"Polygon"},"properties":{"bbox":{"roads":{"area":983.92,"pct":2.42}},"city_same":1,"id":"hex:2098:17370"},"type":"Feature"},{"geometry":{"coordinates":[[[-118.153,33.98356],[-118.15369,33.98453],[-118.15504,33.98451],[-118.1557,33.98353],[-118.15501,33.98256],[-118.15366,33.98257],[-118.153,33.98356]]],"type":"Polygon"},"properties":{"bbox":{"roads":{"area":3618.4,"pct":8.91}},"city_same":1,"id":"hex:2098:17371"},"type":"Feature"},{"geometry":{"coordinates":[[[-118.15302,33.98551],[-118.15371,33.98648],[-118.15507,33.98647],[-118.15573,33.98548],[-118.15504,33.98451],[-118.15369,33.98453],[-118.15302,33.98551]]],"type":"Polygon"},"properties":{"bbox":{"roads":{"area":7243.24,"pct":17.84}},"city_same":1,"id":"hex:2098:17372"},"type":"Feature"},{"geometry":{"coordinates":[[[-118.15305,33.98746],[-118.15374,33.98843],[-118.15509,33.98842],[-118.15576,33.98744],[-118.15507,33.98647],[-118.15371,33.98648],[-118.15305,33.98746]]],"type":"Polygon"},"properties":{"bbox":{"roads":{"area":2042.88,"pct":5.03}},"city_same":1,"id":"hex:2098:17373"},"type":"Feature"},{"geometry":{"coordinates":[[[-118.15308,33.98941],[-118.15377,33.99038],[-118.15512,33.99037],[-118.15578,33.98939],[-118.15509,33.98842],[-118.15374,33.98843],[-118.15308,33.98941]]],"type":"Polygon"},"properties":{"bbox":{"roads":{"area":2063.62,"pct":5.08}},"city_same":1,"id":"hex:2098:17374"},"type":"Feature"},{"geometry":{"coordinates":[[[-118.15377,33.99038],[-118.15512,33.99037],[-118.1558,33.99133],[-118.15535,33.99133],[-118.15503,33.9913],[-118.15495,33.99129],[-118.15445,33.99121],[-118.15386,33.99106],[-118.15359,33.99096],[-118.15341,33.9909],[-118.15377,33.99038]]],"type":"Polygon"},"properties":{"bbox":{"roads":{"area":2434.72,"pct":15.44}},"city":{"roads":{"area":1062.37,"pct":6.74}},"id":"hex:2098:17375"},"type":"Feature"},{"geometry":{"coordinates":[[[-118.15517,33.99428],[-118.15382,33.99429],[-118.15313,33.99332],[-118.15362,33.99259],[-118.1543,33.99286],[-118.15573,33.99344],[-118.15517,33.99428]]],"type":"Polygon"},"properties":{"bbox":{"roads":{"area":342.47,"pct":1.21}},"city_same":1,"id":"hex:2098:17376"},"type":"Feature"},{"geometry":{"coordinates":[[[-118.15316,33.99527],[-118.15384,33.99624],[-118.1552,33.99623],[-118.15586,33.99525],[-118.15517,33.99428],[-118.15382,33.99429],[-118.15316,33.99527]]],"type":"Polygon"},"properties":{"bbox":{"roads":{"area":3096.71,"pct":7.63}},"city_same":1,"id":"hex:2098:17377"},"type":"Feature"},{"geometry":{"coordinates":[[[-118.15318,33.99722],[-118.15387,33.99819],[-118.15522,33.99818],[-118.15589,33.9972],[-118.1552,33.99623],[-118.15384,33.99624],[-118.15318,33.99722]]],"type":"Polygon"},"properties":{"bbox":{"roads":{"area":4511.47,"pct":11.11}},"city_same":1,"id":"hex:2098:17378"},"type":"Feature"},{"geometry":{"coordinates":[[[-118.15321,33.99918],[-118.1539,34.00014],[-118.15525,34.00013],[-118.15591,33.99915],[-118.15522,33.99818],[-118.15387,33.99819],[-118.15321,33.99918]]],"type":"Polygon"},"properties":{"bbox":{"roads":{"area":8456.63,"pct":20.83}},"city_same":1,"id":"hex:2098:17379"},"type":"Feature"},{"geometry":{"coordinates":[[[-118.15323,34.00113],[-118.15392,34.0021],[-118.15528,34.00208],[-118.15594,34.0011],[-118.15525,34.00013],[-118.1539,34.00014],[-118.15323,34.00113]]],"type":"Polygon"},"properties":{"bbox":{"parking":{"area":3365.88,"pct":8.29},"roads":{"area":5610.48,"pct":13.82}},"city_same":1,"id":"hex:2098:17380"},"type":"Feature"},{"geometry":{"coordinates":[[[-118.15326,34.00308],[-118.15395,34.00405],[-118.1553,34.00404],[-118.15597,34.00305],[-118.15528,34.00208],[-118.15392,34.0021],[-118.15326,34.00308]]],"type":"Polygon"},"properties":{"bbox":{"roads":{"area":4112.23,"pct":10.13}},"city_same":1,"id":"hex:2098:17381"},"type":"Feature"},{"geometry":{"coordinates":[[[-118.15329,34.00503],[-118.15398,34.006],[-118.15533,34.00599],[-118.15599,34.00501],[-118.1553,34.00404],[-118.15395,34.00405],[-118.15329,34.00503]]],"type":"Polygon"},"properties":{"bbox":{"roads":{"area":9993.11,"pct":24.62}},"city":{"roads":{"area":4440.34,"pct":10.94}},"id":"hex:2098:17382"},"type":"Feature"},{"geometry":{"coordinates":[[[-118.15331,34.00698],[-118.154,34.00795],[-118.15536,34.00794],[-118.15602,34.00696],[-118.15533,34.00599],[-118.15398,34.006],[-118.15331,34.00698]]],"type":"Polygon"},"properties":{"bbox":{"roads":{"area":11640.23,"pct":28.67}},"city":{"roads":{"area":7623.73,"pct":18.78}},"id":"hex:2098:17383"},"type":"Feature"},{"geometry":{"coordinates":[[[-118.15334,34.00894],[-118.15403,34.00991],[-118.15538,34.00989],[-118.15605,34.00891],[-118.15536,34.00794],[-118.154,34.00795],[-118.15334,34.00894]]],"type":"Polygon"},"properties":{"bbox":{"roads":{"area":3862.85,"pct":9.52}},"city_same":1,"id":"hex:2098:17384"},"type":"Feature"},{"geometry":{"coordinates":[[[-118.15337,34.01089],[-118.15406,34.01186],[-118.15541,34.01185],[-118.15607,34.01086],[-118.15538,34.00989],[-118.15403,34.00991],[-118.15337,34.01089]]],"type":"Polygon"},"properties":{"bbox":{"roads":{"area":6334.39,"pct":15.6}},"city_same":1,"id":"hex:2098:17385"},"type":"Feature"},{"geometry":{"coordinates":[[[-118.15339,34.01284],[-118.15408,34.01381],[-118.15544,34.0138],[-118.1561,34.01282],[-118.15541,34.01185],[-118.15406,34.01186],[-118.15339,34.01284]]],"type":"Polygon"},"properties":{"bbox":{"roads":{"area":3858.91,"pct":9.51}},"city_same":1,"id":"hex:2098:17386"},"type":"Feature"},{"geometry":{"coordinates":[[[-118.15342,34.01479],[-118.15411,34.01576],[-118.15546,34.01575],[-118.15613,34.01477],[-118.15544,34.0138],[-118.15408,34.01381],[-118.15342,34.01479]]],"type":"Polygon"},"properties":{"bbox":{"roads":{"area":6275.63,"pct":15.46}},"city":{"roads":{"area":3628.53,"pct":8.94}},"id":"hex:2098:17387"},"type":"Feature"},{"geometry":{"coordinates":[[[-118.15414,34.01772],[-118.15345,34.01675],[-118.15411,34.01576],[-118.15546,34.01575],[-118.1557,34.01608],[-118.15489,34.01743],[-118.15479,34.0176],[-118.15473,34.01771],[-118.15414,34.01772]]],"type":"Polygon"},"properties":{"bbox":{"roads":{"area":2351.97,"pct":7.89}},"city_same":1,"id":"hex:2098:17388"},"type":"Feature"},{"geometry":{"coordinates":[[[-118.15347,34.0187],[-118.15414,34.01772],[-118.15473,34.01771],[-118.15398,34.01899],[-118.15384,34.01922],[-118.15347,34.0187]]],"type":"Polygon"},"properties":{"bbox":{"roads":{"area":1926.35,"pct":23.6}},"city_same":1,"id":"hex:2098:17389"},"type":"Feature"},{"geometry":{"coordinates":[[[-118.15361,33.97867],[-118.15294,33.97965],[-118.15159,33.97967],[-118.1509,33.9787],[-118.15156,33.97771],[-118.15207,33.97771],[-118.15213,33.97771],[-118.15299,33.9778],[-118.15361,33.97867]]],"type":"Polygon"},"properties":{"bbox":{"roads":{"area":1904.77,"pct":4.74}},"city_same":1,"id":"hex:2099:17368"},"type":"Feature"},{"geometry":{"coordinates":[[[-118.15093,33.98065],[-118.15162,33.98162],[-118.15297,33.9816],[-118.15363,33.98062],[-118.15294,33.97965],[-118.15159,33.97967],[-118.15093,33.98065]]],"type":"Polygon"},"properties":{"bbox":{"roads":{"area":759.01,"pct":1.87}},"city_same":1,"id":"hex:2099:17369"},"type":"Feature"},{"geometry":{"coordinates":[[[-118.15095,33.9826],[-118.15164,33.98357],[-118.153,33.98356],[-118.15366,33.98257],[-118.15297,33.9816],[-118.15162,33.98162],[-118.15095,33.9826]]],"type":"Polygon"},"properties":{"bbox":{"roads":{"area":4607.64,"pct":11.35}},"city_same":1,"id":"hex:2099:17370"},"type":"Feature"},{"geometry":{"coordinates":[[[-118.15098,33.98455],[-118.15167,33.98552],[-118.15302,33.98551],[-118.15369,33.98453],[-118.153,33.98356],[-118.15164,33.98357],[-118.15098,33.98455]]],"type":"Polygon"},"properties":{"bbox":{"roads":{"area":5929.99,"pct":14.61}},"city_same":1,"id":"hex:2099:17371"},"type":"Feature"},{"geometry":{"coordinates":[[[-118.15101,33.9865],[-118.1517,33.98747],[-118.15305,33.98746],[-118.15371,33.98648],[-118.15302,33.98551],[-118.15167,33.98552],[-118.15101,33.9865]]],"type":"Polygon"},"properties":{"bbox":{"roads":{"area":1956.07,"pct":4.82}},"city_same":1,"id":"hex:2099:17372"},"type":"Feature"},{"geometry":{"coordinates":[[[-118.15103,33.98846],[-118.15172,33.98943],[-118.15308,33.98941],[-118.15374,33.98843],[-118.15305,33.98746],[-118.1517,33.98747],[-118.15103,33.98846]]],"type":"Polygon"},"properties":{"bbox":{"roads":{"area":1316.33,"pct":3.24}},"city_same":1,"id":"hex:2099:17373"},"type":"Feature"},{"geometry":{"coordinates":[[[-118.15175,33.99138],[-118.15106,33.99041],[-118.15172,33.98943],[-118.15308,33.98941],[-118.15377,33.99038],[-118.15341,33.9909],[-118.15268,33.99065],[-118.15236,33.99137],[-118.15175,33.99138]]],"type":"Polygon"},"properties":{"bbox":{"roads":{"area":3573.51,"pct":10}},"city":{"roads":{"area":1103.55,"pct":3.09}},"id":"hex:2099:17374"},"type":"Feature"},{"geometry":{"coordinates":[[[-118.15313,33.99332],[-118.15178,33.99333],[-118.15109,33.99236],[-118.15175,33.99138],[-118.15236,33.99137],[-118.15209,33.99199],[-118.15362,33.99259],[-118.15313,33.99332]]],"type":"Polygon"},"properties":{"bbox":{"roads":{"area":578.73,"pct":2.03}},"city_same":1,"id":"hex:2099:17375"},"type":"Feature"},{"geometry":{"coordinates":[[[-118.15111,33.99431],[-118.1518,33.99528],[-118.15316,33.99527],[-118.15382,33.99429],[-118.15313,33.99332],[-118.15178,33.99333],[-118.15111,33.99431]]],"type":"Polygon"},"properties":{"bbox":{"roads":{"area":3213.97,"pct":7.92}},"city_same":1,"id":"hex:2099:17376"},"type":"Feature"},{"geometry":{"coordinates":[[[-118.15114,33.99627],[-118.15183,33.99724],[-118.15318,33.99722],[-118.15384,33.99624],[-118.15316,33.99527],[-118.1518,33.99528],[-118.15114,33.99627]]],"type":"Polygon"},"properties":{"bbox":{"roads":{"area":3036.77,"pct":7.48}},"city_same":1,"id":"hex:2099:17377"},"type":"Feature"},{"geometry":{"coordinates":[[[-118.15116,33.99822],[-118.15185,33.99919],[-118.15321,33.99918],[-118.15387,33.99819],[-118.15318,33.99722],[-118.15183,33.99724],[-118.15116,33.99822]]],"type":"Polygon"},"properties":{"bbox":{"roads":{"area":10269.49,"pct":25.3}},"city_same":1,"id":"hex:2099:17378"},"type":"Feature"},{"geometry":{"coordinates":[[[-118.15119,34.00017],[-118.15188,34.00114],[-118.15323,34.00113],[-118.1539,34.00014],[-118.15321,33.99918],[-118.15185,33.99919],[-118.15119,34.00017]]],"type":"Polygon"},"properties":{"bbox":{"roads":{"area":4883.15,"pct":12.03}},"city_same":1,"id":"hex:2099:17379"},"type":"Feature"},{"geometry":{"coordinates":[[[-118.15122,34.00212],[-118.15191,34.00309],[-118.15326,34.00308],[-118.15392,34.0021],[-118.15323,34.00113],[-118.15188,34.00114],[-118.15122,34.00212]]],"type":"Polygon"},"properties":{"bbox":{"roads":{"area":4700.42,"pct":11.58}},"city_same":1,"id":"hex:2099:17380"},"type":"Feature"},{"geometry":{"coordinates":[[[-118.15124,34.00407],[-118.15193,34.00504],[-118.15329,34.00503],[-118.15395,34.00405],[-118.15326,34.00308],[-118.15191,34.00309],[-118.15124,34.00407]]],"type":"Polygon"},"properties":{"bbox":{"parking":{"area":7018.19,"pct":17.29},"roads":{"area":14613.55,"pct":36}},"city":{"parking":{"area":7018.19,"pct":17.29},"roads":{"area":7878.98,"pct":19.41}},"id":"hex:2099:17381"},"type":"Feature"},{"geometry":{"coordinates":[[[-118.15127,34.00603],[-118.15196,34.007],[-118.15331,34.00698],[-118.15398,34.006],[-118.15329,34.00503],[-118.15193,34.00504],[-118.15127,34.00603]]],"type":"Polygon"},"properties":{"bbox":{"parking":{"area":7154.23,"pct":17.62},"roads":{"area":6655.97,"pct":16.4}},"city_same":1,"id":"hex:2099:17382"},"type":"Feature"},{"geometry":{"coordinates":[[[-118.1513,34.00798],[-118.15199,34.00895],[-118.15334,34.00894],[-118.154,34.00795],[-118.15331,34.00698],[-118.15196,34.007],[-118.1513,34.00798]]],"type":"Polygon"},"properties":{"bbox":{"parking":{"area":4141.53,"pct":10.2},"roads":{"area":4632.85,"pct":11.41}},"city_same":1,"id":"hex:2099:17383"},"type":"Feature"},{"geometry":{"coordinates":[[[-118.15132,34.00993],[-118.15201,34.0109],[-118.15337,34.01089],[-118.15403,34.00991],[-118.15334,34.00894],[-118.15199,34.00895],[-118.15132,34.00993]]],"type":"Polygon"},"properties":{"bbox":{"roads":{"area":6344.14,"pct":15.63}},"city_same":1,"id":"hex:2099:17384"},"type":"Feature"},{"geometry":{"coordinates":[[[-118.15135,34.01188],[-118.15204,34.01285],[-118.15339,34.01284],[-118.15406,34.01186],[-118.15337,34.01089],[-118.15201,34.0109],[-118.15135,34.01188]]],"type":"Polygon"},"properties":{"bbox":{"roads":{"area":7151.74,"pct":17.62}},"city_same":1,"id":"hex:2099:17385"},"type":"Feature"},{"geometry":{"coordinates":[[[-118.15138,34.01384],[-118.15207,34.01481],[-118.15342,34.01479],[-118.15408,34.01381],[-118.15339,34.01284],[-118.15204,34.01285],[-118.15138,34.01384]]],"type":"Polygon"},"properties":{"bbox":{"roads":{"area":3332.17,"pct":8.21}},"city_same":1,"id":"hex:2099:17386"},"type":"Feature"},{"geometry":{"coordinates":[[[-118.1514,34.01579],[-118.15209,34.01676],[-118.15345,34.01675],[-118.15411,34.01576],[-118.15342,34.01479],[-118.15207,34.01481],[-118.1514,34.01579]]],"type":"Polygon"},"properties":{"bbox":{"roads":{"area":3467.7,"pct":8.54}},"city":{"roads":{"area":992.02,"pct":2.44}},"id":"hex:2099:17387"},"type":"Feature"},{"geometry":{"coordinates":[[[-118.15143,34.01774],[-118.15212,34.01871],[-118.15347,34.0187],[-118.15414,34.01772],[-118.15345,34.01675],[-118.15209,34.01676],[-118.15143,34.01774]]],"type":"Polygon"},"properties":{"bbox":{"roads":{"area":4279.04,"pct":10.54}},"city_same":1,"id":"hex:2099:17388"},"type":"Feature"},{"geometry":{"coordinates":[[[-118.15212,34.01871],[-118.15347,34.0187],[-118.15384,34.01922],[-118.1536,34.01962],[-118.15345,34.01959],[-118.15331,34.01956],[-118.15313,34.01952],[-118.15253,34.01939],[-118.15238,34.01937],[-118.15214,34.01932],[-118.15176,34.01924],[-118.15212,34.01871]]],"type":"Polygon"},"properties":{"bbox":{"roads":{"area":3846.94,"pct":28.6}},"city_same":1,"id":"hex:2099:17389"},"type":"Feature"},{"geometry":{"coordinates":[[[-118.1495,33.9748],[-118.14894,33.97402],[-118.14981,33.97411],[-118.14978,33.97421],[-118.14961,33.9748],[-118.1495,33.9748]]],"type":"Polygon"},"properties":{"bbox":{"roads":{"area":508.51,"pct":13.86},"sidewalks":{"area":108.66,"pct":2.96}},"city":{"sidewalks":{"area":108.66,"pct":2.96}},"id":"hex:2100:17366"},"type":"Feature"},{"geometry":{"coordinates":[[[-118.15156,33.97771],[-118.1509,33.9787],[-118.14955,33.97871],[-118.14886,33.97774],[-118.14908,33.97741],[-118.15152,33.97765],[-118.15156,33.97771]]],"type":"Polygon"},"properties":{"bbox":{"roads":{"area":1973.14,"pct":7.73}},"city_same":1,"id":"hex:2100:17368"},"type":"Feature"},{"geometry":{"coordinates":[[[-118.14889,33.97969],[-118.14957,33.98066],[-118.15093,33.98065],[-118.15159,33.97967],[-118.1509,33.9787],[-118.14955,33.97871],[-118.14889,33.97969]]],"type":"Polygon"},"properties":{"bbox":{"roads":{"area":2531.97,"pct":6.24}},"city_same":1,"id":"hex:2100:17369"},"type":"Feature"},{"geometry":{"coordinates":[[[-118.14891,33.98164],[-118.1496,33.98261],[-118.15095,33.9826],[-118.15162,33.98162],[-118.15093,33.98065],[-118.14957,33.98066],[-118.14891,33.98164]]],"type":"Polygon"},"properties":{"bbox":{"roads":{"area":1539.67,"pct":3.79}},"city_same":1,"id":"hex:2100:17370"},"type":"Feature"},{"geometry":{"coordinates":[[[-118.14894,33.98359],[-118.14963,33.98456],[-118.15098,33.98455],[-118.15164,33.98357],[-118.15095,33.9826],[-118.1496,33.98261],[-118.14894,33.98359]]],"type":"Polygon"},"properties":{"bbox":{"roads":{"area":3981.28,"pct":9.81}},"city_same":1,"id":"hex:2100:17371"},"type":"Feature"},{"geometry":{"coordinates":[[[-118.14896,33.98555],[-118.14965,33.98652],[-118.15101,33.9865],[-118.15167,33.98552],[-118.15098,33.98455],[-118.14963,33.98456],[-118.14896,33.98555]]],"type":"Polygon"},"properties":{"bbox":{"roads":{"area":4592.12,"pct":11.31}},"city_same":1,"id":"hex:2100:17372"},"type":"Feature"},{"geometry":{"coordinates":[[[-118.14899,33.9875],[-118.14968,33.98847],[-118.15103,33.98846],[-118.1517,33.98747],[-118.15101,33.9865],[-118.14965,33.98652],[-118.14899,33.9875]]],"type":"Polygon"},"properties":{"bbox":{"roads":{"area":2456.91,"pct":6.05}},"city_same":1,"id":"hex:2100:17373"},"type":"Feature"},{"geometry":{"coordinates":[[[-118.14902,33.98945],[-118.14971,33.99042],[-118.15106,33.99041],[-118.15172,33.98943],[-118.15103,33.98846],[-118.14968,33.98847],[-118.14902,33.98945]]],"type":"Polygon"},"properties":{"bbox":{"roads":{"area":4051.87,"pct":9.98}},"city":{"roads":{"area":927.65,"pct":2.29}},"id":"hex:2100:17374"},"type":"Feature"},{"geometry":{"coordinates":[[[-118.14904,33.9914],[-118.14973,33.99237],[-118.15109,33.99236],[-118.15175,33.99138],[-118.15106,33.99041],[-118.14971,33.99042],[-118.14904,33.9914]]],"type":"Polygon"},"properties":{"bbox":{"roads":{"area":1215.03,"pct":2.99}},"city_same":1,"id":"hex:2100:17375"},"type":"Feature"},{"geometry":{"coordinates":[[[-118.14907,33.99336],[-118.14976,33.99433],[-118.15111,33.99431],[-118.15178,33.99333],[-118.15109,33.99236],[-118.14973,33.99237],[-118.14907,33.99336]]],"type":"Polygon"},"properties":{"bbox":{"roads":{"area":2174.2,"pct":5.36}},"city_same":1,"id":"hex:2100:17376"},"type":"Feature"},{"geometry":{"coordinates":[[[-118.1491,33.99531],[-118.14979,33.99628],[-118.15114,33.99627],[-118.1518,33.99528],[-118.15111,33.99431],[-118.14976,33.99433],[-118.1491,33.99531]]],"type":"Polygon"},"properties":{"bbox":{"roads":{"area":3362.14,"pct":8.28}},"city_same":1,"id":"hex:2100:17377"},"type":"Feature"},{"geometry":{"coordinates":[[[-118.14912,33.99726],[-118.14981,33.99823],[-118.15116,33.99822],[-118.15183,33.99724],[-118.15114,33.99627],[-118.14979,33.99628],[-118.14912,33.99726]]],"type":"Polygon"},"properties":{"bbox":{"roads":{"area":9205.71,"pct":22.68},"sidewalks":{"area":222.96,"pct":0.55}},"city_same":1,"id":"hex:2100:17378"},"type":"Feature"},{"geometry":{"coordinates":[[[-118.14915,33.99921],[-118.14984,34.00018],[-118.15119,34.00017],[-118.15185,33.99919],[-118.15116,33.99822],[-118.14981,33.99823],[-118.14915,33.99921]]],"type":"Polygon"},"properties":{"bbox":{"roads":{"area":3383.76,"pct":8.34}},"city_same":1,"id":"hex:2100:17379"},"type":"Feature"},{"geometry":{"coordinates":[[[-118.14917,34.00117],[-118.14986,34.00214],[-118.15122,34.00212],[-118.15188,34.00114],[-118.15119,34.00017],[-118.14984,34.00018],[-118.14917,34.00117]]],"type":"Polygon"},"properties":{"bbox":{"roads":{"area":12473.88,"pct":30.73}},"city":{"roads":{"area":6887.24,"pct":16.97}},"id":"hex:2100:17380"},"type":"Feature"},{"geometry":{"coordinates":[[[-118.1492,34.00312],[-118.14989,34.00409],[-118.15124,34.00407],[-118.15191,34.00309],[-118.15122,34.00212],[-118.14986,34.00214],[-118.1492,34.00312]]],"type":"Polygon"},"properties":{"bbox":{"parking":{"area":6170.57,"pct":15.2},"roads":{"area":13437.84,"pct":33.1}},"city":{"parking":{"area":6170.57,"pct":15.2},"roads":{"area":8659.01,"pct":21.33}},"id":"hex:2100:17381"},"type":"Feature"},{"geometry":{"coordinates":[[[-118.14923,34.00507],[-118.14992,34.00604],[-118.15127,34.00603],[-118.15193,34.00504],[-118.15124,34.00407],[-118.14989,34.00409],[-118.14923,34.00507]]],"type":"Polygon"},"properties":{"bbox":{"parking":{"area":32046.84,"pct":78.94},"roads":{"area":7935.14,"pct":19.55}},"city_same":1,"id":"hex:2100:17382"},"type":"Feature"},{"geometry":{"coordinates":[[[-118.14925,34.00702],[-118.14994,34.00799],[-118.1513,34.00798],[-118.15196,34.007],[-118.15127,34.00603],[-118.14992,34.00604],[-118.14925,34.00702]]],"type":"Polygon"},"properties":{"bbox":{"parking":{"area":22196.84,"pct":54.68},"roads":{"area":6535.21,"pct":16.1}},"city_same":1,"id":"hex:2100:17383"},"type":"Feature"},{"geometry":{"coordinates":[[[-118.14928,34.00897],[-118.14997,34.00994],[-118.15132,34.00993],[-118.15199,34.00895],[-118.1513,34.00798],[-118.14994,34.00799],[-118.14928,34.00897]]],"type":"Polygon"},"properties":{"bbox":{"roads":{"area":2787.49,"pct":6.87}},"city_same":1,"id":"hex:2100:17384"},"type":"Feature"},{"geometry":{"coordinates":[[[-118.14931,34.01093],[-118.15,34.0119],[-118.15135,34.01188],[-118.15201,34.0109],[-118.15132,34.00993],[-118.14997,34.00994],[-118.14931,34.01093]]],"type":"Polygon"},"properties":{"bbox":{"roads":{"area":4254.12,"pct":10.48}},"city_same":1,"id":"hex:2100:17385"},"type":"Feature"},{"geometry":{"coordinates":[[[-118.14933,34.01288],[-118.15002,34.01385],[-118.15138,34.01384],[-118.15204,34.01285],[-118.15135,34.01188],[-118.15,34.0119],[-118.14933,34.01288]]],"type":"Polygon"},"properties":{"bbox":{"roads":{"area":3491.62,"pct":8.6}},"city_same":1,"id":"hex:2100:17386"},"type":"Feature"},{"geometry":{"coordinates":[[[-118.14936,34.01483],[-118.15005,34.0158],[-118.1514,34.01579],[-118.15207,34.01481],[-118.15138,34.01384],[-118.15002,34.01385],[-118.14936,34.01483]]],"type":"Polygon"},"properties":{"bbox":{"roads":{"area":5429.92,"pct":13.38}},"city":{"roads":{"area":2252.28,"pct":5.55}},"id":"hex:2100:17387"},"type":"Feature"},{"geometry":{"coordinates":[[[-118.14938,34.01678],[-118.15007,34.01775],[-118.15143,34.01774],[-118.15209,34.01676],[-118.1514,34.01579],[-118.15005,34.0158],[-118.14938,34.01678]]],"type":"Polygon"},"properties":{"bbox":{"roads":{"area":1183.01,"pct":2.91}},"city_same":1,"id":"hex:2100:17388"},"type":"Feature"},{"geometry":{"coordinates":[[[-118.14941,34.01874],[-118.15007,34.01775],[-118.15143,34.01774],[-118.15212,34.01871],[-118.15176,34.01924],[-118.15137,34.01915],[-118.15091,34.01905],[-118.15075,34.01902],[-118.15034,34.01893],[-118.14982,34.01883],[-118.14942,34.01875],[-118.14941,34.01874]]],"type":"Polygon"},"properties":{"bbox":{"roads":{"area":6039.39,"pct":21.87},"sidewalks":{"area":150.33,"pct":0.54}},"city_same":1,"id":"hex:2100:17389"},"type":"Feature"},{"geometry":{"coordinates":[[[-118.1495,33.9748],[-118.14883,33.97579],[-118.14748,33.9758],[-118.14679,33.97483],[-118.14745,33.97385],[-118.14894,33.97402],[-118.1495,33.9748]]],"type":"Polygon"},"properties":{"bbox":{"roads":{"area":1175.55,"pct":2.99},"sidewalks":{"area":226.93,"pct":0.58}},"city":{"roads":{"area":133.26,"pct":0.34},"sidewalks":{"area":226.93,"pct":0.58}},"id":"hex:2101:17366"},"type":"Feature"},{"geometry":{"coordinates":[[[-118.14886,33.97774],[-118.14751,33.97775],[-118.14682,33.97678],[-118.14748,33.9758],[-118.14883,33.97579],[-118.14919,33.97628],[-118.1491,33.9766],[-118.14899,33.9774],[-118.14908,33.97741],[-118.14886,33.97774]]],"type":"Polygon"},"properties":{"bbox":{"roads":{"area":356.37,"pct":0.95}},"city_same":1,"id":"hex:2101:17367"},"type":"Feature"},{"geometry":{"coordinates":[[[-118.14684,33.97873],[-118.14753,33.9797],[-118.14889,33.97969],[-118.14955,33.97871],[-118.14886,33.97774],[-118.14751,33.97775],[-118.14684,33.97873]]],"type":"Polygon"},"properties":{"bbox":{"roads":{"area":2861.05,"pct":7.05}},"city_same":1,"id":"hex:2101:17368"},"type":"Feature"},{"geometry":{"coordinates":[[[-118.14687,33.98069],[-118.14756,33.98166],[-118.14891,33.98164],[-118.14957,33.98066],[-118.14889,33.97969],[-118.14753,33.9797],[-118.14687,33.98069]]],"type":"Polygon"},"properties":{"bbox":{"roads":{"area":2150.81,"pct":5.3}},"city_same":1,"id":"hex:2101:17369"},"type":"Feature"},{"geometry":{"coordinates":[[[-118.1469,33.98264],[-118.14758,33.98361],[-118.14894,33.98359],[-118.1496,33.98261],[-118.14891,33.98164],[-118.14756,33.98166],[-118.1469,33.98264]]],"type":"Polygon"},"properties":{"bbox":{"roads":{"area":1388.1,"pct":3.42}},"city_same":1,"id":"hex:2101:17370"},"type":"Feature"},{"geometry":{"coordinates":[[[-118.14692,33.98459],[-118.14761,33.98556],[-118.14896,33.98555],[-118.14963,33.98456],[-118.14894,33.98359],[-118.14758,33.98361],[-118.14692,33.98459]]],"type":"Polygon"},"properties":{"bbox":{"roads":{"area":6055.41,"pct":14.92}},"city_same":1,"id":"hex:2101:17371"},"type":"Feature"},{"geometry":{"coordinates":[[[-118.14695,33.98654],[-118.14764,33.98751],[-118.14899,33.9875],[-118.14965,33.98652],[-118.14896,33.98555],[-118.14761,33.98556],[-118.14695,33.98654]]],"type":"Polygon"},"properties":{"bbox":{"roads":{"area":750.31,"pct":1.85}},"city_same":1,"id":"hex:2101:17372"},"type":"Feature"},{"geometry":{"coordinates":[[[-118.14697,33.98849],[-118.14766,33.98946],[-118.14902,33.98945],[-118.14968,33.98847],[-118.14899,33.9875],[-118.14764,33.98751],[-118.14697,33.98849]]],"type":"Polygon"},"properties":{"bbox":{"roads":{"area":3472.61,"pct":8.55}},"city":{"roads":{"area":915.39,"pct":2.25}},"id":"hex:2101:17373"},"type":"Feature"},{"geometry":{"coordinates":[[[-118.147,33.99045],[-118.14769,33.99142],[-118.14904,33.9914],[-118.14971,33.99042],[-118.14902,33.98945],[-118.14766,33.98946],[-118.147,33.99045]]],"type":"Polygon"},"properties":{"bbox":{"roads":{"area":1190.37,"pct":2.93}},"city":{"roads":{"area":1117.39,"pct":2.75}},"id":"hex:2101:17374"},"type":"Feature"},{"geometry":{"coordinates":[[[-118.14703,33.9924],[-118.14772,33.99337],[-118.14907,33.99336],[-118.14973,33.99237],[-118.14904,33.9914],[-118.14769,33.99142],[-118.14703,33.9924]]],"type":"Polygon"},"properties":{"bbox":{"roads":{"area":1891.44,"pct":4.66}},"city_same":1,"id":"hex:2101:17375"},"type":"Feature"},{"geometry":{"coordinates":[[[-118.14705,33.99435],[-118.14774,33.99532],[-118.1491,33.99531],[-118.14976,33.99433],[-118.14907,33.99336],[-118.14772,33.99337],[-118.14705,33.99435]]],"type":"Polygon"},"properties":{"bbox":{"roads":{"area":1966.02,"pct":4.84}},"city_same":1,"id":"hex:2101:17376"},"type":"Feature"},{"geometry":{"coordinates":[[[-118.14708,33.9963],[-118.14777,33.99727],[-118.14912,33.99726],[-118.14979,33.99628],[-118.1491,33.99531],[-118.14774,33.99532],[-118.14708,33.9963]]],"type":"Polygon"},"properties":{"bbox":{"roads":{"area":9417.04,"pct":23.2},"sidewalks":{"area":654.8,"pct":1.61}},"city":{"roads":{"area":9394.5,"pct":23.14},"sidewalks":{"area":654.8,"pct":1.61}},"id":"hex:2101:17377"},"type":"Feature"},{"geometry":{"coordinates":[[[-118.14711,33.99826],[-118.14779,33.99923],[-118.14915,33.99921],[-118.14981,33.99823],[-118.14912,33.99726],[-118.14777,33.99727],[-118.14711,33.99826]]],"type":"Polygon"},"properties":{"bbox":{"roads":{"area":7047.92,"pct":17.36}},"city":{"roads":{"area":4306.01,"pct":10.61}},"id":"hex:2101:17378"},"type":"Feature"},{"geometry":{"coordinates":[[[-118.14713,34.00021],[-118.14782,34.00118],[-118.14917,34.00117],[-118.14984,34.00018],[-118.14915,33.99921],[-118.14779,33.99923],[-118.14713,34.00021]]],"type":"Polygon"},"properties":{"bbox":{"roads":{"area":14411.73,"pct":35.5}},"city":{"roads":{"area":7851.78,"pct":19.34}},"id":"hex:2101:17379"},"type":"Feature"},{"geometry":{"coordinates":[[[-118.14716,34.00216],[-118.14785,34.00313],[-118.1492,34.00312],[-118.14986,34.00214],[-118.14917,34.00117],[-118.14782,34.00118],[-118.14716,34.00216]]],"type":"Polygon"},"properties":{"bbox":{"parking":{"area":1621.37,"pct":3.99},"roads":{"area":4681.75,"pct":11.53}},"city_same":1,"id":"hex:2101:17380"},"type":"Feature"},{"geometry":{"coordinates":[[[-118.14718,34.00411],[-118.14787,34.00508],[-118.14923,34.00507],[-118.14989,34.00409],[-118.1492,34.00312],[-118.14785,34.00313],[-118.14718,34.00411]]],"type":"Polygon"},"properties":{"bbox":{"parking":{"area":2132.32,"pct":5.25},"roads":{"area":2445.24,"pct":6.02}},"city_same":1,"id":"hex:2101:17381"},"type":"Feature"},{"geometry":{"coordinates":[[[-118.14721,34.00606],[-118.1479,34.00703],[-118.14925,34.00702],[-118.14992,34.00604],[-118.14923,34.00507],[-118.14787,34.00508],[-118.14721,34.00606]]],"type":"Polygon"},"properties":{"bbox":{"parking":{"area":7373.58,"pct":18.16},"roads":{"area":5590.87,"pct":13.77}},"city_same":1,"id":"hex:2101:17382"},"type":"Feature"},{"geometry":{"coordinates":[[[-118.14724,34.00802],[-118.14793,34.00899],[-118.14928,34.00897],[-118.14994,34.00799],[-118.14925,34.00702],[-118.1479,34.00703],[-118.14724,34.00802]]],"type":"Polygon"},"properties":{"bbox":{"roads":{"area":1178.3,"pct":2.9}},"city_same":1,"id":"hex:2101:17383"},"type":"Feature"},{"geometry":{"coordinates":[[[-118.14793,34.00899],[-118.14928,34.00897],[-118.14997,34.00994],[-118.14931,34.01093],[-118.14795,34.01094],[-118.1476,34.01044],[-118.14769,34.00978],[-118.14754,34.00977],[-118.14741,34.00976],[-118.14793,34.00899]]],"type":"Polygon"},"properties":{"bbox":{"roads":{"area":4714.17,"pct":12.11}},"city_same":1,"id":"hex:2101:17384"},"type":"Feature"},{"geometry":{"coordinates":[[[-118.14795,34.01094],[-118.14931,34.01093],[-118.15,34.0119],[-118.14933,34.01288],[-118.14798,34.01289],[-118.14736,34.01203],[-118.1474,34.01175],[-118.14795,34.01094]]],"type":"Polygon"},"properties":{"bbox":{"roads":{"area":5671.47,"pct":14.01}},"city_same":1,"id":"hex:2101:17385"},"type":"Feature"},{"geometry":{"coordinates":[[[-118.14732,34.01387],[-118.148,34.01484],[-118.14936,34.01483],[-118.15002,34.01385],[-118.14933,34.01288],[-118.14798,34.01289],[-118.14732,34.01387]]],"type":"Polygon"},"properties":{"bbox":{"roads":{"area":6619.46,"pct":16.31}},"city":{"roads":{"area":3420.96,"pct":8.43}},"id":"hex:2101:17386"},"type":"Feature"},{"geometry":{"coordinates":[[[-118.14734,34.01583],[-118.14803,34.0168],[-118.14938,34.01678],[-118.15005,34.0158],[-118.14936,34.01483],[-118.148,34.01484],[-118.14734,34.01583]]],"type":"Polygon"},"properties":{"bbox":{"roads":{"area":2137.35,"pct":5.27}},"city_same":1,"id":"hex:2101:17387"},"type":"Feature"},{"geometry":{"coordinates":[[[-118.14737,34.01778],[-118.14803,34.0168],[-118.14938,34.01678],[-118.15007,34.01775],[-118.14941,34.01874],[-118.14937,34.01874],[-118.14931,34.01872],[-118.14922,34.0187],[-118.14882,34.01862],[-118.14842,34.01853],[-118.14831,34.01851],[-118.14781,34.01841],[-118.14737,34.01778]]],"type":"Polygon"},"properties":{"bbox":{"roads":{"area":5244.6,"pct":13.71},"sidewalks":{"area":251.43,"pct":0.66}},"city_same":1,"id":"hex:2101:17388"},"type":"Feature"},{"geometry":{"coordinates":[[[-118.14679,33.97483],[-118.14544,33.97484],[-118.14475,33.97387],[-118.14495,33.97357],[-118.14745,33.97385],[-118.14679,33.97483]]],"type":"Polygon"},"properties":{"bbox":{"roads":{"area":7042.86,"pct":28.89},"sidewalks":{"area":650.43,"pct":2.67}},"city":{"roads":{"area":2890.42,"pct":11.86},"sidewalks":{"area":650.43,"pct":2.67}},"id":"hex:2102:17366"},"type":"Feature"},{"geometry":{"coordinates":[[[-118.14477,33.97582],[-118.14546,33.97679],[-118.14682,33.97678],[-118.14748,33.9758],[-118.14679,33.97483],[-118.14544,33.97484],[-118.14477,33.97582]]],"type":"Polygon"},"properties":{"bbox":{"roads":{"area":3786.74,"pct":9.33},"sidewalks":{"area":628.9,"pct":1.55}},"city":{"roads":{"area":646.72,"pct":1.59},"sidewalks":{"area":628.9,"pct":1.55}},"id":"hex:2102:17367"},"type":"Feature"},{"geometry":{"coordinates":[[[-118.1448,33.97778],[-118.14549,33.97875],[-118.14684,33.97873],[-118.14751,33.97775],[-118.14682,33.97678],[-118.14546,33.97679],[-118.1448,33.97778]]],"type":"Polygon"},"properties":{"bbox":{"roads":{"area":4324.58,"pct":10.65}},"city_same":1,"id":"hex:2102:17368"},"type":"Feature"},{"geometry":{"coordinates":[[[-118.14483,33.97973],[-118.14552,33.9807],[-118.14687,33.98069],[-118.14753,33.9797],[-118.14684,33.97873],[-118.14549,33.97875],[-118.14483,33.97973]]],"type":"Polygon"},"properties":{"bbox":{"roads":{"area":4797.94,"pct":11.82}},"city_same":1,"id":"hex:2102:17369"},"type":"Feature"},{"geometry":{"coordinates":[[[-118.14485,33.98168],[-118.14554,33.98265],[-118.1469,33.98264],[-118.14756,33.98166],[-118.14687,33.98069],[-118.14552,33.9807],[-118.14485,33.98168]]],"type":"Polygon"},"properties":{"bbox":{"roads":{"area":3787.73,"pct":9.33}},"city_same":1,"id":"hex:2102:17370"},"type":"Feature"},{"geometry":{"coordinates":[[[-118.14488,33.98363],[-118.14557,33.9846],[-118.14692,33.98459],[-118.14758,33.98361],[-118.1469,33.98264],[-118.14554,33.98265],[-118.14488,33.98363]]],"type":"Polygon"},"properties":{"bbox":{"roads":{"area":7285.46,"pct":17.95}},"city_same":1,"id":"hex:2102:17371"},"type":"Feature"},{"geometry":{"coordinates":[[[-118.1449,33.98559],[-118.14559,33.98655],[-118.14695,33.98654],[-118.14761,33.98556],[-118.14692,33.98459],[-118.14557,33.9846],[-118.1449,33.98559]]],"type":"Polygon"},"properties":{"bbox":{"roads":{"area":1693.55,"pct":4.17}},"city_same":1,"id":"hex:2102:17372"},"type":"Feature"},{"geometry":{"coordinates":[[[-118.14493,33.98754],[-118.14562,33.98851],[-118.14697,33.98849],[-118.14764,33.98751],[-118.14695,33.98654],[-118.14559,33.98655],[-118.14493,33.98754]]],"type":"Polygon"},"properties":{"bbox":{"roads":{"area":2326.52,"pct":5.73}},"city":{"roads":{"area":1167.86,"pct":2.88}},"id":"hex:2102:17373"},"type":"Feature"},{"geometry":{"coordinates":[[[-118.14496,33.98949],[-118.14565,33.99046],[-118.147,33.99045],[-118.14766,33.98946],[-118.14697,33.98849],[-118.14562,33.98851],[-118.14496,33.98949]]],"type":"Polygon"},"properties":{"bbox":{"roads":{"area":2971.52,"pct":7.32}},"city":{"roads":{"area":1612.48,"pct":3.97}},"id":"hex:2102:17374"},"type":"Feature"},{"geometry":{"coordinates":[[[-118.14498,33.99144],[-118.14567,33.99241],[-118.14703,33.9924],[-118.14769,33.99142],[-118.147,33.99045],[-118.14565,33.99046],[-118.14498,33.99144]]],"type":"Polygon"},"properties":{"bbox":{"roads":{"area":1090.54,"pct":2.69}},"city_same":1,"id":"hex:2102:17375"},"type":"Feature"},{"geometry":{"coordinates":[[[-118.14501,33.99339],[-118.1457,33.99436],[-118.14705,33.99435],[-118.14772,33.99337],[-118.14703,33.9924],[-118.14567,33.99241],[-118.14501,33.99339]]],"type":"Polygon"},"properties":{"bbox":{"roads":{"area":1922.59,"pct":4.74}},"city_same":1,"id":"hex:2102:17376"},"type":"Feature"},{"geometry":{"coordinates":[[[-118.14504,33.99535],[-118.14573,33.99632],[-118.14708,33.9963],[-118.14774,33.99532],[-118.14705,33.99435],[-118.1457,33.99436],[-118.14504,33.99535]]],"type":"Polygon"},"properties":{"bbox":{"roads":{"area":10885.42,"pct":26.81},"sidewalks":{"area":598.25,"pct":1.47}},"city":{"roads":{"area":6637.51,"pct":16.35},"sidewalks":{"area":598.25,"pct":1.47}},"id":"hex:2102:17377"},"type":"Feature"},{"geometry":{"coordinates":[[[-118.14506,33.9973],[-118.14575,33.99827],[-118.14711,33.99826],[-118.14777,33.99727],[-118.14708,33.9963],[-118.14573,33.99632],[-118.14506,33.9973]]],"type":"Polygon"},"properties":{"bbox":{"parking":{"area":2942.05,"pct":7.25},"roads":{"area":16781.23,"pct":41.34},"sidewalks":{"area":364.25,"pct":0.9}},"city":{"parking":{"area":2942.05,"pct":7.25},"roads":{"area":7314.99,"pct":18.02},"sidewalks":{"area":364.25,"pct":0.9}},"id":"hex:2102:17378"},"type":"Feature"},{"geometry":{"coordinates":[[[-118.14509,33.99925],[-118.14578,34.00022],[-118.14713,34.00021],[-118.14779,33.99923],[-118.14711,33.99826],[-118.14575,33.99827],[-118.14509,33.99925]]],"type":"Polygon"},"properties":{"bbox":{"parking":{"area":3424.91,"pct":8.44},"roads":{"area":9586.3,"pct":23.61},"sidewalks":{"area":67.14,"pct":0.17}},"city":{"parking":{"area":3424.91,"pct":8.44},"roads":{"area":8008.1,"pct":19.73},"sidewalks":{"area":67.14,"pct":0.17}},"id":"hex:2102:17379"},"type":"Feature"},{"geometry":{"coordinates":[[[-118.14511,34.0012],[-118.1458,34.00217],[-118.14716,34.00216],[-118.14782,34.00118],[-118.14713,34.00021],[-118.14578,34.00022],[-118.14511,34.0012]]],"type":"Polygon"},"properties":{"bbox":{"roads":{"area":2732.01,"pct":6.73}},"city_same":1,"id":"hex:2102:17380"},"type":"Feature"},{"geometry":{"coordinates":[[[-118.14514,34.00316],[-118.14583,34.00413],[-118.14718,34.00411],[-118.14785,34.00313],[-118.14716,34.00216],[-118.1458,34.00217],[-118.14514,34.00316]]],"type":"Polygon"},"properties":{"bbox":{"roads":{"area":2887.55,"pct":7.11}},"city_same":1,"id":"hex:2102:17381"},"type":"Feature"},{"geometry":{"coordinates":[[[-118.14517,34.00511],[-118.14586,34.00608],[-118.14721,34.00606],[-118.14787,34.00508],[-118.14718,34.00411],[-118.14583,34.00413],[-118.14517,34.00511]]],"type":"Polygon"},"properties":{"bbox":{"roads":{"area":4192.61,"pct":10.33}},"city_same":1,"id":"hex:2102:17382"},"type":"Feature"},{"geometry":{"coordinates":[[[-118.14519,34.00706],[-118.14588,34.00803],[-118.14724,34.00802],[-118.1479,34.00703],[-118.14721,34.00606],[-118.14586,34.00608],[-118.14519,34.00706]]],"type":"Polygon"},"properties":{"bbox":{"roads":{"area":2150.56,"pct":5.3}},"city_same":1,"id":"hex:2102:17383"},"type":"Feature"},{"geometry":{"coordinates":[[[-118.14522,34.00901],[-118.14588,34.00803],[-118.14724,34.00802],[-118.14793,34.00899],[-118.14741,34.00976],[-118.14711,34.00973],[-118.14625,34.00965],[-118.14564,34.00961],[-118.14522,34.00901]]],"type":"Polygon"},"properties":{"bbox":{"roads":{"area":3215.15,"pct":8.95}},"city_same":1,"id":"hex:2102:17384"},"type":"Feature"},{"geometry":{"coordinates":[[[-118.14795,34.01094],[-118.1474,34.01175],[-118.1476,34.01044],[-118.14795,34.01094]]],"type":"Polygon"},"properties":{"bbox":{"roads":{"area":80.13,"pct":2.77}},"city_same":1,"id":"hex:2102:17385"},"type":"Feature"},{"geometry":{"coordinates":[[[-118.14798,34.01289],[-118.14732,34.01387],[-118.14653,34.01388],[-118.14652,34.01382],[-118.1466,34.01383],[-118.14665,34.01339],[-118.1471,34.01339],[-118.14716,34.0134],[-118.14736,34.01203],[-118.14798,34.01289]]],"type":"Polygon"},"properties":{"bbox":{"roads":{"area":1803.63,"pct":16.85}},"city":{"roads":{"area":1378.19,"pct":12.88}},"id":"hex:2102:17386"},"type":"Feature"},{"geometry":{"coordinates":[[[-118.14732,34.01387],[-118.148,34.01484],[-118.14734,34.01583],[-118.14699,34.01583],[-118.14715,34.01435],[-118.14715,34.0143],[-118.14654,34.01427],[-118.14654,34.01406],[-118.14654,34.01395],[-118.14653,34.01388],[-118.14732,34.01387]]],"type":"Polygon"},"properties":{"bbox":{"roads":{"area":2198.93,"pct":15.58}},"city":{"roads":{"area":1426.17,"pct":10.1}},"id":"hex:2102:17387"},"type":"Feature"},{"geometry":{"coordinates":[[[-118.14734,34.01583],[-118.14803,34.0168],[-118.14737,34.01778],[-118.14612,34.01779],[-118.14614,34.01761],[-118.1466,34.01761],[-118.14679,34.01761],[-118.14697,34.01598],[-118.14699,34.01583],[-118.14734,34.01583]]],"type":"Polygon"},"properties":{"bbox":{"roads":{"area":2396.66,"pct":13.74},"sidewalks":{"area":19.45,"pct":0.11}},"city_same":1,"id":"hex:2102:17388"},"type":"Feature"},{"geometry":{"coordinates":[[[-118.14737,34.01778],[-118.14781,34.01841],[-118.14726,34.01829],[-118.14698,34.01823],[-118.14671,34.01818],[-118.14646,34.01812],[-118.14624,34.01808],[-118.14611,34.01786],[-118.14612,34.01779],[-118.14737,34.01778]]],"type":"Polygon"},"properties":{"bbox":{"roads":{"area":2063.41,"pct":33.13},"sidewalks":{"area":212.29,"pct":3.41}},"city_same":1,"id":"hex:2102:17389"},"type":"Feature"},{"geometry":{"coordinates":[[[-118.14475,33.97387],[-118.14339,33.97388],[-118.14302,33.97336],[-118.14495,33.97357],[-118.14475,33.97387]]],"type":"Polygon"},"properties":{"bbox":{"roads":{"area":1226.79,"pct":17.84},"sidewalks":{"area":254.03,"pct":3.69}},"city":{"roads":{"area":155.74,"pct":2.26},"sidewalks":{"area":254.03,"pct":3.69}},"id":"hex:2103:17365"},"type":"Feature"},{"geometry":{"coordinates":[[[-118.14273,33.97487],[-118.14342,33.97584],[-118.14477,33.97582],[-118.14544,33.97484],[-118.14475,33.97387],[-118.14339,33.97388],[-118.14273,33.97487]]],"type":"Polygon"},"properties":{"bbox":{"roads":{"area":2374.23,"pct":5.85}},"city_same":1,"id":"hex:2103:17366"},"type":"Feature"},{"geometry":{"coordinates":[[[-118.14276,33.97682],[-118.14345,33.97779],[-118.1448,33.97778],[-118.14546,33.97679],[-118.14477,33.97582],[-118.14342,33.97584],[-118.14276,33.97682]]],"type":"Polygon"},"properties":{"bbox":{"roads":{"area":4566.99,"pct":11.25},"sidewalks":{"area":368.21,"pct":0.91}},"city":{"roads":{"area":1805.93,"pct":4.45},"sidewalks":{"area":368.21,"pct":0.91}},"id":"hex:2103:17367"},"type":"Feature"},{"geometry":{"coordinates":[[[-118.14278,33.97877],[-118.14347,33.97974],[-118.14483,33.97973],[-118.14549,33.97875],[-118.1448,33.97778],[-118.14345,33.97779],[-118.14278,33.97877]]],"type":"Polygon"},"properties":{"bbox":{"roads":{"area":6950.61,"pct":17.12}},"city":{"roads":{"area":3816.36,"pct":9.4}},"id":"hex:2103:17368"},"type":"Feature"},{"geometry":{"coordinates":[[[-118.14281,33.98072],[-118.1435,33.98169],[-118.14485,33.98168],[-118.14552,33.9807],[-118.14483,33.97973],[-118.14347,33.97974],[-118.14281,33.98072]]],"type":"Polygon"},"properties":{"bbox":{"roads":{"area":1187.33,"pct":2.92}},"city_same":1,"id":"hex:2103:17369"},"type":"Feature"},{"geometry":{"coordinates":[[[-118.14284,33.98268],[-118.14353,33.98365],[-118.14488,33.98363],[-118.14554,33.98265],[-118.14485,33.98168],[-118.1435,33.98169],[-118.14284,33.98268]]],"type":"Polygon"},"properties":{"bbox":{"roads":{"area":3554.72,"pct":8.76}},"city_same":1,"id":"hex:2103:17370"},"type":"Feature"},{"geometry":{"coordinates":[[[-118.14286,33.98463],[-118.14355,33.9856],[-118.1449,33.98559],[-118.14557,33.9846],[-118.14488,33.98363],[-118.14353,33.98365],[-118.14286,33.98463]]],"type":"Polygon"},"properties":{"bbox":{"roads":{"area":2037.25,"pct":5.02}},"city_same":1,"id":"hex:2103:17371"},"type":"Feature"},{"geometry":{"coordinates":[[[-118.14289,33.98658],[-118.14358,33.98755],[-118.14493,33.98754],[-118.14559,33.98655],[-118.1449,33.98559],[-118.14355,33.9856],[-118.14289,33.98658]]],"type":"Polygon"},"properties":{"bbox":{"roads":{"area":3233.89,"pct":7.97}},"city":{"roads":{"area":3196.61,"pct":7.87}},"id":"hex:2103:17372"},"type":"Feature"},{"geometry":{"coordinates":[[[-118.14291,33.98853],[-118.1436,33.9895],[-118.14496,33.98949],[-118.14562,33.98851],[-118.14493,33.98754],[-118.14358,33.98755],[-118.14291,33.98853]]],"type":"Polygon"},"properties":{"bbox":{"roads":{"area":5353.58,"pct":13.19}},"city":{"roads":{"area":2663.15,"pct":6.56}},"id":"hex:2103:17373"},"type":"Feature"},{"geometry":{"coordinates":[[[-118.14294,33.99048],[-118.14363,33.99145],[-118.14498,33.99144],[-118.14565,33.99046],[-118.14496,33.98949],[-118.1436,33.9895],[-118.14294,33.99048]]],"type":"Polygon"},"properties":{"bbox":{"parking":{"area":6372.93,"pct":15.7},"roads":{"area":3154.29,"pct":7.77}},"city_same":1,"id":"hex:2103:17374"},"type":"Feature"},{"geometry":{"coordinates":[[[-118.14297,33.99244],[-118.14366,33.99341],[-118.14501,33.99339],[-118.14567,33.99241],[-118.14498,33.99144],[-118.14363,33.99145],[-118.14297,33.99244]]],"type":"Polygon"},"properties":{"bbox":{"roads":{"area":570.41,"pct":1.41}},"city_same":1,"id":"hex:2103:17375"},"type":"Feature"},{"geometry":{"coordinates":[[[-118.14299,33.99439],[-118.14368,33.99536],[-118.14504,33.99535],[-118.1457,33.99436],[-118.14501,33.99339],[-118.14366,33.99341],[-118.14299,33.99439]]],"type":"Polygon"},"properties":{"bbox":{"parking":{"area":2398.31,"pct":5.91},"roads":{"area":12329.03,"pct":30.37},"sidewalks":{"area":449.64,"pct":1.11}},"city":{"parking":{"area":2398.31,"pct":5.91},"roads":{"area":5142.01,"pct":12.67},"sidewalks":{"area":449.64,"pct":1.11}},"id":"hex:2103:17376"},"type":"Feature"},{"geometry":{"coordinates":[[[-118.14302,33.99634],[-118.14371,33.99731],[-118.14506,33.9973],[-118.14573,33.99632],[-118.14504,33.99535],[-118.14368,33.99536],[-118.14302,33.99634]]],"type":"Polygon"},"properties":{"bbox":{"parking":{"area":8050.01,"pct":19.83},"roads":{"area":9758.57,"pct":24.04},"sidewalks":{"area":701.86,"pct":1.73}},"city":{"parking":{"area":8050.01,"pct":19.83},"roads":{"area":8507.68,"pct":20.96},"sidewalks":{"area":701.86,"pct":1.73}},"id":"hex:2103:17377"},"type":"Feature"},{"geometry":{"coordinates":[[[-118.14305,33.99829],[-118.14373,33.99926],[-118.14509,33.99925],[-118.14575,33.99827],[-118.14506,33.9973],[-118.14371,33.99731],[-118.14305,33.99829]]],"type":"Polygon"},"properties":{"bbox":{"parking":{"area":20665.94,"pct":50.91},"roads":{"area":7086.1,"pct":17.46}},"city_same":1,"id":"hex:2103:17378"},"type":"Feature"},{"geometry":{"coordinates":[[[-118.14307,34.00025],[-118.14376,34.00122],[-118.14511,34.0012],[-118.14578,34.00022],[-118.14509,33.99925],[-118.14373,33.99926],[-118.14307,34.00025]]],"type":"Polygon"},"properties":{"bbox":{"parking":{"area":15479.35,"pct":38.13},"roads":{"area":7052.94,"pct":17.37}},"city_same":1,"id":"hex:2103:17379"},"type":"Feature"},{"geometry":{"coordinates":[[[-118.1431,34.0022],[-118.14379,34.00317],[-118.14514,34.00316],[-118.1458,34.00217],[-118.14511,34.0012],[-118.14376,34.00122],[-118.1431,34.0022]]],"type":"Polygon"},"properties":{"bbox":{"roads":{"area":5755.09,"pct":14.18}},"city_same":1,"id":"hex:2103:17380"},"type":"Feature"},{"geometry":{"coordinates":[[[-118.14312,34.00415],[-118.14381,34.00512],[-118.14517,34.00511],[-118.14583,34.00413],[-118.14514,34.00316],[-118.14379,34.00317],[-118.14312,34.00415]]],"type":"Polygon"},"properties":{"bbox":{"roads":{"area":3733.83,"pct":9.2}},"city_same":1,"id":"hex:2103:17381"},"type":"Feature"},{"geometry":{"coordinates":[[[-118.14315,34.0061],[-118.14384,34.00707],[-118.14519,34.00706],[-118.14586,34.00608],[-118.14517,34.00511],[-118.14381,34.00512],[-118.14315,34.0061]]],"type":"Polygon"},"properties":{"bbox":{"roads":{"area":3883.37,"pct":9.57}},"city_same":1,"id":"hex:2103:17382"},"type":"Feature"},{"geometry":{"coordinates":[[[-118.14318,34.00805],[-118.14387,34.00902],[-118.14522,34.00901],[-118.14588,34.00803],[-118.14519,34.00706],[-118.14384,34.00707],[-118.14318,34.00805]]],"type":"Polygon"},"properties":{"bbox":{"roads":{"area":1808.48,"pct":4.45}},"city_same":1,"id":"hex:2103:17383"},"type":"Feature"},{"geometry":{"coordinates":[[[-118.14387,34.00902],[-118.14522,34.00901],[-118.14564,34.00961],[-118.14538,34.00958],[-118.14524,34.00957],[-118.14452,34.00951],[-118.1441,34.00947],[-118.14369,34.00944],[-118.14359,34.00943],[-118.14387,34.00902]]],"type":"Polygon"},"properties":{"bbox":{"roads":{"area":1696.27,"pct":19.56}},"city_same":1,"id":"hex:2103:17384"},"type":"Feature"},{"geometry":{"coordinates":[[[-118.14339,33.97388],[-118.14273,33.97487],[-118.14138,33.97488],[-118.14069,33.97391],[-118.1412,33.97315],[-118.14302,33.97336],[-118.14339,33.97388]]],"type":"Polygon"},"properties":{"bbox":{"roads":{"area":3607.01,"pct":10.23},"sidewalks":{"area":271.73,"pct":0.77}},"city":{"roads":{"area":2530.88,"pct":7.18},"sidewalks":{"area":271.73,"pct":0.77}},"id":"hex:2104:17366"},"type":"Feature"},{"geometry":{"coordinates":[[[-118.14072,33.97586],[-118.1414,33.97683],[-118.14276,33.97682],[-118.14342,33.97584],[-118.14273,33.97487],[-118.14138,33.97488],[-118.14072,33.97586]]],"type":"Polygon"},"properties":{"bbox":{"roads":{"area":2038.06,"pct":5.02}},"city_same":1,"id":"hex:2104:17367"},"type":"Feature"},{"geometry":{"coordinates":[[[-118.14074,33.97781],[-118.14143,33.97878],[-118.14278,33.97877],[-118.14345,33.97779],[-118.14276,33.97682],[-118.1414,33.97683],[-118.14074,33.97781]]],"type":"Polygon"},"properties":{"bbox":{"roads":{"area":1575.4,"pct":3.88}},"city_same":1,"id":"hex:2104:17368"},"type":"Feature"},{"geometry":{"coordinates":[[[-118.14077,33.97977],[-118.14146,33.98074],[-118.14281,33.98072],[-118.14347,33.97974],[-118.14278,33.97877],[-118.14143,33.97878],[-118.14077,33.97977]]],"type":"Polygon"},"properties":{"bbox":{"roads":{"area":3482.93,"pct":8.58}},"city":{"roads":{"area":1091.71,"pct":2.69}},"id":"hex:2104:17369"},"type":"Feature"},{"geometry":{"coordinates":[[[-118.14079,33.98172],[-118.14148,33.98269],[-118.14284,33.98268],[-118.1435,33.98169],[-118.14281,33.98072],[-118.14146,33.98074],[-118.14079,33.98172]]],"type":"Polygon"},"properties":{"bbox":{"roads":{"area":7770.45,"pct":19.14}},"city":{"roads":{"area":4346.57,"pct":10.71}},"id":"hex:2104:17370"},"type":"Feature"},{"geometry":{"coordinates":[[[-118.14082,33.98367],[-118.14151,33.98464],[-118.14286,33.98463],[-118.14353,33.98365],[-118.14284,33.98268],[-118.14148,33.98269],[-118.14082,33.98367]]],"type":"Polygon"},"properties":{"bbox":{"roads":{"area":1730.61,"pct":4.26}},"city":{"roads":{"area":1709.76,"pct":4.21}},"id":"hex:2104:17371"},"type":"Feature"},{"geometry":{"coordinates":[[[-118.14085,33.98562],[-118.14154,33.98659],[-118.14289,33.98658],[-118.14355,33.9856],[-118.14286,33.98463],[-118.14151,33.98464],[-118.14085,33.98562]]],"type":"Polygon"},"properties":{"bbox":{"roads":{"area":1997.9,"pct":4.92}},"city_same":1,"id":"hex:2104:17372"},"type":"Feature"},{"geometry":{"coordinates":[[[-118.14087,33.98758],[-118.14156,33.98854],[-118.14291,33.98853],[-118.14358,33.98755],[-118.14289,33.98658],[-118.14154,33.98659],[-118.14087,33.98758]]],"type":"Polygon"},"properties":{"bbox":{"roads":{"area":4774.51,"pct":11.76}},"city":{"roads":{"area":1691.63,"pct":4.17}},"id":"hex:2104:17373"},"type":"Feature"},{"geometry":{"coordinates":[[[-118.1409,33.98953],[-118.14159,33.9905],[-118.14294,33.99048],[-118.1436,33.9895],[-118.14291,33.98853],[-118.14156,33.98854],[-118.1409,33.98953]]],"type":"Polygon"},"properties":{"bbox":{"parking":{"area":653.32,"pct":1.61},"roads":{"area":2473.87,"pct":6.09}},"city_same":1,"id":"hex:2104:17374"},"type":"Feature"},{"geometry":{"coordinates":[[[-118.14092,33.99148],[-118.14161,33.99245],[-118.14297,33.99244],[-118.14363,33.99145],[-118.14294,33.99048],[-118.14159,33.9905],[-118.14092,33.99148]]],"type":"Polygon"},"properties":{"bbox":{"parking":{"area":114.64,"pct":0.28},"roads":{"area":5361.22,"pct":13.21}},"city":{"parking":{"area":114.64,"pct":0.28},"roads":{"area":350.57,"pct":0.86}},"id":"hex:2104:17375"},"type":"Feature"},{"geometry":{"coordinates":[[[-118.14095,33.99343],[-118.14164,33.9944],[-118.14299,33.99439],[-118.14366,33.99341],[-118.14297,33.99244],[-118.14161,33.99245],[-118.14095,33.99343]]],"type":"Polygon"},"properties":{"bbox":{"parking":{"area":3987.85,"pct":9.82},"roads":{"area":11334.09,"pct":27.92},"sidewalks":{"area":622.1,"pct":1.53}},"city":{"parking":{"area":3987.85,"pct":9.82},"roads":{"area":5937.5,"pct":14.63},"sidewalks":{"area":622.1,"pct":1.53}},"id":"hex:2104:17376"},"type":"Feature"},{"geometry":{"coordinates":[[[-118.14098,33.99538],[-118.14167,33.99635],[-118.14302,33.99634],[-118.14368,33.99536],[-118.14299,33.99439],[-118.14164,33.9944],[-118.14098,33.99538]]],"type":"Polygon"},"properties":{"bbox":{"parking":{"area":11920.23,"pct":29.36},"roads":{"area":12026.31,"pct":29.63},"sidewalks":{"area":404.15,"pct":1}},"city_same":1,"id":"hex:2104:17377"},"type":"Feature"},{"geometry":{"coordinates":[[[-118.141,33.99734],[-118.14169,33.99831],[-118.14305,33.99829],[-118.14371,33.99731],[-118.14302,33.99634],[-118.14167,33.99635],[-118.141,33.99734]]],"type":"Polygon"},"properties":{"bbox":{"roads":{"area":1302.19,"pct":3.21}},"city_same":1,"id":"hex:2104:17378"},"type":"Feature"},{"geometry":{"coordinates":[[[-118.14103,33.99929],[-118.14172,34.00026],[-118.14307,34.00025],[-118.14373,33.99926],[-118.14305,33.99829],[-118.14169,33.99831],[-118.14103,33.99929]]],"type":"Polygon"},"properties":{"bbox":{"parking":{"area":15045.02,"pct":37.06},"roads":{"area":4143.64,"pct":10.21}},"city_same":1,"id":"hex:2104:17379"},"type":"Feature"},{"geometry":{"coordinates":[[[-118.14105,34.00124],[-118.14174,34.00221],[-118.1431,34.0022],[-118.14376,34.00122],[-118.14307,34.00025],[-118.14172,34.00026],[-118.14105,34.00124]]],"type":"Polygon"},"properties":{"bbox":{"parking":{"area":19361.02,"pct":47.69},"roads":{"area":4662.7,"pct":11.49}},"city_same":1,"id":"hex:2104:17380"},"type":"Feature"},{"geometry":{"coordinates":[[[-118.14108,34.00319],[-118.14177,34.00416],[-118.14312,34.00415],[-118.14379,34.00317],[-118.1431,34.0022],[-118.14174,34.00221],[-118.14108,34.00319]]],"type":"Polygon"},"properties":{"bbox":{"parking":{"area":3744.49,"pct":9.22},"roads":{"area":3475.88,"pct":8.56}},"city_same":1,"id":"hex:2104:17381"},"type":"Feature"},{"geometry":{"coordinates":[[[-118.14111,34.00515],[-118.1418,34.00612],[-118.14315,34.0061],[-118.14381,34.00512],[-118.14312,34.00415],[-118.14177,34.00416],[-118.14111,34.00515]]],"type":"Polygon"},"properties":{"bbox":{"roads":{"area":4548.75,"pct":11.21}},"city_same":1,"id":"hex:2104:17382"},"type":"Feature"},{"geometry":{"coordinates":[[[-118.14113,34.0071],[-118.14182,34.00807],[-118.14318,34.00805],[-118.14384,34.00707],[-118.14315,34.0061],[-118.1418,34.00612],[-118.14113,34.0071]]],"type":"Polygon"},"properties":{"bbox":{"roads":{"area":1917.31,"pct":4.72}},"city_same":1,"id":"hex:2104:17383"},"type":"Feature"},{"geometry":{"coordinates":[[[-118.14116,34.00905],[-118.14182,34.00807],[-118.14318,34.00805],[-118.14387,34.00902],[-118.14359,34.00943],[-118.1426,34.00935],[-118.14253,34.00934],[-118.14172,34.00927],[-118.14129,34.00923],[-118.14116,34.00905]]],"type":"Polygon"},"properties":{"bbox":{"roads":{"area":2090.04,"pct":7.49}},"city_same":1,"id":"hex:2104:17384"},"type":"Feature"},{"geometry":{"coordinates":[[[-118.14069,33.97391],[-118.13934,33.97392],[-118.13865,33.97295],[-118.1387,33.97287],[-118.1412,33.97315],[-118.14069,33.97391]]],"type":"Polygon"},"properties":{"bbox":{"roads":{"area":2643.46,"pct":14.48},"sidewalks":{"area":52.99,"pct":0.29}},"city":{"roads":{"area":987.67,"pct":5.41},"sidewalks":{"area":52.99,"pct":0.29}},"id":"hex:2105:17365"},"type":"Feature"},{"geometry":{"coordinates":[[[-118.13867,33.9749],[-118.13936,33.97587],[-118.14072,33.97586],[-118.14138,33.97488],[-118.14069,33.97391],[-118.13934,33.97392],[-118.13867,33.9749]]],"type":"Polygon"},"properties":{"bbox":{"roads":{"area":3438.83,"pct":8.47}},"city_same":1,"id":"hex:2105:17366"},"type":"Feature"},{"geometry":{"coordinates":[[[-118.1387,33.97686],[-118.13939,33.97783],[-118.14074,33.97781],[-118.1414,33.97683],[-118.14072,33.97586],[-118.13936,33.97587],[-118.1387,33.97686]]],"type":"Polygon"},"properties":{"bbox":{"roads":{"area":1381.58,"pct":3.4}},"city_same":1,"id":"hex:2105:17367"},"type":"Feature"},{"geometry":{"coordinates":[[[-118.13872,33.97881],[-118.13941,33.97978],[-118.14077,33.97977],[-118.14143,33.97878],[-118.14074,33.97781],[-118.13939,33.97783],[-118.13872,33.97881]]],"type":"Polygon"},"properties":{"bbox":{"roads":{"area":1538.1,"pct":3.79}},"city_same":1,"id":"hex:2105:17368"},"type":"Feature"},{"geometry":{"coordinates":[[[-118.13875,33.98076],[-118.13944,33.98173],[-118.14079,33.98172],[-118.14146,33.98074],[-118.14077,33.97977],[-118.13941,33.97978],[-118.13875,33.98076]]],"type":"Polygon"},"properties":{"bbox":{"roads":{"area":3825.61,"pct":9.42}},"city_same":1,"id":"hex:2105:17369"},"type":"Feature"},{"geometry":{"coordinates":[[[-118.13878,33.98271],[-118.13947,33.98368],[-118.14082,33.98367],[-118.14148,33.98269],[-118.14079,33.98172],[-118.13944,33.98173],[-118.13878,33.98271]]],"type":"Polygon"},"properties":{"bbox":{"roads":{"area":5742.87,"pct":14.15}},"city":{"roads":{"area":3684.85,"pct":9.08}},"id":"hex:2105:17370"},"type":"Feature"},{"geometry":{"coordinates":[[[-118.1388,33.98467],[-118.13949,33.98564],[-118.14085,33.98562],[-118.14151,33.98464],[-118.14082,33.98367],[-118.13947,33.98368],[-118.1388,33.98467]]],"type":"Polygon"},"properties":{"bbox":{"roads":{"area":7054.31,"pct":17.38}},"city":{"roads":{"area":3286.07,"pct":8.09}},"id":"hex:2105:17371"},"type":"Feature"},{"geometry":{"coordinates":[[[-118.13883,33.98662],[-118.13952,33.98759],[-118.14087,33.98758],[-118.14154,33.98659],[-118.14085,33.98562],[-118.13949,33.98564],[-118.13883,33.98662]]],"type":"Polygon"},"properties":{"bbox":{"roads":{"area":5904,"pct":14.54}},"city":{"roads":{"area":1891,"pct":4.66}},"id":"hex:2105:17372"},"type":"Feature"},{"geometry":{"coordinates":[[[-118.13886,33.98857],[-118.13954,33.98954],[-118.1409,33.98953],[-118.14156,33.98854],[-118.14087,33.98758],[-118.13952,33.98759],[-118.13886,33.98857]]],"type":"Polygon"},"properties":{"bbox":{"roads":{"area":1915.35,"pct":4.72}},"city":{"roads":{"area":1748.04,"pct":4.31}},"id":"hex:2105:17373"},"type":"Feature"},{"geometry":{"coordinates":[[[-118.13888,33.99052],[-118.13957,33.99149],[-118.14092,33.99148],[-118.14159,33.9905],[-118.1409,33.98953],[-118.13954,33.98954],[-118.13888,33.99052]]],"type":"Polygon"},"properties":{"bbox":{"parking":{"area":4926.08,"pct":12.13},"roads":{"area":10292.33,"pct":25.35},"sidewalks":{"area":439.83,"pct":1.08}},"city":{"parking":{"area":4926.08,"pct":12.13},"roads":{"area":3602.15,"pct":8.87},"sidewalks":{"area":439.83,"pct":1.08}},"id":"hex:2105:17374"},"type":"Feature"},{"geometry":{"coordinates":[[[-118.13891,33.99247],[-118.1396,33.99344],[-118.14095,33.99343],[-118.14161,33.99245],[-118.14092,33.99148],[-118.13957,33.99149],[-118.13891,33.99247]]],"type":"Polygon"},"properties":{"bbox":{"parking":{"area":1263.49,"pct":3.11},"roads":{"area":5807.45,"pct":14.31},"sidewalks":{"area":549.77,"pct":1.35}},"city_same":1,"id":"hex:2105:17375"},"type":"Feature"},{"geometry":{"coordinates":[[[-118.13893,33.99443],[-118.13962,33.9954],[-118.14098,33.99538],[-118.14164,33.9944],[-118.14095,33.99343],[-118.1396,33.99344],[-118.13893,33.99443]]],"type":"Polygon"},"properties":{"bbox":{"parking":{"area":2578.9,"pct":6.35},"roads":{"area":2141.93,"pct":5.28}},"city_same":1,"id":"hex:2105:17376"},"type":"Feature"},{"geometry":{"coordinates":[[[-118.13896,33.99638],[-118.13965,33.99735],[-118.141,33.99734],[-118.14167,33.99635],[-118.14098,33.99538],[-118.13962,33.9954],[-118.13896,33.99638]]],"type":"Polygon"},"properties":{"bbox":{"parking":{"area":475.1,"pct":1.17},"roads":{"area":7666.09,"pct":18.88},"sidewalks":{"area":13.06,"pct":0.03}},"city_same":1,"id":"hex:2105:17377"},"type":"Feature"},{"geometry":{"coordinates":[[[-118.13899,33.99833],[-118.13968,33.9993],[-118.14103,33.99929],[-118.14169,33.99831],[-118.141,33.99734],[-118.13965,33.99735],[-118.13899,33.99833]]],"type":"Polygon"},"properties":{"bbox":{"roads":{"area":3389.06,"pct":8.35}},"city_same":1,"id":"hex:2105:17378"},"type":"Feature"},{"geometry":{"coordinates":[[[-118.13901,34.00028],[-118.1397,34.00125],[-118.14105,34.00124],[-118.14172,34.00026],[-118.14103,33.99929],[-118.13968,33.9993],[-118.13901,34.00028]]],"type":"Polygon"},"properties":{"bbox":{"roads":{"area":2995.88,"pct":7.38}},"city_same":1,"id":"hex:2105:17379"},"type":"Feature"},{"geometry":{"coordinates":[[[-118.13904,34.00224],[-118.13973,34.00321],[-118.14108,34.00319],[-118.14174,34.00221],[-118.14105,34.00124],[-118.1397,34.00125],[-118.13904,34.00224]]],"type":"Polygon"},"properties":{"bbox":{"parking":{"area":10507.41,"pct":25.88},"roads":{"area":4930.42,"pct":12.15}},"city_same":1,"id":"hex:2105:17380"},"type":"Feature"},{"geometry":{"coordinates":[[[-118.13906,34.00419],[-118.13975,34.00516],[-118.14111,34.00515],[-118.14177,34.00416],[-118.14108,34.00319],[-118.13973,34.00321],[-118.13906,34.00419]]],"type":"Polygon"},"properties":{"bbox":{"parking":{"area":10081.5,"pct":24.83},"roads":{"area":4663.83,"pct":11.49}},"city_same":1,"id":"hex:2105:17381"},"type":"Feature"},{"geometry":{"coordinates":[[[-118.13909,34.00614],[-118.13978,34.00711],[-118.14113,34.0071],[-118.1418,34.00612],[-118.14111,34.00515],[-118.13975,34.00516],[-118.13909,34.00614]]],"type":"Polygon"},"properties":{"bbox":{"roads":{"area":2537.95,"pct":6.25}},"city_same":1,"id":"hex:2105:17382"},"type":"Feature"},{"geometry":{"coordinates":[[[-118.13912,34.00809],[-118.13981,34.00906],[-118.14116,34.00905],[-118.14182,34.00807],[-118.14113,34.0071],[-118.13978,34.00711],[-118.13912,34.00809]]],"type":"Polygon"},"properties":{"bbox":{"roads":{"area":2351.71,"pct":5.79}},"city_same":1,"id":"hex:2105:17383"},"type":"Feature"},{"geometry":{"coordinates":[[[-118.13981,34.00906],[-118.14116,34.00905],[-118.14129,34.00923],[-118.1406,34.00916],[-118.13978,34.0091],[-118.13981,34.00906]]],"type":"Polygon"},"properties":{"bbox":{"roads":{"area":396.28,"pct":26.53}},"city_same":1,"id":"hex:2105:17384"},"type":"Feature"},{"geometry":{"coordinates":[[[-118.13865,33.97295],[-118.13729,33.97296],[-118.1371,33.9727],[-118.1387,33.97287],[-118.13865,33.97295]]],"type":"Polygon"},"properties":{"bbox":{"roads":{"area":1175.18,"pct":45.84}},"city":{"roads":{"area":107.24,"pct":4.18}},"id":"hex:2106:17365"},"type":"Feature"},{"geometry":{"coordinates":[[[-118.13663,33.97395],[-118.13732,33.97492],[-118.13867,33.9749],[-118.13934,33.97392],[-118.13865,33.97295],[-118.13729,33.97296],[-118.13663,33.97395]]],"type":"Polygon"},"properties":{"bbox":{"roads":{"area":2795.26,"pct":6.89}},"city_same":1,"id":"hex:2106:17366"},"type":"Feature"},{"geometry":{"coordinates":[[[-118.13666,33.9759],[-118.13735,33.97687],[-118.1387,33.97686],[-118.13936,33.97587],[-118.13867,33.9749],[-118.13732,33.97492],[-118.13666,33.9759]]],"type":"Polygon"},"properties":{"bbox":{"roads":{"area":2712,"pct":6.68}},"city_same":1,"id":"hex:2106:17367"},"type":"Feature"},{"geometry":{"coordinates":[[[-118.13668,33.97785],[-118.13737,33.97882],[-118.13872,33.97881],[-118.13939,33.97783],[-118.1387,33.97686],[-118.13735,33.97687],[-118.13668,33.97785]]],"type":"Polygon"},"properties":{"bbox":{"roads":{"area":3752.41,"pct":9.24}},"city_same":1,"id":"hex:2106:17368"},"type":"Feature"},{"geometry":{"coordinates":[[[-118.13671,33.9798],[-118.1374,33.98077],[-118.13875,33.98076],[-118.13941,33.97978],[-118.13872,33.97881],[-118.13737,33.97882],[-118.13671,33.9798]]],"type":"Polygon"},"properties":{"bbox":{"roads":{"area":3661.46,"pct":9.02}},"city_same":1,"id":"hex:2106:17369"},"type":"Feature"},{"geometry":{"coordinates":[[[-118.13673,33.98176],[-118.13742,33.98273],[-118.13878,33.98271],[-118.13944,33.98173],[-118.13875,33.98076],[-118.1374,33.98077],[-118.13673,33.98176]]],"type":"Polygon"},"properties":{"bbox":{"roads":{"area":3034.54,"pct":7.48}},"city_same":1,"id":"hex:2106:17370"},"type":"Feature"},{"geometry":{"coordinates":[[[-118.13676,33.98371],[-118.13745,33.98468],[-118.1388,33.98467],[-118.13947,33.98368],[-118.13878,33.98271],[-118.13742,33.98273],[-118.13676,33.98371]]],"type":"Polygon"},"properties":{"bbox":{"roads":{"area":1613.69,"pct":3.98}},"city_same":1,"id":"hex:2106:17371"},"type":"Feature"},{"geometry":{"coordinates":[[[-118.13679,33.98566],[-118.13748,33.98663],[-118.13883,33.98662],[-118.13949,33.98564],[-118.1388,33.98467],[-118.13745,33.98468],[-118.13679,33.98566]]],"type":"Polygon"},"properties":{"bbox":{"roads":{"area":7653.59,"pct":18.85},"sidewalks":{"area":304.12,"pct":0.75}},"city":{"roads":{"area":2507.53,"pct":6.18},"sidewalks":{"area":304.12,"pct":0.75}},"id":"hex:2106:17372"},"type":"Feature"},{"geometry":{"coordinates":[[[-118.13681,33.98761],[-118.1375,33.98858],[-118.13886,33.98857],[-118.13952,33.98759],[-118.13883,33.98662],[-118.13748,33.98663],[-118.13681,33.98761]]],"type":"Polygon"},"properties":{"bbox":{"roads":{"area":13580.79,"pct":33.45},"sidewalks":{"area":697.96,"pct":1.72}},"city":{"roads":{"area":4789.58,"pct":11.8},"sidewalks":{"area":697.96,"pct":1.72}},"id":"hex:2106:17373"},"type":"Feature"},{"geometry":{"coordinates":[[[-118.13684,33.98956],[-118.13753,33.99053],[-118.13888,33.99052],[-118.13954,33.98954],[-118.13886,33.98857],[-118.1375,33.98858],[-118.13684,33.98956]]],"type":"Polygon"},"properties":{"bbox":{"parking":{"area":3109.5,"pct":7.66},"roads":{"area":9755.84,"pct":24.03},"sidewalks":{"area":690.96,"pct":1.7}},"city":{"parking":{"area":3109.5,"pct":7.66},"roads":{"area":5608.76,"pct":13.82},"sidewalks":{"area":690.96,"pct":1.7}},"id":"hex:2106:17374"},"type":"Feature"},{"geometry":{"coordinates":[[[-118.13686,33.99152],[-118.13755,33.99249],[-118.13891,33.99247],[-118.13957,33.99149],[-118.13888,33.99052],[-118.13753,33.99053],[-118.13686,33.99152]]],"type":"Polygon"},"properties":{"bbox":{"roads":{"area":5132.59,"pct":12.64},"sidewalks":{"area":93.88,"pct":0.23}},"city_same":1,"id":"hex:2106:17375"},"type":"Feature"},{"geometry":{"coordinates":[[[-118.13689,33.99347],[-118.13758,33.99444],[-118.13893,33.99443],[-118.1396,33.99344],[-118.13891,33.99247],[-118.13755,33.99249],[-118.13689,33.99347]]],"type":"Polygon"},"properties":{"bbox":{"roads":{"area":2318.53,"pct":5.71}},"city_same":1,"id":"hex:2106:17376"},"type":"Feature"},{"geometry":{"coordinates":[[[-118.13692,33.99542],[-118.13761,33.99639],[-118.13896,33.99638],[-118.13962,33.9954],[-118.13893,33.99443],[-118.13758,33.99444],[-118.13692,33.99542]]],"type":"Polygon"},"properties":{"bbox":{"roads":{"area":1894.97,"pct":4.67}},"city_same":1,"id":"hex:2106:17377"},"type":"Feature"},{"geometry":{"coordinates":[[[-118.13694,33.99737],[-118.13763,33.99834],[-118.13899,33.99833],[-118.13965,33.99735],[-118.13896,33.99638],[-118.13761,33.99639],[-118.13694,33.99737]]],"type":"Polygon"},"properties":{"bbox":{"roads":{"area":5330.33,"pct":13.13}},"city_same":1,"id":"hex:2106:17378"},"type":"Feature"},{"geometry":{"coordinates":[[[-118.13697,33.99933],[-118.13766,34.0003],[-118.13901,34.00028],[-118.13968,33.9993],[-118.13899,33.99833],[-118.13763,33.99834],[-118.13697,33.99933]]],"type":"Polygon"},"properties":{"bbox":{"roads":{"area":4370.39,"pct":10.77}},"city_same":1,"id":"hex:2106:17379"},"type":"Feature"},{"geometry":{"coordinates":[[[-118.13699,34.00128],[-118.13768,34.00225],[-118.13904,34.00224],[-118.1397,34.00125],[-118.13901,34.00028],[-118.13766,34.0003],[-118.13699,34.00128]]],"type":"Polygon"},"properties":{"bbox":{"roads":{"area":3120.84,"pct":7.69}},"city_same":1,"id":"hex:2106:17380"},"type":"Feature"},{"geometry":{"coordinates":[[[-118.13702,34.00323],[-118.13771,34.0042],[-118.13906,34.00419],[-118.13973,34.00321],[-118.13904,34.00224],[-118.13768,34.00225],[-118.13702,34.00323]]],"type":"Polygon"},"properties":{"bbox":{"roads":{"area":3609.03,"pct":8.89}},"city_same":1,"id":"hex:2106:17381"},"type":"Feature"},{"geometry":{"coordinates":[[[-118.13705,34.00518],[-118.13774,34.00615],[-118.13909,34.00614],[-118.13975,34.00516],[-118.13906,34.00419],[-118.13771,34.0042],[-118.13705,34.00518]]],"type":"Polygon"},"properties":{"bbox":{"roads":{"area":3268.51,"pct":8.05}},"city_same":1,"id":"hex:2106:17382"},"type":"Feature"},{"geometry":{"coordinates":[[[-118.13707,34.00714],[-118.13776,34.00811],[-118.13912,34.00809],[-118.13978,34.00711],[-118.13909,34.00614],[-118.13774,34.00615],[-118.13707,34.00714]]],"type":"Polygon"},"properties":{"bbox":{"roads":{"area":956.96,"pct":2.36}},"city_same":1,"id":"hex:2106:17383"},"type":"Feature"},{"geometry":{"coordinates":[[[-118.13776,34.00811],[-118.13912,34.00809],[-118.13981,34.00906],[-118.13978,34.0091],[-118.1389,34.00902],[-118.13813,34.00895],[-118.13725,34.00886],[-118.13776,34.00811]]],"type":"Polygon"},"properties":{"bbox":{"roads":{"area":532.45,"pct":3.01}},"city_same":1,"id":"hex:2106:17384"},"type":"Feature"},{"geometry":{"coordinates":[[[-118.13729,33.97296],[-118.13663,33.97395],[-118.13528,33.97396],[-118.13459,33.97299],[-118.13495,33.97245],[-118.13502,33.97246],[-118.13545,33.97251],[-118.1371,33.9727],[-118.13729,33.97296]]],"type":"Polygon"},"properties":{"bbox":{"roads":{"area":3816.51,"pct":12.55}},"city":{"roads":{"area":2220.91,"pct":7.31}},"id":"hex:2107:17365"},"type":"Feature"},{"geometry":{"coordinates":[[[-118.13461,33.97494],[-118.1353,33.97591],[-118.13666,33.9759],[-118.13732,33.97492],[-118.13663,33.97395],[-118.13528,33.97396],[-118.13461,33.97494]]],"type":"Polygon"},"properties":{"bbox":{"roads":{"area":3540.5,"pct":8.72}},"city_same":1,"id":"hex:2107:17366"},"type":"Feature"},{"geometry":{"coordinates":[[[-118.13464,33.97689],[-118.13533,33.97786],[-118.13668,33.97785],[-118.13735,33.97687],[-118.13666,33.9759],[-118.1353,33.97591],[-118.13464,33.97689]]],"type":"Polygon"},"properties":{"bbox":{"roads":{"area":2310.65,"pct":5.69}},"city_same":1,"id":"hex:2107:17367"},"type":"Feature"},{"geometry":{"coordinates":[[[-118.13467,33.97885],[-118.13536,33.97982],[-118.13671,33.9798],[-118.13737,33.97882],[-118.13668,33.97785],[-118.13533,33.97786],[-118.13467,33.97885]]],"type":"Polygon"},"properties":{"bbox":{"roads":{"area":5802.53,"pct":14.29}},"city_same":1,"id":"hex:2107:17368"},"type":"Feature"},{"geometry":{"coordinates":[[[-118.13469,33.9808],[-118.13538,33.98177],[-118.13673,33.98176],[-118.1374,33.98077],[-118.13671,33.9798],[-118.13536,33.97982],[-118.13469,33.9808]]],"type":"Polygon"},"properties":{"bbox":{"roads":{"area":4678.45,"pct":11.52}},"city_same":1,"id":"hex:2107:17369"},"type":"Feature"},{"geometry":{"coordinates":[[[-118.13472,33.98275],[-118.13541,33.98372],[-118.13676,33.98371],[-118.13742,33.98273],[-118.13673,33.98176],[-118.13538,33.98177],[-118.13472,33.98275]]],"type":"Polygon"},"properties":{"bbox":{"roads":{"area":2153.34,"pct":5.3}},"city_same":1,"id":"hex:2107:17370"},"type":"Feature"},{"geometry":{"coordinates":[[[-118.13474,33.9847],[-118.13543,33.98567],[-118.13679,33.98566],[-118.13745,33.98468],[-118.13676,33.98371],[-118.13541,33.98372],[-118.13474,33.9847]]],"type":"Polygon"},"properties":{"bbox":{"roads":{"area":2312.85,"pct":5.7}},"city":{"roads":{"area":2133.16,"pct":5.25}},"id":"hex:2107:17371"},"type":"Feature"},{"geometry":{"coordinates":[[[-118.13477,33.98666],[-118.13546,33.98763],[-118.13681,33.98761],[-118.13748,33.98663],[-118.13679,33.98566],[-118.13543,33.98567],[-118.13477,33.98666]]],"type":"Polygon"},"properties":{"bbox":{"parking":{"area":6532.14,"pct":16.09},"roads":{"area":15487.05,"pct":38.15},"sidewalks":{"area":351.81,"pct":0.87}},"city":{"parking":{"area":6532.14,"pct":16.09},"roads":{"area":6322.89,"pct":15.58},"sidewalks":{"area":351.81,"pct":0.87}},"id":"hex:2107:17372"},"type":"Feature"},{"geometry":{"coordinates":[[[-118.1348,33.98861],[-118.13549,33.98958],[-118.13684,33.98956],[-118.1375,33.98858],[-118.13681,33.98761],[-118.13546,33.98763],[-118.1348,33.98861]]],"type":"Polygon"},"properties":{"bbox":{"parking":{"area":5926.62,"pct":14.6},"roads":{"area":6452.21,"pct":15.89},"sidewalks":{"area":661.58,"pct":1.63}},"city":{"parking":{"area":5926.62,"pct":14.6},"roads":{"area":2199.73,"pct":5.42},"sidewalks":{"area":661.58,"pct":1.63}},"id":"hex:2107:17373"},"type":"Feature"},{"geometry":{"coordinates":[[[-118.13482,33.99056],[-118.13551,33.99153],[-118.13686,33.99152],[-118.13753,33.99053],[-118.13684,33.98956],[-118.13549,33.98958],[-118.13482,33.99056]]],"type":"Polygon"},"properties":{"bbox":{"roads":{"area":3184.39,"pct":7.84}},"city":{"roads":{"area":1984.05,"pct":4.89}},"id":"hex:2107:17374"},"type":"Feature"},{"geometry":{"coordinates":[[[-118.13485,33.99251],[-118.13554,33.99348],[-118.13689,33.99347],[-118.13755,33.99249],[-118.13686,33.99152],[-118.13551,33.99153],[-118.13485,33.99251]]],"type":"Polygon"},"properties":{"bbox":{"roads":{"area":2227.8,"pct":5.49}},"city_same":1,"id":"hex:2107:17375"},"type":"Feature"},{"geometry":{"coordinates":[[[-118.13487,33.99446],[-118.13556,33.99543],[-118.13692,33.99542],[-118.13758,33.99444],[-118.13689,33.99347],[-118.13554,33.99348],[-118.13487,33.99446]]],"type":"Polygon"},"properties":{"bbox":{"roads":{"area":4575.61,"pct":11.27}},"city_same":1,"id":"hex:2107:17376"},"type":"Feature"},{"geometry":{"coordinates":[[[-118.1349,33.99642],[-118.13559,33.99739],[-118.13694,33.99737],[-118.13761,33.99639],[-118.13692,33.99542],[-118.13556,33.99543],[-118.1349,33.99642]]],"type":"Polygon"},"properties":{"bbox":{"roads":{"area":4072.47,"pct":10.03}},"city_same":1,"id":"hex:2107:17377"},"type":"Feature"},{"geometry":{"coordinates":[[[-118.13493,33.99837],[-118.13562,33.99934],[-118.13697,33.99933],[-118.13763,33.99834],[-118.13694,33.99737],[-118.13559,33.99739],[-118.13493,33.99837]]],"type":"Polygon"},"properties":{"bbox":{"roads":{"area":1294.62,"pct":3.19}},"city_same":1,"id":"hex:2107:17378"},"type":"Feature"},{"geometry":{"coordinates":[[[-118.13495,34.00032],[-118.13564,34.00129],[-118.13699,34.00128],[-118.13766,34.0003],[-118.13697,33.99933],[-118.13562,33.99934],[-118.13495,34.00032]]],"type":"Polygon"},"properties":{"bbox":{"roads":{"area":7823.54,"pct":19.27}},"city_same":1,"id":"hex:2107:17379"},"type":"Feature"},{"geometry":{"coordinates":[[[-118.13498,34.00227],[-118.13567,34.00324],[-118.13702,34.00323],[-118.13768,34.00225],[-118.13699,34.00128],[-118.13564,34.00129],[-118.13498,34.00227]]],"type":"Polygon"},"properties":{"bbox":{"roads":{"area":2560.88,"pct":6.31}},"city_same":1,"id":"hex:2107:17380"},"type":"Feature"},{"geometry":{"coordinates":[[[-118.135,34.00423],[-118.13569,34.0052],[-118.13705,34.00518],[-118.13771,34.0042],[-118.13702,34.00323],[-118.13567,34.00324],[-118.135,34.00423]]],"type":"Polygon"},"properties":{"bbox":{"roads":{"area":3005.76,"pct":7.4}},"city_same":1,"id":"hex:2107:17381"},"type":"Feature"},{"geometry":{"coordinates":[[[-118.13503,34.00618],[-118.13572,34.00715],[-118.13707,34.00714],[-118.13774,34.00615],[-118.13705,34.00518],[-118.13569,34.0052],[-118.13503,34.00618]]],"type":"Polygon"},"properties":{"bbox":{"roads":{"area":4518.52,"pct":11.13}},"city_same":1,"id":"hex:2107:17382"},"type":"Feature"},{"geometry":{"coordinates":[[[-118.13506,34.00813],[-118.13572,34.00715],[-118.13707,34.00714],[-118.13776,34.00811],[-118.13725,34.00886],[-118.13724,34.00886],[-118.13672,34.00881],[-118.13615,34.00877],[-118.13596,34.00875],[-118.13547,34.00872],[-118.13506,34.00813]]],"type":"Polygon"},"properties":{"bbox":{"roads":{"area":1264.6,"pct":3.54}},"city_same":1,"id":"hex:2107:17383"},"type":"Feature"},{"geometry":{"coordinates":[[[-118.13459,33.97299],[-118.13324,33.973],[-118.13285,33.97246],[-118.13293,33.97246],[-118.13321,33.97243],[-118.13351,33.9724],[-118.13396,33.97239],[-118.13438,33.9724],[-118.13445,33.9724],[-118.1345,33.97241],[-118.13454,33.97241],[-118.13466,33.97242],[-118.13476,33.97243],[-118.13495,33.97245],[-118.13459,33.97299]]],"type":"Polygon"},"properties":{"bbox":{"roads":{"area":1936.2,"pct":18.6}},"city":{"roads":{"area":551.73,"pct":5.3}},"id":"hex:2108:17365"},"type":"Feature"},{"geometry":{"coordinates":[[[-118.13257,33.97398],[-118.13326,33.97495],[-118.13461,33.97494],[-118.13528,33.97396],[-118.13459,33.97299],[-118.13324,33.973],[-118.13257,33.97398]]],"type":"Polygon"},"properties":{"bbox":{"roads":{"area":3545.07,"pct":8.73}},"city_same":1,"id":"hex:2108:17366"},"type":"Feature"},{"geometry":{"coordinates":[[[-118.1326,33.97594],[-118.13329,33.97691],[-118.13464,33.97689],[-118.1353,33.97591],[-118.13461,33.97494],[-118.13326,33.97495],[-118.1326,33.97594]]],"type":"Polygon"},"properties":{"bbox":{"roads":{"area":2407.07,"pct":5.93}},"city_same":1,"id":"hex:2108:17367"},"type":"Feature"},{"geometry":{"coordinates":[[[-118.13262,33.97789],[-118.13331,33.97886],[-118.13467,33.97885],[-118.13533,33.97786],[-118.13464,33.97689],[-118.13329,33.97691],[-118.13262,33.97789]]],"type":"Polygon"},"properties":{"bbox":{"roads":{"area":3608.59,"pct":8.89}},"city_same":1,"id":"hex:2108:17368"},"type":"Feature"},{"geometry":{"coordinates":[[[-118.13265,33.97984],[-118.13334,33.98081],[-118.13469,33.9808],[-118.13536,33.97982],[-118.13467,33.97885],[-118.13331,33.97886],[-118.13265,33.97984]]],"type":"Polygon"},"properties":{"bbox":{"roads":{"area":4287.76,"pct":10.56}},"city_same":1,"id":"hex:2108:17369"},"type":"Feature"},{"geometry":{"coordinates":[[[-118.13268,33.98179],[-118.13336,33.98276],[-118.13472,33.98275],[-118.13538,33.98177],[-118.13469,33.9808],[-118.13334,33.98081],[-118.13268,33.98179]]],"type":"Polygon"},"properties":{"bbox":{"roads":{"area":2778.77,"pct":6.85}},"city_same":1,"id":"hex:2108:17370"},"type":"Feature"},{"geometry":{"coordinates":[[[-118.1327,33.98375],[-118.13339,33.98472],[-118.13474,33.9847],[-118.13541,33.98372],[-118.13472,33.98275],[-118.13336,33.98276],[-118.1327,33.98375]]],"type":"Polygon"},"properties":{"bbox":{"roads":{"area":7270.56,"pct":17.91}},"city":{"roads":{"area":2977.06,"pct":7.33}},"id":"hex:2108:17371"},"type":"Feature"},{"geometry":{"coordinates":[[[-118.13339,33.98472],[-118.13474,33.9847],[-118.13543,33.98567],[-118.13477,33.98666],[-118.13349,33.98667],[-118.13408,33.98562],[-118.13334,33.98479],[-118.13339,33.98472]]],"type":"Polygon"},"properties":{"bbox":{"roads":{"area":13711.16,"pct":50.49}},"city":{"roads":{"area":6161.71,"pct":22.69}},"id":"hex:2108:17372"},"type":"Feature"},{"geometry":{"coordinates":[[[-118.13477,33.98666],[-118.13546,33.98763],[-118.1348,33.98861],[-118.13344,33.98862],[-118.13275,33.98765],[-118.13311,33.98713],[-118.13321,33.98716],[-118.13349,33.98667],[-118.13477,33.98666]]],"type":"Polygon"},"properties":{"bbox":{"parking":{"area":3356.07,"pct":8.36},"roads":{"area":3337.86,"pct":8.32}},"city_same":1,"id":"hex:2108:17373"},"type":"Feature"},{"geometry":{"coordinates":[[[-118.13278,33.9896],[-118.13347,33.99057],[-118.13482,33.99056],[-118.13549,33.98958],[-118.1348,33.98861],[-118.13344,33.98862],[-118.13278,33.9896]]],"type":"Polygon"},"properties":{"bbox":{"roads":{"area":2563.77,"pct":6.32}},"city":{"roads":{"area":1828.05,"pct":4.5}},"id":"hex:2108:17374"},"type":"Feature"},{"geometry":{"coordinates":[[[-118.1328,33.99155],[-118.13349,33.99252],[-118.13485,33.99251],[-118.13551,33.99153],[-118.13482,33.99056],[-118.13347,33.99057],[-118.1328,33.99155]]],"type":"Polygon"},"properties":{"bbox":{"roads":{"area":5776.75,"pct":14.23},"sidewalks":{"area":400.87,"pct":0.99}},"city":{"roads":{"area":2452.89,"pct":6.04},"sidewalks":{"area":400.87,"pct":0.99}},"id":"hex:2108:17375"},"type":"Feature"},{"geometry":{"coordinates":[[[-118.13283,33.99351],[-118.13352,33.99448],[-118.13487,33.99446],[-118.13554,33.99348],[-118.13485,33.99251],[-118.13349,33.99252],[-118.13283,33.99351]]],"type":"Polygon"},"properties":{"bbox":{"parking":{"area":257.11,"pct":0.63},"roads":{"area":7334.88,"pct":18.07},"sidewalks":{"area":326.17,"pct":0.8}},"city":{"parking":{"area":257.11,"pct":0.63},"roads":{"area":3899.13,"pct":9.6},"sidewalks":{"area":326.17,"pct":0.8}},"id":"hex:2108:17376"},"type":"Feature"},{"geometry":{"coordinates":[[[-118.13286,33.99546],[-118.13355,33.99643],[-118.1349,33.99642],[-118.13556,33.99543],[-118.13487,33.99446],[-118.13352,33.99448],[-118.13286,33.99546]]],"type":"Polygon"},"properties":{"bbox":{"parking":{"area":3896.77,"pct":9.6},"roads":{"area":6147.72,"pct":15.14},"sidewalks":{"area":336.97,"pct":0.83}},"city":{"parking":{"area":3896.77,"pct":9.6},"roads":{"area":2689.08,"pct":6.62},"sidewalks":{"area":336.97,"pct":0.83}},"id":"hex:2108:17377"},"type":"Feature"},{"geometry":{"coordinates":[[[-118.13288,33.99741],[-118.13357,33.99838],[-118.13493,33.99837],[-118.13559,33.99739],[-118.1349,33.99642],[-118.13355,33.99643],[-118.13288,33.99741]]],"type":"Polygon"},"properties":{"bbox":{"roads":{"area":5887.67,"pct":14.5}},"city":{"roads":{"area":2428.04,"pct":5.98}},"id":"hex:2108:17378"},"type":"Feature"},{"geometry":{"coordinates":[[[-118.13291,33.99936],[-118.1336,34.00033],[-118.13495,34.00032],[-118.13562,33.99934],[-118.13493,33.99837],[-118.13357,33.99838],[-118.13291,33.99936]]],"type":"Polygon"},"properties":{"bbox":{"roads":{"area":5614.59,"pct":13.83}},"city":{"roads":{"area":2992.11,"pct":7.37}},"id":"hex:2108:17379"},"type":"Feature"},{"geometry":{"coordinates":[[[-118.13293,34.00132],[-118.13362,34.00229],[-118.13498,34.00227],[-118.13564,34.00129],[-118.13495,34.00032],[-118.1336,34.00033],[-118.13293,34.00132]]],"type":"Polygon"},"properties":{"bbox":{"roads":{"area":3318.01,"pct":8.17}},"city_same":1,"id":"hex:2108:17380"},"type":"Feature"},{"geometry":{"coordinates":[[[-118.13296,34.00327],[-118.13365,34.00424],[-118.135,34.00423],[-118.13567,34.00324],[-118.13498,34.00227],[-118.13362,34.00229],[-118.13296,34.00327]]],"type":"Polygon"},"properties":{"bbox":{"roads":{"area":2191,"pct":5.4}},"city_same":1,"id":"hex:2108:17381"},"type":"Feature"},{"geometry":{"coordinates":[[[-118.13299,34.00522],[-118.13368,34.00619],[-118.13503,34.00618],[-118.13569,34.0052],[-118.135,34.00423],[-118.13365,34.00424],[-118.13299,34.00522]]],"type":"Polygon"},"properties":{"bbox":{"roads":{"area":3796.18,"pct":9.35}},"city_same":1,"id":"hex:2108:17382"},"type":"Feature"},{"geometry":{"coordinates":[[[-118.13301,34.00717],[-118.1337,34.00814],[-118.13506,34.00813],[-118.13572,34.00715],[-118.13503,34.00618],[-118.13368,34.00619],[-118.13301,34.00717]]],"type":"Polygon"},"properties":{"bbox":{"roads":{"area":1269.9,"pct":3.13}},"city_same":1,"id":"hex:2108:17383"},"type":"Feature"},{"geometry":{"coordinates":[[[-118.1337,34.00814],[-118.13506,34.00813],[-118.13547,34.00872],[-118.13521,34.0087],[-118.13511,34.00869],[-118.13425,34.00861],[-118.13343,34.00855],[-118.1337,34.00814]]],"type":"Polygon"},"properties":{"bbox":{"roads":{"area":908.04,"pct":10.6}},"city_same":1,"id":"hex:2108:17384"},"type":"Feature"},{"geometry":{"coordinates":[[[-118.13324,33.973],[-118.13257,33.97398],[-118.13122,33.974],[-118.13064,33.97318],[-118.13067,33.97317],[-118.13105,33.97301],[-118.13144,33.97286],[-118.13154,33.97282],[-118.13178,33.97274],[-118.13196,33.97268],[-118.13256,33.97252],[-118.13285,33.97246],[-118.13285,33.97246],[-118.13324,33.973]]],"type":"Polygon"},"properties":{"bbox":{"roads":{"area":4284.12,"pct":16.06}},"city":{"roads":{"area":2777.56,"pct":10.41}},"id":"hex:2109:17365"},"type":"Feature"},{"geometry":{"coordinates":[[[-118.13056,33.97498],[-118.13124,33.97595],[-118.1326,33.97594],[-118.13326,33.97495],[-118.13257,33.97398],[-118.13122,33.974],[-118.13056,33.97498]]],"type":"Polygon"},"properties":{"bbox":{"roads":{"area":5319.48,"pct":13.1}},"city_same":1,"id":"hex:2109:17366"},"type":"Feature"},{"geometry":{"coordinates":[[[-118.13058,33.97693],[-118.13127,33.9779],[-118.13262,33.97789],[-118.13329,33.97691],[-118.1326,33.97594],[-118.13124,33.97595],[-118.13058,33.97693]]],"type":"Polygon"},"properties":{"bbox":{"roads":{"area":3344.35,"pct":8.24}},"city_same":1,"id":"hex:2109:17367"},"type":"Feature"},{"geometry":{"coordinates":[[[-118.13061,33.97888],[-118.1313,33.97985],[-118.13265,33.97984],[-118.13331,33.97886],[-118.13262,33.97789],[-118.13127,33.9779],[-118.13061,33.97888]]],"type":"Polygon"},"properties":{"bbox":{"roads":{"area":4559.07,"pct":11.23}},"city_same":1,"id":"hex:2109:17368"},"type":"Feature"},{"geometry":{"coordinates":[[[-118.13063,33.98084],[-118.13132,33.98181],[-118.13268,33.98179],[-118.13334,33.98081],[-118.13265,33.97984],[-118.1313,33.97985],[-118.13063,33.98084]]],"type":"Polygon"},"properties":{"bbox":{"roads":{"area":2558.33,"pct":6.3}},"city_same":1,"id":"hex:2109:17369"},"type":"Feature"},{"geometry":{"coordinates":[[[-118.13132,33.98181],[-118.13268,33.98179],[-118.13336,33.98276],[-118.1327,33.98375],[-118.13236,33.98375],[-118.1322,33.98359],[-118.13214,33.98353],[-118.13193,33.98332],[-118.13169,33.98309],[-118.13095,33.98235],[-118.13132,33.98181]]],"type":"Polygon"},"properties":{"bbox":{"roads":{"area":12000.81,"pct":39.54}},"city":{"roads":{"area":5227.2,"pct":17.22}},"id":"hex:2109:17370"},"type":"Feature"},{"geometry":{"coordinates":[[[-118.1327,33.98375],[-118.13339,33.98472],[-118.13334,33.98479],[-118.13275,33.98413],[-118.13236,33.98375],[-118.1327,33.98375]]],"type":"Polygon"},"properties":{"bbox":{"roads":{"area":1571.46,"pct":72.37}},"city":{"roads":{"area":1162.44,"pct":53.54}},"id":"hex:2109:17371"},"type":"Feature"},{"geometry":{"coordinates":[[[-118.13275,33.98765],[-118.1314,33.98766],[-118.13071,33.98669],[-118.13093,33.98636],[-118.13311,33.98713],[-118.13275,33.98765]]],"type":"Polygon"},"properties":{"bbox":{"roads":{"area":1453.33,"pct":7.86}},"city_same":1,"id":"hex:2109:17372"},"type":"Feature"},{"geometry":{"coordinates":[[[-118.13074,33.98864],[-118.13143,33.98961],[-118.13278,33.9896],[-118.13344,33.98862],[-118.13275,33.98765],[-118.1314,33.98766],[-118.13074,33.98864]]],"type":"Polygon"},"properties":{"bbox":{"roads":{"area":2562.05,"pct":6.31}},"city_same":1,"id":"hex:2109:17373"},"type":"Feature"},{"geometry":{"coordinates":[[[-118.13076,33.9906],[-118.13145,33.99157],[-118.1328,33.99155],[-118.13347,33.99057],[-118.13278,33.9896],[-118.13143,33.98961],[-118.13076,33.9906]]],"type":"Polygon"},"properties":{"bbox":{"roads":{"area":3344.51,"pct":8.24},"sidewalks":{"area":438.52,"pct":1.08}},"city_same":1,"id":"hex:2109:17374"},"type":"Feature"},{"geometry":{"coordinates":[[[-118.13079,33.99255],[-118.13148,33.99352],[-118.13283,33.99351],[-118.13349,33.99252],[-118.1328,33.99155],[-118.13145,33.99157],[-118.13079,33.99255]]],"type":"Polygon"},"properties":{"bbox":{"roads":{"area":2214.76,"pct":5.46}},"city_same":1,"id":"hex:2109:17375"},"type":"Feature"},{"geometry":{"coordinates":[[[-118.13081,33.9945],[-118.1315,33.99547],[-118.13286,33.99546],[-118.13352,33.99448],[-118.13283,33.99351],[-118.13148,33.99352],[-118.13081,33.9945]]],"type":"Polygon"},"properties":{"bbox":{"parking":{"area":5080.18,"pct":12.51},"roads":{"area":1655.21,"pct":4.08}},"city_same":1,"id":"hex:2109:17376"},"type":"Feature"},{"geometry":{"coordinates":[[[-118.13084,33.99645],[-118.13153,33.99742],[-118.13288,33.99741],[-118.13355,33.99643],[-118.13286,33.99546],[-118.1315,33.99547],[-118.13084,33.99645]]],"type":"Polygon"},"properties":{"bbox":{"roads":{"area":1352.86,"pct":3.33},"sidewalks":{"area":208.59,"pct":0.51}},"city_same":1,"id":"hex:2109:17377"},"type":"Feature"},{"geometry":{"coordinates":[[[-118.13087,33.99841],[-118.13156,33.99938],[-118.13291,33.99936],[-118.13357,33.99838],[-118.13288,33.99741],[-118.13153,33.99742],[-118.13087,33.99841]]],"type":"Polygon"},"properties":{"bbox":{"roads":{"area":3278.17,"pct":8.08},"sidewalks":{"area":366.16,"pct":0.9}},"city_same":1,"id":"hex:2109:17378"},"type":"Feature"},{"geometry":{"coordinates":[[[-118.13089,34.00036],[-118.13158,34.00133],[-118.13293,34.00132],[-118.1336,34.00033],[-118.13291,33.99936],[-118.13156,33.99938],[-118.13089,34.00036]]],"type":"Polygon"},"properties":{"bbox":{"roads":{"area":9732.72,"pct":23.98},"sidewalks":{"area":104.34,"pct":0.26}},"city":{"roads":{"area":6922.55,"pct":17.05},"sidewalks":{"area":104.34,"pct":0.26}},"id":"hex:2109:17379"},"type":"Feature"},{"geometry":{"coordinates":[[[-118.13092,34.00231],[-118.13161,34.00328],[-118.13296,34.00327],[-118.13362,34.00229],[-118.13293,34.00132],[-118.13158,34.00133],[-118.13092,34.00231]]],"type":"Polygon"},"properties":{"bbox":{"roads":{"area":4814.42,"pct":11.86}},"city":{"roads":{"area":1894.21,"pct":4.67}},"id":"hex:2109:17380"},"type":"Feature"},{"geometry":{"coordinates":[[[-118.13094,34.00426],[-118.13163,34.00523],[-118.13299,34.00522],[-118.13365,34.00424],[-118.13296,34.00327],[-118.13161,34.00328],[-118.13094,34.00426]]],"type":"Polygon"},"properties":{"bbox":{"roads":{"area":2364.76,"pct":5.83}},"city":{"roads":{"area":734.03,"pct":1.81}},"id":"hex:2109:17381"},"type":"Feature"},{"geometry":{"coordinates":[[[-118.13097,34.00622],[-118.13166,34.00719],[-118.13301,34.00717],[-118.13368,34.00619],[-118.13299,34.00522],[-118.13163,34.00523],[-118.13097,34.00622]]],"type":"Polygon"},"properties":{"bbox":{"roads":{"area":5272.1,"pct":12.99}},"city":{"roads":{"area":3185.24,"pct":7.85}},"id":"hex:2109:17382"},"type":"Feature"},{"geometry":{"coordinates":[[[-118.131,34.00817],[-118.13166,34.00719],[-118.13301,34.00717],[-118.1337,34.00814],[-118.13343,34.00855],[-118.13342,34.00854],[-118.13208,34.00843],[-118.13188,34.00842],[-118.13142,34.00839],[-118.13137,34.00838],[-118.13131,34.00838],[-118.13114,34.00837],[-118.131,34.00817]]],"type":"Polygon"},"properties":{"bbox":{"roads":{"area":3931.21,"pct":14.05}},"city":{"roads":{"area":2279.46,"pct":8.15}},"id":"hex:2109:17383"},"type":"Feature"},{"geometry":{"geometries":[{"coordinates":[[[-118.12915,33.97109],[-118.12901,33.97089],[-118.12908,33.97088],[-118.12924,33.9709],[-118.12941,33.97094],[-118.1295,33.97108],[-118.12915,33.97109]]],"type":"Polygon"},{"coordinates":[[-118.12941,33.97094],[-118.12938,33.97087]],"type":"LineString"}],"type":"GeometryCollection"},"properties":{"bbox":{"roads":{"area":133.74,"pct":19.82}},"city_same":1,"id":"hex:2110:17364"},"type":"Feature"},{"geometry":{"coordinates":[[[-118.12918,33.97304],[-118.12849,33.97207],[-118.12915,33.97109],[-118.1295,33.97108],[-118.12966,33.97136],[-118.12971,33.97152],[-118.12995,33.97197],[-118.13002,33.9721],[-118.13035,33.97271],[-118.13044,33.97289],[-118.13051,33.97303],[-118.12918,33.97304]]],"type":"Polygon"},"properties":{"bbox":{"roads":{"area":1789.01,"pct":7.6}},"city_same":1,"id":"hex:2110:17365"},"type":"Feature"},{"geometry":{"coordinates":[[[-118.13122,33.974],[-118.13056,33.97498],[-118.1292,33.97499],[-118.12851,33.97402],[-118.12918,33.97304],[-118.13051,33.97303],[-118.1306,33.97319],[-118.13064,33.97318],[-118.13122,33.974]]],"type":"Polygon"},"properties":{"bbox":{"roads":{"area":7094.6,"pct":17.5}},"city":{"roads":{"area":4079.72,"pct":10.06}},"id":"hex:2110:17366"},"type":"Feature"},{"geometry":{"coordinates":[[[-118.12854,33.97597],[-118.12923,33.97694],[-118.13058,33.97693],[-118.13124,33.97595],[-118.13056,33.97498],[-118.1292,33.97499],[-118.12854,33.97597]]],"type":"Polygon"},"properties":{"bbox":{"roads":{"area":4576.15,"pct":11.27}},"city_same":1,"id":"hex:2110:17367"},"type":"Feature"},{"geometry":{"coordinates":[[[-118.12856,33.97793],[-118.12925,33.9789],[-118.13061,33.97888],[-118.13127,33.9779],[-118.13058,33.97693],[-118.12923,33.97694],[-118.12856,33.97793]]],"type":"Polygon"},"properties":{"bbox":{"roads":{"area":8501.94,"pct":20.94}},"city_same":1,"id":"hex:2110:17368"},"type":"Feature"},{"geometry":{"coordinates":[[[-118.12925,33.9789],[-118.13061,33.97888],[-118.1313,33.97985],[-118.13063,33.98084],[-118.12946,33.98085],[-118.1286,33.97986],[-118.12925,33.9789]]],"type":"Polygon"},"properties":{"bbox":{"roads":{"area":9317.79,"pct":23.54}},"city":{"roads":{"area":4451.36,"pct":11.24}},"id":"hex:2110:17369"},"type":"Feature"},{"geometry":{"coordinates":[[[-118.13063,33.98084],[-118.13132,33.98181],[-118.13095,33.98235],[-118.13091,33.98231],[-118.13008,33.9815],[-118.12973,33.98115],[-118.12964,33.98105],[-118.12946,33.98085],[-118.13063,33.98084]]],"type":"Polygon"},"properties":{"bbox":{"roads":{"area":8471.94,"pct":64.35}},"city":{"roads":{"area":3052.5,"pct":23.19}},"id":"hex:2110:17370"},"type":"Feature"},{"geometry":{"coordinates":[[[-118.13071,33.98669],[-118.12936,33.9867],[-118.12867,33.98574],[-118.12876,33.9856],[-118.13093,33.98636],[-118.13071,33.98669]]],"type":"Polygon"},"properties":{"bbox":{"roads":{"area":1141.52,"pct":8.68}},"city_same":1,"id":"hex:2110:17372"},"type":"Feature"},{"geometry":{"coordinates":[[[-118.12869,33.98769],[-118.12938,33.98866],[-118.13074,33.98864],[-118.1314,33.98766],[-118.13071,33.98669],[-118.12936,33.9867],[-118.12869,33.98769]]],"type":"Polygon"},"properties":{"bbox":{"roads":{"area":2248.5,"pct":5.54}},"city_same":1,"id":"hex:2110:17373"},"type":"Feature"},{"geometry":{"coordinates":[[[-118.12872,33.98964],[-118.12941,33.99061],[-118.13076,33.9906],[-118.13143,33.98961],[-118.13074,33.98864],[-118.12938,33.98866],[-118.12872,33.98964]]],"type":"Polygon"},"properties":{"bbox":{"roads":{"area":2533.32,"pct":6.24}},"city_same":1,"id":"hex:2110:17374"},"type":"Feature"},{"geometry":{"coordinates":[[[-118.12875,33.99159],[-118.12943,33.99256],[-118.13079,33.99255],[-118.13145,33.99157],[-118.13076,33.9906],[-118.12941,33.99061],[-118.12875,33.99159]]],"type":"Polygon"},"properties":{"bbox":{"roads":{"area":3781.3,"pct":9.31},"sidewalks":{"area":268.34,"pct":0.66}},"city_same":1,"id":"hex:2110:17375"},"type":"Feature"},{"geometry":{"coordinates":[[[-118.12943,33.99256],[-118.13079,33.99255],[-118.13148,33.99352],[-118.13081,33.9945],[-118.12946,33.99451],[-118.12945,33.9945],[-118.12976,33.99322],[-118.12917,33.99295],[-118.12943,33.99256]]],"type":"Polygon"},"properties":{"bbox":{"roads":{"area":2857.44,"pct":8.86},"sidewalks":{"area":187.57,"pct":0.58}},"city_same":1,"id":"hex:2110:17376"},"type":"Feature"},{"geometry":{"coordinates":[[[-118.12946,33.99451],[-118.13081,33.9945],[-118.1315,33.99547],[-118.13084,33.99645],[-118.12949,33.99647],[-118.12911,33.99593],[-118.12944,33.99454],[-118.12946,33.99451]]],"type":"Polygon"},"properties":{"bbox":{"roads":{"area":1668.75,"pct":4.43}},"city_same":1,"id":"hex:2110:17377"},"type":"Feature"},{"geometry":{"coordinates":[[[-118.12882,33.99745],[-118.12951,33.99842],[-118.13087,33.99841],[-118.13153,33.99742],[-118.13084,33.99645],[-118.12949,33.99647],[-118.12882,33.99745]]],"type":"Polygon"},"properties":{"bbox":{"roads":{"area":2732.08,"pct":6.73}},"city_same":1,"id":"hex:2110:17378"},"type":"Feature"},{"geometry":{"coordinates":[[[-118.12885,33.9994],[-118.12954,34.00037],[-118.13089,34.00036],[-118.13156,33.99938],[-118.13087,33.99841],[-118.12951,33.99842],[-118.12885,33.9994]]],"type":"Polygon"},"properties":{"bbox":{"roads":{"area":6467.19,"pct":15.93},"sidewalks":{"area":211.61,"pct":0.52}},"city_same":1,"id":"hex:2110:17379"},"type":"Feature"},{"geometry":{"coordinates":[[[-118.1291,34.00167],[-118.1293,34.00132],[-118.12933,34.00127],[-118.12953,34.00089],[-118.12926,34.00078],[-118.12954,34.00037],[-118.13089,34.00036],[-118.13158,34.00133],[-118.13092,34.00231],[-118.1298,34.00232],[-118.12962,34.0022],[-118.12941,34.00211],[-118.1291,34.00167]]],"type":"Polygon"},"properties":{"bbox":{"roads":{"area":2666.18,"pct":7.08}},"city_same":1,"id":"hex:2110:17380"},"type":"Feature"},{"geometry":{"coordinates":[[[-118.13092,34.00231],[-118.13161,34.00328],[-118.13094,34.00426],[-118.12959,34.00428],[-118.12919,34.00371],[-118.12943,34.0033],[-118.12988,34.00253],[-118.1299,34.00251],[-118.12987,34.00246],[-118.12983,34.00235],[-118.1298,34.00232],[-118.13092,34.00231]]],"type":"Polygon"},"properties":{"bbox":{"roads":{"area":2980.68,"pct":8.56}},"city":{"roads":{"area":1976.93,"pct":5.68}},"id":"hex:2110:17381"},"type":"Feature"},{"geometry":{"coordinates":[[[-118.12893,34.00526],[-118.12962,34.00623],[-118.13097,34.00622],[-118.13163,34.00523],[-118.13094,34.00426],[-118.12959,34.00428],[-118.12893,34.00526]]],"type":"Polygon"},"properties":{"bbox":{"roads":{"area":4228.71,"pct":10.42}},"city":{"roads":{"area":2657.07,"pct":6.55}},"id":"hex:2110:17382"},"type":"Feature"},{"geometry":{"coordinates":[[[-118.12895,34.00721],[-118.12964,34.00818],[-118.131,34.00817],[-118.13166,34.00719],[-118.13097,34.00622],[-118.12962,34.00623],[-118.12895,34.00721]]],"type":"Polygon"},"properties":{"bbox":{"roads":{"area":1841.47,"pct":4.54}},"city":{"roads":{"area":731.18,"pct":1.8}},"id":"hex:2110:17383"},"type":"Feature"},{"geometry":{"coordinates":[[[-118.12964,34.00818],[-118.131,34.00817],[-118.13114,34.00837],[-118.13112,34.00836],[-118.13083,34.00834],[-118.13027,34.00828],[-118.12961,34.00822],[-118.12964,34.00818]]],"type":"Polygon"},"properties":{"bbox":{"roads":{"area":685.43,"pct":39.5}},"city_same":1,"id":"hex:2110:17384"},"type":"Feature"},{"geometry":{"coordinates":[[[-118.12651,33.9712],[-118.12657,33.97119],[-118.12693,33.97114],[-118.1276,33.97105],[-118.12891,33.97089],[-118.12901,33.97089],[-118.12915,33.97109],[-118.12849,33.97207],[-118.12713,33.97208],[-118.12693,33.9718],[-118.12695,33.97178],[-118.12695,33.9717],[-118.12691,33.97167],[-118.12684,33.97165],[-118.12683,33.97166],[-118.12651,33.9712]]],"type":"Polygon"},"properties":{"bbox":{"roads":{"area":2440.79,"pct":11.09}},"city_same":1,"id":"hex:2111:17364"},"type":"Feature"},{"geometry":{"coordinates":[[[-118.12647,33.97306],[-118.12716,33.97403],[-118.12851,33.97402],[-118.12918,33.97304],[-118.12849,33.97207],[-118.12713,33.97208],[-118.12647,33.97306]]],"type":"Polygon"},"properties":{"bbox":{"roads":{"area":3906.76,"pct":9.62}},"city":{"roads":{"area":3760.09,"pct":9.26}},"id":"hex:2111:17365"},"type":"Feature"},{"geometry":{"coordinates":[[[-118.1265,33.97502],[-118.12719,33.97599],[-118.12854,33.97597],[-118.1292,33.97499],[-118.12851,33.97402],[-118.12716,33.97403],[-118.1265,33.97502]]],"type":"Polygon"},"properties":{"bbox":{"roads":{"area":6139.1,"pct":15.12}},"city":{"roads":{"area":2681.31,"pct":6.61}},"id":"hex:2111:17366"},"type":"Feature"},{"geometry":{"coordinates":[[[-118.12652,33.97697],[-118.12721,33.97794],[-118.12856,33.97793],[-118.12923,33.97694],[-118.12854,33.97597],[-118.12719,33.97599],[-118.12652,33.97697]]],"type":"Polygon"},"properties":{"bbox":{"roads":{"area":6554.87,"pct":16.15}},"city":{"roads":{"area":5794.4,"pct":14.27}},"id":"hex:2111:17367"},"type":"Feature"},{"geometry":{"coordinates":[[[-118.12721,33.97794],[-118.12856,33.97793],[-118.12925,33.9789],[-118.1286,33.97986],[-118.12855,33.97981],[-118.12706,33.97817],[-118.12721,33.97794]]],"type":"Polygon"},"properties":{"bbox":{"roads":{"area":8179,"pct":35.2}},"city":{"roads":{"area":1625.05,"pct":6.99}},"id":"hex:2111:17368"},"type":"Feature"},{"geometry":{"coordinates":[[[-118.12867,33.98574],[-118.12936,33.9867],[-118.12869,33.98769],[-118.12734,33.9877],[-118.12728,33.98761],[-118.12839,33.98574],[-118.12867,33.98574]]],"type":"Polygon"},"properties":{"bbox":{"roads":{"area":1587.76,"pct":6.56}},"city_same":1,"id":"hex:2111:17372"},"type":"Feature"},{"geometry":{"coordinates":[[[-118.12668,33.98868],[-118.12737,33.98965],[-118.12872,33.98964],[-118.12938,33.98866],[-118.12869,33.98769],[-118.12734,33.9877],[-118.12668,33.98868]]],"type":"Polygon"},"properties":{"bbox":{"roads":{"area":3054,"pct":7.52}},"city_same":1,"id":"hex:2111:17373"},"type":"Feature"},{"geometry":{"coordinates":[[[-118.1267,33.99063],[-118.12739,33.9916],[-118.12875,33.99159],[-118.12941,33.99061],[-118.12872,33.98964],[-118.12737,33.98965],[-118.1267,33.99063]]],"type":"Polygon"},"properties":{"bbox":{"roads":{"area":2709.79,"pct":6.68}},"city_same":1,"id":"hex:2111:17374"},"type":"Feature"},{"geometry":{"coordinates":[[[-118.12739,33.9916],[-118.12875,33.99159],[-118.12943,33.99256],[-118.12917,33.99295],[-118.12711,33.99202],[-118.12739,33.9916]]],"type":"Polygon"},"properties":{"bbox":{"roads":{"area":511.57,"pct":2.88}},"city_same":1,"id":"hex:2111:17375"},"type":"Feature"},{"geometry":{"coordinates":[[[-118.12882,33.99745],[-118.12951,33.99842],[-118.12885,33.9994],[-118.12863,33.9994],[-118.12882,33.99902],[-118.1284,33.99885],[-118.12874,33.99745],[-118.12882,33.99745]]],"type":"Polygon"},"properties":{"bbox":{"roads":{"area":1117.98,"pct":9.77},"sidewalks":{"area":105.77,"pct":0.92}},"city_same":1,"id":"hex:2111:17378"},"type":"Feature"},{"geometry":{"coordinates":[[[-118.12885,33.9994],[-118.12954,34.00037],[-118.12926,34.00078],[-118.12853,34.00048],[-118.12886,33.99992],[-118.12848,33.99973],[-118.12863,33.9994],[-118.12885,33.9994]]],"type":"Polygon"},"properties":{"bbox":{"roads":{"area":626.63,"pct":8.03}},"city_same":1,"id":"hex:2111:17379"},"type":"Feature"},{"geometry":{"coordinates":[[[-118.12959,34.00428],[-118.12893,34.00526],[-118.12831,34.00526],[-118.1287,34.00457],[-118.12919,34.00371],[-118.12959,34.00428]]],"type":"Polygon"},"properties":{"bbox":{"roads":{"area":1344.92,"pct":15.27}},"city_same":1,"id":"hex:2111:17381"},"type":"Feature"},{"geometry":{"coordinates":[[[-118.12893,34.00526],[-118.12962,34.00623],[-118.12895,34.00721],[-118.1276,34.00722],[-118.12744,34.00699],[-118.12818,34.00548],[-118.12831,34.00526],[-118.12893,34.00526]]],"type":"Polygon"},"properties":{"bbox":{"roads":{"area":1987.53,"pct":6.83}},"city_same":1,"id":"hex:2111:17382"},"type":"Feature"},{"geometry":{"coordinates":[[[-118.1276,34.00722],[-118.12895,34.00721],[-118.12964,34.00818],[-118.12961,34.00822],[-118.12926,34.00819],[-118.12892,34.00816],[-118.12862,34.00813],[-118.12818,34.0081],[-118.1281,34.00809],[-118.12803,34.00809],[-118.12757,34.00805],[-118.1274,34.00803],[-118.12741,34.00776],[-118.12761,34.00776],[-118.1276,34.00765],[-118.12779,34.00764],[-118.12783,34.00726],[-118.12759,34.00724],[-118.1276,34.00722]]],"type":"Polygon"},"properties":{"bbox":{"roads":{"area":1298.51,"pct":8.36}},"city_same":1,"id":"hex:2111:17383"},"type":"Feature"},{"geometry":{"coordinates":[[[-118.12713,33.97208],[-118.12647,33.97306],[-118.12512,33.97308],[-118.12443,33.97211],[-118.12631,33.97127],[-118.12643,33.97122],[-118.12651,33.9712],[-118.12683,33.97166],[-118.12677,33.97168],[-118.12673,33.97172],[-118.12674,33.97179],[-118.12679,33.97182],[-118.12686,33.97184],[-118.12691,33.97181],[-118.12693,33.9718],[-118.12713,33.97208]]],"type":"Polygon"},"properties":{"bbox":{"roads":{"area":1874.43,"pct":5.78}},"city_same":1,"id":"hex:2112:17365"},"type":"Feature"},{"geometry":{"coordinates":[[[-118.12445,33.97406],[-118.12514,33.97503],[-118.1265,33.97502],[-118.12716,33.97403],[-118.12647,33.97306],[-118.12512,33.97308],[-118.12445,33.97406]]],"type":"Polygon"},"properties":{"bbox":{"roads":{"area":3985.52,"pct":9.82}},"city_same":1,"id":"hex:2112:17366"},"type":"Feature"},{"geometry":{"coordinates":[[[-118.12514,33.97503],[-118.1265,33.97502],[-118.12719,33.97599],[-118.12652,33.97697],[-118.12556,33.97698],[-118.12535,33.97678],[-118.12527,33.9767],[-118.12465,33.97608],[-118.12453,33.97596],[-118.12452,33.97595],[-118.12514,33.97503]]],"type":"Polygon"},"properties":{"bbox":{"parking":{"area":1269.61,"pct":3.33},"roads":{"area":17134.64,"pct":44.89}},"city":{"parking":{"area":1269.61,"pct":3.33},"roads":{"area":7255.56,"pct":19.01}},"id":"hex:2112:17367"},"type":"Feature"},{"geometry":{"coordinates":[[[-118.12652,33.97697],[-118.12721,33.97794],[-118.12706,33.97817],[-118.12658,33.97764],[-118.12637,33.97778],[-118.12578,33.9772],[-118.12556,33.97698],[-118.12556,33.97698],[-118.12652,33.97697]]],"type":"Polygon"},"properties":{"bbox":{"roads":{"area":4925.91,"pct":62.75}},"city":{"roads":{"area":933.34,"pct":11.89}},"id":"hex:2112:17368"},"type":"Feature"},{"geometry":{"coordinates":[[[-118.12734,33.9877],[-118.12668,33.98868],[-118.12664,33.98868],[-118.12728,33.98761],[-118.12734,33.9877]]],"type":"Polygon"},"properties":{"bbox":{"roads":{"area":213.9,"pct":25.95}},"city_same":1,"id":"hex:2112:17373"},"type":"Feature"},{"geometry":{"coordinates":[[[-118.12668,33.98868],[-118.12737,33.98965],[-118.1267,33.99063],[-118.12548,33.99065],[-118.12664,33.98868],[-118.12668,33.98868]]],"type":"Polygon"},"properties":{"bbox":{"roads":{"area":234.18,"pct":1.21}},"city_same":1,"id":"hex:2112:17374"},"type":"Feature"},{"geometry":{"coordinates":[[[-118.1267,33.99063],[-118.12739,33.9916],[-118.12711,33.99202],[-118.12518,33.99114],[-118.12548,33.99065],[-118.1267,33.99063]]],"type":"Polygon"},"properties":{"bbox":{"roads":{"area":1023.68,"pct":5.76}},"city_same":1,"id":"hex:2112:17375"},"type":"Feature"},{"geometry":{"geometries":[{"coordinates":[[[-118.12308,33.97212],[-118.12295,33.97195],[-118.12328,33.97172],[-118.12412,33.97115],[-118.12498,33.97097],[-118.12499,33.97097],[-118.12477,33.97114],[-118.12421,33.97153],[-118.1239,33.97176],[-118.1237,33.97194],[-118.12367,33.97196],[-118.12365,33.97199],[-118.12364,33.97202],[-118.12364,33.97205],[-118.12365,33.97208],[-118.12366,33.97211],[-118.12353,33.97211],[-118.12352,33.97209],[-118.12345,33.97204],[-118.12338,33.97204],[-118.12326,33.97212],[-118.12308,33.97212]]],"type":"Polygon"},{"coordinates":[[-118.12412,33.97115],[-118.12401,33.97118]],"type":"LineString"}],"type":"GeometryCollection"},"properties":{"bbox":{"roads":{"area":591.76,"pct":8.5}},"id":"hex:2113:17364"},"type":"Feature"},{"geometry":{"coordinates":[[[[-118.12512,33.97308],[-118.12445,33.97406],[-118.1231,33.97407],[-118.12241,33.9731],[-118.12248,33.973],[-118.12258,33.97296],[-118.12283,33.97284],[-118.12298,33.97277],[-118.1231,33.97269],[-118.12348,33.9725],[-118.12352,33.97249],[-118.12357,33.97248],[-118.12361,33.97246],[-118.12364,33.97242],[-118.12365,33.97238],[-118.1236,33.97228],[-118.12355,33.97218],[-118.12353,33.97211],[-118.12366,33.97211],[-118.12369,33.97217],[-118.1238,33.9723],[-118.12384,33.97232],[-118.12389,33.97234],[-118.12394,33.97234],[-118.12399,33.97233],[-118.12403,33.97231],[-118.12438,33.97214],[-118.12443,33.97211],[-118.12512,33.97308]]],[[[-118.12308,33.97212],[-118.12326,33.97212],[-118.12294,33.97232],[-118.12308,33.97212]]]],"type":"MultiPolygon"},"properties":{"bbox":{"parking":{"area":4654.77,"pct":13.15},"roads":{"area":7303.77,"pct":20.63}},"city":{"parking":{"area":4654.77,"pct":13.15},"roads":{"area":1907.93,"pct":5.39}},"id":"hex:2113:17365"},"type":"Feature"},{"geometry":{"coordinates":[[[-118.1231,33.97407],[-118.12445,33.97406],[-118.12514,33.97503],[-118.12452,33.97595],[-118.12423,33.97566],[-118.12373,33.97516],[-118.12363,33.97511],[-118.12283,33.97448],[-118.12283,33.97448],[-118.1231,33.97407]]],"type":"Polygon"},"properties":{"bbox":{"parking":{"area":5930.41,"pct":24.35},"roads":{"area":10886.14,"pct":44.71}},"city":{"parking":{"area":5930.41,"pct":24.35},"roads":{"area":6100.17,"pct":25.05}},"id":"hex:2113:17366"},"type":"Feature"},{"geometry":{"coordinates":[[[[-118.12141,33.97311],[-118.12137,33.97308],[-118.12152,33.97296],[-118.12295,33.97195],[-118.12308,33.97212],[-118.12294,33.97232],[-118.12274,33.97245],[-118.12208,33.97289],[-118.12175,33.97311],[-118.12141,33.97311]]],[[[-118.12241,33.9731],[-118.12225,33.9731],[-118.12248,33.973],[-118.12241,33.9731]]]],"type":"MultiPolygon"},"properties":{"bbox":{"roads":{"area":434.01,"pct":8.62}},"city":{"roads":{"area":139.74,"pct":2.77}},"id":"hex:2114:17365"},"type":"Feature"},{"geometry":{"coordinates":[[[[-118.12241,33.9731],[-118.1231,33.97407],[-118.12283,33.97448],[-118.12165,33.97334],[-118.12177,33.97322],[-118.12183,33.97317],[-118.12187,33.97316],[-118.12217,33.97314],[-118.12222,33.97312],[-118.12225,33.9731],[-118.12241,33.9731]]],[[[-118.12175,33.97311],[-118.12173,33.97313],[-118.12155,33.97324],[-118.12141,33.97311],[-118.12175,33.97311]]]],"type":"MultiPolygon"},"properties":{"bbox":{"parking":{"area":2915.78,"pct":31.06},"roads":{"area":2762.35,"pct":29.43}},"city_same":1,"id":"hex:2114:17366"},"type":"Feature"}],"type":"FeatureCollection","v":2}