{"features":[{"geometry":{"coordinates":[[[-118.51506,34.02649],[-118.51572,34.0255],[-118.51698,34.02549],[-118.51696,34.02551],[-118.51689,34.02557],[-118.51676,34.02569],[-118.51533,34.02686],[-118.51506,34.02649]]],"type":"Polygon"},"properties":{"bbox":{"parking":{"area":923.66,"pct":8},"roads":{"area":1755.71,"pct":15.2},"sidewalks":{"area":93.18,"pct":0.81}},"city":{"parking":{"area":923.66,"pct":8},"roads":{"area":317.02,"pct":2.75},"sidewalks":{"area":93.18,"pct":0.81}},"id":"hex:1920:17395"},"type":"Feature"},{"geometry":{"coordinates":[[[-118.51568,34.02355],[-118.51502,34.02454],[-118.51367,34.02455],[-118.51298,34.02359],[-118.51363,34.0226],[-118.51461,34.02259],[-118.51546,34.02324],[-118.51568,34.02355]]],"type":"Polygon"},"properties":{"bbox":{"parking":{"area":241.04,"pct":0.61},"roads":{"area":29.64,"pct":0.08}},"city_same":1,"id":"hex:1921:17393"},"type":"Feature"},{"geometry":{"coordinates":[[[-118.51301,34.02554],[-118.5137,34.02651],[-118.51506,34.02649],[-118.51572,34.0255],[-118.51502,34.02454],[-118.51367,34.02455],[-118.51301,34.02554]]],"type":"Polygon"},"properties":{"bbox":{"parking":{"area":3751.9,"pct":9.24},"roads":{"area":8075.52,"pct":19.89},"sidewalks":{"area":404.33,"pct":1}},"city":{"parking":{"area":3751.9,"pct":9.24},"roads":{"area":2463.7,"pct":6.07},"sidewalks":{"area":404.33,"pct":1}},"id":"hex:1921:17394"},"type":"Feature"},{"geometry":{"coordinates":[[[-118.51374,34.02846],[-118.51304,34.02749],[-118.5137,34.02651],[-118.51506,34.02649],[-118.51533,34.02686],[-118.51524,34.02694],[-118.51491,34.02781],[-118.51486,34.02789],[-118.51481,34.02795],[-118.51463,34.02806],[-118.51427,34.02845],[-118.51374,34.02846]]],"type":"Polygon"},"properties":{"bbox":{"roads":{"area":4493.93,"pct":14.37},"sidewalks":{"area":283.07,"pct":0.9}},"city":{"roads":{"area":3831.02,"pct":12.25},"sidewalks":{"area":283.07,"pct":0.9}},"id":"hex:1921:17395"},"type":"Feature"},{"geometry":{"coordinates":[[[-118.51308,34.02944],[-118.51374,34.02846],[-118.51427,34.02845],[-118.51422,34.0285],[-118.51411,34.02858],[-118.51388,34.02874],[-118.51333,34.02936],[-118.51315,34.02954],[-118.51308,34.02944]]],"type":"Polygon"},"properties":{"bbox":{"roads":{"area":830.53,"pct":26.27}},"city_same":1,"id":"hex:1921:17396"},"type":"Feature"},{"geometry":{"coordinates":[[[-118.51093,34.02263],[-118.51162,34.0236],[-118.51298,34.02359],[-118.51363,34.0226],[-118.51294,34.02163],[-118.51159,34.02165],[-118.51093,34.02263]]],"type":"Polygon"},"properties":{"bbox":{"parking":{"area":1048.81,"pct":2.58},"roads":{"area":267.86,"pct":0.66}},"city_same":1,"id":"hex:1922:17393"},"type":"Feature"},{"geometry":{"coordinates":[[[-118.51096,34.02459],[-118.51166,34.02555],[-118.51301,34.02554],[-118.51367,34.02455],[-118.51298,34.02359],[-118.51162,34.0236],[-118.51096,34.02459]]],"type":"Polygon"},"properties":{"bbox":{"parking":{"area":4213.15,"pct":10.38},"roads":{"area":8118.09,"pct":20},"sidewalks":{"area":508.93,"pct":1.25}},"city":{"parking":{"area":4213.15,"pct":10.38},"roads":{"area":1301.81,"pct":3.21},"sidewalks":{"area":508.93,"pct":1.25}},"id":"hex:1922:17394"},"type":"Feature"},{"geometry":{"coordinates":[[[-118.511,34.02654],[-118.51169,34.02751],[-118.51304,34.02749],[-118.5137,34.02651],[-118.51301,34.02554],[-118.51166,34.02555],[-118.511,34.02654]]],"type":"Polygon"},"properties":{"bbox":{"roads":{"area":4771.22,"pct":11.75},"sidewalks":{"area":374.44,"pct":0.92}},"city":{"roads":{"area":2264.78,"pct":5.58},"sidewalks":{"area":374.44,"pct":0.92}},"id":"hex:1922:17395"},"type":"Feature"},{"geometry":{"coordinates":[[[-118.51103,34.02849],[-118.51173,34.02946],[-118.51308,34.02944],[-118.51374,34.02846],[-118.51304,34.02749],[-118.51169,34.02751],[-118.51103,34.02849]]],"type":"Polygon"},"properties":{"bbox":{"roads":{"area":3939.78,"pct":9.71}},"city":{"roads":{"area":789.28,"pct":1.94}},"id":"hex:1922:17396"},"type":"Feature"},{"geometry":{"coordinates":[[[-118.51107,34.03044],[-118.51173,34.02946],[-118.51308,34.02944],[-118.51315,34.02954],[-118.51274,34.02995],[-118.51193,34.03062],[-118.51166,34.03079],[-118.51154,34.03089],[-118.51146,34.031],[-118.51107,34.03044]]],"type":"Polygon"},"properties":{"bbox":{"roads":{"area":2648.5,"pct":16.34}},"city_same":1,"id":"hex:1922:17397"},"type":"Feature"},{"geometry":{"coordinates":[[[-118.50888,34.02168],[-118.50957,34.02265],[-118.51093,34.02263],[-118.51159,34.02165],[-118.51089,34.02068],[-118.50954,34.0207],[-118.50888,34.02168]]],"type":"Polygon"},"properties":{"bbox":{"roads":{"area":1428.9,"pct":3.52},"sidewalks":{"area":2.51,"pct":0.01}},"city":{"sidewalks":{"area":2.51,"pct":0.01}},"id":"hex:1923:17392"},"type":"Feature"},{"geometry":{"coordinates":[[[-118.50892,34.02364],[-118.50961,34.0246],[-118.51096,34.02459],[-118.51162,34.0236],[-118.51093,34.02263],[-118.50957,34.02265],[-118.50892,34.02364]]],"type":"Polygon"},"properties":{"bbox":{"parking":{"area":819.11,"pct":2.02},"roads":{"area":7590.31,"pct":18.7},"sidewalks":{"area":712.38,"pct":1.75}},"city":{"parking":{"area":819.11,"pct":2.02},"roads":{"area":787.99,"pct":1.94},"sidewalks":{"area":712.38,"pct":1.75}},"id":"hex:1923:17393"},"type":"Feature"},{"geometry":{"coordinates":[[[-118.50895,34.02559],[-118.50964,34.02656],[-118.511,34.02654],[-118.51166,34.02555],[-118.51096,34.02459],[-118.50961,34.0246],[-118.50895,34.02559]]],"type":"Polygon"},"properties":{"bbox":{"roads":{"area":2940.39,"pct":7.24},"sidewalks":{"area":716.96,"pct":1.77}},"city":{"roads":{"area":2803.17,"pct":6.91},"sidewalks":{"area":716.96,"pct":1.77}},"id":"hex:1923:17394"},"type":"Feature"},{"geometry":{"coordinates":[[[-118.50898,34.02754],[-118.50968,34.02851],[-118.51103,34.02849],[-118.51169,34.02751],[-118.511,34.02654],[-118.50964,34.02656],[-118.50898,34.02754]]],"type":"Polygon"},"properties":{"bbox":{"roads":{"area":2988.43,"pct":7.36}},"city_same":1,"id":"hex:1923:17395"},"type":"Feature"},{"geometry":{"coordinates":[[[-118.50902,34.02949],[-118.50971,34.03046],[-118.51107,34.03044],[-118.51173,34.02946],[-118.51103,34.02849],[-118.50968,34.02851],[-118.50902,34.02949]]],"type":"Polygon"},"properties":{"bbox":{"roads":{"area":6559.03,"pct":16.16}},"city":{"roads":{"area":3440.26,"pct":8.47}},"id":"hex:1923:17396"},"type":"Feature"},{"geometry":{"coordinates":[[[-118.50975,34.03241],[-118.50905,34.03144],[-118.50971,34.03046],[-118.51107,34.03044],[-118.51146,34.031],[-118.51139,34.0311],[-118.51132,34.03117],[-118.51087,34.03142],[-118.51082,34.03144],[-118.51077,34.0315],[-118.51051,34.03185],[-118.50995,34.03241],[-118.50975,34.03241]]],"type":"Polygon"},"properties":{"bbox":{"roads":{"area":2083.9,"pct":7.24}},"city":{"roads":{"area":1974.21,"pct":6.86}},"id":"hex:1923:17397"},"type":"Feature"},{"geometry":{"coordinates":[[[-118.50975,34.03241],[-118.50995,34.03241],[-118.50955,34.03281],[-118.50946,34.03284],[-118.50975,34.03241]]],"type":"Polygon"},"properties":{"bbox":{"roads":{"area":251.13,"pct":43.6}},"city_same":1,"id":"hex:1923:17398"},"type":"Feature"},{"geometry":{"coordinates":[[[-118.50683,34.02073],[-118.50753,34.0217],[-118.50888,34.02168],[-118.50954,34.0207],[-118.50885,34.01973],[-118.50749,34.01975],[-118.50683,34.02073]]],"type":"Polygon"},"properties":{"bbox":{"parking":{"area":6721.57,"pct":16.56},"roads":{"area":6401.46,"pct":15.77},"sidewalks":{"area":573.59,"pct":1.41}},"city":{"parking":{"area":6721.57,"pct":16.56},"roads":{"area":1396.79,"pct":3.44},"sidewalks":{"area":573.59,"pct":1.41}},"id":"hex:1924:17392"},"type":"Feature"},{"geometry":{"coordinates":[[[-118.50687,34.02268],[-118.50756,34.02365],[-118.50892,34.02364],[-118.50957,34.02265],[-118.50888,34.02168],[-118.50753,34.0217],[-118.50687,34.02268]]],"type":"Polygon"},"properties":{"bbox":{"roads":{"area":5879.31,"pct":14.48},"sidewalks":{"area":927.21,"pct":2.28}},"city":{"roads":{"area":1655.57,"pct":4.08},"sidewalks":{"area":927.21,"pct":2.28}},"id":"hex:1924:17393"},"type":"Feature"},{"geometry":{"coordinates":[[[-118.5069,34.02464],[-118.5076,34.0256],[-118.50895,34.02559],[-118.50961,34.0246],[-118.50892,34.02364],[-118.50756,34.02365],[-118.5069,34.02464]]],"type":"Polygon"},"properties":{"bbox":{"roads":{"area":2833.54,"pct":6.98},"sidewalks":{"area":848.83,"pct":2.09}},"city_same":1,"id":"hex:1924:17394"},"type":"Feature"},{"geometry":{"coordinates":[[[-118.50694,34.02659],[-118.50763,34.02756],[-118.50898,34.02754],[-118.50964,34.02656],[-118.50895,34.02559],[-118.5076,34.0256],[-118.50694,34.02659]]],"type":"Polygon"},"properties":{"bbox":{"roads":{"area":4361.99,"pct":10.75},"sidewalks":{"area":746.46,"pct":1.84}},"city_same":1,"id":"hex:1924:17395"},"type":"Feature"},{"geometry":{"coordinates":[[[-118.50697,34.02854],[-118.50767,34.02951],[-118.50902,34.02949],[-118.50968,34.02851],[-118.50898,34.02754],[-118.50763,34.02756],[-118.50697,34.02854]]],"type":"Polygon"},"properties":{"bbox":{"roads":{"area":3676.55,"pct":9.06}},"city_same":1,"id":"hex:1924:17396"},"type":"Feature"},{"geometry":{"coordinates":[[[-118.50701,34.03049],[-118.5077,34.03146],[-118.50905,34.03144],[-118.50971,34.03046],[-118.50902,34.02949],[-118.50767,34.02951],[-118.50701,34.03049]]],"type":"Polygon"},"properties":{"bbox":{"roads":{"area":3765.76,"pct":9.28}},"city":{"roads":{"area":1512.25,"pct":3.73}},"id":"hex:1924:17397"},"type":"Feature"},{"geometry":{"coordinates":[[[-118.50773,34.03341],[-118.50704,34.03244],[-118.5077,34.03146],[-118.50905,34.03144],[-118.50975,34.03241],[-118.50946,34.03284],[-118.50865,34.03308],[-118.50881,34.0333],[-118.50883,34.0334],[-118.50773,34.03341]]],"type":"Polygon"},"properties":{"bbox":{"roads":{"area":5860.33,"pct":15.27}},"city":{"roads":{"area":3181.64,"pct":8.29}},"id":"hex:1924:17398"},"type":"Feature"},{"geometry":{"coordinates":[[[-118.50777,34.03536],[-118.50707,34.0344],[-118.50773,34.03341],[-118.50883,34.0334],[-118.50884,34.03346],[-118.50873,34.03402],[-118.50826,34.03485],[-118.50807,34.03536],[-118.50777,34.03536]]],"type":"Polygon"},"properties":{"bbox":{"roads":{"area":1018.27,"pct":4.67}},"city_same":1,"id":"hex:1924:17399"},"type":"Feature"},{"geometry":{"coordinates":[[[-118.50784,34.03927],[-118.50714,34.0383],[-118.5078,34.03732],[-118.50793,34.03731],[-118.50809,34.0381],[-118.50822,34.03809],[-118.50822,34.03818],[-118.50819,34.03834],[-118.50826,34.03835],[-118.50816,34.03878],[-118.50812,34.03908],[-118.50835,34.03915],[-118.50832,34.0392],[-118.5081,34.03913],[-118.50801,34.03927],[-118.50784,34.03927]]],"type":"Polygon"},"properties":{"bbox":{"roads":{"area":497.03,"pct":3.96}},"city_same":1,"id":"hex:1924:17401"},"type":"Feature"},{"geometry":{"coordinates":[[[-118.50475,34.01783],[-118.50545,34.0188],[-118.5068,34.01878],[-118.50746,34.0178],[-118.50676,34.01683],[-118.50541,34.01685],[-118.50475,34.01783]]],"type":"Polygon"},"properties":{"bbox":{"parking":{"area":1570.86,"pct":3.87},"roads":{"area":419.59,"pct":1.03}},"city_same":1,"id":"hex:1925:17390"},"type":"Feature"},{"geometry":{"coordinates":[[[-118.50479,34.01978],[-118.50548,34.02075],[-118.50683,34.02073],[-118.50749,34.01975],[-118.5068,34.01878],[-118.50545,34.0188],[-118.50479,34.01978]]],"type":"Polygon"},"properties":{"bbox":{"parking":{"area":7378.92,"pct":18.18},"roads":{"area":9847.98,"pct":24.26},"sidewalks":{"area":955.23,"pct":2.35}},"city":{"parking":{"area":7378.92,"pct":18.18},"roads":{"area":3695.23,"pct":9.1},"sidewalks":{"area":955.23,"pct":2.35}},"id":"hex:1925:17391"},"type":"Feature"},{"geometry":{"coordinates":[[[-118.50482,34.02173],[-118.50551,34.0227],[-118.50687,34.02268],[-118.50753,34.0217],[-118.50683,34.02073],[-118.50548,34.02075],[-118.50482,34.02173]]],"type":"Polygon"},"properties":{"bbox":{"roads":{"area":4572.93,"pct":11.26},"sidewalks":{"area":1101.24,"pct":2.71}},"city":{"roads":{"area":3110.01,"pct":7.66},"sidewalks":{"area":1101.24,"pct":2.71}},"id":"hex:1925:17392"},"type":"Feature"},{"geometry":{"coordinates":[[[-118.50485,34.02369],[-118.50555,34.02465],[-118.5069,34.02464],[-118.50756,34.02365],[-118.50687,34.02268],[-118.50551,34.0227],[-118.50485,34.02369]]],"type":"Polygon"},"properties":{"bbox":{"roads":{"area":4106.42,"pct":10.12},"sidewalks":{"area":1137.72,"pct":2.8}},"city_same":1,"id":"hex:1925:17393"},"type":"Feature"},{"geometry":{"coordinates":[[[-118.50489,34.02564],[-118.50558,34.0266],[-118.50694,34.02659],[-118.5076,34.0256],[-118.5069,34.02464],[-118.50555,34.02465],[-118.50489,34.02564]]],"type":"Polygon"},"properties":{"bbox":{"roads":{"area":5636.96,"pct":13.89},"sidewalks":{"area":1129.21,"pct":2.78}},"city_same":1,"id":"hex:1925:17394"},"type":"Feature"},{"geometry":{"coordinates":[[[-118.50492,34.02759],[-118.50562,34.02856],[-118.50697,34.02854],[-118.50763,34.02756],[-118.50694,34.02659],[-118.50558,34.0266],[-118.50492,34.02759]]],"type":"Polygon"},"properties":{"bbox":{"roads":{"area":2328.03,"pct":5.73},"sidewalks":{"area":241.11,"pct":0.59}},"city_same":1,"id":"hex:1925:17395"},"type":"Feature"},{"geometry":{"coordinates":[[[-118.50496,34.02954],[-118.50565,34.03051],[-118.50701,34.03049],[-118.50767,34.02951],[-118.50697,34.02854],[-118.50562,34.02856],[-118.50496,34.02954]]],"type":"Polygon"},"properties":{"bbox":{"roads":{"area":2962.29,"pct":7.3}},"city_same":1,"id":"hex:1925:17396"},"type":"Feature"},{"geometry":{"coordinates":[[[-118.50499,34.03149],[-118.50569,34.03246],[-118.50704,34.03244],[-118.5077,34.03146],[-118.50701,34.03049],[-118.50565,34.03051],[-118.50499,34.03149]]],"type":"Polygon"},"properties":{"bbox":{"roads":{"area":4521.47,"pct":11.14}},"city_same":1,"id":"hex:1925:17397"},"type":"Feature"},{"geometry":{"coordinates":[[[-118.50503,34.03345],[-118.50572,34.03441],[-118.50707,34.0344],[-118.50773,34.03341],[-118.50704,34.03244],[-118.50569,34.03246],[-118.50503,34.03345]]],"type":"Polygon"},"properties":{"bbox":{"roads":{"area":6337.68,"pct":15.61}},"city":{"roads":{"area":3636.11,"pct":8.96}},"id":"hex:1925:17398"},"type":"Feature"},{"geometry":{"coordinates":[[[-118.50506,34.0354],[-118.50576,34.03636],[-118.50711,34.03635],[-118.50777,34.03536],[-118.50707,34.0344],[-118.50572,34.03441],[-118.50506,34.0354]]],"type":"Polygon"},"properties":{"bbox":{"roads":{"area":5749.03,"pct":14.16}},"city":{"roads":{"area":2503.57,"pct":6.17}},"id":"hex:1925:17399"},"type":"Feature"},{"geometry":{"coordinates":[[[-118.5051,34.03735],[-118.50579,34.03832],[-118.50714,34.0383],[-118.5078,34.03732],[-118.50711,34.03635],[-118.50576,34.03636],[-118.5051,34.03735]]],"type":"Polygon"},"properties":{"bbox":{"roads":{"area":4550.24,"pct":11.21}},"city":{"roads":{"area":2022.9,"pct":4.98}},"id":"hex:1925:17400"},"type":"Feature"},{"geometry":{"coordinates":[[[-118.50582,34.04027],[-118.50513,34.0393],[-118.50579,34.03832],[-118.50714,34.0383],[-118.50784,34.03927],[-118.50721,34.0402],[-118.5071,34.04025],[-118.50582,34.04027]]],"type":"Polygon"},"properties":{"bbox":{"roads":{"area":2014.99,"pct":4.97}},"city_same":1,"id":"hex:1925:17401"},"type":"Feature"},{"geometry":{"coordinates":[[[-118.50582,34.04027],[-118.5071,34.04025],[-118.50665,34.04046],[-118.50536,34.04096],[-118.50582,34.04027]]],"type":"Polygon"},"properties":{"bbox":{"roads":{"area":58.19,"pct":1.23}},"city_same":1,"id":"hex:1925:17402"},"type":"Feature"},{"geometry":{"coordinates":[[[-118.5027,34.01688],[-118.5034,34.01785],[-118.50475,34.01783],[-118.50541,34.01685],[-118.50472,34.01588],[-118.50336,34.01589],[-118.5027,34.01688]]],"type":"Polygon"},"properties":{"bbox":{"parking":{"area":5094.8,"pct":12.55},"roads":{"area":2971.79,"pct":7.32},"sidewalks":{"area":18.01,"pct":0.04}},"city":{"parking":{"area":5094.8,"pct":12.55},"roads":{"area":1531.68,"pct":3.77},"sidewalks":{"area":18.01,"pct":0.04}},"id":"hex:1926:17390"},"type":"Feature"},{"geometry":{"coordinates":[[[-118.50274,34.01883],[-118.50343,34.0198],[-118.50479,34.01978],[-118.50545,34.0188],[-118.50475,34.01783],[-118.5034,34.01785],[-118.50274,34.01883]]],"type":"Polygon"},"properties":{"bbox":{"parking":{"area":4068.5,"pct":10.02},"roads":{"area":10148.65,"pct":25},"sidewalks":{"area":684.31,"pct":1.69}},"city":{"parking":{"area":4068.5,"pct":10.02},"roads":{"area":3226.07,"pct":7.95},"sidewalks":{"area":684.31,"pct":1.69}},"id":"hex:1926:17391"},"type":"Feature"},{"geometry":{"coordinates":[[[-118.50277,34.02078],[-118.50347,34.02175],[-118.50482,34.02173],[-118.50548,34.02075],[-118.50479,34.01978],[-118.50343,34.0198],[-118.50277,34.02078]]],"type":"Polygon"},"properties":{"bbox":{"parking":{"area":5.98,"pct":0.01},"roads":{"area":4182.06,"pct":10.3},"sidewalks":{"area":1178.38,"pct":2.9}},"city":{"parking":{"area":5.98,"pct":0.01},"roads":{"area":3875,"pct":9.55},"sidewalks":{"area":1178.38,"pct":2.9}},"id":"hex:1926:17392"},"type":"Feature"},{"geometry":{"coordinates":[[[-118.50281,34.02273],[-118.5035,34.0237],[-118.50485,34.02369],[-118.50551,34.0227],[-118.50482,34.02173],[-118.50347,34.02175],[-118.50281,34.02273]]],"type":"Polygon"},"properties":{"bbox":{"roads":{"area":4574.16,"pct":11.27},"sidewalks":{"area":1342.54,"pct":3.31}},"city_same":1,"id":"hex:1926:17393"},"type":"Feature"},{"geometry":{"coordinates":[[[-118.50284,34.02469],[-118.50354,34.02565],[-118.50489,34.02564],[-118.50555,34.02465],[-118.50485,34.02369],[-118.5035,34.0237],[-118.50284,34.02469]]],"type":"Polygon"},"properties":{"bbox":{"roads":{"area":5683.68,"pct":14},"sidewalks":{"area":1398.8,"pct":3.45}},"city_same":1,"id":"hex:1926:17394"},"type":"Feature"},{"geometry":{"coordinates":[[[-118.50288,34.02664],[-118.50357,34.02761],[-118.50492,34.02759],[-118.50558,34.0266],[-118.50489,34.02564],[-118.50354,34.02565],[-118.50288,34.02664]]],"type":"Polygon"},"properties":{"bbox":{"roads":{"area":2922.73,"pct":7.2},"sidewalks":{"area":349.51,"pct":0.86}},"city_same":1,"id":"hex:1926:17395"},"type":"Feature"},{"geometry":{"coordinates":[[[-118.50291,34.02859],[-118.5036,34.02956],[-118.50496,34.02954],[-118.50562,34.02856],[-118.50492,34.02759],[-118.50357,34.02761],[-118.50291,34.02859]]],"type":"Polygon"},"properties":{"bbox":{"roads":{"area":4067.52,"pct":10.02},"sidewalks":{"area":419.69,"pct":1.03}},"city_same":1,"id":"hex:1926:17396"},"type":"Feature"},{"geometry":{"coordinates":[[[-118.50294,34.03054],[-118.50364,34.03151],[-118.50499,34.03149],[-118.50565,34.03051],[-118.50496,34.02954],[-118.5036,34.02956],[-118.50294,34.03054]]],"type":"Polygon"},"properties":{"bbox":{"roads":{"area":3713.6,"pct":9.15}},"city_same":1,"id":"hex:1926:17397"},"type":"Feature"},{"geometry":{"coordinates":[[[-118.50298,34.03249],[-118.50367,34.03346],[-118.50503,34.03345],[-118.50569,34.03246],[-118.50499,34.03149],[-118.50364,34.03151],[-118.50298,34.03249]]],"type":"Polygon"},"properties":{"bbox":{"roads":{"area":4346.86,"pct":10.71}},"city_same":1,"id":"hex:1926:17398"},"type":"Feature"},{"geometry":{"coordinates":[[[-118.50301,34.03445],[-118.50371,34.03541],[-118.50506,34.0354],[-118.50572,34.03441],[-118.50503,34.03345],[-118.50367,34.03346],[-118.50301,34.03445]]],"type":"Polygon"},"properties":{"bbox":{"roads":{"area":4145.94,"pct":10.21}},"city_same":1,"id":"hex:1926:17399"},"type":"Feature"},{"geometry":{"coordinates":[[[-118.50305,34.0364],[-118.50374,34.03737],[-118.5051,34.03735],[-118.50576,34.03636],[-118.50506,34.0354],[-118.50371,34.03541],[-118.50305,34.0364]]],"type":"Polygon"},"properties":{"bbox":{"roads":{"area":3980.34,"pct":9.81}},"city_same":1,"id":"hex:1926:17400"},"type":"Feature"},{"geometry":{"coordinates":[[[-118.50308,34.03835],[-118.50378,34.03932],[-118.50513,34.0393],[-118.50579,34.03832],[-118.5051,34.03735],[-118.50374,34.03737],[-118.50308,34.03835]]],"type":"Polygon"},"properties":{"bbox":{"roads":{"area":4066.08,"pct":10.02}},"city":{"roads":{"area":1363.08,"pct":3.36}},"id":"hex:1926:17401"},"type":"Feature"},{"geometry":{"coordinates":[[[-118.50312,34.0403],[-118.50378,34.03932],[-118.50513,34.0393],[-118.50582,34.04027],[-118.50536,34.04096],[-118.50465,34.04123],[-118.50459,34.04126],[-118.5045,34.04126],[-118.50396,34.04072],[-118.50363,34.04102],[-118.50312,34.0403]]],"type":"Polygon"},"properties":{"bbox":{"roads":{"area":4048.1,"pct":10.92},"sidewalks":{"area":150.44,"pct":0.41}},"city":{"roads":{"area":1659.32,"pct":4.47},"sidewalks":{"area":150.44,"pct":0.41}},"id":"hex:1926:17402"},"type":"Feature"},{"geometry":{"coordinates":[[[-118.50066,34.01593],[-118.50135,34.01689],[-118.5027,34.01688],[-118.50336,34.01589],[-118.50267,34.01493],[-118.50132,34.01494],[-118.50066,34.01593]]],"type":"Polygon"},"properties":{"bbox":{"parking":{"area":7025.95,"pct":17.31},"roads":{"area":6723.2,"pct":16.56},"sidewalks":{"area":276.84,"pct":0.68}},"city":{"parking":{"area":7025.95,"pct":17.31},"roads":{"area":1912.57,"pct":4.71},"sidewalks":{"area":276.84,"pct":0.68}},"id":"hex:1927:17389"},"type":"Feature"},{"geometry":{"coordinates":[[[-118.50069,34.01788],[-118.50138,34.01885],[-118.50274,34.01883],[-118.5034,34.01785],[-118.5027,34.01688],[-118.50135,34.01689],[-118.50069,34.01788]]],"type":"Polygon"},"properties":{"bbox":{"parking":{"area":973.11,"pct":2.4},"roads":{"area":8852.32,"pct":21.81},"sidewalks":{"area":1112.67,"pct":2.74}},"city":{"parking":{"area":973.11,"pct":2.4},"roads":{"area":6367.36,"pct":15.69},"sidewalks":{"area":1112.67,"pct":2.74}},"id":"hex:1927:17390"},"type":"Feature"},{"geometry":{"coordinates":[[[-118.50073,34.01983],[-118.50142,34.0208],[-118.50277,34.02078],[-118.50343,34.0198],[-118.50274,34.01883],[-118.50138,34.01885],[-118.50073,34.01983]]],"type":"Polygon"},"properties":{"bbox":{"roads":{"area":5398.83,"pct":13.3},"sidewalks":{"area":1355.42,"pct":3.34}},"city_same":1,"id":"hex:1927:17391"},"type":"Feature"},{"geometry":{"coordinates":[[[-118.50076,34.02178],[-118.50145,34.02275],[-118.50281,34.02273],[-118.50347,34.02175],[-118.50277,34.02078],[-118.50142,34.0208],[-118.50076,34.02178]]],"type":"Polygon"},"properties":{"bbox":{"roads":{"area":4905,"pct":12.08},"sidewalks":{"area":1516.65,"pct":3.74}},"city_same":1,"id":"hex:1927:17392"},"type":"Feature"},{"geometry":{"coordinates":[[[-118.50079,34.02373],[-118.50149,34.0247],[-118.50284,34.02469],[-118.5035,34.0237],[-118.50281,34.02273],[-118.50145,34.02275],[-118.50079,34.02373]]],"type":"Polygon"},"properties":{"bbox":{"roads":{"area":4735.59,"pct":11.67},"sidewalks":{"area":1410.01,"pct":3.47}},"city_same":1,"id":"hex:1927:17393"},"type":"Feature"},{"geometry":{"coordinates":[[[-118.50083,34.02569],[-118.50152,34.02665],[-118.50288,34.02664],[-118.50354,34.02565],[-118.50284,34.02469],[-118.50149,34.0247],[-118.50083,34.02569]]],"type":"Polygon"},"properties":{"bbox":{"roads":{"area":4188.77,"pct":10.32},"sidewalks":{"area":1151.85,"pct":2.84}},"city_same":1,"id":"hex:1927:17394"},"type":"Feature"},{"geometry":{"coordinates":[[[-118.50086,34.02764],[-118.50156,34.02861],[-118.50291,34.02859],[-118.50357,34.02761],[-118.50288,34.02664],[-118.50152,34.02665],[-118.50086,34.02764]]],"type":"Polygon"},"properties":{"bbox":{"roads":{"area":5648.69,"pct":13.91},"sidewalks":{"area":1263.84,"pct":3.11}},"city_same":1,"id":"hex:1927:17395"},"type":"Feature"},{"geometry":{"coordinates":[[[-118.5009,34.02959],[-118.50159,34.03056],[-118.50294,34.03054],[-118.5036,34.02956],[-118.50291,34.02859],[-118.50156,34.02861],[-118.5009,34.02959]]],"type":"Polygon"},"properties":{"bbox":{"parking":{"area":1386.06,"pct":3.41},"roads":{"area":4123.97,"pct":10.16},"sidewalks":{"area":677.18,"pct":1.67}},"city_same":1,"id":"hex:1927:17396"},"type":"Feature"},{"geometry":{"coordinates":[[[-118.50093,34.03154],[-118.50163,34.03251],[-118.50298,34.03249],[-118.50364,34.03151],[-118.50294,34.03054],[-118.50159,34.03056],[-118.50093,34.03154]]],"type":"Polygon"},"properties":{"bbox":{"roads":{"area":4483.81,"pct":11.05}},"city_same":1,"id":"hex:1927:17397"},"type":"Feature"},{"geometry":{"coordinates":[[[-118.50097,34.03349],[-118.50166,34.03446],[-118.50301,34.03445],[-118.50367,34.03346],[-118.50298,34.03249],[-118.50163,34.03251],[-118.50097,34.03349]]],"type":"Polygon"},"properties":{"bbox":{"roads":{"area":3980.56,"pct":9.81}},"city_same":1,"id":"hex:1927:17398"},"type":"Feature"},{"geometry":{"coordinates":[[[-118.501,34.03545],[-118.50169,34.03641],[-118.50305,34.0364],[-118.50371,34.03541],[-118.50301,34.03445],[-118.50166,34.03446],[-118.501,34.03545]]],"type":"Polygon"},"properties":{"bbox":{"roads":{"area":4029,"pct":9.92}},"city_same":1,"id":"hex:1927:17399"},"type":"Feature"},{"geometry":{"coordinates":[[[-118.50103,34.0374],[-118.50173,34.03837],[-118.50308,34.03835],[-118.50374,34.03737],[-118.50305,34.0364],[-118.50169,34.03641],[-118.50103,34.0374]]],"type":"Polygon"},"properties":{"bbox":{"roads":{"area":4278.1,"pct":10.54}},"city_same":1,"id":"hex:1927:17400"},"type":"Feature"},{"geometry":{"coordinates":[[[-118.50107,34.03935],[-118.50176,34.04032],[-118.50312,34.0403],[-118.50378,34.03932],[-118.50308,34.03835],[-118.50173,34.03837],[-118.50107,34.03935]]],"type":"Polygon"},"properties":{"bbox":{"roads":{"area":3344.75,"pct":8.24},"sidewalks":{"area":165.48,"pct":0.41}},"city":{"roads":{"area":3316.36,"pct":8.17},"sidewalks":{"area":165.48,"pct":0.41}},"id":"hex:1927:17401"},"type":"Feature"},{"geometry":{"coordinates":[[[-118.5018,34.04227],[-118.5011,34.0413],[-118.50176,34.04032],[-118.50312,34.0403],[-118.50363,34.04102],[-118.50231,34.04226],[-118.5018,34.04227]]],"type":"Polygon"},"properties":{"bbox":{"roads":{"area":5034.25,"pct":14.97},"sidewalks":{"area":299.09,"pct":0.89}},"city":{"roads":{"area":1839.32,"pct":5.47},"sidewalks":{"area":299.09,"pct":0.89}},"id":"hex:1927:17402"},"type":"Feature"},{"geometry":{"coordinates":[[[-118.49858,34.01302],[-118.49927,34.01399],[-118.50062,34.01398],[-118.50128,34.01299],[-118.50059,34.01202],[-118.49923,34.01204],[-118.49858,34.01302]]],"type":"Polygon"},"properties":{"bbox":{"sidewalks":{"area":0.92,"pct":0}},"city_same":1,"id":"hex:1928:17388"},"type":"Feature"},{"geometry":{"coordinates":[[[-118.49861,34.01498],[-118.4993,34.01594],[-118.50066,34.01593],[-118.50132,34.01494],[-118.50062,34.01398],[-118.49927,34.01399],[-118.49861,34.01498]]],"type":"Polygon"},"properties":{"bbox":{"parking":{"area":2151.53,"pct":5.3},"roads":{"area":9604.03,"pct":23.66},"sidewalks":{"area":1144.48,"pct":2.82}},"city":{"parking":{"area":2151.53,"pct":5.3},"roads":{"area":3971.21,"pct":9.78},"sidewalks":{"area":1144.48,"pct":2.82}},"id":"hex:1928:17389"},"type":"Feature"},{"geometry":{"coordinates":[[[-118.49864,34.01693],[-118.49934,34.0179],[-118.50069,34.01788],[-118.50135,34.01689],[-118.50066,34.01593],[-118.4993,34.01594],[-118.49864,34.01693]]],"type":"Polygon"},"properties":{"bbox":{"parking":{"area":5512.33,"pct":13.58},"roads":{"area":8330.51,"pct":20.52},"sidewalks":{"area":1197.37,"pct":2.95}},"city_same":1,"id":"hex:1928:17390"},"type":"Feature"},{"geometry":{"coordinates":[[[-118.49868,34.01888],[-118.49937,34.01985],[-118.50073,34.01983],[-118.50138,34.01885],[-118.50069,34.01788],[-118.49934,34.0179],[-118.49868,34.01888]]],"type":"Polygon"},"properties":{"bbox":{"parking":{"area":3277.86,"pct":8.07},"roads":{"area":5831.76,"pct":14.37},"sidewalks":{"area":1106.14,"pct":2.72}},"city_same":1,"id":"hex:1928:17391"},"type":"Feature"},{"geometry":{"coordinates":[[[-118.49871,34.02083],[-118.49941,34.0218],[-118.50076,34.02178],[-118.50142,34.0208],[-118.50073,34.01983],[-118.49937,34.01985],[-118.49871,34.02083]]],"type":"Polygon"},"properties":{"bbox":{"parking":{"area":163.93,"pct":0.4},"roads":{"area":5228.91,"pct":12.88},"sidewalks":{"area":1362.96,"pct":3.36}},"city_same":1,"id":"hex:1928:17392"},"type":"Feature"},{"geometry":{"coordinates":[[[-118.49875,34.02278],[-118.49944,34.02375],[-118.50079,34.02373],[-118.50145,34.02275],[-118.50076,34.02178],[-118.49941,34.0218],[-118.49875,34.02278]]],"type":"Polygon"},"properties":{"bbox":{"roads":{"area":4939.21,"pct":12.17},"sidewalks":{"area":1544.43,"pct":3.8}},"city_same":1,"id":"hex:1928:17393"},"type":"Feature"},{"geometry":{"coordinates":[[[-118.49878,34.02474],[-118.49947,34.0257],[-118.50083,34.02569],[-118.50149,34.0247],[-118.50079,34.02373],[-118.49944,34.02375],[-118.49878,34.02474]]],"type":"Polygon"},"properties":{"bbox":{"roads":{"area":4490.39,"pct":11.06},"sidewalks":{"area":1411.69,"pct":3.48}},"city_same":1,"id":"hex:1928:17394"},"type":"Feature"},{"geometry":{"coordinates":[[[-118.49882,34.02669],[-118.49951,34.02766],[-118.50086,34.02764],[-118.50152,34.02665],[-118.50083,34.02569],[-118.49947,34.0257],[-118.49882,34.02669]]],"type":"Polygon"},"properties":{"bbox":{"parking":{"area":2042.75,"pct":5.03},"roads":{"area":5769.96,"pct":14.21},"sidewalks":{"area":1333.47,"pct":3.28}},"city_same":1,"id":"hex:1928:17395"},"type":"Feature"},{"geometry":{"coordinates":[[[-118.49885,34.02864],[-118.49954,34.02961],[-118.5009,34.02959],[-118.50156,34.02861],[-118.50086,34.02764],[-118.49951,34.02766],[-118.49885,34.02864]]],"type":"Polygon"},"properties":{"bbox":{"parking":{"area":1219.95,"pct":3.01},"roads":{"area":5234.1,"pct":12.89},"sidewalks":{"area":1313.21,"pct":3.23}},"city_same":1,"id":"hex:1928:17396"},"type":"Feature"},{"geometry":{"coordinates":[[[-118.49888,34.03059],[-118.49958,34.03156],[-118.50093,34.03154],[-118.50159,34.03056],[-118.5009,34.02959],[-118.49954,34.02961],[-118.49888,34.03059]]],"type":"Polygon"},"properties":{"bbox":{"roads":{"area":4157.31,"pct":10.24},"sidewalks":{"area":942.89,"pct":2.32}},"city_same":1,"id":"hex:1928:17397"},"type":"Feature"},{"geometry":{"coordinates":[[[-118.49892,34.03254],[-118.49961,34.03351],[-118.50097,34.03349],[-118.50163,34.03251],[-118.50093,34.03154],[-118.49958,34.03156],[-118.49892,34.03254]]],"type":"Polygon"},"properties":{"bbox":{"roads":{"area":3803.79,"pct":9.37},"sidewalks":{"area":66.32,"pct":0.16}},"city_same":1,"id":"hex:1928:17398"},"type":"Feature"},{"geometry":{"coordinates":[[[-118.49895,34.0345],[-118.49965,34.03546],[-118.501,34.03545],[-118.50166,34.03446],[-118.50097,34.03349],[-118.49961,34.03351],[-118.49895,34.0345]]],"type":"Polygon"},"properties":{"bbox":{"roads":{"area":4282.65,"pct":10.55}},"city_same":1,"id":"hex:1928:17399"},"type":"Feature"},{"geometry":{"coordinates":[[[-118.49899,34.03645],[-118.49968,34.03742],[-118.50103,34.0374],[-118.50169,34.03641],[-118.501,34.03545],[-118.49965,34.03546],[-118.49899,34.03645]]],"type":"Polygon"},"properties":{"bbox":{"roads":{"area":4317.67,"pct":10.64}},"city_same":1,"id":"hex:1928:17400"},"type":"Feature"},{"geometry":{"coordinates":[[[-118.49902,34.0384],[-118.49972,34.03937],[-118.50107,34.03935],[-118.50173,34.03837],[-118.50103,34.0374],[-118.49968,34.03742],[-118.49902,34.0384]]],"type":"Polygon"},"properties":{"bbox":{"roads":{"area":2870.4,"pct":7.07}},"city_same":1,"id":"hex:1928:17401"},"type":"Feature"},{"geometry":{"coordinates":[[[-118.49906,34.04035],[-118.49975,34.04132],[-118.5011,34.0413],[-118.50176,34.04032],[-118.50107,34.03935],[-118.49972,34.03937],[-118.49906,34.04035]]],"type":"Polygon"},"properties":{"bbox":{"roads":{"area":4362.36,"pct":10.75}},"city_same":1,"id":"hex:1928:17402"},"type":"Feature"},{"geometry":{"coordinates":[[[-118.49909,34.0423],[-118.49978,34.04327],[-118.50114,34.04325],[-118.5018,34.04227],[-118.5011,34.0413],[-118.49975,34.04132],[-118.49909,34.0423]]],"type":"Polygon"},"properties":{"bbox":{"roads":{"area":5476.72,"pct":13.49},"sidewalks":{"area":47.87,"pct":0.12}},"city":{"roads":{"area":2360.66,"pct":5.82},"sidewalks":{"area":47.87,"pct":0.12}},"id":"hex:1928:17403"},"type":"Feature"},{"geometry":{"coordinates":[[[-118.49912,34.04426],[-118.49978,34.04327],[-118.50114,34.04325],[-118.50119,34.04332],[-118.49955,34.04485],[-118.49912,34.04426]]],"type":"Polygon"},"properties":{"bbox":{"roads":{"area":1080.22,"pct":6.73}},"city_same":1,"id":"hex:1928:17404"},"type":"Feature"},{"geometry":{"coordinates":[[[-118.49715,34.00914],[-118.49646,34.00817],[-118.49674,34.00775],[-118.49739,34.00826],[-118.49744,34.00829],[-118.49815,34.00887],[-118.49817,34.00888],[-118.49845,34.00912],[-118.49715,34.00914]]],"type":"Polygon"},"properties":{"bbox":{"parking":{"area":347.45,"pct":2.84},"roads":{"area":100.6,"pct":0.82}},"city_same":1,"id":"hex:1929:17385"},"type":"Feature"},{"geometry":{"coordinates":[[[-118.4992,34.01009],[-118.49854,34.01107],[-118.49719,34.01109],[-118.49649,34.01012],[-118.49715,34.00914],[-118.49845,34.00912],[-118.49859,34.00924],[-118.4992,34.01009]]],"type":"Polygon"},"properties":{"bbox":{"parking":{"area":15747.65,"pct":38.82},"roads":{"area":3626.21,"pct":8.94}},"city_same":1,"id":"hex:1929:17386"},"type":"Feature"},{"geometry":{"coordinates":[[[-118.49653,34.01207],[-118.49722,34.01304],[-118.49858,34.01302],[-118.49923,34.01204],[-118.49854,34.01107],[-118.49719,34.01109],[-118.49653,34.01207]]],"type":"Polygon"},"properties":{"bbox":{"parking":{"area":10630.35,"pct":26.19},"roads":{"area":6467.58,"pct":15.93},"sidewalks":{"area":536.2,"pct":1.32}},"city":{"parking":{"area":10630.35,"pct":26.19},"roads":{"area":3718.58,"pct":9.16},"sidewalks":{"area":536.2,"pct":1.32}},"id":"hex:1929:17387"},"type":"Feature"},{"geometry":{"coordinates":[[[-118.49656,34.01402],[-118.49726,34.01499],[-118.49861,34.01498],[-118.49927,34.01399],[-118.49858,34.01302],[-118.49722,34.01304],[-118.49656,34.01402]]],"type":"Polygon"},"properties":{"bbox":{"parking":{"area":2696.88,"pct":6.64},"roads":{"area":11476.33,"pct":28.27},"sidewalks":{"area":1468.41,"pct":3.62}},"city":{"parking":{"area":2696.88,"pct":6.64},"roads":{"area":5191.73,"pct":12.79},"sidewalks":{"area":1468.41,"pct":3.62}},"id":"hex:1929:17388"},"type":"Feature"},{"geometry":{"coordinates":[[[-118.4966,34.01598],[-118.49729,34.01694],[-118.49864,34.01693],[-118.4993,34.01594],[-118.49861,34.01498],[-118.49726,34.01499],[-118.4966,34.01598]]],"type":"Polygon"},"properties":{"bbox":{"parking":{"area":4514.88,"pct":11.12},"roads":{"area":5701.57,"pct":14.05},"sidewalks":{"area":1095.19,"pct":2.7}},"city_same":1,"id":"hex:1929:17389"},"type":"Feature"},{"geometry":{"coordinates":[[[-118.49663,34.01793],[-118.49732,34.0189],[-118.49868,34.01888],[-118.49934,34.0179],[-118.49864,34.01693],[-118.49729,34.01694],[-118.49663,34.01793]]],"type":"Polygon"},"properties":{"bbox":{"parking":{"area":3826.57,"pct":9.43},"roads":{"area":3952.83,"pct":9.74},"sidewalks":{"area":949.26,"pct":2.34}},"city_same":1,"id":"hex:1929:17390"},"type":"Feature"},{"geometry":{"coordinates":[[[-118.49667,34.01988],[-118.49736,34.02085],[-118.49871,34.02083],[-118.49937,34.01985],[-118.49868,34.01888],[-118.49732,34.0189],[-118.49667,34.01988]]],"type":"Polygon"},"properties":{"bbox":{"parking":{"area":1110.77,"pct":2.74},"roads":{"area":7751.54,"pct":19.09},"sidewalks":{"area":1463.17,"pct":3.6}},"city_same":1,"id":"hex:1929:17391"},"type":"Feature"},{"geometry":{"coordinates":[[[-118.4967,34.02183],[-118.49739,34.0228],[-118.49875,34.02278],[-118.49941,34.0218],[-118.49871,34.02083],[-118.49736,34.02085],[-118.4967,34.02183]]],"type":"Polygon"},"properties":{"bbox":{"roads":{"area":5405.14,"pct":13.31},"sidewalks":{"area":1376.21,"pct":3.39}},"city_same":1,"id":"hex:1929:17392"},"type":"Feature"},{"geometry":{"coordinates":[[[-118.49673,34.02378],[-118.49743,34.02475],[-118.49878,34.02474],[-118.49944,34.02375],[-118.49875,34.02278],[-118.49739,34.0228],[-118.49673,34.02378]]],"type":"Polygon"},"properties":{"bbox":{"roads":{"area":4420.83,"pct":10.89},"sidewalks":{"area":1238.19,"pct":3.05}},"city_same":1,"id":"hex:1929:17393"},"type":"Feature"},{"geometry":{"coordinates":[[[-118.49677,34.02574],[-118.49746,34.0267],[-118.49882,34.02669],[-118.49947,34.0257],[-118.49878,34.02474],[-118.49743,34.02475],[-118.49677,34.02574]]],"type":"Polygon"},"properties":{"bbox":{"parking":{"area":1355.69,"pct":3.34},"roads":{"area":5280.49,"pct":13.01},"sidewalks":{"area":1404.99,"pct":3.46}},"city_same":1,"id":"hex:1929:17394"},"type":"Feature"},{"geometry":{"coordinates":[[[-118.4968,34.02769],[-118.4975,34.02866],[-118.49885,34.02864],[-118.49951,34.02766],[-118.49882,34.02669],[-118.49746,34.0267],[-118.4968,34.02769]]],"type":"Polygon"},"properties":{"bbox":{"parking":{"area":76.97,"pct":0.19},"roads":{"area":4303.66,"pct":10.6},"sidewalks":{"area":1513.59,"pct":3.73}},"city_same":1,"id":"hex:1929:17395"},"type":"Feature"},{"geometry":{"coordinates":[[[-118.49684,34.02964],[-118.49753,34.03061],[-118.49888,34.03059],[-118.49954,34.02961],[-118.49885,34.02864],[-118.4975,34.02866],[-118.49684,34.02964]]],"type":"Polygon"},"properties":{"bbox":{"roads":{"area":6047.06,"pct":14.9},"sidewalks":{"area":1519.79,"pct":3.74}},"city_same":1,"id":"hex:1929:17396"},"type":"Feature"},{"geometry":{"coordinates":[[[-118.49687,34.03159],[-118.49756,34.03256],[-118.49892,34.03254],[-118.49958,34.03156],[-118.49888,34.03059],[-118.49753,34.03061],[-118.49687,34.03159]]],"type":"Polygon"},"properties":{"bbox":{"roads":{"area":2680.46,"pct":6.6},"sidewalks":{"area":796.99,"pct":1.96}},"city_same":1,"id":"hex:1929:17397"},"type":"Feature"},{"geometry":{"coordinates":[[[-118.49691,34.03354],[-118.4976,34.03451],[-118.49895,34.0345],[-118.49961,34.03351],[-118.49892,34.03254],[-118.49756,34.03256],[-118.49691,34.03354]]],"type":"Polygon"},"properties":{"bbox":{"roads":{"area":4396.78,"pct":10.83},"sidewalks":{"area":328.98,"pct":0.81}},"city_same":1,"id":"hex:1929:17398"},"type":"Feature"},{"geometry":{"coordinates":[[[-118.49694,34.0355],[-118.49763,34.03646],[-118.49899,34.03645],[-118.49965,34.03546],[-118.49895,34.0345],[-118.4976,34.03451],[-118.49694,34.0355]]],"type":"Polygon"},"properties":{"bbox":{"roads":{"area":4436,"pct":10.93}},"city_same":1,"id":"hex:1929:17399"},"type":"Feature"},{"geometry":{"coordinates":[[[-118.49697,34.03745],[-118.49767,34.03842],[-118.49902,34.0384],[-118.49968,34.03742],[-118.49899,34.03645],[-118.49763,34.03646],[-118.49697,34.03745]]],"type":"Polygon"},"properties":{"bbox":{"roads":{"area":4059.82,"pct":10}},"city_same":1,"id":"hex:1929:17400"},"type":"Feature"},{"geometry":{"coordinates":[[[-118.49701,34.0394],[-118.4977,34.04037],[-118.49906,34.04035],[-118.49972,34.03937],[-118.49902,34.0384],[-118.49767,34.03842],[-118.49701,34.0394]]],"type":"Polygon"},"properties":{"bbox":{"roads":{"area":3487.15,"pct":8.59}},"city_same":1,"id":"hex:1929:17401"},"type":"Feature"},{"geometry":{"coordinates":[[[-118.49704,34.04135],[-118.49774,34.04232],[-118.49909,34.0423],[-118.49975,34.04132],[-118.49906,34.04035],[-118.4977,34.04037],[-118.49704,34.04135]]],"type":"Polygon"},"properties":{"bbox":{"roads":{"area":3157.39,"pct":7.78}},"city_same":1,"id":"hex:1929:17402"},"type":"Feature"},{"geometry":{"coordinates":[[[-118.49708,34.0433],[-118.49777,34.04427],[-118.49912,34.04426],[-118.49978,34.04327],[-118.49909,34.0423],[-118.49774,34.04232],[-118.49708,34.0433]]],"type":"Polygon"},"properties":{"bbox":{"roads":{"area":4547.58,"pct":11.2}},"city":{"roads":{"area":1892.31,"pct":4.66}},"id":"hex:1929:17403"},"type":"Feature"},{"geometry":{"coordinates":[[[-118.4978,34.04622],[-118.49711,34.04526],[-118.49777,34.04427],[-118.49912,34.04426],[-118.49955,34.04485],[-118.4981,34.04622],[-118.4978,34.04622]]],"type":"Polygon"},"properties":{"bbox":{"roads":{"area":3278.8,"pct":10.69},"sidewalks":{"area":83.24,"pct":0.27}},"city":{"roads":{"area":1607.1,"pct":5.24},"sidewalks":{"area":83.24,"pct":0.27}},"id":"hex:1929:17404"},"type":"Feature"},{"geometry":{"coordinates":[[[-118.49445,34.00917],[-118.49514,34.01014],[-118.49649,34.01012],[-118.49715,34.00914],[-118.49646,34.00817],[-118.49511,34.00819],[-118.49445,34.00917]]],"type":"Polygon"},"properties":{"bbox":{"parking":{"area":7371.89,"pct":18.16},"roads":{"area":2358.4,"pct":5.81},"sidewalks":{"area":26.45,"pct":0.07}},"city_same":1,"id":"hex:1930:17386"},"type":"Feature"},{"geometry":{"coordinates":[[[-118.49448,34.01112],[-118.49517,34.01209],[-118.49653,34.01207],[-118.49719,34.01109],[-118.49649,34.01012],[-118.49514,34.01014],[-118.49448,34.01112]]],"type":"Polygon"},"properties":{"bbox":{"parking":{"area":6821.85,"pct":16.8},"roads":{"area":12570.89,"pct":30.97},"sidewalks":{"area":1045.12,"pct":2.57}},"city":{"parking":{"area":6821.85,"pct":16.8},"roads":{"area":7448.29,"pct":18.35},"sidewalks":{"area":1045.12,"pct":2.57}},"id":"hex:1930:17387"},"type":"Feature"},{"geometry":{"coordinates":[[[-118.49452,34.01307],[-118.49521,34.01404],[-118.49656,34.01402],[-118.49722,34.01304],[-118.49653,34.01207],[-118.49517,34.01209],[-118.49452,34.01307]]],"type":"Polygon"},"properties":{"bbox":{"parking":{"area":588.44,"pct":1.45},"roads":{"area":8194.33,"pct":20.19},"sidewalks":{"area":1429.66,"pct":3.52}},"city":{"parking":{"area":588.44,"pct":1.45},"roads":{"area":5210.9,"pct":12.84},"sidewalks":{"area":1429.66,"pct":3.52}},"id":"hex:1930:17388"},"type":"Feature"},{"geometry":{"coordinates":[[[-118.49455,34.01503],[-118.49524,34.01599],[-118.4966,34.01598],[-118.49726,34.01499],[-118.49656,34.01402],[-118.49521,34.01404],[-118.49455,34.01503]]],"type":"Polygon"},"properties":{"bbox":{"parking":{"area":3728.69,"pct":9.19},"roads":{"area":5178.69,"pct":12.76},"sidewalks":{"area":889.75,"pct":2.19}},"city_same":1,"id":"hex:1930:17389"},"type":"Feature"},{"geometry":{"coordinates":[[[-118.49458,34.01698],[-118.49528,34.01794],[-118.49663,34.01793],[-118.49729,34.01694],[-118.4966,34.01598],[-118.49524,34.01599],[-118.49458,34.01698]]],"type":"Polygon"},"properties":{"bbox":{"parking":{"area":5677.66,"pct":13.99},"roads":{"area":6509.56,"pct":16.04},"sidewalks":{"area":984.84,"pct":2.43}},"city_same":1,"id":"hex:1930:17390"},"type":"Feature"},{"geometry":{"coordinates":[[[-118.49462,34.01893],[-118.49531,34.0199],[-118.49667,34.01988],[-118.49732,34.0189],[-118.49663,34.01793],[-118.49528,34.01794],[-118.49462,34.01893]]],"type":"Polygon"},"properties":{"bbox":{"parking":{"area":5911.47,"pct":14.56},"roads":{"area":7693.48,"pct":18.95},"sidewalks":{"area":1413.48,"pct":3.48}},"city_same":1,"id":"hex:1930:17391"},"type":"Feature"},{"geometry":{"coordinates":[[[-118.49465,34.02088],[-118.49535,34.02185],[-118.4967,34.02183],[-118.49736,34.02085],[-118.49667,34.01988],[-118.49531,34.0199],[-118.49465,34.02088]]],"type":"Polygon"},"properties":{"bbox":{"parking":{"area":217.04,"pct":0.53},"roads":{"area":7937.16,"pct":19.55},"sidewalks":{"area":1480.51,"pct":3.65}},"city_same":1,"id":"hex:1930:17392"},"type":"Feature"},{"geometry":{"coordinates":[[[-118.49469,34.02283],[-118.49538,34.0238],[-118.49673,34.02378],[-118.49739,34.0228],[-118.4967,34.02183],[-118.49535,34.02185],[-118.49469,34.02283]]],"type":"Polygon"},"properties":{"bbox":{"roads":{"area":4156.63,"pct":10.24},"sidewalks":{"area":1426.88,"pct":3.51}},"city_same":1,"id":"hex:1930:17393"},"type":"Feature"},{"geometry":{"coordinates":[[[-118.49472,34.02479],[-118.49541,34.02575],[-118.49677,34.02574],[-118.49743,34.02475],[-118.49673,34.02378],[-118.49538,34.0238],[-118.49472,34.02479]]],"type":"Polygon"},"properties":{"bbox":{"roads":{"area":4948.64,"pct":12.19},"sidewalks":{"area":1228.79,"pct":3.03}},"city_same":1,"id":"hex:1930:17394"},"type":"Feature"},{"geometry":{"coordinates":[[[-118.49475,34.02674],[-118.49545,34.0277],[-118.4968,34.02769],[-118.49746,34.0267],[-118.49677,34.02574],[-118.49541,34.02575],[-118.49475,34.02674]]],"type":"Polygon"},"properties":{"bbox":{"roads":{"area":3822.3,"pct":9.42},"sidewalks":{"area":1303.87,"pct":3.21}},"city_same":1,"id":"hex:1930:17395"},"type":"Feature"},{"geometry":{"coordinates":[[[-118.49479,34.02869],[-118.49548,34.02966],[-118.49684,34.02964],[-118.4975,34.02866],[-118.4968,34.02769],[-118.49545,34.0277],[-118.49479,34.02869]]],"type":"Polygon"},"properties":{"bbox":{"roads":{"area":4860.74,"pct":11.97},"sidewalks":{"area":1469.88,"pct":3.62}},"city_same":1,"id":"hex:1930:17396"},"type":"Feature"},{"geometry":{"coordinates":[[[-118.49482,34.03064],[-118.49552,34.03161],[-118.49687,34.03159],[-118.49753,34.03061],[-118.49684,34.02964],[-118.49548,34.02966],[-118.49482,34.03064]]],"type":"Polygon"},"properties":{"bbox":{"roads":{"area":4925.16,"pct":12.13},"sidewalks":{"area":1502.32,"pct":3.7}},"city_same":1,"id":"hex:1930:17397"},"type":"Feature"},{"geometry":{"coordinates":[[[-118.49486,34.03259],[-118.49555,34.03356],[-118.49691,34.03354],[-118.49756,34.03256],[-118.49687,34.03159],[-118.49552,34.03161],[-118.49486,34.03259]]],"type":"Polygon"},"properties":{"bbox":{"parking":{"area":3.55,"pct":0.01},"roads":{"area":4685.66,"pct":11.54},"sidewalks":{"area":1381.32,"pct":3.4}},"city_same":1,"id":"hex:1930:17398"},"type":"Feature"},{"geometry":{"coordinates":[[[-118.49489,34.03454],[-118.49559,34.03551],[-118.49694,34.0355],[-118.4976,34.03451],[-118.49691,34.03354],[-118.49555,34.03356],[-118.49489,34.03454]]],"type":"Polygon"},"properties":{"bbox":{"roads":{"area":3976.61,"pct":9.8},"sidewalks":{"area":441.41,"pct":1.09}},"city_same":1,"id":"hex:1930:17399"},"type":"Feature"},{"geometry":{"coordinates":[[[-118.49493,34.0365],[-118.49562,34.03746],[-118.49697,34.03745],[-118.49763,34.03646],[-118.49694,34.0355],[-118.49559,34.03551],[-118.49493,34.0365]]],"type":"Polygon"},"properties":{"bbox":{"roads":{"area":4160.71,"pct":10.25}},"city_same":1,"id":"hex:1930:17400"},"type":"Feature"},{"geometry":{"coordinates":[[[-118.49496,34.03845],[-118.49565,34.03942],[-118.49701,34.0394],[-118.49767,34.03842],[-118.49697,34.03745],[-118.49562,34.03746],[-118.49496,34.03845]]],"type":"Polygon"},"properties":{"bbox":{"roads":{"area":3027.7,"pct":7.46}},"city_same":1,"id":"hex:1930:17401"},"type":"Feature"},{"geometry":{"coordinates":[[[-118.49499,34.0404],[-118.49569,34.04137],[-118.49704,34.04135],[-118.4977,34.04037],[-118.49701,34.0394],[-118.49565,34.03942],[-118.49499,34.0404]]],"type":"Polygon"},"properties":{"bbox":{"roads":{"area":3225.01,"pct":7.94}},"city_same":1,"id":"hex:1930:17402"},"type":"Feature"},{"geometry":{"coordinates":[[[-118.49503,34.04235],[-118.49572,34.04332],[-118.49708,34.0433],[-118.49774,34.04232],[-118.49704,34.04135],[-118.49569,34.04137],[-118.49503,34.04235]]],"type":"Polygon"},"properties":{"bbox":{"roads":{"area":3033.33,"pct":7.47}},"city_same":1,"id":"hex:1930:17403"},"type":"Feature"},{"geometry":{"coordinates":[[[-118.49506,34.0443],[-118.49576,34.04527],[-118.49711,34.04526],[-118.49777,34.04427],[-118.49708,34.0433],[-118.49572,34.04332],[-118.49506,34.0443]]],"type":"Polygon"},"properties":{"bbox":{"roads":{"area":3060.16,"pct":7.54}},"city":{"roads":{"area":2370.24,"pct":5.84}},"id":"hex:1930:17404"},"type":"Feature"},{"geometry":{"coordinates":[[[-118.49579,34.04722],[-118.4951,34.04626],[-118.49576,34.04527],[-118.49711,34.04526],[-118.4978,34.04622],[-118.49732,34.04695],[-118.49724,34.04702],[-118.49704,34.04721],[-118.49579,34.04722]]],"type":"Polygon"},"properties":{"bbox":{"roads":{"area":5154.92,"pct":12.74},"sidewalks":{"area":141.88,"pct":0.35}},"city":{"roads":{"area":2172.73,"pct":5.37},"sidewalks":{"area":141.88,"pct":0.35}},"id":"hex:1930:17405"},"type":"Feature"},{"geometry":{"coordinates":[[[-118.49513,34.04821],[-118.49579,34.04722],[-118.49704,34.04721],[-118.49696,34.04728],[-118.49666,34.04757],[-118.49636,34.04785],[-118.49602,34.04817],[-118.49567,34.04894],[-118.49567,34.04896],[-118.49513,34.04821]]],"type":"Polygon"},"properties":{"bbox":{"roads":{"area":549.65,"pct":3.96}},"city_same":1,"id":"hex:1930:17406"},"type":"Feature"},{"geometry":{"coordinates":[[[-118.4924,34.00822],[-118.49309,34.00919],[-118.49445,34.00917],[-118.49511,34.00819],[-118.49441,34.00722],[-118.49306,34.00723],[-118.4924,34.00822]]],"type":"Polygon"},"properties":{"bbox":{"parking":{"area":1685.6,"pct":4.15},"roads":{"area":1851.98,"pct":4.56},"sidewalks":{"area":524.14,"pct":1.29}},"city_same":1,"id":"hex:1931:17385"},"type":"Feature"},{"geometry":{"coordinates":[[[-118.49309,34.00919],[-118.49445,34.00917],[-118.49514,34.01014],[-118.49448,34.01112],[-118.49313,34.01114],[-118.49243,34.01017],[-118.49309,34.00919]],[[-118.49416,34.01103],[-118.49414,34.01104],[-118.49411,34.01104],[-118.49392,34.01107],[-118.49383,34.01108],[-118.49374,34.01108],[-118.49369,34.01107],[-118.49364,34.01106],[-118.49361,34.01106],[-118.4936,34.01105],[-118.4936,34.01106],[-118.49362,34.01107],[-118.49365,34.01108],[-118.49368,34.01109],[-118.49372,34.0111],[-118.49377,34.01111],[-118.49382,34.01111],[-118.49387,34.01111],[-118.49392,34.01111],[-118.49397,34.01111],[-118.49403,34.0111],[-118.49408,34.01109],[-118.49413,34.01107],[-118.49416,34.01106],[-118.49417,34.01105],[-118.49417,34.01104],[-118.49416,34.01104],[-118.49416,34.01103]]],"type":"Polygon"},"properties":{"bbox":{"parking":{"area":3239.9,"pct":8.02},"roads":{"area":9226.78,"pct":22.83},"sidewalks":{"area":1659.12,"pct":4.11}},"city":{"parking":{"area":3239.9,"pct":8.02},"roads":{"area":5367.91,"pct":13.28},"sidewalks":{"area":1659.12,"pct":4.11}},"id":"hex:1931:17386"},"type":"Feature"},{"geometry":{"coordinates":[[[-118.49247,34.01212],[-118.49316,34.01309],[-118.49452,34.01307],[-118.49517,34.01209],[-118.49448,34.01112],[-118.49313,34.01114],[-118.49247,34.01212]]],"type":"Polygon"},"properties":{"bbox":{"parking":{"area":5195.12,"pct":12.8},"roads":{"area":8265.31,"pct":20.36},"sidewalks":{"area":1395.63,"pct":3.44}},"city":{"parking":{"area":5195.12,"pct":12.8},"roads":{"area":3497.1,"pct":8.61},"sidewalks":{"area":1395.63,"pct":3.44}},"id":"hex:1931:17387"},"type":"Feature"},{"geometry":{"coordinates":[[[-118.4925,34.01407],[-118.4932,34.01504],[-118.49455,34.01503],[-118.49521,34.01404],[-118.49452,34.01307],[-118.49316,34.01309],[-118.4925,34.01407]]],"type":"Polygon"},"properties":{"bbox":{"parking":{"area":6930.63,"pct":17.07},"roads":{"area":4726.88,"pct":11.64},"sidewalks":{"area":843.71,"pct":2.08}},"city_same":1,"id":"hex:1931:17388"},"type":"Feature"},{"geometry":{"coordinates":[[[-118.49254,34.01603],[-118.49323,34.01699],[-118.49458,34.01698],[-118.49524,34.01599],[-118.49455,34.01503],[-118.4932,34.01504],[-118.49254,34.01603]]],"type":"Polygon"},"properties":{"bbox":{"parking":{"area":4173.32,"pct":10.28},"roads":{"area":7733.15,"pct":19.05},"sidewalks":{"area":1437.79,"pct":3.54}},"city_same":1,"id":"hex:1931:17389"},"type":"Feature"},{"geometry":{"coordinates":[[[-118.49257,34.01798],[-118.49326,34.01895],[-118.49462,34.01893],[-118.49528,34.01794],[-118.49458,34.01698],[-118.49323,34.01699],[-118.49257,34.01798]]],"type":"Polygon"},"properties":{"bbox":{"parking":{"area":3784.46,"pct":9.32},"roads":{"area":8313.56,"pct":20.48},"sidewalks":{"area":1535.21,"pct":3.78}},"city_same":1,"id":"hex:1931:17390"},"type":"Feature"},{"geometry":{"coordinates":[[[-118.4926,34.01993],[-118.4933,34.0209],[-118.49465,34.02088],[-118.49531,34.0199],[-118.49462,34.01893],[-118.49326,34.01895],[-118.4926,34.01993]]],"type":"Polygon"},"properties":{"bbox":{"parking":{"area":1722.89,"pct":4.24},"roads":{"area":5752.59,"pct":14.17},"sidewalks":{"area":1352.34,"pct":3.33}},"city_same":1,"id":"hex:1931:17391"},"type":"Feature"},{"geometry":{"coordinates":[[[-118.49264,34.02188],[-118.49333,34.02285],[-118.49469,34.02283],[-118.49535,34.02185],[-118.49465,34.02088],[-118.4933,34.0209],[-118.49264,34.02188]]],"type":"Polygon"},"properties":{"bbox":{"roads":{"area":8573.67,"pct":21.12},"sidewalks":{"area":1228.91,"pct":3.03}},"city_same":1,"id":"hex:1931:17392"},"type":"Feature"},{"geometry":{"coordinates":[[[-118.49267,34.02383],[-118.49337,34.0248],[-118.49472,34.02479],[-118.49538,34.0238],[-118.49469,34.02283],[-118.49333,34.02285],[-118.49267,34.02383]]],"type":"Polygon"},"properties":{"bbox":{"parking":{"area":549.07,"pct":1.35},"roads":{"area":6040.73,"pct":14.88},"sidewalks":{"area":1395.28,"pct":3.44}},"city_same":1,"id":"hex:1931:17393"},"type":"Feature"},{"geometry":{"coordinates":[[[-118.49271,34.02579],[-118.4934,34.02675],[-118.49475,34.02674],[-118.49541,34.02575],[-118.49472,34.02479],[-118.49337,34.0248],[-118.49271,34.02579]]],"type":"Polygon"},"properties":{"bbox":{"roads":{"area":5019.23,"pct":12.36},"sidewalks":{"area":1487.33,"pct":3.66}},"city_same":1,"id":"hex:1931:17394"},"type":"Feature"},{"geometry":{"coordinates":[[[-118.49274,34.02774],[-118.49344,34.02871],[-118.49479,34.02869],[-118.49545,34.0277],[-118.49475,34.02674],[-118.4934,34.02675],[-118.49274,34.02774]]],"type":"Polygon"},"properties":{"bbox":{"roads":{"area":4703.6,"pct":11.59},"sidewalks":{"area":1440.03,"pct":3.55}},"city_same":1,"id":"hex:1931:17395"},"type":"Feature"},{"geometry":{"coordinates":[[[-118.49278,34.02969],[-118.49347,34.03066],[-118.49482,34.03064],[-118.49548,34.02966],[-118.49479,34.02869],[-118.49344,34.02871],[-118.49278,34.02969]]],"type":"Polygon"},"properties":{"bbox":{"roads":{"area":3557,"pct":8.76},"sidewalks":{"area":1259.89,"pct":3.1}},"city_same":1,"id":"hex:1931:17396"},"type":"Feature"},{"geometry":{"coordinates":[[[-118.49281,34.03164],[-118.4935,34.03261],[-118.49486,34.03259],[-118.49552,34.03161],[-118.49482,34.03064],[-118.49347,34.03066],[-118.49281,34.03164]]],"type":"Polygon"},"properties":{"bbox":{"roads":{"area":4724.66,"pct":11.64},"sidewalks":{"area":1314.64,"pct":3.24}},"city_same":1,"id":"hex:1931:17397"},"type":"Feature"},{"geometry":{"coordinates":[[[-118.49284,34.03359],[-118.49354,34.03456],[-118.49489,34.03454],[-118.49555,34.03356],[-118.49486,34.03259],[-118.4935,34.03261],[-118.49284,34.03359]]],"type":"Polygon"},"properties":{"bbox":{"parking":{"area":1287.36,"pct":3.17},"roads":{"area":6047.65,"pct":14.9},"sidewalks":{"area":1585.19,"pct":3.9}},"city_same":1,"id":"hex:1931:17398"},"type":"Feature"},{"geometry":{"coordinates":[[[-118.49288,34.03555],[-118.49357,34.03651],[-118.49493,34.0365],[-118.49559,34.03551],[-118.49489,34.03454],[-118.49354,34.03456],[-118.49288,34.03555]]],"type":"Polygon"},"properties":{"bbox":{"roads":{"area":4348.84,"pct":10.71},"sidewalks":{"area":455.45,"pct":1.12}},"city_same":1,"id":"hex:1931:17399"},"type":"Feature"},{"geometry":{"coordinates":[[[-118.49291,34.0375],[-118.49361,34.03847],[-118.49496,34.03845],[-118.49562,34.03746],[-118.49493,34.0365],[-118.49357,34.03651],[-118.49291,34.0375]]],"type":"Polygon"},"properties":{"bbox":{"roads":{"area":2874.66,"pct":7.08}},"city_same":1,"id":"hex:1931:17400"},"type":"Feature"},{"geometry":{"coordinates":[[[-118.49295,34.03945],[-118.49364,34.04042],[-118.49499,34.0404],[-118.49565,34.03942],[-118.49496,34.03845],[-118.49361,34.03847],[-118.49295,34.03945]]],"type":"Polygon"},"properties":{"bbox":{"roads":{"area":2770.32,"pct":6.82}},"city_same":1,"id":"hex:1931:17401"},"type":"Feature"},{"geometry":{"coordinates":[[[-118.49298,34.0414],[-118.49367,34.04237],[-118.49503,34.04235],[-118.49569,34.04137],[-118.49499,34.0404],[-118.49364,34.04042],[-118.49298,34.0414]]],"type":"Polygon"},"properties":{"bbox":{"roads":{"area":3300.84,"pct":8.13}},"city_same":1,"id":"hex:1931:17402"},"type":"Feature"},{"geometry":{"coordinates":[[[-118.49302,34.04335],[-118.49371,34.04432],[-118.49506,34.0443],[-118.49572,34.04332],[-118.49503,34.04235],[-118.49367,34.04237],[-118.49302,34.04335]]],"type":"Polygon"},"properties":{"bbox":{"roads":{"area":2765.48,"pct":6.81}},"city_same":1,"id":"hex:1931:17403"},"type":"Feature"},{"geometry":{"coordinates":[[[-118.49305,34.04531],[-118.49374,34.04627],[-118.4951,34.04626],[-118.49576,34.04527],[-118.49506,34.0443],[-118.49371,34.04432],[-118.49305,34.04531]]],"type":"Polygon"},"properties":{"bbox":{"roads":{"area":4603.23,"pct":11.34},"sidewalks":{"area":322.95,"pct":0.8}},"city_same":1,"id":"hex:1931:17404"},"type":"Feature"},{"geometry":{"coordinates":[[[-118.49308,34.04726],[-118.49378,34.04823],[-118.49513,34.04821],[-118.49579,34.04722],[-118.4951,34.04626],[-118.49374,34.04627],[-118.49308,34.04726]]],"type":"Polygon"},"properties":{"bbox":{"roads":{"area":5160.53,"pct":12.71},"sidewalks":{"area":64.36,"pct":0.16}},"city":{"roads":{"area":2008.76,"pct":4.95},"sidewalks":{"area":64.36,"pct":0.16}},"id":"hex:1931:17405"},"type":"Feature"},{"geometry":{"coordinates":[[[-118.49312,34.04921],[-118.49378,34.04823],[-118.49513,34.04821],[-118.49567,34.04896],[-118.49539,34.04958],[-118.49535,34.04968],[-118.49506,34.05011],[-118.49503,34.05016],[-118.49469,34.05017],[-118.49466,34.05014],[-118.49464,34.05017],[-118.49394,34.05018],[-118.49389,34.05013],[-118.49362,34.0499],[-118.49312,34.04921]]],"type":"Polygon"},"properties":{"bbox":{"roads":{"area":3126.05,"pct":8.14}},"city_same":1,"id":"hex:1931:17406"},"type":"Feature"},{"geometry":{"coordinates":[[[[-118.49503,34.05016],[-118.49491,34.05034],[-118.49469,34.05017],[-118.49503,34.05016]]],[[[-118.49464,34.05017],[-118.4945,34.05044],[-118.49454,34.05048],[-118.49447,34.05053],[-118.49441,34.05058],[-118.49394,34.05018],[-118.49464,34.05017]]]],"type":"MultiPolygon"},"properties":{"bbox":{"roads":{"area":410.9,"pct":22.09}},"city_same":1,"id":"hex:1931:17407"},"type":"Feature"},{"geometry":{"coordinates":[[[[-118.49101,34.00628],[-118.49032,34.00531],[-118.49098,34.00433],[-118.49233,34.00431],[-118.49303,34.00528],[-118.4928,34.00562],[-118.49275,34.00564],[-118.49262,34.00565],[-118.49257,34.00568],[-118.4925,34.00574],[-118.49246,34.0058],[-118.49248,34.00584],[-118.4925,34.00588],[-118.49252,34.00589],[-118.4922,34.00612],[-118.49217,34.00614],[-118.49199,34.00627],[-118.49101,34.00628]]],[[[-118.49237,34.00627],[-118.49223,34.00627],[-118.49224,34.00626],[-118.49227,34.00624],[-118.4923,34.00622],[-118.49248,34.00609],[-118.49237,34.00627]]]],"type":"MultiPolygon"},"properties":{"bbox":{"parking":{"area":3295.95,"pct":8.38},"roads":{"area":1461.21,"pct":3.71},"sidewalks":{"area":138.19,"pct":0.35}},"city_same":1,"id":"hex:1932:17384"},"type":"Feature"},{"geometry":{"coordinates":[[[-118.49237,34.00627],[-118.49306,34.00723],[-118.4924,34.00822],[-118.49105,34.00823],[-118.49035,34.00727],[-118.49101,34.00628],[-118.49199,34.00627],[-118.49188,34.00635],[-118.49194,34.0064],[-118.49198,34.00644],[-118.49223,34.00627],[-118.49237,34.00627]]],"type":"Polygon"},"properties":{"bbox":{"parking":{"area":7095.19,"pct":17.61},"roads":{"area":5638.3,"pct":13.99},"sidewalks":{"area":1248.48,"pct":3.1}},"city":{"parking":{"area":7095.19,"pct":17.61},"roads":{"area":5074.76,"pct":12.6},"sidewalks":{"area":1248.48,"pct":3.1}},"id":"hex:1932:17385"},"type":"Feature"},{"geometry":{"coordinates":[[[-118.49039,34.00922],[-118.49108,34.01019],[-118.49243,34.01017],[-118.49309,34.00919],[-118.4924,34.00822],[-118.49105,34.00823],[-118.49039,34.00922]]],"type":"Polygon"},"properties":{"bbox":{"parking":{"area":5454.21,"pct":13.44},"roads":{"area":5022.88,"pct":12.37},"sidewalks":{"area":703.7,"pct":1.73}},"city":{"parking":{"area":5454.21,"pct":13.44},"roads":{"area":1698.26,"pct":4.18},"sidewalks":{"area":703.7,"pct":1.73}},"id":"hex:1932:17386"},"type":"Feature"},{"geometry":{"coordinates":[[[-118.49108,34.01019],[-118.49243,34.01017],[-118.49313,34.01114],[-118.49247,34.01212],[-118.49111,34.01214],[-118.49042,34.01117],[-118.49108,34.01019]],[[-118.49236,34.01122],[-118.49232,34.01125],[-118.49228,34.01128],[-118.49231,34.01128],[-118.49234,34.01128],[-118.49238,34.01127],[-118.49242,34.01124],[-118.49243,34.01122],[-118.49244,34.0112],[-118.49238,34.01123],[-118.49236,34.01122]]],"type":"Polygon"},"properties":{"bbox":{"parking":{"area":882.85,"pct":2.18},"roads":{"area":4016.58,"pct":9.91},"sidewalks":{"area":1251.21,"pct":3.09}},"city_same":1,"id":"hex:1932:17387"},"type":"Feature"},{"geometry":{"coordinates":[[[-118.49046,34.01312],[-118.49115,34.01409],[-118.4925,34.01407],[-118.49316,34.01309],[-118.49247,34.01212],[-118.49111,34.01214],[-118.49046,34.01312]]],"type":"Polygon"},"properties":{"bbox":{"parking":{"area":7817.17,"pct":19.26},"roads":{"area":9824.58,"pct":24.2},"sidewalks":{"area":1148.97,"pct":2.83}},"city":{"parking":{"area":7817.17,"pct":19.26},"roads":{"area":3386.5,"pct":8.34},"sidewalks":{"area":1148.97,"pct":2.83}},"id":"hex:1932:17388"},"type":"Feature"},{"geometry":{"coordinates":[[[-118.49049,34.01507],[-118.49118,34.01604],[-118.49254,34.01603],[-118.4932,34.01504],[-118.4925,34.01407],[-118.49115,34.01409],[-118.49049,34.01507]]],"type":"Polygon"},"properties":{"bbox":{"parking":{"area":1813.97,"pct":4.47},"roads":{"area":6316.38,"pct":15.56},"sidewalks":{"area":1048.68,"pct":2.58}},"city":{"parking":{"area":1813.97,"pct":4.47},"roads":{"area":5223.81,"pct":12.87},"sidewalks":{"area":1048.68,"pct":2.58}},"id":"hex:1932:17389"},"type":"Feature"},{"geometry":{"coordinates":[[[-118.49052,34.01703],[-118.49122,34.01799],[-118.49257,34.01798],[-118.49323,34.01699],[-118.49254,34.01603],[-118.49118,34.01604],[-118.49052,34.01703]]],"type":"Polygon"},"properties":{"bbox":{"parking":{"area":768.55,"pct":1.89},"roads":{"area":5696.65,"pct":14.03},"sidewalks":{"area":1387.96,"pct":3.42}},"city_same":1,"id":"hex:1932:17390"},"type":"Feature"},{"geometry":{"coordinates":[[[-118.49056,34.01898],[-118.49125,34.01995],[-118.4926,34.01993],[-118.49326,34.01895],[-118.49257,34.01798],[-118.49122,34.01799],[-118.49056,34.01898]]],"type":"Polygon"},"properties":{"bbox":{"parking":{"area":529.68,"pct":1.3},"roads":{"area":9876.28,"pct":24.33},"sidewalks":{"area":1536.51,"pct":3.78}},"city":{"parking":{"area":529.68,"pct":1.3},"roads":{"area":7947.34,"pct":19.58},"sidewalks":{"area":1536.51,"pct":3.78}},"id":"hex:1932:17391"},"type":"Feature"},{"geometry":{"coordinates":[[[-118.49059,34.02093],[-118.49129,34.0219],[-118.49264,34.02188],[-118.4933,34.0209],[-118.4926,34.01993],[-118.49125,34.01995],[-118.49059,34.02093]]],"type":"Polygon"},"properties":{"bbox":{"parking":{"area":735.74,"pct":1.81},"roads":{"area":6626.74,"pct":16.32},"sidewalks":{"area":1442.48,"pct":3.55}},"city_same":1,"id":"hex:1932:17392"},"type":"Feature"},{"geometry":{"coordinates":[[[-118.49063,34.02288],[-118.49132,34.02385],[-118.49267,34.02383],[-118.49333,34.02285],[-118.49264,34.02188],[-118.49129,34.0219],[-118.49063,34.02288]]],"type":"Polygon"},"properties":{"bbox":{"parking":{"area":1531.81,"pct":3.77},"roads":{"area":5333.86,"pct":13.14},"sidewalks":{"area":1259.59,"pct":3.1}},"city_same":1,"id":"hex:1932:17393"},"type":"Feature"},{"geometry":{"coordinates":[[[-118.49066,34.02483],[-118.49135,34.0258],[-118.49271,34.02579],[-118.49337,34.0248],[-118.49267,34.02383],[-118.49132,34.02385],[-118.49066,34.02483]]],"type":"Polygon"},"properties":{"bbox":{"parking":{"area":2390.13,"pct":5.89},"roads":{"area":7907.37,"pct":19.48},"sidewalks":{"area":1272.21,"pct":3.13}},"city_same":1,"id":"hex:1932:17394"},"type":"Feature"},{"geometry":{"coordinates":[[[-118.49069,34.02679],[-118.49139,34.02775],[-118.49274,34.02774],[-118.4934,34.02675],[-118.49271,34.02579],[-118.49135,34.0258],[-118.49069,34.02679]]],"type":"Polygon"},"properties":{"bbox":{"roads":{"area":4847.63,"pct":11.94},"sidewalks":{"area":1458.16,"pct":3.59}},"city_same":1,"id":"hex:1932:17395"},"type":"Feature"},{"geometry":{"coordinates":[[[-118.49073,34.02874],[-118.49142,34.02971],[-118.49278,34.02969],[-118.49344,34.02871],[-118.49274,34.02774],[-118.49139,34.02775],[-118.49073,34.02874]]],"type":"Polygon"},"properties":{"bbox":{"roads":{"area":4289.14,"pct":10.57},"sidewalks":{"area":1467.38,"pct":3.61}},"city_same":1,"id":"hex:1932:17396"},"type":"Feature"},{"geometry":{"coordinates":[[[-118.49076,34.03069],[-118.49146,34.03166],[-118.49281,34.03164],[-118.49347,34.03066],[-118.49278,34.02969],[-118.49142,34.02971],[-118.49076,34.03069]]],"type":"Polygon"},"properties":{"bbox":{"roads":{"area":4194.11,"pct":10.33},"sidewalks":{"area":1445.67,"pct":3.56}},"city_same":1,"id":"hex:1932:17397"},"type":"Feature"},{"geometry":{"coordinates":[[[-118.4908,34.03264],[-118.49149,34.03361],[-118.49284,34.03359],[-118.4935,34.03261],[-118.49281,34.03164],[-118.49146,34.03166],[-118.4908,34.03264]]],"type":"Polygon"},"properties":{"bbox":{"roads":{"area":3956.94,"pct":9.75},"sidewalks":{"area":1260.4,"pct":3.1}},"city_same":1,"id":"hex:1932:17398"},"type":"Feature"},{"geometry":{"coordinates":[[[-118.49083,34.03459],[-118.49152,34.03556],[-118.49288,34.03555],[-118.49354,34.03456],[-118.49284,34.03359],[-118.49149,34.03361],[-118.49083,34.03459]]],"type":"Polygon"},"properties":{"bbox":{"roads":{"area":5590.25,"pct":13.77},"sidewalks":{"area":1419.8,"pct":3.5}},"city_same":1,"id":"hex:1932:17399"},"type":"Feature"},{"geometry":{"coordinates":[[[-118.49086,34.03655],[-118.49156,34.03751],[-118.49291,34.0375],[-118.49357,34.03651],[-118.49288,34.03555],[-118.49152,34.03556],[-118.49086,34.03655]]],"type":"Polygon"},"properties":{"bbox":{"roads":{"area":3427.65,"pct":8.44},"sidewalks":{"area":739.35,"pct":1.82}},"city_same":1,"id":"hex:1932:17400"},"type":"Feature"},{"geometry":{"coordinates":[[[-118.4909,34.0385],[-118.49159,34.03947],[-118.49295,34.03945],[-118.49361,34.03847],[-118.49291,34.0375],[-118.49156,34.03751],[-118.4909,34.0385]]],"type":"Polygon"},"properties":{"bbox":{"roads":{"area":2204.13,"pct":5.43}},"city_same":1,"id":"hex:1932:17401"},"type":"Feature"},{"geometry":{"coordinates":[[[-118.49093,34.04045],[-118.49163,34.04142],[-118.49298,34.0414],[-118.49364,34.04042],[-118.49295,34.03945],[-118.49159,34.03947],[-118.49093,34.04045]]],"type":"Polygon"},"properties":{"bbox":{"roads":{"area":3199.12,"pct":7.88}},"city_same":1,"id":"hex:1932:17402"},"type":"Feature"},{"geometry":{"coordinates":[[[-118.49097,34.0424],[-118.49166,34.04337],[-118.49302,34.04335],[-118.49367,34.04237],[-118.49298,34.0414],[-118.49163,34.04142],[-118.49097,34.0424]]],"type":"Polygon"},"properties":{"bbox":{"roads":{"area":4008.7,"pct":9.87},"sidewalks":{"area":264.66,"pct":0.65}},"city_same":1,"id":"hex:1932:17403"},"type":"Feature"},{"geometry":{"coordinates":[[[-118.491,34.04435],[-118.4917,34.04532],[-118.49305,34.04531],[-118.49371,34.04432],[-118.49302,34.04335],[-118.49166,34.04337],[-118.491,34.04435]]],"type":"Polygon"},"properties":{"bbox":{"roads":{"area":3124.13,"pct":7.7},"sidewalks":{"area":229.25,"pct":0.56}},"city_same":1,"id":"hex:1932:17404"},"type":"Feature"},{"geometry":{"coordinates":[[[-118.49104,34.04631],[-118.49173,34.04727],[-118.49308,34.04726],[-118.49374,34.04627],[-118.49305,34.04531],[-118.4917,34.04532],[-118.49104,34.04631]]],"type":"Polygon"},"properties":{"bbox":{"roads":{"area":3271.47,"pct":8.06}},"city_same":1,"id":"hex:1932:17405"},"type":"Feature"},{"geometry":{"coordinates":[[[-118.49173,34.04727],[-118.49308,34.04726],[-118.49378,34.04823],[-118.49312,34.04921],[-118.4928,34.04921],[-118.49129,34.04793],[-118.49173,34.04727]]],"type":"Polygon"},"properties":{"bbox":{"roads":{"area":6038.21,"pct":19.23},"sidewalks":{"area":319.97,"pct":1.02}},"city":{"roads":{"area":3507.92,"pct":11.17},"sidewalks":{"area":319.97,"pct":1.02}},"id":"hex:1932:17406"},"type":"Feature"},{"geometry":{"coordinates":[[[-118.49312,34.04921],[-118.49362,34.0499],[-118.4928,34.04921],[-118.49312,34.04921]]],"type":"Polygon"},"properties":{"bbox":{"roads":{"area":505.2,"pct":44.78}},"city_same":1,"id":"hex:1932:17407"},"type":"Feature"},{"geometry":{"coordinates":[[[-118.49028,34.00336],[-118.48893,34.00338],[-118.48824,34.00241],[-118.4889,34.00143],[-118.4898,34.00142],[-118.49087,34.00248],[-118.49028,34.00336]]],"type":"Polygon"},"properties":{"bbox":{"parking":{"area":1745.72,"pct":4.67},"roads":{"area":736.33,"pct":1.97}},"city_same":1,"id":"hex:1933:17382"},"type":"Feature"},{"geometry":{"coordinates":[[[-118.48827,34.00436],[-118.48897,34.00533],[-118.49032,34.00531],[-118.49098,34.00433],[-118.49028,34.00336],[-118.48893,34.00338],[-118.48827,34.00436]]],"type":"Polygon"},"properties":{"bbox":{"parking":{"area":15928.33,"pct":39.24},"roads":{"area":6266.34,"pct":15.44},"sidewalks":{"area":752.29,"pct":1.85}},"city_same":1,"id":"hex:1933:17383"},"type":"Feature"},{"geometry":{"coordinates":[[[-118.48831,34.00632],[-118.489,34.00728],[-118.49035,34.00727],[-118.49101,34.00628],[-118.49032,34.00531],[-118.48897,34.00533],[-118.48831,34.00632]]],"type":"Polygon"},"properties":{"bbox":{"parking":{"area":2069.34,"pct":5.1},"roads":{"area":8573.04,"pct":21.12},"sidewalks":{"area":2087.53,"pct":5.14}},"city":{"parking":{"area":2069.34,"pct":5.1},"roads":{"area":5481.09,"pct":13.5},"sidewalks":{"area":2087.53,"pct":5.14}},"id":"hex:1933:17384"},"type":"Feature"},{"geometry":{"coordinates":[[[-118.48834,34.00827],[-118.48903,34.00923],[-118.49039,34.00922],[-118.49105,34.00823],[-118.49035,34.00727],[-118.489,34.00728],[-118.48834,34.00827]]],"type":"Polygon"},"properties":{"bbox":{"parking":{"area":4579.93,"pct":11.28},"roads":{"area":11875.62,"pct":29.25},"sidewalks":{"area":1364.24,"pct":3.36}},"city":{"parking":{"area":4579.93,"pct":11.28},"roads":{"area":7326,"pct":18.05},"sidewalks":{"area":1364.24,"pct":3.36}},"id":"hex:1933:17385"},"type":"Feature"},{"geometry":{"coordinates":[[[-118.48837,34.01022],[-118.48907,34.01119],[-118.49042,34.01117],[-118.49108,34.01019],[-118.49039,34.00922],[-118.48903,34.00923],[-118.48837,34.01022]]],"type":"Polygon"},"properties":{"bbox":{"parking":{"area":4870.97,"pct":12},"roads":{"area":5236.15,"pct":12.9},"sidewalks":{"area":1053.85,"pct":2.6}},"city":{"parking":{"area":4870.97,"pct":12},"roads":{"area":5175.7,"pct":12.75},"sidewalks":{"area":1053.85,"pct":2.6}},"id":"hex:1933:17386"},"type":"Feature"},{"geometry":{"coordinates":[[[-118.48841,34.01217],[-118.4891,34.01314],[-118.49046,34.01312],[-118.49111,34.01214],[-118.49042,34.01117],[-118.48907,34.01119],[-118.48841,34.01217]]],"type":"Polygon"},"properties":{"bbox":{"parking":{"area":3426.15,"pct":8.44},"roads":{"area":13007.77,"pct":32.04},"sidewalks":{"area":1369.65,"pct":3.37}},"city":{"parking":{"area":3426.15,"pct":8.44},"roads":{"area":2268.59,"pct":5.59},"sidewalks":{"area":1369.65,"pct":3.37}},"id":"hex:1933:17387"},"type":"Feature"},{"geometry":{"coordinates":[[[-118.48844,34.01412],[-118.48914,34.01509],[-118.49049,34.01507],[-118.49115,34.01409],[-118.49046,34.01312],[-118.4891,34.01314],[-118.48844,34.01412]]],"type":"Polygon"},"properties":{"bbox":{"parking":{"area":835.9,"pct":2.06},"roads":{"area":17267.37,"pct":42.54},"sidewalks":{"area":825.45,"pct":2.03}},"city":{"parking":{"area":835.9,"pct":2.06},"roads":{"area":15129.98,"pct":37.27},"sidewalks":{"area":825.45,"pct":2.03}},"id":"hex:1933:17388"},"type":"Feature"},{"geometry":{"coordinates":[[[-118.48848,34.01608],[-118.48917,34.01704],[-118.49052,34.01703],[-118.49118,34.01604],[-118.49049,34.01507],[-118.48914,34.01509],[-118.48848,34.01608]]],"type":"Polygon"},"properties":{"bbox":{"parking":{"area":3376.86,"pct":8.32},"roads":{"area":6289.33,"pct":15.49},"sidewalks":{"area":1503.27,"pct":3.7}},"city":{"parking":{"area":3376.86,"pct":8.32},"roads":{"area":4791.1,"pct":11.8},"sidewalks":{"area":1503.27,"pct":3.7}},"id":"hex:1933:17389"},"type":"Feature"},{"geometry":{"coordinates":[[[-118.48851,34.01803],[-118.4892,34.01899],[-118.49056,34.01898],[-118.49122,34.01799],[-118.49052,34.01703],[-118.48917,34.01704],[-118.48851,34.01803]]],"type":"Polygon"},"properties":{"bbox":{"roads":{"area":7544.07,"pct":18.58},"sidewalks":{"area":1344.42,"pct":3.31}},"city":{"roads":{"area":4096.27,"pct":10.09},"sidewalks":{"area":1344.42,"pct":3.31}},"id":"hex:1933:17390"},"type":"Feature"},{"geometry":{"coordinates":[[[-118.48854,34.01998],[-118.48924,34.02095],[-118.49059,34.02093],[-118.49125,34.01995],[-118.49056,34.01898],[-118.4892,34.01899],[-118.48854,34.01998]]],"type":"Polygon"},"properties":{"bbox":{"parking":{"area":1270.5,"pct":3.13},"roads":{"area":8280.55,"pct":20.4},"sidewalks":{"area":1288.72,"pct":3.17}},"city":{"parking":{"area":1270.5,"pct":3.13},"roads":{"area":5591.19,"pct":13.77},"sidewalks":{"area":1288.72,"pct":3.17}},"id":"hex:1933:17391"},"type":"Feature"},{"geometry":{"coordinates":[[[-118.48858,34.02193],[-118.48927,34.0229],[-118.49063,34.02288],[-118.49129,34.0219],[-118.49059,34.02093],[-118.48924,34.02095],[-118.48858,34.02193]]],"type":"Polygon"},"properties":{"bbox":{"parking":{"area":6256.93,"pct":15.41},"roads":{"area":6741.45,"pct":16.61},"sidewalks":{"area":1431.54,"pct":3.53}},"city":{"parking":{"area":6256.93,"pct":15.41},"roads":{"area":5434.79,"pct":13.39},"sidewalks":{"area":1431.54,"pct":3.53}},"id":"hex:1933:17392"},"type":"Feature"},{"geometry":{"coordinates":[[[-118.48861,34.02388],[-118.48931,34.02485],[-118.49066,34.02483],[-118.49132,34.02385],[-118.49063,34.02288],[-118.48927,34.0229],[-118.48861,34.02388]]],"type":"Polygon"},"properties":{"bbox":{"parking":{"area":823.18,"pct":2.03},"roads":{"area":4798.54,"pct":11.82},"sidewalks":{"area":1491.35,"pct":3.67}},"city_same":1,"id":"hex:1933:17393"},"type":"Feature"},{"geometry":{"coordinates":[[[-118.48865,34.02583],[-118.48934,34.0268],[-118.49069,34.02679],[-118.49135,34.0258],[-118.49066,34.02483],[-118.48931,34.02485],[-118.48865,34.02583]]],"type":"Polygon"},"properties":{"bbox":{"parking":{"area":3029.77,"pct":7.46},"roads":{"area":8246.7,"pct":20.31},"sidewalks":{"area":1395.35,"pct":3.44}},"city_same":1,"id":"hex:1933:17394"},"type":"Feature"},{"geometry":{"coordinates":[[[-118.48868,34.02779],[-118.48937,34.02875],[-118.49073,34.02874],[-118.49139,34.02775],[-118.49069,34.02679],[-118.48934,34.0268],[-118.48868,34.02779]]],"type":"Polygon"},"properties":{"bbox":{"parking":{"area":6437.11,"pct":15.86},"roads":{"area":6456.37,"pct":15.9},"sidewalks":{"area":1278.39,"pct":3.15}},"city_same":1,"id":"hex:1933:17395"},"type":"Feature"},{"geometry":{"coordinates":[[[-118.48871,34.02974],[-118.48941,34.03071],[-118.49076,34.03069],[-118.49142,34.02971],[-118.49073,34.02874],[-118.48937,34.02875],[-118.48871,34.02974]]],"type":"Polygon"},"properties":{"bbox":{"parking":{"area":1796.1,"pct":4.42},"roads":{"area":2549.3,"pct":6.28},"sidewalks":{"area":782.13,"pct":1.93}},"city_same":1,"id":"hex:1933:17396"},"type":"Feature"},{"geometry":{"coordinates":[[[-118.48875,34.03169],[-118.48944,34.03266],[-118.4908,34.03264],[-118.49146,34.03166],[-118.49076,34.03069],[-118.48941,34.03071],[-118.48875,34.03169]]],"type":"Polygon"},"properties":{"bbox":{"parking":{"area":368.63,"pct":0.91},"roads":{"area":4540.4,"pct":11.18},"sidewalks":{"area":1535.57,"pct":3.78}},"city_same":1,"id":"hex:1933:17397"},"type":"Feature"},{"geometry":{"coordinates":[[[-118.48878,34.03364],[-118.48948,34.03461],[-118.49083,34.03459],[-118.49149,34.03361],[-118.4908,34.03264],[-118.48944,34.03266],[-118.48878,34.03364]]],"type":"Polygon"},"properties":{"bbox":{"roads":{"area":4881.12,"pct":12.02},"sidewalks":{"area":1576.23,"pct":3.88}},"city_same":1,"id":"hex:1933:17398"},"type":"Feature"},{"geometry":{"coordinates":[[[-118.48882,34.03559],[-118.48951,34.03656],[-118.49086,34.03655],[-118.49152,34.03556],[-118.49083,34.03459],[-118.48948,34.03461],[-118.48882,34.03559]]],"type":"Polygon"},"properties":{"bbox":{"roads":{"area":4939.35,"pct":12.17},"sidewalks":{"area":1336.91,"pct":3.29}},"city_same":1,"id":"hex:1933:17399"},"type":"Feature"},{"geometry":{"coordinates":[[[-118.48885,34.03755],[-118.48955,34.03851],[-118.4909,34.0385],[-118.49156,34.03751],[-118.49086,34.03655],[-118.48951,34.03656],[-118.48885,34.03755]]],"type":"Polygon"},"properties":{"bbox":{"roads":{"area":3788.04,"pct":9.33},"sidewalks":{"area":1219.93,"pct":3.01}},"city_same":1,"id":"hex:1933:17400"},"type":"Feature"},{"geometry":{"coordinates":[[[-118.48889,34.0395],[-118.48958,34.04047],[-118.49093,34.04045],[-118.49159,34.03947],[-118.4909,34.0385],[-118.48955,34.03851],[-118.48889,34.0395]]],"type":"Polygon"},"properties":{"bbox":{"roads":{"area":3558.59,"pct":8.77}},"city_same":1,"id":"hex:1933:17401"},"type":"Feature"},{"geometry":{"coordinates":[[[-118.48892,34.04145],[-118.48961,34.04242],[-118.49097,34.0424],[-118.49163,34.04142],[-118.49093,34.04045],[-118.48958,34.04047],[-118.48892,34.04145]]],"type":"Polygon"},"properties":{"bbox":{"roads":{"area":4114.41,"pct":10.14},"sidewalks":{"area":325.43,"pct":0.8}},"city_same":1,"id":"hex:1933:17402"},"type":"Feature"},{"geometry":{"coordinates":[[[-118.48895,34.0434],[-118.48965,34.04437],[-118.491,34.04435],[-118.49166,34.04337],[-118.49097,34.0424],[-118.48961,34.04242],[-118.48895,34.0434]]],"type":"Polygon"},"properties":{"bbox":{"roads":{"area":2911.46,"pct":7.17}},"city_same":1,"id":"hex:1933:17403"},"type":"Feature"},{"geometry":{"coordinates":[[[-118.48899,34.04535],[-118.48968,34.04632],[-118.49104,34.04631],[-118.4917,34.04532],[-118.491,34.04435],[-118.48965,34.04437],[-118.48899,34.04535]]],"type":"Polygon"},"properties":{"bbox":{"roads":{"area":3161.01,"pct":7.79}},"city_same":1,"id":"hex:1933:17404"},"type":"Feature"},{"geometry":{"coordinates":[[[-118.48968,34.04632],[-118.49104,34.04631],[-118.49173,34.04727],[-118.49129,34.04793],[-118.48958,34.04648],[-118.48968,34.04632]]],"type":"Polygon"},"properties":{"bbox":{"roads":{"area":3370.67,"pct":18.87},"sidewalks":{"area":199.97,"pct":1.12}},"city_same":1,"id":"hex:1933:17405"},"type":"Feature"},{"geometry":{"coordinates":[[[-118.48619,34.00146],[-118.48688,34.00243],[-118.48824,34.00241],[-118.4889,34.00143],[-118.4882,34.00046],[-118.48685,34.00048],[-118.48619,34.00146]]],"type":"Polygon"},"properties":{"bbox":{"parking":{"area":5131.25,"pct":12.64},"roads":{"area":3111.94,"pct":7.67},"sidewalks":{"area":381.64,"pct":0.94}},"city_same":1,"id":"hex:1934:17382"},"type":"Feature"},{"geometry":{"coordinates":[[[-118.48623,34.00341],[-118.48692,34.00438],[-118.48827,34.00436],[-118.48893,34.00338],[-118.48824,34.00241],[-118.48688,34.00243],[-118.48623,34.00341]]],"type":"Polygon"},"properties":{"bbox":{"parking":{"area":8048.34,"pct":19.83},"roads":{"area":7195.07,"pct":17.72},"sidewalks":{"area":1715.32,"pct":4.23}},"city":{"parking":{"area":8048.34,"pct":19.83},"roads":{"area":6644.93,"pct":16.37},"sidewalks":{"area":1715.32,"pct":4.23}},"id":"hex:1934:17383"},"type":"Feature"},{"geometry":{"coordinates":[[[-118.48626,34.00536],[-118.48695,34.00633],[-118.48831,34.00632],[-118.48897,34.00533],[-118.48827,34.00436],[-118.48692,34.00438],[-118.48626,34.00536]]],"type":"Polygon"},"properties":{"bbox":{"parking":{"area":3177.6,"pct":7.83},"roads":{"area":8973.64,"pct":22.11},"sidewalks":{"area":1680.13,"pct":4.14}},"city":{"parking":{"area":3177.6,"pct":7.83},"roads":{"area":5766.51,"pct":14.21},"sidewalks":{"area":1680.13,"pct":4.14}},"id":"hex:1934:17384"},"type":"Feature"},{"geometry":{"coordinates":[[[-118.48629,34.00732],[-118.48699,34.00828],[-118.48834,34.00827],[-118.489,34.00728],[-118.48831,34.00632],[-118.48695,34.00633],[-118.48629,34.00732]]],"type":"Polygon"},"properties":{"bbox":{"parking":{"area":1201.37,"pct":2.96},"roads":{"area":4838.53,"pct":11.92},"sidewalks":{"area":1636.23,"pct":4.03}},"city_same":1,"id":"hex:1934:17385"},"type":"Feature"},{"geometry":{"coordinates":[[[-118.48633,34.00927],[-118.48702,34.01024],[-118.48837,34.01022],[-118.48903,34.00923],[-118.48834,34.00827],[-118.48699,34.00828],[-118.48633,34.00927]]],"type":"Polygon"},"properties":{"bbox":{"parking":{"area":940.19,"pct":2.32},"roads":{"area":8385.2,"pct":20.66},"sidewalks":{"area":1554.3,"pct":3.83}},"city":{"parking":{"area":940.19,"pct":2.32},"roads":{"area":3677.96,"pct":9.06},"sidewalks":{"area":1554.3,"pct":3.83}},"id":"hex:1934:17386"},"type":"Feature"},{"geometry":{"coordinates":[[[-118.48636,34.01122],[-118.48705,34.01219],[-118.48841,34.01217],[-118.48907,34.01119],[-118.48837,34.01022],[-118.48702,34.01024],[-118.48636,34.01122]]],"type":"Polygon"},"properties":{"bbox":{"roads":{"area":3125.15,"pct":7.7},"sidewalks":{"area":445.37,"pct":1.1}},"city":{"roads":{"area":816.66,"pct":2.01},"sidewalks":{"area":445.37,"pct":1.1}},"id":"hex:1934:17387"},"type":"Feature"},{"geometry":{"coordinates":[[[-118.4864,34.01317],[-118.48709,34.01414],[-118.48844,34.01412],[-118.4891,34.01314],[-118.48841,34.01217],[-118.48705,34.01219],[-118.4864,34.01317]]],"type":"Polygon"},"properties":{"bbox":{"parking":{"area":1046.29,"pct":2.58},"roads":{"area":12365.27,"pct":30.46},"sidewalks":{"area":502.93,"pct":1.24}},"city":{"parking":{"area":1046.29,"pct":2.58},"roads":{"area":1416.62,"pct":3.49},"sidewalks":{"area":502.93,"pct":1.24}},"id":"hex:1934:17388"},"type":"Feature"},{"geometry":{"coordinates":[[[-118.48643,34.01512],[-118.48712,34.01609],[-118.48848,34.01608],[-118.48914,34.01509],[-118.48844,34.01412],[-118.48709,34.01414],[-118.48643,34.01512]]],"type":"Polygon"},"properties":{"bbox":{"parking":{"area":2489.59,"pct":6.13},"roads":{"area":8746.08,"pct":21.54},"sidewalks":{"area":1214.57,"pct":2.99}},"city":{"parking":{"area":2489.59,"pct":6.13},"roads":{"area":5167.69,"pct":12.73},"sidewalks":{"area":1214.57,"pct":2.99}},"id":"hex:1934:17389"},"type":"Feature"},{"geometry":{"coordinates":[[[-118.48646,34.01708],[-118.48716,34.01804],[-118.48851,34.01803],[-118.48917,34.01704],[-118.48848,34.01608],[-118.48712,34.01609],[-118.48646,34.01708]]],"type":"Polygon"},"properties":{"bbox":{"parking":{"area":2494.88,"pct":6.15},"roads":{"area":7032.07,"pct":17.32},"sidewalks":{"area":1290.22,"pct":3.18}},"city":{"parking":{"area":2494.88,"pct":6.15},"roads":{"area":2548.49,"pct":6.28},"sidewalks":{"area":1290.22,"pct":3.18}},"id":"hex:1934:17390"},"type":"Feature"},{"geometry":{"coordinates":[[[-118.4865,34.01903],[-118.48719,34.02],[-118.48854,34.01998],[-118.4892,34.01899],[-118.48851,34.01803],[-118.48716,34.01804],[-118.4865,34.01903]]],"type":"Polygon"},"properties":{"bbox":{"roads":{"area":5134.67,"pct":12.65},"sidewalks":{"area":1487.43,"pct":3.66}},"city_same":1,"id":"hex:1934:17391"},"type":"Feature"},{"geometry":{"coordinates":[[[-118.48653,34.02098],[-118.48723,34.02195],[-118.48858,34.02193],[-118.48924,34.02095],[-118.48854,34.01998],[-118.48719,34.02],[-118.48653,34.02098]]],"type":"Polygon"},"properties":{"bbox":{"roads":{"area":6492.77,"pct":15.99},"sidewalks":{"area":1236.51,"pct":3.05}},"city":{"roads":{"area":5658.26,"pct":13.94},"sidewalks":{"area":1236.51,"pct":3.05}},"id":"hex:1934:17392"},"type":"Feature"},{"geometry":{"coordinates":[[[-118.48657,34.02293],[-118.48726,34.0239],[-118.48861,34.02388],[-118.48927,34.0229],[-118.48858,34.02193],[-118.48723,34.02195],[-118.48657,34.02293]]],"type":"Polygon"},"properties":{"bbox":{"roads":{"area":7317,"pct":18.02},"sidewalks":{"area":1294.12,"pct":3.19}},"city":{"roads":{"area":4493.4,"pct":11.07},"sidewalks":{"area":1294.12,"pct":3.19}},"id":"hex:1934:17393"},"type":"Feature"},{"geometry":{"coordinates":[[[-118.4866,34.02488],[-118.48729,34.02585],[-118.48865,34.02583],[-118.48931,34.02485],[-118.48861,34.02388],[-118.48726,34.0239],[-118.4866,34.02488]]],"type":"Polygon"},"properties":{"bbox":{"roads":{"area":5428.6,"pct":13.37},"sidewalks":{"area":1473.51,"pct":3.63}},"city_same":1,"id":"hex:1934:17394"},"type":"Feature"},{"geometry":{"coordinates":[[[-118.48663,34.02684],[-118.48733,34.0278],[-118.48868,34.02779],[-118.48934,34.0268],[-118.48865,34.02583],[-118.48729,34.02585],[-118.48663,34.02684]]],"type":"Polygon"},"properties":{"bbox":{"parking":{"area":2960.76,"pct":7.29},"roads":{"area":8215.66,"pct":20.24},"sidewalks":{"area":1446.25,"pct":3.56}},"city_same":1,"id":"hex:1934:17395"},"type":"Feature"},{"geometry":{"coordinates":[[[-118.48667,34.02879],[-118.48736,34.02976],[-118.48871,34.02974],[-118.48937,34.02875],[-118.48868,34.02779],[-118.48733,34.0278],[-118.48667,34.02879]]],"type":"Polygon"},"properties":{"bbox":{"roads":{"area":5939.51,"pct":14.63},"sidewalks":{"area":1354.72,"pct":3.34}},"city_same":1,"id":"hex:1934:17396"},"type":"Feature"},{"geometry":{"coordinates":[[[-118.4867,34.03074],[-118.4874,34.03171],[-118.48875,34.03169],[-118.48941,34.03071],[-118.48871,34.02974],[-118.48736,34.02976],[-118.4867,34.03074]]],"type":"Polygon"},"properties":{"bbox":{"roads":{"area":4406.14,"pct":10.85},"sidewalks":{"area":1279.86,"pct":3.15}},"city_same":1,"id":"hex:1934:17397"},"type":"Feature"},{"geometry":{"coordinates":[[[-118.48674,34.03269],[-118.48743,34.03366],[-118.48878,34.03364],[-118.48944,34.03266],[-118.48875,34.03169],[-118.4874,34.03171],[-118.48674,34.03269]]],"type":"Polygon"},"properties":{"bbox":{"roads":{"area":5099.45,"pct":12.56},"sidewalks":{"area":1445.22,"pct":3.56}},"city_same":1,"id":"hex:1934:17398"},"type":"Feature"},{"geometry":{"coordinates":[[[-118.48677,34.03464],[-118.48746,34.03561],[-118.48882,34.03559],[-118.48948,34.03461],[-118.48878,34.03364],[-118.48743,34.03366],[-118.48677,34.03464]]],"type":"Polygon"},"properties":{"bbox":{"roads":{"area":4649.91,"pct":11.45},"sidewalks":{"area":1481.69,"pct":3.65}},"city_same":1,"id":"hex:1934:17399"},"type":"Feature"},{"geometry":{"coordinates":[[[-118.4868,34.0366],[-118.4875,34.03756],[-118.48885,34.03755],[-118.48951,34.03656],[-118.48882,34.03559],[-118.48746,34.03561],[-118.4868,34.0366]]],"type":"Polygon"},"properties":{"bbox":{"roads":{"area":4839.35,"pct":11.92},"sidewalks":{"area":1499.89,"pct":3.69}},"city_same":1,"id":"hex:1934:17400"},"type":"Feature"},{"geometry":{"coordinates":[[[-118.48684,34.03855],[-118.48753,34.03952],[-118.48889,34.0395],[-118.48955,34.03851],[-118.48885,34.03755],[-118.4875,34.03756],[-118.48684,34.03855]]],"type":"Polygon"},"properties":{"bbox":{"roads":{"area":5288.26,"pct":13.03},"sidewalks":{"area":480.22,"pct":1.18}},"city_same":1,"id":"hex:1934:17401"},"type":"Feature"},{"geometry":{"coordinates":[[[-118.48687,34.0405],[-118.48757,34.04147],[-118.48892,34.04145],[-118.48958,34.04047],[-118.48889,34.0395],[-118.48753,34.03952],[-118.48687,34.0405]]],"type":"Polygon"},"properties":{"bbox":{"roads":{"area":4033.18,"pct":9.94},"sidewalks":{"area":260.15,"pct":0.64}},"city_same":1,"id":"hex:1934:17402"},"type":"Feature"},{"geometry":{"coordinates":[[[-118.48691,34.04245],[-118.4876,34.04342],[-118.48895,34.0434],[-118.48961,34.04242],[-118.48892,34.04145],[-118.48757,34.04147],[-118.48691,34.04245]]],"type":"Polygon"},"properties":{"bbox":{"roads":{"area":2988.08,"pct":7.36}},"city_same":1,"id":"hex:1934:17403"},"type":"Feature"},{"geometry":{"coordinates":[[[-118.4876,34.04342],[-118.48895,34.0434],[-118.48965,34.04437],[-118.48899,34.04535],[-118.48827,34.04536],[-118.48701,34.04429],[-118.4876,34.04342]]],"type":"Polygon"},"properties":{"bbox":{"roads":{"area":3040.81,"pct":8.37},"sidewalks":{"area":13.93,"pct":0.04}},"city_same":1,"id":"hex:1934:17404"},"type":"Feature"},{"geometry":{"coordinates":[[[-118.48899,34.04535],[-118.48968,34.04632],[-118.48958,34.04648],[-118.48827,34.04536],[-118.48899,34.04535]]],"type":"Polygon"},"properties":{"bbox":{"roads":{"area":1452.78,"pct":28.01}},"city_same":1,"id":"hex:1934:17405"},"type":"Feature"},{"geometry":{"coordinates":[[[-118.48411,33.99856],[-118.4848,33.99952],[-118.48616,33.99951],[-118.48682,33.99852],[-118.48612,33.99756],[-118.48477,33.99757],[-118.48411,33.99856]]],"type":"Polygon"},"properties":{"bbox":{"parking":{"area":12859.42,"pct":31.68},"roads":{"area":3480.87,"pct":8.57},"sidewalks":{"area":27.06,"pct":0.07}},"city_same":1,"id":"hex:1935:17380"},"type":"Feature"},{"geometry":{"coordinates":[[[-118.48414,34.00051],[-118.48484,34.00148],[-118.48619,34.00146],[-118.48685,34.00048],[-118.48616,33.99951],[-118.4848,33.99952],[-118.48414,34.00051]]],"type":"Polygon"},"properties":{"bbox":{"parking":{"area":2753.66,"pct":6.78},"roads":{"area":4874.93,"pct":12.01},"sidewalks":{"area":696.49,"pct":1.72}},"city_same":1,"id":"hex:1935:17381"},"type":"Feature"},{"geometry":{"coordinates":[[[-118.48418,34.00246],[-118.48487,34.00343],[-118.48623,34.00341],[-118.48688,34.00243],[-118.48619,34.00146],[-118.48484,34.00148],[-118.48418,34.00246]]],"type":"Polygon"},"properties":{"bbox":{"parking":{"area":4191.91,"pct":10.33},"roads":{"area":7408.18,"pct":18.25},"sidewalks":{"area":1864.81,"pct":4.59}},"city":{"parking":{"area":4191.91,"pct":10.33},"roads":{"area":4329.38,"pct":10.66},"sidewalks":{"area":1864.81,"pct":4.59}},"id":"hex:1935:17382"},"type":"Feature"},{"geometry":{"coordinates":[[[-118.48421,34.00441],[-118.48491,34.00538],[-118.48626,34.00536],[-118.48692,34.00438],[-118.48623,34.00341],[-118.48487,34.00343],[-118.48421,34.00441]]],"type":"Polygon"},"properties":{"bbox":{"parking":{"area":6731.93,"pct":16.58},"roads":{"area":7592.42,"pct":18.7},"sidewalks":{"area":2052.46,"pct":5.06}},"city":{"parking":{"area":6731.93,"pct":16.58},"roads":{"area":6184.22,"pct":15.23},"sidewalks":{"area":2052.46,"pct":5.06}},"id":"hex:1935:17383"},"type":"Feature"},{"geometry":{"coordinates":[[[-118.48425,34.00636],[-118.48494,34.00733],[-118.48629,34.00732],[-118.48695,34.00633],[-118.48626,34.00536],[-118.48491,34.00538],[-118.48425,34.00636]]],"type":"Polygon"},"properties":{"bbox":{"parking":{"area":1647.34,"pct":4.06},"roads":{"area":4002.06,"pct":9.86},"sidewalks":{"area":1765.79,"pct":4.35}},"city_same":1,"id":"hex:1935:17384"},"type":"Feature"},{"geometry":{"coordinates":[[[-118.48428,34.00832],[-118.48497,34.00928],[-118.48633,34.00927],[-118.48699,34.00828],[-118.48629,34.00732],[-118.48494,34.00733],[-118.48428,34.00832]]],"type":"Polygon"},"properties":{"bbox":{"roads":{"area":6810.01,"pct":16.78},"sidewalks":{"area":1013.43,"pct":2.5}},"city_same":1,"id":"hex:1935:17385"},"type":"Feature"},{"geometry":{"coordinates":[[[-118.48431,34.01027],[-118.48501,34.01124],[-118.48636,34.01122],[-118.48702,34.01024],[-118.48633,34.00927],[-118.48497,34.00928],[-118.48431,34.01027]]],"type":"Polygon"},"properties":{"bbox":{"roads":{"area":6213.42,"pct":15.31},"sidewalks":{"area":613.42,"pct":1.51}},"city":{"roads":{"area":3042.95,"pct":7.5},"sidewalks":{"area":613.42,"pct":1.51}},"id":"hex:1935:17386"},"type":"Feature"},{"geometry":{"coordinates":[[[-118.48435,34.01222],[-118.48504,34.01319],[-118.4864,34.01317],[-118.48705,34.01219],[-118.48636,34.01122],[-118.48501,34.01124],[-118.48435,34.01222]]],"type":"Polygon"},"properties":{"bbox":{"parking":{"area":934.46,"pct":2.3},"roads":{"area":1724.13,"pct":4.25},"sidewalks":{"area":609.22,"pct":1.5}},"city":{"parking":{"area":934.46,"pct":2.3},"roads":{"area":1612.4,"pct":3.97},"sidewalks":{"area":609.22,"pct":1.5}},"id":"hex:1935:17387"},"type":"Feature"},{"geometry":{"coordinates":[[[-118.48438,34.01417],[-118.48508,34.01514],[-118.48643,34.01512],[-118.48709,34.01414],[-118.4864,34.01317],[-118.48504,34.01319],[-118.48438,34.01417]]],"type":"Polygon"},"properties":{"bbox":{"parking":{"area":1605.65,"pct":3.96},"roads":{"area":12588.89,"pct":31.01},"sidewalks":{"area":1010.31,"pct":2.49}},"city":{"parking":{"area":1605.65,"pct":3.96},"roads":{"area":4696.27,"pct":11.57},"sidewalks":{"area":1010.31,"pct":2.49}},"id":"hex:1935:17388"},"type":"Feature"},{"geometry":{"coordinates":[[[-118.48442,34.01612],[-118.48511,34.01709],[-118.48646,34.01708],[-118.48712,34.01609],[-118.48643,34.01512],[-118.48508,34.01514],[-118.48442,34.01612]]],"type":"Polygon"},"properties":{"bbox":{"parking":{"area":2017.68,"pct":4.97},"roads":{"area":7387.55,"pct":18.2},"sidewalks":{"area":816.42,"pct":2.01}},"city":{"parking":{"area":2017.68,"pct":4.97},"roads":{"area":5004.23,"pct":12.33},"sidewalks":{"area":816.42,"pct":2.01}},"id":"hex:1935:17389"},"type":"Feature"},{"geometry":{"coordinates":[[[-118.48445,34.01808],[-118.48514,34.01904],[-118.4865,34.01903],[-118.48716,34.01804],[-118.48646,34.01708],[-118.48511,34.01709],[-118.48445,34.01808]]],"type":"Polygon"},"properties":{"bbox":{"parking":{"area":6835.44,"pct":16.84},"roads":{"area":5261.08,"pct":12.96},"sidewalks":{"area":1095.28,"pct":2.7}},"city":{"parking":{"area":6835.44,"pct":16.84},"roads":{"area":3879.05,"pct":9.56},"sidewalks":{"area":1095.28,"pct":2.7}},"id":"hex:1935:17390"},"type":"Feature"},{"geometry":{"coordinates":[[[-118.48448,34.02003],[-118.48518,34.021],[-118.48653,34.02098],[-118.48719,34.02],[-118.4865,34.01903],[-118.48514,34.01904],[-118.48448,34.02003]]],"type":"Polygon"},"properties":{"bbox":{"parking":{"area":2193.83,"pct":5.4},"roads":{"area":6216.43,"pct":15.31},"sidewalks":{"area":1439.97,"pct":3.55}},"city":{"parking":{"area":2193.83,"pct":5.4},"roads":{"area":5549.48,"pct":13.67},"sidewalks":{"area":1439.97,"pct":3.55}},"id":"hex:1935:17391"},"type":"Feature"},{"geometry":{"coordinates":[[[-118.48452,34.02198],[-118.48521,34.02295],[-118.48657,34.02293],[-118.48723,34.02195],[-118.48653,34.02098],[-118.48518,34.021],[-118.48452,34.02198]]],"type":"Polygon"},"properties":{"bbox":{"roads":{"area":5029.32,"pct":12.39},"sidewalks":{"area":1492.37,"pct":3.68}},"city_same":1,"id":"hex:1935:17392"},"type":"Feature"},{"geometry":{"coordinates":[[[-118.48455,34.02393],[-118.48525,34.0249],[-118.4866,34.02488],[-118.48726,34.0239],[-118.48657,34.02293],[-118.48521,34.02295],[-118.48455,34.02393]]],"type":"Polygon"},"properties":{"bbox":{"parking":{"area":2198.79,"pct":5.42},"roads":{"area":9053.04,"pct":22.3},"sidewalks":{"area":1413.25,"pct":3.48}},"city":{"parking":{"area":2198.79,"pct":5.42},"roads":{"area":6030.24,"pct":14.85},"sidewalks":{"area":1413.25,"pct":3.48}},"id":"hex:1935:17393"},"type":"Feature"},{"geometry":{"coordinates":[[[-118.48459,34.02588],[-118.48528,34.02685],[-118.48663,34.02684],[-118.48729,34.02585],[-118.4866,34.02488],[-118.48525,34.0249],[-118.48459,34.02588]]],"type":"Polygon"},"properties":{"bbox":{"roads":{"area":4826.24,"pct":11.89},"sidewalks":{"area":1282.19,"pct":3.16}},"city_same":1,"id":"hex:1935:17394"},"type":"Feature"},{"geometry":{"coordinates":[[[-118.48462,34.02784],[-118.48531,34.0288],[-118.48667,34.02879],[-118.48733,34.0278],[-118.48663,34.02684],[-118.48528,34.02685],[-118.48462,34.02784]]],"type":"Polygon"},"properties":{"bbox":{"roads":{"area":5129.22,"pct":12.64},"sidewalks":{"area":1263.27,"pct":3.11}},"city_same":1,"id":"hex:1935:17395"},"type":"Feature"},{"geometry":{"coordinates":[[[-118.48465,34.02979],[-118.48535,34.03076],[-118.4867,34.03074],[-118.48736,34.02976],[-118.48667,34.02879],[-118.48531,34.0288],[-118.48465,34.02979]]],"type":"Polygon"},"properties":{"bbox":{"roads":{"area":7490.07,"pct":18.45},"sidewalks":{"area":1451.51,"pct":3.58}},"city_same":1,"id":"hex:1935:17396"},"type":"Feature"},{"geometry":{"coordinates":[[[-118.48469,34.03174],[-118.48538,34.03271],[-118.48674,34.03269],[-118.4874,34.03171],[-118.4867,34.03074],[-118.48535,34.03076],[-118.48469,34.03174]]],"type":"Polygon"},"properties":{"bbox":{"roads":{"area":5315.63,"pct":13.09},"sidewalks":{"area":1611.16,"pct":3.97}},"city_same":1,"id":"hex:1935:17397"},"type":"Feature"},{"geometry":{"coordinates":[[[-118.48472,34.03369],[-118.48542,34.03466],[-118.48677,34.03464],[-118.48743,34.03366],[-118.48674,34.03269],[-118.48538,34.03271],[-118.48472,34.03369]]],"type":"Polygon"},"properties":{"bbox":{"roads":{"area":4305.73,"pct":10.61},"sidewalks":{"area":1334.98,"pct":3.29}},"city_same":1,"id":"hex:1935:17398"},"type":"Feature"},{"geometry":{"coordinates":[[[-118.48476,34.03564],[-118.48545,34.03661],[-118.4868,34.0366],[-118.48746,34.03561],[-118.48677,34.03464],[-118.48542,34.03466],[-118.48476,34.03564]]],"type":"Polygon"},"properties":{"bbox":{"roads":{"area":3661.29,"pct":9.02},"sidewalks":{"area":985.71,"pct":2.43}},"city_same":1,"id":"hex:1935:17399"},"type":"Feature"},{"geometry":{"coordinates":[[[-118.48479,34.0376],[-118.48548,34.03856],[-118.48684,34.03855],[-118.4875,34.03756],[-118.4868,34.0366],[-118.48545,34.03661],[-118.48479,34.0376]]],"type":"Polygon"},"properties":{"bbox":{"roads":{"area":4201.75,"pct":10.35},"sidewalks":{"area":196.57,"pct":0.48}},"city_same":1,"id":"hex:1935:17400"},"type":"Feature"},{"geometry":{"coordinates":[[[-118.48482,34.03955],[-118.48552,34.04052],[-118.48687,34.0405],[-118.48753,34.03952],[-118.48684,34.03855],[-118.48548,34.03856],[-118.48482,34.03955]]],"type":"Polygon"},"properties":{"bbox":{"roads":{"area":4633.25,"pct":11.41},"sidewalks":{"area":628.97,"pct":1.55}},"city_same":1,"id":"hex:1935:17401"},"type":"Feature"},{"geometry":{"coordinates":[[[-118.48486,34.0415],[-118.48555,34.04247],[-118.48691,34.04245],[-118.48757,34.04147],[-118.48687,34.0405],[-118.48552,34.04052],[-118.48486,34.0415]]],"type":"Polygon"},"properties":{"bbox":{"roads":{"area":3317.04,"pct":8.17}},"city_same":1,"id":"hex:1935:17402"},"type":"Feature"},{"geometry":{"coordinates":[[[-118.48555,34.04247],[-118.48691,34.04245],[-118.4876,34.04342],[-118.48701,34.04429],[-118.4853,34.04284],[-118.48555,34.04247]]],"type":"Polygon"},"properties":{"bbox":{"roads":{"area":2428.88,"pct":10.15},"sidewalks":{"area":658.28,"pct":2.75}},"city_same":1,"id":"hex:1935:17403"},"type":"Feature"},{"geometry":{"coordinates":[[[-118.48206,33.9976],[-118.48276,33.99857],[-118.48411,33.99856],[-118.48477,33.99757],[-118.48408,33.9966],[-118.48272,33.99662],[-118.48206,33.9976]]],"type":"Polygon"},"properties":{"bbox":{"parking":{"area":5857.72,"pct":14.43},"roads":{"area":3945.16,"pct":9.72},"sidewalks":{"area":513.1,"pct":1.26}},"city_same":1,"id":"hex:1936:17380"},"type":"Feature"},{"geometry":{"coordinates":[[[-118.4821,33.99956],[-118.48279,34.00052],[-118.48414,34.00051],[-118.4848,33.99952],[-118.48411,33.99856],[-118.48276,33.99857],[-118.4821,33.99956]]],"type":"Polygon"},"properties":{"bbox":{"parking":{"area":4977.7,"pct":12.26},"roads":{"area":4261.89,"pct":10.5},"sidewalks":{"area":735.96,"pct":1.81}},"city":{"parking":{"area":4977.7,"pct":12.26},"roads":{"area":2206.37,"pct":5.44},"sidewalks":{"area":735.96,"pct":1.81}},"id":"hex:1936:17381"},"type":"Feature"},{"geometry":{"coordinates":[[[-118.48213,34.00151],[-118.48283,34.00248],[-118.48418,34.00246],[-118.48484,34.00148],[-118.48414,34.00051],[-118.48279,34.00052],[-118.48213,34.00151]]],"type":"Polygon"},"properties":{"bbox":{"parking":{"area":8489.02,"pct":20.91},"roads":{"area":10060.52,"pct":24.78},"sidewalks":{"area":1657.95,"pct":4.08}},"city":{"parking":{"area":8489.02,"pct":20.91},"roads":{"area":7160,"pct":17.64},"sidewalks":{"area":1657.95,"pct":4.08}},"id":"hex:1936:17382"},"type":"Feature"},{"geometry":{"coordinates":[[[-118.48217,34.00346],[-118.48286,34.00443],[-118.48421,34.00441],[-118.48487,34.00343],[-118.48418,34.00246],[-118.48283,34.00248],[-118.48217,34.00346]]],"type":"Polygon"},"properties":{"bbox":{"parking":{"area":1021.21,"pct":2.52},"roads":{"area":6498,"pct":16.01},"sidewalks":{"area":2097.05,"pct":5.17}},"city_same":1,"id":"hex:1936:17383"},"type":"Feature"},{"geometry":{"coordinates":[[[-118.4822,34.00541],[-118.48289,34.00638],[-118.48425,34.00636],[-118.48491,34.00538],[-118.48421,34.00441],[-118.48286,34.00443],[-118.4822,34.00541]]],"type":"Polygon"},"properties":{"bbox":{"parking":{"area":220.31,"pct":0.54},"roads":{"area":4047.94,"pct":9.97},"sidewalks":{"area":1356.23,"pct":3.34}},"city_same":1,"id":"hex:1936:17384"},"type":"Feature"},{"geometry":{"coordinates":[[[-118.48223,34.00736],[-118.48293,34.00833],[-118.48428,34.00832],[-118.48494,34.00733],[-118.48425,34.00636],[-118.48289,34.00638],[-118.48223,34.00736]]],"type":"Polygon"},"properties":{"bbox":{"roads":{"area":4785.98,"pct":11.79},"sidewalks":{"area":1176.65,"pct":2.9}},"city_same":1,"id":"hex:1936:17385"},"type":"Feature"},{"geometry":{"coordinates":[[[-118.48227,34.00932],[-118.48296,34.01028],[-118.48431,34.01027],[-118.48497,34.00928],[-118.48428,34.00832],[-118.48293,34.00833],[-118.48227,34.00932]]],"type":"Polygon"},"properties":{"bbox":{"roads":{"area":4032.64,"pct":9.93}},"city_same":1,"id":"hex:1936:17386"},"type":"Feature"},{"geometry":{"coordinates":[[[-118.4823,34.01127],[-118.48299,34.01224],[-118.48435,34.01222],[-118.48501,34.01124],[-118.48431,34.01027],[-118.48296,34.01028],[-118.4823,34.01127]]],"type":"Polygon"},"properties":{"bbox":{"parking":{"area":2099.5,"pct":5.17},"roads":{"area":6922.42,"pct":17.05},"sidewalks":{"area":712.69,"pct":1.76}},"city":{"parking":{"area":2099.5,"pct":5.17},"roads":{"area":3429.94,"pct":8.45},"sidewalks":{"area":712.69,"pct":1.76}},"id":"hex:1936:17387"},"type":"Feature"},{"geometry":{"coordinates":[[[-118.48234,34.01322],[-118.48303,34.01419],[-118.48438,34.01417],[-118.48504,34.01319],[-118.48435,34.01222],[-118.48299,34.01224],[-118.48234,34.01322]]],"type":"Polygon"},"properties":{"bbox":{"parking":{"area":636.08,"pct":1.57},"roads":{"area":7488.59,"pct":18.45},"sidewalks":{"area":679.22,"pct":1.67}},"city":{"parking":{"area":636.08,"pct":1.57},"roads":{"area":3746.82,"pct":9.23},"sidewalks":{"area":679.22,"pct":1.67}},"id":"hex:1936:17388"},"type":"Feature"},{"geometry":{"coordinates":[[[-118.48237,34.01517],[-118.48306,34.01614],[-118.48442,34.01612],[-118.48508,34.01514],[-118.48438,34.01417],[-118.48303,34.01419],[-118.48237,34.01517]]],"type":"Polygon"},"properties":{"bbox":{"roads":{"area":9197.37,"pct":22.66}},"city":{"roads":{"area":3918.22,"pct":9.65}},"id":"hex:1936:17389"},"type":"Feature"},{"geometry":{"coordinates":[[[-118.4824,34.01712],[-118.4831,34.01809],[-118.48445,34.01808],[-118.48511,34.01709],[-118.48442,34.01612],[-118.48306,34.01614],[-118.4824,34.01712]]],"type":"Polygon"},"properties":{"bbox":{"parking":{"area":382.28,"pct":0.94},"roads":{"area":11793.3,"pct":29.05},"sidewalks":{"area":1273.62,"pct":3.14}},"city":{"parking":{"area":382.28,"pct":0.94},"roads":{"area":5614.96,"pct":13.83},"sidewalks":{"area":1273.62,"pct":3.14}},"id":"hex:1936:17390"},"type":"Feature"},{"geometry":{"coordinates":[[[-118.48244,34.01908],[-118.48313,34.02004],[-118.48448,34.02003],[-118.48514,34.01904],[-118.48445,34.01808],[-118.4831,34.01809],[-118.48244,34.01908]]],"type":"Polygon"},"properties":{"bbox":{"parking":{"area":4527.99,"pct":11.15},"roads":{"area":4111.2,"pct":10.13},"sidewalks":{"area":856.01,"pct":2.11}},"city":{"parking":{"area":4527.99,"pct":11.15},"roads":{"area":3728.27,"pct":9.18},"sidewalks":{"area":856.01,"pct":2.11}},"id":"hex:1936:17391"},"type":"Feature"},{"geometry":{"coordinates":[[[-118.48247,34.02103],[-118.48316,34.022],[-118.48452,34.02198],[-118.48518,34.021],[-118.48448,34.02003],[-118.48313,34.02004],[-118.48247,34.02103]]],"type":"Polygon"},"properties":{"bbox":{"parking":{"area":2830.47,"pct":6.97},"roads":{"area":4770.8,"pct":11.75},"sidewalks":{"area":1170.92,"pct":2.88}},"city":{"parking":{"area":2830.47,"pct":6.97},"roads":{"area":3295.34,"pct":8.12},"sidewalks":{"area":1170.92,"pct":2.88}},"id":"hex:1936:17392"},"type":"Feature"},{"geometry":{"coordinates":[[[-118.4825,34.02298],[-118.4832,34.02395],[-118.48455,34.02393],[-118.48521,34.02295],[-118.48452,34.02198],[-118.48316,34.022],[-118.4825,34.02298]]],"type":"Polygon"},"properties":{"bbox":{"parking":{"area":1046.18,"pct":2.58},"roads":{"area":6270.61,"pct":15.45},"sidewalks":{"area":1498.63,"pct":3.69}},"city_same":1,"id":"hex:1936:17393"},"type":"Feature"},{"geometry":{"coordinates":[[[-118.48254,34.02493],[-118.48323,34.0259],[-118.48459,34.02588],[-118.48525,34.0249],[-118.48455,34.02393],[-118.4832,34.02395],[-118.48254,34.02493]]],"type":"Polygon"},"properties":{"bbox":{"parking":{"area":699.77,"pct":1.72},"roads":{"area":7989.01,"pct":19.68},"sidewalks":{"area":1481.2,"pct":3.65}},"city":{"parking":{"area":699.77,"pct":1.72},"roads":{"area":5282.28,"pct":13.01},"sidewalks":{"area":1481.2,"pct":3.65}},"id":"hex:1936:17394"},"type":"Feature"},{"geometry":{"coordinates":[[[-118.48257,34.02688],[-118.48327,34.02785],[-118.48462,34.02784],[-118.48528,34.02685],[-118.48459,34.02588],[-118.48323,34.0259],[-118.48257,34.02688]]],"type":"Polygon"},"properties":{"bbox":{"parking":{"area":3635.95,"pct":8.96},"roads":{"area":7005.63,"pct":17.26},"sidewalks":{"area":1359.74,"pct":3.35}},"city":{"parking":{"area":3635.95,"pct":8.96},"roads":{"area":6055.11,"pct":14.92},"sidewalks":{"area":1359.74,"pct":3.35}},"id":"hex:1936:17395"},"type":"Feature"},{"geometry":{"coordinates":[[[-118.48261,34.02884],[-118.4833,34.0298],[-118.48465,34.02979],[-118.48531,34.0288],[-118.48462,34.02784],[-118.48327,34.02785],[-118.48261,34.02884]]],"type":"Polygon"},"properties":{"bbox":{"parking":{"area":1760.85,"pct":4.34},"roads":{"area":4901.54,"pct":12.07},"sidewalks":{"area":1275.76,"pct":3.14}},"city_same":1,"id":"hex:1936:17396"},"type":"Feature"},{"geometry":{"coordinates":[[[-118.48264,34.03079],[-118.48333,34.03176],[-118.48469,34.03174],[-118.48535,34.03076],[-118.48465,34.02979],[-118.4833,34.0298],[-118.48264,34.03079]]],"type":"Polygon"},"properties":{"bbox":{"parking":{"area":2054.55,"pct":5.06},"roads":{"area":9147.87,"pct":22.53},"sidewalks":{"area":1353.16,"pct":3.33}},"city":{"parking":{"area":2054.55,"pct":5.06},"roads":{"area":8731.5,"pct":21.51},"sidewalks":{"area":1353.16,"pct":3.33}},"id":"hex:1936:17397"},"type":"Feature"},{"geometry":{"coordinates":[[[-118.48267,34.03274],[-118.48337,34.03371],[-118.48472,34.03369],[-118.48538,34.03271],[-118.48469,34.03174],[-118.48333,34.03176],[-118.48267,34.03274]]],"type":"Polygon"},"properties":{"bbox":{"parking":{"area":351.76,"pct":0.87},"roads":{"area":5152.32,"pct":12.69},"sidewalks":{"area":1490.34,"pct":3.67}},"city_same":1,"id":"hex:1936:17398"},"type":"Feature"},{"geometry":{"coordinates":[[[-118.48271,34.03469],[-118.4834,34.03566],[-118.48476,34.03564],[-118.48542,34.03466],[-118.48472,34.03369],[-118.48337,34.03371],[-118.48271,34.03469]]],"type":"Polygon"},"properties":{"bbox":{"roads":{"area":3866.77,"pct":9.53},"sidewalks":{"area":1442.59,"pct":3.55}},"city_same":1,"id":"hex:1936:17399"},"type":"Feature"},{"geometry":{"coordinates":[[[-118.48274,34.03664],[-118.48344,34.03761],[-118.48479,34.0376],[-118.48545,34.03661],[-118.48476,34.03564],[-118.4834,34.03566],[-118.48274,34.03664]]],"type":"Polygon"},"properties":{"bbox":{"roads":{"area":4553.85,"pct":11.22},"sidewalks":{"area":250.73,"pct":0.62}},"city_same":1,"id":"hex:1936:17400"},"type":"Feature"},{"geometry":{"coordinates":[[[-118.48278,34.0386],[-118.48347,34.03956],[-118.48482,34.03955],[-118.48548,34.03856],[-118.48479,34.0376],[-118.48344,34.03761],[-118.48278,34.0386]]],"type":"Polygon"},"properties":{"bbox":{"parking":{"area":1081.95,"pct":2.67},"roads":{"area":3501.33,"pct":8.63},"sidewalks":{"area":500.18,"pct":1.23}},"city_same":1,"id":"hex:1936:17401"},"type":"Feature"},{"geometry":{"coordinates":[[[-118.48281,34.04055],[-118.4835,34.04152],[-118.48486,34.0415],[-118.48552,34.04052],[-118.48482,34.03955],[-118.48347,34.03956],[-118.48281,34.04055]]],"type":"Polygon"},"properties":{"bbox":{"roads":{"area":5763.36,"pct":14.2},"sidewalks":{"area":874.38,"pct":2.15}},"city_same":1,"id":"hex:1936:17402"},"type":"Feature"},{"geometry":{"coordinates":[[[-118.4835,34.04152],[-118.48486,34.0415],[-118.48555,34.04247],[-118.4853,34.04284],[-118.48381,34.04157],[-118.48305,34.04219],[-118.4835,34.04152]]],"type":"Polygon"},"properties":{"bbox":{"roads":{"area":2481.03,"pct":21.52},"sidewalks":{"area":661.65,"pct":5.74}},"city_same":1,"id":"hex:1936:17403"},"type":"Feature"},{"geometry":{"coordinates":[[[-118.48272,33.99662],[-118.48206,33.9976],[-118.48071,33.99762],[-118.48033,33.99709],[-118.48147,33.99635],[-118.48171,33.99661],[-118.4821,33.99636],[-118.48241,33.99618],[-118.48272,33.99662]]],"type":"Polygon"},"properties":{"bbox":{"parking":{"area":1140.17,"pct":5.32},"roads":{"area":4047.87,"pct":18.9},"sidewalks":{"area":503.93,"pct":2.35}},"city_same":1,"id":"hex:1937:17379"},"type":"Feature"},{"geometry":{"coordinates":[[[-118.48005,33.99861],[-118.48074,33.99957],[-118.4821,33.99956],[-118.48276,33.99857],[-118.48206,33.9976],[-118.48071,33.99762],[-118.48005,33.99861]]],"type":"Polygon"},"properties":{"bbox":{"parking":{"area":4074.46,"pct":10.04},"roads":{"area":7360.95,"pct":18.13},"sidewalks":{"area":365.59,"pct":0.9}},"city":{"parking":{"area":4074.46,"pct":10.04},"roads":{"area":4212.13,"pct":10.38},"sidewalks":{"area":365.59,"pct":0.9}},"id":"hex:1937:17380"},"type":"Feature"},{"geometry":{"coordinates":[[[-118.48009,34.00056],[-118.48078,34.00152],[-118.48213,34.00151],[-118.48279,34.00052],[-118.4821,33.99956],[-118.48074,33.99957],[-118.48009,34.00056]]],"type":"Polygon"},"properties":{"bbox":{"parking":{"area":1847.51,"pct":4.55},"roads":{"area":5061.96,"pct":12.47},"sidewalks":{"area":1041.74,"pct":2.57}},"city":{"parking":{"area":1847.51,"pct":4.55},"roads":{"area":5003.48,"pct":12.33},"sidewalks":{"area":1041.74,"pct":2.57}},"id":"hex:1937:17381"},"type":"Feature"},{"geometry":{"coordinates":[[[-118.48012,34.00251],[-118.48081,34.00348],[-118.48217,34.00346],[-118.48283,34.00248],[-118.48213,34.00151],[-118.48078,34.00152],[-118.48012,34.00251]]],"type":"Polygon"},"properties":{"bbox":{"parking":{"area":403.16,"pct":0.99},"roads":{"area":5119.01,"pct":12.61},"sidewalks":{"area":1577.33,"pct":3.89}},"city_same":1,"id":"hex:1937:17382"},"type":"Feature"},{"geometry":{"coordinates":[[[-118.48015,34.00446],[-118.48085,34.00543],[-118.4822,34.00541],[-118.48286,34.00443],[-118.48217,34.00346],[-118.48081,34.00348],[-118.48015,34.00446]]],"type":"Polygon"},"properties":{"bbox":{"parking":{"area":646.07,"pct":1.59},"roads":{"area":8853.49,"pct":21.81},"sidewalks":{"area":1993.63,"pct":4.91}},"city_same":1,"id":"hex:1937:17383"},"type":"Feature"},{"geometry":{"coordinates":[[[-118.48019,34.00641],[-118.48088,34.00738],[-118.48223,34.00736],[-118.48289,34.00638],[-118.4822,34.00541],[-118.48085,34.00543],[-118.48019,34.00641]]],"type":"Polygon"},"properties":{"bbox":{"roads":{"area":3974.1,"pct":9.79},"sidewalks":{"area":1816.98,"pct":4.48}},"city_same":1,"id":"hex:1937:17384"},"type":"Feature"},{"geometry":{"coordinates":[[[-118.48022,34.00837],[-118.48091,34.00933],[-118.48227,34.00932],[-118.48293,34.00833],[-118.48223,34.00736],[-118.48088,34.00738],[-118.48022,34.00837]]],"type":"Polygon"},"properties":{"bbox":{"parking":{"area":608.46,"pct":1.5},"roads":{"area":4312.93,"pct":10.62},"sidewalks":{"area":1236.64,"pct":3.05}},"city_same":1,"id":"hex:1937:17385"},"type":"Feature"},{"geometry":{"coordinates":[[[-118.48025,34.01032],[-118.48095,34.01128],[-118.4823,34.01127],[-118.48296,34.01028],[-118.48227,34.00932],[-118.48091,34.00933],[-118.48025,34.01032]]],"type":"Polygon"},"properties":{"bbox":{"parking":{"area":1459.33,"pct":3.59},"roads":{"area":6437.1,"pct":15.86},"sidewalks":{"area":455.43,"pct":1.12}},"city":{"parking":{"area":1459.33,"pct":3.59},"roads":{"area":4061.27,"pct":10},"sidewalks":{"area":455.43,"pct":1.12}},"id":"hex:1937:17386"},"type":"Feature"},{"geometry":{"coordinates":[[[-118.48029,34.01227],[-118.48098,34.01324],[-118.48234,34.01322],[-118.48299,34.01224],[-118.4823,34.01127],[-118.48095,34.01128],[-118.48029,34.01227]]],"type":"Polygon"},"properties":{"bbox":{"parking":{"area":1419.09,"pct":3.5},"roads":{"area":9010.33,"pct":22.2},"sidewalks":{"area":832.35,"pct":2.05}},"city":{"parking":{"area":1419.09,"pct":3.5},"roads":{"area":3956.02,"pct":9.75},"sidewalks":{"area":832.35,"pct":2.05}},"id":"hex:1937:17387"},"type":"Feature"},{"geometry":{"coordinates":[[[-118.48032,34.01422],[-118.48102,34.01519],[-118.48237,34.01517],[-118.48303,34.01419],[-118.48234,34.01322],[-118.48098,34.01324],[-118.48032,34.01422]]],"type":"Polygon"},"properties":{"bbox":{"roads":{"area":3620.75,"pct":8.92},"sidewalks":{"area":103.13,"pct":0.25}},"city":{"roads":{"area":3058.39,"pct":7.53},"sidewalks":{"area":103.13,"pct":0.25}},"id":"hex:1937:17388"},"type":"Feature"},{"geometry":{"coordinates":[[[-118.48036,34.01617],[-118.48105,34.01714],[-118.4824,34.01712],[-118.48306,34.01614],[-118.48237,34.01517],[-118.48102,34.01519],[-118.48036,34.01617]]],"type":"Polygon"},"properties":{"bbox":{"roads":{"area":6453.09,"pct":15.9},"sidewalks":{"area":617.01,"pct":1.52}},"city":{"roads":{"area":4420.72,"pct":10.89},"sidewalks":{"area":617.01,"pct":1.52}},"id":"hex:1937:17389"},"type":"Feature"},{"geometry":{"coordinates":[[[-118.48039,34.01813],[-118.48108,34.01909],[-118.48244,34.01908],[-118.4831,34.01809],[-118.4824,34.01712],[-118.48105,34.01714],[-118.48039,34.01813]]],"type":"Polygon"},"properties":{"bbox":{"parking":{"area":656,"pct":1.62},"roads":{"area":10101.51,"pct":24.88},"sidewalks":{"area":842.47,"pct":2.08}},"city":{"parking":{"area":656,"pct":1.62},"roads":{"area":4107.39,"pct":10.12},"sidewalks":{"area":842.47,"pct":2.08}},"id":"hex:1937:17390"},"type":"Feature"},{"geometry":{"coordinates":[[[-118.48042,34.02008],[-118.48112,34.02104],[-118.48247,34.02103],[-118.48313,34.02004],[-118.48244,34.01908],[-118.48108,34.01909],[-118.48042,34.02008]]],"type":"Polygon"},"properties":{"bbox":{"parking":{"area":7483.48,"pct":18.43},"roads":{"area":6115.23,"pct":15.06},"sidewalks":{"area":1259.6,"pct":3.1}},"city_same":1,"id":"hex:1937:17391"},"type":"Feature"},{"geometry":{"coordinates":[[[-118.48046,34.02203],[-118.48115,34.023],[-118.4825,34.02298],[-118.48316,34.022],[-118.48247,34.02103],[-118.48112,34.02104],[-118.48046,34.02203]]],"type":"Polygon"},"properties":{"bbox":{"parking":{"area":7614.83,"pct":18.76},"roads":{"area":5299.55,"pct":13.05},"sidewalks":{"area":1146.11,"pct":2.82}},"city":{"parking":{"area":7614.83,"pct":18.76},"roads":{"area":3737.88,"pct":9.21},"sidewalks":{"area":1146.11,"pct":2.82}},"id":"hex:1937:17392"},"type":"Feature"},{"geometry":{"coordinates":[[[-118.48049,34.02398],[-118.48119,34.02495],[-118.48254,34.02493],[-118.4832,34.02395],[-118.4825,34.02298],[-118.48115,34.023],[-118.48049,34.02398]]],"type":"Polygon"},"properties":{"bbox":{"parking":{"area":1572.3,"pct":3.87},"roads":{"area":5217.51,"pct":12.85},"sidewalks":{"area":1316.8,"pct":3.24}},"city_same":1,"id":"hex:1937:17393"},"type":"Feature"},{"geometry":{"coordinates":[[[-118.48053,34.02593],[-118.48122,34.0269],[-118.48257,34.02688],[-118.48323,34.0259],[-118.48254,34.02493],[-118.48119,34.02495],[-118.48053,34.02593]]],"type":"Polygon"},"properties":{"bbox":{"parking":{"area":1526.76,"pct":3.76},"roads":{"area":6673.87,"pct":16.44},"sidewalks":{"area":1306.68,"pct":3.22}},"city":{"parking":{"area":1526.76,"pct":3.76},"roads":{"area":5359.61,"pct":13.2},"sidewalks":{"area":1306.68,"pct":3.22}},"id":"hex:1937:17394"},"type":"Feature"},{"geometry":{"coordinates":[[[-118.48056,34.02789],[-118.48125,34.02885],[-118.48261,34.02884],[-118.48327,34.02785],[-118.48257,34.02688],[-118.48122,34.0269],[-118.48056,34.02789]]],"type":"Polygon"},"properties":{"bbox":{"parking":{"area":163.64,"pct":0.4},"roads":{"area":7341.2,"pct":18.08},"sidewalks":{"area":1446.82,"pct":3.56}},"city":{"parking":{"area":163.64,"pct":0.4},"roads":{"area":4657.11,"pct":11.47},"sidewalks":{"area":1446.82,"pct":3.56}},"id":"hex:1937:17395"},"type":"Feature"},{"geometry":{"coordinates":[[[-118.48059,34.02984],[-118.48129,34.0308],[-118.48264,34.03079],[-118.4833,34.0298],[-118.48261,34.02884],[-118.48125,34.02885],[-118.48059,34.02984]]],"type":"Polygon"},"properties":{"bbox":{"parking":{"area":1616.66,"pct":3.98},"roads":{"area":6911.54,"pct":17.03},"sidewalks":{"area":1518.78,"pct":3.74}},"city":{"parking":{"area":1616.66,"pct":3.98},"roads":{"area":4366.11,"pct":10.76},"sidewalks":{"area":1518.78,"pct":3.74}},"id":"hex:1937:17396"},"type":"Feature"},{"geometry":{"coordinates":[[[-118.48063,34.03179],[-118.48132,34.03276],[-118.48267,34.03274],[-118.48333,34.03176],[-118.48264,34.03079],[-118.48129,34.0308],[-118.48063,34.03179]]],"type":"Polygon"},"properties":{"bbox":{"roads":{"area":8368.43,"pct":20.61},"sidewalks":{"area":1411.97,"pct":3.48}},"city":{"roads":{"area":7754.1,"pct":19.1},"sidewalks":{"area":1411.97,"pct":3.48}},"id":"hex:1937:17397"},"type":"Feature"},{"geometry":{"coordinates":[[[-118.48066,34.03374],[-118.48136,34.03471],[-118.48271,34.03469],[-118.48337,34.03371],[-118.48267,34.03274],[-118.48132,34.03276],[-118.48066,34.03374]]],"type":"Polygon"},"properties":{"bbox":{"roads":{"area":6199.46,"pct":15.27},"sidewalks":{"area":1422.46,"pct":3.5}},"city_same":1,"id":"hex:1937:17398"},"type":"Feature"},{"geometry":{"coordinates":[[[-118.4807,34.03569],[-118.48139,34.03666],[-118.48274,34.03664],[-118.4834,34.03566],[-118.48271,34.03469],[-118.48136,34.03471],[-118.4807,34.03569]]],"type":"Polygon"},"properties":{"bbox":{"roads":{"area":5831.78,"pct":14.37},"sidewalks":{"area":34.61,"pct":0.09}},"city_same":1,"id":"hex:1937:17399"},"type":"Feature"},{"geometry":{"coordinates":[[[-118.48073,34.03764],[-118.48142,34.03861],[-118.48278,34.0386],[-118.48344,34.03761],[-118.48274,34.03664],[-118.48139,34.03666],[-118.48073,34.03764]]],"type":"Polygon"},"properties":{"bbox":{"roads":{"area":5192.21,"pct":12.79},"sidewalks":{"area":564.76,"pct":1.39}},"city_same":1,"id":"hex:1937:17400"},"type":"Feature"},{"geometry":{"coordinates":[[[-118.48076,34.0396],[-118.48146,34.04056],[-118.48281,34.04055],[-118.48347,34.03956],[-118.48278,34.0386],[-118.48142,34.03861],[-118.48076,34.0396]]],"type":"Polygon"},"properties":{"bbox":{"roads":{"area":4254.17,"pct":10.48},"sidewalks":{"area":638.41,"pct":1.57}},"city_same":1,"id":"hex:1937:17401"},"type":"Feature"},{"geometry":{"coordinates":[[[-118.48149,34.04252],[-118.4808,34.04155],[-118.48146,34.04056],[-118.48281,34.04055],[-118.4835,34.04152],[-118.48305,34.04219],[-118.48267,34.0425],[-118.48149,34.04252]]],"type":"Polygon"},"properties":{"bbox":{"roads":{"area":3679.86,"pct":9.13},"sidewalks":{"area":321.05,"pct":0.8}},"city_same":1,"id":"hex:1937:17402"},"type":"Feature"},{"geometry":{"coordinates":[[[-118.48083,34.0435],[-118.48149,34.04252],[-118.48267,34.0425],[-118.48106,34.04382],[-118.48083,34.0435]]],"type":"Polygon"},"properties":{"bbox":{"roads":{"area":1832.49,"pct":18.31},"sidewalks":{"area":344.53,"pct":3.44}},"city_same":1,"id":"hex:1937:17403"},"type":"Feature"},{"geometry":{"coordinates":[[[-118.48071,33.99762],[-118.48005,33.99861],[-118.4787,33.99862],[-118.47838,33.99818],[-118.48001,33.99732],[-118.48,33.99731],[-118.48033,33.99709],[-118.48071,33.99762]]],"type":"Polygon"},"properties":{"bbox":{"parking":{"area":380.46,"pct":1.91},"roads":{"area":4169.66,"pct":20.92},"sidewalks":{"area":462.83,"pct":2.32}},"city":{"parking":{"area":380.46,"pct":1.91},"roads":{"area":2987.04,"pct":14.98},"sidewalks":{"area":462.83,"pct":2.32}},"id":"hex:1938:17380"},"type":"Feature"},{"geometry":{"coordinates":[[[-118.47804,33.99961],[-118.47873,34.00057],[-118.48009,34.00056],[-118.48074,33.99957],[-118.48005,33.99861],[-118.4787,33.99862],[-118.47804,33.99961]]],"type":"Polygon"},"properties":{"bbox":{"roads":{"area":3566.56,"pct":8.79}},"city_same":1,"id":"hex:1938:17381"},"type":"Feature"},{"geometry":{"coordinates":[[[-118.47807,34.00156],[-118.47877,34.00253],[-118.48012,34.00251],[-118.48078,34.00152],[-118.48009,34.00056],[-118.47873,34.00057],[-118.47807,34.00156]]],"type":"Polygon"},"properties":{"bbox":{"roads":{"area":4568.83,"pct":11.25},"sidewalks":{"area":755.28,"pct":1.86}},"city_same":1,"id":"hex:1938:17382"},"type":"Feature"},{"geometry":{"coordinates":[[[-118.47811,34.00351],[-118.4788,34.00448],[-118.48015,34.00446],[-118.48081,34.00348],[-118.48012,34.00251],[-118.47877,34.00253],[-118.47811,34.00351]]],"type":"Polygon"},"properties":{"bbox":{"roads":{"area":4641.46,"pct":11.43},"sidewalks":{"area":1139.59,"pct":2.81}},"city_same":1,"id":"hex:1938:17383"},"type":"Feature"},{"geometry":{"coordinates":[[[-118.47814,34.00546],[-118.47883,34.00643],[-118.48019,34.00641],[-118.48085,34.00543],[-118.48015,34.00446],[-118.4788,34.00448],[-118.47814,34.00546]]],"type":"Polygon"},"properties":{"bbox":{"parking":{"area":1688.5,"pct":4.16},"roads":{"area":6482.26,"pct":15.97},"sidewalks":{"area":1658.07,"pct":4.08}},"city_same":1,"id":"hex:1938:17384"},"type":"Feature"},{"geometry":{"coordinates":[[[-118.47817,34.00741],[-118.47887,34.00838],[-118.48022,34.00837],[-118.48088,34.00738],[-118.48019,34.00641],[-118.47883,34.00643],[-118.47817,34.00741]]],"type":"Polygon"},"properties":{"bbox":{"parking":{"area":173.78,"pct":0.43},"roads":{"area":2524.98,"pct":6.22},"sidewalks":{"area":1240.92,"pct":3.06}},"city_same":1,"id":"hex:1938:17385"},"type":"Feature"},{"geometry":{"coordinates":[[[-118.47821,34.00937],[-118.4789,34.01033],[-118.48025,34.01032],[-118.48091,34.00933],[-118.48022,34.00837],[-118.47887,34.00838],[-118.47821,34.00937]]],"type":"Polygon"},"properties":{"bbox":{"roads":{"area":7256.95,"pct":17.88},"sidewalks":{"area":843.39,"pct":2.08}},"city":{"roads":{"area":4025.82,"pct":9.92},"sidewalks":{"area":843.39,"pct":2.08}},"id":"hex:1938:17386"},"type":"Feature"},{"geometry":{"coordinates":[[[-118.47824,34.01132],[-118.47894,34.01229],[-118.48029,34.01227],[-118.48095,34.01128],[-118.48025,34.01032],[-118.4789,34.01033],[-118.47824,34.01132]]],"type":"Polygon"},"properties":{"bbox":{"roads":{"area":5186.59,"pct":12.78}},"city_same":1,"id":"hex:1938:17387"},"type":"Feature"},{"geometry":{"coordinates":[[[-118.47828,34.01327],[-118.47897,34.01424],[-118.48032,34.01422],[-118.48098,34.01324],[-118.48029,34.01227],[-118.47894,34.01229],[-118.47828,34.01327]]],"type":"Polygon"},"properties":{"bbox":{"parking":{"area":704.66,"pct":1.74},"roads":{"area":7480.73,"pct":18.43},"sidewalks":{"area":462.01,"pct":1.14}},"city":{"parking":{"area":704.66,"pct":1.74},"roads":{"area":4828.45,"pct":11.89},"sidewalks":{"area":462.01,"pct":1.14}},"id":"hex:1938:17388"},"type":"Feature"},{"geometry":{"coordinates":[[[-118.47831,34.01522],[-118.479,34.01619],[-118.48036,34.01617],[-118.48102,34.01519],[-118.48032,34.01422],[-118.47897,34.01424],[-118.47831,34.01522]]],"type":"Polygon"},"properties":{"bbox":{"roads":{"area":5193.67,"pct":12.79},"sidewalks":{"area":675.06,"pct":1.66}},"city":{"roads":{"area":4026.89,"pct":9.92},"sidewalks":{"area":675.06,"pct":1.66}},"id":"hex:1938:17389"},"type":"Feature"},{"geometry":{"coordinates":[[[-118.47834,34.01717],[-118.47904,34.01814],[-118.48039,34.01813],[-118.48105,34.01714],[-118.48036,34.01617],[-118.479,34.01619],[-118.47834,34.01717]]],"type":"Polygon"},"properties":{"bbox":{"roads":{"area":4249.49,"pct":10.47}},"city_same":1,"id":"hex:1938:17390"},"type":"Feature"},{"geometry":{"coordinates":[[[-118.47838,34.01913],[-118.47907,34.02009],[-118.48042,34.02008],[-118.48108,34.01909],[-118.48039,34.01813],[-118.47904,34.01814],[-118.47838,34.01913]]],"type":"Polygon"},"properties":{"bbox":{"roads":{"area":10399.7,"pct":25.62},"sidewalks":{"area":989.46,"pct":2.44}},"city":{"roads":{"area":4822.22,"pct":11.88},"sidewalks":{"area":989.46,"pct":2.44}},"id":"hex:1938:17391"},"type":"Feature"},{"geometry":{"coordinates":[[[-118.47841,34.02108],[-118.4791,34.02205],[-118.48046,34.02203],[-118.48112,34.02104],[-118.48042,34.02008],[-118.47907,34.02009],[-118.47841,34.02108]]],"type":"Polygon"},"properties":{"bbox":{"parking":{"area":9.57,"pct":0.02},"roads":{"area":4206.4,"pct":10.36},"sidewalks":{"area":990.63,"pct":2.44}},"city_same":1,"id":"hex:1938:17392"},"type":"Feature"},{"geometry":{"coordinates":[[[-118.47844,34.02303],[-118.47914,34.024],[-118.48049,34.02398],[-118.48115,34.023],[-118.48046,34.02203],[-118.4791,34.02205],[-118.47844,34.02303]]],"type":"Polygon"},"properties":{"bbox":{"parking":{"area":3508.68,"pct":8.64},"roads":{"area":5958.73,"pct":14.68},"sidewalks":{"area":1354.33,"pct":3.34}},"city":{"parking":{"area":3508.68,"pct":8.64},"roads":{"area":4541.87,"pct":11.19},"sidewalks":{"area":1354.33,"pct":3.34}},"id":"hex:1938:17393"},"type":"Feature"},{"geometry":{"coordinates":[[[-118.47848,34.02498],[-118.47917,34.02595],[-118.48053,34.02593],[-118.48119,34.02495],[-118.48049,34.02398],[-118.47914,34.024],[-118.47848,34.02498]]],"type":"Polygon"},"properties":{"bbox":{"parking":{"area":148.49,"pct":0.37},"roads":{"area":5779.09,"pct":14.24},"sidewalks":{"area":1346.04,"pct":3.32}},"city":{"parking":{"area":148.49,"pct":0.37},"roads":{"area":4865.08,"pct":11.98},"sidewalks":{"area":1346.04,"pct":3.32}},"id":"hex:1938:17394"},"type":"Feature"},{"geometry":{"coordinates":[[[-118.47851,34.02693],[-118.47921,34.0279],[-118.48056,34.02789],[-118.48122,34.0269],[-118.48053,34.02593],[-118.47917,34.02595],[-118.47851,34.02693]]],"type":"Polygon"},"properties":{"bbox":{"roads":{"area":4816.34,"pct":11.86},"sidewalks":{"area":1246.94,"pct":3.07}},"city":{"roads":{"area":4815.39,"pct":11.86},"sidewalks":{"area":1246.94,"pct":3.07}},"id":"hex:1938:17395"},"type":"Feature"},{"geometry":{"coordinates":[[[-118.47855,34.02889],[-118.47924,34.02985],[-118.48059,34.02984],[-118.48125,34.02885],[-118.48056,34.02789],[-118.47921,34.0279],[-118.47855,34.02889]]],"type":"Polygon"},"properties":{"bbox":{"parking":{"area":5119.97,"pct":12.61},"roads":{"area":8285.96,"pct":20.41},"sidewalks":{"area":1200.91,"pct":2.96}},"city":{"parking":{"area":5119.97,"pct":12.61},"roads":{"area":1716.44,"pct":4.23},"sidewalks":{"area":1200.91,"pct":2.96}},"id":"hex:1938:17396"},"type":"Feature"},{"geometry":{"coordinates":[[[-118.47858,34.03084],[-118.47927,34.03181],[-118.48063,34.03179],[-118.48129,34.0308],[-118.48059,34.02984],[-118.47924,34.02985],[-118.47858,34.03084]]],"type":"Polygon"},"properties":{"bbox":{"parking":{"area":3644.35,"pct":8.98},"roads":{"area":3854.16,"pct":9.49},"sidewalks":{"area":1092.28,"pct":2.69}},"city_same":1,"id":"hex:1938:17397"},"type":"Feature"},{"geometry":{"coordinates":[[[-118.47861,34.03279],[-118.47931,34.03376],[-118.48066,34.03374],[-118.48132,34.03276],[-118.48063,34.03179],[-118.47927,34.03181],[-118.47861,34.03279]]],"type":"Polygon"},"properties":{"bbox":{"roads":{"area":6563.46,"pct":16.17},"sidewalks":{"area":1386.66,"pct":3.42}},"city_same":1,"id":"hex:1938:17398"},"type":"Feature"},{"geometry":{"coordinates":[[[-118.47865,34.03474],[-118.47931,34.03376],[-118.48066,34.03374],[-118.48136,34.03471],[-118.4807,34.03569],[-118.47959,34.03571],[-118.4796,34.03569],[-118.47959,34.03567],[-118.47958,34.03566],[-118.47955,34.03565],[-118.47954,34.03565],[-118.47954,34.03563],[-118.47953,34.03562],[-118.47952,34.03561],[-118.4795,34.03562],[-118.4795,34.03562],[-118.47947,34.03561],[-118.47947,34.03559],[-118.47948,34.03557],[-118.47949,34.03555],[-118.47948,34.03553],[-118.47943,34.03552],[-118.47941,34.03552],[-118.47939,34.03556],[-118.47936,34.03557],[-118.47929,34.03563],[-118.47865,34.03474]],[[-118.47937,34.03516],[-118.47934,34.03513],[-118.47931,34.03514],[-118.47931,34.03515],[-118.47932,34.03519],[-118.47935,34.03523],[-118.47937,34.03524],[-118.4794,34.03524],[-118.47941,34.03523],[-118.47944,34.03521],[-118.47944,34.0352],[-118.47944,34.03519],[-118.47945,34.03517],[-118.47944,34.03516],[-118.47942,34.03516],[-118.4794,34.03517],[-118.47937,34.03516]]],"type":"Polygon"},"properties":{"bbox":{"parking":{"area":175.44,"pct":0.44},"roads":{"area":7827.87,"pct":19.5},"sidewalks":{"area":1088.31,"pct":2.71}},"city_same":1,"id":"hex:1938:17399"},"type":"Feature"},{"geometry":{"coordinates":[[[-118.4807,34.03569],[-118.48139,34.03666],[-118.48073,34.03764],[-118.47938,34.03766],[-118.47868,34.03669],[-118.47933,34.03572],[-118.47938,34.03574],[-118.4794,34.03576],[-118.47943,34.03575],[-118.47946,34.03575],[-118.47948,34.03577],[-118.47948,34.03578],[-118.47949,34.03579],[-118.4795,34.0358],[-118.47952,34.0358],[-118.47956,34.0358],[-118.47958,34.03579],[-118.47959,34.03571],[-118.47959,34.03571],[-118.4807,34.03569]]],"type":"Polygon"},"properties":{"bbox":{"roads":{"area":5622.93,"pct":13.9},"sidewalks":{"area":63.27,"pct":0.16}},"city_same":1,"id":"hex:1938:17400"},"type":"Feature"},{"geometry":{"coordinates":[[[-118.47872,34.03865],[-118.47941,34.03961],[-118.48076,34.0396],[-118.48142,34.03861],[-118.48073,34.03764],[-118.47938,34.03766],[-118.47872,34.03865]]],"type":"Polygon"},"properties":{"bbox":{"roads":{"area":6221.64,"pct":15.33},"sidewalks":{"area":1130.16,"pct":2.78}},"city_same":1,"id":"hex:1938:17401"},"type":"Feature"},{"geometry":{"coordinates":[[[-118.47875,34.0406],[-118.47944,34.04157],[-118.4808,34.04155],[-118.48146,34.04056],[-118.48076,34.0396],[-118.47941,34.03961],[-118.47875,34.0406]]],"type":"Polygon"},"properties":{"bbox":{"roads":{"area":3494.54,"pct":8.61}},"city_same":1,"id":"hex:1938:17402"},"type":"Feature"},{"geometry":{"coordinates":[[[-118.47878,34.04255],[-118.47948,34.04352],[-118.48083,34.0435],[-118.48149,34.04252],[-118.4808,34.04155],[-118.47944,34.04157],[-118.47878,34.04255]]],"type":"Polygon"},"properties":{"bbox":{"roads":{"area":3719.99,"pct":9.16}},"city_same":1,"id":"hex:1938:17403"},"type":"Feature"},{"geometry":{"coordinates":[[[-118.47882,34.0445],[-118.47948,34.04352],[-118.48083,34.0435],[-118.48106,34.04382],[-118.48083,34.044],[-118.48007,34.04461],[-118.47998,34.04453],[-118.47977,34.04469],[-118.47967,34.04512],[-118.47947,34.04508],[-118.47932,34.04521],[-118.47882,34.0445]]],"type":"Polygon"},"properties":{"bbox":{"roads":{"area":2639.7,"pct":12.64},"sidewalks":{"area":435.23,"pct":2.08}},"city_same":1,"id":"hex:1938:17404"},"type":"Feature"},{"geometry":{"coordinates":[[[-118.4787,33.99862],[-118.47804,33.99961],[-118.47669,33.99962],[-118.4764,33.99922],[-118.47838,33.99818],[-118.4787,33.99862]]],"type":"Polygon"},"properties":{"bbox":{"roads":{"area":2664.35,"pct":14.38},"sidewalks":{"area":453.66,"pct":2.45}},"city_same":1,"id":"hex:1939:17380"},"type":"Feature"},{"geometry":{"coordinates":[[[-118.47603,34.00061],[-118.47672,34.00157],[-118.47807,34.00156],[-118.47873,34.00057],[-118.47804,33.99961],[-118.47669,33.99962],[-118.47603,34.00061]]],"type":"Polygon"},"properties":{"bbox":{"roads":{"area":3910.08,"pct":9.63},"sidewalks":{"area":544.44,"pct":1.34}},"city_same":1,"id":"hex:1939:17381"},"type":"Feature"},{"geometry":{"coordinates":[[[-118.47606,34.00256],[-118.47675,34.00353],[-118.47811,34.00351],[-118.47877,34.00253],[-118.47807,34.00156],[-118.47672,34.00157],[-118.47606,34.00256]]],"type":"Polygon"},"properties":{"bbox":{"roads":{"area":3853.68,"pct":9.49},"sidewalks":{"area":383.34,"pct":0.94}},"city_same":1,"id":"hex:1939:17382"},"type":"Feature"},{"geometry":{"coordinates":[[[-118.47609,34.00451],[-118.47679,34.00548],[-118.47814,34.00546],[-118.4788,34.00448],[-118.47811,34.00351],[-118.47675,34.00353],[-118.47609,34.00451]]],"type":"Polygon"},"properties":{"bbox":{"roads":{"area":3453.39,"pct":8.51},"sidewalks":{"area":1337.33,"pct":3.29}},"city_same":1,"id":"hex:1939:17383"},"type":"Feature"},{"geometry":{"coordinates":[[[-118.47613,34.00646],[-118.47682,34.00743],[-118.47817,34.00741],[-118.47883,34.00643],[-118.47814,34.00546],[-118.47679,34.00548],[-118.47613,34.00646]]],"type":"Polygon"},"properties":{"bbox":{"parking":{"area":1557.42,"pct":3.84},"roads":{"area":5949.14,"pct":14.65},"sidewalks":{"area":1250.57,"pct":3.08}},"city":{"parking":{"area":1557.42,"pct":3.84},"roads":{"area":5235.6,"pct":12.9},"sidewalks":{"area":1250.57,"pct":3.08}},"id":"hex:1939:17384"},"type":"Feature"},{"geometry":{"coordinates":[[[-118.47616,34.00841],[-118.47685,34.00938],[-118.47821,34.00937],[-118.47887,34.00838],[-118.47817,34.00741],[-118.47682,34.00743],[-118.47616,34.00841]]],"type":"Polygon"},"properties":{"bbox":{"parking":{"area":3494.63,"pct":8.61},"roads":{"area":8482.72,"pct":20.9},"sidewalks":{"area":758.74,"pct":1.87}},"city":{"parking":{"area":3494.63,"pct":8.61},"roads":{"area":5431.13,"pct":13.38},"sidewalks":{"area":758.74,"pct":1.87}},"id":"hex:1939:17385"},"type":"Feature"},{"geometry":{"coordinates":[[[-118.47619,34.01037],[-118.47689,34.01133],[-118.47824,34.01132],[-118.4789,34.01033],[-118.47821,34.00937],[-118.47685,34.00938],[-118.47619,34.01037]]],"type":"Polygon"},"properties":{"bbox":{"roads":{"area":4894.11,"pct":12.06},"sidewalks":{"area":644.12,"pct":1.59}},"city_same":1,"id":"hex:1939:17386"},"type":"Feature"},{"geometry":{"coordinates":[[[-118.47623,34.01232],[-118.47692,34.01329],[-118.47828,34.01327],[-118.47894,34.01229],[-118.47824,34.01132],[-118.47689,34.01133],[-118.47623,34.01232]]],"type":"Polygon"},"properties":{"bbox":{"roads":{"area":5078.3,"pct":12.51}},"city_same":1,"id":"hex:1939:17387"},"type":"Feature"},{"geometry":{"coordinates":[[[-118.47626,34.01427],[-118.47696,34.01524],[-118.47831,34.01522],[-118.47897,34.01424],[-118.47828,34.01327],[-118.47692,34.01329],[-118.47626,34.01427]]],"type":"Polygon"},"properties":{"bbox":{"roads":{"area":6237.71,"pct":15.37},"sidewalks":{"area":379.66,"pct":0.94}},"city":{"roads":{"area":3746.17,"pct":9.23},"sidewalks":{"area":379.66,"pct":0.94}},"id":"hex:1939:17388"},"type":"Feature"},{"geometry":{"coordinates":[[[-118.4763,34.01622],[-118.47699,34.01719],[-118.47834,34.01717],[-118.479,34.01619],[-118.47831,34.01522],[-118.47696,34.01524],[-118.4763,34.01622]]],"type":"Polygon"},"properties":{"bbox":{"roads":{"area":6264.92,"pct":15.43},"sidewalks":{"area":738.05,"pct":1.82}},"city":{"roads":{"area":4689.04,"pct":11.55},"sidewalks":{"area":738.05,"pct":1.82}},"id":"hex:1939:17389"},"type":"Feature"},{"geometry":{"coordinates":[[[-118.47633,34.01817],[-118.47702,34.01914],[-118.47838,34.01913],[-118.47904,34.01814],[-118.47834,34.01717],[-118.47699,34.01719],[-118.47633,34.01817]]],"type":"Polygon"},"properties":{"bbox":{"roads":{"area":2524.84,"pct":6.22},"sidewalks":{"area":636.47,"pct":1.57}},"city_same":1,"id":"hex:1939:17390"},"type":"Feature"},{"geometry":{"coordinates":[[[-118.47636,34.02013],[-118.47706,34.02109],[-118.47841,34.02108],[-118.47907,34.02009],[-118.47838,34.01913],[-118.47702,34.01914],[-118.47636,34.02013]]],"type":"Polygon"},"properties":{"bbox":{"roads":{"area":8243.62,"pct":20.31},"sidewalks":{"area":1153.31,"pct":2.84}},"city":{"roads":{"area":3426.56,"pct":8.44},"sidewalks":{"area":1153.31,"pct":2.84}},"id":"hex:1939:17391"},"type":"Feature"},{"geometry":{"coordinates":[[[-118.4764,34.02208],[-118.47709,34.02305],[-118.47844,34.02303],[-118.4791,34.02205],[-118.47841,34.02108],[-118.47706,34.02109],[-118.4764,34.02208]]],"type":"Polygon"},"properties":{"bbox":{"roads":{"area":9963.66,"pct":24.54},"sidewalks":{"area":976.5,"pct":2.41}},"city":{"roads":{"area":6631.24,"pct":16.34},"sidewalks":{"area":976.5,"pct":2.41}},"id":"hex:1939:17392"},"type":"Feature"},{"geometry":{"coordinates":[[[-118.47643,34.02403],[-118.47712,34.025],[-118.47848,34.02498],[-118.47914,34.024],[-118.47844,34.02303],[-118.47709,34.02305],[-118.47643,34.02403]]],"type":"Polygon"},"properties":{"bbox":{"parking":{"area":1978.83,"pct":4.87},"roads":{"area":5404.82,"pct":13.31},"sidewalks":{"area":1047.8,"pct":2.58}},"city":{"parking":{"area":1978.83,"pct":4.87},"roads":{"area":4280.31,"pct":10.54},"sidewalks":{"area":1047.8,"pct":2.58}},"id":"hex:1939:17393"},"type":"Feature"},{"geometry":{"coordinates":[[[-118.47646,34.02598],[-118.47716,34.02695],[-118.47851,34.02693],[-118.47917,34.02595],[-118.47848,34.02498],[-118.47712,34.025],[-118.47646,34.02598]]],"type":"Polygon"},"properties":{"bbox":{"parking":{"area":7060.22,"pct":17.39},"roads":{"area":10122.63,"pct":24.94},"sidewalks":{"area":1435.78,"pct":3.54}},"city":{"parking":{"area":7060.22,"pct":17.39},"roads":{"area":4380.42,"pct":10.79},"sidewalks":{"area":1435.78,"pct":3.54}},"id":"hex:1939:17394"},"type":"Feature"},{"geometry":{"coordinates":[[[-118.4765,34.02793],[-118.47719,34.0289],[-118.47855,34.02889],[-118.47921,34.0279],[-118.47851,34.02693],[-118.47716,34.02695],[-118.4765,34.02793]]],"type":"Polygon"},"properties":{"bbox":{"parking":{"area":1569.85,"pct":3.87},"roads":{"area":8282.3,"pct":20.4},"sidewalks":{"area":1203.7,"pct":2.97}},"city":{"parking":{"area":1569.85,"pct":3.87},"roads":{"area":5924.29,"pct":14.59},"sidewalks":{"area":1203.7,"pct":2.97}},"id":"hex:1939:17395"},"type":"Feature"},{"geometry":{"coordinates":[[[-118.47653,34.02989],[-118.47723,34.03085],[-118.47858,34.03084],[-118.47924,34.02985],[-118.47855,34.02889],[-118.47719,34.0289],[-118.47653,34.02989]]],"type":"Polygon"},"properties":{"bbox":{"parking":{"area":6949.56,"pct":17.12},"roads":{"area":8974.77,"pct":22.11},"sidewalks":{"area":1472.56,"pct":3.63}},"city":{"parking":{"area":6949.56,"pct":17.12},"roads":{"area":5951.55,"pct":14.66},"sidewalks":{"area":1472.56,"pct":3.63}},"id":"hex:1939:17396"},"type":"Feature"},{"geometry":{"coordinates":[[[-118.47657,34.03184],[-118.47726,34.03281],[-118.47861,34.03279],[-118.47927,34.03181],[-118.47858,34.03084],[-118.47723,34.03085],[-118.47657,34.03184]]],"type":"Polygon"},"properties":{"bbox":{"parking":{"area":376.08,"pct":0.93},"roads":{"area":3797.46,"pct":9.35},"sidewalks":{"area":984.87,"pct":2.43}},"city":{"parking":{"area":376.08,"pct":0.93},"roads":{"area":3292.99,"pct":8.11},"sidewalks":{"area":984.87,"pct":2.43}},"id":"hex:1939:17397"},"type":"Feature"},{"geometry":{"coordinates":[[[-118.4766,34.03379],[-118.47729,34.03476],[-118.47865,34.03474],[-118.47931,34.03376],[-118.47861,34.03279],[-118.47726,34.03281],[-118.4766,34.03379]]],"type":"Polygon"},"properties":{"bbox":{"parking":{"area":3641.33,"pct":8.97},"roads":{"area":6291.54,"pct":15.5},"sidewalks":{"area":1588.36,"pct":3.91}},"city_same":1,"id":"hex:1939:17398"},"type":"Feature"},{"geometry":{"coordinates":[[[-118.47868,34.03669],[-118.47733,34.03671],[-118.47663,34.03574],[-118.47729,34.03476],[-118.47865,34.03474],[-118.47929,34.03563],[-118.47926,34.03565],[-118.47926,34.03568],[-118.47928,34.03569],[-118.47931,34.03571],[-118.47933,34.03572],[-118.47868,34.03669]],[[-118.47881,34.03561],[-118.47883,34.03562],[-118.47885,34.03562],[-118.47886,34.03561],[-118.47887,34.0356],[-118.47887,34.03558],[-118.47884,34.03555],[-118.47884,34.03552],[-118.47883,34.0355],[-118.4788,34.0355],[-118.47878,34.03551],[-118.47875,34.03552],[-118.47875,34.03554],[-118.47877,34.03558],[-118.47881,34.03561]]],"type":"Polygon"},"properties":{"bbox":{"parking":{"area":2799.79,"pct":6.92},"roads":{"area":9778.89,"pct":24.16},"sidewalks":{"area":1315.7,"pct":3.25}},"city":{"parking":{"area":2799.79,"pct":6.92},"roads":{"area":8872.46,"pct":21.92},"sidewalks":{"area":1315.7,"pct":3.25}},"id":"hex:1939:17399"},"type":"Feature"},{"geometry":{"coordinates":[[[-118.47667,34.03769],[-118.47736,34.03866],[-118.47872,34.03865],[-118.47938,34.03766],[-118.47868,34.03669],[-118.47733,34.03671],[-118.47667,34.03769]]],"type":"Polygon"},"properties":{"bbox":{"parking":{"area":1772.19,"pct":4.37},"roads":{"area":4818.72,"pct":11.87},"sidewalks":{"area":371.19,"pct":0.91}},"city_same":1,"id":"hex:1939:17400"},"type":"Feature"},{"geometry":{"coordinates":[[[-118.4767,34.03965],[-118.4774,34.04061],[-118.47875,34.0406],[-118.47941,34.03961],[-118.47872,34.03865],[-118.47736,34.03866],[-118.4767,34.03965]]],"type":"Polygon"},"properties":{"bbox":{"roads":{"area":3464.84,"pct":8.54}},"city_same":1,"id":"hex:1939:17401"},"type":"Feature"},{"geometry":{"coordinates":[[[-118.47674,34.0416],[-118.47743,34.04257],[-118.47878,34.04255],[-118.47944,34.04157],[-118.47875,34.0406],[-118.4774,34.04061],[-118.47674,34.0416]]],"type":"Polygon"},"properties":{"bbox":{"roads":{"area":4743.79,"pct":11.69},"sidewalks":{"area":406.64,"pct":1}},"city_same":1,"id":"hex:1939:17402"},"type":"Feature"},{"geometry":{"coordinates":[[[-118.47677,34.04355],[-118.47746,34.04452],[-118.47882,34.0445],[-118.47948,34.04352],[-118.47878,34.04255],[-118.47743,34.04257],[-118.47677,34.04355]]],"type":"Polygon"},"properties":{"bbox":{"roads":{"area":3826.95,"pct":9.43},"sidewalks":{"area":643.73,"pct":1.59}},"city_same":1,"id":"hex:1939:17403"},"type":"Feature"},{"geometry":{"coordinates":[[[-118.4768,34.0455],[-118.47746,34.04452],[-118.47882,34.0445],[-118.47932,34.04521],[-118.47931,34.04522],[-118.47916,34.0452],[-118.47904,34.04569],[-118.47845,34.04563],[-118.47837,34.04616],[-118.47808,34.04621],[-118.47789,34.04627],[-118.47758,34.0464],[-118.47749,34.04646],[-118.4768,34.0455]]],"type":"Polygon"},"properties":{"bbox":{"roads":{"area":1860.03,"pct":5.9},"sidewalks":{"area":719.62,"pct":2.28}},"city_same":1,"id":"hex:1939:17404"},"type":"Feature"},{"geometry":{"coordinates":[[[-118.47669,33.99962],[-118.47603,34.00061],[-118.47467,34.00062],[-118.47442,34.00027],[-118.4764,33.99922],[-118.47669,33.99962]]],"type":"Polygon"},"properties":{"bbox":{"roads":{"area":1828.68,"pct":10.61}},"city_same":1,"id":"hex:1940:17381"},"type":"Feature"},{"geometry":{"coordinates":[[[-118.47401,34.00161],[-118.47471,34.00257],[-118.47606,34.00256],[-118.47672,34.00157],[-118.47603,34.00061],[-118.47467,34.00062],[-118.47401,34.00161]]],"type":"Polygon"},"properties":{"bbox":{"roads":{"area":5284.46,"pct":13.02}},"city_same":1,"id":"hex:1940:17382"},"type":"Feature"},{"geometry":{"coordinates":[[[-118.47405,34.00356],[-118.47474,34.00453],[-118.47609,34.00451],[-118.47675,34.00353],[-118.47606,34.00256],[-118.47471,34.00257],[-118.47405,34.00356]]],"type":"Polygon"},"properties":{"bbox":{"roads":{"area":4190.57,"pct":10.32}},"city_same":1,"id":"hex:1940:17383"},"type":"Feature"},{"geometry":{"coordinates":[[[-118.47408,34.00551],[-118.47477,34.00648],[-118.47613,34.00646],[-118.47679,34.00548],[-118.47609,34.00451],[-118.47474,34.00453],[-118.47408,34.00551]]],"type":"Polygon"},"properties":{"bbox":{"parking":{"area":2770.48,"pct":6.82},"roads":{"area":6614.45,"pct":16.29},"sidewalks":{"area":932.43,"pct":2.3}},"city":{"parking":{"area":2770.48,"pct":6.82},"roads":{"area":4087.7,"pct":10.07},"sidewalks":{"area":932.43,"pct":2.3}},"id":"hex:1940:17384"},"type":"Feature"},{"geometry":{"coordinates":[[[-118.47411,34.00746],[-118.47481,34.00843],[-118.47616,34.00841],[-118.47682,34.00743],[-118.47613,34.00646],[-118.47477,34.00648],[-118.47411,34.00746]]],"type":"Polygon"},"properties":{"bbox":{"parking":{"area":6583.49,"pct":16.22},"roads":{"area":8442.32,"pct":20.8},"sidewalks":{"area":851.83,"pct":2.1}},"city":{"parking":{"area":6583.49,"pct":16.22},"roads":{"area":6763.9,"pct":16.66},"sidewalks":{"area":851.83,"pct":2.1}},"id":"hex:1940:17385"},"type":"Feature"},{"geometry":{"coordinates":[[[-118.47415,34.00941],[-118.47484,34.01038],[-118.47619,34.01037],[-118.47685,34.00938],[-118.47616,34.00841],[-118.47481,34.00843],[-118.47415,34.00941]]],"type":"Polygon"},"properties":{"bbox":{"roads":{"area":4551.77,"pct":11.21}},"city_same":1,"id":"hex:1940:17386"},"type":"Feature"},{"geometry":{"coordinates":[[[-118.47418,34.01137],[-118.47488,34.01233],[-118.47623,34.01232],[-118.47689,34.01133],[-118.47619,34.01037],[-118.47484,34.01038],[-118.47418,34.01137]]],"type":"Polygon"},"properties":{"bbox":{"roads":{"area":3804.79,"pct":9.37},"sidewalks":{"area":610.47,"pct":1.5}},"city_same":1,"id":"hex:1940:17387"},"type":"Feature"},{"geometry":{"coordinates":[[[-118.47422,34.01332],[-118.47491,34.01429],[-118.47626,34.01427],[-118.47692,34.01329],[-118.47623,34.01232],[-118.47488,34.01233],[-118.47422,34.01332]]],"type":"Polygon"},"properties":{"bbox":{"roads":{"area":4082.17,"pct":10.06},"sidewalks":{"area":53.14,"pct":0.13}},"city_same":1,"id":"hex:1940:17388"},"type":"Feature"},{"geometry":{"coordinates":[[[-118.47425,34.01527],[-118.47494,34.01624],[-118.4763,34.01622],[-118.47696,34.01524],[-118.47626,34.01427],[-118.47491,34.01429],[-118.47425,34.01527]]],"type":"Polygon"},"properties":{"bbox":{"roads":{"area":6794.31,"pct":16.74},"sidewalks":{"area":844.05,"pct":2.08}},"city":{"roads":{"area":5251.31,"pct":12.94},"sidewalks":{"area":844.05,"pct":2.08}},"id":"hex:1940:17389"},"type":"Feature"},{"geometry":{"coordinates":[[[-118.47428,34.01722],[-118.47498,34.01819],[-118.47633,34.01817],[-118.47699,34.01719],[-118.4763,34.01622],[-118.47494,34.01624],[-118.47428,34.01722]]],"type":"Polygon"},"properties":{"bbox":{"roads":{"area":2902,"pct":7.15},"sidewalks":{"area":331.27,"pct":0.82}},"city":{"roads":{"area":1293.02,"pct":3.19},"sidewalks":{"area":331.27,"pct":0.82}},"id":"hex:1940:17390"},"type":"Feature"},{"geometry":{"coordinates":[[[-118.47432,34.01917],[-118.47501,34.02014],[-118.47636,34.02013],[-118.47702,34.01914],[-118.47633,34.01817],[-118.47498,34.01819],[-118.47432,34.01917]]],"type":"Polygon"},"properties":{"bbox":{"roads":{"area":4290.39,"pct":10.57},"sidewalks":{"area":1144.42,"pct":2.82}},"city_same":1,"id":"hex:1940:17391"},"type":"Feature"},{"geometry":{"coordinates":[[[-118.47435,34.02113],[-118.47504,34.02209],[-118.4764,34.02208],[-118.47706,34.02109],[-118.47636,34.02013],[-118.47501,34.02014],[-118.47435,34.02113]]],"type":"Polygon"},"properties":{"bbox":{"roads":{"area":5742.35,"pct":14.15},"sidewalks":{"area":1302.16,"pct":3.21}},"city":{"roads":{"area":4465.26,"pct":11},"sidewalks":{"area":1302.16,"pct":3.21}},"id":"hex:1940:17392"},"type":"Feature"},{"geometry":{"coordinates":[[[-118.47438,34.02308],[-118.47508,34.02405],[-118.47643,34.02403],[-118.47709,34.02305],[-118.4764,34.02208],[-118.47504,34.02209],[-118.47438,34.02308]]],"type":"Polygon"},"properties":{"bbox":{"roads":{"area":10451.99,"pct":25.75},"sidewalks":{"area":967.77,"pct":2.38}},"city":{"roads":{"area":4523.84,"pct":11.14},"sidewalks":{"area":967.77,"pct":2.38}},"id":"hex:1940:17393"},"type":"Feature"},{"geometry":{"coordinates":[[[-118.47442,34.02503],[-118.47511,34.026],[-118.47646,34.02598],[-118.47712,34.025],[-118.47643,34.02403],[-118.47508,34.02405],[-118.47442,34.02503]]],"type":"Polygon"},"properties":{"bbox":{"parking":{"area":5.87,"pct":0.01},"roads":{"area":6151.6,"pct":15.15},"sidewalks":{"area":839.76,"pct":2.07}},"city":{"parking":{"area":5.87,"pct":0.01},"roads":{"area":3456.04,"pct":8.51},"sidewalks":{"area":839.76,"pct":2.07}},"id":"hex:1940:17394"},"type":"Feature"},{"geometry":{"coordinates":[[[-118.47445,34.02698],[-118.47515,34.02795],[-118.4765,34.02793],[-118.47716,34.02695],[-118.47646,34.02598],[-118.47511,34.026],[-118.47445,34.02698]]],"type":"Polygon"},"properties":{"bbox":{"parking":{"area":980.11,"pct":2.41},"roads":{"area":5462.29,"pct":13.46},"sidewalks":{"area":674.15,"pct":1.66}},"city":{"parking":{"area":980.11,"pct":2.41},"roads":{"area":2296.21,"pct":5.66},"sidewalks":{"area":674.15,"pct":1.66}},"id":"hex:1940:17395"},"type":"Feature"},{"geometry":{"coordinates":[[[-118.47449,34.02893],[-118.47518,34.0299],[-118.47653,34.02989],[-118.47719,34.0289],[-118.4765,34.02793],[-118.47515,34.02795],[-118.47449,34.02893]]],"type":"Polygon"},"properties":{"bbox":{"parking":{"area":5763.1,"pct":14.2},"roads":{"area":8468.35,"pct":20.86},"sidewalks":{"area":1009.78,"pct":2.49}},"city_same":1,"id":"hex:1940:17396"},"type":"Feature"},{"geometry":{"coordinates":[[[-118.47452,34.03089],[-118.47521,34.03185],[-118.47657,34.03184],[-118.47723,34.03085],[-118.47653,34.02989],[-118.47518,34.0299],[-118.47452,34.03089]]],"type":"Polygon"},"properties":{"bbox":{"parking":{"area":1606.73,"pct":3.96},"roads":{"area":8644.9,"pct":21.3},"sidewalks":{"area":1942.35,"pct":4.78}},"city":{"parking":{"area":1606.73,"pct":3.96},"roads":{"area":7027.15,"pct":17.31},"sidewalks":{"area":1942.35,"pct":4.78}},"id":"hex:1940:17397"},"type":"Feature"},{"geometry":{"coordinates":[[[-118.47455,34.03284],[-118.47525,34.03381],[-118.4766,34.03379],[-118.47726,34.03281],[-118.47657,34.03184],[-118.47521,34.03185],[-118.47455,34.03284]]],"type":"Polygon"},"properties":{"bbox":{"parking":{"area":5911.47,"pct":14.56},"roads":{"area":7882.81,"pct":19.42},"sidewalks":{"area":846.16,"pct":2.08}},"city":{"parking":{"area":5911.47,"pct":14.56},"roads":{"area":5427.28,"pct":13.37},"sidewalks":{"area":846.16,"pct":2.08}},"id":"hex:1940:17398"},"type":"Feature"},{"geometry":{"coordinates":[[[-118.47459,34.03479],[-118.47528,34.03576],[-118.47663,34.03574],[-118.47729,34.03476],[-118.4766,34.03379],[-118.47525,34.03381],[-118.47459,34.03479]]],"type":"Polygon"},"properties":{"bbox":{"parking":{"area":78.69,"pct":0.19},"roads":{"area":4975,"pct":12.26},"sidewalks":{"area":746.61,"pct":1.84}},"city":{"parking":{"area":78.69,"pct":0.19},"roads":{"area":3199.76,"pct":7.88},"sidewalks":{"area":746.61,"pct":1.84}},"id":"hex:1940:17399"},"type":"Feature"},{"geometry":{"coordinates":[[[-118.47462,34.03674],[-118.47531,34.03771],[-118.47667,34.03769],[-118.47733,34.03671],[-118.47663,34.03574],[-118.47528,34.03576],[-118.47462,34.03674]]],"type":"Polygon"},"properties":{"bbox":{"parking":{"area":3974.77,"pct":9.79},"roads":{"area":7703.09,"pct":18.98},"sidewalks":{"area":745.04,"pct":1.84}},"city_same":1,"id":"hex:1940:17400"},"type":"Feature"},{"geometry":{"coordinates":[[[-118.47465,34.03869],[-118.47535,34.03966],[-118.4767,34.03965],[-118.47736,34.03866],[-118.47667,34.03769],[-118.47531,34.03771],[-118.47465,34.03869]]],"type":"Polygon"},"properties":{"bbox":{"roads":{"area":3479.04,"pct":8.57},"sidewalks":{"area":390.62,"pct":0.96}},"city_same":1,"id":"hex:1940:17401"},"type":"Feature"},{"geometry":{"coordinates":[[[-118.47469,34.04065],[-118.47538,34.04161],[-118.47674,34.0416],[-118.4774,34.04061],[-118.4767,34.03965],[-118.47535,34.03966],[-118.47469,34.04065]]],"type":"Polygon"},"properties":{"bbox":{"roads":{"area":4475.07,"pct":11.02},"sidewalks":{"area":1096.91,"pct":2.7}},"city_same":1,"id":"hex:1940:17402"},"type":"Feature"},{"geometry":{"coordinates":[[[-118.47472,34.0426],[-118.47542,34.04357],[-118.47677,34.04355],[-118.47743,34.04257],[-118.47674,34.0416],[-118.47538,34.04161],[-118.47472,34.0426]]],"type":"Polygon"},"properties":{"bbox":{"roads":{"area":3074.23,"pct":7.57},"sidewalks":{"area":689.35,"pct":1.7}},"city_same":1,"id":"hex:1940:17403"},"type":"Feature"},{"geometry":{"coordinates":[[[-118.47542,34.04357],[-118.47677,34.04355],[-118.47746,34.04452],[-118.4768,34.0455],[-118.4759,34.04551],[-118.47477,34.04453],[-118.47542,34.04357]]],"type":"Polygon"},"properties":{"bbox":{"roads":{"area":2948.83,"pct":7.72},"sidewalks":{"area":909.65,"pct":2.38}},"city_same":1,"id":"hex:1940:17404"},"type":"Feature"},{"geometry":{"coordinates":[[[-118.4768,34.0455],[-118.47749,34.04646],[-118.47739,34.04652],[-118.4772,34.04665],[-118.4759,34.04551],[-118.4768,34.0455]]],"type":"Polygon"},"properties":{"bbox":{"roads":{"area":364.79,"pct":4.92},"sidewalks":{"area":79.66,"pct":1.07}},"city_same":1,"id":"hex:1940:17405"},"type":"Feature"},{"geometry":{"coordinates":[[[-118.47467,34.00062],[-118.47401,34.00161],[-118.47266,34.00162],[-118.47244,34.00132],[-118.47442,34.00027],[-118.47467,34.00062]]],"type":"Polygon"},"properties":{"bbox":{"roads":{"area":2768.04,"pct":17.36}},"city_same":1,"id":"hex:1941:17381"},"type":"Feature"},{"geometry":{"coordinates":[[[-118.472,34.00261],[-118.47269,34.00357],[-118.47405,34.00356],[-118.47471,34.00257],[-118.47401,34.00161],[-118.47266,34.00162],[-118.472,34.00261]]],"type":"Polygon"},"properties":{"bbox":{"roads":{"area":5855.63,"pct":14.42}},"city_same":1,"id":"hex:1941:17382"},"type":"Feature"},{"geometry":{"coordinates":[[[-118.47203,34.00456],[-118.47273,34.00553],[-118.47408,34.00551],[-118.47474,34.00453],[-118.47405,34.00356],[-118.47269,34.00357],[-118.47203,34.00456]]],"type":"Polygon"},"properties":{"bbox":{"parking":{"area":558.6,"pct":1.38},"roads":{"area":6856.18,"pct":16.89},"sidewalks":{"area":580.61,"pct":1.43}},"city":{"parking":{"area":558.6,"pct":1.38},"roads":{"area":3791.99,"pct":9.34},"sidewalks":{"area":580.61,"pct":1.43}},"id":"hex:1941:17383"},"type":"Feature"},{"geometry":{"coordinates":[[[-118.47207,34.00651],[-118.47276,34.00748],[-118.47411,34.00746],[-118.47477,34.00648],[-118.47408,34.00551],[-118.47273,34.00553],[-118.47207,34.00651]]],"type":"Polygon"},"properties":{"bbox":{"parking":{"area":243.14,"pct":0.6},"roads":{"area":3921.17,"pct":9.66},"sidewalks":{"area":788.23,"pct":1.94}},"city_same":1,"id":"hex:1941:17384"},"type":"Feature"},{"geometry":{"coordinates":[[[-118.4721,34.00846],[-118.47279,34.00943],[-118.47415,34.00941],[-118.47481,34.00843],[-118.47411,34.00746],[-118.47276,34.00748],[-118.4721,34.00846]]],"type":"Polygon"},"properties":{"bbox":{"roads":{"area":4986.96,"pct":12.28},"sidewalks":{"area":967.88,"pct":2.38}},"city_same":1,"id":"hex:1941:17385"},"type":"Feature"},{"geometry":{"coordinates":[[[-118.47213,34.01041],[-118.47283,34.01138],[-118.47418,34.01137],[-118.47484,34.01038],[-118.47415,34.00941],[-118.47279,34.00943],[-118.47213,34.01041]]],"type":"Polygon"},"properties":{"bbox":{"roads":{"area":3399.96,"pct":8.38}},"city_same":1,"id":"hex:1941:17386"},"type":"Feature"},{"geometry":{"coordinates":[[[-118.47217,34.01237],[-118.47286,34.01333],[-118.47422,34.01332],[-118.47488,34.01233],[-118.47418,34.01137],[-118.47283,34.01138],[-118.47217,34.01237]]],"type":"Polygon"},"properties":{"bbox":{"roads":{"area":4215.83,"pct":10.39},"sidewalks":{"area":845.51,"pct":2.08}},"city_same":1,"id":"hex:1941:17387"},"type":"Feature"},{"geometry":{"coordinates":[[[-118.4722,34.01432],[-118.4729,34.01529],[-118.47425,34.01527],[-118.47491,34.01429],[-118.47422,34.01332],[-118.47286,34.01333],[-118.4722,34.01432]]],"type":"Polygon"},"properties":{"bbox":{"roads":{"area":3795.91,"pct":9.35},"sidewalks":{"area":674.61,"pct":1.66}},"city_same":1,"id":"hex:1941:17388"},"type":"Feature"},{"geometry":{"coordinates":[[[-118.47224,34.01627],[-118.47293,34.01724],[-118.47428,34.01722],[-118.47494,34.01624],[-118.47425,34.01527],[-118.4729,34.01529],[-118.47224,34.01627]]],"type":"Polygon"},"properties":{"bbox":{"parking":{"area":6320.24,"pct":15.57},"roads":{"area":4924.55,"pct":12.13},"sidewalks":{"area":869.45,"pct":2.14}},"city":{"parking":{"area":6320.24,"pct":15.57},"roads":{"area":3445.72,"pct":8.49},"sidewalks":{"area":869.45,"pct":2.14}},"id":"hex:1941:17389"},"type":"Feature"},{"geometry":{"coordinates":[[[-118.47227,34.01822],[-118.47296,34.01919],[-118.47432,34.01917],[-118.47498,34.01819],[-118.47428,34.01722],[-118.47293,34.01724],[-118.47227,34.01822]]],"type":"Polygon"},"properties":{"bbox":{"parking":{"area":1305.69,"pct":3.22},"roads":{"area":5082.88,"pct":12.52},"sidewalks":{"area":640.11,"pct":1.58}},"city":{"parking":{"area":1305.69,"pct":3.22},"roads":{"area":2782.85,"pct":6.86},"sidewalks":{"area":640.11,"pct":1.58}},"id":"hex:1941:17390"},"type":"Feature"},{"geometry":{"coordinates":[[[-118.4723,34.02017],[-118.473,34.02114],[-118.47435,34.02113],[-118.47501,34.02014],[-118.47432,34.01917],[-118.47296,34.01919],[-118.4723,34.02017]]],"type":"Polygon"},"properties":{"bbox":{"roads":{"area":4424.67,"pct":10.9},"sidewalks":{"area":179.6,"pct":0.44}},"city_same":1,"id":"hex:1941:17391"},"type":"Feature"},{"geometry":{"coordinates":[[[-118.47234,34.02213],[-118.47303,34.02309],[-118.47438,34.02308],[-118.47504,34.02209],[-118.47435,34.02113],[-118.473,34.02114],[-118.47234,34.02213]]],"type":"Polygon"},"properties":{"bbox":{"parking":{"area":660.69,"pct":1.63},"roads":{"area":6443.82,"pct":15.87},"sidewalks":{"area":730.46,"pct":1.8}},"city":{"parking":{"area":660.69,"pct":1.63},"roads":{"area":3093.99,"pct":7.62},"sidewalks":{"area":730.46,"pct":1.8}},"id":"hex:1941:17392"},"type":"Feature"},{"geometry":{"coordinates":[[[-118.47237,34.02408],[-118.47306,34.02505],[-118.47442,34.02503],[-118.47508,34.02405],[-118.47438,34.02308],[-118.47303,34.02309],[-118.47237,34.02408]]],"type":"Polygon"},"properties":{"bbox":{"parking":{"area":597.23,"pct":1.47},"roads":{"area":9945.83,"pct":24.5},"sidewalks":{"area":1344.06,"pct":3.31}},"city":{"parking":{"area":597.23,"pct":1.47},"roads":{"area":3704.6,"pct":9.13},"sidewalks":{"area":1344.06,"pct":3.31}},"id":"hex:1941:17393"},"type":"Feature"},{"geometry":{"coordinates":[[[-118.4724,34.02603],[-118.4731,34.027],[-118.47445,34.02698],[-118.47511,34.026],[-118.47442,34.02503],[-118.47306,34.02505],[-118.4724,34.02603]]],"type":"Polygon"},"properties":{"bbox":{"parking":{"area":7448.37,"pct":18.35},"roads":{"area":6822.33,"pct":16.81},"sidewalks":{"area":1201.65,"pct":2.96}},"city_same":1,"id":"hex:1941:17394"},"type":"Feature"},{"geometry":{"coordinates":[[[-118.47244,34.02798],[-118.47313,34.02895],[-118.47449,34.02893],[-118.47515,34.02795],[-118.47445,34.02698],[-118.4731,34.027],[-118.47244,34.02798]]],"type":"Polygon"},"properties":{"bbox":{"parking":{"area":5986.18,"pct":14.75},"roads":{"area":10262.82,"pct":25.28},"sidewalks":{"area":1103.37,"pct":2.72}},"city":{"parking":{"area":5986.18,"pct":14.75},"roads":{"area":7003.66,"pct":17.25},"sidewalks":{"area":1103.37,"pct":2.72}},"id":"hex:1941:17395"},"type":"Feature"},{"geometry":{"coordinates":[[[-118.47313,34.02895],[-118.47449,34.02893],[-118.47518,34.0299],[-118.47452,34.03089],[-118.47317,34.0309],[-118.47247,34.02993],[-118.47313,34.02895]],[[-118.4733,34.03015],[-118.47325,34.03023],[-118.47329,34.03024],[-118.47334,34.03016],[-118.4733,34.03015]]],"type":"Polygon"},"properties":{"bbox":{"parking":{"area":187.52,"pct":0.46},"roads":{"area":2733.01,"pct":6.74},"sidewalks":{"area":642.51,"pct":1.58}},"city":{"parking":{"area":187.52,"pct":0.46},"roads":{"area":2086.61,"pct":5.15},"sidewalks":{"area":642.51,"pct":1.58}},"id":"hex:1941:17396"},"type":"Feature"},{"geometry":{"coordinates":[[[-118.47251,34.03189],[-118.4732,34.03285],[-118.47455,34.03284],[-118.47521,34.03185],[-118.47452,34.03089],[-118.47317,34.0309],[-118.47251,34.03189]]],"type":"Polygon"},"properties":{"bbox":{"parking":{"area":3109.64,"pct":7.66},"roads":{"area":5743.04,"pct":14.15},"sidewalks":{"area":1362.99,"pct":3.36}},"city":{"parking":{"area":3109.64,"pct":7.66},"roads":{"area":4595.36,"pct":11.32},"sidewalks":{"area":1362.99,"pct":3.36}},"id":"hex:1941:17397"},"type":"Feature"},{"geometry":{"coordinates":[[[-118.47254,34.03384],[-118.47323,34.03481],[-118.47459,34.03479],[-118.47525,34.03381],[-118.47455,34.03284],[-118.4732,34.03285],[-118.47254,34.03384]]],"type":"Polygon"},"properties":{"bbox":{"parking":{"area":1070.9,"pct":2.64},"roads":{"area":9488.51,"pct":23.37},"sidewalks":{"area":1037.28,"pct":2.56}},"city":{"parking":{"area":1070.9,"pct":2.64},"roads":{"area":4177.84,"pct":10.29},"sidewalks":{"area":1037.28,"pct":2.56}},"id":"hex:1941:17398"},"type":"Feature"},{"geometry":{"coordinates":[[[-118.47257,34.03579],[-118.47327,34.03676],[-118.47462,34.03674],[-118.47528,34.03576],[-118.47459,34.03479],[-118.47323,34.03481],[-118.47257,34.03579]]],"type":"Polygon"},"properties":{"bbox":{"roads":{"area":5493.85,"pct":13.53},"sidewalks":{"area":250.7,"pct":0.62}},"city_same":1,"id":"hex:1941:17399"},"type":"Feature"},{"geometry":{"coordinates":[[[-118.47261,34.03774],[-118.4733,34.03871],[-118.47465,34.03869],[-118.47531,34.03771],[-118.47462,34.03674],[-118.47327,34.03676],[-118.47261,34.03774]]],"type":"Polygon"},"properties":{"bbox":{"parking":{"area":3683.2,"pct":9.07},"roads":{"area":7139.4,"pct":17.59},"sidewalks":{"area":1026.96,"pct":2.53}},"city_same":1,"id":"hex:1941:17400"},"type":"Feature"},{"geometry":{"coordinates":[[[-118.47264,34.03969],[-118.47333,34.04066],[-118.47469,34.04065],[-118.47535,34.03966],[-118.47465,34.03869],[-118.4733,34.03871],[-118.47264,34.03969]]],"type":"Polygon"},"properties":{"bbox":{"parking":{"area":2891.44,"pct":7.12},"roads":{"area":7504.79,"pct":18.49},"sidewalks":{"area":1373.12,"pct":3.38}},"city_same":1,"id":"hex:1941:17401"},"type":"Feature"},{"geometry":{"coordinates":[[[-118.47267,34.04165],[-118.47337,34.04261],[-118.47472,34.0426],[-118.47538,34.04161],[-118.47469,34.04065],[-118.47333,34.04066],[-118.47267,34.04165]]],"type":"Polygon"},"properties":{"bbox":{"parking":{"area":83.76,"pct":0.21},"roads":{"area":4168,"pct":10.27},"sidewalks":{"area":1505.52,"pct":3.71}},"city_same":1,"id":"hex:1941:17402"},"type":"Feature"},{"geometry":{"coordinates":[[[-118.47337,34.04261],[-118.47472,34.0426],[-118.47542,34.04357],[-118.47477,34.04453],[-118.47441,34.04422],[-118.47429,34.04432],[-118.47372,34.04404],[-118.47289,34.04333],[-118.47337,34.04261]]],"type":"Polygon"},"properties":{"bbox":{"roads":{"area":2247.88,"pct":7.2},"sidewalks":{"area":677.28,"pct":2.17}},"city_same":1,"id":"hex:1941:17403"},"type":"Feature"},{"geometry":{"coordinates":[[[-118.47266,34.00162],[-118.472,34.00261],[-118.47065,34.00262],[-118.47046,34.00236],[-118.47244,34.00132],[-118.47266,34.00162]]],"type":"Polygon"},"properties":{"bbox":{"roads":{"area":2078.21,"pct":14.18}},"city_same":1,"id":"hex:1942:17382"},"type":"Feature"},{"geometry":{"coordinates":[[[-118.46999,34.00361],[-118.47068,34.00457],[-118.47203,34.00456],[-118.47269,34.00357],[-118.472,34.00261],[-118.47065,34.00262],[-118.46999,34.00361]]],"type":"Polygon"},"properties":{"bbox":{"parking":{"area":2034.14,"pct":5.01},"roads":{"area":8504.34,"pct":20.95},"sidewalks":{"area":561.58,"pct":1.38}},"city":{"parking":{"area":2034.14,"pct":5.01},"roads":{"area":5155.5,"pct":12.7},"sidewalks":{"area":561.58,"pct":1.38}},"id":"hex:1942:17383"},"type":"Feature"},{"geometry":{"coordinates":[[[-118.47002,34.00556],[-118.47071,34.00653],[-118.47207,34.00651],[-118.47273,34.00553],[-118.47203,34.00456],[-118.47068,34.00457],[-118.47002,34.00556]]],"type":"Polygon"},"properties":{"bbox":{"roads":{"area":4470.23,"pct":11.01},"sidewalks":{"area":612.26,"pct":1.51}},"city_same":1,"id":"hex:1942:17384"},"type":"Feature"},{"geometry":{"coordinates":[[[-118.47005,34.00751],[-118.47075,34.00848],[-118.4721,34.00846],[-118.47276,34.00748],[-118.47207,34.00651],[-118.47071,34.00653],[-118.47005,34.00751]]],"type":"Polygon"},"properties":{"bbox":{"roads":{"area":4301.78,"pct":10.6},"sidewalks":{"area":222.27,"pct":0.55}},"city_same":1,"id":"hex:1942:17385"},"type":"Feature"},{"geometry":{"coordinates":[[[-118.47009,34.00946],[-118.47078,34.01043],[-118.47213,34.01041],[-118.47279,34.00943],[-118.4721,34.00846],[-118.47075,34.00848],[-118.47009,34.00946]]],"type":"Polygon"},"properties":{"bbox":{"roads":{"area":4814.6,"pct":11.86},"sidewalks":{"area":613.06,"pct":1.51}},"city_same":1,"id":"hex:1942:17386"},"type":"Feature"},{"geometry":{"coordinates":[[[-118.47012,34.01141],[-118.47082,34.01238],[-118.47217,34.01237],[-118.47283,34.01138],[-118.47213,34.01041],[-118.47078,34.01043],[-118.47012,34.01141]]],"type":"Polygon"},"properties":{"bbox":{"parking":{"area":1981.17,"pct":4.88},"roads":{"area":3914.91,"pct":9.64},"sidewalks":{"area":644.28,"pct":1.59}},"city_same":1,"id":"hex:1942:17387"},"type":"Feature"},{"geometry":{"coordinates":[[[-118.47016,34.01337],[-118.47085,34.01433],[-118.4722,34.01432],[-118.47286,34.01333],[-118.47217,34.01237],[-118.47082,34.01238],[-118.47016,34.01337]]],"type":"Polygon"},"properties":{"bbox":{"parking":{"area":599.42,"pct":1.48},"roads":{"area":3377.94,"pct":8.32},"sidewalks":{"area":973.68,"pct":2.4}},"city_same":1,"id":"hex:1942:17388"},"type":"Feature"},{"geometry":{"coordinates":[[[-118.47019,34.01532],[-118.47088,34.01629],[-118.47224,34.01627],[-118.4729,34.01529],[-118.4722,34.01432],[-118.47085,34.01433],[-118.47019,34.01532]]],"type":"Polygon"},"properties":{"bbox":{"parking":{"area":587.96,"pct":1.45},"roads":{"area":1798.54,"pct":4.43},"sidewalks":{"area":787.11,"pct":1.94}},"city_same":1,"id":"hex:1942:17389"},"type":"Feature"},{"geometry":{"coordinates":[[[-118.47022,34.01727],[-118.47092,34.01824],[-118.47227,34.01822],[-118.47293,34.01724],[-118.47224,34.01627],[-118.47088,34.01629],[-118.47022,34.01727]]],"type":"Polygon"},"properties":{"bbox":{"parking":{"area":5266.48,"pct":12.97},"roads":{"area":1911.59,"pct":4.71},"sidewalks":{"area":318.87,"pct":0.79}},"city":{"parking":{"area":5266.48,"pct":12.97},"roads":{"area":804.94,"pct":1.98},"sidewalks":{"area":318.87,"pct":0.79}},"id":"hex:1942:17390"},"type":"Feature"},{"geometry":{"coordinates":[[[-118.47026,34.01922],[-118.47095,34.02019],[-118.4723,34.02017],[-118.47296,34.01919],[-118.47227,34.01822],[-118.47092,34.01824],[-118.47026,34.01922]]],"type":"Polygon"},"properties":{"bbox":{"parking":{"area":336.86,"pct":0.83},"roads":{"area":6307.86,"pct":15.54},"sidewalks":{"area":391.67,"pct":0.96}},"city":{"parking":{"area":336.86,"pct":0.83},"roads":{"area":3888.34,"pct":9.58},"sidewalks":{"area":391.67,"pct":0.96}},"id":"hex:1942:17391"},"type":"Feature"},{"geometry":{"coordinates":[[[-118.47029,34.02117],[-118.47098,34.02214],[-118.47234,34.02213],[-118.473,34.02114],[-118.4723,34.02017],[-118.47095,34.02019],[-118.47029,34.02117]]],"type":"Polygon"},"properties":{"bbox":{"roads":{"area":6389.26,"pct":15.74},"sidewalks":{"area":616.94,"pct":1.52}},"city":{"roads":{"area":3154.5,"pct":7.77},"sidewalks":{"area":616.94,"pct":1.52}},"id":"hex:1942:17392"},"type":"Feature"},{"geometry":{"coordinates":[[[-118.47032,34.02313],[-118.47102,34.02409],[-118.47237,34.02408],[-118.47303,34.02309],[-118.47234,34.02213],[-118.47098,34.02214],[-118.47032,34.02313]]],"type":"Polygon"},"properties":{"bbox":{"roads":{"area":6737.17,"pct":16.6},"sidewalks":{"area":114.21,"pct":0.28}},"city":{"roads":{"area":2996.57,"pct":7.38},"sidewalks":{"area":114.21,"pct":0.28}},"id":"hex:1942:17393"},"type":"Feature"},{"geometry":{"coordinates":[[[-118.47036,34.02508],[-118.47105,34.02605],[-118.4724,34.02603],[-118.47306,34.02505],[-118.47237,34.02408],[-118.47102,34.02409],[-118.47036,34.02508]]],"type":"Polygon"},"properties":{"bbox":{"parking":{"area":4326.14,"pct":10.66},"roads":{"area":5456.65,"pct":13.44},"sidewalks":{"area":736.18,"pct":1.81}},"city":{"parking":{"area":4326.14,"pct":10.66},"roads":{"area":5353.95,"pct":13.19},"sidewalks":{"area":736.18,"pct":1.81}},"id":"hex:1942:17394"},"type":"Feature"},{"geometry":{"coordinates":[[[-118.47039,34.02703],[-118.47108,34.028],[-118.47244,34.02798],[-118.4731,34.027],[-118.4724,34.02603],[-118.47105,34.02605],[-118.47039,34.02703]]],"type":"Polygon"},"properties":{"bbox":{"parking":{"area":25.75,"pct":0.06},"roads":{"area":10568.09,"pct":26.03},"sidewalks":{"area":1064.33,"pct":2.62}},"city_same":1,"id":"hex:1942:17395"},"type":"Feature"},{"geometry":{"coordinates":[[[-118.47108,34.028],[-118.47244,34.02798],[-118.47313,34.02895],[-118.47247,34.02993],[-118.47112,34.02995],[-118.47042,34.02898],[-118.47069,34.02859],[-118.47073,34.02864],[-118.47074,34.02871],[-118.47077,34.02876],[-118.47081,34.02877],[-118.47084,34.02878],[-118.47085,34.02877],[-118.47087,34.02875],[-118.47089,34.02874],[-118.47092,34.02874],[-118.47097,34.02876],[-118.47102,34.02877],[-118.47107,34.02877],[-118.47112,34.02876],[-118.47117,34.02873],[-118.4712,34.0287],[-118.47121,34.02869],[-118.47125,34.02867],[-118.4713,34.02866],[-118.47136,34.02867],[-118.47137,34.02867],[-118.4714,34.02869],[-118.47145,34.02869],[-118.4715,34.02869],[-118.47156,34.0287],[-118.47161,34.02873],[-118.47162,34.02871],[-118.47163,34.02868],[-118.47165,34.02865],[-118.47166,34.02862],[-118.47165,34.02858],[-118.4716,34.02858],[-118.47156,34.02857],[-118.47153,34.02858],[-118.4715,34.02858],[-118.47147,34.0286],[-118.47143,34.02861],[-118.47138,34.02862],[-118.47135,34.02861],[-118.4713,34.0286],[-118.47126,34.0286],[-118.4712,34.02863],[-118.47115,34.02868],[-118.4711,34.02872],[-118.47108,34.02873],[-118.47102,34.02874],[-118.47094,34.02872],[-118.47089,34.02869],[-118.47083,34.02866],[-118.47076,34.02858],[-118.47071,34.02856],[-118.47108,34.028]]],"type":"Polygon"},"properties":{"bbox":{"roads":{"area":3417.68,"pct":8.58},"sidewalks":{"area":351.78,"pct":0.88}},"city":{"roads":{"area":1771.43,"pct":4.45},"sidewalks":{"area":351.78,"pct":0.88}},"id":"hex:1942:17396"},"type":"Feature"},{"geometry":{"coordinates":[[[-118.47046,34.03093],[-118.47115,34.0319],[-118.47251,34.03189],[-118.47317,34.0309],[-118.47247,34.02993],[-118.47112,34.02995],[-118.47046,34.03093]]],"type":"Polygon"},"properties":{"bbox":{"roads":{"area":5983.81,"pct":14.74},"sidewalks":{"area":1109.95,"pct":2.73}},"city":{"roads":{"area":2152.62,"pct":5.3},"sidewalks":{"area":1109.95,"pct":2.73}},"id":"hex:1942:17397"},"type":"Feature"},{"geometry":{"coordinates":[[[-118.47049,34.03289],[-118.47119,34.03385],[-118.47254,34.03384],[-118.4732,34.03285],[-118.47251,34.03189],[-118.47115,34.0319],[-118.47049,34.03289]]],"type":"Polygon"},"properties":{"bbox":{"roads":{"area":4769.54,"pct":11.75},"sidewalks":{"area":627.9,"pct":1.55}},"city_same":1,"id":"hex:1942:17398"},"type":"Feature"},{"geometry":{"coordinates":[[[-118.47053,34.03484],[-118.47122,34.03581],[-118.47257,34.03579],[-118.47323,34.03481],[-118.47254,34.03384],[-118.47119,34.03385],[-118.47053,34.03484]]],"type":"Polygon"},"properties":{"bbox":{"parking":{"area":779.95,"pct":1.92},"roads":{"area":8179.55,"pct":20.15},"sidewalks":{"area":559.98,"pct":1.38}},"city":{"parking":{"area":779.95,"pct":1.92},"roads":{"area":4480.11,"pct":11.04},"sidewalks":{"area":559.98,"pct":1.38}},"id":"hex:1942:17399"},"type":"Feature"},{"geometry":{"coordinates":[[[-118.47056,34.03679],[-118.47125,34.03776],[-118.47261,34.03774],[-118.47327,34.03676],[-118.47257,34.03579],[-118.47122,34.03581],[-118.47056,34.03679]]],"type":"Polygon"},"properties":{"bbox":{"roads":{"area":5514.89,"pct":13.59},"sidewalks":{"area":275.19,"pct":0.68}},"city":{"roads":{"area":5324.86,"pct":13.12},"sidewalks":{"area":275.19,"pct":0.68}},"id":"hex:1942:17400"},"type":"Feature"},{"geometry":{"coordinates":[[[-118.47059,34.03874],[-118.47129,34.03971],[-118.47264,34.03969],[-118.4733,34.03871],[-118.47261,34.03774],[-118.47125,34.03776],[-118.47059,34.03874]]],"type":"Polygon"},"properties":{"bbox":{"parking":{"area":3588.74,"pct":8.84},"roads":{"area":5677.89,"pct":13.99},"sidewalks":{"area":158.08,"pct":0.39}},"city_same":1,"id":"hex:1942:17401"},"type":"Feature"},{"geometry":{"coordinates":[[[-118.47063,34.04069],[-118.47129,34.03971],[-118.47264,34.03969],[-118.47333,34.04066],[-118.47267,34.04165],[-118.47141,34.04166],[-118.47118,34.04147],[-118.47063,34.04069]]],"type":"Polygon"},"properties":{"bbox":{"parking":{"area":3727.94,"pct":9.2},"roads":{"area":7096.46,"pct":17.52},"sidewalks":{"area":1031.31,"pct":2.55}},"city_same":1,"id":"hex:1942:17402"},"type":"Feature"},{"geometry":{"coordinates":[[[-118.47267,34.04165],[-118.47337,34.04261],[-118.47289,34.04333],[-118.47129,34.04195],[-118.47153,34.04176],[-118.47141,34.04166],[-118.47267,34.04165]]],"type":"Polygon"},"properties":{"bbox":{"roads":{"area":1033.53,"pct":5.51},"sidewalks":{"area":268.72,"pct":1.43}},"city_same":1,"id":"hex:1942:17403"},"type":"Feature"},{"geometry":{"coordinates":[[[-118.47065,34.00262],[-118.46999,34.00361],[-118.46863,34.00362],[-118.46848,34.00341],[-118.47007,34.00257],[-118.47022,34.00249],[-118.47046,34.00236],[-118.47065,34.00262]]],"type":"Polygon"},"properties":{"bbox":{"parking":{"area":95.89,"pct":0.72},"roads":{"area":2176.46,"pct":16.29},"sidewalks":{"area":89.19,"pct":0.67}},"city":{"parking":{"area":95.89,"pct":0.72},"roads":{"area":1622.16,"pct":12.14},"sidewalks":{"area":89.19,"pct":0.67}},"id":"hex:1943:17382"},"type":"Feature"},{"geometry":{"coordinates":[[[-118.46797,34.00461],[-118.46867,34.00558],[-118.47002,34.00556],[-118.47068,34.00457],[-118.46999,34.00361],[-118.46863,34.00362],[-118.46797,34.00461]]],"type":"Polygon"},"properties":{"bbox":{"roads":{"area":5687.36,"pct":14.01},"sidewalks":{"area":134.13,"pct":0.33}},"city_same":1,"id":"hex:1943:17383"},"type":"Feature"},{"geometry":{"coordinates":[[[-118.46801,34.00656],[-118.4687,34.00753],[-118.47005,34.00751],[-118.47071,34.00653],[-118.47002,34.00556],[-118.46867,34.00558],[-118.46801,34.00656]]],"type":"Polygon"},"properties":{"bbox":{"roads":{"area":3165.27,"pct":7.8}},"city_same":1,"id":"hex:1943:17384"},"type":"Feature"},{"geometry":{"coordinates":[[[-118.46804,34.00851],[-118.46873,34.00948],[-118.47009,34.00946],[-118.47075,34.00848],[-118.47005,34.00751],[-118.4687,34.00753],[-118.46804,34.00851]]],"type":"Polygon"},"properties":{"bbox":{"roads":{"area":4758.63,"pct":11.72}},"city_same":1,"id":"hex:1943:17385"},"type":"Feature"},{"geometry":{"coordinates":[[[-118.46807,34.01046],[-118.46877,34.01143],[-118.47012,34.01141],[-118.47078,34.01043],[-118.47009,34.00946],[-118.46873,34.00948],[-118.46807,34.01046]]],"type":"Polygon"},"properties":{"bbox":{"roads":{"area":5318.5,"pct":13.1},"sidewalks":{"area":683.39,"pct":1.68}},"city_same":1,"id":"hex:1943:17386"},"type":"Feature"},{"geometry":{"coordinates":[[[-118.46811,34.01242],[-118.4688,34.01338],[-118.47016,34.01337],[-118.47082,34.01238],[-118.47012,34.01141],[-118.46877,34.01143],[-118.46811,34.01242]]],"type":"Polygon"},"properties":{"bbox":{"parking":{"area":4003.45,"pct":9.86},"roads":{"area":3503.38,"pct":8.63},"sidewalks":{"area":663.95,"pct":1.64}},"city_same":1,"id":"hex:1943:17387"},"type":"Feature"},{"geometry":{"coordinates":[[[-118.46814,34.01437],[-118.46884,34.01534],[-118.47019,34.01532],[-118.47085,34.01433],[-118.47016,34.01337],[-118.4688,34.01338],[-118.46814,34.01437]]],"type":"Polygon"},"properties":{"bbox":{"roads":{"area":3609.48,"pct":8.89},"sidewalks":{"area":769.01,"pct":1.89}},"city_same":1,"id":"hex:1943:17388"},"type":"Feature"},{"geometry":{"coordinates":[[[-118.46818,34.01632],[-118.46887,34.01729],[-118.47022,34.01727],[-118.47088,34.01629],[-118.47019,34.01532],[-118.46884,34.01534],[-118.46818,34.01632]]],"type":"Polygon"},"properties":{"bbox":{"roads":{"area":1455.75,"pct":3.59},"sidewalks":{"area":473.11,"pct":1.17}},"city_same":1,"id":"hex:1943:17389"},"type":"Feature"},{"geometry":{"coordinates":[[[-118.46821,34.01827],[-118.4689,34.01924],[-118.47026,34.01922],[-118.47092,34.01824],[-118.47022,34.01727],[-118.46887,34.01729],[-118.46821,34.01827]]],"type":"Polygon"},"properties":{"bbox":{"parking":{"area":1629.54,"pct":4.01},"roads":{"area":3713.94,"pct":9.15},"sidewalks":{"area":785.16,"pct":1.93}},"city":{"parking":{"area":1629.54,"pct":4.01},"roads":{"area":3024.9,"pct":7.45},"sidewalks":{"area":785.16,"pct":1.93}},"id":"hex:1943:17390"},"type":"Feature"},{"geometry":{"coordinates":[[[-118.46824,34.02022],[-118.46894,34.02119],[-118.47029,34.02117],[-118.47095,34.02019],[-118.47026,34.01922],[-118.4689,34.01924],[-118.46824,34.02022]]],"type":"Polygon"},"properties":{"bbox":{"parking":{"area":2337.57,"pct":5.76},"roads":{"area":8465.14,"pct":20.85},"sidewalks":{"area":946.47,"pct":2.33}},"city":{"parking":{"area":2337.57,"pct":5.76},"roads":{"area":4099.69,"pct":10.1},"sidewalks":{"area":946.47,"pct":2.33}},"id":"hex:1943:17391"},"type":"Feature"},{"geometry":{"coordinates":[[[-118.46828,34.02218],[-118.46897,34.02314],[-118.47032,34.02313],[-118.47098,34.02214],[-118.47029,34.02117],[-118.46894,34.02119],[-118.46828,34.02218]]],"type":"Polygon"},"properties":{"bbox":{"parking":{"area":891.61,"pct":2.2},"roads":{"area":4422.62,"pct":10.89}},"city_same":1,"id":"hex:1943:17392"},"type":"Feature"},{"geometry":{"coordinates":[[[-118.46831,34.02413],[-118.469,34.0251],[-118.47036,34.02508],[-118.47102,34.02409],[-118.47032,34.02313],[-118.46897,34.02314],[-118.46831,34.02413]]],"type":"Polygon"},"properties":{"bbox":{"roads":{"area":11357.92,"pct":27.98},"sidewalks":{"area":946.53,"pct":2.33}},"city":{"roads":{"area":3790.44,"pct":9.34},"sidewalks":{"area":946.53,"pct":2.33}},"id":"hex:1943:17393"},"type":"Feature"},{"geometry":{"coordinates":[[[-118.46834,34.02608],[-118.46904,34.02705],[-118.47039,34.02703],[-118.47105,34.02605],[-118.47036,34.02508],[-118.469,34.0251],[-118.46834,34.02608]]],"type":"Polygon"},"properties":{"bbox":{"parking":{"area":615.17,"pct":1.52},"roads":{"area":8401.17,"pct":20.7},"sidewalks":{"area":696.92,"pct":1.72}},"city_same":1,"id":"hex:1943:17394"},"type":"Feature"},{"geometry":{"coordinates":[[[-118.47042,34.02898],[-118.46907,34.029],[-118.46838,34.02803],[-118.46904,34.02705],[-118.47039,34.02703],[-118.47108,34.028],[-118.47071,34.02856],[-118.47065,34.02853],[-118.47055,34.02853],[-118.47049,34.02851],[-118.47044,34.02848],[-118.47043,34.02847],[-118.47042,34.02845],[-118.47039,34.02842],[-118.47036,34.02838],[-118.47035,34.02838],[-118.47036,34.02841],[-118.47035,34.02843],[-118.47033,34.02848],[-118.47033,34.02849],[-118.47034,34.02853],[-118.47038,34.02856],[-118.47043,34.02858],[-118.47044,34.02858],[-118.47049,34.02858],[-118.47054,34.02855],[-118.47063,34.02855],[-118.47069,34.02859],[-118.47069,34.02859],[-118.47042,34.02898]],[[-118.4703,34.02822],[-118.47027,34.0282],[-118.47023,34.02819],[-118.4702,34.0282],[-118.47016,34.02821],[-118.47013,34.02823],[-118.47011,34.02825],[-118.47011,34.02829],[-118.47011,34.02832],[-118.47013,34.02834],[-118.47016,34.02837],[-118.47019,34.02838],[-118.47023,34.02838],[-118.47027,34.02837],[-118.4703,34.02836],[-118.47032,34.02833],[-118.47033,34.02831],[-118.47033,34.02827],[-118.47032,34.02824],[-118.4703,34.02822]]],"type":"Polygon"},"properties":{"bbox":{"parking":{"area":2762.32,"pct":6.91},"roads":{"area":7761.58,"pct":19.41},"sidewalks":{"area":993.77,"pct":2.48}},"city":{"parking":{"area":2762.32,"pct":6.91},"roads":{"area":5993.19,"pct":14.99},"sidewalks":{"area":993.77,"pct":2.48}},"id":"hex:1943:17395"},"type":"Feature"},{"geometry":{"coordinates":[[[-118.46841,34.02998],[-118.4691,34.03095],[-118.47046,34.03093],[-118.47112,34.02995],[-118.47042,34.02898],[-118.46907,34.029],[-118.46841,34.02998]]],"type":"Polygon"},"properties":{"bbox":{"parking":{"area":8006.59,"pct":19.72},"roads":{"area":7370.22,"pct":18.16},"sidewalks":{"area":560.1,"pct":1.38}},"city":{"parking":{"area":8006.59,"pct":19.72},"roads":{"area":4253.74,"pct":10.48},"sidewalks":{"area":560.1,"pct":1.38}},"id":"hex:1943:17396"},"type":"Feature"},{"geometry":{"coordinates":[[[-118.46844,34.03194],[-118.46914,34.0329],[-118.47049,34.03289],[-118.47115,34.0319],[-118.47046,34.03093],[-118.4691,34.03095],[-118.46844,34.03194]]],"type":"Polygon"},"properties":{"bbox":{"parking":{"area":5032.88,"pct":12.4},"roads":{"area":5435.49,"pct":13.39},"sidewalks":{"area":640.83,"pct":1.58}},"city_same":1,"id":"hex:1943:17397"},"type":"Feature"},{"geometry":{"coordinates":[[[-118.46848,34.03389],[-118.46917,34.03486],[-118.47053,34.03484],[-118.47119,34.03385],[-118.47049,34.03289],[-118.46914,34.0329],[-118.46848,34.03389]]],"type":"Polygon"},"properties":{"bbox":{"roads":{"area":4887.48,"pct":12.04},"sidewalks":{"area":601.68,"pct":1.48}},"city_same":1,"id":"hex:1943:17398"},"type":"Feature"},{"geometry":{"coordinates":[[[-118.46851,34.03584],[-118.46921,34.03681],[-118.47056,34.03679],[-118.47122,34.03581],[-118.47053,34.03484],[-118.46917,34.03486],[-118.46851,34.03584]]],"type":"Polygon"},"properties":{"bbox":{"parking":{"area":2860.37,"pct":7.05},"roads":{"area":6476.47,"pct":15.95},"sidewalks":{"area":432.48,"pct":1.07}},"city":{"parking":{"area":2860.37,"pct":7.05},"roads":{"area":4060.58,"pct":10},"sidewalks":{"area":432.48,"pct":1.07}},"id":"hex:1943:17399"},"type":"Feature"},{"geometry":{"coordinates":[[[-118.46855,34.03779],[-118.46924,34.03876],[-118.47059,34.03874],[-118.47125,34.03776],[-118.47056,34.03679],[-118.46921,34.03681],[-118.46855,34.03779]]],"type":"Polygon"},"properties":{"bbox":{"parking":{"area":267.06,"pct":0.66},"roads":{"area":6837.7,"pct":16.84},"sidewalks":{"area":464.6,"pct":1.14}},"city":{"parking":{"area":267.06,"pct":0.66},"roads":{"area":3899.92,"pct":9.61},"sidewalks":{"area":464.6,"pct":1.14}},"id":"hex:1943:17400"},"type":"Feature"},{"geometry":{"coordinates":[[[-118.46924,34.03876],[-118.47059,34.03874],[-118.47129,34.03971],[-118.47063,34.04069],[-118.47028,34.0407],[-118.46879,34.03943],[-118.46924,34.03876]]],"type":"Polygon"},"properties":{"bbox":{"parking":{"area":1903.05,"pct":5.99},"roads":{"area":4077.51,"pct":12.84},"sidewalks":{"area":117.51,"pct":0.37}},"city_same":1,"id":"hex:1943:17401"},"type":"Feature"},{"geometry":{"coordinates":[[[-118.47063,34.04069],[-118.47118,34.04147],[-118.47089,34.04122],[-118.47028,34.0407],[-118.47063,34.04069]]],"type":"Polygon"},"properties":{"bbox":{"parking":{"area":481.74,"pct":34.78},"roads":{"area":181.81,"pct":13.13},"sidewalks":{"area":67.77,"pct":4.89}},"city_same":1,"id":"hex:1943:17402"},"type":"Feature"},{"geometry":{"coordinates":[[[-118.46863,34.00362],[-118.46797,34.00461],[-118.46662,34.00462],[-118.4665,34.00446],[-118.46848,34.00341],[-118.46863,34.00362]]],"type":"Polygon"},"properties":{"bbox":{"roads":{"area":950.57,"pct":7.88}},"city_same":1,"id":"hex:1944:17383"},"type":"Feature"},{"geometry":{"coordinates":[[[-118.46596,34.00561],[-118.46665,34.00658],[-118.46801,34.00656],[-118.46867,34.00558],[-118.46797,34.00461],[-118.46662,34.00462],[-118.46596,34.00561]]],"type":"Polygon"},"properties":{"bbox":{"roads":{"area":4599.54,"pct":11.33},"sidewalks":{"area":144.62,"pct":0.36}},"city_same":1,"id":"hex:1944:17384"},"type":"Feature"},{"geometry":{"coordinates":[[[-118.46599,34.00756],[-118.46669,34.00853],[-118.46804,34.00851],[-118.4687,34.00753],[-118.46801,34.00656],[-118.46665,34.00658],[-118.46599,34.00756]]],"type":"Polygon"},"properties":{"bbox":{"roads":{"area":2588.15,"pct":6.38}},"city_same":1,"id":"hex:1944:17385"},"type":"Feature"},{"geometry":{"coordinates":[[[-118.46603,34.00951],[-118.46672,34.01048],[-118.46807,34.01046],[-118.46873,34.00948],[-118.46804,34.00851],[-118.46669,34.00853],[-118.46603,34.00951]]],"type":"Polygon"},"properties":{"bbox":{"roads":{"area":4697.05,"pct":11.57}},"city_same":1,"id":"hex:1944:17386"},"type":"Feature"},{"geometry":{"coordinates":[[[-118.46606,34.01146],[-118.46676,34.01243],[-118.46811,34.01242],[-118.46877,34.01143],[-118.46807,34.01046],[-118.46672,34.01048],[-118.46606,34.01146]]],"type":"Polygon"},"properties":{"bbox":{"parking":{"area":1078.99,"pct":2.66},"roads":{"area":6092.98,"pct":15.01},"sidewalks":{"area":689.6,"pct":1.7}},"city_same":1,"id":"hex:1944:17387"},"type":"Feature"},{"geometry":{"coordinates":[[[-118.4661,34.01342],[-118.46679,34.01438],[-118.46814,34.01437],[-118.4688,34.01338],[-118.46811,34.01242],[-118.46676,34.01243],[-118.4661,34.01342]]],"type":"Polygon"},"properties":{"bbox":{"parking":{"area":463.41,"pct":1.14},"roads":{"area":3646.68,"pct":8.98},"sidewalks":{"area":656.82,"pct":1.62}},"city_same":1,"id":"hex:1944:17388"},"type":"Feature"},{"geometry":{"coordinates":[[[-118.46613,34.01537],[-118.46682,34.01634],[-118.46818,34.01632],[-118.46884,34.01534],[-118.46814,34.01437],[-118.46679,34.01438],[-118.46613,34.01537]]],"type":"Polygon"},"properties":{"bbox":{"parking":{"area":3978.69,"pct":9.8},"roads":{"area":3824.27,"pct":9.42},"sidewalks":{"area":330.33,"pct":0.81}},"city_same":1,"id":"hex:1944:17389"},"type":"Feature"},{"geometry":{"coordinates":[[[-118.46616,34.01732],[-118.46686,34.01829],[-118.46821,34.01827],[-118.46887,34.01729],[-118.46818,34.01632],[-118.46682,34.01634],[-118.46616,34.01732]]],"type":"Polygon"},"properties":{"bbox":{"parking":{"area":1406.03,"pct":3.46},"roads":{"area":5234.2,"pct":12.89},"sidewalks":{"area":1261.31,"pct":3.11}},"city_same":1,"id":"hex:1944:17390"},"type":"Feature"},{"geometry":{"coordinates":[[[-118.4662,34.01927],[-118.46689,34.02024],[-118.46824,34.02022],[-118.4689,34.01924],[-118.46821,34.01827],[-118.46686,34.01829],[-118.4662,34.01927]]],"type":"Polygon"},"properties":{"bbox":{"parking":{"area":373.66,"pct":0.92},"roads":{"area":4329.18,"pct":10.66},"sidewalks":{"area":85.15,"pct":0.21}},"city":{"parking":{"area":373.66,"pct":0.92},"roads":{"area":3964.01,"pct":9.76},"sidewalks":{"area":85.15,"pct":0.21}},"id":"hex:1944:17391"},"type":"Feature"},{"geometry":{"coordinates":[[[-118.46623,34.02122],[-118.46692,34.02219],[-118.46828,34.02218],[-118.46894,34.02119],[-118.46824,34.02022],[-118.46689,34.02024],[-118.46623,34.02122]]],"type":"Polygon"},"properties":{"bbox":{"parking":{"area":2833.06,"pct":6.98},"roads":{"area":5284.56,"pct":13.02},"sidewalks":{"area":518.95,"pct":1.28}},"city":{"parking":{"area":2833.06,"pct":6.98},"roads":{"area":2368.52,"pct":5.83},"sidewalks":{"area":518.95,"pct":1.28}},"id":"hex:1944:17392"},"type":"Feature"},{"geometry":{"coordinates":[[[-118.46626,34.02318],[-118.46696,34.02414],[-118.46831,34.02413],[-118.46897,34.02314],[-118.46828,34.02218],[-118.46692,34.02219],[-118.46626,34.02318]]],"type":"Polygon"},"properties":{"bbox":{"roads":{"area":5258.86,"pct":12.95},"sidewalks":{"area":921.73,"pct":2.27}},"city":{"roads":{"area":3566.7,"pct":8.79},"sidewalks":{"area":921.73,"pct":2.27}},"id":"hex:1944:17393"},"type":"Feature"},{"geometry":{"coordinates":[[[-118.4663,34.02513],[-118.46699,34.0261],[-118.46834,34.02608],[-118.469,34.0251],[-118.46831,34.02413],[-118.46696,34.02414],[-118.4663,34.02513]]],"type":"Polygon"},"properties":{"bbox":{"roads":{"area":10820.08,"pct":26.65}},"city":{"roads":{"area":2640.4,"pct":6.5}},"id":"hex:1944:17394"},"type":"Feature"},{"geometry":{"coordinates":[[[-118.46633,34.02708],[-118.46702,34.02805],[-118.46838,34.02803],[-118.46904,34.02705],[-118.46834,34.02608],[-118.46699,34.0261],[-118.46633,34.02708]]],"type":"Polygon"},"properties":{"bbox":{"parking":{"area":6299.75,"pct":15.52},"roads":{"area":4442.84,"pct":10.94}},"city_same":1,"id":"hex:1944:17395"},"type":"Feature"},{"geometry":{"coordinates":[[[-118.46636,34.02903],[-118.46706,34.03],[-118.46841,34.02998],[-118.46907,34.029],[-118.46838,34.02803],[-118.46702,34.02805],[-118.46636,34.02903]]],"type":"Polygon"},"properties":{"bbox":{"parking":{"area":4617.55,"pct":11.37},"roads":{"area":5441.29,"pct":13.4},"sidewalks":{"area":328.34,"pct":0.81}},"city_same":1,"id":"hex:1944:17396"},"type":"Feature"},{"geometry":{"coordinates":[[[-118.4664,34.03098],[-118.46709,34.03195],[-118.46844,34.03194],[-118.4691,34.03095],[-118.46841,34.02998],[-118.46706,34.03],[-118.4664,34.03098]]],"type":"Polygon"},"properties":{"bbox":{"parking":{"area":3745.35,"pct":9.23},"roads":{"area":4081.18,"pct":10.05},"sidewalks":{"area":748.46,"pct":1.84}},"city_same":1,"id":"hex:1944:17397"},"type":"Feature"},{"geometry":{"coordinates":[[[-118.46643,34.03294],[-118.46712,34.0339],[-118.46848,34.03389],[-118.46914,34.0329],[-118.46844,34.03194],[-118.46709,34.03195],[-118.46643,34.03294]]],"type":"Polygon"},"properties":{"bbox":{"parking":{"area":170.74,"pct":0.42},"roads":{"area":4816.96,"pct":11.87},"sidewalks":{"area":837.94,"pct":2.06}},"city_same":1,"id":"hex:1944:17398"},"type":"Feature"},{"geometry":{"coordinates":[[[-118.46646,34.03489],[-118.46716,34.03586],[-118.46851,34.03584],[-118.46917,34.03486],[-118.46848,34.03389],[-118.46712,34.0339],[-118.46646,34.03489]]],"type":"Polygon"},"properties":{"bbox":{"roads":{"area":4702.47,"pct":11.58},"sidewalks":{"area":470.7,"pct":1.16}},"city_same":1,"id":"hex:1944:17399"},"type":"Feature"},{"geometry":{"coordinates":[[[-118.4665,34.03684],[-118.46719,34.03781],[-118.46855,34.03779],[-118.46921,34.03681],[-118.46851,34.03584],[-118.46716,34.03586],[-118.4665,34.03684]]],"type":"Polygon"},"properties":{"bbox":{"parking":{"area":418.49,"pct":1.03},"roads":{"area":5414.64,"pct":13.34},"sidewalks":{"area":489.94,"pct":1.21}},"city_same":1,"id":"hex:1944:17400"},"type":"Feature"},{"geometry":{"coordinates":[[[-118.46719,34.03781],[-118.46855,34.03779],[-118.46924,34.03876],[-118.46879,34.03943],[-118.46708,34.03797],[-118.46719,34.03781]]],"type":"Polygon"},"properties":{"bbox":{"roads":{"area":2745.23,"pct":15.13},"sidewalks":{"area":474.21,"pct":2.61}},"city":{"roads":{"area":829.73,"pct":4.57},"sidewalks":{"area":474.21,"pct":2.61}},"id":"hex:1944:17401"},"type":"Feature"},{"geometry":{"coordinates":[[[-118.46662,34.00462],[-118.46596,34.00561],[-118.46461,34.00562],[-118.46452,34.0055],[-118.4665,34.00446],[-118.46662,34.00462]]],"type":"Polygon"},"properties":{"bbox":{"sidewalks":{"area":12.77,"pct":0.12}},"city_same":1,"id":"hex:1945:17383"},"type":"Feature"},{"geometry":{"coordinates":[[[-118.46395,34.00661],[-118.46464,34.00758],[-118.46599,34.00756],[-118.46665,34.00658],[-118.46596,34.00561],[-118.46461,34.00562],[-118.46395,34.00661]]],"type":"Polygon"},"properties":{"bbox":{"parking":{"area":2030.31,"pct":5},"roads":{"area":4371.74,"pct":10.77},"sidewalks":{"area":567.08,"pct":1.4}},"city_same":1,"id":"hex:1945:17384"},"type":"Feature"},{"geometry":{"coordinates":[[[-118.46398,34.00856],[-118.46467,34.00953],[-118.46603,34.00951],[-118.46669,34.00853],[-118.46599,34.00756],[-118.46464,34.00758],[-118.46398,34.00856]]],"type":"Polygon"},"properties":{"bbox":{"roads":{"area":4263.79,"pct":10.5}},"city_same":1,"id":"hex:1945:17385"},"type":"Feature"},{"geometry":{"coordinates":[[[-118.46401,34.01051],[-118.46471,34.01148],[-118.46606,34.01146],[-118.46672,34.01048],[-118.46603,34.00951],[-118.46467,34.00953],[-118.46401,34.01051]]],"type":"Polygon"},"properties":{"bbox":{"roads":{"area":4437.17,"pct":10.93}},"city_same":1,"id":"hex:1945:17386"},"type":"Feature"},{"geometry":{"coordinates":[[[-118.46405,34.01246],[-118.46474,34.01343],[-118.4661,34.01342],[-118.46676,34.01243],[-118.46606,34.01146],[-118.46471,34.01148],[-118.46405,34.01246]]],"type":"Polygon"},"properties":{"bbox":{"roads":{"area":5583.28,"pct":13.75},"sidewalks":{"area":440.86,"pct":1.09}},"city_same":1,"id":"hex:1945:17387"},"type":"Feature"},{"geometry":{"coordinates":[[[-118.46408,34.01442],[-118.46478,34.01538],[-118.46613,34.01537],[-118.46679,34.01438],[-118.4661,34.01342],[-118.46474,34.01343],[-118.46408,34.01442]]],"type":"Polygon"},"properties":{"bbox":{"roads":{"area":4716.14,"pct":11.62},"sidewalks":{"area":869.21,"pct":2.14}},"city_same":1,"id":"hex:1945:17388"},"type":"Feature"},{"geometry":{"coordinates":[[[-118.46412,34.01637],[-118.46481,34.01734],[-118.46616,34.01732],[-118.46682,34.01634],[-118.46613,34.01537],[-118.46478,34.01538],[-118.46412,34.01637]]],"type":"Polygon"},"properties":{"bbox":{"roads":{"area":3992.41,"pct":9.83},"sidewalks":{"area":206.58,"pct":0.51}},"city_same":1,"id":"hex:1945:17389"},"type":"Feature"},{"geometry":{"coordinates":[[[-118.46415,34.01832],[-118.46484,34.01929],[-118.4662,34.01927],[-118.46686,34.01829],[-118.46616,34.01732],[-118.46481,34.01734],[-118.46415,34.01832]]],"type":"Polygon"},"properties":{"bbox":{"roads":{"area":4907.93,"pct":12.09},"sidewalks":{"area":19.37,"pct":0.05}},"city_same":1,"id":"hex:1945:17390"},"type":"Feature"},{"geometry":{"coordinates":[[[-118.46418,34.02027],[-118.46488,34.02124],[-118.46623,34.02122],[-118.46689,34.02024],[-118.4662,34.01927],[-118.46484,34.01929],[-118.46418,34.02027]]],"type":"Polygon"},"properties":{"bbox":{"roads":{"area":4284.23,"pct":10.55},"sidewalks":{"area":527.13,"pct":1.3}},"city":{"roads":{"area":4155.34,"pct":10.24},"sidewalks":{"area":527.13,"pct":1.3}},"id":"hex:1945:17391"},"type":"Feature"},{"geometry":{"coordinates":[[[-118.46422,34.02222],[-118.46491,34.02319],[-118.46626,34.02318],[-118.46692,34.02219],[-118.46623,34.02122],[-118.46488,34.02124],[-118.46422,34.02222]]],"type":"Polygon"},"properties":{"bbox":{"parking":{"area":6407.63,"pct":15.78},"roads":{"area":9456,"pct":23.29},"sidewalks":{"area":979.08,"pct":2.41}},"city":{"parking":{"area":6407.63,"pct":15.78},"roads":{"area":4442.25,"pct":10.94},"sidewalks":{"area":979.08,"pct":2.41}},"id":"hex:1945:17392"},"type":"Feature"},{"geometry":{"coordinates":[[[-118.46425,34.02418],[-118.46494,34.02514],[-118.4663,34.02513],[-118.46696,34.02414],[-118.46626,34.02318],[-118.46491,34.02319],[-118.46425,34.02418]]],"type":"Polygon"},"properties":{"bbox":{"parking":{"area":1343.62,"pct":3.31},"roads":{"area":2867.68,"pct":7.06},"sidewalks":{"area":469.78,"pct":1.16}},"city":{"parking":{"area":1343.62,"pct":3.31},"roads":{"area":2807.16,"pct":6.92},"sidewalks":{"area":469.78,"pct":1.16}},"id":"hex:1945:17393"},"type":"Feature"},{"geometry":{"coordinates":[[[-118.46428,34.02613],[-118.46498,34.0271],[-118.46633,34.02708],[-118.46699,34.0261],[-118.4663,34.02513],[-118.46494,34.02514],[-118.46428,34.02613]]],"type":"Polygon"},"properties":{"bbox":{"roads":{"area":8943.99,"pct":22.03}},"city":{"roads":{"area":3213.14,"pct":7.92}},"id":"hex:1945:17394"},"type":"Feature"},{"geometry":{"coordinates":[[[-118.46432,34.02808],[-118.46501,34.02905],[-118.46636,34.02903],[-118.46702,34.02805],[-118.46633,34.02708],[-118.46498,34.0271],[-118.46432,34.02808]]],"type":"Polygon"},"properties":{"bbox":{"parking":{"area":10053.75,"pct":24.77},"roads":{"area":4719.45,"pct":11.63},"sidewalks":{"area":549.02,"pct":1.35}},"city_same":1,"id":"hex:1945:17395"},"type":"Feature"},{"geometry":{"coordinates":[[[-118.46435,34.03003],[-118.46504,34.031],[-118.4664,34.03098],[-118.46706,34.03],[-118.46636,34.02903],[-118.46501,34.02905],[-118.46435,34.03003]]],"type":"Polygon"},"properties":{"bbox":{"parking":{"area":4082.31,"pct":10.06},"roads":{"area":10262.57,"pct":25.28},"sidewalks":{"area":974.13,"pct":2.4}},"city_same":1,"id":"hex:1945:17396"},"type":"Feature"},{"geometry":{"coordinates":[[[-118.46438,34.03198],[-118.46508,34.03295],[-118.46643,34.03294],[-118.46709,34.03195],[-118.4664,34.03098],[-118.46504,34.031],[-118.46438,34.03198]]],"type":"Polygon"},"properties":{"bbox":{"parking":{"area":2.57,"pct":0.01},"roads":{"area":5161.69,"pct":12.72}},"city_same":1,"id":"hex:1945:17397"},"type":"Feature"},{"geometry":{"coordinates":[[[-118.46442,34.03394],[-118.46511,34.0349],[-118.46646,34.03489],[-118.46712,34.0339],[-118.46643,34.03294],[-118.46508,34.03295],[-118.46442,34.03394]]],"type":"Polygon"},"properties":{"bbox":{"roads":{"area":5901.85,"pct":14.54},"sidewalks":{"area":360.07,"pct":0.89}},"city_same":1,"id":"hex:1945:17398"},"type":"Feature"},{"geometry":{"coordinates":[[[-118.46511,34.0349],[-118.46646,34.03489],[-118.46716,34.03586],[-118.4665,34.03684],[-118.46577,34.03685],[-118.46452,34.03578],[-118.46511,34.0349]]],"type":"Polygon"},"properties":{"bbox":{"roads":{"area":4193.71,"pct":11.54},"sidewalks":{"area":565.57,"pct":1.56}},"city_same":1,"id":"hex:1945:17399"},"type":"Feature"},{"geometry":{"coordinates":[[[-118.4665,34.03684],[-118.46719,34.03781],[-118.46708,34.03797],[-118.4663,34.03729],[-118.46621,34.03722],[-118.46577,34.03685],[-118.4665,34.03684]]],"type":"Polygon"},"properties":{"bbox":{"roads":{"area":311.98,"pct":5.88},"sidewalks":{"area":268.64,"pct":5.06}},"city_same":1,"id":"hex:1945:17400"},"type":"Feature"},{"geometry":{"coordinates":[[[-118.46461,34.00562],[-118.46395,34.00661],[-118.46259,34.00662],[-118.46254,34.00655],[-118.46411,34.00572],[-118.46452,34.0055],[-118.46461,34.00562]]],"type":"Polygon"},"properties":{"bbox":{"roads":{"area":1830.17,"pct":19.35},"sidewalks":{"area":227.49,"pct":2.41}},"city_same":1,"id":"hex:1946:17384"},"type":"Feature"},{"geometry":{"coordinates":[[[-118.46193,34.00761],[-118.46263,34.00858],[-118.46398,34.00856],[-118.46464,34.00758],[-118.46395,34.00661],[-118.46259,34.00662],[-118.46193,34.00761]]],"type":"Polygon"},"properties":{"bbox":{"roads":{"area":3866.66,"pct":9.52}},"city_same":1,"id":"hex:1946:17385"},"type":"Feature"},{"geometry":{"coordinates":[[[-118.46197,34.00956],[-118.46266,34.01053],[-118.46401,34.01051],[-118.46467,34.00953],[-118.46398,34.00856],[-118.46263,34.00858],[-118.46197,34.00956]]],"type":"Polygon"},"properties":{"bbox":{"roads":{"area":3660.15,"pct":9.02}},"city_same":1,"id":"hex:1946:17386"},"type":"Feature"},{"geometry":{"coordinates":[[[-118.462,34.01151],[-118.4627,34.01248],[-118.46405,34.01246],[-118.46471,34.01148],[-118.46401,34.01051],[-118.46266,34.01053],[-118.462,34.01151]]],"type":"Polygon"},"properties":{"bbox":{"roads":{"area":4690.72,"pct":11.55}},"city_same":1,"id":"hex:1946:17387"},"type":"Feature"},{"geometry":{"coordinates":[[[-118.46204,34.01346],[-118.46273,34.01443],[-118.46408,34.01442],[-118.46474,34.01343],[-118.46405,34.01246],[-118.4627,34.01248],[-118.46204,34.01346]]],"type":"Polygon"},"properties":{"bbox":{"roads":{"area":4546.44,"pct":11.2},"sidewalks":{"area":267.2,"pct":0.66}},"city_same":1,"id":"hex:1946:17388"},"type":"Feature"},{"geometry":{"coordinates":[[[-118.46207,34.01542],[-118.46276,34.01638],[-118.46412,34.01637],[-118.46478,34.01538],[-118.46408,34.01442],[-118.46273,34.01443],[-118.46207,34.01542]]],"type":"Polygon"},"properties":{"bbox":{"roads":{"area":4513.25,"pct":11.12},"sidewalks":{"area":414.65,"pct":1.02}},"city_same":1,"id":"hex:1946:17389"},"type":"Feature"},{"geometry":{"coordinates":[[[-118.4621,34.01737],[-118.4628,34.01834],[-118.46415,34.01832],[-118.46481,34.01734],[-118.46412,34.01637],[-118.46276,34.01638],[-118.4621,34.01737]]],"type":"Polygon"},"properties":{"bbox":{"roads":{"area":4049.52,"pct":9.98},"sidewalks":{"area":207.34,"pct":0.51}},"city_same":1,"id":"hex:1946:17390"},"type":"Feature"},{"geometry":{"coordinates":[[[-118.46214,34.01932],[-118.46283,34.02029],[-118.46418,34.02027],[-118.46484,34.01929],[-118.46415,34.01832],[-118.4628,34.01834],[-118.46214,34.01932]]],"type":"Polygon"},"properties":{"bbox":{"roads":{"area":5149.27,"pct":12.68},"sidewalks":{"area":1196.27,"pct":2.95}},"city_same":1,"id":"hex:1946:17391"},"type":"Feature"},{"geometry":{"coordinates":[[[-118.46217,34.02127],[-118.46286,34.02224],[-118.46422,34.02222],[-118.46488,34.02124],[-118.46418,34.02027],[-118.46283,34.02029],[-118.46217,34.02127]]],"type":"Polygon"},"properties":{"bbox":{"parking":{"area":2845.11,"pct":7.01},"roads":{"area":4381.76,"pct":10.79},"sidewalks":{"area":19.37,"pct":0.05}},"city":{"parking":{"area":2845.11,"pct":7.01},"roads":{"area":4381.22,"pct":10.79},"sidewalks":{"area":19.37,"pct":0.05}},"id":"hex:1946:17392"},"type":"Feature"},{"geometry":{"coordinates":[[[-118.4622,34.02322],[-118.4629,34.02419],[-118.46425,34.02418],[-118.46491,34.02319],[-118.46422,34.02222],[-118.46286,34.02224],[-118.4622,34.02322]]],"type":"Polygon"},"properties":{"bbox":{"parking":{"area":5589.55,"pct":13.77},"roads":{"area":8618.72,"pct":21.23},"sidewalks":{"area":598.75,"pct":1.47}},"city":{"parking":{"area":5589.55,"pct":13.77},"roads":{"area":5669.45,"pct":13.97},"sidewalks":{"area":598.75,"pct":1.47}},"id":"hex:1946:17393"},"type":"Feature"},{"geometry":{"coordinates":[[[-118.46224,34.02518],[-118.46293,34.02614],[-118.46428,34.02613],[-118.46494,34.02514],[-118.46425,34.02418],[-118.4629,34.02419],[-118.46224,34.02518]]],"type":"Polygon"},"properties":{"bbox":{"parking":{"area":288.76,"pct":0.71},"roads":{"area":7884.63,"pct":19.42},"sidewalks":{"area":75.8,"pct":0.19}},"city":{"parking":{"area":288.76,"pct":0.71},"roads":{"area":4457.66,"pct":10.98},"sidewalks":{"area":75.8,"pct":0.19}},"id":"hex:1946:17394"},"type":"Feature"},{"geometry":{"coordinates":[[[-118.46227,34.02713],[-118.46296,34.0281],[-118.46432,34.02808],[-118.46498,34.0271],[-118.46428,34.02613],[-118.46293,34.02614],[-118.46227,34.02713]]],"type":"Polygon"},"properties":{"bbox":{"roads":{"area":7575.55,"pct":18.66},"sidewalks":{"area":663.87,"pct":1.64}},"city":{"roads":{"area":6487.04,"pct":15.98},"sidewalks":{"area":663.87,"pct":1.64}},"id":"hex:1946:17395"},"type":"Feature"},{"geometry":{"coordinates":[[[-118.4623,34.02908],[-118.463,34.03005],[-118.46435,34.03003],[-118.46501,34.02905],[-118.46432,34.02808],[-118.46296,34.0281],[-118.4623,34.02908]]],"type":"Polygon"},"properties":{"bbox":{"roads":{"area":3065.08,"pct":7.55},"sidewalks":{"area":535.73,"pct":1.32}},"city_same":1,"id":"hex:1946:17396"},"type":"Feature"},{"geometry":{"coordinates":[[[-118.46234,34.03103],[-118.46303,34.032],[-118.46438,34.03198],[-118.46504,34.031],[-118.46435,34.03003],[-118.463,34.03005],[-118.46234,34.03103]]],"type":"Polygon"},"properties":{"bbox":{"roads":{"area":7972.61,"pct":19.64},"sidewalks":{"area":208.29,"pct":0.51}},"city_same":1,"id":"hex:1946:17397"},"type":"Feature"},{"geometry":{"coordinates":[[[-118.46237,34.03298],[-118.46306,34.03395],[-118.46442,34.03394],[-118.46508,34.03295],[-118.46438,34.03198],[-118.46303,34.032],[-118.46237,34.03298]]],"type":"Polygon"},"properties":{"bbox":{"roads":{"area":6259.36,"pct":15.42}},"city_same":1,"id":"hex:1946:17398"},"type":"Feature"},{"geometry":{"coordinates":[[[-118.46306,34.03395],[-118.46442,34.03394],[-118.46511,34.0349],[-118.46452,34.03578],[-118.46282,34.03432],[-118.46306,34.03395]]],"type":"Polygon"},"properties":{"bbox":{"roads":{"area":2700.3,"pct":11.32},"sidewalks":{"area":323.37,"pct":1.36}},"city_same":1,"id":"hex:1946:17399"},"type":"Feature"},{"geometry":{"coordinates":[[[-118.46259,34.00662],[-118.46193,34.00761],[-118.46058,34.00762],[-118.46056,34.0076],[-118.46254,34.00655],[-118.46259,34.00662]]],"type":"Polygon"},"properties":{"bbox":{"roads":{"area":1709.74,"pct":20.94}},"city_same":1,"id":"hex:1947:17384"},"type":"Feature"},{"geometry":{"coordinates":[[[-118.45992,34.00861],[-118.46061,34.00958],[-118.46197,34.00956],[-118.46263,34.00858],[-118.46193,34.00761],[-118.46058,34.00762],[-118.45992,34.00861]]],"type":"Polygon"},"properties":{"bbox":{"roads":{"area":4051.1,"pct":9.98}},"city_same":1,"id":"hex:1947:17385"},"type":"Feature"},{"geometry":{"coordinates":[[[-118.45996,34.01056],[-118.46065,34.01153],[-118.462,34.01151],[-118.46266,34.01053],[-118.46197,34.00956],[-118.46061,34.00958],[-118.45996,34.01056]]],"type":"Polygon"},"properties":{"bbox":{"roads":{"area":4683.21,"pct":11.54}},"city_same":1,"id":"hex:1947:17386"},"type":"Feature"},{"geometry":{"coordinates":[[[-118.45999,34.01251],[-118.46068,34.01348],[-118.46204,34.01346],[-118.4627,34.01248],[-118.462,34.01151],[-118.46065,34.01153],[-118.45999,34.01251]]],"type":"Polygon"},"properties":{"bbox":{"roads":{"area":4354.72,"pct":10.73}},"city_same":1,"id":"hex:1947:17387"},"type":"Feature"},{"geometry":{"coordinates":[[[-118.46002,34.01446],[-118.46072,34.01543],[-118.46207,34.01542],[-118.46273,34.01443],[-118.46204,34.01346],[-118.46068,34.01348],[-118.46002,34.01446]]],"type":"Polygon"},"properties":{"bbox":{"roads":{"area":4919.54,"pct":12.12},"sidewalks":{"area":702.78,"pct":1.73}},"city_same":1,"id":"hex:1947:17388"},"type":"Feature"},{"geometry":{"coordinates":[[[-118.46006,34.01642],[-118.46075,34.01738],[-118.4621,34.01737],[-118.46276,34.01638],[-118.46207,34.01542],[-118.46072,34.01543],[-118.46006,34.01642]]],"type":"Polygon"},"properties":{"bbox":{"parking":{"area":460.27,"pct":1.13},"roads":{"area":5278.68,"pct":13},"sidewalks":{"area":1022.81,"pct":2.52}},"city_same":1,"id":"hex:1947:17389"},"type":"Feature"},{"geometry":{"coordinates":[[[-118.46009,34.01837],[-118.46078,34.01934],[-118.46214,34.01932],[-118.4628,34.01834],[-118.4621,34.01737],[-118.46075,34.01738],[-118.46009,34.01837]]],"type":"Polygon"},"properties":{"bbox":{"parking":{"area":1944.27,"pct":4.79},"roads":{"area":2522.49,"pct":6.21},"sidewalks":{"area":200.35,"pct":0.49}},"city_same":1,"id":"hex:1947:17390"},"type":"Feature"},{"geometry":{"coordinates":[[[-118.46012,34.02032],[-118.46082,34.02129],[-118.46217,34.02127],[-118.46283,34.02029],[-118.46214,34.01932],[-118.46078,34.01934],[-118.46012,34.02032]]],"type":"Polygon"},"properties":{"bbox":{"parking":{"area":477.02,"pct":1.18},"roads":{"area":5087.05,"pct":12.53},"sidewalks":{"area":285.28,"pct":0.7}},"city_same":1,"id":"hex:1947:17391"},"type":"Feature"},{"geometry":{"coordinates":[[[-118.46016,34.02227],[-118.46085,34.02324],[-118.4622,34.02322],[-118.46286,34.02224],[-118.46217,34.02127],[-118.46082,34.02129],[-118.46016,34.02227]]],"type":"Polygon"},"properties":{"bbox":{"parking":{"area":273.59,"pct":0.67},"roads":{"area":3733.54,"pct":9.2}},"city_same":1,"id":"hex:1947:17392"},"type":"Feature"},{"geometry":{"coordinates":[[[-118.46019,34.02422],[-118.46088,34.02519],[-118.46224,34.02518],[-118.4629,34.02419],[-118.4622,34.02322],[-118.46085,34.02324],[-118.46019,34.02422]]],"type":"Polygon"},"properties":{"bbox":{"parking":{"area":2067.66,"pct":5.09},"roads":{"area":7613.23,"pct":18.75},"sidewalks":{"area":1030.32,"pct":2.54}},"city":{"parking":{"area":2067.66,"pct":5.09},"roads":{"area":4532.91,"pct":11.17},"sidewalks":{"area":1030.32,"pct":2.54}},"id":"hex:1947:17393"},"type":"Feature"},{"geometry":{"coordinates":[[[-118.46022,34.02618],[-118.46092,34.02714],[-118.46227,34.02713],[-118.46293,34.02614],[-118.46224,34.02518],[-118.46088,34.02519],[-118.46022,34.02618]]],"type":"Polygon"},"properties":{"bbox":{"roads":{"area":11012.26,"pct":27.13},"sidewalks":{"area":483.51,"pct":1.19}},"city":{"roads":{"area":4873.34,"pct":12},"sidewalks":{"area":483.51,"pct":1.19}},"id":"hex:1947:17394"},"type":"Feature"},{"geometry":{"coordinates":[[[-118.46026,34.02813],[-118.46095,34.0291],[-118.4623,34.02908],[-118.46296,34.0281],[-118.46227,34.02713],[-118.46092,34.02714],[-118.46026,34.02813]]],"type":"Polygon"},"properties":{"bbox":{"roads":{"area":5444.87,"pct":13.41},"sidewalks":{"area":503.72,"pct":1.24}},"city_same":1,"id":"hex:1947:17395"},"type":"Feature"},{"geometry":{"coordinates":[[[-118.46029,34.03008],[-118.46098,34.03105],[-118.46234,34.03103],[-118.463,34.03005],[-118.4623,34.02908],[-118.46095,34.0291],[-118.46029,34.03008]]],"type":"Polygon"},"properties":{"bbox":{"roads":{"area":5035,"pct":12.4},"sidewalks":{"area":239.22,"pct":0.59}},"city_same":1,"id":"hex:1947:17396"},"type":"Feature"},{"geometry":{"coordinates":[[[-118.46032,34.03203],[-118.46098,34.03105],[-118.46234,34.03103],[-118.46303,34.032],[-118.46237,34.03298],[-118.46127,34.033],[-118.46061,34.03243],[-118.46032,34.03203]]],"type":"Polygon"},"properties":{"bbox":{"roads":{"area":5492.24,"pct":13.78},"sidewalks":{"area":139.77,"pct":0.35}},"city_same":1,"id":"hex:1947:17397"},"type":"Feature"},{"geometry":{"coordinates":[[[-118.46237,34.03298],[-118.46306,34.03395],[-118.46282,34.03432],[-118.46127,34.033],[-118.46237,34.03298]]],"type":"Polygon"},"properties":{"bbox":{"roads":{"area":699.53,"pct":6.93},"sidewalks":{"area":289.99,"pct":2.87}},"city_same":1,"id":"hex:1947:17398"},"type":"Feature"},{"geometry":{"coordinates":[[[-118.46058,34.00762],[-118.45992,34.00861],[-118.45862,34.00862],[-118.46056,34.0076],[-118.46058,34.00762]]],"type":"Polygon"},"properties":{"bbox":{"roads":{"area":1559.13,"pct":22.68}},"city_same":1,"id":"hex:1948:17385"},"type":"Feature"},{"geometry":{"coordinates":[[[-118.45992,34.00861],[-118.46061,34.00958],[-118.45996,34.01056],[-118.4586,34.01058],[-118.45791,34.00961],[-118.45854,34.00867],[-118.45862,34.00862],[-118.45992,34.00861]]],"type":"Polygon"},"properties":{"bbox":{"roads":{"area":4248.36,"pct":10.47}},"city_same":1,"id":"hex:1948:17386"},"type":"Feature"},{"geometry":{"coordinates":[[[-118.45794,34.01156],[-118.45864,34.01253],[-118.45999,34.01251],[-118.46065,34.01153],[-118.45996,34.01056],[-118.4586,34.01058],[-118.45794,34.01156]]],"type":"Polygon"},"properties":{"bbox":{"roads":{"area":4473.86,"pct":11.02},"sidewalks":{"area":562.25,"pct":1.39}},"city_same":1,"id":"hex:1948:17387"},"type":"Feature"},{"geometry":{"coordinates":[[[-118.45798,34.01351],[-118.45867,34.01448],[-118.46002,34.01446],[-118.46068,34.01348],[-118.45999,34.01251],[-118.45864,34.01253],[-118.45798,34.01351]]],"type":"Polygon"},"properties":{"bbox":{"roads":{"area":4370.84,"pct":10.77},"sidewalks":{"area":414.2,"pct":1.02}},"city_same":1,"id":"hex:1948:17388"},"type":"Feature"},{"geometry":{"coordinates":[[[-118.45801,34.01546],[-118.4587,34.01643],[-118.46006,34.01642],[-118.46072,34.01543],[-118.46002,34.01446],[-118.45867,34.01448],[-118.45801,34.01546]]],"type":"Polygon"},"properties":{"bbox":{"parking":{"area":146.35,"pct":0.36},"roads":{"area":3217.51,"pct":7.93},"sidewalks":{"area":48.29,"pct":0.12}},"city_same":1,"id":"hex:1948:17389"},"type":"Feature"},{"geometry":{"coordinates":[[[-118.45804,34.01742],[-118.45874,34.01838],[-118.46009,34.01837],[-118.46075,34.01738],[-118.46006,34.01642],[-118.4587,34.01643],[-118.45804,34.01742]]],"type":"Polygon"},"properties":{"bbox":{"roads":{"area":5782.65,"pct":14.24},"sidewalks":{"area":695.98,"pct":1.71}},"city_same":1,"id":"hex:1948:17390"},"type":"Feature"},{"geometry":{"coordinates":[[[-118.45808,34.01937],[-118.45877,34.02034],[-118.46012,34.02032],[-118.46078,34.01934],[-118.46009,34.01837],[-118.45874,34.01838],[-118.45808,34.01937]]],"type":"Polygon"},"properties":{"bbox":{"roads":{"area":3369.27,"pct":8.3}},"city_same":1,"id":"hex:1948:17391"},"type":"Feature"},{"geometry":{"coordinates":[[[-118.45811,34.02132],[-118.4588,34.02229],[-118.46016,34.02227],[-118.46082,34.02129],[-118.46012,34.02032],[-118.45877,34.02034],[-118.45811,34.02132]]],"type":"Polygon"},"properties":{"bbox":{"roads":{"area":4437.85,"pct":10.93},"sidewalks":{"area":151.84,"pct":0.37}},"city_same":1,"id":"hex:1948:17392"},"type":"Feature"},{"geometry":{"coordinates":[[[-118.45814,34.02327],[-118.45884,34.02424],[-118.46019,34.02422],[-118.46085,34.02324],[-118.46016,34.02227],[-118.4588,34.02229],[-118.45814,34.02327]]],"type":"Polygon"},"properties":{"bbox":{"roads":{"area":3715.86,"pct":9.15},"sidewalks":{"area":709.08,"pct":1.75}},"city_same":1,"id":"hex:1948:17393"},"type":"Feature"},{"geometry":{"coordinates":[[[-118.45818,34.02522],[-118.45887,34.02619],[-118.46022,34.02618],[-118.46088,34.02519],[-118.46019,34.02422],[-118.45884,34.02424],[-118.45818,34.02522]]],"type":"Polygon"},"properties":{"bbox":{"parking":{"area":84.52,"pct":0.21},"roads":{"area":7573.01,"pct":18.66},"sidewalks":{"area":569.58,"pct":1.4}},"city":{"parking":{"area":84.52,"pct":0.21},"roads":{"area":4562.75,"pct":11.24},"sidewalks":{"area":569.58,"pct":1.4}},"id":"hex:1948:17394"},"type":"Feature"},{"geometry":{"coordinates":[[[-118.45821,34.02718],[-118.4589,34.02814],[-118.46026,34.02813],[-118.46092,34.02714],[-118.46022,34.02618],[-118.45887,34.02619],[-118.45821,34.02718]]],"type":"Polygon"},"properties":{"bbox":{"roads":{"area":10422.82,"pct":25.68}},"city":{"roads":{"area":3758.47,"pct":9.26}},"id":"hex:1948:17395"},"type":"Feature"},{"geometry":{"coordinates":[[[-118.45824,34.02913],[-118.45894,34.0301],[-118.46029,34.03008],[-118.46095,34.0291],[-118.46026,34.02813],[-118.4589,34.02814],[-118.45824,34.02913]]],"type":"Polygon"},"properties":{"bbox":{"roads":{"area":5536.63,"pct":13.64},"sidewalks":{"area":669.53,"pct":1.65}},"city_same":1,"id":"hex:1948:17396"},"type":"Feature"},{"geometry":{"coordinates":[[[-118.45828,34.03108],[-118.45894,34.0301],[-118.46029,34.03008],[-118.46098,34.03105],[-118.46032,34.03203],[-118.46014,34.03203],[-118.45931,34.03133],[-118.4592,34.03134],[-118.45855,34.03147],[-118.45828,34.03108]]],"type":"Polygon"},"properties":{"bbox":{"parking":{"area":1051.96,"pct":3.12},"roads":{"area":5351.67,"pct":15.89},"sidewalks":{"area":381.3,"pct":1.13}},"city_same":1,"id":"hex:1948:17397"},"type":"Feature"},{"geometry":{"coordinates":[[[-118.46032,34.03203],[-118.46061,34.03243],[-118.46014,34.03203],[-118.46032,34.03203]]],"type":"Polygon"},"properties":{"bbox":{"roads":{"area":0.01,"pct":0},"sidewalks":{"area":84.66,"pct":22.57}},"city_same":1,"id":"hex:1948:17398"},"type":"Feature"},{"geometry":{"coordinates":[[[-118.45791,34.00961],[-118.45673,34.00962],[-118.45854,34.00867],[-118.45791,34.00961]]],"type":"Polygon"},"properties":{"bbox":{"roads":{"area":1258.62,"pct":22.32},"sidewalks":{"area":52.59,"pct":0.93}},"city_same":1,"id":"hex:1949:17385"},"type":"Feature"},{"geometry":{"coordinates":[[[-118.45791,34.00961],[-118.4586,34.01058],[-118.45794,34.01156],[-118.45659,34.01158],[-118.4559,34.01061],[-118.45646,34.00976],[-118.45673,34.00962],[-118.45791,34.00961]]],"type":"Polygon"},"properties":{"bbox":{"roads":{"area":3365.5,"pct":8.32},"sidewalks":{"area":638.36,"pct":1.58}},"city_same":1,"id":"hex:1949:17386"},"type":"Feature"},{"geometry":{"coordinates":[[[-118.45593,34.01256],[-118.45662,34.01353],[-118.45798,34.01351],[-118.45864,34.01253],[-118.45794,34.01156],[-118.45659,34.01158],[-118.45593,34.01256]]],"type":"Polygon"},"properties":{"bbox":{"roads":{"area":2947.63,"pct":7.26}},"city_same":1,"id":"hex:1949:17387"},"type":"Feature"},{"geometry":{"coordinates":[[[-118.45596,34.01451],[-118.45666,34.01548],[-118.45801,34.01546],[-118.45867,34.01448],[-118.45798,34.01351],[-118.45662,34.01353],[-118.45596,34.01451]]],"type":"Polygon"},"properties":{"bbox":{"parking":{"area":161.93,"pct":0.4},"roads":{"area":3958.16,"pct":9.75},"sidewalks":{"area":455.38,"pct":1.12}},"city_same":1,"id":"hex:1949:17388"},"type":"Feature"},{"geometry":{"coordinates":[[[-118.456,34.01646],[-118.45669,34.01743],[-118.45804,34.01742],[-118.4587,34.01643],[-118.45801,34.01546],[-118.45666,34.01548],[-118.456,34.01646]]],"type":"Polygon"},"properties":{"bbox":{"parking":{"area":863.25,"pct":2.13},"roads":{"area":2328.15,"pct":5.74},"sidewalks":{"area":735.24,"pct":1.81}},"city_same":1,"id":"hex:1949:17389"},"type":"Feature"},{"geometry":{"coordinates":[[[-118.45603,34.01842],[-118.45672,34.01938],[-118.45808,34.01937],[-118.45874,34.01838],[-118.45804,34.01742],[-118.45669,34.01743],[-118.45603,34.01842]]],"type":"Polygon"},"properties":{"bbox":{"parking":{"area":2482.62,"pct":6.12},"roads":{"area":5171.86,"pct":12.74},"sidewalks":{"area":1054.91,"pct":2.6}},"city_same":1,"id":"hex:1949:17390"},"type":"Feature"},{"geometry":{"coordinates":[[[-118.45606,34.02037],[-118.45676,34.02134],[-118.45811,34.02132],[-118.45877,34.02034],[-118.45808,34.01937],[-118.45672,34.01938],[-118.45606,34.02037]]],"type":"Polygon"},"properties":{"bbox":{"roads":{"area":3622.95,"pct":8.92},"sidewalks":{"area":688.77,"pct":1.7}},"city_same":1,"id":"hex:1949:17391"},"type":"Feature"},{"geometry":{"coordinates":[[[-118.4561,34.02232],[-118.45679,34.02329],[-118.45814,34.02327],[-118.4588,34.02229],[-118.45811,34.02132],[-118.45676,34.02134],[-118.4561,34.02232]]],"type":"Polygon"},"properties":{"bbox":{"roads":{"area":3137.18,"pct":7.73},"sidewalks":{"area":222.02,"pct":0.55}},"city_same":1,"id":"hex:1949:17392"},"type":"Feature"},{"geometry":{"coordinates":[[[-118.45613,34.02427],[-118.45682,34.02524],[-118.45818,34.02522],[-118.45884,34.02424],[-118.45814,34.02327],[-118.45679,34.02329],[-118.45613,34.02427]]],"type":"Polygon"},"properties":{"bbox":{"parking":{"area":43.56,"pct":0.11},"roads":{"area":2170.29,"pct":5.35}},"city_same":1,"id":"hex:1949:17393"},"type":"Feature"},{"geometry":{"coordinates":[[[-118.45616,34.02622],[-118.45686,34.02719],[-118.45821,34.02718],[-118.45887,34.02619],[-118.45818,34.02522],[-118.45682,34.02524],[-118.45616,34.02622]]],"type":"Polygon"},"properties":{"bbox":{"parking":{"area":1114.87,"pct":2.75},"roads":{"area":7030.39,"pct":17.32},"sidewalks":{"area":620.3,"pct":1.53}},"city":{"parking":{"area":1114.87,"pct":2.75},"roads":{"area":3896.87,"pct":9.6},"sidewalks":{"area":620.3,"pct":1.53}},"id":"hex:1949:17394"},"type":"Feature"},{"geometry":{"coordinates":[[[-118.4562,34.02818],[-118.45689,34.02914],[-118.45824,34.02913],[-118.4589,34.02814],[-118.45821,34.02718],[-118.45686,34.02719],[-118.4562,34.02818]]],"type":"Polygon"},"properties":{"bbox":{"roads":{"area":9323.05,"pct":22.97}},"city":{"roads":{"area":4019.66,"pct":9.9}},"id":"hex:1949:17395"},"type":"Feature"},{"geometry":{"coordinates":[[[-118.45689,34.02914],[-118.45824,34.02913],[-118.45894,34.0301],[-118.45828,34.03108],[-118.45753,34.03109],[-118.45715,34.02978],[-118.45708,34.02972],[-118.45702,34.02969],[-118.45663,34.02952],[-118.45689,34.02914]]],"type":"Polygon"},"properties":{"bbox":{"roads":{"area":2972.65,"pct":10.45},"sidewalks":{"area":580.55,"pct":2.04}},"city_same":1,"id":"hex:1949:17396"},"type":"Feature"},{"geometry":{"coordinates":[[[-118.45828,34.03108],[-118.45855,34.03147],[-118.4577,34.03164],[-118.45753,34.03109],[-118.45828,34.03108]]],"type":"Polygon"},"properties":{"bbox":{"roads":{"area":982.17,"pct":24.42},"sidewalks":{"area":181.19,"pct":4.51}},"city_same":1,"id":"hex:1949:17397"},"type":"Feature"},{"geometry":{"coordinates":[[[-118.4559,34.01061],[-118.45484,34.01062],[-118.45598,34.01002],[-118.45646,34.00976],[-118.4559,34.01061]]],"type":"Polygon"},"properties":{"bbox":{"roads":{"area":1202.31,"pct":26.55},"sidewalks":{"area":170.44,"pct":3.76}},"city_same":1,"id":"hex:1950:17386"},"type":"Feature"},{"geometry":{"coordinates":[[[-118.4559,34.01061],[-118.45659,34.01158],[-118.45593,34.01256],[-118.45458,34.01258],[-118.45388,34.01161],[-118.45438,34.01086],[-118.45484,34.01062],[-118.4559,34.01061]]],"type":"Polygon"},"properties":{"bbox":{"parking":{"area":760.95,"pct":1.89},"roads":{"area":1674.41,"pct":4.16},"sidewalks":{"area":118.57,"pct":0.29}},"city_same":1,"id":"hex:1950:17387"},"type":"Feature"},{"geometry":{"coordinates":[[[-118.45392,34.01356],[-118.45461,34.01453],[-118.45596,34.01451],[-118.45662,34.01353],[-118.45593,34.01256],[-118.45458,34.01258],[-118.45392,34.01356]]],"type":"Polygon"},"properties":{"bbox":{"parking":{"area":330.04,"pct":0.81},"roads":{"area":925.64,"pct":2.28}},"city_same":1,"id":"hex:1950:17388"},"type":"Feature"},{"geometry":{"coordinates":[[[-118.45395,34.01551],[-118.45464,34.01648],[-118.456,34.01646],[-118.45666,34.01548],[-118.45596,34.01451],[-118.45461,34.01453],[-118.45395,34.01551]]],"type":"Polygon"},"properties":{"bbox":{"parking":{"area":1849.61,"pct":4.56},"roads":{"area":1353.46,"pct":3.33},"sidewalks":{"area":189.86,"pct":0.47}},"city_same":1,"id":"hex:1950:17389"},"type":"Feature"},{"geometry":{"coordinates":[[[-118.45398,34.01746],[-118.45467,34.01843],[-118.45603,34.01842],[-118.45669,34.01743],[-118.456,34.01646],[-118.45464,34.01648],[-118.45398,34.01746]]],"type":"Polygon"},"properties":{"bbox":{"parking":{"area":21520.07,"pct":53.01},"roads":{"area":5828.96,"pct":14.36},"sidewalks":{"area":270.07,"pct":0.67}},"city_same":1,"id":"hex:1950:17390"},"type":"Feature"},{"geometry":{"coordinates":[[[-118.45401,34.01942],[-118.45471,34.02038],[-118.45606,34.02037],[-118.45672,34.01938],[-118.45603,34.01842],[-118.45467,34.01843],[-118.45401,34.01942]]],"type":"Polygon"},"properties":{"bbox":{"parking":{"area":6256.89,"pct":15.41},"roads":{"area":7612.17,"pct":18.75},"sidewalks":{"area":968.02,"pct":2.38}},"city_same":1,"id":"hex:1950:17391"},"type":"Feature"},{"geometry":{"coordinates":[[[-118.45405,34.02137],[-118.45474,34.02234],[-118.4561,34.02232],[-118.45676,34.02134],[-118.45606,34.02037],[-118.45471,34.02038],[-118.45405,34.02137]]],"type":"Polygon"},"properties":{"bbox":{"parking":{"area":2.71,"pct":0.01},"roads":{"area":2674.55,"pct":6.59}},"city_same":1,"id":"hex:1950:17392"},"type":"Feature"},{"geometry":{"coordinates":[[[-118.45408,34.02332],[-118.45477,34.02429],[-118.45613,34.02427],[-118.45679,34.02329],[-118.4561,34.02232],[-118.45474,34.02234],[-118.45408,34.02332]]],"type":"Polygon"},"properties":{"bbox":{"roads":{"area":3194.71,"pct":7.87}},"city_same":1,"id":"hex:1950:17393"},"type":"Feature"},{"geometry":{"coordinates":[[[-118.45411,34.02527],[-118.45481,34.02624],[-118.45616,34.02622],[-118.45682,34.02524],[-118.45613,34.02427],[-118.45477,34.02429],[-118.45411,34.02527]]],"type":"Polygon"},"properties":{"bbox":{"parking":{"area":1176.63,"pct":2.9},"roads":{"area":2183.47,"pct":5.38}},"city_same":1,"id":"hex:1950:17394"},"type":"Feature"},{"geometry":{"coordinates":[[[-118.45415,34.02722],[-118.45484,34.02819],[-118.4562,34.02818],[-118.45686,34.02719],[-118.45616,34.02622],[-118.45481,34.02624],[-118.45415,34.02722]]],"type":"Polygon"},"properties":{"bbox":{"parking":{"area":1870.33,"pct":4.61},"roads":{"area":13984.46,"pct":34.45},"sidewalks":{"area":564.36,"pct":1.39}},"city":{"parking":{"area":1870.33,"pct":4.61},"roads":{"area":3014.96,"pct":7.43},"sidewalks":{"area":564.36,"pct":1.39}},"id":"hex:1950:17395"},"type":"Feature"},{"geometry":{"coordinates":[[[-118.45484,34.02819],[-118.4562,34.02818],[-118.45689,34.02914],[-118.45663,34.02952],[-118.45454,34.02864],[-118.45484,34.02819]]],"type":"Polygon"},"properties":{"bbox":{"roads":{"area":2655.57,"pct":14.57}},"city":{"roads":{"area":1749.36,"pct":9.6}},"id":"hex:1950:17396"},"type":"Feature"},{"geometry":{"coordinates":[[[-118.45388,34.01161],[-118.45294,34.01162],[-118.45438,34.01086],[-118.45388,34.01161]]],"type":"Polygon"},"properties":{"bbox":{"parking":{"area":283.65,"pct":7.93},"roads":{"area":873.02,"pct":24.4},"sidewalks":{"area":149.84,"pct":4.19}},"city_same":1,"id":"hex:1951:17386"},"type":"Feature"},{"geometry":{"coordinates":[[[-118.45388,34.01161],[-118.45458,34.01258],[-118.45392,34.01356],[-118.45256,34.01358],[-118.45187,34.01261],[-118.45231,34.01195],[-118.45294,34.01162],[-118.45388,34.01161]]],"type":"Polygon"},"properties":{"bbox":{"parking":{"area":2835.46,"pct":7.11},"roads":{"area":3200.02,"pct":8.02},"sidewalks":{"area":173.68,"pct":0.44}},"city_same":1,"id":"hex:1951:17387"},"type":"Feature"},{"geometry":{"coordinates":[[[-118.4519,34.01456],[-118.45259,34.01553],[-118.45395,34.01551],[-118.45461,34.01453],[-118.45392,34.01356],[-118.45256,34.01358],[-118.4519,34.01456]]],"type":"Polygon"},"properties":{"bbox":{"roads":{"area":951.4,"pct":2.34}},"city_same":1,"id":"hex:1951:17388"},"type":"Feature"},{"geometry":{"coordinates":[[[-118.45193,34.01651],[-118.45263,34.01748],[-118.45398,34.01746],[-118.45464,34.01648],[-118.45395,34.01551],[-118.45259,34.01553],[-118.45193,34.01651]]],"type":"Polygon"},"properties":{"bbox":{"parking":{"area":4157.41,"pct":10.24},"roads":{"area":3963.17,"pct":9.76},"sidewalks":{"area":202.8,"pct":0.5}},"city_same":1,"id":"hex:1951:17389"},"type":"Feature"},{"geometry":{"coordinates":[[[-118.45197,34.01846],[-118.45266,34.01943],[-118.45401,34.01942],[-118.45467,34.01843],[-118.45398,34.01746],[-118.45263,34.01748],[-118.45197,34.01846]]],"type":"Polygon"},"properties":{"bbox":{"parking":{"area":27693.87,"pct":68.22},"roads":{"area":5272.19,"pct":12.99}},"city_same":1,"id":"hex:1951:17390"},"type":"Feature"},{"geometry":{"coordinates":[[[-118.452,34.02042],[-118.45269,34.02138],[-118.45405,34.02137],[-118.45471,34.02038],[-118.45401,34.01942],[-118.45266,34.01943],[-118.452,34.02042]]],"type":"Polygon"},"properties":{"bbox":{"parking":{"area":8995.52,"pct":22.16},"roads":{"area":7436.61,"pct":18.32},"sidewalks":{"area":582.4,"pct":1.43}},"city_same":1,"id":"hex:1951:17391"},"type":"Feature"},{"geometry":{"coordinates":[[[-118.45203,34.02237],[-118.45273,34.02334],[-118.45408,34.02332],[-118.45474,34.02234],[-118.45405,34.02137],[-118.45269,34.02138],[-118.45203,34.02237]]],"type":"Polygon"},"properties":{"bbox":{"parking":{"area":0.23,"pct":0},"roads":{"area":2058.73,"pct":5.07}},"city_same":1,"id":"hex:1951:17392"},"type":"Feature"},{"geometry":{"coordinates":[[[-118.45207,34.02432],[-118.45276,34.02529],[-118.45411,34.02527],[-118.45477,34.02429],[-118.45408,34.02332],[-118.45273,34.02334],[-118.45207,34.02432]]],"type":"Polygon"},"properties":{"bbox":{"roads":{"area":3157.45,"pct":7.78}},"city_same":1,"id":"hex:1951:17393"},"type":"Feature"},{"geometry":{"coordinates":[[[-118.4521,34.02627],[-118.45279,34.02724],[-118.45415,34.02722],[-118.45481,34.02624],[-118.45411,34.02527],[-118.45276,34.02529],[-118.4521,34.02627]]],"type":"Polygon"},"properties":{"bbox":{"roads":{"area":3848.31,"pct":9.48}},"city_same":1,"id":"hex:1951:17394"},"type":"Feature"},{"geometry":{"coordinates":[[[-118.45279,34.02724],[-118.45415,34.02722],[-118.45484,34.02819],[-118.45454,34.02864],[-118.45325,34.0281],[-118.45297,34.02791],[-118.45262,34.02749],[-118.45279,34.02724]]],"type":"Polygon"},"properties":{"bbox":{"roads":{"area":7628.64,"pct":40.13},"sidewalks":{"area":370.64,"pct":1.95}},"city":{"roads":{"area":1023.91,"pct":5.39},"sidewalks":{"area":370.64,"pct":1.95}},"id":"hex:1951:17395"},"type":"Feature"},{"geometry":{"coordinates":[[[-118.45187,34.01261],[-118.45105,34.01262],[-118.45231,34.01195],[-118.45187,34.01261]]],"type":"Polygon"},"properties":{"bbox":{"parking":{"area":667.44,"pct":24.34},"roads":{"area":360.56,"pct":13.15}},"city_same":1,"id":"hex:1952:17387"},"type":"Feature"},{"geometry":{"coordinates":[[[-118.45187,34.01261],[-118.45256,34.01358],[-118.4519,34.01456],[-118.45055,34.01458],[-118.44985,34.01361],[-118.45023,34.01305],[-118.45105,34.01262],[-118.45187,34.01261]]],"type":"Polygon"},"properties":{"bbox":{"parking":{"area":2413.08,"pct":6.12},"roads":{"area":3213.02,"pct":8.14},"sidewalks":{"area":219.67,"pct":0.56}},"city_same":1,"id":"hex:1952:17388"},"type":"Feature"},{"geometry":{"coordinates":[[[-118.44989,34.01556],[-118.45058,34.01653],[-118.45193,34.01651],[-118.45259,34.01553],[-118.4519,34.01456],[-118.45055,34.01458],[-118.44989,34.01556]]],"type":"Polygon"},"properties":{"bbox":{"roads":{"area":779.19,"pct":1.92}},"city_same":1,"id":"hex:1952:17389"},"type":"Feature"},{"geometry":{"coordinates":[[[-118.44992,34.01751],[-118.45061,34.01848],[-118.45197,34.01846],[-118.45263,34.01748],[-118.45193,34.01651],[-118.45058,34.01653],[-118.44992,34.01751]]],"type":"Polygon"},"properties":{"bbox":{"parking":{"area":3746.15,"pct":9.23},"roads":{"area":2316.14,"pct":5.71}},"city_same":1,"id":"hex:1952:17390"},"type":"Feature"},{"geometry":{"coordinates":[[[-118.44995,34.01946],[-118.45065,34.02043],[-118.452,34.02042],[-118.45266,34.01943],[-118.45197,34.01846],[-118.45061,34.01848],[-118.44995,34.01946]]],"type":"Polygon"},"properties":{"bbox":{"parking":{"area":13424.24,"pct":33.07},"roads":{"area":4790.91,"pct":11.8}},"city_same":1,"id":"hex:1952:17391"},"type":"Feature"},{"geometry":{"coordinates":[[[-118.44999,34.02142],[-118.45068,34.02238],[-118.45203,34.02237],[-118.45269,34.02138],[-118.452,34.02042],[-118.45065,34.02043],[-118.44999,34.02142]]],"type":"Polygon"},"properties":{"bbox":{"parking":{"area":10423.29,"pct":25.68},"roads":{"area":7396.53,"pct":18.22},"sidewalks":{"area":612.25,"pct":1.51}},"city_same":1,"id":"hex:1952:17392"},"type":"Feature"},{"geometry":{"coordinates":[[[-118.45002,34.02337],[-118.45071,34.02434],[-118.45207,34.02432],[-118.45273,34.02334],[-118.45203,34.02237],[-118.45068,34.02238],[-118.45002,34.02337]]],"type":"Polygon"},"properties":{"bbox":{"roads":{"area":2636.53,"pct":6.49}},"city_same":1,"id":"hex:1952:17393"},"type":"Feature"},{"geometry":{"coordinates":[[[-118.45071,34.02434],[-118.45207,34.02432],[-118.45276,34.02529],[-118.4521,34.02627],[-118.45162,34.02628],[-118.4504,34.02481],[-118.45071,34.02434]]],"type":"Polygon"},"properties":{"bbox":{"roads":{"area":2700.91,"pct":8.86},"sidewalks":{"area":73.88,"pct":0.24}},"city_same":1,"id":"hex:1952:17394"},"type":"Feature"},{"geometry":{"coordinates":[[[-118.4521,34.02627],[-118.45279,34.02724],[-118.45262,34.02749],[-118.45162,34.02628],[-118.4521,34.02627]]],"type":"Polygon"},"properties":{"bbox":{"roads":{"area":441.01,"pct":9.21},"sidewalks":{"area":9.82,"pct":0.21}},"city_same":1,"id":"hex:1952:17395"},"type":"Feature"},{"geometry":{"coordinates":[[[-118.44985,34.01361],[-118.44915,34.01362],[-118.45023,34.01305],[-118.44985,34.01361]]],"type":"Polygon"},"properties":{"bbox":{"roads":{"area":126.41,"pct":6.27}},"city_same":1,"id":"hex:1953:17387"},"type":"Feature"},{"geometry":{"coordinates":[[[-118.44985,34.01361],[-118.45055,34.01458],[-118.44989,34.01556],[-118.44853,34.01558],[-118.44784,34.01461],[-118.44816,34.01414],[-118.44851,34.01395],[-118.44915,34.01362],[-118.44985,34.01361]]],"type":"Polygon"},"properties":{"bbox":{"parking":{"area":3966.09,"pct":10.2},"roads":{"area":4713.2,"pct":12.12},"sidewalks":{"area":302.21,"pct":0.78}},"city_same":1,"id":"hex:1953:17388"},"type":"Feature"},{"geometry":{"coordinates":[[[-118.44787,34.01656],[-118.44857,34.01753],[-118.44992,34.01751],[-118.45058,34.01653],[-118.44989,34.01556],[-118.44853,34.01558],[-118.44787,34.01656]]],"type":"Polygon"},"properties":{"bbox":{"parking":{"area":1174.69,"pct":2.89},"roads":{"area":1468.29,"pct":3.62}},"city_same":1,"id":"hex:1953:17389"},"type":"Feature"},{"geometry":{"coordinates":[[[-118.44791,34.01851],[-118.4486,34.01948],[-118.44995,34.01946],[-118.45061,34.01848],[-118.44992,34.01751],[-118.44857,34.01753],[-118.44791,34.01851]]],"type":"Polygon"},"properties":{"bbox":{"parking":{"area":497.21,"pct":1.22},"roads":{"area":885.08,"pct":2.18}},"city_same":1,"id":"hex:1953:17390"},"type":"Feature"},{"geometry":{"coordinates":[[[-118.44794,34.02046],[-118.44863,34.02143],[-118.44999,34.02142],[-118.45065,34.02043],[-118.44995,34.01946],[-118.4486,34.01948],[-118.44794,34.02046]]],"type":"Polygon"},"properties":{"bbox":{"parking":{"area":11179.02,"pct":27.54},"roads":{"area":3596.31,"pct":8.86}},"city_same":1,"id":"hex:1953:17391"},"type":"Feature"},{"geometry":{"coordinates":[[[-118.44863,34.02143],[-118.44999,34.02142],[-118.45068,34.02238],[-118.45002,34.02337],[-118.44921,34.02338],[-118.44817,34.02212],[-118.44863,34.02143]]],"type":"Polygon"},"properties":{"bbox":{"parking":{"area":6781.77,"pct":19.35},"roads":{"area":6213.82,"pct":17.73},"sidewalks":{"area":553.25,"pct":1.58}},"city_same":1,"id":"hex:1953:17392"},"type":"Feature"},{"geometry":{"coordinates":[[[-118.45002,34.02337],[-118.45071,34.02434],[-118.4504,34.02481],[-118.44921,34.02338],[-118.45002,34.02337]]],"type":"Polygon"},"properties":{"bbox":{"roads":{"area":247.27,"pct":2.68},"sidewalks":{"area":92.82,"pct":1}},"city_same":1,"id":"hex:1953:17393"},"type":"Feature"},{"geometry":{"coordinates":[[[-118.44784,34.01461],[-118.44725,34.01461],[-118.44781,34.01432],[-118.44816,34.01414],[-118.44784,34.01461]]],"type":"Polygon"},"properties":{"bbox":{"parking":{"area":376.95,"pct":26.89},"roads":{"area":72.31,"pct":5.16}},"city_same":1,"id":"hex:1954:17388"},"type":"Feature"},{"geometry":{"coordinates":[[[-118.44784,34.01461],[-118.44853,34.01558],[-118.44787,34.01656],[-118.44652,34.01658],[-118.44583,34.01561],[-118.44608,34.01523],[-118.44694,34.01478],[-118.44704,34.01473],[-118.44725,34.01461],[-118.44784,34.01461]]],"type":"Polygon"},"properties":{"bbox":{"parking":{"area":932.67,"pct":2.44},"roads":{"area":3779.48,"pct":9.89},"sidewalks":{"area":520.06,"pct":1.36}},"city_same":1,"id":"hex:1954:17389"},"type":"Feature"},{"geometry":{"coordinates":[[[-118.44586,34.01756],[-118.44655,34.01853],[-118.44791,34.01851],[-118.44857,34.01753],[-118.44787,34.01656],[-118.44652,34.01658],[-118.44586,34.01756]]],"type":"Polygon"},"properties":{"bbox":{"parking":{"area":9801.73,"pct":24.15},"roads":{"area":4191.85,"pct":10.33},"sidewalks":{"area":38.37,"pct":0.09}},"city_same":1,"id":"hex:1954:17390"},"type":"Feature"},{"geometry":{"coordinates":[[[-118.44655,34.01853],[-118.44791,34.01851],[-118.4486,34.01948],[-118.44794,34.02046],[-118.44681,34.02048],[-118.44594,34.01944],[-118.44655,34.01853]]],"type":"Polygon"},"properties":{"bbox":{"roads":{"area":160.55,"pct":0.41}},"city_same":1,"id":"hex:1954:17391"},"type":"Feature"},{"geometry":{"coordinates":[[[-118.44794,34.02046],[-118.44863,34.02143],[-118.44817,34.02212],[-118.44681,34.02048],[-118.44794,34.02046]]],"type":"Polygon"},"properties":{"bbox":{"parking":{"area":2647.36,"pct":18.37},"roads":{"area":1674.62,"pct":11.62}},"city_same":1,"id":"hex:1954:17392"},"type":"Feature"},{"geometry":{"coordinates":[[[-118.44583,34.01561],[-118.44535,34.01561],[-118.44608,34.01523],[-118.44583,34.01561]]],"type":"Polygon"},"properties":{"bbox":{"roads":{"area":175.66,"pct":19.41}},"city_same":1,"id":"hex:1955:17388"},"type":"Feature"},{"geometry":{"coordinates":[[[-118.44583,34.01561],[-118.44652,34.01658],[-118.44586,34.01756],[-118.44451,34.01758],[-118.44381,34.01661],[-118.44401,34.01632],[-118.44535,34.01561],[-118.44583,34.01561]]],"type":"Polygon"},"properties":{"bbox":{"parking":{"area":12998.21,"pct":34.69},"roads":{"area":4531.08,"pct":12.09},"sidewalks":{"area":651.17,"pct":1.74}},"city_same":1,"id":"hex:1955:17389"},"type":"Feature"},{"geometry":{"coordinates":[[[-118.44451,34.01758],[-118.44586,34.01756],[-118.44655,34.01853],[-118.44594,34.01944],[-118.44594,34.01943],[-118.4459,34.01945],[-118.44527,34.01869],[-118.44444,34.01767],[-118.44451,34.01758]]],"type":"Polygon"},"properties":{"bbox":{"parking":{"area":11077.29,"pct":52.28},"roads":{"area":1361.14,"pct":6.42}},"city_same":1,"id":"hex:1955:17390"},"type":"Feature"},{"geometry":{"coordinates":[[[-118.44381,34.01661],[-118.44357,34.01661],[-118.44353,34.01657],[-118.44401,34.01632],[-118.44381,34.01661]]],"type":"Polygon"},"properties":{"bbox":{"parking":{"area":324.91,"pct":65.43},"roads":{"area":69.37,"pct":13.97},"sidewalks":{"area":10.93,"pct":2.2}},"city":{"parking":{"area":324.91,"pct":65.43},"roads":{"area":65,"pct":13.09},"sidewalks":{"area":10.93,"pct":2.2}},"id":"hex:1956:17389"},"type":"Feature"},{"geometry":{"coordinates":[[[-118.44381,34.01661],[-118.44451,34.01758],[-118.44444,34.01767],[-118.44393,34.01704],[-118.44357,34.01661],[-118.44381,34.01661]]],"type":"Polygon"},"properties":{"bbox":{"parking":{"area":541.54,"pct":27.4},"roads":{"area":301.8,"pct":15.27},"sidewalks":{"area":133.77,"pct":6.77}},"city":{"parking":{"area":541.54,"pct":27.4},"roads":{"area":296.12,"pct":14.98},"sidewalks":{"area":133.77,"pct":6.77}},"id":"hex:1956:17390"},"type":"Feature"}],"type":"FeatureCollection","v":2}