{"features":[{"geometry":{"coordinates":[[[-121.86677,38.43897],[-121.86697,38.4387],[-121.86835,38.43872],[-121.86721,38.43959],[-121.86677,38.43897]]],"type":"Polygon"},"properties":{"bbox":{"roads":{"area":2275.59,"pct":32.21}},"id":"hex:3992:24567"},"type":"Feature"},{"geometry":{"coordinates":[[[-121.8656,38.44052],[-121.86504,38.43973],[-121.86562,38.43896],[-121.86677,38.43897],[-121.86721,38.43959],[-121.86599,38.44052],[-121.8656,38.44052]]],"type":"Polygon"},"properties":{"bbox":{"roads":{"area":3876.07,"pct":17.94}},"id":"hex:3993:24567"},"type":"Feature"},{"geometry":{"coordinates":[[[-121.8656,38.44052],[-121.86599,38.44052],[-121.86506,38.44123],[-121.8656,38.44052]]],"type":"Polygon"},"properties":{"bbox":{"roads":{"area":422.21,"pct":30.89}},"id":"hex:3993:24568"},"type":"Feature"},{"geometry":{"coordinates":[[[-121.86387,38.44128],[-121.86331,38.44049],[-121.86389,38.43972],[-121.86504,38.43973],[-121.8656,38.44052],[-121.86506,38.44123],[-121.86498,38.44129],[-121.86387,38.44128]]],"type":"Polygon"},"properties":{"bbox":{"roads":{"area":2469.42,"pct":9.51}},"id":"hex:3994:24568"},"type":"Feature"},{"geometry":{"coordinates":[[[-121.86328,38.44205],[-121.86387,38.44128],[-121.86498,38.44129],[-121.86353,38.4424],[-121.86328,38.44205]]],"type":"Polygon"},"properties":{"bbox":{"roads":{"area":3201.99,"pct":40.16}},"id":"hex:3994:24569"},"type":"Feature"},{"geometry":{"coordinates":[[[-121.86155,38.44282],[-121.86214,38.44204],[-121.86328,38.44205],[-121.86353,38.4424],[-121.86304,38.44278],[-121.86207,38.44355],[-121.86155,38.44282]]],"type":"Polygon"},"properties":{"bbox":{"roads":{"area":4025.93,"pct":24.99}},"id":"hex:3995:24569"},"type":"Feature"},{"geometry":{"coordinates":[[[-121.86038,38.44437],[-121.85982,38.44358],[-121.86041,38.44281],[-121.86155,38.44282],[-121.86207,38.44355],[-121.86104,38.44437],[-121.86038,38.44437]]],"type":"Polygon"},"properties":{"bbox":{"roads":{"area":4253.79,"pct":17.96}},"id":"hex:3996:24570"},"type":"Feature"},{"geometry":{"coordinates":[[[-121.8598,38.44514],[-121.86038,38.44437],[-121.86104,38.44437],[-121.8599,38.44529],[-121.8598,38.44514]]],"type":"Polygon"},"properties":{"bbox":{"roads":{"area":1572.54,"pct":42.34}},"id":"hex:3996:24571"},"type":"Feature"},{"geometry":{"coordinates":[[[-121.85852,38.43856],[-121.85944,38.43857],[-121.85957,38.43863],[-121.8601,38.43864],[-121.8599,38.4389],[-121.85897,38.43889],[-121.85897,38.43889],[-121.8589,38.43887],[-121.85873,38.43887],[-121.85852,38.43856]]],"type":"Polygon"},"properties":{"bbox":{"roads":{"area":175.55,"pct":4.42}},"city_same":1,"id":"hex:3997:24566"},"type":"Feature"},{"geometry":{"coordinates":[[[-121.8599,38.4389],[-121.86046,38.43969],[-121.85987,38.44046],[-121.85873,38.44045],[-121.85834,38.4399],[-121.85899,38.4399],[-121.85906,38.43986],[-121.85911,38.4398],[-121.85911,38.43938],[-121.85901,38.43935],[-121.85901,38.43926],[-121.85904,38.43921],[-121.85904,38.43903],[-121.85902,38.43894],[-121.85897,38.43889],[-121.8599,38.4389]]],"type":"Polygon"},"properties":{"bbox":{"roads":{"area":1308.95,"pct":6.68}},"city_same":1,"id":"hex:3997:24567"},"type":"Feature"},{"geometry":{"coordinates":[[[-121.85814,38.44122],[-121.8587,38.44201],[-121.85985,38.44202],[-121.86043,38.44125],[-121.85987,38.44046],[-121.85873,38.44045],[-121.85814,38.44122]]],"type":"Polygon"},"properties":{"bbox":{"roads":{"area":2805.18,"pct":10.8}},"city_same":1,"id":"hex:3997:24568"},"type":"Feature"},{"geometry":{"coordinates":[[[-121.85812,38.44279],[-121.85868,38.44357],[-121.85982,38.44358],[-121.86041,38.44281],[-121.85985,38.44202],[-121.8587,38.44201],[-121.85812,38.44279]]],"type":"Polygon"},"properties":{"bbox":{"roads":{"area":1447.84,"pct":5.57}},"city_same":1,"id":"hex:3997:24569"},"type":"Feature"},{"geometry":{"coordinates":[[[-121.85809,38.44435],[-121.85865,38.44513],[-121.8598,38.44514],[-121.86038,38.44437],[-121.85982,38.44358],[-121.85868,38.44357],[-121.85809,38.44435]]],"type":"Polygon"},"properties":{"bbox":{"roads":{"area":3671.92,"pct":14.13}},"city":{"roads":{"area":1475.26,"pct":5.68}},"id":"hex:3997:24570"},"type":"Feature"},{"geometry":{"coordinates":[[[-121.85807,38.44591],[-121.85865,38.44513],[-121.8598,38.44514],[-121.8599,38.44529],[-121.85891,38.44608],[-121.85846,38.44645],[-121.85807,38.44591]]],"type":"Polygon"},"properties":{"bbox":{"roads":{"area":5089.63,"pct":42.97}},"id":"hex:3997:24571"},"type":"Feature"},{"geometry":{"coordinates":[[[-121.85873,38.44045],[-121.85814,38.44122],[-121.857,38.44121],[-121.85644,38.44043],[-121.85702,38.43965],[-121.85781,38.43966],[-121.85781,38.43975],[-121.85784,38.43984],[-121.85788,38.43988],[-121.85797,38.4399],[-121.85834,38.4399],[-121.85873,38.44045]]],"type":"Polygon"},"properties":{"bbox":{"roads":{"area":1932.72,"pct":7.73}},"city_same":1,"id":"hex:3998:24568"},"type":"Feature"},{"geometry":{"coordinates":[[[-121.85641,38.44199],[-121.85697,38.44277],[-121.85812,38.44279],[-121.8587,38.44201],[-121.85814,38.44122],[-121.857,38.44121],[-121.85641,38.44199]]],"type":"Polygon"},"properties":{"bbox":{"roads":{"area":3657.49,"pct":14.08}},"city_same":1,"id":"hex:3998:24569"},"type":"Feature"},{"geometry":{"coordinates":[[[-121.85639,38.44355],[-121.85695,38.44433],[-121.85809,38.44435],[-121.85868,38.44357],[-121.85812,38.44279],[-121.85697,38.44277],[-121.85639,38.44355]]],"type":"Polygon"},"properties":{"bbox":{"roads":{"area":123.54,"pct":0.48}},"city_same":1,"id":"hex:3998:24570"},"type":"Feature"},{"geometry":{"coordinates":[[[-121.85636,38.44511],[-121.85692,38.4459],[-121.85807,38.44591],[-121.85865,38.44513],[-121.85809,38.44435],[-121.85695,38.44433],[-121.85636,38.44511]]],"type":"Polygon"},"properties":{"bbox":{"roads":{"area":2160.73,"pct":8.32}},"city":{"roads":{"area":1312.78,"pct":5.05}},"id":"hex:3998:24571"},"type":"Feature"},{"geometry":{"coordinates":[[[-121.8569,38.44746],[-121.85634,38.44667],[-121.85692,38.4459],[-121.85807,38.44591],[-121.85846,38.44645],[-121.85782,38.44699],[-121.85712,38.44746],[-121.8569,38.44746]]],"type":"Polygon"},"properties":{"bbox":{"roads":{"area":4581,"pct":22.4}},"id":"hex:3998:24572"},"type":"Feature"},{"geometry":{"coordinates":[[[-121.8569,38.44746],[-121.85712,38.44746],[-121.85666,38.44777],[-121.8569,38.44746]]],"type":"Polygon"},"properties":{"bbox":{"roads":{"area":117.57,"pct":34.84}},"id":"hex:3998:24573"},"type":"Feature"},{"geometry":{"coordinates":[[[[-121.85702,38.43965],[-121.85644,38.44043],[-121.85529,38.44042],[-121.85473,38.43963],[-121.8552,38.43901],[-121.85519,38.43916],[-121.85521,38.43926],[-121.85523,38.43932],[-121.85529,38.43936],[-121.8554,38.43938],[-121.85682,38.43937],[-121.85702,38.43965]]],[[[-121.85531,38.43886],[-121.85532,38.43886],[-121.85531,38.43886],[-121.85531,38.43886]]]],"type":"MultiPolygon"},"properties":{"bbox":{"roads":{"area":977.42,"pct":5.15}},"city_same":1,"id":"hex:3999:24567"},"type":"Feature"},{"geometry":{"coordinates":[[[-121.8547,38.44119],[-121.85527,38.44198],[-121.85641,38.44199],[-121.857,38.44121],[-121.85644,38.44043],[-121.85529,38.44042],[-121.8547,38.44119]]],"type":"Polygon"},"properties":{"bbox":{"roads":{"area":2207.99,"pct":8.5}},"city_same":1,"id":"hex:3999:24568"},"type":"Feature"},{"geometry":{"coordinates":[[[-121.85468,38.44275],[-121.85524,38.44354],[-121.85639,38.44355],[-121.85697,38.44277],[-121.85641,38.44199],[-121.85527,38.44198],[-121.85468,38.44275]]],"type":"Polygon"},"properties":{"bbox":{"parking":{"area":4604.65,"pct":17.72},"roads":{"area":4859.72,"pct":18.71}},"city_same":1,"id":"hex:3999:24569"},"type":"Feature"},{"geometry":{"coordinates":[[[-121.85466,38.44431],[-121.85522,38.4451],[-121.85636,38.44511],[-121.85695,38.44433],[-121.85639,38.44355],[-121.85524,38.44354],[-121.85466,38.44431]]],"type":"Polygon"},"properties":{"bbox":{"parking":{"area":426.81,"pct":1.64},"roads":{"area":2739.05,"pct":10.54}},"city_same":1,"id":"hex:3999:24570"},"type":"Feature"},{"geometry":{"coordinates":[[[-121.85463,38.44587],[-121.85519,38.44666],[-121.85634,38.44667],[-121.85692,38.4459],[-121.85636,38.44511],[-121.85522,38.4451],[-121.85463,38.44587]]],"type":"Polygon"},"properties":{"bbox":{"roads":{"area":5125.54,"pct":19.73}},"city":{"roads":{"area":2866.07,"pct":11.03}},"id":"hex:3999:24571"},"type":"Feature"},{"geometry":{"coordinates":[[[-121.85517,38.44822],[-121.85461,38.44743],[-121.85519,38.44666],[-121.85634,38.44667],[-121.8569,38.44746],[-121.85666,38.44777],[-121.85644,38.44792],[-121.85603,38.44823],[-121.85517,38.44822]]],"type":"Polygon"},"properties":{"bbox":{"roads":{"area":5673.22,"pct":22.42}},"city":{"roads":{"area":2321.5,"pct":9.17}},"id":"hex:3999:24572"},"type":"Feature"},{"geometry":{"coordinates":[[[-121.85458,38.44899],[-121.85517,38.44822],[-121.85603,38.44823],[-121.85473,38.4492],[-121.85458,38.44899]]],"type":"Polygon"},"properties":{"bbox":{"roads":{"area":2608.36,"pct":49.35}},"id":"hex:3999:24573"},"type":"Feature"},{"geometry":{"coordinates":[[[-121.85473,38.43963],[-121.85358,38.43962],[-121.85302,38.43883],[-121.85324,38.43855],[-121.8551,38.43856],[-121.85531,38.43886],[-121.85531,38.43886],[-121.85528,38.43886],[-121.85524,38.43889],[-121.8552,38.43896],[-121.8552,38.43901],[-121.85473,38.43963]]],"type":"Polygon"},"properties":{"bbox":{"roads":{"area":688.06,"pct":3.66}},"city_same":1,"id":"hex:4000:24567"},"type":"Feature"},{"geometry":{"coordinates":[[[-121.853,38.44039],[-121.85356,38.44118],[-121.8547,38.44119],[-121.85529,38.44042],[-121.85473,38.43963],[-121.85358,38.43962],[-121.853,38.44039]]],"type":"Polygon"},"properties":{"bbox":{"roads":{"area":2495.31,"pct":9.6}},"city_same":1,"id":"hex:4000:24568"},"type":"Feature"},{"geometry":{"coordinates":[[[-121.85297,38.44195],[-121.85353,38.44274],[-121.85468,38.44275],[-121.85527,38.44198],[-121.8547,38.44119],[-121.85356,38.44118],[-121.85297,38.44195]]],"type":"Polygon"},"properties":{"bbox":{"parking":{"area":189.01,"pct":0.73},"roads":{"area":3261.75,"pct":12.55}},"city_same":1,"id":"hex:4000:24569"},"type":"Feature"},{"geometry":{"coordinates":[[[-121.85295,38.44352],[-121.85351,38.4443],[-121.85466,38.44431],[-121.85524,38.44354],[-121.85468,38.44275],[-121.85353,38.44274],[-121.85295,38.44352]]],"type":"Polygon"},"properties":{"bbox":{"parking":{"area":4624.23,"pct":17.8},"roads":{"area":1844.73,"pct":7.1}},"city_same":1,"id":"hex:4000:24570"},"type":"Feature"},{"geometry":{"coordinates":[[[-121.85292,38.44508],[-121.85348,38.44586],[-121.85463,38.44587],[-121.85522,38.4451],[-121.85466,38.44431],[-121.85351,38.4443],[-121.85292,38.44508]]],"type":"Polygon"},"properties":{"bbox":{"roads":{"area":2203.45,"pct":8.48}},"city":{"roads":{"area":981.91,"pct":3.78}},"id":"hex:4000:24571"},"type":"Feature"},{"geometry":{"coordinates":[[[-121.8529,38.44664],[-121.85346,38.44742],[-121.85461,38.44743],[-121.85519,38.44666],[-121.85463,38.44587],[-121.85348,38.44586],[-121.8529,38.44664]]],"type":"Polygon"},"properties":{"bbox":{"roads":{"area":2542.88,"pct":9.79}},"city":{"roads":{"area":2057.38,"pct":7.92}},"id":"hex:4000:24572"},"type":"Feature"},{"geometry":{"coordinates":[[[-121.85287,38.4482],[-121.85344,38.44898],[-121.85458,38.44899],[-121.85517,38.44822],[-121.85461,38.44743],[-121.85346,38.44742],[-121.85287,38.4482]]],"type":"Polygon"},"properties":{"bbox":{"roads":{"area":2481.76,"pct":9.55}},"city":{"roads":{"area":2159.69,"pct":8.31}},"id":"hex:4000:24573"},"type":"Feature"},{"geometry":{"coordinates":[[[-121.85285,38.44976],[-121.85344,38.44898],[-121.85458,38.44899],[-121.85473,38.4492],[-121.85464,38.44927],[-121.85327,38.45035],[-121.85285,38.44976]]],"type":"Polygon"},"properties":{"bbox":{"roads":{"area":4085.81,"pct":31.08}},"city":{"roads":{"area":175.9,"pct":1.34}},"id":"hex:4000:24574"},"type":"Feature"},{"geometry":{"coordinates":[[[-121.85129,38.4396],[-121.85185,38.44038],[-121.853,38.44039],[-121.85358,38.43962],[-121.85302,38.43883],[-121.85188,38.43882],[-121.85129,38.4396]]],"type":"Polygon"},"properties":{"bbox":{"roads":{"area":2382.51,"pct":9.17},"sidewalks":{"area":380.89,"pct":1.47}},"city_same":1,"id":"hex:4001:24567"},"type":"Feature"},{"geometry":{"coordinates":[[[-121.85127,38.44116],[-121.85183,38.44194],[-121.85297,38.44195],[-121.85356,38.44118],[-121.853,38.44039],[-121.85185,38.44038],[-121.85127,38.44116]]],"type":"Polygon"},"properties":{"bbox":{"parking":{"area":265.46,"pct":1.02},"roads":{"area":2506.53,"pct":9.65},"sidewalks":{"area":1049.03,"pct":4.04}},"city_same":1,"id":"hex:4001:24568"},"type":"Feature"},{"geometry":{"coordinates":[[[-121.85124,38.44272],[-121.8518,38.4435],[-121.85295,38.44352],[-121.85353,38.44274],[-121.85297,38.44195],[-121.85183,38.44194],[-121.85124,38.44272]]],"type":"Polygon"},"properties":{"bbox":{"parking":{"area":280.76,"pct":1.08},"roads":{"area":4274.27,"pct":16.45}},"city_same":1,"id":"hex:4001:24569"},"type":"Feature"},{"geometry":{"coordinates":[[[-121.85122,38.44428],[-121.85178,38.44506],[-121.85292,38.44508],[-121.85351,38.4443],[-121.85295,38.44352],[-121.8518,38.4435],[-121.85122,38.44428]]],"type":"Polygon"},"properties":{"bbox":{"parking":{"area":24.21,"pct":0.09},"roads":{"area":2827.01,"pct":10.88}},"city_same":1,"id":"hex:4001:24570"},"type":"Feature"},{"geometry":{"coordinates":[[[-121.85119,38.44584],[-121.85175,38.44663],[-121.8529,38.44664],[-121.85348,38.44586],[-121.85292,38.44508],[-121.85178,38.44506],[-121.85119,38.44584]]],"type":"Polygon"},"properties":{"bbox":{"roads":{"area":4390.96,"pct":16.9}},"city":{"roads":{"area":1373.32,"pct":5.29}},"id":"hex:4001:24571"},"type":"Feature"},{"geometry":{"coordinates":[[[-121.85117,38.4474],[-121.85173,38.44819],[-121.85287,38.4482],[-121.85346,38.44742],[-121.8529,38.44664],[-121.85175,38.44663],[-121.85117,38.4474]]],"type":"Polygon"},"properties":{"bbox":{"roads":{"area":1368.3,"pct":5.27}},"city_same":1,"id":"hex:4001:24572"},"type":"Feature"},{"geometry":{"coordinates":[[[-121.85114,38.44896],[-121.8517,38.44975],[-121.85285,38.44976],[-121.85344,38.44898],[-121.85287,38.4482],[-121.85173,38.44819],[-121.85114,38.44896]]],"type":"Polygon"},"properties":{"bbox":{"roads":{"area":2735.6,"pct":10.53}},"city_same":1,"id":"hex:4001:24573"},"type":"Feature"},{"geometry":{"coordinates":[[[-121.85168,38.45131],[-121.85112,38.45052],[-121.8517,38.44975],[-121.85285,38.44976],[-121.85327,38.45035],[-121.85233,38.45109],[-121.85204,38.45131],[-121.85168,38.45131]]],"type":"Polygon"},"properties":{"bbox":{"roads":{"area":4317.73,"pct":20.32}},"city":{"roads":{"area":486.93,"pct":2.29}},"id":"hex:4001:24574"},"type":"Feature"},{"geometry":{"coordinates":[[[-121.85168,38.45131],[-121.85204,38.45131],[-121.85116,38.452],[-121.85168,38.45131]]],"type":"Polygon"},"properties":{"bbox":{"roads":{"area":611.89,"pct":49.82}},"id":"hex:4001:24575"},"type":"Feature"},{"geometry":{"coordinates":[[[-121.85017,38.43802],[-121.84961,38.43724],[-121.8502,38.43646],[-121.85031,38.43647],[-121.85027,38.43803],[-121.85017,38.43802]]],"type":"Polygon"},"properties":{"bbox":{"roads":{"area":0.46,"pct":0.01}},"city_same":1,"id":"hex:4002:24566"},"type":"Feature"},{"geometry":{"coordinates":[[[-121.85188,38.43882],[-121.85129,38.4396],[-121.85015,38.43959],[-121.84959,38.4388],[-121.85017,38.43802],[-121.85027,38.43803],[-121.85026,38.43854],[-121.85102,38.43855],[-121.85168,38.43855],[-121.85188,38.43882]]],"type":"Polygon"},"properties":{"bbox":{"roads":{"area":2899.84,"pct":14.62},"sidewalks":{"area":122.79,"pct":0.62}},"city_same":1,"id":"hex:4002:24567"},"type":"Feature"},{"geometry":{"coordinates":[[[-121.84956,38.44036],[-121.85012,38.44115],[-121.85127,38.44116],[-121.85185,38.44038],[-121.85129,38.4396],[-121.85015,38.43959],[-121.84956,38.44036]]],"type":"Polygon"},"properties":{"bbox":{"roads":{"area":4678.27,"pct":18.01},"sidewalks":{"area":203.68,"pct":0.78}},"city_same":1,"id":"hex:4002:24568"},"type":"Feature"},{"geometry":{"coordinates":[[[-121.84954,38.44192],[-121.8501,38.44271],[-121.85124,38.44272],[-121.85183,38.44194],[-121.85127,38.44116],[-121.85012,38.44115],[-121.84954,38.44192]]],"type":"Polygon"},"properties":{"bbox":{"roads":{"area":4865.68,"pct":18.73},"sidewalks":{"area":166.74,"pct":0.64}},"city_same":1,"id":"hex:4002:24569"},"type":"Feature"},{"geometry":{"coordinates":[[[-121.84951,38.44348],[-121.85007,38.44427],[-121.85122,38.44428],[-121.8518,38.4435],[-121.85124,38.44272],[-121.8501,38.44271],[-121.84951,38.44348]]],"type":"Polygon"},"properties":{"bbox":{"roads":{"area":3675.77,"pct":14.15}},"city_same":1,"id":"hex:4002:24570"},"type":"Feature"},{"geometry":{"coordinates":[[[-121.84949,38.44504],[-121.85005,38.44583],[-121.85119,38.44584],[-121.85178,38.44506],[-121.85122,38.44428],[-121.85007,38.44427],[-121.84949,38.44504]]],"type":"Polygon"},"properties":{"bbox":{"roads":{"area":4229.23,"pct":16.28}},"city":{"roads":{"area":3199.9,"pct":12.32}},"id":"hex:4002:24571"},"type":"Feature"},{"geometry":{"coordinates":[[[-121.84946,38.4466],[-121.85002,38.44739],[-121.85117,38.4474],[-121.85175,38.44663],[-121.85119,38.44584],[-121.85005,38.44583],[-121.84946,38.4466]]],"type":"Polygon"},"properties":{"bbox":{"roads":{"area":2135.01,"pct":8.22}},"city":{"roads":{"area":1765.03,"pct":6.79}},"id":"hex:4002:24572"},"type":"Feature"},{"geometry":{"coordinates":[[[-121.84944,38.44816],[-121.85,38.44895],[-121.85114,38.44896],[-121.85173,38.44819],[-121.85117,38.4474],[-121.85002,38.44739],[-121.84944,38.44816]]],"type":"Polygon"},"properties":{"bbox":{"roads":{"area":2901.87,"pct":11.17}},"city_same":1,"id":"hex:4002:24573"},"type":"Feature"},{"geometry":{"coordinates":[[[-121.84941,38.44972],[-121.84997,38.45051],[-121.85112,38.45052],[-121.8517,38.44975],[-121.85114,38.44896],[-121.85,38.44895],[-121.84941,38.44972]]],"type":"Polygon"},"properties":{"bbox":{"roads":{"area":1969.69,"pct":7.58}},"city_same":1,"id":"hex:4002:24574"},"type":"Feature"},{"geometry":{"coordinates":[[[-121.84995,38.45207],[-121.84939,38.45128],[-121.84997,38.45051],[-121.85112,38.45052],[-121.85168,38.45131],[-121.85116,38.452],[-121.85105,38.45208],[-121.84995,38.45207]]],"type":"Polygon"},"properties":{"bbox":{"roads":{"area":3324.17,"pct":12.8}},"city":{"roads":{"area":1087.61,"pct":4.19}},"id":"hex:4002:24575"},"type":"Feature"},{"geometry":{"coordinates":[[[-121.84936,38.45285],[-121.84995,38.45207],[-121.85105,38.45208],[-121.84967,38.45315],[-121.84961,38.45319],[-121.84936,38.45285]]],"type":"Polygon"},"properties":{"bbox":{"roads":{"area":3295,"pct":41.57}},"id":"hex:4002:24576"},"type":"Feature"},{"geometry":{"coordinates":[[[-121.8502,38.43646],[-121.84961,38.43724],[-121.84847,38.43723],[-121.84791,38.43644],[-121.84804,38.43626],[-121.85006,38.43628],[-121.8502,38.43646]]],"type":"Polygon"},"properties":{"bbox":{"roads":{"area":1110.5,"pct":6.6},"sidewalks":{"area":287.56,"pct":1.71}},"city_same":1,"id":"hex:4003:24565"},"type":"Feature"},{"geometry":{"coordinates":[[[-121.84788,38.438],[-121.84844,38.43879],[-121.84959,38.4388],[-121.85017,38.43802],[-121.84961,38.43724],[-121.84847,38.43723],[-121.84788,38.438]]],"type":"Polygon"},"properties":{"bbox":{"roads":{"area":3285.85,"pct":12.65},"sidewalks":{"area":568.14,"pct":2.19}},"city_same":1,"id":"hex:4003:24566"},"type":"Feature"},{"geometry":{"coordinates":[[[-121.84786,38.43956],[-121.84842,38.44035],[-121.84956,38.44036],[-121.85015,38.43959],[-121.84959,38.4388],[-121.84844,38.43879],[-121.84786,38.43956]]],"type":"Polygon"},"properties":{"bbox":{"roads":{"area":1802.14,"pct":6.94}},"city_same":1,"id":"hex:4003:24567"},"type":"Feature"},{"geometry":{"coordinates":[[[-121.84783,38.44112],[-121.84839,38.44191],[-121.84954,38.44192],[-121.85012,38.44115],[-121.84956,38.44036],[-121.84842,38.44035],[-121.84783,38.44112]]],"type":"Polygon"},"properties":{"bbox":{"roads":{"area":2983.87,"pct":11.48}},"city_same":1,"id":"hex:4003:24568"},"type":"Feature"},{"geometry":{"coordinates":[[[-121.84781,38.44268],[-121.84837,38.44347],[-121.84951,38.44348],[-121.8501,38.44271],[-121.84954,38.44192],[-121.84839,38.44191],[-121.84781,38.44268]]],"type":"Polygon"},"properties":{"bbox":{"roads":{"area":229.65,"pct":0.88}},"city_same":1,"id":"hex:4003:24569"},"type":"Feature"},{"geometry":{"coordinates":[[[-121.84776,38.44581],[-121.84832,38.44659],[-121.84946,38.4466],[-121.85005,38.44583],[-121.84949,38.44504],[-121.84834,38.44503],[-121.84776,38.44581]]],"type":"Polygon"},"properties":{"bbox":{"roads":{"area":2222.29,"pct":8.55}},"city":{"roads":{"area":661.6,"pct":2.55}},"id":"hex:4003:24571"},"type":"Feature"},{"geometry":{"coordinates":[[[-121.84773,38.44737],[-121.84829,38.44815],[-121.84944,38.44816],[-121.85002,38.44739],[-121.84946,38.4466],[-121.84832,38.44659],[-121.84773,38.44737]]],"type":"Polygon"},"properties":{"bbox":{"roads":{"area":2442.38,"pct":9.4}},"city_same":1,"id":"hex:4003:24572"},"type":"Feature"},{"geometry":{"coordinates":[[[-121.84771,38.44893],[-121.84827,38.44971],[-121.84941,38.44972],[-121.85,38.44895],[-121.84944,38.44816],[-121.84829,38.44815],[-121.84771,38.44893]]],"type":"Polygon"},"properties":{"bbox":{"roads":{"area":1616.09,"pct":6.22}},"city_same":1,"id":"hex:4003:24573"},"type":"Feature"},{"geometry":{"coordinates":[[[-121.84768,38.45049],[-121.84824,38.45127],[-121.84939,38.45128],[-121.84997,38.45051],[-121.84941,38.44972],[-121.84827,38.44971],[-121.84768,38.45049]]],"type":"Polygon"},"properties":{"bbox":{"roads":{"area":1914.11,"pct":7.37}},"city_same":1,"id":"hex:4003:24574"},"type":"Feature"},{"geometry":{"coordinates":[[[-121.84766,38.45205],[-121.84822,38.45283],[-121.84936,38.45285],[-121.84995,38.45207],[-121.84939,38.45128],[-121.84824,38.45127],[-121.84766,38.45205]]],"type":"Polygon"},"properties":{"bbox":{"roads":{"area":2232.33,"pct":8.59}},"city_same":1,"id":"hex:4003:24575"},"type":"Feature"},{"geometry":{"coordinates":[[[-121.84763,38.45361],[-121.84822,38.45283],[-121.84936,38.45285],[-121.84961,38.45319],[-121.84815,38.45433],[-121.84763,38.45361]]],"type":"Polygon"},"properties":{"bbox":{"roads":{"area":3988.52,"pct":24.77}},"id":"hex:4003:24576"},"type":"Feature"},{"geometry":{"coordinates":[[[-121.84617,38.43721],[-121.84673,38.43799],[-121.84788,38.438],[-121.84847,38.43723],[-121.84791,38.43644],[-121.84676,38.43643],[-121.84617,38.43721]]],"type":"Polygon"},"properties":{"bbox":{"roads":{"area":2412.21,"pct":9.28},"sidewalks":{"area":471.49,"pct":1.81}},"city_same":1,"id":"hex:4004:24566"},"type":"Feature"},{"geometry":{"coordinates":[[[-121.84615,38.43877],[-121.84671,38.43955],[-121.84786,38.43956],[-121.84844,38.43879],[-121.84788,38.438],[-121.84673,38.43799],[-121.84615,38.43877]]],"type":"Polygon"},"properties":{"bbox":{"roads":{"area":3420.58,"pct":13.17},"sidewalks":{"area":262.9,"pct":1.01}},"city_same":1,"id":"hex:4004:24567"},"type":"Feature"},{"geometry":{"coordinates":[[[-121.84612,38.44033],[-121.84669,38.44111],[-121.84783,38.44112],[-121.84842,38.44035],[-121.84786,38.43956],[-121.84671,38.43955],[-121.84612,38.44033]]],"type":"Polygon"},"properties":{"bbox":{"roads":{"area":2061.78,"pct":7.94}},"city_same":1,"id":"hex:4004:24568"},"type":"Feature"},{"geometry":{"coordinates":[[[-121.8461,38.44189],[-121.84666,38.44267],[-121.84781,38.44268],[-121.84839,38.44191],[-121.84783,38.44112],[-121.84669,38.44111],[-121.8461,38.44189]]],"type":"Polygon"},"properties":{"bbox":{"roads":{"area":1185.34,"pct":4.56}},"city_same":1,"id":"hex:4004:24569"},"type":"Feature"},{"geometry":{"coordinates":[[[-121.84607,38.44345],[-121.84664,38.44423],[-121.84778,38.44424],[-121.84837,38.44347],[-121.84781,38.44268],[-121.84666,38.44267],[-121.84607,38.44345]]],"type":"Polygon"},"properties":{"bbox":{"roads":{"area":85.28,"pct":0.33}},"city_same":1,"id":"hex:4004:24570"},"type":"Feature"},{"geometry":{"coordinates":[[[-121.84605,38.44501],[-121.84661,38.44579],[-121.84776,38.44581],[-121.84834,38.44503],[-121.84778,38.44424],[-121.84664,38.44423],[-121.84605,38.44501]]],"type":"Polygon"},"properties":{"bbox":{"roads":{"area":742.7,"pct":2.86}},"city":{"roads":{"area":88.11,"pct":0.34}},"id":"hex:4004:24571"},"type":"Feature"},{"geometry":{"coordinates":[[[-121.84603,38.44657],[-121.84659,38.44735],[-121.84773,38.44737],[-121.84832,38.44659],[-121.84776,38.44581],[-121.84661,38.44579],[-121.84603,38.44657]]],"type":"Polygon"},"properties":{"bbox":{"roads":{"area":1564.82,"pct":6.02}},"city":{"roads":{"area":1394.5,"pct":5.37}},"id":"hex:4004:24572"},"type":"Feature"},{"geometry":{"coordinates":[[[-121.846,38.44813],[-121.84656,38.44892],[-121.84771,38.44893],[-121.84829,38.44815],[-121.84773,38.44737],[-121.84659,38.44735],[-121.846,38.44813]]],"type":"Polygon"},"properties":{"bbox":{"roads":{"area":1507.7,"pct":5.8}},"city_same":1,"id":"hex:4004:24573"},"type":"Feature"},{"geometry":{"coordinates":[[[-121.84598,38.44969],[-121.84654,38.45048],[-121.84768,38.45049],[-121.84827,38.44971],[-121.84771,38.44893],[-121.84656,38.44892],[-121.84598,38.44969]]],"type":"Polygon"},"properties":{"bbox":{"roads":{"area":2451.65,"pct":9.44}},"city_same":1,"id":"hex:4004:24574"},"type":"Feature"},{"geometry":{"coordinates":[[[-121.84595,38.45125],[-121.84651,38.45204],[-121.84766,38.45205],[-121.84824,38.45127],[-121.84768,38.45049],[-121.84654,38.45048],[-121.84595,38.45125]]],"type":"Polygon"},"properties":{"bbox":{"roads":{"area":1319.65,"pct":5.08}},"city_same":1,"id":"hex:4004:24575"},"type":"Feature"},{"geometry":{"coordinates":[[[-121.84593,38.45281],[-121.84649,38.4536],[-121.84763,38.45361],[-121.84822,38.45283],[-121.84766,38.45205],[-121.84651,38.45204],[-121.84593,38.45281]]],"type":"Polygon"},"properties":{"bbox":{"roads":{"area":2663.96,"pct":10.25}},"city_same":1,"id":"hex:4004:24576"},"type":"Feature"},{"geometry":{"coordinates":[[[-121.84646,38.45516],[-121.8459,38.45437],[-121.84649,38.4536],[-121.84763,38.45361],[-121.84815,38.45433],[-121.84706,38.45516],[-121.84646,38.45516]]],"type":"Polygon"},"properties":{"bbox":{"roads":{"area":4103.43,"pct":17.54}},"city":{"roads":{"area":586.89,"pct":2.51}},"id":"hex:4004:24577"},"type":"Feature"},{"geometry":{"coordinates":[[[-121.84588,38.45593],[-121.84646,38.45516],[-121.84706,38.45516],[-121.8461,38.45591],[-121.84595,38.45603],[-121.84588,38.45593]]],"type":"Polygon"},"properties":{"bbox":{"roads":{"area":1686.04,"pct":54.53}},"id":"hex:4004:24578"},"type":"Feature"},{"geometry":{"coordinates":[[[-121.84676,38.43643],[-121.84617,38.43721],[-121.84503,38.43719],[-121.84447,38.43641],[-121.84461,38.43622],[-121.84663,38.43624],[-121.84676,38.43643]]],"type":"Polygon"},"properties":{"bbox":{"roads":{"area":940.34,"pct":5.58},"sidewalks":{"area":512.71,"pct":3.04}},"city_same":1,"id":"hex:4005:24565"},"type":"Feature"},{"geometry":{"coordinates":[[[-121.84444,38.43797],[-121.845,38.43875],[-121.84615,38.43877],[-121.84673,38.43799],[-121.84617,38.43721],[-121.84503,38.43719],[-121.84444,38.43797]]],"type":"Polygon"},"properties":{"bbox":{"roads":{"area":2233.83,"pct":8.6},"sidewalks":{"area":403.86,"pct":1.55}},"city_same":1,"id":"hex:4005:24566"},"type":"Feature"},{"geometry":{"coordinates":[[[-121.84442,38.43953],[-121.84498,38.44032],[-121.84612,38.44033],[-121.84671,38.43955],[-121.84615,38.43877],[-121.845,38.43875],[-121.84442,38.43953]]],"type":"Polygon"},"properties":{"bbox":{"roads":{"area":1917.91,"pct":7.38}},"city_same":1,"id":"hex:4005:24567"},"type":"Feature"},{"geometry":{"coordinates":[[[-121.84439,38.44109],[-121.84495,38.44188],[-121.8461,38.44189],[-121.84669,38.44111],[-121.84612,38.44033],[-121.84498,38.44032],[-121.84439,38.44109]]],"type":"Polygon"},"properties":{"bbox":{"roads":{"area":2482.49,"pct":9.56}},"city_same":1,"id":"hex:4005:24568"},"type":"Feature"},{"geometry":{"coordinates":[[[-121.84437,38.44265],[-121.84493,38.44344],[-121.84607,38.44345],[-121.84666,38.44267],[-121.8461,38.44189],[-121.84495,38.44188],[-121.84437,38.44265]]],"type":"Polygon"},"properties":{"bbox":{"roads":{"area":1397.11,"pct":5.38}},"city_same":1,"id":"hex:4005:24569"},"type":"Feature"},{"geometry":{"coordinates":[[[-121.84434,38.44421],[-121.8449,38.445],[-121.84605,38.44501],[-121.84664,38.44423],[-121.84607,38.44345],[-121.84493,38.44344],[-121.84434,38.44421]]],"type":"Polygon"},"properties":{"bbox":{"roads":{"area":2496.06,"pct":9.61}},"city_same":1,"id":"hex:4005:24570"},"type":"Feature"},{"geometry":{"coordinates":[[[-121.84432,38.44577],[-121.84488,38.44656],[-121.84603,38.44657],[-121.84661,38.44579],[-121.84605,38.44501],[-121.8449,38.445],[-121.84432,38.44577]]],"type":"Polygon"},"properties":{"bbox":{"roads":{"area":2636.15,"pct":10.15}},"city":{"roads":{"area":1080.72,"pct":4.16}},"id":"hex:4005:24571"},"type":"Feature"},{"geometry":{"coordinates":[[[-121.84429,38.44733],[-121.84485,38.44812],[-121.846,38.44813],[-121.84659,38.44735],[-121.84603,38.44657],[-121.84488,38.44656],[-121.84429,38.44733]]],"type":"Polygon"},"properties":{"bbox":{"roads":{"area":2027.79,"pct":7.8}},"city_same":1,"id":"hex:4005:24572"},"type":"Feature"},{"geometry":{"coordinates":[[[-121.84427,38.44889],[-121.84483,38.44968],[-121.84598,38.44969],[-121.84656,38.44892],[-121.846,38.44813],[-121.84485,38.44812],[-121.84427,38.44889]]],"type":"Polygon"},"properties":{"bbox":{"roads":{"area":91.51,"pct":0.35}},"city_same":1,"id":"hex:4005:24573"},"type":"Feature"},{"geometry":{"coordinates":[[[-121.84424,38.45045],[-121.8448,38.45124],[-121.84595,38.45125],[-121.84654,38.45048],[-121.84598,38.44969],[-121.84483,38.44968],[-121.84424,38.45045]]],"type":"Polygon"},"properties":{"bbox":{"roads":{"area":1575.81,"pct":6.07}},"city_same":1,"id":"hex:4005:24574"},"type":"Feature"},{"geometry":{"coordinates":[[[-121.84422,38.45201],[-121.84478,38.4528],[-121.84593,38.45281],[-121.84651,38.45204],[-121.84595,38.45125],[-121.8448,38.45124],[-121.84422,38.45201]]],"type":"Polygon"},"properties":{"bbox":{"roads":{"area":1183.99,"pct":4.56},"sidewalks":{"area":205.01,"pct":0.79}},"city_same":1,"id":"hex:4005:24575"},"type":"Feature"},{"geometry":{"coordinates":[[[-121.84419,38.45357],[-121.84476,38.45436],[-121.8459,38.45437],[-121.84649,38.4536],[-121.84593,38.45281],[-121.84478,38.4528],[-121.84419,38.45357]]],"type":"Polygon"},"properties":{"bbox":{"roads":{"area":1620.55,"pct":6.24}},"city_same":1,"id":"hex:4005:24576"},"type":"Feature"},{"geometry":{"coordinates":[[[-121.84417,38.45514],[-121.84473,38.45592],[-121.84588,38.45593],[-121.84646,38.45516],[-121.8459,38.45437],[-121.84476,38.45436],[-121.84417,38.45514]]],"type":"Polygon"},"properties":{"bbox":{"parking":{"area":822.89,"pct":3.17},"roads":{"area":1975.25,"pct":7.6}},"city":{"parking":{"area":822.89,"pct":3.17},"roads":{"area":919.82,"pct":3.54}},"id":"hex:4005:24577"},"type":"Feature"},{"geometry":{"coordinates":[[[-121.84414,38.4567],[-121.84473,38.45592],[-121.84588,38.45593],[-121.84595,38.45603],[-121.84448,38.45717],[-121.84414,38.4567]]],"type":"Polygon"},"properties":{"bbox":{"parking":{"area":150.06,"pct":1.41},"roads":{"area":4059.74,"pct":38.27}},"city":{"parking":{"area":150.06,"pct":1.41},"roads":{"area":343.24,"pct":3.24}},"id":"hex:4005:24578"},"type":"Feature"},{"geometry":{"coordinates":[[[-121.84274,38.43717],[-121.8433,38.43796],[-121.84444,38.43797],[-121.84503,38.43719],[-121.84447,38.43641],[-121.84332,38.4364],[-121.84274,38.43717]]],"type":"Polygon"},"properties":{"bbox":{"roads":{"area":2830.55,"pct":10.89},"sidewalks":{"area":1551.23,"pct":5.97}},"city_same":1,"id":"hex:4006:24566"},"type":"Feature"},{"geometry":{"coordinates":[[[-121.84271,38.43873],[-121.84327,38.43952],[-121.84442,38.43953],[-121.845,38.43875],[-121.84444,38.43797],[-121.8433,38.43796],[-121.84271,38.43873]]],"type":"Polygon"},"properties":{"bbox":{"roads":{"area":2955.3,"pct":11.37},"sidewalks":{"area":526.6,"pct":2.03}},"city_same":1,"id":"hex:4006:24567"},"type":"Feature"},{"geometry":{"coordinates":[[[-121.84269,38.44029],[-121.84325,38.44108],[-121.84439,38.44109],[-121.84498,38.44032],[-121.84442,38.43953],[-121.84327,38.43952],[-121.84269,38.44029]]],"type":"Polygon"},"properties":{"bbox":{"roads":{"area":1932.18,"pct":7.44},"sidewalks":{"area":133.67,"pct":0.51}},"city_same":1,"id":"hex:4006:24568"},"type":"Feature"},{"geometry":{"coordinates":[[[-121.84266,38.44185],[-121.84322,38.44264],[-121.84437,38.44265],[-121.84495,38.44188],[-121.84439,38.44109],[-121.84325,38.44108],[-121.84266,38.44185]]],"type":"Polygon"},"properties":{"bbox":{"roads":{"area":2744.54,"pct":10.56}},"city_same":1,"id":"hex:4006:24569"},"type":"Feature"},{"geometry":{"coordinates":[[[-121.84264,38.44341],[-121.8432,38.4442],[-121.84434,38.44421],[-121.84493,38.44344],[-121.84437,38.44265],[-121.84322,38.44264],[-121.84264,38.44341]]],"type":"Polygon"},"properties":{"bbox":{"roads":{"area":2039.03,"pct":7.85}},"city_same":1,"id":"hex:4006:24570"},"type":"Feature"},{"geometry":{"coordinates":[[[-121.84261,38.44497],[-121.84317,38.44576],[-121.84432,38.44577],[-121.8449,38.445],[-121.84434,38.44421],[-121.8432,38.4442],[-121.84261,38.44497]]],"type":"Polygon"},"properties":{"bbox":{"roads":{"area":1405.81,"pct":5.41}},"city":{"roads":{"area":807,"pct":3.11}},"id":"hex:4006:24571"},"type":"Feature"},{"geometry":{"coordinates":[[[-121.84259,38.44653],[-121.84315,38.44732],[-121.84429,38.44733],[-121.84488,38.44656],[-121.84432,38.44577],[-121.84317,38.44576],[-121.84259,38.44653]]],"type":"Polygon"},"properties":{"bbox":{"roads":{"area":1940.36,"pct":7.47}},"city":{"roads":{"area":1716.81,"pct":6.61}},"id":"hex:4006:24572"},"type":"Feature"},{"geometry":{"coordinates":[[[-121.84256,38.4481],[-121.84312,38.44888],[-121.84427,38.44889],[-121.84485,38.44812],[-121.84429,38.44733],[-121.84315,38.44732],[-121.84256,38.4481]]],"type":"Polygon"},"properties":{"bbox":{"roads":{"area":2948.26,"pct":11.35}},"city_same":1,"id":"hex:4006:24573"},"type":"Feature"},{"geometry":{"coordinates":[[[-121.84254,38.44966],[-121.8431,38.45044],[-121.84424,38.45045],[-121.84483,38.44968],[-121.84427,38.44889],[-121.84312,38.44888],[-121.84254,38.44966]]],"type":"Polygon"},"properties":{"bbox":{"roads":{"area":2737.22,"pct":10.54}},"city_same":1,"id":"hex:4006:24574"},"type":"Feature"},{"geometry":{"coordinates":[[[-121.84251,38.45122],[-121.84307,38.452],[-121.84422,38.45201],[-121.8448,38.45124],[-121.84424,38.45045],[-121.8431,38.45044],[-121.84251,38.45122]]],"type":"Polygon"},"properties":{"bbox":{"roads":{"area":2103.73,"pct":8.1}},"city_same":1,"id":"hex:4006:24575"},"type":"Feature"},{"geometry":{"coordinates":[[[-121.84249,38.45278],[-121.84305,38.45356],[-121.84419,38.45357],[-121.84478,38.4528],[-121.84422,38.45201],[-121.84307,38.452],[-121.84249,38.45278]]],"type":"Polygon"},"properties":{"bbox":{"roads":{"area":2877.86,"pct":11.08}},"city_same":1,"id":"hex:4006:24576"},"type":"Feature"},{"geometry":{"coordinates":[[[-121.84246,38.45434],[-121.84302,38.45512],[-121.84417,38.45514],[-121.84476,38.45436],[-121.84419,38.45357],[-121.84305,38.45356],[-121.84246,38.45434]]],"type":"Polygon"},"properties":{"bbox":{"roads":{"area":1636.21,"pct":6.3}},"city_same":1,"id":"hex:4006:24577"},"type":"Feature"},{"geometry":{"coordinates":[[[-121.84244,38.4559],[-121.843,38.45668],[-121.84414,38.4567],[-121.84473,38.45592],[-121.84417,38.45514],[-121.84302,38.45512],[-121.84244,38.4559]]],"type":"Polygon"},"properties":{"bbox":{"parking":{"area":2560.29,"pct":9.85},"roads":{"area":3222.98,"pct":12.41},"sidewalks":{"area":706.96,"pct":2.72}},"city_same":1,"id":"hex:4006:24578"},"type":"Feature"},{"geometry":{"coordinates":[[[-121.84297,38.45825],[-121.84241,38.45746],[-121.843,38.45668],[-121.84414,38.4567],[-121.84448,38.45717],[-121.84405,38.45751],[-121.8431,38.45825],[-121.84297,38.45825]]],"type":"Polygon"},"properties":{"bbox":{"parking":{"area":1804.25,"pct":9.57},"roads":{"area":6234.35,"pct":33.08},"sidewalks":{"area":87.7,"pct":0.47}},"city":{"parking":{"area":1804.25,"pct":9.57},"roads":{"area":1617.19,"pct":8.58},"sidewalks":{"area":87.7,"pct":0.47}},"id":"hex:4006:24579"},"type":"Feature"},{"geometry":{"coordinates":[[[-121.84297,38.45825],[-121.8431,38.45825],[-121.8428,38.45848],[-121.84297,38.45825]]],"type":"Polygon"},"properties":{"bbox":{"roads":{"area":35.07,"pct":24.82}},"id":"hex:4006:24580"},"type":"Feature"},{"geometry":{"coordinates":[[[-121.84332,38.4364],[-121.84274,38.43717],[-121.84159,38.43716],[-121.84103,38.43637],[-121.84117,38.43619],[-121.84319,38.43621],[-121.84332,38.4364]]],"type":"Polygon"},"properties":{"bbox":{"roads":{"area":1053.08,"pct":6.24},"sidewalks":{"area":581.05,"pct":3.44}},"city_same":1,"id":"hex:4007:24565"},"type":"Feature"},{"geometry":{"coordinates":[[[-121.84101,38.43793],[-121.84157,38.43872],[-121.84271,38.43873],[-121.8433,38.43796],[-121.84274,38.43717],[-121.84159,38.43716],[-121.84101,38.43793]]],"type":"Polygon"},"properties":{"bbox":{"roads":{"area":2976.71,"pct":11.46},"sidewalks":{"area":1498.13,"pct":5.77}},"city_same":1,"id":"hex:4007:24566"},"type":"Feature"},{"geometry":{"coordinates":[[[-121.84098,38.4395],[-121.84154,38.44028],[-121.84269,38.44029],[-121.84327,38.43952],[-121.84271,38.43873],[-121.84157,38.43872],[-121.84098,38.4395]]],"type":"Polygon"},"properties":{"bbox":{"roads":{"area":2331.82,"pct":8.98},"sidewalks":{"area":326.56,"pct":1.26}},"city_same":1,"id":"hex:4007:24567"},"type":"Feature"},{"geometry":{"coordinates":[[[-121.84096,38.44106],[-121.84152,38.44184],[-121.84266,38.44185],[-121.84325,38.44108],[-121.84269,38.44029],[-121.84154,38.44028],[-121.84096,38.44106]]],"type":"Polygon"},"properties":{"bbox":{"roads":{"area":3334.2,"pct":12.83}},"city_same":1,"id":"hex:4007:24568"},"type":"Feature"},{"geometry":{"coordinates":[[[-121.84093,38.44262],[-121.84149,38.4434],[-121.84264,38.44341],[-121.84322,38.44264],[-121.84266,38.44185],[-121.84152,38.44184],[-121.84093,38.44262]]],"type":"Polygon"},"properties":{"bbox":{"roads":{"area":2924.35,"pct":11.26}},"city_same":1,"id":"hex:4007:24569"},"type":"Feature"},{"geometry":{"coordinates":[[[-121.84091,38.44418],[-121.84147,38.44496],[-121.84261,38.44497],[-121.8432,38.4442],[-121.84264,38.44341],[-121.84149,38.4434],[-121.84091,38.44418]]],"type":"Polygon"},"properties":{"bbox":{"roads":{"area":2452.74,"pct":9.44}},"city_same":1,"id":"hex:4007:24570"},"type":"Feature"},{"geometry":{"coordinates":[[[-121.84088,38.44574],[-121.84144,38.44652],[-121.84259,38.44653],[-121.84317,38.44576],[-121.84261,38.44497],[-121.84147,38.44496],[-121.84088,38.44574]]],"type":"Polygon"},"properties":{"bbox":{"roads":{"area":3253.45,"pct":12.52}},"city":{"roads":{"area":1137.56,"pct":4.38}},"id":"hex:4007:24571"},"type":"Feature"},{"geometry":{"coordinates":[[[-121.84086,38.4473],[-121.84142,38.44808],[-121.84256,38.4481],[-121.84315,38.44732],[-121.84259,38.44653],[-121.84144,38.44652],[-121.84086,38.4473]]],"type":"Polygon"},"properties":{"bbox":{"roads":{"area":2857.62,"pct":11}},"city":{"roads":{"area":2138.75,"pct":8.23}},"id":"hex:4007:24572"},"type":"Feature"},{"geometry":{"coordinates":[[[-121.84083,38.44886],[-121.84139,38.44964],[-121.84254,38.44966],[-121.84312,38.44888],[-121.84256,38.4481],[-121.84142,38.44808],[-121.84083,38.44886]]],"type":"Polygon"},"properties":{"bbox":{"roads":{"area":2483.25,"pct":9.56}},"city":{"roads":{"area":1640.65,"pct":6.31}},"id":"hex:4007:24573"},"type":"Feature"},{"geometry":{"coordinates":[[[-121.84081,38.45042],[-121.84137,38.45121],[-121.84251,38.45122],[-121.8431,38.45044],[-121.84254,38.44966],[-121.84139,38.44964],[-121.84081,38.45042]]],"type":"Polygon"},"properties":{"bbox":{"roads":{"area":2588.23,"pct":9.96}},"city":{"roads":{"area":1714.07,"pct":6.6}},"id":"hex:4007:24574"},"type":"Feature"},{"geometry":{"coordinates":[[[-121.84078,38.45198],[-121.84134,38.45277],[-121.84249,38.45278],[-121.84307,38.452],[-121.84251,38.45122],[-121.84137,38.45121],[-121.84078,38.45198]]],"type":"Polygon"},"properties":{"bbox":{"roads":{"area":2715.85,"pct":10.45}},"city":{"roads":{"area":1785.88,"pct":6.87}},"id":"hex:4007:24575"},"type":"Feature"},{"geometry":{"coordinates":[[[-121.84076,38.45354],[-121.84132,38.45433],[-121.84246,38.45434],[-121.84305,38.45356],[-121.84249,38.45278],[-121.84134,38.45277],[-121.84076,38.45354]]],"type":"Polygon"},"properties":{"bbox":{"roads":{"area":3428.54,"pct":13.2}},"city":{"roads":{"area":2366.38,"pct":9.11}},"id":"hex:4007:24576"},"type":"Feature"},{"geometry":{"coordinates":[[[-121.84073,38.4551],[-121.84129,38.45589],[-121.84244,38.4559],[-121.84302,38.45512],[-121.84246,38.45434],[-121.84132,38.45433],[-121.84073,38.4551]]],"type":"Polygon"},"properties":{"bbox":{"parking":{"area":382.92,"pct":1.47},"roads":{"area":4366.87,"pct":16.81},"sidewalks":{"area":725.87,"pct":2.79}},"city":{"parking":{"area":382.92,"pct":1.47},"roads":{"area":3297.35,"pct":12.69},"sidewalks":{"area":725.87,"pct":2.79}},"id":"hex:4007:24577"},"type":"Feature"},{"geometry":{"coordinates":[[[-121.84071,38.45666],[-121.84127,38.45745],[-121.84241,38.45746],[-121.843,38.45668],[-121.84244,38.4559],[-121.84129,38.45589],[-121.84071,38.45666]]],"type":"Polygon"},"properties":{"bbox":{"parking":{"area":1431.21,"pct":5.51},"roads":{"area":5635.94,"pct":21.69},"sidewalks":{"area":656.32,"pct":2.53}},"city":{"parking":{"area":1431.21,"pct":5.51},"roads":{"area":4914.35,"pct":18.92},"sidewalks":{"area":656.32,"pct":2.53}},"id":"hex:4007:24578"},"type":"Feature"},{"geometry":{"coordinates":[[[-121.84124,38.45901],[-121.84068,38.45822],[-121.84127,38.45745],[-121.84241,38.45746],[-121.84297,38.45825],[-121.8428,38.45848],[-121.84211,38.45902],[-121.84124,38.45901]]],"type":"Polygon"},"properties":{"bbox":{"roads":{"area":6582,"pct":26.08},"sidewalks":{"area":43.64,"pct":0.17}},"city":{"roads":{"area":1710.04,"pct":6.77},"sidewalks":{"area":43.64,"pct":0.17}},"id":"hex:4007:24579"},"type":"Feature"},{"geometry":{"coordinates":[[[-121.84066,38.45978],[-121.84124,38.45901],[-121.84211,38.45902],[-121.84203,38.45908],[-121.84099,38.45991],[-121.84098,38.46024],[-121.84066,38.45978]]],"type":"Polygon"},"properties":{"bbox":{"roads":{"area":3603.89,"pct":61.2}},"id":"hex:4007:24580"},"type":"Feature"},{"geometry":{"coordinates":[[[-121.84097,38.4609],[-121.84096,38.46132],[-121.84064,38.46133],[-121.84097,38.4609]]],"type":"Polygon"},"properties":{"bbox":{"roads":{"area":394.13,"pct":61.78}},"city":{"roads":{"area":41.32,"pct":6.48}},"id":"hex:4007:24581"},"type":"Feature"},{"geometry":{"coordinates":[[[-121.84118,38.42701],[-121.84004,38.427],[-121.83948,38.42621],[-121.83963,38.42601],[-121.84127,38.42602],[-121.84127,38.42647],[-121.84125,38.42691],[-121.84118,38.42701]]],"type":"Polygon"},"properties":{"bbox":{"roads":{"area":1571.55,"pct":10.63}},"city_same":1,"id":"hex:4008:24559"},"type":"Feature"},{"geometry":{"coordinates":[[[-121.84001,38.42856],[-121.83945,38.42777],[-121.84004,38.427],[-121.84118,38.42701],[-121.84125,38.4271],[-121.84125,38.42712],[-121.8411,38.42729],[-121.84104,38.42804],[-121.84052,38.42856],[-121.84001,38.42856]]],"type":"Polygon"},"properties":{"bbox":{"roads":{"area":1431.13,"pct":7.54}},"city_same":1,"id":"hex:4008:24560"},"type":"Feature"},{"geometry":{"coordinates":[[[-121.83943,38.42933],[-121.84001,38.42856],[-121.84052,38.42856],[-121.84027,38.42882],[-121.8396,38.42957],[-121.83943,38.42933]]],"type":"Polygon"},"properties":{"bbox":{"roads":{"area":929.09,"pct":24.98}},"city_same":1,"id":"hex:4008:24561"},"type":"Feature"},{"geometry":{"coordinates":[[[-121.83994,38.43324],[-121.83974,38.43296],[-121.84105,38.43298],[-121.84104,38.43325],[-121.83994,38.43324]]],"type":"Polygon"},"properties":{"bbox":{"parking":{"area":185.13,"pct":5.77},"roads":{"area":717.86,"pct":22.38}},"city_same":1,"id":"hex:4008:24563"},"type":"Feature"},{"geometry":{"coordinates":[[[-121.83991,38.4348],[-121.83935,38.43402],[-121.83994,38.43324],[-121.84104,38.43325],[-121.841,38.43481],[-121.83991,38.4348]]],"type":"Polygon"},"properties":{"bbox":{"parking":{"area":52.99,"pct":0.25},"roads":{"area":202.77,"pct":0.97}},"city_same":1,"id":"hex:4008:24564"},"type":"Feature"},{"geometry":{"coordinates":[[[-121.84103,38.43637],[-121.83989,38.43636],[-121.83933,38.43558],[-121.83991,38.4348],[-121.841,38.43481],[-121.84097,38.43619],[-121.84117,38.43619],[-121.84103,38.43637]]],"type":"Polygon"},"properties":{"bbox":{"roads":{"area":213.46,"pct":1.02}},"city_same":1,"id":"hex:4008:24565"},"type":"Feature"},{"geometry":{"coordinates":[[[-121.8393,38.43714],[-121.83986,38.43792],[-121.84101,38.43793],[-121.84159,38.43716],[-121.84103,38.43637],[-121.83989,38.43636],[-121.8393,38.43714]]],"type":"Polygon"},"properties":{"bbox":{"roads":{"area":3185.55,"pct":12.26},"sidewalks":{"area":729,"pct":2.81}},"city_same":1,"id":"hex:4008:24566"},"type":"Feature"},{"geometry":{"coordinates":[[[-121.83928,38.4387],[-121.83984,38.43948],[-121.84098,38.4395],[-121.84157,38.43872],[-121.84101,38.43793],[-121.83986,38.43792],[-121.83928,38.4387]]],"type":"Polygon"},"properties":{"bbox":{"roads":{"area":3264.61,"pct":12.57},"sidewalks":{"area":1374.37,"pct":5.29}},"city_same":1,"id":"hex:4008:24567"},"type":"Feature"},{"geometry":{"coordinates":[[[-121.83925,38.44026],[-121.83981,38.44104],[-121.84096,38.44106],[-121.84154,38.44028],[-121.84098,38.4395],[-121.83984,38.43948],[-121.83925,38.44026]]],"type":"Polygon"},"properties":{"bbox":{"roads":{"area":3425.12,"pct":13.18},"sidewalks":{"area":256.42,"pct":0.99}},"city_same":1,"id":"hex:4008:24568"},"type":"Feature"},{"geometry":{"coordinates":[[[-121.83923,38.44182],[-121.83979,38.44261],[-121.84093,38.44262],[-121.84152,38.44184],[-121.84096,38.44106],[-121.83981,38.44104],[-121.83923,38.44182]]],"type":"Polygon"},"properties":{"bbox":{"roads":{"area":3777.54,"pct":14.54}},"city_same":1,"id":"hex:4008:24569"},"type":"Feature"},{"geometry":{"coordinates":[[[-121.8392,38.44338],[-121.83976,38.44417],[-121.84091,38.44418],[-121.84149,38.4434],[-121.84093,38.44262],[-121.83979,38.44261],[-121.8392,38.44338]]],"type":"Polygon"},"properties":{"bbox":{"roads":{"area":4343.49,"pct":16.72}},"city_same":1,"id":"hex:4008:24570"},"type":"Feature"},{"geometry":{"coordinates":[[[-121.83918,38.44494],[-121.83974,38.44573],[-121.84088,38.44574],[-121.84147,38.44496],[-121.84091,38.44418],[-121.83976,38.44417],[-121.83918,38.44494]]],"type":"Polygon"},"properties":{"bbox":{"roads":{"area":3663.96,"pct":14.1}},"city":{"roads":{"area":2766.22,"pct":10.65}},"id":"hex:4008:24571"},"type":"Feature"},{"geometry":{"coordinates":[[[-121.83915,38.4465],[-121.83971,38.44729],[-121.84086,38.4473],[-121.84144,38.44652],[-121.84088,38.44574],[-121.83974,38.44573],[-121.83915,38.4465]]],"type":"Polygon"},"properties":{"bbox":{"roads":{"area":3943.87,"pct":15.18}},"city":{"roads":{"area":1084.18,"pct":4.17}},"id":"hex:4008:24572"},"type":"Feature"},{"geometry":{"coordinates":[[[-121.83913,38.44806],[-121.83969,38.44885],[-121.84083,38.44886],[-121.84142,38.44808],[-121.84086,38.4473],[-121.83971,38.44729],[-121.83913,38.44806]]],"type":"Polygon"},"properties":{"bbox":{"roads":{"area":3382.56,"pct":13.02}},"city":{"roads":{"area":1455.34,"pct":5.6}},"id":"hex:4008:24573"},"type":"Feature"},{"geometry":{"coordinates":[[[-121.8391,38.44962],[-121.83966,38.45041],[-121.84081,38.45042],[-121.84139,38.44964],[-121.84083,38.44886],[-121.83969,38.44885],[-121.8391,38.44962]]],"type":"Polygon"},"properties":{"bbox":{"roads":{"area":2694.44,"pct":10.37}},"city":{"roads":{"area":873.04,"pct":3.36}},"id":"hex:4008:24574"},"type":"Feature"},{"geometry":{"coordinates":[[[-121.83908,38.45118],[-121.83964,38.45197],[-121.84078,38.45198],[-121.84137,38.45121],[-121.84081,38.45042],[-121.83966,38.45041],[-121.83908,38.45118]]],"type":"Polygon"},"properties":{"bbox":{"roads":{"area":3200.04,"pct":12.32}},"city":{"roads":{"area":1457.83,"pct":5.61}},"id":"hex:4008:24575"},"type":"Feature"},{"geometry":{"coordinates":[[[-121.83905,38.45274],[-121.83961,38.45353],[-121.84076,38.45354],[-121.84134,38.45277],[-121.84078,38.45198],[-121.83964,38.45197],[-121.83905,38.45274]]],"type":"Polygon"},"properties":{"bbox":{"roads":{"area":3249.51,"pct":12.51}},"city":{"roads":{"area":1599.71,"pct":6.16}},"id":"hex:4008:24576"},"type":"Feature"},{"geometry":{"coordinates":[[[-121.83903,38.4543],[-121.83959,38.45509],[-121.84073,38.4551],[-121.84132,38.45433],[-121.84076,38.45354],[-121.83961,38.45353],[-121.83903,38.4543]]],"type":"Polygon"},"properties":{"bbox":{"roads":{"area":3329.24,"pct":12.81},"sidewalks":{"area":0.17,"pct":0}},"city":{"roads":{"area":1785.52,"pct":6.87},"sidewalks":{"area":0.17,"pct":0}},"id":"hex:4008:24577"},"type":"Feature"},{"geometry":{"coordinates":[[[-121.839,38.45586],[-121.83956,38.45665],[-121.84071,38.45666],[-121.84129,38.45589],[-121.84073,38.4551],[-121.83959,38.45509],[-121.839,38.45586]]],"type":"Polygon"},"properties":{"bbox":{"parking":{"area":640.5,"pct":2.47},"roads":{"area":3722.58,"pct":14.33},"sidewalks":{"area":90.25,"pct":0.35}},"city":{"parking":{"area":640.5,"pct":2.47},"roads":{"area":2964.73,"pct":11.41},"sidewalks":{"area":90.25,"pct":0.35}},"id":"hex:4008:24578"},"type":"Feature"},{"geometry":{"coordinates":[[[-121.83898,38.45743],[-121.83954,38.45821],[-121.84068,38.45822],[-121.84127,38.45745],[-121.84071,38.45666],[-121.83956,38.45665],[-121.83898,38.45743]]],"type":"Polygon"},"properties":{"bbox":{"parking":{"area":7884.32,"pct":30.35},"roads":{"area":6354.67,"pct":24.46},"sidewalks":{"area":218.89,"pct":0.84}},"city":{"parking":{"area":7884.32,"pct":30.35},"roads":{"area":4973.35,"pct":19.14},"sidewalks":{"area":218.89,"pct":0.84}},"id":"hex:4008:24579"},"type":"Feature"},{"geometry":{"coordinates":[[[-121.83895,38.45899],[-121.83951,38.45977],[-121.84066,38.45978],[-121.84124,38.45901],[-121.84068,38.45822],[-121.83954,38.45821],[-121.83895,38.45899]]],"type":"Polygon"},"properties":{"bbox":{"parking":{"area":409.39,"pct":1.58},"roads":{"area":4379.44,"pct":16.86},"sidewalks":{"area":355.3,"pct":1.37}},"city":{"parking":{"area":409.39,"pct":1.58},"roads":{"area":3366.05,"pct":12.96},"sidewalks":{"area":355.3,"pct":1.37}},"id":"hex:4008:24580"},"type":"Feature"},{"geometry":{"coordinates":[[[-121.83949,38.46133],[-121.83893,38.46055],[-121.83951,38.45977],[-121.84066,38.45978],[-121.84098,38.46024],[-121.84097,38.4609],[-121.84064,38.46133],[-121.84013,38.46134],[-121.83949,38.46133]]],"type":"Polygon"},"properties":{"bbox":{"roads":{"area":5989.59,"pct":23.8}},"city":{"roads":{"area":338.61,"pct":1.35}},"id":"hex:4008:24581"},"type":"Feature"},{"geometry":{"coordinates":[[[-121.83949,38.46133],[-121.84013,38.46134],[-121.83985,38.46135],[-121.83951,38.46139],[-121.83942,38.46142],[-121.83949,38.46133]]],"type":"Polygon"},"properties":{"bbox":{"roads":{"area":22.63,"pct":14.14}},"id":"hex:4008:24582"},"type":"Feature"},{"geometry":{"coordinates":[[[-121.83948,38.42621],[-121.83833,38.4262],[-121.83818,38.426],[-121.83963,38.42601],[-121.83948,38.42621]]],"type":"Polygon"},"properties":{"bbox":{"roads":{"area":404.9,"pct":15.84}},"city_same":1,"id":"hex:4009:24558"},"type":"Feature"},{"geometry":{"coordinates":[[[-121.83772,38.42854],[-121.83828,38.42932],[-121.83943,38.42933],[-121.84001,38.42856],[-121.83945,38.42777],[-121.83831,38.42776],[-121.83772,38.42854]]],"type":"Polygon"},"properties":{"bbox":{"roads":{"area":447.52,"pct":1.72}},"city_same":1,"id":"hex:4009:24560"},"type":"Feature"},{"geometry":{"coordinates":[[[-121.83826,38.43088],[-121.83786,38.43033],[-121.8383,38.42985],[-121.83833,38.42972],[-121.8381,38.42965],[-121.83803,38.42965],[-121.83828,38.42932],[-121.83943,38.42933],[-121.8396,38.42957],[-121.83868,38.4306],[-121.83845,38.43089],[-121.83826,38.43088]]],"type":"Polygon"},"properties":{"bbox":{"roads":{"area":2019.23,"pct":13.67}},"city_same":1,"id":"hex:4009:24561"},"type":"Feature"},{"geometry":{"coordinates":[[[-121.83767,38.43166],[-121.83826,38.43088],[-121.83845,38.43089],[-121.83784,38.43163],[-121.83774,38.43175],[-121.83767,38.43166]]],"type":"Polygon"},"properties":{"bbox":{"roads":{"area":771.92,"pct":56.9}},"city_same":1,"id":"hex:4009:24562"},"type":"Feature"},{"geometry":{"coordinates":[[[-121.83994,38.43324],[-121.83935,38.43402],[-121.83821,38.434],[-121.83764,38.43322],[-121.83786,38.43294],[-121.83974,38.43296],[-121.83994,38.43324]]],"type":"Polygon"},"properties":{"bbox":{"roads":{"area":316.9,"pct":1.7}},"city_same":1,"id":"hex:4009:24563"},"type":"Feature"},{"geometry":{"coordinates":[[[-121.83759,38.43634],[-121.83816,38.43713],[-121.8393,38.43714],[-121.83989,38.43636],[-121.83933,38.43558],[-121.83818,38.43557],[-121.83759,38.43634]]],"type":"Polygon"},"properties":{"bbox":{"roads":{"area":697.59,"pct":2.69}},"city_same":1,"id":"hex:4009:24565"},"type":"Feature"},{"geometry":{"coordinates":[[[-121.83757,38.4379],[-121.83813,38.43869],[-121.83928,38.4387],[-121.83986,38.43792],[-121.8393,38.43714],[-121.83816,38.43713],[-121.83757,38.4379]]],"type":"Polygon"},"properties":{"bbox":{"roads":{"area":2525.91,"pct":9.72},"sidewalks":{"area":27.97,"pct":0.11}},"city_same":1,"id":"hex:4009:24566"},"type":"Feature"},{"geometry":{"coordinates":[[[-121.83754,38.43946],[-121.83811,38.44025],[-121.83925,38.44026],[-121.83984,38.43948],[-121.83928,38.4387],[-121.83813,38.43869],[-121.83754,38.43946]]],"type":"Polygon"},"properties":{"bbox":{"roads":{"area":2174.18,"pct":8.37},"sidewalks":{"area":250.72,"pct":0.97}},"city_same":1,"id":"hex:4009:24567"},"type":"Feature"},{"geometry":{"coordinates":[[[-121.83752,38.44102],[-121.83808,38.44181],[-121.83923,38.44182],[-121.83981,38.44104],[-121.83925,38.44026],[-121.83811,38.44025],[-121.83752,38.44102]]],"type":"Polygon"},"properties":{"bbox":{"roads":{"area":2139.03,"pct":8.23}},"city_same":1,"id":"hex:4009:24568"},"type":"Feature"},{"geometry":{"coordinates":[[[-121.83749,38.44258],[-121.83806,38.44337],[-121.8392,38.44338],[-121.83979,38.44261],[-121.83923,38.44182],[-121.83808,38.44181],[-121.83749,38.44258]]],"type":"Polygon"},"properties":{"bbox":{"roads":{"area":1470.16,"pct":5.66}},"city_same":1,"id":"hex:4009:24569"},"type":"Feature"},{"geometry":{"coordinates":[[[-121.83747,38.44414],[-121.83803,38.44493],[-121.83918,38.44494],[-121.83976,38.44417],[-121.8392,38.44338],[-121.83806,38.44337],[-121.83747,38.44414]]],"type":"Polygon"},"properties":{"bbox":{"roads":{"area":901.6,"pct":3.47}},"city_same":1,"id":"hex:4009:24570"},"type":"Feature"},{"geometry":{"coordinates":[[[-121.83744,38.4457],[-121.83801,38.44649],[-121.83915,38.4465],[-121.83974,38.44573],[-121.83918,38.44494],[-121.83803,38.44493],[-121.83744,38.4457]]],"type":"Polygon"},"properties":{"bbox":{"roads":{"area":4364.59,"pct":16.8}},"city":{"roads":{"area":1352.25,"pct":5.2}},"id":"hex:4009:24571"},"type":"Feature"},{"geometry":{"coordinates":[[[-121.83742,38.44726],[-121.83798,38.44805],[-121.83913,38.44806],[-121.83971,38.44729],[-121.83915,38.4465],[-121.83801,38.44649],[-121.83742,38.44726]]],"type":"Polygon"},"properties":{"bbox":{"roads":{"area":2452.01,"pct":9.44}},"city_same":1,"id":"hex:4009:24572"},"type":"Feature"},{"geometry":{"coordinates":[[[-121.83739,38.44882],[-121.83795,38.44961],[-121.8391,38.44962],[-121.83969,38.44885],[-121.83913,38.44806],[-121.83798,38.44805],[-121.83739,38.44882]]],"type":"Polygon"},"properties":{"bbox":{"roads":{"area":2064.39,"pct":7.95}},"city_same":1,"id":"hex:4009:24573"},"type":"Feature"},{"geometry":{"coordinates":[[[-121.83737,38.45039],[-121.83793,38.45117],[-121.83908,38.45118],[-121.83966,38.45041],[-121.8391,38.44962],[-121.83795,38.44961],[-121.83737,38.45039]]],"type":"Polygon"},"properties":{"bbox":{"roads":{"area":2189.16,"pct":8.43}},"city_same":1,"id":"hex:4009:24574"},"type":"Feature"},{"geometry":{"coordinates":[[[-121.83734,38.45195],[-121.8379,38.45273],[-121.83905,38.45274],[-121.83964,38.45197],[-121.83908,38.45118],[-121.83793,38.45117],[-121.83734,38.45195]]],"type":"Polygon"},"properties":{"bbox":{"roads":{"area":2261.05,"pct":8.7}},"city_same":1,"id":"hex:4009:24575"},"type":"Feature"},{"geometry":{"coordinates":[[[-121.83732,38.45351],[-121.83788,38.45429],[-121.83903,38.4543],[-121.83961,38.45353],[-121.83905,38.45274],[-121.8379,38.45273],[-121.83732,38.45351]]],"type":"Polygon"},"properties":{"bbox":{"roads":{"area":2921.12,"pct":11.24}},"city_same":1,"id":"hex:4009:24576"},"type":"Feature"},{"geometry":{"coordinates":[[[-121.83729,38.45507],[-121.83785,38.45585],[-121.839,38.45586],[-121.83959,38.45509],[-121.83903,38.4543],[-121.83788,38.45429],[-121.83729,38.45507]]],"type":"Polygon"},"properties":{"bbox":{"roads":{"area":2552.52,"pct":9.82}},"city_same":1,"id":"hex:4009:24577"},"type":"Feature"},{"geometry":{"coordinates":[[[-121.83727,38.45663],[-121.83783,38.45741],[-121.83898,38.45743],[-121.83956,38.45665],[-121.839,38.45586],[-121.83785,38.45585],[-121.83727,38.45663]]],"type":"Polygon"},"properties":{"bbox":{"parking":{"area":1900.59,"pct":7.32},"roads":{"area":2834.24,"pct":10.91}},"city_same":1,"id":"hex:4009:24578"},"type":"Feature"},{"geometry":{"coordinates":[[[-121.83724,38.45819],[-121.8378,38.45897],[-121.83895,38.45899],[-121.83954,38.45821],[-121.83898,38.45743],[-121.83783,38.45741],[-121.83724,38.45819]]],"type":"Polygon"},"properties":{"bbox":{"parking":{"area":5727.75,"pct":22.05},"roads":{"area":6031.51,"pct":23.22},"sidewalks":{"area":567.74,"pct":2.19}},"city_same":1,"id":"hex:4009:24579"},"type":"Feature"},{"geometry":{"coordinates":[[[-121.83722,38.45975],[-121.83778,38.46054],[-121.83893,38.46055],[-121.83951,38.45977],[-121.83895,38.45899],[-121.8378,38.45897],[-121.83722,38.45975]]],"type":"Polygon"},"properties":{"bbox":{"roads":{"area":3215.37,"pct":12.38},"sidewalks":{"area":499.52,"pct":1.92}},"city_same":1,"id":"hex:4009:24580"},"type":"Feature"},{"geometry":{"coordinates":[[[-121.83775,38.4621],[-121.83719,38.46131],[-121.83778,38.46054],[-121.83893,38.46055],[-121.83949,38.46133],[-121.83942,38.46142],[-121.83925,38.46148],[-121.83895,38.46164],[-121.83835,38.4621],[-121.83775,38.4621]]],"type":"Polygon"},"properties":{"bbox":{"roads":{"area":5858.79,"pct":24.79},"sidewalks":{"area":330.07,"pct":1.4}},"city":{"roads":{"area":1551.31,"pct":6.56},"sidewalks":{"area":330.07,"pct":1.4}},"id":"hex:4009:24581"},"type":"Feature"},{"geometry":{"coordinates":[[[-121.83717,38.46287],[-121.83775,38.4621],[-121.83835,38.4621],[-121.83723,38.46296],[-121.83717,38.46287]]],"type":"Polygon"},"properties":{"bbox":{"roads":{"area":1015.36,"pct":33.86}},"id":"hex:4009:24582"},"type":"Feature"},{"geometry":{"coordinates":[[[-121.83606,38.42462],[-121.83637,38.42421],[-121.83638,38.42506],[-121.83606,38.42462]]],"type":"Polygon"},"properties":{"bbox":{"roads":{"area":254.52,"pct":19.97}},"city_same":1,"id":"hex:4010:24558"},"type":"Feature"},{"geometry":{"coordinates":[[[-121.83604,38.42618],[-121.83639,38.42572],[-121.83639,38.42598],[-121.83818,38.426],[-121.83833,38.4262],[-121.83775,38.42698],[-121.83753,38.42697],[-121.83743,38.42677],[-121.83696,38.42646],[-121.83615,38.42633],[-121.83604,38.42618]]],"type":"Polygon"},"properties":{"bbox":{"roads":{"area":659.1,"pct":5.23}},"city_same":1,"id":"hex:4010:24559"},"type":"Feature"},{"geometry":{"coordinates":[[[-121.83772,38.42854],[-121.83828,38.42932],[-121.83803,38.42965],[-121.83719,38.42964],[-121.83654,38.42974],[-121.83636,38.42964],[-121.83632,38.42951],[-121.83638,38.4294],[-121.83654,38.42932],[-121.83701,38.42919],[-121.83725,38.429],[-121.8376,38.42856],[-121.83763,38.42854],[-121.83772,38.42854]]],"type":"Polygon"},"properties":{"bbox":{"roads":{"area":72.65,"pct":0.62}},"city_same":1,"id":"hex:4010:24561"},"type":"Feature"},{"geometry":{"coordinates":[[[-121.83826,38.43088],[-121.83767,38.43166],[-121.83652,38.43165],[-121.83598,38.43088],[-121.83674,38.43089],[-121.83695,38.43078],[-121.83747,38.43076],[-121.83786,38.43033],[-121.83826,38.43088]]],"type":"Polygon"},"properties":{"bbox":{"roads":{"area":664.84,"pct":4.23}},"city_same":1,"id":"hex:4010:24562"},"type":"Feature"},{"geometry":{"coordinates":[[[-121.83764,38.43322],[-121.8365,38.43321],[-121.83594,38.43242],[-121.83652,38.43165],[-121.83767,38.43166],[-121.83774,38.43175],[-121.8367,38.43292],[-121.83786,38.43294],[-121.83764,38.43322]]],"type":"Polygon"},"properties":{"bbox":{"roads":{"area":1329.07,"pct":7.88}},"city_same":1,"id":"hex:4010:24563"},"type":"Feature"},{"geometry":{"coordinates":[[[-121.83591,38.43398],[-121.83647,38.43477],[-121.83762,38.43478],[-121.83821,38.434],[-121.83764,38.43322],[-121.8365,38.43321],[-121.83591,38.43398]]],"type":"Polygon"},"properties":{"bbox":{"roads":{"area":1114.33,"pct":4.29}},"city_same":1,"id":"hex:4010:24564"},"type":"Feature"},{"geometry":{"coordinates":[[[-121.83589,38.43554],[-121.83645,38.43633],[-121.83759,38.43634],[-121.83818,38.43557],[-121.83762,38.43478],[-121.83647,38.43477],[-121.83589,38.43554]]],"type":"Polygon"},"properties":{"bbox":{"roads":{"area":1456.69,"pct":5.61}},"city_same":1,"id":"hex:4010:24565"},"type":"Feature"},{"geometry":{"coordinates":[[[-121.83586,38.4371],[-121.83642,38.43789],[-121.83757,38.4379],[-121.83816,38.43713],[-121.83759,38.43634],[-121.83645,38.43633],[-121.83586,38.4371]]],"type":"Polygon"},"properties":{"bbox":{"roads":{"area":2227.56,"pct":8.57}},"city_same":1,"id":"hex:4010:24566"},"type":"Feature"},{"geometry":{"coordinates":[[[-121.83584,38.43866],[-121.8364,38.43945],[-121.83754,38.43946],[-121.83813,38.43869],[-121.83757,38.4379],[-121.83642,38.43789],[-121.83584,38.43866]]],"type":"Polygon"},"properties":{"bbox":{"roads":{"area":2886.82,"pct":11.11}},"city_same":1,"id":"hex:4010:24567"},"type":"Feature"},{"geometry":{"coordinates":[[[-121.83581,38.44022],[-121.83637,38.44101],[-121.83752,38.44102],[-121.83811,38.44025],[-121.83754,38.43946],[-121.8364,38.43945],[-121.83581,38.44022]]],"type":"Polygon"},"properties":{"bbox":{"roads":{"area":2526.31,"pct":9.72}},"city_same":1,"id":"hex:4010:24568"},"type":"Feature"},{"geometry":{"coordinates":[[[-121.83579,38.44178],[-121.83635,38.44257],[-121.83749,38.44258],[-121.83808,38.44181],[-121.83752,38.44102],[-121.83637,38.44101],[-121.83579,38.44178]]],"type":"Polygon"},"properties":{"bbox":{"roads":{"area":2294.07,"pct":8.83}},"city_same":1,"id":"hex:4010:24569"},"type":"Feature"},{"geometry":{"coordinates":[[[-121.83576,38.44335],[-121.83632,38.44413],[-121.83747,38.44414],[-121.83806,38.44337],[-121.83749,38.44258],[-121.83635,38.44257],[-121.83576,38.44335]]],"type":"Polygon"},"properties":{"bbox":{"roads":{"area":2727.7,"pct":10.5}},"city_same":1,"id":"hex:4010:24570"},"type":"Feature"},{"geometry":{"coordinates":[[[-121.83574,38.44491],[-121.8363,38.44569],[-121.83744,38.4457],[-121.83803,38.44493],[-121.83747,38.44414],[-121.83632,38.44413],[-121.83574,38.44491]]],"type":"Polygon"},"properties":{"bbox":{"roads":{"area":3158.15,"pct":12.16}},"city":{"roads":{"area":2405,"pct":9.26}},"id":"hex:4010:24571"},"type":"Feature"},{"geometry":{"coordinates":[[[-121.83571,38.44647],[-121.83627,38.44725],[-121.83742,38.44726],[-121.83801,38.44649],[-121.83744,38.4457],[-121.8363,38.44569],[-121.83571,38.44647]]],"type":"Polygon"},"properties":{"bbox":{"roads":{"area":3375,"pct":12.99}},"city":{"roads":{"area":2614.78,"pct":10.06}},"id":"hex:4010:24572"},"type":"Feature"},{"geometry":{"coordinates":[[[-121.83569,38.44803],[-121.83625,38.44881],[-121.83739,38.44882],[-121.83798,38.44805],[-121.83742,38.44726],[-121.83627,38.44725],[-121.83569,38.44803]]],"type":"Polygon"},"properties":{"bbox":{"parking":{"area":5032.92,"pct":19.37},"roads":{"area":2780.01,"pct":10.7}},"city_same":1,"id":"hex:4010:24573"},"type":"Feature"},{"geometry":{"coordinates":[[[-121.83566,38.44959],[-121.83622,38.45037],[-121.83737,38.45039],[-121.83795,38.44961],[-121.83739,38.44882],[-121.83625,38.44881],[-121.83566,38.44959]]],"type":"Polygon"},"properties":{"bbox":{"roads":{"area":2522.93,"pct":9.71}},"city_same":1,"id":"hex:4010:24574"},"type":"Feature"},{"geometry":{"coordinates":[[[-121.83564,38.45115],[-121.8362,38.45193],[-121.83734,38.45195],[-121.83793,38.45117],[-121.83737,38.45039],[-121.83622,38.45037],[-121.83564,38.45115]]],"type":"Polygon"},"properties":{"bbox":{"roads":{"area":2364.83,"pct":9.1}},"city_same":1,"id":"hex:4010:24575"},"type":"Feature"},{"geometry":{"coordinates":[[[-121.83561,38.45271],[-121.83617,38.4535],[-121.83732,38.45351],[-121.8379,38.45273],[-121.83734,38.45195],[-121.8362,38.45193],[-121.83561,38.45271]]],"type":"Polygon"},"properties":{"bbox":{"parking":{"area":804.02,"pct":3.09},"roads":{"area":2457.2,"pct":9.46}},"city_same":1,"id":"hex:4010:24576"},"type":"Feature"},{"geometry":{"coordinates":[[[-121.83559,38.45427],[-121.83615,38.45506],[-121.83729,38.45507],[-121.83788,38.45429],[-121.83732,38.45351],[-121.83617,38.4535],[-121.83559,38.45427]]],"type":"Polygon"},"properties":{"bbox":{"parking":{"area":6.85,"pct":0.03},"roads":{"area":1677.5,"pct":6.46}},"city_same":1,"id":"hex:4010:24577"},"type":"Feature"},{"geometry":{"coordinates":[[[-121.83556,38.45583],[-121.83612,38.45662],[-121.83727,38.45663],[-121.83785,38.45585],[-121.83729,38.45507],[-121.83615,38.45506],[-121.83556,38.45583]]],"type":"Polygon"},"properties":{"bbox":{"roads":{"area":2748.06,"pct":10.58}},"city_same":1,"id":"hex:4010:24578"},"type":"Feature"},{"geometry":{"coordinates":[[[-121.83554,38.45739],[-121.8361,38.45818],[-121.83724,38.45819],[-121.83783,38.45741],[-121.83727,38.45663],[-121.83612,38.45662],[-121.83554,38.45739]]],"type":"Polygon"},"properties":{"bbox":{"roads":{"area":2148.2,"pct":8.27}},"city_same":1,"id":"hex:4010:24579"},"type":"Feature"},{"geometry":{"coordinates":[[[-121.83551,38.45895],[-121.83607,38.45974],[-121.83722,38.45975],[-121.8378,38.45897],[-121.83724,38.45819],[-121.8361,38.45818],[-121.83551,38.45895]]],"type":"Polygon"},"properties":{"bbox":{"roads":{"area":2601.73,"pct":10.01},"sidewalks":{"area":79.8,"pct":0.31}},"city_same":1,"id":"hex:4010:24580"},"type":"Feature"},{"geometry":{"coordinates":[[[-121.83549,38.46051],[-121.83605,38.4613],[-121.83719,38.46131],[-121.83778,38.46054],[-121.83722,38.45975],[-121.83607,38.45974],[-121.83549,38.46051]]],"type":"Polygon"},"properties":{"bbox":{"roads":{"area":845.15,"pct":3.25},"sidewalks":{"area":383.58,"pct":1.48}},"city_same":1,"id":"hex:4010:24581"},"type":"Feature"},{"geometry":{"coordinates":[[[-121.83546,38.46207],[-121.83602,38.46286],[-121.83717,38.46287],[-121.83775,38.4621],[-121.83719,38.46131],[-121.83605,38.4613],[-121.83546,38.46207]]],"type":"Polygon"},"properties":{"bbox":{"parking":{"area":1386.08,"pct":5.34},"roads":{"area":4872.91,"pct":18.76},"sidewalks":{"area":494.72,"pct":1.9}},"city":{"parking":{"area":1386.08,"pct":5.34},"roads":{"area":2853.8,"pct":10.98},"sidewalks":{"area":494.72,"pct":1.9}},"id":"hex:4010:24582"},"type":"Feature"},{"geometry":{"coordinates":[[[-121.83544,38.46363],[-121.83602,38.46286],[-121.83717,38.46287],[-121.83723,38.46296],[-121.83577,38.4641],[-121.83544,38.46363]]],"type":"Polygon"},"properties":{"bbox":{"roads":{"area":3548.54,"pct":33.91}},"city":{"roads":{"area":163.33,"pct":1.56}},"id":"hex:4010:24583"},"type":"Feature"},{"geometry":{"coordinates":[[[[-121.83442,38.4239],[-121.83637,38.42391],[-121.83637,38.42421],[-121.83606,38.42462],[-121.83595,38.42462],[-121.83595,38.42443],[-121.83571,38.4243],[-121.83466,38.42425],[-121.83442,38.4239]]],[[[-121.83492,38.42461],[-121.83485,38.4245],[-121.83491,38.42446],[-121.8351,38.42442],[-121.8353,38.42443],[-121.83548,38.42455],[-121.83553,38.42461],[-121.83492,38.42461]]]],"type":"MultiPolygon"},"properties":{"bbox":{"roads":{"area":619.8,"pct":7.39}},"city_same":1,"id":"hex:4011:24557"},"type":"Feature"},{"geometry":{"coordinates":[[[[-121.83604,38.42618],[-121.8358,38.42618],[-121.83578,38.42616],[-121.83578,38.42592],[-121.83591,38.4257],[-121.8359,38.42529],[-121.83595,38.4248],[-121.83595,38.42462],[-121.83606,38.42462],[-121.83638,38.42506],[-121.83639,38.42572],[-121.83604,38.42618]]],[[[-121.83492,38.42461],[-121.83553,38.42461],[-121.83571,38.42484],[-121.83581,38.42503],[-121.83576,38.42541],[-121.83562,38.42548],[-121.83535,38.42545],[-121.83515,38.42521],[-121.83476,38.42483],[-121.83476,38.42482],[-121.83492,38.42461]]]],"type":"MultiPolygon"},"properties":{"bbox":{"roads":{"area":349.64,"pct":2.92}},"city_same":1,"id":"hex:4011:24558"},"type":"Feature"},{"geometry":{"coordinates":[[[-121.83652,38.43165],[-121.83594,38.43242],[-121.83479,38.43241],[-121.83423,38.43162],[-121.8348,38.43087],[-121.83598,38.43088],[-121.83652,38.43165]]],"type":"Polygon"},"properties":{"bbox":{"roads":{"area":872.45,"pct":3.39}},"city_same":1,"id":"hex:4011:24562"},"type":"Feature"},{"geometry":{"coordinates":[[[-121.83421,38.43318],[-121.83477,38.43397],[-121.83591,38.43398],[-121.8365,38.43321],[-121.83594,38.43242],[-121.83479,38.43241],[-121.83421,38.43318]]],"type":"Polygon"},"properties":{"bbox":{"roads":{"area":1051.73,"pct":4.05}},"city_same":1,"id":"hex:4011:24563"},"type":"Feature"},{"geometry":{"coordinates":[[[-121.83418,38.43474],[-121.83474,38.43553],[-121.83589,38.43554],[-121.83647,38.43477],[-121.83591,38.43398],[-121.83477,38.43397],[-121.83418,38.43474]]],"type":"Polygon"},"properties":{"bbox":{"roads":{"area":1227.33,"pct":4.72}},"city_same":1,"id":"hex:4011:24564"},"type":"Feature"},{"geometry":{"coordinates":[[[-121.83416,38.43631],[-121.83472,38.43709],[-121.83586,38.4371],[-121.83645,38.43633],[-121.83589,38.43554],[-121.83474,38.43553],[-121.83416,38.43631]]],"type":"Polygon"},"properties":{"bbox":{"roads":{"area":370.52,"pct":1.43}},"city_same":1,"id":"hex:4011:24565"},"type":"Feature"},{"geometry":{"coordinates":[[[-121.83413,38.43787],[-121.83469,38.43865],[-121.83584,38.43866],[-121.83642,38.43789],[-121.83586,38.4371],[-121.83472,38.43709],[-121.83413,38.43787]]],"type":"Polygon"},"properties":{"bbox":{"roads":{"area":522.51,"pct":2.01}},"city_same":1,"id":"hex:4011:24566"},"type":"Feature"},{"geometry":{"coordinates":[[[-121.83411,38.43943],[-121.83467,38.44021],[-121.83581,38.44022],[-121.8364,38.43945],[-121.83584,38.43866],[-121.83469,38.43865],[-121.83411,38.43943]]],"type":"Polygon"},"properties":{"bbox":{"roads":{"area":3079.06,"pct":11.85}},"city_same":1,"id":"hex:4011:24567"},"type":"Feature"},{"geometry":{"coordinates":[[[-121.83408,38.44099],[-121.83464,38.44177],[-121.83579,38.44178],[-121.83637,38.44101],[-121.83581,38.44022],[-121.83467,38.44021],[-121.83408,38.44099]]],"type":"Polygon"},"properties":{"bbox":{"roads":{"area":707.04,"pct":2.72}},"city_same":1,"id":"hex:4011:24568"},"type":"Feature"},{"geometry":{"coordinates":[[[-121.83406,38.44255],[-121.83462,38.44333],[-121.83576,38.44335],[-121.83635,38.44257],[-121.83579,38.44178],[-121.83464,38.44177],[-121.83406,38.44255]]],"type":"Polygon"},"properties":{"bbox":{"roads":{"area":1703.26,"pct":6.56}},"city_same":1,"id":"hex:4011:24569"},"type":"Feature"},{"geometry":{"coordinates":[[[-121.83403,38.44411],[-121.83459,38.44489],[-121.83574,38.44491],[-121.83632,38.44413],[-121.83576,38.44335],[-121.83462,38.44333],[-121.83403,38.44411]]],"type":"Polygon"},"properties":{"bbox":{"roads":{"area":1811.48,"pct":6.97}},"city_same":1,"id":"hex:4011:24570"},"type":"Feature"},{"geometry":{"coordinates":[[[-121.83401,38.44567],[-121.83457,38.44646],[-121.83571,38.44647],[-121.8363,38.44569],[-121.83574,38.44491],[-121.83459,38.44489],[-121.83401,38.44567]]],"type":"Polygon"},"properties":{"bbox":{"roads":{"area":1985.5,"pct":7.64}},"city":{"roads":{"area":406.38,"pct":1.56}},"id":"hex:4011:24571"},"type":"Feature"},{"geometry":{"coordinates":[[[-121.83398,38.44723],[-121.83454,38.44802],[-121.83569,38.44803],[-121.83627,38.44725],[-121.83571,38.44647],[-121.83457,38.44646],[-121.83398,38.44723]]],"type":"Polygon"},"properties":{"bbox":{"roads":{"area":269.01,"pct":1.04}},"city_same":1,"id":"hex:4011:24572"},"type":"Feature"},{"geometry":{"coordinates":[[[-121.83393,38.45035],[-121.83449,38.45114],[-121.83564,38.45115],[-121.83622,38.45037],[-121.83566,38.44959],[-121.83452,38.44958],[-121.83393,38.45035]]],"type":"Polygon"},"properties":{"bbox":{"roads":{"area":2146.85,"pct":8.26}},"city_same":1,"id":"hex:4011:24574"},"type":"Feature"},{"geometry":{"coordinates":[[[-121.83391,38.45191],[-121.83447,38.4527],[-121.83561,38.45271],[-121.8362,38.45193],[-121.83564,38.45115],[-121.83449,38.45114],[-121.83391,38.45191]]],"type":"Polygon"},"properties":{"bbox":{"roads":{"area":1603.63,"pct":6.17}},"city_same":1,"id":"hex:4011:24575"},"type":"Feature"},{"geometry":{"coordinates":[[[-121.83388,38.45347],[-121.83444,38.45426],[-121.83559,38.45427],[-121.83617,38.4535],[-121.83561,38.45271],[-121.83447,38.4527],[-121.83388,38.45347]]],"type":"Polygon"},"properties":{"bbox":{"roads":{"area":2133.96,"pct":8.21},"sidewalks":{"area":24.1,"pct":0.09}},"city_same":1,"id":"hex:4011:24576"},"type":"Feature"},{"geometry":{"coordinates":[[[-121.83386,38.45503],[-121.83442,38.45582],[-121.83556,38.45583],[-121.83615,38.45506],[-121.83559,38.45427],[-121.83444,38.45426],[-121.83386,38.45503]]],"type":"Polygon"},"properties":{"bbox":{"roads":{"area":2220.86,"pct":8.55}},"city_same":1,"id":"hex:4011:24577"},"type":"Feature"},{"geometry":{"coordinates":[[[-121.83383,38.45659],[-121.83439,38.45738],[-121.83554,38.45739],[-121.83612,38.45662],[-121.83556,38.45583],[-121.83442,38.45582],[-121.83383,38.45659]]],"type":"Polygon"},"properties":{"bbox":{"roads":{"area":1746.67,"pct":6.72}},"city_same":1,"id":"hex:4011:24578"},"type":"Feature"},{"geometry":{"coordinates":[[[-121.83381,38.45815],[-121.83437,38.45894],[-121.83551,38.45895],[-121.8361,38.45818],[-121.83554,38.45739],[-121.83439,38.45738],[-121.83381,38.45815]]],"type":"Polygon"},"properties":{"bbox":{"roads":{"area":2374.3,"pct":9.14}},"city_same":1,"id":"hex:4011:24579"},"type":"Feature"},{"geometry":{"coordinates":[[[-121.83378,38.45972],[-121.83434,38.4605],[-121.83549,38.46051],[-121.83607,38.45974],[-121.83551,38.45895],[-121.83437,38.45894],[-121.83378,38.45972]]],"type":"Polygon"},"properties":{"bbox":{"roads":{"area":2097.73,"pct":8.07}},"city_same":1,"id":"hex:4011:24580"},"type":"Feature"},{"geometry":{"coordinates":[[[-121.83376,38.46128],[-121.83432,38.46206],[-121.83546,38.46207],[-121.83605,38.4613],[-121.83549,38.46051],[-121.83434,38.4605],[-121.83376,38.46128]]],"type":"Polygon"},"properties":{"bbox":{"roads":{"area":2245.85,"pct":8.64},"sidewalks":{"area":684.77,"pct":2.64}},"city_same":1,"id":"hex:4011:24581"},"type":"Feature"},{"geometry":{"coordinates":[[[-121.83373,38.46284],[-121.83429,38.46362],[-121.83544,38.46363],[-121.83602,38.46286],[-121.83546,38.46207],[-121.83432,38.46206],[-121.83373,38.46284]]],"type":"Polygon"},"properties":{"bbox":{"roads":{"area":2880.91,"pct":11.09},"sidewalks":{"area":301.48,"pct":1.16}},"city_same":1,"id":"hex:4011:24582"},"type":"Feature"},{"geometry":{"coordinates":[[[-121.83427,38.46518],[-121.83371,38.4644],[-121.83429,38.46362],[-121.83544,38.46363],[-121.83577,38.4641],[-121.83437,38.46518],[-121.83427,38.46518]]],"type":"Polygon"},"properties":{"bbox":{"roads":{"area":5396.12,"pct":28.92},"sidewalks":{"area":116.82,"pct":0.63}},"city":{"roads":{"area":1401.45,"pct":7.51},"sidewalks":{"area":116.82,"pct":0.63}},"id":"hex:4011:24583"},"type":"Feature"},{"geometry":{"coordinates":[[[[-121.83492,38.42461],[-121.83476,38.42482],[-121.83471,38.42468],[-121.83479,38.42454],[-121.83485,38.4245],[-121.83492,38.42461]]],[[[-121.83466,38.42425],[-121.83389,38.42421],[-121.83353,38.42424],[-121.83296,38.42415],[-121.83315,38.4239],[-121.83442,38.4239],[-121.83466,38.42425]]]],"type":"MultiPolygon"},"properties":{"bbox":{"roads":{"area":437.46,"pct":8.87}},"city_same":1,"id":"hex:4012:24558"},"type":"Feature"},{"geometry":{"coordinates":[[[-121.83423,38.43162],[-121.83309,38.43161],[-121.83255,38.43085],[-121.8348,38.43087],[-121.83423,38.43162]]],"type":"Polygon"},"properties":{"bbox":{"roads":{"area":712.24,"pct":5.74}},"city_same":1,"id":"hex:4012:24562"},"type":"Feature"},{"geometry":{"coordinates":[[[-121.8325,38.43239],[-121.83306,38.43317],[-121.83421,38.43318],[-121.83479,38.43241],[-121.83423,38.43162],[-121.83309,38.43161],[-121.8325,38.43239]]],"type":"Polygon"},"properties":{"bbox":{"roads":{"area":3022.67,"pct":11.63}},"city_same":1,"id":"hex:4012:24563"},"type":"Feature"},{"geometry":{"coordinates":[[[-121.83248,38.43395],[-121.83304,38.43473],[-121.83418,38.43474],[-121.83477,38.43397],[-121.83421,38.43318],[-121.83306,38.43317],[-121.83248,38.43395]]],"type":"Polygon"},"properties":{"bbox":{"roads":{"area":1925.92,"pct":7.41}},"city_same":1,"id":"hex:4012:24564"},"type":"Feature"},{"geometry":{"coordinates":[[[-121.83245,38.43551],[-121.83301,38.43629],[-121.83416,38.43631],[-121.83474,38.43553],[-121.83418,38.43474],[-121.83304,38.43473],[-121.83245,38.43551]]],"type":"Polygon"},"properties":{"bbox":{"roads":{"area":1085.63,"pct":4.18}},"city_same":1,"id":"hex:4012:24565"},"type":"Feature"},{"geometry":{"coordinates":[[[-121.83243,38.43707],[-121.83299,38.43785],[-121.83413,38.43787],[-121.83472,38.43709],[-121.83416,38.43631],[-121.83301,38.43629],[-121.83243,38.43707]]],"type":"Polygon"},"properties":{"bbox":{"roads":{"area":1052.62,"pct":4.05}},"city_same":1,"id":"hex:4012:24566"},"type":"Feature"},{"geometry":{"coordinates":[[[-121.8324,38.43863],[-121.83296,38.43942],[-121.83411,38.43943],[-121.83469,38.43865],[-121.83413,38.43787],[-121.83299,38.43785],[-121.8324,38.43863]]],"type":"Polygon"},"properties":{"bbox":{"roads":{"area":1150.12,"pct":4.43}},"city_same":1,"id":"hex:4012:24567"},"type":"Feature"},{"geometry":{"coordinates":[[[-121.83238,38.44019],[-121.83294,38.44098],[-121.83408,38.44099],[-121.83467,38.44021],[-121.83411,38.43943],[-121.83296,38.43942],[-121.83238,38.44019]]],"type":"Polygon"},"properties":{"bbox":{"roads":{"area":1722.98,"pct":6.63}},"city_same":1,"id":"hex:4012:24568"},"type":"Feature"},{"geometry":{"coordinates":[[[-121.83235,38.44175],[-121.83291,38.44254],[-121.83406,38.44255],[-121.83464,38.44177],[-121.83408,38.44099],[-121.83294,38.44098],[-121.83235,38.44175]]],"type":"Polygon"},"properties":{"bbox":{"roads":{"area":1862.49,"pct":7.17}},"city_same":1,"id":"hex:4012:24569"},"type":"Feature"},{"geometry":{"coordinates":[[[-121.83233,38.44331],[-121.83289,38.4441],[-121.83403,38.44411],[-121.83462,38.44333],[-121.83406,38.44255],[-121.83291,38.44254],[-121.83233,38.44331]]],"type":"Polygon"},"properties":{"bbox":{"roads":{"area":2067.03,"pct":7.96}},"city_same":1,"id":"hex:4012:24570"},"type":"Feature"},{"geometry":{"coordinates":[[[-121.8323,38.44487],[-121.83286,38.44566],[-121.83401,38.44567],[-121.83459,38.44489],[-121.83403,38.44411],[-121.83289,38.4441],[-121.8323,38.44487]]],"type":"Polygon"},"properties":{"bbox":{"roads":{"area":922.1,"pct":3.55}},"city":{"roads":{"area":746.47,"pct":2.87}},"id":"hex:4012:24571"},"type":"Feature"},{"geometry":{"coordinates":[[[-121.83228,38.44643],[-121.83284,38.44722],[-121.83398,38.44723],[-121.83457,38.44646],[-121.83401,38.44567],[-121.83286,38.44566],[-121.83228,38.44643]]],"type":"Polygon"},"properties":{"bbox":{"roads":{"area":2411.93,"pct":9.28}},"city":{"roads":{"area":1763.01,"pct":6.79}},"id":"hex:4012:24572"},"type":"Feature"},{"geometry":{"coordinates":[[[-121.83225,38.44799],[-121.83281,38.44878],[-121.83396,38.44879],[-121.83454,38.44802],[-121.83398,38.44723],[-121.83284,38.44722],[-121.83225,38.44799]]],"type":"Polygon"},"properties":{"bbox":{"roads":{"area":286.75,"pct":1.1}},"city_same":1,"id":"hex:4012:24573"},"type":"Feature"},{"geometry":{"coordinates":[[[-121.83223,38.44955],[-121.83279,38.45034],[-121.83393,38.45035],[-121.83452,38.44958],[-121.83396,38.44879],[-121.83281,38.44878],[-121.83223,38.44955]]],"type":"Polygon"},"properties":{"bbox":{"roads":{"area":1021.9,"pct":3.93}},"city_same":1,"id":"hex:4012:24574"},"type":"Feature"},{"geometry":{"coordinates":[[[-121.8322,38.45111],[-121.83276,38.4519],[-121.83391,38.45191],[-121.83449,38.45114],[-121.83393,38.45035],[-121.83279,38.45034],[-121.8322,38.45111]]],"type":"Polygon"},"properties":{"bbox":{"roads":{"area":3004.31,"pct":11.56}},"city_same":1,"id":"hex:4012:24575"},"type":"Feature"},{"geometry":{"coordinates":[[[-121.83218,38.45268],[-121.83274,38.45346],[-121.83388,38.45347],[-121.83447,38.4527],[-121.83391,38.45191],[-121.83276,38.4519],[-121.83218,38.45268]]],"type":"Polygon"},"properties":{"bbox":{"roads":{"area":1330.78,"pct":5.12}},"city_same":1,"id":"hex:4012:24576"},"type":"Feature"},{"geometry":{"coordinates":[[[-121.83215,38.45424],[-121.83271,38.45502],[-121.83386,38.45503],[-121.83444,38.45426],[-121.83388,38.45347],[-121.83274,38.45346],[-121.83215,38.45424]]],"type":"Polygon"},"properties":{"bbox":{"roads":{"area":27.71,"pct":0.11},"sidewalks":{"area":142.86,"pct":0.55}},"city_same":1,"id":"hex:4012:24577"},"type":"Feature"},{"geometry":{"coordinates":[[[-121.83213,38.4558],[-121.83269,38.45658],[-121.83383,38.45659],[-121.83442,38.45582],[-121.83386,38.45503],[-121.83271,38.45502],[-121.83213,38.4558]]],"type":"Polygon"},"properties":{"bbox":{"parking":{"area":1266.19,"pct":4.87},"roads":{"area":1867.59,"pct":7.19}},"city_same":1,"id":"hex:4012:24578"},"type":"Feature"},{"geometry":{"coordinates":[[[-121.8321,38.45736],[-121.83266,38.45814],[-121.83381,38.45815],[-121.83439,38.45738],[-121.83383,38.45659],[-121.83269,38.45658],[-121.8321,38.45736]]],"type":"Polygon"},"properties":{"bbox":{"roads":{"area":2128.56,"pct":8.19}},"city_same":1,"id":"hex:4012:24579"},"type":"Feature"},{"geometry":{"coordinates":[[[-121.83208,38.45892],[-121.83264,38.4597],[-121.83378,38.45972],[-121.83437,38.45894],[-121.83381,38.45815],[-121.83266,38.45814],[-121.83208,38.45892]]],"type":"Polygon"},"properties":{"bbox":{"roads":{"area":1918.15,"pct":7.38}},"city_same":1,"id":"hex:4012:24580"},"type":"Feature"},{"geometry":{"coordinates":[[[-121.83205,38.46048],[-121.83261,38.46126],[-121.83376,38.46128],[-121.83434,38.4605],[-121.83378,38.45972],[-121.83264,38.4597],[-121.83205,38.46048]]],"type":"Polygon"},"properties":{"bbox":{"roads":{"area":1243.4,"pct":4.79}},"city_same":1,"id":"hex:4012:24581"},"type":"Feature"},{"geometry":{"coordinates":[[[-121.83202,38.46204],[-121.83259,38.46283],[-121.83373,38.46284],[-121.83432,38.46206],[-121.83376,38.46128],[-121.83261,38.46126],[-121.83202,38.46204]]],"type":"Polygon"},"properties":{"bbox":{"roads":{"area":1420.65,"pct":5.47},"sidewalks":{"area":88.43,"pct":0.34}},"city_same":1,"id":"hex:4012:24582"},"type":"Feature"},{"geometry":{"coordinates":[[[-121.832,38.4636],[-121.83256,38.46439],[-121.83371,38.4644],[-121.83429,38.46362],[-121.83373,38.46284],[-121.83259,38.46283],[-121.832,38.4636]]],"type":"Polygon"},"properties":{"bbox":{"roads":{"area":2807.78,"pct":10.81},"sidewalks":{"area":427.92,"pct":1.65}},"city_same":1,"id":"hex:4012:24583"},"type":"Feature"},{"geometry":{"coordinates":[[[-121.83253,38.46595],[-121.83197,38.46516],[-121.83256,38.46439],[-121.83371,38.4644],[-121.83427,38.46518],[-121.83412,38.46538],[-121.83337,38.46595],[-121.83253,38.46595]]],"type":"Polygon"},"properties":{"bbox":{"roads":{"area":5951.37,"pct":23.7},"sidewalks":{"area":170.37,"pct":0.68}},"city":{"roads":{"area":2608.08,"pct":10.38},"sidewalks":{"area":170.37,"pct":0.68}},"id":"hex:4012:24584"},"type":"Feature"},{"geometry":{"coordinates":[[[-121.83195,38.46672],[-121.83253,38.46595],[-121.83337,38.46595],[-121.8321,38.46694],[-121.83195,38.46672]]],"type":"Polygon"},"properties":{"bbox":{"roads":{"area":1938.97,"pct":36.89}},"id":"hex:4012:24585"},"type":"Feature"},{"geometry":{"coordinates":[[[-121.83194,38.42458],[-121.83196,38.42389],[-121.83315,38.4239],[-121.83296,38.42415],[-121.83274,38.42411],[-121.83231,38.42414],[-121.83228,38.42427],[-121.8323,38.42458],[-121.83194,38.42458]]],"type":"Polygon"},"properties":{"bbox":{"roads":{"area":493.56,"pct":12.34}},"city_same":1,"id":"hex:4013:24557"},"type":"Feature"},{"geometry":{"coordinates":[[[-121.83191,38.42614],[-121.83194,38.42458],[-121.8323,38.42458],[-121.83231,38.42485],[-121.83258,38.42524],[-121.83256,38.42537],[-121.83228,38.42565],[-121.83228,38.42614],[-121.83191,38.42614]]],"type":"Polygon"},"properties":{"bbox":{"roads":{"area":606.26,"pct":8.87}},"city_same":1,"id":"hex:4013:24558"},"type":"Feature"},{"geometry":{"coordinates":[[[-121.83187,38.4277],[-121.83191,38.42614],[-121.83228,38.42614],[-121.83228,38.42661],[-121.83247,38.42686],[-121.83255,38.42713],[-121.83247,38.42736],[-121.83225,38.42752],[-121.83225,38.4277],[-121.83187,38.4277]]],"type":"Polygon"},"properties":{"bbox":{"roads":{"area":606.21,"pct":8.19}},"city_same":1,"id":"hex:4013:24559"},"type":"Feature"},{"geometry":{"coordinates":[[[[-121.83183,38.42926],[-121.83187,38.4277],[-121.83225,38.4277],[-121.83227,38.42921],[-121.83235,38.42926],[-121.83183,38.42926]]],[[[-121.83256,38.42926],[-121.83255,38.42924],[-121.83263,38.42916],[-121.83264,38.42915],[-121.83256,38.42926]]],[[[-121.83314,38.42849],[-121.83299,38.42869],[-121.83298,38.42869],[-121.83281,38.42865],[-121.83261,38.42848],[-121.83259,38.42822],[-121.83271,38.42799],[-121.83277,38.42798],[-121.83314,38.42849]]]],"type":"MultiPolygon"},"properties":{"bbox":{"roads":{"area":606.23,"pct":7.14}},"city_same":1,"id":"hex:4013:24560"},"type":"Feature"},{"geometry":{"coordinates":[[[[-121.8318,38.43082],[-121.83183,38.42926],[-121.83235,38.42926],[-121.8325,38.42937],[-121.83255,38.42953],[-121.83244,38.42971],[-121.83223,38.42983],[-121.83223,38.4307],[-121.83227,38.4308],[-121.8324,38.43083],[-121.8318,38.43082]]],[[[-121.83303,38.42994],[-121.83299,38.42993],[-121.83277,38.42977],[-121.83268,38.42958],[-121.83259,38.4294],[-121.83256,38.42928],[-121.83303,38.42994]]]],"type":"MultiPolygon"},"properties":{"bbox":{"roads":{"area":744.78,"pct":9.28}},"city_same":1,"id":"hex:4013:24561"},"type":"Feature"},{"geometry":{"coordinates":[[[-121.83309,38.43161],[-121.8325,38.43239],[-121.83136,38.43238],[-121.8308,38.43159],[-121.83112,38.43116],[-121.83179,38.43116],[-121.8318,38.43082],[-121.8324,38.43083],[-121.83254,38.43085],[-121.83255,38.43085],[-121.83309,38.43161]]],"type":"Polygon"},"properties":{"bbox":{"roads":{"area":3616.62,"pct":14.97},"sidewalks":{"area":174.39,"pct":0.72}},"city_same":1,"id":"hex:4013:24562"},"type":"Feature"},{"geometry":{"coordinates":[[[-121.83077,38.43315],[-121.83133,38.43394],[-121.83248,38.43395],[-121.83306,38.43317],[-121.8325,38.43239],[-121.83136,38.43238],[-121.83077,38.43315]]],"type":"Polygon"},"properties":{"bbox":{"roads":{"area":2556.52,"pct":9.84}},"city_same":1,"id":"hex:4013:24563"},"type":"Feature"},{"geometry":{"coordinates":[[[-121.83075,38.43471],[-121.83131,38.4355],[-121.83245,38.43551],[-121.83304,38.43473],[-121.83248,38.43395],[-121.83133,38.43394],[-121.83075,38.43471]]],"type":"Polygon"},"properties":{"bbox":{"roads":{"area":1743.29,"pct":6.71}},"city_same":1,"id":"hex:4013:24564"},"type":"Feature"},{"geometry":{"coordinates":[[[-121.83072,38.43627],[-121.83128,38.43706],[-121.83243,38.43707],[-121.83301,38.43629],[-121.83245,38.43551],[-121.83131,38.4355],[-121.83072,38.43627]]],"type":"Polygon"},"properties":{"bbox":{"roads":{"area":894.4,"pct":3.44}},"city_same":1,"id":"hex:4013:24565"},"type":"Feature"},{"geometry":{"coordinates":[[[-121.8307,38.43783],[-121.83126,38.43862],[-121.8324,38.43863],[-121.83299,38.43785],[-121.83243,38.43707],[-121.83128,38.43706],[-121.8307,38.43783]]],"type":"Polygon"},"properties":{"bbox":{"roads":{"area":1584.22,"pct":6.1}},"city_same":1,"id":"hex:4013:24566"},"type":"Feature"},{"geometry":{"coordinates":[[[-121.83067,38.43939],[-121.83123,38.44018],[-121.83238,38.44019],[-121.83296,38.43942],[-121.8324,38.43863],[-121.83126,38.43862],[-121.83067,38.43939]]],"type":"Polygon"},"properties":{"bbox":{"roads":{"area":2451.26,"pct":9.43}},"city_same":1,"id":"hex:4013:24567"},"type":"Feature"},{"geometry":{"coordinates":[[[-121.83065,38.44095],[-121.83121,38.44174],[-121.83235,38.44175],[-121.83294,38.44098],[-121.83238,38.44019],[-121.83123,38.44018],[-121.83065,38.44095]]],"type":"Polygon"},"properties":{"bbox":{"roads":{"area":1410.04,"pct":5.43}},"city_same":1,"id":"hex:4013:24568"},"type":"Feature"},{"geometry":{"coordinates":[[[-121.83062,38.44251],[-121.83118,38.4433],[-121.83233,38.44331],[-121.83291,38.44254],[-121.83235,38.44175],[-121.83121,38.44174],[-121.83062,38.44251]]],"type":"Polygon"},"properties":{"bbox":{"roads":{"area":1432.09,"pct":5.51}},"city_same":1,"id":"hex:4013:24569"},"type":"Feature"},{"geometry":{"coordinates":[[[-121.8306,38.44407],[-121.83116,38.44486],[-121.8323,38.44487],[-121.83289,38.4441],[-121.83233,38.44331],[-121.83118,38.4433],[-121.8306,38.44407]]],"type":"Polygon"},"properties":{"bbox":{"roads":{"area":2043.36,"pct":7.86}},"city_same":1,"id":"hex:4013:24570"},"type":"Feature"},{"geometry":{"coordinates":[[[-121.83057,38.44564],[-121.83113,38.44642],[-121.83228,38.44643],[-121.83286,38.44566],[-121.8323,38.44487],[-121.83116,38.44486],[-121.83057,38.44564]]],"type":"Polygon"},"properties":{"bbox":{"roads":{"area":2790.69,"pct":10.74}},"city":{"roads":{"area":1261.55,"pct":4.86}},"id":"hex:4013:24571"},"type":"Feature"},{"geometry":{"coordinates":[[[-121.83055,38.4472],[-121.83111,38.44798],[-121.83225,38.44799],[-121.83284,38.44722],[-121.83228,38.44643],[-121.83113,38.44642],[-121.83055,38.4472]]],"type":"Polygon"},"properties":{"bbox":{"roads":{"area":2604.13,"pct":10.02}},"city_same":1,"id":"hex:4013:24572"},"type":"Feature"},{"geometry":{"coordinates":[[[-121.83052,38.44876],[-121.83108,38.44954],[-121.83223,38.44955],[-121.83281,38.44878],[-121.83225,38.44799],[-121.83111,38.44798],[-121.83052,38.44876]]],"type":"Polygon"},"properties":{"bbox":{"roads":{"area":2599.24,"pct":10}},"city_same":1,"id":"hex:4013:24573"},"type":"Feature"},{"geometry":{"coordinates":[[[-121.83049,38.45032],[-121.83106,38.4511],[-121.8322,38.45111],[-121.83279,38.45034],[-121.83223,38.44955],[-121.83108,38.44954],[-121.83049,38.45032]]],"type":"Polygon"},"properties":{"bbox":{"roads":{"area":2647.9,"pct":10.19}},"city_same":1,"id":"hex:4013:24574"},"type":"Feature"},{"geometry":{"coordinates":[[[-121.83047,38.45188],[-121.83103,38.45266],[-121.83218,38.45268],[-121.83276,38.4519],[-121.8322,38.45111],[-121.83106,38.4511],[-121.83047,38.45188]]],"type":"Polygon"},"properties":{"bbox":{"roads":{"area":1962.5,"pct":7.55}},"city_same":1,"id":"hex:4013:24575"},"type":"Feature"},{"geometry":{"coordinates":[[[-121.83044,38.45344],[-121.831,38.45422],[-121.83215,38.45424],[-121.83274,38.45346],[-121.83218,38.45268],[-121.83103,38.45266],[-121.83044,38.45344]]],"type":"Polygon"},"properties":{"bbox":{"roads":{"area":2178.22,"pct":8.38},"sidewalks":{"area":25.04,"pct":0.1}},"city_same":1,"id":"hex:4013:24576"},"type":"Feature"},{"geometry":{"coordinates":[[[-121.83042,38.455],[-121.83098,38.45579],[-121.83213,38.4558],[-121.83271,38.45502],[-121.83215,38.45424],[-121.831,38.45422],[-121.83042,38.455]]],"type":"Polygon"},"properties":{"bbox":{"roads":{"area":1325.4,"pct":5.1},"sidewalks":{"area":31.57,"pct":0.12}},"city_same":1,"id":"hex:4013:24577"},"type":"Feature"},{"geometry":{"coordinates":[[[-121.83039,38.45656],[-121.83095,38.45735],[-121.8321,38.45736],[-121.83269,38.45658],[-121.83213,38.4558],[-121.83098,38.45579],[-121.83039,38.45656]]],"type":"Polygon"},"properties":{"bbox":{"roads":{"area":791.83,"pct":3.05},"sidewalks":{"area":34.88,"pct":0.13}},"city_same":1,"id":"hex:4013:24578"},"type":"Feature"},{"geometry":{"coordinates":[[[-121.83037,38.45812],[-121.83093,38.45891],[-121.83208,38.45892],[-121.83266,38.45814],[-121.8321,38.45736],[-121.83095,38.45735],[-121.83037,38.45812]]],"type":"Polygon"},"properties":{"bbox":{"roads":{"area":1646.25,"pct":6.34}},"city_same":1,"id":"hex:4013:24579"},"type":"Feature"},{"geometry":{"coordinates":[[[-121.83034,38.45968],[-121.8309,38.46047],[-121.83205,38.46048],[-121.83264,38.4597],[-121.83208,38.45892],[-121.83093,38.45891],[-121.83034,38.45968]]],"type":"Polygon"},"properties":{"bbox":{"roads":{"area":1547.5,"pct":5.96}},"city_same":1,"id":"hex:4013:24580"},"type":"Feature"},{"geometry":{"coordinates":[[[-121.83032,38.46124],[-121.83088,38.46203],[-121.83202,38.46204],[-121.83261,38.46126],[-121.83205,38.46048],[-121.8309,38.46047],[-121.83032,38.46124]]],"type":"Polygon"},"properties":{"bbox":{"parking":{"area":290.45,"pct":1.12},"roads":{"area":2543.57,"pct":9.79}},"city_same":1,"id":"hex:4013:24581"},"type":"Feature"},{"geometry":{"coordinates":[[[-121.83029,38.4628],[-121.83085,38.46359],[-121.832,38.4636],[-121.83259,38.46283],[-121.83202,38.46204],[-121.83088,38.46203],[-121.83029,38.4628]]],"type":"Polygon"},"properties":{"bbox":{"roads":{"area":1643.13,"pct":6.32}},"city_same":1,"id":"hex:4013:24582"},"type":"Feature"},{"geometry":{"coordinates":[[[-121.83027,38.46436],[-121.83083,38.46515],[-121.83197,38.46516],[-121.83256,38.46439],[-121.832,38.4636],[-121.83085,38.46359],[-121.83027,38.46436]]],"type":"Polygon"},"properties":{"bbox":{"roads":{"area":2500.82,"pct":9.63},"sidewalks":{"area":53.14,"pct":0.2}},"city_same":1,"id":"hex:4013:24583"},"type":"Feature"},{"geometry":{"coordinates":[[[-121.83024,38.46592],[-121.8308,38.46671],[-121.83195,38.46672],[-121.83253,38.46595],[-121.83197,38.46516],[-121.83083,38.46515],[-121.83024,38.46592]]],"type":"Polygon"},"properties":{"bbox":{"roads":{"area":3805.73,"pct":14.65}},"city":{"roads":{"area":2961.34,"pct":11.4}},"id":"hex:4013:24584"},"type":"Feature"},{"geometry":{"coordinates":[[[-121.83022,38.46748],[-121.8308,38.46671],[-121.83195,38.46672],[-121.8321,38.46694],[-121.83064,38.46808],[-121.83022,38.46748]]],"type":"Polygon"},"properties":{"bbox":{"roads":{"area":3768.13,"pct":28.45}},"id":"hex:4013:24585"},"type":"Feature"},{"geometry":{"coordinates":[[[-121.8308,38.43159],[-121.82965,38.43158],[-121.82934,38.43113],[-121.83112,38.43116],[-121.8308,38.43159]]],"type":"Polygon"},"properties":{"bbox":{"roads":{"area":935.69,"pct":15.02},"sidewalks":{"area":185.2,"pct":2.97}},"city_same":1,"id":"hex:4014:24562"},"type":"Feature"},{"geometry":{"coordinates":[[[-121.82907,38.43235],[-121.82963,38.43314],[-121.83077,38.43315],[-121.83136,38.43238],[-121.8308,38.43159],[-121.82965,38.43158],[-121.82907,38.43235]]],"type":"Polygon"},"properties":{"bbox":{"roads":{"area":2213.23,"pct":8.52}},"city_same":1,"id":"hex:4014:24563"},"type":"Feature"},{"geometry":{"coordinates":[[[-121.82904,38.43391],[-121.8296,38.4347],[-121.83075,38.43471],[-121.83133,38.43394],[-121.83077,38.43315],[-121.82963,38.43314],[-121.82904,38.43391]]],"type":"Polygon"},"properties":{"bbox":{"roads":{"area":3006.63,"pct":11.57}},"city_same":1,"id":"hex:4014:24564"},"type":"Feature"},{"geometry":{"coordinates":[[[-121.82902,38.43547],[-121.82958,38.43626],[-121.83072,38.43627],[-121.83131,38.4355],[-121.83075,38.43471],[-121.8296,38.4347],[-121.82902,38.43547]]],"type":"Polygon"},"properties":{"bbox":{"roads":{"area":2206.3,"pct":8.49}},"city_same":1,"id":"hex:4014:24565"},"type":"Feature"},{"geometry":{"coordinates":[[[-121.82899,38.43703],[-121.82955,38.43782],[-121.8307,38.43783],[-121.83128,38.43706],[-121.83072,38.43627],[-121.82958,38.43626],[-121.82899,38.43703]]],"type":"Polygon"},"properties":{"bbox":{"roads":{"area":2347.27,"pct":9.03}},"city_same":1,"id":"hex:4014:24566"},"type":"Feature"},{"geometry":{"coordinates":[[[-121.82897,38.4386],[-121.82953,38.43938],[-121.83067,38.43939],[-121.83126,38.43862],[-121.8307,38.43783],[-121.82955,38.43782],[-121.82897,38.4386]]],"type":"Polygon"},"properties":{"bbox":{"roads":{"area":736.59,"pct":2.84}},"city_same":1,"id":"hex:4014:24567"},"type":"Feature"},{"geometry":{"coordinates":[[[-121.82894,38.44016],[-121.8295,38.44094],[-121.83065,38.44095],[-121.83123,38.44018],[-121.83067,38.43939],[-121.82953,38.43938],[-121.82894,38.44016]]],"type":"Polygon"},"properties":{"bbox":{"roads":{"area":1333.64,"pct":5.13}},"city_same":1,"id":"hex:4014:24568"},"type":"Feature"},{"geometry":{"coordinates":[[[-121.82891,38.44172],[-121.82948,38.4425],[-121.83062,38.44251],[-121.83121,38.44174],[-121.83065,38.44095],[-121.8295,38.44094],[-121.82891,38.44172]]],"type":"Polygon"},"properties":{"bbox":{"roads":{"area":146.04,"pct":0.56}},"city_same":1,"id":"hex:4014:24569"},"type":"Feature"},{"geometry":{"coordinates":[[[-121.82889,38.44328],[-121.82945,38.44406],[-121.8306,38.44407],[-121.83118,38.4433],[-121.83062,38.44251],[-121.82948,38.4425],[-121.82889,38.44328]]],"type":"Polygon"},"properties":{"bbox":{"roads":{"area":275.78,"pct":1.06}},"city_same":1,"id":"hex:4014:24570"},"type":"Feature"},{"geometry":{"coordinates":[[[-121.82886,38.44484],[-121.82942,38.44562],[-121.83057,38.44564],[-121.83116,38.44486],[-121.8306,38.44407],[-121.82945,38.44406],[-121.82886,38.44484]]],"type":"Polygon"},"properties":{"bbox":{"roads":{"area":1711.98,"pct":6.59}},"city":{"roads":{"area":1584.72,"pct":6.1}},"id":"hex:4014:24571"},"type":"Feature"},{"geometry":{"coordinates":[[[-121.82884,38.4464],[-121.8294,38.44718],[-121.83055,38.4472],[-121.83113,38.44642],[-121.83057,38.44564],[-121.82942,38.44562],[-121.82884,38.4464]]],"type":"Polygon"},"properties":{"bbox":{"roads":{"area":2371.97,"pct":9.13}},"city":{"roads":{"area":1694.33,"pct":6.52}},"id":"hex:4014:24572"},"type":"Feature"},{"geometry":{"coordinates":[[[-121.82881,38.44796],[-121.82937,38.44875],[-121.83052,38.44876],[-121.83111,38.44798],[-121.83055,38.4472],[-121.8294,38.44718],[-121.82881,38.44796]]],"type":"Polygon"},"properties":{"bbox":{"roads":{"area":1968.82,"pct":7.58}},"city_same":1,"id":"hex:4014:24573"},"type":"Feature"},{"geometry":{"coordinates":[[[-121.82879,38.44952],[-121.82935,38.45031],[-121.83049,38.45032],[-121.83108,38.44954],[-121.83052,38.44876],[-121.82937,38.44875],[-121.82879,38.44952]]],"type":"Polygon"},"properties":{"bbox":{"roads":{"area":1730.11,"pct":6.66}},"city_same":1,"id":"hex:4014:24574"},"type":"Feature"},{"geometry":{"coordinates":[[[-121.82876,38.45108],[-121.82932,38.45187],[-121.83047,38.45188],[-121.83106,38.4511],[-121.83049,38.45032],[-121.82935,38.45031],[-121.82876,38.45108]]],"type":"Polygon"},"properties":{"bbox":{"roads":{"area":1720.95,"pct":6.62}},"city_same":1,"id":"hex:4014:24575"},"type":"Feature"},{"geometry":{"coordinates":[[[-121.82874,38.45264],[-121.8293,38.45343],[-121.83044,38.45344],[-121.83103,38.45266],[-121.83047,38.45188],[-121.82932,38.45187],[-121.82874,38.45264]]],"type":"Polygon"},"properties":{"bbox":{"parking":{"area":396.14,"pct":1.52},"roads":{"area":1906.7,"pct":7.34}},"city_same":1,"id":"hex:4014:24576"},"type":"Feature"},{"geometry":{"coordinates":[[[-121.82871,38.4542],[-121.82927,38.45499],[-121.83042,38.455],[-121.831,38.45422],[-121.83044,38.45344],[-121.8293,38.45343],[-121.82871,38.4542]]],"type":"Polygon"},"properties":{"bbox":{"roads":{"area":1791.37,"pct":6.89}},"city_same":1,"id":"hex:4014:24577"},"type":"Feature"},{"geometry":{"coordinates":[[[-121.82869,38.45576],[-121.82925,38.45655],[-121.83039,38.45656],[-121.83098,38.45579],[-121.83042,38.455],[-121.82927,38.45499],[-121.82869,38.45576]]],"type":"Polygon"},"properties":{"bbox":{"roads":{"area":2498.24,"pct":9.62}},"city_same":1,"id":"hex:4014:24578"},"type":"Feature"},{"geometry":{"coordinates":[[[-121.82866,38.45732],[-121.82922,38.45811],[-121.83037,38.45812],[-121.83095,38.45735],[-121.83039,38.45656],[-121.82925,38.45655],[-121.82866,38.45732]]],"type":"Polygon"},"properties":{"bbox":{"roads":{"area":2888.12,"pct":11.12}},"city_same":1,"id":"hex:4014:24579"},"type":"Feature"},{"geometry":{"coordinates":[[[-121.82864,38.45888],[-121.8292,38.45967],[-121.83034,38.45968],[-121.83093,38.45891],[-121.83037,38.45812],[-121.82922,38.45811],[-121.82864,38.45888]]],"type":"Polygon"},"properties":{"bbox":{"roads":{"area":1138.83,"pct":4.38}},"city_same":1,"id":"hex:4014:24580"},"type":"Feature"},{"geometry":{"coordinates":[[[-121.82861,38.46044],[-121.82917,38.46123],[-121.83032,38.46124],[-121.8309,38.46047],[-121.83034,38.45968],[-121.8292,38.45967],[-121.82861,38.46044]]],"type":"Polygon"},"properties":{"bbox":{"parking":{"area":177.64,"pct":0.68},"roads":{"area":1559.49,"pct":6},"sidewalks":{"area":321.41,"pct":1.24}},"city_same":1,"id":"hex:4014:24581"},"type":"Feature"},{"geometry":{"coordinates":[[[-121.82859,38.462],[-121.82915,38.46279],[-121.83029,38.4628],[-121.83088,38.46203],[-121.83032,38.46124],[-121.82917,38.46123],[-121.82859,38.462]]],"type":"Polygon"},"properties":{"bbox":{"parking":{"area":207.67,"pct":0.8},"roads":{"area":2194.91,"pct":8.45},"sidewalks":{"area":36.68,"pct":0.14}},"city_same":1,"id":"hex:4014:24582"},"type":"Feature"},{"geometry":{"coordinates":[[[-121.82856,38.46357],[-121.82912,38.46435],[-121.83027,38.46436],[-121.83085,38.46359],[-121.83029,38.4628],[-121.82915,38.46279],[-121.82856,38.46357]]],"type":"Polygon"},"properties":{"bbox":{"roads":{"area":1689.23,"pct":6.5}},"city_same":1,"id":"hex:4014:24583"},"type":"Feature"},{"geometry":{"coordinates":[[[-121.82854,38.46513],[-121.8291,38.46591],[-121.83024,38.46592],[-121.83083,38.46515],[-121.83027,38.46436],[-121.82912,38.46435],[-121.82854,38.46513]]],"type":"Polygon"},"properties":{"bbox":{"roads":{"area":2429.42,"pct":9.35}},"city_same":1,"id":"hex:4014:24584"},"type":"Feature"},{"geometry":{"coordinates":[[[-121.82851,38.46669],[-121.82907,38.46747],[-121.83022,38.46748],[-121.8308,38.46671],[-121.83024,38.46592],[-121.8291,38.46591],[-121.82851,38.46669]]],"type":"Polygon"},"properties":{"bbox":{"roads":{"area":2994.66,"pct":11.53},"sidewalks":{"area":52.18,"pct":0.2}},"city_same":1,"id":"hex:4014:24585"},"type":"Feature"},{"geometry":{"coordinates":[[[-121.82905,38.46903],[-121.82849,38.46825],[-121.82907,38.46747],[-121.83022,38.46748],[-121.83064,38.46808],[-121.8294,38.46904],[-121.82905,38.46903]]],"type":"Polygon"},"properties":{"bbox":{"roads":{"area":3958.23,"pct":18.7},"sidewalks":{"area":34.86,"pct":0.16}},"city":{"sidewalks":{"area":34.86,"pct":0.16}},"id":"hex:4014:24586"},"type":"Feature"},{"geometry":{"coordinates":[[[-121.82905,38.46903],[-121.8294,38.46904],[-121.82854,38.4697],[-121.82905,38.46903]]],"type":"Polygon"},"properties":{"bbox":{"roads":{"area":117.32,"pct":10.24}},"id":"hex:4014:24587"},"type":"Feature"},{"geometry":{"coordinates":[[[-121.82965,38.43158],[-121.82907,38.43235],[-121.82792,38.43234],[-121.82736,38.43156],[-121.82769,38.43111],[-121.82934,38.43113],[-121.82965,38.43158]]],"type":"Polygon"},"properties":{"bbox":{"roads":{"area":1980.32,"pct":9.25},"sidewalks":{"area":281.38,"pct":1.31}},"city_same":1,"id":"hex:4015:24562"},"type":"Feature"},{"geometry":{"coordinates":[[[-121.82734,38.43312],[-121.8279,38.4339],[-121.82904,38.43391],[-121.82963,38.43314],[-121.82907,38.43235],[-121.82792,38.43234],[-121.82734,38.43312]]],"type":"Polygon"},"properties":{"bbox":{"roads":{"area":1462.14,"pct":5.63}},"city_same":1,"id":"hex:4015:24563"},"type":"Feature"},{"geometry":{"coordinates":[[[-121.82731,38.43468],[-121.82787,38.43546],[-121.82902,38.43547],[-121.8296,38.4347],[-121.82904,38.43391],[-121.8279,38.4339],[-121.82731,38.43468]]],"type":"Polygon"},"properties":{"bbox":{"parking":{"area":316.83,"pct":1.22},"roads":{"area":2227.78,"pct":8.57}},"city_same":1,"id":"hex:4015:24564"},"type":"Feature"},{"geometry":{"coordinates":[[[-121.82728,38.43624],[-121.82784,38.43702],[-121.82899,38.43703],[-121.82958,38.43626],[-121.82902,38.43547],[-121.82787,38.43546],[-121.82728,38.43624]]],"type":"Polygon"},"properties":{"bbox":{"roads":{"area":2324.46,"pct":8.95}},"city_same":1,"id":"hex:4015:24565"},"type":"Feature"},{"geometry":{"coordinates":[[[-121.82726,38.4378],[-121.82782,38.43858],[-121.82897,38.4386],[-121.82955,38.43782],[-121.82899,38.43703],[-121.82784,38.43702],[-121.82726,38.4378]]],"type":"Polygon"},"properties":{"bbox":{"roads":{"area":1640.4,"pct":6.31}},"city_same":1,"id":"hex:4015:24566"},"type":"Feature"},{"geometry":{"coordinates":[[[-121.82723,38.43936],[-121.82779,38.44014],[-121.82894,38.44016],[-121.82953,38.43938],[-121.82897,38.4386],[-121.82782,38.43858],[-121.82723,38.43936]]],"type":"Polygon"},"properties":{"bbox":{"roads":{"area":1810.1,"pct":6.97}},"city_same":1,"id":"hex:4015:24567"},"type":"Feature"},{"geometry":{"coordinates":[[[-121.82721,38.44092],[-121.82777,38.4417],[-121.82891,38.44172],[-121.8295,38.44094],[-121.82894,38.44016],[-121.82779,38.44014],[-121.82721,38.44092]]],"type":"Polygon"},"properties":{"bbox":{"roads":{"area":2347.16,"pct":9.03}},"city_same":1,"id":"hex:4015:24568"},"type":"Feature"},{"geometry":{"coordinates":[[[-121.82718,38.44248],[-121.82774,38.44327],[-121.82889,38.44328],[-121.82948,38.4425],[-121.82891,38.44172],[-121.82777,38.4417],[-121.82718,38.44248]]],"type":"Polygon"},"properties":{"bbox":{"roads":{"area":2031.69,"pct":7.82}},"city_same":1,"id":"hex:4015:24569"},"type":"Feature"},{"geometry":{"coordinates":[[[-121.82716,38.44404],[-121.82772,38.44483],[-121.82886,38.44484],[-121.82945,38.44406],[-121.82889,38.44328],[-121.82774,38.44327],[-121.82716,38.44404]]],"type":"Polygon"},"properties":{"bbox":{"roads":{"area":1865.25,"pct":7.18}},"city_same":1,"id":"hex:4015:24570"},"type":"Feature"},{"geometry":{"coordinates":[[[-121.82713,38.4456],[-121.82769,38.44639],[-121.82884,38.4464],[-121.82942,38.44562],[-121.82886,38.44484],[-121.82772,38.44483],[-121.82713,38.4456]]],"type":"Polygon"},"properties":{"bbox":{"roads":{"area":2199.03,"pct":8.46}},"city":{"roads":{"area":661.41,"pct":2.55}},"id":"hex:4015:24571"},"type":"Feature"},{"geometry":{"coordinates":[[[-121.82711,38.44716],[-121.82767,38.44795],[-121.82881,38.44796],[-121.8294,38.44718],[-121.82884,38.4464],[-121.82769,38.44639],[-121.82711,38.44716]]],"type":"Polygon"},"properties":{"bbox":{"roads":{"area":3199.5,"pct":12.31}},"city_same":1,"id":"hex:4015:24572"},"type":"Feature"},{"geometry":{"coordinates":[[[-121.82708,38.44872],[-121.82764,38.44951],[-121.82879,38.44952],[-121.82937,38.44875],[-121.82881,38.44796],[-121.82767,38.44795],[-121.82708,38.44872]]],"type":"Polygon"},"properties":{"bbox":{"roads":{"area":2149.05,"pct":8.27}},"city_same":1,"id":"hex:4015:24573"},"type":"Feature"},{"geometry":{"coordinates":[[[-121.82706,38.45028],[-121.82762,38.45107],[-121.82876,38.45108],[-121.82935,38.45031],[-121.82879,38.44952],[-121.82764,38.44951],[-121.82706,38.45028]]],"type":"Polygon"},"properties":{"bbox":{"roads":{"area":2636.47,"pct":10.15}},"city_same":1,"id":"hex:4015:24574"},"type":"Feature"},{"geometry":{"coordinates":[[[-121.82703,38.45184],[-121.82759,38.45263],[-121.82874,38.45264],[-121.82932,38.45187],[-121.82876,38.45108],[-121.82762,38.45107],[-121.82703,38.45184]]],"type":"Polygon"},"properties":{"bbox":{"parking":{"area":721.5,"pct":2.78},"roads":{"area":2503.79,"pct":9.64}},"city_same":1,"id":"hex:4015:24575"},"type":"Feature"},{"geometry":{"coordinates":[[[-121.82701,38.4534],[-121.82757,38.45419],[-121.82871,38.4542],[-121.8293,38.45343],[-121.82874,38.45264],[-121.82759,38.45263],[-121.82701,38.4534]]],"type":"Polygon"},"properties":{"bbox":{"parking":{"area":891.09,"pct":3.43},"roads":{"area":2784.91,"pct":10.72}},"city_same":1,"id":"hex:4015:24576"},"type":"Feature"},{"geometry":{"coordinates":[[[-121.82698,38.45496],[-121.82754,38.45575],[-121.82869,38.45576],[-121.82927,38.45499],[-121.82871,38.4542],[-121.82757,38.45419],[-121.82698,38.45496]]],"type":"Polygon"},"properties":{"bbox":{"roads":{"area":3039.7,"pct":11.7}},"city_same":1,"id":"hex:4015:24577"},"type":"Feature"},{"geometry":{"coordinates":[[[-121.82696,38.45653],[-121.82752,38.45731],[-121.82866,38.45732],[-121.82925,38.45655],[-121.82869,38.45576],[-121.82754,38.45575],[-121.82696,38.45653]]],"type":"Polygon"},"properties":{"bbox":{"roads":{"area":2795.92,"pct":10.76}},"city_same":1,"id":"hex:4015:24578"},"type":"Feature"},{"geometry":{"coordinates":[[[-121.82693,38.45809],[-121.82749,38.45887],[-121.82864,38.45888],[-121.82922,38.45811],[-121.82866,38.45732],[-121.82752,38.45731],[-121.82693,38.45809]]],"type":"Polygon"},"properties":{"bbox":{"roads":{"area":1960.5,"pct":7.55}},"city_same":1,"id":"hex:4015:24579"},"type":"Feature"},{"geometry":{"coordinates":[[[-121.82691,38.45965],[-121.82747,38.46043],[-121.82861,38.46044],[-121.8292,38.45967],[-121.82864,38.45888],[-121.82749,38.45887],[-121.82691,38.45965]]],"type":"Polygon"},"properties":{"bbox":{"roads":{"area":2140.45,"pct":8.24}},"city_same":1,"id":"hex:4015:24580"},"type":"Feature"},{"geometry":{"coordinates":[[[-121.82688,38.46121],[-121.82744,38.46199],[-121.82859,38.462],[-121.82917,38.46123],[-121.82861,38.46044],[-121.82747,38.46043],[-121.82688,38.46121]]],"type":"Polygon"},"properties":{"bbox":{"roads":{"area":1871.46,"pct":7.2}},"city_same":1,"id":"hex:4015:24581"},"type":"Feature"},{"geometry":{"coordinates":[[[-121.82686,38.46277],[-121.82742,38.46355],[-121.82856,38.46357],[-121.82915,38.46279],[-121.82859,38.462],[-121.82744,38.46199],[-121.82686,38.46277]]],"type":"Polygon"},"properties":{"bbox":{"roads":{"area":2018.81,"pct":7.77}},"city_same":1,"id":"hex:4015:24582"},"type":"Feature"},{"geometry":{"coordinates":[[[-121.82683,38.46433],[-121.82739,38.46511],[-121.82854,38.46513],[-121.82912,38.46435],[-121.82856,38.46357],[-121.82742,38.46355],[-121.82683,38.46433]]],"type":"Polygon"},"properties":{"bbox":{"roads":{"area":1913.02,"pct":7.36}},"city_same":1,"id":"hex:4015:24583"},"type":"Feature"},{"geometry":{"coordinates":[[[-121.8268,38.46589],[-121.82737,38.46668],[-121.82851,38.46669],[-121.8291,38.46591],[-121.82854,38.46513],[-121.82739,38.46511],[-121.8268,38.46589]]],"type":"Polygon"},"properties":{"bbox":{"roads":{"area":1547.31,"pct":5.96}},"city_same":1,"id":"hex:4015:24584"},"type":"Feature"},{"geometry":{"coordinates":[[[-121.82678,38.46745],[-121.82734,38.46824],[-121.82849,38.46825],[-121.82907,38.46747],[-121.82851,38.46669],[-121.82737,38.46668],[-121.82678,38.46745]]],"type":"Polygon"},"properties":{"bbox":{"roads":{"area":4364.77,"pct":16.8},"sidewalks":{"area":706.6,"pct":2.72}},"city_same":1,"id":"hex:4015:24585"},"type":"Feature"},{"geometry":{"coordinates":[[[-121.82731,38.4698],[-121.82675,38.46901],[-121.82734,38.46824],[-121.82849,38.46825],[-121.82905,38.46903],[-121.82854,38.4697],[-121.8284,38.46981],[-121.82731,38.4698]]],"type":"Polygon"},"properties":{"bbox":{"roads":{"area":3286.77,"pct":12.67},"sidewalks":{"area":284.76,"pct":1.1}},"city":{"roads":{"area":418.31,"pct":1.61},"sidewalks":{"area":284.76,"pct":1.1}},"id":"hex:4015:24586"},"type":"Feature"},{"geometry":{"coordinates":[[[-121.82673,38.47057],[-121.82731,38.4698],[-121.8284,38.46981],[-121.82697,38.47092],[-121.82673,38.47057]]],"type":"Polygon"},"properties":{"bbox":{"roads":{"area":2999.48,"pct":38.37}},"id":"hex:4015:24587"},"type":"Feature"},{"geometry":{"coordinates":[[[-121.82736,38.43156],[-121.82622,38.43154],[-121.82589,38.43109],[-121.82769,38.43111],[-121.82736,38.43156]]],"type":"Polygon"},"properties":{"bbox":{"roads":{"area":927.42,"pct":14.56},"sidewalks":{"area":183.35,"pct":2.88}},"city_same":1,"id":"hex:4016:24562"},"type":"Feature"},{"geometry":{"coordinates":[[[-121.82563,38.43232],[-121.82619,38.4331],[-121.82734,38.43312],[-121.82792,38.43234],[-121.82736,38.43156],[-121.82622,38.43154],[-121.82563,38.43232]]],"type":"Polygon"},"properties":{"bbox":{"roads":{"area":2093.29,"pct":8.06}},"city_same":1,"id":"hex:4016:24563"},"type":"Feature"},{"geometry":{"coordinates":[[[-121.8256,38.43388],[-121.82616,38.43466],[-121.82731,38.43468],[-121.8279,38.4339],[-121.82734,38.43312],[-121.82619,38.4331],[-121.8256,38.43388]]],"type":"Polygon"},"properties":{"bbox":{"roads":{"area":3280.06,"pct":12.62}},"city_same":1,"id":"hex:4016:24564"},"type":"Feature"},{"geometry":{"coordinates":[[[-121.82558,38.43544],[-121.82614,38.43623],[-121.82728,38.43624],[-121.82787,38.43546],[-121.82731,38.43468],[-121.82616,38.43466],[-121.82558,38.43544]]],"type":"Polygon"},"properties":{"bbox":{"roads":{"area":2301.11,"pct":8.86}},"city_same":1,"id":"hex:4016:24565"},"type":"Feature"},{"geometry":{"coordinates":[[[-121.82555,38.437],[-121.82611,38.43779],[-121.82726,38.4378],[-121.82784,38.43702],[-121.82728,38.43624],[-121.82614,38.43623],[-121.82555,38.437]]],"type":"Polygon"},"properties":{"bbox":{"roads":{"area":2522.94,"pct":9.71}},"city_same":1,"id":"hex:4016:24566"},"type":"Feature"},{"geometry":{"coordinates":[[[-121.82553,38.43856],[-121.82609,38.43935],[-121.82723,38.43936],[-121.82782,38.43858],[-121.82726,38.4378],[-121.82611,38.43779],[-121.82553,38.43856]]],"type":"Polygon"},"properties":{"bbox":{"roads":{"area":2714.52,"pct":10.45}},"city_same":1,"id":"hex:4016:24567"},"type":"Feature"},{"geometry":{"coordinates":[[[-121.8255,38.44012],[-121.82606,38.44091],[-121.82721,38.44092],[-121.82779,38.44014],[-121.82723,38.43936],[-121.82609,38.43935],[-121.8255,38.44012]]],"type":"Polygon"},"properties":{"bbox":{"roads":{"area":3220.81,"pct":12.4}},"city_same":1,"id":"hex:4016:24568"},"type":"Feature"},{"geometry":{"coordinates":[[[-121.82548,38.44168],[-121.82604,38.44247],[-121.82718,38.44248],[-121.82777,38.4417],[-121.82721,38.44092],[-121.82606,38.44091],[-121.82548,38.44168]]],"type":"Polygon"},"properties":{"bbox":{"roads":{"area":3218.58,"pct":12.39}},"city_same":1,"id":"hex:4016:24569"},"type":"Feature"},{"geometry":{"coordinates":[[[-121.82545,38.44324],[-121.82601,38.44403],[-121.82716,38.44404],[-121.82774,38.44327],[-121.82718,38.44248],[-121.82604,38.44247],[-121.82545,38.44324]]],"type":"Polygon"},"properties":{"bbox":{"roads":{"area":2726.23,"pct":10.49}},"city_same":1,"id":"hex:4016:24570"},"type":"Feature"},{"geometry":{"coordinates":[[[-121.82543,38.4448],[-121.82599,38.44559],[-121.82713,38.4456],[-121.82772,38.44483],[-121.82716,38.44404],[-121.82601,38.44403],[-121.82543,38.4448]]],"type":"Polygon"},"properties":{"bbox":{"roads":{"area":2769.98,"pct":10.66}},"city":{"roads":{"area":2625.34,"pct":10.1}},"id":"hex:4016:24571"},"type":"Feature"},{"geometry":{"coordinates":[[[-121.8254,38.44636],[-121.82596,38.44715],[-121.82711,38.44716],[-121.82769,38.44639],[-121.82713,38.4456],[-121.82599,38.44559],[-121.8254,38.44636]]],"type":"Polygon"},"properties":{"bbox":{"roads":{"area":3511.05,"pct":13.51}},"city":{"roads":{"area":2916.4,"pct":11.23}},"id":"hex:4016:24572"},"type":"Feature"},{"geometry":{"coordinates":[[[-121.82538,38.44792],[-121.82594,38.44871],[-121.82708,38.44872],[-121.82767,38.44795],[-121.82711,38.44716],[-121.82596,38.44715],[-121.82538,38.44792]]],"type":"Polygon"},"properties":{"bbox":{"roads":{"area":3070.93,"pct":11.82}},"city_same":1,"id":"hex:4016:24573"},"type":"Feature"},{"geometry":{"coordinates":[[[-121.82535,38.44949],[-121.82591,38.45027],[-121.82706,38.45028],[-121.82764,38.44951],[-121.82708,38.44872],[-121.82594,38.44871],[-121.82535,38.44949]]],"type":"Polygon"},"properties":{"bbox":{"roads":{"area":2871.74,"pct":11.05}},"city_same":1,"id":"hex:4016:24574"},"type":"Feature"},{"geometry":{"coordinates":[[[-121.82533,38.45105],[-121.82589,38.45183],[-121.82703,38.45184],[-121.82762,38.45107],[-121.82706,38.45028],[-121.82591,38.45027],[-121.82533,38.45105]]],"type":"Polygon"},"properties":{"bbox":{"roads":{"area":2272.42,"pct":8.75}},"city_same":1,"id":"hex:4016:24575"},"type":"Feature"},{"geometry":{"coordinates":[[[-121.8253,38.45261],[-121.82586,38.45339],[-121.82701,38.4534],[-121.82759,38.45263],[-121.82703,38.45184],[-121.82589,38.45183],[-121.8253,38.45261]]],"type":"Polygon"},"properties":{"bbox":{"roads":{"area":1310.63,"pct":5.04}},"city_same":1,"id":"hex:4016:24576"},"type":"Feature"},{"geometry":{"coordinates":[[[-121.82528,38.45417],[-121.82584,38.45495],[-121.82698,38.45496],[-121.82757,38.45419],[-121.82701,38.4534],[-121.82586,38.45339],[-121.82528,38.45417]]],"type":"Polygon"},"properties":{"bbox":{"roads":{"area":2034.49,"pct":7.83}},"city_same":1,"id":"hex:4016:24577"},"type":"Feature"},{"geometry":{"coordinates":[[[-121.82525,38.45573],[-121.82581,38.45651],[-121.82696,38.45653],[-121.82754,38.45575],[-121.82698,38.45496],[-121.82584,38.45495],[-121.82525,38.45573]]],"type":"Polygon"},"properties":{"bbox":{"roads":{"area":1781.02,"pct":6.86}},"city_same":1,"id":"hex:4016:24578"},"type":"Feature"},{"geometry":{"coordinates":[[[-121.82522,38.45729],[-121.82579,38.45807],[-121.82693,38.45809],[-121.82752,38.45731],[-121.82696,38.45653],[-121.82581,38.45651],[-121.82522,38.45729]]],"type":"Polygon"},"properties":{"bbox":{"roads":{"area":2593.67,"pct":9.98}},"city_same":1,"id":"hex:4016:24579"},"type":"Feature"},{"geometry":{"coordinates":[[[-121.8252,38.45885],[-121.82576,38.45964],[-121.82691,38.45965],[-121.82749,38.45887],[-121.82693,38.45809],[-121.82579,38.45807],[-121.8252,38.45885]]],"type":"Polygon"},"properties":{"bbox":{"roads":{"area":1587.25,"pct":6.11}},"city_same":1,"id":"hex:4016:24580"},"type":"Feature"},{"geometry":{"coordinates":[[[-121.82517,38.46041],[-121.82573,38.4612],[-121.82688,38.46121],[-121.82747,38.46043],[-121.82691,38.45965],[-121.82576,38.45964],[-121.82517,38.46041]]],"type":"Polygon"},"properties":{"bbox":{"roads":{"area":1546.02,"pct":5.95}},"city_same":1,"id":"hex:4016:24581"},"type":"Feature"},{"geometry":{"coordinates":[[[-121.82515,38.46197],[-121.82571,38.46276],[-121.82686,38.46277],[-121.82744,38.46199],[-121.82688,38.46121],[-121.82573,38.4612],[-121.82515,38.46197]]],"type":"Polygon"},"properties":{"bbox":{"roads":{"area":2754.08,"pct":10.6}},"city_same":1,"id":"hex:4016:24582"},"type":"Feature"},{"geometry":{"coordinates":[[[-121.82512,38.46353],[-121.82568,38.46432],[-121.82683,38.46433],[-121.82742,38.46355],[-121.82686,38.46277],[-121.82571,38.46276],[-121.82512,38.46353]]],"type":"Polygon"},"properties":{"bbox":{"roads":{"area":2300.04,"pct":8.85}},"city_same":1,"id":"hex:4016:24583"},"type":"Feature"},{"geometry":{"coordinates":[[[-121.8251,38.46509],[-121.82566,38.46588],[-121.8268,38.46589],[-121.82739,38.46511],[-121.82683,38.46433],[-121.82568,38.46432],[-121.8251,38.46509]]],"type":"Polygon"},"properties":{"bbox":{"roads":{"area":2773.1,"pct":10.67}},"city_same":1,"id":"hex:4016:24584"},"type":"Feature"},{"geometry":{"coordinates":[[[-121.82507,38.46665],[-121.82563,38.46744],[-121.82678,38.46745],[-121.82737,38.46668],[-121.8268,38.46589],[-121.82566,38.46588],[-121.82507,38.46665]]],"type":"Polygon"},"properties":{"bbox":{"roads":{"area":3497.39,"pct":13.46},"sidewalks":{"area":146.87,"pct":0.57}},"city_same":1,"id":"hex:4016:24585"},"type":"Feature"},{"geometry":{"coordinates":[[[-121.82505,38.46821],[-121.82561,38.469],[-121.82675,38.46901],[-121.82734,38.46824],[-121.82678,38.46745],[-121.82563,38.46744],[-121.82505,38.46821]]],"type":"Polygon"},"properties":{"bbox":{"roads":{"area":2299.75,"pct":8.85},"sidewalks":{"area":416.34,"pct":1.6}},"city_same":1,"id":"hex:4016:24586"},"type":"Feature"},{"geometry":{"coordinates":[[[-121.82502,38.46977],[-121.82558,38.47056],[-121.82673,38.47057],[-121.82731,38.4698],[-121.82675,38.46901],[-121.82561,38.469],[-121.82502,38.46977]]],"type":"Polygon"},"properties":{"bbox":{"roads":{"area":43.42,"pct":0.17}},"id":"hex:4016:24587"},"type":"Feature"},{"geometry":{"coordinates":[[[-121.825,38.47133],[-121.82558,38.47056],[-121.82673,38.47057],[-121.82697,38.47092],[-121.82551,38.47205],[-121.825,38.47133]]],"type":"Polygon"},"properties":{"bbox":{"roads":{"area":4046.82,"pct":25.25}},"id":"hex:4016:24588"},"type":"Feature"},{"geometry":{"coordinates":[[[-121.82622,38.43154],[-121.82563,38.43232],[-121.82448,38.43231],[-121.82392,38.43152],[-121.82426,38.43107],[-121.82589,38.43109],[-121.82622,38.43154]]],"type":"Polygon"},"properties":{"bbox":{"roads":{"area":2361.31,"pct":10.96},"sidewalks":{"area":267.29,"pct":1.24}},"city_same":1,"id":"hex:4017:24562"},"type":"Feature"},{"geometry":{"coordinates":[[[-121.8239,38.43308],[-121.82446,38.43387],[-121.8256,38.43388],[-121.82619,38.4331],[-121.82563,38.43232],[-121.82448,38.43231],[-121.8239,38.43308]]],"type":"Polygon"},"properties":{"bbox":{"roads":{"area":3224.49,"pct":12.41}},"city_same":1,"id":"hex:4017:24563"},"type":"Feature"},{"geometry":{"coordinates":[[[-121.82387,38.43464],[-121.82443,38.43543],[-121.82558,38.43544],[-121.82616,38.43466],[-121.8256,38.43388],[-121.82446,38.43387],[-121.82387,38.43464]]],"type":"Polygon"},"properties":{"bbox":{"roads":{"area":2139.14,"pct":8.23}},"city_same":1,"id":"hex:4017:24564"},"type":"Feature"},{"geometry":{"coordinates":[[[-121.82385,38.4362],[-121.82441,38.43699],[-121.82555,38.437],[-121.82614,38.43623],[-121.82558,38.43544],[-121.82443,38.43543],[-121.82385,38.4362]]],"type":"Polygon"},"properties":{"bbox":{"roads":{"area":1833.69,"pct":7.06}},"city_same":1,"id":"hex:4017:24565"},"type":"Feature"},{"geometry":{"coordinates":[[[-121.82382,38.43776],[-121.82438,38.43855],[-121.82553,38.43856],[-121.82611,38.43779],[-121.82555,38.437],[-121.82441,38.43699],[-121.82382,38.43776]]],"type":"Polygon"},"properties":{"bbox":{"roads":{"area":1770.42,"pct":6.81}},"city_same":1,"id":"hex:4017:24566"},"type":"Feature"},{"geometry":{"coordinates":[[[-121.8238,38.43932],[-121.82436,38.44011],[-121.8255,38.44012],[-121.82609,38.43935],[-121.82553,38.43856],[-121.82438,38.43855],[-121.8238,38.43932]]],"type":"Polygon"},"properties":{"bbox":{"parking":{"area":12137.24,"pct":46.72},"roads":{"area":4358.88,"pct":16.78}},"city_same":1,"id":"hex:4017:24567"},"type":"Feature"},{"geometry":{"coordinates":[[[-121.82377,38.44088],[-121.82433,38.44167],[-121.82548,38.44168],[-121.82606,38.44091],[-121.8255,38.44012],[-121.82436,38.44011],[-121.82377,38.44088]]],"type":"Polygon"},"properties":{"bbox":{"parking":{"area":2625.76,"pct":10.11},"roads":{"area":2969.04,"pct":11.43}},"city_same":1,"id":"hex:4017:24568"},"type":"Feature"},{"geometry":{"coordinates":[[[-121.82375,38.44245],[-121.82431,38.44323],[-121.82545,38.44324],[-121.82604,38.44247],[-121.82548,38.44168],[-121.82433,38.44167],[-121.82375,38.44245]]],"type":"Polygon"},"properties":{"bbox":{"roads":{"area":2525.82,"pct":9.72}},"city_same":1,"id":"hex:4017:24569"},"type":"Feature"},{"geometry":{"coordinates":[[[-121.82372,38.44401],[-121.82428,38.44479],[-121.82543,38.4448],[-121.82601,38.44403],[-121.82545,38.44324],[-121.82431,38.44323],[-121.82372,38.44401]]],"type":"Polygon"},"properties":{"bbox":{"parking":{"area":234.85,"pct":0.9},"roads":{"area":2721.36,"pct":10.47}},"city_same":1,"id":"hex:4017:24570"},"type":"Feature"},{"geometry":{"coordinates":[[[-121.8237,38.44557],[-121.82426,38.44635],[-121.8254,38.44636],[-121.82599,38.44559],[-121.82543,38.4448],[-121.82428,38.44479],[-121.8237,38.44557]]],"type":"Polygon"},"properties":{"bbox":{"parking":{"area":293.66,"pct":1.13},"roads":{"area":2604.75,"pct":10.03}},"city":{"parking":{"area":293.66,"pct":1.13},"roads":{"area":1115.09,"pct":4.29}},"id":"hex:4017:24571"},"type":"Feature"},{"geometry":{"coordinates":[[[-121.82367,38.44713],[-121.82423,38.44791],[-121.82538,38.44792],[-121.82596,38.44715],[-121.8254,38.44636],[-121.82426,38.44635],[-121.82367,38.44713]]],"type":"Polygon"},"properties":{"bbox":{"parking":{"area":2556.86,"pct":9.84},"roads":{"area":2342.24,"pct":9.02}},"city_same":1,"id":"hex:4017:24572"},"type":"Feature"},{"geometry":{"coordinates":[[[-121.82365,38.44869],[-121.82421,38.44947],[-121.82535,38.44949],[-121.82594,38.44871],[-121.82538,38.44792],[-121.82423,38.44791],[-121.82365,38.44869]]],"type":"Polygon"},"properties":{"bbox":{"roads":{"area":2400.98,"pct":9.24}},"city_same":1,"id":"hex:4017:24573"},"type":"Feature"},{"geometry":{"coordinates":[[[-121.82362,38.45025],[-121.82418,38.45103],[-121.82533,38.45105],[-121.82591,38.45027],[-121.82535,38.44949],[-121.82421,38.44947],[-121.82362,38.45025]]],"type":"Polygon"},"properties":{"bbox":{"roads":{"area":2681.03,"pct":10.32}},"city_same":1,"id":"hex:4017:24574"},"type":"Feature"},{"geometry":{"coordinates":[[[-121.82359,38.45181],[-121.82415,38.45259],[-121.8253,38.45261],[-121.82589,38.45183],[-121.82533,38.45105],[-121.82418,38.45103],[-121.82359,38.45181]]],"type":"Polygon"},"properties":{"bbox":{"roads":{"area":1743.98,"pct":6.71}},"city_same":1,"id":"hex:4017:24575"},"type":"Feature"},{"geometry":{"coordinates":[[[-121.82357,38.45337],[-121.82413,38.45416],[-121.82528,38.45417],[-121.82586,38.45339],[-121.8253,38.45261],[-121.82415,38.45259],[-121.82357,38.45337]]],"type":"Polygon"},"properties":{"bbox":{"parking":{"area":325.71,"pct":1.25},"roads":{"area":3755.28,"pct":14.45},"sidewalks":{"area":466.38,"pct":1.8}},"city_same":1,"id":"hex:4017:24576"},"type":"Feature"},{"geometry":{"coordinates":[[[-121.82354,38.45493],[-121.8241,38.45572],[-121.82525,38.45573],[-121.82584,38.45495],[-121.82528,38.45417],[-121.82413,38.45416],[-121.82354,38.45493]]],"type":"Polygon"},"properties":{"bbox":{"roads":{"area":2301.59,"pct":8.86},"sidewalks":{"area":282.43,"pct":1.09}},"city_same":1,"id":"hex:4017:24577"},"type":"Feature"},{"geometry":{"coordinates":[[[-121.82352,38.45649],[-121.82408,38.45728],[-121.82522,38.45729],[-121.82581,38.45651],[-121.82525,38.45573],[-121.8241,38.45572],[-121.82352,38.45649]]],"type":"Polygon"},"properties":{"bbox":{"roads":{"area":3106.52,"pct":11.96},"sidewalks":{"area":212.75,"pct":0.82}},"city_same":1,"id":"hex:4017:24578"},"type":"Feature"},{"geometry":{"coordinates":[[[-121.82349,38.45805],[-121.82405,38.45884],[-121.8252,38.45885],[-121.82579,38.45807],[-121.82522,38.45729],[-121.82408,38.45728],[-121.82349,38.45805]]],"type":"Polygon"},"properties":{"bbox":{"roads":{"area":1592.82,"pct":6.13}},"city_same":1,"id":"hex:4017:24579"},"type":"Feature"},{"geometry":{"coordinates":[[[-121.82347,38.45961],[-121.82403,38.4604],[-121.82517,38.46041],[-121.82576,38.45964],[-121.8252,38.45885],[-121.82405,38.45884],[-121.82347,38.45961]]],"type":"Polygon"},"properties":{"bbox":{"roads":{"area":3295.16,"pct":12.68}},"city_same":1,"id":"hex:4017:24580"},"type":"Feature"},{"geometry":{"coordinates":[[[-121.82344,38.46117],[-121.824,38.46196],[-121.82515,38.46197],[-121.82573,38.4612],[-121.82517,38.46041],[-121.82403,38.4604],[-121.82344,38.46117]]],"type":"Polygon"},"properties":{"bbox":{"roads":{"area":2285.64,"pct":8.8}},"city_same":1,"id":"hex:4017:24581"},"type":"Feature"},{"geometry":{"coordinates":[[[-121.82342,38.46273],[-121.82398,38.46352],[-121.82512,38.46353],[-121.82571,38.46276],[-121.82515,38.46197],[-121.824,38.46196],[-121.82342,38.46273]]],"type":"Polygon"},"properties":{"bbox":{"roads":{"area":1878.6,"pct":7.23}},"city_same":1,"id":"hex:4017:24582"},"type":"Feature"},{"geometry":{"coordinates":[[[-121.82339,38.46429],[-121.82395,38.46508],[-121.8251,38.46509],[-121.82568,38.46432],[-121.82512,38.46353],[-121.82398,38.46352],[-121.82339,38.46429]]],"type":"Polygon"},"properties":{"bbox":{"roads":{"area":1388.74,"pct":5.35}},"city_same":1,"id":"hex:4017:24583"},"type":"Feature"},{"geometry":{"coordinates":[[[-121.82337,38.46585],[-121.82393,38.46664],[-121.82507,38.46665],[-121.82566,38.46588],[-121.8251,38.46509],[-121.82395,38.46508],[-121.82337,38.46585]]],"type":"Polygon"},"properties":{"bbox":{"roads":{"area":1221.87,"pct":4.7},"sidewalks":{"area":295.45,"pct":1.14}},"city_same":1,"id":"hex:4017:24584"},"type":"Feature"},{"geometry":{"coordinates":[[[-121.82334,38.46742],[-121.8239,38.4682],[-121.82505,38.46821],[-121.82563,38.46744],[-121.82507,38.46665],[-121.82393,38.46664],[-121.82334,38.46742]]],"type":"Polygon"},"properties":{"bbox":{"roads":{"area":3356.95,"pct":12.92},"sidewalks":{"area":831.99,"pct":3.2}},"city_same":1,"id":"hex:4017:24585"},"type":"Feature"},{"geometry":{"coordinates":[[[-121.82332,38.46898],[-121.82388,38.46976],[-121.82502,38.46977],[-121.82561,38.469],[-121.82505,38.46821],[-121.8239,38.4682],[-121.82332,38.46898]]],"type":"Polygon"},"properties":{"bbox":{"roads":{"area":1665.25,"pct":6.41},"sidewalks":{"area":420.86,"pct":1.62}},"city_same":1,"id":"hex:4017:24586"},"type":"Feature"},{"geometry":{"coordinates":[[[-121.82329,38.47054],[-121.82385,38.47132],[-121.825,38.47133],[-121.82558,38.47056],[-121.82502,38.46977],[-121.82388,38.46976],[-121.82329,38.47054]]],"type":"Polygon"},"properties":{"bbox":{"parking":{"area":186.54,"pct":0.72},"roads":{"area":1487.21,"pct":5.72},"sidewalks":{"area":158.2,"pct":0.61}},"city_same":1,"id":"hex:4017:24587"},"type":"Feature"},{"geometry":{"coordinates":[[[-121.82383,38.47288],[-121.82327,38.4721],[-121.82385,38.47132],[-121.825,38.47133],[-121.82551,38.47205],[-121.82518,38.47231],[-121.82482,38.47264],[-121.82465,38.47289],[-121.82383,38.47288]]],"type":"Polygon"},"properties":{"bbox":{"parking":{"area":5895.78,"pct":24.71},"roads":{"area":6439.7,"pct":26.99}},"city":{"parking":{"area":5895.78,"pct":24.71},"roads":{"area":1720.2,"pct":7.21}},"id":"hex:4017:24588"},"type":"Feature"},{"geometry":{"coordinates":[[[-121.82324,38.47366],[-121.82383,38.47288],[-121.82465,38.47289],[-121.82438,38.47327],[-121.82384,38.47417],[-121.82372,38.47433],[-121.82324,38.47366]]],"type":"Polygon"},"properties":{"bbox":{"roads":{"area":2796.85,"pct":29.6}},"id":"hex:4017:24589"},"type":"Feature"},{"geometry":{"coordinates":[[[-121.82392,38.43152],[-121.82278,38.43151],[-121.82242,38.431],[-121.82242,38.431],[-121.82277,38.43105],[-121.82426,38.43107],[-121.82392,38.43152]]],"type":"Polygon"},"properties":{"bbox":{"roads":{"area":1656.73,"pct":25.15},"sidewalks":{"area":187.76,"pct":2.85}},"city":{"roads":{"area":1463.58,"pct":22.22},"sidewalks":{"area":187.76,"pct":2.85}},"id":"hex:4018:24562"},"type":"Feature"},{"geometry":{"coordinates":[[[-121.82219,38.43228],[-121.82275,38.43307],[-121.8239,38.43308],[-121.82448,38.43231],[-121.82392,38.43152],[-121.82278,38.43151],[-121.82219,38.43228]]],"type":"Polygon"},"properties":{"bbox":{"roads":{"area":3726.36,"pct":14.34},"sidewalks":{"area":247.39,"pct":0.95}},"city":{"roads":{"area":1499.23,"pct":5.77},"sidewalks":{"area":247.39,"pct":0.95}},"id":"hex:4018:24563"},"type":"Feature"},{"geometry":{"coordinates":[[[-121.82217,38.43384],[-121.82273,38.43463],[-121.82387,38.43464],[-121.82446,38.43387],[-121.8239,38.43308],[-121.82275,38.43307],[-121.82217,38.43384]]],"type":"Polygon"},"properties":{"bbox":{"roads":{"area":3354.83,"pct":12.91}},"city":{"roads":{"area":1419.6,"pct":5.46}},"id":"hex:4018:24564"},"type":"Feature"},{"geometry":{"coordinates":[[[-121.82273,38.43463],[-121.82387,38.43464],[-121.82443,38.43543],[-121.82385,38.4362],[-121.8227,38.43619],[-121.82222,38.43552],[-121.82223,38.43552],[-121.82224,38.4355],[-121.82226,38.43542],[-121.82226,38.43534],[-121.82228,38.43527],[-121.82229,38.4352],[-121.82273,38.43463]]],"type":"Polygon"},"properties":{"bbox":{"roads":{"area":2927.36,"pct":11.34}},"city":{"roads":{"area":1533.22,"pct":5.94}},"id":"hex:4018:24565"},"type":"Feature"},{"geometry":{"coordinates":[[[-121.82212,38.43697],[-121.82268,38.43775],[-121.82382,38.43776],[-121.82441,38.43699],[-121.82385,38.4362],[-121.8227,38.43619],[-121.82212,38.43697]]],"type":"Polygon"},"properties":{"bbox":{"roads":{"area":2943.96,"pct":11.33}},"city":{"roads":{"area":1726.3,"pct":6.64}},"id":"hex:4018:24566"},"type":"Feature"},{"geometry":{"coordinates":[[[-121.82209,38.43853],[-121.82265,38.43931],[-121.8238,38.43932],[-121.82438,38.43855],[-121.82382,38.43776],[-121.82268,38.43775],[-121.82209,38.43853]]],"type":"Polygon"},"properties":{"bbox":{"parking":{"area":7173.36,"pct":27.61},"roads":{"area":3767.98,"pct":14.5}},"city":{"parking":{"area":7173.36,"pct":27.61},"roads":{"area":2754.09,"pct":10.6}},"id":"hex:4018:24567"},"type":"Feature"},{"geometry":{"coordinates":[[[-121.82207,38.44009],[-121.82263,38.44087],[-121.82377,38.44088],[-121.82436,38.44011],[-121.8238,38.43932],[-121.82265,38.43931],[-121.82207,38.44009]]],"type":"Polygon"},"properties":{"bbox":{"parking":{"area":10785.33,"pct":41.51},"roads":{"area":4378.64,"pct":16.85}},"city":{"parking":{"area":10785.33,"pct":41.51},"roads":{"area":3334.72,"pct":12.84}},"id":"hex:4018:24568"},"type":"Feature"},{"geometry":{"coordinates":[[[-121.82204,38.44165],[-121.8226,38.44243],[-121.82375,38.44245],[-121.82433,38.44167],[-121.82377,38.44088],[-121.82263,38.44087],[-121.82204,38.44165]]],"type":"Polygon"},"properties":{"bbox":{"roads":{"area":3141.13,"pct":12.09}},"city":{"roads":{"area":2062.82,"pct":7.94}},"id":"hex:4018:24569"},"type":"Feature"},{"geometry":{"coordinates":[[[-121.82202,38.44321],[-121.82258,38.44399],[-121.82372,38.44401],[-121.82431,38.44323],[-121.82375,38.44245],[-121.8226,38.44243],[-121.82202,38.44321]]],"type":"Polygon"},"properties":{"bbox":{"roads":{"area":3966.63,"pct":15.27}},"city":{"roads":{"area":2907.32,"pct":11.19}},"id":"hex:4018:24570"},"type":"Feature"},{"geometry":{"coordinates":[[[-121.82199,38.44477],[-121.82255,38.44555],[-121.8237,38.44557],[-121.82428,38.44479],[-121.82372,38.44401],[-121.82258,38.44399],[-121.82199,38.44477]]],"type":"Polygon"},"properties":{"bbox":{"parking":{"area":907.4,"pct":3.49},"roads":{"area":5340.4,"pct":20.56},"sidewalks":{"area":159.42,"pct":0.61}},"city":{"parking":{"area":907.4,"pct":3.49},"roads":{"area":3815.8,"pct":14.69},"sidewalks":{"area":159.42,"pct":0.61}},"id":"hex:4018:24571"},"type":"Feature"},{"geometry":{"coordinates":[[[-121.82196,38.44633],[-121.82253,38.44712],[-121.82367,38.44713],[-121.82426,38.44635],[-121.8237,38.44557],[-121.82255,38.44555],[-121.82196,38.44633]]],"type":"Polygon"},"properties":{"bbox":{"parking":{"area":355.96,"pct":1.37},"roads":{"area":4888,"pct":18.81},"sidewalks":{"area":76.11,"pct":0.29}},"city":{"parking":{"area":355.96,"pct":1.37},"roads":{"area":2637.14,"pct":10.15},"sidewalks":{"area":76.11,"pct":0.29}},"id":"hex:4018:24572"},"type":"Feature"},{"geometry":{"coordinates":[[[-121.82194,38.44789],[-121.8225,38.44868],[-121.82365,38.44869],[-121.82423,38.44791],[-121.82367,38.44713],[-121.82253,38.44712],[-121.82194,38.44789]]],"type":"Polygon"},"properties":{"bbox":{"roads":{"area":2260.65,"pct":8.7},"sidewalks":{"area":48.3,"pct":0.19}},"city":{"roads":{"area":765.84,"pct":2.95},"sidewalks":{"area":48.3,"pct":0.19}},"id":"hex:4018:24573"},"type":"Feature"},{"geometry":{"coordinates":[[[-121.82191,38.44945],[-121.82247,38.45024],[-121.82362,38.45025],[-121.82421,38.44947],[-121.82365,38.44869],[-121.8225,38.44868],[-121.82191,38.44945]]],"type":"Polygon"},"properties":{"bbox":{"roads":{"area":3340.85,"pct":12.86}},"city":{"roads":{"area":2084.21,"pct":8.02}},"id":"hex:4018:24574"},"type":"Feature"},{"geometry":{"coordinates":[[[-121.82189,38.45101],[-121.82245,38.4518],[-121.82359,38.45181],[-121.82418,38.45103],[-121.82362,38.45025],[-121.82247,38.45024],[-121.82189,38.45101]]],"type":"Polygon"},"properties":{"bbox":{"parking":{"area":866.32,"pct":3.33},"roads":{"area":3248.71,"pct":12.5}},"city":{"parking":{"area":866.32,"pct":3.33},"roads":{"area":1478.86,"pct":5.69}},"id":"hex:4018:24575"},"type":"Feature"},{"geometry":{"coordinates":[[[-121.82186,38.45257],[-121.82242,38.45336],[-121.82357,38.45337],[-121.82415,38.45259],[-121.82359,38.45181],[-121.82245,38.4518],[-121.82186,38.45257]]],"type":"Polygon"},"properties":{"bbox":{"roads":{"area":3706.38,"pct":14.27}},"city":{"roads":{"area":1470.34,"pct":5.66}},"id":"hex:4018:24576"},"type":"Feature"},{"geometry":{"coordinates":[[[-121.82184,38.45413],[-121.8224,38.45492],[-121.82354,38.45493],[-121.82413,38.45416],[-121.82357,38.45337],[-121.82242,38.45336],[-121.82184,38.45413]]],"type":"Polygon"},"properties":{"bbox":{"parking":{"area":4167.13,"pct":16.04},"roads":{"area":5958.2,"pct":22.93},"sidewalks":{"area":273.52,"pct":1.05}},"city":{"parking":{"area":4167.13,"pct":16.04},"roads":{"area":3665.27,"pct":14.11},"sidewalks":{"area":273.52,"pct":1.05}},"id":"hex:4018:24577"},"type":"Feature"},{"geometry":{"coordinates":[[[-121.82181,38.45569],[-121.82237,38.45648],[-121.82352,38.45649],[-121.8241,38.45572],[-121.82354,38.45493],[-121.8224,38.45492],[-121.82181,38.45569]]],"type":"Polygon"},"properties":{"bbox":{"parking":{"area":4168.36,"pct":16.04},"roads":{"area":6902.81,"pct":26.57},"sidewalks":{"area":542.33,"pct":2.09}},"city":{"parking":{"area":4168.36,"pct":16.04},"roads":{"area":4108.8,"pct":15.81},"sidewalks":{"area":542.33,"pct":2.09}},"id":"hex:4018:24578"},"type":"Feature"},{"geometry":{"coordinates":[[[-121.82179,38.45725],[-121.82235,38.45804],[-121.82349,38.45805],[-121.82408,38.45728],[-121.82352,38.45649],[-121.82237,38.45648],[-121.82179,38.45725]]],"type":"Polygon"},"properties":{"bbox":{"parking":{"area":1658.8,"pct":6.38},"roads":{"area":5040.41,"pct":19.4},"sidewalks":{"area":475.2,"pct":1.83}},"city":{"parking":{"area":1658.8,"pct":6.38},"roads":{"area":1964.33,"pct":7.56},"sidewalks":{"area":475.2,"pct":1.83}},"id":"hex:4018:24579"},"type":"Feature"},{"geometry":{"coordinates":[[[-121.82176,38.45881],[-121.82232,38.4596],[-121.82347,38.45961],[-121.82405,38.45884],[-121.82349,38.45805],[-121.82235,38.45804],[-121.82176,38.45881]]],"type":"Polygon"},"properties":{"bbox":{"parking":{"area":2060.4,"pct":7.93},"roads":{"area":5287.95,"pct":20.35},"sidewalks":{"area":786.22,"pct":3.03}},"city":{"parking":{"area":2060.4,"pct":7.93},"roads":{"area":2374.29,"pct":9.14},"sidewalks":{"area":786.22,"pct":3.03}},"id":"hex:4018:24580"},"type":"Feature"},{"geometry":{"coordinates":[[[-121.82174,38.46038],[-121.8223,38.46116],[-121.82344,38.46117],[-121.82403,38.4604],[-121.82347,38.45961],[-121.82232,38.4596],[-121.82174,38.46038]]],"type":"Polygon"},"properties":{"bbox":{"roads":{"area":4765.1,"pct":18.34},"sidewalks":{"area":502.23,"pct":1.93}},"city":{"roads":{"area":1878.31,"pct":7.23},"sidewalks":{"area":502.23,"pct":1.93}},"id":"hex:4018:24581"},"type":"Feature"},{"geometry":{"coordinates":[[[-121.82171,38.46194],[-121.82227,38.46272],[-121.82342,38.46273],[-121.824,38.46196],[-121.82344,38.46117],[-121.8223,38.46116],[-121.82171,38.46194]]],"type":"Polygon"},"properties":{"bbox":{"roads":{"area":4507.97,"pct":17.35},"sidewalks":{"area":431.55,"pct":1.66}},"city":{"roads":{"area":1543.86,"pct":5.94},"sidewalks":{"area":431.55,"pct":1.66}},"id":"hex:4018:24582"},"type":"Feature"},{"geometry":{"coordinates":[[[-121.82169,38.4635],[-121.82225,38.46428],[-121.82339,38.46429],[-121.82398,38.46352],[-121.82342,38.46273],[-121.82227,38.46272],[-121.82169,38.4635]]],"type":"Polygon"},"properties":{"bbox":{"roads":{"area":4549.18,"pct":17.51},"sidewalks":{"area":260.18,"pct":1}},"city":{"roads":{"area":1685.61,"pct":6.49},"sidewalks":{"area":260.18,"pct":1}},"id":"hex:4018:24583"},"type":"Feature"},{"geometry":{"coordinates":[[[-121.82166,38.46506],[-121.82222,38.46584],[-121.82337,38.46585],[-121.82395,38.46508],[-121.82339,38.46429],[-121.82225,38.46428],[-121.82166,38.46506]]],"type":"Polygon"},"properties":{"bbox":{"roads":{"area":3209.6,"pct":12.35},"sidewalks":{"area":259.86,"pct":1}},"city":{"roads":{"area":647.65,"pct":2.49},"sidewalks":{"area":259.86,"pct":1}},"id":"hex:4018:24584"},"type":"Feature"},{"geometry":{"coordinates":[[[-121.82163,38.46662],[-121.8222,38.4674],[-121.82334,38.46742],[-121.82393,38.46664],[-121.82337,38.46585],[-121.82222,38.46584],[-121.82163,38.46662]]],"type":"Polygon"},"properties":{"bbox":{"parking":{"area":418.47,"pct":1.61},"roads":{"area":5626.8,"pct":21.66},"sidewalks":{"area":435.95,"pct":1.68}},"city":{"parking":{"area":418.47,"pct":1.61},"roads":{"area":2846.52,"pct":10.96},"sidewalks":{"area":435.95,"pct":1.68}},"id":"hex:4018:24585"},"type":"Feature"},{"geometry":{"coordinates":[[[-121.82161,38.46818],[-121.82217,38.46896],[-121.82332,38.46898],[-121.8239,38.4682],[-121.82334,38.46742],[-121.8222,38.4674],[-121.82161,38.46818]]],"type":"Polygon"},"properties":{"bbox":{"parking":{"area":897.01,"pct":3.45},"roads":{"area":6260.58,"pct":24.1},"sidewalks":{"area":487.78,"pct":1.88}},"city":{"parking":{"area":897.01,"pct":3.45},"roads":{"area":2847.14,"pct":10.96},"sidewalks":{"area":487.78,"pct":1.88}},"id":"hex:4018:24586"},"type":"Feature"},{"geometry":{"coordinates":[[[-121.82158,38.46974],[-121.82214,38.47052],[-121.82329,38.47054],[-121.82388,38.46976],[-121.82332,38.46898],[-121.82217,38.46896],[-121.82158,38.46974]]],"type":"Polygon"},"properties":{"bbox":{"parking":{"area":1554.97,"pct":5.99},"roads":{"area":7865.71,"pct":30.28},"sidewalks":{"area":387.05,"pct":1.49}},"city":{"parking":{"area":1554.97,"pct":5.99},"roads":{"area":4190.98,"pct":16.13},"sidewalks":{"area":387.05,"pct":1.49}},"id":"hex:4018:24587"},"type":"Feature"},{"geometry":{"coordinates":[[[-121.82156,38.4713],[-121.82212,38.47209],[-121.82327,38.4721],[-121.82385,38.47132],[-121.82329,38.47054],[-121.82214,38.47052],[-121.82156,38.4713]]],"type":"Polygon"},"properties":{"bbox":{"parking":{"area":4573.32,"pct":17.6},"roads":{"area":5195.47,"pct":20}},"city":{"parking":{"area":4573.32,"pct":17.6},"roads":{"area":2749.28,"pct":10.58}},"id":"hex:4018:24588"},"type":"Feature"},{"geometry":{"coordinates":[[[-121.82153,38.47286],[-121.82209,38.47365],[-121.82324,38.47366],[-121.82383,38.47288],[-121.82327,38.4721],[-121.82212,38.47209],[-121.82153,38.47286]]],"type":"Polygon"},"properties":{"bbox":{"roads":{"area":4602.64,"pct":17.72}},"city":{"roads":{"area":601.64,"pct":2.32}},"id":"hex:4018:24589"},"type":"Feature"},{"geometry":{"coordinates":[[[-121.82207,38.47521],[-121.82151,38.47442],[-121.82209,38.47365],[-121.82324,38.47366],[-121.82372,38.47433],[-121.82371,38.47433],[-121.82356,38.47448],[-121.8233,38.47466],[-121.82293,38.47485],[-121.82277,38.4749],[-121.82257,38.475],[-121.82244,38.47521],[-121.82207,38.47521]]],"type":"Polygon"},"properties":{"bbox":{"roads":{"area":6435.68,"pct":29.5}},"city":{"roads":{"area":487.6,"pct":2.24}},"id":"hex:4018:24590"},"type":"Feature"},{"geometry":{"coordinates":[[[-121.82204,38.47677],[-121.82148,38.47598],[-121.82207,38.47521],[-121.82244,38.47521],[-121.82242,38.47524],[-121.82242,38.47545],[-121.82241,38.47677],[-121.82204,38.47677]]],"type":"Polygon"},"properties":{"bbox":{"roads":{"area":1556.86,"pct":15.94}},"city_same":1,"id":"hex:4018:24591"},"type":"Feature"},{"geometry":{"coordinates":[[[-121.82202,38.47833],[-121.82146,38.47754],[-121.82204,38.47677],[-121.82241,38.47677],[-121.8224,38.47818],[-121.8224,38.47833],[-121.82202,38.47833]]],"type":"Polygon"},"properties":{"bbox":{"roads":{"area":1212.46,"pct":12.15}},"city_same":1,"id":"hex:4018:24592"},"type":"Feature"},{"geometry":{"coordinates":[[[-121.82143,38.4791],[-121.82202,38.47833],[-121.8224,38.47833],[-121.82239,38.4793],[-121.82158,38.47931],[-121.82143,38.4791]]],"type":"Polygon"},"properties":{"bbox":{"roads":{"area":855.51,"pct":12.71}},"city_same":1,"id":"hex:4018:24593"},"type":"Feature"},{"geometry":{"coordinates":[[[-121.82278,38.43151],[-121.82219,38.43228],[-121.82105,38.43227],[-121.82049,38.43149],[-121.82086,38.43099],[-121.82242,38.431],[-121.82278,38.43151]]],"type":"Polygon"},"properties":{"bbox":{"roads":{"area":4820.99,"pct":21.6}},"city":{"roads":{"area":3698.28,"pct":16.57}},"id":"hex:4019:24562"},"type":"Feature"},{"geometry":{"coordinates":[[[-121.82046,38.43305],[-121.82102,38.43383],[-121.82217,38.43384],[-121.82275,38.43307],[-121.82219,38.43228],[-121.82105,38.43227],[-121.82046,38.43305]]],"type":"Polygon"},"properties":{"bbox":{"roads":{"area":3876.74,"pct":14.92}},"city":{"roads":{"area":3013.71,"pct":11.6}},"id":"hex:4019:24563"},"type":"Feature"},{"geometry":{"coordinates":[[[-121.821,38.43539],[-121.82044,38.43461],[-121.82102,38.43383],[-121.82217,38.43384],[-121.82273,38.43463],[-121.82229,38.4352],[-121.8223,38.43519],[-121.8223,38.43487],[-121.82228,38.43481],[-121.82226,38.43477],[-121.82221,38.43476],[-121.82214,38.43475],[-121.82164,38.43475],[-121.82159,38.43476],[-121.82155,38.43477],[-121.82153,38.43478],[-121.82152,38.4354],[-121.821,38.43539]]],"type":"Polygon"},"properties":{"bbox":{"roads":{"area":2354.33,"pct":11.05}},"city":{"roads":{"area":1740.63,"pct":8.17}},"id":"hex:4019:24564"},"type":"Feature"},{"geometry":{"coordinates":[[[-121.8227,38.43619],[-121.82212,38.43697],[-121.82097,38.43695],[-121.82041,38.43617],[-121.821,38.43539],[-121.82152,38.4354],[-121.82152,38.4355],[-121.82153,38.43552],[-121.82157,38.43554],[-121.82162,38.43555],[-121.82201,38.43554],[-121.8222,38.43553],[-121.82222,38.43552],[-121.8227,38.43619]]],"type":"Polygon"},"properties":{"bbox":{"roads":{"area":3250.01,"pct":12.96}},"city":{"roads":{"area":2496.07,"pct":9.95}},"id":"hex:4019:24565"},"type":"Feature"},{"geometry":{"coordinates":[[[-121.82039,38.43773],[-121.82095,38.43851],[-121.82209,38.43853],[-121.82268,38.43775],[-121.82212,38.43697],[-121.82097,38.43695],[-121.82039,38.43773]]],"type":"Polygon"},"properties":{"bbox":{"parking":{"area":1573.17,"pct":6.06},"roads":{"area":2522.53,"pct":9.71}},"city":{"parking":{"area":1573.17,"pct":6.06},"roads":{"area":2276.81,"pct":8.76}},"id":"hex:4019:24566"},"type":"Feature"},{"geometry":{"coordinates":[[[-121.82036,38.43929],[-121.82092,38.44008],[-121.82207,38.44009],[-121.82265,38.43931],[-121.82209,38.43853],[-121.82095,38.43851],[-121.82036,38.43929]]],"type":"Polygon"},"properties":{"bbox":{"parking":{"area":839.47,"pct":3.23},"roads":{"area":1199.21,"pct":4.62}},"city":{"parking":{"area":839.47,"pct":3.23},"roads":{"area":997.46,"pct":3.84}},"id":"hex:4019:24567"},"type":"Feature"},{"geometry":{"coordinates":[[[-121.82034,38.44085],[-121.8209,38.44164],[-121.82204,38.44165],[-121.82263,38.44087],[-121.82207,38.44009],[-121.82092,38.44008],[-121.82034,38.44085]]],"type":"Polygon"},"properties":{"bbox":{"parking":{"area":1224.69,"pct":4.71},"roads":{"area":1611.04,"pct":6.2}},"city":{"parking":{"area":1224.69,"pct":4.71},"roads":{"area":1440.74,"pct":5.55}},"id":"hex:4019:24568"},"type":"Feature"},{"geometry":{"coordinates":[[[-121.82031,38.44241],[-121.82087,38.4432],[-121.82202,38.44321],[-121.8226,38.44243],[-121.82204,38.44165],[-121.8209,38.44164],[-121.82031,38.44241]]],"type":"Polygon"},"properties":{"bbox":{"roads":{"area":3166.13,"pct":12.19}},"city":{"roads":{"area":3016.7,"pct":11.61}},"id":"hex:4019:24569"},"type":"Feature"},{"geometry":{"coordinates":[[[-121.82028,38.44397],[-121.82084,38.44476],[-121.82199,38.44477],[-121.82258,38.44399],[-121.82202,38.44321],[-121.82087,38.4432],[-121.82028,38.44397]]],"type":"Polygon"},"properties":{"bbox":{"roads":{"area":3235.2,"pct":12.45},"sidewalks":{"area":125.66,"pct":0.48}},"city":{"roads":{"area":3121.2,"pct":12.01},"sidewalks":{"area":125.66,"pct":0.48}},"id":"hex:4019:24570"},"type":"Feature"},{"geometry":{"coordinates":[[[-121.82026,38.44553],[-121.82082,38.44632],[-121.82196,38.44633],[-121.82255,38.44555],[-121.82199,38.44477],[-121.82084,38.44476],[-121.82026,38.44553]]],"type":"Polygon"},"properties":{"bbox":{"roads":{"area":2923.81,"pct":11.25},"sidewalks":{"area":280.15,"pct":1.08}},"city":{"roads":{"area":2828.99,"pct":10.89},"sidewalks":{"area":280.15,"pct":1.08}},"id":"hex:4019:24571"},"type":"Feature"},{"geometry":{"coordinates":[[[-121.82023,38.44709],[-121.82079,38.44788],[-121.82194,38.44789],[-121.82253,38.44712],[-121.82196,38.44633],[-121.82082,38.44632],[-121.82023,38.44709]]],"type":"Polygon"},"properties":{"bbox":{"roads":{"area":2937.32,"pct":11.31},"sidewalks":{"area":298,"pct":1.15}},"city":{"roads":{"area":2845.37,"pct":10.95},"sidewalks":{"area":298,"pct":1.15}},"id":"hex:4019:24572"},"type":"Feature"},{"geometry":{"coordinates":[[[-121.82021,38.44865],[-121.82077,38.44944],[-121.82191,38.44945],[-121.8225,38.44868],[-121.82194,38.44789],[-121.82079,38.44788],[-121.82021,38.44865]]],"type":"Polygon"},"properties":{"bbox":{"roads":{"area":1732.38,"pct":6.67}},"city":{"roads":{"area":1693.56,"pct":6.52}},"id":"hex:4019:24573"},"type":"Feature"},{"geometry":{"coordinates":[[[-121.82018,38.45021],[-121.82074,38.451],[-121.82189,38.45101],[-121.82247,38.45024],[-121.82191,38.44945],[-121.82077,38.44944],[-121.82018,38.45021]]],"type":"Polygon"},"properties":{"bbox":{"roads":{"area":2142.63,"pct":8.25}},"city":{"roads":{"area":2101.56,"pct":8.09}},"id":"hex:4019:24574"},"type":"Feature"},{"geometry":{"coordinates":[[[-121.82016,38.45177],[-121.82072,38.45256],[-121.82186,38.45257],[-121.82245,38.4518],[-121.82189,38.45101],[-121.82074,38.451],[-121.82016,38.45177]]],"type":"Polygon"},"properties":{"bbox":{"roads":{"area":934.62,"pct":3.6}},"city":{"roads":{"area":919.31,"pct":3.54}},"id":"hex:4019:24575"},"type":"Feature"},{"geometry":{"coordinates":[[[-121.82013,38.45333],[-121.82069,38.45412],[-121.82184,38.45413],[-121.82242,38.45336],[-121.82186,38.45257],[-121.82072,38.45256],[-121.82013,38.45333]]],"type":"Polygon"},"properties":{"bbox":{"roads":{"area":1533.12,"pct":5.9}},"city":{"roads":{"area":1456.35,"pct":5.61}},"id":"hex:4019:24576"},"type":"Feature"},{"geometry":{"coordinates":[[[-121.82011,38.4549],[-121.82067,38.45568],[-121.82181,38.45569],[-121.8224,38.45492],[-121.82184,38.45413],[-121.82069,38.45412],[-121.82011,38.4549]]],"type":"Polygon"},"properties":{"bbox":{"roads":{"area":290.08,"pct":1.12}},"city":{"roads":{"area":245.28,"pct":0.94}},"id":"hex:4019:24577"},"type":"Feature"},{"geometry":{"coordinates":[[[-121.82008,38.45646],[-121.82064,38.45724],[-121.82179,38.45725],[-121.82237,38.45648],[-121.82181,38.45569],[-121.82067,38.45568],[-121.82008,38.45646]]],"type":"Polygon"},"properties":{"bbox":{"roads":{"area":1844.49,"pct":7.1},"sidewalks":{"area":62.44,"pct":0.24}},"city":{"roads":{"area":1704.22,"pct":6.56},"sidewalks":{"area":62.44,"pct":0.24}},"id":"hex:4019:24578"},"type":"Feature"},{"geometry":{"coordinates":[[[-121.82006,38.45802],[-121.82062,38.4588],[-121.82176,38.45881],[-121.82235,38.45804],[-121.82179,38.45725],[-121.82064,38.45724],[-121.82006,38.45802]]],"type":"Polygon"},"properties":{"bbox":{"parking":{"area":35.19,"pct":0.14},"roads":{"area":2040.64,"pct":7.85},"sidewalks":{"area":327.29,"pct":1.26}},"city":{"parking":{"area":35.19,"pct":0.14},"roads":{"area":2015.3,"pct":7.76},"sidewalks":{"area":327.29,"pct":1.26}},"id":"hex:4019:24579"},"type":"Feature"},{"geometry":{"coordinates":[[[-121.82003,38.45958],[-121.82059,38.46036],[-121.82174,38.46038],[-121.82232,38.4596],[-121.82176,38.45881],[-121.82062,38.4588],[-121.82003,38.45958]]],"type":"Polygon"},"properties":{"bbox":{"roads":{"area":2687.49,"pct":10.34},"sidewalks":{"area":234.21,"pct":0.9}},"city":{"roads":{"area":2681.81,"pct":10.32},"sidewalks":{"area":234.21,"pct":0.9}},"id":"hex:4019:24580"},"type":"Feature"},{"geometry":{"coordinates":[[[-121.82,38.46114],[-121.82057,38.46192],[-121.82171,38.46194],[-121.8223,38.46116],[-121.82174,38.46038],[-121.82059,38.46036],[-121.82,38.46114]]],"type":"Polygon"},"properties":{"bbox":{"roads":{"area":1070.39,"pct":4.12},"sidewalks":{"area":173.25,"pct":0.67}},"city":{"roads":{"area":1070.38,"pct":4.12},"sidewalks":{"area":173.25,"pct":0.67}},"id":"hex:4019:24581"},"type":"Feature"},{"geometry":{"coordinates":[[[-121.81998,38.4627],[-121.82054,38.46348],[-121.82169,38.4635],[-121.82227,38.46272],[-121.82171,38.46194],[-121.82057,38.46192],[-121.81998,38.4627]]],"type":"Polygon"},"properties":{"bbox":{"roads":{"area":2698.86,"pct":10.39}},"city_same":1,"id":"hex:4019:24582"},"type":"Feature"},{"geometry":{"coordinates":[[[-121.81995,38.46426],[-121.82051,38.46505],[-121.82166,38.46506],[-121.82225,38.46428],[-121.82169,38.4635],[-121.82054,38.46348],[-121.81995,38.46426]]],"type":"Polygon"},"properties":{"bbox":{"parking":{"area":42.15,"pct":0.16},"roads":{"area":1454.16,"pct":5.6}},"city_same":1,"id":"hex:4019:24583"},"type":"Feature"},{"geometry":{"coordinates":[[[-121.81993,38.46582],[-121.82049,38.46661],[-121.82163,38.46662],[-121.82222,38.46584],[-121.82166,38.46506],[-121.82051,38.46505],[-121.81993,38.46582]]],"type":"Polygon"},"properties":{"bbox":{"parking":{"area":4039.21,"pct":15.55},"roads":{"area":2392.81,"pct":9.21}},"city_same":1,"id":"hex:4019:24584"},"type":"Feature"},{"geometry":{"coordinates":[[[-121.8199,38.46738],[-121.82046,38.46817],[-121.82161,38.46818],[-121.8222,38.4674],[-121.82163,38.46662],[-121.82049,38.46661],[-121.8199,38.46738]]],"type":"Polygon"},"properties":{"bbox":{"roads":{"area":2783.18,"pct":10.71},"sidewalks":{"area":16.28,"pct":0.06}},"city_same":1,"id":"hex:4019:24585"},"type":"Feature"},{"geometry":{"coordinates":[[[-121.81988,38.46894],[-121.82044,38.46973],[-121.82158,38.46974],[-121.82217,38.46896],[-121.82161,38.46818],[-121.82046,38.46817],[-121.81988,38.46894]]],"type":"Polygon"},"properties":{"bbox":{"parking":{"area":1676.66,"pct":6.45},"roads":{"area":4856.03,"pct":18.69},"sidewalks":{"area":362.78,"pct":1.4}},"city":{"parking":{"area":1676.66,"pct":6.45},"roads":{"area":4855.43,"pct":18.69},"sidewalks":{"area":362.78,"pct":1.4}},"id":"hex:4019:24586"},"type":"Feature"},{"geometry":{"coordinates":[[[-121.81985,38.4705],[-121.82041,38.47129],[-121.82156,38.4713],[-121.82214,38.47052],[-121.82158,38.46974],[-121.82044,38.46973],[-121.81985,38.4705]]],"type":"Polygon"},"properties":{"bbox":{"parking":{"area":23591.54,"pct":90.8},"roads":{"area":5128.22,"pct":19.74},"sidewalks":{"area":25.43,"pct":0.1}},"city_same":1,"id":"hex:4019:24587"},"type":"Feature"},{"geometry":{"coordinates":[[[-121.81983,38.47206],[-121.82039,38.47285],[-121.82153,38.47286],[-121.82212,38.47209],[-121.82156,38.4713],[-121.82041,38.47129],[-121.81983,38.47206]]],"type":"Polygon"},"properties":{"bbox":{"parking":{"area":1185.15,"pct":4.56},"roads":{"area":1639.5,"pct":6.31}},"city_same":1,"id":"hex:4019:24588"},"type":"Feature"},{"geometry":{"coordinates":[[[-121.81978,38.47518],[-121.82034,38.47597],[-121.82148,38.47598],[-121.82207,38.47521],[-121.82151,38.47442],[-121.82036,38.47441],[-121.81978,38.47518]]],"type":"Polygon"},"properties":{"bbox":{"roads":{"area":5590.27,"pct":21.52}},"city":{"roads":{"area":514.5,"pct":1.98}},"id":"hex:4019:24590"},"type":"Feature"},{"geometry":{"coordinates":[[[-121.81975,38.47674],[-121.82031,38.47753],[-121.82146,38.47754],[-121.82204,38.47677],[-121.82148,38.47598],[-121.82034,38.47597],[-121.81975,38.47674]]],"type":"Polygon"},"properties":{"bbox":{"roads":{"area":1161.46,"pct":4.47}},"city":{"roads":{"area":1160.56,"pct":4.47}},"id":"hex:4019:24591"},"type":"Feature"},{"geometry":{"coordinates":[[[-121.82049,38.43149],[-121.81934,38.43147],[-121.81899,38.43098],[-121.82086,38.43099],[-121.82049,38.43149]]],"type":"Polygon"},"properties":{"bbox":{"roads":{"area":2380.43,"pct":33.03}},"city_same":1,"id":"hex:4020:24562"},"type":"Feature"},{"geometry":{"coordinates":[[[-121.81876,38.43225],[-121.81932,38.43304],[-121.82046,38.43305],[-121.82105,38.43227],[-121.82049,38.43149],[-121.81934,38.43147],[-121.81876,38.43225]]],"type":"Polygon"},"properties":{"bbox":{"roads":{"area":5321.47,"pct":20.48}},"city_same":1,"id":"hex:4020:24563"},"type":"Feature"},{"geometry":{"coordinates":[[[-121.81873,38.43381],[-121.81929,38.4346],[-121.82044,38.43461],[-121.82102,38.43383],[-121.82046,38.43305],[-121.81932,38.43304],[-121.81873,38.43381]]],"type":"Polygon"},"properties":{"bbox":{"roads":{"area":4116.26,"pct":15.84}},"city_same":1,"id":"hex:4020:24564"},"type":"Feature"},{"geometry":{"coordinates":[[[-121.81871,38.43537],[-121.81927,38.43616],[-121.82041,38.43617],[-121.821,38.43539],[-121.82044,38.43461],[-121.81929,38.4346],[-121.81871,38.43537]]],"type":"Polygon"},"properties":{"bbox":{"parking":{"area":295.09,"pct":1.14},"roads":{"area":4101.03,"pct":15.78},"sidewalks":{"area":19.47,"pct":0.07}},"city_same":1,"id":"hex:4020:24565"},"type":"Feature"},{"geometry":{"coordinates":[[[-121.81868,38.43693],[-121.81924,38.43772],[-121.82039,38.43773],[-121.82097,38.43695],[-121.82041,38.43617],[-121.81927,38.43616],[-121.81868,38.43693]]],"type":"Polygon"},"properties":{"bbox":{"parking":{"area":5511.1,"pct":21.21},"roads":{"area":3844.23,"pct":14.8}},"city_same":1,"id":"hex:4020:24566"},"type":"Feature"},{"geometry":{"coordinates":[[[-121.81865,38.43849],[-121.81921,38.43928],[-121.82036,38.43929],[-121.82095,38.43851],[-121.82039,38.43773],[-121.81924,38.43772],[-121.81865,38.43849]]],"type":"Polygon"},"properties":{"bbox":{"parking":{"area":1926.31,"pct":7.41},"roads":{"area":1253.99,"pct":4.83}},"city_same":1,"id":"hex:4020:24567"},"type":"Feature"},{"geometry":{"coordinates":[[[-121.81863,38.44005],[-121.81919,38.44084],[-121.82034,38.44085],[-121.82092,38.44008],[-121.82036,38.43929],[-121.81921,38.43928],[-121.81863,38.44005]]],"type":"Polygon"},"properties":{"bbox":{"parking":{"area":719.2,"pct":2.77},"roads":{"area":590.89,"pct":2.27},"sidewalks":{"area":7.23,"pct":0.03}},"city_same":1,"id":"hex:4020:24568"},"type":"Feature"},{"geometry":{"coordinates":[[[-121.8186,38.44161],[-121.81916,38.4424],[-121.82031,38.44241],[-121.8209,38.44164],[-121.82034,38.44085],[-121.81919,38.44084],[-121.8186,38.44161]]],"type":"Polygon"},"properties":{"bbox":{"parking":{"area":78.87,"pct":0.3},"roads":{"area":3267.68,"pct":12.58}},"city_same":1,"id":"hex:4020:24569"},"type":"Feature"},{"geometry":{"coordinates":[[[-121.81858,38.44317],[-121.81914,38.44396],[-121.82028,38.44397],[-121.82087,38.4432],[-121.82031,38.44241],[-121.81916,38.4424],[-121.81858,38.44317]]],"type":"Polygon"},"properties":{"bbox":{"roads":{"area":2272.26,"pct":8.75}},"city_same":1,"id":"hex:4020:24570"},"type":"Feature"},{"geometry":{"coordinates":[[[-121.81855,38.44473],[-121.81911,38.44552],[-121.82026,38.44553],[-121.82084,38.44476],[-121.82028,38.44397],[-121.81914,38.44396],[-121.81855,38.44473]]],"type":"Polygon"},"properties":{"bbox":{"roads":{"area":2576.51,"pct":9.92}},"city_same":1,"id":"hex:4020:24571"},"type":"Feature"},{"geometry":{"coordinates":[[[-121.81853,38.44629],[-121.81909,38.44708],[-121.82023,38.44709],[-121.82082,38.44632],[-121.82026,38.44553],[-121.81911,38.44552],[-121.81853,38.44629]]],"type":"Polygon"},"properties":{"bbox":{"roads":{"area":2700.74,"pct":10.4}},"city_same":1,"id":"hex:4020:24572"},"type":"Feature"},{"geometry":{"coordinates":[[[-121.8185,38.44786],[-121.81906,38.44864],[-121.82021,38.44865],[-121.82079,38.44788],[-121.82023,38.44709],[-121.81909,38.44708],[-121.8185,38.44786]]],"type":"Polygon"},"properties":{"bbox":{"roads":{"area":1884.83,"pct":7.25}},"city_same":1,"id":"hex:4020:24573"},"type":"Feature"},{"geometry":{"coordinates":[[[-121.81848,38.44942],[-121.81904,38.4502],[-121.82018,38.45021],[-121.82077,38.44944],[-121.82021,38.44865],[-121.81906,38.44864],[-121.81848,38.44942]]],"type":"Polygon"},"properties":{"bbox":{"roads":{"area":2328.6,"pct":8.96}},"city_same":1,"id":"hex:4020:24574"},"type":"Feature"},{"geometry":{"coordinates":[[[-121.81845,38.45098],[-121.81901,38.45176],[-121.82016,38.45177],[-121.82074,38.451],[-121.82018,38.45021],[-121.81904,38.4502],[-121.81845,38.45098]]],"type":"Polygon"},"properties":{"bbox":{"roads":{"area":1876.3,"pct":7.22}},"city_same":1,"id":"hex:4020:24575"},"type":"Feature"},{"geometry":{"coordinates":[[[-121.81843,38.45254],[-121.81899,38.45332],[-121.82013,38.45333],[-121.82072,38.45256],[-121.82016,38.45177],[-121.81901,38.45176],[-121.81843,38.45254]]],"type":"Polygon"},"properties":{"bbox":{"parking":{"area":116.76,"pct":0.45},"roads":{"area":560.04,"pct":2.16}},"city_same":1,"id":"hex:4020:24576"},"type":"Feature"},{"geometry":{"coordinates":[[[-121.8184,38.4541],[-121.81896,38.45488],[-121.82011,38.4549],[-121.82069,38.45412],[-121.82013,38.45333],[-121.81899,38.45332],[-121.8184,38.4541]]],"type":"Polygon"},"properties":{"bbox":{"roads":{"area":2243.23,"pct":8.63}},"city_same":1,"id":"hex:4020:24577"},"type":"Feature"},{"geometry":{"coordinates":[[[-121.81837,38.45566],[-121.81894,38.45644],[-121.82008,38.45646],[-121.82067,38.45568],[-121.82011,38.4549],[-121.81896,38.45488],[-121.81837,38.45566]]],"type":"Polygon"},"properties":{"bbox":{"roads":{"area":2468.86,"pct":9.5}},"city_same":1,"id":"hex:4020:24578"},"type":"Feature"},{"geometry":{"coordinates":[[[-121.81835,38.45722],[-121.81891,38.45801],[-121.82006,38.45802],[-121.82064,38.45724],[-121.82008,38.45646],[-121.81894,38.45644],[-121.81835,38.45722]]],"type":"Polygon"},"properties":{"bbox":{"roads":{"area":1218.45,"pct":4.69}},"city_same":1,"id":"hex:4020:24579"},"type":"Feature"},{"geometry":{"coordinates":[[[-121.81832,38.45878],[-121.81888,38.45957],[-121.82003,38.45958],[-121.82062,38.4588],[-121.82006,38.45802],[-121.81891,38.45801],[-121.81832,38.45878]]],"type":"Polygon"},"properties":{"bbox":{"roads":{"area":2604.76,"pct":10.03},"sidewalks":{"area":253.66,"pct":0.98}},"city_same":1,"id":"hex:4020:24580"},"type":"Feature"},{"geometry":{"coordinates":[[[-121.8183,38.46034],[-121.81886,38.46113],[-121.82,38.46114],[-121.82059,38.46036],[-121.82003,38.45958],[-121.81888,38.45957],[-121.8183,38.46034]]],"type":"Polygon"},"properties":{"bbox":{"roads":{"area":1051.7,"pct":4.05}},"city_same":1,"id":"hex:4020:24581"},"type":"Feature"},{"geometry":{"coordinates":[[[-121.81827,38.4619],[-121.81883,38.46269],[-121.81998,38.4627],[-121.82057,38.46192],[-121.82,38.46114],[-121.81886,38.46113],[-121.81827,38.4619]]],"type":"Polygon"},"properties":{"bbox":{"roads":{"area":907.8,"pct":3.49},"sidewalks":{"area":92.9,"pct":0.36}},"city_same":1,"id":"hex:4020:24582"},"type":"Feature"},{"geometry":{"coordinates":[[[-121.81825,38.46346],[-121.81881,38.46425],[-121.81995,38.46426],[-121.82054,38.46348],[-121.81998,38.4627],[-121.81883,38.46269],[-121.81825,38.46346]]],"type":"Polygon"},"properties":{"bbox":{"roads":{"area":1109.12,"pct":4.27}},"city_same":1,"id":"hex:4020:24583"},"type":"Feature"},{"geometry":{"coordinates":[[[-121.81822,38.46502],[-121.81878,38.46581],[-121.81993,38.46582],[-121.82051,38.46505],[-121.81995,38.46426],[-121.81881,38.46425],[-121.81822,38.46502]]],"type":"Polygon"},"properties":{"bbox":{"parking":{"area":398.12,"pct":1.53},"roads":{"area":547.46,"pct":2.11}},"city_same":1,"id":"hex:4020:24584"},"type":"Feature"},{"geometry":{"coordinates":[[[-121.8182,38.46658],[-121.81876,38.46737],[-121.8199,38.46738],[-121.82049,38.46661],[-121.81993,38.46582],[-121.81878,38.46581],[-121.8182,38.46658]]],"type":"Polygon"},"properties":{"bbox":{"parking":{"area":5658.32,"pct":21.78},"roads":{"area":2892.12,"pct":11.13}},"city_same":1,"id":"hex:4020:24585"},"type":"Feature"},{"geometry":{"coordinates":[[[-121.81815,38.4697],[-121.81871,38.47049],[-121.81985,38.4705],[-121.82044,38.46973],[-121.81988,38.46894],[-121.81873,38.46893],[-121.81815,38.4697]]],"type":"Polygon"},"properties":{"bbox":{"parking":{"area":300.65,"pct":1.16},"roads":{"area":3033.96,"pct":11.68},"sidewalks":{"area":337.89,"pct":1.3}},"city_same":1,"id":"hex:4020:24587"},"type":"Feature"},{"geometry":{"coordinates":[[[-121.81812,38.47126],[-121.81868,38.47205],[-121.81983,38.47206],[-121.82041,38.47129],[-121.81985,38.4705],[-121.81871,38.47049],[-121.81812,38.47126]]],"type":"Polygon"},"properties":{"bbox":{"parking":{"area":6447.69,"pct":24.82},"roads":{"area":4561.29,"pct":17.56}},"city_same":1,"id":"hex:4020:24588"},"type":"Feature"},{"geometry":{"coordinates":[[[-121.81809,38.47283],[-121.81866,38.47361],[-121.8198,38.47362],[-121.82039,38.47285],[-121.81983,38.47206],[-121.81868,38.47205],[-121.81809,38.47283]]],"type":"Polygon"},"properties":{"bbox":{"roads":{"area":1287.17,"pct":4.95}},"city_same":1,"id":"hex:4020:24589"},"type":"Feature"},{"geometry":{"coordinates":[[[-121.81804,38.47595],[-121.8186,38.47673],[-121.81975,38.47674],[-121.82034,38.47597],[-121.81978,38.47518],[-121.81863,38.47517],[-121.81804,38.47595]]],"type":"Polygon"},"properties":{"bbox":{"roads":{"area":3314.72,"pct":12.76}},"id":"hex:4020:24591"},"type":"Feature"},{"geometry":{"coordinates":[[[-121.81802,38.47751],[-121.81858,38.47829],[-121.81972,38.4783],[-121.82031,38.47753],[-121.81975,38.47674],[-121.8186,38.47673],[-121.81802,38.47751]]],"type":"Polygon"},"properties":{"bbox":{"roads":{"area":3685.07,"pct":14.18}},"city":{"roads":{"area":1234.48,"pct":4.75}},"id":"hex:4020:24592"},"type":"Feature"},{"geometry":{"coordinates":[[[-121.81934,38.43147],[-121.81876,38.43225],[-121.81761,38.43224],[-121.81705,38.43145],[-121.81741,38.43097],[-121.81802,38.43098],[-121.81899,38.43098],[-121.81934,38.43147]]],"type":"Polygon"},"properties":{"bbox":{"roads":{"area":3256.51,"pct":14.73}},"city_same":1,"id":"hex:4021:24562"},"type":"Feature"},{"geometry":{"coordinates":[[[-121.81703,38.43301],[-121.81759,38.4338],[-121.81873,38.43381],[-121.81932,38.43304],[-121.81876,38.43225],[-121.81761,38.43224],[-121.81703,38.43301]]],"type":"Polygon"},"properties":{"bbox":{"roads":{"area":2172.12,"pct":8.36}},"city_same":1,"id":"hex:4021:24563"},"type":"Feature"},{"geometry":{"coordinates":[[[-121.817,38.43457],[-121.81756,38.43536],[-121.81871,38.43537],[-121.81929,38.4346],[-121.81873,38.43381],[-121.81759,38.4338],[-121.817,38.43457]]],"type":"Polygon"},"properties":{"bbox":{"roads":{"area":2984.5,"pct":11.49},"sidewalks":{"area":52.62,"pct":0.2}},"city_same":1,"id":"hex:4021:24564"},"type":"Feature"},{"geometry":{"coordinates":[[[-121.81697,38.43613],[-121.81753,38.43692],[-121.81868,38.43693],[-121.81927,38.43616],[-121.81871,38.43537],[-121.81756,38.43536],[-121.81697,38.43613]]],"type":"Polygon"},"properties":{"bbox":{"parking":{"area":3140.62,"pct":12.09},"roads":{"area":3756.86,"pct":14.46}},"city_same":1,"id":"hex:4021:24565"},"type":"Feature"},{"geometry":{"coordinates":[[[-121.81695,38.43769],[-121.81751,38.43848],[-121.81865,38.43849],[-121.81924,38.43772],[-121.81868,38.43693],[-121.81753,38.43692],[-121.81695,38.43769]]],"type":"Polygon"},"properties":{"bbox":{"parking":{"area":3610.69,"pct":13.9},"roads":{"area":1897.73,"pct":7.3}},"city_same":1,"id":"hex:4021:24566"},"type":"Feature"},{"geometry":{"coordinates":[[[-121.81692,38.43925],[-121.81748,38.44004],[-121.81863,38.44005],[-121.81921,38.43928],[-121.81865,38.43849],[-121.81751,38.43848],[-121.81692,38.43925]]],"type":"Polygon"},"properties":{"bbox":{"parking":{"area":1663.02,"pct":6.4},"roads":{"area":598.15,"pct":2.3},"sidewalks":{"area":147.04,"pct":0.57}},"city_same":1,"id":"hex:4021:24567"},"type":"Feature"},{"geometry":{"coordinates":[[[-121.8169,38.44082],[-121.81746,38.4416],[-121.8186,38.44161],[-121.81919,38.44084],[-121.81863,38.44005],[-121.81748,38.44004],[-121.8169,38.44082]]],"type":"Polygon"},"properties":{"bbox":{"parking":{"area":3886.57,"pct":14.96},"roads":{"area":988.82,"pct":3.81},"sidewalks":{"area":328.26,"pct":1.26}},"city_same":1,"id":"hex:4021:24568"},"type":"Feature"},{"geometry":{"coordinates":[[[-121.81687,38.44238],[-121.81743,38.44316],[-121.81858,38.44317],[-121.81916,38.4424],[-121.8186,38.44161],[-121.81746,38.4416],[-121.81687,38.44238]]],"type":"Polygon"},"properties":{"bbox":{"parking":{"area":1744.78,"pct":6.72},"roads":{"area":1098.66,"pct":4.23}},"city_same":1,"id":"hex:4021:24569"},"type":"Feature"},{"geometry":{"coordinates":[[[-121.81685,38.44394],[-121.81741,38.44472],[-121.81855,38.44473],[-121.81914,38.44396],[-121.81858,38.44317],[-121.81743,38.44316],[-121.81685,38.44394]]],"type":"Polygon"},"properties":{"bbox":{"roads":{"area":2125.54,"pct":8.18}},"city_same":1,"id":"hex:4021:24570"},"type":"Feature"},{"geometry":{"coordinates":[[[-121.81682,38.4455],[-121.81738,38.44628],[-121.81853,38.44629],[-121.81911,38.44552],[-121.81855,38.44473],[-121.81741,38.44472],[-121.81682,38.4455]]],"type":"Polygon"},"properties":{"bbox":{"parking":{"area":729.66,"pct":2.81},"roads":{"area":2562.79,"pct":9.86}},"city_same":1,"id":"hex:4021:24571"},"type":"Feature"},{"geometry":{"coordinates":[[[-121.8168,38.44706],[-121.81736,38.44784],[-121.8185,38.44786],[-121.81909,38.44708],[-121.81853,38.44629],[-121.81738,38.44628],[-121.8168,38.44706]]],"type":"Polygon"},"properties":{"bbox":{"parking":{"area":4071.9,"pct":15.67},"roads":{"area":3179.95,"pct":12.24}},"city_same":1,"id":"hex:4021:24572"},"type":"Feature"},{"geometry":{"coordinates":[[[-121.81677,38.44862],[-121.81733,38.4494],[-121.81848,38.44942],[-121.81906,38.44864],[-121.8185,38.44786],[-121.81736,38.44784],[-121.81677,38.44862]]],"type":"Polygon"},"properties":{"bbox":{"roads":{"area":1316.85,"pct":5.07}},"city_same":1,"id":"hex:4021:24573"},"type":"Feature"},{"geometry":{"coordinates":[[[-121.81675,38.45018],[-121.81731,38.45097],[-121.81845,38.45098],[-121.81904,38.4502],[-121.81848,38.44942],[-121.81733,38.4494],[-121.81675,38.45018]]],"type":"Polygon"},"properties":{"bbox":{"roads":{"area":2120.28,"pct":8.16}},"city_same":1,"id":"hex:4021:24574"},"type":"Feature"},{"geometry":{"coordinates":[[[-121.81672,38.45174],[-121.81728,38.45253],[-121.81843,38.45254],[-121.81901,38.45176],[-121.81845,38.45098],[-121.81731,38.45097],[-121.81672,38.45174]]],"type":"Polygon"},"properties":{"bbox":{"parking":{"area":179.74,"pct":0.69},"roads":{"area":1726.29,"pct":6.64}},"city_same":1,"id":"hex:4021:24575"},"type":"Feature"},{"geometry":{"coordinates":[[[-121.81728,38.45253],[-121.81843,38.45254],[-121.81899,38.45332],[-121.8184,38.4541],[-121.81725,38.45409],[-121.81723,38.45405],[-121.81819,38.45286],[-121.81703,38.45285],[-121.81728,38.45253]]],"type":"Polygon"},"properties":{"bbox":{"parking":{"area":872.03,"pct":5.15},"roads":{"area":774.77,"pct":4.58}},"city_same":1,"id":"hex:4021:24576"},"type":"Feature"},{"geometry":{"coordinates":[[[-121.81667,38.45486],[-121.81723,38.45565],[-121.81837,38.45566],[-121.81896,38.45488],[-121.8184,38.4541],[-121.81725,38.45409],[-121.81667,38.45486]]],"type":"Polygon"},"properties":{"bbox":{"roads":{"area":2340.47,"pct":9.01}},"city_same":1,"id":"hex:4021:24577"},"type":"Feature"},{"geometry":{"coordinates":[[[-121.81664,38.45642],[-121.8172,38.45721],[-121.81835,38.45722],[-121.81894,38.45644],[-121.81837,38.45566],[-121.81723,38.45565],[-121.81664,38.45642]]],"type":"Polygon"},"properties":{"bbox":{"roads":{"area":2750.25,"pct":10.59}},"city_same":1,"id":"hex:4021:24578"},"type":"Feature"},{"geometry":{"coordinates":[[[-121.81662,38.45798],[-121.81718,38.45877],[-121.81832,38.45878],[-121.81891,38.45801],[-121.81835,38.45722],[-121.8172,38.45721],[-121.81662,38.45798]]],"type":"Polygon"},"properties":{"bbox":{"roads":{"area":2714.2,"pct":10.45}},"city_same":1,"id":"hex:4021:24579"},"type":"Feature"},{"geometry":{"coordinates":[[[-121.81659,38.45954],[-121.81715,38.46033],[-121.8183,38.46034],[-121.81888,38.45957],[-121.81832,38.45878],[-121.81718,38.45877],[-121.81659,38.45954]]],"type":"Polygon"},"properties":{"bbox":{"roads":{"area":2131.96,"pct":8.21},"sidewalks":{"area":176.96,"pct":0.68}},"city_same":1,"id":"hex:4021:24580"},"type":"Feature"},{"geometry":{"coordinates":[[[-121.81657,38.4611],[-121.81713,38.46189],[-121.81827,38.4619],[-121.81886,38.46113],[-121.8183,38.46034],[-121.81715,38.46033],[-121.81657,38.4611]]],"type":"Polygon"},"properties":{"bbox":{"roads":{"area":412.35,"pct":1.59}},"city_same":1,"id":"hex:4021:24581"},"type":"Feature"},{"geometry":{"coordinates":[[[-121.81654,38.46266],[-121.8171,38.46345],[-121.81825,38.46346],[-121.81883,38.46269],[-121.81827,38.4619],[-121.81713,38.46189],[-121.81654,38.46266]]],"type":"Polygon"},"properties":{"bbox":{"roads":{"area":331.34,"pct":1.28}},"city_same":1,"id":"hex:4021:24582"},"type":"Feature"},{"geometry":{"coordinates":[[[-121.81652,38.46422],[-121.81708,38.46501],[-121.81822,38.46502],[-121.81881,38.46425],[-121.81825,38.46346],[-121.8171,38.46345],[-121.81652,38.46422]]],"type":"Polygon"},"properties":{"bbox":{"roads":{"area":2704.65,"pct":10.41}},"city_same":1,"id":"hex:4021:24583"},"type":"Feature"},{"geometry":{"coordinates":[[[-121.81649,38.46579],[-121.81705,38.46657],[-121.8182,38.46658],[-121.81878,38.46581],[-121.81822,38.46502],[-121.81708,38.46501],[-121.81649,38.46579]]],"type":"Polygon"},"properties":{"bbox":{"parking":{"area":525.91,"pct":2.02},"roads":{"area":1567.25,"pct":6.03}},"city_same":1,"id":"hex:4021:24584"},"type":"Feature"},{"geometry":{"coordinates":[[[-121.81646,38.46735],[-121.81703,38.46813],[-121.81817,38.46814],[-121.81876,38.46737],[-121.8182,38.46658],[-121.81705,38.46657],[-121.81646,38.46735]]],"type":"Polygon"},"properties":{"bbox":{"parking":{"area":1960.69,"pct":7.55},"roads":{"area":2197.71,"pct":8.46}},"city_same":1,"id":"hex:4021:24585"},"type":"Feature"},{"geometry":{"coordinates":[[[-121.81641,38.47047],[-121.81697,38.47125],[-121.81812,38.47126],[-121.81871,38.47049],[-121.81815,38.4697],[-121.817,38.46969],[-121.81641,38.47047]]],"type":"Polygon"},"properties":{"bbox":{"roads":{"area":572.6,"pct":2.2}},"city_same":1,"id":"hex:4021:24587"},"type":"Feature"},{"geometry":{"coordinates":[[[-121.81639,38.47203],[-121.81695,38.47281],[-121.81809,38.47283],[-121.81868,38.47205],[-121.81812,38.47126],[-121.81697,38.47125],[-121.81639,38.47203]]],"type":"Polygon"},"properties":{"bbox":{"roads":{"area":938.46,"pct":3.61}},"city_same":1,"id":"hex:4021:24588"},"type":"Feature"},{"geometry":{"coordinates":[[[-121.81631,38.47671],[-121.81687,38.4775],[-121.81802,38.47751],[-121.8186,38.47673],[-121.81804,38.47595],[-121.8169,38.47594],[-121.81631,38.47671]]],"type":"Polygon"},"properties":{"bbox":{"roads":{"area":412.84,"pct":1.59}},"id":"hex:4021:24591"},"type":"Feature"},{"geometry":{"coordinates":[[[-121.81629,38.47827],[-121.81685,38.47906],[-121.81799,38.47907],[-121.81858,38.47829],[-121.81802,38.47751],[-121.81687,38.4775],[-121.81629,38.47827]]],"type":"Polygon"},"properties":{"bbox":{"roads":{"area":5152.3,"pct":19.83}},"city":{"roads":{"area":1260.85,"pct":4.85}},"id":"hex:4021:24592"},"type":"Feature"},{"geometry":{"coordinates":[[[-121.81705,38.43145],[-121.81591,38.43144],[-121.81556,38.43096],[-121.81741,38.43097],[-121.81705,38.43145]]],"type":"Polygon"},"properties":{"bbox":{"roads":{"area":2090.2,"pct":29.97}},"city_same":1,"id":"hex:4022:24562"},"type":"Feature"},{"geometry":{"coordinates":[[[-121.81532,38.43221],[-121.81588,38.433],[-121.81703,38.43301],[-121.81761,38.43224],[-121.81705,38.43145],[-121.81591,38.43144],[-121.81532,38.43221]]],"type":"Polygon"},"properties":{"bbox":{"roads":{"area":2425.53,"pct":9.34}},"city_same":1,"id":"hex:4022:24563"},"type":"Feature"},{"geometry":{"coordinates":[[[-121.81529,38.43378],[-121.81585,38.43456],[-121.817,38.43457],[-121.81759,38.4338],[-121.81703,38.43301],[-121.81588,38.433],[-121.81529,38.43378]]],"type":"Polygon"},"properties":{"bbox":{"roads":{"area":2090.85,"pct":8.05},"sidewalks":{"area":222.61,"pct":0.86}},"city_same":1,"id":"hex:4022:24564"},"type":"Feature"},{"geometry":{"coordinates":[[[-121.81527,38.43534],[-121.81583,38.43612],[-121.81697,38.43613],[-121.81756,38.43536],[-121.817,38.43457],[-121.81585,38.43456],[-121.81527,38.43534]]],"type":"Polygon"},"properties":{"bbox":{"parking":{"area":1634.74,"pct":6.29},"roads":{"area":5271.8,"pct":20.29},"sidewalks":{"area":198.13,"pct":0.76}},"city_same":1,"id":"hex:4022:24565"},"type":"Feature"},{"geometry":{"coordinates":[[[-121.81524,38.4369],[-121.8158,38.43768],[-121.81695,38.43769],[-121.81753,38.43692],[-121.81697,38.43613],[-121.81583,38.43612],[-121.81524,38.4369]]],"type":"Polygon"},"properties":{"bbox":{"roads":{"area":282.72,"pct":1.09}},"city_same":1,"id":"hex:4022:24566"},"type":"Feature"},{"geometry":{"coordinates":[[[-121.81522,38.43846],[-121.81578,38.43924],[-121.81692,38.43925],[-121.81751,38.43848],[-121.81695,38.43769],[-121.8158,38.43768],[-121.81522,38.43846]]],"type":"Polygon"},"properties":{"bbox":{"parking":{"area":4669,"pct":17.97},"roads":{"area":1379.4,"pct":5.31}},"city_same":1,"id":"hex:4022:24567"},"type":"Feature"},{"geometry":{"coordinates":[[[-121.81517,38.44158],[-121.81573,38.44236],[-121.81687,38.44238],[-121.81746,38.4416],[-121.8169,38.44082],[-121.81575,38.4408],[-121.81517,38.44158]]],"type":"Polygon"},"properties":{"bbox":{"parking":{"area":2657.16,"pct":10.23},"roads":{"area":736.8,"pct":2.84},"sidewalks":{"area":26.87,"pct":0.1}},"city_same":1,"id":"hex:4022:24569"},"type":"Feature"},{"geometry":{"coordinates":[[[-121.81514,38.44314],[-121.8157,38.44392],[-121.81685,38.44394],[-121.81743,38.44316],[-121.81687,38.44238],[-121.81573,38.44236],[-121.81514,38.44314]]],"type":"Polygon"},"properties":{"bbox":{"roads":{"area":170.23,"pct":0.66},"sidewalks":{"area":114.42,"pct":0.44}},"city_same":1,"id":"hex:4022:24570"},"type":"Feature"},{"geometry":{"coordinates":[[[-121.81512,38.4447],[-121.81568,38.44549],[-121.81682,38.4455],[-121.81741,38.44472],[-121.81685,38.44394],[-121.8157,38.44392],[-121.81512,38.4447]]],"type":"Polygon"},"properties":{"bbox":{"parking":{"area":548.14,"pct":2.11},"roads":{"area":600.11,"pct":2.31},"sidewalks":{"area":248.51,"pct":0.96}},"city_same":1,"id":"hex:4022:24571"},"type":"Feature"},{"geometry":{"coordinates":[[[-121.81509,38.44626],[-121.81565,38.44705],[-121.8168,38.44706],[-121.81738,38.44628],[-121.81682,38.4455],[-121.81568,38.44549],[-121.81509,38.44626]]],"type":"Polygon"},"properties":{"bbox":{"parking":{"area":661.66,"pct":2.55},"roads":{"area":928.06,"pct":3.57}},"city_same":1,"id":"hex:4022:24572"},"type":"Feature"},{"geometry":{"coordinates":[[[-121.81506,38.44782],[-121.81563,38.44861],[-121.81677,38.44862],[-121.81736,38.44784],[-121.8168,38.44706],[-121.81565,38.44705],[-121.81506,38.44782]]],"type":"Polygon"},"properties":{"bbox":{"roads":{"area":3031.2,"pct":11.67}},"city_same":1,"id":"hex:4022:24573"},"type":"Feature"},{"geometry":{"coordinates":[[[-121.81504,38.44938],[-121.8156,38.45017],[-121.81675,38.45018],[-121.81733,38.4494],[-121.81677,38.44862],[-121.81563,38.44861],[-121.81504,38.44938]]],"type":"Polygon"},"properties":{"bbox":{"roads":{"area":1278.93,"pct":4.92}},"city_same":1,"id":"hex:4022:24574"},"type":"Feature"},{"geometry":{"coordinates":[[[-121.81501,38.45094],[-121.81557,38.45173],[-121.81672,38.45174],[-121.81731,38.45097],[-121.81675,38.45018],[-121.8156,38.45017],[-121.81501,38.45094]]],"type":"Polygon"},"properties":{"bbox":{"roads":{"area":2160.67,"pct":8.32}},"city_same":1,"id":"hex:4022:24575"},"type":"Feature"},{"geometry":{"coordinates":[[[-121.81499,38.4525],[-121.81557,38.45173],[-121.81672,38.45174],[-121.81728,38.45253],[-121.81703,38.45285],[-121.81687,38.45285],[-121.81557,38.45284],[-121.81523,38.45284],[-121.81499,38.4525]]],"type":"Polygon"},"properties":{"bbox":{"roads":{"area":2300.7,"pct":11.73}},"city_same":1,"id":"hex:4022:24576"},"type":"Feature"},{"geometry":{"coordinates":[[[-121.81667,38.45486],[-121.81723,38.45565],[-121.81664,38.45642],[-121.8155,38.45641],[-121.81531,38.45615],[-121.81653,38.45486],[-121.81667,38.45486]]],"type":"Polygon"},"properties":{"bbox":{"roads":{"area":891.09,"pct":5.31}},"city_same":1,"id":"hex:4022:24578"},"type":"Feature"},{"geometry":{"coordinates":[[[-121.81491,38.45718],[-121.81547,38.45797],[-121.81662,38.45798],[-121.8172,38.45721],[-121.81664,38.45642],[-121.8155,38.45641],[-121.81491,38.45718]]],"type":"Polygon"},"properties":{"bbox":{"roads":{"area":2285.23,"pct":8.8}},"city_same":1,"id":"hex:4022:24579"},"type":"Feature"},{"geometry":{"coordinates":[[[-121.81489,38.45875],[-121.81545,38.45953],[-121.81659,38.45954],[-121.81718,38.45877],[-121.81662,38.45798],[-121.81547,38.45797],[-121.81489,38.45875]]],"type":"Polygon"},"properties":{"bbox":{"roads":{"area":3324.33,"pct":12.8}},"city_same":1,"id":"hex:4022:24580"},"type":"Feature"},{"geometry":{"coordinates":[[[-121.81486,38.46031],[-121.81542,38.46109],[-121.81657,38.4611],[-121.81715,38.46033],[-121.81659,38.45954],[-121.81545,38.45953],[-121.81486,38.46031]]],"type":"Polygon"},"properties":{"bbox":{"roads":{"area":1101.53,"pct":4.24}},"city_same":1,"id":"hex:4022:24581"},"type":"Feature"},{"geometry":{"coordinates":[[[-121.81484,38.46187],[-121.8154,38.46265],[-121.81654,38.46266],[-121.81713,38.46189],[-121.81657,38.4611],[-121.81542,38.46109],[-121.81484,38.46187]]],"type":"Polygon"},"properties":{"bbox":{"roads":{"area":549.44,"pct":2.11}},"city_same":1,"id":"hex:4022:24582"},"type":"Feature"},{"geometry":{"coordinates":[[[-121.81481,38.46343],[-121.81537,38.46421],[-121.81652,38.46422],[-121.8171,38.46345],[-121.81654,38.46266],[-121.8154,38.46265],[-121.81481,38.46343]]],"type":"Polygon"},"properties":{"bbox":{"roads":{"area":1610.21,"pct":6.2}},"city_same":1,"id":"hex:4022:24583"},"type":"Feature"},{"geometry":{"coordinates":[[[-121.81478,38.46499],[-121.81534,38.46577],[-121.81649,38.46579],[-121.81708,38.46501],[-121.81652,38.46422],[-121.81537,38.46421],[-121.81478,38.46499]]],"type":"Polygon"},"properties":{"bbox":{"roads":{"area":1777.78,"pct":6.84}},"city_same":1,"id":"hex:4022:24584"},"type":"Feature"},{"geometry":{"coordinates":[[[-121.81476,38.46655],[-121.81532,38.46733],[-121.81646,38.46735],[-121.81705,38.46657],[-121.81649,38.46579],[-121.81534,38.46577],[-121.81476,38.46655]]],"type":"Polygon"},"properties":{"bbox":{"parking":{"area":15.56,"pct":0.06},"roads":{"area":1586.81,"pct":6.11}},"city_same":1,"id":"hex:4022:24585"},"type":"Feature"},{"geometry":{"coordinates":[[[-121.81468,38.47123],[-121.81524,38.47202],[-121.81639,38.47203],[-121.81697,38.47125],[-121.81641,38.47047],[-121.81527,38.47046],[-121.81468,38.47123]]],"type":"Polygon"},"properties":{"bbox":{"roads":{"area":481.36,"pct":1.85}},"city_same":1,"id":"hex:4022:24588"},"type":"Feature"},{"geometry":{"coordinates":[[[-121.81466,38.47279],[-121.81522,38.47358],[-121.81636,38.47359],[-121.81695,38.47281],[-121.81639,38.47203],[-121.81524,38.47202],[-121.81466,38.47279]]],"type":"Polygon"},"properties":{"bbox":{"roads":{"area":563.84,"pct":2.17}},"city_same":1,"id":"hex:4022:24589"},"type":"Feature"},{"geometry":{"coordinates":[[[-121.81455,38.47903],[-121.81511,38.47982],[-121.81626,38.47983],[-121.81685,38.47906],[-121.81629,38.47827],[-121.81514,38.47826],[-121.81455,38.47903]]],"type":"Polygon"},"properties":{"bbox":{"roads":{"area":4772.76,"pct":18.37}},"city":{"roads":{"area":934.56,"pct":3.6}},"id":"hex:4022:24593"},"type":"Feature"},{"geometry":{"coordinates":[[[-121.81453,38.48059],[-121.81511,38.47982],[-121.81626,38.47983],[-121.81682,38.48062],[-121.81626,38.48136],[-121.81535,38.48137],[-121.81508,38.48137],[-121.81453,38.48059]]],"type":"Polygon"},"properties":{"bbox":{"roads":{"area":2162.01,"pct":8.39}},"city":{"roads":{"area":1524.29,"pct":5.92}},"id":"hex:4022:24594"},"type":"Feature"},{"geometry":{"coordinates":[[[-121.81591,38.43144],[-121.81532,38.43221],[-121.81417,38.4322],[-121.81361,38.43142],[-121.81397,38.43095],[-121.81556,38.43096],[-121.81591,38.43144]]],"type":"Polygon"},"properties":{"bbox":{"roads":{"area":3222.06,"pct":14.69}},"city_same":1,"id":"hex:4023:24562"},"type":"Feature"},{"geometry":{"coordinates":[[[-121.81359,38.43298],[-121.81415,38.43376],[-121.81529,38.43378],[-121.81588,38.433],[-121.81532,38.43221],[-121.81417,38.4322],[-121.81359,38.43298]]],"type":"Polygon"},"properties":{"bbox":{"roads":{"area":2572.71,"pct":9.9},"sidewalks":{"area":156.3,"pct":0.6}},"city_same":1,"id":"hex:4023:24563"},"type":"Feature"},{"geometry":{"coordinates":[[[-121.81356,38.43454],[-121.81412,38.43532],[-121.81527,38.43534],[-121.81585,38.43456],[-121.81529,38.43378],[-121.81415,38.43376],[-121.81356,38.43454]]],"type":"Polygon"},"properties":{"bbox":{"roads":{"area":2732.07,"pct":10.52},"sidewalks":{"area":487.42,"pct":1.88}},"city_same":1,"id":"hex:4023:24564"},"type":"Feature"},{"geometry":{"coordinates":[[[-121.81354,38.4361],[-121.8141,38.43688],[-121.81524,38.4369],[-121.81583,38.43612],[-121.81527,38.43534],[-121.81412,38.43532],[-121.81354,38.4361]]],"type":"Polygon"},"properties":{"bbox":{"roads":{"area":1839.96,"pct":7.08}},"city_same":1,"id":"hex:4023:24565"},"type":"Feature"},{"geometry":{"coordinates":[[[-121.81351,38.43766],[-121.81407,38.43845],[-121.81522,38.43846],[-121.8158,38.43768],[-121.81524,38.4369],[-121.8141,38.43688],[-121.81351,38.43766]]],"type":"Polygon"},"properties":{"bbox":{"parking":{"area":3678.98,"pct":14.16},"roads":{"area":897.77,"pct":3.46}},"city_same":1,"id":"hex:4023:24566"},"type":"Feature"},{"geometry":{"coordinates":[[[-121.81346,38.44078],[-121.81402,38.44157],[-121.81517,38.44158],[-121.81575,38.4408],[-121.81519,38.44002],[-121.81405,38.44001],[-121.81346,38.44078]]],"type":"Polygon"},"properties":{"bbox":{"parking":{"area":58.65,"pct":0.23},"roads":{"area":1694.25,"pct":6.52}},"city_same":1,"id":"hex:4023:24568"},"type":"Feature"},{"geometry":{"coordinates":[[[-121.81344,38.44234],[-121.814,38.44313],[-121.81514,38.44314],[-121.81573,38.44236],[-121.81517,38.44158],[-121.81402,38.44157],[-121.81344,38.44234]]],"type":"Polygon"},"properties":{"bbox":{"roads":{"area":2319.94,"pct":8.93}},"city_same":1,"id":"hex:4023:24569"},"type":"Feature"},{"geometry":{"coordinates":[[[-121.81341,38.4439],[-121.81397,38.44469],[-121.81512,38.4447],[-121.8157,38.44392],[-121.81514,38.44314],[-121.814,38.44313],[-121.81341,38.4439]]],"type":"Polygon"},"properties":{"bbox":{"roads":{"area":2241.22,"pct":8.63}},"city_same":1,"id":"hex:4023:24570"},"type":"Feature"},{"geometry":{"coordinates":[[[-121.81338,38.44546],[-121.81394,38.44625],[-121.81509,38.44626],[-121.81568,38.44549],[-121.81512,38.4447],[-121.81397,38.44469],[-121.81338,38.44546]]],"type":"Polygon"},"properties":{"bbox":{"roads":{"area":1863.69,"pct":7.17}},"city_same":1,"id":"hex:4023:24571"},"type":"Feature"},{"geometry":{"coordinates":[[[-121.81336,38.44702],[-121.81392,38.44781],[-121.81506,38.44782],[-121.81565,38.44705],[-121.81509,38.44626],[-121.81394,38.44625],[-121.81336,38.44702]]],"type":"Polygon"},"properties":{"bbox":{"roads":{"area":952.5,"pct":3.67}},"city_same":1,"id":"hex:4023:24572"},"type":"Feature"},{"geometry":{"coordinates":[[[-121.81333,38.44858],[-121.81389,38.44937],[-121.81504,38.44938],[-121.81563,38.44861],[-121.81506,38.44782],[-121.81392,38.44781],[-121.81333,38.44858]]],"type":"Polygon"},"properties":{"bbox":{"roads":{"area":2585.89,"pct":9.95}},"city_same":1,"id":"hex:4023:24573"},"type":"Feature"},{"geometry":{"coordinates":[[[-121.81331,38.45014],[-121.81387,38.45093],[-121.81501,38.45094],[-121.8156,38.45017],[-121.81504,38.44938],[-121.81389,38.44937],[-121.81331,38.45014]]],"type":"Polygon"},"properties":{"bbox":{"roads":{"area":2086.52,"pct":8.03}},"city_same":1,"id":"hex:4023:24574"},"type":"Feature"},{"geometry":{"coordinates":[[[-121.81328,38.4517],[-121.81384,38.45249],[-121.81499,38.4525],[-121.81557,38.45173],[-121.81501,38.45094],[-121.81387,38.45093],[-121.81328,38.4517]]],"type":"Polygon"},"properties":{"bbox":{"roads":{"area":1439.81,"pct":5.54}},"city_same":1,"id":"hex:4023:24575"},"type":"Feature"},{"geometry":{"coordinates":[[[-121.81384,38.45249],[-121.81499,38.4525],[-121.81523,38.45284],[-121.81483,38.45284],[-121.81407,38.45283],[-121.81359,38.45282],[-121.81384,38.45249]]],"type":"Polygon"},"properties":{"bbox":{"roads":{"area":876.79,"pct":19.25}},"city_same":1,"id":"hex:4023:24576"},"type":"Feature"},{"geometry":{"coordinates":[[[-121.81318,38.45795],[-121.81374,38.45873],[-121.81489,38.45875],[-121.81547,38.45797],[-121.81491,38.45718],[-121.81377,38.45717],[-121.81318,38.45795]]],"type":"Polygon"},"properties":{"bbox":{"roads":{"area":123.2,"pct":0.47}},"city_same":1,"id":"hex:4023:24579"},"type":"Feature"},{"geometry":{"coordinates":[[[-121.81315,38.45951],[-121.81371,38.46029],[-121.81486,38.46031],[-121.81545,38.45953],[-121.81489,38.45875],[-121.81374,38.45873],[-121.81315,38.45951]]],"type":"Polygon"},"properties":{"bbox":{"roads":{"area":2189.55,"pct":8.43}},"city_same":1,"id":"hex:4023:24580"},"type":"Feature"},{"geometry":{"coordinates":[[[-121.81313,38.46107],[-121.81369,38.46185],[-121.81484,38.46187],[-121.81542,38.46109],[-121.81486,38.46031],[-121.81371,38.46029],[-121.81313,38.46107]]],"type":"Polygon"},"properties":{"bbox":{"roads":{"area":1086.14,"pct":4.18}},"city_same":1,"id":"hex:4023:24581"},"type":"Feature"},{"geometry":{"coordinates":[[[-121.8131,38.46263],[-121.81366,38.46342],[-121.81481,38.46343],[-121.8154,38.46265],[-121.81484,38.46187],[-121.81369,38.46185],[-121.8131,38.46263]]],"type":"Polygon"},"properties":{"bbox":{"roads":{"area":1880.02,"pct":7.24}},"city_same":1,"id":"hex:4023:24582"},"type":"Feature"},{"geometry":{"coordinates":[[[-121.81308,38.46419],[-121.81364,38.46498],[-121.81478,38.46499],[-121.81537,38.46421],[-121.81481,38.46343],[-121.81366,38.46342],[-121.81308,38.46419]]],"type":"Polygon"},"properties":{"bbox":{"roads":{"area":676.02,"pct":2.6}},"city_same":1,"id":"hex:4023:24583"},"type":"Feature"},{"geometry":{"coordinates":[[[-121.81305,38.46575],[-121.81361,38.46654],[-121.81476,38.46655],[-121.81534,38.46577],[-121.81478,38.46499],[-121.81364,38.46498],[-121.81305,38.46575]]],"type":"Polygon"},"properties":{"bbox":{"roads":{"area":591.7,"pct":2.28}},"city_same":1,"id":"hex:4023:24584"},"type":"Feature"},{"geometry":{"coordinates":[[[-121.81303,38.46731],[-121.81359,38.4681],[-121.81473,38.46811],[-121.81532,38.46733],[-121.81476,38.46655],[-121.81361,38.46654],[-121.81303,38.46731]]],"type":"Polygon"},"properties":{"bbox":{"parking":{"area":4922.94,"pct":18.95},"roads":{"area":2313.79,"pct":8.91}},"city_same":1,"id":"hex:4023:24585"},"type":"Feature"},{"geometry":{"coordinates":[[[-121.81298,38.47043],[-121.81354,38.47122],[-121.81468,38.47123],[-121.81527,38.47046],[-121.81471,38.46967],[-121.81356,38.46966],[-121.81298,38.47043]]],"type":"Polygon"},"properties":{"bbox":{"roads":{"area":603.56,"pct":2.32}},"city_same":1,"id":"hex:4023:24587"},"type":"Feature"},{"geometry":{"coordinates":[[[-121.81295,38.47199],[-121.81351,38.47278],[-121.81466,38.47279],[-121.81524,38.47202],[-121.81468,38.47123],[-121.81354,38.47122],[-121.81295,38.47199]]],"type":"Polygon"},"properties":{"bbox":{"roads":{"area":870.28,"pct":3.35}},"city_same":1,"id":"hex:4023:24588"},"type":"Feature"},{"geometry":{"coordinates":[[[-121.81282,38.4798],[-121.81338,38.48058],[-121.81453,38.48059],[-121.81511,38.47982],[-121.81455,38.47903],[-121.81341,38.47902],[-121.81282,38.4798]]],"type":"Polygon"},"properties":{"bbox":{"roads":{"area":2162.67,"pct":8.32}},"id":"hex:4023:24593"},"type":"Feature"},{"geometry":{"coordinates":[[[-121.8128,38.48136],[-121.81338,38.48058],[-121.81453,38.48059],[-121.81508,38.48137],[-121.81448,38.48138],[-121.81412,38.4812],[-121.81317,38.48188],[-121.8128,38.48136]]],"type":"Polygon"},"properties":{"bbox":{"roads":{"area":4815.16,"pct":31.49}},"city":{"roads":{"area":1012.71,"pct":6.62}},"id":"hex:4023:24594"},"type":"Feature"},{"geometry":{"coordinates":[[[-121.81311,38.39239],[-121.81255,38.3916],[-121.81279,38.39128],[-121.81357,38.39128],[-121.81357,38.39239],[-121.81311,38.39239]]],"type":"Polygon"},"properties":{"bbox":{"roads":{"area":874.56,"pct":10.25}},"city_same":1,"id":"hex:4024:24537"},"type":"Feature"},{"geometry":{"coordinates":[[[-121.81308,38.39395],[-121.81252,38.39316],[-121.81311,38.39239],[-121.81357,38.39239],[-121.81358,38.39395],[-121.81308,38.39395]]],"type":"Polygon"},"properties":{"bbox":{"roads":{"area":961.98,"pct":8.3}},"city_same":1,"id":"hex:4024:24538"},"type":"Feature"},{"geometry":{"coordinates":[[[-121.81306,38.39551],[-121.8125,38.39472],[-121.81308,38.39395],[-121.81358,38.39395],[-121.81358,38.39552],[-121.81306,38.39551]]],"type":"Polygon"},"properties":{"bbox":{"roads":{"area":842.41,"pct":7.01}},"city_same":1,"id":"hex:4024:24539"},"type":"Feature"},{"geometry":{"coordinates":[[[-121.81303,38.39707],[-121.81247,38.39629],[-121.81306,38.39551],[-121.81358,38.39552],[-121.81358,38.39708],[-121.81303,38.39707]]],"type":"Polygon"},"properties":{"bbox":{"roads":{"area":861.49,"pct":6.93}},"city_same":1,"id":"hex:4024:24540"},"type":"Feature"},{"geometry":{"coordinates":[[[-121.81245,38.39785],[-121.81303,38.39707],[-121.81358,38.39708],[-121.81358,38.39837],[-121.81282,38.39837],[-121.81245,38.39785]]],"type":"Polygon"},"properties":{"bbox":{"roads":{"area":621.95,"pct":5.59}},"city_same":1,"id":"hex:4024:24541"},"type":"Feature"},{"geometry":{"coordinates":[[[-121.81361,38.43142],[-121.81247,38.43141],[-121.81213,38.43093],[-121.81323,38.43094],[-121.81328,38.43094],[-121.8134,38.43094],[-121.81397,38.43095],[-121.81361,38.43142]]],"type":"Polygon"},"properties":{"bbox":{"roads":{"area":512.29,"pct":7.55}},"city_same":1,"id":"hex:4024:24562"},"type":"Feature"},{"geometry":{"coordinates":[[[-121.81188,38.43218],[-121.81244,38.43297],[-121.81359,38.43298],[-121.81417,38.4322],[-121.81361,38.43142],[-121.81247,38.43141],[-121.81188,38.43218]]],"type":"Polygon"},"properties":{"bbox":{"roads":{"area":1606.09,"pct":6.18},"sidewalks":{"area":11.23,"pct":0.04}},"city_same":1,"id":"hex:4024:24563"},"type":"Feature"},{"geometry":{"coordinates":[[[-121.81186,38.43374],[-121.81242,38.43453],[-121.81356,38.43454],[-121.81415,38.43376],[-121.81359,38.43298],[-121.81244,38.43297],[-121.81186,38.43374]]],"type":"Polygon"},"properties":{"bbox":{"roads":{"area":1306.48,"pct":5.03},"sidewalks":{"area":1.53,"pct":0.01}},"city_same":1,"id":"hex:4024:24564"},"type":"Feature"},{"geometry":{"coordinates":[[[-121.81183,38.4353],[-121.81239,38.43609],[-121.81354,38.4361],[-121.81412,38.43532],[-121.81356,38.43454],[-121.81242,38.43453],[-121.81183,38.4353]]],"type":"Polygon"},"properties":{"bbox":{"roads":{"area":2372.68,"pct":9.13},"sidewalks":{"area":109.2,"pct":0.42}},"city_same":1,"id":"hex:4024:24565"},"type":"Feature"},{"geometry":{"coordinates":[[[-121.81181,38.43686],[-121.81237,38.43765],[-121.81351,38.43766],[-121.8141,38.43688],[-121.81354,38.4361],[-121.81239,38.43609],[-121.81181,38.43686]]],"type":"Polygon"},"properties":{"bbox":{"roads":{"area":76.55,"pct":0.29}},"city_same":1,"id":"hex:4024:24566"},"type":"Feature"},{"geometry":{"coordinates":[[[-121.81237,38.43765],[-121.81351,38.43766],[-121.81407,38.43845],[-121.81349,38.43922],[-121.81335,38.43922],[-121.81336,38.43916],[-121.81321,38.43838],[-121.81183,38.43835],[-121.81237,38.43765]]],"type":"Polygon"},"properties":{"bbox":{"parking":{"area":3736.11,"pct":23.64},"roads":{"area":1323.93,"pct":8.38}},"city_same":1,"id":"hex:4024:24567"},"type":"Feature"},{"geometry":{"coordinates":[[[-121.81349,38.43922],[-121.81405,38.44001],[-121.81346,38.44078],[-121.81332,38.44078],[-121.81332,38.4397],[-121.81335,38.43922],[-121.81349,38.43922]]],"type":"Polygon"},"properties":{"bbox":{"roads":{"area":357.14,"pct":5.42}},"city_same":1,"id":"hex:4024:24568"},"type":"Feature"},{"geometry":{"coordinates":[[[-121.81346,38.44078],[-121.81402,38.44157],[-121.81344,38.44234],[-121.81331,38.44234],[-121.81331,38.44212],[-121.81332,38.44078],[-121.81346,38.44078]]],"type":"Polygon"},"properties":{"bbox":{"roads":{"area":139.7,"pct":2.2}},"city_same":1,"id":"hex:4024:24569"},"type":"Feature"},{"geometry":{"coordinates":[[[-121.81344,38.44234],[-121.814,38.44313],[-121.81341,38.4439],[-121.81226,38.44389],[-121.81205,38.44359],[-121.8133,38.44359],[-121.81331,38.44234],[-121.81344,38.44234]]],"type":"Polygon"},"properties":{"bbox":{"roads":{"area":657.99,"pct":6.91}},"city_same":1,"id":"hex:4024:24570"},"type":"Feature"},{"geometry":{"coordinates":[[[-121.81168,38.44466],[-121.81224,38.44545],[-121.81338,38.44546],[-121.81397,38.44469],[-121.81341,38.4439],[-121.81226,38.44389],[-121.81168,38.44466]]],"type":"Polygon"},"properties":{"bbox":{"roads":{"area":2065.49,"pct":7.95}},"city_same":1,"id":"hex:4024:24571"},"type":"Feature"},{"geometry":{"coordinates":[[[-121.81165,38.44623],[-121.81224,38.44545],[-121.81338,38.44546],[-121.81394,38.44625],[-121.81336,38.44702],[-121.81313,38.44702],[-121.81314,38.44642],[-121.81178,38.4464],[-121.81165,38.44623]]],"type":"Polygon"},"properties":{"bbox":{"roads":{"area":1579.19,"pct":8.19}},"city_same":1,"id":"hex:4024:24572"},"type":"Feature"},{"geometry":{"coordinates":[[[-121.81336,38.44702],[-121.81392,38.44781],[-121.81333,38.44858],[-121.81312,38.44858],[-121.81312,38.44847],[-121.81311,38.44798],[-121.81312,38.44749],[-121.81313,38.44702],[-121.81336,38.44702]]],"type":"Polygon"},"properties":{"bbox":{"roads":{"area":1472.84,"pct":18.89}},"city_same":1,"id":"hex:4024:24573"},"type":"Feature"},{"geometry":{"coordinates":[[[-121.81333,38.44858],[-121.81389,38.44937],[-121.81331,38.45014],[-121.8131,38.45014],[-121.81312,38.44858],[-121.81333,38.44858]]],"type":"Polygon"},"properties":{"bbox":{"roads":{"area":952.65,"pct":12.6}},"city_same":1,"id":"hex:4024:24574"},"type":"Feature"},{"geometry":{"coordinates":[[[-121.81331,38.45014],[-121.81387,38.45093],[-121.81328,38.4517],[-121.81308,38.4517],[-121.8131,38.45014],[-121.81331,38.45014]]],"type":"Polygon"},"properties":{"bbox":{"roads":{"area":952.69,"pct":12.85}},"city_same":1,"id":"hex:4024:24575"},"type":"Feature"},{"geometry":{"coordinates":[[[-121.81328,38.4517],[-121.81384,38.45249],[-121.81359,38.45282],[-121.81307,38.45281],[-121.81308,38.4517],[-121.81328,38.4517]]],"type":"Polygon"},"properties":{"bbox":{"roads":{"area":882.59,"pct":15.47}},"city_same":1,"id":"hex:4024:24576"},"type":"Feature"},{"geometry":{"coordinates":[[[-121.81377,38.45717],[-121.81318,38.45795],[-121.81203,38.45794],[-121.81147,38.45715],[-121.8118,38.45672],[-121.81303,38.45671],[-121.81303,38.4565],[-121.81328,38.45649],[-121.81377,38.45717]]],"type":"Polygon"},"properties":{"bbox":{"roads":{"area":23.38,"pct":0.11}},"city_same":1,"id":"hex:4024:24579"},"type":"Feature"},{"geometry":{"coordinates":[[[-121.81145,38.45871],[-121.81201,38.4595],[-121.81315,38.45951],[-121.81374,38.45873],[-121.81318,38.45795],[-121.81203,38.45794],[-121.81145,38.45871]]],"type":"Polygon"},"properties":{"bbox":{"roads":{"area":8.43,"pct":0.03}},"city_same":1,"id":"hex:4024:24580"},"type":"Feature"},{"geometry":{"coordinates":[[[-121.8114,38.46183],[-121.81196,38.46262],[-121.8131,38.46263],[-121.81369,38.46185],[-121.81313,38.46107],[-121.81198,38.46106],[-121.8114,38.46183]]],"type":"Polygon"},"properties":{"bbox":{"roads":{"area":416.96,"pct":1.6}},"city_same":1,"id":"hex:4024:24582"},"type":"Feature"},{"geometry":{"coordinates":[[[-121.81137,38.46339],[-121.81193,38.46418],[-121.81308,38.46419],[-121.81366,38.46342],[-121.8131,38.46263],[-121.81196,38.46262],[-121.81137,38.46339]]],"type":"Polygon"},"properties":{"bbox":{"roads":{"area":1010.02,"pct":3.89}},"city_same":1,"id":"hex:4024:24583"},"type":"Feature"},{"geometry":{"coordinates":[[[-121.81135,38.46495],[-121.81191,38.46574],[-121.81305,38.46575],[-121.81364,38.46498],[-121.81308,38.46419],[-121.81193,38.46418],[-121.81135,38.46495]]],"type":"Polygon"},"properties":{"bbox":{"roads":{"area":835.23,"pct":3.21}},"city_same":1,"id":"hex:4024:24584"},"type":"Feature"},{"geometry":{"coordinates":[[[-121.81132,38.46651],[-121.81188,38.4673],[-121.81303,38.46731],[-121.81361,38.46654],[-121.81305,38.46575],[-121.81191,38.46574],[-121.81132,38.46651]]],"type":"Polygon"},"properties":{"bbox":{"parking":{"area":208.27,"pct":0.8},"roads":{"area":1100.82,"pct":4.24}},"city_same":1,"id":"hex:4024:24585"},"type":"Feature"},{"geometry":{"coordinates":[[[-121.81129,38.46807],[-121.81186,38.46886],[-121.813,38.46887],[-121.81359,38.4681],[-121.81303,38.46731],[-121.81188,38.4673],[-121.81129,38.46807]]],"type":"Polygon"},"properties":{"bbox":{"roads":{"area":1413.97,"pct":5.44}},"city_same":1,"id":"hex:4024:24586"},"type":"Feature"},{"geometry":{"coordinates":[[[-121.81127,38.46963],[-121.81183,38.47042],[-121.81298,38.47043],[-121.81356,38.46966],[-121.813,38.46887],[-121.81186,38.46886],[-121.81127,38.46963]]],"type":"Polygon"},"properties":{"bbox":{"roads":{"area":205.81,"pct":0.79}},"city_same":1,"id":"hex:4024:24587"},"type":"Feature"},{"geometry":{"coordinates":[[[-121.81162,38.48291],[-121.81106,38.48212],[-121.81165,38.48135],[-121.8128,38.48136],[-121.81317,38.48188],[-121.81174,38.48291],[-121.81162,38.48291]]],"type":"Polygon"},"properties":{"bbox":{"roads":{"area":4647.84,"pct":24.01}},"id":"hex:4024:24595"},"type":"Feature"},{"geometry":{"coordinates":[[[-121.81255,38.3916],[-121.8114,38.39159],[-121.81118,38.39127],[-121.81279,38.39128],[-121.81255,38.3916]]],"type":"Polygon"},"properties":{"bbox":{"roads":{"area":433.53,"pct":10.06}},"city_same":1,"id":"hex:4025:24536"},"type":"Feature"},{"geometry":{"coordinates":[[[-121.81082,38.39237],[-121.81138,38.39315],[-121.81252,38.39316],[-121.81311,38.39239],[-121.81255,38.3916],[-121.8114,38.39159],[-121.81082,38.39237]]],"type":"Polygon"},"properties":{"bbox":{"roads":{"area":569.44,"pct":2.19}},"city_same":1,"id":"hex:4025:24537"},"type":"Feature"},{"geometry":{"coordinates":[[[-121.81079,38.39393],[-121.81135,38.39471],[-121.8125,38.39472],[-121.81308,38.39395],[-121.81252,38.39316],[-121.81138,38.39315],[-121.81079,38.39393]]],"type":"Polygon"},"properties":{"bbox":{"roads":{"area":1050.1,"pct":4.04}},"city_same":1,"id":"hex:4025:24538"},"type":"Feature"},{"geometry":{"coordinates":[[[-121.81077,38.39549],[-121.81133,38.39627],[-121.81247,38.39629],[-121.81306,38.39551],[-121.8125,38.39472],[-121.81135,38.39471],[-121.81077,38.39549]]],"type":"Polygon"},"properties":{"bbox":{"roads":{"area":1027.91,"pct":3.96}},"city_same":1,"id":"hex:4025:24539"},"type":"Feature"},{"geometry":{"coordinates":[[[-121.81074,38.39705],[-121.8113,38.39783],[-121.81245,38.39785],[-121.81303,38.39707],[-121.81247,38.39629],[-121.81133,38.39627],[-121.81074,38.39705]]],"type":"Polygon"},"properties":{"bbox":{"roads":{"area":984.24,"pct":3.79}},"city_same":1,"id":"hex:4025:24540"},"type":"Feature"},{"geometry":{"coordinates":[[[-121.8113,38.39783],[-121.81245,38.39785],[-121.81282,38.39837],[-121.8109,38.39836],[-121.8113,38.39783]]],"type":"Polygon"},"properties":{"bbox":{"roads":{"area":175.82,"pct":2.25}},"city_same":1,"id":"hex:4025:24541"},"type":"Feature"},{"geometry":{"coordinates":[[[-121.81226,38.44389],[-121.81168,38.44466],[-121.81148,38.44466],[-121.81148,38.44358],[-121.81205,38.44359],[-121.81226,38.44389]]],"type":"Polygon"},"properties":{"bbox":{"roads":{"area":396.19,"pct":6.94}},"city_same":1,"id":"hex:4025:24570"},"type":"Feature"},{"geometry":{"coordinates":[[[-121.81168,38.44466],[-121.81224,38.44545],[-121.81165,38.44623],[-121.81051,38.44621],[-121.81033,38.44597],[-121.81035,38.44539],[-121.81149,38.44539],[-121.81148,38.44466],[-121.81168,38.44466]]],"type":"Polygon"},"properties":{"bbox":{"roads":{"area":1642.1,"pct":10.23}},"city_same":1,"id":"hex:4025:24571"},"type":"Feature"},{"geometry":{"coordinates":[[[-121.81051,38.44621],[-121.81165,38.44623],[-121.81178,38.4464],[-121.81039,38.44637],[-121.81051,38.44621]]],"type":"Polygon"},"properties":{"bbox":{"roads":{"area":0.61,"pct":0.03}},"city_same":1,"id":"hex:4025:24572"},"type":"Feature"},{"geometry":{"coordinates":[[[-121.81147,38.45715],[-121.81033,38.45714],[-121.81011,38.45683],[-121.8101,38.45646],[-121.8101,38.45592],[-121.81031,38.45563],[-121.81153,38.45563],[-121.81175,38.45594],[-121.81175,38.45673],[-121.8118,38.45672],[-121.81147,38.45715]]],"type":"Polygon"},"properties":{"bbox":{"roads":{"area":9.34,"pct":0.04}},"city_same":1,"id":"hex:4025:24578"},"type":"Feature"},{"geometry":{"coordinates":[[[-121.80964,38.46415],[-121.8102,38.46494],[-121.81135,38.46495],[-121.81193,38.46418],[-121.81137,38.46339],[-121.81023,38.46338],[-121.80964,38.46415]]],"type":"Polygon"},"properties":{"bbox":{"roads":{"area":396.35,"pct":1.53}},"city_same":1,"id":"hex:4025:24583"},"type":"Feature"},{"geometry":{"coordinates":[[[-121.80961,38.46572],[-121.81017,38.4665],[-121.81132,38.46651],[-121.81191,38.46574],[-121.81135,38.46495],[-121.8102,38.46494],[-121.80961,38.46572]]],"type":"Polygon"},"properties":{"bbox":{"roads":{"area":680.96,"pct":2.62}},"city_same":1,"id":"hex:4025:24584"},"type":"Feature"},{"geometry":{"coordinates":[[[-121.80959,38.46728],[-121.81015,38.46806],[-121.81129,38.46807],[-121.81188,38.4673],[-121.81132,38.46651],[-121.81017,38.4665],[-121.80959,38.46728]]],"type":"Polygon"},"properties":{"bbox":{"roads":{"area":2356.06,"pct":9.07}},"city_same":1,"id":"hex:4025:24585"},"type":"Feature"},{"geometry":{"coordinates":[[[-121.80956,38.46884],[-121.81012,38.46962],[-121.81127,38.46963],[-121.81186,38.46886],[-121.81129,38.46807],[-121.81015,38.46806],[-121.80956,38.46884]]],"type":"Polygon"},"properties":{"bbox":{"roads":{"area":208.59,"pct":0.8}},"city_same":1,"id":"hex:4025:24586"},"type":"Feature"},{"geometry":{"coordinates":[[[-121.80943,38.47664],[-121.80999,38.47743],[-121.81114,38.47744],[-121.81173,38.47666],[-121.81117,38.47588],[-121.81002,38.47587],[-121.80943,38.47664]]],"type":"Polygon"},"properties":{"bbox":{"roads":{"area":286.07,"pct":1.1}},"city_same":1,"id":"hex:4025:24591"},"type":"Feature"},{"geometry":{"coordinates":[[[-121.80989,38.48367],[-121.80933,38.48288],[-121.80992,38.48211],[-121.81106,38.48212],[-121.81162,38.48291],[-121.81149,38.48309],[-121.81133,38.4832],[-121.8107,38.48368],[-121.80989,38.48367]]],"type":"Polygon"},"properties":{"bbox":{"roads":{"area":3378.59,"pct":13.52}},"id":"hex:4025:24595"},"type":"Feature"},{"geometry":{"coordinates":[[[-121.80931,38.48444],[-121.80989,38.48367],[-121.8107,38.48368],[-121.80944,38.48463],[-121.80931,38.48444]]],"type":"Polygon"},"properties":{"bbox":{"roads":{"area":2147.36,"pct":44.5}},"id":"hex:4025:24596"},"type":"Feature"},{"geometry":{"coordinates":[[[-121.8114,38.39159],[-121.81082,38.39237],[-121.80967,38.39235],[-121.80928,38.3918],[-121.80928,38.39156],[-121.80928,38.39149],[-121.80923,38.39146],[-121.80919,38.39146],[-121.80934,38.39127],[-121.81118,38.39127],[-121.8114,38.39159]]],"type":"Polygon"},"properties":{"bbox":{"roads":{"area":849.68,"pct":4.51}},"city_same":1,"id":"hex:4026:24537"},"type":"Feature"},{"geometry":{"coordinates":[[[-121.80909,38.39313],[-121.80965,38.39392],[-121.81079,38.39393],[-121.81138,38.39315],[-121.81082,38.39237],[-121.80967,38.39235],[-121.80909,38.39313]]],"type":"Polygon"},"properties":{"bbox":{"roads":{"area":927.83,"pct":3.57}},"city_same":1,"id":"hex:4026:24538"},"type":"Feature"},{"geometry":{"coordinates":[[[-121.80906,38.39469],[-121.80962,38.39548],[-121.81077,38.39549],[-121.81135,38.39471],[-121.81079,38.39393],[-121.80965,38.39392],[-121.80906,38.39469]]],"type":"Polygon"},"properties":{"bbox":{"roads":{"area":963.1,"pct":3.71}},"city_same":1,"id":"hex:4026:24539"},"type":"Feature"},{"geometry":{"coordinates":[[[-121.80904,38.39625],[-121.8096,38.39704],[-121.81074,38.39705],[-121.81133,38.39627],[-121.81077,38.39549],[-121.80962,38.39548],[-121.80904,38.39625]]],"type":"Polygon"},"properties":{"bbox":{"roads":{"area":1014.16,"pct":3.9}},"city_same":1,"id":"hex:4026:24540"},"type":"Feature"},{"geometry":{"coordinates":[[[-121.80901,38.39781],[-121.8096,38.39704],[-121.81074,38.39705],[-121.8113,38.39783],[-121.8109,38.39836],[-121.8094,38.39836],[-121.80901,38.39781]]],"type":"Polygon"},"properties":{"bbox":{"roads":{"area":1180.15,"pct":5.15}},"city_same":1,"id":"hex:4026:24541"},"type":"Feature"},{"geometry":{"coordinates":[[[-121.80964,38.46415],[-121.8102,38.46494],[-121.80961,38.46572],[-121.80847,38.4657],[-121.80796,38.46499],[-121.80877,38.46415],[-121.80964,38.46415]]],"type":"Polygon"},"properties":{"bbox":{"roads":{"area":695.67,"pct":2.84}},"city_same":1,"id":"hex:4026:24584"},"type":"Feature"},{"geometry":{"coordinates":[[[-121.80788,38.46648],[-121.80844,38.46726],[-121.80959,38.46728],[-121.81017,38.4665],[-121.80961,38.46572],[-121.80847,38.4657],[-121.80788,38.46648]]],"type":"Polygon"},"properties":{"bbox":{"roads":{"area":1489.61,"pct":5.73}},"city_same":1,"id":"hex:4026:24585"},"type":"Feature"},{"geometry":{"coordinates":[[[-121.80786,38.46804],[-121.80842,38.46883],[-121.80956,38.46884],[-121.81015,38.46806],[-121.80959,38.46728],[-121.80844,38.46726],[-121.80786,38.46804]]],"type":"Polygon"},"properties":{"bbox":{"roads":{"area":2340.65,"pct":9.01}},"city_same":1,"id":"hex:4026:24586"},"type":"Feature"},{"geometry":{"coordinates":[[[-121.80783,38.4696],[-121.80839,38.47039],[-121.80954,38.4704],[-121.81012,38.46962],[-121.80956,38.46884],[-121.80842,38.46883],[-121.80783,38.4696]]],"type":"Polygon"},"properties":{"bbox":{"roads":{"area":261.03,"pct":1}},"city_same":1,"id":"hex:4026:24587"},"type":"Feature"},{"geometry":{"coordinates":[[[-121.8077,38.4774],[-121.80826,38.47819],[-121.80941,38.4782],[-121.80999,38.47743],[-121.80943,38.47664],[-121.80829,38.47663],[-121.8077,38.4774]]],"type":"Polygon"},"properties":{"bbox":{"roads":{"area":452.62,"pct":1.74}},"city_same":1,"id":"hex:4026:24592"},"type":"Feature"},{"geometry":{"coordinates":[[[-121.8076,38.48365],[-121.80816,38.48443],[-121.80931,38.48444],[-121.80989,38.48367],[-121.80933,38.48288],[-121.80819,38.48287],[-121.8076,38.48365]]],"type":"Polygon"},"properties":{"bbox":{"roads":{"area":652.9,"pct":2.51}},"id":"hex:4026:24596"},"type":"Feature"},{"geometry":{"coordinates":[[[-121.80757,38.48521],[-121.80816,38.48443],[-121.80931,38.48444],[-121.80944,38.48463],[-121.80892,38.48503],[-121.80796,38.48575],[-121.80757,38.48521]]],"type":"Polygon"},"properties":{"bbox":{"roads":{"area":3832.25,"pct":30.96}},"id":"hex:4026:24597"},"type":"Feature"},{"geometry":{"coordinates":[[[-121.80776,38.39127],[-121.80934,38.39127],[-121.80919,38.39146],[-121.80788,38.39144],[-121.80776,38.39127]]],"type":"Polygon"},"properties":{"bbox":{"roads":{"area":441.1,"pct":17.36}},"city_same":1,"id":"hex:4027:24536"},"type":"Feature"},{"geometry":{"coordinates":[[[-121.80967,38.39235],[-121.80909,38.39313],[-121.80794,38.39312],[-121.80771,38.39279],[-121.80836,38.39279],[-121.80909,38.39279],[-121.80921,38.39278],[-121.80925,38.39275],[-121.80927,38.39269],[-121.80928,38.3918],[-121.80967,38.39235]]],"type":"Polygon"},"properties":{"bbox":{"roads":{"area":724.64,"pct":10.93}},"city_same":1,"id":"hex:4027:24537"},"type":"Feature"},{"geometry":{"coordinates":[[[-121.80736,38.39389],[-121.80792,38.39468],[-121.80906,38.39469],[-121.80965,38.39392],[-121.80909,38.39313],[-121.80794,38.39312],[-121.80736,38.39389]]],"type":"Polygon"},"properties":{"bbox":{"roads":{"area":709.04,"pct":2.73}},"city_same":1,"id":"hex:4027:24538"},"type":"Feature"},{"geometry":{"coordinates":[[[-121.80733,38.39545],[-121.80789,38.39624],[-121.80904,38.39625],[-121.80962,38.39548],[-121.80906,38.39469],[-121.80792,38.39468],[-121.80733,38.39545]]],"type":"Polygon"},"properties":{"bbox":{"roads":{"area":693.82,"pct":2.67}},"city_same":1,"id":"hex:4027:24539"},"type":"Feature"},{"geometry":{"coordinates":[[[-121.80731,38.39701],[-121.80787,38.3978],[-121.80901,38.39781],[-121.8096,38.39704],[-121.80904,38.39625],[-121.80789,38.39624],[-121.80731,38.39701]]],"type":"Polygon"},"properties":{"bbox":{"roads":{"area":652.9,"pct":2.51}},"city_same":1,"id":"hex:4027:24540"},"type":"Feature"},{"geometry":{"coordinates":[[[-121.80787,38.3978],[-121.80901,38.39781],[-121.8094,38.39836],[-121.80744,38.39836],[-121.80787,38.3978]]],"type":"Polygon"},"properties":{"bbox":{"roads":{"area":149.32,"pct":1.78}},"city_same":1,"id":"hex:4027:24541"},"type":"Feature"},{"geometry":{"coordinates":[[[-121.80847,38.4657],[-121.80788,38.46648],[-121.80674,38.46647],[-121.80664,38.46634],[-121.80796,38.46499],[-121.80847,38.4657]]],"type":"Polygon"},"properties":{"bbox":{"roads":{"area":365.39,"pct":2.67}},"city_same":1,"id":"hex:4027:24584"},"type":"Feature"},{"geometry":{"coordinates":[[[-121.80615,38.46724],[-121.80671,38.46803],[-121.80786,38.46804],[-121.80844,38.46726],[-121.80788,38.46648],[-121.80674,38.46647],[-121.80615,38.46724]]],"type":"Polygon"},"properties":{"bbox":{"roads":{"area":3224.61,"pct":12.41}},"city_same":1,"id":"hex:4027:24585"},"type":"Feature"},{"geometry":{"coordinates":[[[-121.80612,38.4688],[-121.80668,38.46959],[-121.80783,38.4696],[-121.80842,38.46883],[-121.80786,38.46804],[-121.80671,38.46803],[-121.80612,38.4688]]],"type":"Polygon"},"properties":{"bbox":{"roads":{"area":398.72,"pct":1.53}},"city_same":1,"id":"hex:4027:24586"},"type":"Feature"},{"geometry":{"coordinates":[[[-121.806,38.4766],[-121.80656,38.47739],[-121.8077,38.4774],[-121.80829,38.47663],[-121.80773,38.47584],[-121.80658,38.47583],[-121.806,38.4766]]],"type":"Polygon"},"properties":{"bbox":{"roads":{"area":597.24,"pct":2.3}},"city_same":1,"id":"hex:4027:24591"},"type":"Feature"},{"geometry":{"coordinates":[[[-121.80587,38.48441],[-121.80643,38.48519],[-121.80757,38.48521],[-121.80816,38.48443],[-121.8076,38.48365],[-121.80645,38.48363],[-121.80587,38.48441]]],"type":"Polygon"},"properties":{"bbox":{"roads":{"area":942.58,"pct":3.63}},"city_same":1,"id":"hex:4027:24596"},"type":"Feature"},{"geometry":{"coordinates":[[[-121.8064,38.48675],[-121.80584,38.48597],[-121.80643,38.48519],[-121.80757,38.48521],[-121.80796,38.48575],[-121.80661,38.48676],[-121.8064,38.48675]]],"type":"Polygon"},"properties":{"bbox":{"roads":{"area":5588.31,"pct":27.97}},"city":{"roads":{"area":1038.96,"pct":5.2}},"id":"hex:4027:24597"},"type":"Feature"},{"geometry":{"coordinates":[[[-121.8064,38.48675],[-121.80661,38.48676],[-121.80612,38.48712],[-121.8064,38.48675]]],"type":"Polygon"},"properties":{"bbox":{"roads":{"area":354.77,"pct":94.99}},"id":"hex:4027:24598"},"type":"Feature"},{"geometry":{"coordinates":[[[-121.80788,38.39144],[-121.80578,38.3914],[-121.80588,38.39126],[-121.80776,38.39127],[-121.80788,38.39144]]],"type":"Polygon"},"properties":{"bbox":{"roads":{"area":604.4,"pct":20.51}},"city_same":1,"id":"hex:4028:24537"},"type":"Feature"},{"geometry":{"coordinates":[[[-121.80794,38.39312],[-121.80736,38.39389],[-121.80723,38.39389],[-121.80723,38.39287],[-121.80721,38.3928],[-121.80717,38.39278],[-121.80703,38.39278],[-121.80589,38.39278],[-121.80604,38.39259],[-121.80734,38.39259],[-121.80741,38.39259],[-121.80746,38.39262],[-121.8075,38.39266],[-121.8075,38.39273],[-121.80751,38.39277],[-121.80754,38.39279],[-121.80771,38.39279],[-121.80794,38.39312]]],"type":"Polygon"},"properties":{"bbox":{"roads":{"area":979.19,"pct":12.38}},"city_same":1,"id":"hex:4028:24538"},"type":"Feature"},{"geometry":{"coordinates":[[[-121.80736,38.39389],[-121.80792,38.39468],[-121.80733,38.39545],[-121.80724,38.39545],[-121.80724,38.39531],[-121.80715,38.39526],[-121.80714,38.39509],[-121.80722,38.39506],[-121.80723,38.39498],[-121.80722,38.39413],[-121.80723,38.39389],[-121.80736,38.39389]]],"type":"Polygon"},"properties":{"bbox":{"roads":{"area":677.28,"pct":10.82}},"city_same":1,"id":"hex:4028:24539"},"type":"Feature"},{"geometry":{"coordinates":[[[-121.80586,38.39658],[-121.80714,38.39658],[-121.80723,38.3965],[-121.80724,38.39545],[-121.80733,38.39545],[-121.80789,38.39624],[-121.80731,38.39701],[-121.80724,38.39701],[-121.80724,38.3969],[-121.80723,38.39683],[-121.80721,38.3968],[-121.80717,38.39678],[-121.80712,38.39677],[-121.80701,38.39676],[-121.80623,38.39677],[-121.80618,38.39678],[-121.80615,38.3968],[-121.80614,38.39685],[-121.80614,38.39693],[-121.80615,38.39696],[-121.80615,38.39698],[-121.80598,38.39674],[-121.80598,38.39674],[-121.80597,38.39674],[-121.80586,38.39658]]],"type":"Polygon"},"properties":{"bbox":{"roads":{"area":1152.65,"pct":14.11}},"city_same":1,"id":"hex:4028:24540"},"type":"Feature"},{"geometry":{"coordinates":[[[-121.80558,38.39778],[-121.80566,38.39766],[-121.8057,38.39766],[-121.80571,38.39766],[-121.80575,38.39766],[-121.80583,38.39765],[-121.80587,38.39764],[-121.8059,38.3976],[-121.80592,38.39752],[-121.80597,38.39751],[-121.80598,38.39751],[-121.80598,38.39749],[-121.80599,38.39723],[-121.80614,38.39703],[-121.80614,38.39705],[-121.80615,38.39713],[-121.80614,38.39714],[-121.80614,38.39748],[-121.80615,38.39755],[-121.80616,38.39758],[-121.80619,38.3976],[-121.80623,38.39762],[-121.80629,38.39763],[-121.80637,38.39763],[-121.80697,38.39763],[-121.80707,38.39763],[-121.80712,38.39762],[-121.80715,38.3976],[-121.80717,38.39756],[-121.80719,38.39732],[-121.8072,38.39731],[-121.8072,38.39729],[-121.80724,38.39727],[-121.80724,38.39701],[-121.80731,38.39701],[-121.80787,38.3978],[-121.80744,38.39836],[-121.80717,38.39836],[-121.80599,38.39836],[-121.80558,38.39778]]],"type":"Polygon"},"properties":{"bbox":{"roads":{"area":1335.86,"pct":8.13}},"city_same":1,"id":"hex:4028:24541"},"type":"Feature"},{"geometry":{"coordinates":[[[-121.80674,38.46647],[-121.80615,38.46724],[-121.80577,38.46724],[-121.80664,38.46634],[-121.80674,38.46647]]],"type":"Polygon"},"properties":{"bbox":{"roads":{"area":206.34,"pct":8.56}},"city_same":1,"id":"hex:4028:24585"},"type":"Feature"},{"geometry":{"coordinates":[[[-121.80615,38.46724],[-121.80671,38.46803],[-121.80612,38.4688],[-121.80498,38.46879],[-121.80471,38.46841],[-121.80573,38.46728],[-121.80577,38.46724],[-121.80615,38.46724]]],"type":"Polygon"},"properties":{"bbox":{"roads":{"area":26.11,"pct":0.13}},"city_same":1,"id":"hex:4028:24586"},"type":"Feature"},{"geometry":{"coordinates":[[[-121.80426,38.47737],[-121.80482,38.47815],[-121.80597,38.47817],[-121.80656,38.47739],[-121.806,38.4766],[-121.80485,38.47659],[-121.80426,38.47737]]],"type":"Polygon"},"properties":{"bbox":{"roads":{"area":454.8,"pct":1.75}},"city_same":1,"id":"hex:4028:24592"},"type":"Feature"},{"geometry":{"coordinates":[[[-121.80416,38.48361],[-121.80472,38.4844],[-121.80587,38.48441],[-121.80645,38.48363],[-121.80589,38.48285],[-121.80475,38.48284],[-121.80416,38.48361]]],"type":"Polygon"},"properties":{"bbox":{"roads":{"area":128.74,"pct":0.5}},"city_same":1,"id":"hex:4028:24596"},"type":"Feature"},{"geometry":{"coordinates":[[[-121.80413,38.48517],[-121.8047,38.48596],[-121.80584,38.48597],[-121.80643,38.48519],[-121.80587,38.48441],[-121.80472,38.4844],[-121.80413,38.48517]]],"type":"Polygon"},"properties":{"bbox":{"roads":{"area":2368.11,"pct":9.11}},"city_same":1,"id":"hex:4028:24597"},"type":"Feature"},{"geometry":{"coordinates":[[[-121.80467,38.48752],[-121.80411,38.48673],[-121.8047,38.48596],[-121.80584,38.48597],[-121.8064,38.48675],[-121.80612,38.48712],[-121.80558,38.48753],[-121.80467,38.48752]]],"type":"Polygon"},"properties":{"bbox":{"roads":{"area":4206.41,"pct":16.48}},"city":{"roads":{"area":682.87,"pct":2.68}},"id":"hex:4028:24598"},"type":"Feature"},{"geometry":{"coordinates":[[[-121.80408,38.48829],[-121.80467,38.48752],[-121.80558,38.48753],[-121.8052,38.48781],[-121.80432,38.48862],[-121.80408,38.48829]]],"type":"Polygon"},"properties":{"bbox":{"roads":{"area":3391.12,"pct":52.73}},"id":"hex:4028:24599"},"type":"Feature"},{"geometry":{"coordinates":[[[-121.80403,38.38761],[-121.80412,38.38749],[-121.80443,38.38749],[-121.80442,38.38816],[-121.80403,38.38761]]],"type":"Polygon"},"properties":{"bbox":{"roads":{"area":162.63,"pct":10.78}},"city_same":1,"id":"hex:4029:24534"},"type":"Feature"},{"geometry":{"coordinates":[[[[-121.80397,38.39074],[-121.80436,38.39022],[-121.80434,38.39106],[-121.8042,38.39105],[-121.80397,38.39074]]],[[[-121.80457,38.39152],[-121.80457,38.39126],[-121.80588,38.39126],[-121.80578,38.3914],[-121.80547,38.39139],[-121.80512,38.39139],[-121.80499,38.39142],[-121.8049,38.39146],[-121.8049,38.39153],[-121.80457,38.39152]]]],"type":"MultiPolygon"},"properties":{"bbox":{"roads":{"area":418.38,"pct":10.93}},"city_same":1,"id":"hex:4029:24536"},"type":"Feature"},{"geometry":{"coordinates":[[[-121.80456,38.39308],[-121.80457,38.39152],[-121.8049,38.39153],[-121.80488,38.39247],[-121.80489,38.39253],[-121.80491,38.39257],[-121.80496,38.39259],[-121.80604,38.39259],[-121.80589,38.39278],[-121.8054,38.39278],[-121.80494,38.39277],[-121.80488,38.39278],[-121.80486,38.39281],[-121.80499,38.39286],[-121.80501,38.39288],[-121.80494,38.39295],[-121.80493,38.39306],[-121.80493,38.39309],[-121.80456,38.39308]]],"type":"Polygon"},"properties":{"bbox":{"roads":{"area":958.89,"pct":13.7}},"city_same":1,"id":"hex:4029:24537"},"type":"Feature"},{"geometry":{"coordinates":[[[-121.80455,38.39464],[-121.80456,38.39308],[-121.80493,38.39309],[-121.80494,38.39465],[-121.80455,38.39464]]],"type":"Polygon"},"properties":{"bbox":{"roads":{"area":606.23,"pct":10.57}},"city_same":1,"id":"hex:4029:24538"},"type":"Feature"},{"geometry":{"coordinates":[[[-121.80454,38.3962],[-121.80455,38.39464],[-121.80494,38.39465],[-121.80494,38.39471],[-121.80491,38.39491],[-121.80492,38.39522],[-121.80489,38.39573],[-121.80488,38.39621],[-121.80454,38.3962]]],"type":"Polygon"},"properties":{"bbox":{"roads":{"area":606.23,"pct":11.08}},"city_same":1,"id":"hex:4029:24539"},"type":"Feature"},{"geometry":{"coordinates":[[[[-121.80558,38.39778],[-121.80453,38.39777],[-121.80454,38.3962],[-121.80488,38.39621],[-121.80488,38.39631],[-121.80488,38.39657],[-121.80586,38.39658],[-121.80597,38.39674],[-121.80593,38.39673],[-121.80593,38.39673],[-121.80495,38.39673],[-121.8049,38.39673],[-121.80486,38.39675],[-121.80481,38.39678],[-121.80479,38.39683],[-121.80478,38.39749],[-121.80479,38.3975],[-121.80478,38.39752],[-121.80479,38.39757],[-121.8048,38.3976],[-121.80482,38.39762],[-121.80487,38.39764],[-121.80492,38.39766],[-121.8055,38.39766],[-121.80559,38.39766],[-121.8056,38.39766],[-121.80566,38.39766],[-121.80558,38.39778]]],[[[-121.80599,38.39723],[-121.806,38.39693],[-121.80599,38.39691],[-121.806,38.3968],[-121.80598,38.39674],[-121.80615,38.39698],[-121.80614,38.39703],[-121.80599,38.39723]]]],"type":"MultiPolygon"},"properties":{"bbox":{"roads":{"area":1305.13,"pct":18.19}},"city_same":1,"id":"hex:4029:24540"},"type":"Feature"},{"geometry":{"coordinates":[[[-121.80498,38.46879],[-121.80439,38.46956],[-121.80372,38.46956],[-121.80372,38.46951],[-121.80416,38.46902],[-121.80471,38.46841],[-121.80498,38.46879]]],"type":"Polygon"},"properties":{"bbox":{"roads":{"area":245.4,"pct":4.03}},"city_same":1,"id":"hex:4029:24586"},"type":"Feature"},{"geometry":{"coordinates":[[[-121.80439,38.46956],[-121.80495,38.47035],[-121.80437,38.47113],[-121.80377,38.47112],[-121.80378,38.47042],[-121.80371,38.47041],[-121.80372,38.46956],[-121.80439,38.46956]]],"type":"Polygon"},"properties":{"bbox":{"roads":{"area":1252.88,"pct":8.97}},"city_same":1,"id":"hex:4029:24587"},"type":"Feature"},{"geometry":{"coordinates":[[[-121.80437,38.47113],[-121.80493,38.47191],[-121.80434,38.47269],[-121.80376,38.47268],[-121.80377,38.47112],[-121.80437,38.47113]]],"type":"Polygon"},"properties":{"bbox":{"roads":{"area":1212.49,"pct":9.16}},"city_same":1,"id":"hex:4029:24588"},"type":"Feature"},{"geometry":{"coordinates":[[[-121.80434,38.47269],[-121.8049,38.47347],[-121.80432,38.47425],[-121.80377,38.47424],[-121.80375,38.47335],[-121.80376,38.47268],[-121.80434,38.47269]]],"type":"Polygon"},"properties":{"bbox":{"roads":{"area":1247.44,"pct":9.64}},"city_same":1,"id":"hex:4029:24589"},"type":"Feature"},{"geometry":{"coordinates":[[[-121.80432,38.47425],[-121.80488,38.47503],[-121.80429,38.47581],[-121.80374,38.4758],[-121.80377,38.47448],[-121.80377,38.47424],[-121.80432,38.47425]]],"type":"Polygon"},"properties":{"bbox":{"roads":{"area":1274.29,"pct":10.17}},"city_same":1,"id":"hex:4029:24590"},"type":"Feature"},{"geometry":{"coordinates":[[[-121.80429,38.47581],[-121.80485,38.47659],[-121.80426,38.47737],[-121.80374,38.47736],[-121.80373,38.4765],[-121.80374,38.4758],[-121.80429,38.47581]]],"type":"Polygon"},"properties":{"bbox":{"roads":{"area":1507.78,"pct":12.07}},"city_same":1,"id":"hex:4029:24591"},"type":"Feature"},{"geometry":{"coordinates":[[[-121.80426,38.47737],[-121.80482,38.47815],[-121.80424,38.47893],[-121.80375,38.47892],[-121.80374,38.47736],[-121.80426,38.47737]]],"type":"Polygon"},"properties":{"bbox":{"roads":{"area":1216.72,"pct":10.19}},"city_same":1,"id":"hex:4029:24592"},"type":"Feature"},{"geometry":{"coordinates":[[[-121.80424,38.47893],[-121.8048,38.47971],[-121.80421,38.48049],[-121.80377,38.48048],[-121.80375,38.47892],[-121.80424,38.47893]]],"type":"Polygon"},"properties":{"bbox":{"roads":{"area":1217.41,"pct":10.75}},"city_same":1,"id":"hex:4029:24593"},"type":"Feature"},{"geometry":{"coordinates":[[[-121.80421,38.48049],[-121.80477,38.48128],[-121.80419,38.48205],[-121.80378,38.48205],[-121.80378,38.4816],[-121.80377,38.48048],[-121.80421,38.48049]]],"type":"Polygon"},"properties":{"bbox":{"roads":{"area":1216.7,"pct":11.36}},"city_same":1,"id":"hex:4029:24594"},"type":"Feature"},{"geometry":{"coordinates":[[[-121.80419,38.48205],[-121.80475,38.48284],[-121.80416,38.48361],[-121.80377,38.48361],[-121.80378,38.48205],[-121.80419,38.48205]]],"type":"Polygon"},"properties":{"bbox":{"roads":{"area":1212.49,"pct":11.71}},"city_same":1,"id":"hex:4029:24595"},"type":"Feature"},{"geometry":{"coordinates":[[[-121.80416,38.48361],[-121.80472,38.4844],[-121.80413,38.48517],[-121.80299,38.48516],[-121.80243,38.48437],[-121.8025,38.48427],[-121.80377,38.48428],[-121.80377,38.48361],[-121.80416,38.48361]]],"type":"Polygon"},"properties":{"bbox":{"roads":{"area":1407.77,"pct":7.26}},"city_same":1,"id":"hex:4029:24596"},"type":"Feature"},{"geometry":{"coordinates":[[[-121.8024,38.48593],[-121.80296,38.48672],[-121.80411,38.48673],[-121.8047,38.48596],[-121.80413,38.48517],[-121.80299,38.48516],[-121.8024,38.48593]]],"type":"Polygon"},"properties":{"bbox":{"roads":{"area":1821.78,"pct":7.01}},"city_same":1,"id":"hex:4029:24597"},"type":"Feature"},{"geometry":{"coordinates":[[[-121.80238,38.48749],[-121.80294,38.48828],[-121.80408,38.48829],[-121.80467,38.48752],[-121.80411,38.48673],[-121.80296,38.48672],[-121.80238,38.48749]]],"type":"Polygon"},"properties":{"bbox":{"roads":{"area":3094.18,"pct":11.91}},"city":{"roads":{"area":1434.15,"pct":5.52}},"id":"hex:4029:24598"},"type":"Feature"},{"geometry":{"coordinates":[[[-121.80294,38.48828],[-121.80408,38.48829],[-121.80432,38.48862],[-121.80389,38.48901],[-121.80284,38.48891],[-121.80247,38.4889],[-121.80294,38.48828]]],"type":"Polygon"},"properties":{"bbox":{"roads":{"area":3287.09,"pct":34.74}},"city":{"roads":{"area":564.25,"pct":5.96}},"id":"hex:4029:24599"},"type":"Feature"},{"geometry":{"coordinates":[[[-121.80403,38.38761],[-121.80288,38.3876],[-121.80279,38.38747],[-121.80412,38.38749],[-121.80403,38.38761]]],"type":"Polygon"},"properties":{"bbox":{"roads":{"area":616.64,"pct":39.77}},"city_same":1,"id":"hex:4030:24534"},"type":"Feature"},{"geometry":{"coordinates":[[[-121.80283,38.39072],[-121.80397,38.39074],[-121.8042,38.39105],[-121.80371,38.39104],[-121.80307,38.39104],[-121.8026,38.39103],[-121.80283,38.39072]]],"type":"Polygon"},"properties":{"bbox":{"roads":{"area":460.07,"pct":11.15}},"city_same":1,"id":"hex:4030:24537"},"type":"Feature"},{"geometry":{"coordinates":[[[-121.80288,38.3876],[-121.8023,38.38838],[-121.80115,38.38837],[-121.80059,38.38758],[-121.80069,38.38745],[-121.80279,38.38747],[-121.80288,38.3876]]],"type":"Polygon"},"properties":{"bbox":{"roads":{"area":1027.37,"pct":6.53}},"city_same":1,"id":"hex:4031:24534"},"type":"Feature"},{"geometry":{"coordinates":[[[-121.80054,38.3907],[-121.80113,38.38993],[-121.80227,38.38994],[-121.80283,38.39072],[-121.8026,38.39103],[-121.80238,38.39102],[-121.80131,38.39102],[-121.80077,38.39103],[-121.80054,38.3907]]],"type":"Polygon"},"properties":{"bbox":{"roads":{"area":506.99,"pct":2.64}},"city_same":1,"id":"hex:4031:24536"},"type":"Feature"},{"geometry":{"coordinates":[[[-121.80059,38.38758],[-121.79945,38.38757],[-121.79889,38.38678],[-121.79947,38.38601],[-121.79979,38.38601],[-121.79979,38.38744],[-121.80069,38.38745],[-121.80059,38.38758]]],"type":"Polygon"},"properties":{"bbox":{"roads":{"area":380.22,"pct":3.66}},"city_same":1,"id":"hex:4032:24534"},"type":"Feature"},{"geometry":{"coordinates":[[[-121.7994,38.39069],[-121.80054,38.3907],[-121.80077,38.39103],[-121.80028,38.39103],[-121.79915,38.39102],[-121.79914,38.39102],[-121.7994,38.39069]]],"type":"Polygon"},"properties":{"bbox":{"roads":{"area":454.2,"pct":10.09}},"city_same":1,"id":"hex:4032:24537"},"type":"Feature"},{"geometry":{"coordinates":[[[-121.79711,38.39067],[-121.79769,38.38989],[-121.79884,38.3899],[-121.7994,38.39069],[-121.79914,38.39102],[-121.7979,38.391],[-121.79734,38.39099],[-121.79711,38.39067]]],"type":"Polygon"},"properties":{"bbox":{"roads":{"area":541.92,"pct":2.78}},"city_same":1,"id":"hex:4033:24536"},"type":"Feature"},{"geometry":{"coordinates":[[[-121.79601,38.38753],[-121.79716,38.38754],[-121.79772,38.38833],[-121.79713,38.3891],[-121.79599,38.38909],[-121.79545,38.38834],[-121.79545,38.38827],[-121.79601,38.38753]]],"type":"Polygon"},"properties":{"bbox":{"roads":{"area":83.74,"pct":0.32}},"city_same":1,"id":"hex:4034:24535"},"type":"Feature"},{"geometry":{"coordinates":[[[-121.79599,38.38909],[-121.79713,38.3891],[-121.79769,38.38989],[-121.79711,38.39067],[-121.79596,38.39065],[-121.79543,38.3899],[-121.79543,38.38983],[-121.79599,38.38909]]],"type":"Polygon"},"properties":{"bbox":{"roads":{"area":78.8,"pct":0.3}},"city_same":1,"id":"hex:4034:24536"},"type":"Feature"},{"geometry":{"coordinates":[[[-121.79596,38.39065],[-121.79711,38.39067],[-121.79734,38.39099],[-121.79678,38.39099],[-121.79583,38.391],[-121.7957,38.391],[-121.79596,38.39065]]],"type":"Polygon"},"properties":{"bbox":{"roads":{"area":429.35,"pct":9.61}},"city_same":1,"id":"hex:4034:24537"},"type":"Feature"},{"geometry":{"coordinates":[[[-121.79545,38.38675],[-121.79601,38.38753],[-121.79545,38.38827],[-121.79546,38.38745],[-121.79377,38.38744],[-121.79392,38.38725],[-121.79497,38.38725],[-121.79506,38.38723],[-121.79511,38.38721],[-121.79513,38.38718],[-121.79513,38.38674],[-121.79545,38.38675]]],"type":"Polygon"},"properties":{"bbox":{"roads":{"area":831.83,"pct":9.43}},"city_same":1,"id":"hex:4035:24534"},"type":"Feature"},{"geometry":{"coordinates":[[[-121.79599,38.38909],[-121.79543,38.38983],[-121.79545,38.38834],[-121.79599,38.38909]]],"type":"Polygon"},"properties":{"bbox":{"roads":{"area":524.86,"pct":13.26}},"city_same":1,"id":"hex:4035:24535"},"type":"Feature"},{"geometry":{"coordinates":[[[-121.79596,38.39065],[-121.7957,38.391],[-121.79541,38.391],[-121.79543,38.3899],[-121.79596,38.39065]]],"type":"Polygon"},"properties":{"bbox":{"roads":{"area":441.15,"pct":13.09}},"city_same":1,"id":"hex:4035:24536"},"type":"Feature"},{"geometry":{"coordinates":[[[-121.7924,38.38724],[-121.79392,38.38725],[-121.79377,38.38744],[-121.79253,38.38744],[-121.7924,38.38724]]],"type":"Polygon"},"properties":{"bbox":{"roads":{"area":444.63,"pct":16.87}},"city_same":1,"id":"hex:4036:24534"},"type":"Feature"},{"geometry":{"coordinates":[[[-121.79253,38.38744],[-121.79033,38.38742],[-121.79046,38.38724],[-121.79066,38.38724],[-121.79071,38.38722],[-121.79077,38.38718],[-121.79078,38.38712],[-121.79078,38.38683],[-121.79087,38.3867],[-121.79092,38.3867],[-121.79092,38.38718],[-121.79097,38.38723],[-121.79112,38.38724],[-121.7924,38.38724],[-121.79253,38.38744]]],"type":"Polygon"},"properties":{"bbox":{"roads":{"area":610,"pct":13.39}},"city_same":1,"id":"hex:4037:24534"},"type":"Feature"},{"geometry":{"coordinates":[[[[-121.78898,38.38724],[-121.79046,38.38724],[-121.79033,38.38742],[-121.78911,38.38742],[-121.78898,38.38724]]],[[[-121.79087,38.3867],[-121.79078,38.38683],[-121.79078,38.38656],[-121.79087,38.3867]]]],"type":"MultiPolygon"},"properties":{"bbox":{"roads":{"area":435.66,"pct":17.48}},"city_same":1,"id":"hex:4038:24534"},"type":"Feature"},{"geometry":{"coordinates":[[[-121.78911,38.38742],[-121.78688,38.3874],[-121.78701,38.38723],[-121.78898,38.38724],[-121.78911,38.38742]]],"type":"Polygon"},"properties":{"bbox":{"roads":{"area":621.28,"pct":17.31}},"city_same":1,"id":"hex:4039:24534"},"type":"Feature"},{"geometry":{"coordinates":[[[-121.78627,38.38431],[-121.78628,38.38275],[-121.78652,38.38275],[-121.78652,38.38346],[-121.78652,38.38357],[-121.78654,38.38363],[-121.78658,38.38366],[-121.78662,38.38367],[-121.78672,38.38368],[-121.78739,38.38368],[-121.7873,38.38379],[-121.78662,38.38379],[-121.78656,38.3838],[-121.78653,38.38383],[-121.78651,38.38387],[-121.78651,38.38393],[-121.78651,38.38431],[-121.78627,38.38431]]],"type":"Polygon"},"properties":{"bbox":{"roads":{"area":7.12,"pct":0.16}},"city_same":1,"id":"hex:4040:24532"},"type":"Feature"},{"geometry":{"coordinates":[[[-121.78626,38.38587],[-121.78627,38.38431],[-121.78651,38.38431],[-121.78651,38.38534],[-121.78652,38.38539],[-121.78657,38.38542],[-121.78666,38.38543],[-121.78675,38.38543],[-121.78721,38.38544],[-121.78714,38.38554],[-121.78664,38.38554],[-121.78656,38.38555],[-121.78652,38.38559],[-121.78651,38.38564],[-121.78651,38.38587],[-121.78626,38.38587]]],"type":"Polygon"},"properties":{"bbox":{"roads":{"area":96.88,"pct":2.16}},"city_same":1,"id":"hex:4040:24533"},"type":"Feature"},{"geometry":{"coordinates":[[[-121.78688,38.3874],[-121.78624,38.3874],[-121.78626,38.38587],[-121.78651,38.38587],[-121.78652,38.38713],[-121.78653,38.38719],[-121.78655,38.38721],[-121.78663,38.38722],[-121.78676,38.38723],[-121.78701,38.38723],[-121.78688,38.3874]]],"type":"Polygon"},"properties":{"bbox":{"roads":{"area":427.14,"pct":9.09}},"city_same":1,"id":"hex:4040:24534"},"type":"Feature"}],"type":"FeatureCollection","v":2}