{"features":[{"geometry":{"coordinates":[[[-117.12197,32.65607],[-117.12223,32.65568],[-117.12251,32.65684],[-117.1225,32.65686],[-117.12197,32.65607]]],"type":"Polygon"},"properties":{"bbox":{"roads":{"area":329.43,"pct":14.77}},"city_same":1,"id":"hex:2605:16688"},"type":"Feature"},{"geometry":{"coordinates":[[[-117.12198,32.66974],[-117.12265,32.66876],[-117.12297,32.66876],[-117.1235,32.66964],[-117.12348,32.66966],[-117.12203,32.6698],[-117.12198,32.66974]]],"type":"Polygon"},"properties":{"bbox":{"parking":{"area":4806.78,"pct":50.71},"roads":{"area":2188.64,"pct":23.09}},"city_same":1,"id":"hex:2605:16695"},"type":"Feature"},{"geometry":{"coordinates":[[[-117.124,32.67853],[-117.12266,32.67853],[-117.12199,32.67755],[-117.12252,32.67677],[-117.12335,32.67776],[-117.12438,32.67714],[-117.12449,32.6773],[-117.12348,32.67791],[-117.124,32.67852],[-117.124,32.67853]]],"type":"Polygon"},"properties":{"bbox":{"parking":{"area":10285.69,"pct":51.45},"roads":{"area":3910.85,"pct":19.56}},"city_same":1,"id":"hex:2605:16699"},"type":"Feature"},{"geometry":{"coordinates":[[[-117.12266,32.67853],[-117.124,32.67853],[-117.12453,32.67931],[-117.12278,32.67937],[-117.1222,32.67939],[-117.12207,32.6794],[-117.12266,32.67853]]],"type":"Polygon"},"properties":{"bbox":{"parking":{"area":3269.75,"pct":20.16},"roads":{"area":2348.99,"pct":14.48}},"city_same":1,"id":"hex:2605:16700"},"type":"Feature"},{"geometry":{"coordinates":[[[-117.12063,32.65216],[-117.11996,32.65119],[-117.12033,32.65065],[-117.1204,32.65095],[-117.12044,32.65121],[-117.12045,32.65122],[-117.12046,32.65123],[-117.12047,32.65124],[-117.12048,32.65125],[-117.12077,32.65129],[-117.12079,32.65129],[-117.12081,32.6513],[-117.12087,32.65133],[-117.12089,32.65133],[-117.12089,32.65135],[-117.12088,32.65136],[-117.1209,32.65136],[-117.12091,32.65137],[-117.12092,32.65138],[-117.12093,32.65139],[-117.12094,32.65141],[-117.12094,32.65142],[-117.12095,32.65143],[-117.12118,32.65139],[-117.12137,32.65216],[-117.12063,32.65216]]],"type":"Polygon"},"properties":{"bbox":{"roads":{"area":1097.56,"pct":10.88}},"city_same":1,"id":"hex:2606:16686"},"type":"Feature"},{"geometry":{"coordinates":[[[-117.12063,32.65412],[-117.11996,32.65314],[-117.12063,32.65216],[-117.12137,32.65216],[-117.12185,32.65412],[-117.12063,32.65412]]],"type":"Polygon"},"properties":{"bbox":{"roads":{"area":1793.16,"pct":6.73}},"city_same":1,"id":"hex:2606:16687"},"type":"Feature"},{"geometry":{"coordinates":[[[-117.12197,32.65607],[-117.12063,32.65607],[-117.11996,32.65509],[-117.12063,32.65412],[-117.12185,32.65412],[-117.12223,32.65568],[-117.12197,32.65607]]],"type":"Polygon"},"properties":{"bbox":{"roads":{"area":4008.9,"pct":11.27}},"city_same":1,"id":"hex:2606:16688"},"type":"Feature"},{"geometry":{"coordinates":[[[-117.11997,32.65705],[-117.12063,32.65607],[-117.12197,32.65607],[-117.1225,32.65686],[-117.12249,32.65687],[-117.12001,32.65711],[-117.11997,32.65705]]],"type":"Polygon"},"properties":{"bbox":{"roads":{"area":2018.21,"pct":10.76}},"city_same":1,"id":"hex:2606:16689"},"type":"Feature"},{"geometry":{"coordinates":[[[-117.12265,32.66876],[-117.12198,32.66974],[-117.12065,32.66974],[-117.12014,32.669],[-117.12039,32.66897],[-117.1205,32.66896],[-117.12178,32.66885],[-117.12201,32.66882],[-117.12205,32.66882],[-117.12265,32.66876],[-117.12265,32.66876]]],"type":"Polygon"},"properties":{"bbox":{"parking":{"area":11325.14,"pct":66.29},"roads":{"area":3845.03,"pct":22.51}},"city_same":1,"id":"hex:2606:16695"},"type":"Feature"},{"geometry":{"coordinates":[[[-117.12065,32.66974],[-117.12198,32.66974],[-117.12203,32.6698],[-117.12098,32.6699],[-117.12023,32.67035],[-117.12065,32.66974]]],"type":"Polygon"},"properties":{"bbox":{"parking":{"area":17.53,"pct":0.6},"roads":{"area":409.95,"pct":14.15}},"city_same":1,"id":"hex:2606:16696"},"type":"Feature"},{"geometry":{"coordinates":[[[-117.12066,32.6756],[-117.11999,32.67462],[-117.12032,32.67414],[-117.1205,32.67435],[-117.12167,32.67365],[-117.12199,32.67365],[-117.122,32.67367],[-117.12062,32.6745],[-117.12154,32.6756],[-117.12066,32.6756]]],"type":"Polygon"},"properties":{"bbox":{"parking":{"area":5815.41,"pct":44.64},"roads":{"area":1963.8,"pct":15.07}},"city_same":1,"id":"hex:2606:16698"},"type":"Feature"},{"geometry":{"coordinates":[[[-117.12199,32.67755],[-117.12066,32.67755],[-117.11999,32.67658],[-117.12066,32.6756],[-117.12154,32.6756],[-117.1219,32.67603],[-117.12218,32.67587],[-117.12232,32.67607],[-117.12206,32.67622],[-117.12252,32.67677],[-117.12199,32.67755]]],"type":"Polygon"},"properties":{"bbox":{"parking":{"area":17559.55,"pct":47.16},"roads":{"area":5788.83,"pct":15.55}},"city_same":1,"id":"hex:2606:16699"},"type":"Feature"},{"geometry":{"coordinates":[[[-117.12066,32.67951],[-117.12,32.67853],[-117.12066,32.67755],[-117.12199,32.67755],[-117.12266,32.67853],[-117.12207,32.6794],[-117.12134,32.67943],[-117.12127,32.67946],[-117.12117,32.67951],[-117.12066,32.67951]]],"type":"Polygon"},"properties":{"bbox":{"parking":{"area":27903.78,"pct":69.96},"roads":{"area":8943.07,"pct":22.42}},"city_same":1,"id":"hex:2606:16700"},"type":"Feature"},{"geometry":{"coordinates":[[[-117.12066,32.67951],[-117.12117,32.67951],[-117.12108,32.67955],[-117.12101,32.67957],[-117.12082,32.67963],[-117.12053,32.6797],[-117.12066,32.67951]]],"type":"Polygon"},"properties":{"bbox":{"parking":{"area":0.03,"pct":0}},"city_same":1,"id":"hex:2606:16701"},"type":"Feature"},{"geometry":{"coordinates":[[[-117.11996,32.64923],[-117.11862,32.64924],[-117.11796,32.64826],[-117.11802,32.64816],[-117.11833,32.64808],[-117.11934,32.6478],[-117.11951,32.64777],[-117.11953,32.64777],[-117.11955,32.64777],[-117.11957,32.64777],[-117.11959,32.64777],[-117.11961,32.64778],[-117.11962,32.6478],[-117.11964,32.64783],[-117.11972,32.64807],[-117.11998,32.6492],[-117.11996,32.64923]]],"type":"Polygon"},"properties":{"bbox":{"roads":{"area":2606.31,"pct":12.01}},"city_same":1,"id":"hex:2607:16684"},"type":"Feature"},{"geometry":{"coordinates":[[[-117.11996,32.65119],[-117.11863,32.65119],[-117.11796,32.65021],[-117.11862,32.64924],[-117.11996,32.64923],[-117.12001,32.64931],[-117.12013,32.64983],[-117.12019,32.6501],[-117.12033,32.65065],[-117.11996,32.65119]]],"type":"Polygon"},"properties":{"bbox":{"roads":{"area":2685.73,"pct":7.11}},"city_same":1,"id":"hex:2607:16685"},"type":"Feature"},{"geometry":{"coordinates":[[[-117.11796,32.65217],[-117.11863,32.65314],[-117.11996,32.65314],[-117.12063,32.65216],[-117.11996,32.65119],[-117.11863,32.65119],[-117.11796,32.65217]]],"type":"Polygon"},"properties":{"bbox":{"roads":{"area":3457.33,"pct":8.52}},"city_same":1,"id":"hex:2607:16686"},"type":"Feature"},{"geometry":{"coordinates":[[[-117.11796,32.65412],[-117.11863,32.65509],[-117.11996,32.65509],[-117.12063,32.65412],[-117.11996,32.65314],[-117.11863,32.65314],[-117.11796,32.65412]]],"type":"Polygon"},"properties":{"bbox":{"roads":{"area":3888.96,"pct":9.58}},"city_same":1,"id":"hex:2607:16687"},"type":"Feature"},{"geometry":{"coordinates":[[[-117.11797,32.65607],[-117.11863,32.65705],[-117.11997,32.65705],[-117.12063,32.65607],[-117.11996,32.65509],[-117.11863,32.65509],[-117.11797,32.65607]]],"type":"Polygon"},"properties":{"bbox":{"roads":{"area":2457.19,"pct":6.05}},"city_same":1,"id":"hex:2607:16688"},"type":"Feature"},{"geometry":{"coordinates":[[[[-117.11797,32.65802],[-117.1181,32.65783],[-117.11813,32.65803],[-117.11815,32.65819],[-117.11816,32.6583],[-117.11797,32.65802]]],[[[-117.11863,32.65705],[-117.11997,32.65705],[-117.12001,32.65711],[-117.11849,32.65726],[-117.11863,32.65705]]]],"type":"MultiPolygon"},"properties":{"bbox":{"roads":{"area":511.14,"pct":21.1}},"city_same":1,"id":"hex:2607:16689"},"type":"Feature"},{"geometry":{"coordinates":[[[-117.11797,32.65998],[-117.11829,32.65951],[-117.11845,32.66068],[-117.11797,32.65998]]],"type":"Polygon"},"properties":{"bbox":{"parking":{"area":687.66,"pct":29.72},"roads":{"area":554.27,"pct":23.96}},"city_same":1,"id":"hex:2607:16690"},"type":"Feature"},{"geometry":{"coordinates":[[[-117.11864,32.66291],[-117.11797,32.66193],[-117.11851,32.66114],[-117.11867,32.66227],[-117.11868,32.66235],[-117.12009,32.66221],[-117.12047,32.66217],[-117.12023,32.66254],[-117.11872,32.66269],[-117.11875,32.66291],[-117.11864,32.66291]]],"type":"Polygon"},"properties":{"bbox":{"parking":{"area":2900.28,"pct":23.43},"roads":{"area":1504.35,"pct":12.15}},"city_same":1,"id":"hex:2607:16691"},"type":"Feature"},{"geometry":{"coordinates":[[[-117.11864,32.66486],[-117.11798,32.66388],[-117.11864,32.66291],[-117.11875,32.66291],[-117.11899,32.66451],[-117.1203,32.66438],[-117.12006,32.66474],[-117.11903,32.66484],[-117.11903,32.66486],[-117.11864,32.66486]]],"type":"Polygon"},"properties":{"bbox":{"parking":{"area":71.34,"pct":0.45},"roads":{"area":2294.49,"pct":14.48}},"city_same":1,"id":"hex:2607:16692"},"type":"Feature"},{"geometry":{"coordinates":[[[-117.11998,32.66681],[-117.11865,32.66681],[-117.11798,32.66584],[-117.11864,32.66486],[-117.11903,32.66486],[-117.11913,32.6656],[-117.11918,32.66596],[-117.11927,32.66667],[-117.12014,32.66658],[-117.11998,32.66681]]],"type":"Polygon"},"properties":{"bbox":{"parking":{"area":6089.84,"pct":32.6},"roads":{"area":4009.96,"pct":21.46}},"city_same":1,"id":"hex:2607:16693"},"type":"Feature"},{"geometry":{"coordinates":[[[-117.11865,32.66877],[-117.11798,32.66779],[-117.11865,32.66681],[-117.11998,32.66681],[-117.12006,32.66693],[-117.11931,32.667],[-117.11953,32.66864],[-117.11954,32.66872],[-117.11954,32.66877],[-117.11865,32.66877]]],"type":"Polygon"},"properties":{"bbox":{"parking":{"area":5206.42,"pct":22.17},"roads":{"area":3971.4,"pct":16.91}},"city_same":1,"id":"hex:2607:16694"},"type":"Feature"},{"geometry":{"coordinates":[[[-117.11865,32.67072],[-117.11798,32.66974],[-117.11865,32.66877],[-117.11954,32.66877],[-117.11959,32.66906],[-117.12014,32.669],[-117.12065,32.66974],[-117.12023,32.67035],[-117.11963,32.67072],[-117.11865,32.67072]]],"type":"Polygon"},"properties":{"bbox":{"parking":{"area":14150.08,"pct":36.73},"roads":{"area":6682.58,"pct":17.35}},"city_same":1,"id":"hex:2607:16695"},"type":"Feature"},{"geometry":{"coordinates":[[[-117.11999,32.67462],[-117.11866,32.67463],[-117.11799,32.67365],[-117.11865,32.67267],[-117.11909,32.67267],[-117.12032,32.67414],[-117.11999,32.67462]]],"type":"Polygon"},"properties":{"bbox":{"parking":{"area":16357.15,"pct":54.01},"roads":{"area":5466.21,"pct":18.05}},"city_same":1,"id":"hex:2607:16697"},"type":"Feature"},{"geometry":{"coordinates":[[[-117.11799,32.6756],[-117.11866,32.67658],[-117.11999,32.67658],[-117.12066,32.6756],[-117.11999,32.67462],[-117.11866,32.67463],[-117.11799,32.6756]]],"type":"Polygon"},"properties":{"bbox":{"parking":{"area":4235.39,"pct":10.43},"roads":{"area":2701.23,"pct":6.65}},"city_same":1,"id":"hex:2607:16698"},"type":"Feature"},{"geometry":{"coordinates":[[[-117.11799,32.67756],[-117.11866,32.67853],[-117.12,32.67853],[-117.12066,32.67755],[-117.11999,32.67658],[-117.11866,32.67658],[-117.11799,32.67756]]],"type":"Polygon"},"properties":{"bbox":{"parking":{"area":2212.51,"pct":5.45},"roads":{"area":2037.21,"pct":5.02}},"city_same":1,"id":"hex:2607:16699"},"type":"Feature"},{"geometry":{"coordinates":[[[-117.118,32.67951],[-117.11866,32.67853],[-117.12,32.67853],[-117.12066,32.67951],[-117.12053,32.6797],[-117.12022,32.67979],[-117.12003,32.67984],[-117.11999,32.67985],[-117.11988,32.67988],[-117.11984,32.67989],[-117.11977,32.67991],[-117.11957,32.67997],[-117.1195,32.68],[-117.11925,32.68005],[-117.11849,32.68022],[-117.11848,32.68022],[-117.118,32.67951]]],"type":"Polygon"},"properties":{"bbox":{"parking":{"area":12303.88,"pct":38.2},"roads":{"area":4323.79,"pct":13.43}},"city_same":1,"id":"hex:2607:16700"},"type":"Feature"},{"geometry":{"coordinates":[[[-117.11796,32.64826],[-117.11862,32.64924],[-117.11796,32.65021],[-117.11663,32.65021],[-117.11596,32.64924],[-117.11662,32.64826],[-117.11663,32.64826],[-117.1174,32.64826],[-117.11754,32.64829],[-117.11767,32.64826],[-117.11796,32.64826]]],"type":"Polygon"},"properties":{"bbox":{"roads":{"area":4031.6,"pct":9.94}},"city_same":1,"id":"hex:2608:16685"},"type":"Feature"},{"geometry":{"coordinates":[[[-117.11596,32.65119],[-117.11663,32.65217],[-117.11796,32.65217],[-117.11863,32.65119],[-117.11796,32.65021],[-117.11663,32.65021],[-117.11596,32.65119]]],"type":"Polygon"},"properties":{"bbox":{"roads":{"area":4407.35,"pct":10.86}},"city_same":1,"id":"hex:2608:16686"},"type":"Feature"},{"geometry":{"coordinates":[[[-117.11596,32.65314],[-117.11663,32.65412],[-117.11796,32.65412],[-117.11863,32.65314],[-117.11796,32.65217],[-117.11663,32.65217],[-117.11596,32.65314]]],"type":"Polygon"},"properties":{"bbox":{"roads":{"area":5876.71,"pct":14.48}},"city_same":1,"id":"hex:2608:16687"},"type":"Feature"},{"geometry":{"coordinates":[[[-117.11597,32.6551],[-117.11663,32.65607],[-117.11797,32.65607],[-117.11863,32.65509],[-117.11796,32.65412],[-117.11663,32.65412],[-117.11597,32.6551]]],"type":"Polygon"},"properties":{"bbox":{"roads":{"area":2793.88,"pct":6.88}},"city_same":1,"id":"hex:2608:16688"},"type":"Feature"},{"geometry":{"coordinates":[[[-117.11797,32.65802],[-117.11664,32.65803],[-117.11597,32.65705],[-117.11663,32.65607],[-117.11797,32.65607],[-117.11863,32.65705],[-117.11849,32.65726],[-117.11803,32.65731],[-117.11807,32.6576],[-117.1181,32.6578],[-117.1181,32.65783],[-117.11797,32.65802]]],"type":"Polygon"},"properties":{"bbox":{"roads":{"area":5239.77,"pct":13.32}},"city":{"roads":{"area":4399.97,"pct":11.19}},"id":"hex:2608:16689"},"type":"Feature"},{"geometry":{"coordinates":[[[-117.11797,32.65998],[-117.11664,32.65998],[-117.11597,32.659],[-117.11664,32.65803],[-117.11797,32.65802],[-117.11816,32.6583],[-117.11817,32.6584],[-117.11814,32.65843],[-117.11829,32.65951],[-117.11797,32.65998]]],"type":"Polygon"},"properties":{"bbox":{"parking":{"area":702.82,"pct":1.85},"roads":{"area":1861.81,"pct":4.91}},"city_same":1,"id":"hex:2608:16690"},"type":"Feature"},{"geometry":{"coordinates":[[[-117.11797,32.66193],[-117.11664,32.66193],[-117.11597,32.66096],[-117.11664,32.65998],[-117.11797,32.65998],[-117.11845,32.66068],[-117.11851,32.66114],[-117.11797,32.66193]]],"type":"Polygon"},"properties":{"bbox":{"parking":{"area":8705.87,"pct":21.64},"roads":{"area":3655.22,"pct":9.09}},"city_same":1,"id":"hex:2608:16691"},"type":"Feature"},{"geometry":{"coordinates":[[[-117.11598,32.66291],[-117.11664,32.66389],[-117.11798,32.66388],[-117.11864,32.66291],[-117.11797,32.66193],[-117.11664,32.66193],[-117.11598,32.66291]]],"type":"Polygon"},"properties":{"bbox":{"parking":{"area":15455.94,"pct":38.07},"roads":{"area":8034.68,"pct":19.79}},"city_same":1,"id":"hex:2608:16692"},"type":"Feature"},{"geometry":{"coordinates":[[[-117.11598,32.66486],[-117.11665,32.66584],[-117.11798,32.66584],[-117.11864,32.66486],[-117.11798,32.66388],[-117.11664,32.66389],[-117.11598,32.66486]]],"type":"Polygon"},"properties":{"bbox":{"parking":{"area":13773.12,"pct":33.93},"roads":{"area":8014.29,"pct":19.74}},"city_same":1,"id":"hex:2608:16693"},"type":"Feature"},{"geometry":{"coordinates":[[[-117.11598,32.66682],[-117.11665,32.66779],[-117.11798,32.66779],[-117.11865,32.66681],[-117.11798,32.66584],[-117.11665,32.66584],[-117.11598,32.66682]]],"type":"Polygon"},"properties":{"bbox":{"parking":{"area":20626.91,"pct":50.81},"roads":{"area":7905.73,"pct":19.47}},"city_same":1,"id":"hex:2608:16694"},"type":"Feature"},{"geometry":{"coordinates":[[[-117.11598,32.66877],[-117.11665,32.66974],[-117.11798,32.66974],[-117.11865,32.66877],[-117.11798,32.66779],[-117.11665,32.66779],[-117.11598,32.66877]]],"type":"Polygon"},"properties":{"bbox":{"parking":{"area":10070.54,"pct":24.81},"roads":{"area":6876,"pct":16.94}},"city_same":1,"id":"hex:2608:16695"},"type":"Feature"},{"geometry":{"coordinates":[[[-117.11599,32.67072],[-117.11665,32.6717],[-117.11799,32.6717],[-117.11865,32.67072],[-117.11798,32.66974],[-117.11665,32.66974],[-117.11599,32.67072]]],"type":"Polygon"},"properties":{"bbox":{"parking":{"area":17040.56,"pct":41.98},"roads":{"area":2190.19,"pct":5.4}},"city_same":1,"id":"hex:2608:16696"},"type":"Feature"},{"geometry":{"coordinates":[[[[-117.11599,32.67267],[-117.11665,32.6717],[-117.11799,32.6717],[-117.11799,32.6717],[-117.11782,32.67181],[-117.1161,32.67284],[-117.11599,32.67267]]],[[[-117.11865,32.67267],[-117.11799,32.67365],[-117.11694,32.67365],[-117.11863,32.67264],[-117.11865,32.67267]]]],"type":"MultiPolygon"},"properties":{"bbox":{"parking":{"area":2029.85,"pct":13.66},"roads":{"area":2919.18,"pct":19.65}},"city_same":1,"id":"hex:2608:16697"},"type":"Feature"},{"geometry":{"coordinates":[[[-117.11799,32.67365],[-117.11866,32.67463],[-117.11799,32.6756],[-117.11666,32.6756],[-117.11599,32.67463],[-117.11646,32.67394],[-117.11647,32.67393],[-117.11694,32.67365],[-117.11799,32.67365]]],"type":"Polygon"},"properties":{"bbox":{"roads":{"area":2511.46,"pct":6.25}},"city_same":1,"id":"hex:2608:16698"},"type":"Feature"},{"geometry":{"coordinates":[[[-117.11599,32.67658],[-117.11666,32.67756],[-117.11799,32.67756],[-117.11866,32.67658],[-117.11799,32.6756],[-117.11666,32.6756],[-117.11599,32.67658]]],"type":"Polygon"},"properties":{"bbox":{"parking":{"area":17126.05,"pct":42.19},"roads":{"area":6744.85,"pct":16.61}},"city_same":1,"id":"hex:2608:16699"},"type":"Feature"},{"geometry":{"coordinates":[[[-117.116,32.67853],[-117.11666,32.67951],[-117.118,32.67951],[-117.11866,32.67853],[-117.11799,32.67756],[-117.11666,32.67756],[-117.116,32.67853]]],"type":"Polygon"},"properties":{"bbox":{"parking":{"area":7329.67,"pct":18.06},"roads":{"area":6732.25,"pct":16.58}},"city":{"parking":{"area":7329.67,"pct":18.06},"roads":{"area":3402.88,"pct":8.38}},"id":"hex:2608:16700"},"type":"Feature"},{"geometry":{"coordinates":[[[-117.116,32.68049],[-117.11666,32.67951],[-117.118,32.67951],[-117.11848,32.68022],[-117.11823,32.68028],[-117.11819,32.68029],[-117.11804,32.68035],[-117.11799,32.68036],[-117.1178,32.68042],[-117.1172,32.6806],[-117.11701,32.68066],[-117.1169,32.68069],[-117.11658,32.6808],[-117.11647,32.68084],[-117.11644,32.68085],[-117.11634,32.68089],[-117.11631,32.68091],[-117.11629,32.68091],[-117.116,32.68049]]],"type":"Polygon"},"properties":{"bbox":{"parking":{"area":1473.95,"pct":6.67},"roads":{"area":1400.98,"pct":6.34}},"city":{"parking":{"area":1473.95,"pct":6.67},"roads":{"area":568.34,"pct":2.57}},"id":"hex:2608:16701"},"type":"Feature"},{"geometry":{"coordinates":[[[-117.11596,32.64924],[-117.11463,32.64924],[-117.11438,32.64889],[-117.11649,32.6483],[-117.11662,32.64826],[-117.11596,32.64924]]],"type":"Polygon"},"properties":{"bbox":{"roads":{"area":721.17,"pct":6.17}},"city_same":1,"id":"hex:2609:16684"},"type":"Feature"},{"geometry":{"coordinates":[[[-117.11396,32.65022],[-117.11463,32.65119],[-117.11596,32.65119],[-117.11663,32.65021],[-117.11596,32.64924],[-117.11463,32.64924],[-117.11396,32.65022]]],"type":"Polygon"},"properties":{"bbox":{"roads":{"area":8874.34,"pct":21.86}},"city_same":1,"id":"hex:2609:16685"},"type":"Feature"},{"geometry":{"coordinates":[[[-117.11396,32.65217],[-117.11463,32.65315],[-117.11596,32.65314],[-117.11663,32.65217],[-117.11596,32.65119],[-117.11463,32.65119],[-117.11396,32.65217]]],"type":"Polygon"},"properties":{"bbox":{"roads":{"area":10074.97,"pct":24.82}},"city_same":1,"id":"hex:2609:16686"},"type":"Feature"},{"geometry":{"coordinates":[[[-117.11397,32.65412],[-117.11463,32.6551],[-117.11597,32.6551],[-117.11663,32.65412],[-117.11596,32.65314],[-117.11463,32.65315],[-117.11397,32.65412]]],"type":"Polygon"},"properties":{"bbox":{"roads":{"area":6111.19,"pct":15.05}},"city_same":1,"id":"hex:2609:16687"},"type":"Feature"},{"geometry":{"coordinates":[[[-117.11397,32.65608],[-117.11464,32.65705],[-117.11597,32.65705],[-117.11663,32.65607],[-117.11597,32.6551],[-117.11463,32.6551],[-117.11397,32.65608]]],"type":"Polygon"},"properties":{"bbox":{"roads":{"area":3809.97,"pct":9.39}},"city_same":1,"id":"hex:2609:16688"},"type":"Feature"},{"geometry":{"coordinates":[[[-117.11397,32.65803],[-117.11464,32.659],[-117.11597,32.659],[-117.11664,32.65803],[-117.11597,32.65705],[-117.11464,32.65705],[-117.11397,32.65803]]],"type":"Polygon"},"properties":{"bbox":{"roads":{"area":8521.4,"pct":20.99}},"city":{"roads":{"area":6850.59,"pct":16.88}},"id":"hex:2609:16689"},"type":"Feature"},{"geometry":{"coordinates":[[[-117.11397,32.65998],[-117.11464,32.66096],[-117.11597,32.66096],[-117.11664,32.65998],[-117.11597,32.659],[-117.11464,32.659],[-117.11397,32.65998]]],"type":"Polygon"},"properties":{"bbox":{"roads":{"area":6642.05,"pct":16.36}},"city_same":1,"id":"hex:2609:16690"},"type":"Feature"},{"geometry":{"coordinates":[[[-117.11398,32.66193],[-117.11464,32.66291],[-117.11598,32.66291],[-117.11664,32.66193],[-117.11597,32.66096],[-117.11464,32.66096],[-117.11398,32.66193]]],"type":"Polygon"},"properties":{"bbox":{"roads":{"area":2529.64,"pct":6.23}},"city_same":1,"id":"hex:2609:16691"},"type":"Feature"},{"geometry":{"coordinates":[[[-117.11398,32.66389],[-117.11465,32.66486],[-117.11598,32.66486],[-117.11664,32.66389],[-117.11598,32.66291],[-117.11464,32.66291],[-117.11398,32.66389]]],"type":"Polygon"},"properties":{"bbox":{"roads":{"area":8011.54,"pct":19.74}},"city":{"roads":{"area":6759.13,"pct":16.65}},"id":"hex:2609:16692"},"type":"Feature"},{"geometry":{"coordinates":[[[-117.11398,32.66584],[-117.11465,32.66682],[-117.11598,32.66682],[-117.11665,32.66584],[-117.11598,32.66486],[-117.11465,32.66486],[-117.11398,32.66584]]],"type":"Polygon"},"properties":{"bbox":{"roads":{"area":5267.2,"pct":12.98}},"city_same":1,"id":"hex:2609:16693"},"type":"Feature"},{"geometry":{"coordinates":[[[-117.11398,32.66779],[-117.11465,32.66877],[-117.11598,32.66877],[-117.11665,32.66779],[-117.11598,32.66682],[-117.11465,32.66682],[-117.11398,32.66779]]],"type":"Polygon"},"properties":{"bbox":{"roads":{"area":3574.14,"pct":8.8}},"city_same":1,"id":"hex:2609:16694"},"type":"Feature"},{"geometry":{"coordinates":[[[-117.11399,32.66975],[-117.11465,32.67072],[-117.11599,32.67072],[-117.11665,32.66974],[-117.11598,32.66877],[-117.11465,32.66877],[-117.11399,32.66975]]],"type":"Polygon"},"properties":{"bbox":{"parking":{"area":3930.06,"pct":9.68},"roads":{"area":3741.53,"pct":9.22}},"city_same":1,"id":"hex:2609:16695"},"type":"Feature"},{"geometry":{"coordinates":[[[-117.11399,32.6717],[-117.11466,32.67268],[-117.11599,32.67267],[-117.11665,32.6717],[-117.11599,32.67072],[-117.11465,32.67072],[-117.11399,32.6717]]],"type":"Polygon"},"properties":{"bbox":{"parking":{"area":7277.16,"pct":17.93},"roads":{"area":6552.86,"pct":16.14}},"city":{"parking":{"area":7277.16,"pct":17.93},"roads":{"area":4278.78,"pct":10.54}},"id":"hex:2609:16696"},"type":"Feature"},{"geometry":{"coordinates":[[[-117.11599,32.67463],[-117.11466,32.67463],[-117.11399,32.67365],[-117.11466,32.67268],[-117.11599,32.67267],[-117.1161,32.67284],[-117.11574,32.67305],[-117.11562,32.67429],[-117.11558,32.67432],[-117.11564,32.67443],[-117.1157,32.67453],[-117.11646,32.67394],[-117.11599,32.67463]]],"type":"Polygon"},"properties":{"bbox":{"parking":{"area":2000.41,"pct":6.66},"roads":{"area":8767.55,"pct":29.17}},"city":{"parking":{"area":2000.41,"pct":6.66},"roads":{"area":4482.41,"pct":14.91}},"id":"hex:2609:16697"},"type":"Feature"},{"geometry":{"coordinates":[[[-117.11399,32.67561],[-117.11466,32.67658],[-117.11599,32.67658],[-117.11666,32.6756],[-117.11599,32.67463],[-117.11466,32.67463],[-117.11399,32.67561]]],"type":"Polygon"},"properties":{"bbox":{"parking":{"area":15598.83,"pct":38.43},"roads":{"area":8114.6,"pct":19.99}},"city":{"parking":{"area":15598.83,"pct":38.43},"roads":{"area":4483.8,"pct":11.05}},"id":"hex:2609:16698"},"type":"Feature"},{"geometry":{"coordinates":[[[-117.11399,32.67756],[-117.11466,32.67854],[-117.116,32.67853],[-117.11666,32.67756],[-117.11599,32.67658],[-117.11466,32.67658],[-117.11399,32.67756]]],"type":"Polygon"},"properties":{"bbox":{"parking":{"area":14372.41,"pct":35.4},"roads":{"area":5551.31,"pct":13.67}},"city":{"parking":{"area":14372.41,"pct":35.4},"roads":{"area":3018.34,"pct":7.44}},"id":"hex:2609:16699"},"type":"Feature"},{"geometry":{"coordinates":[[[-117.114,32.67951],[-117.11467,32.68049],[-117.116,32.68049],[-117.11666,32.67951],[-117.116,32.67853],[-117.11466,32.67854],[-117.114,32.67951]]],"type":"Polygon"},"properties":{"bbox":{"parking":{"area":6242.89,"pct":15.38},"roads":{"area":2486.43,"pct":6.12}},"city_same":1,"id":"hex:2609:16700"},"type":"Feature"},{"geometry":{"coordinates":[[[-117.114,32.68147],[-117.11467,32.68049],[-117.116,32.68049],[-117.11629,32.68091],[-117.1161,32.68096],[-117.11546,32.6811],[-117.11525,32.68116],[-117.11522,32.68116],[-117.11512,32.68118],[-117.11509,32.68119],[-117.11501,32.68122],[-117.11477,32.68129],[-117.11469,32.68132],[-117.11464,32.68132],[-117.11456,32.68132],[-117.11448,32.68134],[-117.11443,32.68135],[-117.11417,32.68142],[-117.114,32.68147],[-117.114,32.68147]]],"type":"Polygon"},"properties":{"bbox":{"parking":{"area":1376.92,"pct":10.93},"roads":{"area":61.09,"pct":0.48}},"city_same":1,"id":"hex:2609:16701"},"type":"Feature"},{"geometry":{"coordinates":[[[-117.11463,32.64924],[-117.11396,32.65022],[-117.11263,32.65022],[-117.11196,32.64924],[-117.11198,32.64922],[-117.11199,32.64923],[-117.11232,32.64957],[-117.11233,32.64957],[-117.11234,32.64958],[-117.11237,32.64959],[-117.11239,32.64959],[-117.11241,32.64959],[-117.11244,32.64958],[-117.11267,32.64951],[-117.11262,32.64938],[-117.11388,32.64902],[-117.11438,32.64889],[-117.11463,32.64924]]],"type":"Polygon"},"properties":{"bbox":{"roads":{"area":3269.24,"pct":15.45}},"city_same":1,"id":"hex:2610:16685"},"type":"Feature"},{"geometry":{"coordinates":[[[-117.11196,32.65119],[-117.11263,32.65217],[-117.11396,32.65217],[-117.11463,32.65119],[-117.11396,32.65022],[-117.11263,32.65022],[-117.11196,32.65119]]],"type":"Polygon"},"properties":{"bbox":{"roads":{"area":10363.08,"pct":25.53}},"city_same":1,"id":"hex:2610:16686"},"type":"Feature"},{"geometry":{"coordinates":[[[-117.11196,32.65315],[-117.11263,32.65412],[-117.11397,32.65412],[-117.11463,32.65315],[-117.11396,32.65217],[-117.11263,32.65217],[-117.11196,32.65315]]],"type":"Polygon"},"properties":{"bbox":{"roads":{"area":7075.18,"pct":17.43}},"city_same":1,"id":"hex:2610:16687"},"type":"Feature"},{"geometry":{"coordinates":[[[-117.11197,32.6551],[-117.11263,32.65608],[-117.11397,32.65608],[-117.11463,32.6551],[-117.11397,32.65412],[-117.11263,32.65412],[-117.11197,32.6551]]],"type":"Polygon"},"properties":{"bbox":{"roads":{"area":6277.71,"pct":15.46}},"city_same":1,"id":"hex:2610:16688"},"type":"Feature"},{"geometry":{"coordinates":[[[-117.11197,32.65705],[-117.11264,32.65803],[-117.11397,32.65803],[-117.11464,32.65705],[-117.11397,32.65608],[-117.11263,32.65608],[-117.11197,32.65705]]],"type":"Polygon"},"properties":{"bbox":{"roads":{"area":6386.59,"pct":15.73}},"city_same":1,"id":"hex:2610:16689"},"type":"Feature"},{"geometry":{"coordinates":[[[-117.11197,32.65901],[-117.11264,32.65998],[-117.11397,32.65998],[-117.11464,32.659],[-117.11397,32.65803],[-117.11264,32.65803],[-117.11197,32.65901]]],"type":"Polygon"},"properties":{"bbox":{"roads":{"area":6710.04,"pct":16.53}},"city":{"roads":{"area":4819.22,"pct":11.87}},"id":"hex:2610:16690"},"type":"Feature"},{"geometry":{"coordinates":[[[-117.11197,32.66096],[-117.11264,32.66194],[-117.11398,32.66193],[-117.11464,32.66096],[-117.11397,32.65998],[-117.11264,32.65998],[-117.11197,32.66096]]],"type":"Polygon"},"properties":{"bbox":{"roads":{"area":4807.3,"pct":11.84}},"city_same":1,"id":"hex:2610:16691"},"type":"Feature"},{"geometry":{"coordinates":[[[-117.11198,32.66291],[-117.11264,32.66389],[-117.11398,32.66389],[-117.11464,32.66291],[-117.11398,32.66193],[-117.11264,32.66194],[-117.11198,32.66291]]],"type":"Polygon"},"properties":{"bbox":{"roads":{"area":6688.93,"pct":16.48}},"city":{"roads":{"area":4121.93,"pct":10.15}},"id":"hex:2610:16692"},"type":"Feature"},{"geometry":{"coordinates":[[[-117.11198,32.66487],[-117.11265,32.66584],[-117.11398,32.66584],[-117.11465,32.66486],[-117.11398,32.66389],[-117.11264,32.66389],[-117.11198,32.66487]]],"type":"Polygon"},"properties":{"bbox":{"roads":{"area":654.91,"pct":1.61}},"city_same":1,"id":"hex:2610:16693"},"type":"Feature"},{"geometry":{"coordinates":[[[-117.11198,32.66682],[-117.11265,32.6678],[-117.11398,32.66779],[-117.11465,32.66682],[-117.11398,32.66584],[-117.11265,32.66584],[-117.11198,32.66682]]],"type":"Polygon"},"properties":{"bbox":{"roads":{"area":2048.74,"pct":5.05},"sidewalks":{"area":211.18,"pct":0.52}},"city":{"roads":{"area":687.84,"pct":1.69},"sidewalks":{"area":211.18,"pct":0.52}},"id":"hex:2610:16694"},"type":"Feature"},{"geometry":{"coordinates":[[[-117.11198,32.66877],[-117.11265,32.66975],[-117.11399,32.66975],[-117.11465,32.66877],[-117.11398,32.66779],[-117.11265,32.6678],[-117.11198,32.66877]]],"type":"Polygon"},"properties":{"bbox":{"roads":{"area":8021.53,"pct":19.76},"sidewalks":{"area":488.46,"pct":1.2}},"city":{"roads":{"area":2867.04,"pct":7.06},"sidewalks":{"area":488.46,"pct":1.2}},"id":"hex:2610:16695"},"type":"Feature"},{"geometry":{"coordinates":[[[-117.11199,32.67073],[-117.11265,32.6717],[-117.11399,32.6717],[-117.11465,32.67072],[-117.11399,32.66975],[-117.11265,32.66975],[-117.11199,32.67073]]],"type":"Polygon"},"properties":{"bbox":{"roads":{"area":6435.65,"pct":15.85}},"city":{"roads":{"area":3619.48,"pct":8.92}},"id":"hex:2610:16696"},"type":"Feature"},{"geometry":{"coordinates":[[[-117.11199,32.67268],[-117.11266,32.67365],[-117.11399,32.67365],[-117.11466,32.67268],[-117.11399,32.6717],[-117.11265,32.6717],[-117.11199,32.67268]]],"type":"Polygon"},"properties":{"bbox":{"roads":{"area":3294.91,"pct":8.12}},"city":{"roads":{"area":2944.49,"pct":7.25}},"id":"hex:2610:16697"},"type":"Feature"},{"geometry":{"coordinates":[[[-117.11199,32.67463],[-117.11266,32.67561],[-117.11399,32.67561],[-117.11466,32.67463],[-117.11399,32.67365],[-117.11266,32.67365],[-117.11199,32.67463]]],"type":"Polygon"},"properties":{"bbox":{"parking":{"area":7905.74,"pct":19.47},"roads":{"area":9442.96,"pct":23.26}},"city_same":1,"id":"hex:2610:16698"},"type":"Feature"},{"geometry":{"coordinates":[[[-117.11199,32.67658],[-117.11266,32.67756],[-117.11399,32.67756],[-117.11466,32.67658],[-117.11399,32.67561],[-117.11266,32.67561],[-117.11199,32.67658]]],"type":"Polygon"},"properties":{"bbox":{"parking":{"area":10927.76,"pct":26.92},"roads":{"area":4354.76,"pct":10.73}},"city_same":1,"id":"hex:2610:16699"},"type":"Feature"},{"geometry":{"coordinates":[[[-117.112,32.67854],[-117.11266,32.67951],[-117.114,32.67951],[-117.11466,32.67854],[-117.11399,32.67756],[-117.11266,32.67756],[-117.112,32.67854]]],"type":"Polygon"},"properties":{"bbox":{"parking":{"area":5562.65,"pct":13.7},"roads":{"area":4007.29,"pct":9.87}},"city_same":1,"id":"hex:2610:16700"},"type":"Feature"},{"geometry":{"coordinates":[[[-117.112,32.68049],[-117.11267,32.68147],[-117.114,32.68147],[-117.11467,32.68049],[-117.114,32.67951],[-117.11266,32.67951],[-117.112,32.68049]]],"type":"Polygon"},"properties":{"bbox":{"parking":{"area":5114.94,"pct":12.6},"roads":{"area":807.34,"pct":1.99}},"city_same":1,"id":"hex:2610:16701"},"type":"Feature"},{"geometry":{"coordinates":[[[-117.11267,32.68147],[-117.114,32.68147],[-117.114,32.68147],[-117.11349,32.68161],[-117.11337,32.68164],[-117.11311,32.68172],[-117.1129,32.68178],[-117.11287,32.68179],[-117.11235,32.68193],[-117.11267,32.68147]]],"type":"Polygon"},"properties":{"bbox":{"parking":{"area":224.37,"pct":6.9},"sidewalks":{"area":161.23,"pct":4.96}},"city_same":1,"id":"hex:2610:16702"},"type":"Feature"},{"geometry":{"coordinates":[[[-117.11196,32.64924],[-117.11263,32.65022],[-117.11196,32.65119],[-117.11063,32.6512],[-117.10996,32.65022],[-117.11038,32.64961],[-117.11049,32.64958],[-117.11059,32.64973],[-117.11106,32.6496],[-117.11105,32.6494],[-117.11164,32.64924],[-117.11196,32.64924]]],"type":"Polygon"},"properties":{"bbox":{"parking":{"area":7492.66,"pct":19.88},"roads":{"area":4580.53,"pct":12.15},"sidewalks":{"area":165.69,"pct":0.44}},"city_same":1,"id":"hex:2611:16685"},"type":"Feature"},{"geometry":{"coordinates":[[[-117.11063,32.6512],[-117.11196,32.65119],[-117.11263,32.65217],[-117.11196,32.65315],[-117.11063,32.65315],[-117.10996,32.65217],[-117.11024,32.65177],[-117.11034,32.65174],[-117.11038,32.65172],[-117.1104,32.6517],[-117.11042,32.65167],[-117.11044,32.65165],[-117.11045,32.65162],[-117.11045,32.6516],[-117.11044,32.65157],[-117.11042,32.65151],[-117.11063,32.6512]]],"type":"Polygon"},"properties":{"bbox":{"roads":{"area":6051.65,"pct":14.99},"sidewalks":{"area":266.36,"pct":0.66}},"city_same":1,"id":"hex:2611:16686"},"type":"Feature"},{"geometry":{"coordinates":[[[-117.10997,32.65413],[-117.11063,32.6551],[-117.11197,32.6551],[-117.11263,32.65412],[-117.11196,32.65315],[-117.11063,32.65315],[-117.10997,32.65413]]],"type":"Polygon"},"properties":{"bbox":{"roads":{"area":4555.01,"pct":11.22}},"city_same":1,"id":"hex:2611:16687"},"type":"Feature"},{"geometry":{"coordinates":[[[-117.10997,32.65608],[-117.11064,32.65706],[-117.11197,32.65705],[-117.11263,32.65608],[-117.11197,32.6551],[-117.11063,32.6551],[-117.10997,32.65608]]],"type":"Polygon"},"properties":{"bbox":{"roads":{"area":1040.8,"pct":2.56}},"city_same":1,"id":"hex:2611:16688"},"type":"Feature"},{"geometry":{"coordinates":[[[-117.10997,32.65803],[-117.11064,32.65901],[-117.11197,32.65901],[-117.11264,32.65803],[-117.11197,32.65705],[-117.11064,32.65706],[-117.10997,32.65803]]],"type":"Polygon"},"properties":{"bbox":{"parking":{"area":424.54,"pct":1.05},"roads":{"area":3926.15,"pct":9.67},"sidewalks":{"area":223.93,"pct":0.55}},"city_same":1,"id":"hex:2611:16689"},"type":"Feature"},{"geometry":{"coordinates":[[[-117.10997,32.65999],[-117.11064,32.66096],[-117.11197,32.66096],[-117.11264,32.65998],[-117.11197,32.65901],[-117.11064,32.65901],[-117.10997,32.65999]]],"type":"Polygon"},"properties":{"bbox":{"parking":{"area":959.08,"pct":2.36},"roads":{"area":5635.74,"pct":13.88},"sidewalks":{"area":96.41,"pct":0.24}},"city":{"parking":{"area":959.08,"pct":2.36},"roads":{"area":2975.98,"pct":7.33},"sidewalks":{"area":96.41,"pct":0.24}},"id":"hex:2611:16690"},"type":"Feature"},{"geometry":{"coordinates":[[[-117.10998,32.66194],[-117.11064,32.66291],[-117.11198,32.66291],[-117.11264,32.66194],[-117.11197,32.66096],[-117.11064,32.66096],[-117.10998,32.66194]]],"type":"Polygon"},"properties":{"bbox":{"roads":{"area":2440.58,"pct":6.01}},"city":{"roads":{"area":1128.47,"pct":2.78}},"id":"hex:2611:16691"},"type":"Feature"},{"geometry":{"coordinates":[[[-117.10998,32.66389],[-117.11065,32.66487],[-117.11198,32.66487],[-117.11264,32.66389],[-117.11198,32.66291],[-117.11064,32.66291],[-117.10998,32.66389]]],"type":"Polygon"},"properties":{"bbox":{"roads":{"area":7298.36,"pct":17.98}},"city":{"roads":{"area":3434.69,"pct":8.46}},"id":"hex:2611:16692"},"type":"Feature"},{"geometry":{"coordinates":[[[-117.10998,32.66584],[-117.11065,32.66682],[-117.11198,32.66682],[-117.11265,32.66584],[-117.11198,32.66487],[-117.11065,32.66487],[-117.10998,32.66584]]],"type":"Polygon"},"properties":{"bbox":{"roads":{"area":10649.07,"pct":26.23},"sidewalks":{"area":243.33,"pct":0.6}},"city":{"roads":{"area":3465.89,"pct":8.54},"sidewalks":{"area":243.33,"pct":0.6}},"id":"hex:2611:16693"},"type":"Feature"},{"geometry":{"coordinates":[[[-117.10998,32.6678],[-117.11065,32.66877],[-117.11198,32.66877],[-117.11265,32.6678],[-117.11198,32.66682],[-117.11065,32.66682],[-117.10998,32.6678]]],"type":"Polygon"},"properties":{"bbox":{"roads":{"area":11223.75,"pct":27.65},"sidewalks":{"area":266.15,"pct":0.66}},"city":{"roads":{"area":1844.39,"pct":4.54},"sidewalks":{"area":266.15,"pct":0.66}},"id":"hex:2611:16694"},"type":"Feature"},{"geometry":{"coordinates":[[[-117.10999,32.66975],[-117.11065,32.67073],[-117.11199,32.67073],[-117.11265,32.66975],[-117.11198,32.66877],[-117.11065,32.66877],[-117.10999,32.66975]]],"type":"Polygon"},"properties":{"bbox":{"roads":{"area":13116.48,"pct":32.31},"sidewalks":{"area":554.43,"pct":1.37}},"city":{"roads":{"area":1880.57,"pct":4.63},"sidewalks":{"area":554.43,"pct":1.37}},"id":"hex:2611:16695"},"type":"Feature"},{"geometry":{"coordinates":[[[-117.10999,32.6717],[-117.11066,32.67268],[-117.11199,32.67268],[-117.11265,32.6717],[-117.11199,32.67073],[-117.11065,32.67073],[-117.10999,32.6717]]],"type":"Polygon"},"properties":{"bbox":{"roads":{"area":10206.25,"pct":25.14}},"city":{"roads":{"area":1364.15,"pct":3.36}},"id":"hex:2611:16696"},"type":"Feature"},{"geometry":{"coordinates":[[[-117.10999,32.67366],[-117.11066,32.67463],[-117.11199,32.67463],[-117.11266,32.67365],[-117.11199,32.67268],[-117.11066,32.67268],[-117.10999,32.67366]]],"type":"Polygon"},"properties":{"bbox":{"roads":{"area":9996.62,"pct":24.63}},"city":{"roads":{"area":3157.38,"pct":7.78}},"id":"hex:2611:16697"},"type":"Feature"},{"geometry":{"coordinates":[[[-117.10999,32.67561],[-117.11066,32.67659],[-117.11199,32.67658],[-117.11266,32.67561],[-117.11199,32.67463],[-117.11066,32.67463],[-117.10999,32.67561]]],"type":"Polygon"},"properties":{"bbox":{"roads":{"area":2465.73,"pct":6.07}},"city_same":1,"id":"hex:2611:16698"},"type":"Feature"},{"geometry":{"coordinates":[[[-117.11,32.67756],[-117.11066,32.67854],[-117.112,32.67854],[-117.11266,32.67756],[-117.11199,32.67658],[-117.11066,32.67659],[-117.11,32.67756]]],"type":"Polygon"},"properties":{"bbox":{"parking":{"area":3707.63,"pct":9.13},"roads":{"area":2319.5,"pct":5.71}},"city_same":1,"id":"hex:2611:16699"},"type":"Feature"},{"geometry":{"coordinates":[[[-117.11,32.67952],[-117.11067,32.68049],[-117.112,32.68049],[-117.11266,32.67951],[-117.112,32.67854],[-117.11066,32.67854],[-117.11,32.67952]]],"type":"Polygon"},"properties":{"bbox":{"parking":{"area":911.68,"pct":2.25},"roads":{"area":2132.4,"pct":5.25}},"city":{"parking":{"area":911.68,"pct":2.25},"roads":{"area":939.63,"pct":2.31}},"id":"hex:2611:16700"},"type":"Feature"},{"geometry":{"coordinates":[[[-117.11,32.68147],[-117.11067,32.68049],[-117.112,32.68049],[-117.11267,32.68147],[-117.11235,32.68193],[-117.11215,32.68199],[-117.11192,32.68205],[-117.11177,32.6821],[-117.1116,32.68216],[-117.11154,32.68217],[-117.11125,32.68227],[-117.11101,32.68234],[-117.11095,32.68236],[-117.11093,32.68236],[-117.11088,32.68238],[-117.11086,32.68238],[-117.11073,32.68242],[-117.11066,32.68244],[-117.11,32.68147]]],"type":"Polygon"},"properties":{"bbox":{"parking":{"area":12763.77,"pct":34.51},"roads":{"area":2109.17,"pct":5.7},"sidewalks":{"area":394.55,"pct":1.07}},"city":{"parking":{"area":12763.77,"pct":34.51},"sidewalks":{"area":394.55,"pct":1.07}},"id":"hex:2611:16701"},"type":"Feature"},{"geometry":{"coordinates":[[[[-117.10863,32.65022],[-117.10854,32.65009],[-117.10891,32.64999],[-117.10896,32.64999],[-117.10899,32.64999],[-117.10902,32.64999],[-117.10904,32.65],[-117.10906,32.65001],[-117.10908,32.65003],[-117.10909,32.65004],[-117.1091,32.65006],[-117.1091,32.65008],[-117.1091,32.65011],[-117.10909,32.65013],[-117.10908,32.65016],[-117.10907,32.65018],[-117.10905,32.65019],[-117.10903,32.6502],[-117.10899,32.65022],[-117.10898,32.65022],[-117.10863,32.65022]]],[[[-117.10996,32.65022],[-117.10991,32.65022],[-117.1098,32.64995],[-117.10979,32.64992],[-117.10978,32.64988],[-117.10979,32.64985],[-117.1098,32.64983],[-117.10982,32.6498],[-117.10984,32.64977],[-117.10988,32.64975],[-117.11038,32.64961],[-117.10996,32.65022]]]],"type":"MultiPolygon"},"properties":{"bbox":{"roads":{"area":94.59,"pct":3.47}},"city_same":1,"id":"hex:2612:16685"},"type":"Feature"},{"geometry":{"coordinates":[[[[-117.10996,32.65217],[-117.1088,32.65217],[-117.11024,32.65177],[-117.10996,32.65217]]],[[[-117.10996,32.65022],[-117.11063,32.6512],[-117.11042,32.65151],[-117.10991,32.65022],[-117.10996,32.65022]]],[[[-117.10863,32.65022],[-117.10898,32.65022],[-117.10855,32.65034],[-117.10863,32.65022]]]],"type":"MultiPolygon"},"properties":{"bbox":{"roads":{"area":298.33,"pct":5.81},"sidewalks":{"area":42.15,"pct":0.82}},"city_same":1,"id":"hex:2612:16686"},"type":"Feature"},{"geometry":{"coordinates":[[[-117.10996,32.65217],[-117.11063,32.65315],[-117.10997,32.65413],[-117.10863,32.65413],[-117.10797,32.65315],[-117.10859,32.65223],[-117.1088,32.65217],[-117.10996,32.65217]]],"type":"Polygon"},"properties":{"bbox":{"roads":{"area":4508.04,"pct":11.12},"sidewalks":{"area":418.03,"pct":1.03}},"city_same":1,"id":"hex:2612:16687"},"type":"Feature"},{"geometry":{"coordinates":[[[-117.10863,32.65413],[-117.10997,32.65413],[-117.11063,32.6551],[-117.10997,32.65608],[-117.10964,32.65608],[-117.10955,32.65584],[-117.10936,32.6554],[-117.10913,32.65503],[-117.10906,32.65489],[-117.10908,32.65488],[-117.10913,32.65485],[-117.10924,32.65497],[-117.1093,32.655],[-117.10931,32.65496],[-117.10928,32.65485],[-117.1092,32.65473],[-117.10913,32.65466],[-117.10899,32.65454],[-117.10888,32.65457],[-117.1089,32.65463],[-117.10886,32.65465],[-117.10883,32.65466],[-117.10878,32.65466],[-117.10852,32.65442],[-117.10846,32.65438],[-117.10863,32.65413]]],"type":"Polygon"},"properties":{"bbox":{"roads":{"area":1865.35,"pct":8.04},"sidewalks":{"area":331.4,"pct":1.43}},"city_same":1,"id":"hex:2612:16688"},"type":"Feature"},{"geometry":{"coordinates":[[[-117.10997,32.65608],[-117.11064,32.65706],[-117.10997,32.65803],[-117.10898,32.65803],[-117.10903,32.65791],[-117.10918,32.65778],[-117.10938,32.65775],[-117.10959,32.65772],[-117.1097,32.65765],[-117.10979,32.65758],[-117.10983,32.65765],[-117.10984,32.65753],[-117.10976,32.65739],[-117.10984,32.65718],[-117.10966,32.65682],[-117.10964,32.65664],[-117.10969,32.65631],[-117.10965,32.6561],[-117.10964,32.65608],[-117.10997,32.65608]]],"type":"Polygon"},"properties":{"bbox":{"parking":{"area":50.8,"pct":0.37},"roads":{"area":1179.21,"pct":8.55},"sidewalks":{"area":258.79,"pct":1.88}},"city_same":1,"id":"hex:2612:16689"},"type":"Feature"},{"geometry":{"coordinates":[[[[-117.10997,32.65803],[-117.11064,32.65901],[-117.10997,32.65999],[-117.10864,32.65999],[-117.10797,32.65901],[-117.1081,32.65882],[-117.10811,32.65884],[-117.10823,32.65901],[-117.10832,32.65884],[-117.10843,32.65864],[-117.10859,32.65846],[-117.10878,32.65837],[-117.10889,32.65829],[-117.10895,32.65811],[-117.10898,32.65803],[-117.10997,32.65803]]],[[[-117.10848,32.65827],[-117.10848,32.65829],[-117.10843,32.65843],[-117.10829,32.65863],[-117.10819,32.6587],[-117.10848,32.65827]]]],"type":"MultiPolygon"},"properties":{"bbox":{"parking":{"area":9803.37,"pct":25.74},"roads":{"area":7168.52,"pct":18.82},"sidewalks":{"area":238.32,"pct":0.63}},"city":{"parking":{"area":9803.37,"pct":25.74},"roads":{"area":3699.58,"pct":9.71},"sidewalks":{"area":238.32,"pct":0.63}},"id":"hex:2612:16690"},"type":"Feature"},{"geometry":{"coordinates":[[[-117.10798,32.66096],[-117.10864,32.66194],[-117.10998,32.66194],[-117.11064,32.66096],[-117.10997,32.65999],[-117.10864,32.65999],[-117.10798,32.66096]]],"type":"Polygon"},"properties":{"bbox":{"roads":{"area":11243.14,"pct":27.7},"sidewalks":{"area":13.58,"pct":0.03}},"city":{"roads":{"area":2709.54,"pct":6.67},"sidewalks":{"area":13.58,"pct":0.03}},"id":"hex:2612:16691"},"type":"Feature"},{"geometry":{"coordinates":[[[-117.10798,32.66292],[-117.10865,32.66389],[-117.10998,32.66389],[-117.11064,32.66291],[-117.10998,32.66194],[-117.10864,32.66194],[-117.10798,32.66292]]],"type":"Polygon"},"properties":{"bbox":{"roads":{"area":11150.32,"pct":27.47}},"city":{"roads":{"area":2101.34,"pct":5.18}},"id":"hex:2612:16692"},"type":"Feature"},{"geometry":{"coordinates":[[[-117.10798,32.66487],[-117.10865,32.66585],[-117.10998,32.66584],[-117.11065,32.66487],[-117.10998,32.66389],[-117.10865,32.66389],[-117.10798,32.66487]]],"type":"Polygon"},"properties":{"bbox":{"parking":{"area":226.92,"pct":0.56},"roads":{"area":11981.19,"pct":29.51}},"city":{"parking":{"area":226.92,"pct":0.56},"roads":{"area":2382.96,"pct":5.87}},"id":"hex:2612:16693"},"type":"Feature"},{"geometry":{"coordinates":[[[-117.10798,32.66682],[-117.10865,32.6678],[-117.10998,32.6678],[-117.11065,32.66682],[-117.10998,32.66584],[-117.10865,32.66585],[-117.10798,32.66682]]],"type":"Polygon"},"properties":{"bbox":{"roads":{"area":6495.15,"pct":16}},"city":{"roads":{"area":4428.37,"pct":10.91}},"id":"hex:2612:16694"},"type":"Feature"},{"geometry":{"coordinates":[[[-117.10798,32.66878],[-117.10865,32.66975],[-117.10999,32.66975],[-117.11065,32.66877],[-117.10998,32.6678],[-117.10865,32.6678],[-117.10798,32.66878]]],"type":"Polygon"},"properties":{"bbox":{"roads":{"area":6039.61,"pct":14.88}},"city_same":1,"id":"hex:2612:16695"},"type":"Feature"},{"geometry":{"coordinates":[[[-117.10799,32.67073],[-117.10865,32.6717],[-117.10999,32.6717],[-117.11065,32.67073],[-117.10999,32.66975],[-117.10865,32.66975],[-117.10799,32.67073]]],"type":"Polygon"},"properties":{"bbox":{"roads":{"area":6783.2,"pct":16.71},"sidewalks":{"area":317.39,"pct":0.78}},"city":{"roads":{"area":5271.29,"pct":12.99},"sidewalks":{"area":317.39,"pct":0.78}},"id":"hex:2612:16696"},"type":"Feature"},{"geometry":{"coordinates":[[[-117.10799,32.67268],[-117.10866,32.67366],[-117.10999,32.67366],[-117.11066,32.67268],[-117.10999,32.6717],[-117.10865,32.6717],[-117.10799,32.67268]]],"type":"Polygon"},"properties":{"bbox":{"roads":{"area":5999.56,"pct":14.78}},"city":{"roads":{"area":5093.59,"pct":12.55}},"id":"hex:2612:16697"},"type":"Feature"},{"geometry":{"coordinates":[[[-117.10799,32.67464],[-117.10866,32.67561],[-117.10999,32.67561],[-117.11066,32.67463],[-117.10999,32.67366],[-117.10866,32.67366],[-117.10799,32.67464]]],"type":"Polygon"},"properties":{"bbox":{"roads":{"area":12803.34,"pct":31.54}},"city":{"roads":{"area":6412.86,"pct":15.8}},"id":"hex:2612:16698"},"type":"Feature"},{"geometry":{"coordinates":[[[-117.10799,32.67659],[-117.10866,32.67756],[-117.11,32.67756],[-117.11066,32.67659],[-117.10999,32.67561],[-117.10866,32.67561],[-117.10799,32.67659]]],"type":"Polygon"},"properties":{"bbox":{"roads":{"area":10965.23,"pct":27.01}},"city":{"roads":{"area":2497.63,"pct":6.15}},"id":"hex:2612:16699"},"type":"Feature"},{"geometry":{"coordinates":[[[-117.108,32.67854],[-117.10866,32.67952],[-117.11,32.67952],[-117.11066,32.67854],[-117.11,32.67756],[-117.10866,32.67756],[-117.108,32.67854]]],"type":"Polygon"},"properties":{"bbox":{"roads":{"area":11651.61,"pct":28.7}},"city":{"roads":{"area":4177.86,"pct":10.29}},"id":"hex:2612:16700"},"type":"Feature"},{"geometry":{"coordinates":[[[-117.108,32.68049],[-117.10867,32.68147],[-117.11,32.68147],[-117.11067,32.68049],[-117.11,32.67952],[-117.10866,32.67952],[-117.108,32.68049]]],"type":"Polygon"},"properties":{"bbox":{"roads":{"area":2667.09,"pct":6.57},"sidewalks":{"area":810.99,"pct":2}},"city":{"roads":{"area":390.64,"pct":0.96},"sidewalks":{"area":810.99,"pct":2}},"id":"hex:2612:16701"},"type":"Feature"},{"geometry":{"coordinates":[[[-117.108,32.68245],[-117.10867,32.68147],[-117.11,32.68147],[-117.11066,32.68244],[-117.11035,32.68253],[-117.11022,32.68257],[-117.11017,32.68258],[-117.1101,32.6826],[-117.10974,32.6827],[-117.10962,32.68273],[-117.10953,32.68275],[-117.10927,32.68283],[-117.10918,32.68286],[-117.10911,32.68288],[-117.10889,32.68294],[-117.10882,32.68296],[-117.10868,32.683],[-117.10843,32.68307],[-117.108,32.68245]]],"type":"Polygon"},"properties":{"bbox":{"sidewalks":{"area":1085.17,"pct":3.76}},"city_same":1,"id":"hex:2612:16702"},"type":"Feature"},{"geometry":{"coordinates":[[[-117.10663,32.6512],[-117.1063,32.65072],[-117.10661,32.65064],[-117.10854,32.65009],[-117.10863,32.65022],[-117.10855,32.65034],[-117.10781,32.65055],[-117.10718,32.65073],[-117.10717,32.65073],[-117.10715,32.65075],[-117.10713,32.65077],[-117.10706,32.65085],[-117.10704,32.65087],[-117.10704,32.65088],[-117.10704,32.65089],[-117.10704,32.65091],[-117.10704,32.65093],[-117.10707,32.65102],[-117.10714,32.6512],[-117.10663,32.6512]]],"type":"Polygon"},"properties":{"bbox":{"roads":{"area":834.17,"pct":10.61}},"city_same":1,"id":"hex:2613:16685"},"type":"Feature"},{"geometry":{"coordinates":[[[-117.10797,32.65315],[-117.107,32.65315],[-117.1064,32.65154],[-117.10663,32.6512],[-117.10714,32.6512],[-117.10719,32.65131],[-117.1073,32.65158],[-117.10761,32.65237],[-117.10762,32.65238],[-117.10763,32.6524],[-117.10764,32.65242],[-117.10765,32.65243],[-117.10767,32.65245],[-117.10769,32.65246],[-117.1077,32.65246],[-117.10772,32.65247],[-117.10774,32.65247],[-117.10859,32.65223],[-117.10797,32.65315]]],"type":"Polygon"},"properties":{"bbox":{"roads":{"area":904.78,"pct":4.22}},"city_same":1,"id":"hex:2613:16686"},"type":"Feature"},{"geometry":{"coordinates":[[[-117.10664,32.65706],[-117.10597,32.65608],[-117.10664,32.65511],[-117.10675,32.65511],[-117.10671,32.65536],[-117.10659,32.6555],[-117.10687,32.65623],[-117.10752,32.65699],[-117.10755,32.65706],[-117.10664,32.65706]]],"type":"Polygon"},"properties":{"bbox":{"roads":{"area":6270.43,"pct":49.04}},"id":"hex:2613:16688"},"type":"Feature"},{"geometry":{"coordinates":[[[-117.10797,32.65901],[-117.10664,32.65901],[-117.10597,32.65804],[-117.10664,32.65706],[-117.10755,32.65706],[-117.10782,32.65759],[-117.10791,32.65778],[-117.10802,32.65788],[-117.10815,32.65798],[-117.10831,32.65811],[-117.10847,32.65822],[-117.10848,32.65827],[-117.10819,32.6587],[-117.10807,32.65877],[-117.1081,32.65882],[-117.10797,32.65901]]],"type":"Polygon"},"properties":{"bbox":{"roads":{"area":9748.25,"pct":27.73}},"city":{"roads":{"area":224.9,"pct":0.64}},"id":"hex:2613:16689"},"type":"Feature"},{"geometry":{"coordinates":[[[-117.10597,32.65999],[-117.10664,32.66096],[-117.10798,32.66096],[-117.10864,32.65999],[-117.10797,32.65901],[-117.10664,32.65901],[-117.10597,32.65999]]],"type":"Polygon"},"properties":{"bbox":{"parking":{"area":3224.51,"pct":7.94},"roads":{"area":14695.15,"pct":36.2},"sidewalks":{"area":407,"pct":1}},"city":{"parking":{"area":3224.51,"pct":7.94},"roads":{"area":2844.36,"pct":7.01},"sidewalks":{"area":407,"pct":1}},"id":"hex:2613:16690"},"type":"Feature"},{"geometry":{"coordinates":[[[-117.10598,32.66194],[-117.10664,32.66292],[-117.10798,32.66292],[-117.10864,32.66194],[-117.10798,32.66096],[-117.10664,32.66096],[-117.10598,32.66194]]],"type":"Polygon"},"properties":{"bbox":{"parking":{"area":4200.87,"pct":10.35},"roads":{"area":7576.12,"pct":18.66},"sidewalks":{"area":868.86,"pct":2.14}},"city":{"parking":{"area":4200.87,"pct":10.35},"roads":{"area":6674.52,"pct":16.44},"sidewalks":{"area":868.86,"pct":2.14}},"id":"hex:2613:16691"},"type":"Feature"},{"geometry":{"coordinates":[[[-117.10598,32.66389],[-117.10665,32.66487],[-117.10798,32.66487],[-117.10865,32.66389],[-117.10798,32.66292],[-117.10664,32.66292],[-117.10598,32.66389]]],"type":"Polygon"},"properties":{"bbox":{"parking":{"area":2762.3,"pct":6.8},"roads":{"area":5016.35,"pct":12.36},"sidewalks":{"area":437.42,"pct":1.08}},"city_same":1,"id":"hex:2613:16692"},"type":"Feature"},{"geometry":{"coordinates":[[[-117.10598,32.66585],[-117.10665,32.66682],[-117.10798,32.66682],[-117.10865,32.66585],[-117.10798,32.66487],[-117.10665,32.66487],[-117.10598,32.66585]]],"type":"Polygon"},"properties":{"bbox":{"parking":{"area":1365.8,"pct":3.36},"roads":{"area":6027.38,"pct":14.85},"sidewalks":{"area":648.03,"pct":1.6}},"city":{"parking":{"area":1365.8,"pct":3.36},"roads":{"area":4526.4,"pct":11.15},"sidewalks":{"area":648.03,"pct":1.6}},"id":"hex:2613:16693"},"type":"Feature"},{"geometry":{"coordinates":[[[-117.10598,32.6678],[-117.10665,32.66878],[-117.10798,32.66878],[-117.10865,32.6678],[-117.10798,32.66682],[-117.10665,32.66682],[-117.10598,32.6678]]],"type":"Polygon"},"properties":{"bbox":{"roads":{"area":6770.77,"pct":16.68}},"city_same":1,"id":"hex:2613:16694"},"type":"Feature"},{"geometry":{"coordinates":[[[-117.10599,32.66975],[-117.10665,32.67073],[-117.10799,32.67073],[-117.10865,32.66975],[-117.10798,32.66878],[-117.10665,32.66878],[-117.10599,32.66975]]],"type":"Polygon"},"properties":{"bbox":{"roads":{"area":6410.21,"pct":15.79},"sidewalks":{"area":437.38,"pct":1.08}},"city":{"roads":{"area":6409.14,"pct":15.79},"sidewalks":{"area":437.38,"pct":1.08}},"id":"hex:2613:16695"},"type":"Feature"},{"geometry":{"coordinates":[[[-117.10599,32.67171],[-117.10666,32.67268],[-117.10799,32.67268],[-117.10865,32.6717],[-117.10799,32.67073],[-117.10665,32.67073],[-117.10599,32.67171]]],"type":"Polygon"},"properties":{"bbox":{"roads":{"area":7219.94,"pct":17.79}},"city":{"roads":{"area":6111.46,"pct":15.05}},"id":"hex:2613:16696"},"type":"Feature"},{"geometry":{"coordinates":[[[-117.10599,32.67366],[-117.10666,32.67464],[-117.10799,32.67464],[-117.10866,32.67366],[-117.10799,32.67268],[-117.10666,32.67268],[-117.10599,32.67366]]],"type":"Polygon"},"properties":{"bbox":{"parking":{"area":4110.18,"pct":10.12},"roads":{"area":7358.37,"pct":18.13},"sidewalks":{"area":291.87,"pct":0.72}},"city_same":1,"id":"hex:2613:16697"},"type":"Feature"},{"geometry":{"coordinates":[[[-117.10599,32.67561],[-117.10666,32.67659],[-117.10799,32.67659],[-117.10866,32.67561],[-117.10799,32.67464],[-117.10666,32.67464],[-117.10599,32.67561]]],"type":"Polygon"},"properties":{"bbox":{"parking":{"area":10217.27,"pct":25.17},"roads":{"area":10608.57,"pct":26.13},"sidewalks":{"area":567.01,"pct":1.4}},"city":{"parking":{"area":10217.27,"pct":25.17},"roads":{"area":10001.34,"pct":24.64},"sidewalks":{"area":567.01,"pct":1.4}},"id":"hex:2613:16698"},"type":"Feature"},{"geometry":{"coordinates":[[[-117.106,32.67757],[-117.10666,32.67854],[-117.108,32.67854],[-117.10866,32.67756],[-117.10799,32.67659],[-117.10666,32.67659],[-117.106,32.67757]]],"type":"Polygon"},"properties":{"bbox":{"parking":{"area":372.01,"pct":0.92},"roads":{"area":8570.83,"pct":21.11}},"city_same":1,"id":"hex:2613:16699"},"type":"Feature"},{"geometry":{"coordinates":[[[-117.106,32.67952],[-117.10667,32.6805],[-117.108,32.68049],[-117.10866,32.67952],[-117.108,32.67854],[-117.10666,32.67854],[-117.106,32.67952]]],"type":"Polygon"},"properties":{"bbox":{"roads":{"area":5601.92,"pct":13.8}},"city_same":1,"id":"hex:2613:16700"},"type":"Feature"},{"geometry":{"coordinates":[[[-117.106,32.68147],[-117.10667,32.68245],[-117.108,32.68245],[-117.10867,32.68147],[-117.108,32.68049],[-117.10667,32.6805],[-117.106,32.68147]]],"type":"Polygon"},"properties":{"bbox":{"roads":{"area":744.24,"pct":1.83},"sidewalks":{"area":387.48,"pct":0.95}},"city_same":1,"id":"hex:2613:16701"},"type":"Feature"},{"geometry":{"coordinates":[[[-117.106,32.68343],[-117.10667,32.68245],[-117.108,32.68245],[-117.10843,32.68307],[-117.10828,32.68311],[-117.10823,32.68313],[-117.10814,32.68315],[-117.10802,32.68318],[-117.10764,32.68329],[-117.10752,32.68332],[-117.10747,32.68334],[-117.10733,32.68338],[-117.10704,32.68346],[-117.10692,32.68349],[-117.10678,32.68353],[-117.10674,32.68354],[-117.10661,32.68358],[-117.10657,32.68359],[-117.10648,32.68361],[-117.10621,32.68369],[-117.10619,32.68369],[-117.106,32.68343]]],"type":"Polygon"},"properties":{"bbox":{"sidewalks":{"area":365.03,"pct":1.91}},"city_same":1,"id":"hex:2613:16702"},"type":"Feature"},{"geometry":{"coordinates":[[[-117.10658,32.60433],[-117.10591,32.6053],[-117.10458,32.6053],[-117.10391,32.60433],[-117.10458,32.60335],[-117.10577,32.60335],[-117.10593,32.60338],[-117.10658,32.60433]]],"type":"Polygon"},"properties":{"bbox":{"roads":{"area":724.36,"pct":1.79}},"city_same":1,"id":"hex:2614:16662"},"type":"Feature"},{"geometry":{"coordinates":[[[-117.10391,32.60628],[-117.10458,32.6053],[-117.10591,32.6053],[-117.106,32.60543],[-117.10449,32.60673],[-117.10432,32.60688],[-117.10391,32.60628]]],"type":"Polygon"},"properties":{"bbox":{"roads":{"area":730.81,"pct":4.35}},"city_same":1,"id":"hex:2614:16663"},"type":"Feature"},{"geometry":{"coordinates":[[[[-117.10463,32.65218],[-117.10396,32.6512],[-117.10439,32.65058],[-117.10443,32.65058],[-117.10465,32.65058],[-117.10486,32.65058],[-117.10506,32.65058],[-117.10522,32.65056],[-117.10519,32.65057],[-117.10519,32.65057],[-117.10532,32.65097],[-117.10541,32.65097],[-117.10548,32.65111],[-117.10546,32.6512],[-117.10548,32.65125],[-117.10532,32.65129],[-117.10519,32.65134],[-117.10507,32.65139],[-117.10504,32.65144],[-117.10511,32.65158],[-117.10521,32.65173],[-117.10546,32.65187],[-117.10553,32.65218],[-117.10463,32.65218]]],[[[-117.10663,32.6512],[-117.1064,32.65154],[-117.10632,32.65134],[-117.10613,32.65105],[-117.10601,32.65107],[-117.10585,32.65114],[-117.10571,32.65116],[-117.10565,32.65114],[-117.10563,32.65107],[-117.1056,32.651],[-117.10558,32.65094],[-117.1056,32.65091],[-117.1063,32.65072],[-117.10663,32.6512]]]],"type":"MultiPolygon"},"properties":{"bbox":{"roads":{"area":5845.94,"pct":27.36}},"city":{"roads":{"area":60.17,"pct":0.28}},"id":"hex:2614:16686"},"type":"Feature"},{"geometry":{"coordinates":[[[-117.10597,32.65413],[-117.10463,32.65413],[-117.10397,32.65315],[-117.10463,32.65218],[-117.10553,32.65218],[-117.10583,32.6534],[-117.10602,32.65405],[-117.10597,32.65413]]],"type":"Polygon"},"properties":{"bbox":{"roads":{"area":11155.92,"pct":37.29}},"id":"hex:2614:16687"},"type":"Feature"},{"geometry":{"coordinates":[[[-117.10664,32.65511],[-117.10597,32.65608],[-117.10464,32.65608],[-117.10397,32.65511],[-117.10463,32.65413],[-117.10597,32.65413],[-117.10612,32.65435],[-117.10625,32.65479],[-117.1064,32.65484],[-117.10645,32.65483],[-117.10664,32.65511]]],"type":"Polygon"},"properties":{"bbox":{"roads":{"area":9466.94,"pct":23.57}},"city":{"roads":{"area":898.63,"pct":2.24}},"id":"hex:2614:16688"},"type":"Feature"},{"geometry":{"coordinates":[[[-117.10397,32.65706],[-117.10464,32.65804],[-117.10597,32.65804],[-117.10664,32.65706],[-117.10597,32.65608],[-117.10464,32.65608],[-117.10397,32.65706]]],"type":"Polygon"},"properties":{"bbox":{"parking":{"area":2724.12,"pct":6.71},"roads":{"area":3989.53,"pct":9.83}},"city":{"parking":{"area":2724.12,"pct":6.71},"roads":{"area":3520.58,"pct":8.67}},"id":"hex:2614:16689"},"type":"Feature"},{"geometry":{"coordinates":[[[-117.10397,32.65901],[-117.10464,32.65999],[-117.10597,32.65999],[-117.10664,32.65901],[-117.10597,32.65804],[-117.10464,32.65804],[-117.10397,32.65901]]],"type":"Polygon"},"properties":{"bbox":{"parking":{"area":2218.3,"pct":5.46},"roads":{"area":6715.31,"pct":16.54}},"city_same":1,"id":"hex:2614:16690"},"type":"Feature"},{"geometry":{"coordinates":[[[-117.10398,32.66097],[-117.10464,32.66194],[-117.10598,32.66194],[-117.10664,32.66096],[-117.10597,32.65999],[-117.10464,32.65999],[-117.10398,32.66097]]],"type":"Polygon"},"properties":{"bbox":{"parking":{"area":5186.84,"pct":12.78},"roads":{"area":10620.96,"pct":26.16},"sidewalks":{"area":479.28,"pct":1.18}},"city":{"parking":{"area":5186.84,"pct":12.78},"roads":{"area":7198.48,"pct":17.73},"sidewalks":{"area":479.28,"pct":1.18}},"id":"hex:2614:16691"},"type":"Feature"},{"geometry":{"coordinates":[[[-117.10398,32.66292],[-117.10465,32.6639],[-117.10598,32.66389],[-117.10664,32.66292],[-117.10598,32.66194],[-117.10464,32.66194],[-117.10398,32.66292]]],"type":"Polygon"},"properties":{"bbox":{"parking":{"area":8266.69,"pct":20.36},"roads":{"area":7018.58,"pct":17.29},"sidewalks":{"area":690.35,"pct":1.7}},"city_same":1,"id":"hex:2614:16692"},"type":"Feature"},{"geometry":{"coordinates":[[[-117.10398,32.66487],[-117.10465,32.66585],[-117.10598,32.66585],[-117.10665,32.66487],[-117.10598,32.66389],[-117.10465,32.6639],[-117.10398,32.66487]]],"type":"Polygon"},"properties":{"bbox":{"parking":{"area":2275.16,"pct":5.6},"roads":{"area":3789.97,"pct":9.34},"sidewalks":{"area":515.22,"pct":1.27}},"city_same":1,"id":"hex:2614:16693"},"type":"Feature"},{"geometry":{"coordinates":[[[-117.10398,32.66683],[-117.10465,32.6678],[-117.10598,32.6678],[-117.10665,32.66682],[-117.10598,32.66585],[-117.10465,32.66585],[-117.10398,32.66683]]],"type":"Polygon"},"properties":{"bbox":{"parking":{"area":1543.81,"pct":3.8},"roads":{"area":6082.53,"pct":14.98},"sidewalks":{"area":353.15,"pct":0.87}},"city":{"parking":{"area":1543.81,"pct":3.8},"roads":{"area":4590.76,"pct":11.31},"sidewalks":{"area":353.15,"pct":0.87}},"id":"hex:2614:16694"},"type":"Feature"},{"geometry":{"coordinates":[[[-117.10399,32.66878],[-117.10465,32.66976],[-117.10599,32.66975],[-117.10665,32.66878],[-117.10598,32.6678],[-117.10465,32.6678],[-117.10399,32.66878]]],"type":"Polygon"},"properties":{"bbox":{"parking":{"area":44.06,"pct":0.11},"roads":{"area":8476.35,"pct":20.88}},"city":{"parking":{"area":44.06,"pct":0.11},"roads":{"area":7082.45,"pct":17.45}},"id":"hex:2614:16695"},"type":"Feature"},{"geometry":{"coordinates":[[[-117.10399,32.67073],[-117.10466,32.67171],[-117.10599,32.67171],[-117.10665,32.67073],[-117.10599,32.66975],[-117.10465,32.66976],[-117.10399,32.67073]]],"type":"Polygon"},"properties":{"bbox":{"parking":{"area":1315.69,"pct":3.24},"roads":{"area":8538.22,"pct":21.03},"sidewalks":{"area":601.67,"pct":1.48}},"city":{"parking":{"area":1315.69,"pct":3.24},"roads":{"area":4804.19,"pct":11.83},"sidewalks":{"area":601.67,"pct":1.48}},"id":"hex:2614:16696"},"type":"Feature"},{"geometry":{"coordinates":[[[-117.10399,32.67269],[-117.10466,32.67366],[-117.10599,32.67366],[-117.10666,32.67268],[-117.10599,32.67171],[-117.10466,32.67171],[-117.10399,32.67269]]],"type":"Polygon"},"properties":{"bbox":{"parking":{"area":1797.63,"pct":4.43},"roads":{"area":8795.92,"pct":21.67},"sidewalks":{"area":645.47,"pct":1.59}},"city":{"parking":{"area":1797.63,"pct":4.43},"roads":{"area":8778.16,"pct":21.62},"sidewalks":{"area":645.47,"pct":1.59}},"id":"hex:2614:16697"},"type":"Feature"},{"geometry":{"coordinates":[[[-117.10399,32.67464],[-117.10466,32.67561],[-117.10599,32.67561],[-117.10666,32.67464],[-117.10599,32.67366],[-117.10466,32.67366],[-117.10399,32.67464]]],"type":"Polygon"},"properties":{"bbox":{"parking":{"area":1860.58,"pct":4.58},"roads":{"area":8206.53,"pct":20.22},"sidewalks":{"area":1216.63,"pct":3}},"city_same":1,"id":"hex:2614:16698"},"type":"Feature"},{"geometry":{"coordinates":[[[-117.10399,32.67659],[-117.10466,32.67757],[-117.106,32.67757],[-117.10666,32.67659],[-117.10599,32.67561],[-117.10466,32.67561],[-117.10399,32.67659]]],"type":"Polygon"},"properties":{"bbox":{"parking":{"area":1420.16,"pct":3.5},"roads":{"area":8874.82,"pct":21.86},"sidewalks":{"area":450.21,"pct":1.11}},"city":{"parking":{"area":1420.16,"pct":3.5},"roads":{"area":6859.71,"pct":16.9},"sidewalks":{"area":450.21,"pct":1.11}},"id":"hex:2614:16699"},"type":"Feature"},{"geometry":{"coordinates":[[[-117.104,32.67854],[-117.10466,32.67952],[-117.106,32.67952],[-117.10666,32.67854],[-117.106,32.67757],[-117.10466,32.67757],[-117.104,32.67854]]],"type":"Polygon"},"properties":{"bbox":{"roads":{"area":6715.01,"pct":16.54}},"city_same":1,"id":"hex:2614:16700"},"type":"Feature"},{"geometry":{"coordinates":[[[-117.104,32.6805],[-117.10467,32.68147],[-117.106,32.68147],[-117.10667,32.6805],[-117.106,32.67952],[-117.10466,32.67952],[-117.104,32.6805]]],"type":"Polygon"},"properties":{"bbox":{"roads":{"area":2780.61,"pct":6.85}},"city_same":1,"id":"hex:2614:16701"},"type":"Feature"},{"geometry":{"coordinates":[[[-117.104,32.68245],[-117.10467,32.68343],[-117.106,32.68343],[-117.10667,32.68245],[-117.106,32.68147],[-117.10467,32.68147],[-117.104,32.68245]]],"type":"Polygon"},"properties":{"bbox":{"sidewalks":{"area":527.72,"pct":1.3}},"city_same":1,"id":"hex:2614:16702"},"type":"Feature"},{"geometry":{"coordinates":[[[-117.10467,32.68343],[-117.106,32.68343],[-117.10619,32.68369],[-117.10611,32.68371],[-117.10603,32.68374],[-117.10576,32.68381],[-117.10567,32.68384],[-117.10564,32.68385],[-117.10552,32.68388],[-117.10549,32.68389],[-117.10543,32.6839],[-117.10527,32.68395],[-117.10521,32.68396],[-117.10515,32.68398],[-117.10503,32.68402],[-117.10496,32.68404],[-117.1048,32.68408],[-117.1047,32.68411],[-117.1044,32.68419],[-117.1043,32.68422],[-117.10428,32.68422],[-117.10424,32.68423],[-117.10423,32.68424],[-117.10411,32.68427],[-117.10409,32.68427],[-117.10467,32.68343]]],"type":"Polygon"},"properties":{"bbox":{"sidewalks":{"area":253.71,"pct":2.71}},"city_same":1,"id":"hex:2614:16703"},"type":"Feature"},{"geometry":{"coordinates":[[[-117.10458,32.60335],[-117.10391,32.60433],[-117.10258,32.60433],[-117.10242,32.6041],[-117.10442,32.60313],[-117.10458,32.60335]]],"type":"Polygon"},"properties":{"bbox":{"roads":{"area":306.3,"pct":2.35}},"city_same":1,"id":"hex:2615:16661"},"type":"Feature"},{"geometry":{"coordinates":[[[-117.10191,32.60531],[-117.10258,32.60628],[-117.10391,32.60628],[-117.10458,32.6053],[-117.10391,32.60433],[-117.10258,32.60433],[-117.10191,32.60531]]],"type":"Polygon"},"properties":{"bbox":{"roads":{"area":217.1,"pct":0.53}},"city_same":1,"id":"hex:2615:16662"},"type":"Feature"},{"geometry":{"coordinates":[[[-117.10258,32.60823],[-117.10192,32.60726],[-117.10258,32.60628],[-117.10391,32.60628],[-117.10432,32.60688],[-117.10355,32.60753],[-117.1034,32.60779],[-117.10319,32.60823],[-117.10258,32.60823]]],"type":"Polygon"},"properties":{"bbox":{"roads":{"area":773.45,"pct":2.48}},"city_same":1,"id":"hex:2615:16663"},"type":"Feature"},{"geometry":{"coordinates":[[[-117.10192,32.60921],[-117.10258,32.60823],[-117.10319,32.60823],[-117.10279,32.60905],[-117.10239,32.60991],[-117.10192,32.60921]]],"type":"Polygon"},"properties":{"bbox":{"roads":{"area":557.87,"pct":5.59}},"city_same":1,"id":"hex:2615:16664"},"type":"Feature"},{"geometry":{"coordinates":[[[-117.10263,32.6473],[-117.10216,32.64661],[-117.10231,32.64654],[-117.10257,32.64646],[-117.1028,32.64639],[-117.10282,32.64651],[-117.10282,32.64656],[-117.10283,32.6466],[-117.10293,32.6469],[-117.10298,32.64703],[-117.10307,32.6473],[-117.10263,32.6473]]],"type":"Polygon"},"properties":{"bbox":{"roads":{"area":2595.74,"pct":53.9}},"id":"hex:2615:16683"},"type":"Feature"},{"geometry":{"coordinates":[[[-117.10263,32.64925],[-117.10196,32.64827],[-117.10263,32.6473],[-117.10307,32.6473],[-117.10309,32.64736],[-117.10322,32.64776],[-117.10328,32.64791],[-117.1033,32.648],[-117.10338,32.64825],[-117.10341,32.64833],[-117.10342,32.64838],[-117.10374,32.64925],[-117.10263,32.64925]]],"type":"Polygon"},"properties":{"bbox":{"roads":{"area":8864.12,"pct":39.71}},"id":"hex:2615:16684"},"type":"Feature"},{"geometry":{"coordinates":[[[-117.10396,32.6512],[-117.10263,32.6512],[-117.10196,32.65023],[-117.10263,32.64925],[-117.10374,32.64925],[-117.10387,32.64961],[-117.10393,32.64978],[-117.10397,32.64987],[-117.10409,32.65021],[-117.1042,32.65059],[-117.10431,32.65059],[-117.10439,32.65058],[-117.10396,32.6512]]],"type":"Polygon"},"properties":{"bbox":{"roads":{"area":8113.39,"pct":22.93}},"id":"hex:2615:16685"},"type":"Feature"},{"geometry":{"coordinates":[[[-117.10197,32.65218],[-117.10263,32.65316],[-117.10397,32.65315],[-117.10463,32.65218],[-117.10396,32.6512],[-117.10263,32.6512],[-117.10197,32.65218]]],"type":"Polygon"},"properties":{"bbox":{"roads":{"area":4282.44,"pct":10.55}},"id":"hex:2615:16686"},"type":"Feature"},{"geometry":{"coordinates":[[[-117.10197,32.65413],[-117.10264,32.65511],[-117.10397,32.65511],[-117.10463,32.65413],[-117.10397,32.65315],[-117.10263,32.65316],[-117.10197,32.65413]]],"type":"Polygon"},"properties":{"bbox":{"roads":{"area":863.8,"pct":2.13},"sidewalks":{"area":30.63,"pct":0.08}},"city_same":1,"id":"hex:2615:16687"},"type":"Feature"},{"geometry":{"coordinates":[[[-117.10197,32.65609],[-117.10264,32.65706],[-117.10397,32.65706],[-117.10464,32.65608],[-117.10397,32.65511],[-117.10264,32.65511],[-117.10197,32.65609]]],"type":"Polygon"},"properties":{"bbox":{"parking":{"area":0.23,"pct":0},"roads":{"area":6044.87,"pct":14.89},"sidewalks":{"area":258.18,"pct":0.64}},"city_same":1,"id":"hex:2615:16688"},"type":"Feature"},{"geometry":{"coordinates":[[[-117.10197,32.65804],[-117.10264,32.65901],[-117.10397,32.65901],[-117.10464,32.65804],[-117.10397,32.65706],[-117.10264,32.65706],[-117.10197,32.65804]]],"type":"Polygon"},"properties":{"bbox":{"parking":{"area":13117.84,"pct":32.31},"roads":{"area":8279.71,"pct":20.4}},"city_same":1,"id":"hex:2615:16689"},"type":"Feature"},{"geometry":{"coordinates":[[[-117.10198,32.65999],[-117.10264,32.66097],[-117.10398,32.66097],[-117.10464,32.65999],[-117.10397,32.65901],[-117.10264,32.65901],[-117.10198,32.65999]]],"type":"Polygon"},"properties":{"bbox":{"parking":{"area":263.23,"pct":0.65},"roads":{"area":8120.81,"pct":20}},"city_same":1,"id":"hex:2615:16690"},"type":"Feature"},{"geometry":{"coordinates":[[[-117.10198,32.66195],[-117.10265,32.66292],[-117.10398,32.66292],[-117.10464,32.66194],[-117.10398,32.66097],[-117.10264,32.66097],[-117.10198,32.66195]]],"type":"Polygon"},"properties":{"bbox":{"roads":{"area":9016.14,"pct":22.21}},"city":{"roads":{"area":5922.98,"pct":14.59}},"id":"hex:2615:16691"},"type":"Feature"},{"geometry":{"coordinates":[[[-117.10198,32.6639],[-117.10265,32.66487],[-117.10398,32.66487],[-117.10465,32.6639],[-117.10398,32.66292],[-117.10265,32.66292],[-117.10198,32.6639]]],"type":"Polygon"},"properties":{"bbox":{"parking":{"area":2793.99,"pct":6.88},"roads":{"area":8945.63,"pct":22.04},"sidewalks":{"area":183.61,"pct":0.45}},"city":{"parking":{"area":2793.99,"pct":6.88},"roads":{"area":6962.4,"pct":17.15},"sidewalks":{"area":183.61,"pct":0.45}},"id":"hex:2615:16692"},"type":"Feature"},{"geometry":{"coordinates":[[[-117.10198,32.66585],[-117.10265,32.66683],[-117.10398,32.66683],[-117.10465,32.66585],[-117.10398,32.66487],[-117.10265,32.66487],[-117.10198,32.66585]]],"type":"Polygon"},"properties":{"bbox":{"parking":{"area":3801.7,"pct":9.36},"roads":{"area":8744.34,"pct":21.54},"sidewalks":{"area":222.62,"pct":0.55}},"city":{"parking":{"area":3801.7,"pct":9.36},"roads":{"area":5360.49,"pct":13.2},"sidewalks":{"area":222.62,"pct":0.55}},"id":"hex:2615:16693"},"type":"Feature"},{"geometry":{"coordinates":[[[-117.10198,32.6678],[-117.10265,32.66878],[-117.10399,32.66878],[-117.10465,32.6678],[-117.10398,32.66683],[-117.10265,32.66683],[-117.10198,32.6678]]],"type":"Polygon"},"properties":{"bbox":{"parking":{"area":2379.41,"pct":5.86},"roads":{"area":9336.34,"pct":23},"sidewalks":{"area":82.26,"pct":0.2}},"city":{"parking":{"area":2379.41,"pct":5.86},"roads":{"area":4800.7,"pct":11.83},"sidewalks":{"area":82.26,"pct":0.2}},"id":"hex:2615:16694"},"type":"Feature"},{"geometry":{"coordinates":[[[-117.10199,32.66976],[-117.10265,32.67073],[-117.10399,32.67073],[-117.10465,32.66976],[-117.10399,32.66878],[-117.10265,32.66878],[-117.10199,32.66976]]],"type":"Polygon"},"properties":{"bbox":{"parking":{"area":4962.19,"pct":12.22},"roads":{"area":6210.49,"pct":15.3},"sidewalks":{"area":598.37,"pct":1.47}},"city":{"parking":{"area":4962.19,"pct":12.22},"roads":{"area":5532.55,"pct":13.63},"sidewalks":{"area":598.37,"pct":1.47}},"id":"hex:2615:16695"},"type":"Feature"},{"geometry":{"coordinates":[[[-117.10199,32.67171],[-117.10266,32.67269],[-117.10399,32.67269],[-117.10466,32.67171],[-117.10399,32.67073],[-117.10265,32.67073],[-117.10199,32.67171]]],"type":"Polygon"},"properties":{"bbox":{"parking":{"area":3471.45,"pct":8.55},"roads":{"area":1104.73,"pct":2.72},"sidewalks":{"area":179.51,"pct":0.44}},"city_same":1,"id":"hex:2615:16696"},"type":"Feature"},{"geometry":{"coordinates":[[[-117.10199,32.67366],[-117.10266,32.67464],[-117.10399,32.67464],[-117.10466,32.67366],[-117.10399,32.67269],[-117.10266,32.67269],[-117.10199,32.67366]]],"type":"Polygon"},"properties":{"bbox":{"parking":{"area":481.36,"pct":1.19},"roads":{"area":4793.36,"pct":11.81},"sidewalks":{"area":498.79,"pct":1.23}},"city_same":1,"id":"hex:2615:16697"},"type":"Feature"},{"geometry":{"coordinates":[[[-117.10199,32.67562],[-117.10266,32.67659],[-117.10399,32.67659],[-117.10466,32.67561],[-117.10399,32.67464],[-117.10266,32.67464],[-117.10199,32.67562]]],"type":"Polygon"},"properties":{"bbox":{"parking":{"area":652.51,"pct":1.61},"roads":{"area":7664.34,"pct":18.88}},"city_same":1,"id":"hex:2615:16698"},"type":"Feature"},{"geometry":{"coordinates":[[[-117.102,32.67757],[-117.10266,32.67855],[-117.104,32.67854],[-117.10466,32.67757],[-117.10399,32.67659],[-117.10266,32.67659],[-117.102,32.67757]]],"type":"Polygon"},"properties":{"bbox":{"parking":{"area":1757.45,"pct":4.33},"roads":{"area":8680.01,"pct":21.38}},"city":{"parking":{"area":1757.45,"pct":4.33},"roads":{"area":6551.87,"pct":16.14}},"id":"hex:2615:16699"},"type":"Feature"},{"geometry":{"coordinates":[[[-117.102,32.67952],[-117.10267,32.6805],[-117.104,32.6805],[-117.10466,32.67952],[-117.104,32.67854],[-117.10266,32.67855],[-117.102,32.67952]]],"type":"Polygon"},"properties":{"bbox":{"roads":{"area":6857.69,"pct":16.89}},"city_same":1,"id":"hex:2615:16700"},"type":"Feature"},{"geometry":{"coordinates":[[[-117.102,32.68148],[-117.10267,32.68245],[-117.104,32.68245],[-117.10467,32.68147],[-117.104,32.6805],[-117.10267,32.6805],[-117.102,32.68148]]],"type":"Polygon"},"properties":{"bbox":{"roads":{"area":2837.1,"pct":6.99}},"city_same":1,"id":"hex:2615:16701"},"type":"Feature"},{"geometry":{"coordinates":[[[-117.10267,32.6844],[-117.102,32.68343],[-117.10267,32.68245],[-117.104,32.68245],[-117.10467,32.68343],[-117.10409,32.68427],[-117.10377,32.68436],[-117.10365,32.6844],[-117.10362,32.6844],[-117.10267,32.6844]]],"type":"Polygon"},"properties":{"bbox":{"roads":{"area":980.96,"pct":2.43},"sidewalks":{"area":132.97,"pct":0.33}},"city_same":1,"id":"hex:2615:16702"},"type":"Feature"},{"geometry":{"coordinates":[[[-117.10267,32.6844],[-117.10362,32.6844],[-117.10321,32.68452],[-117.10315,32.68454],[-117.10244,32.68474],[-117.10267,32.6844]]],"type":"Polygon"},"properties":{"bbox":{"sidewalks":{"area":110.4,"pct":6.74}},"city_same":1,"id":"hex:2615:16703"},"type":"Feature"},{"geometry":{"coordinates":[[[-117.10258,32.60433],[-117.10191,32.60531],[-117.10058,32.60531],[-117.10005,32.60452],[-117.10039,32.60448],[-117.10201,32.6043],[-117.10242,32.6041],[-117.10258,32.60433]]],"type":"Polygon"},"properties":{"bbox":{"roads":{"area":653.01,"pct":3.4}},"city_same":1,"id":"hex:2616:16662"},"type":"Feature"},{"geometry":{"coordinates":[[[-117.10059,32.61117],[-117.09992,32.61019],[-117.10059,32.60921],[-117.10192,32.60921],[-117.10239,32.60991],[-117.10213,32.61047],[-117.10179,32.61117],[-117.10059,32.61117]]],"type":"Polygon"},"properties":{"bbox":{"roads":{"area":667.95,"pct":1.77}},"city_same":1,"id":"hex:2616:16665"},"type":"Feature"},{"geometry":{"coordinates":[[[-117.09992,32.61214],[-117.10059,32.61117],[-117.10179,32.61117],[-117.10162,32.6115],[-117.10146,32.61174],[-117.10139,32.61183],[-117.1014,32.61201],[-117.10136,32.61215],[-117.10158,32.61208],[-117.101,32.61227],[-117.10016,32.61249],[-117.09992,32.61214]]],"type":"Polygon"},"properties":{"bbox":{"roads":{"area":697.42,"pct":4.42}},"city_same":1,"id":"hex:2616:16666"},"type":"Feature"},{"geometry":{"coordinates":[[[-117.10263,32.6473],[-117.10196,32.64827],[-117.10063,32.64827],[-117.09996,32.6473],[-117.10003,32.6472],[-117.10026,32.64713],[-117.10053,32.64706],[-117.10103,32.64691],[-117.10166,32.64673],[-117.10182,32.64668],[-117.10202,32.64667],[-117.10216,32.64661],[-117.10263,32.6473]]],"type":"Polygon"},"properties":{"bbox":{"roads":{"area":3286.27,"pct":10.64}},"city":{"roads":{"area":249.46,"pct":0.81}},"id":"hex:2616:16684"},"type":"Feature"},{"geometry":{"coordinates":[[[-117.09996,32.64925],[-117.10063,32.65023],[-117.10196,32.65023],[-117.10263,32.64925],[-117.10196,32.64827],[-117.10063,32.64827],[-117.09996,32.64925]]],"type":"Polygon"},"properties":{"bbox":{"roads":{"area":3421.25,"pct":8.43}},"city":{"roads":{"area":1819.22,"pct":4.48}},"id":"hex:2616:16685"},"type":"Feature"},{"geometry":{"coordinates":[[[-117.09997,32.6512],[-117.10063,32.65218],[-117.10197,32.65218],[-117.10263,32.6512],[-117.10196,32.65023],[-117.10063,32.65023],[-117.09997,32.6512]]],"type":"Polygon"},"properties":{"bbox":{"roads":{"area":3476.27,"pct":8.56}},"city":{"roads":{"area":856.79,"pct":2.11}},"id":"hex:2616:16686"},"type":"Feature"},{"geometry":{"coordinates":[[[-117.09997,32.65316],[-117.10064,32.65413],[-117.10197,32.65413],[-117.10263,32.65316],[-117.10197,32.65218],[-117.10063,32.65218],[-117.09997,32.65316]]],"type":"Polygon"},"properties":{"bbox":{"roads":{"area":6926.23,"pct":17.06},"sidewalks":{"area":698.03,"pct":1.72}},"city":{"roads":{"area":3929.85,"pct":9.68},"sidewalks":{"area":698.03,"pct":1.72}},"id":"hex:2616:16687"},"type":"Feature"},{"geometry":{"coordinates":[[[-117.09997,32.65511],[-117.10064,32.65609],[-117.10197,32.65609],[-117.10264,32.65511],[-117.10197,32.65413],[-117.10064,32.65413],[-117.09997,32.65511]]],"type":"Polygon"},"properties":{"bbox":{"roads":{"area":5718.08,"pct":14.09},"sidewalks":{"area":265.15,"pct":0.65}},"city_same":1,"id":"hex:2616:16688"},"type":"Feature"},{"geometry":{"coordinates":[[[-117.09997,32.65706],[-117.10064,32.65804],[-117.10197,32.65804],[-117.10264,32.65706],[-117.10197,32.65609],[-117.10064,32.65609],[-117.09997,32.65706]]],"type":"Polygon"},"properties":{"bbox":{"parking":{"area":840.98,"pct":2.07},"roads":{"area":6428.94,"pct":15.84}},"city_same":1,"id":"hex:2616:16689"},"type":"Feature"},{"geometry":{"coordinates":[[[-117.09997,32.65902],[-117.10064,32.65999],[-117.10198,32.65999],[-117.10264,32.65901],[-117.10197,32.65804],[-117.10064,32.65804],[-117.09997,32.65902]]],"type":"Polygon"},"properties":{"bbox":{"parking":{"area":2686.11,"pct":6.62},"roads":{"area":9375.68,"pct":23.1}},"city":{"parking":{"area":2686.11,"pct":6.62},"roads":{"area":6962.23,"pct":17.15}},"id":"hex:2616:16690"},"type":"Feature"},{"geometry":{"coordinates":[[[-117.09998,32.66097],[-117.10064,32.66195],[-117.10198,32.66195],[-117.10264,32.66097],[-117.10198,32.65999],[-117.10064,32.65999],[-117.09998,32.66097]]],"type":"Polygon"},"properties":{"bbox":{"parking":{"area":3033.32,"pct":7.47},"roads":{"area":10304.33,"pct":25.38}},"city":{"parking":{"area":3033.32,"pct":7.47},"roads":{"area":6287.26,"pct":15.49}},"id":"hex:2616:16691"},"type":"Feature"},{"geometry":{"coordinates":[[[-117.09998,32.66292],[-117.10065,32.6639],[-117.10198,32.6639],[-117.10265,32.66292],[-117.10198,32.66195],[-117.10064,32.66195],[-117.09998,32.66292]]],"type":"Polygon"},"properties":{"bbox":{"roads":{"area":11495.95,"pct":28.32},"sidewalks":{"area":283.68,"pct":0.7}},"city":{"roads":{"area":6600.73,"pct":16.26},"sidewalks":{"area":283.68,"pct":0.7}},"id":"hex:2616:16692"},"type":"Feature"},{"geometry":{"coordinates":[[[-117.09998,32.66488],[-117.10065,32.66585],[-117.10198,32.66585],[-117.10265,32.66487],[-117.10198,32.6639],[-117.10065,32.6639],[-117.09998,32.66488]]],"type":"Polygon"},"properties":{"bbox":{"parking":{"area":3079.56,"pct":7.59},"roads":{"area":7332.88,"pct":18.06},"sidewalks":{"area":111.9,"pct":0.28}},"city":{"parking":{"area":3079.56,"pct":7.59},"roads":{"area":7127.35,"pct":17.56},"sidewalks":{"area":111.9,"pct":0.28}},"id":"hex:2616:16693"},"type":"Feature"},{"geometry":{"coordinates":[[[-117.09998,32.66683],[-117.10065,32.66781],[-117.10198,32.6678],[-117.10265,32.66683],[-117.10198,32.66585],[-117.10065,32.66585],[-117.09998,32.66683]]],"type":"Polygon"},"properties":{"bbox":{"parking":{"area":603.47,"pct":1.49},"roads":{"area":4639.19,"pct":11.43}},"city":{"parking":{"area":603.47,"pct":1.49},"roads":{"area":4149.61,"pct":10.22}},"id":"hex:2616:16694"},"type":"Feature"},{"geometry":{"coordinates":[[[-117.09999,32.66878],[-117.10065,32.66976],[-117.10199,32.66976],[-117.10265,32.66878],[-117.10198,32.6678],[-117.10065,32.66781],[-117.09999,32.66878]]],"type":"Polygon"},"properties":{"bbox":{"parking":{"area":186.55,"pct":0.46},"roads":{"area":6906.32,"pct":17.01},"sidewalks":{"area":60.81,"pct":0.15}},"city":{"parking":{"area":186.55,"pct":0.46},"roads":{"area":6287.93,"pct":15.49},"sidewalks":{"area":60.81,"pct":0.15}},"id":"hex:2616:16695"},"type":"Feature"},{"geometry":{"coordinates":[[[-117.09999,32.67074],[-117.10066,32.67171],[-117.10199,32.67171],[-117.10265,32.67073],[-117.10199,32.66976],[-117.10065,32.66976],[-117.09999,32.67074]]],"type":"Polygon"},"properties":{"bbox":{"parking":{"area":1962.4,"pct":4.83},"roads":{"area":4152.27,"pct":10.23},"sidewalks":{"area":691.21,"pct":1.7}},"city_same":1,"id":"hex:2616:16696"},"type":"Feature"},{"geometry":{"coordinates":[[[-117.09999,32.67269],[-117.10066,32.67366],[-117.10199,32.67366],[-117.10266,32.67269],[-117.10199,32.67171],[-117.10066,32.67171],[-117.09999,32.67269]]],"type":"Polygon"},"properties":{"bbox":{"parking":{"area":635.75,"pct":1.57},"roads":{"area":5133.34,"pct":12.65},"sidewalks":{"area":949.4,"pct":2.34}},"city_same":1,"id":"hex:2616:16697"},"type":"Feature"},{"geometry":{"coordinates":[[[-117.09999,32.67464],[-117.10066,32.67562],[-117.10199,32.67562],[-117.10266,32.67464],[-117.10199,32.67366],[-117.10066,32.67366],[-117.09999,32.67464]]],"type":"Polygon"},"properties":{"bbox":{"roads":{"area":6686.26,"pct":16.47},"sidewalks":{"area":618.16,"pct":1.52}},"city_same":1,"id":"hex:2616:16698"},"type":"Feature"},{"geometry":{"coordinates":[[[-117.09999,32.67659],[-117.10066,32.67757],[-117.102,32.67757],[-117.10266,32.67659],[-117.10199,32.67562],[-117.10066,32.67562],[-117.09999,32.67659]]],"type":"Polygon"},"properties":{"bbox":{"parking":{"area":5920.97,"pct":14.59},"roads":{"area":6890.97,"pct":16.97}},"city":{"parking":{"area":5920.97,"pct":14.59},"roads":{"area":4893.62,"pct":12.05}},"id":"hex:2616:16699"},"type":"Feature"},{"geometry":{"coordinates":[[[-117.1,32.67855],[-117.10066,32.67952],[-117.102,32.67952],[-117.10266,32.67855],[-117.102,32.67757],[-117.10066,32.67757],[-117.1,32.67855]]],"type":"Polygon"},"properties":{"bbox":{"roads":{"area":6432.09,"pct":15.84}},"city":{"roads":{"area":6313.61,"pct":15.55}},"id":"hex:2616:16700"},"type":"Feature"},{"geometry":{"coordinates":[[[-117.1,32.6805],[-117.10067,32.68148],[-117.102,32.68148],[-117.10267,32.6805],[-117.102,32.67952],[-117.10066,32.67952],[-117.1,32.6805]]],"type":"Polygon"},"properties":{"bbox":{"roads":{"area":4426.07,"pct":10.9}},"city_same":1,"id":"hex:2616:16701"},"type":"Feature"},{"geometry":{"coordinates":[[[-117.1,32.68245],[-117.10067,32.68343],[-117.102,32.68343],[-117.10267,32.68245],[-117.102,32.68148],[-117.10067,32.68148],[-117.1,32.68245]]],"type":"Polygon"},"properties":{"bbox":{"parking":{"area":1373.8,"pct":3.38},"roads":{"area":1036.53,"pct":2.55}},"city_same":1,"id":"hex:2616:16702"},"type":"Feature"},{"geometry":{"coordinates":[[[-117.10067,32.68538],[-117.1,32.68441],[-117.10067,32.68343],[-117.102,32.68343],[-117.10267,32.6844],[-117.10244,32.68474],[-117.10202,32.68485],[-117.10187,32.6849],[-117.10155,32.68499],[-117.10143,32.68503],[-117.10149,32.68522],[-117.10155,32.68538],[-117.10067,32.68538]]],"type":"Polygon"},"properties":{"bbox":{"sidewalks":{"area":158.87,"pct":0.43}},"city_same":1,"id":"hex:2616:16703"},"type":"Feature"},{"geometry":{"coordinates":[[[-117.10201,32.68734],[-117.10067,32.68734],[-117.10001,32.68636],[-117.10067,32.68538],[-117.10155,32.68538],[-117.10169,32.68577],[-117.10169,32.6858],[-117.10176,32.68599],[-117.10181,32.68614],[-117.10189,32.68636],[-117.10196,32.68656],[-117.10201,32.6867],[-117.10201,32.68672],[-117.10203,32.68677],[-117.10203,32.68679],[-117.1021,32.68699],[-117.10215,32.68713],[-117.10201,32.68734]]],"type":"Polygon"},"properties":{"bbox":{"parking":{"area":271.53,"pct":0.87}},"city_same":1,"id":"hex:2616:16704"},"type":"Feature"},{"geometry":{"coordinates":[[[-117.10001,32.68831],[-117.10067,32.68734],[-117.10201,32.68734],[-117.1024,32.6879],[-117.10241,32.68799],[-117.10243,32.68808],[-117.10244,32.68818],[-117.10245,32.68827],[-117.10245,32.68829],[-117.10245,32.68834],[-117.10245,32.68836],[-117.10246,32.68845],[-117.10247,32.68856],[-117.10247,32.68861],[-117.10223,32.68897],[-117.10186,32.68896],[-117.1018,32.68896],[-117.10044,32.68894],[-117.10001,32.68831]]],"type":"Polygon"},"properties":{"bbox":{"parking":{"area":619.29,"pct":1.8}},"city_same":1,"id":"hex:2616:16705"},"type":"Feature"},{"geometry":{"coordinates":[[[-117.10058,32.60531],[-117.09992,32.60628],[-117.09858,32.60629],[-117.09811,32.60559],[-117.09811,32.60558],[-117.09803,32.60541],[-117.09793,32.6053],[-117.09805,32.60512],[-117.09821,32.60516],[-117.09846,32.60523],[-117.09952,32.60458],[-117.09991,32.60454],[-117.10005,32.60452],[-117.10058,32.60531]]],"type":"Polygon"},"properties":{"bbox":{"roads":{"area":804.6,"pct":2.54}},"city_same":1,"id":"hex:2617:16662"},"type":"Feature"},{"geometry":{"coordinates":[[[[-117.09792,32.60726],[-117.09806,32.60706],[-117.0983,32.60783],[-117.09792,32.60726]]],[[[-117.09858,32.60629],[-117.09992,32.60628],[-117.10058,32.60726],[-117.09992,32.60824],[-117.09859,32.60824],[-117.09834,32.60746],[-117.09815,32.60692],[-117.09858,32.60629]]]],"type":"MultiPolygon"},"properties":{"bbox":{"roads":{"area":108.72,"pct":0.28}},"city_same":1,"id":"hex:2617:16663"},"type":"Feature"},{"geometry":{"coordinates":[[[[-117.09859,32.61019],[-117.09852,32.61009],[-117.09847,32.60995],[-117.09845,32.60967],[-117.09847,32.60939],[-117.09848,32.609],[-117.09839,32.60863],[-117.09837,32.60856],[-117.09849,32.60838],[-117.0987,32.60904],[-117.09876,32.60933],[-117.09875,32.60971],[-117.09872,32.61019],[-117.09859,32.61019]]],[[[-117.09992,32.60824],[-117.10059,32.60921],[-117.09992,32.61019],[-117.09886,32.61019],[-117.09887,32.60977],[-117.09889,32.60938],[-117.09886,32.60905],[-117.09878,32.60885],[-117.09859,32.60824],[-117.09992,32.60824]]]],"type":"MultiPolygon"},"properties":{"bbox":{"roads":{"area":473.13,"pct":1.41}},"city_same":1,"id":"hex:2617:16664"},"type":"Feature"},{"geometry":{"coordinates":[[[[-117.0983,32.61171],[-117.09838,32.61124],[-117.09843,32.61096],[-117.09846,32.61083],[-117.09855,32.61051],[-117.09856,32.61023],[-117.09859,32.61019],[-117.09872,32.61019],[-117.0987,32.61048],[-117.09851,32.6116],[-117.09842,32.61189],[-117.0983,32.61171]]],[[[-117.09992,32.61019],[-117.10059,32.61117],[-117.09992,32.61214],[-117.09859,32.61214],[-117.09852,32.61204],[-117.09853,32.61197],[-117.09875,32.61106],[-117.09883,32.61058],[-117.09885,32.61042],[-117.09886,32.61023],[-117.09886,32.61019],[-117.09992,32.61019]]]],"type":"MultiPolygon"},"properties":{"bbox":{"roads":{"area":204.17,"pct":0.59}},"city_same":1,"id":"hex:2617:16665"},"type":"Feature"},{"geometry":{"coordinates":[[[[-117.09859,32.61214],[-117.09992,32.61214],[-117.10016,32.61249],[-117.09859,32.61292],[-117.09844,32.61297],[-117.09858,32.61293],[-117.09856,32.6129],[-117.09851,32.61271],[-117.09849,32.61252],[-117.09849,32.61229],[-117.09859,32.61214]]],[[[-117.09836,32.61249],[-117.09838,32.61272],[-117.09843,32.61297],[-117.09844,32.61297],[-117.09828,32.61302],[-117.09802,32.6131],[-117.09805,32.61294],[-117.09836,32.61249]]]],"type":"MultiPolygon"},"properties":{"bbox":{"roads":{"area":748.08,"pct":7.01}},"city_same":1,"id":"hex:2617:16666"},"type":"Feature"},{"geometry":{"coordinates":[[[-117.09996,32.6473],[-117.10063,32.64827],[-117.09996,32.64925],[-117.09863,32.64925],[-117.09796,32.64828],[-117.09839,32.64765],[-117.09844,32.64764],[-117.09891,32.64751],[-117.09945,32.64736],[-117.09951,32.64734],[-117.09966,32.6473],[-117.09996,32.6473]]],"type":"Polygon"},"properties":{"bbox":{"roads":{"area":1126.55,"pct":2.91}},"city_same":1,"id":"hex:2617:16684"},"type":"Feature"},{"geometry":{"coordinates":[[[-117.09797,32.65023],[-117.09863,32.65121],[-117.09997,32.6512],[-117.10063,32.65023],[-117.09996,32.64925],[-117.09863,32.64925],[-117.09797,32.65023]]],"type":"Polygon"},"properties":{"bbox":{"roads":{"area":6076.9,"pct":14.97}},"city":{"roads":{"area":5451.91,"pct":13.43}},"id":"hex:2617:16685"},"type":"Feature"},{"geometry":{"coordinates":[[[-117.09797,32.65218],[-117.09864,32.65316],[-117.09997,32.65316],[-117.10063,32.65218],[-117.09997,32.6512],[-117.09863,32.65121],[-117.09797,32.65218]]],"type":"Polygon"},"properties":{"bbox":{"roads":{"area":3585.29,"pct":8.83}},"city":{"roads":{"area":700.2,"pct":1.72}},"id":"hex:2617:16686"},"type":"Feature"},{"geometry":{"coordinates":[[[-117.09864,32.65316],[-117.09997,32.65316],[-117.10064,32.65413],[-117.09997,32.65511],[-117.09864,32.65511],[-117.09805,32.65426],[-117.09809,32.65425],[-117.09839,32.65417],[-117.09849,32.65414],[-117.09842,32.65395],[-117.09836,32.65379],[-117.0983,32.65365],[-117.09864,32.65316]]],"type":"Polygon"},"properties":{"bbox":{"roads":{"area":7063.11,"pct":18.14},"sidewalks":{"area":861.84,"pct":2.21}},"city":{"roads":{"area":4619.18,"pct":11.86},"sidewalks":{"area":861.84,"pct":2.21}},"id":"hex:2617:16687"},"type":"Feature"},{"geometry":{"coordinates":[[[-117.09797,32.65609],[-117.09864,32.65707],[-117.09997,32.65706],[-117.10064,32.65609],[-117.09997,32.65511],[-117.09864,32.65511],[-117.09797,32.65609]]],"type":"Polygon"},"properties":{"bbox":{"parking":{"area":9325.25,"pct":22.97},"roads":{"area":10680.35,"pct":26.31},"sidewalks":{"area":647.04,"pct":1.59}},"city":{"parking":{"area":9325.25,"pct":22.97},"roads":{"area":7038.12,"pct":17.34},"sidewalks":{"area":647.04,"pct":1.59}},"id":"hex:2617:16688"},"type":"Feature"},{"geometry":{"coordinates":[[[-117.09797,32.65804],[-117.09864,32.65902],[-117.09997,32.65902],[-117.10064,32.65804],[-117.09997,32.65706],[-117.09864,32.65707],[-117.09797,32.65804]]],"type":"Polygon"},"properties":{"bbox":{"parking":{"area":9693.95,"pct":23.88},"roads":{"area":10559.92,"pct":26.01}},"city":{"parking":{"area":9693.95,"pct":23.88},"roads":{"area":6302.11,"pct":15.52}},"id":"hex:2617:16689"},"type":"Feature"},{"geometry":{"coordinates":[[[-117.09798,32.66],[-117.09864,32.66097],[-117.09998,32.66097],[-117.10064,32.65999],[-117.09997,32.65902],[-117.09864,32.65902],[-117.09798,32.66]]],"type":"Polygon"},"properties":{"bbox":{"parking":{"area":2943.8,"pct":7.25},"roads":{"area":6201.1,"pct":15.28}},"city_same":1,"id":"hex:2617:16690"},"type":"Feature"},{"geometry":{"coordinates":[[[-117.09798,32.66195],[-117.09865,32.66292],[-117.09998,32.66292],[-117.10064,32.66195],[-117.09998,32.66097],[-117.09864,32.66097],[-117.09798,32.66195]]],"type":"Polygon"},"properties":{"bbox":{"roads":{"area":6811.33,"pct":16.78},"sidewalks":{"area":225.15,"pct":0.55}},"city":{"roads":{"area":4381.14,"pct":10.79},"sidewalks":{"area":225.15,"pct":0.55}},"id":"hex:2617:16691"},"type":"Feature"},{"geometry":{"coordinates":[[[-117.09798,32.6639],[-117.09865,32.66488],[-117.09998,32.66488],[-117.10065,32.6639],[-117.09998,32.66292],[-117.09865,32.66292],[-117.09798,32.6639]]],"type":"Polygon"},"properties":{"bbox":{"roads":{"area":3703.26,"pct":9.12},"sidewalks":{"area":302.77,"pct":0.75}},"city_same":1,"id":"hex:2617:16692"},"type":"Feature"},{"geometry":{"coordinates":[[[-117.09798,32.66585],[-117.09865,32.66683],[-117.09998,32.66683],[-117.10065,32.66585],[-117.09998,32.66488],[-117.09865,32.66488],[-117.09798,32.66585]]],"type":"Polygon"},"properties":{"bbox":{"roads":{"area":6273.68,"pct":15.45},"sidewalks":{"area":51.85,"pct":0.13}},"city_same":1,"id":"hex:2617:16693"},"type":"Feature"},{"geometry":{"coordinates":[[[-117.09799,32.66781],[-117.09865,32.66878],[-117.09999,32.66878],[-117.10065,32.66781],[-117.09998,32.66683],[-117.09865,32.66683],[-117.09799,32.66781]]],"type":"Polygon"},"properties":{"bbox":{"parking":{"area":179.33,"pct":0.44},"roads":{"area":5943.96,"pct":14.64}},"city":{"parking":{"area":179.33,"pct":0.44},"roads":{"area":4678.05,"pct":11.52}},"id":"hex:2617:16694"},"type":"Feature"},{"geometry":{"coordinates":[[[-117.09799,32.66976],[-117.09865,32.67074],[-117.09999,32.67074],[-117.10065,32.66976],[-117.09999,32.66878],[-117.09865,32.66878],[-117.09799,32.66976]]],"type":"Polygon"},"properties":{"bbox":{"parking":{"area":783.48,"pct":1.93},"roads":{"area":5101.55,"pct":12.57},"sidewalks":{"area":85.18,"pct":0.21}},"city_same":1,"id":"hex:2617:16695"},"type":"Feature"},{"geometry":{"coordinates":[[[-117.09799,32.67171],[-117.09866,32.67269],[-117.09999,32.67269],[-117.10066,32.67171],[-117.09999,32.67074],[-117.09865,32.67074],[-117.09799,32.67171]]],"type":"Polygon"},"properties":{"bbox":{"roads":{"area":5250.75,"pct":12.93}},"city_same":1,"id":"hex:2617:16696"},"type":"Feature"},{"geometry":{"coordinates":[[[-117.09799,32.67367],[-117.09866,32.67464],[-117.09999,32.67464],[-117.10066,32.67366],[-117.09999,32.67269],[-117.09866,32.67269],[-117.09799,32.67367]]],"type":"Polygon"},"properties":{"bbox":{"parking":{"area":9312.88,"pct":22.94},"roads":{"area":6034.87,"pct":14.87},"sidewalks":{"area":326.97,"pct":0.81}},"city_same":1,"id":"hex:2617:16697"},"type":"Feature"},{"geometry":{"coordinates":[[[-117.09799,32.67562],[-117.09866,32.6766],[-117.09999,32.67659],[-117.10066,32.67562],[-117.09999,32.67464],[-117.09866,32.67464],[-117.09799,32.67562]]],"type":"Polygon"},"properties":{"bbox":{"parking":{"area":2874.96,"pct":7.08},"roads":{"area":4300.04,"pct":10.59}},"city_same":1,"id":"hex:2617:16698"},"type":"Feature"},{"geometry":{"coordinates":[[[-117.098,32.67757],[-117.09866,32.67855],[-117.1,32.67855],[-117.10066,32.67757],[-117.09999,32.67659],[-117.09866,32.6766],[-117.098,32.67757]]],"type":"Polygon"},"properties":{"bbox":{"parking":{"area":4980.07,"pct":12.27},"roads":{"area":9130.99,"pct":22.49}},"city":{"parking":{"area":4980.07,"pct":12.27},"roads":{"area":6501.58,"pct":16.02}},"id":"hex:2617:16699"},"type":"Feature"},{"geometry":{"coordinates":[[[-117.098,32.67953],[-117.09867,32.6805],[-117.1,32.6805],[-117.10066,32.67952],[-117.1,32.67855],[-117.09866,32.67855],[-117.098,32.67953]]],"type":"Polygon"},"properties":{"bbox":{"roads":{"area":5858.52,"pct":14.43}},"city_same":1,"id":"hex:2617:16700"},"type":"Feature"},{"geometry":{"coordinates":[[[-117.098,32.68148],[-117.09867,32.68246],[-117.1,32.68245],[-117.10067,32.68148],[-117.1,32.6805],[-117.09867,32.6805],[-117.098,32.68148]]],"type":"Polygon"},"properties":{"bbox":{"parking":{"area":2365.07,"pct":5.83},"roads":{"area":2131.23,"pct":5.25}},"city_same":1,"id":"hex:2617:16701"},"type":"Feature"},{"geometry":{"coordinates":[[[-117.098,32.68343],[-117.09867,32.68441],[-117.1,32.68441],[-117.10067,32.68343],[-117.1,32.68245],[-117.09867,32.68246],[-117.098,32.68343]]],"type":"Polygon"},"properties":{"bbox":{"parking":{"area":8168.09,"pct":20.12}},"city_same":1,"id":"hex:2617:16702"},"type":"Feature"},{"geometry":{"coordinates":[[[-117.09801,32.68734],[-117.09867,32.68831],[-117.10001,32.68831],[-117.10067,32.68734],[-117.10001,32.68636],[-117.09867,32.68636],[-117.09801,32.68734]]],"type":"Polygon"},"properties":{"bbox":{"parking":{"area":7654.54,"pct":18.86}},"city_same":1,"id":"hex:2617:16704"},"type":"Feature"},{"geometry":{"coordinates":[[[-117.09867,32.68831],[-117.10001,32.68831],[-117.10044,32.68894],[-117.0999,32.68894],[-117.09982,32.68894],[-117.09919,32.68895],[-117.09916,32.68895],[-117.09894,32.68895],[-117.09862,32.68895],[-117.09828,32.68895],[-117.09824,32.68895],[-117.09867,32.68831]]],"type":"Polygon"},"properties":{"bbox":{"parking":{"area":757.38,"pct":6.53}},"city_same":1,"id":"hex:2617:16705"},"type":"Feature"},{"geometry":{"coordinates":[[[[-117.09792,32.60726],[-117.09786,32.60726],[-117.09778,32.60685],[-117.09779,32.60665],[-117.09781,32.60637],[-117.09787,32.606],[-117.09783,32.60578],[-117.09784,32.60531],[-117.09784,32.60532],[-117.09789,32.60535],[-117.098,32.60549],[-117.09804,32.60563],[-117.09802,32.60589],[-117.09803,32.60625],[-117.098,32.60688],[-117.09806,32.60706],[-117.09792,32.60726]]],[[[-117.09858,32.60629],[-117.09815,32.60692],[-117.09814,32.60687],[-117.09809,32.60664],[-117.09811,32.6064],[-117.09812,32.6059],[-117.09811,32.60559],[-117.09858,32.60629]]],[[[-117.09784,32.60531],[-117.09784,32.60531],[-117.09784,32.60531],[-117.09784,32.60531]]]],"type":"MultiPolygon"},"properties":{"bbox":{"roads":{"area":210.32,"pct":2.95}},"city_same":1,"id":"hex:2618:16663"},"type":"Feature"},{"geometry":{"coordinates":[[[[-117.09805,32.61294],[-117.09813,32.61253],[-117.09819,32.61205],[-117.09821,32.61201],[-117.09826,32.61193],[-117.0983,32.61171],[-117.09842,32.61189],[-117.09838,32.61203],[-117.09834,32.61237],[-117.09836,32.61249],[-117.09805,32.61294]]],[[[-117.09859,32.61214],[-117.09849,32.61229],[-117.09849,32.61226],[-117.09852,32.61204],[-117.09859,32.61214]]]],"type":"MultiPolygon"},"properties":{"bbox":{"roads":{"area":113.01,"pct":5.91},"sidewalks":{"area":0.14,"pct":0.01}},"city_same":1,"id":"hex:2618:16666"},"type":"Feature"},{"geometry":{"coordinates":[[[-117.09663,32.64828],[-117.09796,32.64828],[-117.09863,32.64925],[-117.09797,32.65023],[-117.09698,32.65023],[-117.09696,32.65016],[-117.09681,32.64979],[-117.09676,32.64967],[-117.09669,32.6495],[-117.09665,32.64939],[-117.09637,32.64867],[-117.09663,32.64828]]],"type":"Polygon"},"properties":{"bbox":{"roads":{"area":1286.34,"pct":3.82}},"city_same":1,"id":"hex:2618:16685"},"type":"Feature"},{"geometry":{"coordinates":[[[-117.09797,32.65023],[-117.09863,32.65121],[-117.09797,32.65218],[-117.09774,32.65218],[-117.09774,32.65218],[-117.09771,32.65212],[-117.09764,32.65192],[-117.09763,32.65189],[-117.09761,32.65186],[-117.09758,32.65178],[-117.09754,32.65168],[-117.09749,32.65154],[-117.09734,32.65116],[-117.09727,32.65097],[-117.09713,32.6506],[-117.097,32.65028],[-117.09698,32.65023],[-117.09797,32.65023]]],"type":"Polygon"},"properties":{"bbox":{"roads":{"area":2188.59,"pct":11.47},"sidewalks":{"area":281.42,"pct":1.47}},"city":{"roads":{"area":487.55,"pct":2.55},"sidewalks":{"area":281.42,"pct":1.47}},"id":"hex:2618:16686"},"type":"Feature"},{"geometry":{"coordinates":[[[-117.09797,32.65218],[-117.09864,32.65316],[-117.0983,32.65365],[-117.09821,32.6534],[-117.09817,32.65332],[-117.09813,32.65321],[-117.09809,32.65309],[-117.09795,32.65273],[-117.0979,32.65261],[-117.09787,32.65252],[-117.09777,32.65226],[-117.09774,32.65218],[-117.09797,32.65218]]],"type":"Polygon"},"properties":{"bbox":{"roads":{"area":1035.04,"pct":20.14},"sidewalks":{"area":239.57,"pct":4.66}},"city":{"sidewalks":{"area":239.57,"pct":4.66}},"id":"hex:2618:16687"},"type":"Feature"},{"geometry":{"coordinates":[[[-117.09864,32.65511],[-117.09797,32.65609],[-117.09664,32.65609],[-117.09642,32.65577],[-117.09671,32.65569],[-117.09644,32.65498],[-117.09637,32.65482],[-117.09637,32.65478],[-117.09638,32.65474],[-117.0964,32.65471],[-117.09644,32.65469],[-117.09707,32.65452],[-117.09799,32.65427],[-117.09805,32.65426],[-117.09864,32.65511]]],"type":"Polygon"},"properties":{"bbox":{"parking":{"area":1831.54,"pct":5.9},"roads":{"area":5516.45,"pct":17.79}},"city_same":1,"id":"hex:2618:16688"},"type":"Feature"},{"geometry":{"coordinates":[[[-117.09597,32.65707],[-117.09664,32.65804],[-117.09797,32.65804],[-117.09864,32.65707],[-117.09797,32.65609],[-117.09664,32.65609],[-117.09597,32.65707]]],"type":"Polygon"},"properties":{"bbox":{"parking":{"area":2387.96,"pct":5.88},"roads":{"area":5002.11,"pct":12.32}},"city":{"parking":{"area":2387.96,"pct":5.88},"roads":{"area":2037.07,"pct":5.02}},"id":"hex:2618:16689"},"type":"Feature"},{"geometry":{"coordinates":[[[-117.09598,32.65902],[-117.09664,32.66],[-117.09798,32.66],[-117.09864,32.65902],[-117.09797,32.65804],[-117.09664,32.65804],[-117.09598,32.65902]]],"type":"Polygon"},"properties":{"bbox":{"parking":{"area":1853.07,"pct":4.56},"roads":{"area":736.09,"pct":1.81}},"city_same":1,"id":"hex:2618:16690"},"type":"Feature"},{"geometry":{"coordinates":[[[-117.09598,32.66097],[-117.09665,32.66195],[-117.09798,32.66195],[-117.09864,32.66097],[-117.09798,32.66],[-117.09664,32.66],[-117.09598,32.66097]]],"type":"Polygon"},"properties":{"bbox":{"roads":{"area":3338.96,"pct":8.23}},"city_same":1,"id":"hex:2618:16691"},"type":"Feature"},{"geometry":{"coordinates":[[[-117.09598,32.66293],[-117.09665,32.6639],[-117.09798,32.6639],[-117.09865,32.66292],[-117.09798,32.66195],[-117.09665,32.66195],[-117.09598,32.66293]]],"type":"Polygon"},"properties":{"bbox":{"roads":{"area":2902.95,"pct":7.15},"sidewalks":{"area":510.17,"pct":1.26}},"city":{"roads":{"area":1785.66,"pct":4.4},"sidewalks":{"area":510.17,"pct":1.26}},"id":"hex:2618:16692"},"type":"Feature"},{"geometry":{"coordinates":[[[-117.09598,32.66488],[-117.09665,32.66586],[-117.09798,32.66585],[-117.09865,32.66488],[-117.09798,32.6639],[-117.09665,32.6639],[-117.09598,32.66488]]],"type":"Polygon"},"properties":{"bbox":{"parking":{"area":936.5,"pct":2.31},"roads":{"area":3232.94,"pct":7.96},"sidewalks":{"area":490.33,"pct":1.21}},"city_same":1,"id":"hex:2618:16693"},"type":"Feature"},{"geometry":{"coordinates":[[[-117.09598,32.66683],[-117.09665,32.66781],[-117.09799,32.66781],[-117.09865,32.66683],[-117.09798,32.66585],[-117.09665,32.66586],[-117.09598,32.66683]]],"type":"Polygon"},"properties":{"bbox":{"parking":{"area":294.78,"pct":0.73},"roads":{"area":3125.57,"pct":7.7}},"city_same":1,"id":"hex:2618:16694"},"type":"Feature"},{"geometry":{"coordinates":[[[-117.09599,32.66879],[-117.09665,32.66976],[-117.09799,32.66976],[-117.09865,32.66878],[-117.09799,32.66781],[-117.09665,32.66781],[-117.09599,32.66879]]],"type":"Polygon"},"properties":{"bbox":{"parking":{"area":309.8,"pct":0.76},"roads":{"area":2123.24,"pct":5.23}},"city":{"parking":{"area":309.8,"pct":0.76},"roads":{"area":519.37,"pct":1.28}},"id":"hex:2618:16695"},"type":"Feature"},{"geometry":{"coordinates":[[[-117.09599,32.67074],[-117.09666,32.67171],[-117.09799,32.67171],[-117.09865,32.67074],[-117.09799,32.66976],[-117.09665,32.66976],[-117.09599,32.67074]]],"type":"Polygon"},"properties":{"bbox":{"parking":{"area":3802.94,"pct":9.37},"roads":{"area":3762.21,"pct":9.27}},"city_same":1,"id":"hex:2618:16696"},"type":"Feature"},{"geometry":{"coordinates":[[[-117.09599,32.67269],[-117.09666,32.67367],[-117.09799,32.67367],[-117.09866,32.67269],[-117.09799,32.67171],[-117.09666,32.67171],[-117.09599,32.67269]]],"type":"Polygon"},"properties":{"bbox":{"parking":{"area":776.73,"pct":1.91},"roads":{"area":3020.82,"pct":7.44}},"city_same":1,"id":"hex:2618:16697"},"type":"Feature"},{"geometry":{"coordinates":[[[-117.09599,32.67464],[-117.09666,32.67562],[-117.09799,32.67562],[-117.09866,32.67464],[-117.09799,32.67367],[-117.09666,32.67367],[-117.09599,32.67464]]],"type":"Polygon"},"properties":{"bbox":{"parking":{"area":22118.98,"pct":54.49},"roads":{"area":3952.71,"pct":9.74}},"city_same":1,"id":"hex:2618:16698"},"type":"Feature"},{"geometry":{"coordinates":[[[-117.09599,32.6766],[-117.09666,32.67757],[-117.098,32.67757],[-117.09866,32.6766],[-117.09799,32.67562],[-117.09666,32.67562],[-117.09599,32.6766]]],"type":"Polygon"},"properties":{"bbox":{"parking":{"area":7913.91,"pct":19.49},"roads":{"area":5615.81,"pct":13.83}},"city_same":1,"id":"hex:2618:16699"},"type":"Feature"},{"geometry":{"coordinates":[[[-117.096,32.67855],[-117.09666,32.67953],[-117.098,32.67953],[-117.09866,32.67855],[-117.098,32.67757],[-117.09666,32.67757],[-117.096,32.67855]]],"type":"Polygon"},"properties":{"bbox":{"parking":{"area":752.86,"pct":1.85},"roads":{"area":5971.63,"pct":14.71}},"city":{"parking":{"area":752.86,"pct":1.85},"roads":{"area":2795.18,"pct":6.89}},"id":"hex:2618:16700"},"type":"Feature"},{"geometry":{"coordinates":[[[-117.096,32.6805],[-117.09667,32.68148],[-117.098,32.68148],[-117.09867,32.6805],[-117.098,32.67953],[-117.09666,32.67953],[-117.096,32.6805]]],"type":"Polygon"},"properties":{"bbox":{"roads":{"area":3334.14,"pct":8.21}},"city_same":1,"id":"hex:2618:16701"},"type":"Feature"},{"geometry":{"coordinates":[[[-117.096,32.68246],[-117.09667,32.68343],[-117.098,32.68343],[-117.09867,32.68246],[-117.098,32.68148],[-117.09667,32.68148],[-117.096,32.68246]]],"type":"Polygon"},"properties":{"bbox":{"roads":{"area":424.6,"pct":1.05}},"city_same":1,"id":"hex:2618:16702"},"type":"Feature"},{"geometry":{"coordinates":[[[-117.09601,32.68636],[-117.09667,32.68734],[-117.09801,32.68734],[-117.09867,32.68636],[-117.098,32.68539],[-117.09667,32.68539],[-117.09601,32.68636]]],"type":"Polygon"},"properties":{"bbox":{"parking":{"area":48.95,"pct":0.12}},"city_same":1,"id":"hex:2618:16704"},"type":"Feature"},{"geometry":{"coordinates":[[[-117.09601,32.68832],[-117.09667,32.68734],[-117.09801,32.68734],[-117.09867,32.68831],[-117.09824,32.68895],[-117.09816,32.68895],[-117.09815,32.6884],[-117.09661,32.6884],[-117.09606,32.68839],[-117.09601,32.68832]]],"type":"Polygon"},"properties":{"bbox":{"parking":{"area":23.69,"pct":0.1}},"city_same":1,"id":"hex:2618:16705"},"type":"Feature"},{"geometry":{"coordinates":[[[-117.09664,32.65609],[-117.09597,32.65707],[-117.09464,32.65707],[-117.09397,32.65609],[-117.09442,32.65543],[-117.09464,32.656],[-117.09474,32.65624],[-117.09488,32.6562],[-117.09565,32.65598],[-117.09642,32.65577],[-117.09664,32.65609]]],"type":"Polygon"},"properties":{"bbox":{"parking":{"area":8715.78,"pct":35.53}},"city_same":1,"id":"hex:2619:16688"},"type":"Feature"},{"geometry":{"coordinates":[[[-117.09398,32.65805],[-117.09464,32.65902],[-117.09598,32.65902],[-117.09664,32.65804],[-117.09597,32.65707],[-117.09464,32.65707],[-117.09398,32.65805]]],"type":"Polygon"},"properties":{"bbox":{"roads":{"area":1029.46,"pct":2.54}},"id":"hex:2619:16689"},"type":"Feature"},{"geometry":{"coordinates":[[[-117.09398,32.66195],[-117.09465,32.66293],[-117.09598,32.66293],[-117.09665,32.66195],[-117.09598,32.66097],[-117.09464,32.66097],[-117.09398,32.66195]]],"type":"Polygon"},"properties":{"bbox":{"parking":{"area":725,"pct":1.79},"roads":{"area":1220.29,"pct":3.01}},"city_same":1,"id":"hex:2619:16691"},"type":"Feature"},{"geometry":{"coordinates":[[[-117.09398,32.6639],[-117.09465,32.66488],[-117.09598,32.66488],[-117.09665,32.6639],[-117.09598,32.66293],[-117.09465,32.66293],[-117.09398,32.6639]]],"type":"Polygon"},"properties":{"bbox":{"parking":{"area":3227.46,"pct":7.95},"sidewalks":{"area":132.12,"pct":0.33}},"city_same":1,"id":"hex:2619:16692"},"type":"Feature"},{"geometry":{"coordinates":[[[-117.09398,32.66586],[-117.09465,32.66683],[-117.09598,32.66683],[-117.09665,32.66586],[-117.09598,32.66488],[-117.09465,32.66488],[-117.09398,32.66586]]],"type":"Polygon"},"properties":{"bbox":{"parking":{"area":2649.16,"pct":6.53},"roads":{"area":83.05,"pct":0.2}},"city_same":1,"id":"hex:2619:16693"},"type":"Feature"},{"geometry":{"coordinates":[[[-117.09399,32.66781],[-117.09465,32.66879],[-117.09599,32.66879],[-117.09665,32.66781],[-117.09598,32.66683],[-117.09465,32.66683],[-117.09399,32.66781]]],"type":"Polygon"},"properties":{"bbox":{"parking":{"area":4302.23,"pct":10.6}},"city_same":1,"id":"hex:2619:16694"},"type":"Feature"},{"geometry":{"coordinates":[[[-117.09399,32.66976],[-117.09466,32.67074],[-117.09599,32.67074],[-117.09665,32.66976],[-117.09599,32.66879],[-117.09465,32.66879],[-117.09399,32.66976]]],"type":"Polygon"},"properties":{"bbox":{"parking":{"area":4892.02,"pct":12.05},"roads":{"area":457.42,"pct":1.13}},"city":{"parking":{"area":4892.02,"pct":12.05}},"id":"hex:2619:16695"},"type":"Feature"},{"geometry":{"coordinates":[[[-117.09399,32.67172],[-117.09466,32.67269],[-117.09599,32.67269],[-117.09666,32.67171],[-117.09599,32.67074],[-117.09466,32.67074],[-117.09399,32.67172]]],"type":"Polygon"},"properties":{"bbox":{"parking":{"area":3053.65,"pct":7.52}},"city_same":1,"id":"hex:2619:16696"},"type":"Feature"},{"geometry":{"coordinates":[[[-117.09399,32.67562],[-117.09466,32.6766],[-117.09599,32.6766],[-117.09666,32.67562],[-117.09599,32.67464],[-117.09466,32.67465],[-117.09399,32.67562]]],"type":"Polygon"},"properties":{"bbox":{"parking":{"area":8622.63,"pct":21.24}},"city_same":1,"id":"hex:2619:16698"},"type":"Feature"},{"geometry":{"coordinates":[[[-117.094,32.67758],[-117.09466,32.67855],[-117.096,32.67855],[-117.09666,32.67757],[-117.09599,32.6766],[-117.09466,32.6766],[-117.094,32.67758]]],"type":"Polygon"},"properties":{"bbox":{"parking":{"area":7238.44,"pct":17.83}},"city_same":1,"id":"hex:2619:16699"},"type":"Feature"},{"geometry":{"coordinates":[[[-117.094,32.67953],[-117.09467,32.68051],[-117.096,32.6805],[-117.09666,32.67953],[-117.096,32.67855],[-117.09466,32.67855],[-117.094,32.67953]]],"type":"Polygon"},"properties":{"bbox":{"parking":{"area":1011.08,"pct":2.49},"roads":{"area":1418.75,"pct":3.49}},"city":{"parking":{"area":1011.08,"pct":2.49},"roads":{"area":1120,"pct":2.76}},"id":"hex:2619:16700"},"type":"Feature"},{"geometry":{"coordinates":[[[-117.094,32.68148],[-117.09467,32.68246],[-117.096,32.68246],[-117.09667,32.68148],[-117.096,32.6805],[-117.09467,32.68051],[-117.094,32.68148]]],"type":"Polygon"},"properties":{"bbox":{"roads":{"area":2182.39,"pct":5.38}},"city_same":1,"id":"hex:2619:16701"},"type":"Feature"},{"geometry":{"coordinates":[[[-117.094,32.68344],[-117.09467,32.68441],[-117.096,32.68441],[-117.09667,32.68343],[-117.096,32.68246],[-117.09467,32.68246],[-117.094,32.68344]]],"type":"Polygon"},"properties":{"bbox":{"parking":{"area":735.54,"pct":1.81}},"city_same":1,"id":"hex:2619:16702"},"type":"Feature"},{"geometry":{"coordinates":[[[-117.09401,32.68734],[-117.09467,32.68832],[-117.09601,32.68832],[-117.09667,32.68734],[-117.09601,32.68636],[-117.09467,32.68636],[-117.09401,32.68734]]],"type":"Polygon"},"properties":{"bbox":{"sidewalks":{"area":92.65,"pct":0.23}},"city_same":1,"id":"hex:2619:16704"},"type":"Feature"},{"geometry":{"coordinates":[[[-117.09264,32.65414],[-117.09197,32.65316],[-117.09264,32.65219],[-117.093,32.65219],[-117.09313,32.65254],[-117.09315,32.65261],[-117.09308,32.65263],[-117.09303,32.65264],[-117.093,32.65267],[-117.09293,32.6527],[-117.09286,32.65278],[-117.09277,32.65286],[-117.09272,32.65294],[-117.0927,32.65297],[-117.0927,32.65305],[-117.09271,32.65311],[-117.09344,32.65289],[-117.09351,32.65307],[-117.09358,32.65325],[-117.09366,32.65345],[-117.09389,32.65406],[-117.09392,32.65414],[-117.09264,32.65414]]],"type":"Polygon"},"properties":{"bbox":{"roads":{"area":443.86,"pct":2}},"city_same":1,"id":"hex:2620:16687"},"type":"Feature"},{"geometry":{"coordinates":[[[-117.09397,32.65609],[-117.09264,32.65609],[-117.09197,32.65512],[-117.09264,32.65414],[-117.09392,32.65414],[-117.09405,32.65449],[-117.09426,32.65502],[-117.09436,32.65527],[-117.09442,32.65543],[-117.09397,32.65609]]],"type":"Polygon"},"properties":{"bbox":{"parking":{"area":19733.24,"pct":51.9}},"city_same":1,"id":"hex:2620:16688"},"type":"Feature"},{"geometry":{"coordinates":[[[-117.09197,32.65707],[-117.09264,32.65805],[-117.09398,32.65805],[-117.09464,32.65707],[-117.09397,32.65609],[-117.09264,32.65609],[-117.09197,32.65707]]],"type":"Polygon"},"properties":{"bbox":{"parking":{"area":13035.6,"pct":32.11}},"city_same":1,"id":"hex:2620:16689"},"type":"Feature"},{"geometry":{"coordinates":[[[-117.09198,32.65902],[-117.09264,32.66],[-117.09398,32.66],[-117.09464,32.65902],[-117.09398,32.65805],[-117.09264,32.65805],[-117.09198,32.65902]]],"type":"Polygon"},"properties":{"bbox":{"parking":{"area":1096.54,"pct":2.7}},"city_same":1,"id":"hex:2620:16690"},"type":"Feature"},{"geometry":{"coordinates":[[[-117.09198,32.66098],[-117.09265,32.66195],[-117.09398,32.66195],[-117.09464,32.66097],[-117.09398,32.66],[-117.09264,32.66],[-117.09198,32.66098]]],"type":"Polygon"},"properties":{"bbox":{"parking":{"area":11093.93,"pct":27.33}},"city_same":1,"id":"hex:2620:16691"},"type":"Feature"},{"geometry":{"coordinates":[[[-117.09198,32.66293],[-117.09265,32.66391],[-117.09398,32.6639],[-117.09465,32.66293],[-117.09398,32.66195],[-117.09265,32.66195],[-117.09198,32.66293]]],"type":"Polygon"},"properties":{"bbox":{"parking":{"area":2476.02,"pct":6.1}},"city_same":1,"id":"hex:2620:16692"},"type":"Feature"},{"geometry":{"coordinates":[[[-117.09198,32.66488],[-117.09265,32.66586],[-117.09398,32.66586],[-117.09465,32.66488],[-117.09398,32.6639],[-117.09265,32.66391],[-117.09198,32.66488]]],"type":"Polygon"},"properties":{"bbox":{"parking":{"area":3541.69,"pct":8.72}},"city_same":1,"id":"hex:2620:16693"},"type":"Feature"},{"geometry":{"coordinates":[[[-117.09198,32.66684],[-117.09265,32.66781],[-117.09399,32.66781],[-117.09465,32.66683],[-117.09398,32.66586],[-117.09265,32.66586],[-117.09198,32.66684]]],"type":"Polygon"},"properties":{"bbox":{"parking":{"area":608.38,"pct":1.5}},"city_same":1,"id":"hex:2620:16694"},"type":"Feature"},{"geometry":{"coordinates":[[[-117.09199,32.66879],[-117.09265,32.66976],[-117.09399,32.66976],[-117.09465,32.66879],[-117.09399,32.66781],[-117.09265,32.66781],[-117.09199,32.66879]]],"type":"Polygon"},"properties":{"bbox":{"parking":{"area":130.86,"pct":0.32}},"city_same":1,"id":"hex:2620:16695"},"type":"Feature"},{"geometry":{"coordinates":[[[-117.09199,32.67074],[-117.09266,32.67172],[-117.09399,32.67172],[-117.09466,32.67074],[-117.09399,32.66976],[-117.09265,32.66976],[-117.09199,32.67074]]],"type":"Polygon"},"properties":{"bbox":{"parking":{"area":694.71,"pct":1.71}},"city_same":1,"id":"hex:2620:16696"},"type":"Feature"},{"geometry":{"coordinates":[[[-117.09199,32.67465],[-117.09266,32.67562],[-117.09399,32.67562],[-117.09466,32.67465],[-117.09399,32.67367],[-117.09266,32.67367],[-117.09199,32.67465]]],"type":"Polygon"},"properties":{"bbox":{"parking":{"area":2044.74,"pct":5.04}},"city_same":1,"id":"hex:2620:16698"},"type":"Feature"},{"geometry":{"coordinates":[[[-117.09199,32.6766],[-117.09266,32.67758],[-117.094,32.67758],[-117.09466,32.6766],[-117.09399,32.67562],[-117.09266,32.67562],[-117.09199,32.6766]]],"type":"Polygon"},"properties":{"bbox":{"parking":{"area":13600.81,"pct":33.5}},"city_same":1,"id":"hex:2620:16699"},"type":"Feature"},{"geometry":{"coordinates":[[[-117.092,32.68051],[-117.09267,32.68148],[-117.094,32.68148],[-117.09467,32.68051],[-117.094,32.67953],[-117.09266,32.67953],[-117.092,32.68051]]],"type":"Polygon"},"properties":{"bbox":{"roads":{"area":287.93,"pct":0.71}},"city_same":1,"id":"hex:2620:16701"},"type":"Feature"},{"geometry":{"coordinates":[[[-117.092,32.68246],[-117.09267,32.68344],[-117.094,32.68344],[-117.09467,32.68246],[-117.094,32.68148],[-117.09267,32.68148],[-117.092,32.68246]]],"type":"Polygon"},"properties":{"bbox":{"roads":{"area":907.75,"pct":2.24}},"city_same":1,"id":"hex:2620:16702"},"type":"Feature"},{"geometry":{"coordinates":[[[-117.09267,32.6893],[-117.09201,32.68832],[-117.09267,32.68734],[-117.09401,32.68734],[-117.09467,32.68832],[-117.09423,32.68898],[-117.0942,32.68898],[-117.09414,32.68898],[-117.09408,32.68898],[-117.09405,32.68898],[-117.09378,32.68898],[-117.09375,32.68899],[-117.09375,32.68901],[-117.09375,32.68922],[-117.09375,32.68924],[-117.09376,32.68929],[-117.09267,32.6893]]],"type":"Polygon"},"properties":{"bbox":{"sidewalks":{"area":84.51,"pct":0.21}},"city_same":1,"id":"hex:2620:16705"},"type":"Feature"},{"geometry":{"coordinates":[[[-117.09268,32.69125],[-117.09201,32.69027],[-117.09267,32.6893],[-117.09376,32.68929],[-117.09376,32.68945],[-117.09377,32.69043],[-117.09377,32.69053],[-117.09378,32.69094],[-117.09378,32.69125],[-117.09268,32.69125]]],"type":"Polygon"},"properties":{"bbox":{"sidewalks":{"area":19.07,"pct":0.07}},"city_same":1,"id":"hex:2620:16706"},"type":"Feature"},{"geometry":{"coordinates":[[[-117.09264,32.65219],[-117.09197,32.65316],[-117.09064,32.65317],[-117.09009,32.65236],[-117.09018,32.65233],[-117.09152,32.65193],[-117.09195,32.65182],[-117.09232,32.65173],[-117.09264,32.65219]]],"type":"Polygon"},"properties":{"bbox":{"parking":{"area":12607.67,"pct":51.37}},"city_same":1,"id":"hex:2621:16686"},"type":"Feature"},{"geometry":{"coordinates":[[[-117.08997,32.65414],[-117.09064,32.65512],[-117.09197,32.65512],[-117.09264,32.65414],[-117.09197,32.65316],[-117.09064,32.65317],[-117.08997,32.65414]]],"type":"Polygon"},"properties":{"bbox":{"parking":{"area":871.85,"pct":2.15},"roads":{"area":759.39,"pct":1.87}},"city_same":1,"id":"hex:2621:16687"},"type":"Feature"},{"geometry":{"coordinates":[[[-117.09064,32.65512],[-117.09197,32.65512],[-117.09264,32.65609],[-117.09197,32.65707],[-117.09064,32.65707],[-117.0904,32.65672],[-117.09039,32.6567],[-117.09031,32.6565],[-117.09024,32.65631],[-117.09015,32.6561],[-117.0901,32.65595],[-117.09009,32.65593],[-117.09064,32.65512]]],"type":"Polygon"},"properties":{"bbox":{"parking":{"area":350.76,"pct":0.88}},"city_same":1,"id":"hex:2621:16688"},"type":"Feature"},{"geometry":{"coordinates":[[[-117.09064,32.65707],[-117.09197,32.65707],[-117.09264,32.65805],[-117.09198,32.65902],[-117.09064,32.65902],[-117.08998,32.65805],[-117.09033,32.65753],[-117.09067,32.65742],[-117.09066,32.65739],[-117.09063,32.65731],[-117.09062,32.65729],[-117.09061,32.65726],[-117.09058,32.65719],[-117.09058,32.65717],[-117.09064,32.65707]]],"type":"Polygon"},"properties":{"bbox":{"parking":{"area":1227.6,"pct":3.06}},"city_same":1,"id":"hex:2621:16689"},"type":"Feature"},{"geometry":{"coordinates":[[[-117.08998,32.66],[-117.09065,32.66098],[-117.09198,32.66098],[-117.09264,32.66],[-117.09198,32.65902],[-117.09064,32.65902],[-117.08998,32.66]]],"type":"Polygon"},"properties":{"bbox":{"parking":{"area":340.88,"pct":0.84}},"city_same":1,"id":"hex:2621:16690"},"type":"Feature"},{"geometry":{"coordinates":[[[-117.08999,32.66781],[-117.09065,32.66879],[-117.09199,32.66879],[-117.09265,32.66781],[-117.09198,32.66684],[-117.09065,32.66684],[-117.08999,32.66781]]],"type":"Polygon"},"properties":{"bbox":{"parking":{"area":78.02,"pct":0.19}},"city_same":1,"id":"hex:2621:16694"},"type":"Feature"},{"geometry":{"coordinates":[[[-117.08999,32.66977],[-117.09066,32.67074],[-117.09199,32.67074],[-117.09265,32.66976],[-117.09199,32.66879],[-117.09065,32.66879],[-117.08999,32.66977]]],"type":"Polygon"},"properties":{"bbox":{"parking":{"area":1243.94,"pct":3.06}},"city_same":1,"id":"hex:2621:16695"},"type":"Feature"},{"geometry":{"coordinates":[[[-117.08999,32.67563],[-117.09066,32.6766],[-117.09199,32.6766],[-117.09266,32.67562],[-117.09199,32.67465],[-117.09066,32.67465],[-117.08999,32.67563]]],"type":"Polygon"},"properties":{"bbox":{"parking":{"area":11177.17,"pct":27.53}},"city_same":1,"id":"hex:2621:16698"},"type":"Feature"},{"geometry":{"coordinates":[[[-117.09,32.67758],[-117.09066,32.67855],[-117.092,32.67855],[-117.09266,32.67758],[-117.09199,32.6766],[-117.09066,32.6766],[-117.09,32.67758]]],"type":"Polygon"},"properties":{"bbox":{"parking":{"area":2074.34,"pct":5.11}},"city_same":1,"id":"hex:2621:16699"},"type":"Feature"},{"geometry":{"coordinates":[[[-117.09,32.67953],[-117.09067,32.68051],[-117.092,32.68051],[-117.09266,32.67953],[-117.092,32.67855],[-117.09066,32.67855],[-117.09,32.67953]]],"type":"Polygon"},"properties":{"bbox":{"parking":{"area":3632.4,"pct":8.95},"sidewalks":{"area":198.85,"pct":0.49}},"city_same":1,"id":"hex:2621:16700"},"type":"Feature"},{"geometry":{"coordinates":[[[-117.09,32.68149],[-117.09067,32.68246],[-117.092,32.68246],[-117.09267,32.68148],[-117.092,32.68051],[-117.09067,32.68051],[-117.09,32.68149]]],"type":"Polygon"},"properties":{"bbox":{"roads":{"area":888.8,"pct":2.19}},"city_same":1,"id":"hex:2621:16701"},"type":"Feature"},{"geometry":{"coordinates":[[[-117.09001,32.68734],[-117.09067,32.68832],[-117.09201,32.68832],[-117.09267,32.68734],[-117.092,32.68637],[-117.09067,32.68637],[-117.09001,32.68734]]],"type":"Polygon"},"properties":{"bbox":{"parking":{"area":139.32,"pct":0.34}},"city_same":1,"id":"hex:2621:16704"},"type":"Feature"},{"geometry":{"coordinates":[[[-117.09001,32.6893],[-117.09068,32.69027],[-117.09201,32.69027],[-117.09267,32.6893],[-117.09201,32.68832],[-117.09067,32.68832],[-117.09001,32.6893]]],"type":"Polygon"},"properties":{"bbox":{"sidewalks":{"area":49.5,"pct":0.12}},"city_same":1,"id":"hex:2621:16705"},"type":"Feature"},{"geometry":{"coordinates":[[[-117.09064,32.65317],[-117.08997,32.65414],[-117.0894,32.65414],[-117.08933,32.65397],[-117.08928,32.65384],[-117.08925,32.65377],[-117.08916,32.65354],[-117.08913,32.65346],[-117.08907,32.65331],[-117.0889,32.65285],[-117.08884,32.6527],[-117.08962,32.65248],[-117.09009,32.65236],[-117.09064,32.65317]]],"type":"Polygon"},"properties":{"bbox":{"parking":{"area":8965.21,"pct":42.05}},"city_same":1,"id":"hex:2622:16687"},"type":"Feature"},{"geometry":{"coordinates":[[[-117.08997,32.65414],[-117.09064,32.65512],[-117.09009,32.65593],[-117.08998,32.65562],[-117.08995,32.65553],[-117.0899,32.65538],[-117.08987,32.65531],[-117.08979,32.65509],[-117.08976,32.65502],[-117.08973,32.65494],[-117.08972,32.65491],[-117.08968,32.65482],[-117.08963,32.65471],[-117.08959,32.65463],[-117.08958,32.65459],[-117.08953,32.65449],[-117.08952,32.65446],[-117.08947,32.65433],[-117.08944,32.65425],[-117.0894,32.65414],[-117.08997,32.65414]]],"type":"Polygon"},"properties":{"bbox":{"roads":{"area":223.24,"pct":2.08}},"city_same":1,"id":"hex:2622:16688"},"type":"Feature"},{"geometry":{"coordinates":[[[[-117.08998,32.65805],[-117.08869,32.65805],[-117.08975,32.65771],[-117.09017,32.65758],[-117.09033,32.65753],[-117.08998,32.65805]]],[[[-117.09064,32.65707],[-117.09058,32.65717],[-117.09058,32.65716],[-117.09049,32.65695],[-117.0904,32.65672],[-117.09064,32.65707]]]],"type":"MultiPolygon"},"properties":{"bbox":{"parking":{"area":70.68,"pct":1.9}},"city_same":1,"id":"hex:2622:16689"},"type":"Feature"},{"geometry":{"coordinates":[[[-117.08998,32.65805],[-117.09064,32.65902],[-117.08998,32.66],[-117.08865,32.66],[-117.08798,32.65903],[-117.08863,32.65807],[-117.08868,32.65805],[-117.08869,32.65805],[-117.08998,32.65805]]],"type":"Polygon"},"properties":{"bbox":{"parking":{"area":11632.89,"pct":28.66}},"city_same":1,"id":"hex:2622:16690"},"type":"Feature"},{"geometry":{"coordinates":[[[-117.08799,32.66684],[-117.08865,32.66781],[-117.08999,32.66781],[-117.09065,32.66684],[-117.08998,32.66586],[-117.08865,32.66586],[-117.08799,32.66684]]],"type":"Polygon"},"properties":{"bbox":{"parking":{"area":540.18,"pct":1.33}},"city_same":1,"id":"hex:2622:16694"},"type":"Feature"},{"geometry":{"coordinates":[[[-117.08799,32.66879],[-117.08866,32.66977],[-117.08999,32.66977],[-117.09065,32.66879],[-117.08999,32.66781],[-117.08865,32.66781],[-117.08799,32.66879]]],"type":"Polygon"},"properties":{"bbox":{"parking":{"area":3969.74,"pct":9.78}},"city_same":1,"id":"hex:2622:16695"},"type":"Feature"},{"geometry":{"coordinates":[[[-117.08799,32.67074],[-117.08866,32.67172],[-117.08999,32.67172],[-117.09066,32.67074],[-117.08999,32.66977],[-117.08866,32.66977],[-117.08799,32.67074]]],"type":"Polygon"},"properties":{"bbox":{"parking":{"area":2932.98,"pct":7.22}},"city_same":1,"id":"hex:2622:16696"},"type":"Feature"},{"geometry":{"coordinates":[[[-117.088,32.6766],[-117.08866,32.67758],[-117.09,32.67758],[-117.09066,32.6766],[-117.08999,32.67563],[-117.08866,32.67563],[-117.088,32.6766]]],"type":"Polygon"},"properties":{"bbox":{"sidewalks":{"area":216.63,"pct":0.53}},"city_same":1,"id":"hex:2622:16699"},"type":"Feature"},{"geometry":{"coordinates":[[[-117.088,32.67856],[-117.08866,32.67953],[-117.09,32.67953],[-117.09066,32.67855],[-117.09,32.67758],[-117.08866,32.67758],[-117.088,32.67856]]],"type":"Polygon"},"properties":{"bbox":{"parking":{"area":61.92,"pct":0.15}},"city_same":1,"id":"hex:2622:16700"},"type":"Feature"},{"geometry":{"coordinates":[[[-117.088,32.68051],[-117.08867,32.68149],[-117.09,32.68149],[-117.09067,32.68051],[-117.09,32.67953],[-117.08866,32.67953],[-117.088,32.68051]]],"type":"Polygon"},"properties":{"bbox":{"sidewalks":{"area":176.03,"pct":0.43}},"city_same":1,"id":"hex:2622:16701"},"type":"Feature"},{"geometry":{"coordinates":[[[-117.08801,32.68832],[-117.08867,32.6893],[-117.09001,32.6893],[-117.09067,32.68832],[-117.09001,32.68734],[-117.08867,32.68735],[-117.08801,32.68832]]],"type":"Polygon"},"properties":{"bbox":{"parking":{"area":3172.07,"pct":7.81},"sidewalks":{"area":203.42,"pct":0.5}},"city_same":1,"id":"hex:2622:16705"},"type":"Feature"},{"geometry":{"coordinates":[[[-117.08798,32.65903],[-117.08696,32.65903],[-117.08702,32.65892],[-117.08701,32.65888],[-117.08693,32.65858],[-117.08738,32.65845],[-117.08779,32.65833],[-117.08818,32.65821],[-117.08863,32.65807],[-117.08798,32.65903]]],"type":"Polygon"},"properties":{"bbox":{"parking":{"area":1194.04,"pct":13.53}},"city_same":1,"id":"hex:2623:16689"},"type":"Feature"},{"geometry":{"coordinates":[[[-117.08798,32.65903],[-117.08865,32.66],[-117.08798,32.66098],[-117.08665,32.66098],[-117.08634,32.66054],[-117.08642,32.66051],[-117.08696,32.66037],[-117.08714,32.66032],[-117.08711,32.66021],[-117.08701,32.65988],[-117.08698,32.65977],[-117.08695,32.65968],[-117.08687,32.65941],[-117.08684,32.65931],[-117.08683,32.65929],[-117.08683,32.65928],[-117.08684,32.65924],[-117.08684,32.65923],[-117.08696,32.65903],[-117.08798,32.65903]]],"type":"Polygon"},"properties":{"bbox":{"parking":{"area":8302.09,"pct":27.67}},"city_same":1,"id":"hex:2623:16690"},"type":"Feature"},{"geometry":{"coordinates":[[[-117.08598,32.66586],[-117.08665,32.66684],[-117.08799,32.66684],[-117.08865,32.66586],[-117.08798,32.66489],[-117.08665,32.66489],[-117.08598,32.66586]]],"type":"Polygon"},"properties":{"bbox":{"parking":{"area":425.8,"pct":1.05}},"city_same":1,"id":"hex:2623:16693"},"type":"Feature"},{"geometry":{"coordinates":[[[-117.08599,32.67172],[-117.08666,32.6727],[-117.08799,32.6727],[-117.08866,32.67172],[-117.08799,32.67074],[-117.08666,32.67075],[-117.08599,32.67172]]],"type":"Polygon"},"properties":{"bbox":{"sidewalks":{"area":266,"pct":0.66}},"city_same":1,"id":"hex:2623:16696"},"type":"Feature"},{"geometry":{"coordinates":[[[-117.08599,32.67563],[-117.08666,32.6766],[-117.088,32.6766],[-117.08866,32.67563],[-117.08799,32.67465],[-117.08666,32.67465],[-117.08599,32.67563]]],"type":"Polygon"},"properties":{"bbox":{"parking":{"area":4414.93,"pct":10.88}},"city_same":1,"id":"hex:2623:16698"},"type":"Feature"},{"geometry":{"coordinates":[[[-117.086,32.67758],[-117.08666,32.67856],[-117.088,32.67856],[-117.08866,32.67758],[-117.088,32.6766],[-117.08666,32.6766],[-117.086,32.67758]]],"type":"Polygon"},"properties":{"bbox":{"parking":{"area":2510.84,"pct":6.19},"sidewalks":{"area":3.45,"pct":0.01}},"city_same":1,"id":"hex:2623:16699"},"type":"Feature"},{"geometry":{"coordinates":[[[-117.086,32.68539],[-117.08667,32.68637],[-117.088,32.68637],[-117.08867,32.68539],[-117.088,32.68442],[-117.08667,32.68442],[-117.086,32.68539]]],"type":"Polygon"},"properties":{"bbox":{"parking":{"area":2479.42,"pct":6.11}},"city_same":1,"id":"hex:2623:16703"},"type":"Feature"},{"geometry":{"coordinates":[[[-117.08601,32.68735],[-117.08667,32.68832],[-117.08801,32.68832],[-117.08867,32.68735],[-117.088,32.68637],[-117.08667,32.68637],[-117.08601,32.68735]]],"type":"Polygon"},"properties":{"bbox":{"parking":{"area":2984.79,"pct":7.35}},"city_same":1,"id":"hex:2623:16704"},"type":"Feature"},{"geometry":{"coordinates":[[[-117.08601,32.6893],[-117.08668,32.69028],[-117.08801,32.69028],[-117.08867,32.6893],[-117.08801,32.68832],[-117.08667,32.68832],[-117.08601,32.6893]]],"type":"Polygon"},"properties":{"bbox":{"parking":{"area":3863.86,"pct":9.52},"sidewalks":{"area":588.75,"pct":1.45}},"city_same":1,"id":"hex:2623:16705"},"type":"Feature"},{"geometry":{"coordinates":[[[-117.08665,32.66098],[-117.08598,32.66196],[-117.08465,32.66196],[-117.08398,32.66098],[-117.08424,32.6606],[-117.08433,32.66075],[-117.08451,32.66103],[-117.08458,32.66102],[-117.08461,32.66102],[-117.08465,32.66101],[-117.08479,32.66098],[-117.08502,32.66092],[-117.08508,32.6609],[-117.08522,32.66085],[-117.08542,32.6608],[-117.08603,32.66062],[-117.08624,32.66056],[-117.08634,32.66054],[-117.08665,32.66098]]],"type":"Polygon"},"properties":{"bbox":{"parking":{"area":251.87,"pct":0.99}},"city_same":1,"id":"hex:2624:16691"},"type":"Feature"},{"geometry":{"coordinates":[[[-117.08398,32.66489],[-117.08465,32.66586],[-117.08598,32.66586],[-117.08665,32.66489],[-117.08598,32.66391],[-117.08465,32.66391],[-117.08398,32.66489]]],"type":"Polygon"},"properties":{"bbox":{"parking":{"area":1.01,"pct":0}},"city_same":1,"id":"hex:2624:16693"},"type":"Feature"},{"geometry":{"coordinates":[[[-117.08399,32.6727],[-117.08466,32.67368],[-117.08599,32.67368],[-117.08666,32.6727],[-117.08599,32.67172],[-117.08466,32.67172],[-117.08399,32.6727]]],"type":"Polygon"},"properties":{"bbox":{"sidewalks":{"area":646.02,"pct":1.59}},"city_same":1,"id":"hex:2624:16697"},"type":"Feature"},{"geometry":{"coordinates":[[[-117.084,32.67661],[-117.08466,32.67758],[-117.086,32.67758],[-117.08666,32.6766],[-117.08599,32.67563],[-117.08466,32.67563],[-117.084,32.67661]]],"type":"Polygon"},"properties":{"bbox":{"parking":{"area":100.42,"pct":0.25}},"city_same":1,"id":"hex:2624:16699"},"type":"Feature"},{"geometry":{"coordinates":[[[-117.084,32.68247],[-117.08467,32.68344],[-117.086,32.68344],[-117.08667,32.68246],[-117.086,32.68149],[-117.08467,32.68149],[-117.084,32.68247]]],"type":"Polygon"},"properties":{"bbox":{"parking":{"area":551.69,"pct":1.36}},"city_same":1,"id":"hex:2624:16702"},"type":"Feature"},{"geometry":{"coordinates":[[[-117.084,32.68442],[-117.08467,32.68539],[-117.086,32.68539],[-117.08667,32.68442],[-117.086,32.68344],[-117.08467,32.68344],[-117.084,32.68442]]],"type":"Polygon"},"properties":{"bbox":{"parking":{"area":23.04,"pct":0.06}},"city_same":1,"id":"hex:2624:16703"},"type":"Feature"},{"geometry":{"coordinates":[[[-117.084,32.68637],[-117.08467,32.68735],[-117.08601,32.68735],[-117.08667,32.68637],[-117.086,32.68539],[-117.08467,32.68539],[-117.084,32.68637]]],"type":"Polygon"},"properties":{"bbox":{"parking":{"area":635.69,"pct":1.57}},"city_same":1,"id":"hex:2624:16704"},"type":"Feature"},{"geometry":{"coordinates":[[[-117.08401,32.68832],[-117.08467,32.6893],[-117.08601,32.6893],[-117.08667,32.68832],[-117.08601,32.68735],[-117.08467,32.68735],[-117.08401,32.68832]]],"type":"Polygon"},"properties":{"bbox":{"sidewalks":{"area":59.07,"pct":0.15}},"city_same":1,"id":"hex:2624:16705"},"type":"Feature"},{"geometry":{"coordinates":[[[-117.08401,32.69028],[-117.08468,32.69125],[-117.08601,32.69125],[-117.08668,32.69028],[-117.08601,32.6893],[-117.08467,32.6893],[-117.08401,32.69028]]],"type":"Polygon"},"properties":{"bbox":{"parking":{"area":6140.73,"pct":15.13},"sidewalks":{"area":181.87,"pct":0.45}},"city_same":1,"id":"hex:2624:16706"},"type":"Feature"},{"geometry":{"coordinates":[[[-117.08398,32.66098],[-117.08265,32.66098],[-117.08198,32.66001],[-117.08265,32.65903],[-117.0833,32.65903],[-117.08332,32.65906],[-117.08333,32.65908],[-117.08338,32.65919],[-117.08355,32.65949],[-117.08361,32.6596],[-117.08379,32.65988],[-117.08424,32.6606],[-117.08398,32.66098]]],"type":"Polygon"},"properties":{"bbox":{"parking":{"area":8861.42,"pct":28.93}},"city_same":1,"id":"hex:2625:16690"},"type":"Feature"},{"geometry":{"coordinates":[[[-117.08198,32.66196],[-117.08265,32.66098],[-117.08398,32.66098],[-117.08465,32.66196],[-117.08398,32.66294],[-117.08378,32.66294],[-117.08348,32.66215],[-117.08283,32.66248],[-117.08266,32.66234],[-117.08236,32.66244],[-117.08232,32.66238],[-117.08228,32.66239],[-117.08198,32.66196]]],"type":"Polygon"},"properties":{"bbox":{"parking":{"area":7884.5,"pct":23.8}},"city_same":1,"id":"hex:2625:16691"},"type":"Feature"},{"geometry":{"coordinates":[[[-117.08398,32.66294],[-117.08465,32.66391],[-117.08398,32.66489],[-117.08284,32.66489],[-117.08268,32.66449],[-117.08293,32.66444],[-117.08282,32.66424],[-117.08282,32.66421],[-117.08311,32.66409],[-117.08288,32.66371],[-117.08308,32.66362],[-117.08383,32.66331],[-117.08382,32.66326],[-117.08379,32.6632],[-117.08387,32.66317],[-117.08378,32.66294],[-117.08398,32.66294]]],"type":"Polygon"},"properties":{"bbox":{"parking":{"area":325.07,"pct":1.38}},"city_same":1,"id":"hex:2625:16692"},"type":"Feature"},{"geometry":{"coordinates":[[[-117.08199,32.66782],[-117.08265,32.6688],[-117.08399,32.66879],[-117.08465,32.66782],[-117.08399,32.66684],[-117.08265,32.66684],[-117.08199,32.66782]]],"type":"Polygon"},"properties":{"bbox":{"parking":{"area":4656.95,"pct":11.47}},"city_same":1,"id":"hex:2625:16694"},"type":"Feature"},{"geometry":{"coordinates":[[[-117.08199,32.66977],[-117.08266,32.67075],[-117.08399,32.67075],[-117.08466,32.66977],[-117.08399,32.66879],[-117.08265,32.6688],[-117.08199,32.66977]]],"type":"Polygon"},"properties":{"bbox":{"parking":{"area":1891.6,"pct":4.66},"sidewalks":{"area":88.3,"pct":0.22}},"city_same":1,"id":"hex:2625:16695"},"type":"Feature"},{"geometry":{"coordinates":[[[-117.08199,32.67173],[-117.08266,32.6727],[-117.08399,32.6727],[-117.08466,32.67172],[-117.08399,32.67075],[-117.08266,32.67075],[-117.08199,32.67173]]],"type":"Polygon"},"properties":{"bbox":{"sidewalks":{"area":631.15,"pct":1.55}},"city_same":1,"id":"hex:2625:16696"},"type":"Feature"},{"geometry":{"coordinates":[[[-117.08199,32.67368],[-117.08266,32.67465],[-117.08399,32.67465],[-117.08466,32.67368],[-117.08399,32.6727],[-117.08266,32.6727],[-117.08199,32.67368]]],"type":"Polygon"},"properties":{"bbox":{"sidewalks":{"area":467.8,"pct":1.15}},"city_same":1,"id":"hex:2625:16697"},"type":"Feature"},{"geometry":{"coordinates":[[[-117.08199,32.67563],[-117.08266,32.67661],[-117.084,32.67661],[-117.08466,32.67563],[-117.08399,32.67465],[-117.08266,32.67465],[-117.08199,32.67563]]],"type":"Polygon"},"properties":{"bbox":{"sidewalks":{"area":538.74,"pct":1.33}},"city_same":1,"id":"hex:2625:16698"},"type":"Feature"},{"geometry":{"coordinates":[[[-117.082,32.67758],[-117.08266,32.67856],[-117.084,32.67856],[-117.08466,32.67758],[-117.084,32.67661],[-117.08266,32.67661],[-117.082,32.67758]]],"type":"Polygon"},"properties":{"bbox":{"parking":{"area":7490.85,"pct":18.45},"sidewalks":{"area":240.68,"pct":0.59}},"city_same":1,"id":"hex:2625:16699"},"type":"Feature"},{"geometry":{"coordinates":[[[-117.082,32.67954],[-117.08267,32.68051],[-117.084,32.68051],[-117.08466,32.67954],[-117.084,32.67856],[-117.08266,32.67856],[-117.082,32.67954]]],"type":"Polygon"},"properties":{"bbox":{"parking":{"area":347.17,"pct":0.86}},"city_same":1,"id":"hex:2625:16700"},"type":"Feature"},{"geometry":{"coordinates":[[[-117.082,32.68149],[-117.08267,32.68247],[-117.084,32.68247],[-117.08467,32.68149],[-117.084,32.68051],[-117.08267,32.68051],[-117.082,32.68149]]],"type":"Polygon"},"properties":{"bbox":{"parking":{"area":85.04,"pct":0.21}},"city_same":1,"id":"hex:2625:16701"},"type":"Feature"},{"geometry":{"coordinates":[[[-117.082,32.68344],[-117.08267,32.68442],[-117.084,32.68442],[-117.08467,32.68344],[-117.084,32.68247],[-117.08267,32.68247],[-117.082,32.68344]]],"type":"Polygon"},"properties":{"bbox":{"parking":{"area":2895.88,"pct":7.13},"sidewalks":{"area":253.75,"pct":0.63}},"city_same":1,"id":"hex:2625:16702"},"type":"Feature"},{"geometry":{"coordinates":[[[-117.082,32.6854],[-117.08267,32.68637],[-117.084,32.68637],[-117.08467,32.68539],[-117.084,32.68442],[-117.08267,32.68442],[-117.082,32.6854]]],"type":"Polygon"},"properties":{"bbox":{"parking":{"area":4419.79,"pct":10.89},"sidewalks":{"area":20.61,"pct":0.05}},"city_same":1,"id":"hex:2625:16703"},"type":"Feature"},{"geometry":{"coordinates":[[[-117.07998,32.66098],[-117.08065,32.66001],[-117.08198,32.66001],[-117.08265,32.66098],[-117.08198,32.66196],[-117.08065,32.66196],[-117.08047,32.66169],[-117.08048,32.66168],[-117.0805,32.66161],[-117.08051,32.66155],[-117.08035,32.66153],[-117.07998,32.66098]]],"type":"Polygon"},"properties":{"bbox":{"parking":{"area":19484.19,"pct":48.15}},"city_same":1,"id":"hex:2626:16691"},"type":"Feature"},{"geometry":{"coordinates":[[[-117.08065,32.66196],[-117.08198,32.66196],[-117.08228,32.66239],[-117.08213,32.66245],[-117.08212,32.66242],[-117.08193,32.66252],[-117.08164,32.6626],[-117.08152,32.66272],[-117.081,32.6629],[-117.08104,32.66307],[-117.08092,32.66313],[-117.08068,32.66317],[-117.08061,32.66304],[-117.08022,32.66317],[-117.08015,32.66293],[-117.08012,32.66274],[-117.08012,32.66274],[-117.08035,32.6624],[-117.08066,32.66229],[-117.08056,32.66209],[-117.08065,32.66196]]],"type":"Polygon"},"properties":{"bbox":{"parking":{"area":7771.25,"pct":47.59}},"city_same":1,"id":"hex:2626:16692"},"type":"Feature"},{"geometry":{"coordinates":[[[-117.08265,32.66684],[-117.08199,32.66782],[-117.08091,32.66782],[-117.08117,32.66774],[-117.08109,32.66751],[-117.08098,32.66712],[-117.08087,32.66668],[-117.08087,32.66665],[-117.08086,32.66659],[-117.08086,32.66653],[-117.08192,32.66625],[-117.08203,32.66651],[-117.08236,32.66641],[-117.08265,32.66684]]],"type":"Polygon"},"properties":{"bbox":{"parking":{"area":1024.05,"pct":4.99},"sidewalks":{"area":186.31,"pct":0.91}},"city_same":1,"id":"hex:2626:16694"},"type":"Feature"},{"geometry":{"coordinates":[[[-117.08199,32.66782],[-117.08265,32.6688],[-117.08199,32.66977],[-117.08066,32.66977],[-117.07999,32.6688],[-117.08059,32.66791],[-117.08091,32.66782],[-117.08199,32.66782]]],"type":"Polygon"},"properties":{"bbox":{"sidewalks":{"area":311.28,"pct":0.77}},"city_same":1,"id":"hex:2626:16695"},"type":"Feature"},{"geometry":{"coordinates":[[[-117.07999,32.67075],[-117.08066,32.67173],[-117.08199,32.67173],[-117.08266,32.67075],[-117.08199,32.66977],[-117.08066,32.66977],[-117.07999,32.67075]]],"type":"Polygon"},"properties":{"bbox":{"sidewalks":{"area":684.78,"pct":1.69}},"city_same":1,"id":"hex:2626:16696"},"type":"Feature"},{"geometry":{"coordinates":[[[-117.07999,32.6727],[-117.08066,32.67368],[-117.08199,32.67368],[-117.08266,32.6727],[-117.08199,32.67173],[-117.08066,32.67173],[-117.07999,32.6727]]],"type":"Polygon"},"properties":{"bbox":{"sidewalks":{"area":1083.53,"pct":2.67}},"city_same":1,"id":"hex:2626:16697"},"type":"Feature"},{"geometry":{"coordinates":[[[-117.07999,32.67466],[-117.08066,32.67563],[-117.08199,32.67563],[-117.08266,32.67465],[-117.08199,32.67368],[-117.08066,32.67368],[-117.07999,32.67466]]],"type":"Polygon"},"properties":{"bbox":{"sidewalks":{"area":478.13,"pct":1.18}},"city_same":1,"id":"hex:2626:16698"},"type":"Feature"},{"geometry":{"coordinates":[[[-117.08,32.67661],[-117.08066,32.67759],[-117.082,32.67758],[-117.08266,32.67661],[-117.08199,32.67563],[-117.08066,32.67563],[-117.08,32.67661]]],"type":"Polygon"},"properties":{"bbox":{"parking":{"area":393.15,"pct":0.97},"sidewalks":{"area":479.96,"pct":1.18}},"city_same":1,"id":"hex:2626:16699"},"type":"Feature"},{"geometry":{"coordinates":[[[-117.08,32.67856],[-117.08066,32.67954],[-117.082,32.67954],[-117.08266,32.67856],[-117.082,32.67758],[-117.08066,32.67759],[-117.08,32.67856]]],"type":"Polygon"},"properties":{"bbox":{"parking":{"area":5879,"pct":14.48}},"city_same":1,"id":"hex:2626:16700"},"type":"Feature"},{"geometry":{"coordinates":[[[-117.08,32.68052],[-117.08067,32.68149],[-117.082,32.68149],[-117.08267,32.68051],[-117.082,32.67954],[-117.08066,32.67954],[-117.08,32.68052]]],"type":"Polygon"},"properties":{"bbox":{"parking":{"area":9447.5,"pct":23.27},"sidewalks":{"area":538.64,"pct":1.33}},"city_same":1,"id":"hex:2626:16701"},"type":"Feature"},{"geometry":{"coordinates":[[[-117.08,32.68247],[-117.08067,32.68344],[-117.082,32.68344],[-117.08267,32.68247],[-117.082,32.68149],[-117.08067,32.68149],[-117.08,32.68247]]],"type":"Polygon"},"properties":{"bbox":{"parking":{"area":9852.45,"pct":24.27},"sidewalks":{"area":520.14,"pct":1.28}},"city_same":1,"id":"hex:2626:16702"},"type":"Feature"},{"geometry":{"coordinates":[[[-117.08,32.68442],[-117.08067,32.6854],[-117.082,32.6854],[-117.08267,32.68442],[-117.082,32.68344],[-117.08067,32.68344],[-117.08,32.68442]]],"type":"Polygon"},"properties":{"bbox":{"parking":{"area":12955.91,"pct":31.92}},"city_same":1,"id":"hex:2626:16703"},"type":"Feature"},{"geometry":{"coordinates":[[[-117.08,32.68637],[-117.08067,32.68735],[-117.08201,32.68735],[-117.08267,32.68637],[-117.082,32.6854],[-117.08067,32.6854],[-117.08,32.68637]]],"type":"Polygon"},"properties":{"bbox":{"parking":{"area":6504.87,"pct":16.02}},"city_same":1,"id":"hex:2626:16704"},"type":"Feature"},{"geometry":{"coordinates":[[[-117.07798,32.66001],[-117.07865,32.66099],[-117.07998,32.66098],[-117.08065,32.66001],[-117.07998,32.65903],[-117.07865,32.65903],[-117.07798,32.66001]]],"type":"Polygon"},"properties":{"bbox":{"parking":{"area":17154.66,"pct":42.26}},"city_same":1,"id":"hex:2627:16690"},"type":"Feature"},{"geometry":{"coordinates":[[[[-117.07865,32.66294],[-117.07798,32.66196],[-117.07865,32.66099],[-117.07998,32.66098],[-117.08035,32.66153],[-117.07863,32.66124],[-117.07863,32.66133],[-117.07852,32.66131],[-117.07848,32.66138],[-117.07847,32.66142],[-117.07848,32.66161],[-117.0785,32.6617],[-117.07852,32.66179],[-117.07855,32.66187],[-117.07861,32.66198],[-117.07879,32.66238],[-117.07884,32.66261],[-117.07886,32.6628],[-117.07883,32.66286],[-117.07882,32.66294],[-117.07865,32.66294]]],[[[-117.08012,32.66274],[-117.08007,32.66257],[-117.08004,32.6625],[-117.08035,32.6624],[-117.08012,32.66274]]],[[[-117.08065,32.66196],[-117.08056,32.66209],[-117.08039,32.66172],[-117.08044,32.66171],[-117.08047,32.66169],[-117.08065,32.66196]]]],"type":"MultiPolygon"},"properties":{"bbox":{"parking":{"area":1687.34,"pct":12.14}},"city_same":1,"id":"hex:2627:16691"},"type":"Feature"},{"geometry":{"coordinates":[[[-117.07799,32.66977],[-117.07866,32.67075],[-117.07999,32.67075],[-117.08066,32.66977],[-117.07999,32.6688],[-117.07866,32.6688],[-117.07799,32.66977]]],"type":"Polygon"},"properties":{"bbox":{"sidewalks":{"area":31.32,"pct":0.08}},"city_same":1,"id":"hex:2627:16695"},"type":"Feature"},{"geometry":{"coordinates":[[[-117.07799,32.67368],[-117.07866,32.67466],[-117.07999,32.67466],[-117.08066,32.67368],[-117.07999,32.6727],[-117.07866,32.6727],[-117.07799,32.67368]]],"type":"Polygon"},"properties":{"bbox":{"parking":{"area":17.56,"pct":0.04},"sidewalks":{"area":405.5,"pct":1}},"city_same":1,"id":"hex:2627:16697"},"type":"Feature"},{"geometry":{"coordinates":[[[-117.07799,32.67563],[-117.07866,32.67661],[-117.08,32.67661],[-117.08066,32.67563],[-117.07999,32.67466],[-117.07866,32.67466],[-117.07799,32.67563]]],"type":"Polygon"},"properties":{"bbox":{"sidewalks":{"area":214.37,"pct":0.53}},"city_same":1,"id":"hex:2627:16698"},"type":"Feature"},{"geometry":{"coordinates":[[[-117.078,32.67759],[-117.07866,32.67856],[-117.08,32.67856],[-117.08066,32.67759],[-117.08,32.67661],[-117.07866,32.67661],[-117.078,32.67759]]],"type":"Polygon"},"properties":{"bbox":{"parking":{"area":162.22,"pct":0.4},"sidewalks":{"area":770.74,"pct":1.9}},"city_same":1,"id":"hex:2627:16699"},"type":"Feature"},{"geometry":{"coordinates":[[[-117.078,32.67954],[-117.07867,32.68052],[-117.08,32.68052],[-117.08066,32.67954],[-117.08,32.67856],[-117.07866,32.67856],[-117.078,32.67954]]],"type":"Polygon"},"properties":{"bbox":{"parking":{"area":5457.13,"pct":13.44},"sidewalks":{"area":553.86,"pct":1.36}},"city_same":1,"id":"hex:2627:16700"},"type":"Feature"},{"geometry":{"coordinates":[[[-117.078,32.68149],[-117.07867,32.68247],[-117.08,32.68247],[-117.08067,32.68149],[-117.08,32.68052],[-117.07867,32.68052],[-117.078,32.68149]]],"type":"Polygon"},"properties":{"bbox":{"parking":{"area":14949.15,"pct":36.83}},"city_same":1,"id":"hex:2627:16701"},"type":"Feature"},{"geometry":{"coordinates":[[[-117.078,32.68345],[-117.07867,32.68442],[-117.08,32.68442],[-117.08067,32.68344],[-117.08,32.68247],[-117.07867,32.68247],[-117.078,32.68345]]],"type":"Polygon"},"properties":{"bbox":{"parking":{"area":5775.4,"pct":14.23}},"city_same":1,"id":"hex:2627:16702"},"type":"Feature"},{"geometry":{"coordinates":[[[-117.078,32.6854],[-117.07867,32.68638],[-117.08,32.68637],[-117.08067,32.6854],[-117.08,32.68442],[-117.07867,32.68442],[-117.078,32.6854]]],"type":"Polygon"},"properties":{"bbox":{"parking":{"area":966.13,"pct":2.38}},"city_same":1,"id":"hex:2627:16703"},"type":"Feature"},{"geometry":{"coordinates":[[[-117.07801,32.68735],[-117.07867,32.68833],[-117.08001,32.68833],[-117.08067,32.68735],[-117.08,32.68637],[-117.07867,32.68638],[-117.07801,32.68735]]],"type":"Polygon"},"properties":{"bbox":{"parking":{"area":1108.4,"pct":2.73}},"city_same":1,"id":"hex:2627:16704"},"type":"Feature"},{"geometry":{"coordinates":[[[-117.07598,32.65903],[-117.07665,32.66001],[-117.07798,32.66001],[-117.07865,32.65903],[-117.07798,32.65806],[-117.07665,32.65806],[-117.07598,32.65903]]],"type":"Polygon"},"properties":{"bbox":{"parking":{"area":556.27,"pct":1.37}},"city_same":1,"id":"hex:2628:16690"},"type":"Feature"},{"geometry":{"coordinates":[[[-117.07665,32.66782],[-117.07799,32.66782],[-117.07866,32.6688],[-117.07799,32.66977],[-117.07666,32.66978],[-117.07623,32.66915],[-117.07649,32.66908],[-117.07635,32.6687],[-117.07699,32.66894],[-117.0768,32.66843],[-117.07659,32.66791],[-117.07665,32.66782]]],"type":"Polygon"},"properties":{"bbox":{"parking":{"area":2136.36,"pct":6.12}},"city_same":1,"id":"hex:2628:16695"},"type":"Feature"},{"geometry":{"coordinates":[[[-117.07599,32.67271],[-117.07666,32.67368],[-117.07799,32.67368],[-117.07866,32.6727],[-117.07799,32.67173],[-117.07666,32.67173],[-117.07599,32.67271]]],"type":"Polygon"},"properties":{"bbox":{"parking":{"area":2361.79,"pct":5.82}},"city_same":1,"id":"hex:2628:16697"},"type":"Feature"},{"geometry":{"coordinates":[[[-117.07599,32.67466],[-117.07666,32.67563],[-117.07799,32.67563],[-117.07866,32.67466],[-117.07799,32.67368],[-117.07666,32.67368],[-117.07599,32.67466]]],"type":"Polygon"},"properties":{"bbox":{"parking":{"area":1838.05,"pct":4.53}},"city_same":1,"id":"hex:2628:16698"},"type":"Feature"},{"geometry":{"coordinates":[[[-117.076,32.67856],[-117.07666,32.67954],[-117.078,32.67954],[-117.07866,32.67856],[-117.078,32.67759],[-117.07666,32.67759],[-117.076,32.67856]]],"type":"Polygon"},"properties":{"bbox":{"parking":{"area":34.84,"pct":0.09}},"city_same":1,"id":"hex:2628:16700"},"type":"Feature"},{"geometry":{"coordinates":[[[-117.076,32.68052],[-117.07667,32.68149],[-117.078,32.68149],[-117.07867,32.68052],[-117.078,32.67954],[-117.07666,32.67954],[-117.076,32.68052]]],"type":"Polygon"},"properties":{"bbox":{"parking":{"area":1896.36,"pct":4.67}},"city_same":1,"id":"hex:2628:16701"},"type":"Feature"},{"geometry":{"coordinates":[[[-117.076,32.68247],[-117.07667,32.68345],[-117.078,32.68345],[-117.07867,32.68247],[-117.078,32.68149],[-117.07667,32.68149],[-117.076,32.68247]]],"type":"Polygon"},"properties":{"bbox":{"parking":{"area":5570.85,"pct":13.72}},"city_same":1,"id":"hex:2628:16702"},"type":"Feature"},{"geometry":{"coordinates":[[[-117.07398,32.66001],[-117.07465,32.65903],[-117.07598,32.65903],[-117.07665,32.66001],[-117.07598,32.66099],[-117.07524,32.66099],[-117.07502,32.66082],[-117.07492,32.66074],[-117.07489,32.66065],[-117.07489,32.66059],[-117.07446,32.6607],[-117.07398,32.66001]]],"type":"Polygon"},"properties":{"bbox":{"parking":{"area":5238.22,"pct":13.48}},"city_same":1,"id":"hex:2629:16690"},"type":"Feature"},{"geometry":{"coordinates":[[[-117.07666,32.66978],[-117.07599,32.67075],[-117.07466,32.67075],[-117.07399,32.66978],[-117.07423,32.66942],[-117.07434,32.66968],[-117.07508,32.66947],[-117.07493,32.66912],[-117.07511,32.66907],[-117.075,32.6688],[-117.07515,32.6688],[-117.07522,32.66899],[-117.07528,32.66898],[-117.0753,32.66902],[-117.0755,32.66896],[-117.07543,32.6688],[-117.07583,32.6688],[-117.07599,32.66922],[-117.07623,32.66915],[-117.07666,32.66978]]],"type":"Polygon"},"properties":{"bbox":{"parking":{"area":1475.38,"pct":4.33}},"city_same":1,"id":"hex:2629:16695"},"type":"Feature"},{"geometry":{"coordinates":[[[-117.07399,32.67173],[-117.07466,32.67271],[-117.07599,32.67271],[-117.07666,32.67173],[-117.07599,32.67075],[-117.07466,32.67075],[-117.07399,32.67173]]],"type":"Polygon"},"properties":{"bbox":{"parking":{"area":107.52,"pct":0.26}},"city_same":1,"id":"hex:2629:16696"},"type":"Feature"},{"geometry":{"coordinates":[[[-117.074,32.67954],[-117.07467,32.68052],[-117.076,32.68052],[-117.07666,32.67954],[-117.076,32.67856],[-117.07466,32.67857],[-117.074,32.67954]]],"type":"Polygon"},"properties":{"bbox":{"parking":{"area":2952.6,"pct":7.27}},"city_same":1,"id":"hex:2629:16700"},"type":"Feature"},{"geometry":{"coordinates":[[[-117.074,32.6815],[-117.07467,32.68247],[-117.076,32.68247],[-117.07667,32.68149],[-117.076,32.68052],[-117.07467,32.68052],[-117.074,32.6815]]],"type":"Polygon"},"properties":{"bbox":{"parking":{"area":262.7,"pct":0.65}},"city_same":1,"id":"hex:2629:16701"},"type":"Feature"},{"geometry":{"coordinates":[[[-117.07198,32.65904],[-117.07265,32.66001],[-117.07398,32.66001],[-117.07465,32.65903],[-117.07398,32.65806],[-117.07265,32.65806],[-117.07198,32.65904]]],"type":"Polygon"},"properties":{"bbox":{"parking":{"area":227.2,"pct":0.56}},"city_same":1,"id":"hex:2630:16690"},"type":"Feature"},{"geometry":{"coordinates":[[[-117.07265,32.66197],[-117.07198,32.66099],[-117.07265,32.66001],[-117.07398,32.66001],[-117.07446,32.6607],[-117.07434,32.66073],[-117.07383,32.66085],[-117.07374,32.66064],[-117.07269,32.66093],[-117.07309,32.66197],[-117.07265,32.66197]]],"type":"Polygon"},"properties":{"bbox":{"parking":{"area":1055.64,"pct":4.77}},"city_same":1,"id":"hex:2630:16691"},"type":"Feature"},{"geometry":{"coordinates":[[[-117.07399,32.66978],[-117.07266,32.66978],[-117.0725,32.66955],[-117.0727,32.66949],[-117.07257,32.66914],[-117.07369,32.66949],[-117.07363,32.66935],[-117.07358,32.66919],[-117.07356,32.66912],[-117.07371,32.66912],[-117.074,32.6691],[-117.0741,32.66909],[-117.07423,32.66942],[-117.07399,32.66978]]],"type":"Polygon"},"properties":{"bbox":{"parking":{"area":78.66,"pct":0.93}},"city_same":1,"id":"hex:2630:16695"},"type":"Feature"},{"geometry":{"coordinates":[[[-117.07199,32.67075],[-117.07266,32.67173],[-117.07399,32.67173],[-117.07466,32.67075],[-117.07399,32.66978],[-117.07266,32.66978],[-117.07199,32.67075]]],"type":"Polygon"},"properties":{"bbox":{"parking":{"area":99.78,"pct":0.25}},"city_same":1,"id":"hex:2630:16696"},"type":"Feature"},{"geometry":{"coordinates":[[[-117.07199,32.67271],[-117.07266,32.67368],[-117.07399,32.67368],[-117.07466,32.67271],[-117.07399,32.67173],[-117.07266,32.67173],[-117.07199,32.67271]]],"type":"Polygon"},"properties":{"bbox":{"parking":{"area":1943.73,"pct":4.79}},"city_same":1,"id":"hex:2630:16697"},"type":"Feature"},{"geometry":{"coordinates":[[[-117.072,32.68443],[-117.07267,32.6854],[-117.074,32.6854],[-117.07467,32.68442],[-117.074,32.68345],[-117.07267,32.68345],[-117.072,32.68443]]],"type":"Polygon"},"properties":{"bbox":{"parking":{"area":11.37,"pct":0.03}},"city_same":1,"id":"hex:2630:16703"},"type":"Feature"},{"geometry":{"coordinates":[[[-117.072,32.68638],[-117.07267,32.68736],[-117.074,32.68735],[-117.07467,32.68638],[-117.074,32.6854],[-117.07267,32.6854],[-117.072,32.68638]]],"type":"Polygon"},"properties":{"bbox":{"parking":{"area":2592.64,"pct":6.39}},"city_same":1,"id":"hex:2630:16704"},"type":"Feature"},{"geometry":{"coordinates":[[[-117.06998,32.66001],[-117.07065,32.66099],[-117.07198,32.66099],[-117.07265,32.66001],[-117.07198,32.65904],[-117.07065,32.65904],[-117.06998,32.66001]]],"type":"Polygon"},"properties":{"bbox":{"parking":{"area":94.83,"pct":0.23}},"city_same":1,"id":"hex:2631:16690"},"type":"Feature"},{"geometry":{"coordinates":[[[-117.07266,32.66978],[-117.07199,32.67075],[-117.07066,32.67076],[-117.06999,32.66978],[-117.07016,32.66953],[-117.07039,32.66946],[-117.07063,32.67007],[-117.0725,32.66955],[-117.07266,32.66978]]],"type":"Polygon"},"properties":{"bbox":{"parking":{"area":767.54,"pct":3.7}},"city_same":1,"id":"hex:2631:16695"},"type":"Feature"},{"geometry":{"coordinates":[[[-117.07,32.6854],[-117.07067,32.68638],[-117.072,32.68638],[-117.07267,32.6854],[-117.072,32.68443],[-117.07067,32.68443],[-117.07,32.6854]]],"type":"Polygon"},"properties":{"bbox":{"parking":{"area":35.4,"pct":0.09}},"city_same":1,"id":"hex:2631:16703"},"type":"Feature"},{"geometry":{"coordinates":[[[-117.06798,32.65709],[-117.06865,32.65806],[-117.06998,32.65806],[-117.07065,32.65708],[-117.06998,32.65611],[-117.06865,32.65611],[-117.06798,32.65709]]],"type":"Polygon"},"properties":{"bbox":{"parking":{"area":9731.47,"pct":23.97},"sidewalks":{"area":395.85,"pct":0.98}},"city_same":1,"id":"hex:2632:16689"},"type":"Feature"},{"geometry":{"coordinates":[[[-117.06798,32.65904],[-117.06865,32.66001],[-117.06998,32.66001],[-117.07065,32.65904],[-117.06998,32.65806],[-117.06865,32.65806],[-117.06798,32.65904]]],"type":"Polygon"},"properties":{"bbox":{"parking":{"area":564.99,"pct":1.39},"sidewalks":{"area":211.07,"pct":0.52}},"city_same":1,"id":"hex:2632:16690"},"type":"Feature"},{"geometry":{"coordinates":[[[-117.06865,32.65416],[-117.06798,32.65513],[-117.06665,32.65513],[-117.06598,32.65416],[-117.06665,32.65318],[-117.06798,32.65318],[-117.06809,32.65334],[-117.06809,32.65374],[-117.06811,32.65376],[-117.06832,32.65368],[-117.06865,32.65416]]],"type":"Polygon"},"properties":{"bbox":{"parking":{"area":6597.88,"pct":16.46},"sidewalks":{"area":100.35,"pct":0.25}},"city_same":1,"id":"hex:2633:16687"},"type":"Feature"},{"geometry":{"coordinates":[[[-117.06598,32.65611],[-117.06665,32.65709],[-117.06798,32.65709],[-117.06865,32.65611],[-117.06798,32.65513],[-117.06665,32.65513],[-117.06598,32.65611]]],"type":"Polygon"},"properties":{"bbox":{"parking":{"area":15431.65,"pct":38.01},"sidewalks":{"area":251.76,"pct":0.62}},"city_same":1,"id":"hex:2633:16688"},"type":"Feature"},{"geometry":{"coordinates":[[[-117.06598,32.65806],[-117.06665,32.65904],[-117.06798,32.65904],[-117.06865,32.65806],[-117.06798,32.65709],[-117.06665,32.65709],[-117.06598,32.65806]]],"type":"Polygon"},"properties":{"bbox":{"parking":{"area":20719.77,"pct":51.04}},"city_same":1,"id":"hex:2633:16689"},"type":"Feature"},{"geometry":{"coordinates":[[[-117.06398,32.65318],[-117.06465,32.65416],[-117.06598,32.65416],[-117.06665,32.65318],[-117.06598,32.6522],[-117.06465,32.6522],[-117.06398,32.65318]]],"type":"Polygon"},"properties":{"bbox":{"parking":{"area":9080.67,"pct":22.37}},"city_same":1,"id":"hex:2634:16687"},"type":"Feature"},{"geometry":{"coordinates":[[[-117.06398,32.65513],[-117.06465,32.65611],[-117.06598,32.65611],[-117.06665,32.65513],[-117.06598,32.65416],[-117.06465,32.65416],[-117.06398,32.65513]]],"type":"Polygon"},"properties":{"bbox":{"parking":{"area":15479.84,"pct":38.13}},"city_same":1,"id":"hex:2634:16688"},"type":"Feature"},{"geometry":{"coordinates":[[[-117.06398,32.65709],[-117.06465,32.65806],[-117.06598,32.65806],[-117.06665,32.65709],[-117.06598,32.65611],[-117.06465,32.65611],[-117.06398,32.65709]]],"type":"Polygon"},"properties":{"bbox":{"parking":{"area":16203.17,"pct":39.91}},"city_same":1,"id":"hex:2634:16689"},"type":"Feature"},{"geometry":{"coordinates":[[[-117.06398,32.65904],[-117.06465,32.66002],[-117.06598,32.66002],[-117.06665,32.65904],[-117.06598,32.65806],[-117.06465,32.65806],[-117.06398,32.65904]]],"type":"Polygon"},"properties":{"bbox":{"parking":{"area":10921.1,"pct":26.9}},"city_same":1,"id":"hex:2634:16690"},"type":"Feature"},{"geometry":{"coordinates":[[[-117.06398,32.65318],[-117.06465,32.65416],[-117.06398,32.65513],[-117.06394,32.65513],[-117.06403,32.65476],[-117.06405,32.65464],[-117.06409,32.65443],[-117.06413,32.6541],[-117.06415,32.65377],[-117.06416,32.65346],[-117.06374,32.65318],[-117.06398,32.65318]]],"type":"Polygon"},"properties":{"bbox":{"parking":{"area":2999.52,"pct":59.61}},"city_same":1,"id":"hex:2635:16687"},"type":"Feature"},{"geometry":{"coordinates":[[[-117.06398,32.65513],[-117.06465,32.65611],[-117.06398,32.65709],[-117.06366,32.65709],[-117.06385,32.65703],[-117.06382,32.65669],[-117.0638,32.65653],[-117.06377,32.65632],[-117.06376,32.65611],[-117.06377,32.65593],[-117.06377,32.6559],[-117.06379,32.65569],[-117.06383,32.65549],[-117.06386,32.65537],[-117.06393,32.65517],[-117.06394,32.65513],[-117.06398,32.65513]]],"type":"Polygon"},"properties":{"bbox":{"parking":{"area":7344.97,"pct":71.72}},"city_same":1,"id":"hex:2635:16688"},"type":"Feature"},{"geometry":{"coordinates":[[[-117.06398,32.65709],[-117.06465,32.65806],[-117.06398,32.65904],[-117.06265,32.65904],[-117.06198,32.65807],[-117.0624,32.65745],[-117.0634,32.65717],[-117.06366,32.65709],[-117.06398,32.65709]]],"type":"Polygon"},"properties":{"bbox":{"parking":{"area":14658.43,"pct":37.92}},"city_same":1,"id":"hex:2635:16689"},"type":"Feature"}],"type":"FeatureCollection","v":2}