{"features":[{"geometry":{"coordinates":[[[-122.29427,38.01383],[-122.29371,38.01305],[-122.29408,38.01254],[-122.29476,38.01336],[-122.29429,38.01383],[-122.29427,38.01383]]],"type":"Polygon"},"properties":{"bbox":{"roads":{"area":233.06,"pct":3.63}},"city_same":1,"id":"hex:3746:24292"},"type":"Feature"},{"geometry":{"coordinates":[[[-122.29371,38.01305],[-122.29257,38.01304],[-122.29201,38.01226],[-122.29258,38.01148],[-122.2932,38.01148],[-122.29408,38.01254],[-122.29371,38.01305]]],"type":"Polygon"},"properties":{"bbox":{"roads":{"area":2357.6,"pct":10.82}},"city_same":1,"id":"hex:3747:24291"},"type":"Feature"},{"geometry":{"coordinates":[[[-122.29255,38.0146],[-122.29199,38.01382],[-122.29257,38.01304],[-122.29371,38.01305],[-122.29427,38.01383],[-122.2942,38.01393],[-122.29362,38.01451],[-122.29355,38.01461],[-122.29255,38.0146]]],"type":"Polygon"},"properties":{"bbox":{"roads":{"area":714.35,"pct":2.81}},"city_same":1,"id":"hex:3747:24292"},"type":"Feature"},{"geometry":{"coordinates":[[[-122.29254,38.01616],[-122.29198,38.01538],[-122.29255,38.0146],[-122.29355,38.01461],[-122.2931,38.01523],[-122.29413,38.01521],[-122.29424,38.01538],[-122.29415,38.01545],[-122.29399,38.01562],[-122.29381,38.0157],[-122.29349,38.01582],[-122.29342,38.0158],[-122.29322,38.01595],[-122.2929,38.01616],[-122.29254,38.01616]]],"type":"Polygon"},"properties":{"bbox":{"roads":{"area":495.54,"pct":2.53}},"city_same":1,"id":"hex:3747:24293"},"type":"Feature"},{"geometry":{"coordinates":[[[-122.29202,38.01069],[-122.29088,38.01069],[-122.29032,38.0099],[-122.2909,38.00913],[-122.29125,38.00913],[-122.29224,38.01039],[-122.29202,38.01069]]],"type":"Polygon"},"properties":{"bbox":{"roads":{"area":1047.37,"pct":5.66}},"city_same":1,"id":"hex:3748:24290"},"type":"Feature"},{"geometry":{"coordinates":[[[-122.29031,38.01146],[-122.29087,38.01225],[-122.29201,38.01226],[-122.29258,38.01148],[-122.29202,38.01069],[-122.29088,38.01069],[-122.29031,38.01146]]],"type":"Polygon"},"properties":{"bbox":{"roads":{"area":2636.59,"pct":10.15}},"city_same":1,"id":"hex:3748:24291"},"type":"Feature"},{"geometry":{"coordinates":[[[-122.29029,38.01303],[-122.29085,38.01381],[-122.29199,38.01382],[-122.29257,38.01304],[-122.29201,38.01226],[-122.29087,38.01225],[-122.29029,38.01303]]],"type":"Polygon"},"properties":{"bbox":{"roads":{"area":3383.75,"pct":13.02}},"city_same":1,"id":"hex:3748:24292"},"type":"Feature"},{"geometry":{"coordinates":[[[-122.29028,38.01459],[-122.29084,38.01537],[-122.29198,38.01538],[-122.29255,38.0146],[-122.29199,38.01382],[-122.29085,38.01381],[-122.29028,38.01459]]],"type":"Polygon"},"properties":{"bbox":{"roads":{"area":1446.83,"pct":5.57},"sidewalks":{"area":103.87,"pct":0.4}},"city_same":1,"id":"hex:3748:24293"},"type":"Feature"},{"geometry":{"coordinates":[[[-122.29082,38.01693],[-122.29026,38.01615],[-122.29084,38.01537],[-122.29198,38.01538],[-122.29254,38.01616],[-122.29217,38.01666],[-122.29195,38.01677],[-122.2917,38.01686],[-122.29164,38.01694],[-122.29082,38.01693]]],"type":"Polygon"},"properties":{"bbox":{"parking":{"area":268.62,"pct":1.05},"roads":{"area":1654.6,"pct":6.5},"sidewalks":{"area":560.5,"pct":2.2}},"city_same":1,"id":"hex:3748:24294"},"type":"Feature"},{"geometry":{"coordinates":[[[-122.28862,38.00911],[-122.28918,38.0099],[-122.29032,38.0099],[-122.2909,38.00913],[-122.29034,38.00834],[-122.2892,38.00834],[-122.28862,38.00911]]],"type":"Polygon"},"properties":{"bbox":{"roads":{"area":2379.73,"pct":9.16}},"city_same":1,"id":"hex:3749:24289"},"type":"Feature"},{"geometry":{"coordinates":[[[-122.2886,38.01067],[-122.28917,38.01146],[-122.29031,38.01146],[-122.29088,38.01069],[-122.29032,38.0099],[-122.28918,38.0099],[-122.2886,38.01067]]],"type":"Polygon"},"properties":{"bbox":{"roads":{"area":2455.6,"pct":9.45}},"city_same":1,"id":"hex:3749:24290"},"type":"Feature"},{"geometry":{"coordinates":[[[-122.28859,38.01223],[-122.28915,38.01302],[-122.29029,38.01303],[-122.29087,38.01225],[-122.29031,38.01146],[-122.28917,38.01146],[-122.28859,38.01223]]],"type":"Polygon"},"properties":{"bbox":{"roads":{"area":2757.67,"pct":10.61},"sidewalks":{"area":61.28,"pct":0.24}},"city_same":1,"id":"hex:3749:24291"},"type":"Feature"},{"geometry":{"coordinates":[[[-122.28857,38.0138],[-122.28914,38.01458],[-122.29028,38.01459],[-122.29085,38.01381],[-122.29029,38.01303],[-122.28915,38.01302],[-122.28857,38.0138]]],"type":"Polygon"},"properties":{"bbox":{"parking":{"area":206.9,"pct":0.8},"roads":{"area":3146.39,"pct":12.11},"sidewalks":{"area":147.21,"pct":0.57}},"city_same":1,"id":"hex:3749:24292"},"type":"Feature"},{"geometry":{"coordinates":[[[-122.28856,38.01536],[-122.28912,38.01614],[-122.29026,38.01615],[-122.29084,38.01537],[-122.29028,38.01459],[-122.28914,38.01458],[-122.28856,38.01536]]],"type":"Polygon"},"properties":{"bbox":{"parking":{"area":9.96,"pct":0.04},"roads":{"area":2722.64,"pct":10.48},"sidewalks":{"area":587.38,"pct":2.26}},"city_same":1,"id":"hex:3749:24293"},"type":"Feature"},{"geometry":{"coordinates":[[[-122.28854,38.01692],[-122.28911,38.0177],[-122.29024,38.01771],[-122.29082,38.01693],[-122.29026,38.01615],[-122.28912,38.01614],[-122.28854,38.01692]]],"type":"Polygon"},"properties":{"bbox":{"parking":{"area":19.87,"pct":0.08},"roads":{"area":2054.87,"pct":7.91},"sidewalks":{"area":313.61,"pct":1.21}},"city_same":1,"id":"hex:3749:24294"},"type":"Feature"},{"geometry":{"coordinates":[[[-122.2892,38.00834],[-122.28862,38.00911],[-122.28748,38.00911],[-122.28699,38.00842],[-122.28749,38.00831],[-122.28861,38.00816],[-122.28873,38.00815],[-122.28874,38.00822],[-122.28911,38.00821],[-122.2892,38.00834]]],"type":"Polygon"},"properties":{"bbox":{"roads":{"area":1000.98,"pct":6.93}},"city_same":1,"id":"hex:3750:24289"},"type":"Feature"},{"geometry":{"coordinates":[[[-122.2869,38.00988],[-122.28747,38.01067],[-122.2886,38.01067],[-122.28918,38.0099],[-122.28862,38.00911],[-122.28748,38.00911],[-122.2869,38.00988]]],"type":"Polygon"},"properties":{"bbox":{"roads":{"area":1262.56,"pct":4.86}},"city_same":1,"id":"hex:3750:24290"},"type":"Feature"},{"geometry":{"coordinates":[[[-122.28689,38.01144],[-122.28745,38.01223],[-122.28859,38.01223],[-122.28917,38.01146],[-122.2886,38.01067],[-122.28747,38.01067],[-122.28689,38.01144]]],"type":"Polygon"},"properties":{"bbox":{"roads":{"area":2486.11,"pct":9.57}},"city_same":1,"id":"hex:3750:24291"},"type":"Feature"},{"geometry":{"coordinates":[[[-122.28687,38.013],[-122.28743,38.01379],[-122.28857,38.0138],[-122.28915,38.01302],[-122.28859,38.01223],[-122.28745,38.01223],[-122.28687,38.013]]],"type":"Polygon"},"properties":{"bbox":{"parking":{"area":332.3,"pct":1.28},"roads":{"area":2584.38,"pct":9.95},"sidewalks":{"area":217.26,"pct":0.84}},"city_same":1,"id":"hex:3750:24292"},"type":"Feature"},{"geometry":{"coordinates":[[[-122.28686,38.01457],[-122.28742,38.01535],[-122.28856,38.01536],[-122.28914,38.01458],[-122.28857,38.0138],[-122.28743,38.01379],[-122.28686,38.01457]]],"type":"Polygon"},"properties":{"bbox":{"roads":{"area":2189.26,"pct":8.43}},"city_same":1,"id":"hex:3750:24293"},"type":"Feature"},{"geometry":{"coordinates":[[[-122.28684,38.01613],[-122.2874,38.01691],[-122.28854,38.01692],[-122.28912,38.01614],[-122.28856,38.01536],[-122.28742,38.01535],[-122.28684,38.01613]]],"type":"Polygon"},"properties":{"bbox":{"roads":{"area":3639.3,"pct":14.01},"sidewalks":{"area":1043.68,"pct":4.02}},"city_same":1,"id":"hex:3750:24294"},"type":"Feature"},{"geometry":{"coordinates":[[[-122.28683,38.01769],[-122.28739,38.01847],[-122.28853,38.01848],[-122.28911,38.0177],[-122.28854,38.01692],[-122.2874,38.01691],[-122.28683,38.01769]]],"type":"Polygon"},"properties":{"bbox":{"parking":{"area":223.07,"pct":0.86},"roads":{"area":2895.31,"pct":11.14},"sidewalks":{"area":452.04,"pct":1.74}},"city_same":1,"id":"hex:3750:24295"},"type":"Feature"},{"geometry":{"coordinates":[[[-122.28681,38.01925],[-122.28737,38.02003],[-122.28851,38.02004],[-122.28909,38.01926],[-122.28853,38.01848],[-122.28739,38.01847],[-122.28681,38.01925]]],"type":"Polygon"},"properties":{"bbox":{"parking":{"area":1033.36,"pct":3.98},"roads":{"area":1811.07,"pct":6.97},"sidewalks":{"area":339.91,"pct":1.31}},"city_same":1,"id":"hex:3750:24296"},"type":"Feature"},{"geometry":{"coordinates":[[[[-122.28748,38.00911],[-122.2869,38.00988],[-122.28576,38.00988],[-122.28525,38.00916],[-122.28639,38.00855],[-122.28699,38.00842],[-122.28748,38.00911]]],[[[-122.28565,38.00849],[-122.28587,38.00841],[-122.28539,38.00884],[-122.28565,38.00849]]]],"type":"MultiPolygon"},"properties":{"bbox":{"roads":{"area":844.52,"pct":4}},"city_same":1,"id":"hex:3751:24289"},"type":"Feature"},{"geometry":{"coordinates":[[[-122.28519,38.01065],[-122.28575,38.01144],[-122.28689,38.01144],[-122.28747,38.01067],[-122.2869,38.00988],[-122.28576,38.00988],[-122.28519,38.01065]]],"type":"Polygon"},"properties":{"bbox":{"roads":{"area":1699.28,"pct":6.54},"sidewalks":{"area":77.35,"pct":0.3}},"city_same":1,"id":"hex:3751:24290"},"type":"Feature"},{"geometry":{"coordinates":[[[-122.28517,38.01221],[-122.28573,38.013],[-122.28687,38.013],[-122.28745,38.01223],[-122.28689,38.01144],[-122.28575,38.01144],[-122.28517,38.01221]]],"type":"Polygon"},"properties":{"bbox":{"roads":{"area":5008.56,"pct":19.28},"sidewalks":{"area":279.87,"pct":1.08}},"city_same":1,"id":"hex:3751:24291"},"type":"Feature"},{"geometry":{"coordinates":[[[-122.28516,38.01377],[-122.28572,38.01456],[-122.28686,38.01457],[-122.28743,38.01379],[-122.28687,38.013],[-122.28573,38.013],[-122.28516,38.01377]]],"type":"Polygon"},"properties":{"bbox":{"roads":{"area":1785.11,"pct":6.87}},"city_same":1,"id":"hex:3751:24292"},"type":"Feature"},{"geometry":{"coordinates":[[[-122.28514,38.01534],[-122.2857,38.01612],[-122.28684,38.01613],[-122.28742,38.01535],[-122.28686,38.01457],[-122.28572,38.01456],[-122.28514,38.01534]]],"type":"Polygon"},"properties":{"bbox":{"roads":{"area":2118.71,"pct":8.15}},"city_same":1,"id":"hex:3751:24293"},"type":"Feature"},{"geometry":{"coordinates":[[[-122.28513,38.0169],[-122.28569,38.01768],[-122.28683,38.01769],[-122.2874,38.01691],[-122.28684,38.01613],[-122.2857,38.01612],[-122.28513,38.0169]]],"type":"Polygon"},"properties":{"bbox":{"roads":{"area":3240.01,"pct":12.47},"sidewalks":{"area":718.53,"pct":2.77}},"city_same":1,"id":"hex:3751:24294"},"type":"Feature"},{"geometry":{"coordinates":[[[-122.28511,38.01846],[-122.28567,38.01924],[-122.28681,38.01925],[-122.28739,38.01847],[-122.28683,38.01769],[-122.28569,38.01768],[-122.28511,38.01846]]],"type":"Polygon"},"properties":{"bbox":{"roads":{"area":3477.11,"pct":13.38},"sidewalks":{"area":638.89,"pct":2.46}},"city_same":1,"id":"hex:3751:24295"},"type":"Feature"},{"geometry":{"coordinates":[[[-122.2851,38.02002],[-122.28566,38.0208],[-122.2868,38.02081],[-122.28737,38.02003],[-122.28681,38.01925],[-122.28567,38.01924],[-122.2851,38.02002]]],"type":"Polygon"},"properties":{"bbox":{"roads":{"area":3126.8,"pct":12.04},"sidewalks":{"area":122.53,"pct":0.47}},"city_same":1,"id":"hex:3751:24296"},"type":"Feature"},{"geometry":{"coordinates":[[[-122.28566,38.0208],[-122.2868,38.02081],[-122.28709,38.02121],[-122.28697,38.02114],[-122.28673,38.02114],[-122.28668,38.02121],[-122.28662,38.02128],[-122.28647,38.02124],[-122.28607,38.02131],[-122.28587,38.02122],[-122.28573,38.02118],[-122.28561,38.02122],[-122.28556,38.02131],[-122.28544,38.0213],[-122.28539,38.02122],[-122.28534,38.02123],[-122.28566,38.0208]]],"type":"Polygon"},"properties":{"bbox":{"roads":{"area":23.57,"pct":0.39}},"city_same":1,"id":"hex:3751:24297"},"type":"Feature"},{"geometry":{"coordinates":[[[-122.28406,38.00908],[-122.2835,38.0083],[-122.28371,38.00802],[-122.28402,38.00837],[-122.28448,38.00888],[-122.28565,38.00849],[-122.28539,38.00884],[-122.28511,38.00909],[-122.28406,38.00908]]],"type":"Polygon"},"properties":{"bbox":{"roads":{"area":644.38,"pct":8.35}},"city_same":1,"id":"hex:3752:24289"},"type":"Feature"},{"geometry":{"coordinates":[[[-122.28576,38.00988],[-122.28519,38.01065],[-122.28405,38.01065],[-122.28349,38.00986],[-122.28406,38.00908],[-122.28511,38.00909],[-122.2847,38.00945],[-122.28525,38.00916],[-122.28576,38.00988]]],"type":"Polygon"},"properties":{"bbox":{"roads":{"area":3847.53,"pct":15.05},"sidewalks":{"area":215.82,"pct":0.84}},"city_same":1,"id":"hex:3752:24290"},"type":"Feature"},{"geometry":{"coordinates":[[[-122.28347,38.01142],[-122.28403,38.01221],[-122.28517,38.01221],[-122.28575,38.01144],[-122.28519,38.01065],[-122.28405,38.01065],[-122.28347,38.01142]]],"type":"Polygon"},"properties":{"bbox":{"roads":{"area":3865.96,"pct":14.88},"sidewalks":{"area":448.51,"pct":1.73}},"city_same":1,"id":"hex:3752:24291"},"type":"Feature"},{"geometry":{"coordinates":[[[-122.28346,38.01298],[-122.28402,38.01377],[-122.28516,38.01377],[-122.28573,38.013],[-122.28517,38.01221],[-122.28403,38.01221],[-122.28346,38.01298]]],"type":"Polygon"},"properties":{"bbox":{"roads":{"area":3028.97,"pct":11.66}},"city_same":1,"id":"hex:3752:24292"},"type":"Feature"},{"geometry":{"coordinates":[[[-122.28344,38.01454],[-122.284,38.01533],[-122.28514,38.01534],[-122.28572,38.01456],[-122.28516,38.01377],[-122.28402,38.01377],[-122.28344,38.01454]]],"type":"Polygon"},"properties":{"bbox":{"roads":{"area":2261.68,"pct":8.71},"sidewalks":{"area":144.71,"pct":0.56}},"city_same":1,"id":"hex:3752:24293"},"type":"Feature"},{"geometry":{"coordinates":[[[-122.28343,38.01611],[-122.28399,38.01689],[-122.28513,38.0169],[-122.2857,38.01612],[-122.28514,38.01534],[-122.284,38.01533],[-122.28343,38.01611]]],"type":"Polygon"},"properties":{"bbox":{"roads":{"area":856.85,"pct":3.3},"sidewalks":{"area":175.98,"pct":0.68}},"city_same":1,"id":"hex:3752:24294"},"type":"Feature"},{"geometry":{"coordinates":[[[-122.28341,38.01767],[-122.28397,38.01845],[-122.28511,38.01846],[-122.28569,38.01768],[-122.28513,38.0169],[-122.28399,38.01689],[-122.28341,38.01767]]],"type":"Polygon"},"properties":{"bbox":{"roads":{"area":3228.72,"pct":12.43},"sidewalks":{"area":1099.75,"pct":4.23}},"city_same":1,"id":"hex:3752:24295"},"type":"Feature"},{"geometry":{"coordinates":[[[-122.28339,38.01923],[-122.28396,38.02001],[-122.2851,38.02002],[-122.28567,38.01924],[-122.28511,38.01846],[-122.28397,38.01845],[-122.28339,38.01923]]],"type":"Polygon"},"properties":{"bbox":{"roads":{"area":3069.97,"pct":11.82},"sidewalks":{"area":849.22,"pct":3.27}},"city_same":1,"id":"hex:3752:24296"},"type":"Feature"},{"geometry":{"coordinates":[[[-122.28394,38.02157],[-122.28338,38.02079],[-122.28396,38.02001],[-122.2851,38.02002],[-122.28566,38.0208],[-122.28534,38.02123],[-122.28532,38.02124],[-122.28523,38.02129],[-122.28424,38.02157],[-122.28394,38.02157]]],"type":"Polygon"},"properties":{"bbox":{"roads":{"area":1320.6,"pct":5.35},"sidewalks":{"area":162.16,"pct":0.66}},"city_same":1,"id":"hex:3752:24297"},"type":"Feature"},{"geometry":{"coordinates":[[[-122.28238,38.00673],[-122.28182,38.00595],[-122.28235,38.00522],[-122.28279,38.00674],[-122.28238,38.00673]]],"type":"Polygon"},"properties":{"bbox":{"roads":{"area":492.77,"pct":6.96}},"city_same":1,"id":"hex:3753:24287"},"type":"Feature"},{"geometry":{"coordinates":[[[-122.2835,38.0083],[-122.28236,38.00829],[-122.2818,38.00751],[-122.28238,38.00673],[-122.28279,38.00674],[-122.2828,38.00678],[-122.28344,38.00773],[-122.28371,38.00802],[-122.2835,38.0083]]],"type":"Polygon"},"properties":{"bbox":{"roads":{"area":2302.06,"pct":12.63}},"city_same":1,"id":"hex:3753:24288"},"type":"Feature"},{"geometry":{"coordinates":[[[-122.28178,38.00907],[-122.28235,38.00985],[-122.28349,38.00986],[-122.28406,38.00908],[-122.2835,38.0083],[-122.28236,38.00829],[-122.28178,38.00907]]],"type":"Polygon"},"properties":{"bbox":{"roads":{"area":2804.86,"pct":10.8},"sidewalks":{"area":373.85,"pct":1.44}},"city_same":1,"id":"hex:3753:24289"},"type":"Feature"},{"geometry":{"coordinates":[[[-122.28177,38.01063],[-122.28233,38.01142],[-122.28347,38.01142],[-122.28405,38.01065],[-122.28349,38.00986],[-122.28235,38.00985],[-122.28177,38.01063]]],"type":"Polygon"},"properties":{"bbox":{"roads":{"area":7374.08,"pct":28.38},"sidewalks":{"area":721.6,"pct":2.78}},"city_same":1,"id":"hex:3753:24290"},"type":"Feature"},{"geometry":{"coordinates":[[[-122.28175,38.01219],[-122.28232,38.01298],[-122.28346,38.01298],[-122.28403,38.01221],[-122.28347,38.01142],[-122.28233,38.01142],[-122.28175,38.01219]]],"type":"Polygon"},"properties":{"bbox":{"roads":{"area":3975.64,"pct":15.3}},"city_same":1,"id":"hex:3753:24291"},"type":"Feature"},{"geometry":{"coordinates":[[[-122.28174,38.01375],[-122.2823,38.01454],[-122.28344,38.01454],[-122.28402,38.01377],[-122.28346,38.01298],[-122.28232,38.01298],[-122.28174,38.01375]]],"type":"Polygon"},"properties":{"bbox":{"roads":{"area":2434.14,"pct":9.37}},"city_same":1,"id":"hex:3753:24292"},"type":"Feature"},{"geometry":{"coordinates":[[[-122.28172,38.01531],[-122.28229,38.0161],[-122.28343,38.01611],[-122.284,38.01533],[-122.28344,38.01454],[-122.2823,38.01454],[-122.28172,38.01531]]],"type":"Polygon"},"properties":{"bbox":{"parking":{"area":2489.11,"pct":9.58},"roads":{"area":1961.09,"pct":7.55},"sidewalks":{"area":740.51,"pct":2.85}},"city_same":1,"id":"hex:3753:24293"},"type":"Feature"},{"geometry":{"coordinates":[[[-122.28171,38.01688],[-122.28227,38.01766],[-122.28341,38.01767],[-122.28399,38.01689],[-122.28343,38.01611],[-122.28229,38.0161],[-122.28171,38.01688]]],"type":"Polygon"},"properties":{"bbox":{"parking":{"area":856.97,"pct":3.3},"roads":{"area":2832.72,"pct":10.9},"sidewalks":{"area":905.59,"pct":3.49}},"city_same":1,"id":"hex:3753:24294"},"type":"Feature"},{"geometry":{"coordinates":[[[-122.28169,38.01844],[-122.28226,38.01922],[-122.28339,38.01923],[-122.28397,38.01845],[-122.28341,38.01767],[-122.28227,38.01766],[-122.28169,38.01844]]],"type":"Polygon"},"properties":{"bbox":{"roads":{"area":4073.63,"pct":15.68},"sidewalks":{"area":1284.53,"pct":4.94}},"city_same":1,"id":"hex:3753:24295"},"type":"Feature"},{"geometry":{"coordinates":[[[-122.28168,38.02],[-122.28224,38.02078],[-122.28338,38.02079],[-122.28396,38.02001],[-122.28339,38.01923],[-122.28226,38.01922],[-122.28168,38.02]]],"type":"Polygon"},"properties":{"bbox":{"roads":{"area":2119.82,"pct":8.16},"sidewalks":{"area":206.14,"pct":0.79}},"city":{"roads":{"area":1134.89,"pct":4.37},"sidewalks":{"area":206.14,"pct":0.79}},"id":"hex:3753:24296"},"type":"Feature"},{"geometry":{"coordinates":[[[-122.28223,38.02234],[-122.28166,38.02156],[-122.28224,38.02078],[-122.28338,38.02079],[-122.28394,38.02157],[-122.28386,38.02168],[-122.28382,38.0217],[-122.2832,38.02191],[-122.2829,38.02208],[-122.28268,38.02223],[-122.28252,38.02234],[-122.28223,38.02234]]],"type":"Polygon"},"properties":{"bbox":{"roads":{"area":1.83,"pct":0.01}},"city":{"roads":{"area":1.72,"pct":0.01}},"id":"hex:3753:24297"},"type":"Feature"},{"geometry":{"coordinates":[[[-122.28182,38.00595],[-122.28068,38.00594],[-122.28011,38.00516],[-122.28069,38.00438],[-122.28183,38.00439],[-122.28202,38.00465],[-122.28231,38.00508],[-122.28235,38.00522],[-122.28182,38.00595]]],"type":"Polygon"},"properties":{"bbox":{"roads":{"area":2094.59,"pct":8.09}},"city_same":1,"id":"hex:3754:24287"},"type":"Feature"},{"geometry":{"coordinates":[[[-122.2801,38.00672],[-122.28066,38.0075],[-122.2818,38.00751],[-122.28238,38.00673],[-122.28182,38.00595],[-122.28068,38.00594],[-122.2801,38.00672]]],"type":"Polygon"},"properties":{"bbox":{"roads":{"area":5044.56,"pct":19.42},"sidewalks":{"area":254.41,"pct":0.98}},"city_same":1,"id":"hex:3754:24288"},"type":"Feature"},{"geometry":{"coordinates":[[[-122.28008,38.00828],[-122.28065,38.00906],[-122.28178,38.00907],[-122.28236,38.00829],[-122.2818,38.00751],[-122.28066,38.0075],[-122.28008,38.00828]]],"type":"Polygon"},"properties":{"bbox":{"roads":{"area":6336.62,"pct":24.39},"sidewalks":{"area":365.77,"pct":1.41}},"city_same":1,"id":"hex:3754:24289"},"type":"Feature"},{"geometry":{"coordinates":[[[-122.28007,38.00984],[-122.28063,38.01062],[-122.28177,38.01063],[-122.28235,38.00985],[-122.28178,38.00907],[-122.28065,38.00906],[-122.28007,38.00984]]],"type":"Polygon"},"properties":{"bbox":{"roads":{"area":2919.57,"pct":11.24},"sidewalks":{"area":84.77,"pct":0.33}},"city_same":1,"id":"hex:3754:24290"},"type":"Feature"},{"geometry":{"coordinates":[[[-122.28005,38.0114],[-122.28062,38.01219],[-122.28175,38.01219],[-122.28233,38.01142],[-122.28177,38.01063],[-122.28063,38.01062],[-122.28005,38.0114]]],"type":"Polygon"},"properties":{"bbox":{"roads":{"area":3525.74,"pct":13.57},"sidewalks":{"area":521.61,"pct":2.01}},"city_same":1,"id":"hex:3754:24291"},"type":"Feature"},{"geometry":{"coordinates":[[[-122.28004,38.01296],[-122.2806,38.01375],[-122.28174,38.01375],[-122.28232,38.01298],[-122.28175,38.01219],[-122.28062,38.01219],[-122.28004,38.01296]]],"type":"Polygon"},"properties":{"bbox":{"roads":{"area":1642.77,"pct":6.32}},"city_same":1,"id":"hex:3754:24292"},"type":"Feature"},{"geometry":{"coordinates":[[[-122.28002,38.01452],[-122.28058,38.01531],[-122.28172,38.01531],[-122.2823,38.01454],[-122.28174,38.01375],[-122.2806,38.01375],[-122.28002,38.01452]]],"type":"Polygon"},"properties":{"bbox":{"roads":{"area":1895.73,"pct":7.3},"sidewalks":{"area":526.79,"pct":2.03}},"city_same":1,"id":"hex:3754:24293"},"type":"Feature"},{"geometry":{"coordinates":[[[-122.28001,38.01608],[-122.28057,38.01687],[-122.28171,38.01688],[-122.28229,38.0161],[-122.28172,38.01531],[-122.28058,38.01531],[-122.28001,38.01608]]],"type":"Polygon"},"properties":{"bbox":{"parking":{"area":0.96,"pct":0},"roads":{"area":112.92,"pct":0.43}},"city_same":1,"id":"hex:3754:24294"},"type":"Feature"},{"geometry":{"coordinates":[[[-122.27999,38.01765],[-122.28055,38.01843],[-122.28169,38.01844],[-122.28227,38.01766],[-122.28171,38.01688],[-122.28057,38.01687],[-122.27999,38.01765]]],"type":"Polygon"},"properties":{"bbox":{"roads":{"area":855.42,"pct":3.29},"sidewalks":{"area":105.69,"pct":0.41}},"city_same":1,"id":"hex:3754:24295"},"type":"Feature"},{"geometry":{"coordinates":[[[-122.27998,38.01921],[-122.28054,38.01999],[-122.28168,38.02],[-122.28226,38.01922],[-122.28169,38.01844],[-122.28055,38.01843],[-122.27998,38.01921]]],"type":"Polygon"},"properties":{"bbox":{"roads":{"area":2313.48,"pct":8.9}},"city":{"roads":{"area":269.39,"pct":1.04}},"id":"hex:3754:24296"},"type":"Feature"},{"geometry":{"coordinates":[[[-122.27996,38.02077],[-122.28052,38.02155],[-122.28166,38.02156],[-122.28224,38.02078],[-122.28168,38.02],[-122.28054,38.01999],[-122.27996,38.02077]]],"type":"Polygon"},"properties":{"bbox":{"roads":{"area":1235.32,"pct":4.75}},"city_same":1,"id":"hex:3754:24297"},"type":"Feature"},{"geometry":{"coordinates":[[[-122.27844,38.00125],[-122.27901,38.00203],[-122.28015,38.00204],[-122.28072,38.00126],[-122.28016,38.00048],[-122.27902,38.00047],[-122.27844,38.00125]]],"type":"Polygon"},"properties":{"bbox":{"roads":{"area":334.96,"pct":1.29}},"city_same":1,"id":"hex:3755:24284"},"type":"Feature"},{"geometry":{"coordinates":[[[-122.27899,38.00359],[-122.27843,38.00281],[-122.27901,38.00203],[-122.28015,38.00204],[-122.28015,38.00204],[-122.28004,38.0021],[-122.27975,38.00241],[-122.27984,38.00301],[-122.27904,38.00325],[-122.27936,38.00359],[-122.27899,38.00359]]],"type":"Polygon"},"properties":{"bbox":{"roads":{"area":437.78,"pct":3.1}},"city_same":1,"id":"hex:3755:24285"},"type":"Feature"},{"geometry":{"coordinates":[[[-122.28069,38.00438],[-122.28011,38.00516],[-122.27898,38.00515],[-122.27841,38.00437],[-122.27899,38.00359],[-122.27936,38.00359],[-122.27975,38.00401],[-122.28041,38.00399],[-122.28069,38.00438]]],"type":"Polygon"},"properties":{"bbox":{"roads":{"area":4693.42,"pct":20.29}},"city":{"roads":{"area":313.03,"pct":1.35}},"id":"hex:3755:24286"},"type":"Feature"},{"geometry":{"coordinates":[[[-122.2784,38.00593],[-122.27896,38.00671],[-122.2801,38.00672],[-122.28068,38.00594],[-122.28011,38.00516],[-122.27898,38.00515],[-122.2784,38.00593]]],"type":"Polygon"},"properties":{"bbox":{"roads":{"area":2507.26,"pct":9.65}},"city_same":1,"id":"hex:3755:24287"},"type":"Feature"},{"geometry":{"coordinates":[[[-122.27838,38.00749],[-122.27894,38.00827],[-122.28008,38.00828],[-122.28066,38.0075],[-122.2801,38.00672],[-122.27896,38.00671],[-122.27838,38.00749]]],"type":"Polygon"},"properties":{"bbox":{"roads":{"area":5108.76,"pct":19.66}},"city_same":1,"id":"hex:3755:24288"},"type":"Feature"},{"geometry":{"coordinates":[[[-122.27837,38.00905],[-122.27893,38.00983],[-122.28007,38.00984],[-122.28065,38.00906],[-122.28008,38.00828],[-122.27894,38.00827],[-122.27837,38.00905]]],"type":"Polygon"},"properties":{"bbox":{"roads":{"area":4395.74,"pct":16.92},"sidewalks":{"area":65.5,"pct":0.25}},"city_same":1,"id":"hex:3755:24289"},"type":"Feature"},{"geometry":{"coordinates":[[[-122.27835,38.01061],[-122.27891,38.01139],[-122.28005,38.0114],[-122.28063,38.01062],[-122.28007,38.00984],[-122.27893,38.00983],[-122.27835,38.01061]]],"type":"Polygon"},"properties":{"bbox":{"roads":{"area":3585.83,"pct":13.8}},"city_same":1,"id":"hex:3755:24290"},"type":"Feature"},{"geometry":{"coordinates":[[[-122.27834,38.01217],[-122.2789,38.01296],[-122.28004,38.01296],[-122.28062,38.01219],[-122.28005,38.0114],[-122.27891,38.01139],[-122.27834,38.01217]]],"type":"Polygon"},"properties":{"bbox":{"roads":{"area":2599.6,"pct":10.01},"sidewalks":{"area":572.01,"pct":2.2}},"city_same":1,"id":"hex:3755:24291"},"type":"Feature"},{"geometry":{"coordinates":[[[-122.27832,38.01373],[-122.27888,38.01452],[-122.28002,38.01452],[-122.2806,38.01375],[-122.28004,38.01296],[-122.2789,38.01296],[-122.27832,38.01373]]],"type":"Polygon"},"properties":{"bbox":{"roads":{"area":2346.73,"pct":9.03},"sidewalks":{"area":850.98,"pct":3.28}},"city_same":1,"id":"hex:3755:24292"},"type":"Feature"},{"geometry":{"coordinates":[[[-122.27831,38.01529],[-122.27887,38.01608],[-122.28001,38.01608],[-122.28058,38.01531],[-122.28002,38.01452],[-122.27888,38.01452],[-122.27831,38.01529]]],"type":"Polygon"},"properties":{"bbox":{"roads":{"area":3066.2,"pct":11.8}},"city_same":1,"id":"hex:3755:24293"},"type":"Feature"},{"geometry":{"coordinates":[[[-122.27829,38.01685],[-122.27885,38.01764],[-122.27999,38.01765],[-122.28057,38.01687],[-122.28001,38.01608],[-122.27887,38.01608],[-122.27829,38.01685]]],"type":"Polygon"},"properties":{"bbox":{"roads":{"area":1811.68,"pct":6.97}},"city_same":1,"id":"hex:3755:24294"},"type":"Feature"},{"geometry":{"coordinates":[[[-122.27828,38.01842],[-122.27884,38.0192],[-122.27998,38.01921],[-122.28055,38.01843],[-122.27999,38.01765],[-122.27885,38.01764],[-122.27828,38.01842]]],"type":"Polygon"},"properties":{"bbox":{"roads":{"area":2410.22,"pct":9.28}},"city":{"roads":{"area":188.87,"pct":0.73}},"id":"hex:3755:24295"},"type":"Feature"},{"geometry":{"coordinates":[[[-122.27826,38.01998],[-122.27882,38.02076],[-122.27996,38.02077],[-122.28054,38.01999],[-122.27998,38.01921],[-122.27884,38.0192],[-122.27826,38.01998]]],"type":"Polygon"},"properties":{"bbox":{"roads":{"area":3393.32,"pct":13.06}},"city_same":1,"id":"hex:3755:24296"},"type":"Feature"},{"geometry":{"coordinates":[[[-122.27825,38.02154],[-122.27881,38.02232],[-122.27995,38.02233],[-122.28052,38.02155],[-122.27996,38.02077],[-122.27882,38.02076],[-122.27825,38.02154]]],"type":"Polygon"},"properties":{"bbox":{"roads":{"area":2006.99,"pct":7.72}},"city_same":1,"id":"hex:3755:24297"},"type":"Feature"},{"geometry":{"coordinates":[[[-122.27823,38.0231],[-122.27879,38.02388],[-122.27993,38.02389],[-122.28051,38.02311],[-122.27995,38.02233],[-122.27881,38.02232],[-122.27823,38.0231]]],"type":"Polygon"},"properties":{"bbox":{"roads":{"area":380.06,"pct":1.46}},"city_same":1,"id":"hex:3755:24298"},"type":"Feature"},{"geometry":{"coordinates":[[[-122.27821,38.02466],[-122.27878,38.02544],[-122.27992,38.02545],[-122.28049,38.02467],[-122.27993,38.02389],[-122.27879,38.02388],[-122.27821,38.02466]]],"type":"Polygon"},"properties":{"bbox":{"roads":{"area":3151.21,"pct":12.13}},"city_same":1,"id":"hex:3755:24299"},"type":"Feature"},{"geometry":{"coordinates":[[[-122.27876,38.027],[-122.2782,38.02622],[-122.27878,38.02544],[-122.27992,38.02545],[-122.28016,38.02579],[-122.27985,38.02643],[-122.27975,38.02652],[-122.27947,38.02686],[-122.27944,38.02701],[-122.27876,38.027]]],"type":"Polygon"},"properties":{"bbox":{"roads":{"area":1569.05,"pct":7.49}},"city_same":1,"id":"hex:3755:24300"},"type":"Feature"},{"geometry":{"coordinates":[[[-122.27902,38.00047],[-122.27844,38.00125],[-122.27731,38.00124],[-122.27674,38.00045],[-122.27732,37.99968],[-122.27785,37.99968],[-122.27808,38.00004],[-122.27885,38.00022],[-122.27902,38.00047]]],"type":"Polygon"},"properties":{"bbox":{"roads":{"area":1381.77,"pct":5.94}},"city_same":1,"id":"hex:3756:24284"},"type":"Feature"},{"geometry":{"coordinates":[[[-122.27673,38.00202],[-122.27729,38.0028],[-122.27843,38.00281],[-122.27901,38.00203],[-122.27844,38.00125],[-122.27731,38.00124],[-122.27673,38.00202]]],"type":"Polygon"},"properties":{"bbox":{"roads":{"area":2020.63,"pct":7.78}},"city_same":1,"id":"hex:3756:24285"},"type":"Feature"},{"geometry":{"coordinates":[[[-122.27671,38.00358],[-122.27727,38.00436],[-122.27841,38.00437],[-122.27899,38.00359],[-122.27843,38.00281],[-122.27729,38.0028],[-122.27671,38.00358]]],"type":"Polygon"},"properties":{"bbox":{"roads":{"area":1308.85,"pct":5.04}},"city_same":1,"id":"hex:3756:24286"},"type":"Feature"},{"geometry":{"coordinates":[[[-122.2767,38.00514],[-122.27726,38.00592],[-122.2784,38.00593],[-122.27898,38.00515],[-122.27841,38.00437],[-122.27727,38.00436],[-122.2767,38.00514]]],"type":"Polygon"},"properties":{"bbox":{"roads":{"area":4455.09,"pct":17.15}},"id":"hex:3756:24287"},"type":"Feature"},{"geometry":{"coordinates":[[[-122.27668,38.0067],[-122.27724,38.00748],[-122.27838,38.00749],[-122.27896,38.00671],[-122.2784,38.00593],[-122.27726,38.00592],[-122.27668,38.0067]]],"type":"Polygon"},"properties":{"bbox":{"roads":{"area":5073.6,"pct":19.53}},"city":{"roads":{"area":678.64,"pct":2.61}},"id":"hex:3756:24288"},"type":"Feature"},{"geometry":{"coordinates":[[[-122.27667,38.00826],[-122.27723,38.00904],[-122.27837,38.00905],[-122.27894,38.00827],[-122.27838,38.00749],[-122.27724,38.00748],[-122.27667,38.00826]]],"type":"Polygon"},"properties":{"bbox":{"roads":{"area":4273.97,"pct":16.45}},"city_same":1,"id":"hex:3756:24289"},"type":"Feature"},{"geometry":{"coordinates":[[[-122.27665,38.00982],[-122.27721,38.0106],[-122.27835,38.01061],[-122.27893,38.00983],[-122.27837,38.00905],[-122.27723,38.00904],[-122.27665,38.00982]]],"type":"Polygon"},"properties":{"bbox":{"roads":{"area":4842.59,"pct":18.64}},"city_same":1,"id":"hex:3756:24290"},"type":"Feature"},{"geometry":{"coordinates":[[[-122.27664,38.01138],[-122.2772,38.01216],[-122.27834,38.01217],[-122.27891,38.01139],[-122.27835,38.01061],[-122.27721,38.0106],[-122.27664,38.01138]]],"type":"Polygon"},"properties":{"bbox":{"roads":{"area":542.2,"pct":2.09},"sidewalks":{"area":6.23,"pct":0.02}},"city_same":1,"id":"hex:3756:24291"},"type":"Feature"},{"geometry":{"coordinates":[[[-122.27662,38.01294],[-122.27718,38.01373],[-122.27832,38.01373],[-122.2789,38.01296],[-122.27834,38.01217],[-122.2772,38.01216],[-122.27662,38.01294]]],"type":"Polygon"},"properties":{"bbox":{"roads":{"area":3274.11,"pct":12.6},"sidewalks":{"area":178.37,"pct":0.69}},"city_same":1,"id":"hex:3756:24292"},"type":"Feature"},{"geometry":{"coordinates":[[[-122.27661,38.0145],[-122.27717,38.01529],[-122.27831,38.01529],[-122.27888,38.01452],[-122.27832,38.01373],[-122.27718,38.01373],[-122.27661,38.0145]]],"type":"Polygon"},"properties":{"bbox":{"roads":{"area":4314,"pct":16.6},"sidewalks":{"area":555.92,"pct":2.14}},"city_same":1,"id":"hex:3756:24293"},"type":"Feature"},{"geometry":{"coordinates":[[[-122.27659,38.01606],[-122.27715,38.01685],[-122.27829,38.01685],[-122.27887,38.01608],[-122.27831,38.01529],[-122.27717,38.01529],[-122.27659,38.01606]]],"type":"Polygon"},"properties":{"bbox":{"roads":{"area":4631.52,"pct":17.83},"sidewalks":{"area":676.4,"pct":2.6}},"city_same":1,"id":"hex:3756:24294"},"type":"Feature"},{"geometry":{"coordinates":[[[-122.27657,38.01762],[-122.27714,38.01841],[-122.27828,38.01842],[-122.27885,38.01764],[-122.27829,38.01685],[-122.27715,38.01685],[-122.27657,38.01762]]],"type":"Polygon"},"properties":{"bbox":{"roads":{"area":4067.66,"pct":15.66}},"city":{"roads":{"area":3339.36,"pct":12.85}},"id":"hex:3756:24295"},"type":"Feature"},{"geometry":{"coordinates":[[[-122.27656,38.01919],[-122.27712,38.01997],[-122.27826,38.01998],[-122.27884,38.0192],[-122.27828,38.01842],[-122.27714,38.01841],[-122.27656,38.01919]]],"type":"Polygon"},"properties":{"bbox":{"roads":{"area":4508.35,"pct":17.35}},"city":{"roads":{"area":2884.68,"pct":11.1}},"id":"hex:3756:24296"},"type":"Feature"},{"geometry":{"coordinates":[[[-122.27654,38.02075],[-122.27711,38.02153],[-122.27825,38.02154],[-122.27882,38.02076],[-122.27826,38.01998],[-122.27712,38.01997],[-122.27654,38.02075]]],"type":"Polygon"},"properties":{"bbox":{"roads":{"area":2432.8,"pct":9.36}},"city_same":1,"id":"hex:3756:24297"},"type":"Feature"},{"geometry":{"coordinates":[[[-122.27653,38.02231],[-122.27709,38.02309],[-122.27823,38.0231],[-122.27881,38.02232],[-122.27825,38.02154],[-122.27711,38.02153],[-122.27653,38.02231]]],"type":"Polygon"},"properties":{"bbox":{"roads":{"area":3878.28,"pct":14.93}},"city_same":1,"id":"hex:3756:24298"},"type":"Feature"},{"geometry":{"coordinates":[[[-122.27651,38.02387],[-122.27708,38.02465],[-122.27821,38.02466],[-122.27879,38.02388],[-122.27823,38.0231],[-122.27709,38.02309],[-122.27651,38.02387]]],"type":"Polygon"},"properties":{"bbox":{"roads":{"area":2937.99,"pct":11.31}},"city_same":1,"id":"hex:3756:24299"},"type":"Feature"},{"geometry":{"coordinates":[[[-122.2765,38.02543],[-122.27706,38.02621],[-122.2782,38.02622],[-122.27878,38.02544],[-122.27821,38.02466],[-122.27708,38.02465],[-122.2765,38.02543]]],"type":"Polygon"},"properties":{"bbox":{"roads":{"area":882.94,"pct":3.4}},"city_same":1,"id":"hex:3756:24300"},"type":"Feature"},{"geometry":{"coordinates":[[[-122.27704,38.02777],[-122.27648,38.02699],[-122.27706,38.02621],[-122.2782,38.02622],[-122.27876,38.027],[-122.27831,38.02762],[-122.27813,38.02773],[-122.27806,38.02778],[-122.27704,38.02777]]],"type":"Polygon"},"properties":{"bbox":{"roads":{"area":2111.49,"pct":8.16}},"city_same":1,"id":"hex:3756:24301"},"type":"Feature"},{"geometry":{"coordinates":[[[-122.27676,37.99889],[-122.27562,37.99889],[-122.27506,37.9981],[-122.27564,37.99733],[-122.27634,37.99733],[-122.27707,37.99847],[-122.27676,37.99889]]],"type":"Polygon"},"properties":{"bbox":{"roads":{"area":1276.21,"pct":5.91},"sidewalks":{"area":548.31,"pct":2.54}},"city_same":1,"id":"hex:3757:24282"},"type":"Feature"},{"geometry":{"coordinates":[[[-122.27504,37.99966],[-122.2756,38.00045],[-122.27674,38.00045],[-122.27732,37.99968],[-122.27676,37.99889],[-122.27562,37.99889],[-122.27504,37.99966]]],"type":"Polygon"},"properties":{"bbox":{"roads":{"area":2777.2,"pct":10.69},"sidewalks":{"area":577.84,"pct":2.22}},"city_same":1,"id":"hex:3757:24283"},"type":"Feature"},{"geometry":{"coordinates":[[[-122.27503,38.00122],[-122.27559,38.00201],[-122.27673,38.00202],[-122.27731,38.00124],[-122.27674,38.00045],[-122.2756,38.00045],[-122.27503,38.00122]]],"type":"Polygon"},"properties":{"bbox":{"roads":{"area":2047.24,"pct":7.88},"sidewalks":{"area":555.22,"pct":2.14}},"city_same":1,"id":"hex:3757:24284"},"type":"Feature"},{"geometry":{"coordinates":[[[-122.27501,38.00279],[-122.27557,38.00357],[-122.27671,38.00358],[-122.27729,38.0028],[-122.27673,38.00202],[-122.27559,38.00201],[-122.27501,38.00279]]],"type":"Polygon"},"properties":{"bbox":{"roads":{"area":1908.07,"pct":7.34},"sidewalks":{"area":404.11,"pct":1.56}},"city_same":1,"id":"hex:3757:24285"},"type":"Feature"},{"geometry":{"coordinates":[[[-122.275,38.00435],[-122.27556,38.00513],[-122.2767,38.00514],[-122.27727,38.00436],[-122.27671,38.00358],[-122.27557,38.00357],[-122.275,38.00435]]],"type":"Polygon"},"properties":{"bbox":{"roads":{"area":2110.55,"pct":8.12}},"city_same":1,"id":"hex:3757:24286"},"type":"Feature"},{"geometry":{"coordinates":[[[-122.27498,38.00591],[-122.27554,38.00669],[-122.27668,38.0067],[-122.27726,38.00592],[-122.2767,38.00514],[-122.27556,38.00513],[-122.27498,38.00591]]],"type":"Polygon"},"properties":{"bbox":{"roads":{"area":1014.43,"pct":3.9},"sidewalks":{"area":49.3,"pct":0.19}},"city_same":1,"id":"hex:3757:24287"},"type":"Feature"},{"geometry":{"coordinates":[[[-122.27497,38.00747],[-122.27553,38.00825],[-122.27667,38.00826],[-122.27724,38.00748],[-122.27668,38.0067],[-122.27554,38.00669],[-122.27497,38.00747]]],"type":"Polygon"},"properties":{"bbox":{"roads":{"area":5793.41,"pct":22.3}},"city":{"roads":{"area":261.41,"pct":1.01}},"id":"hex:3757:24288"},"type":"Feature"},{"geometry":{"coordinates":[[[-122.27495,38.00903],[-122.27551,38.00981],[-122.27665,38.00982],[-122.27723,38.00904],[-122.27667,38.00826],[-122.27553,38.00825],[-122.27495,38.00903]]],"type":"Polygon"},"properties":{"bbox":{"roads":{"area":2936.91,"pct":11.3}},"city":{"roads":{"area":548.08,"pct":2.11}},"id":"hex:3757:24289"},"type":"Feature"},{"geometry":{"coordinates":[[[-122.27494,38.01059],[-122.2755,38.01137],[-122.27664,38.01138],[-122.27721,38.0106],[-122.27665,38.00982],[-122.27551,38.00981],[-122.27494,38.01059]]],"type":"Polygon"},"properties":{"bbox":{"roads":{"area":1965.06,"pct":7.56}},"city_same":1,"id":"hex:3757:24290"},"type":"Feature"},{"geometry":{"coordinates":[[[-122.27492,38.01215],[-122.27548,38.01293],[-122.27662,38.01294],[-122.2772,38.01216],[-122.27664,38.01138],[-122.2755,38.01137],[-122.27492,38.01215]]],"type":"Polygon"},"properties":{"bbox":{"roads":{"area":3338,"pct":12.85},"sidewalks":{"area":273.03,"pct":1.05}},"city_same":1,"id":"hex:3757:24291"},"type":"Feature"},{"geometry":{"coordinates":[[[-122.2749,38.01371],[-122.27547,38.0145],[-122.27661,38.0145],[-122.27718,38.01373],[-122.27662,38.01294],[-122.27548,38.01293],[-122.2749,38.01371]]],"type":"Polygon"},"properties":{"bbox":{"roads":{"area":1403.47,"pct":5.4},"sidewalks":{"area":470.1,"pct":1.81}},"city_same":1,"id":"hex:3757:24292"},"type":"Feature"},{"geometry":{"coordinates":[[[-122.27489,38.01527],[-122.27545,38.01606],[-122.27659,38.01606],[-122.27717,38.01529],[-122.27661,38.0145],[-122.27547,38.0145],[-122.27489,38.01527]]],"type":"Polygon"},"properties":{"bbox":{"roads":{"area":5101.78,"pct":19.64},"sidewalks":{"area":531.64,"pct":2.05}},"city_same":1,"id":"hex:3757:24293"},"type":"Feature"},{"geometry":{"coordinates":[[[-122.27487,38.01683],[-122.27544,38.01762],[-122.27657,38.01762],[-122.27715,38.01685],[-122.27659,38.01606],[-122.27545,38.01606],[-122.27487,38.01683]]],"type":"Polygon"},"properties":{"bbox":{"roads":{"area":3454.4,"pct":13.3}},"city":{"roads":{"area":3113.8,"pct":11.99}},"id":"hex:3757:24294"},"type":"Feature"},{"geometry":{"coordinates":[[[-122.27486,38.01839],[-122.27542,38.01918],[-122.27656,38.01919],[-122.27714,38.01841],[-122.27657,38.01762],[-122.27544,38.01762],[-122.27486,38.01839]]],"type":"Polygon"},"properties":{"bbox":{"roads":{"area":4869.56,"pct":18.74}},"city":{"roads":{"area":2719.1,"pct":10.47}},"id":"hex:3757:24295"},"type":"Feature"},{"geometry":{"coordinates":[[[-122.27484,38.01996],[-122.2754,38.02074],[-122.27654,38.02075],[-122.27712,38.01997],[-122.27656,38.01919],[-122.27542,38.01918],[-122.27484,38.01996]]],"type":"Polygon"},"properties":{"bbox":{"roads":{"area":3026.01,"pct":11.65}},"city_same":1,"id":"hex:3757:24296"},"type":"Feature"},{"geometry":{"coordinates":[[[-122.27483,38.02152],[-122.27539,38.0223],[-122.27653,38.02231],[-122.27711,38.02153],[-122.27654,38.02075],[-122.2754,38.02074],[-122.27483,38.02152]]],"type":"Polygon"},"properties":{"bbox":{"roads":{"area":3820.07,"pct":14.7}},"city_same":1,"id":"hex:3757:24297"},"type":"Feature"},{"geometry":{"coordinates":[[[-122.27481,38.02308],[-122.27537,38.02386],[-122.27651,38.02387],[-122.27709,38.02309],[-122.27653,38.02231],[-122.27539,38.0223],[-122.27481,38.02308]]],"type":"Polygon"},"properties":{"bbox":{"roads":{"area":3750.01,"pct":14.43}},"city_same":1,"id":"hex:3757:24298"},"type":"Feature"},{"geometry":{"coordinates":[[[-122.2748,38.02464],[-122.27536,38.02542],[-122.2765,38.02543],[-122.27708,38.02465],[-122.27651,38.02387],[-122.27537,38.02386],[-122.2748,38.02464]]],"type":"Polygon"},"properties":{"bbox":{"roads":{"area":2913.27,"pct":11.21}},"city_same":1,"id":"hex:3757:24299"},"type":"Feature"},{"geometry":{"coordinates":[[[-122.27478,38.0262],[-122.27534,38.02698],[-122.27648,38.02699],[-122.27706,38.02621],[-122.2765,38.02543],[-122.27536,38.02542],[-122.27478,38.0262]]],"type":"Polygon"},"properties":{"bbox":{"roads":{"area":1429.22,"pct":5.5}},"city_same":1,"id":"hex:3757:24300"},"type":"Feature"},{"geometry":{"coordinates":[[[-122.27477,38.02776],[-122.27533,38.02854],[-122.27647,38.02855],[-122.27704,38.02777],[-122.27648,38.02699],[-122.27534,38.02698],[-122.27477,38.02776]]],"type":"Polygon"},"properties":{"bbox":{"roads":{"area":474.15,"pct":1.83}},"city_same":1,"id":"hex:3757:24301"},"type":"Feature"},{"geometry":{"coordinates":[[[-122.27531,38.03011],[-122.27475,38.02932],[-122.27533,38.02854],[-122.27647,38.02855],[-122.27677,38.02898],[-122.27626,38.02973],[-122.27634,38.02994],[-122.27637,38.03011],[-122.27531,38.03011]]],"type":"Polygon"},"properties":{"bbox":{"roads":{"area":758.64,"pct":3.42}},"city_same":1,"id":"hex:3757:24302"},"type":"Feature"},{"geometry":{"coordinates":[[[-122.27507,37.99654],[-122.27393,37.99653],[-122.27337,37.99575],[-122.27395,37.99497],[-122.27466,37.99498],[-122.27489,37.99507],[-122.27548,37.99599],[-122.27507,37.99654]]],"type":"Polygon"},"properties":{"bbox":{"roads":{"area":413.68,"pct":1.77}},"city_same":1,"id":"hex:3758:24281"},"type":"Feature"},{"geometry":{"coordinates":[[[-122.27336,37.99731],[-122.27392,37.9981],[-122.27506,37.9981],[-122.27564,37.99733],[-122.27507,37.99654],[-122.27393,37.99653],[-122.27336,37.99731]]],"type":"Polygon"},"properties":{"bbox":{"roads":{"area":1968.78,"pct":7.58},"sidewalks":{"area":595.56,"pct":2.29}},"city_same":1,"id":"hex:3758:24282"},"type":"Feature"},{"geometry":{"coordinates":[[[-122.27334,37.99887],[-122.2739,37.99966],[-122.27504,37.99966],[-122.27562,37.99889],[-122.27506,37.9981],[-122.27392,37.9981],[-122.27334,37.99887]]],"type":"Polygon"},"properties":{"bbox":{"roads":{"area":1881.96,"pct":7.24}},"city_same":1,"id":"hex:3758:24283"},"type":"Feature"},{"geometry":{"coordinates":[[[-122.27333,38.00043],[-122.27389,38.00122],[-122.27503,38.00122],[-122.2756,38.00045],[-122.27504,37.99966],[-122.2739,37.99966],[-122.27333,38.00043]]],"type":"Polygon"},"properties":{"bbox":{"roads":{"area":210.69,"pct":0.81}},"city_same":1,"id":"hex:3758:24284"},"type":"Feature"},{"geometry":{"coordinates":[[[-122.27331,38.00199],[-122.27387,38.00278],[-122.27501,38.00279],[-122.27559,38.00201],[-122.27503,38.00122],[-122.27389,38.00122],[-122.27331,38.00199]]],"type":"Polygon"},"properties":{"bbox":{"roads":{"area":132.32,"pct":0.51},"sidewalks":{"area":47.78,"pct":0.18}},"city_same":1,"id":"hex:3758:24285"},"type":"Feature"},{"geometry":{"coordinates":[[[-122.2733,38.00356],[-122.27386,38.00434],[-122.275,38.00435],[-122.27557,38.00357],[-122.27501,38.00279],[-122.27387,38.00278],[-122.2733,38.00356]]],"type":"Polygon"},"properties":{"bbox":{"roads":{"area":1560.29,"pct":6.01},"sidewalks":{"area":416.02,"pct":1.6}},"city_same":1,"id":"hex:3758:24286"},"type":"Feature"},{"geometry":{"coordinates":[[[-122.27328,38.00512],[-122.27384,38.0059],[-122.27498,38.00591],[-122.27556,38.00513],[-122.275,38.00435],[-122.27386,38.00434],[-122.27328,38.00512]]],"type":"Polygon"},"properties":{"bbox":{"roads":{"area":2003.29,"pct":7.71},"sidewalks":{"area":540.32,"pct":2.08}},"city_same":1,"id":"hex:3758:24287"},"type":"Feature"},{"geometry":{"coordinates":[[[-122.27327,38.00668],[-122.27383,38.00746],[-122.27497,38.00747],[-122.27554,38.00669],[-122.27498,38.00591],[-122.27384,38.0059],[-122.27327,38.00668]]],"type":"Polygon"},"properties":{"bbox":{"roads":{"area":1931.17,"pct":7.43},"sidewalks":{"area":516.84,"pct":1.99}},"city_same":1,"id":"hex:3758:24288"},"type":"Feature"},{"geometry":{"coordinates":[[[-122.27325,38.00824],[-122.27381,38.00902],[-122.27495,38.00903],[-122.27553,38.00825],[-122.27497,38.00747],[-122.27383,38.00746],[-122.27325,38.00824]]],"type":"Polygon"},"properties":{"bbox":{"roads":{"area":3917.91,"pct":15.08},"sidewalks":{"area":394.55,"pct":1.52}},"city":{"roads":{"area":2789.42,"pct":10.74},"sidewalks":{"area":394.55,"pct":1.52}},"id":"hex:3758:24289"},"type":"Feature"},{"geometry":{"coordinates":[[[-122.27323,38.0098],[-122.2738,38.01058],[-122.27494,38.01059],[-122.27551,38.00981],[-122.27495,38.00903],[-122.27381,38.00902],[-122.27323,38.0098]]],"type":"Polygon"},"properties":{"bbox":{"roads":{"area":7276.57,"pct":28.01}},"city":{"roads":{"area":718.2,"pct":2.76}},"id":"hex:3758:24290"},"type":"Feature"},{"geometry":{"coordinates":[[[-122.27322,38.01136],[-122.27378,38.01214],[-122.27492,38.01215],[-122.2755,38.01137],[-122.27494,38.01059],[-122.2738,38.01058],[-122.27322,38.01136]]],"type":"Polygon"},"properties":{"bbox":{"roads":{"area":1946.3,"pct":7.49}},"city":{"roads":{"area":1559.62,"pct":6}},"id":"hex:3758:24291"},"type":"Feature"},{"geometry":{"coordinates":[[[-122.2732,38.01292],[-122.27377,38.0137],[-122.2749,38.01371],[-122.27548,38.01293],[-122.27492,38.01215],[-122.27378,38.01214],[-122.2732,38.01292]]],"type":"Polygon"},"properties":{"bbox":{"roads":{"area":5140.41,"pct":19.79},"sidewalks":{"area":385.61,"pct":1.48}},"city":{"roads":{"area":5130.28,"pct":19.75},"sidewalks":{"area":385.61,"pct":1.48}},"id":"hex:3758:24292"},"type":"Feature"},{"geometry":{"coordinates":[[[-122.27319,38.01448],[-122.27375,38.01527],[-122.27489,38.01527],[-122.27547,38.0145],[-122.2749,38.01371],[-122.27377,38.0137],[-122.27319,38.01448]]],"type":"Polygon"},"properties":{"bbox":{"roads":{"area":2058.54,"pct":7.92},"sidewalks":{"area":292.7,"pct":1.13}},"city_same":1,"id":"hex:3758:24293"},"type":"Feature"},{"geometry":{"coordinates":[[[-122.27317,38.01604],[-122.27373,38.01683],[-122.27487,38.01683],[-122.27545,38.01606],[-122.27489,38.01527],[-122.27375,38.01527],[-122.27317,38.01604]]],"type":"Polygon"},"properties":{"bbox":{"roads":{"area":2012.08,"pct":7.74},"sidewalks":{"area":216.86,"pct":0.83}},"city":{"roads":{"area":805.67,"pct":3.1},"sidewalks":{"area":216.86,"pct":0.83}},"id":"hex:3758:24294"},"type":"Feature"},{"geometry":{"coordinates":[[[-122.27316,38.0176],[-122.27372,38.01839],[-122.27486,38.01839],[-122.27544,38.01762],[-122.27487,38.01683],[-122.27373,38.01683],[-122.27316,38.0176]]],"type":"Polygon"},"properties":{"bbox":{"parking":{"area":40.28,"pct":0.16},"roads":{"area":5542.72,"pct":21.33},"sidewalks":{"area":256.61,"pct":0.99}},"city":{"parking":{"area":40.28,"pct":0.16},"roads":{"area":3429.44,"pct":13.2},"sidewalks":{"area":256.61,"pct":0.99}},"id":"hex:3758:24295"},"type":"Feature"},{"geometry":{"coordinates":[[[-122.27314,38.01916],[-122.2737,38.01995],[-122.27484,38.01996],[-122.27542,38.01918],[-122.27486,38.01839],[-122.27372,38.01839],[-122.27314,38.01916]]],"type":"Polygon"},"properties":{"bbox":{"parking":{"area":51.43,"pct":0.2},"roads":{"area":3422.47,"pct":13.17}},"city_same":1,"id":"hex:3758:24296"},"type":"Feature"},{"geometry":{"coordinates":[[[-122.27313,38.02073],[-122.27369,38.02151],[-122.27483,38.02152],[-122.2754,38.02074],[-122.27484,38.01996],[-122.2737,38.01995],[-122.27313,38.02073]]],"type":"Polygon"},"properties":{"bbox":{"parking":{"area":1821.36,"pct":7.01},"roads":{"area":2856.78,"pct":11}},"city_same":1,"id":"hex:3758:24297"},"type":"Feature"},{"geometry":{"coordinates":[[[-122.27311,38.02229],[-122.27367,38.02307],[-122.27481,38.02308],[-122.27539,38.0223],[-122.27483,38.02152],[-122.27369,38.02151],[-122.27311,38.02229]]],"type":"Polygon"},"properties":{"bbox":{"roads":{"area":2928.42,"pct":11.27}},"city_same":1,"id":"hex:3758:24298"},"type":"Feature"},{"geometry":{"coordinates":[[[-122.2731,38.02385],[-122.27366,38.02463],[-122.2748,38.02464],[-122.27537,38.02386],[-122.27481,38.02308],[-122.27367,38.02307],[-122.2731,38.02385]]],"type":"Polygon"},"properties":{"bbox":{"roads":{"area":4470.66,"pct":17.21}},"city_same":1,"id":"hex:3758:24299"},"type":"Feature"},{"geometry":{"coordinates":[[[-122.27308,38.02541],[-122.27364,38.02619],[-122.27478,38.0262],[-122.27536,38.02542],[-122.2748,38.02464],[-122.27366,38.02463],[-122.27308,38.02541]]],"type":"Polygon"},"properties":{"bbox":{"roads":{"area":251.93,"pct":0.97}},"city_same":1,"id":"hex:3758:24300"},"type":"Feature"},{"geometry":{"coordinates":[[[-122.27306,38.02697],[-122.27363,38.02775],[-122.27477,38.02776],[-122.27534,38.02698],[-122.27478,38.0262],[-122.27364,38.02619],[-122.27306,38.02697]]],"type":"Polygon"},"properties":{"bbox":{"roads":{"area":2075.42,"pct":7.99}},"city_same":1,"id":"hex:3758:24301"},"type":"Feature"},{"geometry":{"coordinates":[[[-122.27305,38.02853],[-122.27361,38.02931],[-122.27475,38.02932],[-122.27533,38.02854],[-122.27477,38.02776],[-122.27363,38.02775],[-122.27305,38.02853]]],"type":"Polygon"},"properties":{"bbox":{"roads":{"area":2120.46,"pct":8.16}},"city_same":1,"id":"hex:3758:24302"},"type":"Feature"},{"geometry":{"coordinates":[[[-122.27303,38.03009],[-122.2736,38.03088],[-122.27474,38.03088],[-122.27531,38.03011],[-122.27475,38.02932],[-122.27361,38.02931],[-122.27303,38.03009]]],"type":"Polygon"},"properties":{"bbox":{"roads":{"area":2581.97,"pct":9.94}},"city_same":1,"id":"hex:3758:24303"},"type":"Feature"},{"geometry":{"coordinates":[[[-122.27302,38.03165],[-122.27358,38.03244],[-122.27472,38.03244],[-122.2753,38.03167],[-122.27474,38.03088],[-122.2736,38.03088],[-122.27302,38.03165]]],"type":"Polygon"},"properties":{"bbox":{"roads":{"area":1252.23,"pct":4.82}},"city_same":1,"id":"hex:3758:24304"},"type":"Feature"},{"geometry":{"coordinates":[[[-122.2747,38.034],[-122.27383,38.034],[-122.27352,38.0337],[-122.27302,38.0332],[-122.27358,38.03244],[-122.27472,38.03244],[-122.27508,38.03294],[-122.27499,38.03345],[-122.27495,38.03367],[-122.2747,38.034]]],"type":"Polygon"},"properties":{"bbox":{"roads":{"area":307.65,"pct":1.29}},"city_same":1,"id":"hex:3758:24305"},"type":"Feature"},{"geometry":{"coordinates":[[[-122.27166,37.99652],[-122.27222,37.9973],[-122.27336,37.99731],[-122.27393,37.99653],[-122.27337,37.99575],[-122.27223,37.99574],[-122.27166,37.99652]]],"type":"Polygon"},"properties":{"bbox":{"roads":{"area":1279.32,"pct":4.92},"sidewalks":{"area":530.79,"pct":2.04}},"city_same":1,"id":"hex:3759:24281"},"type":"Feature"},{"geometry":{"coordinates":[[[-122.27164,37.99808],[-122.2722,37.99887],[-122.27334,37.99887],[-122.27392,37.9981],[-122.27336,37.99731],[-122.27222,37.9973],[-122.27164,37.99808]]],"type":"Polygon"},"properties":{"bbox":{"roads":{"area":1607.89,"pct":6.19}},"city_same":1,"id":"hex:3759:24282"},"type":"Feature"},{"geometry":{"coordinates":[[[-122.27163,37.99964],[-122.27219,38.00043],[-122.27333,38.00043],[-122.2739,37.99966],[-122.27334,37.99887],[-122.2722,37.99887],[-122.27163,37.99964]]],"type":"Polygon"},"properties":{"bbox":{"roads":{"area":544.74,"pct":2.1}},"city_same":1,"id":"hex:3759:24283"},"type":"Feature"},{"geometry":{"coordinates":[[[-122.27156,38.00589],[-122.27213,38.00667],[-122.27327,38.00668],[-122.27384,38.0059],[-122.27328,38.00512],[-122.27214,38.00511],[-122.27156,38.00589]]],"type":"Polygon"},"properties":{"bbox":{"roads":{"area":916.45,"pct":3.53},"sidewalks":{"area":398.51,"pct":1.53}},"city_same":1,"id":"hex:3759:24287"},"type":"Feature"},{"geometry":{"coordinates":[[[-122.27155,38.00745],[-122.27211,38.00823],[-122.27325,38.00824],[-122.27383,38.00746],[-122.27327,38.00668],[-122.27213,38.00667],[-122.27155,38.00745]]],"type":"Polygon"},"properties":{"bbox":{"roads":{"area":1389.24,"pct":5.35},"sidewalks":{"area":18.36,"pct":0.07}},"city_same":1,"id":"hex:3759:24288"},"type":"Feature"},{"geometry":{"coordinates":[[[-122.27153,38.00901],[-122.2721,38.00979],[-122.27323,38.0098],[-122.27381,38.00902],[-122.27325,38.00824],[-122.27211,38.00823],[-122.27153,38.00901]]],"type":"Polygon"},"properties":{"bbox":{"roads":{"area":4591.4,"pct":17.67},"sidewalks":{"area":397.36,"pct":1.53}},"city_same":1,"id":"hex:3759:24289"},"type":"Feature"},{"geometry":{"coordinates":[[[-122.27152,38.01057],[-122.27208,38.01135],[-122.27322,38.01136],[-122.2738,38.01058],[-122.27323,38.0098],[-122.2721,38.00979],[-122.27152,38.01057]]],"type":"Polygon"},"properties":{"bbox":{"roads":{"area":8784.11,"pct":33.81},"sidewalks":{"area":310.29,"pct":1.19}},"city":{"roads":{"area":1119.35,"pct":4.31},"sidewalks":{"area":310.29,"pct":1.19}},"id":"hex:3759:24290"},"type":"Feature"},{"geometry":{"coordinates":[[[-122.2715,38.01213],[-122.27206,38.01291],[-122.2732,38.01292],[-122.27378,38.01214],[-122.27322,38.01136],[-122.27208,38.01135],[-122.2715,38.01213]]],"type":"Polygon"},"properties":{"bbox":{"roads":{"area":11312.13,"pct":43.54},"sidewalks":{"area":425.51,"pct":1.64}},"city":{"roads":{"area":3080.63,"pct":11.86},"sidewalks":{"area":425.51,"pct":1.64}},"id":"hex:3759:24291"},"type":"Feature"},{"geometry":{"coordinates":[[[-122.27149,38.01369],[-122.27205,38.01447],[-122.27319,38.01448],[-122.27377,38.0137],[-122.2732,38.01292],[-122.27206,38.01291],[-122.27149,38.01369]]],"type":"Polygon"},"properties":{"bbox":{"roads":{"area":7395.51,"pct":28.47},"sidewalks":{"area":355.81,"pct":1.37}},"city":{"roads":{"area":6357.94,"pct":24.47},"sidewalks":{"area":355.81,"pct":1.37}},"id":"hex:3759:24292"},"type":"Feature"},{"geometry":{"coordinates":[[[-122.27147,38.01525],[-122.27203,38.01604],[-122.27317,38.01604],[-122.27375,38.01527],[-122.27319,38.01448],[-122.27205,38.01447],[-122.27147,38.01525]]],"type":"Polygon"},"properties":{"bbox":{"parking":{"area":385.17,"pct":1.48},"roads":{"area":5174.03,"pct":19.91},"sidewalks":{"area":250.83,"pct":0.97}},"city":{"parking":{"area":385.17,"pct":1.48},"roads":{"area":3419.07,"pct":13.16},"sidewalks":{"area":250.83,"pct":0.97}},"id":"hex:3759:24293"},"type":"Feature"},{"geometry":{"coordinates":[[[-122.27146,38.01681],[-122.27202,38.0176],[-122.27316,38.0176],[-122.27373,38.01683],[-122.27317,38.01604],[-122.27203,38.01604],[-122.27146,38.01681]]],"type":"Polygon"},"properties":{"bbox":{"roads":{"area":5478.46,"pct":21.09},"sidewalks":{"area":186.58,"pct":0.72}},"city":{"roads":{"area":1562.99,"pct":6.02},"sidewalks":{"area":186.58,"pct":0.72}},"id":"hex:3759:24294"},"type":"Feature"},{"geometry":{"coordinates":[[[-122.27144,38.01837],[-122.272,38.01916],[-122.27314,38.01916],[-122.27372,38.01839],[-122.27316,38.0176],[-122.27202,38.0176],[-122.27144,38.01837]]],"type":"Polygon"},"properties":{"bbox":{"parking":{"area":334.58,"pct":1.29},"roads":{"area":3629.65,"pct":13.97}},"city":{"parking":{"area":334.58,"pct":1.29},"roads":{"area":1063.06,"pct":4.09}},"id":"hex:3759:24295"},"type":"Feature"},{"geometry":{"coordinates":[[[-122.27143,38.01993],[-122.27199,38.02072],[-122.27313,38.02073],[-122.2737,38.01995],[-122.27314,38.01916],[-122.272,38.01916],[-122.27143,38.01993]]],"type":"Polygon"},"properties":{"bbox":{"roads":{"area":3329.05,"pct":12.81}},"city":{"roads":{"area":963.28,"pct":3.71}},"id":"hex:3759:24296"},"type":"Feature"},{"geometry":{"coordinates":[[[-122.27141,38.0215],[-122.27197,38.02228],[-122.27311,38.02229],[-122.27369,38.02151],[-122.27313,38.02073],[-122.27199,38.02072],[-122.27141,38.0215]]],"type":"Polygon"},"properties":{"bbox":{"roads":{"area":3369.88,"pct":12.97}},"city_same":1,"id":"hex:3759:24297"},"type":"Feature"},{"geometry":{"coordinates":[[[-122.27139,38.02306],[-122.27196,38.02384],[-122.2731,38.02385],[-122.27367,38.02307],[-122.27311,38.02229],[-122.27197,38.02228],[-122.27139,38.02306]]],"type":"Polygon"},"properties":{"bbox":{"roads":{"area":2632.31,"pct":10.13}},"city_same":1,"id":"hex:3759:24298"},"type":"Feature"},{"geometry":{"coordinates":[[[-122.27138,38.02462],[-122.27194,38.0254],[-122.27308,38.02541],[-122.27366,38.02463],[-122.2731,38.02385],[-122.27196,38.02384],[-122.27138,38.02462]]],"type":"Polygon"},"properties":{"bbox":{"roads":{"area":1435.47,"pct":5.53}},"city_same":1,"id":"hex:3759:24299"},"type":"Feature"},{"geometry":{"coordinates":[[[-122.27136,38.02618],[-122.27193,38.02696],[-122.27306,38.02697],[-122.27364,38.02619],[-122.27308,38.02541],[-122.27194,38.0254],[-122.27136,38.02618]]],"type":"Polygon"},"properties":{"bbox":{"roads":{"area":2446.75,"pct":9.42}},"city_same":1,"id":"hex:3759:24300"},"type":"Feature"},{"geometry":{"coordinates":[[[-122.27135,38.02774],[-122.27191,38.02852],[-122.27305,38.02853],[-122.27363,38.02775],[-122.27306,38.02697],[-122.27193,38.02696],[-122.27135,38.02774]]],"type":"Polygon"},"properties":{"bbox":{"roads":{"area":2611.86,"pct":10.05}},"city_same":1,"id":"hex:3759:24301"},"type":"Feature"},{"geometry":{"coordinates":[[[-122.27133,38.0293],[-122.27189,38.03008],[-122.27303,38.03009],[-122.27361,38.02931],[-122.27305,38.02853],[-122.27191,38.02852],[-122.27133,38.0293]]],"type":"Polygon"},"properties":{"bbox":{"roads":{"area":2121.73,"pct":8.17}},"city_same":1,"id":"hex:3759:24302"},"type":"Feature"},{"geometry":{"coordinates":[[[-122.27132,38.03086],[-122.27188,38.03165],[-122.27302,38.03165],[-122.2736,38.03088],[-122.27303,38.03009],[-122.27189,38.03008],[-122.27132,38.03086]]],"type":"Polygon"},"properties":{"bbox":{"roads":{"area":1678,"pct":6.46}},"city_same":1,"id":"hex:3759:24303"},"type":"Feature"},{"geometry":{"coordinates":[[[-122.27188,38.03165],[-122.27302,38.03165],[-122.27358,38.03244],[-122.27302,38.0332],[-122.27169,38.03189],[-122.27188,38.03165]]],"type":"Polygon"},"properties":{"bbox":{"roads":{"area":983.34,"pct":6.31}},"city_same":1,"id":"hex:3759:24304"},"type":"Feature"},{"geometry":{"coordinates":[[[-122.27225,37.99418],[-122.27167,37.99496],[-122.27053,37.99495],[-122.26997,37.99417],[-122.27055,37.99339],[-122.2706,37.99339],[-122.2721,37.99398],[-122.27225,37.99418]]],"type":"Polygon"},"properties":{"bbox":{"roads":{"area":498.56,"pct":2.18}},"city_same":1,"id":"hex:3760:24280"},"type":"Feature"},{"geometry":{"coordinates":[[[-122.26996,37.99573],[-122.27052,37.99651],[-122.27166,37.99652],[-122.27223,37.99574],[-122.27167,37.99496],[-122.27053,37.99495],[-122.26996,37.99573]]],"type":"Polygon"},"properties":{"bbox":{"roads":{"area":1351.75,"pct":5.2},"sidewalks":{"area":122.06,"pct":0.47}},"city_same":1,"id":"hex:3760:24281"},"type":"Feature"},{"geometry":{"coordinates":[[[-122.26994,37.99729],[-122.2705,37.99807],[-122.27164,37.99808],[-122.27222,37.9973],[-122.27166,37.99652],[-122.27052,37.99651],[-122.26994,37.99729]]],"type":"Polygon"},"properties":{"bbox":{"roads":{"area":1149.56,"pct":4.42},"sidewalks":{"area":259.9,"pct":1}},"city_same":1,"id":"hex:3760:24282"},"type":"Feature"},{"geometry":{"coordinates":[[[-122.26991,38.00041],[-122.27047,38.0012],[-122.27161,38.0012],[-122.27219,38.00043],[-122.27163,37.99964],[-122.27049,37.99964],[-122.26991,38.00041]]],"type":"Polygon"},"properties":{"bbox":{"roads":{"area":554.43,"pct":2.13}},"city_same":1,"id":"hex:3760:24284"},"type":"Feature"},{"geometry":{"coordinates":[[[-122.26989,38.00197],[-122.27046,38.00276],[-122.2716,38.00276],[-122.27217,38.00199],[-122.27161,38.0012],[-122.27047,38.0012],[-122.26989,38.00197]]],"type":"Polygon"},"properties":{"bbox":{"roads":{"area":1624.29,"pct":6.25},"sidewalks":{"area":132.88,"pct":0.51}},"city_same":1,"id":"hex:3760:24285"},"type":"Feature"},{"geometry":{"coordinates":[[[-122.26988,38.00353],[-122.27044,38.00432],[-122.27158,38.00433],[-122.27216,38.00355],[-122.2716,38.00276],[-122.27046,38.00276],[-122.26988,38.00353]]],"type":"Polygon"},"properties":{"bbox":{"roads":{"area":1230.39,"pct":4.74},"sidewalks":{"area":470.62,"pct":1.81}},"city_same":1,"id":"hex:3760:24286"},"type":"Feature"},{"geometry":{"coordinates":[[[-122.26986,38.00509],[-122.27043,38.00588],[-122.27156,38.00589],[-122.27214,38.00511],[-122.27158,38.00433],[-122.27044,38.00432],[-122.26986,38.00509]]],"type":"Polygon"},"properties":{"bbox":{"roads":{"area":1767.97,"pct":6.8},"sidewalks":{"area":438.97,"pct":1.69}},"city_same":1,"id":"hex:3760:24287"},"type":"Feature"},{"geometry":{"coordinates":[[[-122.26985,38.00666],[-122.27041,38.00744],[-122.27155,38.00745],[-122.27213,38.00667],[-122.27156,38.00589],[-122.27043,38.00588],[-122.26985,38.00666]]],"type":"Polygon"},"properties":{"bbox":{"roads":{"area":2969.64,"pct":11.43},"sidewalks":{"area":480.16,"pct":1.85}},"city_same":1,"id":"hex:3760:24288"},"type":"Feature"},{"geometry":{"coordinates":[[[-122.26983,38.00822],[-122.27039,38.009],[-122.27153,38.00901],[-122.27211,38.00823],[-122.27155,38.00745],[-122.27041,38.00744],[-122.26983,38.00822]]],"type":"Polygon"},"properties":{"bbox":{"parking":{"area":8347.82,"pct":32.13},"roads":{"area":4134.83,"pct":15.91},"sidewalks":{"area":38.55,"pct":0.15}},"city_same":1,"id":"hex:3760:24289"},"type":"Feature"},{"geometry":{"coordinates":[[[-122.26982,38.00978],[-122.27038,38.01056],[-122.27152,38.01057],[-122.2721,38.00979],[-122.27153,38.00901],[-122.27039,38.009],[-122.26982,38.00978]]],"type":"Polygon"},"properties":{"bbox":{"parking":{"area":3300.77,"pct":12.7},"roads":{"area":5554.12,"pct":21.38},"sidewalks":{"area":581.76,"pct":2.24}},"city":{"parking":{"area":3300.77,"pct":12.7},"roads":{"area":2926.68,"pct":11.26},"sidewalks":{"area":581.76,"pct":2.24}},"id":"hex:3760:24290"},"type":"Feature"},{"geometry":{"coordinates":[[[-122.2698,38.01134],[-122.27036,38.01212],[-122.2715,38.01213],[-122.27208,38.01135],[-122.27152,38.01057],[-122.27038,38.01056],[-122.2698,38.01134]]],"type":"Polygon"},"properties":{"bbox":{"roads":{"area":1219.13,"pct":4.69}},"city_same":1,"id":"hex:3760:24291"},"type":"Feature"},{"geometry":{"coordinates":[[[-122.26979,38.0129],[-122.27035,38.01368],[-122.27149,38.01369],[-122.27206,38.01291],[-122.2715,38.01213],[-122.27036,38.01212],[-122.26979,38.0129]]],"type":"Polygon"},"properties":{"bbox":{"roads":{"area":8982.11,"pct":34.57},"sidewalks":{"area":165.87,"pct":0.64}},"city":{"roads":{"area":1452.93,"pct":5.59},"sidewalks":{"area":165.87,"pct":0.64}},"id":"hex:3760:24292"},"type":"Feature"},{"geometry":{"coordinates":[[[-122.26977,38.01446],[-122.27033,38.01524],[-122.27147,38.01525],[-122.27205,38.01447],[-122.27149,38.01369],[-122.27035,38.01368],[-122.26977,38.01446]]],"type":"Polygon"},"properties":{"bbox":{"roads":{"area":6614.48,"pct":25.46}},"city":{"roads":{"area":1044.22,"pct":4.02}},"id":"hex:3760:24293"},"type":"Feature"},{"geometry":{"coordinates":[[[-122.26976,38.01602],[-122.27032,38.01681],[-122.27146,38.01681],[-122.27203,38.01604],[-122.27147,38.01525],[-122.27033,38.01524],[-122.26976,38.01602]]],"type":"Polygon"},"properties":{"bbox":{"roads":{"area":2508.01,"pct":9.65}},"id":"hex:3760:24294"},"type":"Feature"},{"geometry":{"coordinates":[[[-122.26974,38.01758],[-122.2703,38.01837],[-122.27144,38.01837],[-122.27202,38.0176],[-122.27146,38.01681],[-122.27032,38.01681],[-122.26974,38.01758]]],"type":"Polygon"},"properties":{"bbox":{"roads":{"area":858.62,"pct":3.3}},"city_same":1,"id":"hex:3760:24295"},"type":"Feature"},{"geometry":{"coordinates":[[[-122.26972,38.01914],[-122.27029,38.01993],[-122.27143,38.01993],[-122.272,38.01916],[-122.27144,38.01837],[-122.2703,38.01837],[-122.26972,38.01914]]],"type":"Polygon"},"properties":{"bbox":{"roads":{"area":1743,"pct":6.71}},"city_same":1,"id":"hex:3760:24296"},"type":"Feature"},{"geometry":{"coordinates":[[[-122.26971,38.0207],[-122.27027,38.02149],[-122.27141,38.0215],[-122.27199,38.02072],[-122.27143,38.01993],[-122.27029,38.01993],[-122.26971,38.0207]]],"type":"Polygon"},"properties":{"bbox":{"roads":{"area":3940.18,"pct":15.17}},"city":{"roads":{"area":1571.26,"pct":6.05}},"id":"hex:3760:24297"},"type":"Feature"},{"geometry":{"coordinates":[[[-122.26969,38.02227],[-122.27026,38.02305],[-122.27139,38.02306],[-122.27197,38.02228],[-122.27141,38.0215],[-122.27027,38.02149],[-122.26969,38.02227]]],"type":"Polygon"},"properties":{"bbox":{"roads":{"area":4458.07,"pct":17.16}},"city":{"roads":{"area":1439.85,"pct":5.54}},"id":"hex:3760:24298"},"type":"Feature"},{"geometry":{"coordinates":[[[-122.26968,38.02383],[-122.27024,38.02461],[-122.27138,38.02462],[-122.27196,38.02384],[-122.27139,38.02306],[-122.27026,38.02305],[-122.26968,38.02383]]],"type":"Polygon"},"properties":{"bbox":{"roads":{"area":2655.6,"pct":10.22}},"city_same":1,"id":"hex:3760:24299"},"type":"Feature"},{"geometry":{"coordinates":[[[-122.26966,38.02539],[-122.27022,38.02617],[-122.27136,38.02618],[-122.27194,38.0254],[-122.27138,38.02462],[-122.27024,38.02461],[-122.26966,38.02539]]],"type":"Polygon"},"properties":{"bbox":{"roads":{"area":2667.46,"pct":10.27}},"city_same":1,"id":"hex:3760:24300"},"type":"Feature"},{"geometry":{"coordinates":[[[-122.26965,38.02695],[-122.27021,38.02773],[-122.27135,38.02774],[-122.27193,38.02696],[-122.27136,38.02618],[-122.27022,38.02617],[-122.26965,38.02695]]],"type":"Polygon"},"properties":{"bbox":{"roads":{"area":1805.79,"pct":6.95}},"city_same":1,"id":"hex:3760:24301"},"type":"Feature"},{"geometry":{"coordinates":[[[-122.26963,38.02851],[-122.27019,38.02929],[-122.27133,38.0293],[-122.27191,38.02852],[-122.27135,38.02774],[-122.27021,38.02773],[-122.26963,38.02851]]],"type":"Polygon"},"properties":{"bbox":{"roads":{"area":2298.12,"pct":8.85}},"city_same":1,"id":"hex:3760:24302"},"type":"Feature"},{"geometry":{"coordinates":[[[-122.27019,38.02929],[-122.27133,38.0293],[-122.27189,38.03008],[-122.27132,38.03086],[-122.27064,38.03086],[-122.26992,38.03015],[-122.26983,38.0298],[-122.26982,38.02979],[-122.27019,38.02929]]],"type":"Polygon"},"properties":{"bbox":{"roads":{"area":1095.05,"pct":4.77}},"city_same":1,"id":"hex:3760:24303"},"type":"Feature"},{"geometry":{"coordinates":[[[-122.27055,37.99339],[-122.26997,37.99417],[-122.26883,37.99416],[-122.26827,37.99338],[-122.26877,37.9927],[-122.26891,37.99273],[-122.27053,37.99336],[-122.27055,37.99339]]],"type":"Polygon"},"properties":{"bbox":{"roads":{"area":359.98,"pct":1.72}},"city_same":1,"id":"hex:3761:24279"},"type":"Feature"},{"geometry":{"coordinates":[[[-122.26826,37.99494],[-122.26882,37.99572],[-122.26996,37.99573],[-122.27053,37.99495],[-122.26997,37.99417],[-122.26883,37.99416],[-122.26826,37.99494]]],"type":"Polygon"},"properties":{"bbox":{"roads":{"area":1322.95,"pct":5.09},"sidewalks":{"area":507.45,"pct":1.95}},"city_same":1,"id":"hex:3761:24280"},"type":"Feature"},{"geometry":{"coordinates":[[[-122.26824,37.9965],[-122.2688,37.99728],[-122.26994,37.99729],[-122.27052,37.99651],[-122.26996,37.99573],[-122.26882,37.99572],[-122.26824,37.9965]]],"type":"Polygon"},"properties":{"bbox":{"roads":{"area":1035.29,"pct":3.98},"sidewalks":{"area":390.4,"pct":1.5}},"city_same":1,"id":"hex:3761:24281"},"type":"Feature"},{"geometry":{"coordinates":[[[-122.26821,37.99962],[-122.26877,38.0004],[-122.26991,38.00041],[-122.27049,37.99964],[-122.26993,37.99885],[-122.26879,37.99884],[-122.26821,37.99962]]],"type":"Polygon"},"properties":{"bbox":{"roads":{"area":950.13,"pct":3.66}},"city_same":1,"id":"hex:3761:24283"},"type":"Feature"},{"geometry":{"coordinates":[[[-122.26819,38.00118],[-122.26876,38.00197],[-122.26989,38.00197],[-122.27047,38.0012],[-122.26991,38.00041],[-122.26877,38.0004],[-122.26819,38.00118]]],"type":"Polygon"},"properties":{"bbox":{"roads":{"area":2091.16,"pct":8.05},"sidewalks":{"area":563.51,"pct":2.17}},"city_same":1,"id":"hex:3761:24284"},"type":"Feature"},{"geometry":{"coordinates":[[[-122.26818,38.00274],[-122.26874,38.00353],[-122.26988,38.00353],[-122.27046,38.00276],[-122.26989,38.00197],[-122.26876,38.00197],[-122.26818,38.00274]]],"type":"Polygon"},"properties":{"bbox":{"roads":{"area":1791.36,"pct":6.89},"sidewalks":{"area":281.81,"pct":1.08}},"city_same":1,"id":"hex:3761:24285"},"type":"Feature"},{"geometry":{"coordinates":[[[-122.26816,38.0043],[-122.26872,38.00509],[-122.26986,38.00509],[-122.27044,38.00432],[-122.26988,38.00353],[-122.26874,38.00353],[-122.26816,38.0043]]],"type":"Polygon"},"properties":{"bbox":{"roads":{"area":1762.05,"pct":6.78}},"city_same":1,"id":"hex:3761:24286"},"type":"Feature"},{"geometry":{"coordinates":[[[-122.26815,38.00586],[-122.26871,38.00665],[-122.26985,38.00666],[-122.27043,38.00588],[-122.26986,38.00509],[-122.26872,38.00509],[-122.26815,38.00586]]],"type":"Polygon"},"properties":{"bbox":{"roads":{"area":1125.86,"pct":4.33}},"city_same":1,"id":"hex:3761:24287"},"type":"Feature"},{"geometry":{"coordinates":[[[-122.26813,38.00743],[-122.26869,38.00821],[-122.26983,38.00822],[-122.27041,38.00744],[-122.26985,38.00666],[-122.26871,38.00665],[-122.26813,38.00743]]],"type":"Polygon"},"properties":{"bbox":{"parking":{"area":769.41,"pct":2.96},"roads":{"area":4339.53,"pct":16.7},"sidewalks":{"area":384.61,"pct":1.48}},"city_same":1,"id":"hex:3761:24288"},"type":"Feature"},{"geometry":{"coordinates":[[[-122.26812,38.00899],[-122.26868,38.00977],[-122.26982,38.00978],[-122.27039,38.009],[-122.26983,38.00822],[-122.26869,38.00821],[-122.26812,38.00899]]],"type":"Polygon"},"properties":{"bbox":{"parking":{"area":2481.35,"pct":9.55},"roads":{"area":4862.51,"pct":18.72},"sidewalks":{"area":550.61,"pct":2.12}},"city":{"parking":{"area":2481.35,"pct":9.55},"roads":{"area":2374.67,"pct":9.14},"sidewalks":{"area":550.61,"pct":2.12}},"id":"hex:3761:24289"},"type":"Feature"},{"geometry":{"coordinates":[[[-122.2681,38.01055],[-122.26866,38.01133],[-122.2698,38.01134],[-122.27038,38.01056],[-122.26982,38.00978],[-122.26868,38.00977],[-122.2681,38.01055]]],"type":"Polygon"},"properties":{"bbox":{"parking":{"area":11796.14,"pct":45.4},"roads":{"area":4410.6,"pct":16.98}},"city_same":1,"id":"hex:3761:24290"},"type":"Feature"},{"geometry":{"coordinates":[[[-122.26809,38.01211],[-122.26865,38.01289],[-122.26979,38.0129],[-122.27036,38.01212],[-122.2698,38.01134],[-122.26866,38.01133],[-122.26809,38.01211]]],"type":"Polygon"},"properties":{"bbox":{"parking":{"area":62.99,"pct":0.24},"roads":{"area":2210.82,"pct":8.51},"sidewalks":{"area":266.06,"pct":1.02}},"city":{"parking":{"area":62.99,"pct":0.24},"roads":{"area":2142.85,"pct":8.25},"sidewalks":{"area":266.06,"pct":1.02}},"id":"hex:3761:24291"},"type":"Feature"},{"geometry":{"coordinates":[[[-122.26807,38.01367],[-122.26863,38.01445],[-122.26977,38.01446],[-122.27035,38.01368],[-122.26979,38.0129],[-122.26865,38.01289],[-122.26807,38.01367]]],"type":"Polygon"},"properties":{"bbox":{"roads":{"area":1658.73,"pct":6.38}},"id":"hex:3761:24292"},"type":"Feature"},{"geometry":{"coordinates":[[[-122.26805,38.01523],[-122.26862,38.01601],[-122.26976,38.01602],[-122.27033,38.01524],[-122.26977,38.01446],[-122.26863,38.01445],[-122.26805,38.01523]]],"type":"Polygon"},"properties":{"bbox":{"roads":{"area":8052.76,"pct":31}},"id":"hex:3761:24293"},"type":"Feature"},{"geometry":{"coordinates":[[[-122.26804,38.01679],[-122.2686,38.01758],[-122.26974,38.01758],[-122.27032,38.01681],[-122.26976,38.01602],[-122.26862,38.01601],[-122.26804,38.01679]]],"type":"Polygon"},"properties":{"bbox":{"roads":{"area":727.77,"pct":2.8}},"id":"hex:3761:24294"},"type":"Feature"},{"geometry":{"coordinates":[[[-122.26801,38.01991],[-122.26857,38.0207],[-122.26971,38.0207],[-122.27029,38.01993],[-122.26972,38.01914],[-122.26859,38.01914],[-122.26801,38.01991]]],"type":"Polygon"},"properties":{"bbox":{"roads":{"area":1321.76,"pct":5.09}},"city_same":1,"id":"hex:3761:24296"},"type":"Feature"},{"geometry":{"coordinates":[[[-122.26799,38.02147],[-122.26855,38.02226],[-122.26969,38.02227],[-122.27027,38.02149],[-122.26971,38.0207],[-122.26857,38.0207],[-122.26799,38.02147]]],"type":"Polygon"},"properties":{"bbox":{"roads":{"area":2251.69,"pct":8.67}},"city_same":1,"id":"hex:3761:24297"},"type":"Feature"},{"geometry":{"coordinates":[[[-122.26798,38.02304],[-122.26854,38.02382],[-122.26968,38.02383],[-122.27026,38.02305],[-122.26969,38.02227],[-122.26855,38.02226],[-122.26798,38.02304]]],"type":"Polygon"},"properties":{"bbox":{"roads":{"area":5695.98,"pct":21.92}},"city":{"roads":{"area":2262.09,"pct":8.71}},"id":"hex:3761:24298"},"type":"Feature"},{"geometry":{"coordinates":[[[-122.26796,38.0246],[-122.26852,38.02538],[-122.26966,38.02539],[-122.27024,38.02461],[-122.26968,38.02383],[-122.26854,38.02382],[-122.26796,38.0246]]],"type":"Polygon"},"properties":{"bbox":{"roads":{"area":4392.45,"pct":16.91}},"city":{"roads":{"area":2081.57,"pct":8.01}},"id":"hex:3761:24299"},"type":"Feature"},{"geometry":{"coordinates":[[[-122.26795,38.02616],[-122.26851,38.02694],[-122.26965,38.02695],[-122.27022,38.02617],[-122.26966,38.02539],[-122.26852,38.02538],[-122.26795,38.02616]]],"type":"Polygon"},"properties":{"bbox":{"roads":{"area":2259.14,"pct":8.7}},"city_same":1,"id":"hex:3761:24300"},"type":"Feature"},{"geometry":{"coordinates":[[[-122.26793,38.02772],[-122.26851,38.02694],[-122.26965,38.02695],[-122.27021,38.02773],[-122.26963,38.02851],[-122.26851,38.0285],[-122.26845,38.02845],[-122.26793,38.02772]]],"type":"Polygon"},"properties":{"bbox":{"roads":{"area":2589.6,"pct":9.97}},"city_same":1,"id":"hex:3761:24301"},"type":"Feature"},{"geometry":{"coordinates":[[[-122.26963,38.02851],[-122.27019,38.02929],[-122.26982,38.02979],[-122.26851,38.0285],[-122.26963,38.02851]]],"type":"Polygon"},"properties":{"bbox":{"roads":{"area":371.61,"pct":3.8}},"city_same":1,"id":"hex:3761:24302"},"type":"Feature"},{"geometry":{"coordinates":[[[-122.26656,37.99415],[-122.26712,37.99493],[-122.26826,37.99494],[-122.26883,37.99416],[-122.26827,37.99338],[-122.26713,37.99337],[-122.26656,37.99415]]],"type":"Polygon"},"properties":{"bbox":{"roads":{"area":1495.75,"pct":5.76},"sidewalks":{"area":524.49,"pct":2.02}},"city_same":1,"id":"hex:3762:24280"},"type":"Feature"},{"geometry":{"coordinates":[[[-122.26651,37.99883],[-122.26707,37.99961],[-122.26821,37.99962],[-122.26879,37.99884],[-122.26823,37.99806],[-122.26709,37.99805],[-122.26651,37.99883]]],"type":"Polygon"},"properties":{"bbox":{"roads":{"area":2321,"pct":8.93},"sidewalks":{"area":384.95,"pct":1.48}},"city_same":1,"id":"hex:3762:24283"},"type":"Feature"},{"geometry":{"coordinates":[[[-122.26649,38.00039],[-122.26706,38.00117],[-122.26819,38.00118],[-122.26877,38.0004],[-122.26821,37.99962],[-122.26707,37.99961],[-122.26649,38.00039]]],"type":"Polygon"},"properties":{"bbox":{"roads":{"area":2478.61,"pct":9.54},"sidewalks":{"area":395.94,"pct":1.52}},"city_same":1,"id":"hex:3762:24284"},"type":"Feature"},{"geometry":{"coordinates":[[[-122.26648,38.00195],[-122.26704,38.00274],[-122.26818,38.00274],[-122.26876,38.00197],[-122.26819,38.00118],[-122.26706,38.00117],[-122.26648,38.00195]]],"type":"Polygon"},"properties":{"bbox":{"roads":{"area":1292,"pct":4.97}},"city_same":1,"id":"hex:3762:24285"},"type":"Feature"},{"geometry":{"coordinates":[[[-122.26646,38.00351],[-122.26702,38.0043],[-122.26816,38.0043],[-122.26874,38.00353],[-122.26818,38.00274],[-122.26704,38.00274],[-122.26646,38.00351]]],"type":"Polygon"},"properties":{"bbox":{"roads":{"area":1524.58,"pct":5.87}},"city_same":1,"id":"hex:3762:24286"},"type":"Feature"},{"geometry":{"coordinates":[[[-122.26645,38.00507],[-122.26701,38.00586],[-122.26815,38.00586],[-122.26872,38.00509],[-122.26816,38.0043],[-122.26702,38.0043],[-122.26645,38.00507]]],"type":"Polygon"},"properties":{"bbox":{"roads":{"area":983.17,"pct":3.78}},"city_same":1,"id":"hex:3762:24287"},"type":"Feature"},{"geometry":{"coordinates":[[[-122.26643,38.00663],[-122.26699,38.00742],[-122.26813,38.00743],[-122.26871,38.00665],[-122.26815,38.00586],[-122.26701,38.00586],[-122.26643,38.00663]]],"type":"Polygon"},"properties":{"bbox":{"parking":{"area":978.03,"pct":3.76},"roads":{"area":2519.26,"pct":9.7}},"city_same":1,"id":"hex:3762:24288"},"type":"Feature"},{"geometry":{"coordinates":[[[-122.26642,38.0082],[-122.26698,38.00898],[-122.26812,38.00899],[-122.26869,38.00821],[-122.26813,38.00743],[-122.26699,38.00742],[-122.26642,38.0082]]],"type":"Polygon"},"properties":{"bbox":{"roads":{"area":1433.74,"pct":5.52}},"city_same":1,"id":"hex:3762:24289"},"type":"Feature"},{"geometry":{"coordinates":[[[-122.2664,38.00976],[-122.26696,38.01054],[-122.2681,38.01055],[-122.26868,38.00977],[-122.26812,38.00899],[-122.26698,38.00898],[-122.2664,38.00976]]],"type":"Polygon"},"properties":{"bbox":{"parking":{"area":1048.76,"pct":4.04},"roads":{"area":4157.9,"pct":16},"sidewalks":{"area":443.63,"pct":1.71}},"city":{"parking":{"area":1048.76,"pct":4.04},"roads":{"area":1746.68,"pct":6.72},"sidewalks":{"area":443.63,"pct":1.71}},"id":"hex:3762:24290"},"type":"Feature"},{"geometry":{"coordinates":[[[-122.26638,38.01132],[-122.26695,38.0121],[-122.26809,38.01211],[-122.26866,38.01133],[-122.2681,38.01055],[-122.26696,38.01054],[-122.26638,38.01132]]],"type":"Polygon"},"properties":{"bbox":{"roads":{"area":1681.23,"pct":6.47}},"city_same":1,"id":"hex:3762:24291"},"type":"Feature"},{"geometry":{"coordinates":[[[-122.26637,38.01288],[-122.26693,38.01366],[-122.26807,38.01367],[-122.26865,38.01289],[-122.26809,38.01211],[-122.26695,38.0121],[-122.26637,38.01288]]],"type":"Polygon"},"properties":{"bbox":{"parking":{"area":1877.08,"pct":7.22},"roads":{"area":4080.95,"pct":15.71},"sidewalks":{"area":292.79,"pct":1.13}},"city":{"parking":{"area":1877.08,"pct":7.22},"roads":{"area":2727.71,"pct":10.5},"sidewalks":{"area":292.79,"pct":1.13}},"id":"hex:3762:24292"},"type":"Feature"},{"geometry":{"coordinates":[[[-122.26635,38.01444],[-122.26692,38.01522],[-122.26805,38.01523],[-122.26863,38.01445],[-122.26807,38.01367],[-122.26693,38.01366],[-122.26635,38.01444]]],"type":"Polygon"},"properties":{"bbox":{"roads":{"area":4505.88,"pct":17.34}},"id":"hex:3762:24293"},"type":"Feature"},{"geometry":{"coordinates":[[[-122.26634,38.016],[-122.2669,38.01678],[-122.26804,38.01679],[-122.26862,38.01601],[-122.26805,38.01523],[-122.26692,38.01522],[-122.26634,38.016]]],"type":"Polygon"},"properties":{"bbox":{"roads":{"area":4369.92,"pct":16.82}},"id":"hex:3762:24294"},"type":"Feature"},{"geometry":{"coordinates":[[[-122.26632,38.01756],[-122.26688,38.01835],[-122.26802,38.01835],[-122.2686,38.01758],[-122.26804,38.01679],[-122.2669,38.01678],[-122.26632,38.01756]]],"type":"Polygon"},"properties":{"bbox":{"roads":{"area":5969.48,"pct":22.98}},"id":"hex:3762:24295"},"type":"Feature"},{"geometry":{"coordinates":[[[-122.26631,38.01912],[-122.26687,38.01991],[-122.26801,38.01991],[-122.26859,38.01914],[-122.26802,38.01835],[-122.26688,38.01835],[-122.26631,38.01912]]],"type":"Polygon"},"properties":{"bbox":{"roads":{"area":622.29,"pct":2.4}},"city_same":1,"id":"hex:3762:24296"},"type":"Feature"},{"geometry":{"coordinates":[[[-122.26629,38.02068],[-122.26685,38.02147],[-122.26799,38.02147],[-122.26857,38.0207],[-122.26801,38.01991],[-122.26687,38.01991],[-122.26629,38.02068]]],"type":"Polygon"},"properties":{"bbox":{"roads":{"area":2105.02,"pct":8.1}},"city_same":1,"id":"hex:3762:24297"},"type":"Feature"},{"geometry":{"coordinates":[[[-122.26628,38.02224],[-122.26684,38.02303],[-122.26798,38.02304],[-122.26855,38.02226],[-122.26799,38.02147],[-122.26685,38.02147],[-122.26628,38.02224]]],"type":"Polygon"},"properties":{"bbox":{"roads":{"area":3888.46,"pct":14.97}},"city_same":1,"id":"hex:3762:24298"},"type":"Feature"},{"geometry":{"coordinates":[[[-122.26626,38.02381],[-122.26682,38.02459],[-122.26796,38.0246],[-122.26854,38.02382],[-122.26798,38.02304],[-122.26684,38.02303],[-122.26626,38.02381]]],"type":"Polygon"},"properties":{"bbox":{"roads":{"area":2298.06,"pct":8.85}},"city":{"roads":{"area":2183.73,"pct":8.41}},"id":"hex:3762:24299"},"type":"Feature"},{"geometry":{"coordinates":[[[-122.26624,38.02537],[-122.26681,38.02615],[-122.26795,38.02616],[-122.26852,38.02538],[-122.26796,38.0246],[-122.26682,38.02459],[-122.26624,38.02537]]],"type":"Polygon"},"properties":{"bbox":{"roads":{"area":5021.81,"pct":19.33}},"city":{"roads":{"area":2025.23,"pct":7.8}},"id":"hex:3762:24300"},"type":"Feature"},{"geometry":{"coordinates":[[[-122.26681,38.02615],[-122.26795,38.02616],[-122.26851,38.02694],[-122.26793,38.02772],[-122.26771,38.02772],[-122.26734,38.02735],[-122.26714,38.02742],[-122.2664,38.02669],[-122.26681,38.02615]]],"type":"Polygon"},"properties":{"bbox":{"roads":{"area":780.64,"pct":3.78}},"city_same":1,"id":"hex:3762:24301"},"type":"Feature"},{"geometry":{"coordinates":[[[-122.26486,37.99336],[-122.26542,37.99414],[-122.26656,37.99415],[-122.26713,37.99337],[-122.26657,37.99259],[-122.26543,37.99258],[-122.26486,37.99336]]],"type":"Polygon"},"properties":{"bbox":{"roads":{"area":1106.97,"pct":4.26},"sidewalks":{"area":473.66,"pct":1.82}},"city_same":1,"id":"hex:3763:24279"},"type":"Feature"},{"geometry":{"coordinates":[[[-122.26481,37.99804],[-122.26537,37.99882],[-122.26651,37.99883],[-122.26709,37.99805],[-122.26652,37.99727],[-122.26539,37.99726],[-122.26481,37.99804]]],"type":"Polygon"},"properties":{"bbox":{"roads":{"area":2193.17,"pct":8.44},"sidewalks":{"area":485.82,"pct":1.87}},"city_same":1,"id":"hex:3763:24282"},"type":"Feature"},{"geometry":{"coordinates":[[[-122.26479,37.9996],[-122.26535,38.00038],[-122.26649,38.00039],[-122.26707,37.99961],[-122.26651,37.99883],[-122.26537,37.99882],[-122.26479,37.9996]]],"type":"Polygon"},"properties":{"bbox":{"roads":{"area":2216.63,"pct":8.53},"sidewalks":{"area":59.32,"pct":0.23}},"city_same":1,"id":"hex:3763:24283"},"type":"Feature"},{"geometry":{"coordinates":[[[-122.26478,38.00116],[-122.26534,38.00194],[-122.26648,38.00195],[-122.26706,38.00117],[-122.26649,38.00039],[-122.26535,38.00038],[-122.26478,38.00116]]],"type":"Polygon"},"properties":{"bbox":{"roads":{"area":1081.54,"pct":4.16}},"city_same":1,"id":"hex:3763:24284"},"type":"Feature"},{"geometry":{"coordinates":[[[-122.26476,38.00272],[-122.26532,38.00351],[-122.26646,38.00351],[-122.26704,38.00274],[-122.26648,38.00195],[-122.26534,38.00194],[-122.26476,38.00272]]],"type":"Polygon"},"properties":{"bbox":{"roads":{"area":1473.78,"pct":5.67}},"city_same":1,"id":"hex:3763:24285"},"type":"Feature"},{"geometry":{"coordinates":[[[-122.26475,38.00428],[-122.26531,38.00507],[-122.26645,38.00507],[-122.26702,38.0043],[-122.26646,38.00351],[-122.26532,38.00351],[-122.26475,38.00428]]],"type":"Polygon"},"properties":{"bbox":{"roads":{"area":1508.53,"pct":5.81}},"city_same":1,"id":"hex:3763:24286"},"type":"Feature"},{"geometry":{"coordinates":[[[-122.26473,38.00584],[-122.26529,38.00663],[-122.26643,38.00663],[-122.26701,38.00586],[-122.26645,38.00507],[-122.26531,38.00507],[-122.26473,38.00584]]],"type":"Polygon"},"properties":{"bbox":{"roads":{"area":2657.92,"pct":10.23}},"city_same":1,"id":"hex:3763:24287"},"type":"Feature"},{"geometry":{"coordinates":[[[-122.26471,38.0074],[-122.26528,38.00819],[-122.26642,38.0082],[-122.26699,38.00742],[-122.26643,38.00663],[-122.26529,38.00663],[-122.26471,38.0074]]],"type":"Polygon"},"properties":{"bbox":{"roads":{"area":2837.86,"pct":10.92}},"city_same":1,"id":"hex:3763:24288"},"type":"Feature"},{"geometry":{"coordinates":[[[-122.2647,38.00897],[-122.26526,38.00975],[-122.2664,38.00976],[-122.26698,38.00898],[-122.26642,38.0082],[-122.26528,38.00819],[-122.2647,38.00897]]],"type":"Polygon"},"properties":{"bbox":{"roads":{"area":4496.2,"pct":17.31},"sidewalks":{"area":499.21,"pct":1.92}},"city":{"roads":{"area":1747.37,"pct":6.73},"sidewalks":{"area":499.21,"pct":1.92}},"id":"hex:3763:24289"},"type":"Feature"},{"geometry":{"coordinates":[[[-122.26468,38.01053],[-122.26525,38.01131],[-122.26638,38.01132],[-122.26696,38.01054],[-122.2664,38.00976],[-122.26526,38.00975],[-122.26468,38.01053]]],"type":"Polygon"},"properties":{"bbox":{"roads":{"area":3149.84,"pct":12.12}},"city_same":1,"id":"hex:3763:24290"},"type":"Feature"},{"geometry":{"coordinates":[[[-122.26467,38.01209],[-122.26523,38.01287],[-122.26637,38.01288],[-122.26695,38.0121],[-122.26638,38.01132],[-122.26525,38.01131],[-122.26467,38.01209]]],"type":"Polygon"},"properties":{"bbox":{"parking":{"area":25.63,"pct":0.1},"roads":{"area":3419.14,"pct":13.16},"sidewalks":{"area":32.08,"pct":0.12}},"city_same":1,"id":"hex:3763:24291"},"type":"Feature"},{"geometry":{"coordinates":[[[-122.26465,38.01365],[-122.26521,38.01443],[-122.26635,38.01444],[-122.26693,38.01366],[-122.26637,38.01288],[-122.26523,38.01287],[-122.26465,38.01365]]],"type":"Polygon"},"properties":{"bbox":{"parking":{"area":8419.73,"pct":32.41},"roads":{"area":6519.83,"pct":25.09},"sidewalks":{"area":165.53,"pct":0.64}},"city":{"parking":{"area":8419.73,"pct":32.41},"roads":{"area":2358.28,"pct":9.08},"sidewalks":{"area":165.53,"pct":0.64}},"id":"hex:3763:24292"},"type":"Feature"},{"geometry":{"coordinates":[[[-122.26464,38.01521],[-122.2652,38.01599],[-122.26634,38.016],[-122.26692,38.01522],[-122.26635,38.01444],[-122.26521,38.01443],[-122.26464,38.01521]]],"type":"Polygon"},"properties":{"bbox":{"roads":{"area":1776.6,"pct":6.84}},"city":{"roads":{"area":1774.78,"pct":6.83}},"id":"hex:3763:24293"},"type":"Feature"},{"geometry":{"coordinates":[[[-122.26462,38.01677],[-122.26518,38.01755],[-122.26632,38.01756],[-122.2669,38.01678],[-122.26634,38.016],[-122.2652,38.01599],[-122.26462,38.01677]]],"type":"Polygon"},"properties":{"bbox":{"roads":{"area":240.61,"pct":0.93}},"city_same":1,"id":"hex:3763:24294"},"type":"Feature"},{"geometry":{"coordinates":[[[-122.26461,38.01833],[-122.26517,38.01912],[-122.26631,38.01912],[-122.26688,38.01835],[-122.26632,38.01756],[-122.26518,38.01755],[-122.26461,38.01833]]],"type":"Polygon"},"properties":{"bbox":{"roads":{"area":4646.35,"pct":17.88}},"id":"hex:3763:24295"},"type":"Feature"},{"geometry":{"coordinates":[[[-122.26459,38.01989],[-122.26515,38.02068],[-122.26629,38.02068],[-122.26687,38.01991],[-122.26631,38.01912],[-122.26517,38.01912],[-122.26459,38.01989]]],"type":"Polygon"},"properties":{"bbox":{"roads":{"area":4156.43,"pct":16}},"city":{"roads":{"area":294.86,"pct":1.13}},"id":"hex:3763:24296"},"type":"Feature"},{"geometry":{"coordinates":[[[-122.26457,38.02145],[-122.26514,38.02224],[-122.26628,38.02224],[-122.26685,38.02147],[-122.26629,38.02068],[-122.26515,38.02068],[-122.26457,38.02145]]],"type":"Polygon"},"properties":{"bbox":{"roads":{"area":1654.76,"pct":6.37}},"city_same":1,"id":"hex:3763:24297"},"type":"Feature"},{"geometry":{"coordinates":[[[-122.26456,38.02301],[-122.26512,38.0238],[-122.26626,38.02381],[-122.26684,38.02303],[-122.26628,38.02224],[-122.26514,38.02224],[-122.26456,38.02301]]],"type":"Polygon"},"properties":{"bbox":{"roads":{"area":1990.47,"pct":7.66}},"city_same":1,"id":"hex:3763:24298"},"type":"Feature"},{"geometry":{"coordinates":[[[-122.26454,38.02457],[-122.26511,38.02536],[-122.26624,38.02537],[-122.26682,38.02459],[-122.26626,38.02381],[-122.26512,38.0238],[-122.26454,38.02457]]],"type":"Polygon"},"properties":{"bbox":{"roads":{"area":1224.3,"pct":4.71}},"city_same":1,"id":"hex:3763:24299"},"type":"Feature"},{"geometry":{"coordinates":[[[-122.26511,38.02536],[-122.26624,38.02537],[-122.26681,38.02615],[-122.2664,38.02669],[-122.26508,38.02539],[-122.26511,38.02536]]],"type":"Polygon"},"properties":{"bbox":{"roads":{"area":1058.88,"pct":9.83}},"city":{"roads":{"area":5.2,"pct":0.05}},"id":"hex:3763:24300"},"type":"Feature"},{"geometry":{"coordinates":[[[-122.26314,37.99413],[-122.2637,37.99491],[-122.26484,37.99492],[-122.26542,37.99414],[-122.26486,37.99336],[-122.26372,37.99335],[-122.26314,37.99413]]],"type":"Polygon"},"properties":{"bbox":{"roads":{"area":1748.86,"pct":6.73},"sidewalks":{"area":553.7,"pct":2.13}},"city_same":1,"id":"hex:3764:24280"},"type":"Feature"},{"geometry":{"coordinates":[[[-122.26312,37.99569],[-122.26369,37.99647],[-122.26482,37.99648],[-122.2654,37.9957],[-122.26484,37.99492],[-122.2637,37.99491],[-122.26312,37.99569]]],"type":"Polygon"},"properties":{"bbox":{"roads":{"area":991.48,"pct":3.82}},"city_same":1,"id":"hex:3764:24281"},"type":"Feature"},{"geometry":{"coordinates":[[[-122.26311,37.99725],[-122.26367,37.99803],[-122.26481,37.99804],[-122.26539,37.99726],[-122.26482,37.99648],[-122.26369,37.99647],[-122.26311,37.99725]]],"type":"Polygon"},"properties":{"bbox":{"roads":{"area":1685.25,"pct":6.49},"sidewalks":{"area":528.25,"pct":2.03}},"city_same":1,"id":"hex:3764:24282"},"type":"Feature"},{"geometry":{"coordinates":[[[-122.26309,37.99881],[-122.26365,37.99959],[-122.26479,37.9996],[-122.26537,37.99882],[-122.26481,37.99804],[-122.26367,37.99803],[-122.26309,37.99881]]],"type":"Polygon"},"properties":{"bbox":{"roads":{"area":2089.37,"pct":8.04},"sidewalks":{"area":7.99,"pct":0.03}},"city_same":1,"id":"hex:3764:24283"},"type":"Feature"},{"geometry":{"coordinates":[[[-122.26308,38.00037],[-122.26364,38.00115],[-122.26478,38.00116],[-122.26535,38.00038],[-122.26479,37.9996],[-122.26365,37.99959],[-122.26308,38.00037]]],"type":"Polygon"},"properties":{"bbox":{"roads":{"area":2113.43,"pct":8.13}},"city_same":1,"id":"hex:3764:24284"},"type":"Feature"},{"geometry":{"coordinates":[[[-122.26306,38.00193],[-122.26362,38.00271],[-122.26476,38.00272],[-122.26534,38.00194],[-122.26478,38.00116],[-122.26364,38.00115],[-122.26306,38.00193]]],"type":"Polygon"},"properties":{"bbox":{"roads":{"area":956.54,"pct":3.68}},"city_same":1,"id":"hex:3764:24285"},"type":"Feature"},{"geometry":{"coordinates":[[[-122.26305,38.00349],[-122.26361,38.00428],[-122.26475,38.00428],[-122.26532,38.00351],[-122.26476,38.00272],[-122.26362,38.00271],[-122.26305,38.00349]]],"type":"Polygon"},"properties":{"bbox":{"roads":{"area":1428.6,"pct":5.5}},"city_same":1,"id":"hex:3764:24286"},"type":"Feature"},{"geometry":{"coordinates":[[[-122.26303,38.00505],[-122.26359,38.00584],[-122.26473,38.00584],[-122.26531,38.00507],[-122.26475,38.00428],[-122.26361,38.00428],[-122.26303,38.00505]]],"type":"Polygon"},"properties":{"bbox":{"roads":{"area":3139.23,"pct":12.08}},"city_same":1,"id":"hex:3764:24287"},"type":"Feature"},{"geometry":{"coordinates":[[[-122.26301,38.00661],[-122.26358,38.0074],[-122.26471,38.0074],[-122.26529,38.00663],[-122.26473,38.00584],[-122.26359,38.00584],[-122.26301,38.00661]]],"type":"Polygon"},"properties":{"bbox":{"roads":{"area":3068.72,"pct":11.81}},"city_same":1,"id":"hex:3764:24288"},"type":"Feature"},{"geometry":{"coordinates":[[[-122.263,38.00817],[-122.26356,38.00896],[-122.2647,38.00897],[-122.26528,38.00819],[-122.26471,38.0074],[-122.26358,38.0074],[-122.263,38.00817]]],"type":"Polygon"},"properties":{"bbox":{"roads":{"area":4477.57,"pct":17.23},"sidewalks":{"area":398.14,"pct":1.53}},"city":{"roads":{"area":2253.78,"pct":8.67},"sidewalks":{"area":398.14,"pct":1.53}},"id":"hex:3764:24289"},"type":"Feature"},{"geometry":{"coordinates":[[[-122.26298,38.00974],[-122.26354,38.01052],[-122.26468,38.01053],[-122.26526,38.00975],[-122.2647,38.00897],[-122.26356,38.00896],[-122.26298,38.00974]]],"type":"Polygon"},"properties":{"bbox":{"roads":{"area":2780.48,"pct":10.7},"sidewalks":{"area":32.47,"pct":0.12}},"city":{"roads":{"area":2761.47,"pct":10.63},"sidewalks":{"area":32.47,"pct":0.12}},"id":"hex:3764:24290"},"type":"Feature"},{"geometry":{"coordinates":[[[-122.26297,38.0113],[-122.26353,38.01208],[-122.26467,38.01209],[-122.26525,38.01131],[-122.26468,38.01053],[-122.26354,38.01052],[-122.26297,38.0113]]],"type":"Polygon"},"properties":{"bbox":{"roads":{"area":2242.56,"pct":8.63}},"city_same":1,"id":"hex:3764:24291"},"type":"Feature"},{"geometry":{"coordinates":[[[-122.26295,38.01286],[-122.26351,38.01364],[-122.26465,38.01365],[-122.26523,38.01287],[-122.26467,38.01209],[-122.26353,38.01208],[-122.26295,38.01286]]],"type":"Polygon"},"properties":{"bbox":{"parking":{"area":1033.47,"pct":3.98},"roads":{"area":2106.21,"pct":8.11}},"city":{"parking":{"area":1033.47,"pct":3.98},"roads":{"area":473.89,"pct":1.82}},"id":"hex:3764:24292"},"type":"Feature"},{"geometry":{"coordinates":[[[-122.26294,38.01442],[-122.2635,38.0152],[-122.26464,38.01521],[-122.26521,38.01443],[-122.26465,38.01365],[-122.26351,38.01364],[-122.26294,38.01442]]],"type":"Polygon"},"properties":{"bbox":{"roads":{"area":3032.59,"pct":11.67}},"city":{"roads":{"area":1413.78,"pct":5.44}},"id":"hex:3764:24293"},"type":"Feature"},{"geometry":{"coordinates":[[[-122.26292,38.01598],[-122.26348,38.01676],[-122.26462,38.01677],[-122.2652,38.01599],[-122.26464,38.01521],[-122.2635,38.0152],[-122.26292,38.01598]]],"type":"Polygon"},"properties":{"bbox":{"roads":{"area":791.56,"pct":3.05}},"city_same":1,"id":"hex:3764:24294"},"type":"Feature"},{"geometry":{"coordinates":[[[-122.2629,38.01754],[-122.26347,38.01832],[-122.26461,38.01833],[-122.26518,38.01755],[-122.26462,38.01677],[-122.26348,38.01676],[-122.2629,38.01754]]],"type":"Polygon"},"properties":{"bbox":{"roads":{"area":1793.5,"pct":6.9}},"city_same":1,"id":"hex:3764:24295"},"type":"Feature"},{"geometry":{"coordinates":[[[-122.26289,38.0191],[-122.26345,38.01988],[-122.26459,38.01989],[-122.26517,38.01912],[-122.26461,38.01833],[-122.26347,38.01832],[-122.26289,38.0191]]],"type":"Polygon"},"properties":{"bbox":{"roads":{"area":1207.35,"pct":4.65}},"city_same":1,"id":"hex:3764:24296"},"type":"Feature"},{"geometry":{"coordinates":[[[-122.26287,38.02066],[-122.26344,38.02145],[-122.26457,38.02145],[-122.26515,38.02068],[-122.26459,38.01989],[-122.26345,38.01988],[-122.26287,38.02066]]],"type":"Polygon"},"properties":{"bbox":{"roads":{"area":5791.1,"pct":22.29}},"id":"hex:3764:24297"},"type":"Feature"},{"geometry":{"coordinates":[[[-122.26286,38.02222],[-122.26342,38.02301],[-122.26456,38.02301],[-122.26514,38.02224],[-122.26457,38.02145],[-122.26344,38.02145],[-122.26286,38.02222]]],"type":"Polygon"},"properties":{"bbox":{"roads":{"area":2136.99,"pct":8.23}},"city":{"roads":{"area":428.26,"pct":1.65}},"id":"hex:3764:24298"},"type":"Feature"},{"geometry":{"coordinates":[[[-122.26342,38.02301],[-122.26456,38.02301],[-122.26512,38.0238],[-122.26454,38.02457],[-122.26421,38.02457],[-122.26385,38.02426],[-122.26307,38.02348],[-122.26342,38.02301]]],"type":"Polygon"},"properties":{"bbox":{"parking":{"area":520.04,"pct":2.57},"roads":{"area":3170,"pct":15.65}},"city":{"parking":{"area":520.04,"pct":2.57},"roads":{"area":273.75,"pct":1.35}},"id":"hex:3764:24299"},"type":"Feature"},{"geometry":{"coordinates":[[[-122.26454,38.02457],[-122.26511,38.02536],[-122.26508,38.02539],[-122.26451,38.02483],[-122.26421,38.02457],[-122.26454,38.02457]]],"type":"Polygon"},"properties":{"bbox":{"roads":{"area":42.53,"pct":3.02}},"id":"hex:3764:24300"},"type":"Feature"},{"geometry":{"coordinates":[[[-122.26144,37.99333],[-122.262,37.99412],[-122.26314,37.99413],[-122.26372,37.99335],[-122.26315,37.99256],[-122.26202,37.99256],[-122.26144,37.99333]]],"type":"Polygon"},"properties":{"bbox":{"roads":{"area":1020.67,"pct":3.93},"sidewalks":{"area":114.31,"pct":0.44}},"city_same":1,"id":"hex:3765:24279"},"type":"Feature"},{"geometry":{"coordinates":[[[-122.26142,37.9949],[-122.26198,37.99568],[-122.26312,37.99569],[-122.2637,37.99491],[-122.26314,37.99413],[-122.262,37.99412],[-122.26142,37.9949]]],"type":"Polygon"},"properties":{"bbox":{"roads":{"area":1685.71,"pct":6.49},"sidewalks":{"area":255.82,"pct":0.98}},"city_same":1,"id":"hex:3765:24280"},"type":"Feature"},{"geometry":{"coordinates":[[[-122.26141,37.99646],[-122.26197,37.99724],[-122.26311,37.99725],[-122.26369,37.99647],[-122.26312,37.99569],[-122.26198,37.99568],[-122.26141,37.99646]]],"type":"Polygon"},"properties":{"bbox":{"roads":{"area":1368.18,"pct":5.27},"sidewalks":{"area":525.61,"pct":2.02}},"city_same":1,"id":"hex:3765:24281"},"type":"Feature"},{"geometry":{"coordinates":[[[-122.26139,37.99802],[-122.26195,37.9988],[-122.26309,37.99881],[-122.26367,37.99803],[-122.26311,37.99725],[-122.26197,37.99724],[-122.26139,37.99802]]],"type":"Polygon"},"properties":{"bbox":{"roads":{"area":1230.96,"pct":4.74}},"city_same":1,"id":"hex:3765:24282"},"type":"Feature"},{"geometry":{"coordinates":[[[-122.26138,37.99958],[-122.26194,38.00036],[-122.26308,38.00037],[-122.26365,37.99959],[-122.26309,37.99881],[-122.26195,37.9988],[-122.26138,37.99958]]],"type":"Polygon"},"properties":{"bbox":{"roads":{"area":1038.61,"pct":4}},"city_same":1,"id":"hex:3765:24283"},"type":"Feature"},{"geometry":{"coordinates":[[[-122.26136,38.00114],[-122.26192,38.00192],[-122.26306,38.00193],[-122.26364,38.00115],[-122.26308,38.00037],[-122.26194,38.00036],[-122.26136,38.00114]]],"type":"Polygon"},"properties":{"bbox":{"roads":{"area":2305.32,"pct":8.87}},"city_same":1,"id":"hex:3765:24284"},"type":"Feature"},{"geometry":{"coordinates":[[[-122.26134,38.0027],[-122.26191,38.00348],[-122.26305,38.00349],[-122.26362,38.00271],[-122.26306,38.00193],[-122.26192,38.00192],[-122.26134,38.0027]]],"type":"Polygon"},"properties":{"bbox":{"roads":{"area":984.21,"pct":3.79}},"city_same":1,"id":"hex:3765:24285"},"type":"Feature"},{"geometry":{"coordinates":[[[-122.26133,38.00426],[-122.26189,38.00505],[-122.26303,38.00505],[-122.26361,38.00428],[-122.26305,38.00349],[-122.26191,38.00348],[-122.26133,38.00426]]],"type":"Polygon"},"properties":{"bbox":{"roads":{"area":3872.94,"pct":14.91}},"city_same":1,"id":"hex:3765:24286"},"type":"Feature"},{"geometry":{"coordinates":[[[-122.26131,38.00582],[-122.26188,38.00661],[-122.26301,38.00661],[-122.26359,38.00584],[-122.26303,38.00505],[-122.26189,38.00505],[-122.26131,38.00582]]],"type":"Polygon"},"properties":{"bbox":{"roads":{"area":2168.24,"pct":8.35}},"city_same":1,"id":"hex:3765:24287"},"type":"Feature"},{"geometry":{"coordinates":[[[-122.2613,38.00738],[-122.26186,38.00817],[-122.263,38.00817],[-122.26358,38.0074],[-122.26301,38.00661],[-122.26188,38.00661],[-122.2613,38.00738]]],"type":"Polygon"},"properties":{"bbox":{"roads":{"area":3585.88,"pct":13.8}},"city_same":1,"id":"hex:3765:24288"},"type":"Feature"},{"geometry":{"coordinates":[[[-122.26128,38.00894],[-122.26184,38.00973],[-122.26298,38.00974],[-122.26356,38.00896],[-122.263,38.00817],[-122.26186,38.00817],[-122.26128,38.00894]]],"type":"Polygon"},"properties":{"bbox":{"roads":{"area":5502.84,"pct":21.18},"sidewalks":{"area":419.91,"pct":1.62}},"city":{"roads":{"area":3130.93,"pct":12.05},"sidewalks":{"area":419.91,"pct":1.62}},"id":"hex:3765:24289"},"type":"Feature"},{"geometry":{"coordinates":[[[-122.26127,38.0105],[-122.26183,38.01129],[-122.26297,38.0113],[-122.26354,38.01052],[-122.26298,38.00974],[-122.26184,38.00973],[-122.26127,38.0105]]],"type":"Polygon"},"properties":{"bbox":{"roads":{"area":1677.59,"pct":6.46}},"city_same":1,"id":"hex:3765:24290"},"type":"Feature"},{"geometry":{"coordinates":[[[-122.26125,38.01207],[-122.26181,38.01285],[-122.26295,38.01286],[-122.26353,38.01208],[-122.26297,38.0113],[-122.26183,38.01129],[-122.26125,38.01207]]],"type":"Polygon"},"properties":{"bbox":{"roads":{"area":2055.21,"pct":7.91}},"city_same":1,"id":"hex:3765:24291"},"type":"Feature"},{"geometry":{"coordinates":[[[-122.26124,38.01363],[-122.2618,38.01441],[-122.26294,38.01442],[-122.26351,38.01364],[-122.26295,38.01286],[-122.26181,38.01285],[-122.26124,38.01363]]],"type":"Polygon"},"properties":{"bbox":{"roads":{"area":5228.93,"pct":20.13}},"city":{"roads":{"area":744.23,"pct":2.86}},"id":"hex:3765:24292"},"type":"Feature"},{"geometry":{"coordinates":[[[-122.26122,38.01519],[-122.26178,38.01597],[-122.26292,38.01598],[-122.2635,38.0152],[-122.26294,38.01442],[-122.2618,38.01441],[-122.26122,38.01519]]],"type":"Polygon"},"properties":{"bbox":{"roads":{"area":1031.15,"pct":3.97}},"city_same":1,"id":"hex:3765:24293"},"type":"Feature"},{"geometry":{"coordinates":[[[-122.2612,38.01675],[-122.26177,38.01753],[-122.2629,38.01754],[-122.26348,38.01676],[-122.26292,38.01598],[-122.26178,38.01597],[-122.2612,38.01675]]],"type":"Polygon"},"properties":{"bbox":{"roads":{"area":2148.42,"pct":8.27}},"city_same":1,"id":"hex:3765:24294"},"type":"Feature"},{"geometry":{"coordinates":[[[-122.26119,38.01831],[-122.26175,38.01909],[-122.26289,38.0191],[-122.26347,38.01832],[-122.2629,38.01754],[-122.26177,38.01753],[-122.26119,38.01831]]],"type":"Polygon"},"properties":{"bbox":{"roads":{"area":874.68,"pct":3.37}},"city_same":1,"id":"hex:3765:24295"},"type":"Feature"},{"geometry":{"coordinates":[[[-122.26117,38.01987],[-122.26173,38.02065],[-122.26287,38.02066],[-122.26345,38.01988],[-122.26289,38.0191],[-122.26175,38.01909],[-122.26117,38.01987]]],"type":"Polygon"},"properties":{"bbox":{"roads":{"area":1306.08,"pct":5.03}},"city_same":1,"id":"hex:3765:24296"},"type":"Feature"},{"geometry":{"coordinates":[[[-122.26116,38.02143],[-122.26173,38.02065],[-122.26287,38.02066],[-122.26344,38.02145],[-122.26286,38.02222],[-122.26179,38.02222],[-122.26156,38.022],[-122.26116,38.02143]]],"type":"Polygon"},"properties":{"bbox":{"parking":{"area":75.74,"pct":0.29},"roads":{"area":6365.75,"pct":24.57}},"city":{"parking":{"area":75.74,"pct":0.29},"roads":{"area":2177.63,"pct":8.41}},"id":"hex:3765:24297"},"type":"Feature"},{"geometry":{"coordinates":[[[-122.26286,38.02222],[-122.26342,38.02301],[-122.26307,38.02348],[-122.26191,38.02233],[-122.26179,38.02222],[-122.26286,38.02222]]],"type":"Polygon"},"properties":{"bbox":{"parking":{"area":2544.57,"pct":27.67},"roads":{"area":4862.3,"pct":52.87}},"city":{"parking":{"area":2544.57,"pct":27.67},"roads":{"area":607.81,"pct":6.61}},"id":"hex:3765:24298"},"type":"Feature"},{"geometry":{"coordinates":[[[-122.25972,37.9941],[-122.26028,37.99489],[-122.26142,37.9949],[-122.262,37.99412],[-122.26144,37.99333],[-122.2603,37.99333],[-122.25972,37.9941]]],"type":"Polygon"},"properties":{"bbox":{"roads":{"area":1175.09,"pct":4.52},"sidewalks":{"area":497.6,"pct":1.92}},"city_same":1,"id":"hex:3766:24280"},"type":"Feature"},{"geometry":{"coordinates":[[[-122.25971,37.99567],[-122.26027,37.99645],[-122.26141,37.99646],[-122.26198,37.99568],[-122.26142,37.9949],[-122.26028,37.99489],[-122.25971,37.99567]]],"type":"Polygon"},"properties":{"bbox":{"roads":{"area":1378.59,"pct":5.31},"sidewalks":{"area":553.77,"pct":2.13}},"city_same":1,"id":"hex:3766:24281"},"type":"Feature"},{"geometry":{"coordinates":[[[-122.25968,37.99879],[-122.26024,37.99957],[-122.26138,37.99958],[-122.26195,37.9988],[-122.26139,37.99802],[-122.26025,37.99801],[-122.25968,37.99879]]],"type":"Polygon"},"properties":{"bbox":{"roads":{"area":337.84,"pct":1.3}},"city_same":1,"id":"hex:3766:24283"},"type":"Feature"},{"geometry":{"coordinates":[[[-122.25966,38.00035],[-122.26022,38.00113],[-122.26136,38.00114],[-122.26194,38.00036],[-122.26138,37.99958],[-122.26024,37.99957],[-122.25966,38.00035]]],"type":"Polygon"},"properties":{"bbox":{"roads":{"area":2058.7,"pct":7.92}},"city_same":1,"id":"hex:3766:24284"},"type":"Feature"},{"geometry":{"coordinates":[[[-122.25964,38.00191],[-122.26021,38.00269],[-122.26134,38.0027],[-122.26192,38.00192],[-122.26136,38.00114],[-122.26022,38.00113],[-122.25964,38.00191]]],"type":"Polygon"},"properties":{"bbox":{"roads":{"area":1188.68,"pct":4.58}},"city_same":1,"id":"hex:3766:24285"},"type":"Feature"},{"geometry":{"coordinates":[[[-122.25963,38.00347],[-122.26019,38.00425],[-122.26133,38.00426],[-122.26191,38.00348],[-122.26134,38.0027],[-122.26021,38.00269],[-122.25963,38.00347]]],"type":"Polygon"},"properties":{"bbox":{"roads":{"area":2892.34,"pct":11.13}},"city_same":1,"id":"hex:3766:24286"},"type":"Feature"},{"geometry":{"coordinates":[[[-122.25961,38.00503],[-122.26017,38.00581],[-122.26131,38.00582],[-122.26189,38.00505],[-122.26133,38.00426],[-122.26019,38.00425],[-122.25961,38.00503]]],"type":"Polygon"},"properties":{"bbox":{"roads":{"area":771.33,"pct":2.97}},"city_same":1,"id":"hex:3766:24287"},"type":"Feature"},{"geometry":{"coordinates":[[[-122.2596,38.00659],[-122.26016,38.00738],[-122.2613,38.00738],[-122.26188,38.00661],[-122.26131,38.00582],[-122.26017,38.00581],[-122.2596,38.00659]]],"type":"Polygon"},"properties":{"bbox":{"roads":{"area":2123.62,"pct":8.17}},"city_same":1,"id":"hex:3766:24288"},"type":"Feature"},{"geometry":{"coordinates":[[[-122.25958,38.00815],[-122.26014,38.00894],[-122.26128,38.00894],[-122.26186,38.00817],[-122.2613,38.00738],[-122.26016,38.00738],[-122.25958,38.00815]]],"type":"Polygon"},"properties":{"bbox":{"roads":{"area":2316.86,"pct":8.92},"sidewalks":{"area":202.69,"pct":0.78}},"city":{"roads":{"area":1185.24,"pct":4.56},"sidewalks":{"area":202.69,"pct":0.78}},"id":"hex:3766:24289"},"type":"Feature"},{"geometry":{"coordinates":[[[-122.25957,38.00971],[-122.26013,38.0105],[-122.26127,38.0105],[-122.26184,38.00973],[-122.26128,38.00894],[-122.26014,38.00894],[-122.25957,38.00971]]],"type":"Polygon"},"properties":{"bbox":{"roads":{"area":3628.96,"pct":13.97},"sidewalks":{"area":210.68,"pct":0.81}},"city":{"roads":{"area":2638.05,"pct":10.15},"sidewalks":{"area":210.68,"pct":0.81}},"id":"hex:3766:24290"},"type":"Feature"},{"geometry":{"coordinates":[[[-122.25955,38.01127],[-122.26011,38.01206],[-122.26125,38.01207],[-122.26183,38.01129],[-122.26127,38.0105],[-122.26013,38.0105],[-122.25955,38.01127]]],"type":"Polygon"},"properties":{"bbox":{"roads":{"area":2107.77,"pct":8.11}},"city_same":1,"id":"hex:3766:24291"},"type":"Feature"},{"geometry":{"coordinates":[[[-122.25953,38.01284],[-122.2601,38.01362],[-122.26124,38.01363],[-122.26181,38.01285],[-122.26125,38.01207],[-122.26011,38.01206],[-122.25953,38.01284]]],"type":"Polygon"},"properties":{"bbox":{"roads":{"area":5026.89,"pct":19.35}},"city":{"roads":{"area":1535.52,"pct":5.91}},"id":"hex:3766:24292"},"type":"Feature"},{"geometry":{"coordinates":[[[-122.25952,38.0144],[-122.26008,38.01518],[-122.26122,38.01519],[-122.2618,38.01441],[-122.26124,38.01363],[-122.2601,38.01362],[-122.25952,38.0144]]],"type":"Polygon"},"properties":{"bbox":{"roads":{"area":1559.66,"pct":6}},"city_same":1,"id":"hex:3766:24293"},"type":"Feature"},{"geometry":{"coordinates":[[[-122.2595,38.01596],[-122.26006,38.01674],[-122.2612,38.01675],[-122.26178,38.01597],[-122.26122,38.01519],[-122.26008,38.01518],[-122.2595,38.01596]]],"type":"Polygon"},"properties":{"bbox":{"roads":{"area":1735.36,"pct":6.68}},"city_same":1,"id":"hex:3766:24294"},"type":"Feature"},{"geometry":{"coordinates":[[[-122.25949,38.01752],[-122.26005,38.0183],[-122.26119,38.01831],[-122.26177,38.01753],[-122.2612,38.01675],[-122.26006,38.01674],[-122.25949,38.01752]]],"type":"Polygon"},"properties":{"bbox":{"roads":{"area":1773.05,"pct":6.82}},"city_same":1,"id":"hex:3766:24295"},"type":"Feature"},{"geometry":{"coordinates":[[[-122.25947,38.01908],[-122.26003,38.01986],[-122.26117,38.01987],[-122.26175,38.01909],[-122.26119,38.01831],[-122.26005,38.0183],[-122.25947,38.01908]]],"type":"Polygon"},"properties":{"bbox":{"roads":{"area":1817.19,"pct":6.99}},"city_same":1,"id":"hex:3766:24296"},"type":"Feature"},{"geometry":{"coordinates":[[[-122.26003,38.01986],[-122.26117,38.01987],[-122.26173,38.02065],[-122.26116,38.02143],[-122.26097,38.02143],[-122.25975,38.02025],[-122.26003,38.01986]]],"type":"Polygon"},"properties":{"bbox":{"roads":{"area":4508.15,"pct":24.61}},"city_same":1,"id":"hex:3766:24297"},"type":"Feature"},{"geometry":{"coordinates":[[[-122.26116,38.02143],[-122.26156,38.022],[-122.26143,38.02187],[-122.26097,38.02143],[-122.26116,38.02143]]],"type":"Polygon"},"properties":{"bbox":{"parking":{"area":19.95,"pct":3.94},"roads":{"area":354.3,"pct":70.04}},"city":{"parking":{"area":19.95,"pct":3.94},"roads":{"area":324.23,"pct":64.1}},"id":"hex:3766:24298"},"type":"Feature"},{"geometry":{"coordinates":[[[-122.25802,37.99331],[-122.25858,37.9941],[-122.25972,37.9941],[-122.2603,37.99333],[-122.25974,37.99254],[-122.2586,37.99254],[-122.25802,37.99331]]],"type":"Polygon"},"properties":{"bbox":{"roads":{"area":589.07,"pct":2.27}},"city_same":1,"id":"hex:3767:24279"},"type":"Feature"},{"geometry":{"coordinates":[[[-122.25801,37.99487],[-122.25857,37.99566],[-122.25971,37.99567],[-122.26028,37.99489],[-122.25972,37.9941],[-122.25858,37.9941],[-122.25801,37.99487]]],"type":"Polygon"},"properties":{"bbox":{"roads":{"area":1262.14,"pct":4.86}},"city_same":1,"id":"hex:3767:24280"},"type":"Feature"},{"geometry":{"coordinates":[[[-122.25798,37.998],[-122.25854,37.99878],[-122.25968,37.99879],[-122.26025,37.99801],[-122.25969,37.99723],[-122.25855,37.99722],[-122.25798,37.998]]],"type":"Polygon"},"properties":{"bbox":{"roads":{"area":442.57,"pct":1.7}},"city_same":1,"id":"hex:3767:24282"},"type":"Feature"},{"geometry":{"coordinates":[[[-122.25796,37.99956],[-122.25852,38.00034],[-122.25966,38.00035],[-122.26024,37.99957],[-122.25968,37.99879],[-122.25854,37.99878],[-122.25796,37.99956]]],"type":"Polygon"},"properties":{"bbox":{"roads":{"area":1477.8,"pct":5.69}},"city_same":1,"id":"hex:3767:24283"},"type":"Feature"},{"geometry":{"coordinates":[[[-122.25794,38.00112],[-122.25851,38.0019],[-122.25964,38.00191],[-122.26022,38.00113],[-122.25966,38.00035],[-122.25852,38.00034],[-122.25794,38.00112]]],"type":"Polygon"},"properties":{"bbox":{"roads":{"area":615.55,"pct":2.37}},"city_same":1,"id":"hex:3767:24284"},"type":"Feature"},{"geometry":{"coordinates":[[[-122.25793,38.00268],[-122.25849,38.00346],[-122.25963,38.00347],[-122.26021,38.00269],[-122.25964,38.00191],[-122.25851,38.0019],[-122.25793,38.00268]]],"type":"Polygon"},"properties":{"bbox":{"roads":{"area":3292.22,"pct":12.67}},"city_same":1,"id":"hex:3767:24285"},"type":"Feature"},{"geometry":{"coordinates":[[[-122.2579,38.0058],[-122.25846,38.00658],[-122.2596,38.00659],[-122.26017,38.00581],[-122.25961,38.00503],[-122.25847,38.00502],[-122.2579,38.0058]]],"type":"Polygon"},"properties":{"bbox":{"roads":{"area":2173.96,"pct":8.37}},"city_same":1,"id":"hex:3767:24287"},"type":"Feature"},{"geometry":{"coordinates":[[[-122.25788,38.00736],[-122.25844,38.00815],[-122.25958,38.00815],[-122.26016,38.00738],[-122.2596,38.00659],[-122.25846,38.00658],[-122.25788,38.00736]]],"type":"Polygon"},"properties":{"bbox":{"roads":{"area":2000.2,"pct":7.7}},"city_same":1,"id":"hex:3767:24288"},"type":"Feature"},{"geometry":{"coordinates":[[[-122.25787,38.00892],[-122.25843,38.00971],[-122.25957,38.00971],[-122.26014,38.00894],[-122.25958,38.00815],[-122.25844,38.00815],[-122.25787,38.00892]]],"type":"Polygon"},"properties":{"bbox":{"roads":{"area":4794.23,"pct":18.45},"sidewalks":{"area":294.68,"pct":1.13}},"city":{"roads":{"area":2954.05,"pct":11.37},"sidewalks":{"area":294.68,"pct":1.13}},"id":"hex:3767:24289"},"type":"Feature"},{"geometry":{"coordinates":[[[-122.25785,38.01048],[-122.25841,38.01127],[-122.25955,38.01127],[-122.26013,38.0105],[-122.25957,38.00971],[-122.25843,38.00971],[-122.25785,38.01048]]],"type":"Polygon"},"properties":{"bbox":{"roads":{"area":3381.8,"pct":13.02},"sidewalks":{"area":200.94,"pct":0.77}},"city":{"roads":{"area":1400.11,"pct":5.39},"sidewalks":{"area":200.94,"pct":0.77}},"id":"hex:3767:24290"},"type":"Feature"},{"geometry":{"coordinates":[[[-122.25783,38.01204],[-122.2584,38.01283],[-122.25953,38.01284],[-122.26011,38.01206],[-122.25955,38.01127],[-122.25841,38.01127],[-122.25783,38.01204]]],"type":"Polygon"},"properties":{"bbox":{"roads":{"area":3030.62,"pct":11.66}},"city_same":1,"id":"hex:3767:24291"},"type":"Feature"},{"geometry":{"coordinates":[[[-122.25782,38.01361],[-122.25838,38.01439],[-122.25952,38.0144],[-122.2601,38.01362],[-122.25953,38.01284],[-122.2584,38.01283],[-122.25782,38.01361]]],"type":"Polygon"},"properties":{"bbox":{"roads":{"area":4041.14,"pct":15.55}},"city":{"roads":{"area":285.45,"pct":1.1}},"id":"hex:3767:24292"},"type":"Feature"},{"geometry":{"coordinates":[[[-122.2578,38.01517],[-122.25836,38.01595],[-122.2595,38.01596],[-122.26008,38.01518],[-122.25952,38.0144],[-122.25838,38.01439],[-122.2578,38.01517]]],"type":"Polygon"},"properties":{"bbox":{"roads":{"area":2810.58,"pct":10.82}},"city_same":1,"id":"hex:3767:24293"},"type":"Feature"},{"geometry":{"coordinates":[[[-122.25779,38.01673],[-122.25835,38.01751],[-122.25949,38.01752],[-122.26006,38.01674],[-122.2595,38.01596],[-122.25836,38.01595],[-122.25779,38.01673]]],"type":"Polygon"},"properties":{"bbox":{"roads":{"area":2936.02,"pct":11.3}},"city_same":1,"id":"hex:3767:24294"},"type":"Feature"},{"geometry":{"coordinates":[[[-122.25777,38.01829],[-122.25835,38.01751],[-122.25949,38.01752],[-122.26005,38.0183],[-122.25947,38.01908],[-122.25853,38.01907],[-122.25834,38.01891],[-122.25799,38.01859],[-122.25777,38.01829]]],"type":"Polygon"},"properties":{"bbox":{"roads":{"area":4227.13,"pct":16.56}},"city_same":1,"id":"hex:3767:24295"},"type":"Feature"},{"geometry":{"coordinates":[[[-122.25947,38.01908],[-122.26003,38.01986],[-122.25975,38.02025],[-122.25861,38.01915],[-122.25853,38.01907],[-122.25947,38.01908]]],"type":"Polygon"},"properties":{"bbox":{"roads":{"area":2301.57,"pct":30.77}},"city_same":1,"id":"hex:3767:24296"},"type":"Feature"},{"geometry":{"coordinates":[[[-122.25631,37.99408],[-122.25687,37.99487],[-122.25801,37.99487],[-122.25858,37.9941],[-122.25802,37.99331],[-122.25688,37.99331],[-122.25631,37.99408]]],"type":"Polygon"},"properties":{"bbox":{"roads":{"area":1344.52,"pct":5.18}},"city_same":1,"id":"hex:3768:24280"},"type":"Feature"},{"geometry":{"coordinates":[[[-122.25626,37.99877],[-122.25682,37.99955],[-122.25796,37.99956],[-122.25854,37.99878],[-122.25798,37.998],[-122.25684,37.99799],[-122.25626,37.99877]]],"type":"Polygon"},"properties":{"bbox":{"roads":{"area":1636.92,"pct":6.3}},"city_same":1,"id":"hex:3768:24283"},"type":"Feature"},{"geometry":{"coordinates":[[[-122.25624,38.00033],[-122.2568,38.00111],[-122.25794,38.00112],[-122.25852,38.00034],[-122.25796,37.99956],[-122.25682,37.99955],[-122.25624,38.00033]]],"type":"Polygon"},"properties":{"bbox":{"roads":{"area":612.84,"pct":2.36}},"city_same":1,"id":"hex:3768:24284"},"type":"Feature"},{"geometry":{"coordinates":[[[-122.25623,38.00189],[-122.25679,38.00267],[-122.25793,38.00268],[-122.25851,38.0019],[-122.25794,38.00112],[-122.2568,38.00111],[-122.25623,38.00189]]],"type":"Polygon"},"properties":{"bbox":{"roads":{"area":2595.83,"pct":9.99}},"city_same":1,"id":"hex:3768:24285"},"type":"Feature"},{"geometry":{"coordinates":[[[-122.25621,38.00345],[-122.25677,38.00423],[-122.25791,38.00424],[-122.25849,38.00346],[-122.25793,38.00268],[-122.25679,38.00267],[-122.25621,38.00345]]],"type":"Polygon"},"properties":{"bbox":{"roads":{"area":369.78,"pct":1.42}},"city_same":1,"id":"hex:3768:24286"},"type":"Feature"},{"geometry":{"coordinates":[[[-122.2562,38.00501],[-122.25676,38.00579],[-122.2579,38.0058],[-122.25847,38.00502],[-122.25791,38.00424],[-122.25677,38.00423],[-122.2562,38.00501]]],"type":"Polygon"},"properties":{"bbox":{"roads":{"area":2081.23,"pct":8.01}},"city_same":1,"id":"hex:3768:24287"},"type":"Feature"},{"geometry":{"coordinates":[[[-122.25618,38.00657],[-122.25674,38.00735],[-122.25788,38.00736],[-122.25846,38.00658],[-122.2579,38.0058],[-122.25676,38.00579],[-122.25618,38.00657]]],"type":"Polygon"},"properties":{"bbox":{"roads":{"area":1128.08,"pct":4.34}},"city_same":1,"id":"hex:3768:24288"},"type":"Feature"},{"geometry":{"coordinates":[[[-122.25616,38.00813],[-122.25673,38.00892],[-122.25787,38.00892],[-122.25844,38.00815],[-122.25788,38.00736],[-122.25674,38.00735],[-122.25616,38.00813]]],"type":"Polygon"},"properties":{"bbox":{"roads":{"area":2660.4,"pct":10.24}},"city_same":1,"id":"hex:3768:24289"},"type":"Feature"},{"geometry":{"coordinates":[[[-122.25615,38.00969],[-122.25671,38.01048],[-122.25785,38.01048],[-122.25843,38.00971],[-122.25787,38.00892],[-122.25673,38.00892],[-122.25615,38.00969]]],"type":"Polygon"},"properties":{"bbox":{"roads":{"area":2701.74,"pct":10.4}},"city":{"roads":{"area":2693.02,"pct":10.37}},"id":"hex:3768:24290"},"type":"Feature"},{"geometry":{"coordinates":[[[-122.25613,38.01125],[-122.25669,38.01204],[-122.25783,38.01204],[-122.25841,38.01127],[-122.25785,38.01048],[-122.25671,38.01048],[-122.25613,38.01125]]],"type":"Polygon"},"properties":{"bbox":{"roads":{"area":2150.3,"pct":8.28}},"city":{"roads":{"area":707.05,"pct":2.72}},"id":"hex:3768:24291"},"type":"Feature"},{"geometry":{"coordinates":[[[-122.25612,38.01281],[-122.25668,38.0136],[-122.25782,38.01361],[-122.2584,38.01283],[-122.25783,38.01204],[-122.25669,38.01204],[-122.25612,38.01281]]],"type":"Polygon"},"properties":{"bbox":{"roads":{"area":3442.89,"pct":13.25}},"city":{"roads":{"area":2774.99,"pct":10.68}},"id":"hex:3768:24292"},"type":"Feature"},{"geometry":{"coordinates":[[[-122.2561,38.01437],[-122.25666,38.01516],[-122.2578,38.01517],[-122.25838,38.01439],[-122.25782,38.01361],[-122.25668,38.0136],[-122.2561,38.01437]]],"type":"Polygon"},"properties":{"bbox":{"roads":{"area":5009.28,"pct":19.28}},"city":{"roads":{"area":3742.83,"pct":14.41}},"id":"hex:3768:24293"},"type":"Feature"},{"geometry":{"coordinates":[[[-122.25609,38.01594],[-122.25665,38.01672],[-122.25779,38.01673],[-122.25836,38.01595],[-122.2578,38.01517],[-122.25666,38.01516],[-122.25609,38.01594]]],"type":"Polygon"},"properties":{"bbox":{"roads":{"area":2699.69,"pct":10.39}},"city_same":1,"id":"hex:3768:24294"},"type":"Feature"},{"geometry":{"coordinates":[[[-122.25665,38.01672],[-122.25779,38.01673],[-122.25835,38.01751],[-122.25777,38.01829],[-122.25767,38.01829],[-122.25731,38.01787],[-122.25643,38.01701],[-122.25665,38.01672]]],"type":"Polygon"},"properties":{"bbox":{"roads":{"area":4598.85,"pct":27.7}},"city_same":1,"id":"hex:3768:24295"},"type":"Feature"},{"geometry":{"coordinates":[[[-122.25777,38.01829],[-122.25799,38.01859],[-122.25776,38.01839],[-122.25767,38.01829],[-122.25777,38.01829]]],"type":"Polygon"},"properties":{"bbox":{"roads":{"area":19.35,"pct":11.87}},"city_same":1,"id":"hex:3768:24296"},"type":"Feature"},{"geometry":{"coordinates":[[[-122.25456,37.99797],[-122.25512,37.99876],[-122.25626,37.99877],[-122.25684,37.99799],[-122.25627,37.9972],[-122.25514,37.9972],[-122.25456,37.99797]]],"type":"Polygon"},"properties":{"bbox":{"roads":{"area":1671.84,"pct":6.43}},"city_same":1,"id":"hex:3769:24282"},"type":"Feature"},{"geometry":{"coordinates":[[[-122.25454,37.99954],[-122.2551,38.00032],[-122.25624,38.00033],[-122.25682,37.99955],[-122.25626,37.99877],[-122.25512,37.99876],[-122.25454,37.99954]]],"type":"Polygon"},"properties":{"bbox":{"roads":{"area":1145.71,"pct":4.41}},"city_same":1,"id":"hex:3769:24283"},"type":"Feature"},{"geometry":{"coordinates":[[[-122.25453,38.0011],[-122.25509,38.00188],[-122.25623,38.00189],[-122.2568,38.00111],[-122.25624,38.00033],[-122.2551,38.00032],[-122.25453,38.0011]]],"type":"Polygon"},"properties":{"bbox":{"roads":{"area":3079.34,"pct":11.85}},"city_same":1,"id":"hex:3769:24284"},"type":"Feature"},{"geometry":{"coordinates":[[[-122.25451,38.00266],[-122.25507,38.00344],[-122.25621,38.00345],[-122.25679,38.00267],[-122.25623,38.00189],[-122.25509,38.00188],[-122.25451,38.00266]]],"type":"Polygon"},"properties":{"bbox":{"roads":{"area":540.88,"pct":2.08}},"city_same":1,"id":"hex:3769:24285"},"type":"Feature"},{"geometry":{"coordinates":[[[-122.2545,38.00422],[-122.25506,38.005],[-122.2562,38.00501],[-122.25677,38.00423],[-122.25621,38.00345],[-122.25507,38.00344],[-122.2545,38.00422]]],"type":"Polygon"},"properties":{"bbox":{"roads":{"area":2183.31,"pct":8.4}},"city_same":1,"id":"hex:3769:24286"},"type":"Feature"},{"geometry":{"coordinates":[[[-122.25448,38.00578],[-122.25504,38.00656],[-122.25618,38.00657],[-122.25676,38.00579],[-122.2562,38.00501],[-122.25506,38.005],[-122.25448,38.00578]]],"type":"Polygon"},"properties":{"bbox":{"roads":{"area":1845.33,"pct":7.1}},"city_same":1,"id":"hex:3769:24287"},"type":"Feature"},{"geometry":{"coordinates":[[[-122.25446,38.00734],[-122.25503,38.00812],[-122.25616,38.00813],[-122.25674,38.00735],[-122.25618,38.00657],[-122.25504,38.00656],[-122.25446,38.00734]]],"type":"Polygon"},"properties":{"bbox":{"roads":{"area":2732.73,"pct":10.52}},"city_same":1,"id":"hex:3769:24288"},"type":"Feature"},{"geometry":{"coordinates":[[[-122.25445,38.0089],[-122.25501,38.00968],[-122.25615,38.00969],[-122.25673,38.00892],[-122.25616,38.00813],[-122.25503,38.00812],[-122.25445,38.0089]]],"type":"Polygon"},"properties":{"bbox":{"roads":{"area":1949.74,"pct":7.5}},"city_same":1,"id":"hex:3769:24289"},"type":"Feature"},{"geometry":{"coordinates":[[[-122.25443,38.01046],[-122.25499,38.01125],[-122.25613,38.01125],[-122.25671,38.01048],[-122.25615,38.00969],[-122.25501,38.00968],[-122.25443,38.01046]]],"type":"Polygon"},"properties":{"bbox":{"roads":{"area":878.17,"pct":3.38}},"city_same":1,"id":"hex:3769:24290"},"type":"Feature"},{"geometry":{"coordinates":[[[-122.25442,38.01202],[-122.25498,38.01281],[-122.25612,38.01281],[-122.25669,38.01204],[-122.25613,38.01125],[-122.25499,38.01125],[-122.25442,38.01202]]],"type":"Polygon"},"properties":{"bbox":{"roads":{"area":1317.69,"pct":5.07}},"city":{"roads":{"area":56.99,"pct":0.22}},"id":"hex:3769:24291"},"type":"Feature"},{"geometry":{"coordinates":[[[-122.2544,38.01358],[-122.25496,38.01437],[-122.2561,38.01437],[-122.25668,38.0136],[-122.25612,38.01281],[-122.25498,38.01281],[-122.2544,38.01358]]],"type":"Polygon"},"properties":{"bbox":{"roads":{"area":2691.95,"pct":10.36}},"id":"hex:3769:24292"},"type":"Feature"},{"geometry":{"coordinates":[[[-122.25496,38.01437],[-122.2561,38.01437],[-122.25666,38.01516],[-122.25609,38.01594],[-122.25545,38.01593],[-122.2545,38.01499],[-122.25496,38.01437]]],"type":"Polygon"},"properties":{"bbox":{"roads":{"area":4285.58,"pct":18.74}},"city":{"roads":{"area":3683.18,"pct":16.11}},"id":"hex:3769:24293"},"type":"Feature"},{"geometry":{"coordinates":[[[-122.25609,38.01594],[-122.25665,38.01672],[-122.25643,38.01701],[-122.25636,38.01694],[-122.25602,38.01649],[-122.25545,38.01593],[-122.25609,38.01594]]],"type":"Polygon"},"properties":{"bbox":{"roads":{"area":1861.82,"pct":39.9}},"city_same":1,"id":"hex:3769:24294"},"type":"Feature"},{"geometry":{"coordinates":[[[-122.25286,37.99718],[-122.25342,37.99797],[-122.25456,37.99797],[-122.25514,37.9972],[-122.25457,37.99641],[-122.25344,37.99641],[-122.25286,37.99718]]],"type":"Polygon"},"properties":{"bbox":{"roads":{"area":1342.51,"pct":5.17}},"city_same":1,"id":"hex:3770:24282"},"type":"Feature"},{"geometry":{"coordinates":[[[-122.25284,37.99874],[-122.2534,37.99953],[-122.25454,37.99954],[-122.25512,37.99876],[-122.25456,37.99797],[-122.25342,37.99797],[-122.25284,37.99874]]],"type":"Polygon"},"properties":{"bbox":{"roads":{"area":752.17,"pct":2.9}},"city_same":1,"id":"hex:3770:24283"},"type":"Feature"},{"geometry":{"coordinates":[[[-122.25283,38.0003],[-122.25339,38.00109],[-122.25453,38.0011],[-122.2551,38.00032],[-122.25454,37.99954],[-122.2534,37.99953],[-122.25283,38.0003]]],"type":"Polygon"},"properties":{"bbox":{"roads":{"area":2901.65,"pct":11.17}},"city_same":1,"id":"hex:3770:24284"},"type":"Feature"},{"geometry":{"coordinates":[[[-122.2528,38.00343],[-122.25336,38.00421],[-122.2545,38.00422],[-122.25507,38.00344],[-122.25451,38.00266],[-122.25337,38.00265],[-122.2528,38.00343]]],"type":"Polygon"},"properties":{"bbox":{"roads":{"area":2841.43,"pct":10.94}},"city_same":1,"id":"hex:3770:24286"},"type":"Feature"},{"geometry":{"coordinates":[[[-122.25278,38.00499],[-122.25334,38.00577],[-122.25448,38.00578],[-122.25506,38.005],[-122.2545,38.00422],[-122.25336,38.00421],[-122.25278,38.00499]]],"type":"Polygon"},"properties":{"bbox":{"roads":{"area":1349.68,"pct":5.19}},"city_same":1,"id":"hex:3770:24287"},"type":"Feature"},{"geometry":{"coordinates":[[[-122.25276,38.00655],[-122.25332,38.00733],[-122.25446,38.00734],[-122.25504,38.00656],[-122.25448,38.00578],[-122.25334,38.00577],[-122.25276,38.00655]]],"type":"Polygon"},"properties":{"bbox":{"roads":{"area":2622.93,"pct":10.1}},"city_same":1,"id":"hex:3770:24288"},"type":"Feature"},{"geometry":{"coordinates":[[[-122.25275,38.00811],[-122.25331,38.00889],[-122.25445,38.0089],[-122.25503,38.00812],[-122.25446,38.00734],[-122.25332,38.00733],[-122.25275,38.00811]]],"type":"Polygon"},"properties":{"bbox":{"roads":{"area":1380.2,"pct":5.31}},"city_same":1,"id":"hex:3770:24289"},"type":"Feature"},{"geometry":{"coordinates":[[[-122.25273,38.00967],[-122.25329,38.01045],[-122.25443,38.01046],[-122.25501,38.00968],[-122.25445,38.0089],[-122.25331,38.00889],[-122.25273,38.00967]]],"type":"Polygon"},"properties":{"bbox":{"roads":{"area":1131.13,"pct":4.35}},"city_same":1,"id":"hex:3770:24290"},"type":"Feature"},{"geometry":{"coordinates":[[[-122.25272,38.01123],[-122.25328,38.01202],[-122.25442,38.01202],[-122.25499,38.01125],[-122.25443,38.01046],[-122.25329,38.01045],[-122.25272,38.01123]]],"type":"Polygon"},"properties":{"bbox":{"roads":{"area":1083.16,"pct":4.17}},"city":{"roads":{"area":1008.9,"pct":3.88}},"id":"hex:3770:24291"},"type":"Feature"},{"geometry":{"coordinates":[[[-122.2527,38.01279],[-122.25326,38.01358],[-122.2544,38.01358],[-122.25498,38.01281],[-122.25442,38.01202],[-122.25328,38.01202],[-122.2527,38.01279]]],"type":"Polygon"},"properties":{"bbox":{"roads":{"area":1028.94,"pct":3.96}},"city":{"roads":{"area":26.01,"pct":0.1}},"id":"hex:3770:24292"},"type":"Feature"},{"geometry":{"coordinates":[[[-122.25326,38.01358],[-122.2544,38.01358],[-122.25496,38.01437],[-122.2545,38.01499],[-122.25397,38.01448],[-122.25317,38.0137],[-122.25326,38.01358]]],"type":"Polygon"},"properties":{"bbox":{"roads":{"area":2098.59,"pct":16.59}},"city":{"roads":{"area":325.9,"pct":2.58}},"id":"hex:3770:24293"},"type":"Feature"},{"geometry":{"coordinates":[[[-122.25116,37.99639],[-122.25172,37.99718],[-122.25286,37.99718],[-122.25344,37.99641],[-122.25287,37.99562],[-122.25174,37.99561],[-122.25116,37.99639]]],"type":"Polygon"},"properties":{"bbox":{"roads":{"area":1310.05,"pct":5.04}},"city_same":1,"id":"hex:3771:24281"},"type":"Feature"},{"geometry":{"coordinates":[[[-122.25114,37.99795],[-122.2517,37.99874],[-122.25284,37.99874],[-122.25342,37.99797],[-122.25286,37.99718],[-122.25172,37.99718],[-122.25114,37.99795]]],"type":"Polygon"},"properties":{"bbox":{"roads":{"area":1277.13,"pct":4.92}},"city_same":1,"id":"hex:3771:24282"},"type":"Feature"},{"geometry":{"coordinates":[[[-122.25113,37.99951],[-122.25169,38.0003],[-122.25283,38.0003],[-122.2534,37.99953],[-122.25284,37.99874],[-122.2517,37.99874],[-122.25113,37.99951]]],"type":"Polygon"},"properties":{"bbox":{"roads":{"area":3497.02,"pct":13.46}},"city_same":1,"id":"hex:3771:24283"},"type":"Feature"},{"geometry":{"coordinates":[[[-122.25111,38.00107],[-122.25167,38.00186],[-122.25281,38.00187],[-122.25339,38.00109],[-122.25283,38.0003],[-122.25169,38.0003],[-122.25111,38.00107]]],"type":"Polygon"},"properties":{"bbox":{"roads":{"area":0,"pct":0}},"city_same":1,"id":"hex:3771:24284"},"type":"Feature"},{"geometry":{"coordinates":[[[-122.25109,38.00264],[-122.25166,38.00342],[-122.2528,38.00343],[-122.25337,38.00265],[-122.25281,38.00187],[-122.25167,38.00186],[-122.25109,38.00264]]],"type":"Polygon"},"properties":{"bbox":{"roads":{"area":2644.04,"pct":10.18}},"city_same":1,"id":"hex:3771:24285"},"type":"Feature"},{"geometry":{"coordinates":[[[-122.25108,38.0042],[-122.25164,38.00498],[-122.25278,38.00499],[-122.25336,38.00421],[-122.2528,38.00343],[-122.25166,38.00342],[-122.25108,38.0042]]],"type":"Polygon"},"properties":{"bbox":{"roads":{"area":2284.93,"pct":8.79}},"city_same":1,"id":"hex:3771:24286"},"type":"Feature"},{"geometry":{"coordinates":[[[-122.25106,38.00576],[-122.25162,38.00654],[-122.25276,38.00655],[-122.25334,38.00577],[-122.25278,38.00499],[-122.25164,38.00498],[-122.25106,38.00576]]],"type":"Polygon"},"properties":{"bbox":{"roads":{"area":1702.14,"pct":6.55}},"city_same":1,"id":"hex:3771:24287"},"type":"Feature"},{"geometry":{"coordinates":[[[-122.25105,38.00732],[-122.25161,38.0081],[-122.25275,38.00811],[-122.25332,38.00733],[-122.25276,38.00655],[-122.25162,38.00654],[-122.25105,38.00732]]],"type":"Polygon"},"properties":{"bbox":{"roads":{"area":351.97,"pct":1.35}},"city_same":1,"id":"hex:3771:24288"},"type":"Feature"},{"geometry":{"coordinates":[[[-122.25103,38.00888],[-122.25159,38.00966],[-122.25273,38.00967],[-122.25331,38.00889],[-122.25275,38.00811],[-122.25161,38.0081],[-122.25103,38.00888]]],"type":"Polygon"},"properties":{"bbox":{"roads":{"area":606.58,"pct":2.33}},"city_same":1,"id":"hex:3771:24289"},"type":"Feature"},{"geometry":{"coordinates":[[[-122.25102,38.01044],[-122.25158,38.01122],[-122.25272,38.01123],[-122.25329,38.01045],[-122.25273,38.00967],[-122.25159,38.00966],[-122.25102,38.01044]]],"type":"Polygon"},"properties":{"bbox":{"roads":{"area":721.24,"pct":2.78}},"city_same":1,"id":"hex:3771:24290"},"type":"Feature"},{"geometry":{"coordinates":[[[-122.25158,38.01122],[-122.25272,38.01123],[-122.25328,38.01202],[-122.2527,38.01279],[-122.25225,38.01279],[-122.25119,38.01175],[-122.25158,38.01122]]],"type":"Polygon"},"properties":{"bbox":{"roads":{"area":822.01,"pct":3.9}},"city":{"roads":{"area":498.61,"pct":2.37}},"id":"hex:3771:24291"},"type":"Feature"},{"geometry":{"coordinates":[[[-122.2527,38.01279],[-122.25326,38.01358],[-122.25317,38.0137],[-122.25228,38.01281],[-122.25225,38.01279],[-122.2527,38.01279]]],"type":"Polygon"},"properties":{"bbox":{"roads":{"area":157.92,"pct":6}},"id":"hex:3771:24292"},"type":"Feature"},{"geometry":{"coordinates":[[[-122.24944,37.99716],[-122.25,37.99795],[-122.25114,37.99795],[-122.25172,37.99718],[-122.25116,37.99639],[-122.25002,37.99638],[-122.24944,37.99716]]],"type":"Polygon"},"properties":{"bbox":{"roads":{"area":1699.27,"pct":6.54}},"city_same":1,"id":"hex:3772:24282"},"type":"Feature"},{"geometry":{"coordinates":[[[-122.24943,37.99872],[-122.24999,37.99951],[-122.25113,37.99951],[-122.2517,37.99874],[-122.25114,37.99795],[-122.25,37.99795],[-122.24943,37.99872]]],"type":"Polygon"},"properties":{"bbox":{"roads":{"area":3094.24,"pct":11.91}},"city_same":1,"id":"hex:3772:24283"},"type":"Feature"},{"geometry":{"coordinates":[[[-122.24941,38.00028],[-122.24997,38.00107],[-122.25111,38.00107],[-122.25169,38.0003],[-122.25113,37.99951],[-122.24999,37.99951],[-122.24941,38.00028]]],"type":"Polygon"},"properties":{"bbox":{"roads":{"area":105.82,"pct":0.41}},"city_same":1,"id":"hex:3772:24284"},"type":"Feature"},{"geometry":{"coordinates":[[[-122.24939,38.00184],[-122.24996,38.00263],[-122.25109,38.00264],[-122.25167,38.00186],[-122.25111,38.00107],[-122.24997,38.00107],[-122.24939,38.00184]]],"type":"Polygon"},"properties":{"bbox":{"roads":{"area":2394.06,"pct":9.21}},"city_same":1,"id":"hex:3772:24285"},"type":"Feature"},{"geometry":{"coordinates":[[[-122.24938,38.0034],[-122.24994,38.00419],[-122.25108,38.0042],[-122.25166,38.00342],[-122.25109,38.00264],[-122.24996,38.00263],[-122.24938,38.0034]]],"type":"Polygon"},"properties":{"bbox":{"roads":{"area":1433.74,"pct":5.52}},"city_same":1,"id":"hex:3772:24286"},"type":"Feature"},{"geometry":{"coordinates":[[[-122.24936,38.00497],[-122.24992,38.00575],[-122.25106,38.00576],[-122.25164,38.00498],[-122.25108,38.0042],[-122.24994,38.00419],[-122.24936,38.00497]]],"type":"Polygon"},"properties":{"bbox":{"roads":{"area":1852.27,"pct":7.13}},"city_same":1,"id":"hex:3772:24287"},"type":"Feature"},{"geometry":{"coordinates":[[[-122.24935,38.00653],[-122.24991,38.00731],[-122.25105,38.00732],[-122.25162,38.00654],[-122.25106,38.00576],[-122.24992,38.00575],[-122.24935,38.00653]]],"type":"Polygon"},"properties":{"bbox":{"roads":{"area":1078.71,"pct":4.15}},"city_same":1,"id":"hex:3772:24288"},"type":"Feature"},{"geometry":{"coordinates":[[[-122.24933,38.00809],[-122.24989,38.00887],[-122.25103,38.00888],[-122.25161,38.0081],[-122.25105,38.00732],[-122.24991,38.00731],[-122.24933,38.00809]]],"type":"Polygon"},"properties":{"bbox":{"roads":{"area":744.25,"pct":2.86}},"city_same":1,"id":"hex:3772:24289"},"type":"Feature"},{"geometry":{"coordinates":[[[-122.24931,38.00965],[-122.24988,38.01043],[-122.25102,38.01044],[-122.25159,38.00966],[-122.25103,38.00888],[-122.24989,38.00887],[-122.24931,38.00965]]],"type":"Polygon"},"properties":{"bbox":{"roads":{"area":946.54,"pct":3.64}},"city_same":1,"id":"hex:3772:24290"},"type":"Feature"},{"geometry":{"coordinates":[[[-122.24774,37.99637],[-122.2483,37.99715],[-122.24944,37.99716],[-122.25002,37.99638],[-122.24946,37.9956],[-122.24832,37.99559],[-122.24774,37.99637]]],"type":"Polygon"},"properties":{"bbox":{"roads":{"area":1207.96,"pct":4.65}},"city_same":1,"id":"hex:3773:24281"},"type":"Feature"},{"geometry":{"coordinates":[[[-122.24773,37.99793],[-122.24829,37.99871],[-122.24943,37.99872],[-122.25,37.99795],[-122.24944,37.99716],[-122.2483,37.99715],[-122.24773,37.99793]]],"type":"Polygon"},"properties":{"bbox":{"roads":{"area":4000.68,"pct":15.4}},"city_same":1,"id":"hex:3773:24282"},"type":"Feature"},{"geometry":{"coordinates":[[[-122.24771,37.99949],[-122.24827,38.00028],[-122.24941,38.00028],[-122.24999,37.99951],[-122.24943,37.99872],[-122.24829,37.99871],[-122.24771,37.99949]]],"type":"Polygon"},"properties":{"bbox":{"parking":{"area":928.41,"pct":3.57},"roads":{"area":916.16,"pct":3.53}},"city_same":1,"id":"hex:3773:24283"},"type":"Feature"},{"geometry":{"coordinates":[[[-122.24769,38.00105],[-122.24826,38.00184],[-122.24939,38.00184],[-122.24997,38.00107],[-122.24941,38.00028],[-122.24827,38.00028],[-122.24769,38.00105]]],"type":"Polygon"},"properties":{"bbox":{"roads":{"area":2168.19,"pct":8.35}},"city_same":1,"id":"hex:3773:24284"},"type":"Feature"},{"geometry":{"coordinates":[[[-122.24768,38.00261],[-122.24824,38.0034],[-122.24938,38.0034],[-122.24996,38.00263],[-122.24939,38.00184],[-122.24826,38.00184],[-122.24768,38.00261]]],"type":"Polygon"},"properties":{"bbox":{"roads":{"area":1177.65,"pct":4.53}},"city_same":1,"id":"hex:3773:24285"},"type":"Feature"},{"geometry":{"coordinates":[[[-122.24766,38.00417],[-122.24822,38.00496],[-122.24936,38.00497],[-122.24994,38.00419],[-122.24938,38.0034],[-122.24824,38.0034],[-122.24766,38.00417]]],"type":"Polygon"},"properties":{"bbox":{"roads":{"area":2393.61,"pct":9.21}},"city_same":1,"id":"hex:3773:24286"},"type":"Feature"},{"geometry":{"coordinates":[[[-122.24765,38.00574],[-122.24821,38.00652],[-122.24935,38.00653],[-122.24992,38.00575],[-122.24936,38.00497],[-122.24822,38.00496],[-122.24765,38.00574]]],"type":"Polygon"},"properties":{"bbox":{"roads":{"area":712.01,"pct":2.74}},"city_same":1,"id":"hex:3773:24287"},"type":"Feature"},{"geometry":{"coordinates":[[[-122.24763,38.0073],[-122.24819,38.00808],[-122.24933,38.00809],[-122.24991,38.00731],[-122.24935,38.00653],[-122.24821,38.00652],[-122.24763,38.0073]]],"type":"Polygon"},"properties":{"bbox":{"roads":{"area":165.68,"pct":0.64}},"city_same":1,"id":"hex:3773:24288"},"type":"Feature"},{"geometry":{"coordinates":[[[-122.24819,38.00808],[-122.24933,38.00809],[-122.24989,38.00887],[-122.24931,38.00965],[-122.24905,38.00965],[-122.24807,38.00868],[-122.24778,38.00863],[-122.24819,38.00808]]],"type":"Polygon"},"properties":{"bbox":{"roads":{"area":1935.36,"pct":10.02}},"city_same":1,"id":"hex:3773:24289"},"type":"Feature"},{"geometry":{"coordinates":[[[-122.24604,37.99558],[-122.2466,37.99636],[-122.24774,37.99637],[-122.24832,37.99559],[-122.24776,37.99481],[-122.24662,37.9948],[-122.24604,37.99558]]],"type":"Polygon"},"properties":{"bbox":{"roads":{"area":1456.33,"pct":5.61}},"city_same":1,"id":"hex:3774:24281"},"type":"Feature"},{"geometry":{"coordinates":[[[-122.24603,37.99714],[-122.24659,37.99792],[-122.24773,37.99793],[-122.2483,37.99715],[-122.24774,37.99637],[-122.2466,37.99636],[-122.24603,37.99714]]],"type":"Polygon"},"properties":{"bbox":{"roads":{"area":3604.69,"pct":13.87}},"city_same":1,"id":"hex:3774:24282"},"type":"Feature"},{"geometry":{"coordinates":[[[-122.24601,37.9987],[-122.24657,37.99948],[-122.24771,37.99949],[-122.24829,37.99871],[-122.24773,37.99793],[-122.24659,37.99792],[-122.24601,37.9987]]],"type":"Polygon"},"properties":{"bbox":{"parking":{"area":3056.38,"pct":11.76},"roads":{"area":1873.02,"pct":7.21}},"city_same":1,"id":"hex:3774:24283"},"type":"Feature"},{"geometry":{"coordinates":[[[-122.24599,38.00026],[-122.24655,38.00105],[-122.24769,38.00105],[-122.24827,38.00028],[-122.24771,37.99949],[-122.24657,37.99948],[-122.24599,38.00026]]],"type":"Polygon"},"properties":{"bbox":{"roads":{"area":1674.23,"pct":6.44}},"city_same":1,"id":"hex:3774:24284"},"type":"Feature"},{"geometry":{"coordinates":[[[-122.24598,38.00182],[-122.24654,38.00261],[-122.24768,38.00261],[-122.24826,38.00184],[-122.24769,38.00105],[-122.24655,38.00105],[-122.24598,38.00182]]],"type":"Polygon"},"properties":{"bbox":{"roads":{"area":1605.27,"pct":6.18}},"city_same":1,"id":"hex:3774:24285"},"type":"Feature"},{"geometry":{"coordinates":[[[-122.24596,38.00338],[-122.24652,38.00417],[-122.24766,38.00417],[-122.24824,38.0034],[-122.24768,38.00261],[-122.24654,38.00261],[-122.24596,38.00338]]],"type":"Polygon"},"properties":{"bbox":{"roads":{"area":2092.98,"pct":8.06}},"city_same":1,"id":"hex:3774:24286"},"type":"Feature"},{"geometry":{"coordinates":[[[-122.24595,38.00494],[-122.24651,38.00573],[-122.24765,38.00574],[-122.24822,38.00496],[-122.24766,38.00417],[-122.24652,38.00417],[-122.24595,38.00494]]],"type":"Polygon"},"properties":{"bbox":{"roads":{"area":29.96,"pct":0.12}},"city_same":1,"id":"hex:3774:24287"},"type":"Feature"},{"geometry":{"coordinates":[[[-122.24593,38.0065],[-122.24649,38.00729],[-122.24763,38.0073],[-122.24821,38.00652],[-122.24765,38.00574],[-122.24651,38.00573],[-122.24593,38.0065]]],"type":"Polygon"},"properties":{"bbox":{"roads":{"area":1886.78,"pct":7.26}},"city_same":1,"id":"hex:3774:24288"},"type":"Feature"},{"geometry":{"coordinates":[[[-122.24591,38.00807],[-122.24649,38.00729],[-122.24763,38.0073],[-122.24819,38.00808],[-122.24778,38.00863],[-122.24613,38.00836],[-122.24591,38.00807]]],"type":"Polygon"},"properties":{"bbox":{"roads":{"area":1006.26,"pct":4.73}},"city_same":1,"id":"hex:3774:24289"},"type":"Feature"},{"geometry":{"coordinates":[[[-122.24434,37.99479],[-122.2449,37.99557],[-122.24604,37.99558],[-122.24662,37.9948],[-122.24606,37.99402],[-122.24492,37.99401],[-122.24434,37.99479]]],"type":"Polygon"},"properties":{"bbox":{"roads":{"area":1866.82,"pct":7.19}},"city_same":1,"id":"hex:3775:24280"},"type":"Feature"},{"geometry":{"coordinates":[[[-122.24433,37.99635],[-122.24489,37.99713],[-122.24603,37.99714],[-122.2466,37.99636],[-122.24604,37.99558],[-122.2449,37.99557],[-122.24433,37.99635]]],"type":"Polygon"},"properties":{"bbox":{"roads":{"area":2693.69,"pct":10.37}},"city_same":1,"id":"hex:3775:24281"},"type":"Feature"},{"geometry":{"coordinates":[[[-122.24431,37.99791],[-122.24487,37.99869],[-122.24601,37.9987],[-122.24659,37.99792],[-122.24603,37.99714],[-122.24489,37.99713],[-122.24431,37.99791]]],"type":"Polygon"},"properties":{"bbox":{"roads":{"area":1629.27,"pct":6.27}},"city_same":1,"id":"hex:3775:24282"},"type":"Feature"},{"geometry":{"coordinates":[[[-122.24429,37.99947],[-122.24485,38.00025],[-122.24599,38.00026],[-122.24657,37.99948],[-122.24601,37.9987],[-122.24487,37.99869],[-122.24429,37.99947]]],"type":"Polygon"},"properties":{"bbox":{"roads":{"area":1729.51,"pct":6.66}},"city_same":1,"id":"hex:3775:24283"},"type":"Feature"},{"geometry":{"coordinates":[[[-122.24428,38.00103],[-122.24484,38.00181],[-122.24598,38.00182],[-122.24655,38.00105],[-122.24599,38.00026],[-122.24485,38.00025],[-122.24428,38.00103]]],"type":"Polygon"},"properties":{"bbox":{"roads":{"area":1000.81,"pct":3.85}},"city_same":1,"id":"hex:3775:24284"},"type":"Feature"},{"geometry":{"coordinates":[[[-122.24426,38.00259],[-122.24482,38.00338],[-122.24596,38.00338],[-122.24654,38.00261],[-122.24598,38.00182],[-122.24484,38.00181],[-122.24426,38.00259]]],"type":"Polygon"},"properties":{"bbox":{"roads":{"area":2520.48,"pct":9.7}},"city_same":1,"id":"hex:3775:24285"},"type":"Feature"},{"geometry":{"coordinates":[[[-122.24424,38.00415],[-122.24481,38.00494],[-122.24595,38.00494],[-122.24652,38.00417],[-122.24596,38.00338],[-122.24482,38.00338],[-122.24424,38.00415]]],"type":"Polygon"},"properties":{"bbox":{"roads":{"area":706.26,"pct":2.72}},"city_same":1,"id":"hex:3775:24286"},"type":"Feature"},{"geometry":{"coordinates":[[[-122.24423,38.00571],[-122.24479,38.0065],[-122.24593,38.0065],[-122.24651,38.00573],[-122.24595,38.00494],[-122.24481,38.00494],[-122.24423,38.00571]]],"type":"Polygon"},"properties":{"bbox":{"roads":{"area":2128.41,"pct":8.19}},"city_same":1,"id":"hex:3775:24287"},"type":"Feature"},{"geometry":{"coordinates":[[[-122.24421,38.00727],[-122.24477,38.00806],[-122.24591,38.00807],[-122.24649,38.00729],[-122.24593,38.0065],[-122.24479,38.0065],[-122.24421,38.00727]]],"type":"Polygon"},"properties":{"bbox":{"roads":{"area":1317.8,"pct":5.07}},"city_same":1,"id":"hex:3775:24288"},"type":"Feature"},{"geometry":{"coordinates":[[[-122.24477,38.00806],[-122.24591,38.00807],[-122.24613,38.00836],[-122.24545,38.00825],[-122.24472,38.00813],[-122.24477,38.00806]]],"type":"Polygon"},"properties":{"bbox":{"roads":{"area":25.27,"pct":1.14}},"city_same":1,"id":"hex:3775:24289"},"type":"Feature"},{"geometry":{"coordinates":[[[-122.24266,37.99243],[-122.24322,37.99322],[-122.24436,37.99323],[-122.24493,37.99245],[-122.24437,37.99166],[-122.24323,37.99166],[-122.24266,37.99243]]],"type":"Polygon"},"properties":{"bbox":{"roads":{"area":345.92,"pct":1.33}},"city_same":1,"id":"hex:3776:24279"},"type":"Feature"},{"geometry":{"coordinates":[[[-122.24264,37.994],[-122.2432,37.99478],[-122.24434,37.99479],[-122.24492,37.99401],[-122.24436,37.99323],[-122.24322,37.99322],[-122.24264,37.994]]],"type":"Polygon"},"properties":{"bbox":{"roads":{"area":713.4,"pct":2.75}},"city_same":1,"id":"hex:3776:24280"},"type":"Feature"},{"geometry":{"coordinates":[[[-122.24262,37.99556],[-122.24319,37.99634],[-122.24433,37.99635],[-122.2449,37.99557],[-122.24434,37.99479],[-122.2432,37.99478],[-122.24262,37.99556]]],"type":"Polygon"},"properties":{"bbox":{"roads":{"area":4252.45,"pct":16.37}},"city_same":1,"id":"hex:3776:24281"},"type":"Feature"},{"geometry":{"coordinates":[[[-122.24261,37.99712],[-122.24317,37.9979],[-122.24431,37.99791],[-122.24489,37.99713],[-122.24433,37.99635],[-122.24319,37.99634],[-122.24261,37.99712]]],"type":"Polygon"},"properties":{"bbox":{"roads":{"area":2418.44,"pct":9.31}},"city_same":1,"id":"hex:3776:24282"},"type":"Feature"},{"geometry":{"coordinates":[[[-122.24259,37.99868],[-122.24315,37.99946],[-122.24429,37.99947],[-122.24487,37.99869],[-122.24431,37.99791],[-122.24317,37.9979],[-122.24259,37.99868]]],"type":"Polygon"},"properties":{"bbox":{"roads":{"area":1082.34,"pct":4.17}},"city_same":1,"id":"hex:3776:24283"},"type":"Feature"},{"geometry":{"coordinates":[[[-122.24258,38.00024],[-122.24314,38.00102],[-122.24428,38.00103],[-122.24485,38.00025],[-122.24429,37.99947],[-122.24315,37.99946],[-122.24258,38.00024]]],"type":"Polygon"},"properties":{"bbox":{"roads":{"area":2310.76,"pct":8.89}},"city_same":1,"id":"hex:3776:24284"},"type":"Feature"},{"geometry":{"coordinates":[[[-122.24256,38.0018],[-122.24312,38.00258],[-122.24426,38.00259],[-122.24484,38.00181],[-122.24428,38.00103],[-122.24314,38.00102],[-122.24256,38.0018]]],"type":"Polygon"},"properties":{"bbox":{"roads":{"area":2692.53,"pct":10.36}},"city_same":1,"id":"hex:3776:24285"},"type":"Feature"},{"geometry":{"coordinates":[[[-122.24254,38.00336],[-122.24311,38.00415],[-122.24424,38.00415],[-122.24482,38.00338],[-122.24426,38.00259],[-122.24312,38.00258],[-122.24254,38.00336]]],"type":"Polygon"},"properties":{"bbox":{"roads":{"area":1645.6,"pct":6.33}},"city_same":1,"id":"hex:3776:24286"},"type":"Feature"},{"geometry":{"coordinates":[[[-122.24253,38.00492],[-122.24309,38.00571],[-122.24423,38.00571],[-122.24481,38.00494],[-122.24424,38.00415],[-122.24311,38.00415],[-122.24253,38.00492]]],"type":"Polygon"},"properties":{"bbox":{"roads":{"area":2548.93,"pct":9.81}},"city_same":1,"id":"hex:3776:24287"},"type":"Feature"},{"geometry":{"coordinates":[[[-122.24251,38.00648],[-122.24307,38.00727],[-122.24421,38.00727],[-122.24479,38.0065],[-122.24423,38.00571],[-122.24309,38.00571],[-122.24251,38.00648]]],"type":"Polygon"},"properties":{"bbox":{"roads":{"area":1955.61,"pct":7.53}},"city_same":1,"id":"hex:3776:24288"},"type":"Feature"},{"geometry":{"coordinates":[[[-122.24307,38.00727],[-122.24421,38.00727],[-122.24477,38.00806],[-122.24472,38.00813],[-122.24268,38.0078],[-122.24307,38.00727]]],"type":"Polygon"},"properties":{"bbox":{"roads":{"area":777.9,"pct":7}},"city_same":1,"id":"hex:3776:24289"},"type":"Feature"},{"geometry":{"coordinates":[[[-122.24096,37.99164],[-122.24152,37.99243],[-122.24266,37.99243],[-122.24323,37.99166],[-122.24267,37.99087],[-122.24153,37.99087],[-122.24096,37.99164]]],"type":"Polygon"},"properties":{"bbox":{"roads":{"area":916.12,"pct":3.53}},"city_same":1,"id":"hex:3777:24278"},"type":"Feature"},{"geometry":{"coordinates":[[[-122.24094,37.9932],[-122.2415,37.99399],[-122.24264,37.994],[-122.24322,37.99322],[-122.24266,37.99243],[-122.24152,37.99243],[-122.24094,37.9932]]],"type":"Polygon"},"properties":{"bbox":{"roads":{"area":1072.77,"pct":4.13}},"city_same":1,"id":"hex:3777:24279"},"type":"Feature"},{"geometry":{"coordinates":[[[-122.24092,37.99476],[-122.24149,37.99555],[-122.24262,37.99556],[-122.2432,37.99478],[-122.24264,37.994],[-122.2415,37.99399],[-122.24092,37.99476]]],"type":"Polygon"},"properties":{"bbox":{"roads":{"area":5044.46,"pct":19.42}},"city_same":1,"id":"hex:3777:24280"},"type":"Feature"},{"geometry":{"coordinates":[[[-122.24091,37.99633],[-122.24147,37.99711],[-122.24261,37.99712],[-122.24319,37.99634],[-122.24262,37.99556],[-122.24149,37.99555],[-122.24091,37.99633]]],"type":"Polygon"},"properties":{"bbox":{"roads":{"area":788.8,"pct":3.04}},"city_same":1,"id":"hex:3777:24281"},"type":"Feature"},{"geometry":{"coordinates":[[[-122.24089,37.99789],[-122.24145,37.99867],[-122.24259,37.99868],[-122.24317,37.9979],[-122.24261,37.99712],[-122.24147,37.99711],[-122.24089,37.99789]]],"type":"Polygon"},"properties":{"bbox":{"roads":{"area":2687.96,"pct":10.35}},"city_same":1,"id":"hex:3777:24282"},"type":"Feature"},{"geometry":{"coordinates":[[[-122.24088,37.99945],[-122.24144,38.00023],[-122.24258,38.00024],[-122.24315,37.99946],[-122.24259,37.99868],[-122.24145,37.99867],[-122.24088,37.99945]]],"type":"Polygon"},"properties":{"bbox":{"roads":{"area":2031.58,"pct":7.82}},"city_same":1,"id":"hex:3777:24283"},"type":"Feature"},{"geometry":{"coordinates":[[[-122.24086,38.00101],[-122.24142,38.00179],[-122.24256,38.0018],[-122.24314,38.00102],[-122.24258,38.00024],[-122.24144,38.00023],[-122.24086,38.00101]]],"type":"Polygon"},"properties":{"bbox":{"roads":{"area":998.79,"pct":3.84}},"city_same":1,"id":"hex:3777:24284"},"type":"Feature"},{"geometry":{"coordinates":[[[-122.24084,38.00257],[-122.24141,38.00335],[-122.24254,38.00336],[-122.24312,38.00258],[-122.24256,38.0018],[-122.24142,38.00179],[-122.24084,38.00257]]],"type":"Polygon"},"properties":{"bbox":{"roads":{"area":1561.97,"pct":6.01}},"city_same":1,"id":"hex:3777:24285"},"type":"Feature"},{"geometry":{"coordinates":[[[-122.24083,38.00413],[-122.24139,38.00491],[-122.24253,38.00492],[-122.24311,38.00415],[-122.24254,38.00336],[-122.24141,38.00335],[-122.24083,38.00413]]],"type":"Polygon"},"properties":{"bbox":{"roads":{"area":1213.74,"pct":4.67}},"city_same":1,"id":"hex:3777:24286"},"type":"Feature"},{"geometry":{"coordinates":[[[-122.24081,38.00569],[-122.24137,38.00648],[-122.24251,38.00648],[-122.24309,38.00571],[-122.24253,38.00492],[-122.24139,38.00491],[-122.24081,38.00569]]],"type":"Polygon"},"properties":{"bbox":{"roads":{"area":1867.66,"pct":7.19}},"city_same":1,"id":"hex:3777:24287"},"type":"Feature"},{"geometry":{"coordinates":[[[-122.2408,38.00725],[-122.24137,38.00648],[-122.24251,38.00648],[-122.24307,38.00727],[-122.24268,38.0078],[-122.24099,38.00753],[-122.2408,38.00725]]],"type":"Polygon"},"properties":{"bbox":{"roads":{"area":1265.18,"pct":6.05}},"city_same":1,"id":"hex:3777:24288"},"type":"Feature"},{"geometry":{"coordinates":[[[-122.23924,37.99241],[-122.2398,37.9932],[-122.24094,37.9932],[-122.24152,37.99243],[-122.24096,37.99164],[-122.23982,37.99164],[-122.23924,37.99241]]],"type":"Polygon"},"properties":{"bbox":{"roads":{"area":43.16,"pct":0.17}},"city_same":1,"id":"hex:3778:24279"},"type":"Feature"},{"geometry":{"coordinates":[[[-122.23922,37.99397],[-122.23979,37.99476],[-122.24092,37.99476],[-122.2415,37.99399],[-122.24094,37.9932],[-122.2398,37.9932],[-122.23922,37.99397]]],"type":"Polygon"},"properties":{"bbox":{"roads":{"area":4967.6,"pct":19.12}},"city_same":1,"id":"hex:3778:24280"},"type":"Feature"},{"geometry":{"coordinates":[[[-122.23919,37.9971],[-122.23975,37.99788],[-122.24089,37.99789],[-122.24147,37.99711],[-122.24091,37.99633],[-122.23977,37.99632],[-122.23919,37.9971]]],"type":"Polygon"},"properties":{"bbox":{"roads":{"area":1173.33,"pct":4.52}},"city_same":1,"id":"hex:3778:24282"},"type":"Feature"},{"geometry":{"coordinates":[[[-122.23918,37.99866],[-122.23974,37.99944],[-122.24088,37.99945],[-122.24145,37.99867],[-122.24089,37.99789],[-122.23975,37.99788],[-122.23918,37.99866]]],"type":"Polygon"},"properties":{"bbox":{"roads":{"area":2123.38,"pct":8.17}},"city_same":1,"id":"hex:3778:24283"},"type":"Feature"},{"geometry":{"coordinates":[[[-122.23916,38.00022],[-122.23972,38.001],[-122.24086,38.00101],[-122.24144,38.00023],[-122.24088,37.99945],[-122.23974,37.99944],[-122.23916,38.00022]]],"type":"Polygon"},"properties":{"bbox":{"roads":{"area":954.65,"pct":3.67}},"city_same":1,"id":"hex:3778:24284"},"type":"Feature"},{"geometry":{"coordinates":[[[-122.23911,38.0049],[-122.23967,38.00568],[-122.24081,38.00569],[-122.24139,38.00491],[-122.24083,38.00413],[-122.23969,38.00412],[-122.23911,38.0049]]],"type":"Polygon"},"properties":{"bbox":{"roads":{"area":1149.78,"pct":4.43}},"city_same":1,"id":"hex:3778:24287"},"type":"Feature"},{"geometry":{"coordinates":[[[-122.2391,38.00646],[-122.23966,38.00725],[-122.2408,38.00725],[-122.24137,38.00648],[-122.24081,38.00569],[-122.23967,38.00568],[-122.2391,38.00646]]],"type":"Polygon"},"properties":{"bbox":{"roads":{"area":2175,"pct":8.37}},"city_same":1,"id":"hex:3778:24288"},"type":"Feature"},{"geometry":{"coordinates":[[[-122.23756,37.99006],[-122.23812,37.99084],[-122.23926,37.99085],[-122.23983,37.99007],[-122.23927,37.98929],[-122.23813,37.98928],[-122.23756,37.99006]]],"type":"Polygon"},"properties":{"bbox":{"roads":{"area":58.95,"pct":0.23}},"city_same":1,"id":"hex:3779:24277"},"type":"Feature"},{"geometry":{"coordinates":[[[-122.23754,37.99162],[-122.2381,37.99241],[-122.23924,37.99241],[-122.23982,37.99164],[-122.23926,37.99085],[-122.23812,37.99084],[-122.23754,37.99162]]],"type":"Polygon"},"properties":{"bbox":{"roads":{"area":1970.51,"pct":7.58}},"city_same":1,"id":"hex:3779:24278"},"type":"Feature"},{"geometry":{"coordinates":[[[-122.23752,37.99318],[-122.23809,37.99397],[-122.23922,37.99397],[-122.2398,37.9932],[-122.23924,37.99241],[-122.2381,37.99241],[-122.23752,37.99318]]],"type":"Polygon"},"properties":{"bbox":{"roads":{"area":2839.46,"pct":10.93}},"city_same":1,"id":"hex:3779:24279"},"type":"Feature"},{"geometry":{"coordinates":[[[-122.23751,37.99474],[-122.23807,37.99553],[-122.23921,37.99553],[-122.23979,37.99476],[-122.23922,37.99397],[-122.23809,37.99397],[-122.23751,37.99474]]],"type":"Polygon"},"properties":{"bbox":{"roads":{"area":2707.37,"pct":10.42}},"city_same":1,"id":"hex:3779:24280"},"type":"Feature"},{"geometry":{"coordinates":[[[-122.23749,37.9963],[-122.23805,37.99709],[-122.23919,37.9971],[-122.23977,37.99632],[-122.23921,37.99553],[-122.23807,37.99553],[-122.23749,37.9963]]],"type":"Polygon"},"properties":{"bbox":{"roads":{"area":467.03,"pct":1.8}},"city_same":1,"id":"hex:3779:24281"},"type":"Feature"},{"geometry":{"coordinates":[[[-122.23748,37.99786],[-122.23804,37.99865],[-122.23918,37.99866],[-122.23975,37.99788],[-122.23919,37.9971],[-122.23805,37.99709],[-122.23748,37.99786]]],"type":"Polygon"},"properties":{"bbox":{"roads":{"area":1472,"pct":5.67}},"city_same":1,"id":"hex:3779:24282"},"type":"Feature"},{"geometry":{"coordinates":[[[-122.23746,37.99943],[-122.23802,38.00021],[-122.23916,38.00022],[-122.23974,37.99944],[-122.23918,37.99866],[-122.23804,37.99865],[-122.23746,37.99943]]],"type":"Polygon"},"properties":{"bbox":{"roads":{"area":1919.69,"pct":7.39}},"city_same":1,"id":"hex:3779:24283"},"type":"Feature"},{"geometry":{"coordinates":[[[-122.23744,38.00099],[-122.238,38.00177],[-122.23914,38.00178],[-122.23972,38.001],[-122.23916,38.00022],[-122.23802,38.00021],[-122.23744,38.00099]]],"type":"Polygon"},"properties":{"bbox":{"roads":{"area":1790.01,"pct":6.89}},"city_same":1,"id":"hex:3779:24284"},"type":"Feature"},{"geometry":{"coordinates":[[[-122.23743,38.00255],[-122.23799,38.00333],[-122.23913,38.00334],[-122.23971,38.00256],[-122.23914,38.00178],[-122.238,38.00177],[-122.23743,38.00255]]],"type":"Polygon"},"properties":{"bbox":{"roads":{"area":516.43,"pct":1.99}},"city_same":1,"id":"hex:3779:24285"},"type":"Feature"},{"geometry":{"coordinates":[[[-122.23586,37.98927],[-122.23642,37.99005],[-122.23756,37.99006],[-122.23813,37.98928],[-122.23757,37.9885],[-122.23643,37.98849],[-122.23586,37.98927]]],"type":"Polygon"},"properties":{"bbox":{"roads":{"area":224.25,"pct":0.86}},"city_same":1,"id":"hex:3780:24277"},"type":"Feature"},{"geometry":{"coordinates":[[[-122.23584,37.99083],[-122.2364,37.99161],[-122.23754,37.99162],[-122.23812,37.99084],[-122.23756,37.99006],[-122.23642,37.99005],[-122.23584,37.99083]]],"type":"Polygon"},"properties":{"bbox":{"roads":{"area":1957.85,"pct":7.54}},"city_same":1,"id":"hex:3780:24278"},"type":"Feature"},{"geometry":{"coordinates":[[[-122.23582,37.99239],[-122.23639,37.99317],[-122.23752,37.99318],[-122.2381,37.99241],[-122.23754,37.99162],[-122.2364,37.99161],[-122.23582,37.99239]]],"type":"Polygon"},"properties":{"bbox":{"roads":{"area":741.17,"pct":2.85}},"city_same":1,"id":"hex:3780:24279"},"type":"Feature"},{"geometry":{"coordinates":[[[-122.23581,37.99395],[-122.23637,37.99474],[-122.23751,37.99474],[-122.23809,37.99397],[-122.23752,37.99318],[-122.23639,37.99317],[-122.23581,37.99395]]],"type":"Polygon"},"properties":{"bbox":{"roads":{"area":3377.29,"pct":13}},"city_same":1,"id":"hex:3780:24280"},"type":"Feature"},{"geometry":{"coordinates":[[[-122.23579,37.99551],[-122.23635,37.9963],[-122.23749,37.9963],[-122.23807,37.99553],[-122.23751,37.99474],[-122.23637,37.99474],[-122.23579,37.99551]]],"type":"Polygon"},"properties":{"bbox":{"roads":{"area":1399.13,"pct":5.39}},"city_same":1,"id":"hex:3780:24281"},"type":"Feature"},{"geometry":{"coordinates":[[[-122.23578,37.99707],[-122.23634,37.99786],[-122.23748,37.99786],[-122.23805,37.99709],[-122.23749,37.9963],[-122.23635,37.9963],[-122.23578,37.99707]]],"type":"Polygon"},"properties":{"bbox":{"roads":{"area":1519.29,"pct":5.85}},"city_same":1,"id":"hex:3780:24282"},"type":"Feature"},{"geometry":{"coordinates":[[[-122.23574,38.00019],[-122.2363,38.00098],[-122.23744,38.00099],[-122.23802,38.00021],[-122.23746,37.99943],[-122.23632,37.99942],[-122.23574,38.00019]]],"type":"Polygon"},"properties":{"bbox":{"roads":{"area":1218.63,"pct":4.69}},"city_same":1,"id":"hex:3780:24284"},"type":"Feature"},{"geometry":{"coordinates":[[[-122.23573,38.00176],[-122.23629,38.00254],[-122.23743,38.00255],[-122.238,38.00177],[-122.23744,38.00099],[-122.2363,38.00098],[-122.23573,38.00176]]],"type":"Polygon"},"properties":{"bbox":{"roads":{"area":1649.83,"pct":6.35}},"city_same":1,"id":"hex:3780:24285"},"type":"Feature"},{"geometry":{"coordinates":[[[-122.23416,37.98848],[-122.23472,37.98926],[-122.23586,37.98927],[-122.23643,37.98849],[-122.23587,37.98771],[-122.23473,37.9877],[-122.23416,37.98848]]],"type":"Polygon"},"properties":{"bbox":{"roads":{"area":138.76,"pct":0.53}},"city_same":1,"id":"hex:3781:24276"},"type":"Feature"},{"geometry":{"coordinates":[[[-122.23414,37.99004],[-122.2347,37.99082],[-122.23584,37.99083],[-122.23642,37.99005],[-122.23586,37.98927],[-122.23472,37.98926],[-122.23414,37.99004]]],"type":"Polygon"},"properties":{"bbox":{"roads":{"area":2560.68,"pct":9.86}},"city_same":1,"id":"hex:3781:24277"},"type":"Feature"},{"geometry":{"coordinates":[[[-122.23412,37.9916],[-122.23469,37.99238],[-122.23582,37.99239],[-122.2364,37.99161],[-122.23584,37.99083],[-122.2347,37.99082],[-122.23412,37.9916]]],"type":"Polygon"},"properties":{"bbox":{"parking":{"area":1487.8,"pct":5.73},"roads":{"area":1214.28,"pct":4.67}},"city_same":1,"id":"hex:3781:24278"},"type":"Feature"},{"geometry":{"coordinates":[[[-122.23411,37.99316],[-122.23467,37.99394],[-122.23581,37.99395],[-122.23639,37.99317],[-122.23582,37.99239],[-122.23469,37.99238],[-122.23411,37.99316]]],"type":"Polygon"},"properties":{"bbox":{"roads":{"area":3368.18,"pct":12.96}},"city_same":1,"id":"hex:3781:24279"},"type":"Feature"},{"geometry":{"coordinates":[[[-122.23404,37.9994],[-122.2346,38.00019],[-122.23574,38.00019],[-122.23632,37.99942],[-122.23576,37.99863],[-122.23462,37.99863],[-122.23404,37.9994]]],"type":"Polygon"},"properties":{"bbox":{"roads":{"area":202.94,"pct":0.78}},"city_same":1,"id":"hex:3781:24283"},"type":"Feature"},{"geometry":{"coordinates":[[[-122.23244,37.98925],[-122.233,37.99003],[-122.23414,37.99004],[-122.23472,37.98926],[-122.23416,37.98848],[-122.23302,37.98847],[-122.23244,37.98925]]],"type":"Polygon"},"properties":{"bbox":{"roads":{"area":1104.01,"pct":4.25}},"city_same":1,"id":"hex:3782:24277"},"type":"Feature"},{"geometry":{"coordinates":[[[-122.23242,37.99081],[-122.23299,37.99159],[-122.23412,37.9916],[-122.2347,37.99082],[-122.23414,37.99004],[-122.233,37.99003],[-122.23242,37.99081]]],"type":"Polygon"},"properties":{"bbox":{"roads":{"area":2186.12,"pct":8.41}},"city_same":1,"id":"hex:3782:24278"},"type":"Feature"},{"geometry":{"coordinates":[[[-122.23241,37.99237],[-122.23297,37.99315],[-122.23411,37.99316],[-122.23469,37.99238],[-122.23412,37.9916],[-122.23299,37.99159],[-122.23241,37.99237]]],"type":"Polygon"},"properties":{"bbox":{"roads":{"area":1413.88,"pct":5.44}},"city_same":1,"id":"hex:3782:24279"},"type":"Feature"},{"geometry":{"coordinates":[[[-122.23239,37.99393],[-122.23295,37.99471],[-122.23409,37.99472],[-122.23467,37.99394],[-122.23411,37.99316],[-122.23297,37.99315],[-122.23239,37.99393]]],"type":"Polygon"},"properties":{"bbox":{"roads":{"area":3086.96,"pct":11.88}},"city_same":1,"id":"hex:3782:24280"},"type":"Feature"},{"geometry":{"coordinates":[[[-122.23072,37.99002],[-122.23129,37.9908],[-122.23242,37.99081],[-122.233,37.99003],[-122.23244,37.98925],[-122.2313,37.98924],[-122.23072,37.99002]]],"type":"Polygon"},"properties":{"bbox":{"roads":{"area":2130.25,"pct":8.2}},"city_same":1,"id":"hex:3783:24277"},"type":"Feature"},{"geometry":{"coordinates":[[[-122.23071,37.99158],[-122.23127,37.99236],[-122.23241,37.99237],[-122.23299,37.99159],[-122.23242,37.99081],[-122.23129,37.9908],[-122.23071,37.99158]]],"type":"Polygon"},"properties":{"bbox":{"roads":{"area":2206.13,"pct":8.49}},"city_same":1,"id":"hex:3783:24278"},"type":"Feature"},{"geometry":{"coordinates":[[[-122.23069,37.99314],[-122.23127,37.99236],[-122.23241,37.99237],[-122.23297,37.99315],[-122.23239,37.99393],[-122.23183,37.99393],[-122.23108,37.99368],[-122.23069,37.99314]]],"type":"Polygon"},"properties":{"bbox":{"roads":{"area":3224.23,"pct":12.74}},"city_same":1,"id":"hex:3783:24279"},"type":"Feature"},{"geometry":{"coordinates":[[[-122.23074,37.98845],[-122.2313,37.98924],[-122.23072,37.99002],[-122.22959,37.99001],[-122.22957,37.98999],[-122.23007,37.989],[-122.23035,37.98845],[-122.23074,37.98845]]],"type":"Polygon"},"properties":{"bbox":{"roads":{"area":590.42,"pct":3.64}},"city_same":1,"id":"hex:3784:24277"},"type":"Feature"},{"geometry":{"coordinates":[[[-122.22959,37.99001],[-122.23072,37.99002],[-122.23129,37.9908],[-122.23071,37.99158],[-122.22957,37.99157],[-122.2291,37.99091],[-122.2295,37.99012],[-122.22959,37.99001]]],"type":"Polygon"},"properties":{"bbox":{"roads":{"area":1838.93,"pct":7.25}},"city_same":1,"id":"hex:3784:24278"},"type":"Feature"},{"geometry":{"coordinates":[[[-122.22899,37.99235],[-122.22955,37.99313],[-122.23069,37.99314],[-122.23127,37.99236],[-122.23071,37.99158],[-122.22957,37.99157],[-122.22899,37.99235]]],"type":"Polygon"},"properties":{"bbox":{"roads":{"area":2733.55,"pct":10.52}},"city_same":1,"id":"hex:3784:24279"},"type":"Feature"},{"geometry":{"coordinates":[[[-122.22955,37.99313],[-122.23069,37.99314],[-122.23108,37.99368],[-122.23029,37.99342],[-122.23016,37.99338],[-122.2294,37.99333],[-122.22955,37.99313]]],"type":"Polygon"},"properties":{"bbox":{"roads":{"area":391.12,"pct":9.83}},"city_same":1,"id":"hex:3784:24280"},"type":"Feature"},{"geometry":{"coordinates":[[[-122.22957,37.99157],[-122.22899,37.99235],[-122.2284,37.99234],[-122.2285,37.99218],[-122.22894,37.99123],[-122.2291,37.99091],[-122.22957,37.99157]]],"type":"Polygon"},"properties":{"bbox":{"roads":{"area":30.93,"pct":0.4}},"city_same":1,"id":"hex:3785:24278"},"type":"Feature"},{"geometry":{"coordinates":[[[-122.21688,38.0071],[-122.21745,38.00632],[-122.21859,38.00633],[-122.21916,38.00711],[-122.21885,38.00752],[-122.21784,38.00726],[-122.21694,38.00718],[-122.21688,38.0071]]],"type":"Polygon"},"properties":{"bbox":{"roads":{"area":13.75,"pct":0.08}},"city_same":1,"id":"hex:3791:24288"},"type":"Feature"},{"geometry":{"coordinates":[[[-122.21524,38.00006],[-122.2158,38.00084],[-122.21694,38.00085],[-122.21752,38.00008],[-122.21696,37.99929],[-122.21582,37.99928],[-122.21524,38.00006]]],"type":"Polygon"},"properties":{"bbox":{"roads":{"area":316.06,"pct":1.22}},"city_same":1,"id":"hex:3792:24284"},"type":"Feature"},{"geometry":{"coordinates":[[[-122.21523,38.00162],[-122.21579,38.00241],[-122.21693,38.00241],[-122.2175,38.00164],[-122.21694,38.00085],[-122.2158,38.00084],[-122.21523,38.00162]]],"type":"Polygon"},"properties":{"bbox":{"roads":{"area":672.33,"pct":2.59}},"city_same":1,"id":"hex:3792:24285"},"type":"Feature"},{"geometry":{"coordinates":[[[-122.21521,38.00318],[-122.21577,38.00397],[-122.21691,38.00397],[-122.21749,38.0032],[-122.21693,38.00241],[-122.21579,38.00241],[-122.21521,38.00318]]],"type":"Polygon"},"properties":{"bbox":{"roads":{"area":620.13,"pct":2.39}},"city_same":1,"id":"hex:3792:24286"},"type":"Feature"},{"geometry":{"coordinates":[[[-122.21519,38.00474],[-122.21575,38.00553],[-122.21689,38.00553],[-122.21747,38.00476],[-122.21691,38.00397],[-122.21577,38.00397],[-122.21519,38.00474]]],"type":"Polygon"},"properties":{"bbox":{"roads":{"area":650.01,"pct":2.5}},"city_same":1,"id":"hex:3792:24287"},"type":"Feature"},{"geometry":{"coordinates":[[[-122.21518,38.0063],[-122.21574,38.00709],[-122.21688,38.0071],[-122.21745,38.00632],[-122.21689,38.00553],[-122.21575,38.00553],[-122.21518,38.0063]]],"type":"Polygon"},"properties":{"bbox":{"roads":{"area":1195.07,"pct":4.6}},"city":{"roads":{"area":1106.05,"pct":4.26}},"id":"hex:3792:24288"},"type":"Feature"},{"geometry":{"coordinates":[[[-122.21574,38.00709],[-122.21688,38.0071],[-122.21694,38.00718],[-122.21629,38.00712],[-122.21597,38.0071],[-122.21591,38.0071],[-122.21574,38.00709],[-122.21574,38.00709]]],"type":"Polygon"},"properties":{"bbox":{"roads":{"area":31.17,"pct":7.51}},"city":{"roads":{"area":18.67,"pct":4.5}},"id":"hex:3792:24289"},"type":"Feature"},{"geometry":{"coordinates":[[[-122.21353,38.00083],[-122.21409,38.00161],[-122.21523,38.00162],[-122.2158,38.00084],[-122.21524,38.00006],[-122.2141,38.00005],[-122.21353,38.00083]]],"type":"Polygon"},"properties":{"bbox":{"roads":{"area":58.15,"pct":0.22}},"city_same":1,"id":"hex:3793:24284"},"type":"Feature"},{"geometry":{"coordinates":[[[-122.21348,38.00551],[-122.21404,38.0063],[-122.21518,38.0063],[-122.21575,38.00553],[-122.21519,38.00474],[-122.21405,38.00474],[-122.21348,38.00551]]],"type":"Polygon"},"properties":{"bbox":{"roads":{"area":480,"pct":1.85}},"city_same":1,"id":"hex:3793:24287"},"type":"Feature"},{"geometry":{"coordinates":[[[-122.21404,38.0063],[-122.21518,38.0063],[-122.21574,38.00709],[-122.21574,38.00709],[-122.21408,38.007],[-122.21348,38.00705],[-122.21404,38.0063]]],"type":"Polygon"},"properties":{"bbox":{"roads":{"area":195.49,"pct":1.62}},"city_same":1,"id":"hex:3793:24288"},"type":"Feature"},{"geometry":{"coordinates":[[[-122.21232,38.00707],[-122.21176,38.00628],[-122.21234,38.0055],[-122.21348,38.00551],[-122.21404,38.0063],[-122.21348,38.00705],[-122.21325,38.00707],[-122.21232,38.00707]]],"type":"Polygon"},"properties":{"bbox":{"roads":{"area":245.09,"pct":0.94}},"city_same":1,"id":"hex:3794:24288"},"type":"Feature"},{"geometry":{"coordinates":[[[[-122.21037,38.0075],[-122.20963,38.00761],[-122.21033,38.00745],[-122.21037,38.0075]]],[[[-122.21004,38.00705],[-122.21025,38.00733],[-122.20962,38.00747],[-122.20962,38.00705],[-122.21004,38.00705]]]],"type":"MultiPolygon"},"properties":{"bbox":{"roads":{"area":0.05,"pct":0}},"city_same":1,"id":"hex:3796:24289"},"type":"Feature"}],"type":"FeatureCollection","v":2}