{"features":[{"geometry":{"coordinates":[[[-117.63667,34.15621],[-117.63531,34.15622],[-117.63463,34.15525],[-117.6353,34.15427],[-117.63658,34.15426],[-117.63665,34.15556],[-117.63668,34.15619],[-117.63667,34.15621]]],"type":"Polygon"},"properties":{"bbox":{"roads":{"area":1110.15,"pct":3.34}},"city_same":1,"id":"hex:2354:17457"},"type":"Feature"},{"geometry":{"coordinates":[[[-117.63668,34.15816],[-117.63533,34.15817],[-117.63464,34.1572],[-117.63531,34.15622],[-117.63667,34.15621],[-117.63669,34.15624],[-117.63675,34.1573],[-117.63679,34.15801],[-117.63668,34.15816]]],"type":"Polygon"},"properties":{"bbox":{"roads":{"area":1197.62,"pct":3.42}},"city_same":1,"id":"hex:2354:17458"},"type":"Feature"},{"geometry":{"coordinates":[[[-117.63466,34.15915],[-117.63533,34.15817],[-117.63668,34.15816],[-117.63681,34.15834],[-117.63684,34.15901],[-117.63678,34.15901],[-117.6366,34.15901],[-117.63654,34.15901],[-117.63468,34.15919],[-117.63466,34.15915]]],"type":"Polygon"},"properties":{"bbox":{"roads":{"area":469.17,"pct":2.77}},"city_same":1,"id":"hex:2354:17459"},"type":"Feature"},{"geometry":{"coordinates":[[[-117.63253,34.14647],[-117.63321,34.14744],[-117.63457,34.14744],[-117.63524,34.14646],[-117.63455,34.14548],[-117.6332,34.14549],[-117.63253,34.14647]]],"type":"Polygon"},"properties":{"bbox":{"roads":{"area":238.99,"pct":0.59}},"city_same":1,"id":"hex:2355:17452"},"type":"Feature"},{"geometry":{"coordinates":[[[-117.63458,34.14939],[-117.63323,34.14939],[-117.63254,34.14842],[-117.63321,34.14744],[-117.63457,34.14744],[-117.63483,34.14781],[-117.63474,34.14787],[-117.63459,34.14802],[-117.6345,34.14819],[-117.63447,34.1484],[-117.63449,34.14866],[-117.63461,34.14889],[-117.63472,34.14914],[-117.63473,34.14917],[-117.63458,34.14939]]],"type":"Polygon"},"properties":{"bbox":{"roads":{"area":1895.12,"pct":5.5}},"city_same":1,"id":"hex:2355:17453"},"type":"Feature"},{"geometry":{"coordinates":[[[-117.63256,34.15037],[-117.63324,34.15135],[-117.6346,34.15134],[-117.63527,34.15036],[-117.63458,34.14939],[-117.63323,34.14939],[-117.63256,34.15037]]],"type":"Polygon"},"properties":{"bbox":{"roads":{"area":2291.39,"pct":5.64}},"city_same":1,"id":"hex:2355:17454"},"type":"Feature"},{"geometry":{"coordinates":[[[-117.63257,34.15233],[-117.63326,34.1533],[-117.63461,34.15329],[-117.63528,34.15231],[-117.6346,34.15134],[-117.63324,34.15135],[-117.63257,34.15233]]],"type":"Polygon"},"properties":{"bbox":{"roads":{"area":2864.6,"pct":7.06}},"city_same":1,"id":"hex:2355:17455"},"type":"Feature"},{"geometry":{"coordinates":[[[-117.63259,34.15428],[-117.63327,34.15525],[-117.63463,34.15525],[-117.6353,34.15427],[-117.63461,34.15329],[-117.63326,34.1533],[-117.63259,34.15428]]],"type":"Polygon"},"properties":{"bbox":{"roads":{"area":3407.93,"pct":8.39}},"city_same":1,"id":"hex:2355:17456"},"type":"Feature"},{"geometry":{"coordinates":[[[-117.6326,34.15623],[-117.63329,34.1572],[-117.63464,34.1572],[-117.63531,34.15622],[-117.63463,34.15525],[-117.63327,34.15525],[-117.6326,34.15623]]],"type":"Polygon"},"properties":{"bbox":{"roads":{"area":1790.09,"pct":4.41}},"city_same":1,"id":"hex:2355:17457"},"type":"Feature"},{"geometry":{"coordinates":[[[-117.63261,34.15818],[-117.6333,34.15916],[-117.63466,34.15915],[-117.63533,34.15817],[-117.63464,34.1572],[-117.63329,34.1572],[-117.63261,34.15818]]],"type":"Polygon"},"properties":{"bbox":{"roads":{"area":2231.47,"pct":5.5}},"city_same":1,"id":"hex:2355:17458"},"type":"Feature"},{"geometry":{"coordinates":[[[-117.63331,34.16111],[-117.63263,34.16014],[-117.6333,34.15916],[-117.63466,34.15915],[-117.63468,34.15919],[-117.63442,34.15921],[-117.63442,34.1593],[-117.63427,34.1611],[-117.63331,34.16111]]],"type":"Polygon"},"properties":{"bbox":{"roads":{"area":36.5,"pct":0.13}},"city_same":1,"id":"hex:2355:17459"},"type":"Feature"},{"geometry":{"coordinates":[[[-117.6325,34.14256],[-117.63114,34.14257],[-117.63046,34.1416],[-117.63113,34.14062],[-117.6324,34.14061],[-117.63292,34.14194],[-117.6325,34.14256]]],"type":"Polygon"},"properties":{"bbox":{"roads":{"area":1154.46,"pct":3.08}},"city_same":1,"id":"hex:2356:17450"},"type":"Feature"},{"geometry":{"coordinates":[[[-117.63047,34.14355],[-117.63116,34.14452],[-117.63251,34.14452],[-117.63318,34.14354],[-117.6325,34.14256],[-117.63114,34.14257],[-117.63047,34.14355]]],"type":"Polygon"},"properties":{"bbox":{"roads":{"area":2343.05,"pct":5.77}},"city_same":1,"id":"hex:2356:17451"},"type":"Feature"},{"geometry":{"coordinates":[[[-117.63049,34.1455],[-117.63117,34.14648],[-117.63253,34.14647],[-117.6332,34.14549],[-117.63251,34.14452],[-117.63116,34.14452],[-117.63049,34.1455]]],"type":"Polygon"},"properties":{"bbox":{"roads":{"area":1181.78,"pct":2.91}},"city_same":1,"id":"hex:2356:17452"},"type":"Feature"},{"geometry":{"coordinates":[[[-117.6305,34.14746],[-117.63119,34.14843],[-117.63254,34.14842],[-117.63321,34.14744],[-117.63253,34.14647],[-117.63117,34.14648],[-117.6305,34.14746]]],"type":"Polygon"},"properties":{"bbox":{"roads":{"area":1892.48,"pct":4.66}},"city_same":1,"id":"hex:2356:17453"},"type":"Feature"},{"geometry":{"coordinates":[[[-117.63052,34.14941],[-117.6312,34.15038],[-117.63256,34.15037],[-117.63323,34.14939],[-117.63254,34.14842],[-117.63119,34.14843],[-117.63052,34.14941]]],"type":"Polygon"},"properties":{"bbox":{"roads":{"area":2162.21,"pct":5.33}},"city_same":1,"id":"hex:2356:17454"},"type":"Feature"},{"geometry":{"coordinates":[[[-117.63053,34.15136],[-117.63121,34.15233],[-117.63257,34.15233],[-117.63324,34.15135],[-117.63256,34.15037],[-117.6312,34.15038],[-117.63053,34.15136]]],"type":"Polygon"},"properties":{"bbox":{"roads":{"area":2114.06,"pct":5.21}},"city_same":1,"id":"hex:2356:17455"},"type":"Feature"},{"geometry":{"coordinates":[[[-117.63054,34.15331],[-117.63123,34.15429],[-117.63259,34.15428],[-117.63326,34.1533],[-117.63257,34.15233],[-117.63121,34.15233],[-117.63054,34.15331]]],"type":"Polygon"},"properties":{"bbox":{"roads":{"area":3062.38,"pct":7.54}},"city_same":1,"id":"hex:2356:17456"},"type":"Feature"},{"geometry":{"coordinates":[[[-117.63056,34.15527],[-117.63124,34.15624],[-117.6326,34.15623],[-117.63327,34.15525],[-117.63259,34.15428],[-117.63123,34.15429],[-117.63056,34.15527]]],"type":"Polygon"},"properties":{"bbox":{"roads":{"area":3383.73,"pct":8.34}},"city_same":1,"id":"hex:2356:17457"},"type":"Feature"},{"geometry":{"coordinates":[[[-117.63057,34.15722],[-117.63126,34.15819],[-117.63261,34.15818],[-117.63329,34.1572],[-117.6326,34.15623],[-117.63124,34.15624],[-117.63057,34.15722]]],"type":"Polygon"},"properties":{"bbox":{"roads":{"area":2997.91,"pct":7.38}},"city_same":1,"id":"hex:2356:17458"},"type":"Feature"},{"geometry":{"coordinates":[[[-117.63059,34.15917],[-117.63127,34.16014],[-117.63263,34.16014],[-117.6333,34.15916],[-117.63261,34.15818],[-117.63126,34.15819],[-117.63059,34.15917]]],"type":"Polygon"},"properties":{"bbox":{"roads":{"area":2374.9,"pct":5.85}},"city_same":1,"id":"hex:2356:17459"},"type":"Feature"},{"geometry":{"coordinates":[[[-117.63062,34.16308],[-117.6313,34.16405],[-117.63266,34.16404],[-117.63333,34.16306],[-117.63264,34.16209],[-117.63129,34.1621],[-117.63062,34.16308]]],"type":"Polygon"},"properties":{"bbox":{"roads":{"area":1012.6,"pct":2.49}},"city_same":1,"id":"hex:2356:17461"},"type":"Feature"},{"geometry":{"coordinates":[[[-117.63063,34.16503],[-117.63132,34.166],[-117.63267,34.16599],[-117.63334,34.16501],[-117.63266,34.16404],[-117.6313,34.16405],[-117.63063,34.16503]]],"type":"Polygon"},"properties":{"bbox":{"roads":{"area":861.14,"pct":2.12}},"city_same":1,"id":"hex:2356:17462"},"type":"Feature"},{"geometry":{"coordinates":[[[-117.6283,34.09217],[-117.62861,34.09218],[-117.6286,34.0926],[-117.6283,34.09217]]],"type":"Polygon"},"properties":{"bbox":{"roads":{"area":435.05,"pct":66.38}},"city":{"roads":{"area":30.92,"pct":4.72}},"id":"hex:2357:17424"},"type":"Feature"},{"geometry":{"coordinates":[[[-117.62807,34.09377],[-117.6286,34.093],[-117.62859,34.09452],[-117.62807,34.09377]]],"type":"Polygon"},"properties":{"bbox":{"roads":{"area":1522.6,"pct":37.21}},"city":{"roads":{"area":164.57,"pct":4.02}},"id":"hex:2357:17425"},"type":"Feature"},{"geometry":{"coordinates":[[[-117.62808,34.09573],[-117.62859,34.09498],[-117.62859,34.09644],[-117.62808,34.09573]]],"type":"Polygon"},"properties":{"bbox":{"roads":{"area":1725.03,"pct":45.97},"sidewalks":{"area":90.69,"pct":2.42}},"city":{"roads":{"area":556.91,"pct":14.84},"sidewalks":{"area":90.69,"pct":2.42}},"id":"hex:2357:17426"},"type":"Feature"},{"geometry":{"coordinates":[[[-117.6281,34.09768],[-117.62858,34.09697],[-117.62858,34.09836],[-117.6281,34.09768]]],"type":"Polygon"},"properties":{"bbox":{"roads":{"area":1362.52,"pct":39.75}},"city":{"roads":{"area":235.92,"pct":6.88}},"id":"hex:2357:17427"},"type":"Feature"},{"geometry":{"coordinates":[[[-117.62811,34.09963],[-117.62858,34.09895],[-117.62857,34.10028],[-117.62811,34.09963]]],"type":"Polygon"},"properties":{"bbox":{"roads":{"area":1497.69,"pct":48.04},"sidewalks":{"area":110.97,"pct":3.56}},"city":{"roads":{"area":1.34,"pct":0.04},"sidewalks":{"area":110.97,"pct":3.56}},"id":"hex:2357:17428"},"type":"Feature"},{"geometry":{"coordinates":[[[-117.62813,34.10158],[-117.62857,34.10094],[-117.62857,34.10116],[-117.62857,34.10222],[-117.62813,34.10158]]],"type":"Polygon"},"properties":{"bbox":{"roads":{"area":1337.49,"pct":46.44},"sidewalks":{"area":113.8,"pct":3.95}},"city":{"roads":{"area":122.28,"pct":4.25},"sidewalks":{"area":113.8,"pct":3.95}},"id":"hex:2357:17429"},"type":"Feature"},{"geometry":{"coordinates":[[[-117.62814,34.10354],[-117.62858,34.1029],[-117.62858,34.1031],[-117.62859,34.10413],[-117.62859,34.10418],[-117.62814,34.10354]]],"type":"Polygon"},"properties":{"bbox":{"roads":{"area":1592.66,"pct":55.23},"sidewalks":{"area":117.56,"pct":4.08}},"city":{"roads":{"area":213.16,"pct":7.39},"sidewalks":{"area":117.56,"pct":4.08}},"id":"hex:2357:17430"},"type":"Feature"},{"geometry":{"coordinates":[[[-117.62816,34.10549],[-117.6286,34.10484],[-117.62862,34.10614],[-117.62816,34.10549]]],"type":"Polygon"},"properties":{"bbox":{"roads":{"area":1728.52,"pct":57.12}},"city":{"roads":{"area":89.21,"pct":2.95}},"id":"hex:2357:17431"},"type":"Feature"},{"geometry":{"coordinates":[[[-117.62817,34.10744],[-117.62838,34.10714],[-117.62839,34.10754],[-117.62839,34.10776],[-117.62817,34.10744]]],"type":"Polygon"},"properties":{"bbox":{"roads":{"area":79.91,"pct":11.63}},"city_same":1,"id":"hex:2357:17432"},"type":"Feature"},{"geometry":{"coordinates":[[[-117.62906,34.13575],[-117.62837,34.13478],[-117.62859,34.13445],[-117.62963,34.13575],[-117.62906,34.13575]]],"type":"Polygon"},"properties":{"bbox":{"roads":{"area":1190.54,"pct":19.67}},"id":"hex:2357:17446"},"type":"Feature"},{"geometry":{"coordinates":[[[-117.6284,34.13868],[-117.62909,34.13965],[-117.63044,34.13965],[-117.63111,34.13867],[-117.63043,34.13769],[-117.62907,34.1377],[-117.6284,34.13868]]],"type":"Polygon"},"properties":{"bbox":{"roads":{"area":358.35,"pct":0.88}},"city_same":1,"id":"hex:2357:17448"},"type":"Feature"},{"geometry":{"coordinates":[[[-117.62842,34.14063],[-117.6291,34.14161],[-117.63046,34.1416],[-117.63113,34.14062],[-117.63044,34.13965],[-117.62909,34.13965],[-117.62842,34.14063]]],"type":"Polygon"},"properties":{"bbox":{"roads":{"area":1104.18,"pct":2.72}},"city_same":1,"id":"hex:2357:17449"},"type":"Feature"},{"geometry":{"coordinates":[[[-117.6291,34.14161],[-117.63046,34.1416],[-117.63114,34.14257],[-117.63047,34.14355],[-117.62912,34.14356],[-117.62843,34.14259],[-117.6291,34.14161]],[[-117.63062,34.14323],[-117.63063,34.14323],[-117.63064,34.14322],[-117.63064,34.1432],[-117.63063,34.14319],[-117.63061,34.14319],[-117.6306,34.1432],[-117.6306,34.14322],[-117.63062,34.14323]]],"type":"Polygon"},"properties":{"bbox":{"roads":{"area":1333.41,"pct":3.29}},"city_same":1,"id":"hex:2357:17450"},"type":"Feature"},{"geometry":{"coordinates":[[[-117.62912,34.14356],[-117.63047,34.14355],[-117.63116,34.14452],[-117.63049,34.1455],[-117.62913,34.14551],[-117.62845,34.14454],[-117.62912,34.14356]],[[-117.6296,34.14458],[-117.62963,34.14458],[-117.62964,34.14457],[-117.62965,34.14456],[-117.62963,34.14456],[-117.62961,34.14456],[-117.6296,34.14458]]],"type":"Polygon"},"properties":{"bbox":{"roads":{"area":1769.85,"pct":4.36}},"city_same":1,"id":"hex:2357:17451"},"type":"Feature"},{"geometry":{"coordinates":[[[-117.62846,34.14649],[-117.62914,34.14746],[-117.6305,34.14746],[-117.63117,34.14648],[-117.63049,34.1455],[-117.62913,34.14551],[-117.62846,34.14649]]],"type":"Polygon"},"properties":{"bbox":{"roads":{"area":2588.91,"pct":6.38}},"city_same":1,"id":"hex:2357:17452"},"type":"Feature"},{"geometry":{"coordinates":[[[-117.62847,34.14844],[-117.62916,34.14942],[-117.63052,34.14941],[-117.63119,34.14843],[-117.6305,34.14746],[-117.62914,34.14746],[-117.62847,34.14844]]],"type":"Polygon"},"properties":{"bbox":{"roads":{"area":2241.82,"pct":5.52}},"city_same":1,"id":"hex:2357:17453"},"type":"Feature"},{"geometry":{"coordinates":[[[-117.62849,34.1504],[-117.62917,34.15137],[-117.63053,34.15136],[-117.6312,34.15038],[-117.63052,34.14941],[-117.62916,34.14942],[-117.62849,34.1504]]],"type":"Polygon"},"properties":{"bbox":{"roads":{"area":1743.5,"pct":4.29}},"city_same":1,"id":"hex:2357:17454"},"type":"Feature"},{"geometry":{"coordinates":[[[-117.6285,34.15235],[-117.62919,34.15332],[-117.63054,34.15331],[-117.63121,34.15233],[-117.63053,34.15136],[-117.62917,34.15137],[-117.6285,34.15235]]],"type":"Polygon"},"properties":{"bbox":{"roads":{"area":2609.58,"pct":6.43}},"city_same":1,"id":"hex:2357:17455"},"type":"Feature"},{"geometry":{"coordinates":[[[-117.62852,34.1543],[-117.6292,34.15527],[-117.63056,34.15527],[-117.63123,34.15429],[-117.63054,34.15331],[-117.62919,34.15332],[-117.62852,34.1543]]],"type":"Polygon"},"properties":{"bbox":{"roads":{"area":3220.27,"pct":7.93}},"city_same":1,"id":"hex:2357:17456"},"type":"Feature"},{"geometry":{"coordinates":[[[-117.62853,34.15625],[-117.62922,34.15723],[-117.63057,34.15722],[-117.63124,34.15624],[-117.63056,34.15527],[-117.6292,34.15527],[-117.62853,34.15625]]],"type":"Polygon"},"properties":{"bbox":{"roads":{"area":1273.25,"pct":3.14}},"city_same":1,"id":"hex:2357:17457"},"type":"Feature"},{"geometry":{"coordinates":[[[-117.62855,34.15821],[-117.62923,34.15918],[-117.63059,34.15917],[-117.63126,34.15819],[-117.63057,34.15722],[-117.62922,34.15723],[-117.62855,34.15821]]],"type":"Polygon"},"properties":{"bbox":{"roads":{"area":2872.6,"pct":7.08}},"city_same":1,"id":"hex:2357:17458"},"type":"Feature"},{"geometry":{"coordinates":[[[-117.62856,34.16016],[-117.62925,34.16113],[-117.6306,34.16112],[-117.63127,34.16014],[-117.63059,34.15917],[-117.62923,34.15918],[-117.62856,34.16016]]],"type":"Polygon"},"properties":{"bbox":{"roads":{"area":1343.79,"pct":3.31}},"city_same":1,"id":"hex:2357:17459"},"type":"Feature"},{"geometry":{"coordinates":[[[-117.62858,34.16211],[-117.62926,34.16308],[-117.63062,34.16308],[-117.63129,34.1621],[-117.6306,34.16112],[-117.62925,34.16113],[-117.62858,34.16211]]],"type":"Polygon"},"properties":{"bbox":{"roads":{"area":1957.21,"pct":4.82}},"city_same":1,"id":"hex:2357:17460"},"type":"Feature"},{"geometry":{"coordinates":[[[-117.62859,34.16406],[-117.62928,34.16504],[-117.63063,34.16503],[-117.6313,34.16405],[-117.63062,34.16308],[-117.62926,34.16308],[-117.62859,34.16406]]],"type":"Polygon"},"properties":{"bbox":{"roads":{"area":883.76,"pct":2.18}},"city_same":1,"id":"hex:2357:17461"},"type":"Feature"},{"geometry":{"coordinates":[[[-117.62807,34.09377],[-117.62671,34.09378],[-117.62603,34.09281],[-117.62648,34.09215],[-117.6283,34.09217],[-117.6286,34.0926],[-117.6286,34.09266],[-117.6286,34.093],[-117.62807,34.09377]]],"type":"Polygon"},"properties":{"bbox":{"roads":{"area":2213.39,"pct":6.35}},"city":{"roads":{"area":1517.23,"pct":4.35}},"id":"hex:2358:17425"},"type":"Feature"},{"geometry":{"coordinates":[[[-117.62808,34.09573],[-117.62673,34.09573],[-117.62604,34.09476],[-117.62671,34.09378],[-117.62807,34.09377],[-117.62859,34.09452],[-117.62859,34.09498],[-117.62808,34.09573]]],"type":"Polygon"},"properties":{"bbox":{"roads":{"area":2862.51,"pct":7.12},"sidewalks":{"area":87.21,"pct":0.22}},"city":{"roads":{"area":2411.03,"pct":6},"sidewalks":{"area":87.21,"pct":0.22}},"id":"hex:2358:17426"},"type":"Feature"},{"geometry":{"coordinates":[[[-117.6281,34.09768],[-117.62674,34.09768],[-117.62606,34.09671],[-117.62673,34.09573],[-117.62808,34.09573],[-117.62859,34.09644],[-117.62858,34.09697],[-117.6281,34.09768]]],"type":"Polygon"},"properties":{"bbox":{"roads":{"area":3334.06,"pct":8.32},"sidewalks":{"area":446.8,"pct":1.11}},"city":{"roads":{"area":2725.98,"pct":6.8},"sidewalks":{"area":446.8,"pct":1.11}},"id":"hex:2358:17427"},"type":"Feature"},{"geometry":{"coordinates":[[[-117.62811,34.09963],[-117.62676,34.09964],[-117.62607,34.09866],[-117.62674,34.09768],[-117.6281,34.09768],[-117.62858,34.09836],[-117.62858,34.09895],[-117.62811,34.09963]]],"type":"Polygon"},"properties":{"bbox":{"roads":{"area":5504.5,"pct":13.77},"sidewalks":{"area":456.18,"pct":1.14}},"city":{"roads":{"area":2378.17,"pct":5.95},"sidewalks":{"area":456.18,"pct":1.14}},"id":"hex:2358:17428"},"type":"Feature"},{"geometry":{"coordinates":[[[-117.62813,34.10158],[-117.62677,34.10159],[-117.62609,34.10062],[-117.62676,34.09964],[-117.62811,34.09963],[-117.62857,34.10028],[-117.62857,34.10094],[-117.62813,34.10158]]],"type":"Polygon"},"properties":{"bbox":{"roads":{"area":2962.48,"pct":7.44},"sidewalks":{"area":146.27,"pct":0.37}},"city":{"roads":{"area":2205.68,"pct":5.54},"sidewalks":{"area":146.27,"pct":0.37}},"id":"hex:2358:17429"},"type":"Feature"},{"geometry":{"coordinates":[[[-117.62814,34.10354],[-117.62679,34.10354],[-117.6261,34.10257],[-117.62677,34.10159],[-117.62813,34.10158],[-117.62857,34.10222],[-117.62858,34.1029],[-117.62814,34.10354]]],"type":"Polygon"},"properties":{"bbox":{"roads":{"area":3997.8,"pct":10.05},"sidewalks":{"area":179.49,"pct":0.45}},"city":{"roads":{"area":3002.25,"pct":7.55},"sidewalks":{"area":179.49,"pct":0.45}},"id":"hex:2358:17430"},"type":"Feature"},{"geometry":{"coordinates":[[[-117.62816,34.10549],[-117.6268,34.10549],[-117.62612,34.10452],[-117.62679,34.10354],[-117.62814,34.10354],[-117.62859,34.10418],[-117.6286,34.10484],[-117.62816,34.10549]]],"type":"Polygon"},"properties":{"bbox":{"roads":{"area":6807.55,"pct":17.1},"sidewalks":{"area":435.78,"pct":1.09}},"city":{"roads":{"area":5592.62,"pct":14.05},"sidewalks":{"area":435.78,"pct":1.09}},"id":"hex:2358:17431"},"type":"Feature"},{"geometry":{"coordinates":[[[-117.62817,34.10744],[-117.62682,34.10745],[-117.62613,34.10647],[-117.6268,34.10549],[-117.62816,34.10549],[-117.62862,34.10614],[-117.62862,34.10657],[-117.62837,34.1069],[-117.62838,34.10714],[-117.62817,34.10744]]],"type":"Polygon"},"properties":{"bbox":{"parking":{"area":855.98,"pct":2.18},"roads":{"area":7247.76,"pct":18.43},"sidewalks":{"area":10.84,"pct":0.03}},"city":{"parking":{"area":855.98,"pct":2.18},"roads":{"area":2995.13,"pct":7.62},"sidewalks":{"area":10.84,"pct":0.03}},"id":"hex:2358:17432"},"type":"Feature"},{"geometry":{"coordinates":[[[-117.62683,34.1094],[-117.62615,34.10843],[-117.62682,34.10745],[-117.62817,34.10744],[-117.62839,34.10776],[-117.62839,34.10779],[-117.62849,34.10808],[-117.62863,34.10834],[-117.62751,34.10833],[-117.62751,34.1094],[-117.62683,34.1094]]],"type":"Polygon"},"properties":{"bbox":{"sidewalks":{"area":3.49,"pct":0.01}},"city_same":1,"id":"hex:2358:17433"},"type":"Feature"},{"geometry":{"coordinates":[[[-117.627,34.13283],[-117.62672,34.13243],[-117.62697,34.13243],[-117.62729,34.13283],[-117.627,34.13283]]],"type":"Polygon"},"properties":{"bbox":{"roads":{"area":329.05,"pct":29.37}},"id":"hex:2358:17445"},"type":"Feature"},{"geometry":{"coordinates":[[[-117.62837,34.13478],[-117.62702,34.13478],[-117.62633,34.13381],[-117.627,34.13283],[-117.62729,34.13283],[-117.62859,34.13445],[-117.62837,34.13478]]],"type":"Polygon"},"properties":{"bbox":{"roads":{"area":1989.81,"pct":7.32}},"id":"hex:2358:17446"},"type":"Feature"},{"geometry":{"coordinates":[[[-117.62635,34.13576],[-117.62703,34.13673],[-117.62839,34.13673],[-117.62906,34.13575],[-117.62837,34.13478],[-117.62702,34.13478],[-117.62635,34.13576]]],"type":"Polygon"},"properties":{"bbox":{"roads":{"area":3348.81,"pct":8.25}},"city":{"roads":{"area":1059.54,"pct":2.61}},"id":"hex:2358:17447"},"type":"Feature"},{"geometry":{"coordinates":[[[-117.62636,34.13771],[-117.62705,34.13869],[-117.6284,34.13868],[-117.62907,34.1377],[-117.62839,34.13673],[-117.62703,34.13673],[-117.62636,34.13771]]],"type":"Polygon"},"properties":{"bbox":{"roads":{"area":1718.44,"pct":4.23}},"city_same":1,"id":"hex:2358:17448"},"type":"Feature"},{"geometry":{"coordinates":[[[-117.62638,34.13967],[-117.62706,34.14064],[-117.62842,34.14063],[-117.62909,34.13965],[-117.6284,34.13868],[-117.62705,34.13869],[-117.62638,34.13967]]],"type":"Polygon"},"properties":{"bbox":{"roads":{"area":2552.16,"pct":6.29}},"city_same":1,"id":"hex:2358:17449"},"type":"Feature"},{"geometry":{"coordinates":[[[-117.62639,34.14162],[-117.62707,34.14259],[-117.62843,34.14259],[-117.6291,34.14161],[-117.62842,34.14063],[-117.62706,34.14064],[-117.62639,34.14162]]],"type":"Polygon"},"properties":{"bbox":{"roads":{"area":1149.6,"pct":2.83}},"city_same":1,"id":"hex:2358:17450"},"type":"Feature"},{"geometry":{"coordinates":[[[-117.6264,34.14357],[-117.62709,34.14454],[-117.62845,34.14454],[-117.62912,34.14356],[-117.62843,34.14259],[-117.62707,34.14259],[-117.6264,34.14357]]],"type":"Polygon"},"properties":{"bbox":{"roads":{"area":2621.2,"pct":6.46}},"city_same":1,"id":"hex:2358:17451"},"type":"Feature"},{"geometry":{"coordinates":[[[-117.62642,34.14552],[-117.6271,34.1465],[-117.62846,34.14649],[-117.62913,34.14551],[-117.62845,34.14454],[-117.62709,34.14454],[-117.62642,34.14552]]],"type":"Polygon"},"properties":{"bbox":{"roads":{"area":1186.53,"pct":2.92}},"city_same":1,"id":"hex:2358:17452"},"type":"Feature"},{"geometry":{"coordinates":[[[-117.62643,34.14748],[-117.62712,34.14845],[-117.62847,34.14844],[-117.62914,34.14746],[-117.62846,34.14649],[-117.6271,34.1465],[-117.62643,34.14748]]],"type":"Polygon"},"properties":{"bbox":{"roads":{"area":1910.5,"pct":4.71}},"city_same":1,"id":"hex:2358:17453"},"type":"Feature"},{"geometry":{"coordinates":[[[-117.62645,34.14943],[-117.62713,34.1504],[-117.62849,34.1504],[-117.62916,34.14942],[-117.62847,34.14844],[-117.62712,34.14845],[-117.62645,34.14943]]],"type":"Polygon"},"properties":{"bbox":{"roads":{"area":2645.44,"pct":6.52}},"city_same":1,"id":"hex:2358:17454"},"type":"Feature"},{"geometry":{"coordinates":[[[-117.62646,34.15138],[-117.62715,34.15235],[-117.6285,34.15235],[-117.62917,34.15137],[-117.62849,34.1504],[-117.62713,34.1504],[-117.62646,34.15138]]],"type":"Polygon"},"properties":{"bbox":{"roads":{"area":2460.26,"pct":6.06}},"city_same":1,"id":"hex:2358:17455"},"type":"Feature"},{"geometry":{"coordinates":[[[-117.62648,34.15333],[-117.62716,34.15431],[-117.62852,34.1543],[-117.62919,34.15332],[-117.6285,34.15235],[-117.62715,34.15235],[-117.62648,34.15333]]],"type":"Polygon"},"properties":{"bbox":{"roads":{"area":2969.66,"pct":7.32}},"city_same":1,"id":"hex:2358:17456"},"type":"Feature"},{"geometry":{"coordinates":[[[-117.62649,34.15529],[-117.62718,34.15626],[-117.62853,34.15625],[-117.6292,34.15527],[-117.62852,34.1543],[-117.62716,34.15431],[-117.62649,34.15529]]],"type":"Polygon"},"properties":{"bbox":{"roads":{"area":2944.54,"pct":7.25}},"city_same":1,"id":"hex:2358:17457"},"type":"Feature"},{"geometry":{"coordinates":[[[-117.62651,34.15724],[-117.62719,34.15821],[-117.62855,34.15821],[-117.62922,34.15723],[-117.62853,34.15625],[-117.62718,34.15626],[-117.62651,34.15724]]],"type":"Polygon"},"properties":{"bbox":{"roads":{"area":2055.74,"pct":5.06}},"city_same":1,"id":"hex:2358:17458"},"type":"Feature"},{"geometry":{"coordinates":[[[-117.62652,34.15919],[-117.6272,34.16016],[-117.62856,34.16016],[-117.62923,34.15918],[-117.62855,34.15821],[-117.62719,34.15821],[-117.62652,34.15919]]],"type":"Polygon"},"properties":{"bbox":{"roads":{"area":1348.38,"pct":3.32}},"city_same":1,"id":"hex:2358:17459"},"type":"Feature"},{"geometry":{"coordinates":[[[-117.62653,34.16114],[-117.62722,34.16212],[-117.62858,34.16211],[-117.62925,34.16113],[-117.62856,34.16016],[-117.6272,34.16016],[-117.62653,34.16114]]],"type":"Polygon"},"properties":{"bbox":{"roads":{"area":2335.5,"pct":5.75}},"city_same":1,"id":"hex:2358:17460"},"type":"Feature"},{"geometry":{"coordinates":[[[-117.62655,34.1631],[-117.62723,34.16407],[-117.62859,34.16406],[-117.62926,34.16308],[-117.62858,34.16211],[-117.62722,34.16212],[-117.62655,34.1631]]],"type":"Polygon"},"properties":{"bbox":{"roads":{"area":576.21,"pct":1.42}},"city_same":1,"id":"hex:2358:17461"},"type":"Feature"},{"geometry":{"coordinates":[[[-117.62723,34.16407],[-117.62859,34.16406],[-117.62928,34.16504],[-117.6286,34.16602],[-117.62821,34.16602],[-117.62821,34.16596],[-117.62819,34.16522],[-117.6282,34.16491],[-117.62819,34.16487],[-117.62818,34.16459],[-117.62686,34.16462],[-117.62723,34.16407]]],"type":"Polygon"},"properties":{"bbox":{"roads":{"area":1806.86,"pct":8.59},"sidewalks":{"area":229.38,"pct":1.09}},"city_same":1,"id":"hex:2358:17462"},"type":"Feature"},{"geometry":{"coordinates":[[[-117.62603,34.09281],[-117.62468,34.09281],[-117.62418,34.09211],[-117.62648,34.09215],[-117.62603,34.09281]]],"type":"Polygon"},"properties":{"bbox":{"roads":{"area":1056.31,"pct":8.27}},"city_same":1,"id":"hex:2359:17424"},"type":"Feature"},{"geometry":{"coordinates":[[[-117.624,34.09379],[-117.62469,34.09477],[-117.62604,34.09476],[-117.62671,34.09378],[-117.62603,34.09281],[-117.62468,34.09281],[-117.624,34.09379]]],"type":"Polygon"},"properties":{"bbox":{"roads":{"area":2759.02,"pct":6.8}},"city_same":1,"id":"hex:2359:17425"},"type":"Feature"},{"geometry":{"coordinates":[[[-117.62402,34.09575],[-117.6247,34.09672],[-117.62606,34.09671],[-117.62673,34.09573],[-117.62604,34.09476],[-117.62469,34.09477],[-117.62402,34.09575]]],"type":"Polygon"},"properties":{"bbox":{"roads":{"area":4114.97,"pct":10.14}},"city_same":1,"id":"hex:2359:17426"},"type":"Feature"},{"geometry":{"coordinates":[[[-117.62403,34.0977],[-117.62472,34.09867],[-117.62607,34.09866],[-117.62674,34.09768],[-117.62606,34.09671],[-117.6247,34.09672],[-117.62403,34.0977]]],"type":"Polygon"},"properties":{"bbox":{"roads":{"area":2372.47,"pct":5.84}},"city_same":1,"id":"hex:2359:17427"},"type":"Feature"},{"geometry":{"coordinates":[[[-117.62405,34.09965],[-117.62473,34.10062],[-117.62609,34.10062],[-117.62676,34.09964],[-117.62607,34.09866],[-117.62472,34.09867],[-117.62405,34.09965]]],"type":"Polygon"},"properties":{"bbox":{"roads":{"area":5832.77,"pct":14.37}},"city":{"roads":{"area":2372.56,"pct":5.84}},"id":"hex:2359:17428"},"type":"Feature"},{"geometry":{"coordinates":[[[-117.62406,34.1016],[-117.62475,34.10258],[-117.6261,34.10257],[-117.62677,34.10159],[-117.62609,34.10062],[-117.62473,34.10062],[-117.62406,34.1016]]],"type":"Polygon"},"properties":{"bbox":{"roads":{"area":2703.47,"pct":6.66}},"city_same":1,"id":"hex:2359:17429"},"type":"Feature"},{"geometry":{"coordinates":[[[-117.62408,34.10356],[-117.62476,34.10453],[-117.62612,34.10452],[-117.62679,34.10354],[-117.6261,34.10257],[-117.62475,34.10258],[-117.62408,34.10356]]],"type":"Polygon"},"properties":{"bbox":{"roads":{"area":3249.84,"pct":8.01}},"city_same":1,"id":"hex:2359:17430"},"type":"Feature"},{"geometry":{"coordinates":[[[-117.62409,34.10551],[-117.62478,34.10648],[-117.62613,34.10647],[-117.6268,34.10549],[-117.62612,34.10452],[-117.62476,34.10453],[-117.62409,34.10551]]],"type":"Polygon"},"properties":{"bbox":{"parking":{"area":5410.81,"pct":13.33},"roads":{"area":7643.18,"pct":18.83},"sidewalks":{"area":345.98,"pct":0.85}},"city":{"parking":{"area":5410.81,"pct":13.33},"roads":{"area":4596.16,"pct":11.32},"sidewalks":{"area":345.98,"pct":0.85}},"id":"hex:2359:17431"},"type":"Feature"},{"geometry":{"coordinates":[[[-117.62411,34.10746],[-117.62479,34.10843],[-117.62615,34.10843],[-117.62682,34.10745],[-117.62613,34.10647],[-117.62478,34.10648],[-117.62411,34.10746]]],"type":"Polygon"},"properties":{"bbox":{"roads":{"area":1413.66,"pct":3.48},"sidewalks":{"area":44.96,"pct":0.11}},"city_same":1,"id":"hex:2359:17432"},"type":"Feature"},{"geometry":{"coordinates":[[[-117.62486,34.1182],[-117.62418,34.11722],[-117.62485,34.11624],[-117.6262,34.11624],[-117.62689,34.11721],[-117.6264,34.11792],[-117.62628,34.11787],[-117.62598,34.11655],[-117.62575,34.11696],[-117.62528,34.11739],[-117.62502,34.11808],[-117.625,34.1182],[-117.62486,34.1182]]],"type":"Polygon"},"properties":{"bbox":{"roads":{"area":671.03,"pct":2.4}},"city_same":1,"id":"hex:2359:17437"},"type":"Feature"},{"geometry":{"coordinates":[[[-117.627,34.13283],[-117.62633,34.13381],[-117.62498,34.13382],[-117.62429,34.13284],[-117.62495,34.13188],[-117.62509,34.13188],[-117.6251,34.13242],[-117.62672,34.13243],[-117.627,34.13283]]],"type":"Polygon"},"properties":{"bbox":{"roads":{"area":3841.33,"pct":11.88}},"city":{"roads":{"area":957.97,"pct":2.96}},"id":"hex:2359:17445"},"type":"Feature"},{"geometry":{"coordinates":[[[-117.62431,34.1348],[-117.62499,34.13577],[-117.62635,34.13576],[-117.62702,34.13478],[-117.62633,34.13381],[-117.62498,34.13382],[-117.62431,34.1348]]],"type":"Polygon"},"properties":{"bbox":{"parking":{"area":44.97,"pct":0.11},"roads":{"area":9149.83,"pct":22.54}},"city":{"parking":{"area":44.97,"pct":0.11},"roads":{"area":2814.68,"pct":6.93}},"id":"hex:2359:17446"},"type":"Feature"},{"geometry":{"coordinates":[[[-117.62432,34.13675],[-117.62501,34.13772],[-117.62636,34.13771],[-117.62703,34.13673],[-117.62635,34.13576],[-117.62499,34.13577],[-117.62432,34.13675]]],"type":"Polygon"},"properties":{"bbox":{"parking":{"area":114.22,"pct":0.28},"roads":{"area":4529.74,"pct":11.16}},"city_same":1,"id":"hex:2359:17447"},"type":"Feature"},{"geometry":{"coordinates":[[[-117.62433,34.1387],[-117.62502,34.13967],[-117.62638,34.13967],[-117.62705,34.13869],[-117.62636,34.13771],[-117.62501,34.13772],[-117.62433,34.1387]]],"type":"Polygon"},"properties":{"bbox":{"parking":{"area":2016.7,"pct":4.97},"roads":{"area":2819.11,"pct":6.94}},"city_same":1,"id":"hex:2359:17448"},"type":"Feature"},{"geometry":{"coordinates":[[[-117.62435,34.14065],[-117.62503,34.14163],[-117.62639,34.14162],[-117.62706,34.14064],[-117.62638,34.13967],[-117.62502,34.13967],[-117.62435,34.14065]]],"type":"Polygon"},"properties":{"bbox":{"roads":{"area":2990.63,"pct":7.37}},"city_same":1,"id":"hex:2359:17449"},"type":"Feature"},{"geometry":{"coordinates":[[[-117.62436,34.14261],[-117.62505,34.14358],[-117.6264,34.14357],[-117.62707,34.14259],[-117.62639,34.14162],[-117.62503,34.14163],[-117.62436,34.14261]]],"type":"Polygon"},"properties":{"bbox":{"roads":{"area":2260.42,"pct":5.57}},"city_same":1,"id":"hex:2359:17450"},"type":"Feature"},{"geometry":{"coordinates":[[[-117.62438,34.14456],[-117.62506,34.14553],[-117.62642,34.14552],[-117.62709,34.14454],[-117.6264,34.14357],[-117.62505,34.14358],[-117.62438,34.14456]]],"type":"Polygon"},"properties":{"bbox":{"roads":{"area":3117.55,"pct":7.68},"sidewalks":{"area":35.64,"pct":0.09}},"city_same":1,"id":"hex:2359:17451"},"type":"Feature"},{"geometry":{"coordinates":[[[-117.62439,34.14651],[-117.62508,34.14748],[-117.62643,34.14748],[-117.6271,34.1465],[-117.62642,34.14552],[-117.62506,34.14553],[-117.62439,34.14651]]],"type":"Polygon"},"properties":{"bbox":{"roads":{"area":3202.34,"pct":7.89}},"city_same":1,"id":"hex:2359:17452"},"type":"Feature"},{"geometry":{"coordinates":[[[-117.62441,34.14846],[-117.62509,34.14944],[-117.62645,34.14943],[-117.62712,34.14845],[-117.62643,34.14748],[-117.62508,34.14748],[-117.62441,34.14846]]],"type":"Polygon"},"properties":{"bbox":{"roads":{"area":3333.85,"pct":8.21}},"city_same":1,"id":"hex:2359:17453"},"type":"Feature"},{"geometry":{"coordinates":[[[-117.62442,34.15042],[-117.62511,34.15139],[-117.62646,34.15138],[-117.62713,34.1504],[-117.62645,34.14943],[-117.62509,34.14944],[-117.62442,34.15042]]],"type":"Polygon"},"properties":{"bbox":{"roads":{"area":3139.01,"pct":7.73}},"city_same":1,"id":"hex:2359:17454"},"type":"Feature"},{"geometry":{"coordinates":[[[-117.62444,34.15237],[-117.62512,34.15334],[-117.62648,34.15333],[-117.62715,34.15235],[-117.62646,34.15138],[-117.62511,34.15139],[-117.62444,34.15237]]],"type":"Polygon"},"properties":{"bbox":{"roads":{"area":4169.73,"pct":10.27}},"city_same":1,"id":"hex:2359:17455"},"type":"Feature"},{"geometry":{"coordinates":[[[-117.62445,34.15432],[-117.62513,34.15529],[-117.62649,34.15529],[-117.62716,34.15431],[-117.62648,34.15333],[-117.62512,34.15334],[-117.62445,34.15432]]],"type":"Polygon"},"properties":{"bbox":{"roads":{"area":4650.15,"pct":11.46}},"city_same":1,"id":"hex:2359:17456"},"type":"Feature"},{"geometry":{"coordinates":[[[-117.62446,34.15627],[-117.62515,34.15725],[-117.62651,34.15724],[-117.62718,34.15626],[-117.62649,34.15529],[-117.62513,34.15529],[-117.62446,34.15627]]],"type":"Polygon"},"properties":{"bbox":{"roads":{"area":1819.8,"pct":4.48}},"city_same":1,"id":"hex:2359:17457"},"type":"Feature"},{"geometry":{"coordinates":[[[-117.62448,34.15823],[-117.62516,34.1592],[-117.62652,34.15919],[-117.62719,34.15821],[-117.62651,34.15724],[-117.62515,34.15725],[-117.62448,34.15823]]],"type":"Polygon"},"properties":{"bbox":{"roads":{"area":2966.1,"pct":7.31}},"city_same":1,"id":"hex:2359:17458"},"type":"Feature"},{"geometry":{"coordinates":[[[-117.62449,34.16018],[-117.62518,34.16115],[-117.62653,34.16114],[-117.6272,34.16016],[-117.62652,34.15919],[-117.62516,34.1592],[-117.62449,34.16018]]],"type":"Polygon"},"properties":{"bbox":{"roads":{"area":3414.5,"pct":8.41}},"city_same":1,"id":"hex:2359:17459"},"type":"Feature"},{"geometry":{"coordinates":[[[-117.62451,34.16213],[-117.62519,34.1631],[-117.62655,34.1631],[-117.62722,34.16212],[-117.62653,34.16114],[-117.62518,34.16115],[-117.62451,34.16213]]],"type":"Polygon"},"properties":{"bbox":{"roads":{"area":3149.84,"pct":7.76},"sidewalks":{"area":167.32,"pct":0.41}},"city_same":1,"id":"hex:2359:17460"},"type":"Feature"},{"geometry":{"coordinates":[[[-117.62452,34.16408],[-117.62519,34.1631],[-117.62655,34.1631],[-117.62723,34.16407],[-117.62686,34.16462],[-117.62493,34.16467],[-117.62452,34.16408]]],"type":"Polygon"},"properties":{"bbox":{"roads":{"area":2004.62,"pct":5.93},"sidewalks":{"area":261.61,"pct":0.77}},"city_same":1,"id":"hex:2359:17461"},"type":"Feature"},{"geometry":{"coordinates":[[[-117.62468,34.09281],[-117.624,34.09379],[-117.62265,34.0938],[-117.62197,34.09283],[-117.62247,34.09208],[-117.62418,34.09211],[-117.62468,34.09281]]],"type":"Polygon"},"properties":{"bbox":{"roads":{"area":2343.54,"pct":6.39}},"city_same":1,"id":"hex:2360:17425"},"type":"Feature"},{"geometry":{"coordinates":[[[-117.62198,34.09478],[-117.62266,34.09575],[-117.62402,34.09575],[-117.62469,34.09477],[-117.624,34.09379],[-117.62265,34.0938],[-117.62198,34.09478]]],"type":"Polygon"},"properties":{"bbox":{"roads":{"area":2517.45,"pct":6.2}},"city_same":1,"id":"hex:2360:17426"},"type":"Feature"},{"geometry":{"coordinates":[[[-117.62199,34.09673],[-117.62268,34.09771],[-117.62403,34.0977],[-117.6247,34.09672],[-117.62402,34.09575],[-117.62266,34.09575],[-117.62199,34.09673]]],"type":"Polygon"},"properties":{"bbox":{"roads":{"area":2911.61,"pct":7.17}},"city_same":1,"id":"hex:2360:17427"},"type":"Feature"},{"geometry":{"coordinates":[[[-117.62201,34.09869],[-117.62269,34.09966],[-117.62405,34.09965],[-117.62472,34.09867],[-117.62403,34.0977],[-117.62268,34.09771],[-117.62201,34.09869]]],"type":"Polygon"},"properties":{"bbox":{"roads":{"area":4438.18,"pct":10.93}},"city":{"roads":{"area":2181.85,"pct":5.37}},"id":"hex:2360:17428"},"type":"Feature"},{"geometry":{"coordinates":[[[-117.62202,34.10064],[-117.62271,34.10161],[-117.62406,34.1016],[-117.62473,34.10062],[-117.62405,34.09965],[-117.62269,34.09966],[-117.62202,34.10064]]],"type":"Polygon"},"properties":{"bbox":{"roads":{"area":2303.26,"pct":5.67}},"city_same":1,"id":"hex:2360:17429"},"type":"Feature"},{"geometry":{"coordinates":[[[-117.62204,34.10259],[-117.62272,34.10356],[-117.62408,34.10356],[-117.62475,34.10258],[-117.62406,34.1016],[-117.62271,34.10161],[-117.62204,34.10259]]],"type":"Polygon"},"properties":{"bbox":{"roads":{"area":2909.43,"pct":7.17}},"city_same":1,"id":"hex:2360:17430"},"type":"Feature"},{"geometry":{"coordinates":[[[-117.62205,34.10454],[-117.62274,34.10552],[-117.62409,34.10551],[-117.62476,34.10453],[-117.62408,34.10356],[-117.62272,34.10356],[-117.62205,34.10454]]],"type":"Polygon"},"properties":{"bbox":{"parking":{"area":3865.49,"pct":9.52},"roads":{"area":8416.14,"pct":20.73},"sidewalks":{"area":311.78,"pct":0.77}},"city":{"parking":{"area":3865.49,"pct":9.52},"roads":{"area":4550.3,"pct":11.21},"sidewalks":{"area":311.78,"pct":0.77}},"id":"hex:2360:17431"},"type":"Feature"},{"geometry":{"coordinates":[[[-117.62275,34.10747],[-117.62207,34.1065],[-117.62274,34.10552],[-117.62409,34.10551],[-117.62478,34.10648],[-117.62411,34.10746],[-117.62329,34.10747],[-117.62328,34.10746],[-117.62327,34.10746],[-117.62325,34.10747],[-117.62275,34.10747]]],"type":"Polygon"},"properties":{"bbox":{"parking":{"area":2612.36,"pct":6.44},"roads":{"area":3906.59,"pct":9.62}},"city_same":1,"id":"hex:2360:17432"},"type":"Feature"},{"geometry":{"coordinates":[[[-117.62411,34.10746],[-117.62479,34.10843],[-117.62412,34.10941],[-117.62276,34.10942],[-117.62208,34.10845],[-117.62275,34.10747],[-117.62325,34.10747],[-117.62322,34.10748],[-117.62318,34.10749],[-117.62315,34.1075],[-117.62314,34.10752],[-117.62313,34.10754],[-117.62312,34.10756],[-117.62313,34.10758],[-117.62317,34.1076],[-117.62325,34.10762],[-117.62327,34.10763],[-117.62329,34.10764],[-117.62331,34.10763],[-117.62333,34.10761],[-117.62332,34.10758],[-117.62332,34.10753],[-117.62332,34.1075],[-117.6233,34.10747],[-117.62329,34.10747],[-117.62411,34.10746]]],"type":"Polygon"},"properties":{"bbox":{"roads":{"area":1184.46,"pct":2.94}},"city_same":1,"id":"hex:2360:17433"},"type":"Feature"},{"geometry":{"coordinates":[[[-117.62209,34.1104],[-117.62278,34.11137],[-117.62413,34.11137],[-117.6248,34.11039],[-117.62412,34.10941],[-117.62276,34.10942],[-117.62209,34.1104]]],"type":"Polygon"},"properties":{"bbox":{"roads":{"area":1606.27,"pct":3.96}},"city_same":1,"id":"hex:2360:17434"},"type":"Feature"},{"geometry":{"coordinates":[[[-117.62211,34.11235],[-117.62279,34.11333],[-117.62415,34.11332],[-117.62482,34.11234],[-117.62413,34.11137],[-117.62278,34.11137],[-117.62211,34.11235]]],"type":"Polygon"},"properties":{"bbox":{"roads":{"area":2338.7,"pct":5.76}},"city_same":1,"id":"hex:2360:17435"},"type":"Feature"},{"geometry":{"coordinates":[[[-117.62416,34.11527],[-117.62281,34.11528],[-117.62212,34.11431],[-117.62279,34.11333],[-117.62415,34.11332],[-117.6248,34.11425],[-117.62478,34.11425],[-117.62475,34.11428],[-117.62474,34.1143],[-117.62473,34.11433],[-117.62473,34.11437],[-117.62471,34.11441],[-117.62471,34.11444],[-117.62472,34.11446],[-117.62416,34.11527]]],"type":"Polygon"},"properties":{"bbox":{"roads":{"area":1726.7,"pct":4.27}},"city_same":1,"id":"hex:2360:17436"},"type":"Feature"},{"geometry":{"coordinates":[[[-117.62284,34.11918],[-117.62215,34.11821],[-117.62282,34.11723],[-117.62418,34.11722],[-117.62486,34.1182],[-117.62455,34.11865],[-117.62347,34.11866],[-117.62347,34.11918],[-117.62284,34.11918]]],"type":"Polygon"},"properties":{"bbox":{"roads":{"area":2067.36,"pct":5.78}},"city_same":1,"id":"hex:2360:17438"},"type":"Feature"},{"geometry":{"coordinates":[[[-117.62285,34.12114],[-117.62217,34.12016],[-117.62284,34.11918],[-117.62347,34.11918],[-117.62346,34.12093],[-117.62346,34.12113],[-117.62285,34.12114]]],"type":"Polygon"},"properties":{"bbox":{"roads":{"area":1616.87,"pct":8.43}},"city_same":1,"id":"hex:2360:17439"},"type":"Feature"},{"geometry":{"coordinates":[[[-117.62218,34.12212],[-117.62285,34.12114],[-117.62346,34.12113],[-117.62346,34.12142],[-117.62346,34.1217],[-117.62329,34.1217],[-117.62313,34.12283],[-117.62276,34.12294],[-117.62218,34.12212]]],"type":"Polygon"},"properties":{"bbox":{"roads":{"area":2234.77,"pct":15.58},"sidewalks":{"area":254.24,"pct":1.77}},"city_same":1,"id":"hex:2360:17440"},"type":"Feature"},{"geometry":{"coordinates":[[[-117.62292,34.1309],[-117.62224,34.12993],[-117.62291,34.12895],[-117.62297,34.12895],[-117.62345,34.12963],[-117.62314,34.13047],[-117.62347,34.1309],[-117.62292,34.1309]]],"type":"Polygon"},"properties":{"bbox":{"roads":{"area":859.36,"pct":6.22}},"city_same":1,"id":"hex:2360:17444"},"type":"Feature"},{"geometry":{"coordinates":[[[-117.62429,34.13284],[-117.62294,34.13285],[-117.62225,34.13188],[-117.62292,34.1309],[-117.62347,34.1309],[-117.62421,34.13188],[-117.62495,34.13188],[-117.62429,34.13284]]],"type":"Polygon"},"properties":{"bbox":{"roads":{"area":3589.52,"pct":10.99}},"city":{"roads":{"area":1665.72,"pct":5.1}},"id":"hex:2360:17445"},"type":"Feature"},{"geometry":{"coordinates":[[[-117.62227,34.13383],[-117.62295,34.1348],[-117.62431,34.1348],[-117.62498,34.13382],[-117.62429,34.13284],[-117.62294,34.13285],[-117.62227,34.13383]]],"type":"Polygon"},"properties":{"bbox":{"roads":{"area":4599.79,"pct":11.33}},"city":{"roads":{"area":2619.8,"pct":6.45}},"id":"hex:2360:17446"},"type":"Feature"},{"geometry":{"coordinates":[[[-117.62228,34.13578],[-117.62296,34.13676],[-117.62432,34.13675],[-117.62499,34.13577],[-117.62431,34.1348],[-117.62295,34.1348],[-117.62228,34.13578]]],"type":"Polygon"},"properties":{"bbox":{"parking":{"area":5435.67,"pct":13.39},"roads":{"area":5926.49,"pct":14.6}},"city":{"parking":{"area":5435.67,"pct":13.39},"roads":{"area":3652.64,"pct":9}},"id":"hex:2360:17447"},"type":"Feature"},{"geometry":{"coordinates":[[[-117.62229,34.13774],[-117.62298,34.13871],[-117.62433,34.1387],[-117.62501,34.13772],[-117.62432,34.13675],[-117.62296,34.13676],[-117.62229,34.13774]]],"type":"Polygon"},"properties":{"bbox":{"roads":{"area":2196.51,"pct":5.41}},"city_same":1,"id":"hex:2360:17448"},"type":"Feature"},{"geometry":{"coordinates":[[[-117.62231,34.13969],[-117.62299,34.14066],[-117.62435,34.14065],[-117.62502,34.13967],[-117.62433,34.1387],[-117.62298,34.13871],[-117.62231,34.13969]]],"type":"Polygon"},"properties":{"bbox":{"roads":{"area":2567.41,"pct":6.32}},"city_same":1,"id":"hex:2360:17449"},"type":"Feature"},{"geometry":{"coordinates":[[[-117.62232,34.14164],[-117.62301,34.14261],[-117.62436,34.14261],[-117.62503,34.14163],[-117.62435,34.14065],[-117.62299,34.14066],[-117.62232,34.14164]]],"type":"Polygon"},"properties":{"bbox":{"roads":{"area":2310.81,"pct":5.69}},"city_same":1,"id":"hex:2360:17450"},"type":"Feature"},{"geometry":{"coordinates":[[[-117.62234,34.14359],[-117.62302,34.14457],[-117.62438,34.14456],[-117.62505,34.14358],[-117.62436,34.14261],[-117.62301,34.14261],[-117.62234,34.14359]]],"type":"Polygon"},"properties":{"bbox":{"roads":{"area":3186.39,"pct":7.85}},"city_same":1,"id":"hex:2360:17451"},"type":"Feature"},{"geometry":{"coordinates":[[[-117.62235,34.14555],[-117.62304,34.14652],[-117.62439,34.14651],[-117.62506,34.14553],[-117.62438,34.14456],[-117.62302,34.14457],[-117.62235,34.14555]]],"type":"Polygon"},"properties":{"bbox":{"roads":{"area":1114.91,"pct":2.75}},"city_same":1,"id":"hex:2360:17452"},"type":"Feature"},{"geometry":{"coordinates":[[[-117.62237,34.1475],[-117.62305,34.14847],[-117.62441,34.14846],[-117.62508,34.14748],[-117.62439,34.14651],[-117.62304,34.14652],[-117.62237,34.1475]]],"type":"Polygon"},"properties":{"bbox":{"roads":{"area":1652.59,"pct":4.07}},"city_same":1,"id":"hex:2360:17453"},"type":"Feature"},{"geometry":{"coordinates":[[[-117.62238,34.14945],[-117.62306,34.15042],[-117.62442,34.15042],[-117.62509,34.14944],[-117.62441,34.14846],[-117.62305,34.14847],[-117.62238,34.14945]]],"type":"Polygon"},"properties":{"bbox":{"roads":{"area":852.53,"pct":2.1}},"city_same":1,"id":"hex:2360:17454"},"type":"Feature"},{"geometry":{"coordinates":[[[-117.62239,34.1514],[-117.62308,34.15238],[-117.62444,34.15237],[-117.62511,34.15139],[-117.62442,34.15042],[-117.62306,34.15042],[-117.62239,34.1514]]],"type":"Polygon"},"properties":{"bbox":{"roads":{"area":1141.64,"pct":2.81}},"city_same":1,"id":"hex:2360:17455"},"type":"Feature"},{"geometry":{"coordinates":[[[-117.62241,34.15336],[-117.62309,34.15433],[-117.62445,34.15432],[-117.62512,34.15334],[-117.62444,34.15237],[-117.62308,34.15238],[-117.62241,34.15336]]],"type":"Polygon"},"properties":{"bbox":{"roads":{"area":1726.05,"pct":4.25}},"city_same":1,"id":"hex:2360:17456"},"type":"Feature"},{"geometry":{"coordinates":[[[-117.62242,34.15531],[-117.62311,34.15628],[-117.62446,34.15627],[-117.62513,34.15529],[-117.62445,34.15432],[-117.62309,34.15433],[-117.62242,34.15531]]],"type":"Polygon"},"properties":{"bbox":{"roads":{"area":2314.76,"pct":5.7}},"city_same":1,"id":"hex:2360:17457"},"type":"Feature"},{"geometry":{"coordinates":[[[-117.62244,34.15726],[-117.62312,34.15823],[-117.62448,34.15823],[-117.62515,34.15725],[-117.62446,34.15627],[-117.62311,34.15628],[-117.62244,34.15726]]],"type":"Polygon"},"properties":{"bbox":{"roads":{"area":1311.18,"pct":3.23}},"city_same":1,"id":"hex:2360:17458"},"type":"Feature"},{"geometry":{"coordinates":[[[-117.62245,34.15921],[-117.62314,34.16019],[-117.62449,34.16018],[-117.62516,34.1592],[-117.62448,34.15823],[-117.62312,34.15823],[-117.62245,34.15921]]],"type":"Polygon"},"properties":{"bbox":{"roads":{"area":1896.82,"pct":4.67}},"city_same":1,"id":"hex:2360:17459"},"type":"Feature"},{"geometry":{"coordinates":[[[-117.62247,34.16117],[-117.62315,34.16214],[-117.62451,34.16213],[-117.62518,34.16115],[-117.62449,34.16018],[-117.62314,34.16019],[-117.62247,34.16117]]],"type":"Polygon"},"properties":{"bbox":{"roads":{"area":2136.5,"pct":5.26}},"city_same":1,"id":"hex:2360:17460"},"type":"Feature"},{"geometry":{"coordinates":[[[-117.62248,34.16312],[-117.62317,34.16409],[-117.62452,34.16408],[-117.62519,34.1631],[-117.62451,34.16213],[-117.62315,34.16214],[-117.62248,34.16312]]],"type":"Polygon"},"properties":{"bbox":{"roads":{"area":567.43,"pct":1.4}},"city_same":1,"id":"hex:2360:17461"},"type":"Feature"},{"geometry":{"coordinates":[[[-117.62317,34.16409],[-117.62452,34.16408],[-117.62493,34.16467],[-117.62273,34.16472],[-117.62317,34.16409]]],"type":"Polygon"},"properties":{"bbox":{"roads":{"area":201.39,"pct":1.82}},"city_same":1,"id":"hex:2360:17462"},"type":"Feature"},{"geometry":{"coordinates":[[[-117.62197,34.09283],[-117.62061,34.09283],[-117.62007,34.09206],[-117.62131,34.09207],[-117.62247,34.09208],[-117.62197,34.09283]]],"type":"Polygon"},"properties":{"bbox":{"roads":{"area":1474.98,"pct":10.04}},"city_same":1,"id":"hex:2361:17424"},"type":"Feature"},{"geometry":{"coordinates":[[[-117.61994,34.09381],[-117.62062,34.09479],[-117.62198,34.09478],[-117.62265,34.0938],[-117.62197,34.09283],[-117.62061,34.09283],[-117.61994,34.09381]]],"type":"Polygon"},"properties":{"bbox":{"roads":{"area":2864.77,"pct":7.06}},"city_same":1,"id":"hex:2361:17425"},"type":"Feature"},{"geometry":{"coordinates":[[[-117.61995,34.09577],[-117.62064,34.09674],[-117.62199,34.09673],[-117.62266,34.09575],[-117.62198,34.09478],[-117.62062,34.09479],[-117.61995,34.09577]]],"type":"Polygon"},"properties":{"bbox":{"parking":{"area":2449.82,"pct":6.03},"roads":{"area":3440.6,"pct":8.48}},"city_same":1,"id":"hex:2361:17426"},"type":"Feature"},{"geometry":{"coordinates":[[[-117.61997,34.09772],[-117.62065,34.09869],[-117.62201,34.09869],[-117.62268,34.09771],[-117.62199,34.09673],[-117.62064,34.09674],[-117.61997,34.09772]]],"type":"Polygon"},"properties":{"bbox":{"parking":{"area":532.05,"pct":1.31},"roads":{"area":1934.79,"pct":4.77}},"city_same":1,"id":"hex:2361:17427"},"type":"Feature"},{"geometry":{"coordinates":[[[-117.61998,34.09967],[-117.62067,34.10064],[-117.62202,34.10064],[-117.62269,34.09966],[-117.62201,34.09869],[-117.62065,34.09869],[-117.61998,34.09967]]],"type":"Polygon"},"properties":{"bbox":{"roads":{"area":5831.52,"pct":14.37}},"city":{"roads":{"area":2234.9,"pct":5.51}},"id":"hex:2361:17428"},"type":"Feature"},{"geometry":{"coordinates":[[[-117.62,34.10162],[-117.62068,34.1026],[-117.62204,34.10259],[-117.62271,34.10161],[-117.62202,34.10064],[-117.62067,34.10064],[-117.62,34.10162]]],"type":"Polygon"},"properties":{"bbox":{"roads":{"area":4279.03,"pct":10.54}},"city_same":1,"id":"hex:2361:17429"},"type":"Feature"},{"geometry":{"coordinates":[[[-117.62001,34.10358],[-117.6207,34.10455],[-117.62205,34.10454],[-117.62272,34.10356],[-117.62204,34.10259],[-117.62068,34.1026],[-117.62001,34.10358]]],"type":"Polygon"},"properties":{"bbox":{"parking":{"area":100.38,"pct":0.25},"roads":{"area":4334.72,"pct":10.68}},"city_same":1,"id":"hex:2361:17430"},"type":"Feature"},{"geometry":{"coordinates":[[[-117.62003,34.10553],[-117.62071,34.1065],[-117.62207,34.1065],[-117.62274,34.10552],[-117.62205,34.10454],[-117.6207,34.10455],[-117.62003,34.10553]]],"type":"Polygon"},"properties":{"bbox":{"parking":{"area":4.15,"pct":0.01},"roads":{"area":6597.91,"pct":16.25},"sidewalks":{"area":235.08,"pct":0.58}},"city":{"parking":{"area":4.15,"pct":0.01},"roads":{"area":2982.57,"pct":7.35},"sidewalks":{"area":235.08,"pct":0.58}},"id":"hex:2361:17431"},"type":"Feature"},{"geometry":{"coordinates":[[[-117.62004,34.10748],[-117.62072,34.10845],[-117.62208,34.10845],[-117.62275,34.10747],[-117.62207,34.1065],[-117.62071,34.1065],[-117.62004,34.10748]]],"type":"Polygon"},"properties":{"bbox":{"roads":{"area":3555.86,"pct":8.76}},"city_same":1,"id":"hex:2361:17432"},"type":"Feature"},{"geometry":{"coordinates":[[[-117.62005,34.10943],[-117.62074,34.11041],[-117.62209,34.1104],[-117.62276,34.10942],[-117.62208,34.10845],[-117.62072,34.10845],[-117.62005,34.10943]]],"type":"Polygon"},"properties":{"bbox":{"roads":{"area":4167.88,"pct":10.27}},"city_same":1,"id":"hex:2361:17433"},"type":"Feature"},{"geometry":{"coordinates":[[[-117.62007,34.11139],[-117.62075,34.11236],[-117.62211,34.11235],[-117.62278,34.11137],[-117.62209,34.1104],[-117.62074,34.11041],[-117.62007,34.11139]]],"type":"Polygon"},"properties":{"bbox":{"roads":{"area":3426.73,"pct":8.44}},"city_same":1,"id":"hex:2361:17434"},"type":"Feature"},{"geometry":{"coordinates":[[[-117.62008,34.11334],[-117.62077,34.11431],[-117.62212,34.11431],[-117.62279,34.11333],[-117.62211,34.11235],[-117.62075,34.11236],[-117.62008,34.11334]]],"type":"Polygon"},"properties":{"bbox":{"roads":{"area":2829.46,"pct":6.97}},"city_same":1,"id":"hex:2361:17435"},"type":"Feature"},{"geometry":{"coordinates":[[[-117.6201,34.11529],[-117.62078,34.11626],[-117.62214,34.11626],[-117.62281,34.11528],[-117.62212,34.11431],[-117.62077,34.11431],[-117.6201,34.11529]]],"type":"Polygon"},"properties":{"bbox":{"roads":{"area":3384.82,"pct":8.34}},"city_same":1,"id":"hex:2361:17436"},"type":"Feature"},{"geometry":{"coordinates":[[[-117.62011,34.11724],[-117.6208,34.11822],[-117.62215,34.11821],[-117.62282,34.11723],[-117.62214,34.11626],[-117.62078,34.11626],[-117.62011,34.11724]]],"type":"Polygon"},"properties":{"bbox":{"roads":{"area":2461.17,"pct":6.06}},"city_same":1,"id":"hex:2361:17437"},"type":"Feature"},{"geometry":{"coordinates":[[[-117.62012,34.1192],[-117.62081,34.12017],[-117.62217,34.12016],[-117.62284,34.11918],[-117.62215,34.11821],[-117.6208,34.11822],[-117.62012,34.1192]]],"type":"Polygon"},"properties":{"bbox":{"roads":{"area":2925.73,"pct":7.21}},"city_same":1,"id":"hex:2361:17438"},"type":"Feature"},{"geometry":{"coordinates":[[[-117.62014,34.12115],[-117.62081,34.12017],[-117.62217,34.12016],[-117.62285,34.12114],[-117.62218,34.12212],[-117.62152,34.12212],[-117.62128,34.12159],[-117.62058,34.1216],[-117.62045,34.1216],[-117.62014,34.12115]]],"type":"Polygon"},"properties":{"bbox":{"roads":{"area":4605.08,"pct":12.62},"sidewalks":{"area":428.18,"pct":1.17}},"city_same":1,"id":"hex:2361:17439"},"type":"Feature"},{"geometry":{"coordinates":[[[[-117.62084,34.12407],[-117.62015,34.1231],[-117.62044,34.12268],[-117.62105,34.12371],[-117.62107,34.12374],[-117.62107,34.12407],[-117.62084,34.12407]]],[[[-117.62218,34.12212],[-117.62276,34.12294],[-117.62252,34.12302],[-117.62193,34.12303],[-117.62152,34.12212],[-117.62218,34.12212]]]],"type":"MultiPolygon"},"properties":{"bbox":{"roads":{"area":650.32,"pct":5.12}},"city_same":1,"id":"hex:2361:17440"},"type":"Feature"},{"geometry":{"coordinates":[[[-117.62085,34.12603],[-117.62017,34.12505],[-117.62084,34.12407],[-117.62107,34.12407],[-117.62108,34.12534],[-117.62103,34.12534],[-117.62155,34.12576],[-117.62167,34.12602],[-117.62085,34.12603]]],"type":"Polygon"},"properties":{"bbox":{"roads":{"area":414.83,"pct":3.02}},"city_same":1,"id":"hex:2361:17441"},"type":"Feature"},{"geometry":{"coordinates":[[[-117.62222,34.12797],[-117.62087,34.12798],[-117.62018,34.12701],[-117.62085,34.12603],[-117.62167,34.12602],[-117.62209,34.12696],[-117.6222,34.12723],[-117.62239,34.12772],[-117.62222,34.12797]]],"type":"Polygon"},"properties":{"bbox":{"roads":{"area":2216.03,"pct":7.14}},"city_same":1,"id":"hex:2361:17442"},"type":"Feature"},{"geometry":{"coordinates":[[[-117.6202,34.12896],[-117.62088,34.12993],[-117.62224,34.12993],[-117.62291,34.12895],[-117.62222,34.12797],[-117.62087,34.12798],[-117.6202,34.12896]]],"type":"Polygon"},"properties":{"bbox":{"roads":{"area":3799.6,"pct":9.36}},"city_same":1,"id":"hex:2361:17443"},"type":"Feature"},{"geometry":{"coordinates":[[[-117.62021,34.13091],[-117.6209,34.13188],[-117.62225,34.13188],[-117.62292,34.1309],[-117.62224,34.12993],[-117.62088,34.12993],[-117.62021,34.13091]]],"type":"Polygon"},"properties":{"bbox":{"roads":{"area":3285.97,"pct":8.09}},"city_same":1,"id":"hex:2361:17444"},"type":"Feature"},{"geometry":{"coordinates":[[[-117.62022,34.13286],[-117.62091,34.13384],[-117.62227,34.13383],[-117.62294,34.13285],[-117.62225,34.13188],[-117.6209,34.13188],[-117.62022,34.13286]]],"type":"Polygon"},"properties":{"bbox":{"roads":{"area":4764.36,"pct":11.74}},"city":{"roads":{"area":2205.26,"pct":5.43}},"id":"hex:2361:17445"},"type":"Feature"},{"geometry":{"coordinates":[[[-117.62024,34.13482],[-117.62092,34.13579],[-117.62228,34.13578],[-117.62295,34.1348],[-117.62227,34.13383],[-117.62091,34.13384],[-117.62024,34.13482]]],"type":"Polygon"},"properties":{"bbox":{"roads":{"area":8669.82,"pct":21.36}},"city":{"roads":{"area":1416.77,"pct":3.49}},"id":"hex:2361:17446"},"type":"Feature"},{"geometry":{"coordinates":[[[-117.62025,34.13677],[-117.62094,34.13774],[-117.62229,34.13774],[-117.62296,34.13676],[-117.62228,34.13578],[-117.62092,34.13579],[-117.62025,34.13677]]],"type":"Polygon"},"properties":{"bbox":{"roads":{"area":3483.84,"pct":8.58}},"city_same":1,"id":"hex:2361:17447"},"type":"Feature"},{"geometry":{"coordinates":[[[-117.62027,34.13872],[-117.62095,34.13969],[-117.62231,34.13969],[-117.62298,34.13871],[-117.62229,34.13774],[-117.62094,34.13774],[-117.62027,34.13872]]],"type":"Polygon"},"properties":{"bbox":{"roads":{"area":3377.99,"pct":8.32}},"city_same":1,"id":"hex:2361:17448"},"type":"Feature"},{"geometry":{"coordinates":[[[-117.62028,34.14067],[-117.62097,34.14165],[-117.62232,34.14164],[-117.62299,34.14066],[-117.62231,34.13969],[-117.62095,34.13969],[-117.62028,34.14067]]],"type":"Polygon"},"properties":{"bbox":{"roads":{"area":3473.48,"pct":8.56}},"city_same":1,"id":"hex:2361:17449"},"type":"Feature"},{"geometry":{"coordinates":[[[-117.6203,34.14263],[-117.62098,34.1436],[-117.62234,34.14359],[-117.62301,34.14261],[-117.62232,34.14164],[-117.62097,34.14165],[-117.6203,34.14263]]],"type":"Polygon"},"properties":{"bbox":{"roads":{"area":3293.77,"pct":8.11}},"city_same":1,"id":"hex:2361:17450"},"type":"Feature"},{"geometry":{"coordinates":[[[-117.62031,34.14458],[-117.621,34.14555],[-117.62235,34.14555],[-117.62302,34.14457],[-117.62234,34.14359],[-117.62098,34.1436],[-117.62031,34.14458]]],"type":"Polygon"},"properties":{"bbox":{"roads":{"area":2191.08,"pct":5.4}},"city_same":1,"id":"hex:2361:17451"},"type":"Feature"},{"geometry":{"coordinates":[[[-117.62032,34.14653],[-117.62101,34.1475],[-117.62237,34.1475],[-117.62304,34.14652],[-117.62235,34.14555],[-117.621,34.14555],[-117.62032,34.14653]]],"type":"Polygon"},"properties":{"bbox":{"roads":{"area":811.92,"pct":2}},"city_same":1,"id":"hex:2361:17452"},"type":"Feature"},{"geometry":{"coordinates":[[[-117.62034,34.14848],[-117.62102,34.14946],[-117.62238,34.14945],[-117.62305,34.14847],[-117.62237,34.1475],[-117.62101,34.1475],[-117.62034,34.14848]]],"type":"Polygon"},"properties":{"bbox":{"roads":{"area":2635.99,"pct":6.49}},"city_same":1,"id":"hex:2361:17453"},"type":"Feature"},{"geometry":{"coordinates":[[[-117.62035,34.15044],[-117.62104,34.15141],[-117.62239,34.1514],[-117.62306,34.15042],[-117.62238,34.14945],[-117.62102,34.14946],[-117.62035,34.15044]]],"type":"Polygon"},"properties":{"bbox":{"parking":{"area":66.65,"pct":0.16},"roads":{"area":1712.85,"pct":4.22}},"city_same":1,"id":"hex:2361:17454"},"type":"Feature"},{"geometry":{"coordinates":[[[-117.62037,34.15239],[-117.62105,34.15336],[-117.62241,34.15336],[-117.62308,34.15238],[-117.62239,34.1514],[-117.62104,34.15141],[-117.62037,34.15239]]],"type":"Polygon"},"properties":{"bbox":{"parking":{"area":2773.76,"pct":6.83},"roads":{"area":1413.87,"pct":3.48}},"city_same":1,"id":"hex:2361:17455"},"type":"Feature"},{"geometry":{"coordinates":[[[-117.62038,34.15434],[-117.62107,34.15531],[-117.62242,34.15531],[-117.62309,34.15433],[-117.62241,34.15336],[-117.62105,34.15336],[-117.62038,34.15434]]],"type":"Polygon"},"properties":{"bbox":{"roads":{"area":3983.15,"pct":9.81}},"city_same":1,"id":"hex:2361:17456"},"type":"Feature"},{"geometry":{"coordinates":[[[-117.6204,34.15629],[-117.62108,34.15727],[-117.62244,34.15726],[-117.62311,34.15628],[-117.62242,34.15531],[-117.62107,34.15531],[-117.6204,34.15629]]],"type":"Polygon"},"properties":{"bbox":{"roads":{"area":2275.51,"pct":5.61}},"city_same":1,"id":"hex:2361:17457"},"type":"Feature"},{"geometry":{"coordinates":[[[-117.62041,34.15825],[-117.6211,34.15922],[-117.62245,34.15921],[-117.62312,34.15823],[-117.62244,34.15726],[-117.62108,34.15727],[-117.62041,34.15825]]],"type":"Polygon"},"properties":{"bbox":{"roads":{"area":1919.18,"pct":4.73}},"city_same":1,"id":"hex:2361:17458"},"type":"Feature"},{"geometry":{"coordinates":[[[-117.62042,34.1602],[-117.62111,34.16117],[-117.62247,34.16117],[-117.62314,34.16019],[-117.62245,34.15921],[-117.6211,34.15922],[-117.62042,34.1602]]],"type":"Polygon"},"properties":{"bbox":{"roads":{"area":1374.9,"pct":3.39}},"city_same":1,"id":"hex:2361:17459"},"type":"Feature"},{"geometry":{"coordinates":[[[-117.62044,34.16215],[-117.62112,34.16312],[-117.62248,34.16312],[-117.62315,34.16214],[-117.62247,34.16117],[-117.62111,34.16117],[-117.62044,34.16215]]],"type":"Polygon"},"properties":{"bbox":{"roads":{"area":2646,"pct":6.52}},"city_same":1,"id":"hex:2361:17460"},"type":"Feature"},{"geometry":{"coordinates":[[[-117.62045,34.1641],[-117.62112,34.16312],[-117.62248,34.16312],[-117.62317,34.16409],[-117.62273,34.16472],[-117.62092,34.16477],[-117.62045,34.1641]]],"type":"Polygon"},"properties":{"bbox":{"roads":{"area":1176.26,"pct":3.33}},"city_same":1,"id":"hex:2361:17461"},"type":"Feature"},{"geometry":{"coordinates":[[[-117.62061,34.09283],[-117.61994,34.09381],[-117.61858,34.09382],[-117.6179,34.09285],[-117.61844,34.09206],[-117.61988,34.09206],[-117.62007,34.09206],[-117.62061,34.09283]]],"type":"Polygon"},"properties":{"bbox":{"roads":{"area":3519.14,"pct":9.36}},"city_same":1,"id":"hex:2362:17425"},"type":"Feature"},{"geometry":{"coordinates":[[[-117.61791,34.0948],[-117.6186,34.09577],[-117.61995,34.09577],[-117.62062,34.09479],[-117.61994,34.09381],[-117.61858,34.09382],[-117.61791,34.0948]]],"type":"Polygon"},"properties":{"bbox":{"roads":{"area":3015.25,"pct":7.43}},"city_same":1,"id":"hex:2362:17426"},"type":"Feature"},{"geometry":{"coordinates":[[[-117.61793,34.09675],[-117.61861,34.09773],[-117.61997,34.09772],[-117.62064,34.09674],[-117.61995,34.09577],[-117.6186,34.09577],[-117.61793,34.09675]]],"type":"Polygon"},"properties":{"bbox":{"parking":{"area":416.55,"pct":1.03},"roads":{"area":3614.95,"pct":8.9}},"city_same":1,"id":"hex:2362:17427"},"type":"Feature"},{"geometry":{"coordinates":[[[-117.61794,34.09871],[-117.61863,34.09968],[-117.61998,34.09967],[-117.62065,34.09869],[-117.61997,34.09772],[-117.61861,34.09773],[-117.61794,34.09871]]],"type":"Polygon"},"properties":{"bbox":{"roads":{"area":7090.51,"pct":17.47},"sidewalks":{"area":388.19,"pct":0.96}},"city":{"roads":{"area":4360.47,"pct":10.74},"sidewalks":{"area":388.19,"pct":0.96}},"id":"hex:2362:17428"},"type":"Feature"},{"geometry":{"coordinates":[[[-117.61796,34.10066],[-117.61864,34.10163],[-117.62,34.10162],[-117.62067,34.10064],[-117.61998,34.09967],[-117.61863,34.09968],[-117.61796,34.10066]]],"type":"Polygon"},"properties":{"bbox":{"parking":{"area":174.9,"pct":0.43},"roads":{"area":6185.67,"pct":15.24},"sidewalks":{"area":251.02,"pct":0.62}},"city_same":1,"id":"hex:2362:17429"},"type":"Feature"},{"geometry":{"coordinates":[[[-117.61797,34.10261],[-117.61866,34.10358],[-117.62001,34.10358],[-117.62068,34.1026],[-117.62,34.10162],[-117.61864,34.10163],[-117.61797,34.10261]]],"type":"Polygon"},"properties":{"bbox":{"parking":{"area":239.53,"pct":0.59},"roads":{"area":5750.84,"pct":14.17}},"city_same":1,"id":"hex:2362:17430"},"type":"Feature"},{"geometry":{"coordinates":[[[-117.61799,34.10456],[-117.61867,34.10554],[-117.62003,34.10553],[-117.6207,34.10455],[-117.62001,34.10358],[-117.61866,34.10358],[-117.61799,34.10456]]],"type":"Polygon"},"properties":{"bbox":{"parking":{"area":89.31,"pct":0.22},"roads":{"area":8551.19,"pct":21.06},"sidewalks":{"area":724.24,"pct":1.78}},"city":{"parking":{"area":89.31,"pct":0.22},"roads":{"area":3932.29,"pct":9.69},"sidewalks":{"area":724.24,"pct":1.78}},"id":"hex:2362:17431"},"type":"Feature"},{"geometry":{"coordinates":[[[-117.618,34.10652],[-117.61868,34.10749],[-117.62004,34.10748],[-117.62071,34.1065],[-117.62003,34.10553],[-117.61867,34.10554],[-117.618,34.10652]]],"type":"Polygon"},"properties":{"bbox":{"roads":{"area":2908.9,"pct":7.17}},"city_same":1,"id":"hex:2362:17432"},"type":"Feature"},{"geometry":{"coordinates":[[[-117.61801,34.10847],[-117.6187,34.10944],[-117.62005,34.10943],[-117.62072,34.10845],[-117.62004,34.10748],[-117.61868,34.10749],[-117.61801,34.10847]]],"type":"Polygon"},"properties":{"bbox":{"roads":{"area":3022.24,"pct":7.44}},"city_same":1,"id":"hex:2362:17433"},"type":"Feature"},{"geometry":{"coordinates":[[[-117.61803,34.11042],[-117.61871,34.11139],[-117.62007,34.11139],[-117.62074,34.11041],[-117.62005,34.10943],[-117.6187,34.10944],[-117.61803,34.11042]]],"type":"Polygon"},"properties":{"bbox":{"roads":{"area":2080.35,"pct":5.12}},"city_same":1,"id":"hex:2362:17434"},"type":"Feature"},{"geometry":{"coordinates":[[[-117.61804,34.11237],[-117.61873,34.11335],[-117.62008,34.11334],[-117.62075,34.11236],[-117.62007,34.11139],[-117.61871,34.11139],[-117.61804,34.11237]]],"type":"Polygon"},"properties":{"bbox":{"roads":{"area":3182.64,"pct":7.84}},"city_same":1,"id":"hex:2362:17435"},"type":"Feature"},{"geometry":{"coordinates":[[[-117.61806,34.11433],[-117.61874,34.1153],[-117.6201,34.11529],[-117.62077,34.11431],[-117.62008,34.11334],[-117.61873,34.11335],[-117.61806,34.11433]]],"type":"Polygon"},"properties":{"bbox":{"parking":{"area":2194.42,"pct":5.41},"roads":{"area":2184.09,"pct":5.38}},"city_same":1,"id":"hex:2362:17436"},"type":"Feature"},{"geometry":{"coordinates":[[[-117.61807,34.11628],[-117.61876,34.11725],[-117.62011,34.11724],[-117.62078,34.11626],[-117.6201,34.11529],[-117.61874,34.1153],[-117.61807,34.11628]]],"type":"Polygon"},"properties":{"bbox":{"roads":{"area":3208,"pct":7.9}},"city_same":1,"id":"hex:2362:17437"},"type":"Feature"},{"geometry":{"coordinates":[[[-117.61808,34.11823],[-117.61877,34.1192],[-117.62012,34.1192],[-117.6208,34.11822],[-117.62011,34.11724],[-117.61876,34.11725],[-117.61808,34.11823]]],"type":"Polygon"},"properties":{"bbox":{"roads":{"area":2882.49,"pct":7.1}},"city_same":1,"id":"hex:2362:17438"},"type":"Feature"},{"geometry":{"coordinates":[[[-117.6181,34.12018],[-117.61878,34.12116],[-117.62014,34.12115],[-117.62081,34.12017],[-117.62012,34.1192],[-117.61877,34.1192],[-117.6181,34.12018]]],"type":"Polygon"},"properties":{"bbox":{"roads":{"area":1835.96,"pct":4.52}},"city_same":1,"id":"hex:2362:17439"},"type":"Feature"},{"geometry":{"coordinates":[[[-117.62015,34.1231],[-117.6188,34.12311],[-117.61811,34.12214],[-117.61878,34.12116],[-117.62014,34.12115],[-117.62045,34.1216],[-117.61959,34.1216],[-117.61991,34.12203],[-117.62017,34.12222],[-117.62044,34.12268],[-117.62015,34.1231]]],"type":"Polygon"},"properties":{"bbox":{"roads":{"area":4490.31,"pct":13.22},"sidewalks":{"area":396.7,"pct":1.17}},"city_same":1,"id":"hex:2362:17440"},"type":"Feature"},{"geometry":{"coordinates":[[[-117.61813,34.12409],[-117.61881,34.12506],[-117.62017,34.12505],[-117.62084,34.12407],[-117.62015,34.1231],[-117.6188,34.12311],[-117.61813,34.12409]]],"type":"Polygon"},"properties":{"bbox":{"roads":{"area":4095.26,"pct":10.09}},"city_same":1,"id":"hex:2362:17441"},"type":"Feature"},{"geometry":{"coordinates":[[[-117.61814,34.12604],[-117.61883,34.12701],[-117.62018,34.12701],[-117.62085,34.12603],[-117.62017,34.12505],[-117.61881,34.12506],[-117.61814,34.12604]]],"type":"Polygon"},"properties":{"bbox":{"roads":{"area":3214.33,"pct":7.92}},"city_same":1,"id":"hex:2362:17442"},"type":"Feature"},{"geometry":{"coordinates":[[[-117.61816,34.12799],[-117.61884,34.12897],[-117.6202,34.12896],[-117.62087,34.12798],[-117.62018,34.12701],[-117.61883,34.12701],[-117.61816,34.12799]]],"type":"Polygon"},"properties":{"bbox":{"roads":{"area":3409.48,"pct":8.4}},"city_same":1,"id":"hex:2362:17443"},"type":"Feature"},{"geometry":{"coordinates":[[[-117.61817,34.12995],[-117.61885,34.13092],[-117.62021,34.13091],[-117.62088,34.12993],[-117.6202,34.12896],[-117.61884,34.12897],[-117.61817,34.12995]]],"type":"Polygon"},"properties":{"bbox":{"roads":{"area":949.63,"pct":2.34}},"city_same":1,"id":"hex:2362:17444"},"type":"Feature"},{"geometry":{"coordinates":[[[-117.61818,34.1319],[-117.61887,34.13287],[-117.62022,34.13286],[-117.6209,34.13188],[-117.62021,34.13091],[-117.61885,34.13092],[-117.61818,34.1319]]],"type":"Polygon"},"properties":{"bbox":{"roads":{"area":4168.11,"pct":10.27}},"city":{"roads":{"area":2390.51,"pct":5.89}},"id":"hex:2362:17445"},"type":"Feature"},{"geometry":{"coordinates":[[[-117.6182,34.13385],[-117.61888,34.13482],[-117.62024,34.13482],[-117.62091,34.13384],[-117.62022,34.13286],[-117.61887,34.13287],[-117.6182,34.13385]]],"type":"Polygon"},"properties":{"bbox":{"roads":{"area":5194.29,"pct":12.8}},"city":{"roads":{"area":2551.67,"pct":6.29}},"id":"hex:2362:17446"},"type":"Feature"},{"geometry":{"coordinates":[[[-117.61821,34.1358],[-117.6189,34.13678],[-117.62025,34.13677],[-117.62092,34.13579],[-117.62024,34.13482],[-117.61888,34.13482],[-117.61821,34.1358]]],"type":"Polygon"},"properties":{"bbox":{"roads":{"area":6870.12,"pct":16.92}},"city":{"roads":{"area":3194.85,"pct":7.87}},"id":"hex:2362:17447"},"type":"Feature"},{"geometry":{"coordinates":[[[-117.61823,34.13776],[-117.61891,34.13873],[-117.62027,34.13872],[-117.62094,34.13774],[-117.62025,34.13677],[-117.6189,34.13678],[-117.61823,34.13776]]],"type":"Polygon"},"properties":{"bbox":{"roads":{"area":2595.83,"pct":6.39}},"city_same":1,"id":"hex:2362:17448"},"type":"Feature"},{"geometry":{"coordinates":[[[-117.61824,34.13971],[-117.61893,34.14068],[-117.62028,34.14067],[-117.62095,34.13969],[-117.62027,34.13872],[-117.61891,34.13873],[-117.61824,34.13971]]],"type":"Polygon"},"properties":{"bbox":{"roads":{"area":2701.04,"pct":6.65}},"city_same":1,"id":"hex:2362:17449"},"type":"Feature"},{"geometry":{"coordinates":[[[-117.61826,34.14166],[-117.61894,34.14263],[-117.6203,34.14263],[-117.62097,34.14165],[-117.62028,34.14067],[-117.61893,34.14068],[-117.61826,34.14166]]],"type":"Polygon"},"properties":{"bbox":{"roads":{"area":2094.62,"pct":5.16}},"city_same":1,"id":"hex:2362:17450"},"type":"Feature"},{"geometry":{"coordinates":[[[-117.61827,34.14361],[-117.61895,34.14459],[-117.62031,34.14458],[-117.62098,34.1436],[-117.6203,34.14263],[-117.61894,34.14263],[-117.61827,34.14361]]],"type":"Polygon"},"properties":{"bbox":{"roads":{"area":2982.62,"pct":7.35}},"city_same":1,"id":"hex:2362:17451"},"type":"Feature"},{"geometry":{"coordinates":[[[-117.61828,34.14557],[-117.61897,34.14654],[-117.62032,34.14653],[-117.621,34.14555],[-117.62031,34.14458],[-117.61895,34.14459],[-117.61828,34.14557]]],"type":"Polygon"},"properties":{"bbox":{"roads":{"area":2236.29,"pct":5.51}},"city_same":1,"id":"hex:2362:17452"},"type":"Feature"},{"geometry":{"coordinates":[[[-117.6183,34.14752],[-117.61898,34.14849],[-117.62034,34.14848],[-117.62101,34.1475],[-117.62032,34.14653],[-117.61897,34.14654],[-117.6183,34.14752]]],"type":"Polygon"},"properties":{"bbox":{"roads":{"area":2132.63,"pct":5.25}},"city_same":1,"id":"hex:2362:17453"},"type":"Feature"},{"geometry":{"coordinates":[[[-117.61831,34.14947],[-117.619,34.15044],[-117.62035,34.15044],[-117.62102,34.14946],[-117.62034,34.14848],[-117.61898,34.14849],[-117.61831,34.14947]]],"type":"Polygon"},"properties":{"bbox":{"roads":{"area":1990.02,"pct":4.9}},"city_same":1,"id":"hex:2362:17454"},"type":"Feature"},{"geometry":{"coordinates":[[[-117.61833,34.15142],[-117.61901,34.1524],[-117.62037,34.15239],[-117.62104,34.15141],[-117.62035,34.15044],[-117.619,34.15044],[-117.61833,34.15142]]],"type":"Polygon"},"properties":{"bbox":{"roads":{"area":2158.34,"pct":5.32}},"city_same":1,"id":"hex:2362:17455"},"type":"Feature"},{"geometry":{"coordinates":[[[-117.61834,34.15338],[-117.61903,34.15435],[-117.62038,34.15434],[-117.62105,34.15336],[-117.62037,34.15239],[-117.61901,34.1524],[-117.61834,34.15338]]],"type":"Polygon"},"properties":{"bbox":{"roads":{"area":2003.15,"pct":4.93}},"city_same":1,"id":"hex:2362:17456"},"type":"Feature"},{"geometry":{"coordinates":[[[-117.61835,34.15533],[-117.61904,34.1563],[-117.6204,34.15629],[-117.62107,34.15531],[-117.62038,34.15434],[-117.61903,34.15435],[-117.61835,34.15533]]],"type":"Polygon"},"properties":{"bbox":{"roads":{"area":2735.48,"pct":6.74}},"city_same":1,"id":"hex:2362:17457"},"type":"Feature"},{"geometry":{"coordinates":[[[-117.61837,34.15728],[-117.61905,34.15825],[-117.62041,34.15825],[-117.62108,34.15727],[-117.6204,34.15629],[-117.61904,34.1563],[-117.61837,34.15728]]],"type":"Polygon"},"properties":{"bbox":{"roads":{"area":1530.88,"pct":3.77}},"city_same":1,"id":"hex:2362:17458"},"type":"Feature"},{"geometry":{"coordinates":[[[-117.61838,34.15923],[-117.61907,34.16021],[-117.62042,34.1602],[-117.6211,34.15922],[-117.62041,34.15825],[-117.61905,34.15825],[-117.61838,34.15923]]],"type":"Polygon"},"properties":{"bbox":{"roads":{"area":2313.91,"pct":5.7}},"city_same":1,"id":"hex:2362:17459"},"type":"Feature"},{"geometry":{"coordinates":[[[-117.6184,34.16119],[-117.61908,34.16216],[-117.62044,34.16215],[-117.62111,34.16117],[-117.62042,34.1602],[-117.61907,34.16021],[-117.6184,34.16119]]],"type":"Polygon"},"properties":{"bbox":{"roads":{"area":1984.15,"pct":4.89}},"city_same":1,"id":"hex:2362:17460"},"type":"Feature"},{"geometry":{"coordinates":[[[-117.61841,34.16314],[-117.6191,34.16411],[-117.62045,34.1641],[-117.62112,34.16312],[-117.62044,34.16215],[-117.61908,34.16216],[-117.61841,34.16314]]],"type":"Polygon"},"properties":{"bbox":{"roads":{"area":1469.41,"pct":3.62}},"city_same":1,"id":"hex:2362:17461"},"type":"Feature"},{"geometry":{"coordinates":[[[-117.6191,34.16411],[-117.62045,34.1641],[-117.62092,34.16477],[-117.61861,34.16483],[-117.6191,34.16411]]],"type":"Polygon"},"properties":{"bbox":{"roads":{"area":609.55,"pct":4.71}},"city_same":1,"id":"hex:2362:17462"},"type":"Feature"},{"geometry":{"coordinates":[[[-117.6179,34.09285],[-117.61655,34.09285],[-117.61599,34.09207],[-117.61844,34.09206],[-117.6179,34.09285]]],"type":"Polygon"},"properties":{"bbox":{"roads":{"area":1713.32,"pct":11.18}},"city_same":1,"id":"hex:2363:17424"},"type":"Feature"},{"geometry":{"coordinates":[[[-117.61587,34.09383],[-117.61656,34.09481],[-117.61791,34.0948],[-117.61858,34.09382],[-117.6179,34.09285],[-117.61655,34.09285],[-117.61587,34.09383]]],"type":"Polygon"},"properties":{"bbox":{"roads":{"area":2840.35,"pct":7}},"city_same":1,"id":"hex:2363:17425"},"type":"Feature"},{"geometry":{"coordinates":[[[-117.61589,34.09579],[-117.61657,34.09676],[-117.61793,34.09675],[-117.6186,34.09577],[-117.61791,34.0948],[-117.61656,34.09481],[-117.61589,34.09579]]],"type":"Polygon"},"properties":{"bbox":{"roads":{"area":4576.83,"pct":11.27},"sidewalks":{"area":0.83,"pct":0}},"city_same":1,"id":"hex:2363:17426"},"type":"Feature"},{"geometry":{"coordinates":[[[-117.6159,34.09774],[-117.61659,34.09871],[-117.61794,34.09871],[-117.61861,34.09773],[-117.61793,34.09675],[-117.61657,34.09676],[-117.6159,34.09774]]],"type":"Polygon"},"properties":{"bbox":{"parking":{"area":554.22,"pct":1.37},"roads":{"area":4488.61,"pct":11.06},"sidewalks":{"area":137.89,"pct":0.34}},"city_same":1,"id":"hex:2363:17427"},"type":"Feature"},{"geometry":{"coordinates":[[[-117.61592,34.09969],[-117.6166,34.10067],[-117.61796,34.10066],[-117.61863,34.09968],[-117.61794,34.09871],[-117.61659,34.09871],[-117.61592,34.09969]]],"type":"Polygon"},"properties":{"bbox":{"parking":{"area":189.27,"pct":0.47},"roads":{"area":6688.49,"pct":16.48},"sidewalks":{"area":601.76,"pct":1.48}},"city":{"parking":{"area":189.27,"pct":0.47},"roads":{"area":3072.91,"pct":7.57},"sidewalks":{"area":601.76,"pct":1.48}},"id":"hex:2363:17428"},"type":"Feature"},{"geometry":{"coordinates":[[[-117.61593,34.10164],[-117.61662,34.10262],[-117.61797,34.10261],[-117.61864,34.10163],[-117.61796,34.10066],[-117.6166,34.10067],[-117.61593,34.10164]]],"type":"Polygon"},"properties":{"bbox":{"roads":{"area":3284.86,"pct":8.09}},"city_same":1,"id":"hex:2363:17429"},"type":"Feature"},{"geometry":{"coordinates":[[[-117.61595,34.1036],[-117.61663,34.10457],[-117.61799,34.10456],[-117.61866,34.10358],[-117.61797,34.10261],[-117.61662,34.10262],[-117.61595,34.1036]]],"type":"Polygon"},"properties":{"bbox":{"parking":{"area":681.01,"pct":1.68},"roads":{"area":4370.96,"pct":10.77}},"city_same":1,"id":"hex:2363:17430"},"type":"Feature"},{"geometry":{"coordinates":[[[-117.61596,34.10555],[-117.61664,34.10652],[-117.618,34.10652],[-117.61867,34.10554],[-117.61799,34.10456],[-117.61663,34.10457],[-117.61596,34.10555]]],"type":"Polygon"},"properties":{"bbox":{"parking":{"area":1128.69,"pct":2.78},"roads":{"area":8831.32,"pct":21.75},"sidewalks":{"area":290.45,"pct":0.72}},"city":{"parking":{"area":1128.69,"pct":2.78},"roads":{"area":3404.28,"pct":8.39},"sidewalks":{"area":290.45,"pct":0.72}},"id":"hex:2363:17431"},"type":"Feature"},{"geometry":{"coordinates":[[[-117.61597,34.1075],[-117.61666,34.10848],[-117.61801,34.10847],[-117.61868,34.10749],[-117.618,34.10652],[-117.61664,34.10652],[-117.61597,34.1075]]],"type":"Polygon"},"properties":{"bbox":{"roads":{"area":2236.6,"pct":5.51}},"city_same":1,"id":"hex:2363:17432"},"type":"Feature"},{"geometry":{"coordinates":[[[-117.61599,34.10945],[-117.61667,34.11043],[-117.61803,34.11042],[-117.6187,34.10944],[-117.61801,34.10847],[-117.61666,34.10848],[-117.61599,34.10945]]],"type":"Polygon"},"properties":{"bbox":{"roads":{"area":3358.77,"pct":8.27}},"city_same":1,"id":"hex:2363:17433"},"type":"Feature"},{"geometry":{"coordinates":[[[-117.616,34.11141],[-117.61669,34.11238],[-117.61804,34.11237],[-117.61871,34.11139],[-117.61803,34.11042],[-117.61667,34.11043],[-117.616,34.11141]]],"type":"Polygon"},"properties":{"bbox":{"roads":{"area":2297.17,"pct":5.66}},"city_same":1,"id":"hex:2363:17434"},"type":"Feature"},{"geometry":{"coordinates":[[[-117.61602,34.11336],[-117.6167,34.11433],[-117.61806,34.11433],[-117.61873,34.11335],[-117.61804,34.11237],[-117.61669,34.11238],[-117.61602,34.11336]]],"type":"Polygon"},"properties":{"bbox":{"roads":{"area":1566.33,"pct":3.86}},"city_same":1,"id":"hex:2363:17435"},"type":"Feature"},{"geometry":{"coordinates":[[[-117.61603,34.11531],[-117.61672,34.11629],[-117.61807,34.11628],[-117.61874,34.1153],[-117.61806,34.11433],[-117.6167,34.11433],[-117.61603,34.11531]]],"type":"Polygon"},"properties":{"bbox":{"parking":{"area":860.2,"pct":2.12},"roads":{"area":1485.44,"pct":3.66}},"city_same":1,"id":"hex:2363:17436"},"type":"Feature"},{"geometry":{"coordinates":[[[-117.61604,34.11726],[-117.61673,34.11824],[-117.61808,34.11823],[-117.61876,34.11725],[-117.61807,34.11628],[-117.61672,34.11629],[-117.61604,34.11726]]],"type":"Polygon"},"properties":{"bbox":{"parking":{"area":86.49,"pct":0.21},"roads":{"area":1166.82,"pct":2.87}},"city_same":1,"id":"hex:2363:17437"},"type":"Feature"},{"geometry":{"coordinates":[[[-117.61606,34.11922],[-117.61674,34.12019],[-117.6181,34.12018],[-117.61877,34.1192],[-117.61808,34.11823],[-117.61673,34.11824],[-117.61606,34.11922]]],"type":"Polygon"},"properties":{"bbox":{"roads":{"area":2743.53,"pct":6.76},"sidewalks":{"area":64.24,"pct":0.16}},"city":{"roads":{"area":2739.56,"pct":6.75},"sidewalks":{"area":64.24,"pct":0.16}},"id":"hex:2363:17438"},"type":"Feature"},{"geometry":{"coordinates":[[[-117.61607,34.12117],[-117.61676,34.12214],[-117.61811,34.12214],[-117.61878,34.12116],[-117.6181,34.12018],[-117.61674,34.12019],[-117.61607,34.12117]]],"type":"Polygon"},"properties":{"bbox":{"roads":{"area":8176.05,"pct":20.14},"sidewalks":{"area":633.35,"pct":1.56}},"city":{"roads":{"area":8049.28,"pct":19.83},"sidewalks":{"area":633.35,"pct":1.56}},"id":"hex:2363:17439"},"type":"Feature"},{"geometry":{"coordinates":[[[-117.61609,34.12312],[-117.61677,34.1241],[-117.61813,34.12409],[-117.6188,34.12311],[-117.61811,34.12214],[-117.61676,34.12214],[-117.61609,34.12312]]],"type":"Polygon"},"properties":{"bbox":{"roads":{"area":4042.65,"pct":9.96}},"city":{"roads":{"area":3974.96,"pct":9.79}},"id":"hex:2363:17440"},"type":"Feature"},{"geometry":{"coordinates":[[[-117.6161,34.12507],[-117.61679,34.12605],[-117.61814,34.12604],[-117.61881,34.12506],[-117.61813,34.12409],[-117.61677,34.1241],[-117.6161,34.12507]]],"type":"Polygon"},"properties":{"bbox":{"roads":{"area":3573.98,"pct":8.8}},"city":{"roads":{"area":3492.39,"pct":8.6}},"id":"hex:2363:17441"},"type":"Feature"},{"geometry":{"coordinates":[[[-117.61612,34.12703],[-117.6168,34.128],[-117.61816,34.12799],[-117.61883,34.12701],[-117.61814,34.12604],[-117.61679,34.12605],[-117.61612,34.12703]]],"type":"Polygon"},"properties":{"bbox":{"roads":{"area":3282.45,"pct":8.09}},"city":{"roads":{"area":3198.61,"pct":7.88}},"id":"hex:2363:17442"},"type":"Feature"},{"geometry":{"coordinates":[[[-117.61613,34.12898],[-117.61681,34.12995],[-117.61817,34.12995],[-117.61884,34.12897],[-117.61816,34.12799],[-117.6168,34.128],[-117.61613,34.12898]]],"type":"Polygon"},"properties":{"bbox":{"roads":{"area":3584.08,"pct":8.83}},"city":{"roads":{"area":3509.52,"pct":8.65}},"id":"hex:2363:17443"},"type":"Feature"},{"geometry":{"coordinates":[[[-117.61614,34.13093],[-117.61683,34.13191],[-117.61818,34.1319],[-117.61885,34.13092],[-117.61817,34.12995],[-117.61681,34.12995],[-117.61614,34.13093]]],"type":"Polygon"},"properties":{"bbox":{"roads":{"area":3196.3,"pct":7.87}},"city":{"roads":{"area":2946.82,"pct":7.26}},"id":"hex:2363:17444"},"type":"Feature"},{"geometry":{"coordinates":[[[-117.61616,34.13288],[-117.61684,34.13386],[-117.6182,34.13385],[-117.61887,34.13287],[-117.61818,34.1319],[-117.61683,34.13191],[-117.61616,34.13288]]],"type":"Polygon"},"properties":{"bbox":{"roads":{"area":5924.28,"pct":14.59}},"city":{"roads":{"area":3106.18,"pct":7.65}},"id":"hex:2363:17445"},"type":"Feature"},{"geometry":{"coordinates":[[[-117.61617,34.13484],[-117.61686,34.13581],[-117.61821,34.1358],[-117.61888,34.13482],[-117.6182,34.13385],[-117.61684,34.13386],[-117.61617,34.13484]]],"type":"Polygon"},"properties":{"bbox":{"roads":{"area":10772.27,"pct":26.54}},"city":{"roads":{"area":593.48,"pct":1.46}},"id":"hex:2363:17446"},"type":"Feature"},{"geometry":{"coordinates":[[[-117.61619,34.13679],[-117.61687,34.13776],[-117.61823,34.13776],[-117.6189,34.13678],[-117.61821,34.1358],[-117.61686,34.13581],[-117.61619,34.13679]]],"type":"Polygon"},"properties":{"bbox":{"roads":{"area":3668.38,"pct":9.04}},"city":{"roads":{"area":3410.93,"pct":8.4}},"id":"hex:2363:17447"},"type":"Feature"},{"geometry":{"coordinates":[[[-117.6162,34.13874],[-117.61689,34.13972],[-117.61824,34.13971],[-117.61891,34.13873],[-117.61823,34.13776],[-117.61687,34.13776],[-117.6162,34.13874]]],"type":"Polygon"},"properties":{"bbox":{"roads":{"area":2982.47,"pct":7.35}},"city":{"roads":{"area":2780.51,"pct":6.85}},"id":"hex:2363:17448"},"type":"Feature"},{"geometry":{"coordinates":[[[-117.61621,34.14069],[-117.6169,34.14167],[-117.61826,34.14166],[-117.61893,34.14068],[-117.61824,34.13971],[-117.61689,34.13972],[-117.61621,34.14069]]],"type":"Polygon"},"properties":{"bbox":{"roads":{"area":3506.83,"pct":8.64}},"city":{"roads":{"area":3262.25,"pct":8.04}},"id":"hex:2363:17449"},"type":"Feature"},{"geometry":{"coordinates":[[[-117.61623,34.14265],[-117.61691,34.14362],[-117.61827,34.14361],[-117.61894,34.14263],[-117.61826,34.14166],[-117.6169,34.14167],[-117.61623,34.14265]]],"type":"Polygon"},"properties":{"bbox":{"roads":{"area":2794.12,"pct":6.88}},"city":{"roads":{"area":2543.98,"pct":6.27}},"id":"hex:2363:17450"},"type":"Feature"},{"geometry":{"coordinates":[[[-117.61624,34.1446],[-117.61693,34.14557],[-117.61828,34.14557],[-117.61895,34.14459],[-117.61827,34.14361],[-117.61691,34.14362],[-117.61624,34.1446]]],"type":"Polygon"},"properties":{"bbox":{"roads":{"area":2623,"pct":6.46}},"city":{"roads":{"area":2378.4,"pct":5.86}},"id":"hex:2363:17451"},"type":"Feature"},{"geometry":{"coordinates":[[[-117.61626,34.14655],[-117.61694,34.14753],[-117.6183,34.14752],[-117.61897,34.14654],[-117.61828,34.14557],[-117.61693,34.14557],[-117.61626,34.14655]]],"type":"Polygon"},"properties":{"bbox":{"roads":{"area":2182.07,"pct":5.38}},"city":{"roads":{"area":1906.78,"pct":4.7}},"id":"hex:2363:17452"},"type":"Feature"},{"geometry":{"coordinates":[[[-117.61627,34.1485],[-117.61696,34.14948],[-117.61831,34.14947],[-117.61898,34.14849],[-117.6183,34.14752],[-117.61694,34.14753],[-117.61627,34.1485]]],"type":"Polygon"},"properties":{"bbox":{"roads":{"area":2085.45,"pct":5.14}},"city":{"roads":{"area":1790.81,"pct":4.41}},"id":"hex:2363:17453"},"type":"Feature"},{"geometry":{"coordinates":[[[-117.61629,34.15046],[-117.61697,34.15143],[-117.61833,34.15142],[-117.619,34.15044],[-117.61831,34.14947],[-117.61696,34.14948],[-117.61629,34.15046]]],"type":"Polygon"},"properties":{"bbox":{"roads":{"area":1725.78,"pct":4.25}},"city_same":1,"id":"hex:2363:17454"},"type":"Feature"},{"geometry":{"coordinates":[[[-117.6163,34.15241],[-117.61698,34.15338],[-117.61834,34.15338],[-117.61901,34.1524],[-117.61833,34.15142],[-117.61697,34.15143],[-117.6163,34.15241]]],"type":"Polygon"},"properties":{"bbox":{"roads":{"area":2109.35,"pct":5.2}},"city_same":1,"id":"hex:2363:17455"},"type":"Feature"},{"geometry":{"coordinates":[[[-117.61631,34.15436],[-117.617,34.15534],[-117.61835,34.15533],[-117.61903,34.15435],[-117.61834,34.15338],[-117.61698,34.15338],[-117.61631,34.15436]]],"type":"Polygon"},"properties":{"bbox":{"roads":{"area":3024.06,"pct":7.45}},"city_same":1,"id":"hex:2363:17456"},"type":"Feature"},{"geometry":{"coordinates":[[[-117.61633,34.15631],[-117.61701,34.15729],[-117.61837,34.15728],[-117.61904,34.1563],[-117.61835,34.15533],[-117.617,34.15534],[-117.61633,34.15631]]],"type":"Polygon"},"properties":{"bbox":{"roads":{"area":1902.93,"pct":4.69}},"city_same":1,"id":"hex:2363:17457"},"type":"Feature"},{"geometry":{"coordinates":[[[-117.61634,34.15827],[-117.61703,34.15924],[-117.61838,34.15923],[-117.61905,34.15825],[-117.61837,34.15728],[-117.61701,34.15729],[-117.61634,34.15827]]],"type":"Polygon"},"properties":{"bbox":{"roads":{"area":1516.61,"pct":3.74}},"city_same":1,"id":"hex:2363:17458"},"type":"Feature"},{"geometry":{"coordinates":[[[-117.61636,34.16022],[-117.61704,34.16119],[-117.6184,34.16119],[-117.61907,34.16021],[-117.61838,34.15923],[-117.61703,34.15924],[-117.61636,34.16022]]],"type":"Polygon"},"properties":{"bbox":{"roads":{"area":1458.08,"pct":3.59}},"city_same":1,"id":"hex:2363:17459"},"type":"Feature"},{"geometry":{"coordinates":[[[-117.61637,34.16217],[-117.61706,34.16314],[-117.61841,34.16314],[-117.61908,34.16216],[-117.6184,34.16119],[-117.61704,34.16119],[-117.61637,34.16217]]],"type":"Polygon"},"properties":{"bbox":{"roads":{"area":514.56,"pct":1.27}},"city_same":1,"id":"hex:2363:17460"},"type":"Feature"},{"geometry":{"coordinates":[[[-117.61638,34.16412],[-117.61706,34.16314],[-117.61841,34.16314],[-117.6191,34.16411],[-117.61861,34.16483],[-117.61691,34.16487],[-117.61638,34.16412]]],"type":"Polygon"},"properties":{"bbox":{"roads":{"area":43.73,"pct":0.12}},"city_same":1,"id":"hex:2363:17461"},"type":"Feature"},{"geometry":{"coordinates":[[[-117.61655,34.09285],[-117.61587,34.09383],[-117.61452,34.09384],[-117.61384,34.09287],[-117.61438,34.09207],[-117.61599,34.09207],[-117.61655,34.09285]]],"type":"Polygon"},"properties":{"bbox":{"roads":{"area":1321.06,"pct":3.49}},"city_same":1,"id":"hex:2364:17425"},"type":"Feature"},{"geometry":{"coordinates":[[[-117.61385,34.09482],[-117.61453,34.09579],[-117.61589,34.09579],[-117.61656,34.09481],[-117.61587,34.09383],[-117.61452,34.09384],[-117.61385,34.09482]]],"type":"Polygon"},"properties":{"bbox":{"roads":{"area":2988.82,"pct":7.36}},"city_same":1,"id":"hex:2364:17426"},"type":"Feature"},{"geometry":{"coordinates":[[[-117.61386,34.09677],[-117.61455,34.09775],[-117.6159,34.09774],[-117.61657,34.09676],[-117.61589,34.09579],[-117.61453,34.09579],[-117.61386,34.09677]]],"type":"Polygon"},"properties":{"bbox":{"roads":{"area":4510.21,"pct":11.11}},"city_same":1,"id":"hex:2364:17427"},"type":"Feature"},{"geometry":{"coordinates":[[[-117.61388,34.09873],[-117.61456,34.0997],[-117.61592,34.09969],[-117.61659,34.09871],[-117.6159,34.09774],[-117.61455,34.09775],[-117.61388,34.09873]]],"type":"Polygon"},"properties":{"bbox":{"roads":{"area":4524,"pct":11.14},"sidewalks":{"area":499.8,"pct":1.23}},"city":{"roads":{"area":1607.69,"pct":3.96},"sidewalks":{"area":499.8,"pct":1.23}},"id":"hex:2364:17428"},"type":"Feature"},{"geometry":{"coordinates":[[[-117.61389,34.10068],[-117.61458,34.10165],[-117.61593,34.10164],[-117.6166,34.10067],[-117.61592,34.09969],[-117.61456,34.0997],[-117.61389,34.10068]]],"type":"Polygon"},"properties":{"bbox":{"roads":{"area":4965.8,"pct":12.23}},"city_same":1,"id":"hex:2364:17429"},"type":"Feature"},{"geometry":{"coordinates":[[[-117.61391,34.10263],[-117.61459,34.1036],[-117.61595,34.1036],[-117.61662,34.10262],[-117.61593,34.10164],[-117.61458,34.10165],[-117.61391,34.10263]]],"type":"Polygon"},"properties":{"bbox":{"parking":{"area":260.86,"pct":0.64},"roads":{"area":3091.87,"pct":7.62}},"city_same":1,"id":"hex:2364:17430"},"type":"Feature"},{"geometry":{"coordinates":[[[-117.61392,34.10458],[-117.6146,34.10556],[-117.61596,34.10555],[-117.61663,34.10457],[-117.61595,34.1036],[-117.61459,34.1036],[-117.61392,34.10458]]],"type":"Polygon"},"properties":{"bbox":{"parking":{"area":257.74,"pct":0.63},"roads":{"area":3427.11,"pct":8.44}},"city_same":1,"id":"hex:2364:17431"},"type":"Feature"},{"geometry":{"coordinates":[[[-117.61393,34.10654],[-117.61462,34.10751],[-117.61597,34.1075],[-117.61664,34.10652],[-117.61596,34.10555],[-117.6146,34.10556],[-117.61393,34.10654]]],"type":"Polygon"},"properties":{"bbox":{"parking":{"area":262.04,"pct":0.65},"roads":{"area":9185.98,"pct":22.63},"sidewalks":{"area":458,"pct":1.13}},"city":{"parking":{"area":262.04,"pct":0.65},"roads":{"area":2958.26,"pct":7.29},"sidewalks":{"area":458,"pct":1.13}},"id":"hex:2364:17432"},"type":"Feature"},{"geometry":{"coordinates":[[[-117.61395,34.10849],[-117.61463,34.10946],[-117.61599,34.10945],[-117.61666,34.10848],[-117.61597,34.1075],[-117.61462,34.10751],[-117.61395,34.10849]]],"type":"Polygon"},"properties":{"bbox":{"roads":{"area":1883.49,"pct":4.64}},"city_same":1,"id":"hex:2364:17433"},"type":"Feature"},{"geometry":{"coordinates":[[[-117.61396,34.11044],[-117.61465,34.11141],[-117.616,34.11141],[-117.61667,34.11043],[-117.61599,34.10945],[-117.61463,34.10946],[-117.61396,34.11044]]],"type":"Polygon"},"properties":{"bbox":{"roads":{"area":3233.97,"pct":7.97}},"city_same":1,"id":"hex:2364:17434"},"type":"Feature"},{"geometry":{"coordinates":[[[-117.61398,34.11239],[-117.61466,34.11337],[-117.61602,34.11336],[-117.61669,34.11238],[-117.616,34.11141],[-117.61465,34.11141],[-117.61398,34.11239]]],"type":"Polygon"},"properties":{"bbox":{"roads":{"area":2424.09,"pct":5.97},"sidewalks":{"area":10.9,"pct":0.03}},"city":{"roads":{"area":2031.26,"pct":5},"sidewalks":{"area":10.9,"pct":0.03}},"id":"hex:2364:17435"},"type":"Feature"},{"geometry":{"coordinates":[[[-117.61399,34.11435],[-117.61468,34.11532],[-117.61603,34.11531],[-117.6167,34.11433],[-117.61602,34.11336],[-117.61466,34.11337],[-117.61399,34.11435]]],"type":"Polygon"},"properties":{"bbox":{"roads":{"area":2591.79,"pct":6.38},"sidewalks":{"area":161.11,"pct":0.4}},"city":{"roads":{"area":615.07,"pct":1.52},"sidewalks":{"area":161.11,"pct":0.4}},"id":"hex:2364:17436"},"type":"Feature"},{"geometry":{"coordinates":[[[-117.614,34.1163],[-117.61469,34.11727],[-117.61604,34.11726],[-117.61672,34.11629],[-117.61603,34.11531],[-117.61468,34.11532],[-117.614,34.1163]]],"type":"Polygon"},"properties":{"bbox":{"roads":{"area":5535.41,"pct":13.64},"sidewalks":{"area":130.73,"pct":0.32}},"city":{"roads":{"area":2878.32,"pct":7.09},"sidewalks":{"area":130.73,"pct":0.32}},"id":"hex:2364:17437"},"type":"Feature"},{"geometry":{"coordinates":[[[-117.61402,34.11825],[-117.6147,34.11922],[-117.61606,34.11922],[-117.61673,34.11824],[-117.61604,34.11726],[-117.61469,34.11727],[-117.61402,34.11825]]],"type":"Polygon"},"properties":{"bbox":{"roads":{"area":4269.39,"pct":10.52},"sidewalks":{"area":366.46,"pct":0.9}},"city":{"roads":{"area":2173.49,"pct":5.35},"sidewalks":{"area":366.46,"pct":0.9}},"id":"hex:2364:17438"},"type":"Feature"},{"geometry":{"coordinates":[[[-117.61403,34.1202],[-117.61472,34.12118],[-117.61607,34.12117],[-117.61674,34.12019],[-117.61606,34.11922],[-117.6147,34.11922],[-117.61403,34.1202]]],"type":"Polygon"},"properties":{"bbox":{"roads":{"area":6320.34,"pct":15.57},"sidewalks":{"area":566.18,"pct":1.39}},"city":{"roads":{"area":4677.95,"pct":11.52},"sidewalks":{"area":566.18,"pct":1.39}},"id":"hex:2364:17439"},"type":"Feature"},{"geometry":{"coordinates":[[[-117.61405,34.12216],[-117.61473,34.12313],[-117.61609,34.12312],[-117.61676,34.12214],[-117.61607,34.12117],[-117.61472,34.12118],[-117.61405,34.12216]]],"type":"Polygon"},"properties":{"bbox":{"roads":{"area":11354.8,"pct":27.97},"sidewalks":{"area":486.67,"pct":1.2}},"city":{"roads":{"area":8597.56,"pct":21.18},"sidewalks":{"area":486.67,"pct":1.2}},"id":"hex:2364:17440"},"type":"Feature"},{"geometry":{"coordinates":[[[-117.61406,34.12411],[-117.61475,34.12508],[-117.6161,34.12507],[-117.61677,34.1241],[-117.61609,34.12312],[-117.61473,34.12313],[-117.61406,34.12411]]],"type":"Polygon"},"properties":{"bbox":{"parking":{"area":716.21,"pct":1.76},"roads":{"area":4174.94,"pct":10.28}},"city":{"parking":{"area":716.21,"pct":1.76},"roads":{"area":2292.62,"pct":5.65}},"id":"hex:2364:17441"},"type":"Feature"},{"geometry":{"coordinates":[[[-117.61408,34.12606],[-117.61476,34.12703],[-117.61612,34.12703],[-117.61679,34.12605],[-117.6161,34.12507],[-117.61475,34.12508],[-117.61408,34.12606]]],"type":"Polygon"},"properties":{"bbox":{"parking":{"area":1377.33,"pct":3.39},"roads":{"area":5834.71,"pct":14.37}},"city":{"parking":{"area":1377.33,"pct":3.39},"roads":{"area":2994.9,"pct":7.38}},"id":"hex:2364:17442"},"type":"Feature"},{"geometry":{"coordinates":[[[-117.61409,34.12801],[-117.61477,34.12899],[-117.61613,34.12898],[-117.6168,34.128],[-117.61612,34.12703],[-117.61476,34.12703],[-117.61409,34.12801]]],"type":"Polygon"},"properties":{"bbox":{"roads":{"area":5308.61,"pct":13.08}},"city":{"roads":{"area":3141.1,"pct":7.74}},"id":"hex:2364:17443"},"type":"Feature"},{"geometry":{"coordinates":[[[-117.6141,34.12997],[-117.61479,34.13094],[-117.61614,34.13093],[-117.61681,34.12995],[-117.61613,34.12898],[-117.61477,34.12899],[-117.6141,34.12997]]],"type":"Polygon"},"properties":{"bbox":{"roads":{"area":4154.38,"pct":10.23}},"city":{"roads":{"area":2190.55,"pct":5.4}},"id":"hex:2364:17444"},"type":"Feature"},{"geometry":{"coordinates":[[[-117.61412,34.13192],[-117.6148,34.13289],[-117.61616,34.13288],[-117.61683,34.13191],[-117.61614,34.13093],[-117.61479,34.13094],[-117.61412,34.13192]]],"type":"Polygon"},"properties":{"bbox":{"roads":{"area":8052.85,"pct":19.84}},"city":{"roads":{"area":4245.45,"pct":10.46}},"id":"hex:2364:17445"},"type":"Feature"},{"geometry":{"coordinates":[[[-117.61413,34.13387],[-117.61482,34.13484],[-117.61617,34.13484],[-117.61684,34.13386],[-117.61616,34.13288],[-117.6148,34.13289],[-117.61413,34.13387]]],"type":"Polygon"},"properties":{"bbox":{"roads":{"area":9094.4,"pct":22.4}},"city":{"roads":{"area":4406.1,"pct":10.85}},"id":"hex:2364:17446"},"type":"Feature"},{"geometry":{"coordinates":[[[-117.61415,34.13582],[-117.61483,34.1368],[-117.61619,34.13679],[-117.61686,34.13581],[-117.61617,34.13484],[-117.61482,34.13484],[-117.61415,34.13582]]],"type":"Polygon"},"properties":{"bbox":{"parking":{"area":3085.74,"pct":7.6},"roads":{"area":8509.21,"pct":20.96}},"city":{"parking":{"area":3085.74,"pct":7.6},"roads":{"area":1341.42,"pct":3.3}},"id":"hex:2364:17447"},"type":"Feature"},{"geometry":{"coordinates":[[[-117.61416,34.13778],[-117.61484,34.13875],[-117.6162,34.13874],[-117.61687,34.13776],[-117.61619,34.13679],[-117.61483,34.1368],[-117.61416,34.13778]]],"type":"Polygon"},"properties":{"bbox":{"roads":{"area":3629.65,"pct":8.94}},"city":{"roads":{"area":1939.67,"pct":4.78}},"id":"hex:2364:17448"},"type":"Feature"},{"geometry":{"coordinates":[[[-117.61417,34.13973],[-117.61486,34.1407],[-117.61621,34.14069],[-117.61689,34.13972],[-117.6162,34.13874],[-117.61484,34.13875],[-117.61417,34.13973]]],"type":"Polygon"},"properties":{"bbox":{"roads":{"area":5199.11,"pct":12.81}},"city":{"roads":{"area":3107.77,"pct":7.66}},"id":"hex:2364:17449"},"type":"Feature"},{"geometry":{"coordinates":[[[-117.61419,34.14168],[-117.61487,34.14265],[-117.61623,34.14265],[-117.6169,34.14167],[-117.61621,34.14069],[-117.61486,34.1407],[-117.61419,34.14168]]],"type":"Polygon"},"properties":{"bbox":{"roads":{"area":3021.32,"pct":7.44}},"city":{"roads":{"area":1536.62,"pct":3.79}},"id":"hex:2364:17450"},"type":"Feature"},{"geometry":{"coordinates":[[[-117.6142,34.14363],[-117.61489,34.14461],[-117.61624,34.1446],[-117.61691,34.14362],[-117.61623,34.14265],[-117.61487,34.14265],[-117.6142,34.14363]]],"type":"Polygon"},"properties":{"bbox":{"roads":{"area":5010.33,"pct":12.34}},"city":{"roads":{"area":3142.65,"pct":7.74}},"id":"hex:2364:17451"},"type":"Feature"},{"geometry":{"coordinates":[[[-117.61422,34.14559],[-117.6149,34.14656],[-117.61626,34.14655],[-117.61693,34.14557],[-117.61624,34.1446],[-117.61489,34.14461],[-117.61422,34.14559]]],"type":"Polygon"},"properties":{"bbox":{"roads":{"area":2663.06,"pct":6.56}},"city":{"roads":{"area":1190.79,"pct":2.93}},"id":"hex:2364:17452"},"type":"Feature"},{"geometry":{"coordinates":[[[-117.61423,34.14754],[-117.61492,34.14851],[-117.61627,34.1485],[-117.61694,34.14753],[-117.61626,34.14655],[-117.6149,34.14656],[-117.61423,34.14754]]],"type":"Polygon"},"properties":{"bbox":{"roads":{"area":3043.36,"pct":7.5}},"city":{"roads":{"area":1621.25,"pct":3.99}},"id":"hex:2364:17453"},"type":"Feature"},{"geometry":{"coordinates":[[[-117.61424,34.14949],[-117.61493,34.15046],[-117.61629,34.15046],[-117.61696,34.14948],[-117.61627,34.1485],[-117.61492,34.14851],[-117.61424,34.14949]]],"type":"Polygon"},"properties":{"bbox":{"roads":{"area":3889.35,"pct":9.58}},"city":{"roads":{"area":1163.36,"pct":2.87}},"id":"hex:2364:17454"},"type":"Feature"},{"geometry":{"coordinates":[[[-117.61426,34.15144],[-117.61494,34.15242],[-117.6163,34.15241],[-117.61697,34.15143],[-117.61629,34.15046],[-117.61493,34.15046],[-117.61426,34.15144]]],"type":"Polygon"},"properties":{"bbox":{"roads":{"area":2677.43,"pct":6.6}},"city_same":1,"id":"hex:2364:17455"},"type":"Feature"},{"geometry":{"coordinates":[[[-117.61427,34.1534],[-117.61496,34.15437],[-117.61631,34.15436],[-117.61698,34.15338],[-117.6163,34.15241],[-117.61494,34.15242],[-117.61427,34.1534]]],"type":"Polygon"},"properties":{"bbox":{"roads":{"area":2432.92,"pct":5.99}},"city_same":1,"id":"hex:2364:17456"},"type":"Feature"},{"geometry":{"coordinates":[[[-117.61429,34.15535],[-117.61497,34.15632],[-117.61633,34.15631],[-117.617,34.15534],[-117.61631,34.15436],[-117.61496,34.15437],[-117.61429,34.15535]]],"type":"Polygon"},"properties":{"bbox":{"roads":{"area":3517.14,"pct":8.66}},"city_same":1,"id":"hex:2364:17457"},"type":"Feature"},{"geometry":{"coordinates":[[[-117.61497,34.15632],[-117.61633,34.15631],[-117.61701,34.15729],[-117.61634,34.15827],[-117.61499,34.15827],[-117.6143,34.1573],[-117.6143,34.1573],[-117.61459,34.1573],[-117.61454,34.1571],[-117.61461,34.15706],[-117.61462,34.15696],[-117.61461,34.15685],[-117.61497,34.15632]]],"type":"Polygon"},"properties":{"bbox":{"roads":{"area":2415.19,"pct":6.04},"sidewalks":{"area":294.26,"pct":0.74}},"city_same":1,"id":"hex:2364:17458"},"type":"Feature"},{"geometry":{"coordinates":[[[-117.61432,34.15925],[-117.615,34.16023],[-117.61636,34.16022],[-117.61703,34.15924],[-117.61634,34.15827],[-117.61499,34.15827],[-117.61432,34.15925]]],"type":"Polygon"},"properties":{"bbox":{"roads":{"area":2273.89,"pct":5.6}},"city_same":1,"id":"hex:2364:17459"},"type":"Feature"},{"geometry":{"coordinates":[[[-117.61433,34.16121],[-117.61501,34.16218],[-117.61637,34.16217],[-117.61704,34.16119],[-117.61636,34.16022],[-117.615,34.16023],[-117.61433,34.16121]]],"type":"Polygon"},"properties":{"bbox":{"parking":{"area":879.58,"pct":2.17},"roads":{"area":4121.24,"pct":10.15}},"city_same":1,"id":"hex:2364:17460"},"type":"Feature"},{"geometry":{"coordinates":[[[-117.61434,34.16316],[-117.61503,34.16413],[-117.61638,34.16412],[-117.61706,34.16314],[-117.61637,34.16217],[-117.61501,34.16218],[-117.61434,34.16316]]],"type":"Polygon"},"properties":{"bbox":{"roads":{"area":2189.12,"pct":5.39}},"city_same":1,"id":"hex:2364:17461"},"type":"Feature"},{"geometry":{"coordinates":[[[-117.61503,34.16413],[-117.61638,34.16412],[-117.61691,34.16487],[-117.61448,34.16493],[-117.61503,34.16413]]],"type":"Polygon"},"properties":{"bbox":{"roads":{"area":308.55,"pct":2.07}},"city_same":1,"id":"hex:2364:17462"},"type":"Feature"},{"geometry":{"coordinates":[[[-117.61384,34.09287],[-117.61248,34.09288],[-117.61191,34.09207],[-117.61438,34.09207],[-117.61384,34.09287]]],"type":"Polygon"},"properties":{"bbox":{"roads":{"area":1012.63,"pct":6.45}},"city_same":1,"id":"hex:2365:17424"},"type":"Feature"},{"geometry":{"coordinates":[[[-117.61182,34.09581],[-117.61251,34.09678],[-117.61386,34.09677],[-117.61453,34.09579],[-117.61385,34.09482],[-117.61249,34.09483],[-117.61182,34.09581]]],"type":"Polygon"},"properties":{"bbox":{"roads":{"area":2826.78,"pct":6.96}},"city_same":1,"id":"hex:2365:17426"},"type":"Feature"},{"geometry":{"coordinates":[[[-117.61184,34.09776],[-117.61252,34.09873],[-117.61388,34.09873],[-117.61455,34.09775],[-117.61386,34.09677],[-117.61251,34.09678],[-117.61184,34.09776]]],"type":"Polygon"},"properties":{"bbox":{"roads":{"area":2455.35,"pct":6.05}},"city_same":1,"id":"hex:2365:17427"},"type":"Feature"},{"geometry":{"coordinates":[[[-117.61185,34.09971],[-117.61254,34.10069],[-117.61389,34.10068],[-117.61456,34.0997],[-117.61388,34.09873],[-117.61252,34.09873],[-117.61185,34.09971]]],"type":"Polygon"},"properties":{"bbox":{"roads":{"area":6716.36,"pct":16.54},"sidewalks":{"area":597.98,"pct":1.47}},"city":{"roads":{"area":3028.71,"pct":7.46},"sidewalks":{"area":597.98,"pct":1.47}},"id":"hex:2365:17428"},"type":"Feature"},{"geometry":{"coordinates":[[[-117.61187,34.10166],[-117.61255,34.10264],[-117.61391,34.10263],[-117.61458,34.10165],[-117.61389,34.10068],[-117.61254,34.10069],[-117.61187,34.10166]]],"type":"Polygon"},"properties":{"bbox":{"roads":{"area":3426.82,"pct":8.44}},"city_same":1,"id":"hex:2365:17429"},"type":"Feature"},{"geometry":{"coordinates":[[[-117.61188,34.10362],[-117.61256,34.10459],[-117.61392,34.10458],[-117.61459,34.1036],[-117.61391,34.10263],[-117.61255,34.10264],[-117.61188,34.10362]]],"type":"Polygon"},"properties":{"bbox":{"roads":{"area":3196.33,"pct":7.87}},"city_same":1,"id":"hex:2365:17430"},"type":"Feature"},{"geometry":{"coordinates":[[[-117.61189,34.10557],[-117.61258,34.10654],[-117.61393,34.10654],[-117.6146,34.10556],[-117.61392,34.10458],[-117.61256,34.10459],[-117.61189,34.10557]]],"type":"Polygon"},"properties":{"bbox":{"parking":{"area":2751.82,"pct":6.78},"roads":{"area":2562.6,"pct":6.31},"sidewalks":{"area":182.45,"pct":0.45}},"city":{"parking":{"area":2751.82,"pct":6.78},"roads":{"area":2114.35,"pct":5.21},"sidewalks":{"area":182.45,"pct":0.45}},"id":"hex:2365:17431"},"type":"Feature"},{"geometry":{"coordinates":[[[-117.61191,34.10752],[-117.61259,34.1085],[-117.61395,34.10849],[-117.61462,34.10751],[-117.61393,34.10654],[-117.61258,34.10654],[-117.61191,34.10752]]],"type":"Polygon"},"properties":{"bbox":{"parking":{"area":5690.53,"pct":14.02},"roads":{"area":7283.58,"pct":17.94},"sidewalks":{"area":223.56,"pct":0.55}},"city":{"parking":{"area":5690.53,"pct":14.02},"roads":{"area":3721.68,"pct":9.17},"sidewalks":{"area":223.56,"pct":0.55}},"id":"hex:2365:17432"},"type":"Feature"},{"geometry":{"coordinates":[[[-117.61192,34.10948],[-117.61261,34.11045],[-117.61396,34.11044],[-117.61463,34.10946],[-117.61395,34.10849],[-117.61259,34.1085],[-117.61192,34.10948]]],"type":"Polygon"},"properties":{"bbox":{"parking":{"area":675.75,"pct":1.66},"roads":{"area":1778.26,"pct":4.38},"sidewalks":{"area":44.48,"pct":0.11}},"city_same":1,"id":"hex:2365:17433"},"type":"Feature"},{"geometry":{"coordinates":[[[-117.61194,34.11143],[-117.61262,34.1124],[-117.61398,34.11239],[-117.61465,34.11141],[-117.61396,34.11044],[-117.61261,34.11045],[-117.61194,34.11143]]],"type":"Polygon"},"properties":{"bbox":{"roads":{"area":5191.18,"pct":12.79},"sidewalks":{"area":513.79,"pct":1.27}},"city":{"roads":{"area":2719.1,"pct":6.7},"sidewalks":{"area":513.79,"pct":1.27}},"id":"hex:2365:17434"},"type":"Feature"},{"geometry":{"coordinates":[[[-117.61195,34.11338],[-117.61264,34.11435],[-117.61399,34.11435],[-117.61466,34.11337],[-117.61398,34.11239],[-117.61262,34.1124],[-117.61195,34.11338]]],"type":"Polygon"},"properties":{"bbox":{"roads":{"area":3827.66,"pct":9.43},"sidewalks":{"area":218.44,"pct":0.54}},"city":{"roads":{"area":3031.29,"pct":7.47},"sidewalks":{"area":218.44,"pct":0.54}},"id":"hex:2365:17435"},"type":"Feature"},{"geometry":{"coordinates":[[[-117.61264,34.11435],[-117.61399,34.11435],[-117.61468,34.11532],[-117.614,34.1163],[-117.61265,34.11631],[-117.61196,34.11533],[-117.61264,34.11435]],[[-117.61321,34.11566],[-117.61323,34.11566],[-117.61326,34.11566],[-117.61327,34.11565],[-117.61327,34.11563],[-117.61327,34.1156],[-117.61327,34.11556],[-117.61328,34.11553],[-117.61333,34.11548],[-117.61335,34.11547],[-117.61337,34.11545],[-117.61338,34.11542],[-117.61337,34.11539],[-117.61335,34.11539],[-117.61333,34.11538],[-117.61331,34.11535],[-117.61332,34.11533],[-117.61331,34.11532],[-117.6133,34.11532],[-117.61329,34.11529],[-117.6133,34.11526],[-117.61333,34.11518],[-117.61336,34.11517],[-117.61336,34.11516],[-117.61339,34.11514],[-117.61342,34.11511],[-117.61342,34.11508],[-117.61341,34.11505],[-117.61338,34.11501],[-117.61324,34.11502],[-117.61318,34.11503],[-117.61315,34.11504],[-117.61313,34.11508],[-117.6131,34.11511],[-117.61308,34.11513],[-117.61304,34.11514],[-117.613,34.11517],[-117.61297,34.11518],[-117.61295,34.11519],[-117.61293,34.11519],[-117.6129,34.11518],[-117.61286,34.11517],[-117.61284,34.11516],[-117.6128,34.11515],[-117.61274,34.11515],[-117.61269,34.11515],[-117.61265,34.11517],[-117.61262,34.1152],[-117.61259,34.11523],[-117.61258,34.11525],[-117.61259,34.11526],[-117.61261,34.11528],[-117.61271,34.1153],[-117.61282,34.11538],[-117.61285,34.11542],[-117.61285,34.11544],[-117.61283,34.11548],[-117.61282,34.11553],[-117.61283,34.11557],[-117.61284,34.1156],[-117.61289,34.11562],[-117.6129,34.11561],[-117.61291,34.1156],[-117.61292,34.1156],[-117.61293,34.11561],[-117.61302,34.11559],[-117.61302,34.11557],[-117.61307,34.11558],[-117.61308,34.1156],[-117.61313,34.11563],[-117.61316,34.11563],[-117.61318,34.11565],[-117.6132,34.11565],[-117.61321,34.11566]]],"type":"Polygon"},"properties":{"bbox":{"parking":{"area":20.02,"pct":0.05},"roads":{"area":343.37,"pct":0.91}},"city_same":1,"id":"hex:2365:17436"},"type":"Feature"},{"geometry":{"coordinates":[[[-117.61198,34.11729],[-117.61266,34.11826],[-117.61402,34.11825],[-117.61469,34.11727],[-117.614,34.1163],[-117.61265,34.11631],[-117.61198,34.11729]]],"type":"Polygon"},"properties":{"bbox":{"roads":{"area":1636.56,"pct":4.03}},"city_same":1,"id":"hex:2365:17437"},"type":"Feature"},{"geometry":{"coordinates":[[[-117.61199,34.11924],[-117.61268,34.12021],[-117.61403,34.1202],[-117.6147,34.11922],[-117.61402,34.11825],[-117.61266,34.11826],[-117.61199,34.11924]]],"type":"Polygon"},"properties":{"bbox":{"roads":{"area":833.4,"pct":2.05}},"city_same":1,"id":"hex:2365:17438"},"type":"Feature"},{"geometry":{"coordinates":[[[-117.61201,34.12119],[-117.61269,34.12216],[-117.61405,34.12216],[-117.61472,34.12118],[-117.61403,34.1202],[-117.61268,34.12021],[-117.61201,34.12119]]],"type":"Polygon"},"properties":{"bbox":{"parking":{"area":2518.66,"pct":6.2},"roads":{"area":4866.33,"pct":11.99},"sidewalks":{"area":501.02,"pct":1.23}},"city_same":1,"id":"hex:2365:17439"},"type":"Feature"},{"geometry":{"coordinates":[[[-117.61202,34.12314],[-117.61271,34.12412],[-117.61406,34.12411],[-117.61473,34.12313],[-117.61405,34.12216],[-117.61269,34.12216],[-117.61202,34.12314]]],"type":"Polygon"},"properties":{"bbox":{"parking":{"area":7229.96,"pct":17.81},"roads":{"area":4187.81,"pct":10.32}},"city_same":1,"id":"hex:2365:17440"},"type":"Feature"},{"geometry":{"coordinates":[[[-117.61203,34.1251],[-117.61272,34.12607],[-117.61408,34.12606],[-117.61475,34.12508],[-117.61406,34.12411],[-117.61271,34.12412],[-117.61203,34.1251]]],"type":"Polygon"},"properties":{"bbox":{"roads":{"area":22.73,"pct":0.06}},"city_same":1,"id":"hex:2365:17441"},"type":"Feature"},{"geometry":{"coordinates":[[[-117.61205,34.12705],[-117.61273,34.12802],[-117.61409,34.12801],[-117.61476,34.12703],[-117.61408,34.12606],[-117.61272,34.12607],[-117.61205,34.12705]]],"type":"Polygon"},"properties":{"bbox":{"roads":{"area":3123.89,"pct":7.7}},"city_same":1,"id":"hex:2365:17442"},"type":"Feature"},{"geometry":{"coordinates":[[[-117.61206,34.129],[-117.61275,34.12997],[-117.6141,34.12997],[-117.61477,34.12899],[-117.61409,34.12801],[-117.61273,34.12802],[-117.61206,34.129]]],"type":"Polygon"},"properties":{"bbox":{"roads":{"area":2348.04,"pct":5.78}},"city_same":1,"id":"hex:2365:17443"},"type":"Feature"},{"geometry":{"coordinates":[[[-117.61208,34.13095],[-117.61276,34.13193],[-117.61412,34.13192],[-117.61479,34.13094],[-117.6141,34.12997],[-117.61275,34.12997],[-117.61208,34.13095]]],"type":"Polygon"},"properties":{"bbox":{"roads":{"area":3111.45,"pct":7.66}},"city_same":1,"id":"hex:2365:17444"},"type":"Feature"},{"geometry":{"coordinates":[[[-117.61209,34.13291],[-117.61278,34.13388],[-117.61413,34.13387],[-117.6148,34.13289],[-117.61412,34.13192],[-117.61276,34.13193],[-117.61209,34.13291]]],"type":"Polygon"},"properties":{"bbox":{"roads":{"area":4241.02,"pct":10.45}},"city":{"roads":{"area":2433.91,"pct":6}},"id":"hex:2365:17445"},"type":"Feature"},{"geometry":{"coordinates":[[[-117.61211,34.13486],[-117.61279,34.13583],[-117.61415,34.13582],[-117.61482,34.13484],[-117.61413,34.13387],[-117.61278,34.13388],[-117.61211,34.13486]]],"type":"Polygon"},"properties":{"bbox":{"roads":{"area":10611.34,"pct":26.14}},"city":{"roads":{"area":909.91,"pct":2.24}},"id":"hex:2365:17446"},"type":"Feature"},{"geometry":{"coordinates":[[[-117.61212,34.13681],[-117.6128,34.13778],[-117.61416,34.13778],[-117.61483,34.1368],[-117.61415,34.13582],[-117.61279,34.13583],[-117.61212,34.13681]]],"type":"Polygon"},"properties":{"bbox":{"roads":{"area":2345.8,"pct":5.78}},"city_same":1,"id":"hex:2365:17447"},"type":"Feature"},{"geometry":{"coordinates":[[[-117.61213,34.13876],[-117.61282,34.13974],[-117.61417,34.13973],[-117.61484,34.13875],[-117.61416,34.13778],[-117.6128,34.13778],[-117.61213,34.13876]]],"type":"Polygon"},"properties":{"bbox":{"roads":{"area":3505.88,"pct":8.64}},"city_same":1,"id":"hex:2365:17448"},"type":"Feature"},{"geometry":{"coordinates":[[[-117.61215,34.14072],[-117.61283,34.14169],[-117.61419,34.14168],[-117.61486,34.1407],[-117.61417,34.13973],[-117.61282,34.13974],[-117.61215,34.14072]]],"type":"Polygon"},"properties":{"bbox":{"roads":{"area":3083.81,"pct":7.6}},"city_same":1,"id":"hex:2365:17449"},"type":"Feature"},{"geometry":{"coordinates":[[[-117.61216,34.14267],[-117.61285,34.14364],[-117.6142,34.14363],[-117.61487,34.14265],[-117.61419,34.14168],[-117.61283,34.14169],[-117.61216,34.14267]]],"type":"Polygon"},"properties":{"bbox":{"roads":{"area":2644.71,"pct":6.51}},"city_same":1,"id":"hex:2365:17450"},"type":"Feature"},{"geometry":{"coordinates":[[[-117.61218,34.14462],[-117.61286,34.14559],[-117.61422,34.14559],[-117.61489,34.14461],[-117.6142,34.14363],[-117.61285,34.14364],[-117.61218,34.14462]]],"type":"Polygon"},"properties":{"bbox":{"roads":{"area":2815.17,"pct":6.93}},"city_same":1,"id":"hex:2365:17451"},"type":"Feature"},{"geometry":{"coordinates":[[[-117.61219,34.14657],[-117.61287,34.14755],[-117.61423,34.14754],[-117.6149,34.14656],[-117.61422,34.14559],[-117.61286,34.14559],[-117.61219,34.14657]]],"type":"Polygon"},"properties":{"bbox":{"roads":{"area":1895.57,"pct":4.67}},"city_same":1,"id":"hex:2365:17452"},"type":"Feature"},{"geometry":{"coordinates":[[[-117.6122,34.14853],[-117.61289,34.1495],[-117.61424,34.14949],[-117.61492,34.14851],[-117.61423,34.14754],[-117.61287,34.14755],[-117.6122,34.14853]]],"type":"Polygon"},"properties":{"bbox":{"roads":{"area":3066.09,"pct":7.55}},"city":{"roads":{"area":1852.19,"pct":4.56}},"id":"hex:2365:17453"},"type":"Feature"},{"geometry":{"coordinates":[[[-117.61222,34.15048],[-117.6129,34.15145],[-117.61426,34.15144],[-117.61493,34.15046],[-117.61424,34.14949],[-117.61289,34.1495],[-117.61222,34.15048]]],"type":"Polygon"},"properties":{"bbox":{"roads":{"area":1556.23,"pct":3.83}},"city_same":1,"id":"hex:2365:17454"},"type":"Feature"},{"geometry":{"coordinates":[[[-117.61223,34.15243],[-117.61292,34.1534],[-117.61427,34.1534],[-117.61494,34.15242],[-117.61426,34.15144],[-117.6129,34.15145],[-117.61223,34.15243]]],"type":"Polygon"},"properties":{"bbox":{"roads":{"area":1524.69,"pct":3.76}},"city_same":1,"id":"hex:2365:17455"},"type":"Feature"},{"geometry":{"coordinates":[[[-117.61225,34.15438],[-117.61293,34.15536],[-117.61429,34.15535],[-117.61496,34.15437],[-117.61427,34.1534],[-117.61292,34.1534],[-117.61225,34.15438]]],"type":"Polygon"},"properties":{"bbox":{"roads":{"area":2470.44,"pct":6.09}},"city_same":1,"id":"hex:2365:17456"},"type":"Feature"},{"geometry":{"coordinates":[[[-117.6143,34.1573],[-117.61295,34.15731],[-117.61226,34.15634],[-117.61293,34.15536],[-117.61429,34.15535],[-117.61497,34.15632],[-117.61461,34.15685],[-117.6146,34.15679],[-117.61397,34.15679],[-117.61398,34.15705],[-117.61391,34.15705],[-117.61391,34.1573],[-117.6143,34.1573],[-117.6143,34.1573]]],"type":"Polygon"},"properties":{"bbox":{"roads":{"area":1063.35,"pct":2.81}},"city_same":1,"id":"hex:2365:17457"},"type":"Feature"},{"geometry":{"coordinates":[[[-117.61227,34.15829],[-117.61296,34.15926],[-117.61432,34.15925],[-117.61499,34.15827],[-117.6143,34.1573],[-117.61295,34.15731],[-117.61227,34.15829]]],"type":"Polygon"},"properties":{"bbox":{"roads":{"area":2782.59,"pct":6.85},"sidewalks":{"area":539.53,"pct":1.33}},"city_same":1,"id":"hex:2365:17458"},"type":"Feature"},{"geometry":{"coordinates":[[[-117.61229,34.16024],[-117.61297,34.16121],[-117.61433,34.16121],[-117.615,34.16023],[-117.61432,34.15925],[-117.61296,34.15926],[-117.61229,34.16024]]],"type":"Polygon"},"properties":{"bbox":{"roads":{"area":2080.82,"pct":5.13}},"city_same":1,"id":"hex:2365:17459"},"type":"Feature"},{"geometry":{"coordinates":[[[-117.6123,34.16219],[-117.61299,34.16317],[-117.61434,34.16316],[-117.61501,34.16218],[-117.61433,34.16121],[-117.61297,34.16121],[-117.6123,34.16219]]],"type":"Polygon"},"properties":{"bbox":{"roads":{"area":2077.61,"pct":5.12}},"city_same":1,"id":"hex:2365:17460"},"type":"Feature"},{"geometry":{"coordinates":[[[-117.61232,34.16414],[-117.61299,34.16317],[-117.61434,34.16316],[-117.61503,34.16413],[-117.61448,34.16493],[-117.6129,34.16497],[-117.61232,34.16414]]],"type":"Polygon"},"properties":{"bbox":{"roads":{"area":1866.61,"pct":4.9}},"city_same":1,"id":"hex:2365:17461"},"type":"Feature"},{"geometry":{"coordinates":[[[-117.61248,34.09288],[-117.61181,34.09385],[-117.61045,34.09386],[-117.60977,34.09289],[-117.61033,34.09207],[-117.61112,34.09207],[-117.61191,34.09207],[-117.61248,34.09288]]],"type":"Polygon"},"properties":{"bbox":{"roads":{"area":2661.92,"pct":6.99}},"city_same":1,"id":"hex:2366:17425"},"type":"Feature"},{"geometry":{"coordinates":[[[-117.60978,34.09484],[-117.61047,34.09581],[-117.61182,34.09581],[-117.61249,34.09483],[-117.61181,34.09385],[-117.61045,34.09386],[-117.60978,34.09484]]],"type":"Polygon"},"properties":{"bbox":{"roads":{"area":6275.82,"pct":15.46}},"city_same":1,"id":"hex:2366:17426"},"type":"Feature"},{"geometry":{"coordinates":[[[-117.6098,34.09679],[-117.61048,34.09777],[-117.61184,34.09776],[-117.61251,34.09678],[-117.61182,34.09581],[-117.61047,34.09581],[-117.6098,34.09679]]],"type":"Polygon"},"properties":{"bbox":{"roads":{"area":3531.08,"pct":8.7}},"city_same":1,"id":"hex:2366:17427"},"type":"Feature"},{"geometry":{"coordinates":[[[-117.60981,34.09875],[-117.6105,34.09972],[-117.61185,34.09971],[-117.61252,34.09873],[-117.61184,34.09776],[-117.61048,34.09777],[-117.60981,34.09875]]],"type":"Polygon"},"properties":{"bbox":{"parking":{"area":152.3,"pct":0.38},"roads":{"area":7916.5,"pct":19.5},"sidewalks":{"area":235.2,"pct":0.58}},"city":{"parking":{"area":152.3,"pct":0.38},"roads":{"area":5064.12,"pct":12.47},"sidewalks":{"area":235.2,"pct":0.58}},"id":"hex:2366:17428"},"type":"Feature"},{"geometry":{"coordinates":[[[-117.60983,34.1007],[-117.61051,34.10167],[-117.61187,34.10166],[-117.61254,34.10069],[-117.61185,34.09971],[-117.6105,34.09972],[-117.60983,34.1007]]],"type":"Polygon"},"properties":{"bbox":{"roads":{"area":5404.07,"pct":13.31}},"city_same":1,"id":"hex:2366:17429"},"type":"Feature"},{"geometry":{"coordinates":[[[-117.60984,34.10265],[-117.61052,34.10362],[-117.61188,34.10362],[-117.61255,34.10264],[-117.61187,34.10166],[-117.61051,34.10167],[-117.60984,34.10265]]],"type":"Polygon"},"properties":{"bbox":{"roads":{"area":5223.76,"pct":12.87}},"city_same":1,"id":"hex:2366:17430"},"type":"Feature"},{"geometry":{"coordinates":[[[-117.60985,34.1046],[-117.61054,34.10558],[-117.61189,34.10557],[-117.61256,34.10459],[-117.61188,34.10362],[-117.61052,34.10362],[-117.60985,34.1046]]],"type":"Polygon"},"properties":{"bbox":{"roads":{"area":5219.95,"pct":12.86}},"city_same":1,"id":"hex:2366:17431"},"type":"Feature"},{"geometry":{"coordinates":[[[-117.60987,34.10656],[-117.61055,34.10753],[-117.61191,34.10752],[-117.61258,34.10654],[-117.61189,34.10557],[-117.61054,34.10558],[-117.60987,34.10656]]],"type":"Polygon"},"properties":{"bbox":{"parking":{"area":7765.18,"pct":19.13},"roads":{"area":13296.93,"pct":32.76},"sidewalks":{"area":909.75,"pct":2.24}},"city":{"parking":{"area":7765.18,"pct":19.13},"roads":{"area":5623.82,"pct":13.85},"sidewalks":{"area":909.75,"pct":2.24}},"id":"hex:2366:17432"},"type":"Feature"},{"geometry":{"coordinates":[[[-117.60988,34.10851],[-117.61057,34.10948],[-117.61192,34.10948],[-117.61259,34.1085],[-117.61191,34.10752],[-117.61055,34.10753],[-117.60988,34.10851]]],"type":"Polygon"},"properties":{"bbox":{"parking":{"area":10424.35,"pct":25.68},"roads":{"area":7975.29,"pct":19.65},"sidewalks":{"area":937.39,"pct":2.31}},"city":{"parking":{"area":10424.35,"pct":25.68},"roads":{"area":4209.44,"pct":10.37},"sidewalks":{"area":937.39,"pct":2.31}},"id":"hex:2366:17433"},"type":"Feature"},{"geometry":{"coordinates":[[[-117.6099,34.11046],[-117.61058,34.11143],[-117.61194,34.11143],[-117.61261,34.11045],[-117.61192,34.10948],[-117.61057,34.10948],[-117.6099,34.11046]]],"type":"Polygon"},"properties":{"bbox":{"roads":{"area":5481.21,"pct":13.5},"sidewalks":{"area":498.56,"pct":1.23}},"city":{"roads":{"area":3709.77,"pct":9.14},"sidewalks":{"area":498.56,"pct":1.23}},"id":"hex:2366:17434"},"type":"Feature"},{"geometry":{"coordinates":[[[-117.60991,34.11241],[-117.6106,34.11339],[-117.61195,34.11338],[-117.61262,34.1124],[-117.61194,34.11143],[-117.61058,34.11143],[-117.60991,34.11241]]],"type":"Polygon"},"properties":{"bbox":{"roads":{"area":2766.11,"pct":6.81}},"city_same":1,"id":"hex:2366:17435"},"type":"Feature"},{"geometry":{"coordinates":[[[-117.60992,34.11437],[-117.61061,34.11534],[-117.61196,34.11533],[-117.61264,34.11435],[-117.61195,34.11338],[-117.6106,34.11339],[-117.60992,34.11437]]],"type":"Polygon"},"properties":{"bbox":{"parking":{"area":1501.7,"pct":3.7},"roads":{"area":3328.84,"pct":8.2}},"city_same":1,"id":"hex:2366:17436"},"type":"Feature"},{"geometry":{"coordinates":[[[-117.60994,34.11632],[-117.61062,34.11729],[-117.61198,34.11729],[-117.61265,34.11631],[-117.61196,34.11533],[-117.61061,34.11534],[-117.60994,34.11632]]],"type":"Polygon"},"properties":{"bbox":{"parking":{"area":1836.82,"pct":4.52},"roads":{"area":2962.04,"pct":7.3}},"city_same":1,"id":"hex:2366:17437"},"type":"Feature"},{"geometry":{"coordinates":[[[-117.60995,34.11827],[-117.61064,34.11924],[-117.61199,34.11924],[-117.61266,34.11826],[-117.61198,34.11729],[-117.61062,34.11729],[-117.60995,34.11827]]],"type":"Polygon"},"properties":{"bbox":{"parking":{"area":4133.4,"pct":10.18},"roads":{"area":3222.75,"pct":7.94}},"city_same":1,"id":"hex:2366:17438"},"type":"Feature"},{"geometry":{"coordinates":[[[-117.60997,34.12022],[-117.61065,34.1212],[-117.61201,34.12119],[-117.61268,34.12021],[-117.61199,34.11924],[-117.61064,34.11924],[-117.60997,34.12022]]],"type":"Polygon"},"properties":{"bbox":{"parking":{"area":3029.48,"pct":7.46},"roads":{"area":2896.98,"pct":7.14},"sidewalks":{"area":331.54,"pct":0.82}},"city_same":1,"id":"hex:2366:17439"},"type":"Feature"},{"geometry":{"coordinates":[[[-117.60998,34.12218],[-117.61067,34.12315],[-117.61202,34.12314],[-117.61269,34.12216],[-117.61201,34.12119],[-117.61065,34.1212],[-117.60998,34.12218]]],"type":"Polygon"},"properties":{"bbox":{"parking":{"area":5576.51,"pct":13.74},"roads":{"area":5361.43,"pct":13.21},"sidewalks":{"area":370.11,"pct":0.91}},"city_same":1,"id":"hex:2366:17440"},"type":"Feature"},{"geometry":{"coordinates":[[[-117.60999,34.12413],[-117.61068,34.1251],[-117.61203,34.1251],[-117.61271,34.12412],[-117.61202,34.12314],[-117.61067,34.12315],[-117.60999,34.12413]]],"type":"Polygon"},"properties":{"bbox":{"roads":{"area":1012.19,"pct":2.49}},"city_same":1,"id":"hex:2366:17441"},"type":"Feature"},{"geometry":{"coordinates":[[[-117.61001,34.12608],[-117.61069,34.12705],[-117.61205,34.12705],[-117.61272,34.12607],[-117.61203,34.1251],[-117.61068,34.1251],[-117.61001,34.12608]]],"type":"Polygon"},"properties":{"bbox":{"roads":{"area":1687.25,"pct":4.16}},"city_same":1,"id":"hex:2366:17442"},"type":"Feature"},{"geometry":{"coordinates":[[[-117.61002,34.12803],[-117.61071,34.12901],[-117.61206,34.129],[-117.61273,34.12802],[-117.61205,34.12705],[-117.61069,34.12705],[-117.61002,34.12803]]],"type":"Polygon"},"properties":{"bbox":{"roads":{"area":3477.2,"pct":8.57}},"city_same":1,"id":"hex:2366:17443"},"type":"Feature"},{"geometry":{"coordinates":[[[-117.61004,34.12999],[-117.61072,34.13096],[-117.61208,34.13095],[-117.61275,34.12997],[-117.61206,34.129],[-117.61071,34.12901],[-117.61004,34.12999]]],"type":"Polygon"},"properties":{"bbox":{"roads":{"area":3406.12,"pct":8.39}},"city_same":1,"id":"hex:2366:17444"},"type":"Feature"},{"geometry":{"coordinates":[[[-117.61005,34.13194],[-117.61074,34.13291],[-117.61209,34.13291],[-117.61276,34.13193],[-117.61208,34.13095],[-117.61072,34.13096],[-117.61005,34.13194]]],"type":"Polygon"},"properties":{"bbox":{"roads":{"area":4276.23,"pct":10.53}},"city":{"roads":{"area":2648.73,"pct":6.52}},"id":"hex:2366:17445"},"type":"Feature"},{"geometry":{"coordinates":[[[-117.61006,34.13389],[-117.61075,34.13486],[-117.61211,34.13486],[-117.61278,34.13388],[-117.61209,34.13291],[-117.61074,34.13291],[-117.61006,34.13389]]],"type":"Polygon"},"properties":{"bbox":{"roads":{"area":3823.47,"pct":9.42}},"city":{"roads":{"area":2157.59,"pct":5.31}},"id":"hex:2366:17446"},"type":"Feature"},{"geometry":{"coordinates":[[[-117.61008,34.13584],[-117.61076,34.13682],[-117.61212,34.13681],[-117.61279,34.13583],[-117.61211,34.13486],[-117.61075,34.13486],[-117.61008,34.13584]]],"type":"Polygon"},"properties":{"bbox":{"roads":{"area":4622.72,"pct":11.39}},"city":{"roads":{"area":790.38,"pct":1.95}},"id":"hex:2366:17447"},"type":"Feature"},{"geometry":{"coordinates":[[[-117.61009,34.1378],[-117.61078,34.13877],[-117.61213,34.13876],[-117.6128,34.13778],[-117.61212,34.13681],[-117.61076,34.13682],[-117.61009,34.1378]]],"type":"Polygon"},"properties":{"bbox":{"roads":{"area":2283.91,"pct":5.63}},"city_same":1,"id":"hex:2366:17448"},"type":"Feature"},{"geometry":{"coordinates":[[[-117.61011,34.13975],[-117.61079,34.14072],[-117.61215,34.14072],[-117.61282,34.13974],[-117.61213,34.13876],[-117.61078,34.13877],[-117.61011,34.13975]]],"type":"Polygon"},"properties":{"bbox":{"roads":{"area":3266.86,"pct":8.05}},"city_same":1,"id":"hex:2366:17449"},"type":"Feature"},{"geometry":{"coordinates":[[[-117.61012,34.1417],[-117.61081,34.14267],[-117.61216,34.14267],[-117.61283,34.14169],[-117.61215,34.14072],[-117.61079,34.14072],[-117.61012,34.1417]]],"type":"Polygon"},"properties":{"bbox":{"roads":{"area":1794.19,"pct":4.42}},"city_same":1,"id":"hex:2366:17450"},"type":"Feature"},{"geometry":{"coordinates":[[[-117.61013,34.14365],[-117.61082,34.14463],[-117.61218,34.14462],[-117.61285,34.14364],[-117.61216,34.14267],[-117.61081,34.14267],[-117.61013,34.14365]]],"type":"Polygon"},"properties":{"bbox":{"roads":{"area":3297.28,"pct":8.12}},"city_same":1,"id":"hex:2366:17451"},"type":"Feature"},{"geometry":{"coordinates":[[[-117.61015,34.14561],[-117.61083,34.14658],[-117.61219,34.14657],[-117.61286,34.14559],[-117.61218,34.14462],[-117.61082,34.14463],[-117.61015,34.14561]]],"type":"Polygon"},"properties":{"bbox":{"roads":{"area":1129.23,"pct":2.78}},"city_same":1,"id":"hex:2366:17452"},"type":"Feature"},{"geometry":{"coordinates":[[[-117.61016,34.14756],[-117.61085,34.14853],[-117.6122,34.14853],[-117.61287,34.14755],[-117.61219,34.14657],[-117.61083,34.14658],[-117.61016,34.14756]]],"type":"Polygon"},"properties":{"bbox":{"roads":{"area":2512.9,"pct":6.19}},"city_same":1,"id":"hex:2366:17453"},"type":"Feature"},{"geometry":{"coordinates":[[[-117.61018,34.14951],[-117.61086,34.15048],[-117.61222,34.15048],[-117.61289,34.1495],[-117.6122,34.14853],[-117.61085,34.14853],[-117.61018,34.14951]]],"type":"Polygon"},"properties":{"bbox":{"roads":{"area":2938.57,"pct":7.24}},"city":{"roads":{"area":1046.37,"pct":2.58}},"id":"hex:2366:17454"},"type":"Feature"},{"geometry":{"coordinates":[[[-117.61019,34.15146],[-117.61088,34.15244],[-117.61223,34.15243],[-117.6129,34.15145],[-117.61222,34.15048],[-117.61086,34.15048],[-117.61019,34.15146]]],"type":"Polygon"},"properties":{"bbox":{"roads":{"area":388.75,"pct":0.96}},"city_same":1,"id":"hex:2366:17455"},"type":"Feature"},{"geometry":{"coordinates":[[[-117.61021,34.15342],[-117.61089,34.15439],[-117.61225,34.15438],[-117.61292,34.1534],[-117.61223,34.15243],[-117.61088,34.15244],[-117.61021,34.15342]]],"type":"Polygon"},"properties":{"bbox":{"roads":{"area":349.71,"pct":0.86}},"city_same":1,"id":"hex:2366:17456"},"type":"Feature"},{"geometry":{"coordinates":[[[-117.61022,34.15537],[-117.6109,34.15634],[-117.61226,34.15634],[-117.61293,34.15536],[-117.61225,34.15438],[-117.61089,34.15439],[-117.61022,34.15537]]],"type":"Polygon"},"properties":{"bbox":{"roads":{"area":1953.5,"pct":4.81}},"city_same":1,"id":"hex:2366:17457"},"type":"Feature"},{"geometry":{"coordinates":[[[-117.61023,34.15732],[-117.61092,34.15829],[-117.61227,34.15829],[-117.61295,34.15731],[-117.61226,34.15634],[-117.6109,34.15634],[-117.61023,34.15732]]],"type":"Polygon"},"properties":{"bbox":{"roads":{"area":1576.95,"pct":3.88},"sidewalks":{"area":169.58,"pct":0.42}},"city_same":1,"id":"hex:2366:17458"},"type":"Feature"},{"geometry":{"coordinates":[[[-117.61025,34.15927],[-117.61093,34.16025],[-117.61229,34.16024],[-117.61296,34.15926],[-117.61227,34.15829],[-117.61092,34.15829],[-117.61025,34.15927]]],"type":"Polygon"},"properties":{"bbox":{"roads":{"area":1221.43,"pct":3.01}},"city_same":1,"id":"hex:2366:17459"},"type":"Feature"},{"geometry":{"coordinates":[[[-117.61026,34.16123],[-117.61095,34.1622],[-117.6123,34.16219],[-117.61297,34.16121],[-117.61229,34.16024],[-117.61093,34.16025],[-117.61026,34.16123]]],"type":"Polygon"},"properties":{"bbox":{"roads":{"area":1932.61,"pct":4.76}},"city_same":1,"id":"hex:2366:17460"},"type":"Feature"},{"geometry":{"coordinates":[[[-117.61028,34.16318],[-117.61096,34.16415],[-117.61232,34.16414],[-117.61299,34.16317],[-117.6123,34.16219],[-117.61095,34.1622],[-117.61028,34.16318]]],"type":"Polygon"},"properties":{"bbox":{"roads":{"area":2274.06,"pct":5.6}},"city_same":1,"id":"hex:2366:17461"},"type":"Feature"},{"geometry":{"coordinates":[[[-117.61096,34.16415],[-117.61232,34.16414],[-117.6129,34.16497],[-117.61237,34.16498],[-117.61067,34.16502],[-117.61058,34.16503],[-117.61034,34.16505],[-117.61096,34.16415]]],"type":"Polygon"},"properties":{"bbox":{"roads":{"area":714.33,"pct":4.21}},"city_same":1,"id":"hex:2366:17462"},"type":"Feature"},{"geometry":{"coordinates":[[[-117.60977,34.09289],[-117.60842,34.0929],[-117.60773,34.09192],[-117.60815,34.09131],[-117.60885,34.09207],[-117.61033,34.09207],[-117.60977,34.09289]]],"type":"Polygon"},"properties":{"bbox":{"roads":{"area":1243.46,"pct":6},"sidewalks":{"area":52.84,"pct":0.25}},"city_same":1,"id":"hex:2367:17424"},"type":"Feature"},{"geometry":{"coordinates":[[[-117.60774,34.09388],[-117.60843,34.09485],[-117.60978,34.09484],[-117.61045,34.09386],[-117.60977,34.09289],[-117.60842,34.0929],[-117.60774,34.09388]]],"type":"Polygon"},"properties":{"bbox":{"roads":{"area":2687.28,"pct":6.62}},"city_same":1,"id":"hex:2367:17425"},"type":"Feature"},{"geometry":{"coordinates":[[[-117.60776,34.09583],[-117.60844,34.0968],[-117.6098,34.09679],[-117.61047,34.09581],[-117.60978,34.09484],[-117.60843,34.09485],[-117.60776,34.09583]]],"type":"Polygon"},"properties":{"bbox":{"roads":{"area":4262.16,"pct":10.5}},"city_same":1,"id":"hex:2367:17426"},"type":"Feature"},{"geometry":{"coordinates":[[[-117.60777,34.09778],[-117.60846,34.09875],[-117.60981,34.09875],[-117.61048,34.09777],[-117.6098,34.09679],[-117.60844,34.0968],[-117.60777,34.09778]]],"type":"Polygon"},"properties":{"bbox":{"roads":{"area":1999.02,"pct":4.92}},"city_same":1,"id":"hex:2367:17427"},"type":"Feature"},{"geometry":{"coordinates":[[[-117.60779,34.09973],[-117.60847,34.10071],[-117.60983,34.1007],[-117.6105,34.09972],[-117.60981,34.09875],[-117.60846,34.09875],[-117.60779,34.09973]]],"type":"Polygon"},"properties":{"bbox":{"roads":{"area":6227.28,"pct":15.34}},"city":{"roads":{"area":2581.01,"pct":6.36}},"id":"hex:2367:17428"},"type":"Feature"},{"geometry":{"coordinates":[[[-117.6078,34.10169],[-117.60849,34.10266],[-117.60984,34.10265],[-117.61051,34.10167],[-117.60983,34.1007],[-117.60847,34.10071],[-117.6078,34.10169]]],"type":"Polygon"},"properties":{"bbox":{"roads":{"area":2638.08,"pct":6.5}},"city_same":1,"id":"hex:2367:17429"},"type":"Feature"},{"geometry":{"coordinates":[[[-117.60781,34.10364],[-117.6085,34.10461],[-117.60985,34.1046],[-117.61052,34.10362],[-117.60984,34.10265],[-117.60849,34.10266],[-117.60781,34.10364]]],"type":"Polygon"},"properties":{"bbox":{"roads":{"area":1906.26,"pct":4.7}},"city_same":1,"id":"hex:2367:17430"},"type":"Feature"},{"geometry":{"coordinates":[[[-117.60783,34.10559],[-117.60851,34.10656],[-117.60987,34.10656],[-117.61054,34.10558],[-117.60985,34.1046],[-117.6085,34.10461],[-117.60783,34.10559]]],"type":"Polygon"},"properties":{"bbox":{"parking":{"area":6232.68,"pct":15.35},"roads":{"area":4517.62,"pct":11.13},"sidewalks":{"area":189.14,"pct":0.47}},"city":{"parking":{"area":6232.68,"pct":15.35},"roads":{"area":3751.63,"pct":9.24},"sidewalks":{"area":189.14,"pct":0.47}},"id":"hex:2367:17431"},"type":"Feature"},{"geometry":{"coordinates":[[[-117.60784,34.10754],[-117.60853,34.10852],[-117.60988,34.10851],[-117.61055,34.10753],[-117.60987,34.10656],[-117.60851,34.10656],[-117.60784,34.10754]]],"type":"Polygon"},"properties":{"bbox":{"parking":{"area":18098.89,"pct":44.58},"roads":{"area":7459.48,"pct":18.38},"sidewalks":{"area":249.53,"pct":0.61}},"city":{"parking":{"area":18098.89,"pct":44.58},"roads":{"area":5186.21,"pct":12.78},"sidewalks":{"area":249.53,"pct":0.61}},"id":"hex:2367:17432"},"type":"Feature"},{"geometry":{"coordinates":[[[-117.60786,34.1095],[-117.60854,34.11047],[-117.6099,34.11046],[-117.61057,34.10948],[-117.60988,34.10851],[-117.60853,34.10852],[-117.60786,34.1095]]],"type":"Polygon"},"properties":{"bbox":{"parking":{"area":1749.92,"pct":4.31},"roads":{"area":4344.55,"pct":10.7},"sidewalks":{"area":520.83,"pct":1.28}},"city_same":1,"id":"hex:2367:17433"},"type":"Feature"},{"geometry":{"coordinates":[[[-117.60787,34.11145],[-117.60856,34.11242],[-117.60991,34.11241],[-117.61058,34.11143],[-117.6099,34.11046],[-117.60854,34.11047],[-117.60787,34.11145]]],"type":"Polygon"},"properties":{"bbox":{"roads":{"area":3808.31,"pct":9.38}},"city_same":1,"id":"hex:2367:17434"},"type":"Feature"},{"geometry":{"coordinates":[[[-117.60788,34.1134],[-117.60857,34.11437],[-117.60992,34.11437],[-117.6106,34.11339],[-117.60991,34.11241],[-117.60856,34.11242],[-117.60788,34.1134]]],"type":"Polygon"},"properties":{"bbox":{"roads":{"area":2350.31,"pct":5.79}},"city_same":1,"id":"hex:2367:17435"},"type":"Feature"},{"geometry":{"coordinates":[[[-117.6079,34.11535],[-117.60858,34.11633],[-117.60994,34.11632],[-117.61061,34.11534],[-117.60992,34.11437],[-117.60857,34.11437],[-117.6079,34.11535]]],"type":"Polygon"},"properties":{"bbox":{"roads":{"area":3415.93,"pct":8.41}},"city_same":1,"id":"hex:2367:17436"},"type":"Feature"},{"geometry":{"coordinates":[[[-117.60791,34.11731],[-117.6086,34.11828],[-117.60995,34.11827],[-117.61062,34.11729],[-117.60994,34.11632],[-117.60858,34.11633],[-117.60791,34.11731]]],"type":"Polygon"},"properties":{"bbox":{"roads":{"area":3406.31,"pct":8.39}},"city_same":1,"id":"hex:2367:17437"},"type":"Feature"},{"geometry":{"coordinates":[[[-117.60793,34.11926],[-117.60861,34.12023],[-117.60997,34.12022],[-117.61064,34.11924],[-117.60995,34.11827],[-117.6086,34.11828],[-117.60793,34.11926]]],"type":"Polygon"},"properties":{"bbox":{"roads":{"area":3396.66,"pct":8.37}},"city_same":1,"id":"hex:2367:17438"},"type":"Feature"},{"geometry":{"coordinates":[[[-117.60794,34.12121],[-117.60863,34.12218],[-117.60998,34.12218],[-117.61065,34.1212],[-117.60997,34.12022],[-117.60861,34.12023],[-117.60794,34.12121]]],"type":"Polygon"},"properties":{"bbox":{"parking":{"area":333.02,"pct":0.82},"roads":{"area":5075.54,"pct":12.5},"sidewalks":{"area":775,"pct":1.91}},"city_same":1,"id":"hex:2367:17439"},"type":"Feature"},{"geometry":{"coordinates":[[[-117.60795,34.12316],[-117.60864,34.12414],[-117.60999,34.12413],[-117.61067,34.12315],[-117.60998,34.12218],[-117.60863,34.12218],[-117.60795,34.12316]]],"type":"Polygon"},"properties":{"bbox":{"parking":{"area":590.2,"pct":1.45},"roads":{"area":3744.02,"pct":9.22}},"city_same":1,"id":"hex:2367:17440"},"type":"Feature"},{"geometry":{"coordinates":[[[-117.60797,34.12512],[-117.60865,34.12609],[-117.61001,34.12608],[-117.61068,34.1251],[-117.60999,34.12413],[-117.60864,34.12414],[-117.60797,34.12512]]],"type":"Polygon"},"properties":{"bbox":{"roads":{"area":2948.38,"pct":7.26}},"city_same":1,"id":"hex:2367:17441"},"type":"Feature"},{"geometry":{"coordinates":[[[-117.60798,34.12707],[-117.60867,34.12804],[-117.61002,34.12803],[-117.61069,34.12705],[-117.61001,34.12608],[-117.60865,34.12609],[-117.60798,34.12707]]],"type":"Polygon"},"properties":{"bbox":{"roads":{"area":3437.43,"pct":8.47}},"city_same":1,"id":"hex:2367:17442"},"type":"Feature"},{"geometry":{"coordinates":[[[-117.608,34.12902],[-117.60868,34.12999],[-117.61004,34.12999],[-117.61071,34.12901],[-117.61002,34.12803],[-117.60867,34.12804],[-117.608,34.12902]]],"type":"Polygon"},"properties":{"bbox":{"roads":{"area":4005.88,"pct":9.87}},"city_same":1,"id":"hex:2367:17443"},"type":"Feature"},{"geometry":{"coordinates":[[[-117.60801,34.13097],[-117.6087,34.13195],[-117.61005,34.13194],[-117.61072,34.13096],[-117.61004,34.12999],[-117.60868,34.12999],[-117.60801,34.13097]]],"type":"Polygon"},"properties":{"bbox":{"roads":{"area":2736.64,"pct":6.74}},"city_same":1,"id":"hex:2367:17444"},"type":"Feature"},{"geometry":{"coordinates":[[[-117.60802,34.13293],[-117.60871,34.1339],[-117.61006,34.13389],[-117.61074,34.13291],[-117.61005,34.13194],[-117.6087,34.13195],[-117.60802,34.13293]]],"type":"Polygon"},"properties":{"bbox":{"parking":{"area":1749.67,"pct":4.31},"roads":{"area":4395.67,"pct":10.83}},"city":{"parking":{"area":1749.67,"pct":4.31},"roads":{"area":2703.42,"pct":6.66}},"id":"hex:2367:17445"},"type":"Feature"},{"geometry":{"coordinates":[[[-117.60804,34.13488],[-117.60872,34.13585],[-117.61008,34.13584],[-117.61075,34.13486],[-117.61006,34.13389],[-117.60871,34.1339],[-117.60804,34.13488]]],"type":"Polygon"},"properties":{"bbox":{"parking":{"area":177.32,"pct":0.44},"roads":{"area":8344.27,"pct":20.55}},"city":{"parking":{"area":177.32,"pct":0.44},"roads":{"area":1056.04,"pct":2.6}},"id":"hex:2367:17446"},"type":"Feature"},{"geometry":{"coordinates":[[[-117.60805,34.13683],[-117.60874,34.1378],[-117.61009,34.1378],[-117.61076,34.13682],[-117.61008,34.13584],[-117.60872,34.13585],[-117.60805,34.13683]]],"type":"Polygon"},"properties":{"bbox":{"roads":{"area":2637.26,"pct":6.5}},"city_same":1,"id":"hex:2367:17447"},"type":"Feature"},{"geometry":{"coordinates":[[[-117.60807,34.13878],[-117.60875,34.13976],[-117.61011,34.13975],[-117.61078,34.13877],[-117.61009,34.1378],[-117.60874,34.1378],[-117.60807,34.13878]]],"type":"Polygon"},"properties":{"bbox":{"roads":{"area":2867.73,"pct":7.06}},"city_same":1,"id":"hex:2367:17448"},"type":"Feature"},{"geometry":{"coordinates":[[[-117.60808,34.14074],[-117.60877,34.14171],[-117.61012,34.1417],[-117.61079,34.14072],[-117.61011,34.13975],[-117.60875,34.13976],[-117.60808,34.14074]]],"type":"Polygon"},"properties":{"bbox":{"roads":{"area":2335.68,"pct":5.75}},"city_same":1,"id":"hex:2367:17449"},"type":"Feature"},{"geometry":{"coordinates":[[[-117.60809,34.14269],[-117.60878,34.14366],[-117.61013,34.14365],[-117.61081,34.14267],[-117.61012,34.1417],[-117.60877,34.14171],[-117.60809,34.14269]]],"type":"Polygon"},"properties":{"bbox":{"roads":{"area":2150.24,"pct":5.3}},"city_same":1,"id":"hex:2367:17450"},"type":"Feature"},{"geometry":{"coordinates":[[[-117.60811,34.14464],[-117.60879,34.14561],[-117.61015,34.14561],[-117.61082,34.14463],[-117.61013,34.14365],[-117.60878,34.14366],[-117.60811,34.14464]]],"type":"Polygon"},"properties":{"bbox":{"roads":{"area":1921.4,"pct":4.73}},"city_same":1,"id":"hex:2367:17451"},"type":"Feature"},{"geometry":{"coordinates":[[[-117.60812,34.14659],[-117.60881,34.14757],[-117.61016,34.14756],[-117.61083,34.14658],[-117.61015,34.14561],[-117.60879,34.14561],[-117.60812,34.14659]]],"type":"Polygon"},"properties":{"bbox":{"roads":{"area":1799.12,"pct":4.43}},"city_same":1,"id":"hex:2367:17452"},"type":"Feature"},{"geometry":{"coordinates":[[[-117.60814,34.14855],[-117.60882,34.14952],[-117.61018,34.14951],[-117.61085,34.14853],[-117.61016,34.14756],[-117.60881,34.14757],[-117.60814,34.14855]]],"type":"Polygon"},"properties":{"bbox":{"roads":{"area":2574,"pct":6.34}},"city_same":1,"id":"hex:2367:17453"},"type":"Feature"},{"geometry":{"coordinates":[[[-117.60815,34.1505],[-117.60884,34.15147],[-117.61019,34.15146],[-117.61086,34.15048],[-117.61018,34.14951],[-117.60882,34.14952],[-117.60815,34.1505]]],"type":"Polygon"},"properties":{"bbox":{"roads":{"area":4030.57,"pct":9.93}},"city":{"roads":{"area":1987.85,"pct":4.9}},"id":"hex:2367:17454"},"type":"Feature"},{"geometry":{"coordinates":[[[-117.60816,34.15245],[-117.60885,34.15342],[-117.61021,34.15342],[-117.61088,34.15244],[-117.61019,34.15146],[-117.60884,34.15147],[-117.60816,34.15245]]],"type":"Polygon"},"properties":{"bbox":{"parking":{"area":2553.5,"pct":6.29},"roads":{"area":474.81,"pct":1.17}},"city_same":1,"id":"hex:2367:17455"},"type":"Feature"},{"geometry":{"coordinates":[[[-117.60818,34.1544],[-117.60886,34.15538],[-117.61022,34.15537],[-117.61089,34.15439],[-117.61021,34.15342],[-117.60885,34.15342],[-117.60818,34.1544]]],"type":"Polygon"},"properties":{"bbox":{"parking":{"area":5184.46,"pct":12.77},"roads":{"area":2588.87,"pct":6.38}},"city_same":1,"id":"hex:2367:17456"},"type":"Feature"},{"geometry":{"coordinates":[[[-117.60819,34.15636],[-117.60888,34.15733],[-117.61023,34.15732],[-117.6109,34.15634],[-117.61022,34.15537],[-117.60886,34.15538],[-117.60819,34.15636]]],"type":"Polygon"},"properties":{"bbox":{"roads":{"area":2445.38,"pct":6.02}},"city_same":1,"id":"hex:2367:17457"},"type":"Feature"},{"geometry":{"coordinates":[[[-117.60821,34.15831],[-117.60889,34.15928],[-117.61025,34.15927],[-117.61092,34.15829],[-117.61023,34.15732],[-117.60888,34.15733],[-117.60821,34.15831]]],"type":"Polygon"},"properties":{"bbox":{"roads":{"area":3010.36,"pct":7.42}},"city_same":1,"id":"hex:2367:17458"},"type":"Feature"},{"geometry":{"coordinates":[[[-117.60822,34.16026],[-117.60891,34.16123],[-117.61026,34.16123],[-117.61093,34.16025],[-117.61025,34.15927],[-117.60889,34.15928],[-117.60822,34.16026]]],"type":"Polygon"},"properties":{"bbox":{"roads":{"area":2917.88,"pct":7.19}},"city_same":1,"id":"hex:2367:17459"},"type":"Feature"},{"geometry":{"coordinates":[[[-117.60823,34.16221],[-117.60892,34.16319],[-117.61028,34.16318],[-117.61095,34.1622],[-117.61026,34.16123],[-117.60891,34.16123],[-117.60823,34.16221]]],"type":"Polygon"},"properties":{"bbox":{"roads":{"area":2513.65,"pct":6.19}},"city_same":1,"id":"hex:2367:17460"},"type":"Feature"},{"geometry":{"coordinates":[[[-117.60825,34.16417],[-117.60892,34.16319],[-117.61028,34.16318],[-117.61096,34.16415],[-117.61034,34.16505],[-117.6103,34.16506],[-117.6102,34.16507],[-117.61014,34.16507],[-117.60995,34.16508],[-117.60988,34.16508],[-117.60961,34.16507],[-117.60887,34.16505],[-117.60825,34.16417]]],"type":"Polygon"},"properties":{"bbox":{"roads":{"area":2893.74,"pct":7.3}},"city_same":1,"id":"hex:2367:17461"},"type":"Feature"},{"geometry":{"coordinates":[[[-117.60773,34.09192],[-117.60638,34.09193],[-117.60569,34.09096],[-117.60636,34.08998],[-117.60696,34.08997],[-117.60733,34.0904],[-117.60815,34.09131],[-117.60773,34.09192]]],"type":"Polygon"},"properties":{"bbox":{"roads":{"area":848.18,"pct":2.58}},"city_same":1,"id":"hex:2368:17424"},"type":"Feature"},{"geometry":{"coordinates":[[[-117.60571,34.09291],[-117.60639,34.09388],[-117.60774,34.09388],[-117.60842,34.0929],[-117.60773,34.09192],[-117.60638,34.09193],[-117.60571,34.09291]]],"type":"Polygon"},"properties":{"bbox":{"roads":{"area":2872.9,"pct":7.08},"sidewalks":{"area":195.23,"pct":0.48}},"city_same":1,"id":"hex:2368:17425"},"type":"Feature"},{"geometry":{"coordinates":[[[-117.60572,34.09486],[-117.6064,34.09583],[-117.60776,34.09583],[-117.60843,34.09485],[-117.60774,34.09388],[-117.60639,34.09388],[-117.60572,34.09486]]],"type":"Polygon"},"properties":{"bbox":{"roads":{"area":5480.81,"pct":13.5}},"city_same":1,"id":"hex:2368:17426"},"type":"Feature"},{"geometry":{"coordinates":[[[-117.60573,34.09681],[-117.60642,34.09779],[-117.60777,34.09778],[-117.60844,34.0968],[-117.60776,34.09583],[-117.6064,34.09583],[-117.60573,34.09681]]],"type":"Polygon"},"properties":{"bbox":{"roads":{"area":1084.67,"pct":2.67}},"city_same":1,"id":"hex:2368:17427"},"type":"Feature"},{"geometry":{"coordinates":[[[-117.60575,34.09877],[-117.60643,34.09974],[-117.60779,34.09973],[-117.60846,34.09875],[-117.60777,34.09778],[-117.60642,34.09779],[-117.60575,34.09877]]],"type":"Polygon"},"properties":{"bbox":{"roads":{"area":6605.77,"pct":16.27}},"city":{"roads":{"area":3472.49,"pct":8.55}},"id":"hex:2368:17428"},"type":"Feature"},{"geometry":{"coordinates":[[[-117.60576,34.10072],[-117.60645,34.10169],[-117.6078,34.10169],[-117.60847,34.10071],[-117.60779,34.09973],[-117.60643,34.09974],[-117.60576,34.10072]]],"type":"Polygon"},"properties":{"bbox":{"roads":{"area":3263.7,"pct":8.04}},"city_same":1,"id":"hex:2368:17429"},"type":"Feature"},{"geometry":{"coordinates":[[[-117.60577,34.10267],[-117.60646,34.10364],[-117.60781,34.10364],[-117.60849,34.10266],[-117.6078,34.10169],[-117.60645,34.10169],[-117.60577,34.10267]]],"type":"Polygon"},"properties":{"bbox":{"roads":{"area":1677.4,"pct":4.13}},"city_same":1,"id":"hex:2368:17430"},"type":"Feature"},{"geometry":{"coordinates":[[[-117.60579,34.10462],[-117.60647,34.1056],[-117.60783,34.10559],[-117.6085,34.10461],[-117.60781,34.10364],[-117.60646,34.10364],[-117.60579,34.10462]]],"type":"Polygon"},"properties":{"bbox":{"parking":{"area":4601.56,"pct":11.34},"roads":{"area":2742.18,"pct":6.75}},"city_same":1,"id":"hex:2368:17431"},"type":"Feature"},{"geometry":{"coordinates":[[[-117.6058,34.10658],[-117.60649,34.10755],[-117.60784,34.10754],[-117.60851,34.10656],[-117.60783,34.10559],[-117.60647,34.1056],[-117.6058,34.10658]]],"type":"Polygon"},"properties":{"bbox":{"parking":{"area":15160.67,"pct":37.35},"roads":{"area":10235.07,"pct":25.21},"sidewalks":{"area":408.63,"pct":1.01}},"city":{"parking":{"area":15160.67,"pct":37.35},"roads":{"area":4703.7,"pct":11.59},"sidewalks":{"area":408.63,"pct":1.01}},"id":"hex:2368:17432"},"type":"Feature"},{"geometry":{"coordinates":[[[-117.60582,34.10853],[-117.6065,34.1095],[-117.60786,34.1095],[-117.60853,34.10852],[-117.60784,34.10754],[-117.60649,34.10755],[-117.60582,34.10853]]],"type":"Polygon"},"properties":{"bbox":{"parking":{"area":11105.76,"pct":27.36},"roads":{"area":5154.02,"pct":12.7},"sidewalks":{"area":535.82,"pct":1.32}},"city_same":1,"id":"hex:2368:17433"},"type":"Feature"},{"geometry":{"coordinates":[[[-117.60583,34.11048],[-117.60652,34.11145],[-117.60787,34.11145],[-117.60854,34.11047],[-117.60786,34.1095],[-117.6065,34.1095],[-117.60583,34.11048]]],"type":"Polygon"},"properties":{"bbox":{"roads":{"area":3106.5,"pct":7.65}},"city_same":1,"id":"hex:2368:17434"},"type":"Feature"},{"geometry":{"coordinates":[[[-117.60584,34.11243],[-117.60653,34.11341],[-117.60788,34.1134],[-117.60856,34.11242],[-117.60787,34.11145],[-117.60652,34.11145],[-117.60584,34.11243]]],"type":"Polygon"},"properties":{"bbox":{"roads":{"area":3745.44,"pct":9.23}},"city_same":1,"id":"hex:2368:17435"},"type":"Feature"},{"geometry":{"coordinates":[[[-117.60586,34.11439],[-117.60654,34.11536],[-117.6079,34.11535],[-117.60857,34.11437],[-117.60788,34.1134],[-117.60653,34.11341],[-117.60586,34.11439]]],"type":"Polygon"},"properties":{"bbox":{"roads":{"area":2359.87,"pct":5.81}},"city_same":1,"id":"hex:2368:17436"},"type":"Feature"},{"geometry":{"coordinates":[[[-117.60587,34.11634],[-117.60656,34.11731],[-117.60791,34.11731],[-117.60858,34.11633],[-117.6079,34.11535],[-117.60654,34.11536],[-117.60587,34.11634]]],"type":"Polygon"},"properties":{"bbox":{"roads":{"area":2108.36,"pct":5.19}},"city_same":1,"id":"hex:2368:17437"},"type":"Feature"},{"geometry":{"coordinates":[[[-117.60589,34.11829],[-117.60657,34.11926],[-117.60793,34.11926],[-117.6086,34.11828],[-117.60791,34.11731],[-117.60656,34.11731],[-117.60589,34.11829]]],"type":"Polygon"},"properties":{"bbox":{"roads":{"area":2161,"pct":5.32},"sidewalks":{"area":283.64,"pct":0.7}},"city_same":1,"id":"hex:2368:17438"},"type":"Feature"},{"geometry":{"coordinates":[[[-117.6059,34.12024],[-117.60658,34.12122],[-117.60794,34.12121],[-117.60861,34.12023],[-117.60793,34.11926],[-117.60657,34.11926],[-117.6059,34.12024]]],"type":"Polygon"},"properties":{"bbox":{"roads":{"area":2929.22,"pct":7.22},"sidewalks":{"area":389.64,"pct":0.96}},"city_same":1,"id":"hex:2368:17439"},"type":"Feature"},{"geometry":{"coordinates":[[[-117.60591,34.1222],[-117.6066,34.12317],[-117.60795,34.12316],[-117.60863,34.12218],[-117.60794,34.12121],[-117.60658,34.12122],[-117.60591,34.1222]]],"type":"Polygon"},"properties":{"bbox":{"roads":{"area":4545.8,"pct":11.2},"sidewalks":{"area":235.06,"pct":0.58}},"city_same":1,"id":"hex:2368:17440"},"type":"Feature"},{"geometry":{"coordinates":[[[-117.60593,34.12415],[-117.60661,34.12512],[-117.60797,34.12512],[-117.60864,34.12414],[-117.60795,34.12316],[-117.6066,34.12317],[-117.60593,34.12415]]],"type":"Polygon"},"properties":{"bbox":{"roads":{"area":3067.27,"pct":7.56}},"city_same":1,"id":"hex:2368:17441"},"type":"Feature"},{"geometry":{"coordinates":[[[-117.60594,34.1261],[-117.60663,34.12707],[-117.60798,34.12707],[-117.60865,34.12609],[-117.60797,34.12512],[-117.60661,34.12512],[-117.60594,34.1261]]],"type":"Polygon"},"properties":{"bbox":{"roads":{"area":3484.44,"pct":8.58}},"city_same":1,"id":"hex:2368:17442"},"type":"Feature"},{"geometry":{"coordinates":[[[-117.60596,34.12805],[-117.60664,34.12903],[-117.608,34.12902],[-117.60867,34.12804],[-117.60798,34.12707],[-117.60663,34.12707],[-117.60596,34.12805]]],"type":"Polygon"},"properties":{"bbox":{"roads":{"area":3203.65,"pct":7.89}},"city_same":1,"id":"hex:2368:17443"},"type":"Feature"},{"geometry":{"coordinates":[[[-117.60597,34.13001],[-117.60665,34.13098],[-117.60801,34.13097],[-117.60868,34.12999],[-117.608,34.12902],[-117.60664,34.12903],[-117.60597,34.13001]]],"type":"Polygon"},"properties":{"bbox":{"roads":{"area":3995.06,"pct":9.84}},"city_same":1,"id":"hex:2368:17444"},"type":"Feature"},{"geometry":{"coordinates":[[[-117.60598,34.13196],[-117.60667,34.13293],[-117.60802,34.13293],[-117.6087,34.13195],[-117.60801,34.13097],[-117.60665,34.13098],[-117.60598,34.13196]]],"type":"Polygon"},"properties":{"bbox":{"parking":{"area":2435.95,"pct":6},"roads":{"area":5486.13,"pct":13.51}},"city":{"parking":{"area":2435.95,"pct":6},"roads":{"area":3342.05,"pct":8.23}},"id":"hex:2368:17445"},"type":"Feature"},{"geometry":{"coordinates":[[[-117.606,34.13391],[-117.60668,34.13488],[-117.60804,34.13488],[-117.60871,34.1339],[-117.60802,34.13293],[-117.60667,34.13293],[-117.606,34.13391]]],"type":"Polygon"},"properties":{"bbox":{"parking":{"area":9664.24,"pct":23.81},"roads":{"area":6290.82,"pct":15.5}},"city":{"parking":{"area":9664.24,"pct":23.81},"roads":{"area":5027.86,"pct":12.39}},"id":"hex:2368:17446"},"type":"Feature"},{"geometry":{"coordinates":[[[-117.60601,34.13586],[-117.6067,34.13684],[-117.60805,34.13683],[-117.60872,34.13585],[-117.60804,34.13488],[-117.60668,34.13488],[-117.60601,34.13586]]],"type":"Polygon"},"properties":{"bbox":{"parking":{"area":3895.61,"pct":9.6},"roads":{"area":6729.17,"pct":16.58}},"city":{"parking":{"area":3895.61,"pct":9.6},"roads":{"area":4252.97,"pct":10.48}},"id":"hex:2368:17447"},"type":"Feature"},{"geometry":{"coordinates":[[[-117.60603,34.13782],[-117.60671,34.13879],[-117.60807,34.13878],[-117.60874,34.1378],[-117.60805,34.13683],[-117.6067,34.13684],[-117.60603,34.13782]]],"type":"Polygon"},"properties":{"bbox":{"roads":{"area":2872.02,"pct":7.07}},"city_same":1,"id":"hex:2368:17448"},"type":"Feature"},{"geometry":{"coordinates":[[[-117.60604,34.13977],[-117.60672,34.14074],[-117.60808,34.14074],[-117.60875,34.13976],[-117.60807,34.13878],[-117.60671,34.13879],[-117.60604,34.13977]]],"type":"Polygon"},"properties":{"bbox":{"roads":{"area":3485.99,"pct":8.59}},"city_same":1,"id":"hex:2368:17449"},"type":"Feature"},{"geometry":{"coordinates":[[[-117.60605,34.14172],[-117.60674,34.14269],[-117.60809,34.14269],[-117.60877,34.14171],[-117.60808,34.14074],[-117.60672,34.14074],[-117.60605,34.14172]]],"type":"Polygon"},"properties":{"bbox":{"parking":{"area":3468.44,"pct":8.54},"roads":{"area":3207.53,"pct":7.9}},"city_same":1,"id":"hex:2368:17450"},"type":"Feature"},{"geometry":{"coordinates":[[[-117.60607,34.14367],[-117.60675,34.14465],[-117.60811,34.14464],[-117.60878,34.14366],[-117.60809,34.14269],[-117.60674,34.14269],[-117.60607,34.14367]]],"type":"Polygon"},"properties":{"bbox":{"parking":{"area":3603.11,"pct":8.88},"roads":{"area":5583.68,"pct":13.75},"sidewalks":{"area":432.86,"pct":1.07}},"city_same":1,"id":"hex:2368:17451"},"type":"Feature"},{"geometry":{"coordinates":[[[-117.60608,34.14563],[-117.60677,34.1466],[-117.60812,34.14659],[-117.60879,34.14561],[-117.60811,34.14464],[-117.60675,34.14465],[-117.60608,34.14563]]],"type":"Polygon"},"properties":{"bbox":{"roads":{"area":3022.69,"pct":7.45}},"city_same":1,"id":"hex:2368:17452"},"type":"Feature"},{"geometry":{"coordinates":[[[-117.6061,34.14758],[-117.60678,34.14855],[-117.60814,34.14855],[-117.60881,34.14757],[-117.60812,34.14659],[-117.60677,34.1466],[-117.6061,34.14758]]],"type":"Polygon"},"properties":{"bbox":{"roads":{"area":2661.09,"pct":6.56}},"city_same":1,"id":"hex:2368:17453"},"type":"Feature"},{"geometry":{"coordinates":[[[-117.60611,34.14953],[-117.60679,34.1505],[-117.60815,34.1505],[-117.60882,34.14952],[-117.60814,34.14855],[-117.60678,34.14855],[-117.60611,34.14953]]],"type":"Polygon"},"properties":{"bbox":{"roads":{"area":4719.49,"pct":11.63}},"city":{"roads":{"area":2428.59,"pct":5.98}},"id":"hex:2368:17454"},"type":"Feature"},{"geometry":{"coordinates":[[[-117.60612,34.15148],[-117.60681,34.15246],[-117.60816,34.15245],[-117.60884,34.15147],[-117.60815,34.1505],[-117.60679,34.1505],[-117.60612,34.15148]]],"type":"Polygon"},"properties":{"bbox":{"roads":{"area":2292.84,"pct":5.65}},"city_same":1,"id":"hex:2368:17455"},"type":"Feature"},{"geometry":{"coordinates":[[[-117.60614,34.15344],[-117.60682,34.15441],[-117.60818,34.1544],[-117.60885,34.15342],[-117.60816,34.15245],[-117.60681,34.15246],[-117.60614,34.15344]]],"type":"Polygon"},"properties":{"bbox":{"parking":{"area":57.53,"pct":0.14},"roads":{"area":2298.35,"pct":5.66}},"city_same":1,"id":"hex:2368:17456"},"type":"Feature"},{"geometry":{"coordinates":[[[-117.60615,34.15539],[-117.60684,34.15636],[-117.60819,34.15636],[-117.60886,34.15538],[-117.60818,34.1544],[-117.60682,34.15441],[-117.60615,34.15539]]],"type":"Polygon"},"properties":{"bbox":{"roads":{"area":3577.22,"pct":8.81}},"city_same":1,"id":"hex:2368:17457"},"type":"Feature"},{"geometry":{"coordinates":[[[-117.60617,34.15734],[-117.60685,34.15831],[-117.60821,34.15831],[-117.60888,34.15733],[-117.60819,34.15636],[-117.60684,34.15636],[-117.60617,34.15734]]],"type":"Polygon"},"properties":{"bbox":{"roads":{"area":2869.57,"pct":7.07}},"city_same":1,"id":"hex:2368:17458"},"type":"Feature"},{"geometry":{"coordinates":[[[-117.60618,34.15929],[-117.60686,34.16027],[-117.60822,34.16026],[-117.60889,34.15928],[-117.60821,34.15831],[-117.60685,34.15831],[-117.60618,34.15929]]],"type":"Polygon"},"properties":{"bbox":{"roads":{"area":3243.96,"pct":7.99}},"city_same":1,"id":"hex:2368:17459"},"type":"Feature"},{"geometry":{"coordinates":[[[-117.60619,34.16125],[-117.60688,34.16222],[-117.60823,34.16221],[-117.60891,34.16123],[-117.60822,34.16026],[-117.60686,34.16027],[-117.60619,34.16125]]],"type":"Polygon"},"properties":{"bbox":{"roads":{"area":3565.61,"pct":8.78}},"city_same":1,"id":"hex:2368:17460"},"type":"Feature"},{"geometry":{"coordinates":[[[-117.60621,34.1632],[-117.60689,34.16417],[-117.60825,34.16417],[-117.60892,34.16319],[-117.60823,34.16221],[-117.60688,34.16222],[-117.60621,34.1632]]],"type":"Polygon"},"properties":{"bbox":{"roads":{"area":3126.34,"pct":7.7}},"city_same":1,"id":"hex:2368:17461"},"type":"Feature"},{"geometry":{"coordinates":[[[-117.60689,34.16417],[-117.60825,34.16417],[-117.60887,34.16505],[-117.6088,34.16505],[-117.60853,34.16504],[-117.60834,34.16502],[-117.60776,34.16498],[-117.60757,34.16496],[-117.60709,34.16497],[-117.60634,34.16498],[-117.60689,34.16417]]],"type":"Polygon"},"properties":{"bbox":{"roads":{"area":198.43,"pct":1.22}},"city_same":1,"id":"hex:2368:17462"},"type":"Feature"},{"geometry":{"coordinates":[[[-117.60361,34.08413],[-117.60384,34.08379],[-117.60465,34.08489],[-117.60422,34.08499],[-117.60361,34.08413]]],"type":"Polygon"},"properties":{"bbox":{"roads":{"area":755.46,"pct":15.41}},"city":{"roads":{"area":384.94,"pct":7.85}},"id":"hex:2369:17420"},"type":"Feature"},{"geometry":{"coordinates":[[[-117.60431,34.08706],[-117.60362,34.08609],[-117.60396,34.08559],[-117.60484,34.08706],[-117.60431,34.08706]]],"type":"Polygon"},"properties":{"bbox":{"roads":{"area":476.32,"pct":6.42}},"city_same":1,"id":"hex:2369:17421"},"type":"Feature"},{"geometry":{"coordinates":[[[-117.60568,34.089],[-117.60432,34.08901],[-117.60364,34.08804],[-117.60431,34.08706],[-117.60484,34.08706],[-117.60542,34.08801],[-117.60591,34.08867],[-117.60568,34.089]]],"type":"Polygon"},"properties":{"bbox":{"roads":{"area":2387.94,"pct":8.27}},"city_same":1,"id":"hex:2369:17422"},"type":"Feature"},{"geometry":{"coordinates":[[[-117.60365,34.08999],[-117.60434,34.09096],[-117.60569,34.09096],[-117.60636,34.08998],[-117.60568,34.089],[-117.60432,34.08901],[-117.60365,34.08999]]],"type":"Polygon"},"properties":{"bbox":{"roads":{"area":2872.95,"pct":7.08}},"city_same":1,"id":"hex:2369:17423"},"type":"Feature"},{"geometry":{"coordinates":[[[-117.60367,34.09194],[-117.60435,34.09292],[-117.60571,34.09291],[-117.60638,34.09193],[-117.60569,34.09096],[-117.60434,34.09096],[-117.60367,34.09194]]],"type":"Polygon"},"properties":{"bbox":{"roads":{"area":3225.22,"pct":7.94},"sidewalks":{"area":360.68,"pct":0.89}},"city_same":1,"id":"hex:2369:17424"},"type":"Feature"},{"geometry":{"coordinates":[[[-117.60368,34.0939],[-117.60436,34.09487],[-117.60572,34.09486],[-117.60639,34.09388],[-117.60571,34.09291],[-117.60435,34.09292],[-117.60368,34.0939]]],"type":"Polygon"},"properties":{"bbox":{"roads":{"area":4161.99,"pct":10.25}},"city_same":1,"id":"hex:2369:17425"},"type":"Feature"},{"geometry":{"coordinates":[[[-117.60369,34.09585],[-117.60438,34.09682],[-117.60573,34.09681],[-117.6064,34.09583],[-117.60572,34.09486],[-117.60436,34.09487],[-117.60369,34.09585]]],"type":"Polygon"},"properties":{"bbox":{"roads":{"area":4098.41,"pct":10.1}},"city_same":1,"id":"hex:2369:17426"},"type":"Feature"},{"geometry":{"coordinates":[[[-117.60371,34.0978],[-117.60439,34.09877],[-117.60575,34.09877],[-117.60642,34.09779],[-117.60573,34.09681],[-117.60438,34.09682],[-117.60371,34.0978]]],"type":"Polygon"},"properties":{"bbox":{"roads":{"area":2296.05,"pct":5.66}},"city_same":1,"id":"hex:2369:17427"},"type":"Feature"},{"geometry":{"coordinates":[[[-117.60372,34.09975],[-117.60441,34.10073],[-117.60576,34.10072],[-117.60643,34.09974],[-117.60575,34.09877],[-117.60439,34.09877],[-117.60372,34.09975]]],"type":"Polygon"},"properties":{"bbox":{"roads":{"area":6640.95,"pct":16.36}},"city":{"roads":{"area":3121.91,"pct":7.69}},"id":"hex:2369:17428"},"type":"Feature"},{"geometry":{"coordinates":[[[-117.60374,34.10171],[-117.60442,34.10268],[-117.60577,34.10267],[-117.60645,34.10169],[-117.60576,34.10072],[-117.60441,34.10073],[-117.60374,34.10171]]],"type":"Polygon"},"properties":{"bbox":{"roads":{"area":3427.89,"pct":8.44}},"city_same":1,"id":"hex:2369:17429"},"type":"Feature"},{"geometry":{"coordinates":[[[-117.60375,34.10366],[-117.60443,34.10463],[-117.60579,34.10462],[-117.60646,34.10364],[-117.60577,34.10267],[-117.60442,34.10268],[-117.60375,34.10366]]],"type":"Polygon"},"properties":{"bbox":{"roads":{"area":3743.23,"pct":9.22}},"city_same":1,"id":"hex:2369:17430"},"type":"Feature"},{"geometry":{"coordinates":[[[-117.60376,34.10561],[-117.60445,34.10658],[-117.6058,34.10658],[-117.60647,34.1056],[-117.60579,34.10462],[-117.60443,34.10463],[-117.60376,34.10561]]],"type":"Polygon"},"properties":{"bbox":{"parking":{"area":7109.67,"pct":17.51},"roads":{"area":5823.18,"pct":14.34},"sidewalks":{"area":184.46,"pct":0.45}},"city":{"parking":{"area":7109.67,"pct":17.51},"roads":{"area":4795.9,"pct":11.81},"sidewalks":{"area":184.46,"pct":0.45}},"id":"hex:2369:17431"},"type":"Feature"},{"geometry":{"coordinates":[[[-117.60378,34.10756],[-117.60446,34.10854],[-117.60582,34.10853],[-117.60649,34.10755],[-117.6058,34.10658],[-117.60445,34.10658],[-117.60378,34.10756]]],"type":"Polygon"},"properties":{"bbox":{"parking":{"area":31.73,"pct":0.08},"roads":{"area":5097.69,"pct":12.56}},"city":{"parking":{"area":31.73,"pct":0.08},"roads":{"area":3405.83,"pct":8.39}},"id":"hex:2369:17432"},"type":"Feature"},{"geometry":{"coordinates":[[[-117.60379,34.10952],[-117.60448,34.11049],[-117.60583,34.11048],[-117.6065,34.1095],[-117.60582,34.10853],[-117.60446,34.10854],[-117.60379,34.10952]]],"type":"Polygon"},"properties":{"bbox":{"roads":{"area":3443.98,"pct":8.48},"sidewalks":{"area":460.23,"pct":1.13}},"city_same":1,"id":"hex:2369:17433"},"type":"Feature"},{"geometry":{"coordinates":[[[-117.6038,34.11147],[-117.60449,34.11244],[-117.60584,34.11243],[-117.60652,34.11145],[-117.60583,34.11048],[-117.60448,34.11049],[-117.6038,34.11147]]],"type":"Polygon"},"properties":{"bbox":{"roads":{"area":2476.62,"pct":6.1}},"city_same":1,"id":"hex:2369:17434"},"type":"Feature"},{"geometry":{"coordinates":[[[-117.60382,34.11342],[-117.6045,34.11439],[-117.60586,34.11439],[-117.60653,34.11341],[-117.60584,34.11243],[-117.60449,34.11244],[-117.60382,34.11342]]],"type":"Polygon"},"properties":{"bbox":{"roads":{"area":4147.07,"pct":10.22}},"city_same":1,"id":"hex:2369:17435"},"type":"Feature"},{"geometry":{"coordinates":[[[-117.60383,34.11537],[-117.60452,34.11635],[-117.60587,34.11634],[-117.60654,34.11536],[-117.60586,34.11439],[-117.6045,34.11439],[-117.60383,34.11537]]],"type":"Polygon"},"properties":{"bbox":{"roads":{"area":3009.89,"pct":7.41}},"city_same":1,"id":"hex:2369:17436"},"type":"Feature"},{"geometry":{"coordinates":[[[-117.60385,34.11733],[-117.60453,34.1183],[-117.60589,34.11829],[-117.60656,34.11731],[-117.60587,34.11634],[-117.60452,34.11635],[-117.60385,34.11733]]],"type":"Polygon"},"properties":{"bbox":{"roads":{"area":2781.6,"pct":6.85},"sidewalks":{"area":297.75,"pct":0.73}},"city_same":1,"id":"hex:2369:17437"},"type":"Feature"},{"geometry":{"coordinates":[[[-117.60386,34.11928],[-117.60454,34.12025],[-117.6059,34.12024],[-117.60657,34.11926],[-117.60589,34.11829],[-117.60453,34.1183],[-117.60386,34.11928]]],"type":"Polygon"},"properties":{"bbox":{"roads":{"area":2494.18,"pct":6.14},"sidewalks":{"area":329.92,"pct":0.81}},"city_same":1,"id":"hex:2369:17438"},"type":"Feature"},{"geometry":{"coordinates":[[[-117.60387,34.12123],[-117.60456,34.1222],[-117.60591,34.1222],[-117.60658,34.12122],[-117.6059,34.12024],[-117.60454,34.12025],[-117.60387,34.12123]]],"type":"Polygon"},"properties":{"bbox":{"roads":{"area":5475.15,"pct":13.49},"sidewalks":{"area":582.84,"pct":1.44}},"city_same":1,"id":"hex:2369:17439"},"type":"Feature"},{"geometry":{"coordinates":[[[-117.60389,34.12318],[-117.60457,34.12416],[-117.60593,34.12415],[-117.6066,34.12317],[-117.60591,34.1222],[-117.60456,34.1222],[-117.60389,34.12318]]],"type":"Polygon"},"properties":{"bbox":{"roads":{"area":3626.89,"pct":8.93}},"city_same":1,"id":"hex:2369:17440"},"type":"Feature"},{"geometry":{"coordinates":[[[-117.6039,34.12514],[-117.60459,34.12611],[-117.60594,34.1261],[-117.60661,34.12512],[-117.60593,34.12415],[-117.60457,34.12416],[-117.6039,34.12514]]],"type":"Polygon"},"properties":{"bbox":{"roads":{"area":2949.44,"pct":7.27}},"city_same":1,"id":"hex:2369:17441"},"type":"Feature"},{"geometry":{"coordinates":[[[-117.60392,34.12709],[-117.6046,34.12806],[-117.60596,34.12805],[-117.60663,34.12707],[-117.60594,34.1261],[-117.60459,34.12611],[-117.60392,34.12709]]],"type":"Polygon"},"properties":{"bbox":{"roads":{"area":3123.71,"pct":7.69}},"city_same":1,"id":"hex:2369:17442"},"type":"Feature"},{"geometry":{"coordinates":[[[-117.60393,34.12904],[-117.60461,34.13001],[-117.60597,34.13001],[-117.60664,34.12903],[-117.60596,34.12805],[-117.6046,34.12806],[-117.60393,34.12904]]],"type":"Polygon"},"properties":{"bbox":{"roads":{"area":2181.12,"pct":5.37}},"city_same":1,"id":"hex:2369:17443"},"type":"Feature"},{"geometry":{"coordinates":[[[-117.60394,34.13099],[-117.60463,34.13197],[-117.60598,34.13196],[-117.60665,34.13098],[-117.60597,34.13001],[-117.60461,34.13001],[-117.60394,34.13099]]],"type":"Polygon"},"properties":{"bbox":{"roads":{"area":1783.27,"pct":4.39}},"city_same":1,"id":"hex:2369:17444"},"type":"Feature"},{"geometry":{"coordinates":[[[-117.60396,34.13295],[-117.60464,34.13392],[-117.606,34.13391],[-117.60667,34.13293],[-117.60598,34.13196],[-117.60463,34.13197],[-117.60396,34.13295]]],"type":"Polygon"},"properties":{"bbox":{"roads":{"area":3711.84,"pct":9.14}},"city":{"roads":{"area":1581.17,"pct":3.89}},"id":"hex:2369:17445"},"type":"Feature"},{"geometry":{"coordinates":[[[-117.60397,34.1349],[-117.60466,34.13587],[-117.60601,34.13586],[-117.60668,34.13488],[-117.606,34.13391],[-117.60464,34.13392],[-117.60397,34.1349]]],"type":"Polygon"},"properties":{"bbox":{"roads":{"area":9082.8,"pct":22.37}},"city":{"roads":{"area":2235.02,"pct":5.51}},"id":"hex:2369:17446"},"type":"Feature"},{"geometry":{"coordinates":[[[-117.60399,34.13685],[-117.60467,34.13782],[-117.60603,34.13782],[-117.6067,34.13684],[-117.60601,34.13586],[-117.60466,34.13587],[-117.60399,34.13685]]],"type":"Polygon"},"properties":{"bbox":{"roads":{"area":2528.57,"pct":6.23}},"city_same":1,"id":"hex:2369:17447"},"type":"Feature"},{"geometry":{"coordinates":[[[-117.604,34.1388],[-117.60468,34.13978],[-117.60604,34.13977],[-117.60671,34.13879],[-117.60603,34.13782],[-117.60467,34.13782],[-117.604,34.1388]]],"type":"Polygon"},"properties":{"bbox":{"roads":{"area":2392.22,"pct":5.89}},"city_same":1,"id":"hex:2369:17448"},"type":"Feature"},{"geometry":{"coordinates":[[[-117.60401,34.14076],[-117.6047,34.14173],[-117.60605,34.14172],[-117.60672,34.14074],[-117.60604,34.13977],[-117.60468,34.13978],[-117.60401,34.14076]]],"type":"Polygon"},"properties":{"bbox":{"roads":{"area":2924.57,"pct":7.2}},"city_same":1,"id":"hex:2369:17449"},"type":"Feature"},{"geometry":{"coordinates":[[[-117.60403,34.14271],[-117.60471,34.14368],[-117.60607,34.14367],[-117.60674,34.14269],[-117.60605,34.14172],[-117.6047,34.14173],[-117.60403,34.14271]]],"type":"Polygon"},"properties":{"bbox":{"parking":{"area":355.98,"pct":0.88},"roads":{"area":2483.17,"pct":6.12}},"city_same":1,"id":"hex:2369:17450"},"type":"Feature"},{"geometry":{"coordinates":[[[-117.60404,34.14466],[-117.60473,34.14563],[-117.60608,34.14563],[-117.60675,34.14465],[-117.60607,34.14367],[-117.60471,34.14368],[-117.60404,34.14466]]],"type":"Polygon"},"properties":{"bbox":{"roads":{"area":2453.49,"pct":6.04},"sidewalks":{"area":43.55,"pct":0.11}},"city_same":1,"id":"hex:2369:17451"},"type":"Feature"},{"geometry":{"coordinates":[[[-117.60405,34.14661],[-117.60474,34.14759],[-117.6061,34.14758],[-117.60677,34.1466],[-117.60608,34.14563],[-117.60473,34.14563],[-117.60405,34.14661]]],"type":"Polygon"},"properties":{"bbox":{"roads":{"area":2553.76,"pct":6.29}},"city_same":1,"id":"hex:2369:17452"},"type":"Feature"},{"geometry":{"coordinates":[[[-117.60407,34.14857],[-117.60475,34.14954],[-117.60611,34.14953],[-117.60678,34.14855],[-117.6061,34.14758],[-117.60474,34.14759],[-117.60407,34.14857]]],"type":"Polygon"},"properties":{"bbox":{"roads":{"area":1652.03,"pct":4.07}},"city_same":1,"id":"hex:2369:17453"},"type":"Feature"},{"geometry":{"coordinates":[[[-117.60408,34.15052],[-117.60477,34.15149],[-117.60612,34.15148],[-117.60679,34.1505],[-117.60611,34.14953],[-117.60475,34.14954],[-117.60408,34.15052]]],"type":"Polygon"},"properties":{"bbox":{"roads":{"area":4071.75,"pct":10.03}},"city":{"roads":{"area":1671.22,"pct":4.12}},"id":"hex:2369:17454"},"type":"Feature"},{"geometry":{"coordinates":[[[-117.6041,34.15247],[-117.60478,34.15344],[-117.60614,34.15344],[-117.60681,34.15246],[-117.60612,34.15148],[-117.60477,34.15149],[-117.6041,34.15247]]],"type":"Polygon"},"properties":{"bbox":{"roads":{"area":603.72,"pct":1.49}},"city_same":1,"id":"hex:2369:17455"},"type":"Feature"},{"geometry":{"coordinates":[[[-117.60411,34.15442],[-117.6048,34.1554],[-117.60615,34.15539],[-117.60682,34.15441],[-117.60614,34.15344],[-117.60478,34.15344],[-117.60411,34.15442]]],"type":"Polygon"},"properties":{"bbox":{"roads":{"area":2343.47,"pct":5.77}},"city_same":1,"id":"hex:2369:17456"},"type":"Feature"},{"geometry":{"coordinates":[[[-117.60412,34.15638],[-117.60481,34.15735],[-117.60617,34.15734],[-117.60684,34.15636],[-117.60615,34.15539],[-117.6048,34.1554],[-117.60412,34.15638]]],"type":"Polygon"},"properties":{"bbox":{"roads":{"area":1123.37,"pct":2.77}},"city_same":1,"id":"hex:2369:17457"},"type":"Feature"},{"geometry":{"coordinates":[[[-117.60414,34.15833],[-117.60482,34.1593],[-117.60618,34.15929],[-117.60685,34.15831],[-117.60617,34.15734],[-117.60481,34.15735],[-117.60414,34.15833]]],"type":"Polygon"},"properties":{"bbox":{"roads":{"area":1371.43,"pct":3.38}},"city_same":1,"id":"hex:2369:17458"},"type":"Feature"},{"geometry":{"coordinates":[[[-117.60415,34.16028],[-117.60484,34.16125],[-117.60619,34.16125],[-117.60686,34.16027],[-117.60618,34.15929],[-117.60482,34.1593],[-117.60415,34.16028]]],"type":"Polygon"},"properties":{"bbox":{"roads":{"area":1881.15,"pct":4.63}},"city_same":1,"id":"hex:2369:17459"},"type":"Feature"},{"geometry":{"coordinates":[[[-117.60417,34.16223],[-117.60485,34.16321],[-117.60621,34.1632],[-117.60688,34.16222],[-117.60619,34.16125],[-117.60484,34.16125],[-117.60417,34.16223]]],"type":"Polygon"},"properties":{"bbox":{"roads":{"area":1039.25,"pct":2.56}},"city_same":1,"id":"hex:2369:17460"},"type":"Feature"},{"geometry":{"coordinates":[[[-117.60418,34.16419],[-117.60485,34.16321],[-117.60621,34.1632],[-117.60689,34.16417],[-117.60634,34.16498],[-117.60582,34.16498],[-117.60565,34.16499],[-117.60516,34.16499],[-117.60475,34.165],[-117.60418,34.16419]]],"type":"Polygon"},"properties":{"bbox":{"roads":{"area":923.74,"pct":2.43}},"city_same":1,"id":"hex:2369:17461"},"type":"Feature"},{"geometry":{"coordinates":[[[-117.60224,34.08219],[-117.60156,34.08121],[-117.60187,34.08076],[-117.60199,34.08128],[-117.60266,34.08218],[-117.60224,34.08219]]],"type":"Polygon"},"properties":{"bbox":{"roads":{"area":425.89,"pct":8.52}},"city_same":1,"id":"hex:2370:17419"},"type":"Feature"},{"geometry":{"coordinates":[[[-117.60361,34.08413],[-117.60226,34.08414],[-117.60157,34.08317],[-117.60224,34.08219],[-117.60266,34.08218],[-117.60384,34.08379],[-117.60361,34.08413]]],"type":"Polygon"},"properties":{"bbox":{"roads":{"area":2298.82,"pct":8.09},"sidewalks":{"area":287.77,"pct":1.01}},"city_same":1,"id":"hex:2370:17420"},"type":"Feature"},{"geometry":{"coordinates":[[[-117.60362,34.08609],[-117.60227,34.08609],[-117.60159,34.08512],[-117.60226,34.08414],[-117.60361,34.08413],[-117.60422,34.08499],[-117.60382,34.08509],[-117.60368,34.08512],[-117.60396,34.08559],[-117.60362,34.08609]]],"type":"Polygon"},"properties":{"bbox":{"roads":{"area":6597.91,"pct":17.04},"sidewalks":{"area":337.9,"pct":0.87}},"city":{"roads":{"area":4425,"pct":11.42},"sidewalks":{"area":337.9,"pct":0.87}},"id":"hex:2370:17421"},"type":"Feature"},{"geometry":{"coordinates":[[[-117.6016,34.08707],[-117.60228,34.08804],[-117.60364,34.08804],[-117.60431,34.08706],[-117.60362,34.08609],[-117.60227,34.08609],[-117.6016,34.08707]]],"type":"Polygon"},"properties":{"bbox":{"roads":{"area":5930.56,"pct":14.61}},"city_same":1,"id":"hex:2370:17422"},"type":"Feature"},{"geometry":{"coordinates":[[[-117.60161,34.08902],[-117.6023,34.09],[-117.60365,34.08999],[-117.60432,34.08901],[-117.60364,34.08804],[-117.60228,34.08804],[-117.60161,34.08902]]],"type":"Polygon"},"properties":{"bbox":{"roads":{"area":8155.08,"pct":20.09}},"city_same":1,"id":"hex:2370:17423"},"type":"Feature"},{"geometry":{"coordinates":[[[-117.60163,34.09098],[-117.60231,34.09195],[-117.60367,34.09194],[-117.60434,34.09096],[-117.60365,34.08999],[-117.6023,34.09],[-117.60163,34.09098]]],"type":"Polygon"},"properties":{"bbox":{"roads":{"area":5842.62,"pct":14.39},"sidewalks":{"area":182.43,"pct":0.45}},"city_same":1,"id":"hex:2370:17424"},"type":"Feature"},{"geometry":{"coordinates":[[[-117.60164,34.09293],[-117.60232,34.0939],[-117.60368,34.0939],[-117.60435,34.09292],[-117.60367,34.09194],[-117.60231,34.09195],[-117.60164,34.09293]]],"type":"Polygon"},"properties":{"bbox":{"roads":{"area":4059.45,"pct":10}},"city_same":1,"id":"hex:2370:17425"},"type":"Feature"},{"geometry":{"coordinates":[[[-117.60165,34.09488],[-117.60234,34.09585],[-117.60369,34.09585],[-117.60436,34.09487],[-117.60368,34.0939],[-117.60232,34.0939],[-117.60165,34.09488]]],"type":"Polygon"},"properties":{"bbox":{"roads":{"area":6633.79,"pct":16.34}},"city_same":1,"id":"hex:2370:17426"},"type":"Feature"},{"geometry":{"coordinates":[[[-117.60167,34.09683],[-117.60235,34.09781],[-117.60371,34.0978],[-117.60438,34.09682],[-117.60369,34.09585],[-117.60234,34.09585],[-117.60167,34.09683]]],"type":"Polygon"},"properties":{"bbox":{"roads":{"area":4874.92,"pct":12.01}},"city_same":1,"id":"hex:2370:17427"},"type":"Feature"},{"geometry":{"coordinates":[[[-117.60168,34.09879],[-117.60237,34.09976],[-117.60372,34.09975],[-117.60439,34.09877],[-117.60371,34.0978],[-117.60235,34.09781],[-117.60168,34.09879]]],"type":"Polygon"},"properties":{"bbox":{"roads":{"area":7619.76,"pct":18.77}},"city":{"roads":{"area":4518.55,"pct":11.13}},"id":"hex:2370:17428"},"type":"Feature"},{"geometry":{"coordinates":[[[-117.6017,34.10074],[-117.60238,34.10171],[-117.60374,34.10171],[-117.60441,34.10073],[-117.60372,34.09975],[-117.60237,34.09976],[-117.6017,34.10074]]],"type":"Polygon"},"properties":{"bbox":{"roads":{"area":5374.61,"pct":13.24}},"city_same":1,"id":"hex:2370:17429"},"type":"Feature"},{"geometry":{"coordinates":[[[-117.60171,34.10269],[-117.60239,34.10366],[-117.60375,34.10366],[-117.60442,34.10268],[-117.60374,34.10171],[-117.60238,34.10171],[-117.60171,34.10269]]],"type":"Polygon"},"properties":{"bbox":{"roads":{"area":4796.41,"pct":11.82}},"city_same":1,"id":"hex:2370:17430"},"type":"Feature"},{"geometry":{"coordinates":[[[-117.60172,34.10464],[-117.60241,34.10562],[-117.60376,34.10561],[-117.60443,34.10463],[-117.60375,34.10366],[-117.60239,34.10366],[-117.60172,34.10464]]],"type":"Polygon"},"properties":{"bbox":{"parking":{"area":3489.88,"pct":8.6},"roads":{"area":3950.49,"pct":9.73}},"city_same":1,"id":"hex:2370:17431"},"type":"Feature"},{"geometry":{"coordinates":[[[-117.60174,34.1066],[-117.60242,34.10757],[-117.60378,34.10756],[-117.60445,34.10658],[-117.60376,34.10561],[-117.60241,34.10562],[-117.60174,34.1066]]],"type":"Polygon"},"properties":{"bbox":{"parking":{"area":2127.4,"pct":5.24},"roads":{"area":8685.32,"pct":21.4},"sidewalks":{"area":566.32,"pct":1.4}},"city":{"parking":{"area":2127.4,"pct":5.24},"roads":{"area":3464.54,"pct":8.53},"sidewalks":{"area":566.32,"pct":1.4}},"id":"hex:2370:17432"},"type":"Feature"},{"geometry":{"coordinates":[[[-117.60175,34.10855],[-117.60244,34.10952],[-117.60379,34.10952],[-117.60446,34.10854],[-117.60378,34.10756],[-117.60242,34.10757],[-117.60175,34.10855]]],"type":"Polygon"},"properties":{"bbox":{"roads":{"area":5203.88,"pct":12.82},"sidewalks":{"area":1037.89,"pct":2.56}},"city_same":1,"id":"hex:2370:17433"},"type":"Feature"},{"geometry":{"coordinates":[[[-117.60176,34.1105],[-117.60245,34.11147],[-117.6038,34.11147],[-117.60448,34.11049],[-117.60379,34.10952],[-117.60244,34.10952],[-117.60176,34.1105]]],"type":"Polygon"},"properties":{"bbox":{"roads":{"area":4832.11,"pct":11.9},"sidewalks":{"area":510.67,"pct":1.26}},"city_same":1,"id":"hex:2370:17434"},"type":"Feature"},{"geometry":{"coordinates":[[[-117.60178,34.11245],[-117.60246,34.11343],[-117.60382,34.11342],[-117.60449,34.11244],[-117.6038,34.11147],[-117.60245,34.11147],[-117.60178,34.11245]]],"type":"Polygon"},"properties":{"bbox":{"roads":{"area":4041.18,"pct":9.95},"sidewalks":{"area":442.14,"pct":1.09}},"city_same":1,"id":"hex:2370:17435"},"type":"Feature"},{"geometry":{"coordinates":[[[-117.60179,34.11441],[-117.60248,34.11538],[-117.60383,34.11537],[-117.6045,34.11439],[-117.60382,34.11342],[-117.60246,34.11343],[-117.60179,34.11441]]],"type":"Polygon"},"properties":{"bbox":{"roads":{"area":4511.67,"pct":11.11},"sidewalks":{"area":455.33,"pct":1.12}},"city_same":1,"id":"hex:2370:17436"},"type":"Feature"},{"geometry":{"coordinates":[[[-117.60181,34.11636],[-117.60249,34.11733],[-117.60385,34.11733],[-117.60452,34.11635],[-117.60383,34.11537],[-117.60248,34.11538],[-117.60181,34.11636]]],"type":"Polygon"},"properties":{"bbox":{"roads":{"area":3152.67,"pct":7.77},"sidewalks":{"area":501.26,"pct":1.23}},"city_same":1,"id":"hex:2370:17437"},"type":"Feature"},{"geometry":{"coordinates":[[[-117.60182,34.11831],[-117.6025,34.11928],[-117.60386,34.11928],[-117.60453,34.1183],[-117.60385,34.11733],[-117.60249,34.11733],[-117.60182,34.11831]]],"type":"Polygon"},"properties":{"bbox":{"roads":{"area":2566.93,"pct":6.32},"sidewalks":{"area":432.38,"pct":1.07}},"city_same":1,"id":"hex:2370:17438"},"type":"Feature"},{"geometry":{"coordinates":[[[-117.60183,34.12026],[-117.60252,34.12124],[-117.60387,34.12123],[-117.60454,34.12025],[-117.60386,34.11928],[-117.6025,34.11928],[-117.60183,34.12026]]],"type":"Polygon"},"properties":{"bbox":{"roads":{"area":4932.89,"pct":12.15},"sidewalks":{"area":490.69,"pct":1.21}},"city_same":1,"id":"hex:2370:17439"},"type":"Feature"},{"geometry":{"coordinates":[[[-117.60185,34.12222],[-117.60253,34.12319],[-117.60389,34.12318],[-117.60456,34.1222],[-117.60387,34.12123],[-117.60252,34.12124],[-117.60185,34.12222]]],"type":"Polygon"},"properties":{"bbox":{"roads":{"area":5531.02,"pct":13.62},"sidewalks":{"area":256.94,"pct":0.63}},"city_same":1,"id":"hex:2370:17440"},"type":"Feature"},{"geometry":{"coordinates":[[[-117.60186,34.12417],[-117.60255,34.12514],[-117.6039,34.12514],[-117.60457,34.12416],[-117.60389,34.12318],[-117.60253,34.12319],[-117.60186,34.12417]]],"type":"Polygon"},"properties":{"bbox":{"roads":{"area":3552.08,"pct":8.75}},"city_same":1,"id":"hex:2370:17441"},"type":"Feature"},{"geometry":{"coordinates":[[[-117.60188,34.12612],[-117.60256,34.12709],[-117.60392,34.12709],[-117.60459,34.12611],[-117.6039,34.12514],[-117.60255,34.12514],[-117.60188,34.12612]]],"type":"Polygon"},"properties":{"bbox":{"roads":{"area":4478.66,"pct":11.03}},"city_same":1,"id":"hex:2370:17442"},"type":"Feature"},{"geometry":{"coordinates":[[[-117.60189,34.12807],[-117.60257,34.12905],[-117.60393,34.12904],[-117.6046,34.12806],[-117.60392,34.12709],[-117.60256,34.12709],[-117.60189,34.12807]]],"type":"Polygon"},"properties":{"bbox":{"roads":{"area":3692.71,"pct":9.1}},"city_same":1,"id":"hex:2370:17443"},"type":"Feature"},{"geometry":{"coordinates":[[[-117.6019,34.13003],[-117.60259,34.131],[-117.60394,34.13099],[-117.60461,34.13001],[-117.60393,34.12904],[-117.60257,34.12905],[-117.6019,34.13003]]],"type":"Polygon"},"properties":{"bbox":{"roads":{"area":2860.8,"pct":7.05}},"city_same":1,"id":"hex:2370:17444"},"type":"Feature"},{"geometry":{"coordinates":[[[-117.60192,34.13198],[-117.6026,34.13295],[-117.60396,34.13295],[-117.60463,34.13197],[-117.60394,34.13099],[-117.60259,34.131],[-117.60192,34.13198]]],"type":"Polygon"},"properties":{"bbox":{"parking":{"area":86.75,"pct":0.21},"roads":{"area":4608.76,"pct":11.35}},"city":{"parking":{"area":86.75,"pct":0.21},"roads":{"area":2661.18,"pct":6.56}},"id":"hex:2370:17445"},"type":"Feature"},{"geometry":{"coordinates":[[[-117.60193,34.13393],[-117.60262,34.1349],[-117.60397,34.1349],[-117.60464,34.13392],[-117.60396,34.13295],[-117.6026,34.13295],[-117.60193,34.13393]]],"type":"Polygon"},"properties":{"bbox":{"parking":{"area":510.48,"pct":1.26},"roads":{"area":4784.07,"pct":11.78}},"city":{"parking":{"area":510.48,"pct":1.26},"roads":{"area":3233.42,"pct":7.97}},"id":"hex:2370:17446"},"type":"Feature"},{"geometry":{"coordinates":[[[-117.60194,34.13588],[-117.60263,34.13686],[-117.60399,34.13685],[-117.60466,34.13587],[-117.60397,34.1349],[-117.60262,34.1349],[-117.60194,34.13588]]],"type":"Polygon"},"properties":{"bbox":{"roads":{"area":7102.72,"pct":17.5}},"city":{"roads":{"area":2365.79,"pct":5.83}},"id":"hex:2370:17447"},"type":"Feature"},{"geometry":{"coordinates":[[[-117.60196,34.13784],[-117.60264,34.13881],[-117.604,34.1388],[-117.60467,34.13782],[-117.60399,34.13685],[-117.60263,34.13686],[-117.60196,34.13784]]],"type":"Polygon"},"properties":{"bbox":{"roads":{"area":3055.56,"pct":7.53}},"city":{"roads":{"area":1473.65,"pct":3.63}},"id":"hex:2370:17448"},"type":"Feature"},{"geometry":{"coordinates":[[[-117.60197,34.13979],[-117.60266,34.14076],[-117.60401,34.14076],[-117.60468,34.13978],[-117.604,34.1388],[-117.60264,34.13881],[-117.60197,34.13979]]],"type":"Polygon"},"properties":{"bbox":{"roads":{"area":4628.63,"pct":11.4}},"city":{"roads":{"area":3098.61,"pct":7.63}},"id":"hex:2370:17449"},"type":"Feature"},{"geometry":{"coordinates":[[[-117.60199,34.14174],[-117.60267,34.14271],[-117.60403,34.14271],[-117.6047,34.14173],[-117.60401,34.14076],[-117.60266,34.14076],[-117.60199,34.14174]]],"type":"Polygon"},"properties":{"bbox":{"roads":{"area":2818.78,"pct":6.94}},"city":{"roads":{"area":1216.62,"pct":3}},"id":"hex:2370:17450"},"type":"Feature"},{"geometry":{"coordinates":[[[-117.602,34.14369],[-117.60268,34.14467],[-117.60404,34.14466],[-117.60471,34.14368],[-117.60403,34.14271],[-117.60267,34.14271],[-117.602,34.14369]]],"type":"Polygon"},"properties":{"bbox":{"roads":{"area":3515.17,"pct":8.66}},"city":{"roads":{"area":1990.72,"pct":4.9}},"id":"hex:2370:17451"},"type":"Feature"},{"geometry":{"coordinates":[[[-117.60201,34.14565],[-117.6027,34.14662],[-117.60405,34.14661],[-117.60473,34.14563],[-117.60404,34.14466],[-117.60268,34.14467],[-117.60201,34.14565]]],"type":"Polygon"},"properties":{"bbox":{"roads":{"area":1846.23,"pct":4.55}},"city":{"roads":{"area":268.47,"pct":0.66}},"id":"hex:2370:17452"},"type":"Feature"},{"geometry":{"coordinates":[[[-117.60203,34.1476],[-117.60271,34.14857],[-117.60407,34.14857],[-117.60474,34.14759],[-117.60405,34.14661],[-117.6027,34.14662],[-117.60203,34.1476]]],"type":"Polygon"},"properties":{"bbox":{"roads":{"area":3234.71,"pct":7.97}},"city":{"roads":{"area":1714.67,"pct":4.22}},"id":"hex:2370:17453"},"type":"Feature"},{"geometry":{"coordinates":[[[-117.60204,34.14955],[-117.60273,34.15052],[-117.60408,34.15052],[-117.60475,34.14954],[-117.60407,34.14857],[-117.60271,34.14857],[-117.60204,34.14955]]],"type":"Polygon"},"properties":{"bbox":{"roads":{"area":3635.24,"pct":8.95}},"city":{"roads":{"area":250.13,"pct":0.62}},"id":"hex:2370:17454"},"type":"Feature"},{"geometry":{"coordinates":[[[-117.60206,34.1515],[-117.60274,34.15248],[-117.6041,34.15247],[-117.60477,34.15149],[-117.60408,34.15052],[-117.60273,34.15052],[-117.60206,34.1515]]],"type":"Polygon"},"properties":{"bbox":{"roads":{"area":1775.99,"pct":4.37}},"city_same":1,"id":"hex:2370:17455"},"type":"Feature"},{"geometry":{"coordinates":[[[-117.60207,34.15346],[-117.60275,34.15443],[-117.60411,34.15442],[-117.60478,34.15344],[-117.6041,34.15247],[-117.60274,34.15248],[-117.60207,34.15346]]],"type":"Polygon"},"properties":{"bbox":{"roads":{"area":3902.36,"pct":9.61}},"city_same":1,"id":"hex:2370:17456"},"type":"Feature"},{"geometry":{"coordinates":[[[-117.60208,34.15541],[-117.60277,34.15638],[-117.60412,34.15638],[-117.6048,34.1554],[-117.60411,34.15442],[-117.60275,34.15443],[-117.60208,34.15541]]],"type":"Polygon"},"properties":{"bbox":{"roads":{"area":3709.97,"pct":9.14}},"city_same":1,"id":"hex:2370:17457"},"type":"Feature"},{"geometry":{"coordinates":[[[-117.60211,34.15931],[-117.6028,34.16029],[-117.60415,34.16028],[-117.60482,34.1593],[-117.60414,34.15833],[-117.60278,34.15833],[-117.60211,34.15931]]],"type":"Polygon"},"properties":{"bbox":{"roads":{"area":238.75,"pct":0.59}},"city_same":1,"id":"hex:2370:17459"},"type":"Feature"},{"geometry":{"coordinates":[[[-117.60019,34.07927],[-117.5995,34.07829],[-117.60001,34.07756],[-117.60108,34.07757],[-117.6015,34.07926],[-117.60019,34.07927]]],"type":"Polygon"},"properties":{"bbox":{"roads":{"area":1491.74,"pct":5.78},"sidewalks":{"area":107.82,"pct":0.42}},"city_same":1,"id":"hex:2371:17417"},"type":"Feature"},{"geometry":{"coordinates":[[[-117.60156,34.08121],[-117.6002,34.08122],[-117.59952,34.08025],[-117.60019,34.07927],[-117.6015,34.07926],[-117.60187,34.08076],[-117.60156,34.08121]]],"type":"Polygon"},"properties":{"bbox":{"roads":{"area":2139.92,"pct":5.85}},"city_same":1,"id":"hex:2371:17418"},"type":"Feature"},{"geometry":{"coordinates":[[[-117.59953,34.0822],[-117.60022,34.08317],[-117.60157,34.08317],[-117.60224,34.08219],[-117.60156,34.08121],[-117.6002,34.08122],[-117.59953,34.0822]]],"type":"Polygon"},"properties":{"bbox":{"roads":{"area":3111.34,"pct":7.66}},"city_same":1,"id":"hex:2371:17419"},"type":"Feature"},{"geometry":{"coordinates":[[[-117.59955,34.08415],[-117.60023,34.08513],[-117.60159,34.08512],[-117.60226,34.08414],[-117.60157,34.08317],[-117.60022,34.08317],[-117.59955,34.08415]]],"type":"Polygon"},"properties":{"bbox":{"parking":{"area":516.63,"pct":1.27},"roads":{"area":6290.15,"pct":15.49},"sidewalks":{"area":56.25,"pct":0.14}},"city":{"parking":{"area":516.63,"pct":1.27},"roads":{"area":4004.66,"pct":9.86},"sidewalks":{"area":56.25,"pct":0.14}},"id":"hex:2371:17420"},"type":"Feature"},{"geometry":{"coordinates":[[[-117.59956,34.08611],[-117.60024,34.08708],[-117.6016,34.08707],[-117.60227,34.08609],[-117.60159,34.08512],[-117.60023,34.08513],[-117.59956,34.08611]]],"type":"Polygon"},"properties":{"bbox":{"roads":{"area":3600.49,"pct":8.87}},"city_same":1,"id":"hex:2371:17421"},"type":"Feature"},{"geometry":{"coordinates":[[[-117.59957,34.08806],[-117.60026,34.08903],[-117.60161,34.08902],[-117.60228,34.08804],[-117.6016,34.08707],[-117.60024,34.08708],[-117.59957,34.08806]]],"type":"Polygon"},"properties":{"bbox":{"roads":{"area":4822.53,"pct":11.88}},"city_same":1,"id":"hex:2371:17422"},"type":"Feature"},{"geometry":{"coordinates":[[[-117.59959,34.09001],[-117.60027,34.09098],[-117.60163,34.09098],[-117.6023,34.09],[-117.60161,34.08902],[-117.60026,34.08903],[-117.59959,34.09001]]],"type":"Polygon"},"properties":{"bbox":{"roads":{"area":3478.76,"pct":8.57}},"city_same":1,"id":"hex:2371:17423"},"type":"Feature"},{"geometry":{"coordinates":[[[-117.5996,34.09196],[-117.60029,34.09294],[-117.60164,34.09293],[-117.60231,34.09195],[-117.60163,34.09098],[-117.60027,34.09098],[-117.5996,34.09196]]],"type":"Polygon"},"properties":{"bbox":{"roads":{"area":3751.71,"pct":9.24}},"city_same":1,"id":"hex:2371:17424"},"type":"Feature"},{"geometry":{"coordinates":[[[-117.59961,34.09392],[-117.6003,34.09489],[-117.60165,34.09488],[-117.60232,34.0939],[-117.60164,34.09293],[-117.60029,34.09294],[-117.59961,34.09392]]],"type":"Polygon"},"properties":{"bbox":{"roads":{"area":5788.83,"pct":14.26}},"city_same":1,"id":"hex:2371:17425"},"type":"Feature"},{"geometry":{"coordinates":[[[-117.59963,34.09587],[-117.60031,34.09684],[-117.60167,34.09683],[-117.60234,34.09585],[-117.60165,34.09488],[-117.6003,34.09489],[-117.59963,34.09587]]],"type":"Polygon"},"properties":{"bbox":{"roads":{"area":6619.01,"pct":16.3}},"city_same":1,"id":"hex:2371:17426"},"type":"Feature"},{"geometry":{"coordinates":[[[-117.59964,34.09782],[-117.60033,34.09879],[-117.60168,34.09879],[-117.60235,34.09781],[-117.60167,34.09683],[-117.60031,34.09684],[-117.59964,34.09782]]],"type":"Polygon"},"properties":{"bbox":{"roads":{"area":3534.93,"pct":8.71}},"city_same":1,"id":"hex:2371:17427"},"type":"Feature"},{"geometry":{"coordinates":[[[-117.59966,34.09977],[-117.60034,34.10075],[-117.6017,34.10074],[-117.60237,34.09976],[-117.60168,34.09879],[-117.60033,34.09879],[-117.59966,34.09977]]],"type":"Polygon"},"properties":{"bbox":{"roads":{"area":6660.18,"pct":16.41}},"city":{"roads":{"area":3132.29,"pct":7.72}},"id":"hex:2371:17428"},"type":"Feature"},{"geometry":{"coordinates":[[[-117.59967,34.10173],[-117.60035,34.1027],[-117.60171,34.10269],[-117.60238,34.10171],[-117.6017,34.10074],[-117.60034,34.10075],[-117.59967,34.10173]]],"type":"Polygon"},"properties":{"bbox":{"roads":{"area":2683.38,"pct":6.61}},"city_same":1,"id":"hex:2371:17429"},"type":"Feature"},{"geometry":{"coordinates":[[[-117.59968,34.10368],[-117.60037,34.10465],[-117.60172,34.10464],[-117.60239,34.10366],[-117.60171,34.10269],[-117.60035,34.1027],[-117.59968,34.10368]]],"type":"Polygon"},"properties":{"bbox":{"roads":{"area":3539.19,"pct":8.72}},"city_same":1,"id":"hex:2371:17430"},"type":"Feature"},{"geometry":{"coordinates":[[[-117.5997,34.10563],[-117.60038,34.1066],[-117.60174,34.1066],[-117.60241,34.10562],[-117.60172,34.10464],[-117.60037,34.10465],[-117.5997,34.10563]]],"type":"Polygon"},"properties":{"bbox":{"roads":{"area":6413.81,"pct":15.8},"sidewalks":{"area":198.61,"pct":0.49}},"city":{"roads":{"area":4960.32,"pct":12.22},"sidewalks":{"area":198.61,"pct":0.49}},"id":"hex:2371:17431"},"type":"Feature"},{"geometry":{"coordinates":[[[-117.59971,34.10758],[-117.6004,34.10856],[-117.60175,34.10855],[-117.60242,34.10757],[-117.60174,34.1066],[-117.60038,34.1066],[-117.59971,34.10758]]],"type":"Polygon"},"properties":{"bbox":{"roads":{"area":4947.85,"pct":12.19},"sidewalks":{"area":268.75,"pct":0.66}},"city":{"roads":{"area":3505.97,"pct":8.64},"sidewalks":{"area":268.75,"pct":0.66}},"id":"hex:2371:17432"},"type":"Feature"},{"geometry":{"coordinates":[[[-117.59973,34.10954],[-117.60041,34.11051],[-117.60176,34.1105],[-117.60244,34.10952],[-117.60175,34.10855],[-117.6004,34.10856],[-117.59973,34.10954]]],"type":"Polygon"},"properties":{"bbox":{"roads":{"area":3648,"pct":8.99},"sidewalks":{"area":374.29,"pct":0.92}},"city_same":1,"id":"hex:2371:17433"},"type":"Feature"},{"geometry":{"coordinates":[[[-117.59974,34.11149],[-117.60042,34.11246],[-117.60178,34.11245],[-117.60245,34.11147],[-117.60176,34.1105],[-117.60041,34.11051],[-117.59974,34.11149]]],"type":"Polygon"},"properties":{"bbox":{"roads":{"area":3632.72,"pct":8.95},"sidewalks":{"area":119.8,"pct":0.3}},"city_same":1,"id":"hex:2371:17434"},"type":"Feature"},{"geometry":{"coordinates":[[[-117.59975,34.11344],[-117.60044,34.11441],[-117.60179,34.11441],[-117.60246,34.11343],[-117.60178,34.11245],[-117.60042,34.11246],[-117.59975,34.11344]]],"type":"Polygon"},"properties":{"bbox":{"roads":{"area":4295.7,"pct":10.58},"sidewalks":{"area":135.07,"pct":0.33}},"city_same":1,"id":"hex:2371:17435"},"type":"Feature"},{"geometry":{"coordinates":[[[-117.59977,34.11539],[-117.60045,34.11637],[-117.60181,34.11636],[-117.60248,34.11538],[-117.60179,34.11441],[-117.60044,34.11441],[-117.59977,34.11539]]],"type":"Polygon"},"properties":{"bbox":{"roads":{"area":1354.3,"pct":3.34},"sidewalks":{"area":145.55,"pct":0.36}},"city_same":1,"id":"hex:2371:17436"},"type":"Feature"},{"geometry":{"coordinates":[[[-117.59978,34.11735],[-117.60046,34.11832],[-117.60182,34.11831],[-117.60249,34.11733],[-117.60181,34.11636],[-117.60045,34.11637],[-117.59978,34.11735]]],"type":"Polygon"},"properties":{"bbox":{"roads":{"area":2384,"pct":5.87},"sidewalks":{"area":154.48,"pct":0.38}},"city_same":1,"id":"hex:2371:17437"},"type":"Feature"},{"geometry":{"coordinates":[[[-117.59979,34.1193],[-117.60048,34.12027],[-117.60183,34.12026],[-117.6025,34.11928],[-117.60182,34.11831],[-117.60046,34.11832],[-117.59979,34.1193]]],"type":"Polygon"},"properties":{"bbox":{"roads":{"area":2645.92,"pct":6.52},"sidewalks":{"area":162.59,"pct":0.4}},"city_same":1,"id":"hex:2371:17438"},"type":"Feature"},{"geometry":{"coordinates":[[[-117.59981,34.12125],[-117.60049,34.12222],[-117.60185,34.12222],[-117.60252,34.12124],[-117.60183,34.12026],[-117.60048,34.12027],[-117.59981,34.12125]]],"type":"Polygon"},"properties":{"bbox":{"roads":{"area":5652.42,"pct":13.92},"sidewalks":{"area":746.78,"pct":1.84}},"city_same":1,"id":"hex:2371:17439"},"type":"Feature"},{"geometry":{"coordinates":[[[-117.59982,34.1232],[-117.60051,34.12418],[-117.60186,34.12417],[-117.60253,34.12319],[-117.60185,34.12222],[-117.60049,34.12222],[-117.59982,34.1232]]],"type":"Polygon"},"properties":{"bbox":{"roads":{"area":4270.17,"pct":10.52}},"city_same":1,"id":"hex:2371:17440"},"type":"Feature"},{"geometry":{"coordinates":[[[-117.59984,34.12516],[-117.60052,34.12613],[-117.60188,34.12612],[-117.60255,34.12514],[-117.60186,34.12417],[-117.60051,34.12418],[-117.59984,34.12516]]],"type":"Polygon"},"properties":{"bbox":{"roads":{"area":2849.82,"pct":7.02}},"city_same":1,"id":"hex:2371:17441"},"type":"Feature"},{"geometry":{"coordinates":[[[-117.59985,34.12711],[-117.60053,34.12808],[-117.60189,34.12807],[-117.60256,34.12709],[-117.60188,34.12612],[-117.60052,34.12613],[-117.59985,34.12711]]],"type":"Polygon"},"properties":{"bbox":{"roads":{"area":3188.39,"pct":7.85}},"city_same":1,"id":"hex:2371:17442"},"type":"Feature"},{"geometry":{"coordinates":[[[-117.59986,34.12906],[-117.60055,34.13003],[-117.6019,34.13003],[-117.60257,34.12905],[-117.60189,34.12807],[-117.60053,34.12808],[-117.59986,34.12906]]],"type":"Polygon"},"properties":{"bbox":{"roads":{"area":2226.87,"pct":5.49}},"city_same":1,"id":"hex:2371:17443"},"type":"Feature"},{"geometry":{"coordinates":[[[-117.59988,34.13101],[-117.60056,34.13199],[-117.60192,34.13198],[-117.60259,34.131],[-117.6019,34.13003],[-117.60055,34.13003],[-117.59988,34.13101]]],"type":"Polygon"},"properties":{"bbox":{"roads":{"area":2962.33,"pct":7.3}},"city_same":1,"id":"hex:2371:17444"},"type":"Feature"},{"geometry":{"coordinates":[[[-117.59989,34.13297],[-117.60058,34.13394],[-117.60193,34.13393],[-117.6026,34.13295],[-117.60192,34.13198],[-117.60056,34.13199],[-117.59989,34.13297]]],"type":"Polygon"},"properties":{"bbox":{"parking":{"area":259.56,"pct":0.64},"roads":{"area":3959.1,"pct":9.75}},"city":{"parking":{"area":259.56,"pct":0.64},"roads":{"area":2157.7,"pct":5.32}},"id":"hex:2371:17445"},"type":"Feature"},{"geometry":{"coordinates":[[[-117.5999,34.13492],[-117.60059,34.13589],[-117.60194,34.13588],[-117.60262,34.1349],[-117.60193,34.13393],[-117.60058,34.13394],[-117.5999,34.13492]]],"type":"Polygon"},"properties":{"bbox":{"parking":{"area":669.62,"pct":1.65},"roads":{"area":9755.82,"pct":24.03}},"city":{"parking":{"area":669.62,"pct":1.65},"roads":{"area":2924.48,"pct":7.2}},"id":"hex:2371:17446"},"type":"Feature"},{"geometry":{"coordinates":[[[-117.59992,34.13687],[-117.6006,34.13784],[-117.60196,34.13784],[-117.60263,34.13686],[-117.60194,34.13588],[-117.60059,34.13589],[-117.59992,34.13687]]],"type":"Polygon"},"properties":{"bbox":{"roads":{"area":2804.5,"pct":6.91}},"city_same":1,"id":"hex:2371:17447"},"type":"Feature"},{"geometry":{"coordinates":[[[-117.59993,34.13882],[-117.60062,34.1398],[-117.60197,34.13979],[-117.60264,34.13881],[-117.60196,34.13784],[-117.6006,34.13784],[-117.59993,34.13882]]],"type":"Polygon"},"properties":{"bbox":{"roads":{"area":2325.97,"pct":5.73}},"city_same":1,"id":"hex:2371:17448"},"type":"Feature"},{"geometry":{"coordinates":[[[-117.59995,34.14078],[-117.60063,34.14175],[-117.60199,34.14174],[-117.60266,34.14076],[-117.60197,34.13979],[-117.60062,34.1398],[-117.59995,34.14078]]],"type":"Polygon"},"properties":{"bbox":{"roads":{"area":2112.25,"pct":5.2}},"city_same":1,"id":"hex:2371:17449"},"type":"Feature"},{"geometry":{"coordinates":[[[-117.59996,34.14273],[-117.60064,34.1437],[-117.602,34.14369],[-117.60267,34.14271],[-117.60199,34.14174],[-117.60063,34.14175],[-117.59996,34.14273]]],"type":"Polygon"},"properties":{"bbox":{"roads":{"area":3001.84,"pct":7.39}},"city_same":1,"id":"hex:2371:17450"},"type":"Feature"},{"geometry":{"coordinates":[[[-117.59997,34.14468],[-117.60066,34.14565],[-117.60201,34.14565],[-117.60268,34.14467],[-117.602,34.14369],[-117.60064,34.1437],[-117.59997,34.14468]]],"type":"Polygon"},"properties":{"bbox":{"roads":{"area":1966.81,"pct":4.84}},"city_same":1,"id":"hex:2371:17451"},"type":"Feature"},{"geometry":{"coordinates":[[[-117.59999,34.14663],[-117.60067,34.14761],[-117.60203,34.1476],[-117.6027,34.14662],[-117.60201,34.14565],[-117.60066,34.14565],[-117.59999,34.14663]]],"type":"Polygon"},"properties":{"bbox":{"roads":{"area":1418.83,"pct":3.5}},"city_same":1,"id":"hex:2371:17452"},"type":"Feature"},{"geometry":{"coordinates":[[[-117.6,34.14859],[-117.60069,34.14956],[-117.60204,34.14955],[-117.60271,34.14857],[-117.60203,34.1476],[-117.60067,34.14761],[-117.6,34.14859]]],"type":"Polygon"},"properties":{"bbox":{"roads":{"area":2048.79,"pct":5.05}},"city_same":1,"id":"hex:2371:17453"},"type":"Feature"},{"geometry":{"coordinates":[[[-117.60001,34.15054],[-117.6007,34.15151],[-117.60206,34.1515],[-117.60273,34.15052],[-117.60204,34.14955],[-117.60069,34.14956],[-117.60001,34.15054]]],"type":"Polygon"},"properties":{"bbox":{"roads":{"area":4551.26,"pct":11.21}},"city":{"roads":{"area":1728.19,"pct":4.26}},"id":"hex:2371:17454"},"type":"Feature"},{"geometry":{"coordinates":[[[-117.60003,34.15249],[-117.60071,34.15346],[-117.60207,34.15346],[-117.60274,34.15248],[-117.60206,34.1515],[-117.6007,34.15151],[-117.60003,34.15249]]],"type":"Polygon"},"properties":{"bbox":{"roads":{"area":1332.67,"pct":3.28}},"city_same":1,"id":"hex:2371:17455"},"type":"Feature"},{"geometry":{"coordinates":[[[-117.60004,34.15444],[-117.60073,34.15542],[-117.60208,34.15541],[-117.60275,34.15443],[-117.60207,34.15346],[-117.60071,34.15346],[-117.60004,34.15444]]],"type":"Polygon"},"properties":{"bbox":{"roads":{"area":3221.47,"pct":7.94}},"city_same":1,"id":"hex:2371:17456"},"type":"Feature"},{"geometry":{"coordinates":[[[-117.60006,34.1564],[-117.60074,34.15737],[-117.6021,34.15736],[-117.60277,34.15638],[-117.60208,34.15541],[-117.60073,34.15542],[-117.60006,34.1564]]],"type":"Polygon"},"properties":{"bbox":{"roads":{"area":1311.1,"pct":3.23}},"city_same":1,"id":"hex:2371:17457"},"type":"Feature"},{"geometry":{"coordinates":[[[-117.60007,34.15835],[-117.60075,34.15932],[-117.60211,34.15931],[-117.60278,34.15833],[-117.6021,34.15736],[-117.60074,34.15737],[-117.60007,34.15835]]],"type":"Polygon"},"properties":{"bbox":{"roads":{"area":64.45,"pct":0.16}},"city_same":1,"id":"hex:2371:17458"},"type":"Feature"},{"geometry":{"coordinates":[[[-117.60008,34.1603],[-117.60077,34.16127],[-117.60212,34.16127],[-117.6028,34.16029],[-117.60211,34.15931],[-117.60075,34.15932],[-117.60008,34.1603]]],"type":"Polygon"},"properties":{"bbox":{"roads":{"area":1498.73,"pct":3.69}},"city_same":1,"id":"hex:2371:17459"},"type":"Feature"},{"geometry":{"coordinates":[[[-117.6001,34.16225],[-117.60078,34.16323],[-117.60214,34.16322],[-117.60281,34.16224],[-117.60212,34.16127],[-117.60077,34.16127],[-117.6001,34.16225]]],"type":"Polygon"},"properties":{"bbox":{"roads":{"area":419.61,"pct":1.03}},"city_same":1,"id":"hex:2371:17460"},"type":"Feature"},{"geometry":{"coordinates":[[[-117.5995,34.07829],[-117.59815,34.0783],[-117.59762,34.07754],[-117.60001,34.07756],[-117.5995,34.07829]]],"type":"Polygon"},"properties":{"bbox":{"roads":{"area":2869.9,"pct":20.07},"sidewalks":{"area":247.87,"pct":1.73}},"city_same":1,"id":"hex:2372:17417"},"type":"Feature"},{"geometry":{"coordinates":[[[-117.59748,34.07928],[-117.59816,34.08025],[-117.59952,34.08025],[-117.60019,34.07927],[-117.5995,34.07829],[-117.59815,34.0783],[-117.59748,34.07928]]],"type":"Polygon"},"properties":{"bbox":{"roads":{"area":4445.16,"pct":10.95}},"city_same":1,"id":"hex:2372:17418"},"type":"Feature"},{"geometry":{"coordinates":[[[-117.59749,34.08123],[-117.59818,34.08221],[-117.59953,34.0822],[-117.6002,34.08122],[-117.59952,34.08025],[-117.59816,34.08025],[-117.59749,34.08123]]],"type":"Polygon"},"properties":{"bbox":{"roads":{"area":3617.73,"pct":8.91}},"city_same":1,"id":"hex:2372:17419"},"type":"Feature"},{"geometry":{"coordinates":[[[-117.59751,34.08319],[-117.59819,34.08416],[-117.59955,34.08415],[-117.60022,34.08317],[-117.59953,34.0822],[-117.59818,34.08221],[-117.59751,34.08319]]],"type":"Polygon"},"properties":{"bbox":{"parking":{"area":1001.81,"pct":2.47},"roads":{"area":2749.04,"pct":6.77}},"city_same":1,"id":"hex:2372:17420"},"type":"Feature"},{"geometry":{"coordinates":[[[-117.59752,34.08514],[-117.5982,34.08611],[-117.59956,34.08611],[-117.60023,34.08513],[-117.59955,34.08415],[-117.59819,34.08416],[-117.59752,34.08514]]],"type":"Polygon"},"properties":{"bbox":{"parking":{"area":471.4,"pct":1.16},"roads":{"area":5186.87,"pct":12.78}},"city":{"parking":{"area":471.4,"pct":1.16},"roads":{"area":2342.73,"pct":5.77}},"id":"hex:2372:17421"},"type":"Feature"},{"geometry":{"coordinates":[[[-117.59753,34.08709],[-117.59822,34.08806],[-117.59957,34.08806],[-117.60024,34.08708],[-117.59956,34.08611],[-117.5982,34.08611],[-117.59753,34.08709]]],"type":"Polygon"},"properties":{"bbox":{"roads":{"area":3527.25,"pct":8.69}},"city_same":1,"id":"hex:2372:17422"},"type":"Feature"},{"geometry":{"coordinates":[[[-117.59755,34.08904],[-117.59823,34.09002],[-117.59959,34.09001],[-117.60026,34.08903],[-117.59957,34.08806],[-117.59822,34.08806],[-117.59755,34.08904]]],"type":"Polygon"},"properties":{"bbox":{"roads":{"area":3991.95,"pct":9.83}},"city_same":1,"id":"hex:2372:17423"},"type":"Feature"},{"geometry":{"coordinates":[[[-117.59756,34.091],[-117.59825,34.09197],[-117.5996,34.09196],[-117.60027,34.09098],[-117.59959,34.09001],[-117.59823,34.09002],[-117.59756,34.091]]],"type":"Polygon"},"properties":{"bbox":{"roads":{"area":3616.91,"pct":8.91}},"city_same":1,"id":"hex:2372:17424"},"type":"Feature"},{"geometry":{"coordinates":[[[-117.59758,34.09295],[-117.59826,34.09392],[-117.59961,34.09392],[-117.60029,34.09294],[-117.5996,34.09196],[-117.59825,34.09197],[-117.59758,34.09295]]],"type":"Polygon"},"properties":{"bbox":{"roads":{"area":2413.33,"pct":5.94}},"city_same":1,"id":"hex:2372:17425"},"type":"Feature"},{"geometry":{"coordinates":[[[-117.59759,34.0949],[-117.59827,34.09587],[-117.59963,34.09587],[-117.6003,34.09489],[-117.59961,34.09392],[-117.59826,34.09392],[-117.59759,34.0949]]],"type":"Polygon"},"properties":{"bbox":{"roads":{"area":5357.92,"pct":13.2}},"city_same":1,"id":"hex:2372:17426"},"type":"Feature"},{"geometry":{"coordinates":[[[-117.5976,34.09685],[-117.59829,34.09783],[-117.59964,34.09782],[-117.60031,34.09684],[-117.59963,34.09587],[-117.59827,34.09587],[-117.5976,34.09685]]],"type":"Polygon"},"properties":{"bbox":{"roads":{"area":4982.13,"pct":12.27}},"city_same":1,"id":"hex:2372:17427"},"type":"Feature"},{"geometry":{"coordinates":[[[-117.59762,34.09881],[-117.5983,34.09978],[-117.59966,34.09977],[-117.60033,34.09879],[-117.59964,34.09782],[-117.59829,34.09783],[-117.59762,34.09881]]],"type":"Polygon"},"properties":{"bbox":{"roads":{"area":4826.36,"pct":11.89}},"city":{"roads":{"area":1445.03,"pct":3.56}},"id":"hex:2372:17428"},"type":"Feature"},{"geometry":{"coordinates":[[[-117.59763,34.10076],[-117.59831,34.10173],[-117.59967,34.10173],[-117.60034,34.10075],[-117.59966,34.09977],[-117.5983,34.09978],[-117.59763,34.10076]]],"type":"Polygon"},"properties":{"bbox":{"roads":{"area":3736.7,"pct":9.2}},"city_same":1,"id":"hex:2372:17429"},"type":"Feature"},{"geometry":{"coordinates":[[[-117.59764,34.10271],[-117.59833,34.10368],[-117.59968,34.10368],[-117.60035,34.1027],[-117.59967,34.10173],[-117.59831,34.10173],[-117.59764,34.10271]]],"type":"Polygon"},"properties":{"bbox":{"roads":{"area":3526.89,"pct":8.69}},"city_same":1,"id":"hex:2372:17430"},"type":"Feature"},{"geometry":{"coordinates":[[[-117.59766,34.10466],[-117.59834,34.10564],[-117.5997,34.10563],[-117.60037,34.10465],[-117.59968,34.10368],[-117.59833,34.10368],[-117.59766,34.10466]]],"type":"Polygon"},"properties":{"bbox":{"roads":{"area":3149.66,"pct":7.76}},"city_same":1,"id":"hex:2372:17431"},"type":"Feature"},{"geometry":{"coordinates":[[[-117.59767,34.10662],[-117.59836,34.10759],[-117.59971,34.10758],[-117.60038,34.1066],[-117.5997,34.10563],[-117.59834,34.10564],[-117.59767,34.10662]]],"type":"Polygon"},"properties":{"bbox":{"parking":{"area":207.83,"pct":0.51},"roads":{"area":9569.88,"pct":23.57},"sidewalks":{"area":209.57,"pct":0.52}},"city":{"parking":{"area":207.83,"pct":0.51},"roads":{"area":4291.17,"pct":10.57},"sidewalks":{"area":209.57,"pct":0.52}},"id":"hex:2372:17432"},"type":"Feature"},{"geometry":{"coordinates":[[[-117.59769,34.10857],[-117.59837,34.10954],[-117.59973,34.10954],[-117.6004,34.10856],[-117.59971,34.10758],[-117.59836,34.10759],[-117.59769,34.10857]]],"type":"Polygon"},"properties":{"bbox":{"parking":{"area":355.46,"pct":0.88},"roads":{"area":4412.34,"pct":10.87},"sidewalks":{"area":39.98,"pct":0.1}},"city_same":1,"id":"hex:2372:17433"},"type":"Feature"},{"geometry":{"coordinates":[[[-117.5977,34.11052],[-117.59838,34.11149],[-117.59974,34.11149],[-117.60041,34.11051],[-117.59973,34.10954],[-117.59837,34.10954],[-117.5977,34.11052]]],"type":"Polygon"},"properties":{"bbox":{"roads":{"area":3579.89,"pct":8.82}},"city_same":1,"id":"hex:2372:17434"},"type":"Feature"},{"geometry":{"coordinates":[[[-117.59771,34.11247],[-117.5984,34.11345],[-117.59975,34.11344],[-117.60042,34.11246],[-117.59974,34.11149],[-117.59838,34.11149],[-117.59771,34.11247]]],"type":"Polygon"},"properties":{"bbox":{"roads":{"area":3887.51,"pct":9.58}},"city_same":1,"id":"hex:2372:17435"},"type":"Feature"},{"geometry":{"coordinates":[[[-117.59773,34.11443],[-117.59841,34.1154],[-117.59977,34.11539],[-117.60044,34.11441],[-117.59975,34.11344],[-117.5984,34.11345],[-117.59773,34.11443]]],"type":"Polygon"},"properties":{"bbox":{"roads":{"area":4008.63,"pct":9.87}},"city_same":1,"id":"hex:2372:17436"},"type":"Feature"},{"geometry":{"coordinates":[[[-117.59774,34.11638],[-117.59842,34.11735],[-117.59978,34.11735],[-117.60045,34.11637],[-117.59977,34.11539],[-117.59841,34.1154],[-117.59774,34.11638]]],"type":"Polygon"},"properties":{"bbox":{"roads":{"area":2517.07,"pct":6.2}},"city_same":1,"id":"hex:2372:17437"},"type":"Feature"},{"geometry":{"coordinates":[[[-117.59775,34.11833],[-117.59844,34.1193],[-117.59979,34.1193],[-117.60046,34.11832],[-117.59978,34.11735],[-117.59842,34.11735],[-117.59775,34.11833]]],"type":"Polygon"},"properties":{"bbox":{"roads":{"area":2500.64,"pct":6.16}},"city_same":1,"id":"hex:2372:17438"},"type":"Feature"},{"geometry":{"coordinates":[[[-117.59777,34.12028],[-117.59845,34.12126],[-117.59981,34.12125],[-117.60048,34.12027],[-117.59979,34.1193],[-117.59844,34.1193],[-117.59777,34.12028]]],"type":"Polygon"},"properties":{"bbox":{"roads":{"area":2845.93,"pct":7.01}},"city_same":1,"id":"hex:2372:17439"},"type":"Feature"},{"geometry":{"coordinates":[[[-117.59778,34.12224],[-117.59847,34.12321],[-117.59982,34.1232],[-117.60049,34.12222],[-117.59981,34.12125],[-117.59845,34.12126],[-117.59778,34.12224]]],"type":"Polygon"},"properties":{"bbox":{"roads":{"area":6100.12,"pct":15.03},"sidewalks":{"area":406.39,"pct":1}},"city_same":1,"id":"hex:2372:17440"},"type":"Feature"},{"geometry":{"coordinates":[[[-117.5978,34.12419],[-117.59848,34.12516],[-117.59984,34.12516],[-117.60051,34.12418],[-117.59982,34.1232],[-117.59847,34.12321],[-117.5978,34.12419]]],"type":"Polygon"},"properties":{"bbox":{"roads":{"area":3949.81,"pct":9.73}},"city_same":1,"id":"hex:2372:17441"},"type":"Feature"},{"geometry":{"coordinates":[[[-117.59781,34.12614],[-117.59849,34.12711],[-117.59985,34.12711],[-117.60052,34.12613],[-117.59984,34.12516],[-117.59848,34.12516],[-117.59781,34.12614]]],"type":"Polygon"},"properties":{"bbox":{"roads":{"area":4318.26,"pct":10.64}},"city_same":1,"id":"hex:2372:17442"},"type":"Feature"},{"geometry":{"coordinates":[[[-117.59782,34.12809],[-117.59851,34.12907],[-117.59986,34.12906],[-117.60053,34.12808],[-117.59985,34.12711],[-117.59849,34.12711],[-117.59782,34.12809]]],"type":"Polygon"},"properties":{"bbox":{"roads":{"area":3921.37,"pct":9.66}},"city_same":1,"id":"hex:2372:17443"},"type":"Feature"},{"geometry":{"coordinates":[[[-117.59784,34.13005],[-117.59852,34.13102],[-117.59988,34.13101],[-117.60055,34.13003],[-117.59986,34.12906],[-117.59851,34.12907],[-117.59784,34.13005]]],"type":"Polygon"},"properties":{"bbox":{"roads":{"area":3069.07,"pct":7.56}},"city_same":1,"id":"hex:2372:17444"},"type":"Feature"},{"geometry":{"coordinates":[[[-117.59785,34.132],[-117.59853,34.13297],[-117.59989,34.13297],[-117.60056,34.13199],[-117.59988,34.13101],[-117.59852,34.13102],[-117.59785,34.132]]],"type":"Polygon"},"properties":{"bbox":{"roads":{"area":5383.72,"pct":13.26}},"city":{"roads":{"area":3754.81,"pct":9.25}},"id":"hex:2372:17445"},"type":"Feature"},{"geometry":{"coordinates":[[[-117.59786,34.13395],[-117.59855,34.13492],[-117.5999,34.13492],[-117.60058,34.13394],[-117.59989,34.13297],[-117.59853,34.13297],[-117.59786,34.13395]]],"type":"Polygon"},"properties":{"bbox":{"parking":{"area":2505.25,"pct":6.17},"roads":{"area":4864.87,"pct":11.98}},"city":{"parking":{"area":2505.25,"pct":6.17},"roads":{"area":3643.77,"pct":8.98}},"id":"hex:2372:17446"},"type":"Feature"},{"geometry":{"coordinates":[[[-117.59788,34.1359],[-117.59856,34.13688],[-117.59992,34.13687],[-117.60059,34.13589],[-117.5999,34.13492],[-117.59855,34.13492],[-117.59788,34.1359]]],"type":"Polygon"},"properties":{"bbox":{"roads":{"area":6613.78,"pct":16.29}},"city":{"roads":{"area":3376.25,"pct":8.32}},"id":"hex:2372:17447"},"type":"Feature"},{"geometry":{"coordinates":[[[-117.59789,34.13786],[-117.59858,34.13883],[-117.59993,34.13882],[-117.6006,34.13784],[-117.59992,34.13687],[-117.59856,34.13688],[-117.59789,34.13786]]],"type":"Polygon"},"properties":{"bbox":{"roads":{"area":2840.89,"pct":7}},"city_same":1,"id":"hex:2372:17448"},"type":"Feature"},{"geometry":{"coordinates":[[[-117.59791,34.13981],[-117.59859,34.14078],[-117.59995,34.14078],[-117.60062,34.1398],[-117.59993,34.13882],[-117.59858,34.13883],[-117.59791,34.13981]]],"type":"Polygon"},"properties":{"bbox":{"roads":{"area":3597.59,"pct":8.86}},"city_same":1,"id":"hex:2372:17449"},"type":"Feature"},{"geometry":{"coordinates":[[[-117.59792,34.14176],[-117.5986,34.14273],[-117.59996,34.14273],[-117.60063,34.14175],[-117.59995,34.14078],[-117.59859,34.14078],[-117.59792,34.14176]]],"type":"Polygon"},"properties":{"bbox":{"roads":{"area":3168.33,"pct":7.8}},"city_same":1,"id":"hex:2372:17450"},"type":"Feature"},{"geometry":{"coordinates":[[[-117.59793,34.14371],[-117.59862,34.14469],[-117.59997,34.14468],[-117.60064,34.1437],[-117.59996,34.14273],[-117.5986,34.14273],[-117.59793,34.14371]]],"type":"Polygon"},"properties":{"bbox":{"roads":{"area":3696.26,"pct":9.11}},"city_same":1,"id":"hex:2372:17451"},"type":"Feature"},{"geometry":{"coordinates":[[[-117.59795,34.14567],[-117.59863,34.14664],[-117.59999,34.14663],[-117.60066,34.14565],[-117.59997,34.14468],[-117.59862,34.14469],[-117.59795,34.14567]]],"type":"Polygon"},"properties":{"bbox":{"roads":{"area":2290.62,"pct":5.64}},"city_same":1,"id":"hex:2372:17452"},"type":"Feature"},{"geometry":{"coordinates":[[[-117.59796,34.14762],[-117.59865,34.14859],[-117.6,34.14859],[-117.60067,34.14761],[-117.59999,34.14663],[-117.59863,34.14664],[-117.59796,34.14762]]],"type":"Polygon"},"properties":{"bbox":{"roads":{"area":3401.22,"pct":8.38}},"city_same":1,"id":"hex:2372:17453"},"type":"Feature"},{"geometry":{"coordinates":[[[-117.59797,34.14957],[-117.59866,34.15054],[-117.60001,34.15054],[-117.60069,34.14956],[-117.6,34.14859],[-117.59865,34.14859],[-117.59797,34.14957]]],"type":"Polygon"},"properties":{"bbox":{"roads":{"area":3227.3,"pct":7.95}},"city":{"roads":{"area":2001.1,"pct":4.93}},"id":"hex:2372:17454"},"type":"Feature"},{"geometry":{"coordinates":[[[-117.59799,34.15152],[-117.59867,34.1525],[-117.60003,34.15249],[-117.6007,34.15151],[-117.60001,34.15054],[-117.59866,34.15054],[-117.59799,34.15152]]],"type":"Polygon"},"properties":{"bbox":{"roads":{"area":3164.72,"pct":7.8}},"city":{"roads":{"area":3065.41,"pct":7.55}},"id":"hex:2372:17455"},"type":"Feature"},{"geometry":{"coordinates":[[[-117.598,34.15348],[-117.59869,34.15445],[-117.60004,34.15444],[-117.60071,34.15346],[-117.60003,34.15249],[-117.59867,34.1525],[-117.598,34.15348]]],"type":"Polygon"},"properties":{"bbox":{"roads":{"area":2342.06,"pct":5.77}},"city_same":1,"id":"hex:2372:17456"},"type":"Feature"},{"geometry":{"coordinates":[[[-117.59802,34.15543],[-117.5987,34.1564],[-117.60006,34.1564],[-117.60073,34.15542],[-117.60004,34.15444],[-117.59869,34.15445],[-117.59802,34.15543]]],"type":"Polygon"},"properties":{"bbox":{"roads":{"area":3265.64,"pct":8.04}},"city_same":1,"id":"hex:2372:17457"},"type":"Feature"},{"geometry":{"coordinates":[[[-117.59803,34.15738],[-117.59871,34.15835],[-117.60007,34.15835],[-117.60074,34.15737],[-117.60006,34.1564],[-117.5987,34.1564],[-117.59803,34.15738]]],"type":"Polygon"},"properties":{"bbox":{"roads":{"area":3004.56,"pct":7.4}},"city_same":1,"id":"hex:2372:17458"},"type":"Feature"},{"geometry":{"coordinates":[[[-117.59804,34.15933],[-117.59873,34.16031],[-117.60008,34.1603],[-117.60075,34.15932],[-117.60007,34.15835],[-117.59871,34.15835],[-117.59804,34.15933]]],"type":"Polygon"},"properties":{"bbox":{"roads":{"area":941.44,"pct":2.32}},"city_same":1,"id":"hex:2372:17459"},"type":"Feature"},{"geometry":{"coordinates":[[[-117.59806,34.16129],[-117.59874,34.16226],[-117.6001,34.16225],[-117.60077,34.16127],[-117.60008,34.1603],[-117.59873,34.16031],[-117.59806,34.16129]]],"type":"Polygon"},"properties":{"bbox":{"roads":{"area":1882.51,"pct":4.64}},"city_same":1,"id":"hex:2372:17460"},"type":"Feature"},{"geometry":{"coordinates":[[[-117.59807,34.16324],[-117.59876,34.16421],[-117.60011,34.16421],[-117.60078,34.16323],[-117.6001,34.16225],[-117.59874,34.16226],[-117.59807,34.16324]]],"type":"Polygon"},"properties":{"bbox":{"roads":{"area":882.61,"pct":2.17}},"city_same":1,"id":"hex:2372:17461"},"type":"Feature"},{"geometry":{"coordinates":[[[-117.59815,34.0783],[-117.59748,34.07928],[-117.59612,34.07929],[-117.59544,34.07831],[-117.59598,34.07753],[-117.59762,34.07754],[-117.59815,34.0783]]],"type":"Polygon"},"properties":{"bbox":{"roads":{"area":4772.28,"pct":12.75}},"city_same":1,"id":"hex:2373:17417"},"type":"Feature"},{"geometry":{"coordinates":[[[-117.59545,34.08027],[-117.59614,34.08124],[-117.59749,34.08123],[-117.59816,34.08025],[-117.59748,34.07928],[-117.59612,34.07929],[-117.59545,34.08027]]],"type":"Polygon"},"properties":{"bbox":{"roads":{"area":3464.59,"pct":8.53}},"city_same":1,"id":"hex:2373:17418"},"type":"Feature"},{"geometry":{"coordinates":[[[-117.59547,34.08222],[-117.59615,34.08319],[-117.59751,34.08319],[-117.59818,34.08221],[-117.59749,34.08123],[-117.59614,34.08124],[-117.59547,34.08222]]],"type":"Polygon"},"properties":{"bbox":{"roads":{"area":2646.24,"pct":6.52}},"city_same":1,"id":"hex:2373:17419"},"type":"Feature"},{"geometry":{"coordinates":[[[-117.59548,34.08417],[-117.59617,34.08515],[-117.59752,34.08514],[-117.59819,34.08416],[-117.59751,34.08319],[-117.59615,34.08319],[-117.59548,34.08417]]],"type":"Polygon"},"properties":{"bbox":{"roads":{"area":6777.9,"pct":16.7}},"city":{"roads":{"area":3678.14,"pct":9.06}},"id":"hex:2373:17420"},"type":"Feature"},{"geometry":{"coordinates":[[[-117.5955,34.08612],[-117.59618,34.0871],[-117.59753,34.08709],[-117.5982,34.08611],[-117.59752,34.08514],[-117.59617,34.08515],[-117.5955,34.08612]]],"type":"Polygon"},"properties":{"bbox":{"roads":{"area":3393.71,"pct":8.36},"sidewalks":{"area":351.91,"pct":0.87}},"city_same":1,"id":"hex:2373:17421"},"type":"Feature"},{"geometry":{"coordinates":[[[-117.59551,34.08808],[-117.59619,34.08905],[-117.59755,34.08904],[-117.59822,34.08806],[-117.59753,34.08709],[-117.59618,34.0871],[-117.59551,34.08808]]],"type":"Polygon"},"properties":{"bbox":{"roads":{"area":3882.6,"pct":9.56}},"city_same":1,"id":"hex:2373:17422"},"type":"Feature"},{"geometry":{"coordinates":[[[-117.59552,34.09003],[-117.59621,34.091],[-117.59756,34.091],[-117.59823,34.09002],[-117.59755,34.08904],[-117.59619,34.08905],[-117.59552,34.09003]]],"type":"Polygon"},"properties":{"bbox":{"roads":{"area":2796.98,"pct":6.89}},"city_same":1,"id":"hex:2373:17423"},"type":"Feature"},{"geometry":{"coordinates":[[[-117.59554,34.09198],[-117.59622,34.09296],[-117.59758,34.09295],[-117.59825,34.09197],[-117.59756,34.091],[-117.59621,34.091],[-117.59554,34.09198]]],"type":"Polygon"},"properties":{"bbox":{"roads":{"area":3980.31,"pct":9.8}},"city_same":1,"id":"hex:2373:17424"},"type":"Feature"},{"geometry":{"coordinates":[[[-117.59555,34.09393],[-117.59623,34.09491],[-117.59759,34.0949],[-117.59826,34.09392],[-117.59758,34.09295],[-117.59622,34.09296],[-117.59555,34.09393]]],"type":"Polygon"},"properties":{"bbox":{"roads":{"area":5026.09,"pct":12.38}},"city_same":1,"id":"hex:2373:17425"},"type":"Feature"},{"geometry":{"coordinates":[[[-117.59556,34.09589],[-117.59625,34.09686],[-117.5976,34.09685],[-117.59827,34.09587],[-117.59759,34.0949],[-117.59623,34.09491],[-117.59556,34.09589]]],"type":"Polygon"},"properties":{"bbox":{"roads":{"area":6718,"pct":16.55}},"city_same":1,"id":"hex:2373:17426"},"type":"Feature"},{"geometry":{"coordinates":[[[-117.59558,34.09784],[-117.59626,34.09881],[-117.59762,34.09881],[-117.59829,34.09783],[-117.5976,34.09685],[-117.59625,34.09686],[-117.59558,34.09784]]],"type":"Polygon"},"properties":{"bbox":{"roads":{"area":6916.06,"pct":17.04}},"city_same":1,"id":"hex:2373:17427"},"type":"Feature"},{"geometry":{"coordinates":[[[-117.59559,34.09979],[-117.59628,34.10077],[-117.59763,34.10076],[-117.5983,34.09978],[-117.59762,34.09881],[-117.59626,34.09881],[-117.59559,34.09979]]],"type":"Polygon"},"properties":{"bbox":{"roads":{"area":6892.11,"pct":16.98}},"city":{"roads":{"area":3498.46,"pct":8.62}},"id":"hex:2373:17428"},"type":"Feature"},{"geometry":{"coordinates":[[[-117.5956,34.10174],[-117.59629,34.10272],[-117.59764,34.10271],[-117.59831,34.10173],[-117.59763,34.10076],[-117.59628,34.10077],[-117.5956,34.10174]]],"type":"Polygon"},"properties":{"bbox":{"roads":{"area":3189.02,"pct":7.86}},"city_same":1,"id":"hex:2373:17429"},"type":"Feature"},{"geometry":{"coordinates":[[[-117.59562,34.1037],[-117.5963,34.10467],[-117.59766,34.10466],[-117.59833,34.10368],[-117.59764,34.10271],[-117.59629,34.10272],[-117.59562,34.1037]]],"type":"Polygon"},"properties":{"bbox":{"roads":{"area":3532.49,"pct":8.7}},"city_same":1,"id":"hex:2373:17430"},"type":"Feature"},{"geometry":{"coordinates":[[[-117.59563,34.10565],[-117.59632,34.10662],[-117.59767,34.10662],[-117.59834,34.10564],[-117.59766,34.10466],[-117.5963,34.10467],[-117.59563,34.10565]]],"type":"Polygon"},"properties":{"bbox":{"roads":{"area":6550.69,"pct":16.14},"sidewalks":{"area":155.96,"pct":0.38}},"city":{"roads":{"area":4960.43,"pct":12.22},"sidewalks":{"area":155.96,"pct":0.38}},"id":"hex:2373:17431"},"type":"Feature"},{"geometry":{"coordinates":[[[-117.59565,34.1076],[-117.59633,34.10858],[-117.59769,34.10857],[-117.59836,34.10759],[-117.59767,34.10662],[-117.59632,34.10662],[-117.59565,34.1076]]],"type":"Polygon"},"properties":{"bbox":{"parking":{"area":305.04,"pct":0.75},"roads":{"area":4886.42,"pct":12.04},"sidewalks":{"area":195.64,"pct":0.48}},"city":{"parking":{"area":305.04,"pct":0.75},"roads":{"area":3769.74,"pct":9.29},"sidewalks":{"area":195.64,"pct":0.48}},"id":"hex:2373:17432"},"type":"Feature"},{"geometry":{"coordinates":[[[-117.59566,34.10955],[-117.59634,34.11053],[-117.5977,34.11052],[-117.59837,34.10954],[-117.59769,34.10857],[-117.59633,34.10858],[-117.59566,34.10955]]],"type":"Polygon"},"properties":{"bbox":{"roads":{"area":2895.14,"pct":7.13}},"city_same":1,"id":"hex:2373:17433"},"type":"Feature"},{"geometry":{"coordinates":[[[-117.59567,34.11151],[-117.59636,34.11248],[-117.59771,34.11247],[-117.59838,34.11149],[-117.5977,34.11052],[-117.59634,34.11053],[-117.59567,34.11151]]],"type":"Polygon"},"properties":{"bbox":{"roads":{"area":3231.38,"pct":7.96}},"city_same":1,"id":"hex:2373:17434"},"type":"Feature"},{"geometry":{"coordinates":[[[-117.59569,34.11346],[-117.59637,34.11443],[-117.59773,34.11443],[-117.5984,34.11345],[-117.59771,34.11247],[-117.59636,34.11248],[-117.59569,34.11346]]],"type":"Polygon"},"properties":{"bbox":{"roads":{"area":2994.52,"pct":7.38}},"city_same":1,"id":"hex:2373:17435"},"type":"Feature"},{"geometry":{"coordinates":[[[-117.5957,34.11541],[-117.59638,34.11639],[-117.59774,34.11638],[-117.59841,34.1154],[-117.59773,34.11443],[-117.59637,34.11443],[-117.5957,34.11541]]],"type":"Polygon"},"properties":{"bbox":{"roads":{"area":2759.45,"pct":6.8}},"city_same":1,"id":"hex:2373:17436"},"type":"Feature"},{"geometry":{"coordinates":[[[-117.59571,34.11737],[-117.5964,34.11834],[-117.59775,34.11833],[-117.59842,34.11735],[-117.59774,34.11638],[-117.59638,34.11639],[-117.59571,34.11737]]],"type":"Polygon"},"properties":{"bbox":{"roads":{"area":3517.56,"pct":8.67}},"city_same":1,"id":"hex:2373:17437"},"type":"Feature"},{"geometry":{"coordinates":[[[-117.59573,34.11932],[-117.59641,34.12029],[-117.59777,34.12028],[-117.59844,34.1193],[-117.59775,34.11833],[-117.5964,34.11834],[-117.59573,34.11932]]],"type":"Polygon"},"properties":{"bbox":{"roads":{"area":3124.23,"pct":7.7}},"city_same":1,"id":"hex:2373:17438"},"type":"Feature"},{"geometry":{"coordinates":[[[-117.59574,34.12127],[-117.59643,34.12224],[-117.59778,34.12224],[-117.59845,34.12126],[-117.59777,34.12028],[-117.59641,34.12029],[-117.59574,34.12127]]],"type":"Polygon"},"properties":{"bbox":{"roads":{"area":4841.05,"pct":11.93},"sidewalks":{"area":655.35,"pct":1.61}},"city_same":1,"id":"hex:2373:17439"},"type":"Feature"},{"geometry":{"coordinates":[[[-117.59576,34.12322],[-117.59644,34.1242],[-117.5978,34.12419],[-117.59847,34.12321],[-117.59778,34.12224],[-117.59643,34.12224],[-117.59576,34.12322]]],"type":"Polygon"},"properties":{"bbox":{"roads":{"area":1963.46,"pct":4.84}},"city_same":1,"id":"hex:2373:17440"},"type":"Feature"},{"geometry":{"coordinates":[[[-117.59577,34.12518],[-117.59645,34.12615],[-117.59781,34.12614],[-117.59848,34.12516],[-117.5978,34.12419],[-117.59644,34.1242],[-117.59577,34.12518]]],"type":"Polygon"},"properties":{"bbox":{"roads":{"area":2711.92,"pct":6.68}},"city_same":1,"id":"hex:2373:17441"},"type":"Feature"},{"geometry":{"coordinates":[[[-117.59578,34.12713],[-117.59647,34.1281],[-117.59782,34.12809],[-117.59849,34.12711],[-117.59781,34.12614],[-117.59645,34.12615],[-117.59578,34.12713]]],"type":"Polygon"},"properties":{"bbox":{"parking":{"area":3277.83,"pct":8.07},"roads":{"area":3812.84,"pct":9.39}},"city_same":1,"id":"hex:2373:17442"},"type":"Feature"},{"geometry":{"coordinates":[[[-117.5958,34.12908],[-117.59648,34.13005],[-117.59784,34.13005],[-117.59851,34.12907],[-117.59782,34.12809],[-117.59647,34.1281],[-117.5958,34.12908]]],"type":"Polygon"},"properties":{"bbox":{"roads":{"area":4756.54,"pct":11.72}},"city_same":1,"id":"hex:2373:17443"},"type":"Feature"},{"geometry":{"coordinates":[[[-117.59581,34.13103],[-117.59649,34.13201],[-117.59785,34.132],[-117.59852,34.13102],[-117.59784,34.13005],[-117.59648,34.13005],[-117.59581,34.13103]]],"type":"Polygon"},"properties":{"bbox":{"roads":{"area":3480.19,"pct":8.57}},"city_same":1,"id":"hex:2373:17444"},"type":"Feature"},{"geometry":{"coordinates":[[[-117.59582,34.13299],[-117.59651,34.13396],[-117.59786,34.13395],[-117.59853,34.13297],[-117.59785,34.132],[-117.59649,34.13201],[-117.59582,34.13299]]],"type":"Polygon"},"properties":{"bbox":{"parking":{"area":1424.14,"pct":3.51},"roads":{"area":5999.45,"pct":14.78}},"city":{"parking":{"area":1424.14,"pct":3.51},"roads":{"area":3936.87,"pct":9.7}},"id":"hex:2373:17445"},"type":"Feature"},{"geometry":{"coordinates":[[[-117.59584,34.13494],[-117.59652,34.13591],[-117.59788,34.1359],[-117.59855,34.13492],[-117.59786,34.13395],[-117.59651,34.13396],[-117.59584,34.13494]]],"type":"Polygon"},"properties":{"bbox":{"roads":{"area":9388.05,"pct":23.13}},"city":{"roads":{"area":691.49,"pct":1.7}},"id":"hex:2373:17446"},"type":"Feature"},{"geometry":{"coordinates":[[[-117.59585,34.13689],[-117.59654,34.13786],[-117.59789,34.13786],[-117.59856,34.13688],[-117.59788,34.1359],[-117.59652,34.13591],[-117.59585,34.13689]]],"type":"Polygon"},"properties":{"bbox":{"roads":{"area":3763.05,"pct":9.27}},"city_same":1,"id":"hex:2373:17447"},"type":"Feature"},{"geometry":{"coordinates":[[[-117.59586,34.13884],[-117.59655,34.13982],[-117.59791,34.13981],[-117.59858,34.13883],[-117.59789,34.13786],[-117.59654,34.13786],[-117.59586,34.13884]]],"type":"Polygon"},"properties":{"bbox":{"roads":{"area":3968.95,"pct":9.78}},"city_same":1,"id":"hex:2373:17448"},"type":"Feature"},{"geometry":{"coordinates":[[[-117.59588,34.1408],[-117.59656,34.14177],[-117.59792,34.14176],[-117.59859,34.14078],[-117.59791,34.13981],[-117.59655,34.13982],[-117.59588,34.1408]]],"type":"Polygon"},"properties":{"bbox":{"roads":{"area":1831.41,"pct":4.51}},"city_same":1,"id":"hex:2373:17449"},"type":"Feature"},{"geometry":{"coordinates":[[[-117.59589,34.14275],[-117.59658,34.14372],[-117.59793,34.14371],[-117.5986,34.14273],[-117.59792,34.14176],[-117.59656,34.14177],[-117.59589,34.14275]]],"type":"Polygon"},"properties":{"bbox":{"roads":{"area":2782.95,"pct":6.86}},"city_same":1,"id":"hex:2373:17450"},"type":"Feature"},{"geometry":{"coordinates":[[[-117.59591,34.1447],[-117.59659,34.14567],[-117.59795,34.14567],[-117.59862,34.14469],[-117.59793,34.14371],[-117.59658,34.14372],[-117.59591,34.1447]]],"type":"Polygon"},"properties":{"bbox":{"roads":{"area":1852.48,"pct":4.56}},"city_same":1,"id":"hex:2373:17451"},"type":"Feature"},{"geometry":{"coordinates":[[[-117.59592,34.14665],[-117.5966,34.14763],[-117.59796,34.14762],[-117.59863,34.14664],[-117.59795,34.14567],[-117.59659,34.14567],[-117.59592,34.14665]]],"type":"Polygon"},"properties":{"bbox":{"roads":{"area":2278.12,"pct":5.61}},"city_same":1,"id":"hex:2373:17452"},"type":"Feature"},{"geometry":{"coordinates":[[[-117.59593,34.14861],[-117.59662,34.14958],[-117.59797,34.14957],[-117.59865,34.14859],[-117.59796,34.14762],[-117.5966,34.14763],[-117.59593,34.14861]]],"type":"Polygon"},"properties":{"bbox":{"roads":{"area":2113.01,"pct":5.21}},"city_same":1,"id":"hex:2373:17453"},"type":"Feature"},{"geometry":{"coordinates":[[[-117.59595,34.15056],[-117.59663,34.15153],[-117.59799,34.15152],[-117.59866,34.15054],[-117.59797,34.14957],[-117.59662,34.14958],[-117.59595,34.15056]]],"type":"Polygon"},"properties":{"bbox":{"roads":{"area":4250.22,"pct":10.47}},"city":{"roads":{"area":1401.87,"pct":3.45}},"id":"hex:2373:17454"},"type":"Feature"},{"geometry":{"coordinates":[[[-117.59596,34.15251],[-117.59665,34.15348],[-117.598,34.15348],[-117.59867,34.1525],[-117.59799,34.15152],[-117.59663,34.15153],[-117.59596,34.15251]]],"type":"Polygon"},"properties":{"bbox":{"roads":{"area":1982.87,"pct":4.88}},"city_same":1,"id":"hex:2373:17455"},"type":"Feature"},{"geometry":{"coordinates":[[[-117.59597,34.15446],[-117.59666,34.15544],[-117.59802,34.15543],[-117.59869,34.15445],[-117.598,34.15348],[-117.59665,34.15348],[-117.59597,34.15446]]],"type":"Polygon"},"properties":{"bbox":{"roads":{"area":2438.87,"pct":6.01}},"city_same":1,"id":"hex:2373:17456"},"type":"Feature"},{"geometry":{"coordinates":[[[-117.59599,34.15642],[-117.59667,34.15739],[-117.59803,34.15738],[-117.5987,34.1564],[-117.59802,34.15543],[-117.59666,34.15544],[-117.59599,34.15642]]],"type":"Polygon"},"properties":{"bbox":{"roads":{"area":890.51,"pct":2.19}},"city_same":1,"id":"hex:2373:17457"},"type":"Feature"},{"geometry":{"coordinates":[[[-117.596,34.15837],[-117.59669,34.15934],[-117.59804,34.15933],[-117.59871,34.15835],[-117.59803,34.15738],[-117.59667,34.15739],[-117.596,34.15837]]],"type":"Polygon"},"properties":{"bbox":{"roads":{"area":277.13,"pct":0.68}},"city_same":1,"id":"hex:2373:17458"},"type":"Feature"},{"geometry":{"coordinates":[[[-117.59602,34.16032],[-117.5967,34.16129],[-117.59806,34.16129],[-117.59873,34.16031],[-117.59804,34.15933],[-117.59669,34.15934],[-117.59602,34.16032]]],"type":"Polygon"},"properties":{"bbox":{"roads":{"area":242.78,"pct":0.6}},"city_same":1,"id":"hex:2373:17459"},"type":"Feature"},{"geometry":{"coordinates":[[[-117.59544,34.07831],[-117.59409,34.07832],[-117.59352,34.07752],[-117.59598,34.07753],[-117.59544,34.07831]]],"type":"Polygon"},"properties":{"bbox":{"roads":{"area":3657.96,"pct":23.64}},"city_same":1,"id":"hex:2374:17417"},"type":"Feature"},{"geometry":{"coordinates":[[[-117.59342,34.0793],[-117.5941,34.08027],[-117.59545,34.08027],[-117.59612,34.07929],[-117.59544,34.07831],[-117.59409,34.07832],[-117.59342,34.0793]]],"type":"Polygon"},"properties":{"bbox":{"roads":{"area":4324.35,"pct":10.65}},"city":{"roads":{"area":4213.5,"pct":10.38}},"id":"hex:2374:17418"},"type":"Feature"},{"geometry":{"coordinates":[[[-117.59343,34.08125],[-117.59411,34.08223],[-117.59547,34.08222],[-117.59614,34.08124],[-117.59545,34.08027],[-117.5941,34.08027],[-117.59343,34.08125]]],"type":"Polygon"},"properties":{"bbox":{"roads":{"area":2483.09,"pct":6.12}},"city":{"roads":{"area":2440.05,"pct":6.01}},"id":"hex:2374:17419"},"type":"Feature"},{"geometry":{"coordinates":[[[-117.59344,34.08321],[-117.59413,34.08418],[-117.59548,34.08417],[-117.59615,34.08319],[-117.59547,34.08222],[-117.59411,34.08223],[-117.59344,34.08321]]],"type":"Polygon"},"properties":{"bbox":{"roads":{"area":4058.97,"pct":10}},"city":{"roads":{"area":4023.95,"pct":9.91}},"id":"hex:2374:17420"},"type":"Feature"},{"geometry":{"coordinates":[[[-117.59346,34.08516],[-117.59414,34.08613],[-117.5955,34.08612],[-117.59617,34.08515],[-117.59548,34.08417],[-117.59413,34.08418],[-117.59346,34.08516]]],"type":"Polygon"},"properties":{"bbox":{"roads":{"area":7128.41,"pct":17.56},"sidewalks":{"area":255.51,"pct":0.63}},"city":{"roads":{"area":3400.97,"pct":8.38},"sidewalks":{"area":255.51,"pct":0.63}},"id":"hex:2374:17421"},"type":"Feature"},{"geometry":{"coordinates":[[[-117.59347,34.08711],[-117.59415,34.08808],[-117.59551,34.08808],[-117.59618,34.0871],[-117.5955,34.08612],[-117.59414,34.08613],[-117.59347,34.08711]]],"type":"Polygon"},"properties":{"bbox":{"roads":{"area":3182.54,"pct":7.84}},"city":{"roads":{"area":3085.3,"pct":7.6}},"id":"hex:2374:17422"},"type":"Feature"},{"geometry":{"coordinates":[[[-117.59348,34.08906],[-117.59417,34.09004],[-117.59552,34.09003],[-117.59619,34.08905],[-117.59551,34.08808],[-117.59415,34.08808],[-117.59348,34.08906]]],"type":"Polygon"},"properties":{"bbox":{"roads":{"area":5175.64,"pct":12.75}},"city":{"roads":{"area":5066.8,"pct":12.48}},"id":"hex:2374:17423"},"type":"Feature"},{"geometry":{"coordinates":[[[-117.5935,34.09102],[-117.59418,34.09199],[-117.59554,34.09198],[-117.59621,34.091],[-117.59552,34.09003],[-117.59417,34.09004],[-117.5935,34.09102]]],"type":"Polygon"},"properties":{"bbox":{"roads":{"area":3557.59,"pct":8.76}},"city":{"roads":{"area":3475.5,"pct":8.56}},"id":"hex:2374:17424"},"type":"Feature"},{"geometry":{"coordinates":[[[-117.59351,34.09297],[-117.59419,34.09394],[-117.59555,34.09393],[-117.59622,34.09296],[-117.59554,34.09198],[-117.59418,34.09199],[-117.59351,34.09297]]],"type":"Polygon"},"properties":{"bbox":{"roads":{"area":3574.7,"pct":8.81}},"city":{"roads":{"area":3470.5,"pct":8.55}},"id":"hex:2374:17425"},"type":"Feature"},{"geometry":{"coordinates":[[[-117.59352,34.09492],[-117.59421,34.09589],[-117.59556,34.09589],[-117.59623,34.09491],[-117.59555,34.09393],[-117.59419,34.09394],[-117.59352,34.09492]]],"type":"Polygon"},"properties":{"bbox":{"roads":{"area":5767.22,"pct":14.21}},"city":{"roads":{"area":5757.24,"pct":14.18}},"id":"hex:2374:17426"},"type":"Feature"},{"geometry":{"coordinates":[[[-117.59354,34.09687],[-117.59422,34.09785],[-117.59558,34.09784],[-117.59625,34.09686],[-117.59556,34.09589],[-117.59421,34.09589],[-117.59354,34.09687]]],"type":"Polygon"},"properties":{"bbox":{"roads":{"area":3351.86,"pct":8.26}},"city":{"roads":{"area":3350.48,"pct":8.25}},"id":"hex:2374:17427"},"type":"Feature"},{"geometry":{"coordinates":[[[-117.59355,34.09883],[-117.59424,34.0998],[-117.59559,34.09979],[-117.59626,34.09881],[-117.59558,34.09784],[-117.59422,34.09785],[-117.59355,34.09883]]],"type":"Polygon"},"properties":{"bbox":{"roads":{"area":7511.12,"pct":18.5}},"city":{"roads":{"area":4107.49,"pct":10.12}},"id":"hex:2374:17428"},"type":"Feature"},{"geometry":{"coordinates":[[[-117.59357,34.10078],[-117.59425,34.10175],[-117.5956,34.10174],[-117.59628,34.10077],[-117.59559,34.09979],[-117.59424,34.0998],[-117.59357,34.10078]]],"type":"Polygon"},"properties":{"bbox":{"roads":{"area":1925.46,"pct":4.74}},"city_same":1,"id":"hex:2374:17429"},"type":"Feature"},{"geometry":{"coordinates":[[[-117.59358,34.10273],[-117.59426,34.1037],[-117.59562,34.1037],[-117.59629,34.10272],[-117.5956,34.10174],[-117.59425,34.10175],[-117.59358,34.10273]]],"type":"Polygon"},"properties":{"bbox":{"roads":{"area":4458.27,"pct":10.98}},"city_same":1,"id":"hex:2374:17430"},"type":"Feature"},{"geometry":{"coordinates":[[[-117.59359,34.10468],[-117.59428,34.10566],[-117.59563,34.10565],[-117.5963,34.10467],[-117.59562,34.1037],[-117.59426,34.1037],[-117.59359,34.10468]]],"type":"Polygon"},"properties":{"bbox":{"roads":{"area":3332.12,"pct":8.21}},"city_same":1,"id":"hex:2374:17431"},"type":"Feature"},{"geometry":{"coordinates":[[[-117.59361,34.10664],[-117.59429,34.10761],[-117.59565,34.1076],[-117.59632,34.10662],[-117.59563,34.10565],[-117.59428,34.10566],[-117.59361,34.10664]]],"type":"Polygon"},"properties":{"bbox":{"roads":{"area":10624.8,"pct":26.17},"sidewalks":{"area":513.95,"pct":1.27}},"city":{"roads":{"area":4930.11,"pct":12.14},"sidewalks":{"area":513.95,"pct":1.27}},"id":"hex:2374:17432"},"type":"Feature"},{"geometry":{"coordinates":[[[-117.59362,34.10859],[-117.5943,34.10956],[-117.59566,34.10955],[-117.59633,34.10858],[-117.59565,34.1076],[-117.59429,34.10761],[-117.59362,34.10859]]],"type":"Polygon"},"properties":{"bbox":{"roads":{"area":4607.13,"pct":11.35},"sidewalks":{"area":7.18,"pct":0.02}},"city_same":1,"id":"hex:2374:17433"},"type":"Feature"},{"geometry":{"coordinates":[[[-117.59363,34.11054],[-117.59432,34.11151],[-117.59567,34.11151],[-117.59634,34.11053],[-117.59566,34.10955],[-117.5943,34.10956],[-117.59363,34.11054]]],"type":"Polygon"},"properties":{"bbox":{"roads":{"area":3725.99,"pct":9.18},"sidewalks":{"area":0.9,"pct":0}},"city_same":1,"id":"hex:2374:17434"},"type":"Feature"},{"geometry":{"coordinates":[[[-117.59365,34.11249],[-117.59433,34.11347],[-117.59569,34.11346],[-117.59636,34.11248],[-117.59567,34.11151],[-117.59432,34.11151],[-117.59365,34.11249]]],"type":"Polygon"},"properties":{"bbox":{"roads":{"area":3120.73,"pct":7.69}},"city_same":1,"id":"hex:2374:17435"},"type":"Feature"},{"geometry":{"coordinates":[[[-117.59366,34.11445],[-117.59435,34.11542],[-117.5957,34.11541],[-117.59637,34.11443],[-117.59569,34.11346],[-117.59433,34.11347],[-117.59366,34.11445]]],"type":"Polygon"},"properties":{"bbox":{"roads":{"area":3574.23,"pct":8.8}},"city_same":1,"id":"hex:2374:17436"},"type":"Feature"},{"geometry":{"coordinates":[[[-117.59367,34.1164],[-117.59436,34.11737],[-117.59571,34.11737],[-117.59638,34.11639],[-117.5957,34.11541],[-117.59435,34.11542],[-117.59367,34.1164]]],"type":"Polygon"},"properties":{"bbox":{"roads":{"area":3356.72,"pct":8.27}},"city_same":1,"id":"hex:2374:17437"},"type":"Feature"},{"geometry":{"coordinates":[[[-117.59369,34.11835],[-117.59437,34.11932],[-117.59573,34.11932],[-117.5964,34.11834],[-117.59571,34.11737],[-117.59436,34.11737],[-117.59369,34.11835]]],"type":"Polygon"},"properties":{"bbox":{"roads":{"area":2230.27,"pct":5.49}},"city_same":1,"id":"hex:2374:17438"},"type":"Feature"},{"geometry":{"coordinates":[[[-117.5937,34.1203],[-117.59439,34.12128],[-117.59574,34.12127],[-117.59641,34.12029],[-117.59573,34.11932],[-117.59437,34.11932],[-117.5937,34.1203]]],"type":"Polygon"},"properties":{"bbox":{"roads":{"area":3988.34,"pct":9.82}},"city_same":1,"id":"hex:2374:17439"},"type":"Feature"},{"geometry":{"coordinates":[[[-117.59372,34.12226],[-117.5944,34.12323],[-117.59576,34.12322],[-117.59643,34.12224],[-117.59574,34.12127],[-117.59439,34.12128],[-117.59372,34.12226]]],"type":"Polygon"},"properties":{"bbox":{"roads":{"area":5687.42,"pct":14.01},"sidewalks":{"area":444.69,"pct":1.1}},"city_same":1,"id":"hex:2374:17440"},"type":"Feature"},{"geometry":{"coordinates":[[[-117.59373,34.12421],[-117.59441,34.12518],[-117.59577,34.12518],[-117.59644,34.1242],[-117.59576,34.12322],[-117.5944,34.12323],[-117.59373,34.12421]]],"type":"Polygon"},"properties":{"bbox":{"roads":{"area":3165.68,"pct":7.8}},"city_same":1,"id":"hex:2374:17441"},"type":"Feature"},{"geometry":{"coordinates":[[[-117.59374,34.12616],[-117.59443,34.12713],[-117.59578,34.12713],[-117.59645,34.12615],[-117.59577,34.12518],[-117.59441,34.12518],[-117.59374,34.12616]]],"type":"Polygon"},"properties":{"bbox":{"parking":{"area":3585.25,"pct":8.83},"roads":{"area":2583.6,"pct":6.36}},"city_same":1,"id":"hex:2374:17442"},"type":"Feature"},{"geometry":{"coordinates":[[[-117.59376,34.12811],[-117.59444,34.12909],[-117.5958,34.12908],[-117.59647,34.1281],[-117.59578,34.12713],[-117.59443,34.12713],[-117.59376,34.12811]]],"type":"Polygon"},"properties":{"bbox":{"roads":{"area":3413.4,"pct":8.41}},"city_same":1,"id":"hex:2374:17443"},"type":"Feature"},{"geometry":{"coordinates":[[[-117.59377,34.13007],[-117.59445,34.13104],[-117.59581,34.13103],[-117.59648,34.13005],[-117.5958,34.12908],[-117.59444,34.12909],[-117.59377,34.13007]]],"type":"Polygon"},"properties":{"bbox":{"roads":{"area":3948.56,"pct":9.73}},"city_same":1,"id":"hex:2374:17444"},"type":"Feature"},{"geometry":{"coordinates":[[[-117.59378,34.13202],[-117.59447,34.13299],[-117.59582,34.13299],[-117.59649,34.13201],[-117.59581,34.13103],[-117.59445,34.13104],[-117.59378,34.13202]]],"type":"Polygon"},"properties":{"bbox":{"roads":{"area":5262.19,"pct":12.96}},"city":{"roads":{"area":3179,"pct":7.83}},"id":"hex:2374:17445"},"type":"Feature"},{"geometry":{"coordinates":[[[-117.5938,34.13397],[-117.59448,34.13494],[-117.59584,34.13494],[-117.59651,34.13396],[-117.59582,34.13299],[-117.59447,34.13299],[-117.5938,34.13397]]],"type":"Polygon"},"properties":{"bbox":{"parking":{"area":343.89,"pct":0.85},"roads":{"area":6356.8,"pct":15.66}},"city":{"parking":{"area":343.89,"pct":0.85},"roads":{"area":4010.69,"pct":9.88}},"id":"hex:2374:17446"},"type":"Feature"},{"geometry":{"coordinates":[[[-117.59381,34.13592],[-117.5945,34.1369],[-117.59585,34.13689],[-117.59652,34.13591],[-117.59584,34.13494],[-117.59448,34.13494],[-117.59381,34.13592]]],"type":"Polygon"},"properties":{"bbox":{"roads":{"area":6187.4,"pct":15.24}},"city":{"roads":{"area":1457.04,"pct":3.59}},"id":"hex:2374:17447"},"type":"Feature"},{"geometry":{"coordinates":[[[-117.59382,34.13788],[-117.59451,34.13885],[-117.59586,34.13884],[-117.59654,34.13786],[-117.59585,34.13689],[-117.5945,34.1369],[-117.59382,34.13788]]],"type":"Polygon"},"properties":{"bbox":{"roads":{"area":2973.55,"pct":7.32}},"city_same":1,"id":"hex:2374:17448"},"type":"Feature"},{"geometry":{"coordinates":[[[-117.59384,34.13983],[-117.59452,34.1408],[-117.59588,34.1408],[-117.59655,34.13982],[-117.59586,34.13884],[-117.59451,34.13885],[-117.59384,34.13983]]],"type":"Polygon"},"properties":{"bbox":{"roads":{"area":3804.05,"pct":9.37}},"city_same":1,"id":"hex:2374:17449"},"type":"Feature"},{"geometry":{"coordinates":[[[-117.59385,34.14178],[-117.59454,34.14275],[-117.59589,34.14275],[-117.59656,34.14177],[-117.59588,34.1408],[-117.59452,34.1408],[-117.59385,34.14178]]],"type":"Polygon"},"properties":{"bbox":{"roads":{"area":2347.12,"pct":5.78}},"city_same":1,"id":"hex:2374:17450"},"type":"Feature"},{"geometry":{"coordinates":[[[-117.59387,34.14373],[-117.59455,34.14471],[-117.59591,34.1447],[-117.59658,34.14372],[-117.59589,34.14275],[-117.59454,34.14275],[-117.59387,34.14373]]],"type":"Polygon"},"properties":{"bbox":{"roads":{"area":3046.74,"pct":7.51}},"city_same":1,"id":"hex:2374:17451"},"type":"Feature"},{"geometry":{"coordinates":[[[-117.59388,34.14569],[-117.59456,34.14666],[-117.59592,34.14665],[-117.59659,34.14567],[-117.59591,34.1447],[-117.59455,34.14471],[-117.59388,34.14569]]],"type":"Polygon"},"properties":{"bbox":{"roads":{"area":1704.36,"pct":4.2}},"city_same":1,"id":"hex:2374:17452"},"type":"Feature"},{"geometry":{"coordinates":[[[-117.59389,34.14764],[-117.59458,34.14861],[-117.59593,34.14861],[-117.5966,34.14763],[-117.59592,34.14665],[-117.59456,34.14666],[-117.59389,34.14764]]],"type":"Polygon"},"properties":{"bbox":{"roads":{"area":1924.44,"pct":4.74}},"city_same":1,"id":"hex:2374:17453"},"type":"Feature"},{"geometry":{"coordinates":[[[-117.59391,34.14959],[-117.59459,34.15056],[-117.59595,34.15056],[-117.59662,34.14958],[-117.59593,34.14861],[-117.59458,34.14861],[-117.59391,34.14959]]],"type":"Polygon"},"properties":{"bbox":{"roads":{"area":2777.74,"pct":6.84}},"city":{"roads":{"area":1618.24,"pct":3.99}},"id":"hex:2374:17454"},"type":"Feature"},{"geometry":{"coordinates":[[[-117.59392,34.15154],[-117.5946,34.15252],[-117.59596,34.15251],[-117.59663,34.15153],[-117.59595,34.15056],[-117.59459,34.15056],[-117.59392,34.15154]]],"type":"Polygon"},"properties":{"bbox":{"roads":{"area":1983.67,"pct":4.89}},"city":{"roads":{"area":1864.32,"pct":4.59}},"id":"hex:2374:17455"},"type":"Feature"},{"geometry":{"coordinates":[[[-117.59393,34.1535],[-117.59462,34.15447],[-117.59597,34.15446],[-117.59665,34.15348],[-117.59596,34.15251],[-117.5946,34.15252],[-117.59393,34.1535]]],"type":"Polygon"},"properties":{"bbox":{"roads":{"area":2606.44,"pct":6.42}},"city_same":1,"id":"hex:2374:17456"},"type":"Feature"},{"geometry":{"coordinates":[[[-117.59395,34.15545],[-117.59463,34.15642],[-117.59599,34.15642],[-117.59666,34.15544],[-117.59597,34.15446],[-117.59462,34.15447],[-117.59395,34.15545]]],"type":"Polygon"},"properties":{"bbox":{"roads":{"area":2214.46,"pct":5.46}},"city_same":1,"id":"hex:2374:17457"},"type":"Feature"},{"geometry":{"coordinates":[[[-117.59396,34.1574],[-117.59465,34.15837],[-117.596,34.15837],[-117.59667,34.15739],[-117.59599,34.15642],[-117.59463,34.15642],[-117.59396,34.1574]]],"type":"Polygon"},"properties":{"bbox":{"roads":{"area":2814.8,"pct":6.93}},"city_same":1,"id":"hex:2374:17458"},"type":"Feature"},{"geometry":{"coordinates":[[[-117.59397,34.15935],[-117.59466,34.16033],[-117.59602,34.16032],[-117.59669,34.15934],[-117.596,34.15837],[-117.59465,34.15837],[-117.59397,34.15935]]],"type":"Polygon"},"properties":{"bbox":{"roads":{"area":2125.57,"pct":5.24}},"city_same":1,"id":"hex:2374:17459"},"type":"Feature"},{"geometry":{"coordinates":[[[-117.59399,34.16131],[-117.59467,34.16228],[-117.59603,34.16227],[-117.5967,34.16129],[-117.59602,34.16032],[-117.59466,34.16033],[-117.59399,34.16131]]],"type":"Polygon"},"properties":{"bbox":{"roads":{"area":1600.1,"pct":3.94}},"city_same":1,"id":"hex:2374:17460"},"type":"Feature"},{"geometry":{"coordinates":[[[-117.594,34.16326],[-117.59469,34.16423],[-117.59604,34.16423],[-117.59671,34.16325],[-117.59603,34.16227],[-117.59467,34.16228],[-117.594,34.16326]]],"type":"Polygon"},"properties":{"bbox":{"roads":{"area":1193.96,"pct":2.94}},"city_same":1,"id":"hex:2374:17461"},"type":"Feature"},{"geometry":{"coordinates":[[[-117.59469,34.16423],[-117.59604,34.16423],[-117.59666,34.1651],[-117.59626,34.1651],[-117.59554,34.16511],[-117.59523,34.16511],[-117.59428,34.1651],[-117.59409,34.1651],[-117.59469,34.16423]]],"type":"Polygon"},"properties":{"bbox":{"roads":{"area":485.73,"pct":2.76}},"city_same":1,"id":"hex:2374:17462"},"type":"Feature"},{"geometry":{"coordinates":[[[-117.59409,34.07832],[-117.59342,34.0793],[-117.59206,34.07931],[-117.59138,34.07833],[-117.59194,34.07751],[-117.59352,34.07752],[-117.59409,34.07832]]],"type":"Polygon"},"properties":{"bbox":{"roads":{"area":8887.74,"pct":23.26}},"city":{"roads":{"area":4859.08,"pct":12.72}},"id":"hex:2375:17417"},"type":"Feature"},{"geometry":{"coordinates":[[[-117.59139,34.08029],[-117.59207,34.08126],[-117.59343,34.08125],[-117.5941,34.08027],[-117.59342,34.0793],[-117.59206,34.07931],[-117.59139,34.08029]]],"type":"Polygon"},"properties":{"bbox":{"roads":{"area":5217.24,"pct":12.85}},"city":{"roads":{"area":1738.41,"pct":4.28}},"id":"hex:2375:17418"},"type":"Feature"},{"geometry":{"coordinates":[[[-117.5914,34.08224],[-117.59209,34.08321],[-117.59344,34.08321],[-117.59411,34.08223],[-117.59343,34.08125],[-117.59207,34.08126],[-117.5914,34.08224]]],"type":"Polygon"},"properties":{"bbox":{"roads":{"area":8775.63,"pct":21.62}},"city":{"roads":{"area":5564.95,"pct":13.71}},"id":"hex:2375:17419"},"type":"Feature"},{"geometry":{"coordinates":[[[-117.59142,34.08419],[-117.5921,34.08516],[-117.59346,34.08516],[-117.59413,34.08418],[-117.59344,34.08321],[-117.59209,34.08321],[-117.59142,34.08419]]],"type":"Polygon"},"properties":{"bbox":{"roads":{"area":9153.31,"pct":22.55}},"city":{"roads":{"area":2889.36,"pct":7.12}},"id":"hex:2375:17420"},"type":"Feature"},{"geometry":{"coordinates":[[[-117.59143,34.08614],[-117.59211,34.08712],[-117.59347,34.08711],[-117.59414,34.08613],[-117.59346,34.08516],[-117.5921,34.08516],[-117.59143,34.08614]]],"type":"Polygon"},"properties":{"bbox":{"roads":{"area":7433.45,"pct":18.31}},"city":{"roads":{"area":4312.72,"pct":10.62}},"id":"hex:2375:17421"},"type":"Feature"},{"geometry":{"coordinates":[[[-117.59144,34.0881],[-117.59213,34.08907],[-117.59348,34.08906],[-117.59415,34.08808],[-117.59347,34.08711],[-117.59211,34.08712],[-117.59144,34.0881]]],"type":"Polygon"},"properties":{"bbox":{"roads":{"area":7369.4,"pct":18.15}},"city":{"roads":{"area":4128.66,"pct":10.17}},"id":"hex:2375:17422"},"type":"Feature"},{"geometry":{"coordinates":[[[-117.59146,34.09005],[-117.59214,34.09102],[-117.5935,34.09102],[-117.59417,34.09004],[-117.59348,34.08906],[-117.59213,34.08907],[-117.59146,34.09005]]],"type":"Polygon"},"properties":{"bbox":{"roads":{"area":5667.89,"pct":13.96}},"city":{"roads":{"area":2544.96,"pct":6.27}},"id":"hex:2375:17423"},"type":"Feature"},{"geometry":{"coordinates":[[[-117.59147,34.092],[-117.59216,34.09297],[-117.59351,34.09297],[-117.59418,34.09199],[-117.5935,34.09102],[-117.59214,34.09102],[-117.59147,34.092]]],"type":"Polygon"},"properties":{"bbox":{"roads":{"area":7420.3,"pct":18.28},"sidewalks":{"area":11.59,"pct":0.03}},"city":{"roads":{"area":4254.97,"pct":10.48},"sidewalks":{"area":11.59,"pct":0.03}},"id":"hex:2375:17424"},"type":"Feature"},{"geometry":{"coordinates":[[[-117.59148,34.09395],[-117.59217,34.09493],[-117.59352,34.09492],[-117.59419,34.09394],[-117.59351,34.09297],[-117.59216,34.09297],[-117.59148,34.09395]]],"type":"Polygon"},"properties":{"bbox":{"roads":{"area":7229.98,"pct":17.81}},"city":{"roads":{"area":4128.51,"pct":10.17}},"id":"hex:2375:17425"},"type":"Feature"},{"geometry":{"coordinates":[[[-117.5915,34.09591],[-117.59218,34.09688],[-117.59354,34.09687],[-117.59421,34.09589],[-117.59352,34.09492],[-117.59217,34.09493],[-117.5915,34.09591]]],"type":"Polygon"},"properties":{"bbox":{"roads":{"area":6659.66,"pct":16.41}},"city":{"roads":{"area":2964.84,"pct":7.3}},"id":"hex:2375:17426"},"type":"Feature"},{"geometry":{"coordinates":[[[-117.59151,34.09786],[-117.5922,34.09883],[-117.59355,34.09883],[-117.59422,34.09785],[-117.59354,34.09687],[-117.59218,34.09688],[-117.59151,34.09786]]],"type":"Polygon"},"properties":{"bbox":{"parking":{"area":670.53,"pct":1.65},"roads":{"area":7690.78,"pct":18.95}},"city":{"parking":{"area":670.53,"pct":1.65},"roads":{"area":4449.03,"pct":10.96}},"id":"hex:2375:17427"},"type":"Feature"},{"geometry":{"coordinates":[[[-117.59153,34.09981],[-117.59221,34.10079],[-117.59357,34.10078],[-117.59424,34.0998],[-117.59355,34.09883],[-117.5922,34.09883],[-117.59153,34.09981]]],"type":"Polygon"},"properties":{"bbox":{"roads":{"area":8897.21,"pct":21.92}},"city":{"roads":{"area":2416.84,"pct":5.95}},"id":"hex:2375:17428"},"type":"Feature"},{"geometry":{"coordinates":[[[-117.59154,34.10176],[-117.59222,34.10274],[-117.59358,34.10273],[-117.59425,34.10175],[-117.59357,34.10078],[-117.59221,34.10079],[-117.59154,34.10176]]],"type":"Polygon"},"properties":{"bbox":{"roads":{"area":6068.06,"pct":14.95}},"city":{"roads":{"area":2730.13,"pct":6.73}},"id":"hex:2375:17429"},"type":"Feature"},{"geometry":{"coordinates":[[[-117.59155,34.10372],[-117.59224,34.10469],[-117.59359,34.10468],[-117.59426,34.1037],[-117.59358,34.10273],[-117.59222,34.10274],[-117.59155,34.10372]]],"type":"Polygon"},"properties":{"bbox":{"roads":{"area":5181.62,"pct":12.76}},"city":{"roads":{"area":1982.43,"pct":4.88}},"id":"hex:2375:17430"},"type":"Feature"},{"geometry":{"coordinates":[[[-117.59157,34.10567],[-117.59225,34.10664],[-117.59361,34.10664],[-117.59428,34.10566],[-117.59359,34.10468],[-117.59224,34.10469],[-117.59157,34.10567]]],"type":"Polygon"},"properties":{"bbox":{"roads":{"area":9191.01,"pct":22.64},"sidewalks":{"area":82.62,"pct":0.2}},"city":{"roads":{"area":4003.51,"pct":9.86},"sidewalks":{"area":82.62,"pct":0.2}},"id":"hex:2375:17431"},"type":"Feature"},{"geometry":{"coordinates":[[[-117.59158,34.10762],[-117.59226,34.1086],[-117.59362,34.10859],[-117.59429,34.10761],[-117.59361,34.10664],[-117.59225,34.10664],[-117.59158,34.10762]]],"type":"Polygon"},"properties":{"bbox":{"roads":{"area":9509.2,"pct":23.42},"sidewalks":{"area":678.64,"pct":1.67}},"city":{"roads":{"area":4702.84,"pct":11.58},"sidewalks":{"area":678.64,"pct":1.67}},"id":"hex:2375:17432"},"type":"Feature"},{"geometry":{"coordinates":[[[-117.59159,34.10957],[-117.59228,34.11055],[-117.59363,34.11054],[-117.5943,34.10956],[-117.59362,34.10859],[-117.59226,34.1086],[-117.59159,34.10957]]],"type":"Polygon"},"properties":{"bbox":{"roads":{"area":6121.65,"pct":15.08},"sidewalks":{"area":645.87,"pct":1.59}},"city":{"roads":{"area":2707.82,"pct":6.67},"sidewalks":{"area":645.87,"pct":1.59}},"id":"hex:2375:17433"},"type":"Feature"},{"geometry":{"coordinates":[[[-117.59161,34.11153],[-117.59229,34.1125],[-117.59365,34.11249],[-117.59432,34.11151],[-117.59363,34.11054],[-117.59228,34.11055],[-117.59161,34.11153]]],"type":"Polygon"},"properties":{"bbox":{"roads":{"area":7470.72,"pct":18.4},"sidewalks":{"area":574.97,"pct":1.42}},"city":{"roads":{"area":4262.98,"pct":10.5},"sidewalks":{"area":574.97,"pct":1.42}},"id":"hex:2375:17434"},"type":"Feature"},{"geometry":{"coordinates":[[[-117.59162,34.11348],[-117.59231,34.11445],[-117.59366,34.11445],[-117.59433,34.11347],[-117.59365,34.11249],[-117.59229,34.1125],[-117.59162,34.11348]]],"type":"Polygon"},"properties":{"bbox":{"roads":{"area":7118.04,"pct":17.53},"sidewalks":{"area":479.51,"pct":1.18}},"city":{"roads":{"area":3800.5,"pct":9.36},"sidewalks":{"area":479.51,"pct":1.18}},"id":"hex:2375:17435"},"type":"Feature"},{"geometry":{"coordinates":[[[-117.59163,34.11543],[-117.59232,34.11641],[-117.59367,34.1164],[-117.59435,34.11542],[-117.59366,34.11445],[-117.59231,34.11445],[-117.59163,34.11543]]],"type":"Polygon"},"properties":{"bbox":{"roads":{"area":5401.78,"pct":13.31}},"city":{"roads":{"area":2139.9,"pct":5.27}},"id":"hex:2375:17436"},"type":"Feature"},{"geometry":{"coordinates":[[[-117.59165,34.11738],[-117.59233,34.11836],[-117.59369,34.11835],[-117.59436,34.11737],[-117.59367,34.1164],[-117.59232,34.11641],[-117.59165,34.11738]]],"type":"Polygon"},"properties":{"bbox":{"roads":{"area":5298.04,"pct":13.05}},"city":{"roads":{"area":1772.05,"pct":4.37}},"id":"hex:2375:17437"},"type":"Feature"},{"geometry":{"coordinates":[[[-117.59166,34.11934],[-117.59235,34.12031],[-117.5937,34.1203],[-117.59437,34.11932],[-117.59369,34.11835],[-117.59233,34.11836],[-117.59166,34.11934]]],"type":"Polygon"},"properties":{"bbox":{"roads":{"area":5429.66,"pct":13.38}},"city":{"roads":{"area":2313.98,"pct":5.7}},"id":"hex:2375:17438"},"type":"Feature"},{"geometry":{"coordinates":[[[-117.59168,34.12129],[-117.59236,34.12226],[-117.59372,34.12226],[-117.59439,34.12128],[-117.5937,34.1203],[-117.59235,34.12031],[-117.59168,34.12129]]],"type":"Polygon"},"properties":{"bbox":{"roads":{"area":12101.81,"pct":29.81},"sidewalks":{"area":616.1,"pct":1.52}},"city":{"roads":{"area":8568.68,"pct":21.11},"sidewalks":{"area":616.1,"pct":1.52}},"id":"hex:2375:17439"},"type":"Feature"},{"geometry":{"coordinates":[[[-117.59169,34.12324],[-117.59237,34.12422],[-117.59373,34.12421],[-117.5944,34.12323],[-117.59372,34.12226],[-117.59236,34.12226],[-117.59169,34.12324]]],"type":"Polygon"},"properties":{"bbox":{"roads":{"area":6075.2,"pct":14.97}},"city":{"roads":{"area":2946.11,"pct":7.26}},"id":"hex:2375:17440"},"type":"Feature"},{"geometry":{"coordinates":[[[-117.5917,34.12519],[-117.59239,34.12617],[-117.59374,34.12616],[-117.59441,34.12518],[-117.59373,34.12421],[-117.59237,34.12422],[-117.5917,34.12519]]],"type":"Polygon"},"properties":{"bbox":{"roads":{"area":5671.78,"pct":13.97}},"city":{"roads":{"area":2508.17,"pct":6.18}},"id":"hex:2375:17441"},"type":"Feature"},{"geometry":{"coordinates":[[[-117.59172,34.12715],[-117.5924,34.12812],[-117.59376,34.12811],[-117.59443,34.12713],[-117.59374,34.12616],[-117.59239,34.12617],[-117.59172,34.12715]]],"type":"Polygon"},"properties":{"bbox":{"parking":{"area":26.48,"pct":0.07},"roads":{"area":7240.71,"pct":17.84}},"city":{"parking":{"area":26.48,"pct":0.07},"roads":{"area":3791.63,"pct":9.34}},"id":"hex:2375:17442"},"type":"Feature"},{"geometry":{"coordinates":[[[-117.59173,34.1291],[-117.59241,34.13007],[-117.59377,34.13007],[-117.59444,34.12909],[-117.59376,34.12811],[-117.5924,34.12812],[-117.59173,34.1291]]],"type":"Polygon"},"properties":{"bbox":{"roads":{"area":7764.08,"pct":19.13}},"city":{"roads":{"area":4315.85,"pct":10.63}},"id":"hex:2375:17443"},"type":"Feature"},{"geometry":{"coordinates":[[[-117.59174,34.13105],[-117.59243,34.13203],[-117.59378,34.13202],[-117.59445,34.13104],[-117.59377,34.13007],[-117.59241,34.13007],[-117.59174,34.13105]]],"type":"Polygon"},"properties":{"bbox":{"roads":{"area":6464.3,"pct":15.92}},"city":{"roads":{"area":3216.74,"pct":7.92}},"id":"hex:2375:17444"},"type":"Feature"},{"geometry":{"coordinates":[[[-117.59176,34.133],[-117.59244,34.13398],[-117.5938,34.13397],[-117.59447,34.13299],[-117.59378,34.13202],[-117.59243,34.13203],[-117.59176,34.133]]],"type":"Polygon"},"properties":{"bbox":{"parking":{"area":7176.57,"pct":17.68},"roads":{"area":11553.47,"pct":28.46}},"city":{"parking":{"area":7176.57,"pct":17.68},"roads":{"area":4830.17,"pct":11.9}},"id":"hex:2375:17445"},"type":"Feature"},{"geometry":{"coordinates":[[[-117.59177,34.13496],[-117.59246,34.13593],[-117.59381,34.13592],[-117.59448,34.13494],[-117.5938,34.13397],[-117.59244,34.13398],[-117.59177,34.13496]]],"type":"Polygon"},"properties":{"bbox":{"roads":{"area":13648.51,"pct":33.62}},"city":{"roads":{"area":450.4,"pct":1.11}},"id":"hex:2375:17446"},"type":"Feature"},{"geometry":{"coordinates":[[[-117.59178,34.13691],[-117.59247,34.13788],[-117.59382,34.13788],[-117.5945,34.1369],[-117.59381,34.13592],[-117.59246,34.13593],[-117.59178,34.13691]]],"type":"Polygon"},"properties":{"bbox":{"roads":{"area":6486.07,"pct":15.98}},"city":{"roads":{"area":3099.44,"pct":7.64}},"id":"hex:2375:17447"},"type":"Feature"},{"geometry":{"coordinates":[[[-117.5918,34.13886],[-117.59248,34.13984],[-117.59384,34.13983],[-117.59451,34.13885],[-117.59382,34.13788],[-117.59247,34.13788],[-117.5918,34.13886]]],"type":"Polygon"},"properties":{"bbox":{"roads":{"area":6163.78,"pct":15.18}},"city":{"roads":{"area":2640.81,"pct":6.51}},"id":"hex:2375:17448"},"type":"Feature"},{"geometry":{"coordinates":[[[-117.59181,34.14081],[-117.5925,34.14179],[-117.59385,34.14178],[-117.59452,34.1408],[-117.59384,34.13983],[-117.59248,34.13984],[-117.59181,34.14081]]],"type":"Polygon"},"properties":{"bbox":{"roads":{"area":4926.26,"pct":12.14}},"city":{"roads":{"area":1633.83,"pct":4.02}},"id":"hex:2375:17449"},"type":"Feature"},{"geometry":{"coordinates":[[[-117.59182,34.14277],[-117.59251,34.14374],[-117.59387,34.14373],[-117.59454,34.14275],[-117.59385,34.14178],[-117.5925,34.14179],[-117.59182,34.14277]]],"type":"Polygon"},"properties":{"bbox":{"roads":{"area":5725.92,"pct":14.11}},"city":{"roads":{"area":2435.42,"pct":6}},"id":"hex:2375:17450"},"type":"Feature"},{"geometry":{"coordinates":[[[-117.59184,34.14472],[-117.59252,34.14569],[-117.59388,34.14569],[-117.59455,34.14471],[-117.59387,34.14373],[-117.59251,34.14374],[-117.59184,34.14472]]],"type":"Polygon"},"properties":{"bbox":{"roads":{"area":4689.32,"pct":11.55}},"city":{"roads":{"area":1525.35,"pct":3.76}},"id":"hex:2375:17451"},"type":"Feature"},{"geometry":{"coordinates":[[[-117.59185,34.14667],[-117.59254,34.14765],[-117.59389,34.14764],[-117.59456,34.14666],[-117.59388,34.14569],[-117.59252,34.14569],[-117.59185,34.14667]]],"type":"Polygon"},"properties":{"bbox":{"roads":{"area":4280.41,"pct":10.54}},"city":{"roads":{"area":1101.68,"pct":2.71}},"id":"hex:2375:17452"},"type":"Feature"},{"geometry":{"coordinates":[[[-117.59187,34.14862],[-117.59255,34.1496],[-117.59391,34.14959],[-117.59458,34.14861],[-117.59389,34.14764],[-117.59254,34.14765],[-117.59187,34.14862]]],"type":"Polygon"},"properties":{"bbox":{"roads":{"area":4431.26,"pct":10.92}},"city":{"roads":{"area":1267.38,"pct":3.12}},"id":"hex:2375:17453"},"type":"Feature"},{"geometry":{"coordinates":[[[-117.59188,34.15058],[-117.59256,34.15155],[-117.59392,34.15154],[-117.59459,34.15056],[-117.59391,34.14959],[-117.59255,34.1496],[-117.59188,34.15058]]],"type":"Polygon"},"properties":{"bbox":{"parking":{"area":2346.44,"pct":5.78},"roads":{"area":7046.27,"pct":17.36}},"city":{"parking":{"area":2346.44,"pct":5.78},"roads":{"area":2619.25,"pct":6.45}},"id":"hex:2375:17454"},"type":"Feature"},{"geometry":{"coordinates":[[[-117.59189,34.15253],[-117.59258,34.1535],[-117.59393,34.1535],[-117.5946,34.15252],[-117.59392,34.15154],[-117.59256,34.15155],[-117.59189,34.15253]]],"type":"Polygon"},"properties":{"bbox":{"roads":{"area":4060.96,"pct":10}},"city_same":1,"id":"hex:2375:17455"},"type":"Feature"},{"geometry":{"coordinates":[[[-117.59191,34.15448],[-117.59259,34.15546],[-117.59395,34.15545],[-117.59462,34.15447],[-117.59393,34.1535],[-117.59258,34.1535],[-117.59191,34.15448]]],"type":"Polygon"},"properties":{"bbox":{"roads":{"area":4388.87,"pct":10.81}},"city_same":1,"id":"hex:2375:17456"},"type":"Feature"},{"geometry":{"coordinates":[[[-117.59192,34.15643],[-117.5926,34.15741],[-117.59396,34.1574],[-117.59463,34.15642],[-117.59395,34.15545],[-117.59259,34.15546],[-117.59192,34.15643]]],"type":"Polygon"},"properties":{"bbox":{"roads":{"area":3265.8,"pct":8.04}},"city_same":1,"id":"hex:2375:17457"},"type":"Feature"},{"geometry":{"coordinates":[[[-117.59193,34.15839],[-117.59262,34.15936],[-117.59397,34.15935],[-117.59465,34.15837],[-117.59396,34.1574],[-117.5926,34.15741],[-117.59193,34.15839]]],"type":"Polygon"},"properties":{"bbox":{"roads":{"area":3038.32,"pct":7.48}},"city_same":1,"id":"hex:2375:17458"},"type":"Feature"},{"geometry":{"coordinates":[[[-117.59195,34.16034],[-117.59263,34.16131],[-117.59399,34.16131],[-117.59466,34.16033],[-117.59397,34.15935],[-117.59262,34.15936],[-117.59195,34.16034]]],"type":"Polygon"},"properties":{"bbox":{"roads":{"area":3189.36,"pct":7.86}},"city_same":1,"id":"hex:2375:17459"},"type":"Feature"},{"geometry":{"coordinates":[[[-117.59196,34.16229],[-117.59265,34.16327],[-117.594,34.16326],[-117.59467,34.16228],[-117.59399,34.16131],[-117.59263,34.16131],[-117.59196,34.16229]]],"type":"Polygon"},"properties":{"bbox":{"roads":{"area":3824.59,"pct":9.42}},"city_same":1,"id":"hex:2375:17460"},"type":"Feature"},{"geometry":{"coordinates":[[[-117.59197,34.16424],[-117.59265,34.16327],[-117.594,34.16326],[-117.59469,34.16423],[-117.59409,34.1651],[-117.59397,34.1651],[-117.59378,34.1651],[-117.5932,34.1651],[-117.59301,34.16511],[-117.59258,34.16511],[-117.59197,34.16424]]],"type":"Polygon"},"properties":{"bbox":{"roads":{"area":2945.24,"pct":7.56}},"city_same":1,"id":"hex:2375:17461"},"type":"Feature"},{"geometry":{"coordinates":[[[-117.59138,34.07833],[-117.59002,34.07834],[-117.58942,34.07749],[-117.59194,34.07751],[-117.59138,34.07833]]],"type":"Polygon"},"properties":{"bbox":{"roads":{"area":3736.2,"pct":22.4}},"city_same":1,"id":"hex:2376:17417"},"type":"Feature"},{"geometry":{"coordinates":[[[-117.58935,34.07932],[-117.59004,34.08029],[-117.59139,34.08029],[-117.59206,34.07931],[-117.59138,34.07833],[-117.59002,34.07834],[-117.58935,34.07932]]],"type":"Polygon"},"properties":{"bbox":{"roads":{"area":918.48,"pct":2.26}},"city_same":1,"id":"hex:2376:17418"},"type":"Feature"},{"geometry":{"coordinates":[[[-117.58936,34.08127],[-117.59005,34.08225],[-117.5914,34.08224],[-117.59207,34.08126],[-117.59139,34.08029],[-117.59004,34.08029],[-117.58936,34.08127]]],"type":"Polygon"},"properties":{"bbox":{"roads":{"area":2965.45,"pct":7.3}},"city_same":1,"id":"hex:2376:17419"},"type":"Feature"},{"geometry":{"coordinates":[[[-117.58938,34.08323],[-117.59006,34.0842],[-117.59142,34.08419],[-117.59209,34.08321],[-117.5914,34.08224],[-117.59005,34.08225],[-117.58938,34.08323]]],"type":"Polygon"},"properties":{"bbox":{"roads":{"area":4293.44,"pct":10.58}},"city_same":1,"id":"hex:2376:17420"},"type":"Feature"},{"geometry":{"coordinates":[[[-117.58939,34.08518],[-117.59008,34.08615],[-117.59143,34.08614],[-117.5921,34.08516],[-117.59142,34.08419],[-117.59006,34.0842],[-117.58939,34.08518]]],"type":"Polygon"},"properties":{"bbox":{"roads":{"area":7381.21,"pct":18.18}},"city":{"roads":{"area":4058.05,"pct":10}},"id":"hex:2376:17421"},"type":"Feature"},{"geometry":{"coordinates":[[[-117.58941,34.08713],[-117.59009,34.0881],[-117.59144,34.0881],[-117.59211,34.08712],[-117.59143,34.08614],[-117.59008,34.08615],[-117.58941,34.08713]]],"type":"Polygon"},"properties":{"bbox":{"roads":{"area":3633.93,"pct":8.95}},"city_same":1,"id":"hex:2376:17422"},"type":"Feature"},{"geometry":{"coordinates":[[[-117.58942,34.08908],[-117.5901,34.09006],[-117.59146,34.09005],[-117.59213,34.08907],[-117.59144,34.0881],[-117.59009,34.0881],[-117.58942,34.08908]]],"type":"Polygon"},"properties":{"bbox":{"roads":{"area":3554.46,"pct":8.76}},"city_same":1,"id":"hex:2376:17423"},"type":"Feature"},{"geometry":{"coordinates":[[[-117.58943,34.09104],[-117.59012,34.09201],[-117.59147,34.092],[-117.59214,34.09102],[-117.59146,34.09005],[-117.5901,34.09006],[-117.58943,34.09104]]],"type":"Polygon"},"properties":{"bbox":{"roads":{"area":5250.18,"pct":12.93}},"city_same":1,"id":"hex:2376:17424"},"type":"Feature"},{"geometry":{"coordinates":[[[-117.58945,34.09299],[-117.59013,34.09396],[-117.59148,34.09395],[-117.59216,34.09297],[-117.59147,34.092],[-117.59012,34.09201],[-117.58945,34.09299]]],"type":"Polygon"},"properties":{"bbox":{"roads":{"area":3721.94,"pct":9.17}},"city_same":1,"id":"hex:2376:17425"},"type":"Feature"},{"geometry":{"coordinates":[[[-117.58946,34.09494],[-117.59014,34.09591],[-117.5915,34.09591],[-117.59217,34.09493],[-117.59148,34.09395],[-117.59013,34.09396],[-117.58946,34.09494]]],"type":"Polygon"},"properties":{"bbox":{"roads":{"area":2496.88,"pct":6.15}},"city_same":1,"id":"hex:2376:17426"},"type":"Feature"},{"geometry":{"coordinates":[[[-117.58947,34.09689],[-117.59016,34.09787],[-117.59151,34.09786],[-117.59218,34.09688],[-117.5915,34.09591],[-117.59014,34.09591],[-117.58947,34.09689]]],"type":"Polygon"},"properties":{"bbox":{"parking":{"area":591.32,"pct":1.46},"roads":{"area":286.42,"pct":0.71}},"city_same":1,"id":"hex:2376:17427"},"type":"Feature"},{"geometry":{"coordinates":[[[-117.58949,34.09885],[-117.59017,34.09982],[-117.59153,34.09981],[-117.5922,34.09883],[-117.59151,34.09786],[-117.59016,34.09787],[-117.58949,34.09885]]],"type":"Polygon"},"properties":{"bbox":{"roads":{"area":7106.9,"pct":17.51}},"city":{"roads":{"area":3772.4,"pct":9.29}},"id":"hex:2376:17428"},"type":"Feature"},{"geometry":{"coordinates":[[[-117.5895,34.1008],[-117.59018,34.10177],[-117.59154,34.10176],[-117.59221,34.10079],[-117.59153,34.09981],[-117.59017,34.09982],[-117.5895,34.1008]]],"type":"Polygon"},"properties":{"bbox":{"roads":{"area":2241.16,"pct":5.52}},"city_same":1,"id":"hex:2376:17429"},"type":"Feature"},{"geometry":{"coordinates":[[[-117.58951,34.10275],[-117.5902,34.10372],[-117.59155,34.10372],[-117.59222,34.10274],[-117.59154,34.10176],[-117.59018,34.10177],[-117.58951,34.10275]]],"type":"Polygon"},"properties":{"bbox":{"roads":{"area":2777.16,"pct":6.84}},"city_same":1,"id":"hex:2376:17430"},"type":"Feature"},{"geometry":{"coordinates":[[[-117.58953,34.1047],[-117.59021,34.10568],[-117.59157,34.10567],[-117.59224,34.10469],[-117.59155,34.10372],[-117.5902,34.10372],[-117.58953,34.1047]]],"type":"Polygon"},"properties":{"bbox":{"roads":{"area":2855.29,"pct":7.03}},"city_same":1,"id":"hex:2376:17431"},"type":"Feature"},{"geometry":{"coordinates":[[[-117.58954,34.10666],[-117.59022,34.10763],[-117.59158,34.10762],[-117.59225,34.10664],[-117.59157,34.10567],[-117.59021,34.10568],[-117.58954,34.10666]]],"type":"Polygon"},"properties":{"bbox":{"roads":{"area":8539.43,"pct":21.04},"sidewalks":{"area":332.85,"pct":0.82}},"city":{"roads":{"area":3365.54,"pct":8.29},"sidewalks":{"area":332.85,"pct":0.82}},"id":"hex:2376:17432"},"type":"Feature"},{"geometry":{"coordinates":[[[-117.58955,34.10861],[-117.59024,34.10958],[-117.59159,34.10957],[-117.59226,34.1086],[-117.59158,34.10762],[-117.59022,34.10763],[-117.58955,34.10861]]],"type":"Polygon"},"properties":{"bbox":{"roads":{"area":2440.28,"pct":6.01}},"city_same":1,"id":"hex:2376:17433"},"type":"Feature"},{"geometry":{"coordinates":[[[-117.58957,34.11056],[-117.59025,34.11153],[-117.59161,34.11153],[-117.59228,34.11055],[-117.59159,34.10957],[-117.59024,34.10958],[-117.58957,34.11056]]],"type":"Polygon"},"properties":{"bbox":{"roads":{"area":4644.11,"pct":11.44}},"city_same":1,"id":"hex:2376:17434"},"type":"Feature"},{"geometry":{"coordinates":[[[-117.58958,34.11251],[-117.59027,34.11349],[-117.59162,34.11348],[-117.59229,34.1125],[-117.59161,34.11153],[-117.59025,34.11153],[-117.58958,34.11251]]],"type":"Polygon"},"properties":{"bbox":{"roads":{"area":4656.77,"pct":11.47}},"city_same":1,"id":"hex:2376:17435"},"type":"Feature"},{"geometry":{"coordinates":[[[-117.58959,34.11447],[-117.59028,34.11544],[-117.59163,34.11543],[-117.59231,34.11445],[-117.59162,34.11348],[-117.59027,34.11349],[-117.58959,34.11447]]],"type":"Polygon"},"properties":{"bbox":{"roads":{"area":3715.51,"pct":9.15}},"city_same":1,"id":"hex:2376:17436"},"type":"Feature"},{"geometry":{"coordinates":[[[-117.58961,34.11642],[-117.59029,34.11739],[-117.59165,34.11738],[-117.59232,34.11641],[-117.59163,34.11543],[-117.59028,34.11544],[-117.58961,34.11642]]],"type":"Polygon"},"properties":{"bbox":{"roads":{"area":2942.46,"pct":7.25}},"city_same":1,"id":"hex:2376:17437"},"type":"Feature"},{"geometry":{"coordinates":[[[-117.58962,34.11837],[-117.59031,34.11934],[-117.59166,34.11934],[-117.59233,34.11836],[-117.59165,34.11738],[-117.59029,34.11739],[-117.58962,34.11837]]],"type":"Polygon"},"properties":{"bbox":{"roads":{"area":2889.76,"pct":7.12}},"city_same":1,"id":"hex:2376:17438"},"type":"Feature"},{"geometry":{"coordinates":[[[-117.58964,34.12032],[-117.59032,34.1213],[-117.59168,34.12129],[-117.59235,34.12031],[-117.59166,34.11934],[-117.59031,34.11934],[-117.58964,34.12032]]],"type":"Polygon"},"properties":{"bbox":{"roads":{"area":3628.11,"pct":8.94}},"city_same":1,"id":"hex:2376:17439"},"type":"Feature"},{"geometry":{"coordinates":[[[-117.58965,34.12228],[-117.59033,34.12325],[-117.59169,34.12324],[-117.59236,34.12226],[-117.59168,34.12129],[-117.59032,34.1213],[-117.58965,34.12228]]],"type":"Polygon"},"properties":{"bbox":{"roads":{"area":5011.76,"pct":12.35},"sidewalks":{"area":440.38,"pct":1.08}},"city_same":1,"id":"hex:2376:17440"},"type":"Feature"},{"geometry":{"coordinates":[[[-117.58966,34.12423],[-117.59035,34.1252],[-117.5917,34.12519],[-117.59237,34.12422],[-117.59169,34.12324],[-117.59033,34.12325],[-117.58966,34.12423]]],"type":"Polygon"},"properties":{"bbox":{"roads":{"area":3177.26,"pct":7.83}},"city_same":1,"id":"hex:2376:17441"},"type":"Feature"},{"geometry":{"coordinates":[[[-117.58968,34.12618],[-117.59036,34.12715],[-117.59172,34.12715],[-117.59239,34.12617],[-117.5917,34.12519],[-117.59035,34.1252],[-117.58968,34.12618]]],"type":"Polygon"},"properties":{"bbox":{"roads":{"area":3215.38,"pct":7.92}},"city_same":1,"id":"hex:2376:17442"},"type":"Feature"},{"geometry":{"coordinates":[[[-117.58969,34.12813],[-117.59037,34.12911],[-117.59173,34.1291],[-117.5924,34.12812],[-117.59172,34.12715],[-117.59036,34.12715],[-117.58969,34.12813]]],"type":"Polygon"},"properties":{"bbox":{"roads":{"area":3975.58,"pct":9.79}},"city_same":1,"id":"hex:2376:17443"},"type":"Feature"},{"geometry":{"coordinates":[[[-117.5897,34.13009],[-117.59039,34.13106],[-117.59174,34.13105],[-117.59241,34.13007],[-117.59173,34.1291],[-117.59037,34.12911],[-117.5897,34.13009]]],"type":"Polygon"},"properties":{"bbox":{"roads":{"area":3093.64,"pct":7.62}},"city_same":1,"id":"hex:2376:17444"},"type":"Feature"},{"geometry":{"coordinates":[[[-117.58972,34.13204],[-117.5904,34.13301],[-117.59176,34.133],[-117.59243,34.13203],[-117.59174,34.13105],[-117.59039,34.13106],[-117.58972,34.13204]]],"type":"Polygon"},"properties":{"bbox":{"parking":{"area":0.22,"pct":0},"roads":{"area":4740.15,"pct":11.68}},"city":{"parking":{"area":0.22,"pct":0},"roads":{"area":2469.35,"pct":6.08}},"id":"hex:2376:17445"},"type":"Feature"},{"geometry":{"coordinates":[[[-117.58973,34.13399],[-117.59041,34.13496],[-117.59177,34.13496],[-117.59244,34.13398],[-117.59176,34.133],[-117.5904,34.13301],[-117.58973,34.13399]]],"type":"Polygon"},"properties":{"bbox":{"parking":{"area":2980.17,"pct":7.34},"roads":{"area":3551.44,"pct":8.75}},"city":{"parking":{"area":2980.17,"pct":7.34},"roads":{"area":2678.38,"pct":6.6}},"id":"hex:2376:17446"},"type":"Feature"},{"geometry":{"coordinates":[[[-117.58974,34.13594],[-117.59043,34.13692],[-117.59178,34.13691],[-117.59246,34.13593],[-117.59177,34.13496],[-117.59041,34.13496],[-117.58974,34.13594]]],"type":"Polygon"},"properties":{"bbox":{"roads":{"area":9613.5,"pct":23.68}},"city":{"roads":{"area":3180.77,"pct":7.84}},"id":"hex:2376:17447"},"type":"Feature"},{"geometry":{"coordinates":[[[-117.58976,34.1379],[-117.59044,34.13887],[-117.5918,34.13886],[-117.59247,34.13788],[-117.59178,34.13691],[-117.59043,34.13692],[-117.58976,34.1379]]],"type":"Polygon"},"properties":{"bbox":{"roads":{"area":3092.45,"pct":7.62}},"city_same":1,"id":"hex:2376:17448"},"type":"Feature"},{"geometry":{"coordinates":[[[-117.58977,34.13985],[-117.59046,34.14082],[-117.59181,34.14081],[-117.59248,34.13984],[-117.5918,34.13886],[-117.59044,34.13887],[-117.58977,34.13985]]],"type":"Polygon"},"properties":{"bbox":{"roads":{"area":4505.06,"pct":11.1}},"city_same":1,"id":"hex:2376:17449"},"type":"Feature"},{"geometry":{"coordinates":[[[-117.58978,34.1418],[-117.59047,34.14277],[-117.59182,34.14277],[-117.5925,34.14179],[-117.59181,34.14081],[-117.59046,34.14082],[-117.58978,34.1418]]],"type":"Polygon"},"properties":{"bbox":{"roads":{"area":3709.31,"pct":9.14}},"city_same":1,"id":"hex:2376:17450"},"type":"Feature"},{"geometry":{"coordinates":[[[-117.59047,34.14277],[-117.59182,34.14277],[-117.59251,34.14374],[-117.59184,34.14472],[-117.59067,34.14473],[-117.59072,34.14469],[-117.59101,34.14452],[-117.59101,34.14377],[-117.591,34.14364],[-117.59094,34.14355],[-117.59086,34.1435],[-117.59073,34.14348],[-117.58998,34.14348],[-117.59047,34.14277]]],"type":"Polygon"},"properties":{"bbox":{"roads":{"area":1625.85,"pct":5.55}},"city_same":1,"id":"hex:2376:17451"},"type":"Feature"},{"geometry":{"coordinates":[[[-117.59184,34.14472],[-117.59252,34.14569],[-117.59185,34.14667],[-117.5905,34.14668],[-117.58981,34.14571],[-117.59044,34.14479],[-117.59054,34.14481],[-117.59067,34.14473],[-117.59184,34.14472]]],"type":"Polygon"},"properties":{"bbox":{"roads":{"area":1560.53,"pct":3.85}},"city_same":1,"id":"hex:2376:17452"},"type":"Feature"},{"geometry":{"coordinates":[[[-117.58983,34.14766],[-117.59051,34.14863],[-117.59187,34.14862],[-117.59254,34.14765],[-117.59185,34.14667],[-117.5905,34.14668],[-117.58983,34.14766]]],"type":"Polygon"},"properties":{"bbox":{"roads":{"area":1352.93,"pct":3.33}},"city_same":1,"id":"hex:2376:17453"},"type":"Feature"},{"geometry":{"coordinates":[[[-117.58984,34.14961],[-117.59052,34.15058],[-117.59188,34.15058],[-117.59255,34.1496],[-117.59187,34.14862],[-117.59051,34.14863],[-117.58984,34.14961]]],"type":"Polygon"},"properties":{"bbox":{"roads":{"area":2506.65,"pct":6.17}},"city":{"roads":{"area":1337.25,"pct":3.29}},"id":"hex:2376:17454"},"type":"Feature"},{"geometry":{"coordinates":[[[-117.58985,34.15156],[-117.59054,34.15254],[-117.59189,34.15253],[-117.59256,34.15155],[-117.59188,34.15058],[-117.59052,34.15058],[-117.58985,34.15156]]],"type":"Polygon"},"properties":{"bbox":{"parking":{"area":2121.77,"pct":5.23},"roads":{"area":1681.78,"pct":4.14}},"city":{"parking":{"area":2121.77,"pct":5.23},"roads":{"area":1558.3,"pct":3.84}},"id":"hex:2376:17455"},"type":"Feature"},{"geometry":{"coordinates":[[[-117.58987,34.15352],[-117.59055,34.15449],[-117.59191,34.15448],[-117.59258,34.1535],[-117.59189,34.15253],[-117.59054,34.15254],[-117.58987,34.15352]]],"type":"Polygon"},"properties":{"bbox":{"roads":{"area":2204.54,"pct":5.43}},"city_same":1,"id":"hex:2376:17456"},"type":"Feature"},{"geometry":{"coordinates":[[[-117.58988,34.15547],[-117.59056,34.15644],[-117.59192,34.15643],[-117.59259,34.15546],[-117.59191,34.15448],[-117.59055,34.15449],[-117.58988,34.15547]]],"type":"Polygon"},"properties":{"bbox":{"roads":{"area":2443.81,"pct":6.02}},"city_same":1,"id":"hex:2376:17457"},"type":"Feature"},{"geometry":{"coordinates":[[[-117.58989,34.15742],[-117.59058,34.15839],[-117.59193,34.15839],[-117.5926,34.15741],[-117.59192,34.15643],[-117.59056,34.15644],[-117.58989,34.15742]]],"type":"Polygon"},"properties":{"bbox":{"roads":{"area":2655.21,"pct":6.54}},"city_same":1,"id":"hex:2376:17458"},"type":"Feature"},{"geometry":{"coordinates":[[[-117.58991,34.15937],[-117.59059,34.16035],[-117.59195,34.16034],[-117.59262,34.15936],[-117.59193,34.15839],[-117.59058,34.15839],[-117.58991,34.15937]]],"type":"Polygon"},"properties":{"bbox":{"roads":{"area":1693.66,"pct":4.17}},"city_same":1,"id":"hex:2376:17459"},"type":"Feature"},{"geometry":{"coordinates":[[[-117.58992,34.16133],[-117.5906,34.1623],[-117.59196,34.16229],[-117.59263,34.16131],[-117.59195,34.16034],[-117.59059,34.16035],[-117.58992,34.16133]]],"type":"Polygon"},"properties":{"bbox":{"roads":{"area":2368.89,"pct":5.84}},"city_same":1,"id":"hex:2376:17460"},"type":"Feature"},{"geometry":{"coordinates":[[[-117.58993,34.16328],[-117.59062,34.16425],[-117.59197,34.16424],[-117.59265,34.16327],[-117.59196,34.16229],[-117.5906,34.1623],[-117.58993,34.16328]]],"type":"Polygon"},"properties":{"bbox":{"roads":{"area":2793.58,"pct":6.88}},"city_same":1,"id":"hex:2376:17461"},"type":"Feature"},{"geometry":{"coordinates":[[[-117.59002,34.07834],[-117.58935,34.07932],[-117.588,34.07933],[-117.58731,34.07835],[-117.58791,34.07748],[-117.58942,34.07749],[-117.59002,34.07834]]],"type":"Polygon"},"properties":{"bbox":{"roads":{"area":2983.73,"pct":7.66}},"city_same":1,"id":"hex:2377:17417"},"type":"Feature"},{"geometry":{"coordinates":[[[-117.58733,34.08031],[-117.58801,34.08128],[-117.58936,34.08127],[-117.59004,34.08029],[-117.58935,34.07932],[-117.588,34.07933],[-117.58733,34.08031]]],"type":"Polygon"},"properties":{"bbox":{"roads":{"area":1609.61,"pct":3.97}},"city_same":1,"id":"hex:2377:17418"},"type":"Feature"},{"geometry":{"coordinates":[[[-117.58734,34.08226],[-117.58802,34.08323],[-117.58938,34.08323],[-117.59005,34.08225],[-117.58936,34.08127],[-117.58801,34.08128],[-117.58734,34.08226]]],"type":"Polygon"},"properties":{"bbox":{"roads":{"area":2509.38,"pct":6.18}},"city_same":1,"id":"hex:2377:17419"},"type":"Feature"},{"geometry":{"coordinates":[[[-117.58735,34.08421],[-117.58804,34.08518],[-117.58939,34.08518],[-117.59006,34.0842],[-117.58938,34.08323],[-117.58802,34.08323],[-117.58735,34.08421]]],"type":"Polygon"},"properties":{"bbox":{"roads":{"area":4484.56,"pct":11.05}},"city":{"roads":{"area":1175.7,"pct":2.9}},"id":"hex:2377:17420"},"type":"Feature"},{"geometry":{"coordinates":[[[-117.58737,34.08616],[-117.58805,34.08714],[-117.58941,34.08713],[-117.59008,34.08615],[-117.58939,34.08518],[-117.58804,34.08518],[-117.58737,34.08616]]],"type":"Polygon"},"properties":{"bbox":{"roads":{"area":2165.55,"pct":5.33}},"city_same":1,"id":"hex:2377:17421"},"type":"Feature"},{"geometry":{"coordinates":[[[-117.58738,34.08812],[-117.58806,34.08909],[-117.58942,34.08908],[-117.59009,34.0881],[-117.58941,34.08713],[-117.58805,34.08714],[-117.58738,34.08812]]],"type":"Polygon"},"properties":{"bbox":{"roads":{"area":3134.69,"pct":7.72}},"city_same":1,"id":"hex:2377:17422"},"type":"Feature"},{"geometry":{"coordinates":[[[-117.58739,34.09007],[-117.58808,34.09104],[-117.58943,34.09104],[-117.5901,34.09006],[-117.58942,34.08908],[-117.58806,34.08909],[-117.58739,34.09007]]],"type":"Polygon"},"properties":{"bbox":{"roads":{"area":1809.21,"pct":4.46}},"city_same":1,"id":"hex:2377:17423"},"type":"Feature"},{"geometry":{"coordinates":[[[-117.58741,34.09202],[-117.58809,34.09299],[-117.58945,34.09299],[-117.59012,34.09201],[-117.58943,34.09104],[-117.58808,34.09104],[-117.58741,34.09202]]],"type":"Polygon"},"properties":{"bbox":{"roads":{"area":3785.43,"pct":9.32}},"city_same":1,"id":"hex:2377:17424"},"type":"Feature"},{"geometry":{"coordinates":[[[-117.58742,34.09397],[-117.5881,34.09495],[-117.58946,34.09494],[-117.59013,34.09396],[-117.58945,34.09299],[-117.58809,34.09299],[-117.58742,34.09397]]],"type":"Polygon"},"properties":{"bbox":{"roads":{"area":4444.57,"pct":10.95}},"city_same":1,"id":"hex:2377:17425"},"type":"Feature"},{"geometry":{"coordinates":[[[-117.58743,34.09593],[-117.58812,34.0969],[-117.58947,34.09689],[-117.59014,34.09591],[-117.58946,34.09494],[-117.5881,34.09495],[-117.58743,34.09593]]],"type":"Polygon"},"properties":{"bbox":{"roads":{"area":1550.83,"pct":3.82}},"city_same":1,"id":"hex:2377:17426"},"type":"Feature"},{"geometry":{"coordinates":[[[-117.58745,34.09788],[-117.58813,34.09885],[-117.58949,34.09885],[-117.59016,34.09787],[-117.58947,34.09689],[-117.58812,34.0969],[-117.58745,34.09788]]],"type":"Polygon"},"properties":{"bbox":{"roads":{"area":3237.18,"pct":7.97}},"city_same":1,"id":"hex:2377:17427"},"type":"Feature"},{"geometry":{"coordinates":[[[-117.58746,34.09983],[-117.58814,34.1008],[-117.5895,34.1008],[-117.59017,34.09982],[-117.58949,34.09885],[-117.58813,34.09885],[-117.58746,34.09983]]],"type":"Polygon"},"properties":{"bbox":{"roads":{"area":6387.22,"pct":15.73}},"city":{"roads":{"area":3224.36,"pct":7.94}},"id":"hex:2377:17428"},"type":"Feature"},{"geometry":{"coordinates":[[[-117.58747,34.10178],[-117.58816,34.10276],[-117.58951,34.10275],[-117.59018,34.10177],[-117.5895,34.1008],[-117.58814,34.1008],[-117.58747,34.10178]]],"type":"Polygon"},"properties":{"bbox":{"roads":{"area":2584.13,"pct":6.37}},"city_same":1,"id":"hex:2377:17429"},"type":"Feature"},{"geometry":{"coordinates":[[[-117.58749,34.10374],[-117.58817,34.10471],[-117.58953,34.1047],[-117.5902,34.10372],[-117.58951,34.10275],[-117.58816,34.10276],[-117.58749,34.10374]]],"type":"Polygon"},"properties":{"bbox":{"roads":{"area":3116.49,"pct":7.68}},"city_same":1,"id":"hex:2377:17430"},"type":"Feature"},{"geometry":{"coordinates":[[[-117.5875,34.10569],[-117.58819,34.10666],[-117.58954,34.10666],[-117.59021,34.10568],[-117.58953,34.1047],[-117.58817,34.10471],[-117.5875,34.10569]]],"type":"Polygon"},"properties":{"bbox":{"roads":{"area":6339.72,"pct":15.62},"sidewalks":{"area":205.19,"pct":0.51}},"city":{"roads":{"area":4217.59,"pct":10.39},"sidewalks":{"area":205.19,"pct":0.51}},"id":"hex:2377:17431"},"type":"Feature"},{"geometry":{"coordinates":[[[-117.58751,34.10764],[-117.5882,34.10861],[-117.58955,34.10861],[-117.59022,34.10763],[-117.58954,34.10666],[-117.58819,34.10666],[-117.58751,34.10764]]],"type":"Polygon"},"properties":{"bbox":{"roads":{"area":5529.59,"pct":13.62}},"city":{"roads":{"area":4928.71,"pct":12.14}},"id":"hex:2377:17432"},"type":"Feature"},{"geometry":{"coordinates":[[[-117.58753,34.10959],[-117.58821,34.11057],[-117.58957,34.11056],[-117.59024,34.10958],[-117.58955,34.10861],[-117.5882,34.10861],[-117.58753,34.10959]]],"type":"Polygon"},"properties":{"bbox":{"roads":{"area":4409.09,"pct":10.86}},"city_same":1,"id":"hex:2377:17433"},"type":"Feature"},{"geometry":{"coordinates":[[[-117.58754,34.11155],[-117.58823,34.11252],[-117.58958,34.11251],[-117.59025,34.11153],[-117.58957,34.11056],[-117.58821,34.11057],[-117.58754,34.11155]]],"type":"Polygon"},"properties":{"bbox":{"roads":{"area":4047.78,"pct":9.97}},"city_same":1,"id":"hex:2377:17434"},"type":"Feature"},{"geometry":{"coordinates":[[[-117.58755,34.1135],[-117.58824,34.11447],[-117.58959,34.11447],[-117.59027,34.11349],[-117.58958,34.11251],[-117.58823,34.11252],[-117.58755,34.1135]]],"type":"Polygon"},"properties":{"bbox":{"roads":{"area":5188.14,"pct":12.78}},"city_same":1,"id":"hex:2377:17435"},"type":"Feature"},{"geometry":{"coordinates":[[[-117.58757,34.11545],[-117.58825,34.11642],[-117.58961,34.11642],[-117.59028,34.11544],[-117.58959,34.11447],[-117.58824,34.11447],[-117.58757,34.11545]]],"type":"Polygon"},"properties":{"bbox":{"roads":{"area":2737.45,"pct":6.74}},"city_same":1,"id":"hex:2377:17436"},"type":"Feature"},{"geometry":{"coordinates":[[[-117.58758,34.1174],[-117.58827,34.11838],[-117.58962,34.11837],[-117.59029,34.11739],[-117.58961,34.11642],[-117.58825,34.11642],[-117.58758,34.1174]]],"type":"Polygon"},"properties":{"bbox":{"roads":{"area":3109.09,"pct":7.66}},"city_same":1,"id":"hex:2377:17437"},"type":"Feature"},{"geometry":{"coordinates":[[[-117.5876,34.11936],[-117.58828,34.12033],[-117.58964,34.12032],[-117.59031,34.11934],[-117.58962,34.11837],[-117.58827,34.11838],[-117.5876,34.11936]]],"type":"Polygon"},"properties":{"bbox":{"roads":{"area":4029.18,"pct":9.93}},"city_same":1,"id":"hex:2377:17438"},"type":"Feature"},{"geometry":{"coordinates":[[[-117.58761,34.12131],[-117.58829,34.12228],[-117.58965,34.12228],[-117.59032,34.1213],[-117.58964,34.12032],[-117.58828,34.12033],[-117.58761,34.12131]]],"type":"Polygon"},"properties":{"bbox":{"roads":{"area":4850.47,"pct":11.95},"sidewalks":{"area":624.17,"pct":1.54}},"city_same":1,"id":"hex:2377:17439"},"type":"Feature"},{"geometry":{"coordinates":[[[-117.58762,34.12326],[-117.58831,34.12423],[-117.58966,34.12423],[-117.59033,34.12325],[-117.58965,34.12228],[-117.58829,34.12228],[-117.58762,34.12326]]],"type":"Polygon"},"properties":{"bbox":{"roads":{"area":3702.62,"pct":9.12}},"city_same":1,"id":"hex:2377:17440"},"type":"Feature"},{"geometry":{"coordinates":[[[-117.58764,34.12521],[-117.58832,34.12619],[-117.58968,34.12618],[-117.59035,34.1252],[-117.58966,34.12423],[-117.58831,34.12423],[-117.58764,34.12521]]],"type":"Polygon"},"properties":{"bbox":{"roads":{"area":3570.88,"pct":8.8}},"city_same":1,"id":"hex:2377:17441"},"type":"Feature"},{"geometry":{"coordinates":[[[-117.58765,34.12717],[-117.58833,34.12814],[-117.58969,34.12813],[-117.59036,34.12715],[-117.58968,34.12618],[-117.58832,34.12619],[-117.58765,34.12717]]],"type":"Polygon"},"properties":{"bbox":{"roads":{"area":3823.13,"pct":9.42}},"city_same":1,"id":"hex:2377:17442"},"type":"Feature"},{"geometry":{"coordinates":[[[-117.58766,34.12912],[-117.58835,34.13009],[-117.5897,34.13009],[-117.59037,34.12911],[-117.58969,34.12813],[-117.58833,34.12814],[-117.58766,34.12912]]],"type":"Polygon"},"properties":{"bbox":{"roads":{"area":3444.66,"pct":8.49}},"city_same":1,"id":"hex:2377:17443"},"type":"Feature"},{"geometry":{"coordinates":[[[-117.58768,34.13107],[-117.58836,34.13204],[-117.58972,34.13204],[-117.59039,34.13106],[-117.5897,34.13009],[-117.58835,34.13009],[-117.58768,34.13107]]],"type":"Polygon"},"properties":{"bbox":{"roads":{"area":3552.63,"pct":8.75}},"city_same":1,"id":"hex:2377:17444"},"type":"Feature"},{"geometry":{"coordinates":[[[-117.58769,34.13302],[-117.58837,34.134],[-117.58973,34.13399],[-117.5904,34.13301],[-117.58972,34.13204],[-117.58836,34.13204],[-117.58769,34.13302]]],"type":"Polygon"},"properties":{"bbox":{"roads":{"area":5226.27,"pct":12.87}},"city":{"roads":{"area":2800.4,"pct":6.9}},"id":"hex:2377:17445"},"type":"Feature"},{"geometry":{"coordinates":[[[-117.5877,34.13498],[-117.58839,34.13595],[-117.58974,34.13594],[-117.59041,34.13496],[-117.58973,34.13399],[-117.58837,34.134],[-117.5877,34.13498]]],"type":"Polygon"},"properties":{"bbox":{"roads":{"area":8758.71,"pct":21.58}},"city":{"roads":{"area":1405.12,"pct":3.46}},"id":"hex:2377:17446"},"type":"Feature"},{"geometry":{"coordinates":[[[-117.58772,34.13693],[-117.5884,34.1379],[-117.58976,34.1379],[-117.59043,34.13692],[-117.58974,34.13594],[-117.58839,34.13595],[-117.58772,34.13693]]],"type":"Polygon"},"properties":{"bbox":{"roads":{"area":3769.55,"pct":9.29}},"city_same":1,"id":"hex:2377:17447"},"type":"Feature"},{"geometry":{"coordinates":[[[-117.58773,34.13888],[-117.58842,34.13985],[-117.58977,34.13985],[-117.59044,34.13887],[-117.58976,34.1379],[-117.5884,34.1379],[-117.58773,34.13888]]],"type":"Polygon"},"properties":{"bbox":{"roads":{"area":2766.19,"pct":6.81}},"city_same":1,"id":"hex:2377:17448"},"type":"Feature"},{"geometry":{"coordinates":[[[-117.58774,34.14083],[-117.58843,34.14181],[-117.58978,34.1418],[-117.59046,34.14082],[-117.58977,34.13985],[-117.58842,34.13985],[-117.58774,34.14083]]],"type":"Polygon"},"properties":{"bbox":{"roads":{"area":1516.22,"pct":3.73}},"city_same":1,"id":"hex:2377:17449"},"type":"Feature"},{"geometry":{"coordinates":[[[-117.58776,34.14279],[-117.58843,34.14181],[-117.58978,34.1418],[-117.59047,34.14277],[-117.58998,34.14348],[-117.58923,34.14349],[-117.58825,34.14349],[-117.58776,34.14279]]],"type":"Polygon"},"properties":{"bbox":{"roads":{"area":1395.92,"pct":3.84}},"city_same":1,"id":"hex:2377:17450"},"type":"Feature"},{"geometry":{"coordinates":[[[-117.58981,34.14571],[-117.58846,34.14571],[-117.58777,34.14474],[-117.58817,34.14415],[-117.58866,34.14415],[-117.58883,34.14423],[-117.58963,34.14461],[-117.58983,34.14467],[-117.59044,34.14479],[-117.58981,34.14571]]],"type":"Polygon"},"properties":{"bbox":{"roads":{"area":1670.49,"pct":5.95}},"city_same":1,"id":"hex:2377:17451"},"type":"Feature"},{"geometry":{"coordinates":[[[-117.58778,34.14669],[-117.58847,34.14766],[-117.58983,34.14766],[-117.5905,34.14668],[-117.58981,34.14571],[-117.58846,34.14571],[-117.58778,34.14669]]],"type":"Polygon"},"properties":{"bbox":{"roads":{"area":2210.83,"pct":5.45}},"city_same":1,"id":"hex:2377:17452"},"type":"Feature"},{"geometry":{"coordinates":[[[-117.5878,34.14864],[-117.58848,34.14962],[-117.58984,34.14961],[-117.59051,34.14863],[-117.58983,34.14766],[-117.58847,34.14766],[-117.5878,34.14864]]],"type":"Polygon"},"properties":{"bbox":{"roads":{"area":1938.43,"pct":4.78}},"city_same":1,"id":"hex:2377:17453"},"type":"Feature"},{"geometry":{"coordinates":[[[-117.58781,34.1506],[-117.5885,34.15157],[-117.58985,34.15156],[-117.59052,34.15058],[-117.58984,34.14961],[-117.58848,34.14962],[-117.58781,34.1506]]],"type":"Polygon"},"properties":{"bbox":{"roads":{"area":3614.21,"pct":8.9}},"city":{"roads":{"area":1741.11,"pct":4.29}},"id":"hex:2377:17454"},"type":"Feature"},{"geometry":{"coordinates":[[[-117.58783,34.15255],[-117.58851,34.15352],[-117.58987,34.15352],[-117.59054,34.15254],[-117.58985,34.15156],[-117.5885,34.15157],[-117.58783,34.15255]]],"type":"Polygon"},"properties":{"bbox":{"roads":{"area":868.32,"pct":2.14}},"city_same":1,"id":"hex:2377:17455"},"type":"Feature"},{"geometry":{"coordinates":[[[-117.58784,34.1545],[-117.58852,34.15547],[-117.58988,34.15547],[-117.59055,34.15449],[-117.58987,34.15352],[-117.58851,34.15352],[-117.58784,34.1545]]],"type":"Polygon"},"properties":{"bbox":{"roads":{"area":2611.48,"pct":6.43}},"city_same":1,"id":"hex:2377:17456"},"type":"Feature"},{"geometry":{"coordinates":[[[-117.58785,34.15645],[-117.58854,34.15743],[-117.58989,34.15742],[-117.59056,34.15644],[-117.58988,34.15547],[-117.58852,34.15547],[-117.58785,34.15645]]],"type":"Polygon"},"properties":{"bbox":{"roads":{"area":2203.97,"pct":5.43}},"city_same":1,"id":"hex:2377:17457"},"type":"Feature"},{"geometry":{"coordinates":[[[-117.58787,34.15841],[-117.58855,34.15938],[-117.58991,34.15937],[-117.59058,34.15839],[-117.58989,34.15742],[-117.58854,34.15743],[-117.58787,34.15841]]],"type":"Polygon"},"properties":{"bbox":{"roads":{"area":175.72,"pct":0.43}},"city_same":1,"id":"hex:2377:17458"},"type":"Feature"},{"geometry":{"coordinates":[[[-117.58788,34.16036],[-117.58856,34.16133],[-117.58992,34.16133],[-117.59059,34.16035],[-117.58991,34.15937],[-117.58855,34.15938],[-117.58788,34.16036]]],"type":"Polygon"},"properties":{"bbox":{"roads":{"area":1850.68,"pct":4.56}},"city_same":1,"id":"hex:2377:17459"},"type":"Feature"},{"geometry":{"coordinates":[[[-117.58789,34.16231],[-117.58858,34.16328],[-117.58993,34.16328],[-117.5906,34.1623],[-117.58992,34.16133],[-117.58856,34.16133],[-117.58789,34.16231]]],"type":"Polygon"},"properties":{"bbox":{"roads":{"area":2565.38,"pct":6.32}},"city_same":1,"id":"hex:2377:17460"},"type":"Feature"},{"geometry":{"coordinates":[[[-117.58791,34.16426],[-117.58858,34.16328],[-117.58993,34.16328],[-117.59062,34.16425],[-117.59004,34.1651],[-117.58956,34.1651],[-117.5887,34.1651],[-117.5885,34.1651],[-117.58791,34.16426]]],"type":"Polygon"},"properties":{"bbox":{"roads":{"area":1168.31,"pct":3.03}},"city_same":1,"id":"hex:2377:17461"},"type":"Feature"},{"geometry":{"coordinates":[[[-117.58731,34.07835],[-117.58596,34.07836],[-117.58532,34.07746],[-117.58791,34.07748],[-117.58731,34.07835]]],"type":"Polygon"},"properties":{"bbox":{"roads":{"area":4648.29,"pct":25.94}},"city_same":1,"id":"hex:2378:17417"},"type":"Feature"},{"geometry":{"coordinates":[[[-117.58529,34.07934],[-117.58597,34.08031],[-117.58733,34.08031],[-117.588,34.07933],[-117.58731,34.07835],[-117.58596,34.07836],[-117.58529,34.07934]]],"type":"Polygon"},"properties":{"bbox":{"roads":{"area":3569.66,"pct":8.79}},"city_same":1,"id":"hex:2378:17418"},"type":"Feature"},{"geometry":{"coordinates":[[[-117.5853,34.08129],[-117.58598,34.08227],[-117.58734,34.08226],[-117.58801,34.08128],[-117.58733,34.08031],[-117.58597,34.08031],[-117.5853,34.08129]]],"type":"Polygon"},"properties":{"bbox":{"roads":{"area":4059.74,"pct":10}},"city_same":1,"id":"hex:2378:17419"},"type":"Feature"},{"geometry":{"coordinates":[[[-117.58531,34.08324],[-117.586,34.08422],[-117.58735,34.08421],[-117.58802,34.08323],[-117.58734,34.08226],[-117.58598,34.08227],[-117.58531,34.08324]]],"type":"Polygon"},"properties":{"bbox":{"roads":{"area":3854.01,"pct":9.49}},"city_same":1,"id":"hex:2378:17420"},"type":"Feature"},{"geometry":{"coordinates":[[[-117.58533,34.0852],[-117.58601,34.08617],[-117.58737,34.08616],[-117.58804,34.08518],[-117.58735,34.08421],[-117.586,34.08422],[-117.58533,34.0852]]],"type":"Polygon"},"properties":{"bbox":{"roads":{"area":7904.48,"pct":19.47}},"city":{"roads":{"area":4757.13,"pct":11.72}},"id":"hex:2378:17421"},"type":"Feature"},{"geometry":{"coordinates":[[[-117.58534,34.08715],[-117.58602,34.08812],[-117.58738,34.08812],[-117.58805,34.08714],[-117.58737,34.08616],[-117.58601,34.08617],[-117.58534,34.08715]]],"type":"Polygon"},"properties":{"bbox":{"roads":{"area":1232.77,"pct":3.04}},"city_same":1,"id":"hex:2378:17422"},"type":"Feature"},{"geometry":{"coordinates":[[[-117.58535,34.0891],[-117.58604,34.09008],[-117.58739,34.09007],[-117.58806,34.08909],[-117.58738,34.08812],[-117.58602,34.08812],[-117.58535,34.0891]]],"type":"Polygon"},"properties":{"bbox":{"roads":{"area":1577.24,"pct":3.89}},"city_same":1,"id":"hex:2378:17423"},"type":"Feature"},{"geometry":{"coordinates":[[[-117.58537,34.09105],[-117.58605,34.09203],[-117.58741,34.09202],[-117.58808,34.09104],[-117.58739,34.09007],[-117.58604,34.09008],[-117.58537,34.09105]]],"type":"Polygon"},"properties":{"bbox":{"roads":{"area":3812.6,"pct":9.39}},"city_same":1,"id":"hex:2378:17424"},"type":"Feature"},{"geometry":{"coordinates":[[[-117.58538,34.09301],[-117.58606,34.09398],[-117.58742,34.09397],[-117.58809,34.09299],[-117.58741,34.09202],[-117.58605,34.09203],[-117.58538,34.09301]]],"type":"Polygon"},"properties":{"bbox":{"parking":{"area":938.51,"pct":2.31},"roads":{"area":3591.22,"pct":8.85}},"city_same":1,"id":"hex:2378:17425"},"type":"Feature"},{"geometry":{"coordinates":[[[-117.58539,34.09496],[-117.58608,34.09593],[-117.58743,34.09593],[-117.5881,34.09495],[-117.58742,34.09397],[-117.58606,34.09398],[-117.58539,34.09496]]],"type":"Polygon"},"properties":{"bbox":{"roads":{"area":923.25,"pct":2.27}},"city_same":1,"id":"hex:2378:17426"},"type":"Feature"},{"geometry":{"coordinates":[[[-117.58541,34.09691],[-117.58609,34.09789],[-117.58745,34.09788],[-117.58812,34.0969],[-117.58743,34.09593],[-117.58608,34.09593],[-117.58541,34.09691]]],"type":"Polygon"},"properties":{"bbox":{"roads":{"area":3435.68,"pct":8.46}},"city_same":1,"id":"hex:2378:17427"},"type":"Feature"},{"geometry":{"coordinates":[[[-117.58542,34.09886],[-117.58611,34.09984],[-117.58746,34.09983],[-117.58813,34.09885],[-117.58745,34.09788],[-117.58609,34.09789],[-117.58542,34.09886]]],"type":"Polygon"},"properties":{"bbox":{"roads":{"area":6963.78,"pct":17.15}},"city":{"roads":{"area":3435.49,"pct":8.46}},"id":"hex:2378:17428"},"type":"Feature"},{"geometry":{"coordinates":[[[-117.58543,34.10082],[-117.58612,34.10179],[-117.58747,34.10178],[-117.58814,34.1008],[-117.58746,34.09983],[-117.58611,34.09984],[-117.58543,34.10082]]],"type":"Polygon"},"properties":{"bbox":{"roads":{"area":3617.12,"pct":8.91}},"city_same":1,"id":"hex:2378:17429"},"type":"Feature"},{"geometry":{"coordinates":[[[-117.58545,34.10277],[-117.58613,34.10374],[-117.58749,34.10374],[-117.58816,34.10276],[-117.58747,34.10178],[-117.58612,34.10179],[-117.58545,34.10277]]],"type":"Polygon"},"properties":{"bbox":{"roads":{"area":2243.88,"pct":5.53}},"city_same":1,"id":"hex:2378:17430"},"type":"Feature"},{"geometry":{"coordinates":[[[-117.58546,34.10472],[-117.58615,34.1057],[-117.5875,34.10569],[-117.58817,34.10471],[-117.58749,34.10374],[-117.58613,34.10374],[-117.58546,34.10472]]],"type":"Polygon"},"properties":{"bbox":{"roads":{"area":1555.04,"pct":3.83}},"city_same":1,"id":"hex:2378:17431"},"type":"Feature"},{"geometry":{"coordinates":[[[-117.58547,34.10668],[-117.58616,34.10765],[-117.58751,34.10764],[-117.58819,34.10666],[-117.5875,34.10569],[-117.58615,34.1057],[-117.58547,34.10668]]],"type":"Polygon"},"properties":{"bbox":{"roads":{"area":8287.47,"pct":20.42},"sidewalks":{"area":299.91,"pct":0.74}},"city":{"roads":{"area":3108.03,"pct":7.66},"sidewalks":{"area":299.91,"pct":0.74}},"id":"hex:2378:17432"},"type":"Feature"},{"geometry":{"coordinates":[[[-117.58549,34.10863],[-117.58617,34.1096],[-117.58753,34.10959],[-117.5882,34.10861],[-117.58751,34.10764],[-117.58616,34.10765],[-117.58549,34.10863]]],"type":"Polygon"},"properties":{"bbox":{"roads":{"area":2784.05,"pct":6.86}},"city_same":1,"id":"hex:2378:17433"},"type":"Feature"},{"geometry":{"coordinates":[[[-117.5855,34.11058],[-117.58619,34.11155],[-117.58754,34.11155],[-117.58821,34.11057],[-117.58753,34.10959],[-117.58617,34.1096],[-117.5855,34.11058]]],"type":"Polygon"},"properties":{"bbox":{"roads":{"area":3061.34,"pct":7.54}},"city_same":1,"id":"hex:2378:17434"},"type":"Feature"},{"geometry":{"coordinates":[[[-117.58552,34.11253],[-117.5862,34.11351],[-117.58755,34.1135],[-117.58823,34.11252],[-117.58754,34.11155],[-117.58619,34.11155],[-117.58552,34.11253]]],"type":"Polygon"},"properties":{"bbox":{"roads":{"area":2805.52,"pct":6.91}},"city_same":1,"id":"hex:2378:17435"},"type":"Feature"},{"geometry":{"coordinates":[[[-117.58553,34.11449],[-117.58621,34.11546],[-117.58757,34.11545],[-117.58824,34.11447],[-117.58755,34.1135],[-117.5862,34.11351],[-117.58553,34.11449]]],"type":"Polygon"},"properties":{"bbox":{"roads":{"area":4239.99,"pct":10.44}},"city_same":1,"id":"hex:2378:17436"},"type":"Feature"},{"geometry":{"coordinates":[[[-117.58554,34.11644],[-117.58623,34.11741],[-117.58758,34.1174],[-117.58825,34.11642],[-117.58757,34.11545],[-117.58621,34.11546],[-117.58554,34.11644]]],"type":"Polygon"},"properties":{"bbox":{"roads":{"area":3044.76,"pct":7.5}},"city_same":1,"id":"hex:2378:17437"},"type":"Feature"},{"geometry":{"coordinates":[[[-117.58556,34.11839],[-117.58624,34.11936],[-117.5876,34.11936],[-117.58827,34.11838],[-117.58758,34.1174],[-117.58623,34.11741],[-117.58556,34.11839]]],"type":"Polygon"},"properties":{"bbox":{"roads":{"area":2878.19,"pct":7.09}},"city_same":1,"id":"hex:2378:17438"},"type":"Feature"},{"geometry":{"coordinates":[[[-117.58557,34.12034],[-117.58625,34.12132],[-117.58761,34.12131],[-117.58828,34.12033],[-117.5876,34.11936],[-117.58624,34.11936],[-117.58557,34.12034]]],"type":"Polygon"},"properties":{"bbox":{"roads":{"area":3500.99,"pct":8.62}},"city_same":1,"id":"hex:2378:17439"},"type":"Feature"},{"geometry":{"coordinates":[[[-117.58558,34.1223],[-117.58627,34.12327],[-117.58762,34.12326],[-117.58829,34.12228],[-117.58761,34.12131],[-117.58625,34.12132],[-117.58558,34.1223]]],"type":"Polygon"},"properties":{"bbox":{"parking":{"area":92.24,"pct":0.23},"roads":{"area":5059.22,"pct":12.46},"sidewalks":{"area":465.88,"pct":1.15}},"city_same":1,"id":"hex:2378:17440"},"type":"Feature"},{"geometry":{"coordinates":[[[-117.5856,34.12425],[-117.58628,34.12522],[-117.58764,34.12521],[-117.58831,34.12423],[-117.58762,34.12326],[-117.58627,34.12327],[-117.5856,34.12425]]],"type":"Polygon"},"properties":{"bbox":{"parking":{"area":7.99,"pct":0.02},"roads":{"area":3636.28,"pct":8.96}},"city_same":1,"id":"hex:2378:17441"},"type":"Feature"},{"geometry":{"coordinates":[[[-117.58561,34.1262],[-117.58629,34.12717],[-117.58765,34.12717],[-117.58832,34.12619],[-117.58764,34.12521],[-117.58628,34.12522],[-117.58561,34.1262]]],"type":"Polygon"},"properties":{"bbox":{"roads":{"area":2065.32,"pct":5.09}},"city_same":1,"id":"hex:2378:17442"},"type":"Feature"},{"geometry":{"coordinates":[[[-117.58562,34.12815],[-117.58631,34.12913],[-117.58766,34.12912],[-117.58833,34.12814],[-117.58765,34.12717],[-117.58629,34.12717],[-117.58562,34.12815]]],"type":"Polygon"},"properties":{"bbox":{"roads":{"area":2832.57,"pct":6.98}},"city_same":1,"id":"hex:2378:17443"},"type":"Feature"},{"geometry":{"coordinates":[[[-117.58564,34.13011],[-117.58632,34.13108],[-117.58768,34.13107],[-117.58835,34.13009],[-117.58766,34.12912],[-117.58631,34.12913],[-117.58564,34.13011]]],"type":"Polygon"},"properties":{"bbox":{"roads":{"area":2792.56,"pct":6.88}},"city_same":1,"id":"hex:2378:17444"},"type":"Feature"},{"geometry":{"coordinates":[[[-117.58565,34.13206],[-117.58633,34.13303],[-117.58769,34.13302],[-117.58836,34.13204],[-117.58768,34.13107],[-117.58632,34.13108],[-117.58565,34.13206]]],"type":"Polygon"},"properties":{"bbox":{"roads":{"area":4080.16,"pct":10.05}},"city":{"roads":{"area":2561.2,"pct":6.31}},"id":"hex:2378:17445"},"type":"Feature"},{"geometry":{"coordinates":[[[-117.58566,34.13401],[-117.58635,34.13498],[-117.5877,34.13498],[-117.58837,34.134],[-117.58769,34.13302],[-117.58633,34.13303],[-117.58566,34.13401]]],"type":"Polygon"},"properties":{"bbox":{"roads":{"area":4507.25,"pct":11.1}},"city_same":1,"id":"hex:2378:17446"},"type":"Feature"},{"geometry":{"coordinates":[[[-117.58568,34.13596],[-117.58636,34.13694],[-117.58772,34.13693],[-117.58839,34.13595],[-117.5877,34.13498],[-117.58635,34.13498],[-117.58568,34.13596]]],"type":"Polygon"},"properties":{"bbox":{"parking":{"area":3962.8,"pct":9.76},"roads":{"area":10287.46,"pct":25.34}},"city":{"parking":{"area":3962.8,"pct":9.76},"roads":{"area":3870.78,"pct":9.54}},"id":"hex:2378:17447"},"type":"Feature"},{"geometry":{"coordinates":[[[-117.58569,34.13792],[-117.58637,34.13889],[-117.58773,34.13888],[-117.5884,34.1379],[-117.58772,34.13693],[-117.58636,34.13694],[-117.58569,34.13792]]],"type":"Polygon"},"properties":{"bbox":{"parking":{"area":3962.31,"pct":9.76},"roads":{"area":2165.19,"pct":5.33}},"city_same":1,"id":"hex:2378:17448"},"type":"Feature"},{"geometry":{"coordinates":[[[-117.5857,34.13987],[-117.58639,34.14084],[-117.58774,34.14083],[-117.58842,34.13985],[-117.58773,34.13888],[-117.58637,34.13889],[-117.5857,34.13987]]],"type":"Polygon"},"properties":{"bbox":{"roads":{"area":4519.45,"pct":11.13}},"city_same":1,"id":"hex:2378:17449"},"type":"Feature"},{"geometry":{"coordinates":[[[-117.58572,34.14182],[-117.5864,34.14279],[-117.58776,34.14279],[-117.58843,34.14181],[-117.58774,34.14083],[-117.58639,34.14084],[-117.58572,34.14182]]],"type":"Polygon"},"properties":{"bbox":{"roads":{"area":1969.85,"pct":4.85}},"city_same":1,"id":"hex:2378:17450"},"type":"Feature"},{"geometry":{"coordinates":[[[-117.58574,34.14573],[-117.58643,34.1467],[-117.58778,34.14669],[-117.58846,34.14571],[-117.58777,34.14474],[-117.58642,34.14475],[-117.58574,34.14573]]],"type":"Polygon"},"properties":{"bbox":{"roads":{"area":1269.33,"pct":3.13}},"city_same":1,"id":"hex:2378:17452"},"type":"Feature"},{"geometry":{"coordinates":[[[-117.58576,34.14768],[-117.58644,34.14865],[-117.5878,34.14864],[-117.58847,34.14766],[-117.58778,34.14669],[-117.58643,34.1467],[-117.58576,34.14768]]],"type":"Polygon"},"properties":{"bbox":{"roads":{"area":1631.35,"pct":4.02}},"city_same":1,"id":"hex:2378:17453"},"type":"Feature"},{"geometry":{"coordinates":[[[-117.58577,34.14963],[-117.58646,34.1506],[-117.58781,34.1506],[-117.58848,34.14962],[-117.5878,34.14864],[-117.58644,34.14865],[-117.58577,34.14963]]],"type":"Polygon"},"properties":{"bbox":{"roads":{"area":2391.68,"pct":5.89}},"city":{"roads":{"area":1204.53,"pct":2.97}},"id":"hex:2378:17454"},"type":"Feature"},{"geometry":{"coordinates":[[[-117.58578,34.15158],[-117.58647,34.15256],[-117.58783,34.15255],[-117.5885,34.15157],[-117.58781,34.1506],[-117.58646,34.1506],[-117.58578,34.15158]]],"type":"Polygon"},"properties":{"bbox":{"roads":{"area":2227.27,"pct":5.49}},"city":{"roads":{"area":2212.64,"pct":5.45}},"id":"hex:2378:17455"},"type":"Feature"},{"geometry":{"coordinates":[[[-117.5858,34.15354],[-117.58648,34.15451],[-117.58784,34.1545],[-117.58851,34.15352],[-117.58783,34.15255],[-117.58647,34.15256],[-117.5858,34.15354]]],"type":"Polygon"},"properties":{"bbox":{"roads":{"area":2446.33,"pct":6.03}},"city_same":1,"id":"hex:2378:17456"},"type":"Feature"},{"geometry":{"coordinates":[[[-117.58581,34.15549],[-117.5865,34.15646],[-117.58785,34.15645],[-117.58852,34.15547],[-117.58784,34.1545],[-117.58648,34.15451],[-117.58581,34.15549]]],"type":"Polygon"},"properties":{"bbox":{"roads":{"area":2908.5,"pct":7.16}},"city_same":1,"id":"hex:2378:17457"},"type":"Feature"},{"geometry":{"coordinates":[[[-117.58582,34.15744],[-117.58651,34.15841],[-117.58787,34.15841],[-117.58854,34.15743],[-117.58785,34.15645],[-117.5865,34.15646],[-117.58582,34.15744]]],"type":"Polygon"},"properties":{"bbox":{"roads":{"area":1430.71,"pct":3.52}},"city_same":1,"id":"hex:2378:17458"},"type":"Feature"},{"geometry":{"coordinates":[[[-117.58584,34.15939],[-117.58652,34.16037],[-117.58788,34.16036],[-117.58855,34.15938],[-117.58787,34.15841],[-117.58651,34.15841],[-117.58584,34.15939]]],"type":"Polygon"},"properties":{"bbox":{"roads":{"area":477.66,"pct":1.18}},"city_same":1,"id":"hex:2378:17459"},"type":"Feature"},{"geometry":{"coordinates":[[[-117.58585,34.16135],[-117.58654,34.16232],[-117.58789,34.16231],[-117.58856,34.16133],[-117.58788,34.16036],[-117.58652,34.16037],[-117.58585,34.16135]]],"type":"Polygon"},"properties":{"bbox":{"roads":{"area":1276.41,"pct":3.14}},"city_same":1,"id":"hex:2378:17460"},"type":"Feature"},{"geometry":{"coordinates":[[[-117.58587,34.1633],[-117.58655,34.16427],[-117.58791,34.16426],[-117.58858,34.16328],[-117.58789,34.16231],[-117.58654,34.16232],[-117.58587,34.1633]]],"type":"Polygon"},"properties":{"bbox":{"roads":{"area":3027.76,"pct":7.46}},"city_same":1,"id":"hex:2378:17461"},"type":"Feature"},{"geometry":{"coordinates":[[[-117.58655,34.16427],[-117.58791,34.16426],[-117.5885,34.1651],[-117.5884,34.1651],[-117.58748,34.16513],[-117.58722,34.16513],[-117.58718,34.16513],[-117.5866,34.16513],[-117.58597,34.16512],[-117.58655,34.16427]]],"type":"Polygon"},"properties":{"bbox":{"roads":{"area":186.23,"pct":1.09}},"city_same":1,"id":"hex:2378:17462"},"type":"Feature"},{"geometry":{"coordinates":[[[-117.58596,34.07836],[-117.58529,34.07934],[-117.58393,34.07935],[-117.58325,34.07837],[-117.58388,34.07745],[-117.58532,34.07746],[-117.58596,34.07836]]],"type":"Polygon"},"properties":{"bbox":{"roads":{"area":8280.11,"pct":20.87},"sidewalks":{"area":325.4,"pct":0.82}},"city_same":1,"id":"hex:2379:17417"},"type":"Feature"},{"geometry":{"coordinates":[[[-117.58326,34.08033],[-117.58395,34.0813],[-117.5853,34.08129],[-117.58597,34.08031],[-117.58529,34.07934],[-117.58393,34.07935],[-117.58326,34.08033]]],"type":"Polygon"},"properties":{"bbox":{"roads":{"area":6176.09,"pct":15.21},"sidewalks":{"area":325.12,"pct":0.8}},"city_same":1,"id":"hex:2379:17418"},"type":"Feature"},{"geometry":{"coordinates":[[[-117.58327,34.08228],[-117.58396,34.08325],[-117.58531,34.08324],[-117.58598,34.08227],[-117.5853,34.08129],[-117.58395,34.0813],[-117.58327,34.08228]]],"type":"Polygon"},"properties":{"bbox":{"roads":{"area":4005.77,"pct":9.87},"sidewalks":{"area":324.78,"pct":0.8}},"city_same":1,"id":"hex:2379:17419"},"type":"Feature"},{"geometry":{"coordinates":[[[-117.58329,34.08423],[-117.58397,34.0852],[-117.58533,34.0852],[-117.586,34.08422],[-117.58531,34.08324],[-117.58396,34.08325],[-117.58329,34.08423]]],"type":"Polygon"},"properties":{"bbox":{"roads":{"area":8185.83,"pct":20.16},"sidewalks":{"area":284.79,"pct":0.7}},"city":{"roads":{"area":5328.08,"pct":13.12},"sidewalks":{"area":284.79,"pct":0.7}},"id":"hex:2379:17420"},"type":"Feature"},{"geometry":{"coordinates":[[[-117.5833,34.08618],[-117.58399,34.08716],[-117.58534,34.08715],[-117.58601,34.08617],[-117.58533,34.0852],[-117.58397,34.0852],[-117.5833,34.08618]]],"type":"Polygon"},"properties":{"bbox":{"roads":{"area":7541.15,"pct":18.58},"sidewalks":{"area":295.88,"pct":0.73}},"city_same":1,"id":"hex:2379:17421"},"type":"Feature"},{"geometry":{"coordinates":[[[-117.58331,34.08814],[-117.584,34.08911],[-117.58535,34.0891],[-117.58602,34.08812],[-117.58534,34.08715],[-117.58399,34.08716],[-117.58331,34.08814]]],"type":"Polygon"},"properties":{"bbox":{"roads":{"area":7199.48,"pct":17.73},"sidewalks":{"area":325.73,"pct":0.8}},"city_same":1,"id":"hex:2379:17422"},"type":"Feature"},{"geometry":{"coordinates":[[[-117.58333,34.09009],[-117.58401,34.09106],[-117.58537,34.09105],[-117.58604,34.09008],[-117.58535,34.0891],[-117.584,34.08911],[-117.58333,34.09009]]],"type":"Polygon"},"properties":{"bbox":{"roads":{"area":5470.79,"pct":13.48},"sidewalks":{"area":300.26,"pct":0.74}},"city_same":1,"id":"hex:2379:17423"},"type":"Feature"},{"geometry":{"coordinates":[[[-117.58334,34.09204],[-117.58403,34.09301],[-117.58538,34.09301],[-117.58605,34.09203],[-117.58537,34.09105],[-117.58401,34.09106],[-117.58334,34.09204]]],"type":"Polygon"},"properties":{"bbox":{"roads":{"area":5648.26,"pct":13.91},"sidewalks":{"area":575.44,"pct":1.42}},"city_same":1,"id":"hex:2379:17424"},"type":"Feature"},{"geometry":{"coordinates":[[[-117.58335,34.09399],[-117.58404,34.09497],[-117.58539,34.09496],[-117.58606,34.09398],[-117.58538,34.09301],[-117.58403,34.09301],[-117.58335,34.09399]]],"type":"Polygon"},"properties":{"bbox":{"parking":{"area":244.97,"pct":0.6},"roads":{"area":4710.37,"pct":11.6},"sidewalks":{"area":580,"pct":1.43}},"city_same":1,"id":"hex:2379:17425"},"type":"Feature"},{"geometry":{"coordinates":[[[-117.58337,34.09595],[-117.58405,34.09692],[-117.58541,34.09691],[-117.58608,34.09593],[-117.58539,34.09496],[-117.58404,34.09497],[-117.58337,34.09595]]],"type":"Polygon"},"properties":{"bbox":{"roads":{"area":5135.27,"pct":12.65},"sidewalks":{"area":573.95,"pct":1.41}},"city_same":1,"id":"hex:2379:17426"},"type":"Feature"},{"geometry":{"coordinates":[[[-117.58338,34.0979],[-117.58407,34.09887],[-117.58542,34.09886],[-117.58609,34.09789],[-117.58541,34.09691],[-117.58405,34.09692],[-117.58338,34.0979]]],"type":"Polygon"},"properties":{"bbox":{"roads":{"area":5864.64,"pct":14.45},"sidewalks":{"area":651.26,"pct":1.6}},"city_same":1,"id":"hex:2379:17427"},"type":"Feature"},{"geometry":{"coordinates":[[[-117.5834,34.09985],[-117.58408,34.10082],[-117.58543,34.10082],[-117.58611,34.09984],[-117.58542,34.09886],[-117.58407,34.09887],[-117.5834,34.09985]]],"type":"Polygon"},"properties":{"bbox":{"roads":{"area":9733.21,"pct":23.98},"sidewalks":{"area":750.66,"pct":1.85}},"city":{"roads":{"area":6805.09,"pct":16.76},"sidewalks":{"area":750.66,"pct":1.85}},"id":"hex:2379:17428"},"type":"Feature"},{"geometry":{"coordinates":[[[-117.58341,34.1018],[-117.58409,34.10278],[-117.58545,34.10277],[-117.58612,34.10179],[-117.58543,34.10082],[-117.58408,34.10082],[-117.58341,34.1018]]],"type":"Polygon"},"properties":{"bbox":{"roads":{"area":7185.38,"pct":17.7},"sidewalks":{"area":589.52,"pct":1.45}},"city_same":1,"id":"hex:2379:17429"},"type":"Feature"},{"geometry":{"coordinates":[[[-117.58342,34.10376],[-117.58411,34.10473],[-117.58546,34.10472],[-117.58613,34.10374],[-117.58545,34.10277],[-117.58409,34.10278],[-117.58342,34.10376]]],"type":"Polygon"},"properties":{"bbox":{"roads":{"area":5026.62,"pct":12.38},"sidewalks":{"area":326.52,"pct":0.8}},"city_same":1,"id":"hex:2379:17430"},"type":"Feature"},{"geometry":{"coordinates":[[[-117.58344,34.10571],[-117.58412,34.10668],[-117.58547,34.10668],[-117.58615,34.1057],[-117.58546,34.10472],[-117.58411,34.10473],[-117.58344,34.10571]]],"type":"Polygon"},"properties":{"bbox":{"roads":{"area":7303.64,"pct":17.99},"sidewalks":{"area":442.77,"pct":1.09}},"city":{"roads":{"area":5422.59,"pct":13.36},"sidewalks":{"area":442.77,"pct":1.09}},"id":"hex:2379:17431"},"type":"Feature"},{"geometry":{"coordinates":[[[-117.58345,34.10766],[-117.58413,34.10863],[-117.58549,34.10863],[-117.58616,34.10765],[-117.58547,34.10668],[-117.58412,34.10668],[-117.58345,34.10766]]],"type":"Polygon"},"properties":{"bbox":{"roads":{"area":7161.57,"pct":17.64},"sidewalks":{"area":67.32,"pct":0.17}},"city":{"roads":{"area":6506.95,"pct":16.03},"sidewalks":{"area":67.32,"pct":0.17}},"id":"hex:2379:17432"},"type":"Feature"},{"geometry":{"coordinates":[[[-117.58346,34.10961],[-117.58415,34.11059],[-117.5855,34.11058],[-117.58617,34.1096],[-117.58549,34.10863],[-117.58413,34.10863],[-117.58346,34.10961]]],"type":"Polygon"},"properties":{"bbox":{"roads":{"area":6141.1,"pct":15.13}},"city_same":1,"id":"hex:2379:17433"},"type":"Feature"},{"geometry":{"coordinates":[[[-117.58348,34.11157],[-117.58416,34.11254],[-117.58552,34.11253],[-117.58619,34.11155],[-117.5855,34.11058],[-117.58415,34.11059],[-117.58348,34.11157]]],"type":"Polygon"},"properties":{"bbox":{"roads":{"area":5324.92,"pct":13.12}},"city_same":1,"id":"hex:2379:17434"},"type":"Feature"},{"geometry":{"coordinates":[[[-117.58349,34.11352],[-117.58417,34.11449],[-117.58553,34.11449],[-117.5862,34.11351],[-117.58552,34.11253],[-117.58416,34.11254],[-117.58349,34.11352]]],"type":"Polygon"},"properties":{"bbox":{"roads":{"area":8094.33,"pct":19.94}},"city_same":1,"id":"hex:2379:17435"},"type":"Feature"},{"geometry":{"coordinates":[[[-117.5835,34.11547],[-117.58419,34.11644],[-117.58554,34.11644],[-117.58621,34.11546],[-117.58553,34.11449],[-117.58417,34.11449],[-117.5835,34.11547]]],"type":"Polygon"},"properties":{"bbox":{"roads":{"area":6093.45,"pct":15.01}},"city_same":1,"id":"hex:2379:17436"},"type":"Feature"},{"geometry":{"coordinates":[[[-117.58352,34.11742],[-117.5842,34.1184],[-117.58556,34.11839],[-117.58623,34.11741],[-117.58554,34.11644],[-117.58419,34.11644],[-117.58352,34.11742]]],"type":"Polygon"},"properties":{"bbox":{"roads":{"area":6713.5,"pct":16.54}},"city_same":1,"id":"hex:2379:17437"},"type":"Feature"},{"geometry":{"coordinates":[[[-117.58353,34.11938],[-117.58421,34.12035],[-117.58557,34.12034],[-117.58624,34.11936],[-117.58556,34.11839],[-117.5842,34.1184],[-117.58353,34.11938]]],"type":"Polygon"},"properties":{"bbox":{"roads":{"area":5665.59,"pct":13.96}},"city_same":1,"id":"hex:2379:17438"},"type":"Feature"},{"geometry":{"coordinates":[[[-117.58354,34.12133],[-117.58423,34.1223],[-117.58558,34.1223],[-117.58625,34.12132],[-117.58557,34.12034],[-117.58421,34.12035],[-117.58354,34.12133]]],"type":"Polygon"},"properties":{"bbox":{"parking":{"area":629.39,"pct":1.55},"roads":{"area":8167.02,"pct":20.12},"sidewalks":{"area":474.24,"pct":1.17}},"city_same":1,"id":"hex:2379:17439"},"type":"Feature"},{"geometry":{"coordinates":[[[-117.58356,34.12328],[-117.58424,34.12425],[-117.5856,34.12425],[-117.58627,34.12327],[-117.58558,34.1223],[-117.58423,34.1223],[-117.58356,34.12328]]],"type":"Polygon"},"properties":{"bbox":{"parking":{"area":436.45,"pct":1.08},"roads":{"area":7470.07,"pct":18.4}},"city_same":1,"id":"hex:2379:17440"},"type":"Feature"},{"geometry":{"coordinates":[[[-117.58357,34.12523],[-117.58425,34.12621],[-117.58561,34.1262],[-117.58628,34.12522],[-117.5856,34.12425],[-117.58424,34.12425],[-117.58357,34.12523]]],"type":"Polygon"},"properties":{"bbox":{"parking":{"area":127.43,"pct":0.31},"roads":{"area":5165.62,"pct":12.72}},"city_same":1,"id":"hex:2379:17441"},"type":"Feature"},{"geometry":{"coordinates":[[[-117.58358,34.12719],[-117.58427,34.12816],[-117.58562,34.12815],[-117.58629,34.12717],[-117.58561,34.1262],[-117.58425,34.12621],[-117.58358,34.12719]]],"type":"Polygon"},"properties":{"bbox":{"roads":{"area":6987.63,"pct":17.21}},"city_same":1,"id":"hex:2379:17442"},"type":"Feature"},{"geometry":{"coordinates":[[[-117.5836,34.12914],[-117.58428,34.13011],[-117.58564,34.13011],[-117.58631,34.12913],[-117.58562,34.12815],[-117.58427,34.12816],[-117.5836,34.12914]]],"type":"Polygon"},"properties":{"bbox":{"roads":{"area":5795.72,"pct":14.28}},"city_same":1,"id":"hex:2379:17443"},"type":"Feature"},{"geometry":{"coordinates":[[[-117.58361,34.13109],[-117.58429,34.13206],[-117.58565,34.13206],[-117.58632,34.13108],[-117.58564,34.13011],[-117.58428,34.13011],[-117.58361,34.13109]]],"type":"Polygon"},"properties":{"bbox":{"roads":{"area":6033.12,"pct":14.86}},"city_same":1,"id":"hex:2379:17444"},"type":"Feature"},{"geometry":{"coordinates":[[[-117.58362,34.13304],[-117.58431,34.13402],[-117.58566,34.13401],[-117.58633,34.13303],[-117.58565,34.13206],[-117.58429,34.13206],[-117.58362,34.13304]]],"type":"Polygon"},"properties":{"bbox":{"roads":{"area":9599.75,"pct":23.65}},"city":{"roads":{"area":7366.93,"pct":18.15}},"id":"hex:2379:17445"},"type":"Feature"},{"geometry":{"coordinates":[[[-117.58364,34.135],[-117.58432,34.13597],[-117.58568,34.13596],[-117.58635,34.13498],[-117.58566,34.13401],[-117.58431,34.13402],[-117.58364,34.135]]],"type":"Polygon"},"properties":{"bbox":{"roads":{"area":11391,"pct":28.06}},"city":{"roads":{"area":6130.98,"pct":15.1}},"id":"hex:2379:17446"},"type":"Feature"},{"geometry":{"coordinates":[[[-117.58365,34.13695],[-117.58433,34.13792],[-117.58569,34.13792],[-117.58636,34.13694],[-117.58568,34.13596],[-117.58432,34.13597],[-117.58365,34.13695]]],"type":"Polygon"},"properties":{"bbox":{"roads":{"area":3535.51,"pct":8.71}},"city_same":1,"id":"hex:2379:17447"},"type":"Feature"},{"geometry":{"coordinates":[[[-117.58366,34.1389],[-117.58435,34.13987],[-117.5857,34.13987],[-117.58637,34.13889],[-117.58569,34.13792],[-117.58433,34.13792],[-117.58366,34.1389]]],"type":"Polygon"},"properties":{"bbox":{"roads":{"area":4962.01,"pct":12.22}},"city_same":1,"id":"hex:2379:17448"},"type":"Feature"},{"geometry":{"coordinates":[[[-117.58368,34.14085],[-117.58436,34.14183],[-117.58572,34.14182],[-117.58639,34.14084],[-117.5857,34.13987],[-117.58435,34.13987],[-117.58368,34.14085]]],"type":"Polygon"},"properties":{"bbox":{"roads":{"area":3833.19,"pct":9.44}},"city_same":1,"id":"hex:2379:17449"},"type":"Feature"},{"geometry":{"coordinates":[[[-117.58369,34.14281],[-117.58436,34.14183],[-117.58572,34.14182],[-117.5864,34.14279],[-117.58592,34.14349],[-117.58521,34.14349],[-117.58505,34.14353],[-117.58501,34.14356],[-117.58499,34.14361],[-117.58494,34.14374],[-117.58493,34.14378],[-117.58437,34.14378],[-117.58431,34.14369],[-117.58431,34.14361],[-117.58424,34.14355],[-117.58421,34.14354],[-117.58369,34.14281]]],"type":"Polygon"},"properties":{"bbox":{"roads":{"area":4402,"pct":11.53}},"city_same":1,"id":"hex:2379:17450"},"type":"Feature"},{"geometry":{"coordinates":[[[-117.58642,34.14475],[-117.58574,34.14573],[-117.58439,34.14573],[-117.5837,34.14476],[-117.58414,34.14412],[-117.58434,34.14414],[-117.58433,34.14385],[-117.58437,34.14378],[-117.58493,34.14378],[-117.58492,34.14386],[-117.58493,34.14401],[-117.58496,34.14409],[-117.58504,34.14415],[-117.586,34.14415],[-117.58642,34.14475]]],"type":"Polygon"},"properties":{"bbox":{"roads":{"area":2915.74,"pct":7.93}},"city_same":1,"id":"hex:2379:17451"},"type":"Feature"},{"geometry":{"coordinates":[[[-117.58372,34.14671],[-117.5844,34.14768],[-117.58576,34.14768],[-117.58643,34.1467],[-117.58574,34.14573],[-117.58439,34.14573],[-117.58372,34.14671]]],"type":"Polygon"},"properties":{"bbox":{"roads":{"area":3523.86,"pct":8.68}},"city_same":1,"id":"hex:2379:17452"},"type":"Feature"},{"geometry":{"coordinates":[[[-117.58373,34.14866],[-117.58442,34.14964],[-117.58577,34.14963],[-117.58644,34.14865],[-117.58576,34.14768],[-117.5844,34.14768],[-117.58373,34.14866]]],"type":"Polygon"},"properties":{"bbox":{"roads":{"area":3277.57,"pct":8.07}},"city_same":1,"id":"hex:2379:17453"},"type":"Feature"},{"geometry":{"coordinates":[[[-117.58374,34.15062],[-117.58443,34.15159],[-117.58578,34.15158],[-117.58646,34.1506],[-117.58577,34.14963],[-117.58442,34.14964],[-117.58374,34.15062]]],"type":"Polygon"},"properties":{"bbox":{"parking":{"area":798.53,"pct":1.97},"roads":{"area":5028.08,"pct":12.39}},"city":{"parking":{"area":798.53,"pct":1.97},"roads":{"area":2236.65,"pct":5.51}},"id":"hex:2379:17454"},"type":"Feature"},{"geometry":{"coordinates":[[[-117.58376,34.15257],[-117.58444,34.15354],[-117.5858,34.15354],[-117.58647,34.15256],[-117.58578,34.15158],[-117.58443,34.15159],[-117.58376,34.15257]]],"type":"Polygon"},"properties":{"bbox":{"roads":{"area":4083.99,"pct":10.06}},"city_same":1,"id":"hex:2379:17455"},"type":"Feature"},{"geometry":{"coordinates":[[[-117.58377,34.15452],[-117.58446,34.15549],[-117.58581,34.15549],[-117.58648,34.15451],[-117.5858,34.15354],[-117.58444,34.15354],[-117.58377,34.15452]]],"type":"Polygon"},"properties":{"bbox":{"roads":{"area":2842.15,"pct":7}},"city_same":1,"id":"hex:2379:17456"},"type":"Feature"},{"geometry":{"coordinates":[[[-117.58378,34.15647],[-117.58447,34.15745],[-117.58582,34.15744],[-117.5865,34.15646],[-117.58581,34.15549],[-117.58446,34.15549],[-117.58378,34.15647]]],"type":"Polygon"},"properties":{"bbox":{"roads":{"area":1416.55,"pct":3.49}},"city_same":1,"id":"hex:2379:17457"},"type":"Feature"},{"geometry":{"coordinates":[[[-117.5838,34.15843],[-117.58448,34.1594],[-117.58584,34.15939],[-117.58651,34.15841],[-117.58582,34.15744],[-117.58447,34.15745],[-117.5838,34.15843]]],"type":"Polygon"},"properties":{"bbox":{"roads":{"area":2632.68,"pct":6.49}},"city_same":1,"id":"hex:2379:17458"},"type":"Feature"},{"geometry":{"coordinates":[[[-117.58381,34.16038],[-117.5845,34.16135],[-117.58585,34.16135],[-117.58652,34.16037],[-117.58584,34.15939],[-117.58448,34.1594],[-117.58381,34.16038]]],"type":"Polygon"},"properties":{"bbox":{"roads":{"area":1820.21,"pct":4.48}},"city_same":1,"id":"hex:2379:17459"},"type":"Feature"},{"geometry":{"coordinates":[[[-117.58382,34.16233],[-117.58451,34.1633],[-117.58587,34.1633],[-117.58654,34.16232],[-117.58585,34.16135],[-117.5845,34.16135],[-117.58382,34.16233]]],"type":"Polygon"},"properties":{"bbox":{"roads":{"area":981.33,"pct":2.42}},"city_same":1,"id":"hex:2379:17460"},"type":"Feature"},{"geometry":{"coordinates":[[[-117.58384,34.16428],[-117.58451,34.1633],[-117.58587,34.1633],[-117.58655,34.16427],[-117.58597,34.16512],[-117.58486,34.16512],[-117.58442,34.16511],[-117.58384,34.16428]]],"type":"Polygon"},"properties":{"bbox":{"roads":{"area":1397.85,"pct":3.62}},"city_same":1,"id":"hex:2379:17461"},"type":"Feature"},{"geometry":{"coordinates":[[[-117.58325,34.07837],[-117.58189,34.07838],[-117.58123,34.07743],[-117.58388,34.07745],[-117.58325,34.07837]]],"type":"Polygon"},"properties":{"bbox":{"roads":{"area":3003.75,"pct":15.65}},"city_same":1,"id":"hex:2380:17417"},"type":"Feature"},{"geometry":{"coordinates":[[[-117.58122,34.07936],[-117.58191,34.08033],[-117.58326,34.08033],[-117.58393,34.07935],[-117.58325,34.07837],[-117.58189,34.07838],[-117.58122,34.07936]]],"type":"Polygon"},"properties":{"bbox":{"roads":{"area":2404.8,"pct":5.92}},"city_same":1,"id":"hex:2380:17418"},"type":"Feature"},{"geometry":{"coordinates":[[[-117.58124,34.08131],[-117.58192,34.08228],[-117.58327,34.08228],[-117.58395,34.0813],[-117.58326,34.08033],[-117.58191,34.08033],[-117.58124,34.08131]]],"type":"Polygon"},"properties":{"bbox":{"roads":{"area":2220.56,"pct":5.47}},"city_same":1,"id":"hex:2380:17419"},"type":"Feature"},{"geometry":{"coordinates":[[[-117.58125,34.08326],[-117.58193,34.08424],[-117.58329,34.08423],[-117.58396,34.08325],[-117.58327,34.08228],[-117.58192,34.08228],[-117.58125,34.08326]]],"type":"Polygon"},"properties":{"bbox":{"roads":{"area":1744.34,"pct":4.3}},"city_same":1,"id":"hex:2380:17420"},"type":"Feature"},{"geometry":{"coordinates":[[[-117.58126,34.08522],[-117.58195,34.08619],[-117.5833,34.08618],[-117.58397,34.0852],[-117.58329,34.08423],[-117.58193,34.08424],[-117.58126,34.08522]]],"type":"Polygon"},"properties":{"bbox":{"roads":{"area":6654.22,"pct":16.39}},"city":{"roads":{"area":3443.63,"pct":8.48}},"id":"hex:2380:17421"},"type":"Feature"},{"geometry":{"coordinates":[[[-117.58128,34.08717],[-117.58196,34.08814],[-117.58331,34.08814],[-117.58399,34.08716],[-117.5833,34.08618],[-117.58195,34.08619],[-117.58128,34.08717]]],"type":"Polygon"},"properties":{"bbox":{"roads":{"area":1811.55,"pct":4.46}},"city_same":1,"id":"hex:2380:17422"},"type":"Feature"},{"geometry":{"coordinates":[[[-117.58129,34.08912],[-117.58197,34.09009],[-117.58333,34.09009],[-117.584,34.08911],[-117.58331,34.08814],[-117.58196,34.08814],[-117.58129,34.08912]]],"type":"Polygon"},"properties":{"bbox":{"roads":{"area":2829.65,"pct":6.97}},"city_same":1,"id":"hex:2380:17423"},"type":"Feature"},{"geometry":{"coordinates":[[[-117.5813,34.09107],[-117.58199,34.09205],[-117.58334,34.09204],[-117.58401,34.09106],[-117.58333,34.09009],[-117.58197,34.09009],[-117.5813,34.09107]]],"type":"Polygon"},"properties":{"bbox":{"roads":{"area":2643.7,"pct":6.51}},"city_same":1,"id":"hex:2380:17424"},"type":"Feature"},{"geometry":{"coordinates":[[[-117.58132,34.09303],[-117.582,34.094],[-117.58335,34.09399],[-117.58403,34.09301],[-117.58334,34.09204],[-117.58199,34.09205],[-117.58132,34.09303]]],"type":"Polygon"},"properties":{"bbox":{"roads":{"area":2422.62,"pct":5.97},"sidewalks":{"area":109.95,"pct":0.27}},"city_same":1,"id":"hex:2380:17425"},"type":"Feature"},{"geometry":{"coordinates":[[[-117.58133,34.09498],[-117.58201,34.09595],[-117.58337,34.09595],[-117.58404,34.09497],[-117.58335,34.09399],[-117.582,34.094],[-117.58133,34.09498]]],"type":"Polygon"},"properties":{"bbox":{"roads":{"area":3474.59,"pct":8.56}},"city_same":1,"id":"hex:2380:17426"},"type":"Feature"},{"geometry":{"coordinates":[[[-117.58134,34.09693],[-117.58203,34.0979],[-117.58338,34.0979],[-117.58405,34.09692],[-117.58337,34.09595],[-117.58201,34.09595],[-117.58134,34.09693]]],"type":"Polygon"},"properties":{"bbox":{"roads":{"area":2883.85,"pct":7.1}},"city_same":1,"id":"hex:2380:17427"},"type":"Feature"},{"geometry":{"coordinates":[[[-117.58136,34.09888],[-117.58204,34.09986],[-117.5834,34.09985],[-117.58407,34.09887],[-117.58338,34.0979],[-117.58203,34.0979],[-117.58136,34.09888]]],"type":"Polygon"},"properties":{"bbox":{"roads":{"area":6467.4,"pct":15.93},"sidewalks":{"area":605.31,"pct":1.49}},"city":{"roads":{"area":2856.66,"pct":7.04},"sidewalks":{"area":605.31,"pct":1.49}},"id":"hex:2380:17428"},"type":"Feature"},{"geometry":{"coordinates":[[[-117.58137,34.10084],[-117.58205,34.10181],[-117.58341,34.1018],[-117.58408,34.10082],[-117.5834,34.09985],[-117.58204,34.09986],[-117.58137,34.10084]]],"type":"Polygon"},"properties":{"bbox":{"roads":{"area":3600.94,"pct":8.87}},"city_same":1,"id":"hex:2380:17429"},"type":"Feature"},{"geometry":{"coordinates":[[[-117.58138,34.10279],[-117.58207,34.10376],[-117.58342,34.10376],[-117.58409,34.10278],[-117.58341,34.1018],[-117.58205,34.10181],[-117.58138,34.10279]]],"type":"Polygon"},"properties":{"bbox":{"roads":{"area":3784.2,"pct":9.32}},"city_same":1,"id":"hex:2380:17430"},"type":"Feature"},{"geometry":{"coordinates":[[[-117.5814,34.10474],[-117.58208,34.10571],[-117.58344,34.10571],[-117.58411,34.10473],[-117.58342,34.10376],[-117.58207,34.10376],[-117.5814,34.10474]]],"type":"Polygon"},"properties":{"bbox":{"roads":{"area":2836.22,"pct":6.99}},"city_same":1,"id":"hex:2380:17431"},"type":"Feature"},{"geometry":{"coordinates":[[[-117.58141,34.10669],[-117.58209,34.10767],[-117.58345,34.10766],[-117.58412,34.10668],[-117.58344,34.10571],[-117.58208,34.10571],[-117.58141,34.10669]]],"type":"Polygon"},"properties":{"bbox":{"roads":{"area":8224.3,"pct":20.26},"sidewalks":{"area":586.49,"pct":1.44}},"city":{"roads":{"area":2990.68,"pct":7.37},"sidewalks":{"area":586.49,"pct":1.44}},"id":"hex:2380:17432"},"type":"Feature"},{"geometry":{"coordinates":[[[-117.58142,34.10865],[-117.58211,34.10962],[-117.58346,34.10961],[-117.58413,34.10863],[-117.58345,34.10766],[-117.58209,34.10767],[-117.58142,34.10865]]],"type":"Polygon"},"properties":{"bbox":{"roads":{"area":3693.05,"pct":9.1}},"city_same":1,"id":"hex:2380:17433"},"type":"Feature"},{"geometry":{"coordinates":[[[-117.58144,34.1106],[-117.58212,34.11157],[-117.58348,34.11157],[-117.58415,34.11059],[-117.58346,34.10961],[-117.58211,34.10962],[-117.58144,34.1106]]],"type":"Polygon"},"properties":{"bbox":{"roads":{"area":2903.04,"pct":7.15}},"city_same":1,"id":"hex:2380:17434"},"type":"Feature"},{"geometry":{"coordinates":[[[-117.58145,34.11255],[-117.58213,34.11352],[-117.58349,34.11352],[-117.58416,34.11254],[-117.58348,34.11157],[-117.58212,34.11157],[-117.58145,34.11255]]],"type":"Polygon"},"properties":{"bbox":{"roads":{"area":3560.86,"pct":8.77}},"city_same":1,"id":"hex:2380:17435"},"type":"Feature"},{"geometry":{"coordinates":[[[-117.58146,34.1145],[-117.58215,34.11548],[-117.5835,34.11547],[-117.58417,34.11449],[-117.58349,34.11352],[-117.58213,34.11352],[-117.58146,34.1145]]],"type":"Polygon"},"properties":{"bbox":{"parking":{"area":761.4,"pct":1.88},"roads":{"area":2437.06,"pct":6}},"city_same":1,"id":"hex:2380:17436"},"type":"Feature"},{"geometry":{"coordinates":[[[-117.58148,34.11646],[-117.58216,34.11743],[-117.58352,34.11742],[-117.58419,34.11644],[-117.5835,34.11547],[-117.58215,34.11548],[-117.58148,34.11646]]],"type":"Polygon"},"properties":{"bbox":{"roads":{"area":2787.06,"pct":6.87}},"city_same":1,"id":"hex:2380:17437"},"type":"Feature"},{"geometry":{"coordinates":[[[-117.58149,34.11841],[-117.58217,34.11938],[-117.58353,34.11938],[-117.5842,34.1184],[-117.58352,34.11742],[-117.58216,34.11743],[-117.58149,34.11841]]],"type":"Polygon"},"properties":{"bbox":{"roads":{"area":2840.98,"pct":7}},"city_same":1,"id":"hex:2380:17438"},"type":"Feature"},{"geometry":{"coordinates":[[[-117.5815,34.12036],[-117.58219,34.12134],[-117.58354,34.12133],[-117.58421,34.12035],[-117.58353,34.11938],[-117.58217,34.11938],[-117.5815,34.12036]]],"type":"Polygon"},"properties":{"bbox":{"roads":{"area":969.88,"pct":2.39}},"city_same":1,"id":"hex:2380:17439"},"type":"Feature"},{"geometry":{"coordinates":[[[-117.58152,34.12231],[-117.5822,34.12329],[-117.58356,34.12328],[-117.58423,34.1223],[-117.58354,34.12133],[-117.58219,34.12134],[-117.58152,34.12231]]],"type":"Polygon"},"properties":{"bbox":{"parking":{"area":818.27,"pct":2.02},"roads":{"area":6875.57,"pct":16.94},"sidewalks":{"area":199.12,"pct":0.49}},"city_same":1,"id":"hex:2380:17440"},"type":"Feature"},{"geometry":{"coordinates":[[[-117.58153,34.12427],[-117.58221,34.12524],[-117.58357,34.12523],[-117.58424,34.12425],[-117.58356,34.12328],[-117.5822,34.12329],[-117.58153,34.12427]]],"type":"Polygon"},"properties":{"bbox":{"parking":{"area":254.34,"pct":0.63},"roads":{"area":5654.73,"pct":13.93}},"city_same":1,"id":"hex:2380:17441"},"type":"Feature"},{"geometry":{"coordinates":[[[-117.58154,34.12622],[-117.58223,34.12719],[-117.58358,34.12719],[-117.58425,34.12621],[-117.58357,34.12523],[-117.58221,34.12524],[-117.58154,34.12622]]],"type":"Polygon"},"properties":{"bbox":{"roads":{"area":2192.07,"pct":5.4}},"city_same":1,"id":"hex:2380:17442"},"type":"Feature"},{"geometry":{"coordinates":[[[-117.58156,34.12817],[-117.58224,34.12915],[-117.5836,34.12914],[-117.58427,34.12816],[-117.58358,34.12719],[-117.58223,34.12719],[-117.58156,34.12817]]],"type":"Polygon"},"properties":{"bbox":{"roads":{"area":3062.47,"pct":7.54}},"city_same":1,"id":"hex:2380:17443"},"type":"Feature"},{"geometry":{"coordinates":[[[-117.58157,34.13012],[-117.58225,34.1311],[-117.58361,34.13109],[-117.58428,34.13011],[-117.5836,34.12914],[-117.58224,34.12915],[-117.58157,34.13012]]],"type":"Polygon"},"properties":{"bbox":{"parking":{"area":441.13,"pct":1.09},"roads":{"area":139.18,"pct":0.34}},"city_same":1,"id":"hex:2380:17444"},"type":"Feature"},{"geometry":{"coordinates":[[[-117.58158,34.13208],[-117.58227,34.13305],[-117.58362,34.13304],[-117.58429,34.13206],[-117.58361,34.13109],[-117.58225,34.1311],[-117.58158,34.13208]]],"type":"Polygon"},"properties":{"bbox":{"parking":{"area":874.56,"pct":2.15},"roads":{"area":6715.48,"pct":16.54}},"city":{"parking":{"area":874.56,"pct":2.15},"roads":{"area":3654.38,"pct":9}},"id":"hex:2380:17445"},"type":"Feature"},{"geometry":{"coordinates":[[[-117.5816,34.13403],[-117.58228,34.135],[-117.58364,34.135],[-117.58431,34.13402],[-117.58362,34.13304],[-117.58227,34.13305],[-117.5816,34.13403]]],"type":"Polygon"},"properties":{"bbox":{"roads":{"area":3503.79,"pct":8.63}},"city_same":1,"id":"hex:2380:17446"},"type":"Feature"},{"geometry":{"coordinates":[[[-117.58161,34.13598],[-117.58229,34.13696],[-117.58365,34.13695],[-117.58432,34.13597],[-117.58364,34.135],[-117.58228,34.135],[-117.58161,34.13598]]],"type":"Polygon"},"properties":{"bbox":{"roads":{"area":8827.57,"pct":21.75}},"city":{"roads":{"area":1700.56,"pct":4.19}},"id":"hex:2380:17447"},"type":"Feature"},{"geometry":{"coordinates":[[[-117.58162,34.13793],[-117.58231,34.13891],[-117.58366,34.1389],[-117.58433,34.13792],[-117.58365,34.13695],[-117.58229,34.13696],[-117.58162,34.13793]]],"type":"Polygon"},"properties":{"bbox":{"roads":{"area":2139.73,"pct":5.27}},"city_same":1,"id":"hex:2380:17448"},"type":"Feature"},{"geometry":{"coordinates":[[[-117.58164,34.13989],[-117.58232,34.14086],[-117.58368,34.14085],[-117.58435,34.13987],[-117.58366,34.1389],[-117.58231,34.13891],[-117.58164,34.13989]]],"type":"Polygon"},"properties":{"bbox":{"roads":{"area":4196.6,"pct":10.34}},"city_same":1,"id":"hex:2380:17449"},"type":"Feature"},{"geometry":{"coordinates":[[[-117.58165,34.14184],[-117.58233,34.14281],[-117.58369,34.14281],[-117.58436,34.14183],[-117.58368,34.14085],[-117.58232,34.14086],[-117.58165,34.14184]]],"type":"Polygon"},"properties":{"bbox":{"roads":{"area":3086.07,"pct":7.6}},"city_same":1,"id":"hex:2380:17450"},"type":"Feature"},{"geometry":{"coordinates":[[[-117.58168,34.14574],[-117.58236,34.14672],[-117.58372,34.14671],[-117.58439,34.14573],[-117.5837,34.14476],[-117.58235,34.14477],[-117.58168,34.14574]]],"type":"Polygon"},"properties":{"bbox":{"roads":{"area":2696.72,"pct":6.64}},"city_same":1,"id":"hex:2380:17452"},"type":"Feature"},{"geometry":{"coordinates":[[[-117.58169,34.1477],[-117.58237,34.14867],[-117.58373,34.14866],[-117.5844,34.14768],[-117.58372,34.14671],[-117.58236,34.14672],[-117.58169,34.1477]]],"type":"Polygon"},"properties":{"bbox":{"roads":{"area":3964.61,"pct":9.77}},"city_same":1,"id":"hex:2380:17453"},"type":"Feature"},{"geometry":{"coordinates":[[[-117.5817,34.14965],[-117.58239,34.15062],[-117.58374,34.15062],[-117.58442,34.14964],[-117.58373,34.14866],[-117.58237,34.14867],[-117.5817,34.14965]]],"type":"Polygon"},"properties":{"bbox":{"parking":{"area":1142.37,"pct":2.81},"roads":{"area":1885.57,"pct":4.64}},"city":{"parking":{"area":1142.37,"pct":2.81},"roads":{"area":873.41,"pct":2.15}},"id":"hex:2380:17454"},"type":"Feature"},{"geometry":{"coordinates":[[[-117.58172,34.1516],[-117.5824,34.15258],[-117.58376,34.15257],[-117.58443,34.15159],[-117.58374,34.15062],[-117.58239,34.15062],[-117.58172,34.1516]]],"type":"Polygon"},"properties":{"bbox":{"roads":{"area":1200.35,"pct":2.96}},"city_same":1,"id":"hex:2380:17455"},"type":"Feature"},{"geometry":{"coordinates":[[[-117.58173,34.15355],[-117.58241,34.15453],[-117.58377,34.15452],[-117.58444,34.15354],[-117.58376,34.15257],[-117.5824,34.15258],[-117.58173,34.15355]]],"type":"Polygon"},"properties":{"bbox":{"roads":{"area":2524.38,"pct":6.22}},"city_same":1,"id":"hex:2380:17456"},"type":"Feature"},{"geometry":{"coordinates":[[[-117.58174,34.15551],[-117.58243,34.15648],[-117.58378,34.15647],[-117.58446,34.15549],[-117.58377,34.15452],[-117.58241,34.15453],[-117.58174,34.15551]]],"type":"Polygon"},"properties":{"bbox":{"roads":{"area":1501.41,"pct":3.7}},"city_same":1,"id":"hex:2380:17457"},"type":"Feature"},{"geometry":{"coordinates":[[[-117.58176,34.15746],[-117.58244,34.15843],[-117.5838,34.15843],[-117.58447,34.15745],[-117.58378,34.15647],[-117.58243,34.15648],[-117.58176,34.15746]]],"type":"Polygon"},"properties":{"bbox":{"roads":{"area":2184.1,"pct":5.38}},"city_same":1,"id":"hex:2380:17458"},"type":"Feature"},{"geometry":{"coordinates":[[[-117.58177,34.15941],[-117.58246,34.16039],[-117.58381,34.16038],[-117.58448,34.1594],[-117.5838,34.15843],[-117.58244,34.15843],[-117.58177,34.15941]]],"type":"Polygon"},"properties":{"bbox":{"roads":{"area":2672.62,"pct":6.58}},"city_same":1,"id":"hex:2380:17459"},"type":"Feature"},{"geometry":{"coordinates":[[[-117.58178,34.16136],[-117.58247,34.16234],[-117.58382,34.16233],[-117.5845,34.16135],[-117.58381,34.16038],[-117.58246,34.16039],[-117.58178,34.16136]]],"type":"Polygon"},"properties":{"bbox":{"roads":{"area":2699.06,"pct":6.65}},"city_same":1,"id":"hex:2380:17460"},"type":"Feature"},{"geometry":{"coordinates":[[[-117.5818,34.16332],[-117.58248,34.16429],[-117.58384,34.16428],[-117.58451,34.1633],[-117.58382,34.16233],[-117.58247,34.16234],[-117.5818,34.16332]]],"type":"Polygon"},"properties":{"bbox":{"roads":{"area":2923.19,"pct":7.2}},"city_same":1,"id":"hex:2380:17461"},"type":"Feature"},{"geometry":{"coordinates":[[[-117.58248,34.16429],[-117.58384,34.16428],[-117.58442,34.16511],[-117.58429,34.16511],[-117.58297,34.16513],[-117.58252,34.16514],[-117.58188,34.16516],[-117.58248,34.16429]]],"type":"Polygon"},"properties":{"bbox":{"roads":{"area":416.05,"pct":2.48}},"city_same":1,"id":"hex:2380:17462"},"type":"Feature"},{"geometry":{"coordinates":[[[-117.58189,34.07838],[-117.58122,34.07936],[-117.57987,34.07937],[-117.57918,34.07839],[-117.57985,34.07742],[-117.58123,34.07743],[-117.58189,34.07838]]],"type":"Polygon"},"properties":{"bbox":{"roads":{"area":4788.32,"pct":11.86}},"city_same":1,"id":"hex:2381:17417"},"type":"Feature"},{"geometry":{"coordinates":[[[-117.5792,34.08034],[-117.57988,34.08132],[-117.58124,34.08131],[-117.58191,34.08033],[-117.58122,34.07936],[-117.57987,34.07937],[-117.5792,34.08034]]],"type":"Polygon"},"properties":{"bbox":{"roads":{"area":5527.94,"pct":13.62}},"city_same":1,"id":"hex:2381:17418"},"type":"Feature"},{"geometry":{"coordinates":[[[-117.57922,34.08425],[-117.57991,34.08522],[-117.58126,34.08522],[-117.58193,34.08424],[-117.58125,34.08326],[-117.57989,34.08327],[-117.57922,34.08425]]],"type":"Polygon"},"properties":{"bbox":{"roads":{"area":6103.26,"pct":15.03}},"city":{"roads":{"area":2731.61,"pct":6.73}},"id":"hex:2381:17420"},"type":"Feature"},{"geometry":{"coordinates":[[[-117.57924,34.0862],[-117.57992,34.08718],[-117.58128,34.08717],[-117.58195,34.08619],[-117.58126,34.08522],[-117.57991,34.08522],[-117.57924,34.0862]]],"type":"Polygon"},"properties":{"bbox":{"roads":{"area":3556.44,"pct":8.76}},"city_same":1,"id":"hex:2381:17421"},"type":"Feature"},{"geometry":{"coordinates":[[[-117.57925,34.08816],[-117.57993,34.08913],[-117.58129,34.08912],[-117.58196,34.08814],[-117.58128,34.08717],[-117.57992,34.08718],[-117.57925,34.08816]]],"type":"Polygon"},"properties":{"bbox":{"roads":{"area":3460.27,"pct":8.52}},"city_same":1,"id":"hex:2381:17422"},"type":"Feature"},{"geometry":{"coordinates":[[[-117.57926,34.09011],[-117.57995,34.09108],[-117.5813,34.09107],[-117.58197,34.09009],[-117.58129,34.08912],[-117.57993,34.08913],[-117.57926,34.09011]]],"type":"Polygon"},"properties":{"bbox":{"roads":{"area":5002.7,"pct":12.32}},"city_same":1,"id":"hex:2381:17423"},"type":"Feature"},{"geometry":{"coordinates":[[[-117.57928,34.09206],[-117.57996,34.09303],[-117.58132,34.09303],[-117.58199,34.09205],[-117.5813,34.09107],[-117.57995,34.09108],[-117.57928,34.09206]]],"type":"Polygon"},"properties":{"bbox":{"roads":{"area":3555.47,"pct":8.76}},"city_same":1,"id":"hex:2381:17424"},"type":"Feature"},{"geometry":{"coordinates":[[[-117.57929,34.09401],[-117.57997,34.09499],[-117.58133,34.09498],[-117.582,34.094],[-117.58132,34.09303],[-117.57996,34.09303],[-117.57929,34.09401]]],"type":"Polygon"},"properties":{"bbox":{"roads":{"area":4861.04,"pct":11.97}},"city_same":1,"id":"hex:2381:17425"},"type":"Feature"},{"geometry":{"coordinates":[[[-117.5793,34.09597],[-117.57999,34.09694],[-117.58134,34.09693],[-117.58201,34.09595],[-117.58133,34.09498],[-117.57997,34.09499],[-117.5793,34.09597]]],"type":"Polygon"},"properties":{"bbox":{"roads":{"area":5592.64,"pct":13.78}},"city_same":1,"id":"hex:2381:17426"},"type":"Feature"},{"geometry":{"coordinates":[[[-117.57932,34.09792],[-117.58,34.09889],[-117.58136,34.09888],[-117.58203,34.0979],[-117.58134,34.09693],[-117.57999,34.09694],[-117.57932,34.09792]]],"type":"Polygon"},"properties":{"bbox":{"roads":{"area":5056.8,"pct":12.46}},"city_same":1,"id":"hex:2381:17427"},"type":"Feature"},{"geometry":{"coordinates":[[[-117.57933,34.09987],[-117.58001,34.10084],[-117.58137,34.10084],[-117.58204,34.09986],[-117.58136,34.09888],[-117.58,34.09889],[-117.57933,34.09987]]],"type":"Polygon"},"properties":{"bbox":{"roads":{"area":5510.13,"pct":13.57},"sidewalks":{"area":399.77,"pct":0.98}},"city":{"roads":{"area":2430,"pct":5.99},"sidewalks":{"area":399.77,"pct":0.98}},"id":"hex:2381:17428"},"type":"Feature"},{"geometry":{"coordinates":[[[-117.57934,34.10182],[-117.58003,34.1028],[-117.58138,34.10279],[-117.58205,34.10181],[-117.58137,34.10084],[-117.58001,34.10084],[-117.57934,34.10182]]],"type":"Polygon"},"properties":{"bbox":{"roads":{"area":2560.21,"pct":6.31},"sidewalks":{"area":6.68,"pct":0.02}},"city_same":1,"id":"hex:2381:17429"},"type":"Feature"},{"geometry":{"coordinates":[[[-117.57936,34.10378],[-117.58004,34.10475],[-117.5814,34.10474],[-117.58207,34.10376],[-117.58138,34.10279],[-117.58003,34.1028],[-117.57936,34.10378]]],"type":"Polygon"},"properties":{"bbox":{"roads":{"area":333.26,"pct":0.82}},"city_same":1,"id":"hex:2381:17430"},"type":"Feature"},{"geometry":{"coordinates":[[[-117.57937,34.10573],[-117.58005,34.1067],[-117.58141,34.10669],[-117.58208,34.10571],[-117.5814,34.10474],[-117.58004,34.10475],[-117.57937,34.10573]]],"type":"Polygon"},"properties":{"bbox":{"roads":{"area":3035.52,"pct":7.48}},"city":{"roads":{"area":361.54,"pct":0.89}},"id":"hex:2381:17431"},"type":"Feature"},{"geometry":{"coordinates":[[[-117.57938,34.10768],[-117.58007,34.10865],[-117.58142,34.10865],[-117.58209,34.10767],[-117.58141,34.10669],[-117.58005,34.1067],[-117.57938,34.10768]]],"type":"Polygon"},"properties":{"bbox":{"roads":{"area":4918.05,"pct":12.11},"sidewalks":{"area":168.09,"pct":0.41}},"city":{"roads":{"area":4722.08,"pct":11.63},"sidewalks":{"area":168.09,"pct":0.41}},"id":"hex:2381:17432"},"type":"Feature"},{"geometry":{"coordinates":[[[-117.5794,34.10963],[-117.58008,34.11061],[-117.58144,34.1106],[-117.58211,34.10962],[-117.58142,34.10865],[-117.58007,34.10865],[-117.5794,34.10963]]],"type":"Polygon"},"properties":{"bbox":{"roads":{"area":4909.7,"pct":12.09}},"city_same":1,"id":"hex:2381:17433"},"type":"Feature"},{"geometry":{"coordinates":[[[-117.57941,34.11159],[-117.58009,34.11256],[-117.58145,34.11255],[-117.58212,34.11157],[-117.58144,34.1106],[-117.58008,34.11061],[-117.57941,34.11159]]],"type":"Polygon"},"properties":{"bbox":{"roads":{"area":4226.69,"pct":10.41}},"city_same":1,"id":"hex:2381:17434"},"type":"Feature"},{"geometry":{"coordinates":[[[-117.57942,34.11354],[-117.58011,34.11451],[-117.58146,34.1145],[-117.58213,34.11352],[-117.58145,34.11255],[-117.58009,34.11256],[-117.57942,34.11354]]],"type":"Polygon"},"properties":{"bbox":{"roads":{"area":4596.57,"pct":11.32}},"city_same":1,"id":"hex:2381:17435"},"type":"Feature"},{"geometry":{"coordinates":[[[-117.57944,34.11549],[-117.58012,34.11646],[-117.58148,34.11646],[-117.58215,34.11548],[-117.58146,34.1145],[-117.58011,34.11451],[-117.57944,34.11549]]],"type":"Polygon"},"properties":{"bbox":{"roads":{"area":1339.38,"pct":3.3}},"city_same":1,"id":"hex:2381:17436"},"type":"Feature"},{"geometry":{"coordinates":[[[-117.57945,34.11744],[-117.58013,34.11842],[-117.58149,34.11841],[-117.58216,34.11743],[-117.58148,34.11646],[-117.58012,34.11646],[-117.57945,34.11744]]],"type":"Polygon"},"properties":{"bbox":{"roads":{"area":2812.33,"pct":6.93}},"city_same":1,"id":"hex:2381:17437"},"type":"Feature"},{"geometry":{"coordinates":[[[-117.57946,34.1194],[-117.58015,34.12037],[-117.5815,34.12036],[-117.58217,34.11938],[-117.58149,34.11841],[-117.58013,34.11842],[-117.57946,34.1194]]],"type":"Polygon"},"properties":{"bbox":{"roads":{"area":3493.53,"pct":8.61}},"city_same":1,"id":"hex:2381:17438"},"type":"Feature"},{"geometry":{"coordinates":[[[-117.57948,34.12135],[-117.58016,34.12232],[-117.58152,34.12231],[-117.58219,34.12134],[-117.5815,34.12036],[-117.58015,34.12037],[-117.57948,34.12135]]],"type":"Polygon"},"properties":{"bbox":{"parking":{"area":2205.27,"pct":5.43},"roads":{"area":6113.65,"pct":15.06},"sidewalks":{"area":327.9,"pct":0.81}},"city_same":1,"id":"hex:2381:17439"},"type":"Feature"},{"geometry":{"coordinates":[[[-117.57949,34.1233],[-117.58017,34.12427],[-117.58153,34.12427],[-117.5822,34.12329],[-117.58152,34.12231],[-117.58016,34.12232],[-117.57949,34.1233]]],"type":"Polygon"},"properties":{"bbox":{"parking":{"area":551.19,"pct":1.36},"roads":{"area":4921.23,"pct":12.12}},"city_same":1,"id":"hex:2381:17440"},"type":"Feature"},{"geometry":{"coordinates":[[[-117.5795,34.12525],[-117.58019,34.12623],[-117.58154,34.12622],[-117.58221,34.12524],[-117.58153,34.12427],[-117.58017,34.12427],[-117.5795,34.12525]]],"type":"Polygon"},"properties":{"bbox":{"parking":{"area":190.75,"pct":0.47},"roads":{"area":3934.16,"pct":9.69}},"city_same":1,"id":"hex:2381:17441"},"type":"Feature"},{"geometry":{"coordinates":[[[-117.57952,34.12721],[-117.5802,34.12818],[-117.58156,34.12817],[-117.58223,34.12719],[-117.58154,34.12622],[-117.58019,34.12623],[-117.57952,34.12721]]],"type":"Polygon"},"properties":{"bbox":{"roads":{"area":3265.53,"pct":8.04}},"city_same":1,"id":"hex:2381:17442"},"type":"Feature"},{"geometry":{"coordinates":[[[-117.57953,34.12916],[-117.58021,34.13013],[-117.58157,34.13012],[-117.58224,34.12915],[-117.58156,34.12817],[-117.5802,34.12818],[-117.57953,34.12916]]],"type":"Polygon"},"properties":{"bbox":{"roads":{"area":1829.59,"pct":4.51}},"city_same":1,"id":"hex:2381:17443"},"type":"Feature"},{"geometry":{"coordinates":[[[-117.57954,34.13111],[-117.58023,34.13208],[-117.58158,34.13208],[-117.58225,34.1311],[-117.58157,34.13012],[-117.58021,34.13013],[-117.57954,34.13111]]],"type":"Polygon"},"properties":{"bbox":{"roads":{"area":2172.16,"pct":5.35}},"city_same":1,"id":"hex:2381:17444"},"type":"Feature"},{"geometry":{"coordinates":[[[-117.57956,34.13306],[-117.58024,34.13404],[-117.5816,34.13403],[-117.58227,34.13305],[-117.58158,34.13208],[-117.58023,34.13208],[-117.57956,34.13306]]],"type":"Polygon"},"properties":{"bbox":{"roads":{"area":5461.02,"pct":13.45}},"city":{"roads":{"area":2847.58,"pct":7.01}},"id":"hex:2381:17445"},"type":"Feature"},{"geometry":{"coordinates":[[[-117.57957,34.13502],[-117.58025,34.13599],[-117.58161,34.13598],[-117.58228,34.135],[-117.5816,34.13403],[-117.58024,34.13404],[-117.57957,34.13502]]],"type":"Polygon"},"properties":{"bbox":{"roads":{"area":6724.64,"pct":16.57}},"city":{"roads":{"area":1774.33,"pct":4.37}},"id":"hex:2381:17446"},"type":"Feature"},{"geometry":{"coordinates":[[[-117.57958,34.13697],[-117.58027,34.13794],[-117.58162,34.13793],[-117.58229,34.13696],[-117.58161,34.13598],[-117.58025,34.13599],[-117.57958,34.13697]]],"type":"Polygon"},"properties":{"bbox":{"parking":{"area":5778.84,"pct":14.24},"roads":{"area":4132.07,"pct":10.18}},"city":{"parking":{"area":5778.84,"pct":14.24},"roads":{"area":4036.88,"pct":9.94}},"id":"hex:2381:17447"},"type":"Feature"},{"geometry":{"coordinates":[[[-117.5796,34.13892],[-117.58028,34.13989],[-117.58164,34.13989],[-117.58231,34.13891],[-117.58162,34.13793],[-117.58027,34.13794],[-117.5796,34.13892]]],"type":"Polygon"},"properties":{"bbox":{"roads":{"area":4143.15,"pct":10.21}},"city_same":1,"id":"hex:2381:17448"},"type":"Feature"},{"geometry":{"coordinates":[[[-117.57961,34.14087],[-117.58029,34.14185],[-117.58165,34.14184],[-117.58232,34.14086],[-117.58164,34.13989],[-117.58028,34.13989],[-117.57961,34.14087]]],"type":"Polygon"},"properties":{"bbox":{"roads":{"area":2942.83,"pct":7.25}},"city_same":1,"id":"hex:2381:17449"},"type":"Feature"},{"geometry":{"coordinates":[[[-117.57962,34.14283],[-117.58029,34.14185],[-117.58165,34.14184],[-117.58233,34.14281],[-117.58185,34.14352],[-117.58011,34.14352],[-117.57962,34.14283]]],"type":"Polygon"},"properties":{"bbox":{"roads":{"area":2478.29,"pct":6.84}},"city_same":1,"id":"hex:2381:17450"},"type":"Feature"},{"geometry":{"coordinates":[[[-117.58235,34.14477],[-117.58168,34.14574],[-117.58032,34.14575],[-117.57964,34.14478],[-117.58014,34.14405],[-117.58096,34.14403],[-117.58133,34.14412],[-117.58179,34.14414],[-117.58191,34.14414],[-117.58235,34.14477]]],"type":"Polygon"},"properties":{"bbox":{"roads":{"area":891.77,"pct":2.47}},"city_same":1,"id":"hex:2381:17451"},"type":"Feature"},{"geometry":{"coordinates":[[[-117.57965,34.14673],[-117.58033,34.1477],[-117.58169,34.1477],[-117.58236,34.14672],[-117.58168,34.14574],[-117.58032,34.14575],[-117.57965,34.14673]]],"type":"Polygon"},"properties":{"bbox":{"roads":{"area":3648.42,"pct":8.99}},"city_same":1,"id":"hex:2381:17452"},"type":"Feature"},{"geometry":{"coordinates":[[[-117.57966,34.14868],[-117.58035,34.14966],[-117.5817,34.14965],[-117.58237,34.14867],[-117.58169,34.1477],[-117.58033,34.1477],[-117.57966,34.14868]]],"type":"Polygon"},"properties":{"bbox":{"roads":{"area":1652.57,"pct":4.07}},"city_same":1,"id":"hex:2381:17453"},"type":"Feature"},{"geometry":{"coordinates":[[[-117.57968,34.15064],[-117.58036,34.15161],[-117.58172,34.1516],[-117.58239,34.15062],[-117.5817,34.14965],[-117.58035,34.14966],[-117.57968,34.15064]]],"type":"Polygon"},"properties":{"bbox":{"roads":{"area":4670.62,"pct":11.51}},"city":{"roads":{"area":1903.4,"pct":4.69}},"id":"hex:2381:17454"},"type":"Feature"},{"geometry":{"coordinates":[[[-117.57969,34.15259],[-117.58037,34.15356],[-117.58173,34.15355],[-117.5824,34.15258],[-117.58172,34.1516],[-117.58036,34.15161],[-117.57969,34.15259]]],"type":"Polygon"},"properties":{"bbox":{"roads":{"area":2282.47,"pct":5.62}},"city_same":1,"id":"hex:2381:17455"},"type":"Feature"},{"geometry":{"coordinates":[[[-117.5797,34.15454],[-117.58039,34.15551],[-117.58174,34.15551],[-117.58241,34.15453],[-117.58173,34.15355],[-117.58037,34.15356],[-117.5797,34.15454]]],"type":"Polygon"},"properties":{"bbox":{"roads":{"area":2964.27,"pct":7.3}},"city_same":1,"id":"hex:2381:17456"},"type":"Feature"},{"geometry":{"coordinates":[[[-117.57972,34.15649],[-117.5804,34.15747],[-117.58176,34.15746],[-117.58243,34.15648],[-117.58174,34.15551],[-117.58039,34.15551],[-117.57972,34.15649]]],"type":"Polygon"},"properties":{"bbox":{"roads":{"area":1171.25,"pct":2.89}},"city_same":1,"id":"hex:2381:17457"},"type":"Feature"},{"geometry":{"coordinates":[[[-117.57973,34.15845],[-117.58041,34.15942],[-117.58177,34.15941],[-117.58244,34.15843],[-117.58176,34.15746],[-117.5804,34.15747],[-117.57973,34.15845]]],"type":"Polygon"},"properties":{"bbox":{"roads":{"area":2006.74,"pct":4.94}},"city_same":1,"id":"hex:2381:17458"},"type":"Feature"},{"geometry":{"coordinates":[[[-117.57974,34.1604],[-117.58043,34.16137],[-117.58178,34.16136],[-117.58246,34.16039],[-117.58177,34.15941],[-117.58041,34.15942],[-117.57974,34.1604]]],"type":"Polygon"},"properties":{"bbox":{"roads":{"area":2204.27,"pct":5.43}},"city_same":1,"id":"hex:2381:17459"},"type":"Feature"},{"geometry":{"coordinates":[[[-117.57976,34.16235],[-117.58044,34.16332],[-117.5818,34.16332],[-117.58247,34.16234],[-117.58178,34.16136],[-117.58043,34.16137],[-117.57976,34.16235]]],"type":"Polygon"},"properties":{"bbox":{"roads":{"area":1045.62,"pct":2.58}},"city_same":1,"id":"hex:2381:17460"},"type":"Feature"},{"geometry":{"coordinates":[[[-117.58035,34.16513],[-117.58057,34.16515],[-117.58077,34.16516],[-117.58099,34.16518],[-117.58111,34.16517],[-117.58111,34.16503],[-117.5811,34.16493],[-117.58107,34.16479],[-117.58102,34.16463],[-117.58095,34.16447],[-117.58084,34.16427],[-117.58078,34.16419],[-117.58073,34.16412],[-117.58067,34.16406],[-117.5806,34.16402],[-117.58052,34.16397],[-117.58044,34.16394],[-117.58036,34.16392],[-117.58027,34.16391],[-117.58017,34.16391],[-117.58007,34.16393],[-117.58002,34.16394],[-117.58044,34.16332],[-117.5818,34.16332],[-117.58248,34.16429],[-117.58188,34.16516],[-117.58113,34.16519],[-117.58068,34.16518],[-117.58038,34.16517],[-117.58035,34.16513]]],"type":"Polygon"},"properties":{"bbox":{"roads":{"area":1134.65,"pct":4.09}},"city_same":1,"id":"hex:2381:17461"},"type":"Feature"},{"geometry":{"coordinates":[[[-117.57918,34.07839],[-117.57783,34.0784],[-117.57714,34.07743],[-117.57716,34.0774],[-117.57985,34.07742],[-117.57918,34.07839]]],"type":"Polygon"},"properties":{"bbox":{"roads":{"area":5936.75,"pct":28.97},"sidewalks":{"area":275.18,"pct":1.34}},"city_same":1,"id":"hex:2382:17417"},"type":"Feature"},{"geometry":{"coordinates":[[[-117.57716,34.07938],[-117.57784,34.08035],[-117.5792,34.08034],[-117.57987,34.07937],[-117.57918,34.07839],[-117.57783,34.0784],[-117.57716,34.07938]]],"type":"Polygon"},"properties":{"bbox":{"roads":{"area":6369.5,"pct":15.69}},"city_same":1,"id":"hex:2382:17418"},"type":"Feature"},{"geometry":{"coordinates":[[[-117.57717,34.08133],[-117.57786,34.0823],[-117.57921,34.0823],[-117.57988,34.08132],[-117.5792,34.08034],[-117.57784,34.08035],[-117.57717,34.08133]]],"type":"Polygon"},"properties":{"bbox":{"roads":{"area":3477.95,"pct":8.57}},"city_same":1,"id":"hex:2382:17419"},"type":"Feature"},{"geometry":{"coordinates":[[[-117.57718,34.08328],[-117.57787,34.08426],[-117.57922,34.08425],[-117.57989,34.08327],[-117.57921,34.0823],[-117.57786,34.0823],[-117.57718,34.08328]]],"type":"Polygon"},"properties":{"bbox":{"roads":{"area":2325.47,"pct":5.73}},"city_same":1,"id":"hex:2382:17420"},"type":"Feature"},{"geometry":{"coordinates":[[[-117.5772,34.08524],[-117.57788,34.08621],[-117.57924,34.0862],[-117.57991,34.08522],[-117.57922,34.08425],[-117.57787,34.08426],[-117.5772,34.08524]]],"type":"Polygon"},"properties":{"bbox":{"roads":{"area":4541.94,"pct":11.19}},"city":{"roads":{"area":1380.8,"pct":3.4}},"id":"hex:2382:17421"},"type":"Feature"},{"geometry":{"coordinates":[[[-117.57721,34.08719],[-117.5779,34.08816],[-117.57925,34.08816],[-117.57992,34.08718],[-117.57924,34.0862],[-117.57788,34.08621],[-117.57721,34.08719]]],"type":"Polygon"},"properties":{"bbox":{"roads":{"area":1236.06,"pct":3.04}},"city_same":1,"id":"hex:2382:17422"},"type":"Feature"},{"geometry":{"coordinates":[[[-117.57722,34.08914],[-117.57791,34.09011],[-117.57926,34.09011],[-117.57993,34.08913],[-117.57925,34.08816],[-117.5779,34.08816],[-117.57722,34.08914]]],"type":"Polygon"},"properties":{"bbox":{"roads":{"area":2016.26,"pct":4.97}},"city_same":1,"id":"hex:2382:17423"},"type":"Feature"},{"geometry":{"coordinates":[[[-117.57724,34.09109],[-117.57792,34.09207],[-117.57928,34.09206],[-117.57995,34.09108],[-117.57926,34.09011],[-117.57791,34.09011],[-117.57724,34.09109]]],"type":"Polygon"},"properties":{"bbox":{"roads":{"area":2878.45,"pct":7.09}},"city_same":1,"id":"hex:2382:17424"},"type":"Feature"},{"geometry":{"coordinates":[[[-117.57725,34.09305],[-117.57793,34.09402],[-117.57929,34.09401],[-117.57996,34.09303],[-117.57928,34.09206],[-117.57792,34.09207],[-117.57725,34.09305]]],"type":"Polygon"},"properties":{"bbox":{"roads":{"area":3273.12,"pct":8.06}},"city_same":1,"id":"hex:2382:17425"},"type":"Feature"},{"geometry":{"coordinates":[[[-117.57726,34.095],[-117.57795,34.09597],[-117.5793,34.09597],[-117.57997,34.09499],[-117.57929,34.09401],[-117.57793,34.09402],[-117.57726,34.095]]],"type":"Polygon"},"properties":{"bbox":{"roads":{"area":4620.81,"pct":11.38}},"city_same":1,"id":"hex:2382:17426"},"type":"Feature"},{"geometry":{"coordinates":[[[-117.57728,34.09695],[-117.57796,34.09792],[-117.57932,34.09792],[-117.57999,34.09694],[-117.5793,34.09597],[-117.57795,34.09597],[-117.57728,34.09695]]],"type":"Polygon"},"properties":{"bbox":{"roads":{"area":4018.63,"pct":9.9}},"city_same":1,"id":"hex:2382:17427"},"type":"Feature"},{"geometry":{"coordinates":[[[-117.57729,34.0989],[-117.57797,34.09988],[-117.57933,34.09987],[-117.58,34.09889],[-117.57932,34.09792],[-117.57796,34.09792],[-117.57729,34.0989]]],"type":"Polygon"},"properties":{"bbox":{"roads":{"area":6452.9,"pct":15.9},"sidewalks":{"area":182.82,"pct":0.45}},"city":{"roads":{"area":2705.35,"pct":6.66},"sidewalks":{"area":182.82,"pct":0.45}},"id":"hex:2382:17428"},"type":"Feature"},{"geometry":{"coordinates":[[[-117.5773,34.10086],[-117.57799,34.10183],[-117.57934,34.10182],[-117.58001,34.10084],[-117.57933,34.09987],[-117.57797,34.09988],[-117.5773,34.10086]]],"type":"Polygon"},"properties":{"bbox":{"roads":{"area":3630.1,"pct":8.94},"sidewalks":{"area":1063.84,"pct":2.62}},"city_same":1,"id":"hex:2382:17429"},"type":"Feature"},{"geometry":{"coordinates":[[[-117.57732,34.10281],[-117.578,34.10378],[-117.57936,34.10378],[-117.58003,34.1028],[-117.57934,34.10182],[-117.57799,34.10183],[-117.57732,34.10281]]],"type":"Polygon"},"properties":{"bbox":{"roads":{"area":4402.14,"pct":10.84},"sidewalks":{"area":1876.71,"pct":4.62}},"city_same":1,"id":"hex:2382:17430"},"type":"Feature"},{"geometry":{"coordinates":[[[-117.57733,34.10476],[-117.57801,34.10573],[-117.57937,34.10573],[-117.58004,34.10475],[-117.57936,34.10378],[-117.578,34.10378],[-117.57733,34.10476]]],"type":"Polygon"},"properties":{"bbox":{"roads":{"area":3328.65,"pct":8.2},"sidewalks":{"area":111.45,"pct":0.27}},"city_same":1,"id":"hex:2382:17431"},"type":"Feature"},{"geometry":{"coordinates":[[[-117.57734,34.10671],[-117.57803,34.10769],[-117.57938,34.10768],[-117.58005,34.1067],[-117.57937,34.10573],[-117.57801,34.10573],[-117.57734,34.10671]]],"type":"Polygon"},"properties":{"bbox":{"roads":{"area":8894.65,"pct":21.91},"sidewalks":{"area":628.91,"pct":1.55}},"city":{"roads":{"area":2618.8,"pct":6.45},"sidewalks":{"area":628.91,"pct":1.55}},"id":"hex:2382:17432"},"type":"Feature"},{"geometry":{"coordinates":[[[-117.57736,34.10867],[-117.57804,34.10964],[-117.5794,34.10963],[-117.58007,34.10865],[-117.57938,34.10768],[-117.57803,34.10769],[-117.57736,34.10867]]],"type":"Polygon"},"properties":{"bbox":{"roads":{"area":3635.03,"pct":8.95}},"city_same":1,"id":"hex:2382:17433"},"type":"Feature"},{"geometry":{"coordinates":[[[-117.57737,34.11062],[-117.57805,34.11159],[-117.57941,34.11159],[-117.58008,34.11061],[-117.5794,34.10963],[-117.57804,34.10964],[-117.57737,34.11062]]],"type":"Polygon"},"properties":{"bbox":{"parking":{"area":3511.31,"pct":8.65},"roads":{"area":3953.33,"pct":9.74}},"city_same":1,"id":"hex:2382:17434"},"type":"Feature"},{"geometry":{"coordinates":[[[-117.57738,34.11257],[-117.57807,34.11354],[-117.57942,34.11354],[-117.58009,34.11256],[-117.57941,34.11159],[-117.57805,34.11159],[-117.57738,34.11257]]],"type":"Polygon"},"properties":{"bbox":{"parking":{"area":143.94,"pct":0.35},"roads":{"area":4294.18,"pct":10.58}},"city_same":1,"id":"hex:2382:17435"},"type":"Feature"},{"geometry":{"coordinates":[[[-117.5774,34.11452],[-117.57808,34.1155],[-117.57944,34.11549],[-117.58011,34.11451],[-117.57942,34.11354],[-117.57807,34.11354],[-117.5774,34.11452]]],"type":"Polygon"},"properties":{"bbox":{"roads":{"area":4924.38,"pct":12.13}},"city_same":1,"id":"hex:2382:17436"},"type":"Feature"},{"geometry":{"coordinates":[[[-117.57741,34.11648],[-117.57809,34.11745],[-117.57945,34.11744],[-117.58012,34.11646],[-117.57944,34.11549],[-117.57808,34.1155],[-117.57741,34.11648]]],"type":"Polygon"},"properties":{"bbox":{"roads":{"area":2224.05,"pct":5.48}},"city_same":1,"id":"hex:2382:17437"},"type":"Feature"},{"geometry":{"coordinates":[[[-117.57742,34.11843],[-117.57811,34.1194],[-117.57946,34.1194],[-117.58013,34.11842],[-117.57945,34.11744],[-117.57809,34.11745],[-117.57742,34.11843]]],"type":"Polygon"},"properties":{"bbox":{"roads":{"area":1808.27,"pct":4.45}},"city_same":1,"id":"hex:2382:17438"},"type":"Feature"},{"geometry":{"coordinates":[[[-117.57744,34.12038],[-117.57812,34.12135],[-117.57948,34.12135],[-117.58015,34.12037],[-117.57946,34.1194],[-117.57811,34.1194],[-117.57744,34.12038]]],"type":"Polygon"},"properties":{"bbox":{"roads":{"area":2567.91,"pct":6.33}},"city_same":1,"id":"hex:2382:17439"},"type":"Feature"},{"geometry":{"coordinates":[[[-117.57745,34.12233],[-117.57813,34.12331],[-117.57949,34.1233],[-117.58016,34.12232],[-117.57948,34.12135],[-117.57812,34.12135],[-117.57745,34.12233]]],"type":"Polygon"},"properties":{"bbox":{"roads":{"area":4091.77,"pct":10.08},"sidewalks":{"area":191.23,"pct":0.47}},"city_same":1,"id":"hex:2382:17440"},"type":"Feature"},{"geometry":{"coordinates":[[[-117.57746,34.12429],[-117.57815,34.12526],[-117.5795,34.12525],[-117.58017,34.12427],[-117.57949,34.1233],[-117.57813,34.12331],[-117.57746,34.12429]]],"type":"Polygon"},"properties":{"bbox":{"roads":{"area":2829.24,"pct":6.97}},"city_same":1,"id":"hex:2382:17441"},"type":"Feature"},{"geometry":{"coordinates":[[[-117.57748,34.12624],[-117.57816,34.12721],[-117.57952,34.12721],[-117.58019,34.12623],[-117.5795,34.12525],[-117.57815,34.12526],[-117.57748,34.12624]]],"type":"Polygon"},"properties":{"bbox":{"roads":{"area":2298.19,"pct":5.66}},"city_same":1,"id":"hex:2382:17442"},"type":"Feature"},{"geometry":{"coordinates":[[[-117.57749,34.12819],[-117.57817,34.12916],[-117.57953,34.12916],[-117.5802,34.12818],[-117.57952,34.12721],[-117.57816,34.12721],[-117.57749,34.12819]]],"type":"Polygon"},"properties":{"bbox":{"roads":{"area":3026.16,"pct":7.45}},"city_same":1,"id":"hex:2382:17443"},"type":"Feature"},{"geometry":{"coordinates":[[[-117.5775,34.13014],[-117.57819,34.13112],[-117.57954,34.13111],[-117.58021,34.13013],[-117.57953,34.12916],[-117.57817,34.12916],[-117.5775,34.13014]]],"type":"Polygon"},"properties":{"bbox":{"roads":{"area":2356.39,"pct":5.8}},"city_same":1,"id":"hex:2382:17444"},"type":"Feature"},{"geometry":{"coordinates":[[[-117.57752,34.1321],[-117.5782,34.13307],[-117.57956,34.13306],[-117.58023,34.13208],[-117.57954,34.13111],[-117.57819,34.13112],[-117.57752,34.1321]]],"type":"Polygon"},"properties":{"bbox":{"roads":{"area":6201.34,"pct":15.28}},"city":{"roads":{"area":3057.64,"pct":7.53}},"id":"hex:2382:17445"},"type":"Feature"},{"geometry":{"coordinates":[[[-117.57753,34.13405],[-117.57821,34.13502],[-117.57957,34.13502],[-117.58024,34.13404],[-117.57956,34.13306],[-117.5782,34.13307],[-117.57753,34.13405]]],"type":"Polygon"},"properties":{"bbox":{"roads":{"area":3592.81,"pct":8.85}},"city_same":1,"id":"hex:2382:17446"},"type":"Feature"},{"geometry":{"coordinates":[[[-117.57754,34.136],[-117.57823,34.13697],[-117.57958,34.13697],[-117.58025,34.13599],[-117.57957,34.13502],[-117.57821,34.13502],[-117.57754,34.136]]],"type":"Polygon"},"properties":{"bbox":{"roads":{"area":10971.9,"pct":27.03}},"city":{"roads":{"area":1490.18,"pct":3.67}},"id":"hex:2382:17447"},"type":"Feature"},{"geometry":{"coordinates":[[[-117.57756,34.13795],[-117.57824,34.13893],[-117.5796,34.13892],[-117.58027,34.13794],[-117.57958,34.13697],[-117.57823,34.13697],[-117.57756,34.13795]]],"type":"Polygon"},"properties":{"bbox":{"roads":{"area":2364.39,"pct":5.82}},"city_same":1,"id":"hex:2382:17448"},"type":"Feature"},{"geometry":{"coordinates":[[[-117.57757,34.13991],[-117.57825,34.14088],[-117.57961,34.14087],[-117.58028,34.13989],[-117.5796,34.13892],[-117.57824,34.13893],[-117.57757,34.13991]]],"type":"Polygon"},"properties":{"bbox":{"roads":{"area":3996.85,"pct":9.85}},"city_same":1,"id":"hex:2382:17449"},"type":"Feature"},{"geometry":{"coordinates":[[[-117.57758,34.14186],[-117.57827,34.14283],[-117.57962,34.14283],[-117.58029,34.14185],[-117.57961,34.14087],[-117.57825,34.14088],[-117.57758,34.14186]]],"type":"Polygon"},"properties":{"bbox":{"roads":{"area":3188.12,"pct":7.85}},"city_same":1,"id":"hex:2382:17450"},"type":"Feature"},{"geometry":{"coordinates":[[[-117.57761,34.14576],[-117.57829,34.14674],[-117.57965,34.14673],[-117.58032,34.14575],[-117.57964,34.14478],[-117.57828,34.14478],[-117.57761,34.14576]]],"type":"Polygon"},"properties":{"bbox":{"roads":{"area":3200.43,"pct":7.88}},"city_same":1,"id":"hex:2382:17452"},"type":"Feature"},{"geometry":{"coordinates":[[[-117.57762,34.14772],[-117.57831,34.14869],[-117.57966,34.14868],[-117.58033,34.1477],[-117.57965,34.14673],[-117.57829,34.14674],[-117.57762,34.14772]]],"type":"Polygon"},"properties":{"bbox":{"roads":{"area":5015.75,"pct":12.36}},"city_same":1,"id":"hex:2382:17453"},"type":"Feature"},{"geometry":{"coordinates":[[[-117.57764,34.14967],[-117.57832,34.15064],[-117.57968,34.15064],[-117.58035,34.14966],[-117.57966,34.14868],[-117.57831,34.14869],[-117.57764,34.14967]]],"type":"Polygon"},"properties":{"bbox":{"roads":{"area":2785.57,"pct":6.86}},"city":{"roads":{"area":1644.43,"pct":4.05}},"id":"hex:2382:17454"},"type":"Feature"},{"geometry":{"coordinates":[[[-117.57765,34.15162],[-117.57833,34.15259],[-117.57969,34.15259],[-117.58036,34.15161],[-117.57968,34.15064],[-117.57832,34.15064],[-117.57765,34.15162]]],"type":"Polygon"},"properties":{"bbox":{"roads":{"area":2319.4,"pct":5.71}},"city":{"roads":{"area":2306.69,"pct":5.68}},"id":"hex:2382:17455"},"type":"Feature"},{"geometry":{"coordinates":[[[-117.57766,34.15357],[-117.57835,34.15455],[-117.5797,34.15454],[-117.58037,34.15356],[-117.57969,34.15259],[-117.57833,34.15259],[-117.57766,34.15357]]],"type":"Polygon"},"properties":{"bbox":{"roads":{"area":3122.14,"pct":7.69}},"city_same":1,"id":"hex:2382:17456"},"type":"Feature"},{"geometry":{"coordinates":[[[-117.57768,34.15553],[-117.57836,34.1565],[-117.57972,34.15649],[-117.58039,34.15551],[-117.5797,34.15454],[-117.57835,34.15455],[-117.57768,34.15553]]],"type":"Polygon"},"properties":{"bbox":{"roads":{"area":1402.87,"pct":3.46}},"city_same":1,"id":"hex:2382:17457"},"type":"Feature"},{"geometry":{"coordinates":[[[-117.57769,34.15748],[-117.57837,34.15845],[-117.57973,34.15845],[-117.5804,34.15747],[-117.57972,34.15649],[-117.57836,34.1565],[-117.57769,34.15748]]],"type":"Polygon"},"properties":{"bbox":{"roads":{"area":2783.75,"pct":6.86}},"city_same":1,"id":"hex:2382:17458"},"type":"Feature"},{"geometry":{"coordinates":[[[-117.5777,34.15943],[-117.57839,34.1604],[-117.57974,34.1604],[-117.58041,34.15942],[-117.57973,34.15845],[-117.57837,34.15845],[-117.5777,34.15943]]],"type":"Polygon"},"properties":{"bbox":{"roads":{"area":1864.03,"pct":4.59}},"city_same":1,"id":"hex:2382:17459"},"type":"Feature"},{"geometry":{"coordinates":[[[-117.57772,34.16138],[-117.5784,34.16236],[-117.57976,34.16235],[-117.58043,34.16137],[-117.57974,34.1604],[-117.57839,34.1604],[-117.57772,34.16138]]],"type":"Polygon"},"properties":{"bbox":{"roads":{"area":2329.54,"pct":5.74}},"city_same":1,"id":"hex:2382:17460"},"type":"Feature"},{"geometry":{"coordinates":[[[-117.57841,34.16431],[-117.57773,34.16334],[-117.5784,34.16236],[-117.57976,34.16235],[-117.58044,34.16332],[-117.58002,34.16394],[-117.57998,34.16395],[-117.57989,34.16399],[-117.57983,34.16403],[-117.5799,34.16409],[-117.57983,34.16414],[-117.57977,34.16419],[-117.5797,34.16412],[-117.57943,34.1643],[-117.57841,34.16431]]],"type":"Polygon"},"properties":{"bbox":{"roads":{"area":1439.48,"pct":3.6}},"city_same":1,"id":"hex:2382:17461"},"type":"Feature"},{"geometry":{"geometries":[{"coordinates":[[[-117.58038,34.16517],[-117.58037,34.16517],[-117.57996,34.16518],[-117.57991,34.16518],[-117.57974,34.16516],[-117.57922,34.16519],[-117.57917,34.16519],[-117.57924,34.16516],[-117.57941,34.16511],[-117.57956,34.16509],[-117.5796,34.16509],[-117.5798,34.1651],[-117.58033,34.16513],[-117.58035,34.16513],[-117.58038,34.16517]]],"type":"Polygon"},{"coordinates":[[[-117.57841,34.16431],[-117.57943,34.1643],[-117.5794,34.16432],[-117.57905,34.16451],[-117.57867,34.16473],[-117.57837,34.16489],[-117.5783,34.16508],[-117.57851,34.16508],[-117.5788,34.1652],[-117.5778,34.16521],[-117.57841,34.16431]]],"type":"Polygon"},{"coordinates":[[-117.57917,34.16519],[-117.57917,34.16519]],"type":"LineString"},{"coordinates":[[-117.57917,34.16519],[-117.57884,34.1652]],"type":"LineString"},{"coordinates":[[-117.57884,34.1652],[-117.5788,34.1652]],"type":"LineString"}],"type":"GeometryCollection"},"properties":{"bbox":{"roads":{"area":602.51,"pct":9.15}},"city_same":1,"id":"hex:2382:17462"},"type":"Feature"},{"geometry":{"coordinates":[[[-117.57714,34.07743],[-117.57579,34.07743],[-117.57576,34.07739],[-117.57716,34.0774],[-117.57714,34.07743]]],"type":"Polygon"},"properties":{"bbox":{"roads":{"area":364.02,"pct":83.9}},"city_same":1,"id":"hex:2383:17416"},"type":"Feature"},{"geometry":{"coordinates":[[[-117.57512,34.07841],[-117.5758,34.07938],[-117.57716,34.07938],[-117.57783,34.0784],[-117.57714,34.07743],[-117.57579,34.07743],[-117.57512,34.07841]]],"type":"Polygon"},"properties":{"bbox":{"parking":{"area":3631.6,"pct":8.95},"roads":{"area":9075.59,"pct":22.36},"sidewalks":{"area":485.11,"pct":1.2}},"city_same":1,"id":"hex:2383:17417"},"type":"Feature"},{"geometry":{"coordinates":[[[-117.57513,34.08036],[-117.57582,34.08134],[-117.57717,34.08133],[-117.57784,34.08035],[-117.57716,34.07938],[-117.5758,34.07938],[-117.57513,34.08036]]],"type":"Polygon"},"properties":{"bbox":{"roads":{"area":10263.17,"pct":25.28},"sidewalks":{"area":187.76,"pct":0.46}},"city_same":1,"id":"hex:2383:17418"},"type":"Feature"},{"geometry":{"coordinates":[[[-117.57515,34.08232],[-117.57583,34.08329],[-117.57718,34.08328],[-117.57786,34.0823],[-117.57717,34.08133],[-117.57582,34.08134],[-117.57515,34.08232]]],"type":"Polygon"},"properties":{"bbox":{"roads":{"area":7947.11,"pct":19.58}},"city_same":1,"id":"hex:2383:17419"},"type":"Feature"},{"geometry":{"coordinates":[[[-117.57516,34.08427],[-117.57584,34.08524],[-117.5772,34.08524],[-117.57787,34.08426],[-117.57718,34.08328],[-117.57583,34.08329],[-117.57516,34.08427]]],"type":"Polygon"},"properties":{"bbox":{"roads":{"area":12513.41,"pct":30.83},"sidewalks":{"area":145.13,"pct":0.36}},"city":{"roads":{"area":9476.01,"pct":23.34},"sidewalks":{"area":145.13,"pct":0.36}},"id":"hex:2383:17420"},"type":"Feature"},{"geometry":{"coordinates":[[[-117.57517,34.08622],[-117.57586,34.08719],[-117.57721,34.08719],[-117.57788,34.08621],[-117.5772,34.08524],[-117.57584,34.08524],[-117.57517,34.08622]]],"type":"Polygon"},"properties":{"bbox":{"roads":{"area":8904.61,"pct":21.94},"sidewalks":{"area":327.05,"pct":0.81}},"city_same":1,"id":"hex:2383:17421"},"type":"Feature"},{"geometry":{"coordinates":[[[-117.57519,34.08817],[-117.57587,34.08915],[-117.57722,34.08914],[-117.5779,34.08816],[-117.57721,34.08719],[-117.57586,34.08719],[-117.57519,34.08817]]],"type":"Polygon"},"properties":{"bbox":{"roads":{"area":8009.78,"pct":19.73},"sidewalks":{"area":293.55,"pct":0.72}},"city_same":1,"id":"hex:2383:17422"},"type":"Feature"},{"geometry":{"coordinates":[[[-117.5752,34.09013],[-117.57588,34.0911],[-117.57724,34.09109],[-117.57791,34.09011],[-117.57722,34.08914],[-117.57587,34.08915],[-117.5752,34.09013]]],"type":"Polygon"},"properties":{"bbox":{"parking":{"area":79.67,"pct":0.2},"roads":{"area":7320.55,"pct":18.03},"sidewalks":{"area":126.85,"pct":0.31}},"city_same":1,"id":"hex:2383:17423"},"type":"Feature"},{"geometry":{"coordinates":[[[-117.57521,34.09208],[-117.5759,34.09305],[-117.57725,34.09305],[-117.57792,34.09207],[-117.57724,34.09109],[-117.57588,34.0911],[-117.57521,34.09208]]],"type":"Polygon"},"properties":{"bbox":{"roads":{"area":6358.45,"pct":15.66}},"city_same":1,"id":"hex:2383:17424"},"type":"Feature"},{"geometry":{"coordinates":[[[-117.57522,34.09403],[-117.57591,34.095],[-117.57726,34.095],[-117.57793,34.09402],[-117.57725,34.09305],[-117.5759,34.09305],[-117.57522,34.09403]]],"type":"Polygon"},"properties":{"bbox":{"roads":{"area":5881.32,"pct":14.49}},"city_same":1,"id":"hex:2383:17425"},"type":"Feature"},{"geometry":{"coordinates":[[[-117.57524,34.09598],[-117.57592,34.09696],[-117.57728,34.09695],[-117.57795,34.09597],[-117.57726,34.095],[-117.57591,34.095],[-117.57524,34.09598]]],"type":"Polygon"},"properties":{"bbox":{"roads":{"area":9485.29,"pct":23.37}},"city_same":1,"id":"hex:2383:17426"},"type":"Feature"},{"geometry":{"coordinates":[[[-117.57525,34.09794],[-117.57594,34.09891],[-117.57729,34.0989],[-117.57796,34.09792],[-117.57728,34.09695],[-117.57592,34.09696],[-117.57525,34.09794]]],"type":"Polygon"},"properties":{"bbox":{"roads":{"area":5053.16,"pct":12.45}},"city_same":1,"id":"hex:2383:17427"},"type":"Feature"},{"geometry":{"coordinates":[[[-117.57526,34.09989],[-117.57595,34.10086],[-117.5773,34.10086],[-117.57797,34.09988],[-117.57729,34.0989],[-117.57594,34.09891],[-117.57526,34.09989]]],"type":"Polygon"},"properties":{"bbox":{"roads":{"area":9201.88,"pct":22.67},"sidewalks":{"area":320.34,"pct":0.79}},"city":{"roads":{"area":6119.28,"pct":15.07},"sidewalks":{"area":320.34,"pct":0.79}},"id":"hex:2383:17428"},"type":"Feature"},{"geometry":{"coordinates":[[[-117.57528,34.10184],[-117.57596,34.10281],[-117.57732,34.10281],[-117.57799,34.10183],[-117.5773,34.10086],[-117.57595,34.10086],[-117.57528,34.10184]]],"type":"Polygon"},"properties":{"bbox":{"roads":{"area":5799.54,"pct":14.29},"sidewalks":{"area":522.92,"pct":1.29}},"city_same":1,"id":"hex:2383:17429"},"type":"Feature"},{"geometry":{"coordinates":[[[-117.57529,34.10379],[-117.57598,34.10477],[-117.57733,34.10476],[-117.578,34.10378],[-117.57732,34.10281],[-117.57596,34.10281],[-117.57529,34.10379]]],"type":"Polygon"},"properties":{"bbox":{"parking":{"area":605.71,"pct":1.49},"roads":{"area":6672.72,"pct":16.44},"sidewalks":{"area":411.27,"pct":1.01}},"city_same":1,"id":"hex:2383:17430"},"type":"Feature"},{"geometry":{"coordinates":[[[-117.5753,34.10575],[-117.57599,34.10672],[-117.57734,34.10671],[-117.57801,34.10573],[-117.57733,34.10476],[-117.57598,34.10477],[-117.5753,34.10575]]],"type":"Polygon"},"properties":{"bbox":{"parking":{"area":104.59,"pct":0.26},"roads":{"area":13815.28,"pct":34.03},"sidewalks":{"area":569.05,"pct":1.4}},"city":{"parking":{"area":104.59,"pct":0.26},"roads":{"area":9459.75,"pct":23.3},"sidewalks":{"area":569.05,"pct":1.4}},"id":"hex:2383:17431"},"type":"Feature"},{"geometry":{"coordinates":[[[-117.57532,34.1077],[-117.576,34.10867],[-117.57736,34.10867],[-117.57803,34.10769],[-117.57734,34.10671],[-117.57599,34.10672],[-117.57532,34.1077]]],"type":"Polygon"},"properties":{"bbox":{"parking":{"area":817.41,"pct":2.01},"roads":{"area":9242.74,"pct":22.77},"sidewalks":{"area":469.04,"pct":1.16}},"city_same":1,"id":"hex:2383:17432"},"type":"Feature"},{"geometry":{"coordinates":[[[-117.57533,34.10965],[-117.57601,34.11062],[-117.57737,34.11062],[-117.57804,34.10964],[-117.57736,34.10867],[-117.576,34.10867],[-117.57533,34.10965]]],"type":"Polygon"},"properties":{"bbox":{"parking":{"area":804.92,"pct":1.98},"roads":{"area":8998.14,"pct":22.17},"sidewalks":{"area":677.76,"pct":1.67}},"city_same":1,"id":"hex:2383:17433"},"type":"Feature"},{"geometry":{"coordinates":[[[-117.57534,34.1116],[-117.57603,34.11258],[-117.57738,34.11257],[-117.57805,34.11159],[-117.57737,34.11062],[-117.57601,34.11062],[-117.57534,34.1116]]],"type":"Polygon"},"properties":{"bbox":{"parking":{"area":1541.56,"pct":3.8},"roads":{"area":6523.49,"pct":16.07},"sidewalks":{"area":380.2,"pct":0.94}},"city_same":1,"id":"hex:2383:17434"},"type":"Feature"},{"geometry":{"coordinates":[[[-117.57536,34.11356],[-117.57604,34.11453],[-117.5774,34.11452],[-117.57807,34.11354],[-117.57738,34.11257],[-117.57603,34.11258],[-117.57536,34.11356]]],"type":"Polygon"},"properties":{"bbox":{"roads":{"area":9592.46,"pct":23.63},"sidewalks":{"area":214.36,"pct":0.53}},"city":{"roads":{"area":9550.62,"pct":23.53},"sidewalks":{"area":214.36,"pct":0.53}},"id":"hex:2383:17435"},"type":"Feature"},{"geometry":{"coordinates":[[[-117.57537,34.11551],[-117.57605,34.11648],[-117.57741,34.11648],[-117.57808,34.1155],[-117.5774,34.11452],[-117.57604,34.11453],[-117.57537,34.11551]]],"type":"Polygon"},"properties":{"bbox":{"roads":{"area":6576.75,"pct":16.2},"sidewalks":{"area":464.66,"pct":1.14}},"city_same":1,"id":"hex:2383:17436"},"type":"Feature"},{"geometry":{"coordinates":[[[-117.57538,34.11746],[-117.57607,34.11844],[-117.57742,34.11843],[-117.57809,34.11745],[-117.57741,34.11648],[-117.57605,34.11648],[-117.57538,34.11746]]],"type":"Polygon"},"properties":{"bbox":{"roads":{"area":6714.38,"pct":16.54},"sidewalks":{"area":475.95,"pct":1.17}},"city_same":1,"id":"hex:2383:17437"},"type":"Feature"},{"geometry":{"coordinates":[[[-117.5754,34.11941],[-117.57608,34.12039],[-117.57744,34.12038],[-117.57811,34.1194],[-117.57742,34.11843],[-117.57607,34.11844],[-117.5754,34.11941]]],"type":"Polygon"},"properties":{"bbox":{"roads":{"area":5939.94,"pct":14.63},"sidewalks":{"area":471.65,"pct":1.16}},"city_same":1,"id":"hex:2383:17438"},"type":"Feature"},{"geometry":{"coordinates":[[[-117.57541,34.12137],[-117.57609,34.12234],[-117.57745,34.12233],[-117.57812,34.12135],[-117.57744,34.12038],[-117.57608,34.12039],[-117.57541,34.12137]]],"type":"Polygon"},"properties":{"bbox":{"roads":{"area":10373.37,"pct":25.55},"sidewalks":{"area":686,"pct":1.69}},"city_same":1,"id":"hex:2383:17439"},"type":"Feature"},{"geometry":{"coordinates":[[[-117.57542,34.12332],[-117.57611,34.12429],[-117.57746,34.12429],[-117.57813,34.12331],[-117.57745,34.12233],[-117.57609,34.12234],[-117.57542,34.12332]]],"type":"Polygon"},"properties":{"bbox":{"roads":{"area":5758.77,"pct":14.19},"sidewalks":{"area":468.24,"pct":1.15}},"city_same":1,"id":"hex:2383:17440"},"type":"Feature"},{"geometry":{"coordinates":[[[-117.57544,34.12527],[-117.57612,34.12625],[-117.57748,34.12624],[-117.57815,34.12526],[-117.57746,34.12429],[-117.57611,34.12429],[-117.57544,34.12527]]],"type":"Polygon"},"properties":{"bbox":{"roads":{"area":5518.13,"pct":13.59},"sidewalks":{"area":456.07,"pct":1.12}},"city_same":1,"id":"hex:2383:17441"},"type":"Feature"},{"geometry":{"coordinates":[[[-117.57545,34.12722],[-117.57613,34.1282],[-117.57749,34.12819],[-117.57816,34.12721],[-117.57748,34.12624],[-117.57612,34.12625],[-117.57545,34.12722]]],"type":"Polygon"},"properties":{"bbox":{"roads":{"area":5471.15,"pct":13.48},"sidewalks":{"area":432.9,"pct":1.07}},"city_same":1,"id":"hex:2383:17442"},"type":"Feature"},{"geometry":{"coordinates":[[[-117.57546,34.12918],[-117.57615,34.13015],[-117.5775,34.13014],[-117.57817,34.12916],[-117.57749,34.12819],[-117.57613,34.1282],[-117.57546,34.12918]]],"type":"Polygon"},"properties":{"bbox":{"roads":{"area":6186.17,"pct":15.24},"sidewalks":{"area":24.01,"pct":0.06}},"city_same":1,"id":"hex:2383:17443"},"type":"Feature"},{"geometry":{"coordinates":[[[-117.57548,34.13113],[-117.57616,34.1321],[-117.57752,34.1321],[-117.57819,34.13112],[-117.5775,34.13014],[-117.57615,34.13015],[-117.57548,34.13113]]],"type":"Polygon"},"properties":{"bbox":{"roads":{"area":5849.83,"pct":14.41}},"city_same":1,"id":"hex:2383:17444"},"type":"Feature"},{"geometry":{"coordinates":[[[-117.57549,34.13308],[-117.57617,34.13406],[-117.57753,34.13405],[-117.5782,34.13307],[-117.57752,34.1321],[-117.57616,34.1321],[-117.57549,34.13308]]],"type":"Polygon"},"properties":{"bbox":{"roads":{"area":8247.91,"pct":20.32}},"city":{"roads":{"area":5720.76,"pct":14.09}},"id":"hex:2383:17445"},"type":"Feature"},{"geometry":{"coordinates":[[[-117.5755,34.13503],[-117.57619,34.13601],[-117.57754,34.136],[-117.57821,34.13502],[-117.57753,34.13405],[-117.57617,34.13406],[-117.5755,34.13503]]],"type":"Polygon"},"properties":{"bbox":{"roads":{"area":8588.9,"pct":21.16}},"city":{"roads":{"area":4786.92,"pct":11.79}},"id":"hex:2383:17446"},"type":"Feature"},{"geometry":{"coordinates":[[[-117.57552,34.13699],[-117.5762,34.13796],[-117.57756,34.13795],[-117.57823,34.13697],[-117.57754,34.136],[-117.57619,34.13601],[-117.57552,34.13699]]],"type":"Polygon"},"properties":{"bbox":{"roads":{"area":9669.54,"pct":23.82}},"city":{"roads":{"area":4323.26,"pct":10.65}},"id":"hex:2383:17447"},"type":"Feature"},{"geometry":{"coordinates":[[[-117.57553,34.13894],[-117.57621,34.13991],[-117.57757,34.13991],[-117.57824,34.13893],[-117.57756,34.13795],[-117.5762,34.13796],[-117.57553,34.13894]]],"type":"Polygon"},"properties":{"bbox":{"roads":{"area":8006.27,"pct":19.72}},"city":{"roads":{"area":5509.21,"pct":13.57}},"id":"hex:2383:17448"},"type":"Feature"},{"geometry":{"coordinates":[[[-117.57554,34.14089],[-117.57623,34.14187],[-117.57758,34.14186],[-117.57825,34.14088],[-117.57757,34.13991],[-117.57621,34.13991],[-117.57554,34.14089]]],"type":"Polygon"},"properties":{"bbox":{"roads":{"area":5124.51,"pct":12.62}},"city":{"roads":{"area":2866.21,"pct":7.06}},"id":"hex:2383:17449"},"type":"Feature"},{"geometry":{"coordinates":[[[-117.57556,34.14284],[-117.57623,34.14187],[-117.57758,34.14186],[-117.57827,34.14283],[-117.5778,34.14352],[-117.57647,34.14352],[-117.57633,34.14353],[-117.57626,34.14356],[-117.5762,34.14363],[-117.57619,34.14374],[-117.57556,34.14284]]],"type":"Polygon"},"properties":{"bbox":{"parking":{"area":2322.24,"pct":6.42},"roads":{"area":5105.41,"pct":14.13}},"city":{"parking":{"area":2322.24,"pct":6.42},"roads":{"area":2837.06,"pct":7.85}},"id":"hex:2383:17450"},"type":"Feature"},{"geometry":{"coordinates":[[[-117.57828,34.14478],[-117.57761,34.14576],[-117.57625,34.14577],[-117.57557,34.1448],[-117.57617,34.14392],[-117.57616,34.14407],[-117.57613,34.14452],[-117.57612,34.14474],[-117.5775,34.14469],[-117.57772,34.14451],[-117.57793,34.14429],[-117.57828,34.14478]]],"type":"Polygon"},"properties":{"bbox":{"roads":{"area":2402.48,"pct":9.27}},"city":{"roads":{"area":547.35,"pct":2.11}},"id":"hex:2383:17451"},"type":"Feature"},{"geometry":{"coordinates":[[[-117.57558,34.14675],[-117.57627,34.14772],[-117.57762,34.14772],[-117.57829,34.14674],[-117.57761,34.14576],[-117.57625,34.14577],[-117.57558,34.14675]]],"type":"Polygon"},"properties":{"bbox":{"roads":{"area":4958.13,"pct":12.21}},"city":{"roads":{"area":3376.96,"pct":8.32}},"id":"hex:2383:17452"},"type":"Feature"},{"geometry":{"coordinates":[[[-117.5756,34.1487],[-117.57628,34.14968],[-117.57764,34.14967],[-117.57831,34.14869],[-117.57762,34.14772],[-117.57627,34.14772],[-117.5756,34.1487]]],"type":"Polygon"},"properties":{"bbox":{"roads":{"area":3923.2,"pct":9.66}},"city":{"roads":{"area":2726.32,"pct":6.72}},"id":"hex:2383:17453"},"type":"Feature"},{"geometry":{"coordinates":[[[-117.57561,34.15065],[-117.57629,34.15163],[-117.57765,34.15162],[-117.57832,34.15064],[-117.57764,34.14967],[-117.57628,34.14968],[-117.57561,34.15065]]],"type":"Polygon"},"properties":{"bbox":{"roads":{"area":5259.34,"pct":12.96}},"city":{"roads":{"area":2249.64,"pct":5.54}},"id":"hex:2383:17454"},"type":"Feature"},{"geometry":{"coordinates":[[[-117.57562,34.15261],[-117.57631,34.15358],[-117.57766,34.15357],[-117.57833,34.15259],[-117.57765,34.15162],[-117.57629,34.15163],[-117.57562,34.15261]]],"type":"Polygon"},"properties":{"bbox":{"roads":{"area":2282.77,"pct":5.62}},"city_same":1,"id":"hex:2383:17455"},"type":"Feature"},{"geometry":{"coordinates":[[[-117.57563,34.15456],[-117.57632,34.15553],[-117.57768,34.15553],[-117.57835,34.15455],[-117.57766,34.15357],[-117.57631,34.15358],[-117.57563,34.15456]]],"type":"Polygon"},"properties":{"bbox":{"roads":{"area":3238.79,"pct":7.98}},"city_same":1,"id":"hex:2383:17456"},"type":"Feature"},{"geometry":{"coordinates":[[[-117.57565,34.15651],[-117.57633,34.15749],[-117.57769,34.15748],[-117.57836,34.1565],[-117.57768,34.15553],[-117.57632,34.15553],[-117.57565,34.15651]]],"type":"Polygon"},"properties":{"bbox":{"roads":{"area":2222.95,"pct":5.48}},"city_same":1,"id":"hex:2383:17457"},"type":"Feature"},{"geometry":{"coordinates":[[[-117.57566,34.15846],[-117.57635,34.15944],[-117.5777,34.15943],[-117.57837,34.15845],[-117.57769,34.15748],[-117.57633,34.15749],[-117.57566,34.15846]]],"type":"Polygon"},"properties":{"bbox":{"roads":{"area":2160.5,"pct":5.32}},"city_same":1,"id":"hex:2383:17458"},"type":"Feature"},{"geometry":{"coordinates":[[[-117.57567,34.16042],[-117.57636,34.16139],[-117.57772,34.16138],[-117.57839,34.1604],[-117.5777,34.15943],[-117.57635,34.15944],[-117.57567,34.16042]]],"type":"Polygon"},"properties":{"bbox":{"roads":{"area":1791.73,"pct":4.41}},"city_same":1,"id":"hex:2383:17459"},"type":"Feature"},{"geometry":{"coordinates":[[[-117.57569,34.16237],[-117.57637,34.16334],[-117.57773,34.16334],[-117.5784,34.16236],[-117.57772,34.16138],[-117.57636,34.16139],[-117.57569,34.16237]]],"type":"Polygon"},"properties":{"bbox":{"roads":{"area":2833.47,"pct":6.98}},"city_same":1,"id":"hex:2383:17460"},"type":"Feature"},{"geometry":{"coordinates":[[[-117.5757,34.16432],[-117.57637,34.16334],[-117.57773,34.16334],[-117.57841,34.16431],[-117.5778,34.16521],[-117.57771,34.16521],[-117.57724,34.16521],[-117.57633,34.16521],[-117.5757,34.16432]]],"type":"Polygon"},"properties":{"bbox":{"roads":{"area":615.3,"pct":1.56}},"city_same":1,"id":"hex:2383:17461"},"type":"Feature"},{"geometry":{"coordinates":[[[-117.57579,34.07743],[-117.57512,34.07841],[-117.57376,34.07842],[-117.57308,34.07744],[-117.57313,34.07738],[-117.57573,34.07739],[-117.57576,34.07739],[-117.57579,34.07743]]],"type":"Polygon"},"properties":{"bbox":{"roads":{"area":3688.26,"pct":16.93},"sidewalks":{"area":80.62,"pct":0.37}},"city_same":1,"id":"hex:2384:17417"},"type":"Feature"},{"geometry":{"coordinates":[[[-117.57309,34.0794],[-117.57378,34.08037],[-117.57513,34.08036],[-117.5758,34.07938],[-117.57512,34.07841],[-117.57376,34.07842],[-117.57309,34.0794]]],"type":"Polygon"},"properties":{"bbox":{"roads":{"area":1098.31,"pct":2.71}},"city_same":1,"id":"hex:2384:17418"},"type":"Feature"},{"geometry":{"coordinates":[[[-117.57311,34.08135],[-117.57379,34.08232],[-117.57515,34.08232],[-117.57582,34.08134],[-117.57513,34.08036],[-117.57378,34.08037],[-117.57311,34.08135]]],"type":"Polygon"},"properties":{"bbox":{"roads":{"area":6421.44,"pct":15.82}},"city_same":1,"id":"hex:2384:17419"},"type":"Feature"},{"geometry":{"coordinates":[[[-117.57312,34.0833],[-117.5738,34.08428],[-117.57516,34.08427],[-117.57583,34.08329],[-117.57515,34.08232],[-117.57379,34.08232],[-117.57312,34.0833]]],"type":"Polygon"},"properties":{"bbox":{"roads":{"area":4232.21,"pct":10.43}},"city_same":1,"id":"hex:2384:17420"},"type":"Feature"},{"geometry":{"coordinates":[[[-117.57313,34.08525],[-117.57382,34.08623],[-117.57517,34.08622],[-117.57584,34.08524],[-117.57516,34.08427],[-117.5738,34.08428],[-117.57313,34.08525]]],"type":"Polygon"},"properties":{"bbox":{"roads":{"area":7224.51,"pct":17.8},"sidewalks":{"area":234.05,"pct":0.58}},"city":{"roads":{"area":4198.51,"pct":10.34},"sidewalks":{"area":234.05,"pct":0.58}},"id":"hex:2384:17421"},"type":"Feature"},{"geometry":{"coordinates":[[[-117.57315,34.08721],[-117.57383,34.08818],[-117.57519,34.08817],[-117.57586,34.08719],[-117.57517,34.08622],[-117.57382,34.08623],[-117.57315,34.08721]]],"type":"Polygon"},"properties":{"bbox":{"roads":{"area":2494.41,"pct":6.14}},"city_same":1,"id":"hex:2384:17422"},"type":"Feature"},{"geometry":{"coordinates":[[[-117.57316,34.08916],[-117.57384,34.09013],[-117.5752,34.09013],[-117.57587,34.08915],[-117.57519,34.08817],[-117.57383,34.08818],[-117.57316,34.08916]]],"type":"Polygon"},"properties":{"bbox":{"parking":{"area":9642.48,"pct":23.75},"roads":{"area":6087.44,"pct":15}},"city_same":1,"id":"hex:2384:17423"},"type":"Feature"},{"geometry":{"coordinates":[[[-117.57317,34.09111],[-117.57386,34.09209],[-117.57521,34.09208],[-117.57588,34.0911],[-117.5752,34.09013],[-117.57384,34.09013],[-117.57317,34.09111]]],"type":"Polygon"},"properties":{"bbox":{"roads":{"area":4649.25,"pct":11.45}},"city_same":1,"id":"hex:2384:17424"},"type":"Feature"},{"geometry":{"coordinates":[[[-117.57319,34.09306],[-117.57387,34.09404],[-117.57522,34.09403],[-117.5759,34.09305],[-117.57521,34.09208],[-117.57386,34.09209],[-117.57319,34.09306]]],"type":"Polygon"},"properties":{"bbox":{"roads":{"area":4698.26,"pct":11.57}},"city_same":1,"id":"hex:2384:17425"},"type":"Feature"},{"geometry":{"coordinates":[[[-117.5732,34.09502],[-117.57388,34.09599],[-117.57524,34.09598],[-117.57591,34.095],[-117.57522,34.09403],[-117.57387,34.09404],[-117.5732,34.09502]]],"type":"Polygon"},"properties":{"bbox":{"roads":{"area":8015.43,"pct":19.74}},"city_same":1,"id":"hex:2384:17426"},"type":"Feature"},{"geometry":{"coordinates":[[[-117.57321,34.09697],[-117.5739,34.09794],[-117.57525,34.09794],[-117.57592,34.09696],[-117.57524,34.09598],[-117.57388,34.09599],[-117.57321,34.09697]]],"type":"Polygon"},"properties":{"bbox":{"roads":{"area":5526.71,"pct":13.61}},"city_same":1,"id":"hex:2384:17427"},"type":"Feature"},{"geometry":{"coordinates":[[[-117.57323,34.09892],[-117.57391,34.0999],[-117.57526,34.09989],[-117.57594,34.09891],[-117.57525,34.09794],[-117.5739,34.09794],[-117.57323,34.09892]]],"type":"Polygon"},"properties":{"bbox":{"roads":{"area":8320.8,"pct":20.5}},"city":{"roads":{"area":4431.47,"pct":10.92}},"id":"hex:2384:17428"},"type":"Feature"},{"geometry":{"coordinates":[[[-117.57324,34.10088],[-117.57392,34.10185],[-117.57528,34.10184],[-117.57595,34.10086],[-117.57526,34.09989],[-117.57391,34.0999],[-117.57324,34.10088]]],"type":"Polygon"},"properties":{"bbox":{"roads":{"area":6477.98,"pct":15.96}},"city_same":1,"id":"hex:2384:17429"},"type":"Feature"},{"geometry":{"coordinates":[[[-117.57325,34.10283],[-117.57394,34.1038],[-117.57529,34.10379],[-117.57596,34.10281],[-117.57528,34.10184],[-117.57392,34.10185],[-117.57325,34.10283]]],"type":"Polygon"},"properties":{"bbox":{"parking":{"area":5391.65,"pct":13.28},"roads":{"area":8583.1,"pct":21.14},"sidewalks":{"area":45,"pct":0.11}},"city_same":1,"id":"hex:2384:17430"},"type":"Feature"},{"geometry":{"coordinates":[[[-117.57326,34.10478],[-117.57395,34.10575],[-117.5753,34.10575],[-117.57598,34.10477],[-117.57529,34.10379],[-117.57394,34.1038],[-117.57326,34.10478]]],"type":"Polygon"},"properties":{"bbox":{"parking":{"area":17628.12,"pct":43.42},"roads":{"area":5818.13,"pct":14.33},"sidewalks":{"area":151,"pct":0.37}},"city_same":1,"id":"hex:2384:17431"},"type":"Feature"},{"geometry":{"coordinates":[[[-117.57328,34.10673],[-117.57396,34.10771],[-117.57532,34.1077],[-117.57599,34.10672],[-117.5753,34.10575],[-117.57395,34.10575],[-117.57328,34.10673]]],"type":"Polygon"},"properties":{"bbox":{"parking":{"area":15780.3,"pct":38.87},"roads":{"area":11003.22,"pct":27.1},"sidewalks":{"area":1275.96,"pct":3.14}},"city":{"parking":{"area":15780.3,"pct":38.87},"roads":{"area":5566.85,"pct":13.71},"sidewalks":{"area":1275.96,"pct":3.14}},"id":"hex:2384:17432"},"type":"Feature"},{"geometry":{"coordinates":[[[-117.57329,34.10869],[-117.57398,34.10966],[-117.57533,34.10965],[-117.576,34.10867],[-117.57532,34.1077],[-117.57396,34.10771],[-117.57329,34.10869]]],"type":"Polygon"},"properties":{"bbox":{"parking":{"area":10673.37,"pct":26.29},"roads":{"area":4495.79,"pct":11.07},"sidewalks":{"area":273.36,"pct":0.67}},"city_same":1,"id":"hex:2384:17433"},"type":"Feature"},{"geometry":{"coordinates":[[[-117.5733,34.11064],[-117.57399,34.11161],[-117.57534,34.1116],[-117.57601,34.11062],[-117.57533,34.10965],[-117.57398,34.10966],[-117.5733,34.11064]]],"type":"Polygon"},"properties":{"bbox":{"parking":{"area":2151.33,"pct":5.3},"roads":{"area":9135.71,"pct":22.5},"sidewalks":{"area":746.49,"pct":1.84}},"city_same":1,"id":"hex:2384:17434"},"type":"Feature"},{"geometry":{"coordinates":[[[-117.57332,34.11259],[-117.574,34.11356],[-117.57536,34.11356],[-117.57603,34.11258],[-117.57534,34.1116],[-117.57399,34.11161],[-117.57332,34.11259]]],"type":"Polygon"},"properties":{"bbox":{"roads":{"area":4061.98,"pct":10.01},"sidewalks":{"area":196.45,"pct":0.48}},"city_same":1,"id":"hex:2384:17435"},"type":"Feature"},{"geometry":{"coordinates":[[[-117.57333,34.11454],[-117.57401,34.11552],[-117.57537,34.11551],[-117.57604,34.11453],[-117.57536,34.11356],[-117.574,34.11356],[-117.57333,34.11454]]],"type":"Polygon"},"properties":{"bbox":{"roads":{"area":6690.28,"pct":16.48},"sidewalks":{"area":680.67,"pct":1.68}},"city":{"roads":{"area":3641.09,"pct":8.97},"sidewalks":{"area":680.67,"pct":1.68}},"id":"hex:2384:17436"},"type":"Feature"},{"geometry":{"coordinates":[[[-117.57334,34.1165],[-117.57403,34.11747],[-117.57538,34.11746],[-117.57605,34.11648],[-117.57537,34.11551],[-117.57401,34.11552],[-117.57334,34.1165]]],"type":"Polygon"},"properties":{"bbox":{"roads":{"area":3654.95,"pct":9},"sidewalks":{"area":163.32,"pct":0.4}},"city_same":1,"id":"hex:2384:17437"},"type":"Feature"},{"geometry":{"coordinates":[[[-117.57336,34.11845],[-117.57404,34.11942],[-117.5754,34.11941],[-117.57607,34.11844],[-117.57538,34.11746],[-117.57403,34.11747],[-117.57336,34.11845]]],"type":"Polygon"},"properties":{"bbox":{"roads":{"area":3611.19,"pct":8.9},"sidewalks":{"area":181.7,"pct":0.45}},"city_same":1,"id":"hex:2384:17438"},"type":"Feature"},{"geometry":{"coordinates":[[[-117.57337,34.1204],[-117.57405,34.12137],[-117.57541,34.12137],[-117.57608,34.12039],[-117.5754,34.11941],[-117.57404,34.11942],[-117.57337,34.1204]]],"type":"Polygon"},"properties":{"bbox":{"roads":{"area":5595.44,"pct":13.78},"sidewalks":{"area":395.92,"pct":0.98}},"city_same":1,"id":"hex:2384:17439"},"type":"Feature"},{"geometry":{"coordinates":[[[-117.57338,34.12235],[-117.57407,34.12333],[-117.57542,34.12332],[-117.57609,34.12234],[-117.57541,34.12137],[-117.57405,34.12137],[-117.57338,34.12235]]],"type":"Polygon"},"properties":{"bbox":{"roads":{"area":11020.02,"pct":27.15},"sidewalks":{"area":481.37,"pct":1.19}},"city_same":1,"id":"hex:2384:17440"},"type":"Feature"},{"geometry":{"coordinates":[[[-117.5734,34.12431],[-117.57408,34.12528],[-117.57544,34.12527],[-117.57611,34.12429],[-117.57542,34.12332],[-117.57407,34.12333],[-117.5734,34.12431]]],"type":"Polygon"},"properties":{"bbox":{"roads":{"area":6017.24,"pct":14.82},"sidewalks":{"area":269.37,"pct":0.66}},"city_same":1,"id":"hex:2384:17441"},"type":"Feature"},{"geometry":{"coordinates":[[[-117.57341,34.12626],[-117.57409,34.12723],[-117.57545,34.12722],[-117.57612,34.12625],[-117.57544,34.12527],[-117.57408,34.12528],[-117.57341,34.12626]]],"type":"Polygon"},"properties":{"bbox":{"roads":{"area":3571.08,"pct":8.8},"sidewalks":{"area":202.17,"pct":0.5}},"city_same":1,"id":"hex:2384:17442"},"type":"Feature"},{"geometry":{"coordinates":[[[-117.57342,34.12821],[-117.57411,34.12918],[-117.57546,34.12918],[-117.57613,34.1282],[-117.57545,34.12722],[-117.57409,34.12723],[-117.57342,34.12821]]],"type":"Polygon"},"properties":{"bbox":{"roads":{"area":5450.79,"pct":13.43},"sidewalks":{"area":133.44,"pct":0.33}},"city_same":1,"id":"hex:2384:17443"},"type":"Feature"},{"geometry":{"coordinates":[[[-117.57344,34.13016],[-117.57412,34.13114],[-117.57548,34.13113],[-117.57615,34.13015],[-117.57546,34.12918],[-117.57411,34.12918],[-117.57344,34.13016]]],"type":"Polygon"},"properties":{"bbox":{"roads":{"area":4507.67,"pct":11.1}},"city_same":1,"id":"hex:2384:17444"},"type":"Feature"},{"geometry":{"coordinates":[[[-117.57345,34.13212],[-117.57413,34.13309],[-117.57549,34.13308],[-117.57616,34.1321],[-117.57548,34.13113],[-117.57412,34.13114],[-117.57345,34.13212]]],"type":"Polygon"},"properties":{"bbox":{"roads":{"area":7759.38,"pct":19.11},"sidewalks":{"area":284.21,"pct":0.7}},"city":{"roads":{"area":7752.01,"pct":19.1},"sidewalks":{"area":284.21,"pct":0.7}},"id":"hex:2384:17445"},"type":"Feature"},{"geometry":{"coordinates":[[[-117.57346,34.13407],[-117.57415,34.13504],[-117.5755,34.13503],[-117.57617,34.13406],[-117.57549,34.13308],[-117.57413,34.13309],[-117.57346,34.13407]]],"type":"Polygon"},"properties":{"bbox":{"roads":{"area":5192.49,"pct":12.79}},"city_same":1,"id":"hex:2384:17446"},"type":"Feature"},{"geometry":{"coordinates":[[[-117.57348,34.13602],[-117.57416,34.13699],[-117.57552,34.13699],[-117.57619,34.13601],[-117.5755,34.13503],[-117.57415,34.13504],[-117.57348,34.13602]]],"type":"Polygon"},"properties":{"bbox":{"parking":{"area":748.54,"pct":1.84},"roads":{"area":12189.74,"pct":30.03}},"city":{"parking":{"area":748.54,"pct":1.84},"roads":{"area":3047.6,"pct":7.51}},"id":"hex:2384:17447"},"type":"Feature"},{"geometry":{"coordinates":[[[-117.57349,34.13797],[-117.57417,34.13895],[-117.57553,34.13894],[-117.5762,34.13796],[-117.57552,34.13699],[-117.57416,34.13699],[-117.57349,34.13797]]],"type":"Polygon"},"properties":{"bbox":{"parking":{"area":14941.59,"pct":36.81},"roads":{"area":7762.9,"pct":19.12}},"city":{"parking":{"area":14941.59,"pct":36.81},"roads":{"area":5310.39,"pct":13.08}},"id":"hex:2384:17448"},"type":"Feature"},{"geometry":{"coordinates":[[[-117.5735,34.13993],[-117.57419,34.1409],[-117.57554,34.14089],[-117.57621,34.13991],[-117.57553,34.13894],[-117.57417,34.13895],[-117.5735,34.13993]]],"type":"Polygon"},"properties":{"bbox":{"parking":{"area":3173.32,"pct":7.82},"roads":{"area":6915.79,"pct":17.04}},"city":{"parking":{"area":3173.32,"pct":7.82},"roads":{"area":4349.2,"pct":10.71}},"id":"hex:2384:17449"},"type":"Feature"},{"geometry":{"coordinates":[[[-117.57352,34.14188],[-117.5742,34.14285],[-117.57556,34.14284],[-117.57623,34.14187],[-117.57554,34.14089],[-117.57419,34.1409],[-117.57352,34.14188]]],"type":"Polygon"},"properties":{"bbox":{"roads":{"area":6788.3,"pct":16.72}},"city":{"roads":{"area":2492.15,"pct":6.14}},"id":"hex:2384:17450"},"type":"Feature"},{"geometry":{"coordinates":[[[-117.57557,34.1448],[-117.57421,34.1448],[-117.57353,34.14383],[-117.5742,34.14285],[-117.57556,34.14284],[-117.57619,34.14374],[-117.57619,34.14375],[-117.57617,34.14392],[-117.57557,34.1448]]],"type":"Polygon"},"properties":{"bbox":{"roads":{"area":3603.07,"pct":8.89}},"city":{"roads":{"area":767.28,"pct":1.89}},"id":"hex:2384:17451"},"type":"Feature"},{"geometry":{"coordinates":[[[-117.57354,34.14578],[-117.57423,34.14676],[-117.57558,34.14675],[-117.57625,34.14577],[-117.57557,34.1448],[-117.57421,34.1448],[-117.57354,34.14578]]],"type":"Polygon"},"properties":{"bbox":{"parking":{"area":3031.39,"pct":7.47},"roads":{"area":5991.29,"pct":14.76},"sidewalks":{"area":300.14,"pct":0.74}},"city":{"parking":{"area":3031.39,"pct":7.47},"roads":{"area":2755.82,"pct":6.79},"sidewalks":{"area":300.14,"pct":0.74}},"id":"hex:2384:17452"},"type":"Feature"},{"geometry":{"coordinates":[[[-117.57355,34.14774],[-117.57424,34.14871],[-117.5756,34.1487],[-117.57627,34.14772],[-117.57558,34.14675],[-117.57423,34.14676],[-117.57355,34.14774]]],"type":"Polygon"},"properties":{"bbox":{"parking":{"area":4162.69,"pct":10.25},"roads":{"area":5923.24,"pct":14.59}},"city":{"parking":{"area":4162.69,"pct":10.25},"roads":{"area":2448.6,"pct":6.03}},"id":"hex:2384:17453"},"type":"Feature"},{"geometry":{"coordinates":[[[-117.57357,34.14969],[-117.57425,34.15066],[-117.57561,34.15065],[-117.57628,34.14968],[-117.5756,34.1487],[-117.57424,34.14871],[-117.57357,34.14969]]],"type":"Polygon"},"properties":{"bbox":{"parking":{"area":4685.63,"pct":11.54},"roads":{"area":7533.57,"pct":18.56},"sidewalks":{"area":178.96,"pct":0.44}},"city":{"parking":{"area":4685.63,"pct":11.54},"roads":{"area":1923.98,"pct":4.74},"sidewalks":{"area":178.96,"pct":0.44}},"id":"hex:2384:17454"},"type":"Feature"},{"geometry":{"coordinates":[[[-117.57358,34.15164],[-117.57427,34.15261],[-117.57562,34.15261],[-117.57629,34.15163],[-117.57561,34.15065],[-117.57425,34.15066],[-117.57358,34.15164]]],"type":"Polygon"},"properties":{"bbox":{"roads":{"area":3654.12,"pct":9}},"city_same":1,"id":"hex:2384:17455"},"type":"Feature"},{"geometry":{"coordinates":[[[-117.57359,34.15359],[-117.57428,34.15457],[-117.57563,34.15456],[-117.57631,34.15358],[-117.57562,34.15261],[-117.57427,34.15261],[-117.57359,34.15359]]],"type":"Polygon"},"properties":{"bbox":{"roads":{"area":4997.17,"pct":12.31}},"city_same":1,"id":"hex:2384:17456"},"type":"Feature"},{"geometry":{"coordinates":[[[-117.57361,34.15555],[-117.57429,34.15652],[-117.57565,34.15651],[-117.57632,34.15553],[-117.57563,34.15456],[-117.57428,34.15457],[-117.57361,34.15555]]],"type":"Polygon"},"properties":{"bbox":{"roads":{"area":3391.4,"pct":8.35}},"city_same":1,"id":"hex:2384:17457"},"type":"Feature"},{"geometry":{"coordinates":[[[-117.57362,34.1575],[-117.57431,34.15847],[-117.57566,34.15846],[-117.57633,34.15749],[-117.57565,34.15651],[-117.57429,34.15652],[-117.57362,34.1575]]],"type":"Polygon"},"properties":{"bbox":{"roads":{"area":4433.52,"pct":10.92}},"city_same":1,"id":"hex:2384:17458"},"type":"Feature"},{"geometry":{"coordinates":[[[-117.57363,34.15945],[-117.57432,34.16042],[-117.57567,34.16042],[-117.57635,34.15944],[-117.57566,34.15846],[-117.57431,34.15847],[-117.57363,34.15945]]],"type":"Polygon"},"properties":{"bbox":{"roads":{"area":4238.73,"pct":10.44}},"city_same":1,"id":"hex:2384:17459"},"type":"Feature"},{"geometry":{"coordinates":[[[-117.57365,34.1614],[-117.57433,34.16238],[-117.57569,34.16237],[-117.57636,34.16139],[-117.57567,34.16042],[-117.57432,34.16042],[-117.57365,34.1614]]],"type":"Polygon"},"properties":{"bbox":{"roads":{"area":3667.43,"pct":9.03}},"city_same":1,"id":"hex:2384:17460"},"type":"Feature"},{"geometry":{"coordinates":[[[-117.57366,34.16336],[-117.57435,34.16433],[-117.5757,34.16432],[-117.57637,34.16334],[-117.57569,34.16237],[-117.57433,34.16238],[-117.57366,34.16336]]],"type":"Polygon"},"properties":{"bbox":{"roads":{"area":4529.44,"pct":11.16}},"city_same":1,"id":"hex:2384:17461"},"type":"Feature"},{"geometry":{"coordinates":[[[-117.57436,34.16628],[-117.57367,34.16531],[-117.57435,34.16433],[-117.5757,34.16432],[-117.57633,34.16521],[-117.57548,34.16521],[-117.57549,34.16628],[-117.57436,34.16628]]],"type":"Polygon"},"properties":{"bbox":{"roads":{"area":2303.25,"pct":6.74}},"city_same":1,"id":"hex:2384:17462"},"type":"Feature"},{"geometry":{"coordinates":[[[-117.57437,34.16823],[-117.57369,34.16726],[-117.57436,34.16628],[-117.57549,34.16628],[-117.57549,34.16823],[-117.57437,34.16823]]],"type":"Polygon"},"properties":{"bbox":{"roads":{"area":207.32,"pct":0.71}},"city_same":1,"id":"hex:2384:17463"},"type":"Feature"},{"geometry":{"coordinates":[[[-117.5744,34.17214],[-117.57371,34.17117],[-117.57438,34.17019],[-117.5755,34.17018],[-117.57551,34.17213],[-117.5744,34.17214]]],"type":"Polygon"},"properties":{"bbox":{"roads":{"area":349.55,"pct":1.21}},"city_same":1,"id":"hex:2384:17465"},"type":"Feature"},{"geometry":{"coordinates":[[[-117.57441,34.17409],[-117.57373,34.17312],[-117.5744,34.17214],[-117.57551,34.17213],[-117.57552,34.17409],[-117.57441,34.17409]]],"type":"Polygon"},"properties":{"bbox":{"roads":{"area":893.21,"pct":3.09}},"city_same":1,"id":"hex:2384:17466"},"type":"Feature"},{"geometry":{"coordinates":[[[-117.57308,34.07744],[-117.57173,34.07745],[-117.57167,34.07737],[-117.57313,34.07738],[-117.57308,34.07744]]],"type":"Polygon"},"properties":{"bbox":{"roads":{"area":755.41,"pct":67.47}},"city_same":1,"id":"hex:2385:17416"},"type":"Feature"},{"geometry":{"coordinates":[[[-117.57105,34.07843],[-117.57174,34.0794],[-117.57309,34.0794],[-117.57376,34.07842],[-117.57308,34.07744],[-117.57173,34.07745],[-117.57105,34.07843]]],"type":"Polygon"},"properties":{"bbox":{"roads":{"area":4311.82,"pct":10.62},"sidewalks":{"area":200.16,"pct":0.49}},"city_same":1,"id":"hex:2385:17417"},"type":"Feature"},{"geometry":{"coordinates":[[[-117.57107,34.08038],[-117.57175,34.08136],[-117.57311,34.08135],[-117.57378,34.08037],[-117.57309,34.0794],[-117.57174,34.0794],[-117.57107,34.08038]]],"type":"Polygon"},"properties":{"bbox":{"parking":{"area":908.61,"pct":2.24},"roads":{"area":5403.32,"pct":13.31}},"city_same":1,"id":"hex:2385:17418"},"type":"Feature"},{"geometry":{"coordinates":[[[-117.57108,34.08234],[-117.57177,34.08331],[-117.57312,34.0833],[-117.57379,34.08232],[-117.57311,34.08135],[-117.57175,34.08136],[-117.57108,34.08234]]],"type":"Polygon"},"properties":{"bbox":{"parking":{"area":504.77,"pct":1.24},"roads":{"area":3311.07,"pct":8.16},"sidewalks":{"area":155.73,"pct":0.38}},"city_same":1,"id":"hex:2385:17419"},"type":"Feature"},{"geometry":{"coordinates":[[[-117.57109,34.08429],[-117.57178,34.08526],[-117.57313,34.08525],[-117.5738,34.08428],[-117.57312,34.0833],[-117.57177,34.08331],[-117.57109,34.08429]]],"type":"Polygon"},"properties":{"bbox":{"parking":{"area":468.25,"pct":1.15},"roads":{"area":5348.11,"pct":13.17},"sidewalks":{"area":432.59,"pct":1.07}},"city":{"parking":{"area":468.25,"pct":1.15},"roads":{"area":1836.09,"pct":4.52},"sidewalks":{"area":432.59,"pct":1.07}},"id":"hex:2385:17420"},"type":"Feature"},{"geometry":{"coordinates":[[[-117.57111,34.08624],[-117.57179,34.08721],[-117.57315,34.08721],[-117.57382,34.08623],[-117.57313,34.08525],[-117.57178,34.08526],[-117.57111,34.08624]]],"type":"Polygon"},"properties":{"bbox":{"roads":{"area":2710.62,"pct":6.68}},"city_same":1,"id":"hex:2385:17421"},"type":"Feature"},{"geometry":{"coordinates":[[[-117.57112,34.08819],[-117.5718,34.08917],[-117.57316,34.08916],[-117.57383,34.08818],[-117.57315,34.08721],[-117.57179,34.08721],[-117.57112,34.08819]]],"type":"Polygon"},"properties":{"bbox":{"roads":{"area":4715.9,"pct":11.62}},"city_same":1,"id":"hex:2385:17422"},"type":"Feature"},{"geometry":{"coordinates":[[[-117.57113,34.09015],[-117.57182,34.09112],[-117.57317,34.09111],[-117.57384,34.09013],[-117.57316,34.08916],[-117.5718,34.08917],[-117.57113,34.09015]]],"type":"Polygon"},"properties":{"bbox":{"roads":{"area":4661.98,"pct":11.48}},"city_same":1,"id":"hex:2385:17423"},"type":"Feature"},{"geometry":{"coordinates":[[[-117.57115,34.0921],[-117.57183,34.09307],[-117.57319,34.09306],[-117.57386,34.09209],[-117.57317,34.09111],[-117.57182,34.09112],[-117.57115,34.0921]]],"type":"Polygon"},"properties":{"bbox":{"roads":{"area":2240.77,"pct":5.52}},"city_same":1,"id":"hex:2385:17424"},"type":"Feature"},{"geometry":{"coordinates":[[[-117.57116,34.09405],[-117.57184,34.09502],[-117.5732,34.09502],[-117.57387,34.09404],[-117.57319,34.09306],[-117.57183,34.09307],[-117.57116,34.09405]]],"type":"Polygon"},"properties":{"bbox":{"roads":{"area":6918.48,"pct":17.04}},"city_same":1,"id":"hex:2385:17425"},"type":"Feature"},{"geometry":{"coordinates":[[[-117.57117,34.096],[-117.57186,34.09698],[-117.57321,34.09697],[-117.57388,34.09599],[-117.5732,34.09502],[-117.57184,34.09502],[-117.57117,34.096]]],"type":"Polygon"},"properties":{"bbox":{"roads":{"area":4685.37,"pct":11.54}},"city_same":1,"id":"hex:2385:17426"},"type":"Feature"},{"geometry":{"coordinates":[[[-117.57119,34.09796],[-117.57187,34.09893],[-117.57323,34.09892],[-117.5739,34.09794],[-117.57321,34.09697],[-117.57186,34.09698],[-117.57119,34.09796]]],"type":"Polygon"},"properties":{"bbox":{"parking":{"area":131.28,"pct":0.32},"roads":{"area":3980.28,"pct":9.8}},"city_same":1,"id":"hex:2385:17427"},"type":"Feature"},{"geometry":{"coordinates":[[[-117.5712,34.09991],[-117.57188,34.10088],[-117.57324,34.10088],[-117.57391,34.0999],[-117.57323,34.09892],[-117.57187,34.09893],[-117.5712,34.09991]]],"type":"Polygon"},"properties":{"bbox":{"roads":{"area":6934.96,"pct":17.08}},"city":{"roads":{"area":4127.83,"pct":10.17}},"id":"hex:2385:17428"},"type":"Feature"},{"geometry":{"coordinates":[[[-117.57121,34.10186],[-117.5719,34.10283],[-117.57325,34.10283],[-117.57392,34.10185],[-117.57324,34.10088],[-117.57188,34.10088],[-117.57121,34.10186]]],"type":"Polygon"},"properties":{"bbox":{"parking":{"area":5756.6,"pct":14.18},"roads":{"area":8561.01,"pct":21.09}},"city_same":1,"id":"hex:2385:17429"},"type":"Feature"},{"geometry":{"coordinates":[[[-117.57123,34.10381],[-117.57191,34.10479],[-117.57326,34.10478],[-117.57394,34.1038],[-117.57325,34.10283],[-117.5719,34.10283],[-117.57123,34.10381]]],"type":"Polygon"},"properties":{"bbox":{"parking":{"area":22894.85,"pct":56.4},"roads":{"area":7160.19,"pct":17.64}},"city_same":1,"id":"hex:2385:17430"},"type":"Feature"},{"geometry":{"coordinates":[[[-117.57124,34.10577],[-117.57192,34.10674],[-117.57328,34.10673],[-117.57395,34.10575],[-117.57326,34.10478],[-117.57191,34.10479],[-117.57124,34.10577]]],"type":"Polygon"},"properties":{"bbox":{"parking":{"area":15687.27,"pct":38.64},"roads":{"area":8406.13,"pct":20.71},"sidewalks":{"area":567.38,"pct":1.4}},"city":{"parking":{"area":15687.27,"pct":38.64},"roads":{"area":4584.85,"pct":11.29},"sidewalks":{"area":567.38,"pct":1.4}},"id":"hex:2385:17431"},"type":"Feature"},{"geometry":{"coordinates":[[[-117.57125,34.10772],[-117.57194,34.10869],[-117.57329,34.10869],[-117.57396,34.10771],[-117.57328,34.10673],[-117.57192,34.10674],[-117.57125,34.10772]]],"type":"Polygon"},"properties":{"bbox":{"parking":{"area":23897.09,"pct":58.87},"roads":{"area":6744.75,"pct":16.61},"sidewalks":{"area":392,"pct":0.97}},"city_same":1,"id":"hex:2385:17432"},"type":"Feature"},{"geometry":{"coordinates":[[[-117.57126,34.10967],[-117.57195,34.11064],[-117.5733,34.11064],[-117.57398,34.10966],[-117.57329,34.10869],[-117.57194,34.10869],[-117.57126,34.10967]]],"type":"Polygon"},"properties":{"bbox":{"parking":{"area":18257.7,"pct":44.98},"roads":{"area":5674.64,"pct":13.98}},"city_same":1,"id":"hex:2385:17433"},"type":"Feature"},{"geometry":{"coordinates":[[[-117.57128,34.11162],[-117.57196,34.1126],[-117.57332,34.11259],[-117.57399,34.11161],[-117.5733,34.11064],[-117.57195,34.11064],[-117.57128,34.11162]]],"type":"Polygon"},"properties":{"bbox":{"parking":{"area":2501.42,"pct":6.16},"roads":{"area":7850.61,"pct":19.34},"sidewalks":{"area":662.82,"pct":1.63}},"city_same":1,"id":"hex:2385:17434"},"type":"Feature"},{"geometry":{"coordinates":[[[-117.57129,34.11358],[-117.57198,34.11455],[-117.57333,34.11454],[-117.574,34.11356],[-117.57332,34.11259],[-117.57196,34.1126],[-117.57129,34.11358]]],"type":"Polygon"},"properties":{"bbox":{"roads":{"area":7977.32,"pct":19.65},"sidewalks":{"area":898.26,"pct":2.21}},"city":{"roads":{"area":4657.07,"pct":11.47},"sidewalks":{"area":898.26,"pct":2.21}},"id":"hex:2385:17435"},"type":"Feature"},{"geometry":{"coordinates":[[[-117.5713,34.11553],[-117.57199,34.1165],[-117.57334,34.1165],[-117.57401,34.11552],[-117.57333,34.11454],[-117.57198,34.11455],[-117.5713,34.11553]]],"type":"Polygon"},"properties":{"bbox":{"roads":{"area":4409.63,"pct":10.86},"sidewalks":{"area":237.66,"pct":0.59}},"city_same":1,"id":"hex:2385:17436"},"type":"Feature"},{"geometry":{"coordinates":[[[-117.57132,34.11748],[-117.572,34.11845],[-117.57336,34.11845],[-117.57403,34.11747],[-117.57334,34.1165],[-117.57199,34.1165],[-117.57132,34.11748]]],"type":"Polygon"},"properties":{"bbox":{"roads":{"area":3118.72,"pct":7.68}},"city_same":1,"id":"hex:2385:17437"},"type":"Feature"},{"geometry":{"coordinates":[[[-117.57133,34.11943],[-117.57201,34.12041],[-117.57337,34.1204],[-117.57404,34.11942],[-117.57336,34.11845],[-117.572,34.11845],[-117.57133,34.11943]]],"type":"Polygon"},"properties":{"bbox":{"roads":{"area":2510.94,"pct":6.19}},"city_same":1,"id":"hex:2385:17438"},"type":"Feature"},{"geometry":{"coordinates":[[[-117.57134,34.12139],[-117.57203,34.12236],[-117.57338,34.12235],[-117.57405,34.12137],[-117.57337,34.1204],[-117.57201,34.12041],[-117.57134,34.12139]]],"type":"Polygon"},"properties":{"bbox":{"roads":{"area":9225.53,"pct":22.73},"sidewalks":{"area":607.67,"pct":1.5}},"city_same":1,"id":"hex:2385:17439"},"type":"Feature"},{"geometry":{"coordinates":[[[-117.57136,34.12334],[-117.57204,34.12431],[-117.5734,34.12431],[-117.57407,34.12333],[-117.57338,34.12235],[-117.57203,34.12236],[-117.57136,34.12334]]],"type":"Polygon"},"properties":{"bbox":{"roads":{"area":3884.12,"pct":9.57}},"city_same":1,"id":"hex:2385:17440"},"type":"Feature"},{"geometry":{"coordinates":[[[-117.57137,34.12529],[-117.57205,34.12626],[-117.57341,34.12626],[-117.57408,34.12528],[-117.5734,34.12431],[-117.57204,34.12431],[-117.57137,34.12529]]],"type":"Polygon"},"properties":{"bbox":{"roads":{"area":2596.08,"pct":6.4}},"city_same":1,"id":"hex:2385:17441"},"type":"Feature"},{"geometry":{"coordinates":[[[-117.57138,34.12724],[-117.57207,34.12822],[-117.57342,34.12821],[-117.57409,34.12723],[-117.57341,34.12626],[-117.57205,34.12626],[-117.57138,34.12724]]],"type":"Polygon"},"properties":{"bbox":{"roads":{"area":3324.47,"pct":8.19}},"city_same":1,"id":"hex:2385:17442"},"type":"Feature"},{"geometry":{"coordinates":[[[-117.5714,34.1292],[-117.57208,34.13017],[-117.57344,34.13016],[-117.57411,34.12918],[-117.57342,34.12821],[-117.57207,34.12822],[-117.5714,34.1292]]],"type":"Polygon"},"properties":{"bbox":{"roads":{"area":3466.28,"pct":8.54}},"city_same":1,"id":"hex:2385:17443"},"type":"Feature"},{"geometry":{"coordinates":[[[-117.57141,34.13115],[-117.57209,34.13212],[-117.57345,34.13212],[-117.57412,34.13114],[-117.57344,34.13016],[-117.57208,34.13017],[-117.57141,34.13115]]],"type":"Polygon"},"properties":{"bbox":{"roads":{"area":2736.24,"pct":6.74}},"city_same":1,"id":"hex:2385:17444"},"type":"Feature"},{"geometry":{"coordinates":[[[-117.57142,34.1331],[-117.57211,34.13407],[-117.57346,34.13407],[-117.57413,34.13309],[-117.57345,34.13212],[-117.57209,34.13212],[-117.57142,34.1331]]],"type":"Polygon"},"properties":{"bbox":{"roads":{"area":5524.91,"pct":13.61},"sidewalks":{"area":261.86,"pct":0.65}},"city_same":1,"id":"hex:2385:17445"},"type":"Feature"},{"geometry":{"coordinates":[[[-117.57144,34.13505],[-117.57212,34.13603],[-117.57348,34.13602],[-117.57415,34.13504],[-117.57346,34.13407],[-117.57211,34.13407],[-117.57144,34.13505]]],"type":"Polygon"},"properties":{"bbox":{"roads":{"area":3224.3,"pct":7.94}},"city":{"roads":{"area":2167.1,"pct":5.34}},"id":"hex:2385:17446"},"type":"Feature"},{"geometry":{"coordinates":[[[-117.57145,34.13701],[-117.57213,34.13798],[-117.57349,34.13797],[-117.57416,34.13699],[-117.57348,34.13602],[-117.57212,34.13603],[-117.57145,34.13701]]],"type":"Polygon"},"properties":{"bbox":{"parking":{"area":1935.19,"pct":4.77},"roads":{"area":7851.37,"pct":19.34}},"city":{"parking":{"area":1935.19,"pct":4.77},"roads":{"area":2409.46,"pct":5.94}},"id":"hex:2385:17447"},"type":"Feature"},{"geometry":{"coordinates":[[[-117.57146,34.13896],[-117.57215,34.13993],[-117.5735,34.13993],[-117.57417,34.13895],[-117.57349,34.13797],[-117.57213,34.13798],[-117.57146,34.13896]]],"type":"Polygon"},"properties":{"bbox":{"roads":{"area":4219.11,"pct":10.39}},"city_same":1,"id":"hex:2385:17448"},"type":"Feature"},{"geometry":{"coordinates":[[[-117.57147,34.14091],[-117.57216,34.14188],[-117.57352,34.14188],[-117.57419,34.1409],[-117.5735,34.13993],[-117.57215,34.13993],[-117.57147,34.14091]]],"type":"Polygon"},"properties":{"bbox":{"roads":{"area":2484.05,"pct":6.12}},"city_same":1,"id":"hex:2385:17449"},"type":"Feature"},{"geometry":{"coordinates":[[[-117.57149,34.14286],[-117.57217,34.14384],[-117.57353,34.14383],[-117.5742,34.14285],[-117.57352,34.14188],[-117.57216,34.14188],[-117.57149,34.14286]]],"type":"Polygon"},"properties":{"bbox":{"roads":{"area":5116.65,"pct":12.6}},"city":{"roads":{"area":2707.18,"pct":6.67}},"id":"hex:2385:17450"},"type":"Feature"},{"geometry":{"coordinates":[[[-117.57217,34.14384],[-117.57353,34.14383],[-117.57421,34.1448],[-117.57354,34.14578],[-117.57219,34.14579],[-117.5715,34.14482],[-117.57182,34.14434],[-117.57216,34.14435],[-117.57261,34.14439],[-117.57323,34.1444],[-117.57332,34.14446],[-117.57337,34.14447],[-117.57331,34.14439],[-117.57321,34.14432],[-117.57287,34.14423],[-117.57189,34.14425],[-117.57217,34.14384]]],"type":"Polygon"},"properties":{"bbox":{"parking":{"area":8276.37,"pct":21.35},"roads":{"area":3886.32,"pct":10.03},"sidewalks":{"area":400.93,"pct":1.03}},"city_same":1,"id":"hex:2385:17451"},"type":"Feature"},{"geometry":{"coordinates":[[[-117.57151,34.14677],[-117.5722,34.14774],[-117.57355,34.14774],[-117.57423,34.14676],[-117.57354,34.14578],[-117.57219,34.14579],[-117.57151,34.14677]]],"type":"Polygon"},"properties":{"bbox":{"parking":{"area":6515.76,"pct":16.05},"roads":{"area":3320.63,"pct":8.18},"sidewalks":{"area":560.03,"pct":1.38}},"city_same":1,"id":"hex:2385:17452"},"type":"Feature"},{"geometry":{"coordinates":[[[-117.57153,34.14872],[-117.57221,34.14969],[-117.57357,34.14969],[-117.57424,34.14871],[-117.57355,34.14774],[-117.5722,34.14774],[-117.57153,34.14872]]],"type":"Polygon"},"properties":{"bbox":{"parking":{"area":3368.88,"pct":8.3},"roads":{"area":2598.93,"pct":6.4},"sidewalks":{"area":13.19,"pct":0.03}},"city_same":1,"id":"hex:2385:17453"},"type":"Feature"},{"geometry":{"coordinates":[[[-117.57154,34.15067],[-117.57223,34.15165],[-117.57358,34.15164],[-117.57425,34.15066],[-117.57357,34.14969],[-117.57221,34.14969],[-117.57154,34.15067]]],"type":"Polygon"},"properties":{"bbox":{"parking":{"area":9032.3,"pct":22.25},"roads":{"area":5058.9,"pct":12.46}},"city":{"parking":{"area":9032.3,"pct":22.25},"roads":{"area":2978.35,"pct":7.34}},"id":"hex:2385:17454"},"type":"Feature"},{"geometry":{"coordinates":[[[-117.57155,34.15263],[-117.57224,34.1536],[-117.57359,34.15359],[-117.57427,34.15261],[-117.57358,34.15164],[-117.57223,34.15165],[-117.57155,34.15263]]],"type":"Polygon"},"properties":{"bbox":{"roads":{"area":2215.23,"pct":5.46}},"city_same":1,"id":"hex:2385:17455"},"type":"Feature"},{"geometry":{"coordinates":[[[-117.57157,34.15458],[-117.57225,34.15555],[-117.57361,34.15555],[-117.57428,34.15457],[-117.57359,34.15359],[-117.57224,34.1536],[-117.57157,34.15458]]],"type":"Polygon"},"properties":{"bbox":{"roads":{"area":2588.04,"pct":6.38}},"city_same":1,"id":"hex:2385:17456"},"type":"Feature"},{"geometry":{"coordinates":[[[-117.57158,34.15653],[-117.57226,34.1575],[-117.57362,34.1575],[-117.57429,34.15652],[-117.57361,34.15555],[-117.57225,34.15555],[-117.57158,34.15653]]],"type":"Polygon"},"properties":{"bbox":{"roads":{"area":2842.84,"pct":7}},"city_same":1,"id":"hex:2385:17457"},"type":"Feature"},{"geometry":{"coordinates":[[[-117.57159,34.15848],[-117.57228,34.15946],[-117.57363,34.15945],[-117.57431,34.15847],[-117.57362,34.1575],[-117.57226,34.1575],[-117.57159,34.15848]]],"type":"Polygon"},"properties":{"bbox":{"roads":{"area":2926.69,"pct":7.21}},"city_same":1,"id":"hex:2385:17458"},"type":"Feature"},{"geometry":{"coordinates":[[[-117.57161,34.16044],[-117.57229,34.16141],[-117.57365,34.1614],[-117.57432,34.16042],[-117.57363,34.15945],[-117.57228,34.15946],[-117.57161,34.16044]]],"type":"Polygon"},"properties":{"bbox":{"roads":{"area":1591.37,"pct":3.92}},"city_same":1,"id":"hex:2385:17459"},"type":"Feature"},{"geometry":{"coordinates":[[[-117.57162,34.16239],[-117.5723,34.16336],[-117.57366,34.16336],[-117.57433,34.16238],[-117.57365,34.1614],[-117.57229,34.16141],[-117.57162,34.16239]]],"type":"Polygon"},"properties":{"bbox":{"roads":{"area":2546.37,"pct":6.27}},"city_same":1,"id":"hex:2385:17460"},"type":"Feature"},{"geometry":{"coordinates":[[[-117.57163,34.16434],[-117.57232,34.16531],[-117.57367,34.16531],[-117.57435,34.16433],[-117.57366,34.16336],[-117.5723,34.16336],[-117.57163,34.16434]]],"type":"Polygon"},"properties":{"bbox":{"roads":{"area":2296.96,"pct":5.66}},"city_same":1,"id":"hex:2385:17461"},"type":"Feature"},{"geometry":{"coordinates":[[[-117.57169,34.17215],[-117.57237,34.17312],[-117.57373,34.17312],[-117.5744,34.17214],[-117.57371,34.17117],[-117.57236,34.17117],[-117.57169,34.17215]]],"type":"Polygon"},"properties":{"bbox":{"roads":{"area":283.05,"pct":0.7}},"city_same":1,"id":"hex:2385:17465"},"type":"Feature"},{"geometry":{"coordinates":[[[-117.5717,34.1741],[-117.57237,34.17312],[-117.57373,34.17312],[-117.57441,34.17409],[-117.57374,34.17507],[-117.57293,34.17507],[-117.57295,34.175],[-117.57268,34.17483],[-117.57201,34.17455],[-117.5717,34.1741]]],"type":"Polygon"},"properties":{"bbox":{"roads":{"area":1675,"pct":4.35}},"city_same":1,"id":"hex:2385:17466"},"type":"Feature"},{"geometry":{"coordinates":[[[-117.57374,34.17507],[-117.57442,34.17604],[-117.57375,34.17702],[-117.5724,34.17703],[-117.57171,34.17606],[-117.57189,34.1758],[-117.57217,34.17587],[-117.57251,34.17584],[-117.57272,34.17572],[-117.57287,34.17531],[-117.57293,34.17507],[-117.57374,34.17507]]],"type":"Polygon"},"properties":{"bbox":{"roads":{"area":706.01,"pct":2}},"city_same":1,"id":"hex:2385:17467"},"type":"Feature"},{"geometry":{"coordinates":[[[-117.57172,34.17801],[-117.57241,34.17898],[-117.57377,34.17898],[-117.57444,34.178],[-117.57375,34.17702],[-117.5724,34.17703],[-117.57172,34.17801]]],"type":"Polygon"},"properties":{"bbox":{"roads":{"area":297.01,"pct":0.73}},"city_same":1,"id":"hex:2385:17468"},"type":"Feature"},{"geometry":{"coordinates":[[[-117.57173,34.07745],[-117.57105,34.07843],[-117.5697,34.07844],[-117.56902,34.07746],[-117.5691,34.07735],[-117.57167,34.07737],[-117.57173,34.07745]]],"type":"Polygon"},"properties":{"bbox":{"parking":{"area":13.48,"pct":0.06},"roads":{"area":4196.63,"pct":18.23},"sidewalks":{"area":30.63,"pct":0.13}},"city_same":1,"id":"hex:2386:17417"},"type":"Feature"},{"geometry":{"coordinates":[[[-117.56903,34.07942],[-117.56971,34.08039],[-117.57107,34.08038],[-117.57174,34.0794],[-117.57105,34.07843],[-117.5697,34.07844],[-117.56903,34.07942]]],"type":"Polygon"},"properties":{"bbox":{"parking":{"area":7378.33,"pct":18.18},"roads":{"area":3189.69,"pct":7.86}},"city_same":1,"id":"hex:2386:17418"},"type":"Feature"},{"geometry":{"coordinates":[[[-117.56904,34.08137],[-117.56973,34.08234],[-117.57108,34.08234],[-117.57175,34.08136],[-117.57107,34.08038],[-117.56971,34.08039],[-117.56904,34.08137]]],"type":"Polygon"},"properties":{"bbox":{"parking":{"area":20724.74,"pct":51.05},"roads":{"area":5525.46,"pct":13.61}},"city_same":1,"id":"hex:2386:17419"},"type":"Feature"},{"geometry":{"coordinates":[[[-117.56906,34.08332],[-117.56974,34.08429],[-117.57109,34.08429],[-117.57177,34.08331],[-117.57108,34.08234],[-117.56973,34.08234],[-117.56906,34.08332]]],"type":"Polygon"},"properties":{"bbox":{"parking":{"area":24690.58,"pct":60.82},"roads":{"area":7013.45,"pct":17.28},"sidewalks":{"area":85.56,"pct":0.21}},"city_same":1,"id":"hex:2386:17420"},"type":"Feature"},{"geometry":{"coordinates":[[[-117.56907,34.08527],[-117.56975,34.08625],[-117.57111,34.08624],[-117.57178,34.08526],[-117.57109,34.08429],[-117.56974,34.08429],[-117.56907,34.08527]]],"type":"Polygon"},"properties":{"bbox":{"parking":{"area":1288.18,"pct":3.17},"roads":{"area":6798.25,"pct":16.75}},"city":{"parking":{"area":1288.18,"pct":3.17},"roads":{"area":4111.13,"pct":10.13}},"id":"hex:2386:17421"},"type":"Feature"},{"geometry":{"coordinates":[[[-117.56908,34.08723],[-117.56977,34.0882],[-117.57112,34.08819],[-117.57179,34.08721],[-117.57111,34.08624],[-117.56975,34.08625],[-117.56908,34.08723]]],"type":"Polygon"},"properties":{"bbox":{"roads":{"area":3007.87,"pct":7.41}},"city_same":1,"id":"hex:2386:17422"},"type":"Feature"},{"geometry":{"coordinates":[[[-117.56909,34.08918],[-117.56978,34.09015],[-117.57113,34.09015],[-117.5718,34.08917],[-117.57112,34.08819],[-117.56977,34.0882],[-117.56909,34.08918]]],"type":"Polygon"},"properties":{"bbox":{"roads":{"area":3688.95,"pct":9.09}},"city_same":1,"id":"hex:2386:17423"},"type":"Feature"},{"geometry":{"coordinates":[[[-117.56911,34.09113],[-117.56979,34.0921],[-117.57115,34.0921],[-117.57182,34.09112],[-117.57113,34.09015],[-117.56978,34.09015],[-117.56911,34.09113]]],"type":"Polygon"},"properties":{"bbox":{"roads":{"area":334.75,"pct":0.82}},"city_same":1,"id":"hex:2386:17424"},"type":"Feature"},{"geometry":{"coordinates":[[[-117.56912,34.09308],[-117.5698,34.09406],[-117.57116,34.09405],[-117.57183,34.09307],[-117.57115,34.0921],[-117.56979,34.0921],[-117.56912,34.09308]]],"type":"Polygon"},"properties":{"bbox":{"roads":{"area":1114.49,"pct":2.75}},"city_same":1,"id":"hex:2386:17425"},"type":"Feature"},{"geometry":{"coordinates":[[[-117.56913,34.09504],[-117.56982,34.09601],[-117.57117,34.096],[-117.57184,34.09502],[-117.57116,34.09405],[-117.5698,34.09406],[-117.56913,34.09504]]],"type":"Polygon"},"properties":{"bbox":{"roads":{"area":7876.24,"pct":19.4}},"city_same":1,"id":"hex:2386:17426"},"type":"Feature"},{"geometry":{"coordinates":[[[-117.56915,34.09699],[-117.56983,34.09796],[-117.57119,34.09796],[-117.57186,34.09698],[-117.57117,34.096],[-117.56982,34.09601],[-117.56915,34.09699]]],"type":"Polygon"},"properties":{"bbox":{"roads":{"area":4478.13,"pct":11.03}},"city_same":1,"id":"hex:2386:17427"},"type":"Feature"},{"geometry":{"coordinates":[[[-117.56916,34.09894],[-117.56984,34.09991],[-117.5712,34.09991],[-117.57187,34.09893],[-117.57119,34.09796],[-117.56983,34.09796],[-117.56916,34.09894]]],"type":"Polygon"},"properties":{"bbox":{"parking":{"area":1592.8,"pct":3.92},"roads":{"area":8625.21,"pct":21.25},"sidewalks":{"area":56.54,"pct":0.14}},"city":{"parking":{"area":1592.8,"pct":3.92},"roads":{"area":4680.74,"pct":11.53},"sidewalks":{"area":56.54,"pct":0.14}},"id":"hex:2386:17428"},"type":"Feature"},{"geometry":{"coordinates":[[[-117.56917,34.10089],[-117.56986,34.10187],[-117.57121,34.10186],[-117.57188,34.10088],[-117.5712,34.09991],[-117.56984,34.09991],[-117.56917,34.10089]]],"type":"Polygon"},"properties":{"bbox":{"roads":{"area":7987.86,"pct":19.68}},"city_same":1,"id":"hex:2386:17429"},"type":"Feature"},{"geometry":{"coordinates":[[[-117.56919,34.10285],[-117.56987,34.10382],[-117.57123,34.10381],[-117.5719,34.10283],[-117.57121,34.10186],[-117.56986,34.10187],[-117.56919,34.10285]]],"type":"Polygon"},"properties":{"bbox":{"parking":{"area":444.43,"pct":1.09},"roads":{"area":7831.99,"pct":19.29}},"city_same":1,"id":"hex:2386:17430"},"type":"Feature"},{"geometry":{"coordinates":[[[-117.5692,34.1048],[-117.56988,34.10577],[-117.57124,34.10577],[-117.57191,34.10479],[-117.57123,34.10381],[-117.56987,34.10382],[-117.5692,34.1048]]],"type":"Polygon"},"properties":{"bbox":{"parking":{"area":6472.18,"pct":15.94},"roads":{"area":8869.94,"pct":21.85},"sidewalks":{"area":219.17,"pct":0.54}},"city_same":1,"id":"hex:2386:17431"},"type":"Feature"},{"geometry":{"coordinates":[[[-117.56921,34.10675],[-117.5699,34.10772],[-117.57125,34.10772],[-117.57192,34.10674],[-117.57124,34.10577],[-117.56988,34.10577],[-117.56921,34.10675]]],"type":"Polygon"},"properties":{"bbox":{"parking":{"area":12741.34,"pct":31.39},"roads":{"area":12269.46,"pct":30.22},"sidewalks":{"area":665.78,"pct":1.64}},"city":{"parking":{"area":12741.34,"pct":31.39},"roads":{"area":6779.02,"pct":16.7},"sidewalks":{"area":665.78,"pct":1.64}},"id":"hex:2386:17432"},"type":"Feature"},{"geometry":{"coordinates":[[[-117.56923,34.1087],[-117.56991,34.10968],[-117.57126,34.10967],[-117.57194,34.10869],[-117.57125,34.10772],[-117.5699,34.10772],[-117.56923,34.1087]]],"type":"Polygon"},"properties":{"bbox":{"parking":{"area":14892.06,"pct":36.68},"roads":{"area":6744.21,"pct":16.61},"sidewalks":{"area":14.38,"pct":0.04}},"city_same":1,"id":"hex:2386:17433"},"type":"Feature"},{"geometry":{"coordinates":[[[-117.56924,34.11066],[-117.56992,34.11163],[-117.57128,34.11162],[-117.57195,34.11064],[-117.57126,34.10967],[-117.56991,34.10968],[-117.56924,34.11066]]],"type":"Polygon"},"properties":{"bbox":{"parking":{"area":3931.58,"pct":9.68},"roads":{"area":8040.15,"pct":19.81},"sidewalks":{"area":1111.06,"pct":2.74}},"city":{"parking":{"area":3931.58,"pct":9.68},"roads":{"area":7574.75,"pct":18.66},"sidewalks":{"area":1111.06,"pct":2.74}},"id":"hex:2386:17434"},"type":"Feature"},{"geometry":{"coordinates":[[[-117.56925,34.11261],[-117.56994,34.11358],[-117.57129,34.11358],[-117.57196,34.1126],[-117.57128,34.11162],[-117.56992,34.11163],[-117.56925,34.11261]]],"type":"Polygon"},"properties":{"bbox":{"roads":{"area":7159.36,"pct":17.64},"sidewalks":{"area":648.84,"pct":1.6}},"city":{"roads":{"area":3626.94,"pct":8.93},"sidewalks":{"area":648.84,"pct":1.6}},"id":"hex:2386:17435"},"type":"Feature"},{"geometry":{"coordinates":[[[-117.56926,34.11456],[-117.56995,34.11553],[-117.5713,34.11553],[-117.57198,34.11455],[-117.57129,34.11358],[-117.56994,34.11358],[-117.56926,34.11456]]],"type":"Polygon"},"properties":{"bbox":{"roads":{"area":3136.16,"pct":7.73}},"city_same":1,"id":"hex:2386:17436"},"type":"Feature"},{"geometry":{"coordinates":[[[-117.56928,34.11651],[-117.56996,34.11749],[-117.57132,34.11748],[-117.57199,34.1165],[-117.5713,34.11553],[-117.56995,34.11553],[-117.56928,34.11651]]],"type":"Polygon"},"properties":{"bbox":{"roads":{"area":5711.1,"pct":14.07},"sidewalks":{"area":659.74,"pct":1.63}},"city_same":1,"id":"hex:2386:17437"},"type":"Feature"},{"geometry":{"coordinates":[[[-117.56929,34.11847],[-117.56998,34.11944],[-117.57133,34.11943],[-117.572,34.11845],[-117.57132,34.11748],[-117.56996,34.11749],[-117.56929,34.11847]]],"type":"Polygon"},"properties":{"bbox":{"roads":{"area":3158.2,"pct":7.78}},"city_same":1,"id":"hex:2386:17438"},"type":"Feature"},{"geometry":{"coordinates":[[[-117.5693,34.12042],[-117.56999,34.12139],[-117.57134,34.12139],[-117.57201,34.12041],[-117.57133,34.11943],[-117.56998,34.11944],[-117.5693,34.12042]]],"type":"Polygon"},"properties":{"bbox":{"roads":{"area":2918.46,"pct":7.19},"sidewalks":{"area":205.32,"pct":0.51}},"city_same":1,"id":"hex:2386:17439"},"type":"Feature"},{"geometry":{"coordinates":[[[-117.56932,34.12237],[-117.57,34.12334],[-117.57136,34.12334],[-117.57203,34.12236],[-117.57134,34.12139],[-117.56999,34.12139],[-117.56932,34.12237]]],"type":"Polygon"},"properties":{"bbox":{"roads":{"area":3912.67,"pct":9.64},"sidewalks":{"area":85.72,"pct":0.21}},"city_same":1,"id":"hex:2386:17440"},"type":"Feature"},{"geometry":{"coordinates":[[[-117.56933,34.12432],[-117.57001,34.1253],[-117.57137,34.12529],[-117.57204,34.12431],[-117.57136,34.12334],[-117.57,34.12334],[-117.56933,34.12432]]],"type":"Polygon"},"properties":{"bbox":{"roads":{"area":3378.68,"pct":8.32}},"city_same":1,"id":"hex:2386:17441"},"type":"Feature"},{"geometry":{"coordinates":[[[-117.56934,34.12628],[-117.57003,34.12725],[-117.57138,34.12724],[-117.57205,34.12626],[-117.57137,34.12529],[-117.57001,34.1253],[-117.56934,34.12628]]],"type":"Polygon"},"properties":{"bbox":{"roads":{"area":2926.87,"pct":7.21}},"city_same":1,"id":"hex:2386:17442"},"type":"Feature"},{"geometry":{"coordinates":[[[-117.56936,34.12823],[-117.57004,34.1292],[-117.5714,34.1292],[-117.57207,34.12822],[-117.57138,34.12724],[-117.57003,34.12725],[-117.56936,34.12823]]],"type":"Polygon"},"properties":{"bbox":{"roads":{"area":2561.97,"pct":6.31}},"city_same":1,"id":"hex:2386:17443"},"type":"Feature"},{"geometry":{"coordinates":[[[-117.56937,34.13018],[-117.57005,34.13115],[-117.57141,34.13115],[-117.57208,34.13017],[-117.5714,34.1292],[-117.57004,34.1292],[-117.56937,34.13018]]],"type":"Polygon"},"properties":{"bbox":{"roads":{"area":1847.98,"pct":4.55}},"city_same":1,"id":"hex:2386:17444"},"type":"Feature"},{"geometry":{"coordinates":[[[-117.56938,34.13213],[-117.57007,34.13311],[-117.57142,34.1331],[-117.57209,34.13212],[-117.57141,34.13115],[-117.57005,34.13115],[-117.56938,34.13213]]],"type":"Polygon"},"properties":{"bbox":{"roads":{"area":4340.69,"pct":10.69},"sidewalks":{"area":158.66,"pct":0.39}},"city_same":1,"id":"hex:2386:17445"},"type":"Feature"},{"geometry":{"coordinates":[[[-117.5694,34.13409],[-117.57008,34.13506],[-117.57144,34.13505],[-117.57211,34.13407],[-117.57142,34.1331],[-117.57007,34.13311],[-117.5694,34.13409]]],"type":"Polygon"},"properties":{"bbox":{"roads":{"area":4688.85,"pct":11.55},"sidewalks":{"area":248.79,"pct":0.61}},"city_same":1,"id":"hex:2386:17446"},"type":"Feature"},{"geometry":{"coordinates":[[[-117.56941,34.13604],[-117.57009,34.13701],[-117.57145,34.13701],[-117.57212,34.13603],[-117.57144,34.13505],[-117.57008,34.13506],[-117.56941,34.13604]]],"type":"Polygon"},"properties":{"bbox":{"roads":{"area":8541.58,"pct":21.04}},"city":{"roads":{"area":1525.88,"pct":3.76}},"id":"hex:2386:17447"},"type":"Feature"},{"geometry":{"coordinates":[[[-117.56942,34.13799],[-117.57011,34.13896],[-117.57146,34.13896],[-117.57213,34.13798],[-117.57145,34.13701],[-117.57009,34.13701],[-117.56942,34.13799]]],"type":"Polygon"},"properties":{"bbox":{"roads":{"area":3139.12,"pct":7.73}},"city_same":1,"id":"hex:2386:17448"},"type":"Feature"},{"geometry":{"coordinates":[[[-117.56943,34.13994],[-117.57012,34.14092],[-117.57147,34.14091],[-117.57215,34.13993],[-117.57146,34.13896],[-117.57011,34.13896],[-117.56943,34.13994]]],"type":"Polygon"},"properties":{"bbox":{"roads":{"area":4552.59,"pct":11.21}},"city_same":1,"id":"hex:2386:17449"},"type":"Feature"},{"geometry":{"coordinates":[[[-117.56945,34.1419],[-117.57013,34.14287],[-117.57149,34.14286],[-117.57216,34.14188],[-117.57147,34.14091],[-117.57012,34.14092],[-117.56945,34.1419]]],"type":"Polygon"},"properties":{"bbox":{"roads":{"area":3237.79,"pct":7.98}},"city_same":1,"id":"hex:2386:17450"},"type":"Feature"},{"geometry":{"coordinates":[[[-117.5715,34.14482],[-117.57015,34.14482],[-117.56946,34.14385],[-117.57013,34.14287],[-117.57149,34.14286],[-117.57217,34.14384],[-117.57189,34.14425],[-117.5715,34.14425],[-117.57138,34.14437],[-117.57146,34.14437],[-117.57155,34.14434],[-117.57182,34.14434],[-117.5715,34.14482]],[[-117.57076,34.1444],[-117.57122,34.14439],[-117.57122,34.14436],[-117.57086,34.14434],[-117.57079,34.14437],[-117.57076,34.1444]]],"type":"Polygon"},"properties":{"bbox":{"parking":{"area":9403.3,"pct":23.51},"roads":{"area":6252.75,"pct":15.64}},"city":{"parking":{"area":9403.3,"pct":23.51},"roads":{"area":4072.05,"pct":10.18}},"id":"hex:2386:17451"},"type":"Feature"},{"geometry":{"coordinates":[[[-117.56947,34.1458],[-117.57016,34.14677],[-117.57151,34.14677],[-117.57219,34.14579],[-117.5715,34.14482],[-117.57015,34.14482],[-117.56947,34.1458]]],"type":"Polygon"},"properties":{"bbox":{"parking":{"area":20178.86,"pct":49.71},"roads":{"area":7080.86,"pct":17.44},"sidewalks":{"area":354.9,"pct":0.87}},"city_same":1,"id":"hex:2386:17452"},"type":"Feature"},{"geometry":{"coordinates":[[[-117.56949,34.14775],[-117.57017,34.14873],[-117.57153,34.14872],[-117.5722,34.14774],[-117.57151,34.14677],[-117.57016,34.14677],[-117.56949,34.14775]]],"type":"Polygon"},"properties":{"bbox":{"parking":{"area":5321.36,"pct":13.11},"roads":{"area":3495.38,"pct":8.61},"sidewalks":{"area":316.47,"pct":0.78}},"city_same":1,"id":"hex:2386:17453"},"type":"Feature"},{"geometry":{"coordinates":[[[-117.5695,34.14971],[-117.57018,34.15068],[-117.57154,34.15067],[-117.57221,34.14969],[-117.57153,34.14872],[-117.57017,34.14873],[-117.5695,34.14971]]],"type":"Polygon"},"properties":{"bbox":{"parking":{"area":17774.28,"pct":43.78},"roads":{"area":6270.82,"pct":15.45},"sidewalks":{"area":113.06,"pct":0.28}},"city":{"parking":{"area":17774.28,"pct":43.78},"roads":{"area":5047.88,"pct":12.43},"sidewalks":{"area":113.06,"pct":0.28}},"id":"hex:2386:17454"},"type":"Feature"},{"geometry":{"coordinates":[[[-117.56951,34.15166],[-117.5702,34.15263],[-117.57155,34.15263],[-117.57223,34.15165],[-117.57154,34.15067],[-117.57018,34.15068],[-117.56951,34.15166]]],"type":"Polygon"},"properties":{"bbox":{"roads":{"area":1962.63,"pct":4.83}},"city_same":1,"id":"hex:2386:17455"},"type":"Feature"},{"geometry":{"coordinates":[[[-117.56953,34.15361],[-117.57021,34.15458],[-117.57157,34.15458],[-117.57224,34.1536],[-117.57155,34.15263],[-117.5702,34.15263],[-117.56953,34.15361]]],"type":"Polygon"},"properties":{"bbox":{"roads":{"area":1644.2,"pct":4.05}},"city_same":1,"id":"hex:2386:17456"},"type":"Feature"},{"geometry":{"coordinates":[[[-117.56954,34.15556],[-117.57022,34.15654],[-117.57158,34.15653],[-117.57225,34.15555],[-117.57157,34.15458],[-117.57021,34.15458],[-117.56954,34.15556]]],"type":"Polygon"},"properties":{"bbox":{"roads":{"area":1905.73,"pct":4.69}},"city_same":1,"id":"hex:2386:17457"},"type":"Feature"},{"geometry":{"coordinates":[[[-117.56955,34.15752],[-117.57024,34.15849],[-117.57159,34.15848],[-117.57226,34.1575],[-117.57158,34.15653],[-117.57022,34.15654],[-117.56955,34.15752]]],"type":"Polygon"},"properties":{"bbox":{"roads":{"area":2247.91,"pct":5.54}},"city_same":1,"id":"hex:2386:17458"},"type":"Feature"},{"geometry":{"coordinates":[[[-117.56957,34.15947],[-117.57025,34.16044],[-117.57161,34.16044],[-117.57228,34.15946],[-117.57159,34.15848],[-117.57024,34.15849],[-117.56957,34.15947]]],"type":"Polygon"},"properties":{"bbox":{"roads":{"area":1214.43,"pct":2.99}},"city_same":1,"id":"hex:2386:17459"},"type":"Feature"},{"geometry":{"coordinates":[[[-117.56958,34.16142],[-117.57026,34.1624],[-117.57162,34.16239],[-117.57229,34.16141],[-117.57161,34.16044],[-117.57025,34.16044],[-117.56958,34.16142]]],"type":"Polygon"},"properties":{"bbox":{"roads":{"area":2791.04,"pct":6.88}},"city_same":1,"id":"hex:2386:17460"},"type":"Feature"},{"geometry":{"coordinates":[[[-117.56959,34.16337],[-117.57028,34.16435],[-117.57163,34.16434],[-117.5723,34.16336],[-117.57162,34.16239],[-117.57026,34.1624],[-117.56959,34.16337]]],"type":"Polygon"},"properties":{"bbox":{"roads":{"area":773.4,"pct":1.91}},"city_same":1,"id":"hex:2386:17461"},"type":"Feature"},{"geometry":{"coordinates":[[[-117.56961,34.16533],[-117.57029,34.1663],[-117.57165,34.16629],[-117.57232,34.16531],[-117.57163,34.16434],[-117.57028,34.16435],[-117.56961,34.16533]]],"type":"Polygon"},"properties":{"bbox":{"roads":{"area":1494.35,"pct":3.68}},"city_same":1,"id":"hex:2386:17462"},"type":"Feature"},{"geometry":{"coordinates":[[[-117.56966,34.17314],[-117.57033,34.17216],[-117.57169,34.17215],[-117.57237,34.17312],[-117.5717,34.1741],[-117.57089,34.17411],[-117.57012,34.17379],[-117.56966,34.17314]]],"type":"Polygon"},"properties":{"bbox":{"roads":{"area":974.31,"pct":2.45}},"city_same":1,"id":"hex:2386:17466"},"type":"Feature"},{"geometry":{"coordinates":[[[[-117.57171,34.17606],[-117.57036,34.17606],[-117.57006,34.17564],[-117.57042,34.17549],[-117.57092,34.17539],[-117.57131,34.17534],[-117.57162,34.17545],[-117.57173,34.17566],[-117.57178,34.17577],[-117.57189,34.1758],[-117.57171,34.17606]]],[[[-117.5717,34.1741],[-117.57201,34.17455],[-117.5717,34.17442],[-117.57108,34.17419],[-117.57089,34.17411],[-117.5717,34.1741]]]],"type":"MultiPolygon"},"properties":{"bbox":{"roads":{"area":400.01,"pct":3.38}},"city_same":1,"id":"hex:2386:17467"},"type":"Feature"},{"geometry":{"coordinates":[[[-117.56968,34.17704],[-117.57037,34.17802],[-117.57172,34.17801],[-117.5724,34.17703],[-117.57171,34.17606],[-117.57036,34.17606],[-117.56968,34.17704]]],"type":"Polygon"},"properties":{"bbox":{"roads":{"area":250.09,"pct":0.62}},"city_same":1,"id":"hex:2386:17468"},"type":"Feature"},{"geometry":{"coordinates":[[[-117.56902,34.07746],[-117.56766,34.07747],[-117.56757,34.07734],[-117.5691,34.07735],[-117.56902,34.07746]]],"type":"Polygon"},"properties":{"bbox":{"roads":{"area":1347.8,"pct":73.46}},"city_same":1,"id":"hex:2387:17416"},"type":"Feature"},{"geometry":{"coordinates":[[[-117.56699,34.07845],[-117.56767,34.07942],[-117.56903,34.07942],[-117.5697,34.07844],[-117.56902,34.07746],[-117.56766,34.07747],[-117.56699,34.07845]]],"type":"Polygon"},"properties":{"bbox":{"parking":{"area":16539.86,"pct":40.74},"roads":{"area":4105.56,"pct":10.11},"sidewalks":{"area":148.7,"pct":0.37}},"city_same":1,"id":"hex:2387:17417"},"type":"Feature"},{"geometry":{"coordinates":[[[-117.567,34.0804],[-117.56769,34.08137],[-117.56904,34.08137],[-117.56971,34.08039],[-117.56903,34.07942],[-117.56767,34.07942],[-117.567,34.0804]]],"type":"Polygon"},"properties":{"bbox":{"parking":{"area":13185.59,"pct":32.48},"roads":{"area":3884.91,"pct":9.57}},"city_same":1,"id":"hex:2387:17418"},"type":"Feature"},{"geometry":{"coordinates":[[[-117.56702,34.08235],[-117.5677,34.08333],[-117.56906,34.08332],[-117.56973,34.08234],[-117.56904,34.08137],[-117.56769,34.08137],[-117.56702,34.08235]]],"type":"Polygon"},"properties":{"bbox":{"parking":{"area":12504.71,"pct":30.8},"roads":{"area":3791.45,"pct":9.34}},"city_same":1,"id":"hex:2387:17419"},"type":"Feature"},{"geometry":{"coordinates":[[[-117.56703,34.08431],[-117.56771,34.08528],[-117.56907,34.08527],[-117.56974,34.08429],[-117.56906,34.08332],[-117.5677,34.08333],[-117.56703,34.08431]]],"type":"Polygon"},"properties":{"bbox":{"parking":{"area":19661.05,"pct":48.43},"roads":{"area":9015.25,"pct":22.21}},"city":{"parking":{"area":19661.05,"pct":48.43},"roads":{"area":5367.39,"pct":13.22}},"id":"hex:2387:17420"},"type":"Feature"},{"geometry":{"coordinates":[[[-117.56704,34.08626],[-117.56773,34.08723],[-117.56908,34.08723],[-117.56975,34.08625],[-117.56907,34.08527],[-117.56771,34.08528],[-117.56704,34.08626]]],"type":"Polygon"},"properties":{"bbox":{"roads":{"area":2637.91,"pct":6.5}},"city_same":1,"id":"hex:2387:17421"},"type":"Feature"},{"geometry":{"coordinates":[[[-117.56706,34.08821],[-117.56774,34.08919],[-117.56909,34.08918],[-117.56977,34.0882],[-117.56908,34.08723],[-117.56773,34.08723],[-117.56706,34.08821]]],"type":"Polygon"},"properties":{"bbox":{"roads":{"area":4142.46,"pct":10.2}},"city_same":1,"id":"hex:2387:17422"},"type":"Feature"},{"geometry":{"coordinates":[[[-117.56707,34.09016],[-117.56775,34.09114],[-117.56911,34.09113],[-117.56978,34.09015],[-117.56909,34.08918],[-117.56774,34.08919],[-117.56707,34.09016]]],"type":"Polygon"},"properties":{"bbox":{"roads":{"area":2855.52,"pct":7.03}},"city_same":1,"id":"hex:2387:17423"},"type":"Feature"},{"geometry":{"coordinates":[[[-117.56708,34.09212],[-117.56777,34.09309],[-117.56912,34.09308],[-117.56979,34.0921],[-117.56911,34.09113],[-117.56775,34.09114],[-117.56708,34.09212]]],"type":"Polygon"},"properties":{"bbox":{"roads":{"area":1012.94,"pct":2.5}},"city_same":1,"id":"hex:2387:17424"},"type":"Feature"},{"geometry":{"coordinates":[[[-117.56709,34.09407],[-117.56778,34.09504],[-117.56913,34.09504],[-117.5698,34.09406],[-117.56912,34.09308],[-117.56777,34.09309],[-117.56709,34.09407]]],"type":"Polygon"},"properties":{"bbox":{"roads":{"area":5484.82,"pct":13.51}},"city_same":1,"id":"hex:2387:17425"},"type":"Feature"},{"geometry":{"coordinates":[[[-117.56711,34.09602],[-117.56779,34.097],[-117.56915,34.09699],[-117.56982,34.09601],[-117.56913,34.09504],[-117.56778,34.09504],[-117.56711,34.09602]]],"type":"Polygon"},"properties":{"bbox":{"roads":{"area":5339.16,"pct":13.15}},"city_same":1,"id":"hex:2387:17426"},"type":"Feature"},{"geometry":{"coordinates":[[[-117.56712,34.09797],[-117.5678,34.09895],[-117.56916,34.09894],[-117.56983,34.09796],[-117.56915,34.09699],[-117.56779,34.097],[-117.56712,34.09797]]],"type":"Polygon"},"properties":{"bbox":{"roads":{"area":5253.04,"pct":12.94}},"city_same":1,"id":"hex:2387:17427"},"type":"Feature"},{"geometry":{"coordinates":[[[-117.56713,34.09993],[-117.56782,34.1009],[-117.56917,34.10089],[-117.56984,34.09991],[-117.56916,34.09894],[-117.5678,34.09895],[-117.56713,34.09993]]],"type":"Polygon"},"properties":{"bbox":{"roads":{"area":10410.12,"pct":25.64},"sidewalks":{"area":88.32,"pct":0.22}},"city":{"roads":{"area":7926.36,"pct":19.53},"sidewalks":{"area":88.32,"pct":0.22}},"id":"hex:2387:17428"},"type":"Feature"},{"geometry":{"coordinates":[[[-117.56715,34.10188],[-117.56783,34.10285],[-117.56919,34.10285],[-117.56986,34.10187],[-117.56917,34.10089],[-117.56782,34.1009],[-117.56715,34.10188]]],"type":"Polygon"},"properties":{"bbox":{"parking":{"area":7104.09,"pct":17.5},"roads":{"area":6735.36,"pct":16.59}},"city_same":1,"id":"hex:2387:17429"},"type":"Feature"},{"geometry":{"coordinates":[[[-117.56716,34.10383],[-117.56784,34.10481],[-117.5692,34.1048],[-117.56987,34.10382],[-117.56919,34.10285],[-117.56783,34.10285],[-117.56716,34.10383]]],"type":"Polygon"},"properties":{"bbox":{"parking":{"area":14825.2,"pct":36.52},"roads":{"area":8450.57,"pct":20.82}},"city_same":1,"id":"hex:2387:17430"},"type":"Feature"},{"geometry":{"coordinates":[[[-117.56717,34.10578],[-117.56786,34.10676],[-117.56921,34.10675],[-117.56988,34.10577],[-117.5692,34.1048],[-117.56784,34.10481],[-117.56717,34.10578]]],"type":"Polygon"},"properties":{"bbox":{"parking":{"area":11540.26,"pct":28.43},"roads":{"area":8626.43,"pct":21.25},"sidewalks":{"area":477.51,"pct":1.18}},"city":{"parking":{"area":11540.26,"pct":28.43},"roads":{"area":4836,"pct":11.91},"sidewalks":{"area":477.51,"pct":1.18}},"id":"hex:2387:17431"},"type":"Feature"},{"geometry":{"coordinates":[[[-117.56719,34.10774],[-117.56787,34.10871],[-117.56923,34.1087],[-117.5699,34.10772],[-117.56921,34.10675],[-117.56786,34.10676],[-117.56719,34.10774]]],"type":"Polygon"},"properties":{"bbox":{"parking":{"area":12127.1,"pct":29.87},"roads":{"area":5889.76,"pct":14.51},"sidewalks":{"area":338.07,"pct":0.83}},"city_same":1,"id":"hex:2387:17432"},"type":"Feature"},{"geometry":{"coordinates":[[[-117.5672,34.10969],[-117.56788,34.11066],[-117.56924,34.11066],[-117.56991,34.10968],[-117.56923,34.1087],[-117.56787,34.10871],[-117.5672,34.10969]]],"type":"Polygon"},"properties":{"bbox":{"parking":{"area":759.96,"pct":1.87},"roads":{"area":9174.37,"pct":22.6},"sidewalks":{"area":968.68,"pct":2.39}},"city":{"parking":{"area":759.96,"pct":1.87},"roads":{"area":6194.4,"pct":15.26},"sidewalks":{"area":968.68,"pct":2.39}},"id":"hex:2387:17433"},"type":"Feature"},{"geometry":{"coordinates":[[[-117.56721,34.11164],[-117.5679,34.11262],[-117.56925,34.11261],[-117.56992,34.11163],[-117.56924,34.11066],[-117.56788,34.11066],[-117.56721,34.11164]]],"type":"Polygon"},"properties":{"bbox":{"roads":{"area":6349.69,"pct":15.64},"sidewalks":{"area":841.4,"pct":2.07}},"city":{"roads":{"area":4470.82,"pct":11.01},"sidewalks":{"area":841.4,"pct":2.07}},"id":"hex:2387:17434"},"type":"Feature"},{"geometry":{"coordinates":[[[-117.56723,34.11359],[-117.56791,34.11457],[-117.56926,34.11456],[-117.56994,34.11358],[-117.56925,34.11261],[-117.5679,34.11262],[-117.56723,34.11359]]],"type":"Polygon"},"properties":{"bbox":{"parking":{"area":792.81,"pct":1.95},"roads":{"area":2732.67,"pct":6.73},"sidewalks":{"area":215.78,"pct":0.53}},"city_same":1,"id":"hex:2387:17435"},"type":"Feature"},{"geometry":{"coordinates":[[[-117.56724,34.11555],[-117.56792,34.11652],[-117.56928,34.11651],[-117.56995,34.11553],[-117.56926,34.11456],[-117.56791,34.11457],[-117.56724,34.11555]]],"type":"Polygon"},"properties":{"bbox":{"roads":{"area":1600.83,"pct":3.94},"sidewalks":{"area":135.28,"pct":0.33}},"city_same":1,"id":"hex:2387:17436"},"type":"Feature"},{"geometry":{"coordinates":[[[-117.56725,34.1175],[-117.56794,34.11847],[-117.56929,34.11847],[-117.56996,34.11749],[-117.56928,34.11651],[-117.56792,34.11652],[-117.56725,34.1175]]],"type":"Polygon"},"properties":{"bbox":{"roads":{"area":7833.68,"pct":19.3},"sidewalks":{"area":714.54,"pct":1.76}},"city_same":1,"id":"hex:2387:17437"},"type":"Feature"},{"geometry":{"coordinates":[[[-117.56726,34.11945],[-117.56795,34.12043],[-117.5693,34.12042],[-117.56998,34.11944],[-117.56929,34.11847],[-117.56794,34.11847],[-117.56726,34.11945]]],"type":"Polygon"},"properties":{"bbox":{"roads":{"area":7252.7,"pct":17.87}},"city_same":1,"id":"hex:2387:17438"},"type":"Feature"},{"geometry":{"coordinates":[[[-117.56728,34.1214],[-117.56796,34.12238],[-117.56932,34.12237],[-117.56999,34.12139],[-117.5693,34.12042],[-117.56795,34.12043],[-117.56728,34.1214]]],"type":"Polygon"},"properties":{"bbox":{"roads":{"area":9041.88,"pct":22.27},"sidewalks":{"area":549.22,"pct":1.35}},"city_same":1,"id":"hex:2387:17439"},"type":"Feature"},{"geometry":{"coordinates":[[[-117.56729,34.12336],[-117.56797,34.12433],[-117.56933,34.12432],[-117.57,34.12334],[-117.56932,34.12237],[-117.56796,34.12238],[-117.56729,34.12336]]],"type":"Polygon"},"properties":{"bbox":{"roads":{"area":355.58,"pct":0.88}},"city_same":1,"id":"hex:2387:17440"},"type":"Feature"},{"geometry":{"coordinates":[[[-117.5673,34.12531],[-117.56799,34.12628],[-117.56934,34.12628],[-117.57001,34.1253],[-117.56933,34.12432],[-117.56797,34.12433],[-117.5673,34.12531]]],"type":"Polygon"},"properties":{"bbox":{"roads":{"area":848.33,"pct":2.09}},"city_same":1,"id":"hex:2387:17441"},"type":"Feature"},{"geometry":{"coordinates":[[[-117.56732,34.12726],[-117.568,34.12824],[-117.56936,34.12823],[-117.57003,34.12725],[-117.56934,34.12628],[-117.56799,34.12628],[-117.56732,34.12726]]],"type":"Polygon"},"properties":{"bbox":{"roads":{"area":2166.05,"pct":5.34}},"city_same":1,"id":"hex:2387:17442"},"type":"Feature"},{"geometry":{"coordinates":[[[-117.56733,34.12921],[-117.56801,34.13019],[-117.56937,34.13018],[-117.57004,34.1292],[-117.56936,34.12823],[-117.568,34.12824],[-117.56733,34.12921]]],"type":"Polygon"},"properties":{"bbox":{"roads":{"area":3123.52,"pct":7.69}},"city_same":1,"id":"hex:2387:17443"},"type":"Feature"},{"geometry":{"coordinates":[[[-117.56734,34.13117],[-117.56803,34.13214],[-117.56938,34.13213],[-117.57005,34.13115],[-117.56937,34.13018],[-117.56801,34.13019],[-117.56734,34.13117]]],"type":"Polygon"},"properties":{"bbox":{"roads":{"area":3013.46,"pct":7.42}},"city_same":1,"id":"hex:2387:17444"},"type":"Feature"},{"geometry":{"coordinates":[[[-117.56736,34.13312],[-117.56804,34.13409],[-117.5694,34.13409],[-117.57007,34.13311],[-117.56938,34.13213],[-117.56803,34.13214],[-117.56736,34.13312]]],"type":"Polygon"},"properties":{"bbox":{"roads":{"area":2599.06,"pct":6.4}},"city_same":1,"id":"hex:2387:17445"},"type":"Feature"},{"geometry":{"coordinates":[[[-117.56737,34.13507],[-117.56805,34.13605],[-117.56941,34.13604],[-117.57008,34.13506],[-117.5694,34.13409],[-117.56804,34.13409],[-117.56737,34.13507]]],"type":"Polygon"},"properties":{"bbox":{"roads":{"area":4915.36,"pct":12.11},"sidewalks":{"area":329.89,"pct":0.81}},"city_same":1,"id":"hex:2387:17446"},"type":"Feature"},{"geometry":{"coordinates":[[[-117.56738,34.13702],[-117.56807,34.138],[-117.56942,34.13799],[-117.57009,34.13701],[-117.56941,34.13604],[-117.56805,34.13605],[-117.56738,34.13702]]],"type":"Polygon"},"properties":{"bbox":{"roads":{"area":9021.55,"pct":22.22}},"city":{"roads":{"area":2816.77,"pct":6.94}},"id":"hex:2387:17447"},"type":"Feature"},{"geometry":{"coordinates":[[[-117.56739,34.13898],[-117.56808,34.13995],[-117.56943,34.13994],[-117.57011,34.13896],[-117.56942,34.13799],[-117.56807,34.138],[-117.56739,34.13898]]],"type":"Polygon"},"properties":{"bbox":{"roads":{"area":4785.94,"pct":11.79}},"city_same":1,"id":"hex:2387:17448"},"type":"Feature"},{"geometry":{"coordinates":[[[-117.56741,34.14093],[-117.56809,34.1419],[-117.56945,34.1419],[-117.57012,34.14092],[-117.56943,34.13994],[-117.56808,34.13995],[-117.56741,34.14093]]],"type":"Polygon"},"properties":{"bbox":{"roads":{"area":4063.28,"pct":10.01}},"city_same":1,"id":"hex:2387:17449"},"type":"Feature"},{"geometry":{"coordinates":[[[-117.56742,34.14288],[-117.56811,34.14386],[-117.56946,34.14385],[-117.57013,34.14287],[-117.56945,34.1419],[-117.56809,34.1419],[-117.56742,34.14288]]],"type":"Polygon"},"properties":{"bbox":{"parking":{"area":376.24,"pct":0.93},"roads":{"area":4395.28,"pct":10.83}},"city":{"parking":{"area":376.24,"pct":0.93},"roads":{"area":2448.35,"pct":6.03}},"id":"hex:2387:17450"},"type":"Feature"},{"geometry":{"coordinates":[[[-117.56743,34.14483],[-117.56812,34.14581],[-117.56947,34.1458],[-117.57015,34.14482],[-117.56946,34.14385],[-117.56811,34.14386],[-117.56743,34.14483]]],"type":"Polygon"},"properties":{"bbox":{"parking":{"area":4827.07,"pct":11.89},"roads":{"area":2348.2,"pct":5.78}},"city_same":1,"id":"hex:2387:17451"},"type":"Feature"},{"geometry":{"coordinates":[[[-117.56745,34.14679],[-117.56813,34.14776],[-117.56949,34.14775],[-117.57016,34.14677],[-117.56947,34.1458],[-117.56812,34.14581],[-117.56745,34.14679]]],"type":"Polygon"},"properties":{"bbox":{"parking":{"area":7238.54,"pct":17.83},"roads":{"area":2814.72,"pct":6.93}},"city_same":1,"id":"hex:2387:17452"},"type":"Feature"},{"geometry":{"coordinates":[[[-117.56746,34.14874],[-117.56814,34.14971],[-117.5695,34.14971],[-117.57017,34.14873],[-117.56949,34.14775],[-117.56813,34.14776],[-117.56746,34.14874]]],"type":"Polygon"},"properties":{"bbox":{"parking":{"area":5926.75,"pct":14.6},"roads":{"area":4691.86,"pct":11.56},"sidewalks":{"area":151.57,"pct":0.37}},"city_same":1,"id":"hex:2387:17453"},"type":"Feature"},{"geometry":{"coordinates":[[[-117.56747,34.15069],[-117.56816,34.15167],[-117.56951,34.15166],[-117.57018,34.15068],[-117.5695,34.14971],[-117.56814,34.14971],[-117.56747,34.15069]]],"type":"Polygon"},"properties":{"bbox":{"parking":{"area":288.26,"pct":0.71},"roads":{"area":3658.81,"pct":9.01}},"city":{"parking":{"area":288.26,"pct":0.71},"roads":{"area":1659.14,"pct":4.09}},"id":"hex:2387:17454"},"type":"Feature"},{"geometry":{"coordinates":[[[-117.56749,34.15265],[-117.56817,34.15362],[-117.56953,34.15361],[-117.5702,34.15263],[-117.56951,34.15166],[-117.56816,34.15167],[-117.56749,34.15265]]],"type":"Polygon"},"properties":{"bbox":{"roads":{"area":1812.06,"pct":4.46}},"city_same":1,"id":"hex:2387:17455"},"type":"Feature"},{"geometry":{"coordinates":[[[-117.5675,34.1546],[-117.56818,34.15557],[-117.56954,34.15556],[-117.57021,34.15458],[-117.56953,34.15361],[-117.56817,34.15362],[-117.5675,34.1546]]],"type":"Polygon"},"properties":{"bbox":{"roads":{"area":3021.05,"pct":7.44}},"city_same":1,"id":"hex:2387:17456"},"type":"Feature"},{"geometry":{"coordinates":[[[-117.56751,34.15655],[-117.5682,34.15752],[-117.56955,34.15752],[-117.57022,34.15654],[-117.56954,34.15556],[-117.56818,34.15557],[-117.56751,34.15655]]],"type":"Polygon"},"properties":{"bbox":{"roads":{"area":1031.96,"pct":2.54}},"city_same":1,"id":"hex:2387:17457"},"type":"Feature"},{"geometry":{"coordinates":[[[-117.56753,34.1585],[-117.56821,34.15948],[-117.56957,34.15947],[-117.57024,34.15849],[-117.56955,34.15752],[-117.5682,34.15752],[-117.56753,34.1585]]],"type":"Polygon"},"properties":{"bbox":{"roads":{"area":2473.53,"pct":6.09}},"city_same":1,"id":"hex:2387:17458"},"type":"Feature"},{"geometry":{"coordinates":[[[-117.56754,34.16046],[-117.56822,34.16143],[-117.56958,34.16142],[-117.57025,34.16044],[-117.56957,34.15947],[-117.56821,34.15948],[-117.56754,34.16046]]],"type":"Polygon"},"properties":{"bbox":{"roads":{"area":1320.21,"pct":3.25}},"city_same":1,"id":"hex:2387:17459"},"type":"Feature"},{"geometry":{"coordinates":[[[-117.56755,34.16241],[-117.56824,34.16338],[-117.56959,34.16337],[-117.57026,34.1624],[-117.56958,34.16142],[-117.56822,34.16143],[-117.56755,34.16241]]],"type":"Polygon"},"properties":{"bbox":{"roads":{"area":2142.46,"pct":5.28}},"city_same":1,"id":"hex:2387:17460"},"type":"Feature"},{"geometry":{"coordinates":[[[-117.56756,34.16436],[-117.56825,34.16533],[-117.56961,34.16533],[-117.57028,34.16435],[-117.56959,34.16337],[-117.56824,34.16338],[-117.56756,34.16436]]],"type":"Polygon"},"properties":{"bbox":{"roads":{"area":1578.67,"pct":3.89}},"city_same":1,"id":"hex:2387:17461"},"type":"Feature"},{"geometry":{"coordinates":[[[-117.56762,34.17217],[-117.5683,34.17314],[-117.56966,34.17314],[-117.57033,34.17216],[-117.56964,34.17118],[-117.56829,34.17119],[-117.56762,34.17217]]],"type":"Polygon"},"properties":{"bbox":{"roads":{"area":452.09,"pct":1.11}},"city_same":1,"id":"hex:2387:17465"},"type":"Feature"},{"geometry":{"coordinates":[[[[-117.56763,34.17412],[-117.5683,34.17314],[-117.56966,34.17314],[-117.57012,34.17379],[-117.57003,34.17376],[-117.56961,34.17363],[-117.56913,34.17362],[-117.56878,34.17383],[-117.56851,34.17399],[-117.56817,34.17423],[-117.56798,34.17449],[-117.56799,34.17464],[-117.56763,34.17412]]],[[[-117.56831,34.1751],[-117.56811,34.17481],[-117.56834,34.17505],[-117.56842,34.1751],[-117.56831,34.1751]]]],"type":"MultiPolygon"},"properties":{"bbox":{"roads":{"area":1277.12,"pct":8.55}},"city_same":1,"id":"hex:2387:17466"},"type":"Feature"},{"geometry":{"coordinates":[[[-117.56766,34.07747],[-117.56699,34.07845],[-117.56564,34.07846],[-117.56495,34.07748],[-117.56506,34.07732],[-117.56757,34.07734],[-117.56766,34.07747]]],"type":"Polygon"},"properties":{"bbox":{"parking":{"area":2761.16,"pct":11.39},"roads":{"area":4656.9,"pct":19.21},"sidewalks":{"area":547.03,"pct":2.26}},"city_same":1,"id":"hex:2388:17417"},"type":"Feature"},{"geometry":{"coordinates":[[[-117.56497,34.07943],[-117.56565,34.08041],[-117.567,34.0804],[-117.56767,34.07942],[-117.56699,34.07845],[-117.56564,34.07846],[-117.56497,34.07943]]],"type":"Polygon"},"properties":{"bbox":{"parking":{"area":6890.95,"pct":16.97},"roads":{"area":6282.62,"pct":15.48},"sidewalks":{"area":488.24,"pct":1.2}},"city_same":1,"id":"hex:2388:17418"},"type":"Feature"},{"geometry":{"coordinates":[[[-117.56498,34.08139],[-117.56566,34.08236],[-117.56702,34.08235],[-117.56769,34.08137],[-117.567,34.0804],[-117.56565,34.08041],[-117.56498,34.08139]]],"type":"Polygon"},"properties":{"bbox":{"parking":{"area":4042.76,"pct":9.96},"roads":{"area":6804.26,"pct":16.76}},"city_same":1,"id":"hex:2388:17419"},"type":"Feature"},{"geometry":{"coordinates":[[[-117.56499,34.08334],[-117.56567,34.08431],[-117.56703,34.08431],[-117.5677,34.08333],[-117.56702,34.08235],[-117.56566,34.08236],[-117.56499,34.08334]]],"type":"Polygon"},"properties":{"bbox":{"parking":{"area":4817.62,"pct":11.87},"roads":{"area":6451.84,"pct":15.89}},"city_same":1,"id":"hex:2388:17420"},"type":"Feature"},{"geometry":{"coordinates":[[[-117.565,34.08529],[-117.56569,34.08627],[-117.56704,34.08626],[-117.56771,34.08528],[-117.56703,34.08431],[-117.56567,34.08431],[-117.565,34.08529]]],"type":"Polygon"},"properties":{"bbox":{"roads":{"area":5823.96,"pct":14.35}},"city":{"roads":{"area":2699.85,"pct":6.65}},"id":"hex:2388:17421"},"type":"Feature"},{"geometry":{"coordinates":[[[-117.56502,34.08725],[-117.5657,34.08822],[-117.56706,34.08821],[-117.56773,34.08723],[-117.56704,34.08626],[-117.56569,34.08627],[-117.56502,34.08725]]],"type":"Polygon"},"properties":{"bbox":{"roads":{"area":3817.99,"pct":9.41}},"city_same":1,"id":"hex:2388:17422"},"type":"Feature"},{"geometry":{"coordinates":[[[-117.56503,34.0892],[-117.56571,34.09017],[-117.56707,34.09016],[-117.56774,34.08919],[-117.56706,34.08821],[-117.5657,34.08822],[-117.56503,34.0892]]],"type":"Polygon"},"properties":{"bbox":{"roads":{"area":772.96,"pct":1.9}},"city_same":1,"id":"hex:2388:17423"},"type":"Feature"},{"geometry":{"coordinates":[[[-117.56504,34.09115],[-117.56573,34.09212],[-117.56708,34.09212],[-117.56775,34.09114],[-117.56707,34.09016],[-117.56571,34.09017],[-117.56504,34.09115]]],"type":"Polygon"},"properties":{"bbox":{"roads":{"area":491.55,"pct":1.21}},"city_same":1,"id":"hex:2388:17424"},"type":"Feature"},{"geometry":{"coordinates":[[[-117.56506,34.0931],[-117.56574,34.09408],[-117.56709,34.09407],[-117.56777,34.09309],[-117.56708,34.09212],[-117.56573,34.09212],[-117.56506,34.0931]]],"type":"Polygon"},"properties":{"bbox":{"roads":{"area":2492.46,"pct":6.14}},"city_same":1,"id":"hex:2388:17425"},"type":"Feature"},{"geometry":{"coordinates":[[[-117.56507,34.09506],[-117.56575,34.09603],[-117.56711,34.09602],[-117.56778,34.09504],[-117.56709,34.09407],[-117.56574,34.09408],[-117.56507,34.09506]]],"type":"Polygon"},"properties":{"bbox":{"roads":{"area":6904.18,"pct":17.01},"sidewalks":{"area":0.61,"pct":0}},"city_same":1,"id":"hex:2388:17426"},"type":"Feature"},{"geometry":{"coordinates":[[[-117.56508,34.09701],[-117.56577,34.09798],[-117.56712,34.09797],[-117.56779,34.097],[-117.56711,34.09602],[-117.56575,34.09603],[-117.56508,34.09701]]],"type":"Polygon"},"properties":{"bbox":{"roads":{"area":3806.71,"pct":9.38}},"city_same":1,"id":"hex:2388:17427"},"type":"Feature"},{"geometry":{"coordinates":[[[-117.56509,34.09896],[-117.56578,34.09993],[-117.56713,34.09993],[-117.5678,34.09895],[-117.56712,34.09797],[-117.56577,34.09798],[-117.56509,34.09896]]],"type":"Polygon"},"properties":{"bbox":{"roads":{"area":7090.06,"pct":17.47},"sidewalks":{"area":10.03,"pct":0.02}},"city":{"roads":{"area":2940.35,"pct":7.24},"sidewalks":{"area":10.03,"pct":0.02}},"id":"hex:2388:17428"},"type":"Feature"},{"geometry":{"coordinates":[[[-117.56511,34.10091],[-117.56579,34.10189],[-117.56715,34.10188],[-117.56782,34.1009],[-117.56713,34.09993],[-117.56578,34.09993],[-117.56511,34.10091]]],"type":"Polygon"},"properties":{"bbox":{"parking":{"area":10453.66,"pct":25.75},"roads":{"area":9277.83,"pct":22.85}},"city_same":1,"id":"hex:2388:17429"},"type":"Feature"},{"geometry":{"coordinates":[[[-117.56512,34.10287],[-117.5658,34.10384],[-117.56716,34.10383],[-117.56783,34.10285],[-117.56715,34.10188],[-117.56579,34.10189],[-117.56512,34.10287]]],"type":"Polygon"},"properties":{"bbox":{"parking":{"area":7997.49,"pct":19.7},"roads":{"area":5934.06,"pct":14.62}},"city_same":1,"id":"hex:2388:17430"},"type":"Feature"},{"geometry":{"coordinates":[[[-117.56513,34.10482],[-117.56582,34.10579],[-117.56717,34.10578],[-117.56784,34.10481],[-117.56716,34.10383],[-117.5658,34.10384],[-117.56513,34.10482]]],"type":"Polygon"},"properties":{"bbox":{"parking":{"area":4323.53,"pct":10.65},"roads":{"area":10023.48,"pct":24.69}},"city_same":1,"id":"hex:2388:17431"},"type":"Feature"},{"geometry":{"coordinates":[[[-117.56515,34.10677],[-117.56583,34.10774],[-117.56719,34.10774],[-117.56786,34.10676],[-117.56717,34.10578],[-117.56582,34.10579],[-117.56515,34.10677]]],"type":"Polygon"},"properties":{"bbox":{"parking":{"area":14210.19,"pct":35},"roads":{"area":13201.61,"pct":32.52},"sidewalks":{"area":874.13,"pct":2.15}},"city":{"parking":{"area":14210.19,"pct":35},"roads":{"area":7389.25,"pct":18.2},"sidewalks":{"area":874.13,"pct":2.15}},"id":"hex:2388:17432"},"type":"Feature"},{"geometry":{"coordinates":[[[-117.56516,34.10872],[-117.56584,34.1097],[-117.5672,34.10969],[-117.56787,34.10871],[-117.56719,34.10774],[-117.56583,34.10774],[-117.56516,34.10872]]],"type":"Polygon"},"properties":{"bbox":{"parking":{"area":3414.43,"pct":8.41},"roads":{"area":11304.47,"pct":27.85},"sidewalks":{"area":1194.17,"pct":2.94}},"city":{"parking":{"area":3414.43,"pct":8.41},"roads":{"area":8145.18,"pct":20.06},"sidewalks":{"area":1194.17,"pct":2.94}},"id":"hex:2388:17433"},"type":"Feature"},{"geometry":{"coordinates":[[[-117.56517,34.11068],[-117.56586,34.11165],[-117.56721,34.11164],[-117.56788,34.11066],[-117.5672,34.10969],[-117.56584,34.1097],[-117.56517,34.11068]]],"type":"Polygon"},"properties":{"bbox":{"roads":{"area":7942,"pct":19.56},"sidewalks":{"area":605.58,"pct":1.49}},"city_same":1,"id":"hex:2388:17434"},"type":"Feature"},{"geometry":{"coordinates":[[[-117.56519,34.11263],[-117.56587,34.1136],[-117.56723,34.11359],[-117.5679,34.11262],[-117.56721,34.11164],[-117.56586,34.11165],[-117.56519,34.11263]]],"type":"Polygon"},"properties":{"bbox":{"roads":{"area":7745.18,"pct":19.08},"sidewalks":{"area":1120.66,"pct":2.76}},"city_same":1,"id":"hex:2388:17435"},"type":"Feature"},{"geometry":{"coordinates":[[[-117.5652,34.11458],[-117.56588,34.11555],[-117.56724,34.11555],[-117.56791,34.11457],[-117.56723,34.11359],[-117.56587,34.1136],[-117.5652,34.11458]]],"type":"Polygon"},"properties":{"bbox":{"roads":{"area":6837.81,"pct":16.84},"sidewalks":{"area":162.65,"pct":0.4}},"city_same":1,"id":"hex:2388:17436"},"type":"Feature"},{"geometry":{"coordinates":[[[-117.56521,34.11653],[-117.5659,34.11751],[-117.56725,34.1175],[-117.56792,34.11652],[-117.56724,34.11555],[-117.56588,34.11555],[-117.56521,34.11653]]],"type":"Polygon"},"properties":{"bbox":{"roads":{"area":5697.62,"pct":14.04},"sidewalks":{"area":183.09,"pct":0.45}},"city_same":1,"id":"hex:2388:17437"},"type":"Feature"},{"geometry":{"coordinates":[[[-117.56522,34.11849],[-117.56591,34.11946],[-117.56726,34.11945],[-117.56794,34.11847],[-117.56725,34.1175],[-117.5659,34.11751],[-117.56522,34.11849]]],"type":"Polygon"},"properties":{"bbox":{"roads":{"area":4560.77,"pct":11.23}},"city_same":1,"id":"hex:2388:17438"},"type":"Feature"},{"geometry":{"coordinates":[[[-117.56524,34.12044],[-117.56592,34.12141],[-117.56728,34.1214],[-117.56795,34.12043],[-117.56726,34.11945],[-117.56591,34.11946],[-117.56524,34.12044]]],"type":"Polygon"},"properties":{"bbox":{"roads":{"area":4476.46,"pct":11.03}},"city_same":1,"id":"hex:2388:17439"},"type":"Feature"},{"geometry":{"coordinates":[[[-117.56525,34.12239],[-117.56593,34.12336],[-117.56729,34.12336],[-117.56796,34.12238],[-117.56728,34.1214],[-117.56592,34.12141],[-117.56525,34.12239]]],"type":"Polygon"},"properties":{"bbox":{"roads":{"area":1943.28,"pct":4.79}},"city_same":1,"id":"hex:2388:17440"},"type":"Feature"},{"geometry":{"coordinates":[[[-117.56528,34.1263],[-117.56596,34.12727],[-117.56732,34.12726],[-117.56799,34.12628],[-117.5673,34.12531],[-117.56595,34.12532],[-117.56528,34.1263]]],"type":"Polygon"},"properties":{"bbox":{"roads":{"area":3233.88,"pct":7.97}},"city_same":1,"id":"hex:2388:17442"},"type":"Feature"},{"geometry":{"coordinates":[[[-117.56529,34.12825],[-117.56597,34.12922],[-117.56733,34.12921],[-117.568,34.12824],[-117.56732,34.12726],[-117.56596,34.12727],[-117.56529,34.12825]]],"type":"Polygon"},"properties":{"bbox":{"roads":{"area":2860.76,"pct":7.05}},"city_same":1,"id":"hex:2388:17443"},"type":"Feature"},{"geometry":{"coordinates":[[[-117.5653,34.1302],[-117.56599,34.13117],[-117.56734,34.13117],[-117.56801,34.13019],[-117.56733,34.12921],[-117.56597,34.12922],[-117.5653,34.1302]]],"type":"Polygon"},"properties":{"bbox":{"roads":{"area":2263.92,"pct":5.58}},"city_same":1,"id":"hex:2388:17444"},"type":"Feature"},{"geometry":{"coordinates":[[[-117.56532,34.13215],[-117.566,34.13313],[-117.56736,34.13312],[-117.56803,34.13214],[-117.56734,34.13117],[-117.56599,34.13117],[-117.56532,34.13215]]],"type":"Polygon"},"properties":{"bbox":{"roads":{"area":2160.61,"pct":5.32}},"city_same":1,"id":"hex:2388:17445"},"type":"Feature"},{"geometry":{"coordinates":[[[-117.56533,34.13411],[-117.56601,34.13508],[-117.56737,34.13507],[-117.56804,34.13409],[-117.56736,34.13312],[-117.566,34.13313],[-117.56533,34.13411]]],"type":"Polygon"},"properties":{"bbox":{"roads":{"area":2812.76,"pct":6.93}},"city_same":1,"id":"hex:2388:17446"},"type":"Feature"},{"geometry":{"coordinates":[[[-117.56534,34.13606],[-117.56603,34.13703],[-117.56738,34.13702],[-117.56805,34.13605],[-117.56737,34.13507],[-117.56601,34.13508],[-117.56534,34.13606]]],"type":"Polygon"},"properties":{"bbox":{"roads":{"area":8795.95,"pct":21.67},"sidewalks":{"area":306.02,"pct":0.75}},"city":{"roads":{"area":2841.29,"pct":7},"sidewalks":{"area":306.02,"pct":0.75}},"id":"hex:2388:17447"},"type":"Feature"},{"geometry":{"coordinates":[[[-117.56535,34.13801],[-117.56604,34.13898],[-117.56739,34.13898],[-117.56807,34.138],[-117.56738,34.13702],[-117.56603,34.13703],[-117.56535,34.13801]]],"type":"Polygon"},"properties":{"bbox":{"roads":{"area":2802.97,"pct":6.9}},"city_same":1,"id":"hex:2388:17448"},"type":"Feature"},{"geometry":{"coordinates":[[[-117.56537,34.13996],[-117.56605,34.14094],[-117.56741,34.14093],[-117.56808,34.13995],[-117.56739,34.13898],[-117.56604,34.13898],[-117.56537,34.13996]]],"type":"Polygon"},"properties":{"bbox":{"roads":{"area":3417.41,"pct":8.42}},"city_same":1,"id":"hex:2388:17449"},"type":"Feature"},{"geometry":{"coordinates":[[[-117.56538,34.14192],[-117.56606,34.14289],[-117.56742,34.14288],[-117.56809,34.1419],[-117.56741,34.14093],[-117.56605,34.14094],[-117.56538,34.14192]]],"type":"Polygon"},"properties":{"bbox":{"parking":{"area":2142.41,"pct":5.28},"roads":{"area":3386.25,"pct":8.34}},"city_same":1,"id":"hex:2388:17450"},"type":"Feature"},{"geometry":{"coordinates":[[[-117.56539,34.14387],[-117.56608,34.14484],[-117.56743,34.14483],[-117.56811,34.14386],[-117.56742,34.14288],[-117.56606,34.14289],[-117.56539,34.14387]]],"type":"Polygon"},"properties":{"bbox":{"roads":{"area":2115.11,"pct":5.21}},"id":"hex:2388:17451"},"type":"Feature"},{"geometry":{"coordinates":[[[-117.56541,34.14582],[-117.56609,34.14679],[-117.56745,34.14679],[-117.56812,34.14581],[-117.56743,34.14483],[-117.56608,34.14484],[-117.56541,34.14582]]],"type":"Polygon"},"properties":{"bbox":{"parking":{"area":3884.66,"pct":9.57},"roads":{"area":2037.34,"pct":5.02}},"city_same":1,"id":"hex:2388:17452"},"type":"Feature"},{"geometry":{"coordinates":[[[-117.56609,34.14679],[-117.56745,34.14679],[-117.56813,34.14776],[-117.56746,34.14874],[-117.5661,34.14875],[-117.56542,34.14777],[-117.56609,34.14679]],[[-117.56566,34.14772],[-117.56573,34.14775],[-117.56586,34.14777],[-117.56597,34.14776],[-117.56602,34.14776],[-117.56605,34.14774],[-117.56619,34.14753],[-117.56619,34.14748],[-117.56617,34.14746],[-117.566,34.14744],[-117.56589,34.14745],[-117.56576,34.14744],[-117.56571,34.14745],[-117.56567,34.14746],[-117.56561,34.14757],[-117.5656,34.14763],[-117.56562,34.14768],[-117.56566,34.14772]]],"type":"Polygon"},"properties":{"bbox":{"parking":{"area":6209.64,"pct":15.92},"roads":{"area":2600.94,"pct":6.67}},"city_same":1,"id":"hex:2388:17453"},"type":"Feature"},{"geometry":{"coordinates":[[[-117.56543,34.14973],[-117.56612,34.1507],[-117.56747,34.15069],[-117.56814,34.14971],[-117.56746,34.14874],[-117.5661,34.14875],[-117.56543,34.14973]]],"type":"Polygon"},"properties":{"bbox":{"roads":{"area":1186.8,"pct":2.92}},"city":{"roads":{"area":121.49,"pct":0.3}},"id":"hex:2388:17454"},"type":"Feature"},{"geometry":{"coordinates":[[[-117.56545,34.15168],[-117.56613,34.15265],[-117.56749,34.15265],[-117.56816,34.15167],[-117.56747,34.15069],[-117.56612,34.1507],[-117.56545,34.15168]]],"type":"Polygon"},"properties":{"bbox":{"roads":{"area":1459.44,"pct":3.6}},"city_same":1,"id":"hex:2388:17455"},"type":"Feature"},{"geometry":{"coordinates":[[[-117.56546,34.15363],[-117.56614,34.1546],[-117.5675,34.1546],[-117.56817,34.15362],[-117.56749,34.15265],[-117.56613,34.15265],[-117.56546,34.15363]]],"type":"Polygon"},"properties":{"bbox":{"roads":{"area":1765.03,"pct":4.35}},"city_same":1,"id":"hex:2388:17456"},"type":"Feature"},{"geometry":{"coordinates":[[[-117.56547,34.15558],[-117.56616,34.15656],[-117.56751,34.15655],[-117.56818,34.15557],[-117.5675,34.1546],[-117.56614,34.1546],[-117.56547,34.15558]]],"type":"Polygon"},"properties":{"bbox":{"roads":{"area":1822.49,"pct":4.49}},"city_same":1,"id":"hex:2388:17457"},"type":"Feature"},{"geometry":{"coordinates":[[[-117.56548,34.15754],[-117.56617,34.15851],[-117.56753,34.1585],[-117.5682,34.15752],[-117.56751,34.15655],[-117.56616,34.15656],[-117.56548,34.15754]]],"type":"Polygon"},"properties":{"bbox":{"roads":{"area":2089.64,"pct":5.15}},"city_same":1,"id":"hex:2388:17458"},"type":"Feature"},{"geometry":{"coordinates":[[[-117.5655,34.15949],[-117.56618,34.16046],[-117.56754,34.16046],[-117.56821,34.15948],[-117.56753,34.1585],[-117.56617,34.15851],[-117.5655,34.15949]]],"type":"Polygon"},"properties":{"bbox":{"roads":{"area":1220.39,"pct":3.01}},"city_same":1,"id":"hex:2388:17459"},"type":"Feature"},{"geometry":{"coordinates":[[[-117.56551,34.16144],[-117.5662,34.16241],[-117.56755,34.16241],[-117.56822,34.16143],[-117.56754,34.16046],[-117.56618,34.16046],[-117.56551,34.16144]]],"type":"Polygon"},"properties":{"bbox":{"roads":{"area":574.7,"pct":1.42}},"city_same":1,"id":"hex:2388:17460"},"type":"Feature"},{"geometry":{"coordinates":[[[-117.56552,34.16339],[-117.56621,34.16437],[-117.56756,34.16436],[-117.56824,34.16338],[-117.56755,34.16241],[-117.5662,34.16241],[-117.56552,34.16339]]],"type":"Polygon"},"properties":{"bbox":{"roads":{"area":3312.5,"pct":8.16}},"city_same":1,"id":"hex:2388:17461"},"type":"Feature"},{"geometry":{"coordinates":[[[-117.56554,34.16535],[-117.56622,34.16632],[-117.56758,34.16631],[-117.56825,34.16533],[-117.56756,34.16436],[-117.56621,34.16437],[-117.56554,34.16535]]],"type":"Polygon"},"properties":{"bbox":{"roads":{"area":45.41,"pct":0.11}},"city_same":1,"id":"hex:2388:17462"},"type":"Feature"},{"geometry":{"coordinates":[[[-117.56558,34.1712],[-117.56626,34.17218],[-117.56762,34.17217],[-117.56829,34.17119],[-117.5676,34.17022],[-117.56625,34.17022],[-117.56558,34.1712]]],"type":"Polygon"},"properties":{"bbox":{"roads":{"area":815.51,"pct":2.01}},"city_same":1,"id":"hex:2388:17465"},"type":"Feature"},{"geometry":{"coordinates":[[[-117.56559,34.17316],[-117.56627,34.17413],[-117.56763,34.17412],[-117.5683,34.17314],[-117.56762,34.17217],[-117.56626,34.17218],[-117.56559,34.17316]]],"type":"Polygon"},"properties":{"bbox":{"roads":{"area":846.4,"pct":2.08}},"city_same":1,"id":"hex:2388:17466"},"type":"Feature"},{"geometry":{"coordinates":[[[-117.56495,34.07748],[-117.5636,34.07749],[-117.56347,34.07731],[-117.56506,34.07732],[-117.56495,34.07748]]],"type":"Polygon"},"properties":{"bbox":{"roads":{"area":1524.69,"pct":59.07}},"city_same":1,"id":"hex:2389:17416"},"type":"Feature"},{"geometry":{"coordinates":[[[-117.56293,34.07847],[-117.56361,34.07944],[-117.56497,34.07943],[-117.56564,34.07846],[-117.56495,34.07748],[-117.5636,34.07749],[-117.56293,34.07847]]],"type":"Polygon"},"properties":{"bbox":{"roads":{"area":3549.68,"pct":8.74},"sidewalks":{"area":34.9,"pct":0.09}},"city_same":1,"id":"hex:2389:17417"},"type":"Feature"},{"geometry":{"coordinates":[[[-117.56294,34.08042],[-117.56362,34.08139],[-117.56498,34.08139],[-117.56565,34.08041],[-117.56497,34.07943],[-117.56361,34.07944],[-117.56294,34.08042]]],"type":"Polygon"},"properties":{"bbox":{"roads":{"area":6780.06,"pct":16.7},"sidewalks":{"area":667.22,"pct":1.64}},"city_same":1,"id":"hex:2389:17418"},"type":"Feature"},{"geometry":{"coordinates":[[[-117.56295,34.08237],[-117.56364,34.08335],[-117.56499,34.08334],[-117.56566,34.08236],[-117.56498,34.08139],[-117.56362,34.08139],[-117.56295,34.08237]]],"type":"Polygon"},"properties":{"bbox":{"roads":{"area":5026.8,"pct":12.38},"sidewalks":{"area":325.3,"pct":0.8}},"city_same":1,"id":"hex:2389:17419"},"type":"Feature"},{"geometry":{"coordinates":[[[-117.56297,34.08433],[-117.56365,34.0853],[-117.565,34.08529],[-117.56567,34.08431],[-117.56499,34.08334],[-117.56364,34.08335],[-117.56297,34.08433]]],"type":"Polygon"},"properties":{"bbox":{"roads":{"area":7476.64,"pct":18.42},"sidewalks":{"area":113.48,"pct":0.28}},"city":{"roads":{"area":4162.21,"pct":10.25},"sidewalks":{"area":113.48,"pct":0.28}},"id":"hex:2389:17420"},"type":"Feature"},{"geometry":{"coordinates":[[[-117.56298,34.08628],[-117.56366,34.08725],[-117.56502,34.08725],[-117.56569,34.08627],[-117.565,34.08529],[-117.56365,34.0853],[-117.56298,34.08628]]],"type":"Polygon"},"properties":{"bbox":{"roads":{"area":796.53,"pct":1.96}},"city_same":1,"id":"hex:2389:17421"},"type":"Feature"},{"geometry":{"coordinates":[[[-117.56299,34.08823],[-117.56367,34.0892],[-117.56503,34.0892],[-117.5657,34.08822],[-117.56502,34.08725],[-117.56366,34.08725],[-117.56299,34.08823]]],"type":"Polygon"},"properties":{"bbox":{"roads":{"area":87.87,"pct":0.22}},"city_same":1,"id":"hex:2389:17422"},"type":"Feature"},{"geometry":{"coordinates":[[[-117.56302,34.09214],[-117.5637,34.09311],[-117.56506,34.0931],[-117.56573,34.09212],[-117.56504,34.09115],[-117.56369,34.09116],[-117.56302,34.09214]]],"type":"Polygon"},"properties":{"bbox":{"roads":{"area":1627.38,"pct":4.01}},"city_same":1,"id":"hex:2389:17424"},"type":"Feature"},{"geometry":{"coordinates":[[[-117.56303,34.09409],[-117.56371,34.09506],[-117.56507,34.09506],[-117.56574,34.09408],[-117.56506,34.0931],[-117.5637,34.09311],[-117.56303,34.09409]]],"type":"Polygon"},"properties":{"bbox":{"roads":{"area":7129.71,"pct":17.56},"sidewalks":{"area":256.28,"pct":0.63}},"city_same":1,"id":"hex:2389:17425"},"type":"Feature"},{"geometry":{"coordinates":[[[-117.56304,34.09604],[-117.56373,34.09701],[-117.56508,34.09701],[-117.56575,34.09603],[-117.56507,34.09506],[-117.56371,34.09506],[-117.56304,34.09604]]],"type":"Polygon"},"properties":{"bbox":{"roads":{"area":4525.89,"pct":11.15}},"city_same":1,"id":"hex:2389:17426"},"type":"Feature"},{"geometry":{"coordinates":[[[-117.56306,34.09799],[-117.56374,34.09897],[-117.56509,34.09896],[-117.56577,34.09798],[-117.56508,34.09701],[-117.56373,34.09701],[-117.56306,34.09799]]],"type":"Polygon"},"properties":{"bbox":{"roads":{"area":5270.76,"pct":12.98},"sidewalks":{"area":4.06,"pct":0.01}},"city_same":1,"id":"hex:2389:17427"},"type":"Feature"},{"geometry":{"coordinates":[[[-117.56307,34.09995],[-117.56375,34.10092],[-117.56511,34.10091],[-117.56578,34.09993],[-117.56509,34.09896],[-117.56374,34.09897],[-117.56307,34.09995]]],"type":"Polygon"},"properties":{"bbox":{"roads":{"area":10365.67,"pct":25.53},"sidewalks":{"area":27.26,"pct":0.07}},"city":{"roads":{"area":8049.25,"pct":19.83},"sidewalks":{"area":27.26,"pct":0.07}},"id":"hex:2389:17428"},"type":"Feature"},{"geometry":{"coordinates":[[[-117.56308,34.1019],[-117.56377,34.10287],[-117.56512,34.10287],[-117.56579,34.10189],[-117.56511,34.10091],[-117.56375,34.10092],[-117.56308,34.1019]]],"type":"Polygon"},"properties":{"bbox":{"parking":{"area":1505.35,"pct":3.71},"roads":{"area":6866.36,"pct":16.91}},"city_same":1,"id":"hex:2389:17429"},"type":"Feature"},{"geometry":{"coordinates":[[[-117.56309,34.10385],[-117.56378,34.10482],[-117.56513,34.10482],[-117.5658,34.10384],[-117.56512,34.10287],[-117.56377,34.10287],[-117.56309,34.10385]]],"type":"Polygon"},"properties":{"bbox":{"roads":{"area":7339.21,"pct":18.08}},"city_same":1,"id":"hex:2389:17430"},"type":"Feature"},{"geometry":{"coordinates":[[[-117.56311,34.1058],[-117.56379,34.10678],[-117.56515,34.10677],[-117.56582,34.10579],[-117.56513,34.10482],[-117.56378,34.10482],[-117.56311,34.1058]]],"type":"Polygon"},"properties":{"bbox":{"parking":{"area":10962.71,"pct":27.01},"roads":{"area":7418.52,"pct":18.27},"sidewalks":{"area":443.61,"pct":1.09}},"city":{"parking":{"area":10962.71,"pct":27.01},"roads":{"area":3898.22,"pct":9.6},"sidewalks":{"area":443.61,"pct":1.09}},"id":"hex:2389:17431"},"type":"Feature"},{"geometry":{"coordinates":[[[-117.56312,34.10776],[-117.5638,34.10873],[-117.56516,34.10872],[-117.56583,34.10774],[-117.56515,34.10677],[-117.56379,34.10678],[-117.56312,34.10776]]],"type":"Polygon"},"properties":{"bbox":{"parking":{"area":14957.39,"pct":36.85},"roads":{"area":7117.28,"pct":17.53},"sidewalks":{"area":278.25,"pct":0.69}},"city":{"parking":{"area":14957.39,"pct":36.85},"roads":{"area":5324.58,"pct":13.12},"sidewalks":{"area":278.25,"pct":0.69}},"id":"hex:2389:17432"},"type":"Feature"},{"geometry":{"coordinates":[[[-117.56313,34.10971],[-117.56382,34.11068],[-117.56517,34.11068],[-117.56584,34.1097],[-117.56516,34.10872],[-117.5638,34.10873],[-117.56313,34.10971]]],"type":"Polygon"},"properties":{"bbox":{"roads":{"area":3827.36,"pct":9.43},"sidewalks":{"area":139.12,"pct":0.34}},"city":{"roads":{"area":3250.9,"pct":8.01},"sidewalks":{"area":139.12,"pct":0.34}},"id":"hex:2389:17433"},"type":"Feature"},{"geometry":{"coordinates":[[[-117.56315,34.11166],[-117.56383,34.11263],[-117.56519,34.11263],[-117.56586,34.11165],[-117.56517,34.11068],[-117.56382,34.11068],[-117.56315,34.11166]]],"type":"Polygon"},"properties":{"bbox":{"roads":{"area":5171.22,"pct":12.74},"sidewalks":{"area":649.19,"pct":1.6}},"city_same":1,"id":"hex:2389:17434"},"type":"Feature"},{"geometry":{"coordinates":[[[-117.56316,34.11361],[-117.56384,34.11459],[-117.5652,34.11458],[-117.56587,34.1136],[-117.56519,34.11263],[-117.56383,34.11263],[-117.56316,34.11361]]],"type":"Polygon"},"properties":{"bbox":{"roads":{"area":3718.2,"pct":9.16},"sidewalks":{"area":317.23,"pct":0.78}},"city_same":1,"id":"hex:2389:17435"},"type":"Feature"},{"geometry":{"coordinates":[[[-117.56317,34.11557],[-117.56386,34.11654],[-117.56521,34.11653],[-117.56588,34.11555],[-117.5652,34.11458],[-117.56384,34.11459],[-117.56317,34.11557]]],"type":"Polygon"},"properties":{"bbox":{"roads":{"area":4001.01,"pct":9.86}},"city_same":1,"id":"hex:2389:17436"},"type":"Feature"},{"geometry":{"coordinates":[[[-117.56319,34.11752],[-117.56387,34.11849],[-117.56522,34.11849],[-117.5659,34.11751],[-117.56521,34.11653],[-117.56386,34.11654],[-117.56319,34.11752]]],"type":"Polygon"},"properties":{"bbox":{"parking":{"area":848.43,"pct":2.09},"roads":{"area":3706.3,"pct":9.13}},"city_same":1,"id":"hex:2389:17437"},"type":"Feature"},{"geometry":{"coordinates":[[[-117.5632,34.11947],[-117.56388,34.12044],[-117.56524,34.12044],[-117.56591,34.11946],[-117.56522,34.11849],[-117.56387,34.11849],[-117.5632,34.11947]]],"type":"Polygon"},"properties":{"bbox":{"roads":{"area":3650.56,"pct":8.99}},"city_same":1,"id":"hex:2389:17438"},"type":"Feature"},{"geometry":{"coordinates":[[[-117.56321,34.12142],[-117.5639,34.1224],[-117.56525,34.12239],[-117.56592,34.12141],[-117.56524,34.12044],[-117.56388,34.12044],[-117.56321,34.12142]]],"type":"Polygon"},"properties":{"bbox":{"roads":{"area":6545.31,"pct":16.12}},"city_same":1,"id":"hex:2389:17439"},"type":"Feature"},{"geometry":{"coordinates":[[[-117.56322,34.12338],[-117.56391,34.12435],[-117.56526,34.12434],[-117.56593,34.12336],[-117.56525,34.12239],[-117.5639,34.1224],[-117.56322,34.12338]]],"type":"Polygon"},"properties":{"bbox":{"roads":{"area":199.71,"pct":0.49}},"city_same":1,"id":"hex:2389:17440"},"type":"Feature"},{"geometry":{"coordinates":[[[-117.56324,34.12533],[-117.56392,34.1263],[-117.56528,34.1263],[-117.56595,34.12532],[-117.56526,34.12434],[-117.56391,34.12435],[-117.56324,34.12533]]],"type":"Polygon"},"properties":{"bbox":{"roads":{"area":1206.48,"pct":2.97}},"city_same":1,"id":"hex:2389:17441"},"type":"Feature"},{"geometry":{"coordinates":[[[-117.56325,34.12728],[-117.56393,34.12825],[-117.56529,34.12825],[-117.56596,34.12727],[-117.56528,34.1263],[-117.56392,34.1263],[-117.56325,34.12728]]],"type":"Polygon"},"properties":{"bbox":{"roads":{"area":4339.04,"pct":10.69}},"city_same":1,"id":"hex:2389:17442"},"type":"Feature"},{"geometry":{"coordinates":[[[-117.56326,34.12923],[-117.56395,34.13021],[-117.5653,34.1302],[-117.56597,34.12922],[-117.56529,34.12825],[-117.56393,34.12825],[-117.56326,34.12923]]],"type":"Polygon"},"properties":{"bbox":{"roads":{"area":2636.74,"pct":6.5}},"city_same":1,"id":"hex:2389:17443"},"type":"Feature"},{"geometry":{"coordinates":[[[-117.56328,34.13119],[-117.56396,34.13216],[-117.56532,34.13215],[-117.56599,34.13117],[-117.5653,34.1302],[-117.56395,34.13021],[-117.56328,34.13119]]],"type":"Polygon"},"properties":{"bbox":{"roads":{"area":3003.5,"pct":7.4}},"city_same":1,"id":"hex:2389:17444"},"type":"Feature"},{"geometry":{"coordinates":[[[-117.56329,34.13314],[-117.56397,34.13411],[-117.56533,34.13411],[-117.566,34.13313],[-117.56532,34.13215],[-117.56396,34.13216],[-117.56329,34.13314]]],"type":"Polygon"},"properties":{"bbox":{"roads":{"area":2231.1,"pct":5.5}},"city_same":1,"id":"hex:2389:17445"},"type":"Feature"},{"geometry":{"coordinates":[[[-117.5633,34.13509],[-117.56399,34.13606],[-117.56534,34.13606],[-117.56601,34.13508],[-117.56533,34.13411],[-117.56397,34.13411],[-117.5633,34.13509]]],"type":"Polygon"},"properties":{"bbox":{"roads":{"area":2192.21,"pct":5.4},"sidewalks":{"area":194.82,"pct":0.48}},"city_same":1,"id":"hex:2389:17446"},"type":"Feature"},{"geometry":{"coordinates":[[[-117.56331,34.13704],[-117.564,34.13802],[-117.56535,34.13801],[-117.56603,34.13703],[-117.56534,34.13606],[-117.56399,34.13606],[-117.56331,34.13704]]],"type":"Polygon"},"properties":{"bbox":{"roads":{"area":7939.93,"pct":19.56}},"city":{"roads":{"area":1412.56,"pct":3.48}},"id":"hex:2389:17447"},"type":"Feature"},{"geometry":{"coordinates":[[[-117.56333,34.139],[-117.56401,34.13997],[-117.56537,34.13996],[-117.56604,34.13898],[-117.56535,34.13801],[-117.564,34.13802],[-117.56333,34.139]]],"type":"Polygon"},"properties":{"bbox":{"roads":{"area":1052.42,"pct":2.59}},"city_same":1,"id":"hex:2389:17448"},"type":"Feature"},{"geometry":{"coordinates":[[[-117.56334,34.14095],[-117.56402,34.14192],[-117.56538,34.14192],[-117.56605,34.14094],[-117.56537,34.13996],[-117.56401,34.13997],[-117.56334,34.14095]]],"type":"Polygon"},"properties":{"bbox":{"roads":{"area":1101.96,"pct":2.71}},"city_same":1,"id":"hex:2389:17449"},"type":"Feature"},{"geometry":{"coordinates":[[[-117.56335,34.1429],[-117.56404,34.14387],[-117.56539,34.14387],[-117.56606,34.14289],[-117.56538,34.14192],[-117.56402,34.14192],[-117.56335,34.1429]]],"type":"Polygon"},"properties":{"bbox":{"roads":{"area":2035.88,"pct":5.02}},"city":{"roads":{"area":78.67,"pct":0.19}},"id":"hex:2389:17450"},"type":"Feature"},{"geometry":{"coordinates":[[[-117.56337,34.14485],[-117.56405,34.14583],[-117.56541,34.14582],[-117.56608,34.14484],[-117.56539,34.14387],[-117.56404,34.14387],[-117.56337,34.14485]]],"type":"Polygon"},"properties":{"bbox":{"roads":{"area":1936.12,"pct":4.77}},"city_same":1,"id":"hex:2389:17451"},"type":"Feature"},{"geometry":{"coordinates":[[[-117.56338,34.14681],[-117.56406,34.14778],[-117.56542,34.14777],[-117.56609,34.14679],[-117.56541,34.14582],[-117.56405,34.14583],[-117.56338,34.14681]]],"type":"Polygon"},"properties":{"bbox":{"parking":{"area":5418.74,"pct":13.35},"roads":{"area":1842.75,"pct":4.54}},"city_same":1,"id":"hex:2389:17452"},"type":"Feature"},{"geometry":{"coordinates":[[[-117.56339,34.14876],[-117.56408,34.14973],[-117.56543,34.14973],[-117.5661,34.14875],[-117.56542,34.14777],[-117.56406,34.14778],[-117.56339,34.14876]]],"type":"Polygon"},"properties":{"bbox":{"roads":{"area":1231.7,"pct":3.03}},"city_same":1,"id":"hex:2389:17453"},"type":"Feature"},{"geometry":{"coordinates":[[[-117.56341,34.15071],[-117.56409,34.15168],[-117.56545,34.15168],[-117.56612,34.1507],[-117.56543,34.14973],[-117.56408,34.14973],[-117.56341,34.15071]]],"type":"Polygon"},"properties":{"bbox":{"roads":{"area":3332.43,"pct":8.21}},"city":{"roads":{"area":1251.4,"pct":3.08}},"id":"hex:2389:17454"},"type":"Feature"},{"geometry":{"coordinates":[[[-117.56342,34.15266],[-117.5641,34.15364],[-117.56546,34.15363],[-117.56613,34.15265],[-117.56545,34.15168],[-117.56409,34.15168],[-117.56342,34.15266]]],"type":"Polygon"},"properties":{"bbox":{"roads":{"area":2146.56,"pct":5.29}},"city_same":1,"id":"hex:2389:17455"},"type":"Feature"},{"geometry":{"coordinates":[[[-117.56343,34.15462],[-117.56412,34.15559],[-117.56547,34.15558],[-117.56614,34.1546],[-117.56546,34.15363],[-117.5641,34.15364],[-117.56343,34.15462]]],"type":"Polygon"},"properties":{"bbox":{"roads":{"area":3335.09,"pct":8.22}},"city_same":1,"id":"hex:2389:17456"},"type":"Feature"},{"geometry":{"coordinates":[[[-117.56344,34.15657],[-117.56413,34.15754],[-117.56548,34.15754],[-117.56616,34.15656],[-117.56547,34.15558],[-117.56412,34.15559],[-117.56344,34.15657]]],"type":"Polygon"},"properties":{"bbox":{"roads":{"area":1439.17,"pct":3.55}},"city_same":1,"id":"hex:2389:17457"},"type":"Feature"},{"geometry":{"coordinates":[[[-117.56346,34.15852],[-117.56414,34.15949],[-117.5655,34.15949],[-117.56617,34.15851],[-117.56548,34.15754],[-117.56413,34.15754],[-117.56346,34.15852]]],"type":"Polygon"},"properties":{"bbox":{"roads":{"area":1955.63,"pct":4.82}},"city_same":1,"id":"hex:2389:17458"},"type":"Feature"},{"geometry":{"coordinates":[[[-117.56347,34.16047],[-117.56415,34.16145],[-117.56551,34.16144],[-117.56618,34.16046],[-117.5655,34.15949],[-117.56414,34.15949],[-117.56347,34.16047]]],"type":"Polygon"},"properties":{"bbox":{"roads":{"area":1933.23,"pct":4.76}},"city_same":1,"id":"hex:2389:17459"},"type":"Feature"},{"geometry":{"coordinates":[[[-117.56348,34.16243],[-117.56417,34.1634],[-117.56552,34.16339],[-117.5662,34.16241],[-117.56551,34.16144],[-117.56415,34.16145],[-117.56348,34.16243]]],"type":"Polygon"},"properties":{"bbox":{"roads":{"area":2409.24,"pct":5.93}},"city_same":1,"id":"hex:2389:17460"},"type":"Feature"},{"geometry":{"coordinates":[[[-117.5635,34.16438],[-117.56418,34.16535],[-117.56554,34.16535],[-117.56621,34.16437],[-117.56552,34.16339],[-117.56417,34.1634],[-117.5635,34.16438]]],"type":"Polygon"},"properties":{"bbox":{"roads":{"area":824.87,"pct":2.03}},"city_same":1,"id":"hex:2389:17461"},"type":"Feature"},{"geometry":{"coordinates":[[[-117.56352,34.16828],[-117.56421,34.16926],[-117.56556,34.16925],[-117.56623,34.16827],[-117.56555,34.1673],[-117.56419,34.1673],[-117.56352,34.16828]]],"type":"Polygon"},"properties":{"bbox":{"roads":{"area":776.77,"pct":1.91}},"city_same":1,"id":"hex:2389:17463"},"type":"Feature"},{"geometry":{"coordinates":[[[-117.56353,34.17024],[-117.56422,34.17121],[-117.56558,34.1712],[-117.56625,34.17022],[-117.56556,34.16925],[-117.56421,34.16926],[-117.56353,34.17024]]],"type":"Polygon"},"properties":{"bbox":{"roads":{"area":516.76,"pct":1.27}},"city_same":1,"id":"hex:2389:17464"},"type":"Feature"},{"geometry":{"coordinates":[[[-117.5636,34.07749],[-117.56293,34.07847],[-117.56157,34.07847],[-117.56089,34.0775],[-117.56103,34.07729],[-117.56347,34.07731],[-117.5636,34.07749]]],"type":"Polygon"},"properties":{"bbox":{"roads":{"area":5697.99,"pct":22.42},"sidewalks":{"area":257.56,"pct":1.01}},"city_same":1,"id":"hex:2390:17417"},"type":"Feature"},{"geometry":{"coordinates":[[[-117.5609,34.07945],[-117.56158,34.08043],[-117.56294,34.08042],[-117.56361,34.07944],[-117.56293,34.07847],[-117.56157,34.07847],[-117.5609,34.07945]]],"type":"Polygon"},"properties":{"bbox":{"roads":{"area":3349.69,"pct":8.25}},"city_same":1,"id":"hex:2390:17418"},"type":"Feature"},{"geometry":{"coordinates":[[[-117.56091,34.08141],[-117.5616,34.08238],[-117.56295,34.08237],[-117.56362,34.08139],[-117.56294,34.08042],[-117.56158,34.08043],[-117.56091,34.08141]]],"type":"Polygon"},"properties":{"bbox":{"roads":{"area":4270.92,"pct":10.52},"sidewalks":{"area":163.01,"pct":0.4}},"city_same":1,"id":"hex:2390:17419"},"type":"Feature"},{"geometry":{"coordinates":[[[-117.56093,34.08336],[-117.56161,34.08433],[-117.56297,34.08433],[-117.56364,34.08335],[-117.56295,34.08237],[-117.5616,34.08238],[-117.56093,34.08336]]],"type":"Polygon"},"properties":{"bbox":{"roads":{"area":4951.32,"pct":12.2},"sidewalks":{"area":466.64,"pct":1.15}},"city_same":1,"id":"hex:2390:17420"},"type":"Feature"},{"geometry":{"coordinates":[[[-117.56094,34.08531],[-117.56162,34.08628],[-117.56298,34.08628],[-117.56365,34.0853],[-117.56297,34.08433],[-117.56161,34.08433],[-117.56094,34.08531]]],"type":"Polygon"},"properties":{"bbox":{"roads":{"area":4297.14,"pct":10.59},"sidewalks":{"area":5.39,"pct":0.01}},"city":{"roads":{"area":1206.89,"pct":2.97},"sidewalks":{"area":5.39,"pct":0.01}},"id":"hex:2390:17421"},"type":"Feature"},{"geometry":{"coordinates":[[[-117.56097,34.08922],[-117.56165,34.09019],[-117.563,34.09018],[-117.56367,34.0892],[-117.56299,34.08823],[-117.56164,34.08824],[-117.56097,34.08922]]],"type":"Polygon"},"properties":{"bbox":{"roads":{"area":102.02,"pct":0.25}},"city_same":1,"id":"hex:2390:17423"},"type":"Feature"},{"geometry":{"coordinates":[[[-117.56098,34.09117],[-117.56166,34.09214],[-117.56302,34.09214],[-117.56369,34.09116],[-117.563,34.09018],[-117.56165,34.09019],[-117.56098,34.09117]]],"type":"Polygon"},"properties":{"bbox":{"parking":{"area":5156.11,"pct":12.7},"roads":{"area":1413.16,"pct":3.48}},"city_same":1,"id":"hex:2390:17424"},"type":"Feature"},{"geometry":{"coordinates":[[[-117.56099,34.09312],[-117.56167,34.09409],[-117.56303,34.09409],[-117.5637,34.09311],[-117.56302,34.09214],[-117.56166,34.09214],[-117.56099,34.09312]]],"type":"Polygon"},"properties":{"bbox":{"roads":{"area":3441.1,"pct":8.48}},"city_same":1,"id":"hex:2390:17425"},"type":"Feature"},{"geometry":{"coordinates":[[[-117.561,34.09507],[-117.56169,34.09605],[-117.56304,34.09604],[-117.56371,34.09506],[-117.56303,34.09409],[-117.56167,34.09409],[-117.561,34.09507]]],"type":"Polygon"},"properties":{"bbox":{"roads":{"area":5714.93,"pct":14.08},"sidewalks":{"area":310.19,"pct":0.76}},"city_same":1,"id":"hex:2390:17426"},"type":"Feature"},{"geometry":{"coordinates":[[[-117.56102,34.09703],[-117.5617,34.098],[-117.56306,34.09799],[-117.56373,34.09701],[-117.56304,34.09604],[-117.56169,34.09605],[-117.56102,34.09703]]],"type":"Polygon"},"properties":{"bbox":{"roads":{"area":3318.45,"pct":8.17}},"city_same":1,"id":"hex:2390:17427"},"type":"Feature"},{"geometry":{"coordinates":[[[-117.56103,34.09898],[-117.56171,34.09995],[-117.56307,34.09995],[-117.56374,34.09897],[-117.56306,34.09799],[-117.5617,34.098],[-117.56103,34.09898]]],"type":"Polygon"},"properties":{"bbox":{"roads":{"area":7048.22,"pct":17.36}},"city":{"roads":{"area":2854.9,"pct":7.03}},"id":"hex:2390:17428"},"type":"Feature"},{"geometry":{"coordinates":[[[-117.56104,34.10093],[-117.56173,34.1019],[-117.56308,34.1019],[-117.56375,34.10092],[-117.56307,34.09995],[-117.56171,34.09995],[-117.56104,34.10093]]],"type":"Polygon"},"properties":{"bbox":{"roads":{"area":3917.9,"pct":9.65}},"city_same":1,"id":"hex:2390:17429"},"type":"Feature"},{"geometry":{"coordinates":[[[-117.56106,34.10288],[-117.56174,34.10386],[-117.56309,34.10385],[-117.56377,34.10287],[-117.56308,34.1019],[-117.56173,34.1019],[-117.56106,34.10288]]],"type":"Polygon"},"properties":{"bbox":{"roads":{"area":8287.84,"pct":20.42}},"city_same":1,"id":"hex:2390:17430"},"type":"Feature"},{"geometry":{"coordinates":[[[-117.56107,34.10484],[-117.56175,34.10581],[-117.56311,34.1058],[-117.56378,34.10482],[-117.56309,34.10385],[-117.56174,34.10386],[-117.56107,34.10484]]],"type":"Polygon"},"properties":{"bbox":{"parking":{"area":12409,"pct":30.57},"roads":{"area":5133.01,"pct":12.64}},"city_same":1,"id":"hex:2390:17431"},"type":"Feature"},{"geometry":{"coordinates":[[[-117.56108,34.10679],[-117.56177,34.10776],[-117.56312,34.10776],[-117.56379,34.10678],[-117.56311,34.1058],[-117.56175,34.10581],[-117.56108,34.10679]]],"type":"Polygon"},"properties":{"bbox":{"parking":{"area":19085.86,"pct":47.02},"roads":{"area":11561.4,"pct":28.48},"sidewalks":{"area":573.93,"pct":1.41}},"city":{"parking":{"area":19085.86,"pct":47.02},"roads":{"area":6593.21,"pct":16.24},"sidewalks":{"area":573.93,"pct":1.41}},"id":"hex:2390:17432"},"type":"Feature"},{"geometry":{"coordinates":[[[-117.56109,34.10874],[-117.56178,34.10971],[-117.56313,34.10971],[-117.5638,34.10873],[-117.56312,34.10776],[-117.56177,34.10776],[-117.56109,34.10874]]],"type":"Polygon"},"properties":{"bbox":{"parking":{"area":1982.07,"pct":4.88},"roads":{"area":5795.8,"pct":14.28},"sidewalks":{"area":702.98,"pct":1.73}},"city":{"parking":{"area":1982.07,"pct":4.88},"roads":{"area":2298.65,"pct":5.66},"sidewalks":{"area":702.98,"pct":1.73}},"id":"hex:2390:17433"},"type":"Feature"},{"geometry":{"coordinates":[[[-117.56111,34.11069],[-117.56179,34.11167],[-117.56315,34.11166],[-117.56382,34.11068],[-117.56313,34.10971],[-117.56178,34.10971],[-117.56111,34.11069]]],"type":"Polygon"},"properties":{"bbox":{"parking":{"area":946.51,"pct":2.33},"roads":{"area":4217.99,"pct":10.39},"sidewalks":{"area":650.32,"pct":1.6}},"city_same":1,"id":"hex:2390:17434"},"type":"Feature"},{"geometry":{"coordinates":[[[-117.56112,34.11265],[-117.5618,34.11362],[-117.56316,34.11361],[-117.56383,34.11263],[-117.56315,34.11166],[-117.56179,34.11167],[-117.56112,34.11265]]],"type":"Polygon"},"properties":{"bbox":{"roads":{"area":1330.22,"pct":3.28},"sidewalks":{"area":245.22,"pct":0.6}},"city_same":1,"id":"hex:2390:17435"},"type":"Feature"},{"geometry":{"coordinates":[[[-117.56113,34.1146],[-117.56182,34.11557],[-117.56317,34.11557],[-117.56384,34.11459],[-117.56316,34.11361],[-117.5618,34.11362],[-117.56113,34.1146]]],"type":"Polygon"},"properties":{"bbox":{"roads":{"area":3850.92,"pct":9.49}},"city_same":1,"id":"hex:2390:17436"},"type":"Feature"},{"geometry":{"coordinates":[[[-117.56115,34.11655],[-117.56183,34.11752],[-117.56319,34.11752],[-117.56386,34.11654],[-117.56317,34.11557],[-117.56182,34.11557],[-117.56115,34.11655]]],"type":"Polygon"},"properties":{"bbox":{"roads":{"area":4614.25,"pct":11.37}},"city_same":1,"id":"hex:2390:17437"},"type":"Feature"},{"geometry":{"coordinates":[[[-117.56116,34.1185],[-117.56184,34.11948],[-117.5632,34.11947],[-117.56387,34.11849],[-117.56319,34.11752],[-117.56183,34.11752],[-117.56116,34.1185]]],"type":"Polygon"},"properties":{"bbox":{"roads":{"area":6438.45,"pct":15.86}},"city_same":1,"id":"hex:2390:17438"},"type":"Feature"},{"geometry":{"coordinates":[[[-117.56117,34.12046],[-117.56186,34.12143],[-117.56321,34.12142],[-117.56388,34.12044],[-117.5632,34.11947],[-117.56184,34.11948],[-117.56117,34.12046]]],"type":"Polygon"},"properties":{"bbox":{"roads":{"area":4087.31,"pct":10.07}},"city_same":1,"id":"hex:2390:17439"},"type":"Feature"},{"geometry":{"coordinates":[[[-117.56118,34.12241],[-117.56187,34.12338],[-117.56322,34.12338],[-117.5639,34.1224],[-117.56321,34.12142],[-117.56186,34.12143],[-117.56118,34.12241]]],"type":"Polygon"},"properties":{"bbox":{"parking":{"area":5114.94,"pct":12.6},"roads":{"area":4748.71,"pct":11.7}},"city_same":1,"id":"hex:2390:17440"},"type":"Feature"},{"geometry":{"coordinates":[[[-117.5612,34.12436],[-117.56188,34.12533],[-117.56324,34.12533],[-117.56391,34.12435],[-117.56322,34.12338],[-117.56187,34.12338],[-117.5612,34.12436]]],"type":"Polygon"},"properties":{"bbox":{"roads":{"area":551.24,"pct":1.36}},"city_same":1,"id":"hex:2390:17441"},"type":"Feature"},{"geometry":{"coordinates":[[[-117.56121,34.12631],[-117.56189,34.12729],[-117.56325,34.12728],[-117.56392,34.1263],[-117.56324,34.12533],[-117.56188,34.12533],[-117.56121,34.12631]]],"type":"Polygon"},"properties":{"bbox":{"roads":{"area":3271.78,"pct":8.06}},"city_same":1,"id":"hex:2390:17442"},"type":"Feature"},{"geometry":{"coordinates":[[[-117.56122,34.12827],[-117.56191,34.12924],[-117.56326,34.12923],[-117.56393,34.12825],[-117.56325,34.12728],[-117.56189,34.12729],[-117.56122,34.12827]]],"type":"Polygon"},"properties":{"bbox":{"roads":{"area":2617.82,"pct":6.45}},"city_same":1,"id":"hex:2390:17443"},"type":"Feature"},{"geometry":{"coordinates":[[[-117.56124,34.13022],[-117.56192,34.13119],[-117.56328,34.13119],[-117.56395,34.13021],[-117.56326,34.12923],[-117.56191,34.12924],[-117.56124,34.13022]]],"type":"Polygon"},"properties":{"bbox":{"parking":{"area":861.89,"pct":2.12},"roads":{"area":3291.29,"pct":8.11},"sidewalks":{"area":153.95,"pct":0.38}},"city_same":1,"id":"hex:2390:17444"},"type":"Feature"},{"geometry":{"coordinates":[[[-117.56125,34.13217],[-117.56193,34.13314],[-117.56329,34.13314],[-117.56396,34.13216],[-117.56328,34.13119],[-117.56192,34.13119],[-117.56125,34.13217]]],"type":"Polygon"},"properties":{"bbox":{"roads":{"area":3299.79,"pct":8.13}},"city_same":1,"id":"hex:2390:17445"},"type":"Feature"},{"geometry":{"coordinates":[[[-117.56126,34.13412],[-117.56195,34.1351],[-117.5633,34.13509],[-117.56397,34.13411],[-117.56329,34.13314],[-117.56193,34.13314],[-117.56126,34.13412]]],"type":"Polygon"},"properties":{"bbox":{"roads":{"area":3921.53,"pct":9.66}},"city_same":1,"id":"hex:2390:17446"},"type":"Feature"},{"geometry":{"coordinates":[[[-117.56127,34.13608],[-117.56196,34.13705],[-117.56331,34.13704],[-117.56399,34.13606],[-117.5633,34.13509],[-117.56195,34.1351],[-117.56127,34.13608]]],"type":"Polygon"},"properties":{"bbox":{"roads":{"area":8227.02,"pct":20.27},"sidewalks":{"area":398.37,"pct":0.98}},"city":{"roads":{"area":2257.69,"pct":5.56},"sidewalks":{"area":398.37,"pct":0.98}},"id":"hex:2390:17447"},"type":"Feature"},{"geometry":{"coordinates":[[[-117.56129,34.13803],[-117.56197,34.139],[-117.56333,34.139],[-117.564,34.13802],[-117.56331,34.13704],[-117.56196,34.13705],[-117.56129,34.13803]]],"type":"Polygon"},"properties":{"bbox":{"roads":{"area":1388.33,"pct":3.42}},"city_same":1,"id":"hex:2390:17448"},"type":"Feature"},{"geometry":{"coordinates":[[[-117.5613,34.13998],[-117.56198,34.14095],[-117.56334,34.14095],[-117.56401,34.13997],[-117.56333,34.139],[-117.56197,34.139],[-117.5613,34.13998]]],"type":"Polygon"},"properties":{"bbox":{"roads":{"area":1945.06,"pct":4.79}},"city_same":1,"id":"hex:2390:17449"},"type":"Feature"},{"geometry":{"coordinates":[[[-117.56131,34.14193],[-117.562,34.14291],[-117.56335,34.1429],[-117.56402,34.14192],[-117.56334,34.14095],[-117.56198,34.14095],[-117.56131,34.14193]]],"type":"Polygon"},"properties":{"bbox":{"roads":{"area":1587.99,"pct":3.91}},"city_same":1,"id":"hex:2390:17450"},"type":"Feature"},{"geometry":{"coordinates":[[[-117.56133,34.14389],[-117.56201,34.14486],[-117.56337,34.14485],[-117.56404,34.14387],[-117.56335,34.1429],[-117.562,34.14291],[-117.56133,34.14389]]],"type":"Polygon"},"properties":{"bbox":{"roads":{"area":3644.91,"pct":8.98}},"city":{"roads":{"area":2265.15,"pct":5.58}},"id":"hex:2390:17451"},"type":"Feature"},{"geometry":{"coordinates":[[[-117.56134,34.14584],[-117.56202,34.14681],[-117.56338,34.14681],[-117.56405,34.14583],[-117.56337,34.14485],[-117.56201,34.14486],[-117.56134,34.14584]]],"type":"Polygon"},"properties":{"bbox":{"roads":{"area":3075.25,"pct":7.58}},"city_same":1,"id":"hex:2390:17452"},"type":"Feature"},{"geometry":{"coordinates":[[[-117.56135,34.14779],[-117.56204,34.14876],[-117.56339,34.14876],[-117.56406,34.14778],[-117.56338,34.14681],[-117.56202,34.14681],[-117.56135,34.14779]]],"type":"Polygon"},"properties":{"bbox":{"roads":{"area":2677.12,"pct":6.59}},"city_same":1,"id":"hex:2390:17453"},"type":"Feature"},{"geometry":{"coordinates":[[[-117.56136,34.14974],[-117.56205,34.15072],[-117.56341,34.15071],[-117.56408,34.14973],[-117.56339,34.14876],[-117.56204,34.14876],[-117.56136,34.14974]]],"type":"Polygon"},"properties":{"bbox":{"roads":{"area":3555.27,"pct":8.76}},"city":{"roads":{"area":2400.82,"pct":5.91}},"id":"hex:2390:17454"},"type":"Feature"},{"geometry":{"coordinates":[[[-117.56138,34.1517],[-117.56206,34.15267],[-117.56342,34.15266],[-117.56409,34.15168],[-117.56341,34.15071],[-117.56205,34.15072],[-117.56138,34.1517]]],"type":"Polygon"},"properties":{"bbox":{"roads":{"area":1198.99,"pct":2.95}},"city_same":1,"id":"hex:2390:17455"},"type":"Feature"},{"geometry":{"coordinates":[[[-117.56139,34.15365],[-117.56208,34.15462],[-117.56343,34.15462],[-117.5641,34.15364],[-117.56342,34.15266],[-117.56206,34.15267],[-117.56139,34.15365]]],"type":"Polygon"},"properties":{"bbox":{"roads":{"area":2817.73,"pct":6.94}},"city_same":1,"id":"hex:2390:17456"},"type":"Feature"},{"geometry":{"coordinates":[[[-117.5614,34.1556],[-117.56209,34.15658],[-117.56344,34.15657],[-117.56412,34.15559],[-117.56343,34.15462],[-117.56208,34.15462],[-117.5614,34.1556]]],"type":"Polygon"},"properties":{"bbox":{"roads":{"area":1805.15,"pct":4.45}},"city_same":1,"id":"hex:2390:17457"},"type":"Feature"},{"geometry":{"coordinates":[[[-117.56142,34.15755],[-117.5621,34.15853],[-117.56346,34.15852],[-117.56413,34.15754],[-117.56344,34.15657],[-117.56209,34.15658],[-117.56142,34.15755]]],"type":"Polygon"},"properties":{"bbox":{"roads":{"area":740.04,"pct":1.82}},"city_same":1,"id":"hex:2390:17458"},"type":"Feature"},{"geometry":{"coordinates":[[[-117.56143,34.15951],[-117.56211,34.16048],[-117.56347,34.16047],[-117.56414,34.15949],[-117.56346,34.15852],[-117.5621,34.15853],[-117.56143,34.15951]]],"type":"Polygon"},"properties":{"bbox":{"roads":{"area":880.77,"pct":2.17}},"city_same":1,"id":"hex:2390:17459"},"type":"Feature"},{"geometry":{"coordinates":[[[-117.56144,34.16146],[-117.56213,34.16243],[-117.56348,34.16243],[-117.56415,34.16145],[-117.56347,34.16047],[-117.56211,34.16048],[-117.56144,34.16146]]],"type":"Polygon"},"properties":{"bbox":{"roads":{"area":772.03,"pct":1.9}},"city_same":1,"id":"hex:2390:17460"},"type":"Feature"},{"geometry":{"coordinates":[[[-117.56146,34.16341],[-117.56214,34.16439],[-117.5635,34.16438],[-117.56417,34.1634],[-117.56348,34.16243],[-117.56213,34.16243],[-117.56146,34.16341]]],"type":"Polygon"},"properties":{"bbox":{"roads":{"area":1011.33,"pct":2.49}},"city_same":1,"id":"hex:2390:17461"},"type":"Feature"},{"geometry":{"coordinates":[[[-117.56147,34.16536],[-117.56215,34.16634],[-117.56351,34.16633],[-117.56418,34.16535],[-117.5635,34.16438],[-117.56214,34.16439],[-117.56147,34.16536]]],"type":"Polygon"},"properties":{"bbox":{"roads":{"area":997.22,"pct":2.46}},"city_same":1,"id":"hex:2390:17462"},"type":"Feature"},{"geometry":{"coordinates":[[[-117.56148,34.16732],[-117.56217,34.16829],[-117.56352,34.16828],[-117.56419,34.1673],[-117.56351,34.16633],[-117.56215,34.16634],[-117.56148,34.16732]]],"type":"Polygon"},"properties":{"bbox":{"roads":{"area":563.7,"pct":1.39}},"city_same":1,"id":"hex:2390:17463"},"type":"Feature"},{"geometry":{"coordinates":[[[-117.56089,34.0775],[-117.55953,34.07751],[-117.55937,34.07728],[-117.55969,34.07728],[-117.56103,34.07729],[-117.56089,34.0775]]],"type":"Polygon"},"properties":{"bbox":{"roads":{"area":1833.47,"pct":54.6},"sidewalks":{"area":143.79,"pct":4.28}},"city_same":1,"id":"hex:2391:17416"},"type":"Feature"},{"geometry":{"coordinates":[[[-117.55886,34.07849],[-117.55955,34.07946],[-117.5609,34.07945],[-117.56157,34.07847],[-117.56089,34.0775],[-117.55953,34.07751],[-117.55886,34.07849]]],"type":"Polygon"},"properties":{"bbox":{"roads":{"area":5076.84,"pct":12.51},"sidewalks":{"area":14.83,"pct":0.04}},"city_same":1,"id":"hex:2391:17417"},"type":"Feature"},{"geometry":{"coordinates":[[[-117.55887,34.08044],[-117.55956,34.08141],[-117.56091,34.08141],[-117.56158,34.08043],[-117.5609,34.07945],[-117.55955,34.07946],[-117.55887,34.08044]]],"type":"Polygon"},"properties":{"bbox":{"roads":{"area":4924.41,"pct":12.13}},"city_same":1,"id":"hex:2391:17418"},"type":"Feature"},{"geometry":{"coordinates":[[[-117.55889,34.08239],[-117.55957,34.08336],[-117.56093,34.08336],[-117.5616,34.08238],[-117.56091,34.08141],[-117.55956,34.08141],[-117.55889,34.08239]]],"type":"Polygon"},"properties":{"bbox":{"roads":{"area":5341.54,"pct":13.16}},"city_same":1,"id":"hex:2391:17419"},"type":"Feature"},{"geometry":{"coordinates":[[[-117.5589,34.08434],[-117.55958,34.08532],[-117.56094,34.08531],[-117.56161,34.08433],[-117.56093,34.08336],[-117.55957,34.08336],[-117.5589,34.08434]]],"type":"Polygon"},"properties":{"bbox":{"roads":{"area":8043.48,"pct":19.81},"sidewalks":{"area":213.83,"pct":0.53}},"city":{"roads":{"area":3499.74,"pct":8.62},"sidewalks":{"area":213.83,"pct":0.53}},"id":"hex:2391:17420"},"type":"Feature"},{"geometry":{"coordinates":[[[-117.55891,34.0863],[-117.5596,34.08727],[-117.56095,34.08726],[-117.56162,34.08628],[-117.56094,34.08531],[-117.55958,34.08532],[-117.55891,34.0863]]],"type":"Polygon"},"properties":{"bbox":{"roads":{"area":4042.63,"pct":9.96}},"city_same":1,"id":"hex:2391:17421"},"type":"Feature"},{"geometry":{"coordinates":[[[-117.55893,34.08825],[-117.55961,34.08922],[-117.56097,34.08922],[-117.56164,34.08824],[-117.56095,34.08726],[-117.5596,34.08727],[-117.55893,34.08825]]],"type":"Polygon"},"properties":{"bbox":{"roads":{"area":2286.2,"pct":5.63},"sidewalks":{"area":172.15,"pct":0.42}},"city_same":1,"id":"hex:2391:17422"},"type":"Feature"},{"geometry":{"coordinates":[[[-117.55894,34.0902],[-117.55962,34.09117],[-117.56098,34.09117],[-117.56165,34.09019],[-117.56097,34.08922],[-117.55961,34.08922],[-117.55894,34.0902]]],"type":"Polygon"},"properties":{"bbox":{"parking":{"area":7336.3,"pct":18.07},"roads":{"area":8208.69,"pct":20.22},"sidewalks":{"area":710.7,"pct":1.75}},"city_same":1,"id":"hex:2391:17423"},"type":"Feature"},{"geometry":{"coordinates":[[[-117.55895,34.09215],[-117.55964,34.09313],[-117.56099,34.09312],[-117.56166,34.09214],[-117.56098,34.09117],[-117.55962,34.09117],[-117.55895,34.09215]]],"type":"Polygon"},"properties":{"bbox":{"parking":{"area":6436.71,"pct":15.86},"roads":{"area":2415.41,"pct":5.95},"sidewalks":{"area":237.29,"pct":0.58}},"city_same":1,"id":"hex:2391:17424"},"type":"Feature"},{"geometry":{"coordinates":[[[-117.55896,34.09411],[-117.55965,34.09508],[-117.561,34.09507],[-117.56167,34.09409],[-117.56099,34.09312],[-117.55964,34.09313],[-117.55896,34.09411]]],"type":"Polygon"},"properties":{"bbox":{"roads":{"area":6572.81,"pct":16.19},"sidewalks":{"area":257.27,"pct":0.63}},"city_same":1,"id":"hex:2391:17425"},"type":"Feature"},{"geometry":{"coordinates":[[[-117.55898,34.09606],[-117.55966,34.09703],[-117.56102,34.09703],[-117.56169,34.09605],[-117.561,34.09507],[-117.55965,34.09508],[-117.55898,34.09606]]],"type":"Polygon"},"properties":{"bbox":{"roads":{"area":2755.76,"pct":6.79}},"city_same":1,"id":"hex:2391:17426"},"type":"Feature"},{"geometry":{"coordinates":[[[-117.55899,34.09801],[-117.55967,34.09898],[-117.56103,34.09898],[-117.5617,34.098],[-117.56102,34.09703],[-117.55966,34.09703],[-117.55899,34.09801]]],"type":"Polygon"},"properties":{"bbox":{"roads":{"area":4407.38,"pct":10.86}},"city":{"roads":{"area":4379.91,"pct":10.79}},"id":"hex:2391:17427"},"type":"Feature"},{"geometry":{"coordinates":[[[-117.559,34.09996],[-117.55969,34.10094],[-117.56104,34.10093],[-117.56171,34.09995],[-117.56103,34.09898],[-117.55967,34.09898],[-117.559,34.09996]]],"type":"Polygon"},"properties":{"bbox":{"roads":{"area":4265.54,"pct":10.51}},"city":{"roads":{"area":1865.5,"pct":4.6}},"id":"hex:2391:17428"},"type":"Feature"},{"geometry":{"coordinates":[[[-117.55902,34.10192],[-117.5597,34.10289],[-117.56106,34.10288],[-117.56173,34.1019],[-117.56104,34.10093],[-117.55969,34.10094],[-117.55902,34.10192]]],"type":"Polygon"},"properties":{"bbox":{"roads":{"area":3482.5,"pct":8.58}},"city_same":1,"id":"hex:2391:17429"},"type":"Feature"},{"geometry":{"coordinates":[[[-117.55903,34.10387],[-117.55971,34.10484],[-117.56107,34.10484],[-117.56174,34.10386],[-117.56106,34.10288],[-117.5597,34.10289],[-117.55903,34.10387]]],"type":"Polygon"},"properties":{"bbox":{"roads":{"area":7286.65,"pct":17.95}},"city_same":1,"id":"hex:2391:17430"},"type":"Feature"},{"geometry":{"coordinates":[[[-117.55904,34.10582],[-117.55973,34.1068],[-117.56108,34.10679],[-117.56175,34.10581],[-117.56107,34.10484],[-117.55971,34.10484],[-117.55904,34.10582]]],"type":"Polygon"},"properties":{"bbox":{"roads":{"area":7355.92,"pct":18.12},"sidewalks":{"area":469.88,"pct":1.16}},"city":{"roads":{"area":3266.59,"pct":8.05},"sidewalks":{"area":469.88,"pct":1.16}},"id":"hex:2391:17431"},"type":"Feature"},{"geometry":{"coordinates":[[[-117.55905,34.10777],[-117.55974,34.10875],[-117.56109,34.10874],[-117.56177,34.10776],[-117.56108,34.10679],[-117.55973,34.1068],[-117.55905,34.10777]]],"type":"Polygon"},"properties":{"bbox":{"parking":{"area":153.66,"pct":0.38},"roads":{"area":5622.46,"pct":13.85}},"city":{"parking":{"area":153.66,"pct":0.38},"roads":{"area":4535.89,"pct":11.17}},"id":"hex:2391:17432"},"type":"Feature"},{"geometry":{"coordinates":[[[-117.55907,34.10973],[-117.55975,34.1107],[-117.56111,34.11069],[-117.56178,34.10971],[-117.56109,34.10874],[-117.55974,34.10875],[-117.55907,34.10973]]],"type":"Polygon"},"properties":{"bbox":{"roads":{"area":3396.13,"pct":8.37},"sidewalks":{"area":91.26,"pct":0.22}},"city":{"roads":{"area":2279.84,"pct":5.62},"sidewalks":{"area":91.26,"pct":0.22}},"id":"hex:2391:17433"},"type":"Feature"},{"geometry":{"coordinates":[[[-117.55908,34.11168],[-117.55976,34.11265],[-117.56112,34.11265],[-117.56179,34.11167],[-117.56111,34.11069],[-117.55975,34.1107],[-117.55908,34.11168]]],"type":"Polygon"},"properties":{"bbox":{"roads":{"area":2324.36,"pct":5.73}},"city_same":1,"id":"hex:2391:17434"},"type":"Feature"},{"geometry":{"coordinates":[[[-117.55909,34.11363],[-117.55978,34.11461],[-117.56113,34.1146],[-117.5618,34.11362],[-117.56112,34.11265],[-117.55976,34.11265],[-117.55909,34.11363]]],"type":"Polygon"},"properties":{"bbox":{"roads":{"area":1795.08,"pct":4.42}},"city_same":1,"id":"hex:2391:17435"},"type":"Feature"},{"geometry":{"coordinates":[[[-117.55911,34.11558],[-117.55979,34.11656],[-117.56115,34.11655],[-117.56182,34.11557],[-117.56113,34.1146],[-117.55978,34.11461],[-117.55911,34.11558]]],"type":"Polygon"},"properties":{"bbox":{"roads":{"area":4520.88,"pct":11.14}},"city_same":1,"id":"hex:2391:17436"},"type":"Feature"},{"geometry":{"coordinates":[[[-117.55912,34.11754],[-117.5598,34.11851],[-117.56116,34.1185],[-117.56183,34.11752],[-117.56115,34.11655],[-117.55979,34.11656],[-117.55912,34.11754]]],"type":"Polygon"},"properties":{"bbox":{"roads":{"area":3403.88,"pct":8.38}},"city_same":1,"id":"hex:2391:17437"},"type":"Feature"},{"geometry":{"coordinates":[[[-117.55913,34.11949],[-117.55982,34.12046],[-117.56117,34.12046],[-117.56184,34.11948],[-117.56116,34.1185],[-117.5598,34.11851],[-117.55913,34.11949]]],"type":"Polygon"},"properties":{"bbox":{"parking":{"area":889.08,"pct":2.19},"roads":{"area":6998.16,"pct":17.24}},"city_same":1,"id":"hex:2391:17438"},"type":"Feature"},{"geometry":{"coordinates":[[[-117.55914,34.12144],[-117.55983,34.12242],[-117.56118,34.12241],[-117.56186,34.12143],[-117.56117,34.12046],[-117.55982,34.12046],[-117.55914,34.12144]]],"type":"Polygon"},"properties":{"bbox":{"parking":{"area":4832.97,"pct":11.91},"roads":{"area":8667.01,"pct":21.35}},"city_same":1,"id":"hex:2391:17439"},"type":"Feature"},{"geometry":{"coordinates":[[[-117.55916,34.12339],[-117.55984,34.12437],[-117.5612,34.12436],[-117.56187,34.12338],[-117.56118,34.12241],[-117.55983,34.12242],[-117.55916,34.12339]]],"type":"Polygon"},"properties":{"bbox":{"parking":{"area":11847.79,"pct":29.19},"roads":{"area":3494.92,"pct":8.61}},"city_same":1,"id":"hex:2391:17440"},"type":"Feature"},{"geometry":{"coordinates":[[[-117.55917,34.12535],[-117.55985,34.12632],[-117.56121,34.12631],[-117.56188,34.12533],[-117.5612,34.12436],[-117.55984,34.12437],[-117.55917,34.12535]]],"type":"Polygon"},"properties":{"bbox":{"roads":{"area":2080.82,"pct":5.13}},"city_same":1,"id":"hex:2391:17441"},"type":"Feature"},{"geometry":{"coordinates":[[[-117.55918,34.1273],[-117.55987,34.12827],[-117.56122,34.12827],[-117.56189,34.12729],[-117.56121,34.12631],[-117.55985,34.12632],[-117.55918,34.1273]]],"type":"Polygon"},"properties":{"bbox":{"roads":{"area":4244.19,"pct":10.45}},"city_same":1,"id":"hex:2391:17442"},"type":"Feature"},{"geometry":{"coordinates":[[[-117.5592,34.12925],[-117.55988,34.13023],[-117.56124,34.13022],[-117.56191,34.12924],[-117.56122,34.12827],[-117.55987,34.12827],[-117.5592,34.12925]]],"type":"Polygon"},"properties":{"bbox":{"roads":{"area":4108.16,"pct":10.12},"sidewalks":{"area":57.21,"pct":0.14}},"city_same":1,"id":"hex:2391:17443"},"type":"Feature"},{"geometry":{"coordinates":[[[-117.55921,34.1312],[-117.55989,34.13218],[-117.56125,34.13217],[-117.56192,34.13119],[-117.56124,34.13022],[-117.55988,34.13023],[-117.55921,34.1312]]],"type":"Polygon"},"properties":{"bbox":{"roads":{"area":4676.29,"pct":11.52}},"city_same":1,"id":"hex:2391:17444"},"type":"Feature"},{"geometry":{"coordinates":[[[-117.55922,34.13316],[-117.55991,34.13413],[-117.56126,34.13412],[-117.56193,34.13314],[-117.56125,34.13217],[-117.55989,34.13218],[-117.55922,34.13316]]],"type":"Polygon"},"properties":{"bbox":{"roads":{"area":4495.45,"pct":11.07},"sidewalks":{"area":157.58,"pct":0.39}},"city_same":1,"id":"hex:2391:17445"},"type":"Feature"},{"geometry":{"coordinates":[[[-117.55923,34.13511],[-117.55992,34.13608],[-117.56127,34.13608],[-117.56195,34.1351],[-117.56126,34.13412],[-117.55991,34.13413],[-117.55923,34.13511]]],"type":"Polygon"},"properties":{"bbox":{"roads":{"area":3729.75,"pct":9.19},"sidewalks":{"area":125.01,"pct":0.31}},"city_same":1,"id":"hex:2391:17446"},"type":"Feature"},{"geometry":{"coordinates":[[[-117.55925,34.13706],[-117.55993,34.13804],[-117.56129,34.13803],[-117.56196,34.13705],[-117.56127,34.13608],[-117.55992,34.13608],[-117.55925,34.13706]]],"type":"Polygon"},"properties":{"bbox":{"roads":{"area":9029.99,"pct":22.24}},"city":{"roads":{"area":1254.24,"pct":3.09}},"id":"hex:2391:17447"},"type":"Feature"},{"geometry":{"coordinates":[[[-117.55926,34.13901],[-117.55994,34.13999],[-117.5613,34.13998],[-117.56197,34.139],[-117.56129,34.13803],[-117.55993,34.13804],[-117.55926,34.13901]]],"type":"Polygon"},"properties":{"bbox":{"roads":{"area":1699.92,"pct":4.19}},"city_same":1,"id":"hex:2391:17448"},"type":"Feature"},{"geometry":{"coordinates":[[[-117.55927,34.14097],[-117.55996,34.14194],[-117.56131,34.14193],[-117.56198,34.14095],[-117.5613,34.13998],[-117.55994,34.13999],[-117.55927,34.14097]]],"type":"Polygon"},"properties":{"bbox":{"roads":{"area":2782.51,"pct":6.85}},"city_same":1,"id":"hex:2391:17449"},"type":"Feature"},{"geometry":{"coordinates":[[[-117.55929,34.14292],[-117.55997,34.14389],[-117.56133,34.14389],[-117.562,34.14291],[-117.56131,34.14193],[-117.55996,34.14194],[-117.55929,34.14292]]],"type":"Polygon"},"properties":{"bbox":{"roads":{"area":3379.72,"pct":8.33}},"city":{"roads":{"area":2030.22,"pct":5}},"id":"hex:2391:17450"},"type":"Feature"},{"geometry":{"coordinates":[[[-117.5593,34.14487],[-117.55998,34.14585],[-117.56134,34.14584],[-117.56201,34.14486],[-117.56133,34.14389],[-117.55997,34.14389],[-117.5593,34.14487]]],"type":"Polygon"},"properties":{"bbox":{"roads":{"area":147.03,"pct":0.36}},"city_same":1,"id":"hex:2391:17451"},"type":"Feature"},{"geometry":{"coordinates":[[[-117.55931,34.14682],[-117.56,34.1478],[-117.56135,34.14779],[-117.56202,34.14681],[-117.56134,34.14584],[-117.55998,34.14585],[-117.55931,34.14682]]],"type":"Polygon"},"properties":{"bbox":{"roads":{"area":1580.09,"pct":3.89}},"city_same":1,"id":"hex:2391:17452"},"type":"Feature"},{"geometry":{"coordinates":[[[-117.55932,34.14878],[-117.56001,34.14975],[-117.56136,34.14974],[-117.56204,34.14876],[-117.56135,34.14779],[-117.56,34.1478],[-117.55932,34.14878]]],"type":"Polygon"},"properties":{"bbox":{"roads":{"area":2669.11,"pct":6.57}},"city_same":1,"id":"hex:2391:17453"},"type":"Feature"},{"geometry":{"coordinates":[[[-117.55934,34.15073],[-117.56002,34.1517],[-117.56138,34.1517],[-117.56205,34.15072],[-117.56136,34.14974],[-117.56001,34.14975],[-117.55934,34.15073]]],"type":"Polygon"},"properties":{"bbox":{"roads":{"area":4158.17,"pct":10.24}},"city":{"roads":{"area":2180.14,"pct":5.37}},"id":"hex:2391:17454"},"type":"Feature"},{"geometry":{"coordinates":[[[-117.55935,34.15268],[-117.56003,34.15366],[-117.56139,34.15365],[-117.56206,34.15267],[-117.56138,34.1517],[-117.56002,34.1517],[-117.55935,34.15268]]],"type":"Polygon"},"properties":{"bbox":{"roads":{"area":2127.05,"pct":5.24}},"city_same":1,"id":"hex:2391:17455"},"type":"Feature"},{"geometry":{"coordinates":[[[-117.55936,34.15463],[-117.56005,34.15561],[-117.5614,34.1556],[-117.56208,34.15462],[-117.56139,34.15365],[-117.56003,34.15366],[-117.55936,34.15463]]],"type":"Polygon"},"properties":{"bbox":{"roads":{"area":1969.78,"pct":4.85}},"city_same":1,"id":"hex:2391:17456"},"type":"Feature"},{"geometry":{"coordinates":[[[-117.55938,34.15659],[-117.56006,34.15756],[-117.56142,34.15755],[-117.56209,34.15658],[-117.5614,34.1556],[-117.56005,34.15561],[-117.55938,34.15659]]],"type":"Polygon"},"properties":{"bbox":{"roads":{"area":1694.58,"pct":4.17}},"city_same":1,"id":"hex:2391:17457"},"type":"Feature"},{"geometry":{"coordinates":[[[-117.55939,34.15854],[-117.56007,34.15951],[-117.56143,34.15951],[-117.5621,34.15853],[-117.56142,34.15755],[-117.56006,34.15756],[-117.55939,34.15854]]],"type":"Polygon"},"properties":{"bbox":{"roads":{"area":757.79,"pct":1.87}},"city_same":1,"id":"hex:2391:17458"},"type":"Feature"},{"geometry":{"coordinates":[[[-117.5594,34.16049],[-117.56009,34.16147],[-117.56144,34.16146],[-117.56211,34.16048],[-117.56143,34.15951],[-117.56007,34.15951],[-117.5594,34.16049]]],"type":"Polygon"},"properties":{"bbox":{"roads":{"area":759.69,"pct":1.87}},"city_same":1,"id":"hex:2391:17459"},"type":"Feature"},{"geometry":{"coordinates":[[[-117.55941,34.16244],[-117.5601,34.16342],[-117.56146,34.16341],[-117.56213,34.16243],[-117.56144,34.16146],[-117.56009,34.16147],[-117.55941,34.16244]]],"type":"Polygon"},"properties":{"bbox":{"roads":{"area":785.63,"pct":1.94}},"city_same":1,"id":"hex:2391:17460"},"type":"Feature"},{"geometry":{"coordinates":[[[-117.55943,34.1644],[-117.56011,34.16537],[-117.56147,34.16536],[-117.56214,34.16439],[-117.56146,34.16341],[-117.5601,34.16342],[-117.55943,34.1644]]],"type":"Polygon"},"properties":{"bbox":{"roads":{"area":577.13,"pct":1.42}},"city_same":1,"id":"hex:2391:17461"},"type":"Feature"},{"geometry":{"coordinates":[[[-117.55953,34.07751],[-117.55886,34.07849],[-117.55751,34.07849],[-117.55682,34.07752],[-117.557,34.07726],[-117.55937,34.07728],[-117.55953,34.07751]]],"type":"Polygon"},"properties":{"bbox":{"roads":{"area":9911.84,"pct":37.31},"sidewalks":{"area":588.12,"pct":2.21}},"city_same":1,"id":"hex:2392:17417"},"type":"Feature"},{"geometry":{"coordinates":[[[-117.55684,34.07947],[-117.55752,34.08045],[-117.55887,34.08044],[-117.55955,34.07946],[-117.55886,34.07849],[-117.55751,34.07849],[-117.55684,34.07947]]],"type":"Polygon"},"properties":{"bbox":{"roads":{"area":8369.27,"pct":20.62},"sidewalks":{"area":329.76,"pct":0.81}},"city_same":1,"id":"hex:2392:17418"},"type":"Feature"},{"geometry":{"coordinates":[[[-117.55685,34.08142],[-117.55753,34.0824],[-117.55889,34.08239],[-117.55956,34.08141],[-117.55887,34.08044],[-117.55752,34.08045],[-117.55685,34.08142]]],"type":"Polygon"},"properties":{"bbox":{"roads":{"area":9153.62,"pct":22.55},"sidewalks":{"area":312.02,"pct":0.77}},"city_same":1,"id":"hex:2392:17419"},"type":"Feature"},{"geometry":{"coordinates":[[[-117.55686,34.08338],[-117.55755,34.08435],[-117.5589,34.08434],[-117.55957,34.08336],[-117.55889,34.08239],[-117.55753,34.0824],[-117.55686,34.08338]]],"type":"Polygon"},"properties":{"bbox":{"roads":{"area":9162.42,"pct":22.57},"sidewalks":{"area":327.01,"pct":0.81}},"city_same":1,"id":"hex:2392:17420"},"type":"Feature"},{"geometry":{"coordinates":[[[-117.55687,34.08533],[-117.55756,34.0863],[-117.55891,34.0863],[-117.55958,34.08532],[-117.5589,34.08434],[-117.55755,34.08435],[-117.55687,34.08533]]],"type":"Polygon"},"properties":{"bbox":{"roads":{"area":10359.73,"pct":25.52},"sidewalks":{"area":309.58,"pct":0.76}},"city":{"roads":{"area":6894.87,"pct":16.98},"sidewalks":{"area":309.58,"pct":0.76}},"id":"hex:2392:17421"},"type":"Feature"},{"geometry":{"coordinates":[[[-117.55689,34.08728],[-117.55757,34.08826],[-117.55893,34.08825],[-117.5596,34.08727],[-117.55891,34.0863],[-117.55756,34.0863],[-117.55689,34.08728]]],"type":"Polygon"},"properties":{"bbox":{"roads":{"area":8722.09,"pct":21.49},"sidewalks":{"area":261.28,"pct":0.64}},"city_same":1,"id":"hex:2392:17422"},"type":"Feature"},{"geometry":{"coordinates":[[[-117.5569,34.08923],[-117.55758,34.09021],[-117.55894,34.0902],[-117.55961,34.08922],[-117.55893,34.08825],[-117.55757,34.08826],[-117.5569,34.08923]]],"type":"Polygon"},"properties":{"bbox":{"parking":{"area":23.55,"pct":0.06},"roads":{"area":8984.12,"pct":22.13},"sidewalks":{"area":565.71,"pct":1.39}},"city_same":1,"id":"hex:2392:17423"},"type":"Feature"},{"geometry":{"coordinates":[[[-117.55691,34.09119],[-117.5576,34.09216],[-117.55895,34.09215],[-117.55962,34.09117],[-117.55894,34.0902],[-117.55758,34.09021],[-117.55691,34.09119]]],"type":"Polygon"},"properties":{"bbox":{"parking":{"area":16108.13,"pct":39.68},"roads":{"area":8226.57,"pct":20.27},"sidewalks":{"area":350.36,"pct":0.86}},"city_same":1,"id":"hex:2392:17424"},"type":"Feature"},{"geometry":{"coordinates":[[[-117.55693,34.09314],[-117.55761,34.09411],[-117.55896,34.09411],[-117.55964,34.09313],[-117.55895,34.09215],[-117.5576,34.09216],[-117.55693,34.09314]]],"type":"Polygon"},"properties":{"bbox":{"roads":{"area":1405,"pct":3.46},"sidewalks":{"area":194.73,"pct":0.48}},"city_same":1,"id":"hex:2392:17425"},"type":"Feature"},{"geometry":{"coordinates":[[[-117.55694,34.09509],[-117.55762,34.09607],[-117.55898,34.09606],[-117.55965,34.09508],[-117.55896,34.09411],[-117.55761,34.09411],[-117.55694,34.09509]]],"type":"Polygon"},"properties":{"bbox":{"roads":{"area":4586.18,"pct":11.3},"sidewalks":{"area":305.23,"pct":0.75}},"city_same":1,"id":"hex:2392:17426"},"type":"Feature"},{"geometry":{"coordinates":[[[-117.55695,34.09704],[-117.55764,34.09802],[-117.55899,34.09801],[-117.55966,34.09703],[-117.55898,34.09606],[-117.55762,34.09607],[-117.55695,34.09704]]],"type":"Polygon"},"properties":{"bbox":{"roads":{"area":1700.56,"pct":4.19}},"city_same":1,"id":"hex:2392:17427"},"type":"Feature"},{"geometry":{"coordinates":[[[-117.55696,34.099],[-117.55765,34.09997],[-117.559,34.09996],[-117.55967,34.09898],[-117.55899,34.09801],[-117.55764,34.09802],[-117.55696,34.099]]],"type":"Polygon"},"properties":{"bbox":{"roads":{"area":7353.59,"pct":18.11},"sidewalks":{"area":179.9,"pct":0.44}},"city":{"roads":{"area":3111.49,"pct":7.66},"sidewalks":{"area":179.9,"pct":0.44}},"id":"hex:2392:17428"},"type":"Feature"},{"geometry":{"coordinates":[[[-117.55698,34.10095],[-117.55766,34.10192],[-117.55902,34.10192],[-117.55969,34.10094],[-117.559,34.09996],[-117.55765,34.09997],[-117.55698,34.10095]]],"type":"Polygon"},"properties":{"bbox":{"roads":{"area":1714.86,"pct":4.22}},"city_same":1,"id":"hex:2392:17429"},"type":"Feature"},{"geometry":{"coordinates":[[[-117.55699,34.1029],[-117.55767,34.10388],[-117.55903,34.10387],[-117.5597,34.10289],[-117.55902,34.10192],[-117.55766,34.10192],[-117.55699,34.1029]]],"type":"Polygon"},"properties":{"bbox":{"roads":{"area":1696.28,"pct":4.18},"sidewalks":{"area":141.11,"pct":0.35}},"city_same":1,"id":"hex:2392:17430"},"type":"Feature"},{"geometry":{"coordinates":[[[-117.557,34.10485],[-117.55769,34.10583],[-117.55904,34.10582],[-117.55971,34.10484],[-117.55903,34.10387],[-117.55767,34.10388],[-117.557,34.10485]]],"type":"Polygon"},"properties":{"bbox":{"roads":{"area":3808.06,"pct":9.38},"sidewalks":{"area":102.03,"pct":0.25}},"city_same":1,"id":"hex:2392:17431"},"type":"Feature"},{"geometry":{"coordinates":[[[-117.55702,34.10681],[-117.5577,34.10778],[-117.55905,34.10777],[-117.55973,34.1068],[-117.55904,34.10582],[-117.55769,34.10583],[-117.55702,34.10681]]],"type":"Polygon"},"properties":{"bbox":{"roads":{"area":8675.07,"pct":21.37},"sidewalks":{"area":611.82,"pct":1.51}},"city":{"roads":{"area":2817.39,"pct":6.94},"sidewalks":{"area":611.82,"pct":1.51}},"id":"hex:2392:17432"},"type":"Feature"},{"geometry":{"coordinates":[[[-117.55703,34.10876],[-117.55771,34.10973],[-117.55907,34.10973],[-117.55974,34.10875],[-117.55905,34.10777],[-117.5577,34.10778],[-117.55703,34.10876]]],"type":"Polygon"},"properties":{"bbox":{"roads":{"area":6583.41,"pct":16.22},"sidewalks":{"area":30.2,"pct":0.07}},"city":{"roads":{"area":3579.49,"pct":8.82},"sidewalks":{"area":30.2,"pct":0.07}},"id":"hex:2392:17433"},"type":"Feature"},{"geometry":{"coordinates":[[[-117.55704,34.11071],[-117.55773,34.11169],[-117.55908,34.11168],[-117.55975,34.1107],[-117.55907,34.10973],[-117.55771,34.10973],[-117.55704,34.11071]]],"type":"Polygon"},"properties":{"bbox":{"parking":{"area":562.4,"pct":1.39},"roads":{"area":7999.25,"pct":19.71}},"city_same":1,"id":"hex:2392:17434"},"type":"Feature"},{"geometry":{"coordinates":[[[-117.55705,34.11266],[-117.55774,34.11364],[-117.55909,34.11363],[-117.55976,34.11265],[-117.55908,34.11168],[-117.55773,34.11169],[-117.55705,34.11266]]],"type":"Polygon"},"properties":{"bbox":{"parking":{"area":2781.35,"pct":6.85},"roads":{"area":7865.99,"pct":19.38},"sidewalks":{"area":86.02,"pct":0.21}},"city_same":1,"id":"hex:2392:17435"},"type":"Feature"},{"geometry":{"coordinates":[[[-117.55707,34.11462],[-117.55775,34.11559],[-117.55911,34.11558],[-117.55978,34.11461],[-117.55909,34.11363],[-117.55774,34.11364],[-117.55707,34.11462]]],"type":"Polygon"},"properties":{"bbox":{"roads":{"area":8309.68,"pct":20.47},"sidewalks":{"area":6.72,"pct":0.02}},"city_same":1,"id":"hex:2392:17436"},"type":"Feature"},{"geometry":{"coordinates":[[[-117.55708,34.11657],[-117.55776,34.11754],[-117.55912,34.11754],[-117.55979,34.11656],[-117.55911,34.11558],[-117.55775,34.11559],[-117.55708,34.11657]]],"type":"Polygon"},"properties":{"bbox":{"roads":{"area":6696.87,"pct":16.5}},"city_same":1,"id":"hex:2392:17437"},"type":"Feature"},{"geometry":{"coordinates":[[[-117.55709,34.11852],[-117.55778,34.1195],[-117.55913,34.11949],[-117.5598,34.11851],[-117.55912,34.11754],[-117.55776,34.11754],[-117.55709,34.11852]]],"type":"Polygon"},"properties":{"bbox":{"parking":{"area":567.87,"pct":1.4},"roads":{"area":10812.04,"pct":26.63},"sidewalks":{"area":141.2,"pct":0.35}},"city_same":1,"id":"hex:2392:17438"},"type":"Feature"},{"geometry":{"coordinates":[[[-117.55711,34.12048],[-117.55779,34.12145],[-117.55914,34.12144],[-117.55982,34.12046],[-117.55913,34.11949],[-117.55778,34.1195],[-117.55711,34.12048]]],"type":"Polygon"},"properties":{"bbox":{"parking":{"area":8779.66,"pct":21.63},"roads":{"area":11462.74,"pct":28.24},"sidewalks":{"area":391.37,"pct":0.96}},"city_same":1,"id":"hex:2392:17439"},"type":"Feature"},{"geometry":{"coordinates":[[[-117.55712,34.12243],[-117.5578,34.1234],[-117.55916,34.12339],[-117.55983,34.12242],[-117.55914,34.12144],[-117.55779,34.12145],[-117.55712,34.12243]]],"type":"Polygon"},"properties":{"bbox":{"parking":{"area":1839.52,"pct":4.53},"roads":{"area":9838.5,"pct":24.24}},"city_same":1,"id":"hex:2392:17440"},"type":"Feature"},{"geometry":{"coordinates":[[[-117.55713,34.12438],[-117.55781,34.12535],[-117.55917,34.12535],[-117.55984,34.12437],[-117.55916,34.12339],[-117.5578,34.1234],[-117.55713,34.12438]]],"type":"Polygon"},"properties":{"bbox":{"parking":{"area":1718.72,"pct":4.23},"roads":{"area":7779.84,"pct":19.16}},"city_same":1,"id":"hex:2392:17441"},"type":"Feature"},{"geometry":{"coordinates":[[[-117.55714,34.12633],[-117.55783,34.12731],[-117.55918,34.1273],[-117.55985,34.12632],[-117.55917,34.12535],[-117.55781,34.12535],[-117.55714,34.12633]]],"type":"Polygon"},"properties":{"bbox":{"roads":{"area":7577.47,"pct":18.67}},"city_same":1,"id":"hex:2392:17442"},"type":"Feature"},{"geometry":{"coordinates":[[[-117.55716,34.12829],[-117.55784,34.12926],[-117.5592,34.12925],[-117.55987,34.12827],[-117.55918,34.1273],[-117.55783,34.12731],[-117.55716,34.12829]]],"type":"Polygon"},"properties":{"bbox":{"roads":{"area":7058.91,"pct":17.39}},"city_same":1,"id":"hex:2392:17443"},"type":"Feature"},{"geometry":{"coordinates":[[[-117.55717,34.13024],[-117.55785,34.13121],[-117.55921,34.1312],[-117.55988,34.13023],[-117.5592,34.12925],[-117.55784,34.12926],[-117.55717,34.13024]]],"type":"Polygon"},"properties":{"bbox":{"roads":{"area":8886.28,"pct":21.89}},"city_same":1,"id":"hex:2392:17444"},"type":"Feature"},{"geometry":{"coordinates":[[[-117.55718,34.13219],[-117.55787,34.13316],[-117.55922,34.13316],[-117.55989,34.13218],[-117.55921,34.1312],[-117.55785,34.13121],[-117.55718,34.13219]]],"type":"Polygon"},"properties":{"bbox":{"roads":{"area":7514.09,"pct":18.51}},"city_same":1,"id":"hex:2392:17445"},"type":"Feature"},{"geometry":{"coordinates":[[[-117.55719,34.13414],[-117.55788,34.13512],[-117.55923,34.13511],[-117.55991,34.13413],[-117.55922,34.13316],[-117.55787,34.13316],[-117.55719,34.13414]]],"type":"Polygon"},"properties":{"bbox":{"roads":{"area":9118.38,"pct":22.46}},"city_same":1,"id":"hex:2392:17446"},"type":"Feature"},{"geometry":{"coordinates":[[[-117.55721,34.1361],[-117.55789,34.13707],[-117.55925,34.13706],[-117.55992,34.13608],[-117.55923,34.13511],[-117.55788,34.13512],[-117.55721,34.1361]]],"type":"Polygon"},"properties":{"bbox":{"roads":{"area":14118.45,"pct":34.78}},"city":{"roads":{"area":7238.46,"pct":17.83}},"id":"hex:2392:17447"},"type":"Feature"},{"geometry":{"coordinates":[[[-117.55722,34.13805],[-117.5579,34.13902],[-117.55926,34.13901],[-117.55993,34.13804],[-117.55925,34.13706],[-117.55789,34.13707],[-117.55722,34.13805]]],"type":"Polygon"},"properties":{"bbox":{"roads":{"area":8393.61,"pct":20.68}},"city":{"roads":{"area":3009.01,"pct":7.41}},"id":"hex:2392:17448"},"type":"Feature"},{"geometry":{"coordinates":[[[-117.55723,34.14],[-117.55792,34.14097],[-117.55927,34.14097],[-117.55994,34.13999],[-117.55926,34.13901],[-117.5579,34.13902],[-117.55723,34.14]]],"type":"Polygon"},"properties":{"bbox":{"roads":{"area":7852.78,"pct":19.34}},"city":{"roads":{"area":2777.19,"pct":6.84}},"id":"hex:2392:17449"},"type":"Feature"},{"geometry":{"coordinates":[[[-117.55725,34.14195],[-117.55793,34.14293],[-117.55929,34.14292],[-117.55996,34.14194],[-117.55927,34.14097],[-117.55792,34.14097],[-117.55725,34.14195]]],"type":"Polygon"},"properties":{"bbox":{"roads":{"area":7366.98,"pct":18.15}},"city":{"roads":{"area":2434.28,"pct":6}},"id":"hex:2392:17450"},"type":"Feature"},{"geometry":{"coordinates":[[[-117.55726,34.14391],[-117.55794,34.14488],[-117.5593,34.14487],[-117.55997,34.14389],[-117.55929,34.14292],[-117.55793,34.14293],[-117.55726,34.14391]]],"type":"Polygon"},"properties":{"bbox":{"parking":{"area":3743.05,"pct":9.22},"roads":{"area":8712.31,"pct":21.46},"sidewalks":{"area":115.13,"pct":0.28}},"city":{"parking":{"area":3743.05,"pct":9.22},"roads":{"area":1547.81,"pct":3.81},"sidewalks":{"area":115.13,"pct":0.28}},"id":"hex:2392:17451"},"type":"Feature"},{"geometry":{"coordinates":[[[-117.55727,34.14586],[-117.55796,34.14683],[-117.55931,34.14682],[-117.55998,34.14585],[-117.5593,34.14487],[-117.55794,34.14488],[-117.55727,34.14586]]],"type":"Polygon"},"properties":{"bbox":{"parking":{"area":10789.6,"pct":26.58},"roads":{"area":7124.55,"pct":17.55},"sidewalks":{"area":78.4,"pct":0.19}},"city":{"parking":{"area":10789.6,"pct":26.58},"roads":{"area":2862.54,"pct":7.05},"sidewalks":{"area":78.4,"pct":0.19}},"id":"hex:2392:17452"},"type":"Feature"},{"geometry":{"coordinates":[[[-117.55728,34.14781],[-117.55797,34.14878],[-117.55932,34.14878],[-117.56,34.1478],[-117.55931,34.14682],[-117.55796,34.14683],[-117.55728,34.14781]]],"type":"Polygon"},"properties":{"bbox":{"parking":{"area":1740.97,"pct":4.29},"roads":{"area":2685.71,"pct":6.62},"sidewalks":{"area":38.95,"pct":0.1}},"city":{"parking":{"area":1740.97,"pct":4.29},"roads":{"area":461.07,"pct":1.14},"sidewalks":{"area":38.95,"pct":0.1}},"id":"hex:2392:17453"},"type":"Feature"},{"geometry":{"coordinates":[[[-117.5573,34.14976],[-117.55798,34.15074],[-117.55934,34.15073],[-117.56001,34.14975],[-117.55932,34.14878],[-117.55797,34.14878],[-117.5573,34.14976]]],"type":"Polygon"},"properties":{"bbox":{"roads":{"area":2109.15,"pct":5.2}},"id":"hex:2392:17454"},"type":"Feature"},{"geometry":{"coordinates":[[[-117.55682,34.07752],[-117.55547,34.07753],[-117.55528,34.07726],[-117.55563,34.07725],[-117.557,34.07726],[-117.55682,34.07752]]],"type":"Polygon"},"properties":{"bbox":{"roads":{"area":2212.98,"pct":53.25},"sidewalks":{"area":182.31,"pct":4.39}},"city_same":1,"id":"hex:2393:17416"},"type":"Feature"},{"geometry":{"coordinates":[[[-117.5548,34.0785],[-117.55548,34.07948],[-117.55684,34.07947],[-117.55751,34.07849],[-117.55682,34.07752],[-117.55547,34.07753],[-117.5548,34.0785]]],"type":"Polygon"},"properties":{"bbox":{"roads":{"area":7318.58,"pct":18.03}},"city_same":1,"id":"hex:2393:17417"},"type":"Feature"},{"geometry":{"coordinates":[[[-117.55481,34.08046],[-117.55549,34.08143],[-117.55685,34.08142],[-117.55752,34.08045],[-117.55684,34.07947],[-117.55548,34.07948],[-117.55481,34.08046]]],"type":"Polygon"},"properties":{"bbox":{"roads":{"area":6752.61,"pct":16.63}},"city_same":1,"id":"hex:2393:17418"},"type":"Feature"},{"geometry":{"coordinates":[[[-117.55482,34.08241],[-117.55551,34.08338],[-117.55686,34.08338],[-117.55753,34.0824],[-117.55685,34.08142],[-117.55549,34.08143],[-117.55482,34.08241]]],"type":"Polygon"},"properties":{"bbox":{"roads":{"area":4277.28,"pct":10.54}},"city_same":1,"id":"hex:2393:17419"},"type":"Feature"},{"geometry":{"coordinates":[[[-117.55484,34.08436],[-117.55552,34.08534],[-117.55687,34.08533],[-117.55755,34.08435],[-117.55686,34.08338],[-117.55551,34.08338],[-117.55484,34.08436]]],"type":"Polygon"},"properties":{"bbox":{"roads":{"area":8985.37,"pct":22.13}},"city":{"roads":{"area":4322.03,"pct":10.65}},"id":"hex:2393:17420"},"type":"Feature"},{"geometry":{"coordinates":[[[-117.55485,34.08632],[-117.55553,34.08729],[-117.55689,34.08728],[-117.55756,34.0863],[-117.55687,34.08533],[-117.55552,34.08534],[-117.55485,34.08632]]],"type":"Polygon"},"properties":{"bbox":{"roads":{"area":5260.81,"pct":12.96}},"city_same":1,"id":"hex:2393:17421"},"type":"Feature"},{"geometry":{"coordinates":[[[-117.55486,34.08827],[-117.55555,34.08924],[-117.5569,34.08923],[-117.55757,34.08826],[-117.55689,34.08728],[-117.55553,34.08729],[-117.55486,34.08827]]],"type":"Polygon"},"properties":{"bbox":{"roads":{"area":6107.71,"pct":15.05}},"city_same":1,"id":"hex:2393:17422"},"type":"Feature"},{"geometry":{"coordinates":[[[-117.55487,34.09022],[-117.55556,34.09119],[-117.55691,34.09119],[-117.55758,34.09021],[-117.5569,34.08923],[-117.55555,34.08924],[-117.55487,34.09022]]],"type":"Polygon"},"properties":{"bbox":{"roads":{"area":4441,"pct":10.94}},"city_same":1,"id":"hex:2393:17423"},"type":"Feature"},{"geometry":{"coordinates":[[[-117.55489,34.09217],[-117.55557,34.09315],[-117.55693,34.09314],[-117.5576,34.09216],[-117.55691,34.09119],[-117.55556,34.09119],[-117.55489,34.09217]]],"type":"Polygon"},"properties":{"bbox":{"roads":{"area":3928.85,"pct":9.68}},"city_same":1,"id":"hex:2393:17424"},"type":"Feature"},{"geometry":{"coordinates":[[[-117.5549,34.09413],[-117.55558,34.0951],[-117.55694,34.09509],[-117.55761,34.09411],[-117.55693,34.09314],[-117.55557,34.09315],[-117.5549,34.09413]]],"type":"Polygon"},"properties":{"bbox":{"roads":{"area":9393.71,"pct":23.14},"sidewalks":{"area":585.72,"pct":1.44}},"city_same":1,"id":"hex:2393:17425"},"type":"Feature"},{"geometry":{"coordinates":[[[-117.55491,34.09608],[-117.5556,34.09705],[-117.55695,34.09704],[-117.55762,34.09607],[-117.55694,34.09509],[-117.55558,34.0951],[-117.55491,34.09608]]],"type":"Polygon"},"properties":{"bbox":{"roads":{"area":7000.79,"pct":17.25},"sidewalks":{"area":326.09,"pct":0.8}},"city_same":1,"id":"hex:2393:17426"},"type":"Feature"},{"geometry":{"coordinates":[[[-117.55493,34.09803],[-117.55561,34.099],[-117.55696,34.099],[-117.55764,34.09802],[-117.55695,34.09704],[-117.5556,34.09705],[-117.55493,34.09803]]],"type":"Polygon"},"properties":{"bbox":{"roads":{"area":9721.78,"pct":23.95},"sidewalks":{"area":324.46,"pct":0.8}},"city":{"roads":{"area":9302.83,"pct":22.92},"sidewalks":{"area":324.46,"pct":0.8}},"id":"hex:2393:17427"},"type":"Feature"},{"geometry":{"coordinates":[[[-117.55494,34.09998],[-117.55562,34.10096],[-117.55698,34.10095],[-117.55765,34.09997],[-117.55696,34.099],[-117.55561,34.099],[-117.55494,34.09998]]],"type":"Polygon"},"properties":{"bbox":{"roads":{"area":10773.73,"pct":26.54},"sidewalks":{"area":447.53,"pct":1.1}},"city":{"roads":{"area":8892.02,"pct":21.9},"sidewalks":{"area":447.53,"pct":1.1}},"id":"hex:2393:17428"},"type":"Feature"},{"geometry":{"coordinates":[[[-117.55495,34.10194],[-117.55563,34.10291],[-117.55699,34.1029],[-117.55766,34.10192],[-117.55698,34.10095],[-117.55562,34.10096],[-117.55495,34.10194]]],"type":"Polygon"},"properties":{"bbox":{"roads":{"area":6940.99,"pct":17.1},"sidewalks":{"area":334.71,"pct":0.82}},"city_same":1,"id":"hex:2393:17429"},"type":"Feature"},{"geometry":{"coordinates":[[[-117.55496,34.10389],[-117.55565,34.10486],[-117.557,34.10485],[-117.55767,34.10388],[-117.55699,34.1029],[-117.55563,34.10291],[-117.55496,34.10389]]],"type":"Polygon"},"properties":{"bbox":{"roads":{"area":9898.75,"pct":24.38},"sidewalks":{"area":956.32,"pct":2.36}},"city_same":1,"id":"hex:2393:17430"},"type":"Feature"},{"geometry":{"coordinates":[[[-117.55498,34.10584],[-117.55566,34.10681],[-117.55702,34.10681],[-117.55769,34.10583],[-117.557,34.10485],[-117.55565,34.10486],[-117.55498,34.10584]]],"type":"Polygon"},"properties":{"bbox":{"roads":{"area":15857.28,"pct":39.06},"sidewalks":{"area":1032.47,"pct":2.54}},"city":{"roads":{"area":10819.21,"pct":26.65},"sidewalks":{"area":1032.47,"pct":2.54}},"id":"hex:2393:17431"},"type":"Feature"},{"geometry":{"coordinates":[[[-117.55499,34.10779],[-117.55567,34.10877],[-117.55703,34.10876],[-117.5577,34.10778],[-117.55702,34.10681],[-117.55566,34.10681],[-117.55499,34.10779]]],"type":"Polygon"},"properties":{"bbox":{"roads":{"area":7692.63,"pct":18.95},"sidewalks":{"area":308.26,"pct":0.76}},"city_same":1,"id":"hex:2393:17432"},"type":"Feature"},{"geometry":{"coordinates":[[[-117.555,34.10975],[-117.55569,34.11072],[-117.55704,34.11071],[-117.55771,34.10973],[-117.55703,34.10876],[-117.55567,34.10877],[-117.555,34.10975]]],"type":"Polygon"},"properties":{"bbox":{"roads":{"area":8184.53,"pct":20.16},"sidewalks":{"area":814.77,"pct":2.01}},"city":{"roads":{"area":4535.41,"pct":11.17},"sidewalks":{"area":814.77,"pct":2.01}},"id":"hex:2393:17433"},"type":"Feature"},{"geometry":{"coordinates":[[[-117.55501,34.1117],[-117.5557,34.11267],[-117.55705,34.11266],[-117.55773,34.11169],[-117.55704,34.11071],[-117.55569,34.11072],[-117.55501,34.1117]]],"type":"Polygon"},"properties":{"bbox":{"parking":{"area":793.01,"pct":1.95},"roads":{"area":3084.59,"pct":7.6}},"city_same":1,"id":"hex:2393:17434"},"type":"Feature"},{"geometry":{"coordinates":[[[-117.55503,34.11365],[-117.55571,34.11462],[-117.55707,34.11462],[-117.55774,34.11364],[-117.55705,34.11266],[-117.5557,34.11267],[-117.55503,34.11365]]],"type":"Polygon"},"properties":{"bbox":{"roads":{"area":2008.38,"pct":4.95}},"city_same":1,"id":"hex:2393:17435"},"type":"Feature"},{"geometry":{"coordinates":[[[-117.55504,34.1156],[-117.55572,34.11658],[-117.55708,34.11657],[-117.55775,34.11559],[-117.55707,34.11462],[-117.55571,34.11462],[-117.55504,34.1156]]],"type":"Polygon"},"properties":{"bbox":{"roads":{"area":4830.89,"pct":11.9},"sidewalks":{"area":65.35,"pct":0.16}},"city_same":1,"id":"hex:2393:17436"},"type":"Feature"},{"geometry":{"coordinates":[[[-117.55505,34.11756],[-117.55574,34.11853],[-117.55709,34.11852],[-117.55776,34.11754],[-117.55708,34.11657],[-117.55572,34.11658],[-117.55505,34.11756]]],"type":"Polygon"},"properties":{"bbox":{"roads":{"area":4457.48,"pct":10.98},"sidewalks":{"area":152.47,"pct":0.38}},"city_same":1,"id":"hex:2393:17437"},"type":"Feature"},{"geometry":{"coordinates":[[[-117.55507,34.11951],[-117.55575,34.12048],[-117.55711,34.12048],[-117.55778,34.1195],[-117.55709,34.11852],[-117.55574,34.11853],[-117.55507,34.11951]]],"type":"Polygon"},"properties":{"bbox":{"parking":{"area":3220.55,"pct":7.93},"roads":{"area":6870.33,"pct":16.92},"sidewalks":{"area":517.39,"pct":1.27}},"city_same":1,"id":"hex:2393:17438"},"type":"Feature"},{"geometry":{"coordinates":[[[-117.55508,34.12146],[-117.55576,34.12243],[-117.55712,34.12243],[-117.55779,34.12145],[-117.55711,34.12048],[-117.55575,34.12048],[-117.55508,34.12146]]],"type":"Polygon"},"properties":{"bbox":{"parking":{"area":10566.74,"pct":26.03},"roads":{"area":10120.59,"pct":24.93},"sidewalks":{"area":380.16,"pct":0.94}},"city_same":1,"id":"hex:2393:17439"},"type":"Feature"},{"geometry":{"coordinates":[[[-117.55509,34.12341],[-117.55578,34.12439],[-117.55713,34.12438],[-117.5578,34.1234],[-117.55712,34.12243],[-117.55576,34.12243],[-117.55509,34.12341]]],"type":"Polygon"},"properties":{"bbox":{"roads":{"area":3577.53,"pct":8.81}},"city_same":1,"id":"hex:2393:17440"},"type":"Feature"},{"geometry":{"coordinates":[[[-117.5551,34.12537],[-117.55579,34.12634],[-117.55714,34.12633],[-117.55781,34.12535],[-117.55713,34.12438],[-117.55578,34.12439],[-117.5551,34.12537]]],"type":"Polygon"},"properties":{"bbox":{"roads":{"area":2409.96,"pct":5.94}},"city_same":1,"id":"hex:2393:17441"},"type":"Feature"},{"geometry":{"coordinates":[[[-117.55512,34.12732],[-117.5558,34.12829],[-117.55716,34.12829],[-117.55783,34.12731],[-117.55714,34.12633],[-117.55579,34.12634],[-117.55512,34.12732]]],"type":"Polygon"},"properties":{"bbox":{"roads":{"area":4483.11,"pct":11.04}},"city_same":1,"id":"hex:2393:17442"},"type":"Feature"},{"geometry":{"coordinates":[[[-117.55513,34.12927],[-117.55581,34.13024],[-117.55717,34.13024],[-117.55784,34.12926],[-117.55716,34.12829],[-117.5558,34.12829],[-117.55513,34.12927]]],"type":"Polygon"},"properties":{"bbox":{"roads":{"area":3242.99,"pct":7.99}},"city_same":1,"id":"hex:2393:17443"},"type":"Feature"},{"geometry":{"coordinates":[[[-117.55514,34.13122],[-117.55583,34.1322],[-117.55718,34.13219],[-117.55785,34.13121],[-117.55717,34.13024],[-117.55581,34.13024],[-117.55514,34.13122]]],"type":"Polygon"},"properties":{"bbox":{"roads":{"area":2880.31,"pct":7.1}},"city_same":1,"id":"hex:2393:17444"},"type":"Feature"},{"geometry":{"coordinates":[[[-117.55515,34.13318],[-117.55584,34.13415],[-117.55719,34.13414],[-117.55787,34.13316],[-117.55718,34.13219],[-117.55583,34.1322],[-117.55515,34.13318]]],"type":"Polygon"},"properties":{"bbox":{"parking":{"area":975.34,"pct":2.4},"roads":{"area":3056.5,"pct":7.53}},"city_same":1,"id":"hex:2393:17445"},"type":"Feature"},{"geometry":{"coordinates":[[[-117.55517,34.13513],[-117.55585,34.1361],[-117.55721,34.1361],[-117.55788,34.13512],[-117.55719,34.13414],[-117.55584,34.13415],[-117.55517,34.13513]]],"type":"Polygon"},"properties":{"bbox":{"roads":{"area":5722.55,"pct":14.1}},"city":{"roads":{"area":5512.81,"pct":13.58}},"id":"hex:2393:17446"},"type":"Feature"},{"geometry":{"coordinates":[[[-117.55518,34.13708],[-117.55586,34.13805],[-117.55722,34.13805],[-117.55789,34.13707],[-117.55721,34.1361],[-117.55585,34.1361],[-117.55518,34.13708]]],"type":"Polygon"},"properties":{"bbox":{"roads":{"area":8518.18,"pct":20.98}},"city":{"roads":{"area":1042.1,"pct":2.57}},"id":"hex:2393:17447"},"type":"Feature"},{"geometry":{"coordinates":[[[-117.55519,34.13903],[-117.55588,34.14001],[-117.55723,34.14],[-117.5579,34.13902],[-117.55722,34.13805],[-117.55586,34.13805],[-117.55519,34.13903]]],"type":"Polygon"},"properties":{"bbox":{"roads":{"area":3968.27,"pct":9.78}},"city_same":1,"id":"hex:2393:17448"},"type":"Feature"},{"geometry":{"coordinates":[[[-117.55521,34.14099],[-117.55589,34.14196],[-117.55725,34.14195],[-117.55792,34.14097],[-117.55723,34.14],[-117.55588,34.14001],[-117.55521,34.14099]]],"type":"Polygon"},"properties":{"bbox":{"roads":{"area":4003.59,"pct":9.86}},"city_same":1,"id":"hex:2393:17449"},"type":"Feature"},{"geometry":{"coordinates":[[[-117.55522,34.14294],[-117.5559,34.14391],[-117.55726,34.14391],[-117.55793,34.14293],[-117.55725,34.14195],[-117.55589,34.14196],[-117.55522,34.14294]]],"type":"Polygon"},"properties":{"bbox":{"roads":{"area":4308.75,"pct":10.61},"sidewalks":{"area":266.13,"pct":0.66}},"city":{"roads":{"area":2865.67,"pct":7.06},"sidewalks":{"area":266.13,"pct":0.66}},"id":"hex:2393:17450"},"type":"Feature"},{"geometry":{"coordinates":[[[-117.55523,34.14489],[-117.55592,34.14586],[-117.55727,34.14586],[-117.55794,34.14488],[-117.55726,34.14391],[-117.5559,34.14391],[-117.55523,34.14489]]],"type":"Polygon"},"properties":{"bbox":{"parking":{"area":185.05,"pct":0.46},"roads":{"area":668.71,"pct":1.65}},"city_same":1,"id":"hex:2393:17451"},"type":"Feature"},{"geometry":{"coordinates":[[[-117.55524,34.14684],[-117.55593,34.14782],[-117.55728,34.14781],[-117.55796,34.14683],[-117.55727,34.14586],[-117.55592,34.14586],[-117.55524,34.14684]]],"type":"Polygon"},"properties":{"bbox":{"parking":{"area":3801.54,"pct":9.36},"roads":{"area":1711.18,"pct":4.22}},"city_same":1,"id":"hex:2393:17452"},"type":"Feature"},{"geometry":{"coordinates":[[[-117.55547,34.07753],[-117.5548,34.0785],[-117.55344,34.07851],[-117.55276,34.07754],[-117.55295,34.07726],[-117.55528,34.07726],[-117.55547,34.07753]]],"type":"Polygon"},"properties":{"bbox":{"roads":{"area":6859.43,"pct":25.05},"sidewalks":{"area":325.36,"pct":1.19}},"city_same":1,"id":"hex:2394:17417"},"type":"Feature"},{"geometry":{"coordinates":[[[-117.55277,34.07949],[-117.55346,34.08046],[-117.55481,34.08046],[-117.55548,34.07948],[-117.5548,34.0785],[-117.55344,34.07851],[-117.55277,34.07949]]],"type":"Polygon"},"properties":{"bbox":{"roads":{"area":4928.91,"pct":12.14}},"city_same":1,"id":"hex:2394:17418"},"type":"Feature"},{"geometry":{"coordinates":[[[-117.55278,34.08144],[-117.55347,34.08242],[-117.55482,34.08241],[-117.55549,34.08143],[-117.55481,34.08046],[-117.55346,34.08046],[-117.55278,34.08144]]],"type":"Polygon"},"properties":{"bbox":{"roads":{"area":2712.72,"pct":6.68}},"city_same":1,"id":"hex:2394:17419"},"type":"Feature"},{"geometry":{"coordinates":[[[-117.5528,34.0834],[-117.55348,34.08437],[-117.55484,34.08436],[-117.55551,34.08338],[-117.55482,34.08241],[-117.55347,34.08242],[-117.5528,34.0834]]],"type":"Polygon"},"properties":{"bbox":{"roads":{"area":2858.96,"pct":7.04}},"city_same":1,"id":"hex:2394:17420"},"type":"Feature"},{"geometry":{"coordinates":[[[-117.55281,34.08535],[-117.55349,34.08632],[-117.55485,34.08632],[-117.55552,34.08534],[-117.55484,34.08436],[-117.55348,34.08437],[-117.55281,34.08535]]],"type":"Polygon"},"properties":{"bbox":{"roads":{"area":5403.31,"pct":13.31}},"city":{"roads":{"area":2617.29,"pct":6.45}},"id":"hex:2394:17421"},"type":"Feature"},{"geometry":{"coordinates":[[[-117.55282,34.0873],[-117.55351,34.08827],[-117.55486,34.08827],[-117.55553,34.08729],[-117.55485,34.08632],[-117.55349,34.08632],[-117.55282,34.0873]]],"type":"Polygon"},"properties":{"bbox":{"roads":{"area":1479.87,"pct":3.65}},"city_same":1,"id":"hex:2394:17422"},"type":"Feature"},{"geometry":{"coordinates":[[[-117.55284,34.08925],[-117.55352,34.09023],[-117.55487,34.09022],[-117.55555,34.08924],[-117.55486,34.08827],[-117.55351,34.08827],[-117.55284,34.08925]]],"type":"Polygon"},"properties":{"bbox":{"roads":{"area":2016.23,"pct":4.97}},"city_same":1,"id":"hex:2394:17423"},"type":"Feature"},{"geometry":{"coordinates":[[[-117.55285,34.09121],[-117.55353,34.09218],[-117.55489,34.09217],[-117.55556,34.09119],[-117.55487,34.09022],[-117.55352,34.09023],[-117.55285,34.09121]]],"type":"Polygon"},"properties":{"bbox":{"roads":{"area":1366.1,"pct":3.37}},"city_same":1,"id":"hex:2394:17424"},"type":"Feature"},{"geometry":{"coordinates":[[[-117.55286,34.09316],[-117.55354,34.09413],[-117.5549,34.09413],[-117.55557,34.09315],[-117.55489,34.09217],[-117.55353,34.09218],[-117.55286,34.09316]]],"type":"Polygon"},"properties":{"bbox":{"roads":{"area":2373.26,"pct":5.85}},"city_same":1,"id":"hex:2394:17425"},"type":"Feature"},{"geometry":{"coordinates":[[[-117.55287,34.09511],[-117.55356,34.09608],[-117.55491,34.09608],[-117.55558,34.0951],[-117.5549,34.09413],[-117.55354,34.09413],[-117.55287,34.09511]]],"type":"Polygon"},"properties":{"bbox":{"roads":{"area":6287.8,"pct":15.49},"sidewalks":{"area":656.99,"pct":1.62}},"city_same":1,"id":"hex:2394:17426"},"type":"Feature"},{"geometry":{"coordinates":[[[-117.55289,34.09706],[-117.55357,34.09804],[-117.55493,34.09803],[-117.5556,34.09705],[-117.55491,34.09608],[-117.55356,34.09608],[-117.55289,34.09706]]],"type":"Polygon"},"properties":{"bbox":{"roads":{"area":1679.87,"pct":4.14}},"city_same":1,"id":"hex:2394:17427"},"type":"Feature"},{"geometry":{"coordinates":[[[-117.5529,34.09902],[-117.55358,34.09999],[-117.55494,34.09998],[-117.55561,34.099],[-117.55493,34.09803],[-117.55357,34.09804],[-117.5529,34.09902]]],"type":"Polygon"},"properties":{"bbox":{"roads":{"area":7262.62,"pct":17.89}},"city":{"roads":{"area":2373.03,"pct":5.85}},"id":"hex:2394:17428"},"type":"Feature"},{"geometry":{"coordinates":[[[-117.55291,34.10097],[-117.5536,34.10194],[-117.55495,34.10194],[-117.55562,34.10096],[-117.55494,34.09998],[-117.55358,34.09999],[-117.55291,34.10097]]],"type":"Polygon"},"properties":{"bbox":{"roads":{"area":1766.53,"pct":4.35}},"city_same":1,"id":"hex:2394:17429"},"type":"Feature"},{"geometry":{"coordinates":[[[-117.55292,34.10292],[-117.55361,34.10389],[-117.55496,34.10389],[-117.55563,34.10291],[-117.55495,34.10194],[-117.5536,34.10194],[-117.55292,34.10292]]],"type":"Polygon"},"properties":{"bbox":{"roads":{"area":2063.03,"pct":5.08},"sidewalks":{"area":433.06,"pct":1.07}},"city_same":1,"id":"hex:2394:17430"},"type":"Feature"},{"geometry":{"coordinates":[[[-117.55294,34.10487],[-117.55362,34.10585],[-117.55498,34.10584],[-117.55565,34.10486],[-117.55496,34.10389],[-117.55361,34.10389],[-117.55294,34.10487]]],"type":"Polygon"},"properties":{"bbox":{"roads":{"area":4683.83,"pct":11.54},"sidewalks":{"area":305.96,"pct":0.75}},"city_same":1,"id":"hex:2394:17431"},"type":"Feature"},{"geometry":{"coordinates":[[[-117.55295,34.10683],[-117.55363,34.1078],[-117.55499,34.10779],[-117.55566,34.10681],[-117.55498,34.10584],[-117.55362,34.10585],[-117.55295,34.10683]]],"type":"Polygon"},"properties":{"bbox":{"roads":{"area":10863.9,"pct":26.76},"sidewalks":{"area":670.23,"pct":1.65}},"city":{"roads":{"area":5938.39,"pct":14.63},"sidewalks":{"area":670.23,"pct":1.65}},"id":"hex:2394:17432"},"type":"Feature"},{"geometry":{"coordinates":[[[-117.55296,34.10878],[-117.55365,34.10975],[-117.555,34.10975],[-117.55567,34.10877],[-117.55499,34.10779],[-117.55363,34.1078],[-117.55296,34.10878]]],"type":"Polygon"},"properties":{"bbox":{"roads":{"area":5410.98,"pct":13.33},"sidewalks":{"area":125.02,"pct":0.31}},"city":{"roads":{"area":4908.27,"pct":12.09},"sidewalks":{"area":125.02,"pct":0.31}},"id":"hex:2394:17433"},"type":"Feature"},{"geometry":{"coordinates":[[[-117.55298,34.11073],[-117.55366,34.1117],[-117.55501,34.1117],[-117.55569,34.11072],[-117.555,34.10975],[-117.55365,34.10975],[-117.55298,34.11073]]],"type":"Polygon"},"properties":{"bbox":{"roads":{"area":5652.4,"pct":13.92},"sidewalks":{"area":267.01,"pct":0.66}},"city":{"roads":{"area":3753.28,"pct":9.25},"sidewalks":{"area":267.01,"pct":0.66}},"id":"hex:2394:17434"},"type":"Feature"},{"geometry":{"coordinates":[[[-117.55299,34.11268],[-117.55367,34.11366],[-117.55503,34.11365],[-117.5557,34.11267],[-117.55501,34.1117],[-117.55366,34.1117],[-117.55299,34.11268]]],"type":"Polygon"},"properties":{"bbox":{"roads":{"area":4443.18,"pct":10.95}},"city_same":1,"id":"hex:2394:17435"},"type":"Feature"},{"geometry":{"coordinates":[[[-117.553,34.11464],[-117.55368,34.11561],[-117.55504,34.1156],[-117.55571,34.11462],[-117.55503,34.11365],[-117.55367,34.11366],[-117.553,34.11464]]],"type":"Polygon"},"properties":{"bbox":{"roads":{"area":3335.96,"pct":8.22}},"city_same":1,"id":"hex:2394:17436"},"type":"Feature"},{"geometry":{"coordinates":[[[-117.55301,34.11659],[-117.5537,34.11756],[-117.55505,34.11756],[-117.55572,34.11658],[-117.55504,34.1156],[-117.55368,34.11561],[-117.55301,34.11659]]],"type":"Polygon"},"properties":{"bbox":{"roads":{"area":4638.19,"pct":11.43}},"city_same":1,"id":"hex:2394:17437"},"type":"Feature"},{"geometry":{"coordinates":[[[-117.55303,34.11854],[-117.55371,34.11951],[-117.55507,34.11951],[-117.55574,34.11853],[-117.55505,34.11756],[-117.5537,34.11756],[-117.55303,34.11854]]],"type":"Polygon"},"properties":{"bbox":{"roads":{"area":5233.26,"pct":12.89},"sidewalks":{"area":84.44,"pct":0.21}},"city_same":1,"id":"hex:2394:17438"},"type":"Feature"},{"geometry":{"coordinates":[[[-117.55304,34.12049],[-117.55372,34.12147],[-117.55508,34.12146],[-117.55575,34.12048],[-117.55507,34.11951],[-117.55371,34.11951],[-117.55304,34.12049]]],"type":"Polygon"},"properties":{"bbox":{"parking":{"area":538.14,"pct":1.33},"roads":{"area":5154.76,"pct":12.7},"sidewalks":{"area":326.58,"pct":0.8}},"city_same":1,"id":"hex:2394:17439"},"type":"Feature"},{"geometry":{"coordinates":[[[-117.55305,34.12245],[-117.55374,34.12342],[-117.55509,34.12341],[-117.55576,34.12243],[-117.55508,34.12146],[-117.55372,34.12147],[-117.55305,34.12245]]],"type":"Polygon"},"properties":{"bbox":{"roads":{"area":6064,"pct":14.94}},"city_same":1,"id":"hex:2394:17440"},"type":"Feature"},{"geometry":{"coordinates":[[[-117.55306,34.1244],[-117.55375,34.12537],[-117.5551,34.12537],[-117.55578,34.12439],[-117.55509,34.12341],[-117.55374,34.12342],[-117.55306,34.1244]]],"type":"Polygon"},"properties":{"bbox":{"roads":{"area":2231.79,"pct":5.5}},"city_same":1,"id":"hex:2394:17441"},"type":"Feature"},{"geometry":{"coordinates":[[[-117.55308,34.12635],[-117.55376,34.12732],[-117.55512,34.12732],[-117.55579,34.12634],[-117.5551,34.12537],[-117.55375,34.12537],[-117.55308,34.12635]]],"type":"Polygon"},"properties":{"bbox":{"roads":{"area":2896.92,"pct":7.14}},"city_same":1,"id":"hex:2394:17442"},"type":"Feature"},{"geometry":{"coordinates":[[[-117.55309,34.1283],[-117.55377,34.12928],[-117.55513,34.12927],[-117.5558,34.12829],[-117.55512,34.12732],[-117.55376,34.12732],[-117.55309,34.1283]]],"type":"Polygon"},"properties":{"bbox":{"roads":{"area":4418.88,"pct":10.89}},"city_same":1,"id":"hex:2394:17443"},"type":"Feature"},{"geometry":{"coordinates":[[[-117.5531,34.13026],[-117.55379,34.13123],[-117.55514,34.13122],[-117.55581,34.13024],[-117.55513,34.12927],[-117.55377,34.12928],[-117.5531,34.13026]]],"type":"Polygon"},"properties":{"bbox":{"roads":{"area":5497.1,"pct":13.54}},"city_same":1,"id":"hex:2394:17444"},"type":"Feature"},{"geometry":{"coordinates":[[[-117.55312,34.13221],[-117.5538,34.13318],[-117.55515,34.13318],[-117.55583,34.1322],[-117.55514,34.13122],[-117.55379,34.13123],[-117.55312,34.13221]]],"type":"Polygon"},"properties":{"bbox":{"roads":{"area":1629.44,"pct":4.01}},"city_same":1,"id":"hex:2394:17445"},"type":"Feature"},{"geometry":{"coordinates":[[[-117.55313,34.13416],[-117.55381,34.13513],[-117.55517,34.13513],[-117.55584,34.13415],[-117.55515,34.13318],[-117.5538,34.13318],[-117.55313,34.13416]]],"type":"Polygon"},"properties":{"bbox":{"parking":{"area":2017.9,"pct":4.97},"roads":{"area":5018.88,"pct":12.36},"sidewalks":{"area":247.45,"pct":0.61}},"city_same":1,"id":"hex:2394:17446"},"type":"Feature"},{"geometry":{"coordinates":[[[-117.55314,34.13611],[-117.55382,34.13709],[-117.55518,34.13708],[-117.55585,34.1361],[-117.55517,34.13513],[-117.55381,34.13513],[-117.55314,34.13611]]],"type":"Polygon"},"properties":{"bbox":{"parking":{"area":3999.63,"pct":9.85},"roads":{"area":10382.56,"pct":25.58},"sidewalks":{"area":374.72,"pct":0.92}},"city":{"parking":{"area":3999.63,"pct":9.85},"roads":{"area":3321.29,"pct":8.18},"sidewalks":{"area":374.72,"pct":0.92}},"id":"hex:2394:17447"},"type":"Feature"},{"geometry":{"coordinates":[[[-117.55315,34.13807],[-117.55384,34.13904],[-117.55519,34.13903],[-117.55586,34.13805],[-117.55518,34.13708],[-117.55382,34.13709],[-117.55315,34.13807]]],"type":"Polygon"},"properties":{"bbox":{"roads":{"area":3435.13,"pct":8.46}},"city_same":1,"id":"hex:2394:17448"},"type":"Feature"},{"geometry":{"coordinates":[[[-117.55317,34.14002],[-117.55385,34.14099],[-117.55521,34.14099],[-117.55588,34.14001],[-117.55519,34.13903],[-117.55384,34.13904],[-117.55317,34.14002]]],"type":"Polygon"},"properties":{"bbox":{"roads":{"area":3929.44,"pct":9.68}},"city_same":1,"id":"hex:2394:17449"},"type":"Feature"},{"geometry":{"coordinates":[[[-117.55318,34.14197],[-117.55386,34.14294],[-117.55522,34.14294],[-117.55589,34.14196],[-117.55521,34.14099],[-117.55385,34.14099],[-117.55318,34.14197]]],"type":"Polygon"},"properties":{"bbox":{"roads":{"area":3688.84,"pct":9.09}},"city_same":1,"id":"hex:2394:17450"},"type":"Feature"},{"geometry":{"coordinates":[[[-117.55319,34.14392],[-117.55388,34.1449],[-117.55523,34.14489],[-117.5559,34.14391],[-117.55522,34.14294],[-117.55386,34.14294],[-117.55319,34.14392]]],"type":"Polygon"},"properties":{"bbox":{"parking":{"area":2290.48,"pct":5.64},"roads":{"area":4025.52,"pct":9.92},"sidewalks":{"area":200.16,"pct":0.49}},"city":{"parking":{"area":2290.48,"pct":5.64},"roads":{"area":2532.38,"pct":6.24},"sidewalks":{"area":200.16,"pct":0.49}},"id":"hex:2394:17451"},"type":"Feature"},{"geometry":{"coordinates":[[[-117.5532,34.14588],[-117.55389,34.14685],[-117.55524,34.14684],[-117.55592,34.14586],[-117.55523,34.14489],[-117.55388,34.1449],[-117.5532,34.14588]]],"type":"Polygon"},"properties":{"bbox":{"parking":{"area":5724.14,"pct":14.1},"roads":{"area":2717.94,"pct":6.7}},"city_same":1,"id":"hex:2394:17452"},"type":"Feature"},{"geometry":{"coordinates":[[[-117.55276,34.07754],[-117.5514,34.07754],[-117.5512,34.07726],[-117.55195,34.07726],[-117.55295,34.07726],[-117.55276,34.07754]]],"type":"Polygon"},"properties":{"bbox":{"roads":{"area":1944.91,"pct":43.62},"sidewalks":{"area":194.04,"pct":4.35}},"city_same":1,"id":"hex:2395:17416"},"type":"Feature"},{"geometry":{"coordinates":[[[-117.55073,34.07852],[-117.55142,34.0795],[-117.55277,34.07949],[-117.55344,34.07851],[-117.55276,34.07754],[-117.5514,34.07754],[-117.55073,34.07852]]],"type":"Polygon"},"properties":{"bbox":{"roads":{"area":6217.34,"pct":15.32}},"city_same":1,"id":"hex:2395:17417"},"type":"Feature"},{"geometry":{"coordinates":[[[-117.55075,34.08048],[-117.55143,34.08145],[-117.55278,34.08144],[-117.55346,34.08046],[-117.55277,34.07949],[-117.55142,34.0795],[-117.55075,34.08048]]],"type":"Polygon"},"properties":{"bbox":{"roads":{"area":4673.48,"pct":11.51}},"city_same":1,"id":"hex:2395:17418"},"type":"Feature"},{"geometry":{"coordinates":[[[-117.55076,34.08243],[-117.55144,34.0834],[-117.5528,34.0834],[-117.55347,34.08242],[-117.55278,34.08144],[-117.55143,34.08145],[-117.55076,34.08243]]],"type":"Polygon"},"properties":{"bbox":{"roads":{"area":4240.45,"pct":10.45}},"city_same":1,"id":"hex:2395:17419"},"type":"Feature"},{"geometry":{"coordinates":[[[-117.55077,34.08438],[-117.55146,34.08535],[-117.55281,34.08535],[-117.55348,34.08437],[-117.5528,34.0834],[-117.55144,34.0834],[-117.55077,34.08438]]],"type":"Polygon"},"properties":{"bbox":{"roads":{"area":8435.46,"pct":20.78},"sidewalks":{"area":303.48,"pct":0.75}},"city":{"roads":{"area":3715.74,"pct":9.15},"sidewalks":{"area":303.48,"pct":0.75}},"id":"hex:2395:17420"},"type":"Feature"},{"geometry":{"coordinates":[[[-117.55078,34.08633],[-117.55147,34.08731],[-117.55282,34.0873],[-117.55349,34.08632],[-117.55281,34.08535],[-117.55146,34.08535],[-117.55078,34.08633]]],"type":"Polygon"},"properties":{"bbox":{"roads":{"area":2826.61,"pct":6.96}},"city_same":1,"id":"hex:2395:17421"},"type":"Feature"},{"geometry":{"coordinates":[[[-117.5508,34.08829],[-117.55148,34.08926],[-117.55284,34.08925],[-117.55351,34.08827],[-117.55282,34.0873],[-117.55147,34.08731],[-117.5508,34.08829]]],"type":"Polygon"},"properties":{"bbox":{"roads":{"area":1674.59,"pct":4.13}},"city_same":1,"id":"hex:2395:17422"},"type":"Feature"},{"geometry":{"coordinates":[[[-117.55081,34.09024],[-117.55149,34.09121],[-117.55285,34.09121],[-117.55352,34.09023],[-117.55284,34.08925],[-117.55148,34.08926],[-117.55081,34.09024]]],"type":"Polygon"},"properties":{"bbox":{"roads":{"area":4922.06,"pct":12.12}},"city_same":1,"id":"hex:2395:17423"},"type":"Feature"},{"geometry":{"coordinates":[[[-117.55082,34.09219],[-117.55151,34.09316],[-117.55286,34.09316],[-117.55353,34.09218],[-117.55285,34.09121],[-117.55149,34.09121],[-117.55082,34.09219]]],"type":"Polygon"},"properties":{"bbox":{"roads":{"area":1283.78,"pct":3.16}},"city_same":1,"id":"hex:2395:17424"},"type":"Feature"},{"geometry":{"coordinates":[[[-117.55083,34.09414],[-117.55152,34.09512],[-117.55287,34.09511],[-117.55354,34.09413],[-117.55286,34.09316],[-117.55151,34.09316],[-117.55083,34.09414]]],"type":"Polygon"},"properties":{"bbox":{"roads":{"area":1848.36,"pct":4.55},"sidewalks":{"area":56.76,"pct":0.14}},"city_same":1,"id":"hex:2395:17425"},"type":"Feature"},{"geometry":{"coordinates":[[[-117.55085,34.0961],[-117.55153,34.09707],[-117.55289,34.09706],[-117.55356,34.09608],[-117.55287,34.09511],[-117.55152,34.09512],[-117.55085,34.0961]]],"type":"Polygon"},"properties":{"bbox":{"roads":{"area":3794.47,"pct":9.35},"sidewalks":{"area":425.29,"pct":1.05}},"city_same":1,"id":"hex:2395:17426"},"type":"Feature"},{"geometry":{"coordinates":[[[-117.55086,34.09805],[-117.55154,34.09902],[-117.5529,34.09902],[-117.55357,34.09804],[-117.55289,34.09706],[-117.55153,34.09707],[-117.55086,34.09805]]],"type":"Polygon"},"properties":{"bbox":{"roads":{"area":2349.83,"pct":5.79}},"city":{"roads":{"area":1948.47,"pct":4.8}},"id":"hex:2395:17427"},"type":"Feature"},{"geometry":{"coordinates":[[[-117.55087,34.1],[-117.55156,34.10097],[-117.55291,34.10097],[-117.55358,34.09999],[-117.5529,34.09902],[-117.55154,34.09902],[-117.55087,34.1]]],"type":"Polygon"},"properties":{"bbox":{"roads":{"area":2913.53,"pct":7.18}},"city":{"roads":{"area":926.77,"pct":2.28}},"id":"hex:2395:17428"},"type":"Feature"},{"geometry":{"coordinates":[[[-117.55089,34.10195],[-117.55157,34.10293],[-117.55292,34.10292],[-117.5536,34.10194],[-117.55291,34.10097],[-117.55156,34.10097],[-117.55089,34.10195]]],"type":"Polygon"},"properties":{"bbox":{"roads":{"area":1127.03,"pct":2.78}},"city_same":1,"id":"hex:2395:17429"},"type":"Feature"},{"geometry":{"coordinates":[[[-117.5509,34.10391],[-117.55158,34.10488],[-117.55294,34.10487],[-117.55361,34.10389],[-117.55292,34.10292],[-117.55157,34.10293],[-117.5509,34.10391]]],"type":"Polygon"},"properties":{"bbox":{"roads":{"area":4046.88,"pct":9.97},"sidewalks":{"area":345.55,"pct":0.85}},"city_same":1,"id":"hex:2395:17430"},"type":"Feature"},{"geometry":{"coordinates":[[[-117.55091,34.10586],[-117.55159,34.10683],[-117.55295,34.10683],[-117.55362,34.10585],[-117.55294,34.10487],[-117.55158,34.10488],[-117.55091,34.10586]]],"type":"Polygon"},"properties":{"bbox":{"roads":{"area":9957.22,"pct":24.53},"sidewalks":{"area":585.2,"pct":1.44}},"city":{"roads":{"area":5444.39,"pct":13.41},"sidewalks":{"area":585.2,"pct":1.44}},"id":"hex:2395:17431"},"type":"Feature"},{"geometry":{"coordinates":[[[-117.55092,34.10781],[-117.55161,34.10878],[-117.55296,34.10878],[-117.55363,34.1078],[-117.55295,34.10683],[-117.55159,34.10683],[-117.55092,34.10781]]],"type":"Polygon"},"properties":{"bbox":{"roads":{"area":4889.1,"pct":12.04},"sidewalks":{"area":327.41,"pct":0.81}},"city_same":1,"id":"hex:2395:17432"},"type":"Feature"},{"geometry":{"coordinates":[[[-117.55094,34.10976],[-117.55162,34.11074],[-117.55298,34.11073],[-117.55365,34.10975],[-117.55296,34.10878],[-117.55161,34.10878],[-117.55094,34.10976]]],"type":"Polygon"},"properties":{"bbox":{"roads":{"area":9290.25,"pct":22.89},"sidewalks":{"area":722.66,"pct":1.78}},"city":{"roads":{"area":4679.98,"pct":11.53},"sidewalks":{"area":722.66,"pct":1.78}},"id":"hex:2395:17433"},"type":"Feature"},{"geometry":{"coordinates":[[[-117.55095,34.11172],[-117.55163,34.11269],[-117.55299,34.11268],[-117.55366,34.1117],[-117.55298,34.11073],[-117.55162,34.11074],[-117.55095,34.11172]]],"type":"Polygon"},"properties":{"bbox":{"roads":{"area":4717.42,"pct":11.62},"sidewalks":{"area":18.76,"pct":0.05}},"city_same":1,"id":"hex:2395:17434"},"type":"Feature"},{"geometry":{"coordinates":[[[-117.55096,34.11367],[-117.55165,34.11464],[-117.553,34.11464],[-117.55367,34.11366],[-117.55299,34.11268],[-117.55163,34.11269],[-117.55096,34.11367]]],"type":"Polygon"},"properties":{"bbox":{"roads":{"area":4177.5,"pct":10.29}},"city_same":1,"id":"hex:2395:17435"},"type":"Feature"},{"geometry":{"coordinates":[[[-117.55097,34.11562],[-117.55166,34.11659],[-117.55301,34.11659],[-117.55368,34.11561],[-117.553,34.11464],[-117.55165,34.11464],[-117.55097,34.11562]]],"type":"Polygon"},"properties":{"bbox":{"roads":{"area":4896.44,"pct":12.06}},"city_same":1,"id":"hex:2395:17436"},"type":"Feature"},{"geometry":{"coordinates":[[[-117.55099,34.11757],[-117.55167,34.11855],[-117.55303,34.11854],[-117.5537,34.11756],[-117.55301,34.11659],[-117.55166,34.11659],[-117.55099,34.11757]]],"type":"Polygon"},"properties":{"bbox":{"roads":{"area":7277.64,"pct":17.93}},"city_same":1,"id":"hex:2395:17437"},"type":"Feature"},{"geometry":{"coordinates":[[[-117.551,34.11953],[-117.55168,34.1205],[-117.55304,34.12049],[-117.55371,34.11951],[-117.55303,34.11854],[-117.55167,34.11855],[-117.551,34.11953]]],"type":"Polygon"},"properties":{"bbox":{"roads":{"area":3695.41,"pct":9.1}},"city_same":1,"id":"hex:2395:17438"},"type":"Feature"},{"geometry":{"coordinates":[[[-117.55101,34.12148],[-117.5517,34.12245],[-117.55305,34.12245],[-117.55372,34.12147],[-117.55304,34.12049],[-117.55168,34.1205],[-117.55101,34.12148]]],"type":"Polygon"},"properties":{"bbox":{"roads":{"area":8033.75,"pct":19.79},"sidewalks":{"area":348.07,"pct":0.86}},"city_same":1,"id":"hex:2395:17439"},"type":"Feature"},{"geometry":{"coordinates":[[[-117.55102,34.12343],[-117.55171,34.1244],[-117.55306,34.1244],[-117.55374,34.12342],[-117.55305,34.12245],[-117.5517,34.12245],[-117.55102,34.12343]]],"type":"Polygon"},"properties":{"bbox":{"roads":{"area":4643.15,"pct":11.44}},"city_same":1,"id":"hex:2395:17440"},"type":"Feature"},{"geometry":{"coordinates":[[[-117.55104,34.12538],[-117.55172,34.12636],[-117.55308,34.12635],[-117.55375,34.12537],[-117.55306,34.1244],[-117.55171,34.1244],[-117.55104,34.12538]]],"type":"Polygon"},"properties":{"bbox":{"roads":{"area":2055.66,"pct":5.06}},"city_same":1,"id":"hex:2395:17441"},"type":"Feature"},{"geometry":{"coordinates":[[[-117.55105,34.12734],[-117.55173,34.12831],[-117.55309,34.1283],[-117.55376,34.12732],[-117.55308,34.12635],[-117.55172,34.12636],[-117.55105,34.12734]]],"type":"Polygon"},"properties":{"bbox":{"roads":{"area":4015.56,"pct":9.89}},"city_same":1,"id":"hex:2395:17442"},"type":"Feature"},{"geometry":{"coordinates":[[[-117.55106,34.12929],[-117.55175,34.13026],[-117.5531,34.13026],[-117.55377,34.12928],[-117.55309,34.1283],[-117.55173,34.12831],[-117.55106,34.12929]]],"type":"Polygon"},"properties":{"bbox":{"roads":{"area":4249.92,"pct":10.47}},"city_same":1,"id":"hex:2395:17443"},"type":"Feature"},{"geometry":{"coordinates":[[[-117.55108,34.13124],[-117.55176,34.13221],[-117.55312,34.13221],[-117.55379,34.13123],[-117.5531,34.13026],[-117.55175,34.13026],[-117.55108,34.13124]]],"type":"Polygon"},"properties":{"bbox":{"roads":{"area":4780.91,"pct":11.78}},"city_same":1,"id":"hex:2395:17444"},"type":"Feature"},{"geometry":{"coordinates":[[[-117.55109,34.13319],[-117.55177,34.13417],[-117.55313,34.13416],[-117.5538,34.13318],[-117.55312,34.13221],[-117.55176,34.13221],[-117.55109,34.13319]]],"type":"Polygon"},"properties":{"bbox":{"roads":{"area":3899.75,"pct":9.61}},"city_same":1,"id":"hex:2395:17445"},"type":"Feature"},{"geometry":{"coordinates":[[[-117.5511,34.13515],[-117.55178,34.13612],[-117.55314,34.13611],[-117.55381,34.13513],[-117.55313,34.13416],[-117.55177,34.13417],[-117.5511,34.13515]]],"type":"Polygon"},"properties":{"bbox":{"parking":{"area":88.69,"pct":0.22},"roads":{"area":2613.84,"pct":6.44},"sidewalks":{"area":252.45,"pct":0.62}},"city_same":1,"id":"hex:2395:17446"},"type":"Feature"},{"geometry":{"coordinates":[[[-117.55111,34.1371],[-117.5518,34.13807],[-117.55315,34.13807],[-117.55382,34.13709],[-117.55314,34.13611],[-117.55178,34.13612],[-117.55111,34.1371]]],"type":"Polygon"},"properties":{"bbox":{"roads":{"area":7843.56,"pct":19.32}},"city":{"roads":{"area":1761.27,"pct":4.34}},"id":"hex:2395:17447"},"type":"Feature"},{"geometry":{"coordinates":[[[-117.55113,34.13905],[-117.55181,34.14002],[-117.55317,34.14002],[-117.55384,34.13904],[-117.55315,34.13807],[-117.5518,34.13807],[-117.55113,34.13905]]],"type":"Polygon"},"properties":{"bbox":{"roads":{"area":3371.52,"pct":8.31}},"city_same":1,"id":"hex:2395:17448"},"type":"Feature"},{"geometry":{"coordinates":[[[-117.55114,34.141],[-117.55182,34.14198],[-117.55318,34.14197],[-117.55385,34.14099],[-117.55317,34.14002],[-117.55181,34.14002],[-117.55114,34.141]]],"type":"Polygon"},"properties":{"bbox":{"roads":{"area":3386.29,"pct":8.34}},"city_same":1,"id":"hex:2395:17449"},"type":"Feature"},{"geometry":{"coordinates":[[[-117.55115,34.14296],[-117.55184,34.14393],[-117.55319,34.14392],[-117.55386,34.14294],[-117.55318,34.14197],[-117.55182,34.14198],[-117.55115,34.14296]]],"type":"Polygon"},"properties":{"bbox":{"roads":{"area":2941,"pct":7.24},"sidewalks":{"area":278.07,"pct":0.68}},"city":{"roads":{"area":1489.1,"pct":3.67},"sidewalks":{"area":278.07,"pct":0.68}},"id":"hex:2395:17450"},"type":"Feature"},{"geometry":{"coordinates":[[[-117.5514,34.07754],[-117.55073,34.07852],[-117.54938,34.07853],[-117.5487,34.07756],[-117.5489,34.07726],[-117.5512,34.07726],[-117.5514,34.07754]]],"type":"Polygon"},"properties":{"bbox":{"roads":{"area":8210.19,"pct":29.57},"sidewalks":{"area":140,"pct":0.5}},"city_same":1,"id":"hex:2396:17417"},"type":"Feature"},{"geometry":{"coordinates":[[[-117.54871,34.07951],[-117.54939,34.08048],[-117.55075,34.08048],[-117.55142,34.0795],[-117.55073,34.07852],[-117.54938,34.07853],[-117.54871,34.07951]]],"type":"Polygon"},"properties":{"bbox":{"roads":{"area":8029.44,"pct":19.78}},"city_same":1,"id":"hex:2396:17418"},"type":"Feature"},{"geometry":{"coordinates":[[[-117.54872,34.08146],[-117.5494,34.08243],[-117.55076,34.08243],[-117.55143,34.08145],[-117.55075,34.08048],[-117.54939,34.08048],[-117.54872,34.08146]]],"type":"Polygon"},"properties":{"bbox":{"roads":{"area":7324.28,"pct":18.04}},"city_same":1,"id":"hex:2396:17419"},"type":"Feature"},{"geometry":{"coordinates":[[[-117.54873,34.08341],[-117.54942,34.08439],[-117.55077,34.08438],[-117.55144,34.0834],[-117.55076,34.08243],[-117.5494,34.08243],[-117.54873,34.08341]]],"type":"Polygon"},"properties":{"bbox":{"roads":{"area":7069.72,"pct":17.42}},"city_same":1,"id":"hex:2396:17420"},"type":"Feature"},{"geometry":{"coordinates":[[[-117.54875,34.08537],[-117.54943,34.08634],[-117.55078,34.08633],[-117.55146,34.08535],[-117.55077,34.08438],[-117.54942,34.08439],[-117.54875,34.08537]]],"type":"Polygon"},"properties":{"bbox":{"roads":{"area":9809.15,"pct":24.16},"sidewalks":{"area":62.22,"pct":0.15}},"city":{"roads":{"area":6249.36,"pct":15.39},"sidewalks":{"area":62.22,"pct":0.15}},"id":"hex:2396:17421"},"type":"Feature"},{"geometry":{"coordinates":[[[-117.54876,34.08732],[-117.54944,34.08829],[-117.5508,34.08829],[-117.55147,34.08731],[-117.55078,34.08633],[-117.54943,34.08634],[-117.54876,34.08732]]],"type":"Polygon"},"properties":{"bbox":{"roads":{"area":7343.07,"pct":18.09}},"city":{"roads":{"area":3916.5,"pct":9.65}},"id":"hex:2396:17422"},"type":"Feature"},{"geometry":{"coordinates":[[[-117.54877,34.08927],[-117.54945,34.09024],[-117.55081,34.09024],[-117.55148,34.08926],[-117.5508,34.08829],[-117.54944,34.08829],[-117.54877,34.08927]]],"type":"Polygon"},"properties":{"bbox":{"roads":{"area":4542.28,"pct":11.19}},"city_same":1,"id":"hex:2396:17423"},"type":"Feature"},{"geometry":{"coordinates":[[[-117.54878,34.09122],[-117.54947,34.0922],[-117.55082,34.09219],[-117.55149,34.09121],[-117.55081,34.09024],[-117.54945,34.09024],[-117.54878,34.09122]]],"type":"Polygon"},"properties":{"bbox":{"roads":{"area":3601.76,"pct":8.87}},"city_same":1,"id":"hex:2396:17424"},"type":"Feature"},{"geometry":{"coordinates":[[[-117.5488,34.09318],[-117.54948,34.09415],[-117.55083,34.09414],[-117.55151,34.09316],[-117.55082,34.09219],[-117.54947,34.0922],[-117.5488,34.09318]]],"type":"Polygon"},"properties":{"bbox":{"roads":{"area":2195.92,"pct":5.41}},"city_same":1,"id":"hex:2396:17425"},"type":"Feature"},{"geometry":{"coordinates":[[[-117.54881,34.09513],[-117.54949,34.0961],[-117.55085,34.0961],[-117.55152,34.09512],[-117.55083,34.09414],[-117.54948,34.09415],[-117.54881,34.09513]]],"type":"Polygon"},"properties":{"bbox":{"roads":{"area":5304.65,"pct":13.07},"sidewalks":{"area":619.95,"pct":1.53}},"city_same":1,"id":"hex:2396:17426"},"type":"Feature"},{"geometry":{"coordinates":[[[-117.54882,34.09708],[-117.5495,34.09805],[-117.55086,34.09805],[-117.55153,34.09707],[-117.55085,34.0961],[-117.54949,34.0961],[-117.54882,34.09708]]],"type":"Polygon"},"properties":{"bbox":{"roads":{"area":2173.62,"pct":5.35}},"city_same":1,"id":"hex:2396:17427"},"type":"Feature"},{"geometry":{"coordinates":[[[-117.54883,34.09903],[-117.54952,34.10001],[-117.55087,34.1],[-117.55154,34.09902],[-117.55086,34.09805],[-117.5495,34.09805],[-117.54883,34.09903]]],"type":"Polygon"},"properties":{"bbox":{"parking":{"area":2482.55,"pct":6.12},"roads":{"area":7765.97,"pct":19.13}},"city":{"parking":{"area":2482.55,"pct":6.12},"roads":{"area":3172.73,"pct":7.82}},"id":"hex:2396:17428"},"type":"Feature"},{"geometry":{"coordinates":[[[-117.54885,34.10099],[-117.54953,34.10196],[-117.55089,34.10195],[-117.55156,34.10097],[-117.55087,34.1],[-117.54952,34.10001],[-117.54885,34.10099]]],"type":"Polygon"},"properties":{"bbox":{"parking":{"area":6648.94,"pct":16.38},"roads":{"area":4320.22,"pct":10.64}},"city_same":1,"id":"hex:2396:17429"},"type":"Feature"},{"geometry":{"coordinates":[[[-117.54886,34.10294],[-117.54954,34.10391],[-117.5509,34.10391],[-117.55157,34.10293],[-117.55089,34.10195],[-117.54953,34.10196],[-117.54886,34.10294]]],"type":"Polygon"},"properties":{"bbox":{"parking":{"area":3132.23,"pct":7.72},"roads":{"area":3046.41,"pct":7.5}},"city_same":1,"id":"hex:2396:17430"},"type":"Feature"},{"geometry":{"coordinates":[[[-117.54887,34.10489],[-117.54956,34.10586],[-117.55091,34.10586],[-117.55158,34.10488],[-117.5509,34.10391],[-117.54954,34.10391],[-117.54887,34.10489]]],"type":"Polygon"},"properties":{"bbox":{"roads":{"area":4099.31,"pct":10.1}},"city_same":1,"id":"hex:2396:17431"},"type":"Feature"},{"geometry":{"coordinates":[[[-117.54888,34.10684],[-117.54957,34.10782],[-117.55092,34.10781],[-117.55159,34.10683],[-117.55091,34.10586],[-117.54956,34.10586],[-117.54888,34.10684]]],"type":"Polygon"},"properties":{"bbox":{"roads":{"area":6399.34,"pct":15.76},"sidewalks":{"area":567.81,"pct":1.4}},"city":{"roads":{"area":1853.69,"pct":4.57},"sidewalks":{"area":567.81,"pct":1.4}},"id":"hex:2396:17432"},"type":"Feature"},{"geometry":{"coordinates":[[[-117.5489,34.1088],[-117.54958,34.10977],[-117.55094,34.10976],[-117.55161,34.10878],[-117.55092,34.10781],[-117.54957,34.10782],[-117.5489,34.1088]]],"type":"Polygon"},"properties":{"bbox":{"roads":{"area":1355.67,"pct":3.34}},"city_same":1,"id":"hex:2396:17433"},"type":"Feature"},{"geometry":{"coordinates":[[[-117.54891,34.11075],[-117.54959,34.11172],[-117.55095,34.11172],[-117.55162,34.11074],[-117.55094,34.10976],[-117.54958,34.10977],[-117.54891,34.11075]]],"type":"Polygon"},"properties":{"bbox":{"roads":{"area":9752.43,"pct":24.02},"sidewalks":{"area":633.92,"pct":1.56}},"city":{"roads":{"area":6651.49,"pct":16.39},"sidewalks":{"area":633.92,"pct":1.56}},"id":"hex:2396:17434"},"type":"Feature"},{"geometry":{"coordinates":[[[-117.54892,34.1127],[-117.54961,34.11367],[-117.55096,34.11367],[-117.55163,34.11269],[-117.55095,34.11172],[-117.54959,34.11172],[-117.54892,34.1127]]],"type":"Polygon"},"properties":{"bbox":{"roads":{"area":6977.78,"pct":17.19},"sidewalks":{"area":562.74,"pct":1.39}},"city":{"roads":{"area":3845.94,"pct":9.47},"sidewalks":{"area":562.74,"pct":1.39}},"id":"hex:2396:17435"},"type":"Feature"},{"geometry":{"coordinates":[[[-117.54893,34.11465],[-117.54962,34.11563],[-117.55097,34.11562],[-117.55165,34.11464],[-117.55096,34.11367],[-117.54961,34.11367],[-117.54893,34.11465]]],"type":"Polygon"},"properties":{"bbox":{"parking":{"area":683.78,"pct":1.68},"roads":{"area":4519.59,"pct":11.13},"sidewalks":{"area":215.99,"pct":0.53}},"city_same":1,"id":"hex:2396:17436"},"type":"Feature"},{"geometry":{"coordinates":[[[-117.54895,34.11661],[-117.54963,34.11758],[-117.55099,34.11757],[-117.55166,34.11659],[-117.55097,34.11562],[-117.54962,34.11563],[-117.54895,34.11661]]],"type":"Polygon"},"properties":{"bbox":{"parking":{"area":486.31,"pct":1.2},"roads":{"area":1329.37,"pct":3.27}},"city_same":1,"id":"hex:2396:17437"},"type":"Feature"},{"geometry":{"coordinates":[[[-117.54896,34.11856],[-117.54964,34.11953],[-117.551,34.11953],[-117.55167,34.11855],[-117.55099,34.11757],[-117.54963,34.11758],[-117.54896,34.11856]]],"type":"Polygon"},"properties":{"bbox":{"roads":{"area":3862.86,"pct":9.52}},"city_same":1,"id":"hex:2396:17438"},"type":"Feature"},{"geometry":{"coordinates":[[[-117.54897,34.12051],[-117.54966,34.12148],[-117.55101,34.12148],[-117.55168,34.1205],[-117.551,34.11953],[-117.54964,34.11953],[-117.54897,34.12051]]],"type":"Polygon"},"properties":{"bbox":{"roads":{"area":6607.95,"pct":16.28},"sidewalks":{"area":193.82,"pct":0.48}},"city_same":1,"id":"hex:2396:17439"},"type":"Feature"},{"geometry":{"coordinates":[[[-117.54899,34.12246],[-117.54967,34.12344],[-117.55102,34.12343],[-117.5517,34.12245],[-117.55101,34.12148],[-117.54966,34.12148],[-117.54899,34.12246]]],"type":"Polygon"},"properties":{"bbox":{"roads":{"area":5026.23,"pct":12.38}},"city_same":1,"id":"hex:2396:17440"},"type":"Feature"},{"geometry":{"coordinates":[[[-117.549,34.12442],[-117.54968,34.12539],[-117.55104,34.12538],[-117.55171,34.1244],[-117.55102,34.12343],[-117.54967,34.12344],[-117.549,34.12442]]],"type":"Polygon"},"properties":{"bbox":{"parking":{"area":969.43,"pct":2.39},"roads":{"area":2363.93,"pct":5.82}},"city_same":1,"id":"hex:2396:17441"},"type":"Feature"},{"geometry":{"coordinates":[[[-117.54901,34.12637],[-117.54969,34.12734],[-117.55105,34.12734],[-117.55172,34.12636],[-117.55104,34.12538],[-117.54968,34.12539],[-117.54901,34.12637]]],"type":"Polygon"},"properties":{"bbox":{"roads":{"area":4262.25,"pct":10.5}},"city_same":1,"id":"hex:2396:17442"},"type":"Feature"},{"geometry":{"coordinates":[[[-117.54902,34.12832],[-117.54971,34.1293],[-117.55106,34.12929],[-117.55173,34.12831],[-117.55105,34.12734],[-117.54969,34.12734],[-117.54902,34.12832]]],"type":"Polygon"},"properties":{"bbox":{"roads":{"area":3448.48,"pct":8.49}},"city_same":1,"id":"hex:2396:17443"},"type":"Feature"},{"geometry":{"coordinates":[[[-117.54904,34.13027],[-117.54972,34.13125],[-117.55108,34.13124],[-117.55175,34.13026],[-117.55106,34.12929],[-117.54971,34.1293],[-117.54904,34.13027]]],"type":"Polygon"},"properties":{"bbox":{"roads":{"area":2903.64,"pct":7.15}},"city_same":1,"id":"hex:2396:17444"},"type":"Feature"},{"geometry":{"coordinates":[[[-117.54905,34.13223],[-117.54973,34.1332],[-117.55109,34.13319],[-117.55176,34.13221],[-117.55108,34.13124],[-117.54972,34.13125],[-117.54905,34.13223]]],"type":"Polygon"},"properties":{"bbox":{"parking":{"area":2547.7,"pct":6.28},"roads":{"area":4740.41,"pct":11.68}},"city_same":1,"id":"hex:2396:17445"},"type":"Feature"},{"geometry":{"coordinates":[[[-117.54906,34.13418],[-117.54974,34.13515],[-117.5511,34.13515],[-117.55177,34.13417],[-117.55109,34.13319],[-117.54973,34.1332],[-117.54906,34.13418]]],"type":"Polygon"},"properties":{"bbox":{"roads":{"area":2618.07,"pct":6.45}},"city_same":1,"id":"hex:2396:17446"},"type":"Feature"},{"geometry":{"coordinates":[[[-117.54907,34.13613],[-117.54976,34.13711],[-117.55111,34.1371],[-117.55178,34.13612],[-117.5511,34.13515],[-117.54974,34.13515],[-117.54907,34.13613]]],"type":"Polygon"},"properties":{"bbox":{"roads":{"area":8530.53,"pct":21.01},"sidewalks":{"area":352.22,"pct":0.87}},"city":{"roads":{"area":2617.26,"pct":6.45},"sidewalks":{"area":352.22,"pct":0.87}},"id":"hex:2396:17447"},"type":"Feature"},{"geometry":{"coordinates":[[[-117.54909,34.13808],[-117.54977,34.13906],[-117.55113,34.13905],[-117.5518,34.13807],[-117.55111,34.1371],[-117.54976,34.13711],[-117.54909,34.13808]]],"type":"Polygon"},"properties":{"bbox":{"roads":{"area":4392.1,"pct":10.82}},"city_same":1,"id":"hex:2396:17448"},"type":"Feature"},{"geometry":{"coordinates":[[[-117.5491,34.14004],[-117.54978,34.14101],[-117.55114,34.141],[-117.55181,34.14002],[-117.55113,34.13905],[-117.54977,34.13906],[-117.5491,34.14004]]],"type":"Polygon"},"properties":{"bbox":{"roads":{"area":4188.29,"pct":10.32}},"city_same":1,"id":"hex:2396:17449"},"type":"Feature"},{"geometry":{"coordinates":[[[-117.54911,34.14199],[-117.5498,34.14296],[-117.55115,34.14296],[-117.55182,34.14198],[-117.55114,34.141],[-117.54978,34.14101],[-117.54911,34.14199]]],"type":"Polygon"},"properties":{"bbox":{"roads":{"area":3776.27,"pct":9.3}},"city_same":1,"id":"hex:2396:17450"},"type":"Feature"},{"geometry":{"coordinates":[[[-117.54912,34.14394],[-117.54981,34.14492],[-117.55116,34.14491],[-117.55184,34.14393],[-117.55115,34.14296],[-117.5498,34.14296],[-117.54912,34.14394]]],"type":"Polygon"},"properties":{"bbox":{"roads":{"area":1295.78,"pct":3.19},"sidewalks":{"area":279.13,"pct":0.69}},"city":{"sidewalks":{"area":279.13,"pct":0.69}},"id":"hex:2396:17451"},"type":"Feature"},{"geometry":{"coordinates":[[[-117.5487,34.07756],[-117.54734,34.07756],[-117.54712,34.07725],[-117.54883,34.07726],[-117.5489,34.07726],[-117.5487,34.07756]]],"type":"Polygon"},"properties":{"bbox":{"roads":{"area":2096.02,"pct":43.13}},"city_same":1,"id":"hex:2397:17416"},"type":"Feature"},{"geometry":{"coordinates":[[[-117.54667,34.07854],[-117.54735,34.07951],[-117.54871,34.07951],[-117.54938,34.07853],[-117.5487,34.07756],[-117.54734,34.07756],[-117.54667,34.07854]]],"type":"Polygon"},"properties":{"bbox":{"roads":{"area":6630.3,"pct":16.33}},"city_same":1,"id":"hex:2397:17417"},"type":"Feature"},{"geometry":{"coordinates":[[[-117.54668,34.08049],[-117.54737,34.08147],[-117.54872,34.08146],[-117.54939,34.08048],[-117.54871,34.07951],[-117.54735,34.07951],[-117.54668,34.08049]]],"type":"Polygon"},"properties":{"bbox":{"roads":{"area":583.08,"pct":1.44}},"city_same":1,"id":"hex:2397:17418"},"type":"Feature"},{"geometry":{"coordinates":[[[-117.54669,34.08245],[-117.54738,34.08342],[-117.54873,34.08341],[-117.5494,34.08243],[-117.54872,34.08146],[-117.54737,34.08147],[-117.54669,34.08245]]],"type":"Polygon"},"properties":{"bbox":{"roads":{"area":2163.21,"pct":5.33}},"city_same":1,"id":"hex:2397:17419"},"type":"Feature"},{"geometry":{"coordinates":[[[-117.54671,34.0844],[-117.54739,34.08537],[-117.54875,34.08537],[-117.54942,34.08439],[-117.54873,34.08341],[-117.54738,34.08342],[-117.54671,34.0844]]],"type":"Polygon"},"properties":{"bbox":{"roads":{"area":2273.07,"pct":5.6}},"city_same":1,"id":"hex:2397:17420"},"type":"Feature"},{"geometry":{"coordinates":[[[-117.54672,34.08635],[-117.5474,34.08732],[-117.54876,34.08732],[-117.54943,34.08634],[-117.54875,34.08537],[-117.54739,34.08537],[-117.54672,34.08635]]],"type":"Polygon"},"properties":{"bbox":{"roads":{"area":3948.88,"pct":9.73}},"city_same":1,"id":"hex:2397:17421"},"type":"Feature"},{"geometry":{"coordinates":[[[-117.54673,34.0883],[-117.54742,34.08928],[-117.54877,34.08927],[-117.54944,34.08829],[-117.54876,34.08732],[-117.5474,34.08732],[-117.54673,34.0883]]],"type":"Polygon"},"properties":{"bbox":{"roads":{"area":8878.79,"pct":21.87}},"city":{"roads":{"area":3727.7,"pct":9.18}},"id":"hex:2397:17422"},"type":"Feature"},{"geometry":{"coordinates":[[[-117.54674,34.09026],[-117.54743,34.09123],[-117.54878,34.09122],[-117.54945,34.09024],[-117.54877,34.08927],[-117.54742,34.08928],[-117.54674,34.09026]]],"type":"Polygon"},"properties":{"bbox":{"roads":{"area":2740.97,"pct":6.75}},"city":{"roads":{"area":1951.09,"pct":4.81}},"id":"hex:2397:17423"},"type":"Feature"},{"geometry":{"coordinates":[[[-117.54676,34.09221],[-117.54744,34.09318],[-117.5488,34.09318],[-117.54947,34.0922],[-117.54878,34.09122],[-117.54743,34.09123],[-117.54676,34.09221]]],"type":"Polygon"},"properties":{"bbox":{"roads":{"area":4404,"pct":10.85}},"city_same":1,"id":"hex:2397:17424"},"type":"Feature"},{"geometry":{"coordinates":[[[-117.54677,34.09416],[-117.54745,34.09513],[-117.54881,34.09513],[-117.54948,34.09415],[-117.5488,34.09318],[-117.54744,34.09318],[-117.54677,34.09416]]],"type":"Polygon"},"properties":{"bbox":{"roads":{"area":1912.3,"pct":4.71}},"city_same":1,"id":"hex:2397:17425"},"type":"Feature"},{"geometry":{"coordinates":[[[-117.54678,34.09611],[-117.54747,34.09709],[-117.54882,34.09708],[-117.54949,34.0961],[-117.54881,34.09513],[-117.54745,34.09513],[-117.54678,34.09611]]],"type":"Polygon"},"properties":{"bbox":{"roads":{"area":4670.69,"pct":11.51},"sidewalks":{"area":503.83,"pct":1.24}},"city_same":1,"id":"hex:2397:17426"},"type":"Feature"},{"geometry":{"coordinates":[[[-117.54679,34.09807],[-117.54748,34.09904],[-117.54883,34.09903],[-117.5495,34.09805],[-117.54882,34.09708],[-117.54747,34.09709],[-117.54679,34.09807]]],"type":"Polygon"},"properties":{"bbox":{"roads":{"area":2385.6,"pct":5.88}},"city":{"roads":{"area":1946.44,"pct":4.79}},"id":"hex:2397:17427"},"type":"Feature"},{"geometry":{"coordinates":[[[-117.54681,34.10002],[-117.54749,34.10099],[-117.54885,34.10099],[-117.54952,34.10001],[-117.54883,34.09903],[-117.54748,34.09904],[-117.54681,34.10002]]],"type":"Polygon"},"properties":{"bbox":{"parking":{"area":10615.89,"pct":26.15},"roads":{"area":4470.77,"pct":11.01}},"city":{"parking":{"area":10615.89,"pct":26.15},"roads":{"area":2493.51,"pct":6.14}},"id":"hex:2397:17428"},"type":"Feature"},{"geometry":{"coordinates":[[[-117.54682,34.10197],[-117.5475,34.10295],[-117.54886,34.10294],[-117.54953,34.10196],[-117.54885,34.10099],[-117.54749,34.10099],[-117.54682,34.10197]]],"type":"Polygon"},"properties":{"bbox":{"parking":{"area":976.24,"pct":2.4},"roads":{"area":1413.25,"pct":3.48}},"city_same":1,"id":"hex:2397:17429"},"type":"Feature"},{"geometry":{"coordinates":[[[-117.54683,34.10392],[-117.54752,34.1049],[-117.54887,34.10489],[-117.54954,34.10391],[-117.54886,34.10294],[-117.5475,34.10295],[-117.54683,34.10392]]],"type":"Polygon"},"properties":{"bbox":{"parking":{"area":2008.05,"pct":4.95},"roads":{"area":5218.6,"pct":12.86}},"city_same":1,"id":"hex:2397:17430"},"type":"Feature"},{"geometry":{"coordinates":[[[-117.54685,34.10588],[-117.54753,34.10685],[-117.54888,34.10684],[-117.54956,34.10586],[-117.54887,34.10489],[-117.54752,34.1049],[-117.54685,34.10588]]],"type":"Polygon"},"properties":{"bbox":{"roads":{"area":9816.57,"pct":24.18},"sidewalks":{"area":495.88,"pct":1.22}},"city":{"roads":{"area":5348.99,"pct":13.18},"sidewalks":{"area":495.88,"pct":1.22}},"id":"hex:2397:17431"},"type":"Feature"},{"geometry":{"coordinates":[[[-117.54686,34.10783],[-117.54754,34.1088],[-117.5489,34.1088],[-117.54957,34.10782],[-117.54888,34.10684],[-117.54753,34.10685],[-117.54686,34.10783]]],"type":"Polygon"},"properties":{"bbox":{"roads":{"area":4336.03,"pct":10.68}},"city_same":1,"id":"hex:2397:17432"},"type":"Feature"},{"geometry":{"coordinates":[[[-117.54687,34.10978],[-117.54755,34.11076],[-117.54891,34.11075],[-117.54958,34.10977],[-117.5489,34.1088],[-117.54754,34.1088],[-117.54687,34.10978]]],"type":"Polygon"},"properties":{"bbox":{"roads":{"area":6294.81,"pct":15.51},"sidewalks":{"area":330.94,"pct":0.82}},"city_same":1,"id":"hex:2397:17433"},"type":"Feature"},{"geometry":{"coordinates":[[[-117.54688,34.11173],[-117.54757,34.11271],[-117.54892,34.1127],[-117.54959,34.11172],[-117.54891,34.11075],[-117.54755,34.11076],[-117.54688,34.11173]]],"type":"Polygon"},"properties":{"bbox":{"roads":{"area":3260.52,"pct":8.03}},"city_same":1,"id":"hex:2397:17434"},"type":"Feature"},{"geometry":{"coordinates":[[[-117.5469,34.11369],[-117.54758,34.11466],[-117.54893,34.11465],[-117.54961,34.11367],[-117.54892,34.1127],[-117.54757,34.11271],[-117.5469,34.11369]]],"type":"Polygon"},"properties":{"bbox":{"roads":{"area":7348.82,"pct":18.1},"sidewalks":{"area":681.2,"pct":1.68}},"city":{"roads":{"area":3840.28,"pct":9.46},"sidewalks":{"area":681.2,"pct":1.68}},"id":"hex:2397:17435"},"type":"Feature"},{"geometry":{"coordinates":[[[-117.54691,34.11564],[-117.54759,34.11661],[-117.54895,34.11661],[-117.54962,34.11563],[-117.54893,34.11465],[-117.54758,34.11466],[-117.54691,34.11564]]],"type":"Polygon"},"properties":{"bbox":{"roads":{"area":4728.51,"pct":11.65}},"city_same":1,"id":"hex:2397:17436"},"type":"Feature"},{"geometry":{"coordinates":[[[-117.54692,34.11759],[-117.5476,34.11857],[-117.54896,34.11856],[-117.54963,34.11758],[-117.54895,34.11661],[-117.54759,34.11661],[-117.54692,34.11759]]],"type":"Polygon"},"properties":{"bbox":{"roads":{"area":4719.21,"pct":11.63},"sidewalks":{"area":219.73,"pct":0.54}},"city_same":1,"id":"hex:2397:17437"},"type":"Feature"},{"geometry":{"coordinates":[[[-117.54693,34.11954],[-117.54762,34.12052],[-117.54897,34.12051],[-117.54964,34.11953],[-117.54896,34.11856],[-117.5476,34.11857],[-117.54693,34.11954]]],"type":"Polygon"},"properties":{"bbox":{"roads":{"area":4618.98,"pct":11.38}},"city_same":1,"id":"hex:2397:17438"},"type":"Feature"},{"geometry":{"coordinates":[[[-117.54695,34.1215],[-117.54763,34.12247],[-117.54899,34.12246],[-117.54966,34.12148],[-117.54897,34.12051],[-117.54762,34.12052],[-117.54695,34.1215]]],"type":"Polygon"},"properties":{"bbox":{"roads":{"area":8778.16,"pct":21.62},"sidewalks":{"area":343.74,"pct":0.85}},"city_same":1,"id":"hex:2397:17439"},"type":"Feature"},{"geometry":{"coordinates":[[[-117.54696,34.12345],[-117.54764,34.12442],[-117.549,34.12442],[-117.54967,34.12344],[-117.54899,34.12246],[-117.54763,34.12247],[-117.54696,34.12345]]],"type":"Polygon"},"properties":{"bbox":{"roads":{"area":5170.39,"pct":12.74},"sidewalks":{"area":26.41,"pct":0.07}},"city_same":1,"id":"hex:2397:17440"},"type":"Feature"},{"geometry":{"coordinates":[[[-117.54697,34.1254],[-117.54765,34.12638],[-117.54901,34.12637],[-117.54968,34.12539],[-117.549,34.12442],[-117.54764,34.12442],[-117.54697,34.1254]]],"type":"Polygon"},"properties":{"bbox":{"roads":{"area":4087.29,"pct":10.07}},"city_same":1,"id":"hex:2397:17441"},"type":"Feature"},{"geometry":{"coordinates":[[[-117.54698,34.12735],[-117.54767,34.12833],[-117.54902,34.12832],[-117.54969,34.12734],[-117.54901,34.12637],[-117.54765,34.12638],[-117.54698,34.12735]]],"type":"Polygon"},"properties":{"bbox":{"parking":{"area":629.76,"pct":1.55},"roads":{"area":1756.2,"pct":4.33}},"city_same":1,"id":"hex:2397:17442"},"type":"Feature"},{"geometry":{"coordinates":[[[-117.547,34.12931],[-117.54768,34.13028],[-117.54904,34.13027],[-117.54971,34.1293],[-117.54902,34.12832],[-117.54767,34.12833],[-117.547,34.12931]]],"type":"Polygon"},"properties":{"bbox":{"parking":{"area":237.84,"pct":0.59},"roads":{"area":1806.31,"pct":4.45}},"city_same":1,"id":"hex:2397:17443"},"type":"Feature"},{"geometry":{"coordinates":[[[-117.54701,34.13126],[-117.54769,34.13223],[-117.54905,34.13223],[-117.54972,34.13125],[-117.54904,34.13027],[-117.54768,34.13028],[-117.54701,34.13126]]],"type":"Polygon"},"properties":{"bbox":{"parking":{"area":4602.8,"pct":11.34},"roads":{"area":1713.83,"pct":4.22}},"city_same":1,"id":"hex:2397:17444"},"type":"Feature"},{"geometry":{"coordinates":[[[-117.54702,34.13321],[-117.54771,34.13419],[-117.54906,34.13418],[-117.54973,34.1332],[-117.54905,34.13223],[-117.54769,34.13223],[-117.54702,34.13321]]],"type":"Polygon"},"properties":{"bbox":{"parking":{"area":1043.06,"pct":2.57},"roads":{"area":4006.22,"pct":9.87}},"city_same":1,"id":"hex:2397:17445"},"type":"Feature"},{"geometry":{"coordinates":[[[-117.54703,34.13516],[-117.54772,34.13614],[-117.54907,34.13613],[-117.54974,34.13515],[-117.54906,34.13418],[-117.54771,34.13419],[-117.54703,34.13516]]],"type":"Polygon"},"properties":{"bbox":{"roads":{"area":4443.42,"pct":10.95},"sidewalks":{"area":249.14,"pct":0.61}},"city_same":1,"id":"hex:2397:17446"},"type":"Feature"},{"geometry":{"coordinates":[[[-117.54705,34.13712],[-117.54773,34.13809],[-117.54909,34.13808],[-117.54976,34.13711],[-117.54907,34.13613],[-117.54772,34.13614],[-117.54705,34.13712]]],"type":"Polygon"},"properties":{"bbox":{"roads":{"area":7115.13,"pct":17.53}},"city":{"roads":{"area":1713.41,"pct":4.22}},"id":"hex:2397:17447"},"type":"Feature"},{"geometry":{"coordinates":[[[-117.54706,34.13907],[-117.54774,34.14004],[-117.5491,34.14004],[-117.54977,34.13906],[-117.54909,34.13808],[-117.54773,34.13809],[-117.54706,34.13907]]],"type":"Polygon"},"properties":{"bbox":{"roads":{"area":4162.92,"pct":10.25}},"city_same":1,"id":"hex:2397:17448"},"type":"Feature"},{"geometry":{"coordinates":[[[-117.54707,34.14102],[-117.54776,34.142],[-117.54911,34.14199],[-117.54978,34.14101],[-117.5491,34.14004],[-117.54774,34.14004],[-117.54707,34.14102]]],"type":"Polygon"},"properties":{"bbox":{"roads":{"area":1691.6,"pct":4.17}},"city_same":1,"id":"hex:2397:17449"},"type":"Feature"},{"geometry":{"coordinates":[[[-117.54708,34.14297],[-117.54777,34.14395],[-117.54912,34.14394],[-117.5498,34.14296],[-117.54911,34.14199],[-117.54776,34.142],[-117.54708,34.14297]]],"type":"Polygon"},"properties":{"bbox":{"roads":{"area":4208.9,"pct":10.37},"sidewalks":{"area":288.77,"pct":0.71}},"city":{"roads":{"area":2580.23,"pct":6.36},"sidewalks":{"area":288.77,"pct":0.71}},"id":"hex:2397:17450"},"type":"Feature"},{"geometry":{"coordinates":[[[-117.54734,34.07756],[-117.54667,34.07854],[-117.54531,34.07855],[-117.54463,34.07757],[-117.54486,34.07725],[-117.54712,34.07725],[-117.54734,34.07756]]],"type":"Polygon"},"properties":{"bbox":{"roads":{"area":8455.91,"pct":29.77}},"city":{"roads":{"area":3513.54,"pct":12.37}},"id":"hex:2398:17417"},"type":"Feature"},{"geometry":{"coordinates":[[[-117.54464,34.07953],[-117.54533,34.0805],[-117.54668,34.08049],[-117.54735,34.07951],[-117.54667,34.07854],[-117.54531,34.07855],[-117.54464,34.07953]]],"type":"Polygon"},"properties":{"bbox":{"roads":{"area":5043.78,"pct":12.42}},"city":{"roads":{"area":1705.74,"pct":4.2}},"id":"hex:2398:17418"},"type":"Feature"},{"geometry":{"coordinates":[[[-117.54466,34.08148],[-117.54534,34.08245],[-117.54669,34.08245],[-117.54737,34.08147],[-117.54668,34.08049],[-117.54533,34.0805],[-117.54466,34.08148]]],"type":"Polygon"},"properties":{"bbox":{"roads":{"area":5643.8,"pct":13.9}},"city":{"roads":{"area":3560.86,"pct":8.77}},"id":"hex:2398:17419"},"type":"Feature"},{"geometry":{"coordinates":[[[-117.54467,34.08343],[-117.54535,34.0844],[-117.54671,34.0844],[-117.54738,34.08342],[-117.54669,34.08245],[-117.54534,34.08245],[-117.54467,34.08343]]],"type":"Polygon"},"properties":{"bbox":{"roads":{"area":6307.5,"pct":15.54}},"city":{"roads":{"area":4595.65,"pct":11.32}},"id":"hex:2398:17420"},"type":"Feature"},{"geometry":{"coordinates":[[[-117.54468,34.08538],[-117.54536,34.08636],[-117.54672,34.08635],[-117.54739,34.08537],[-117.54671,34.0844],[-117.54535,34.0844],[-117.54468,34.08538]]],"type":"Polygon"},"properties":{"bbox":{"roads":{"area":5510.02,"pct":13.57}},"city":{"roads":{"area":4406.09,"pct":10.85}},"id":"hex:2398:17421"},"type":"Feature"},{"geometry":{"coordinates":[[[-117.54469,34.08734],[-117.54538,34.08831],[-117.54673,34.0883],[-117.5474,34.08732],[-117.54672,34.08635],[-117.54536,34.08636],[-117.54469,34.08734]]],"type":"Polygon"},"properties":{"bbox":{"roads":{"area":7765.14,"pct":19.13}},"city":{"roads":{"area":6918.14,"pct":17.04}},"id":"hex:2398:17422"},"type":"Feature"},{"geometry":{"coordinates":[[[-117.54471,34.08929],[-117.54539,34.09026],[-117.54674,34.09026],[-117.54742,34.08928],[-117.54673,34.0883],[-117.54538,34.08831],[-117.54471,34.08929]]],"type":"Polygon"},"properties":{"bbox":{"roads":{"area":6097.34,"pct":15.02}},"city":{"roads":{"area":3861.5,"pct":9.51}},"id":"hex:2398:17423"},"type":"Feature"},{"geometry":{"coordinates":[[[-117.54472,34.09124],[-117.5454,34.09222],[-117.54676,34.09221],[-117.54743,34.09123],[-117.54674,34.09026],[-117.54539,34.09026],[-117.54472,34.09124]]],"type":"Polygon"},"properties":{"bbox":{"roads":{"area":6923.26,"pct":17.05}},"city":{"roads":{"area":2911.54,"pct":7.17}},"id":"hex:2398:17424"},"type":"Feature"},{"geometry":{"coordinates":[[[-117.54473,34.09319],[-117.54541,34.09417],[-117.54677,34.09416],[-117.54744,34.09318],[-117.54676,34.09221],[-117.5454,34.09222],[-117.54473,34.09319]]],"type":"Polygon"},"properties":{"bbox":{"roads":{"area":6324.49,"pct":15.58}},"city":{"roads":{"area":2036.41,"pct":5.02}},"id":"hex:2398:17425"},"type":"Feature"},{"geometry":{"coordinates":[[[-117.54474,34.09515],[-117.54543,34.09612],[-117.54678,34.09611],[-117.54745,34.09513],[-117.54677,34.09416],[-117.54541,34.09417],[-117.54474,34.09515]]],"type":"Polygon"},"properties":{"bbox":{"roads":{"area":7516.36,"pct":18.52},"sidewalks":{"area":350.08,"pct":0.86}},"city":{"roads":{"area":3713.99,"pct":9.15},"sidewalks":{"area":350.08,"pct":0.86}},"id":"hex:2398:17426"},"type":"Feature"},{"geometry":{"coordinates":[[[-117.54476,34.0971],[-117.54544,34.09807],[-117.54679,34.09807],[-117.54747,34.09709],[-117.54678,34.09611],[-117.54543,34.09612],[-117.54476,34.0971]]],"type":"Polygon"},"properties":{"bbox":{"roads":{"area":6068.72,"pct":14.95}},"city":{"roads":{"area":2160.12,"pct":5.32}},"id":"hex:2398:17427"},"type":"Feature"},{"geometry":{"coordinates":[[[-117.54477,34.09905],[-117.54545,34.10003],[-117.54681,34.10002],[-117.54748,34.09904],[-117.54679,34.09807],[-117.54544,34.09807],[-117.54477,34.09905]]],"type":"Polygon"},"properties":{"bbox":{"roads":{"area":9323.05,"pct":22.97},"sidewalks":{"area":26.04,"pct":0.06}},"city":{"roads":{"area":979.02,"pct":2.41},"sidewalks":{"area":26.04,"pct":0.06}},"id":"hex:2398:17428"},"type":"Feature"},{"geometry":{"coordinates":[[[-117.54478,34.101],[-117.54546,34.10198],[-117.54682,34.10197],[-117.54749,34.10099],[-117.54681,34.10002],[-117.54545,34.10003],[-117.54478,34.101]]],"type":"Polygon"},"properties":{"bbox":{"parking":{"area":10667.46,"pct":26.28},"roads":{"area":10815.65,"pct":26.64},"sidewalks":{"area":206.48,"pct":0.51}},"city":{"parking":{"area":10667.46,"pct":26.28},"roads":{"area":6918.65,"pct":17.04},"sidewalks":{"area":206.48,"pct":0.51}},"id":"hex:2398:17429"},"type":"Feature"},{"geometry":{"coordinates":[[[-117.54479,34.10296],[-117.54548,34.10393],[-117.54683,34.10392],[-117.5475,34.10295],[-117.54682,34.10197],[-117.54546,34.10198],[-117.54479,34.10296]]],"type":"Polygon"},"properties":{"bbox":{"parking":{"area":11356.19,"pct":27.97},"roads":{"area":9560.94,"pct":23.55}},"city":{"parking":{"area":11356.19,"pct":27.97},"roads":{"area":5515.22,"pct":13.59}},"id":"hex:2398:17430"},"type":"Feature"},{"geometry":{"coordinates":[[[-117.54481,34.10491],[-117.54549,34.10588],[-117.54685,34.10588],[-117.54752,34.1049],[-117.54683,34.10392],[-117.54548,34.10393],[-117.54481,34.10491]]],"type":"Polygon"},"properties":{"bbox":{"roads":{"area":9269.83,"pct":22.83}},"city":{"roads":{"area":5471.92,"pct":13.48}},"id":"hex:2398:17431"},"type":"Feature"},{"geometry":{"coordinates":[[[-117.54482,34.10686],[-117.5455,34.10784],[-117.54686,34.10783],[-117.54753,34.10685],[-117.54685,34.10588],[-117.54549,34.10588],[-117.54482,34.10686]]],"type":"Polygon"},"properties":{"bbox":{"roads":{"area":14256.16,"pct":35.12},"sidewalks":{"area":549.47,"pct":1.35}},"city":{"roads":{"area":3712.82,"pct":9.15},"sidewalks":{"area":549.47,"pct":1.35}},"id":"hex:2398:17432"},"type":"Feature"},{"geometry":{"coordinates":[[[-117.54483,34.10881],[-117.54551,34.10979],[-117.54687,34.10978],[-117.54754,34.1088],[-117.54686,34.10783],[-117.5455,34.10784],[-117.54483,34.10881]]],"type":"Polygon"},"properties":{"bbox":{"roads":{"area":8664.3,"pct":21.34},"sidewalks":{"area":807.87,"pct":1.99}},"city":{"roads":{"area":5339.53,"pct":13.15},"sidewalks":{"area":807.87,"pct":1.99}},"id":"hex:2398:17433"},"type":"Feature"},{"geometry":{"coordinates":[[[-117.54484,34.11077],[-117.54553,34.11174],[-117.54688,34.11173],[-117.54755,34.11076],[-117.54687,34.10978],[-117.54551,34.10979],[-117.54484,34.11077]]],"type":"Polygon"},"properties":{"bbox":{"roads":{"area":5527.17,"pct":13.62},"sidewalks":{"area":376.82,"pct":0.93}},"city":{"roads":{"area":2354.65,"pct":5.8},"sidewalks":{"area":376.82,"pct":0.93}},"id":"hex:2398:17434"},"type":"Feature"},{"geometry":{"coordinates":[[[-117.54486,34.11272],[-117.54554,34.11369],[-117.5469,34.11369],[-117.54757,34.11271],[-117.54688,34.11173],[-117.54553,34.11174],[-117.54486,34.11272]]],"type":"Polygon"},"properties":{"bbox":{"roads":{"area":5960.43,"pct":14.68},"sidewalks":{"area":340.64,"pct":0.84}},"city":{"roads":{"area":2798.81,"pct":6.89},"sidewalks":{"area":340.64,"pct":0.84}},"id":"hex:2398:17435"},"type":"Feature"},{"geometry":{"coordinates":[[[-117.54487,34.11467],[-117.54555,34.11565],[-117.54691,34.11564],[-117.54758,34.11466],[-117.5469,34.11369],[-117.54554,34.11369],[-117.54487,34.11467]]],"type":"Polygon"},"properties":{"bbox":{"roads":{"area":8124.49,"pct":20.01},"sidewalks":{"area":371.27,"pct":0.91}},"city":{"roads":{"area":2486.49,"pct":6.13},"sidewalks":{"area":371.27,"pct":0.91}},"id":"hex:2398:17436"},"type":"Feature"},{"geometry":{"coordinates":[[[-117.54488,34.11662],[-117.54557,34.1176],[-117.54692,34.11759],[-117.54759,34.11661],[-117.54691,34.11564],[-117.54555,34.11565],[-117.54488,34.11662]]],"type":"Polygon"},"properties":{"bbox":{"roads":{"area":5491.62,"pct":13.53}},"city":{"roads":{"area":2517.44,"pct":6.2}},"id":"hex:2398:17437"},"type":"Feature"},{"geometry":{"coordinates":[[[-117.54489,34.11858],[-117.54558,34.11955],[-117.54693,34.11954],[-117.5476,34.11857],[-117.54692,34.11759],[-117.54557,34.1176],[-117.54489,34.11858]]],"type":"Polygon"},"properties":{"bbox":{"roads":{"area":7244.48,"pct":17.85},"sidewalks":{"area":0.06,"pct":0}},"city":{"roads":{"area":4527.02,"pct":11.15},"sidewalks":{"area":0.06,"pct":0}},"id":"hex:2398:17438"},"type":"Feature"},{"geometry":{"coordinates":[[[-117.54491,34.12053],[-117.54559,34.1215],[-117.54695,34.1215],[-117.54762,34.12052],[-117.54693,34.11954],[-117.54558,34.11955],[-117.54491,34.12053]]],"type":"Polygon"},"properties":{"bbox":{"roads":{"area":7158.88,"pct":17.63},"sidewalks":{"area":200.84,"pct":0.49}},"city":{"roads":{"area":4315.95,"pct":10.63},"sidewalks":{"area":200.84,"pct":0.49}},"id":"hex:2398:17439"},"type":"Feature"},{"geometry":{"coordinates":[[[-117.54492,34.12248],[-117.5456,34.12346],[-117.54696,34.12345],[-117.54763,34.12247],[-117.54695,34.1215],[-117.54559,34.1215],[-117.54492,34.12248]]],"type":"Polygon"},"properties":{"bbox":{"roads":{"area":8565.15,"pct":21.1},"sidewalks":{"area":176.38,"pct":0.43}},"city":{"roads":{"area":5709.76,"pct":14.07},"sidewalks":{"area":176.38,"pct":0.43}},"id":"hex:2398:17440"},"type":"Feature"},{"geometry":{"coordinates":[[[-117.54493,34.12443],[-117.54562,34.12541],[-117.54697,34.1254],[-117.54764,34.12442],[-117.54696,34.12345],[-117.5456,34.12346],[-117.54493,34.12443]]],"type":"Polygon"},"properties":{"bbox":{"roads":{"area":6676.89,"pct":16.45},"sidewalks":{"area":259.59,"pct":0.64}},"city":{"roads":{"area":3553.31,"pct":8.75},"sidewalks":{"area":259.59,"pct":0.64}},"id":"hex:2398:17441"},"type":"Feature"},{"geometry":{"coordinates":[[[-117.54494,34.12639],[-117.54563,34.12736],[-117.54698,34.12735],[-117.54765,34.12638],[-117.54697,34.1254],[-117.54562,34.12541],[-117.54494,34.12639]]],"type":"Polygon"},"properties":{"bbox":{"roads":{"area":7278.13,"pct":17.93},"sidewalks":{"area":295.03,"pct":0.73}},"city":{"roads":{"area":4341.23,"pct":10.69},"sidewalks":{"area":295.03,"pct":0.73}},"id":"hex:2398:17442"},"type":"Feature"},{"geometry":{"coordinates":[[[-117.54496,34.12834],[-117.54564,34.12931],[-117.547,34.12931],[-117.54767,34.12833],[-117.54698,34.12735],[-117.54563,34.12736],[-117.54496,34.12834]]],"type":"Polygon"},"properties":{"bbox":{"roads":{"area":8028.92,"pct":19.78},"sidewalks":{"area":170.92,"pct":0.42}},"city":{"roads":{"area":6464.89,"pct":15.93},"sidewalks":{"area":170.92,"pct":0.42}},"id":"hex:2398:17443"},"type":"Feature"},{"geometry":{"coordinates":[[[-117.54497,34.13029],[-117.54565,34.13127],[-117.54701,34.13126],[-117.54768,34.13028],[-117.547,34.12931],[-117.54564,34.12931],[-117.54497,34.13029]]],"type":"Polygon"},"properties":{"bbox":{"parking":{"area":97.39,"pct":0.24},"roads":{"area":3757.77,"pct":9.26},"sidewalks":{"area":150.53,"pct":0.37}},"city_same":1,"id":"hex:2398:17444"},"type":"Feature"},{"geometry":{"coordinates":[[[-117.54498,34.13224],[-117.54567,34.13322],[-117.54702,34.13321],[-117.54769,34.13223],[-117.54701,34.13126],[-117.54565,34.13127],[-117.54498,34.13224]]],"type":"Polygon"},"properties":{"bbox":{"parking":{"area":9128.96,"pct":22.49},"roads":{"area":6248.01,"pct":15.39},"sidewalks":{"area":355.77,"pct":0.88}},"city_same":1,"id":"hex:2398:17445"},"type":"Feature"},{"geometry":{"coordinates":[[[-117.54499,34.1342],[-117.54568,34.13517],[-117.54703,34.13516],[-117.54771,34.13419],[-117.54702,34.13321],[-117.54567,34.13322],[-117.54499,34.1342]]],"type":"Polygon"},"properties":{"bbox":{"roads":{"area":5379.71,"pct":13.25},"sidewalks":{"area":284.59,"pct":0.7}},"city_same":1,"id":"hex:2398:17446"},"type":"Feature"},{"geometry":{"coordinates":[[[-117.54501,34.13615],[-117.54569,34.13712],[-117.54705,34.13712],[-117.54772,34.13614],[-117.54703,34.13516],[-117.54568,34.13517],[-117.54501,34.13615]]],"type":"Polygon"},"properties":{"bbox":{"roads":{"area":9704.88,"pct":23.91},"sidewalks":{"area":492.46,"pct":1.21}},"city":{"roads":{"area":4152.95,"pct":10.23},"sidewalks":{"area":492.46,"pct":1.21}},"id":"hex:2398:17447"},"type":"Feature"},{"geometry":{"coordinates":[[[-117.54502,34.1381],[-117.5457,34.13908],[-117.54706,34.13907],[-117.54773,34.13809],[-117.54705,34.13712],[-117.54569,34.13712],[-117.54502,34.1381]]],"type":"Polygon"},"properties":{"bbox":{"roads":{"area":5613.35,"pct":13.83},"sidewalks":{"area":215.71,"pct":0.53}},"city_same":1,"id":"hex:2398:17448"},"type":"Feature"},{"geometry":{"coordinates":[[[-117.54503,34.14006],[-117.54572,34.14103],[-117.54707,34.14102],[-117.54774,34.14004],[-117.54706,34.13907],[-117.5457,34.13908],[-117.54503,34.14006]]],"type":"Polygon"},"properties":{"bbox":{"roads":{"area":3590.18,"pct":8.84},"sidewalks":{"area":224.7,"pct":0.55}},"city_same":1,"id":"hex:2398:17449"},"type":"Feature"},{"geometry":{"coordinates":[[[-117.54504,34.14201],[-117.54573,34.14298],[-117.54708,34.14297],[-117.54776,34.142],[-117.54707,34.14102],[-117.54572,34.14103],[-117.54504,34.14201]]],"type":"Polygon"},"properties":{"bbox":{"roads":{"area":4099.39,"pct":10.1},"sidewalks":{"area":147.12,"pct":0.36}},"city_same":1,"id":"hex:2398:17450"},"type":"Feature"},{"geometry":{"coordinates":[[[-117.54506,34.14396],[-117.54574,34.14493],[-117.5471,34.14493],[-117.54777,34.14395],[-117.54708,34.14297],[-117.54573,34.14298],[-117.54506,34.14396]]],"type":"Polygon"},"properties":{"bbox":{"roads":{"area":1241.37,"pct":3.06},"sidewalks":{"area":267.92,"pct":0.66}},"city":{"sidewalks":{"area":267.92,"pct":0.66}},"id":"hex:2398:17451"},"type":"Feature"},{"geometry":{"coordinates":[[[-117.54463,34.07757],[-117.54328,34.07758],[-117.54304,34.07724],[-117.54485,34.07725],[-117.54486,34.07725],[-117.54463,34.07757]]],"type":"Polygon"},"properties":{"bbox":{"roads":{"area":2652.01,"pct":49.17},"sidewalks":{"area":2.57,"pct":0.05}},"city":{"roads":{"area":1451.47,"pct":26.91},"sidewalks":{"area":2.57,"pct":0.05}},"id":"hex:2399:17416"},"type":"Feature"},{"geometry":{"coordinates":[[[-117.5426,34.07856],[-117.54329,34.07953],[-117.54464,34.07953],[-117.54531,34.07855],[-117.54463,34.07757],[-117.54328,34.07758],[-117.5426,34.07856]]],"type":"Polygon"},"properties":{"bbox":{"roads":{"area":8989.41,"pct":22.14}},"city":{"roads":{"area":114.58,"pct":0.28}},"id":"hex:2399:17417"},"type":"Feature"},{"geometry":{"coordinates":[[[-117.54262,34.08051],[-117.5433,34.08149],[-117.54466,34.08148],[-117.54533,34.0805],[-117.54464,34.07953],[-117.54329,34.07953],[-117.54262,34.08051]]],"type":"Polygon"},"properties":{"bbox":{"roads":{"area":8250.37,"pct":20.32}},"city":{"roads":{"area":1826.21,"pct":4.5}},"id":"hex:2399:17418"},"type":"Feature"},{"geometry":{"coordinates":[[[-117.54263,34.08246],[-117.54331,34.08344],[-117.54467,34.08343],[-117.54534,34.08245],[-117.54466,34.08148],[-117.5433,34.08149],[-117.54263,34.08246]]],"type":"Polygon"},"properties":{"bbox":{"roads":{"area":8240.85,"pct":20.3}},"city":{"roads":{"area":2813.35,"pct":6.93}},"id":"hex:2399:17419"},"type":"Feature"},{"geometry":{"coordinates":[[[-117.54264,34.08442],[-117.54333,34.08539],[-117.54468,34.08538],[-117.54535,34.0844],[-117.54467,34.08343],[-117.54331,34.08344],[-117.54264,34.08442]]],"type":"Polygon"},"properties":{"bbox":{"roads":{"area":9046.67,"pct":22.29}},"city":{"roads":{"area":3202.04,"pct":7.89}},"id":"hex:2399:17420"},"type":"Feature"},{"geometry":{"coordinates":[[[-117.54265,34.08637],[-117.54334,34.08734],[-117.54469,34.08734],[-117.54536,34.08636],[-117.54468,34.08538],[-117.54333,34.08539],[-117.54265,34.08637]]],"type":"Polygon"},"properties":{"bbox":{"roads":{"area":8143.39,"pct":20.06}},"city":{"roads":{"area":2703.76,"pct":6.66}},"id":"hex:2399:17421"},"type":"Feature"},{"geometry":{"coordinates":[[[-117.54267,34.08832],[-117.54335,34.0893],[-117.54471,34.08929],[-117.54538,34.08831],[-117.54469,34.08734],[-117.54334,34.08734],[-117.54267,34.08832]]],"type":"Polygon"},"properties":{"bbox":{"roads":{"area":10730.09,"pct":26.43}},"city":{"roads":{"area":5212.8,"pct":12.84}},"id":"hex:2399:17422"},"type":"Feature"},{"geometry":{"coordinates":[[[-117.54268,34.09027],[-117.54336,34.09125],[-117.54472,34.09124],[-117.54539,34.09026],[-117.54471,34.08929],[-117.54335,34.0893],[-117.54268,34.09027]]],"type":"Polygon"},"properties":{"bbox":{"roads":{"area":8415.26,"pct":20.73}},"city":{"roads":{"area":2064.38,"pct":5.09}},"id":"hex:2399:17423"},"type":"Feature"},{"geometry":{"coordinates":[[[-117.54269,34.09223],[-117.54338,34.0932],[-117.54473,34.09319],[-117.5454,34.09222],[-117.54472,34.09124],[-117.54336,34.09125],[-117.54269,34.09223]]],"type":"Polygon"},"properties":{"bbox":{"roads":{"area":7566.9,"pct":18.64}},"city":{"roads":{"area":947.15,"pct":2.33}},"id":"hex:2399:17424"},"type":"Feature"},{"geometry":{"coordinates":[[[-117.5427,34.09418],[-117.54339,34.09515],[-117.54474,34.09515],[-117.54541,34.09417],[-117.54473,34.09319],[-117.54338,34.0932],[-117.5427,34.09418]]],"type":"Polygon"},"properties":{"bbox":{"roads":{"area":6477.14,"pct":15.96}},"city":{"roads":{"area":1658.03,"pct":4.08}},"id":"hex:2399:17425"},"type":"Feature"},{"geometry":{"coordinates":[[[-117.54272,34.09613],[-117.5434,34.09711],[-117.54476,34.0971],[-117.54543,34.09612],[-117.54474,34.09515],[-117.54339,34.09515],[-117.54272,34.09613]]],"type":"Polygon"},"properties":{"bbox":{"roads":{"area":3465.37,"pct":8.54}},"city_same":1,"id":"hex:2399:17426"},"type":"Feature"},{"geometry":{"coordinates":[[[-117.54273,34.09808],[-117.54341,34.09906],[-117.54477,34.09905],[-117.54544,34.09807],[-117.54476,34.0971],[-117.5434,34.09711],[-117.54273,34.09808]]],"type":"Polygon"},"properties":{"bbox":{"roads":{"area":2670.37,"pct":6.58}},"city":{"roads":{"area":2093.99,"pct":5.16}},"id":"hex:2399:17427"},"type":"Feature"},{"geometry":{"coordinates":[[[-117.54274,34.10004],[-117.54343,34.10101],[-117.54478,34.101],[-117.54545,34.10003],[-117.54477,34.09905],[-117.54341,34.09906],[-117.54274,34.10004]]],"type":"Polygon"},"properties":{"bbox":{"roads":{"area":5230.7,"pct":12.89},"sidewalks":{"area":198.21,"pct":0.49}},"city":{"roads":{"area":3434.54,"pct":8.46},"sidewalks":{"area":198.21,"pct":0.49}},"id":"hex:2399:17428"},"type":"Feature"},{"geometry":{"coordinates":[[[-117.54275,34.10199],[-117.54344,34.10296],[-117.54479,34.10296],[-117.54546,34.10198],[-117.54478,34.101],[-117.54343,34.10101],[-117.54275,34.10199]]],"type":"Polygon"},"properties":{"bbox":{"parking":{"area":6715.09,"pct":16.54},"roads":{"area":5890.98,"pct":14.51},"sidewalks":{"area":210.69,"pct":0.52}},"city_same":1,"id":"hex:2399:17429"},"type":"Feature"},{"geometry":{"coordinates":[[[-117.54277,34.10394],[-117.54345,34.10492],[-117.54481,34.10491],[-117.54548,34.10393],[-117.54479,34.10296],[-117.54344,34.10296],[-117.54277,34.10394]]],"type":"Polygon"},"properties":{"bbox":{"parking":{"area":10296.13,"pct":25.36},"roads":{"area":4580.11,"pct":11.28}},"city_same":1,"id":"hex:2399:17430"},"type":"Feature"},{"geometry":{"coordinates":[[[-117.54278,34.10589],[-117.54346,34.10687],[-117.54482,34.10686],[-117.54549,34.10588],[-117.54481,34.10491],[-117.54345,34.10492],[-117.54278,34.10589]]],"type":"Polygon"},"properties":{"bbox":{"parking":{"area":384.71,"pct":0.95},"roads":{"area":8550.62,"pct":21.06},"sidewalks":{"area":494.02,"pct":1.22}},"city":{"parking":{"area":384.71,"pct":0.95},"roads":{"area":3626.42,"pct":8.93},"sidewalks":{"area":494.02,"pct":1.22}},"id":"hex:2399:17431"},"type":"Feature"},{"geometry":{"coordinates":[[[-117.54279,34.10785],[-117.54348,34.10882],[-117.54483,34.10881],[-117.5455,34.10784],[-117.54482,34.10686],[-117.54346,34.10687],[-117.54279,34.10785]]],"type":"Polygon"},"properties":{"bbox":{"roads":{"area":5001.17,"pct":12.32},"sidewalks":{"area":103.85,"pct":0.26}},"city":{"roads":{"area":4999.74,"pct":12.32},"sidewalks":{"area":103.85,"pct":0.26}},"id":"hex:2399:17432"},"type":"Feature"},{"geometry":{"coordinates":[[[-117.5428,34.1098],[-117.54349,34.11077],[-117.54484,34.11077],[-117.54551,34.10979],[-117.54483,34.10881],[-117.54348,34.10882],[-117.5428,34.1098]]],"type":"Polygon"},"properties":{"bbox":{"roads":{"area":2987.72,"pct":7.36},"sidewalks":{"area":461.02,"pct":1.14}},"city":{"roads":{"area":2978.8,"pct":7.34},"sidewalks":{"area":461.02,"pct":1.14}},"id":"hex:2399:17433"},"type":"Feature"},{"geometry":{"coordinates":[[[-117.54282,34.11175],[-117.5435,34.11273],[-117.54486,34.11272],[-117.54553,34.11174],[-117.54484,34.11077],[-117.54349,34.11077],[-117.54282,34.11175]]],"type":"Polygon"},"properties":{"bbox":{"roads":{"area":3958.88,"pct":9.75},"sidewalks":{"area":463.21,"pct":1.14}},"city":{"roads":{"area":3906.01,"pct":9.62},"sidewalks":{"area":463.21,"pct":1.14}},"id":"hex:2399:17434"},"type":"Feature"},{"geometry":{"coordinates":[[[-117.54283,34.1137],[-117.54351,34.11468],[-117.54487,34.11467],[-117.54554,34.11369],[-117.54486,34.11272],[-117.5435,34.11273],[-117.54283,34.1137]]],"type":"Polygon"},"properties":{"bbox":{"roads":{"area":6518.29,"pct":16.06},"sidewalks":{"area":1167.2,"pct":2.88}},"city":{"roads":{"area":2766.93,"pct":6.82},"sidewalks":{"area":1167.2,"pct":2.88}},"id":"hex:2399:17435"},"type":"Feature"},{"geometry":{"coordinates":[[[-117.54284,34.11566],[-117.54353,34.11663],[-117.54488,34.11662],[-117.54555,34.11565],[-117.54487,34.11467],[-117.54351,34.11468],[-117.54284,34.11566]]],"type":"Polygon"},"properties":{"bbox":{"roads":{"area":3926.01,"pct":9.67}},"city":{"roads":{"area":3679.19,"pct":9.06}},"id":"hex:2399:17436"},"type":"Feature"},{"geometry":{"coordinates":[[[-117.54285,34.11761],[-117.54354,34.11858],[-117.54489,34.11858],[-117.54557,34.1176],[-117.54488,34.11662],[-117.54353,34.11663],[-117.54285,34.11761]]],"type":"Polygon"},"properties":{"bbox":{"roads":{"area":4422.79,"pct":10.89}},"city":{"roads":{"area":4023.15,"pct":9.91}},"id":"hex:2399:17437"},"type":"Feature"},{"geometry":{"coordinates":[[[-117.54287,34.11956],[-117.54355,34.12054],[-117.54491,34.12053],[-117.54558,34.11955],[-117.54489,34.11858],[-117.54354,34.11858],[-117.54287,34.11956]]],"type":"Polygon"},"properties":{"bbox":{"roads":{"area":5039.84,"pct":12.41}},"city":{"roads":{"area":4473.19,"pct":11.02}},"id":"hex:2399:17438"},"type":"Feature"},{"geometry":{"coordinates":[[[-117.54288,34.12152],[-117.54356,34.12249],[-117.54492,34.12248],[-117.54559,34.1215],[-117.54491,34.12053],[-117.54355,34.12054],[-117.54288,34.12152]]],"type":"Polygon"},"properties":{"bbox":{"roads":{"area":9248.5,"pct":22.78},"sidewalks":{"area":615.39,"pct":1.52}},"city":{"roads":{"area":8888.74,"pct":21.9},"sidewalks":{"area":615.39,"pct":1.52}},"id":"hex:2399:17439"},"type":"Feature"},{"geometry":{"coordinates":[[[-117.54289,34.12347],[-117.54358,34.12444],[-117.54493,34.12443],[-117.5456,34.12346],[-117.54492,34.12248],[-117.54356,34.12249],[-117.54289,34.12347]]],"type":"Polygon"},"properties":{"bbox":{"roads":{"area":3397.63,"pct":8.37},"sidewalks":{"area":5.79,"pct":0.01}},"city":{"roads":{"area":3168.84,"pct":7.81},"sidewalks":{"area":5.79,"pct":0.01}},"id":"hex:2399:17440"},"type":"Feature"},{"geometry":{"coordinates":[[[-117.5429,34.12542],[-117.54359,34.12639],[-117.54494,34.12639],[-117.54562,34.12541],[-117.54493,34.12443],[-117.54358,34.12444],[-117.5429,34.12542]]],"type":"Polygon"},"properties":{"bbox":{"roads":{"area":2847.46,"pct":7.01},"sidewalks":{"area":66.16,"pct":0.16}},"city":{"roads":{"area":2757.98,"pct":6.79},"sidewalks":{"area":66.16,"pct":0.16}},"id":"hex:2399:17441"},"type":"Feature"},{"geometry":{"coordinates":[[[-117.54292,34.12737],[-117.5436,34.12835],[-117.54496,34.12834],[-117.54563,34.12736],[-117.54494,34.12639],[-117.54359,34.12639],[-117.54292,34.12737]]],"type":"Polygon"},"properties":{"bbox":{"roads":{"area":4130.06,"pct":10.17},"sidewalks":{"area":16.65,"pct":0.04}},"city":{"roads":{"area":3262.17,"pct":8.04},"sidewalks":{"area":16.65,"pct":0.04}},"id":"hex:2399:17442"},"type":"Feature"},{"geometry":{"coordinates":[[[-117.5436,34.12835],[-117.54496,34.12834],[-117.54564,34.12931],[-117.54497,34.13029],[-117.5449,34.13029],[-117.54491,34.13027],[-117.54509,34.12982],[-117.54509,34.12903],[-117.54497,34.12888],[-117.54477,34.12886],[-117.54323,34.12889],[-117.5436,34.12835]]],"type":"Polygon"},"properties":{"bbox":{"roads":{"area":3544.67,"pct":25.61},"sidewalks":{"area":250.77,"pct":1.81}},"city_same":1,"id":"hex:2399:17443"},"type":"Feature"},{"geometry":{"coordinates":[[[-117.54497,34.13029],[-117.54565,34.13127],[-117.54498,34.13224],[-117.5446,34.13225],[-117.54461,34.13216],[-117.54474,34.13184],[-117.5449,34.13029],[-117.54497,34.13029]]],"type":"Polygon"},"properties":{"bbox":{"parking":{"area":101.41,"pct":0.96},"roads":{"area":1305.09,"pct":12.37},"sidewalks":{"area":246.85,"pct":2.34}},"city_same":1,"id":"hex:2399:17444"},"type":"Feature"},{"geometry":{"coordinates":[[[-117.54364,34.1342],[-117.54295,34.13323],[-117.54307,34.13306],[-117.54405,34.13298],[-117.54452,34.13295],[-117.5446,34.13225],[-117.54498,34.13224],[-117.54567,34.13322],[-117.54499,34.1342],[-117.54461,34.1342],[-117.54457,34.13416],[-117.54426,34.1341],[-117.54407,34.13411],[-117.54393,34.13411],[-117.5437,34.1342],[-117.54364,34.1342]]],"type":"Polygon"},"properties":{"bbox":{"roads":{"area":1752.08,"pct":5.69},"sidewalks":{"area":287.29,"pct":0.93}},"city_same":1,"id":"hex:2399:17445"},"type":"Feature"},{"geometry":{"coordinates":[[[[-117.54499,34.1342],[-117.54568,34.13517],[-117.54501,34.13615],[-117.54365,34.13616],[-117.543,34.13523],[-117.54305,34.13524],[-117.54492,34.13572],[-117.54499,34.13495],[-117.54466,34.13424],[-117.54461,34.1342],[-117.54499,34.1342]]],[[[-117.54364,34.1342],[-117.5437,34.1342],[-117.54362,34.13423],[-117.54364,34.1342]]]],"type":"MultiPolygon"},"properties":{"bbox":{"roads":{"area":3882.83,"pct":20.33},"sidewalks":{"area":597.66,"pct":3.13}},"city_same":1,"id":"hex:2399:17446"},"type":"Feature"},{"geometry":{"coordinates":[[[-117.54298,34.13714],[-117.54366,34.13811],[-117.54502,34.1381],[-117.54569,34.13712],[-117.54501,34.13615],[-117.54365,34.13616],[-117.54298,34.13714]]],"type":"Polygon"},"properties":{"bbox":{"roads":{"area":8968.83,"pct":22.09},"sidewalks":{"area":396.12,"pct":0.98}},"city":{"roads":{"area":3850.71,"pct":9.49},"sidewalks":{"area":396.12,"pct":0.98}},"id":"hex:2399:17447"},"type":"Feature"},{"geometry":{"coordinates":[[[-117.54299,34.13909],[-117.54368,34.14006],[-117.54503,34.14006],[-117.5457,34.13908],[-117.54502,34.1381],[-117.54366,34.13811],[-117.54299,34.13909]]],"type":"Polygon"},"properties":{"bbox":{"roads":{"area":4740.25,"pct":11.68},"sidewalks":{"area":353.09,"pct":0.87}},"city_same":1,"id":"hex:2399:17448"},"type":"Feature"},{"geometry":{"coordinates":[[[-117.543,34.14104],[-117.54369,34.14201],[-117.54504,34.14201],[-117.54572,34.14103],[-117.54503,34.14006],[-117.54368,34.14006],[-117.543,34.14104]]],"type":"Polygon"},"properties":{"bbox":{"roads":{"area":1793.33,"pct":4.42},"sidewalks":{"area":224.24,"pct":0.55}},"city_same":1,"id":"hex:2399:17449"},"type":"Feature"},{"geometry":{"coordinates":[[[-117.54302,34.14299],[-117.5437,34.14397],[-117.54506,34.14396],[-117.54573,34.14298],[-117.54504,34.14201],[-117.54369,34.14201],[-117.54302,34.14299]]],"type":"Polygon"},"properties":{"bbox":{"roads":{"area":2671.59,"pct":6.58},"sidewalks":{"area":434.89,"pct":1.07}},"city":{"roads":{"area":863.89,"pct":2.13},"sidewalks":{"area":434.89,"pct":1.07}},"id":"hex:2399:17450"},"type":"Feature"},{"geometry":{"coordinates":[[[-117.54328,34.07758],[-117.5426,34.07856],[-117.54125,34.07857],[-117.54057,34.07759],[-117.54081,34.07724],[-117.54304,34.07724],[-117.54328,34.07758]]],"type":"Polygon"},"properties":{"bbox":{"roads":{"area":2336.34,"pct":8.04},"sidewalks":{"area":3.07,"pct":0.01}},"city":{"roads":{"area":2159.94,"pct":7.44},"sidewalks":{"area":3.07,"pct":0.01}},"id":"hex:2400:17417"},"type":"Feature"},{"geometry":{"coordinates":[[[-117.54058,34.07954],[-117.54126,34.08052],[-117.54262,34.08051],[-117.54329,34.07953],[-117.5426,34.07856],[-117.54125,34.07857],[-117.54058,34.07954]]],"type":"Polygon"},"properties":{"bbox":{"roads":{"area":737.47,"pct":1.82}},"city_same":1,"id":"hex:2400:17418"},"type":"Feature"},{"geometry":{"coordinates":[[[-117.54059,34.0815],[-117.54128,34.08247],[-117.54263,34.08246],[-117.5433,34.08149],[-117.54262,34.08051],[-117.54126,34.08052],[-117.54059,34.0815]]],"type":"Polygon"},"properties":{"bbox":{"roads":{"area":1217.94,"pct":3}},"city_same":1,"id":"hex:2400:17419"},"type":"Feature"},{"geometry":{"coordinates":[[[-117.5406,34.08345],[-117.54129,34.08442],[-117.54264,34.08442],[-117.54331,34.08344],[-117.54263,34.08246],[-117.54128,34.08247],[-117.5406,34.08345]]],"type":"Polygon"},"properties":{"bbox":{"roads":{"area":899.6,"pct":2.22}},"city_same":1,"id":"hex:2400:17420"},"type":"Feature"},{"geometry":{"coordinates":[[[-117.54062,34.0854],[-117.5413,34.08638],[-117.54265,34.08637],[-117.54333,34.08539],[-117.54264,34.08442],[-117.54129,34.08442],[-117.54062,34.0854]]],"type":"Polygon"},"properties":{"bbox":{"roads":{"area":1311.05,"pct":3.23}},"city_same":1,"id":"hex:2400:17421"},"type":"Feature"},{"geometry":{"coordinates":[[[-117.54063,34.08735],[-117.54131,34.08833],[-117.54267,34.08832],[-117.54334,34.08734],[-117.54265,34.08637],[-117.5413,34.08638],[-117.54063,34.08735]]],"type":"Polygon"},"properties":{"bbox":{"roads":{"area":4695.74,"pct":11.57},"sidewalks":{"area":23.08,"pct":0.06}},"city_same":1,"id":"hex:2400:17422"},"type":"Feature"},{"geometry":{"coordinates":[[[-117.54064,34.08931],[-117.54132,34.09028],[-117.54268,34.09027],[-117.54335,34.0893],[-117.54267,34.08832],[-117.54131,34.08833],[-117.54064,34.08931]]],"type":"Polygon"},"properties":{"bbox":{"roads":{"area":1873.69,"pct":4.62}},"city_same":1,"id":"hex:2400:17423"},"type":"Feature"},{"geometry":{"coordinates":[[[-117.54065,34.09126],[-117.54134,34.09223],[-117.54269,34.09223],[-117.54336,34.09125],[-117.54268,34.09027],[-117.54132,34.09028],[-117.54065,34.09126]]],"type":"Polygon"},"properties":{"bbox":{"roads":{"area":1713.78,"pct":4.22}},"city_same":1,"id":"hex:2400:17424"},"type":"Feature"},{"geometry":{"coordinates":[[[-117.54067,34.09321],[-117.54135,34.09419],[-117.5427,34.09418],[-117.54338,34.0932],[-117.54269,34.09223],[-117.54134,34.09223],[-117.54067,34.09321]]],"type":"Polygon"},"properties":{"bbox":{"roads":{"area":702.88,"pct":1.73}},"city":{"roads":{"area":664.37,"pct":1.64}},"id":"hex:2400:17425"},"type":"Feature"},{"geometry":{"coordinates":[[[-117.54068,34.09516],[-117.54136,34.09614],[-117.54272,34.09613],[-117.54339,34.09515],[-117.5427,34.09418],[-117.54135,34.09419],[-117.54068,34.09516]]],"type":"Polygon"},"properties":{"bbox":{"roads":{"area":6086.03,"pct":14.99}},"city":{"roads":{"area":585.77,"pct":1.44}},"id":"hex:2400:17426"},"type":"Feature"},{"geometry":{"coordinates":[[[-117.54069,34.09712],[-117.54137,34.09809],[-117.54273,34.09808],[-117.5434,34.09711],[-117.54272,34.09613],[-117.54136,34.09614],[-117.54069,34.09712]]],"type":"Polygon"},"properties":{"bbox":{"roads":{"area":7087.04,"pct":17.46}},"city":{"roads":{"area":983.01,"pct":2.42}},"id":"hex:2400:17427"},"type":"Feature"},{"geometry":{"coordinates":[[[-117.5407,34.09907],[-117.54139,34.10004],[-117.54274,34.10004],[-117.54341,34.09906],[-117.54273,34.09808],[-117.54137,34.09809],[-117.5407,34.09907]]],"type":"Polygon"},"properties":{"bbox":{"roads":{"area":5615.52,"pct":13.83}},"city":{"roads":{"area":1139.27,"pct":2.81}},"id":"hex:2400:17428"},"type":"Feature"},{"geometry":{"coordinates":[[[-117.54072,34.10102],[-117.5414,34.102],[-117.54275,34.10199],[-117.54343,34.10101],[-117.54274,34.10004],[-117.54139,34.10004],[-117.54072,34.10102]]],"type":"Polygon"},"properties":{"bbox":{"roads":{"area":3380.87,"pct":8.33},"sidewalks":{"area":722.54,"pct":1.78}},"city_same":1,"id":"hex:2400:17429"},"type":"Feature"},{"geometry":{"coordinates":[[[-117.54073,34.10298],[-117.54141,34.10395],[-117.54277,34.10394],[-117.54344,34.10296],[-117.54275,34.10199],[-117.5414,34.102],[-117.54073,34.10298]]],"type":"Polygon"},"properties":{"bbox":{"roads":{"area":1102.58,"pct":2.72}},"city_same":1,"id":"hex:2400:17430"},"type":"Feature"},{"geometry":{"coordinates":[[[-117.54074,34.10493],[-117.54142,34.1059],[-117.54278,34.10589],[-117.54345,34.10492],[-117.54277,34.10394],[-117.54141,34.10395],[-117.54074,34.10493]]],"type":"Polygon"},"properties":{"bbox":{"roads":{"area":1077.44,"pct":2.65}},"city_same":1,"id":"hex:2400:17431"},"type":"Feature"},{"geometry":{"coordinates":[[[-117.54075,34.10688],[-117.54144,34.10785],[-117.54279,34.10785],[-117.54346,34.10687],[-117.54278,34.10589],[-117.54142,34.1059],[-117.54075,34.10688]]],"type":"Polygon"},"properties":{"bbox":{"roads":{"area":6717.48,"pct":16.55},"sidewalks":{"area":257.05,"pct":0.63}},"city":{"roads":{"area":2036.51,"pct":5.02},"sidewalks":{"area":257.05,"pct":0.63}},"id":"hex:2400:17432"},"type":"Feature"},{"geometry":{"coordinates":[[[-117.54077,34.10883],[-117.54145,34.10981],[-117.5428,34.1098],[-117.54348,34.10882],[-117.54279,34.10785],[-117.54144,34.10785],[-117.54077,34.10883]]],"type":"Polygon"},"properties":{"bbox":{"roads":{"area":2231.73,"pct":5.5}},"city_same":1,"id":"hex:2400:17433"},"type":"Feature"},{"geometry":{"coordinates":[[[-117.54078,34.11079],[-117.54146,34.11176],[-117.54282,34.11175],[-117.54349,34.11077],[-117.5428,34.1098],[-117.54145,34.10981],[-117.54078,34.11079]]],"type":"Polygon"},"properties":{"bbox":{"roads":{"area":2221.97,"pct":5.47}},"city_same":1,"id":"hex:2400:17434"},"type":"Feature"},{"geometry":{"coordinates":[[[-117.54079,34.11274],[-117.54147,34.11371],[-117.54283,34.1137],[-117.5435,34.11273],[-117.54282,34.11175],[-117.54146,34.11176],[-117.54079,34.11274]]],"type":"Polygon"},"properties":{"bbox":{"roads":{"area":2036.29,"pct":5.02}},"city_same":1,"id":"hex:2400:17435"},"type":"Feature"},{"geometry":{"coordinates":[[[-117.5408,34.11469],[-117.54149,34.11566],[-117.54284,34.11566],[-117.54351,34.11468],[-117.54283,34.1137],[-117.54147,34.11371],[-117.5408,34.11469]]],"type":"Polygon"},"properties":{"bbox":{"roads":{"area":3602.12,"pct":8.87},"sidewalks":{"area":454.65,"pct":1.12}},"city":{"roads":{"area":1146.68,"pct":2.82},"sidewalks":{"area":454.65,"pct":1.12}},"id":"hex:2400:17436"},"type":"Feature"},{"geometry":{"coordinates":[[[-117.54081,34.11664],[-117.5415,34.11762],[-117.54285,34.11761],[-117.54353,34.11663],[-117.54284,34.11566],[-117.54149,34.11566],[-117.54081,34.11664]]],"type":"Polygon"},"properties":{"bbox":{"roads":{"area":998.59,"pct":2.46}},"city_same":1,"id":"hex:2400:17437"},"type":"Feature"},{"geometry":{"coordinates":[[[-117.54083,34.1186],[-117.54151,34.11957],[-117.54287,34.11956],[-117.54354,34.11858],[-117.54285,34.11761],[-117.5415,34.11762],[-117.54083,34.1186]]],"type":"Polygon"},"properties":{"bbox":{"roads":{"area":1114.75,"pct":2.75}},"city_same":1,"id":"hex:2400:17438"},"type":"Feature"},{"geometry":{"coordinates":[[[-117.54084,34.12055],[-117.54152,34.12152],[-117.54288,34.12152],[-117.54355,34.12054],[-117.54287,34.11956],[-117.54151,34.11957],[-117.54084,34.12055]]],"type":"Polygon"},"properties":{"bbox":{"roads":{"area":2710.98,"pct":6.68},"sidewalks":{"area":223.78,"pct":0.55}},"city_same":1,"id":"hex:2400:17439"},"type":"Feature"},{"geometry":{"coordinates":[[[-117.54085,34.1225],[-117.54154,34.12347],[-117.54289,34.12347],[-117.54356,34.12249],[-117.54288,34.12152],[-117.54152,34.12152],[-117.54085,34.1225]]],"type":"Polygon"},"properties":{"bbox":{"roads":{"area":2161.6,"pct":5.32},"sidewalks":{"area":80.84,"pct":0.2}},"city_same":1,"id":"hex:2400:17440"},"type":"Feature"},{"geometry":{"coordinates":[[[-117.54086,34.12445],[-117.54155,34.12543],[-117.5429,34.12542],[-117.54358,34.12444],[-117.54289,34.12347],[-117.54154,34.12347],[-117.54086,34.12445]]],"type":"Polygon"},"properties":{"bbox":{"roads":{"area":833.85,"pct":2.05}},"city_same":1,"id":"hex:2400:17441"},"type":"Feature"},{"geometry":{"coordinates":[[[-117.54088,34.12641],[-117.54156,34.12738],[-117.54292,34.12737],[-117.54359,34.12639],[-117.5429,34.12542],[-117.54155,34.12543],[-117.54088,34.12641]]],"type":"Polygon"},"properties":{"bbox":{"roads":{"area":1295.56,"pct":3.19}},"city_same":1,"id":"hex:2400:17442"},"type":"Feature"},{"geometry":{"coordinates":[[[-117.54157,34.12933],[-117.54089,34.12836],[-117.54156,34.12738],[-117.54292,34.12737],[-117.5436,34.12835],[-117.54323,34.12889],[-117.54222,34.12891],[-117.54223,34.12933],[-117.54157,34.12933]]],"type":"Polygon"},"properties":{"bbox":{"roads":{"area":3519.43,"pct":9.54},"sidewalks":{"area":310.71,"pct":0.84}},"city_same":1,"id":"hex:2400:17443"},"type":"Feature"},{"geometry":{"coordinates":[[[-117.54365,34.13616],[-117.54298,34.13714],[-117.54162,34.13714],[-117.54094,34.13617],[-117.54161,34.13519],[-117.54287,34.13518],[-117.543,34.13523],[-117.54365,34.13616]]],"type":"Polygon"},"properties":{"bbox":{"roads":{"area":9052.35,"pct":22.31},"sidewalks":{"area":336.05,"pct":0.83}},"city":{"roads":{"area":1763.99,"pct":4.35},"sidewalks":{"area":336.05,"pct":0.83}},"id":"hex:2400:17447"},"type":"Feature"},{"geometry":{"coordinates":[[[-117.54095,34.13812],[-117.54164,34.13909],[-117.54299,34.13909],[-117.54366,34.13811],[-117.54298,34.13714],[-117.54162,34.13714],[-117.54095,34.13812]]],"type":"Polygon"},"properties":{"bbox":{"roads":{"area":241.43,"pct":0.59}},"city_same":1,"id":"hex:2400:17448"},"type":"Feature"},{"geometry":{"coordinates":[[[-117.54096,34.14007],[-117.54165,34.14105],[-117.543,34.14104],[-117.54368,34.14006],[-117.54299,34.13909],[-117.54164,34.13909],[-117.54096,34.14007]]],"type":"Polygon"},"properties":{"bbox":{"roads":{"area":298.61,"pct":0.74}},"city_same":1,"id":"hex:2400:17449"},"type":"Feature"},{"geometry":{"coordinates":[[[-117.54099,34.14398],[-117.54167,34.14495],[-117.54303,34.14495],[-117.5437,34.14397],[-117.54302,34.14299],[-117.54166,34.143],[-117.54099,34.14398]]],"type":"Polygon"},"properties":{"bbox":{"roads":{"area":1281.4,"pct":3.16},"sidewalks":{"area":224.23,"pct":0.55}},"city":{"sidewalks":{"area":224.23,"pct":0.55}},"id":"hex:2400:17451"},"type":"Feature"},{"geometry":{"coordinates":[[[-117.54057,34.07759],[-117.53921,34.0776],[-117.53896,34.07723],[-117.54081,34.07724],[-117.54057,34.07759]]],"type":"Polygon"},"properties":{"bbox":{"roads":{"area":1595.64,"pct":27.03}},"city_same":1,"id":"hex:2401:17416"},"type":"Feature"},{"geometry":{"coordinates":[[[-117.53854,34.07858],[-117.53922,34.07955],[-117.54058,34.07954],[-117.54125,34.07857],[-117.54057,34.07759],[-117.53921,34.0776],[-117.53854,34.07858]]],"type":"Polygon"},"properties":{"bbox":{"roads":{"area":4701.38,"pct":11.58}},"city_same":1,"id":"hex:2401:17417"},"type":"Feature"},{"geometry":{"coordinates":[[[-117.53855,34.08053],[-117.53924,34.0815],[-117.54059,34.0815],[-117.54126,34.08052],[-117.54058,34.07954],[-117.53922,34.07955],[-117.53855,34.08053]]],"type":"Polygon"},"properties":{"bbox":{"roads":{"area":2513.53,"pct":6.19}},"city_same":1,"id":"hex:2401:17418"},"type":"Feature"},{"geometry":{"coordinates":[[[-117.53857,34.08248],[-117.53925,34.08346],[-117.5406,34.08345],[-117.54128,34.08247],[-117.54059,34.0815],[-117.53924,34.0815],[-117.53857,34.08248]]],"type":"Polygon"},"properties":{"bbox":{"roads":{"area":3797.69,"pct":9.36}},"city_same":1,"id":"hex:2401:17419"},"type":"Feature"},{"geometry":{"coordinates":[[[-117.53858,34.08443],[-117.53926,34.08541],[-117.54062,34.0854],[-117.54129,34.08442],[-117.5406,34.08345],[-117.53925,34.08346],[-117.53858,34.08443]]],"type":"Polygon"},"properties":{"bbox":{"roads":{"area":4695.13,"pct":11.57}},"city_same":1,"id":"hex:2401:17420"},"type":"Feature"},{"geometry":{"coordinates":[[[-117.53859,34.08639],[-117.53927,34.08736],[-117.54063,34.08735],[-117.5413,34.08638],[-117.54062,34.0854],[-117.53926,34.08541],[-117.53859,34.08639]]],"type":"Polygon"},"properties":{"bbox":{"roads":{"area":5850.45,"pct":14.41},"sidewalks":{"area":474.4,"pct":1.17}},"city_same":1,"id":"hex:2401:17421"},"type":"Feature"},{"geometry":{"coordinates":[[[-117.5386,34.08834],[-117.53929,34.08931],[-117.54064,34.08931],[-117.54131,34.08833],[-117.54063,34.08735],[-117.53927,34.08736],[-117.5386,34.08834]]],"type":"Polygon"},"properties":{"bbox":{"roads":{"area":6088.68,"pct":15},"sidewalks":{"area":1206.73,"pct":2.97}},"city_same":1,"id":"hex:2401:17422"},"type":"Feature"},{"geometry":{"coordinates":[[[-117.53861,34.09029],[-117.5393,34.09127],[-117.54065,34.09126],[-117.54132,34.09028],[-117.54064,34.08931],[-117.53929,34.08931],[-117.53861,34.09029]]],"type":"Polygon"},"properties":{"bbox":{"roads":{"area":1514.96,"pct":3.73},"sidewalks":{"area":327.17,"pct":0.81}},"city_same":1,"id":"hex:2401:17423"},"type":"Feature"},{"geometry":{"coordinates":[[[-117.53863,34.09225],[-117.53931,34.09322],[-117.54067,34.09321],[-117.54134,34.09223],[-117.54065,34.09126],[-117.5393,34.09127],[-117.53863,34.09225]]],"type":"Polygon"},"properties":{"bbox":{"roads":{"area":2564.82,"pct":6.32}},"city_same":1,"id":"hex:2401:17424"},"type":"Feature"},{"geometry":{"coordinates":[[[-117.53864,34.0942],[-117.53932,34.09517],[-117.54068,34.09516],[-117.54135,34.09419],[-117.54067,34.09321],[-117.53931,34.09322],[-117.53864,34.0942]]],"type":"Polygon"},"properties":{"bbox":{"roads":{"area":4758.64,"pct":11.72}},"city_same":1,"id":"hex:2401:17425"},"type":"Feature"},{"geometry":{"coordinates":[[[-117.53865,34.09615],[-117.53934,34.09712],[-117.54069,34.09712],[-117.54136,34.09614],[-117.54068,34.09516],[-117.53932,34.09517],[-117.53865,34.09615]]],"type":"Polygon"},"properties":{"bbox":{"roads":{"area":5211.96,"pct":12.84}},"city_same":1,"id":"hex:2401:17426"},"type":"Feature"},{"geometry":{"coordinates":[[[-117.53866,34.0981],[-117.53935,34.09908],[-117.5407,34.09907],[-117.54137,34.09809],[-117.54069,34.09712],[-117.53934,34.09712],[-117.53866,34.0981]]],"type":"Polygon"},"properties":{"bbox":{"roads":{"area":8536.96,"pct":21.03}},"city":{"roads":{"area":2939.85,"pct":7.24}},"id":"hex:2401:17427"},"type":"Feature"},{"geometry":{"coordinates":[[[-117.53868,34.10006],[-117.53936,34.10103],[-117.54072,34.10102],[-117.54139,34.10004],[-117.5407,34.09907],[-117.53935,34.09908],[-117.53868,34.10006]]],"type":"Polygon"},"properties":{"bbox":{"roads":{"area":6792.77,"pct":16.73}},"id":"hex:2401:17428"},"type":"Feature"},{"geometry":{"coordinates":[[[-117.53869,34.10201],[-117.53937,34.10298],[-117.54073,34.10298],[-117.5414,34.102],[-117.54072,34.10102],[-117.53936,34.10103],[-117.53869,34.10201]]],"type":"Polygon"},"properties":{"bbox":{"roads":{"area":3894.56,"pct":9.59},"sidewalks":{"area":609.76,"pct":1.5}},"city_same":1,"id":"hex:2401:17429"},"type":"Feature"},{"geometry":{"coordinates":[[[-117.5387,34.10396],[-117.53939,34.10493],[-117.54074,34.10493],[-117.54141,34.10395],[-117.54073,34.10298],[-117.53937,34.10298],[-117.5387,34.10396]]],"type":"Polygon"},"properties":{"bbox":{"roads":{"area":1027.24,"pct":2.53}},"city_same":1,"id":"hex:2401:17430"},"type":"Feature"},{"geometry":{"coordinates":[[[-117.53871,34.10591],[-117.5394,34.10689],[-117.54075,34.10688],[-117.54142,34.1059],[-117.54074,34.10493],[-117.53939,34.10493],[-117.53871,34.10591]]],"type":"Polygon"},"properties":{"bbox":{"parking":{"area":691.82,"pct":1.7},"roads":{"area":7442.93,"pct":18.33},"sidewalks":{"area":658.25,"pct":1.62}},"city":{"parking":{"area":691.82,"pct":1.7},"roads":{"area":2679.62,"pct":6.6},"sidewalks":{"area":658.25,"pct":1.62}},"id":"hex:2401:17431"},"type":"Feature"},{"geometry":{"coordinates":[[[-117.53873,34.10787],[-117.53941,34.10884],[-117.54077,34.10883],[-117.54144,34.10785],[-117.54075,34.10688],[-117.5394,34.10689],[-117.53873,34.10787]]],"type":"Polygon"},"properties":{"bbox":{"parking":{"area":6574.28,"pct":16.19},"roads":{"area":2261.42,"pct":5.57}},"city_same":1,"id":"hex:2401:17432"},"type":"Feature"},{"geometry":{"coordinates":[[[-117.53874,34.10982],[-117.53942,34.11079],[-117.54078,34.11079],[-117.54145,34.10981],[-117.54077,34.10883],[-117.53941,34.10884],[-117.53874,34.10982]]],"type":"Polygon"},"properties":{"bbox":{"roads":{"area":1834.29,"pct":4.52}},"city_same":1,"id":"hex:2401:17433"},"type":"Feature"},{"geometry":{"coordinates":[[[-117.53875,34.11177],[-117.53943,34.11274],[-117.54079,34.11274],[-117.54146,34.11176],[-117.54078,34.11079],[-117.53942,34.11079],[-117.53875,34.11177]]],"type":"Polygon"},"properties":{"bbox":{"roads":{"area":1800.31,"pct":4.43}},"city_same":1,"id":"hex:2401:17434"},"type":"Feature"},{"geometry":{"coordinates":[[[-117.53876,34.11372],[-117.53945,34.1147],[-117.5408,34.11469],[-117.54147,34.11371],[-117.54079,34.11274],[-117.53943,34.11274],[-117.53876,34.11372]]],"type":"Polygon"},"properties":{"bbox":{"roads":{"area":4919.09,"pct":12.12},"sidewalks":{"area":578.67,"pct":1.43}},"city":{"roads":{"area":2090.17,"pct":5.15},"sidewalks":{"area":578.67,"pct":1.43}},"id":"hex:2401:17435"},"type":"Feature"},{"geometry":{"coordinates":[[[-117.53878,34.11568],[-117.53946,34.11665],[-117.54081,34.11664],[-117.54149,34.11566],[-117.5408,34.11469],[-117.53945,34.1147],[-117.53878,34.11568]]],"type":"Polygon"},"properties":{"bbox":{"roads":{"area":1886.18,"pct":4.65},"sidewalks":{"area":445.72,"pct":1.1}},"city_same":1,"id":"hex:2401:17436"},"type":"Feature"},{"geometry":{"coordinates":[[[-117.53879,34.11763],[-117.53947,34.1186],[-117.54083,34.1186],[-117.5415,34.11762],[-117.54081,34.11664],[-117.53946,34.11665],[-117.53879,34.11763]]],"type":"Polygon"},"properties":{"bbox":{"roads":{"area":2306.59,"pct":5.68},"sidewalks":{"area":62.44,"pct":0.15}},"city_same":1,"id":"hex:2401:17437"},"type":"Feature"},{"geometry":{"coordinates":[[[-117.5388,34.11958],[-117.53948,34.12055],[-117.54084,34.12055],[-117.54151,34.11957],[-117.54083,34.1186],[-117.53947,34.1186],[-117.5388,34.11958]]],"type":"Polygon"},"properties":{"bbox":{"roads":{"area":2150.91,"pct":5.3}},"city_same":1,"id":"hex:2401:17438"},"type":"Feature"},{"geometry":{"coordinates":[[[-117.53881,34.12153],[-117.5395,34.12251],[-117.54085,34.1225],[-117.54152,34.12152],[-117.54084,34.12055],[-117.53948,34.12055],[-117.53881,34.12153]]],"type":"Polygon"},"properties":{"bbox":{"roads":{"area":7155.42,"pct":17.63},"sidewalks":{"area":279.48,"pct":0.69}},"city_same":1,"id":"hex:2401:17439"},"type":"Feature"},{"geometry":{"coordinates":[[[-117.53883,34.12349],[-117.53951,34.12446],[-117.54086,34.12445],[-117.54154,34.12347],[-117.54085,34.1225],[-117.5395,34.12251],[-117.53883,34.12349]]],"type":"Polygon"},"properties":{"bbox":{"roads":{"area":1872.46,"pct":4.61}},"city_same":1,"id":"hex:2401:17440"},"type":"Feature"},{"geometry":{"coordinates":[[[-117.53884,34.12544],[-117.53952,34.12641],[-117.54088,34.12641],[-117.54155,34.12543],[-117.54086,34.12445],[-117.53951,34.12446],[-117.53884,34.12544]]],"type":"Polygon"},"properties":{"bbox":{"roads":{"area":390.19,"pct":0.96}},"city_same":1,"id":"hex:2401:17441"},"type":"Feature"},{"geometry":{"coordinates":[[[-117.53885,34.12739],[-117.53953,34.12836],[-117.54089,34.12836],[-117.54156,34.12738],[-117.54088,34.12641],[-117.53952,34.12641],[-117.53885,34.12739]]],"type":"Polygon"},"properties":{"bbox":{"roads":{"area":443.48,"pct":1.09}},"city_same":1,"id":"hex:2401:17442"},"type":"Feature"},{"geometry":{"coordinates":[[[-117.53886,34.12934],[-117.53955,34.13032],[-117.5409,34.13031],[-117.54157,34.12933],[-117.54089,34.12836],[-117.53953,34.12836],[-117.53886,34.12934]]],"type":"Polygon"},"properties":{"bbox":{"roads":{"area":3300.12,"pct":8.13},"sidewalks":{"area":283.42,"pct":0.7}},"city_same":1,"id":"hex:2401:17443"},"type":"Feature"},{"geometry":{"coordinates":[[[-117.53887,34.1313],[-117.53956,34.13227],[-117.54091,34.13226],[-117.54159,34.13128],[-117.5409,34.13031],[-117.53955,34.13032],[-117.53887,34.1313]]],"type":"Polygon"},"properties":{"bbox":{"roads":{"area":714.08,"pct":1.76}},"city_same":1,"id":"hex:2401:17444"},"type":"Feature"},{"geometry":{"coordinates":[[[-117.53889,34.13325],[-117.53957,34.13422],[-117.54093,34.13422],[-117.5416,34.13324],[-117.54091,34.13226],[-117.53956,34.13227],[-117.53889,34.13325]]],"type":"Polygon"},"properties":{"bbox":{"roads":{"area":1117.13,"pct":2.75}},"city_same":1,"id":"hex:2401:17445"},"type":"Feature"},{"geometry":{"coordinates":[[[-117.5389,34.1352],[-117.53958,34.13617],[-117.54094,34.13617],[-117.54161,34.13519],[-117.54093,34.13422],[-117.53957,34.13422],[-117.5389,34.1352]]],"type":"Polygon"},"properties":{"bbox":{"roads":{"area":3430.59,"pct":8.45},"sidewalks":{"area":264.18,"pct":0.65}},"city":{"roads":{"area":2867.22,"pct":7.06},"sidewalks":{"area":264.18,"pct":0.65}},"id":"hex:2401:17446"},"type":"Feature"},{"geometry":{"coordinates":[[[-117.53891,34.13715],[-117.5396,34.13813],[-117.54095,34.13812],[-117.54162,34.13714],[-117.54094,34.13617],[-117.53958,34.13617],[-117.53891,34.13715]]],"type":"Polygon"},"properties":{"bbox":{"roads":{"area":6697.61,"pct":16.5}},"id":"hex:2401:17447"},"type":"Feature"},{"geometry":{"coordinates":[[[-117.53892,34.13911],[-117.53961,34.14008],[-117.54096,34.14007],[-117.54164,34.13909],[-117.54095,34.13812],[-117.5396,34.13813],[-117.53892,34.13911]]],"type":"Polygon"},"properties":{"bbox":{"roads":{"area":981.58,"pct":2.42}},"city_same":1,"id":"hex:2401:17448"},"type":"Feature"},{"geometry":{"coordinates":[[[-117.53894,34.14106],[-117.53962,34.14203],[-117.54098,34.14203],[-117.54165,34.14105],[-117.54096,34.14007],[-117.53961,34.14008],[-117.53894,34.14106]]],"type":"Polygon"},"properties":{"bbox":{"roads":{"area":1283.24,"pct":3.16}},"city_same":1,"id":"hex:2401:17449"},"type":"Feature"},{"geometry":{"coordinates":[[[-117.53895,34.14301],[-117.53963,34.14398],[-117.54099,34.14398],[-117.54166,34.143],[-117.54098,34.14203],[-117.53962,34.14203],[-117.53895,34.14301]]],"type":"Polygon"},"properties":{"bbox":{"roads":{"area":2472.5,"pct":6.09},"sidewalks":{"area":316.69,"pct":0.78}},"city":{"roads":{"area":621,"pct":1.53},"sidewalks":{"area":316.69,"pct":0.78}},"id":"hex:2401:17450"},"type":"Feature"},{"geometry":{"coordinates":[[[-117.53896,34.14496],[-117.53965,34.14594],[-117.541,34.14593],[-117.54167,34.14495],[-117.54099,34.14398],[-117.53963,34.14398],[-117.53896,34.14496]]],"type":"Polygon"},"properties":{"bbox":{"roads":{"area":487.24,"pct":1.2}},"city_same":1,"id":"hex:2401:17451"},"type":"Feature"},{"geometry":{"coordinates":[[[-117.53897,34.14692],[-117.53966,34.14789],[-117.54101,34.14788],[-117.54169,34.1469],[-117.541,34.14593],[-117.53965,34.14594],[-117.53897,34.14692]]],"type":"Polygon"},"properties":{"bbox":{"roads":{"area":288.45,"pct":0.71}},"city_same":1,"id":"hex:2401:17452"},"type":"Feature"},{"geometry":{"coordinates":[[[-117.53899,34.14887],[-117.53967,34.14984],[-117.54103,34.14984],[-117.5417,34.14886],[-117.54101,34.14788],[-117.53966,34.14789],[-117.53899,34.14887]]],"type":"Polygon"},"properties":{"bbox":{"roads":{"area":402.35,"pct":0.99}},"city_same":1,"id":"hex:2401:17453"},"type":"Feature"},{"geometry":{"coordinates":[[[-117.539,34.15082],[-117.53968,34.15179],[-117.54104,34.15179],[-117.54171,34.15081],[-117.54103,34.14984],[-117.53967,34.14984],[-117.539,34.15082]]],"type":"Polygon"},"properties":{"bbox":{"roads":{"area":1354.35,"pct":3.34},"sidewalks":{"area":243.69,"pct":0.6}},"city_same":1,"id":"hex:2401:17454"},"type":"Feature"},{"geometry":{"coordinates":[[[-117.53901,34.15277],[-117.5397,34.15375],[-117.54105,34.15374],[-117.54172,34.15276],[-117.54104,34.15179],[-117.53968,34.15179],[-117.53901,34.15277]]],"type":"Polygon"},"properties":{"bbox":{"roads":{"area":746.74,"pct":1.84}},"city_same":1,"id":"hex:2401:17455"},"type":"Feature"},{"geometry":{"coordinates":[[[-117.53902,34.15473],[-117.53971,34.1557],[-117.54106,34.15569],[-117.54174,34.15471],[-117.54105,34.15374],[-117.5397,34.15375],[-117.53902,34.15473]]],"type":"Polygon"},"properties":{"bbox":{"roads":{"area":202.27,"pct":0.5}},"city_same":1,"id":"hex:2401:17456"},"type":"Feature"},{"geometry":{"coordinates":[[[-117.53972,34.15765],[-117.54108,34.15765],[-117.54176,34.15862],[-117.54109,34.1596],[-117.53973,34.1596],[-117.53905,34.15863],[-117.53947,34.15802],[-117.53949,34.15824],[-117.53962,34.15823],[-117.53978,34.15823],[-117.53985,34.15824],[-117.53989,34.15825],[-117.53992,34.15828],[-117.53995,34.15832],[-117.53995,34.15837],[-117.54007,34.15837],[-117.54008,34.15815],[-117.54006,34.15781],[-117.53962,34.1578],[-117.53972,34.15765]]],"type":"Polygon"},"properties":{"bbox":{"roads":{"area":517.9,"pct":1.37}},"city_same":1,"id":"hex:2401:17458"},"type":"Feature"},{"geometry":{"coordinates":[[[-117.53906,34.16058],[-117.53975,34.16156],[-117.5411,34.16155],[-117.54177,34.16057],[-117.54109,34.1596],[-117.53973,34.1596],[-117.53906,34.16058]]],"type":"Polygon"},"properties":{"bbox":{"roads":{"area":905.64,"pct":2.23}},"city_same":1,"id":"hex:2401:17459"},"type":"Feature"},{"geometry":{"coordinates":[[[-117.53907,34.16254],[-117.53976,34.16351],[-117.54111,34.1635],[-117.54179,34.16252],[-117.5411,34.16155],[-117.53975,34.16156],[-117.53907,34.16254]]],"type":"Polygon"},"properties":{"bbox":{"roads":{"area":388.9,"pct":0.96}},"city_same":1,"id":"hex:2401:17460"},"type":"Feature"},{"geometry":{"coordinates":[[[-117.53909,34.16449],[-117.53977,34.16546],[-117.54113,34.16546],[-117.5418,34.16448],[-117.54111,34.1635],[-117.53976,34.16351],[-117.53909,34.16449]]],"type":"Polygon"},"properties":{"bbox":{"roads":{"area":32.5,"pct":0.08}},"city_same":1,"id":"hex:2401:17461"},"type":"Feature"},{"geometry":{"coordinates":[[[-117.53921,34.0776],[-117.53854,34.07858],[-117.53719,34.07858],[-117.5365,34.07761],[-117.53676,34.07723],[-117.53896,34.07723],[-117.53921,34.0776]]],"type":"Polygon"},"properties":{"bbox":{"roads":{"area":3164.51,"pct":10.67}},"city_same":1,"id":"hex:2402:17417"},"type":"Feature"},{"geometry":{"coordinates":[[[-117.53651,34.07956],[-117.5372,34.08054],[-117.53855,34.08053],[-117.53922,34.07955],[-117.53854,34.07858],[-117.53719,34.07858],[-117.53651,34.07956]]],"type":"Polygon"},"properties":{"bbox":{"roads":{"area":2528.93,"pct":6.23}},"city_same":1,"id":"hex:2402:17418"},"type":"Feature"},{"geometry":{"coordinates":[[[-117.53653,34.08151],[-117.53721,34.08249],[-117.53857,34.08248],[-117.53924,34.0815],[-117.53855,34.08053],[-117.5372,34.08054],[-117.53653,34.08151]]],"type":"Polygon"},"properties":{"bbox":{"roads":{"area":2131.74,"pct":5.25}},"city_same":1,"id":"hex:2402:17419"},"type":"Feature"},{"geometry":{"coordinates":[[[-117.53654,34.08347],[-117.53722,34.08444],[-117.53858,34.08443],[-117.53925,34.08346],[-117.53857,34.08248],[-117.53721,34.08249],[-117.53654,34.08347]]],"type":"Polygon"},"properties":{"bbox":{"roads":{"area":581.97,"pct":1.43}},"city_same":1,"id":"hex:2402:17420"},"type":"Feature"},{"geometry":{"coordinates":[[[-117.53655,34.08542],[-117.53724,34.08639],[-117.53859,34.08639],[-117.53926,34.08541],[-117.53858,34.08443],[-117.53722,34.08444],[-117.53655,34.08542]]],"type":"Polygon"},"properties":{"bbox":{"roads":{"area":2821.44,"pct":6.95},"sidewalks":{"area":207.29,"pct":0.51}},"city_same":1,"id":"hex:2402:17421"},"type":"Feature"},{"geometry":{"coordinates":[[[-117.53656,34.08737],[-117.53725,34.08835],[-117.5386,34.08834],[-117.53927,34.08736],[-117.53859,34.08639],[-117.53724,34.08639],[-117.53656,34.08737]]],"type":"Polygon"},"properties":{"bbox":{"roads":{"area":2156.66,"pct":5.31},"sidewalks":{"area":232.56,"pct":0.57}},"city_same":1,"id":"hex:2402:17422"},"type":"Feature"},{"geometry":{"coordinates":[[[-117.53658,34.08933],[-117.53726,34.0903],[-117.53861,34.09029],[-117.53929,34.08931],[-117.5386,34.08834],[-117.53725,34.08835],[-117.53658,34.08933]]],"type":"Polygon"},"properties":{"bbox":{"roads":{"area":1368.81,"pct":3.37},"sidewalks":{"area":219.78,"pct":0.54}},"city_same":1,"id":"hex:2402:17423"},"type":"Feature"},{"geometry":{"coordinates":[[[-117.53659,34.09128],[-117.53727,34.09225],[-117.53863,34.09225],[-117.5393,34.09127],[-117.53861,34.09029],[-117.53726,34.0903],[-117.53659,34.09128]]],"type":"Polygon"},"properties":{"bbox":{"roads":{"area":1933.75,"pct":4.76}},"city_same":1,"id":"hex:2402:17424"},"type":"Feature"},{"geometry":{"coordinates":[[[-117.5366,34.09323],[-117.53728,34.0942],[-117.53864,34.0942],[-117.53931,34.09322],[-117.53863,34.09225],[-117.53727,34.09225],[-117.5366,34.09323]]],"type":"Polygon"},"properties":{"bbox":{"roads":{"area":3285.42,"pct":8.09}},"city_same":1,"id":"hex:2402:17425"},"type":"Feature"},{"geometry":{"coordinates":[[[-117.53661,34.09518],[-117.5373,34.09616],[-117.53865,34.09615],[-117.53932,34.09517],[-117.53864,34.0942],[-117.53728,34.0942],[-117.53661,34.09518]]],"type":"Polygon"},"properties":{"bbox":{"roads":{"area":4141.14,"pct":10.2}},"city_same":1,"id":"hex:2402:17426"},"type":"Feature"},{"geometry":{"coordinates":[[[-117.53663,34.09714],[-117.53731,34.09811],[-117.53866,34.0981],[-117.53934,34.09712],[-117.53865,34.09615],[-117.5373,34.09616],[-117.53663,34.09714]]],"type":"Polygon"},"properties":{"bbox":{"roads":{"area":2986.4,"pct":7.36}},"city_same":1,"id":"hex:2402:17427"},"type":"Feature"},{"geometry":{"coordinates":[[[-117.53664,34.09909],[-117.53732,34.10006],[-117.53868,34.10006],[-117.53935,34.09908],[-117.53866,34.0981],[-117.53731,34.09811],[-117.53664,34.09909]]],"type":"Polygon"},"properties":{"bbox":{"roads":{"area":7548.35,"pct":18.59}},"city":{"roads":{"area":3252.79,"pct":8.01}},"id":"hex:2402:17428"},"type":"Feature"},{"geometry":{"coordinates":[[[-117.53665,34.10104],[-117.53733,34.10201],[-117.53869,34.10201],[-117.53936,34.10103],[-117.53868,34.10006],[-117.53732,34.10006],[-117.53665,34.10104]]],"type":"Polygon"},"properties":{"bbox":{"roads":{"area":7944.44,"pct":19.57}},"city":{"roads":{"area":766.71,"pct":1.89}},"id":"hex:2402:17429"},"type":"Feature"},{"geometry":{"coordinates":[[[-117.53666,34.10299],[-117.53735,34.10397],[-117.5387,34.10396],[-117.53937,34.10298],[-117.53869,34.10201],[-117.53733,34.10201],[-117.53666,34.10299]]],"type":"Polygon"},"properties":{"bbox":{"roads":{"area":5910.11,"pct":14.56},"sidewalks":{"area":684.84,"pct":1.69}},"city":{"roads":{"area":5182.15,"pct":12.77},"sidewalks":{"area":684.84,"pct":1.69}},"id":"hex:2402:17430"},"type":"Feature"},{"geometry":{"coordinates":[[[-117.53667,34.10495],[-117.53736,34.10592],[-117.53871,34.10591],[-117.53939,34.10493],[-117.5387,34.10396],[-117.53735,34.10397],[-117.53667,34.10495]]],"type":"Polygon"},"properties":{"bbox":{"roads":{"area":9170.99,"pct":22.59},"sidewalks":{"area":753.97,"pct":1.86}},"city_same":1,"id":"hex:2402:17431"},"type":"Feature"},{"geometry":{"coordinates":[[[-117.53669,34.1069],[-117.53737,34.10787],[-117.53873,34.10787],[-117.5394,34.10689],[-117.53871,34.10591],[-117.53736,34.10592],[-117.53669,34.1069]]],"type":"Polygon"},"properties":{"bbox":{"parking":{"area":13149.41,"pct":32.39},"roads":{"area":13903.08,"pct":34.25},"sidewalks":{"area":872.2,"pct":2.15}},"city":{"parking":{"area":13149.41,"pct":32.39},"roads":{"area":4023.28,"pct":9.91},"sidewalks":{"area":872.2,"pct":2.15}},"id":"hex:2402:17432"},"type":"Feature"},{"geometry":{"coordinates":[[[-117.5367,34.10885],[-117.53738,34.10982],[-117.53874,34.10982],[-117.53941,34.10884],[-117.53873,34.10787],[-117.53737,34.10787],[-117.5367,34.10885]]],"type":"Polygon"},"properties":{"bbox":{"parking":{"area":755.57,"pct":1.86},"roads":{"area":8949.29,"pct":22.05},"sidewalks":{"area":386.2,"pct":0.95}},"city":{"parking":{"area":755.57,"pct":1.86},"roads":{"area":4917.62,"pct":12.11},"sidewalks":{"area":386.2,"pct":0.95}},"id":"hex:2402:17433"},"type":"Feature"},{"geometry":{"coordinates":[[[-117.53671,34.1108],[-117.5374,34.11178],[-117.53875,34.11177],[-117.53942,34.11079],[-117.53874,34.10982],[-117.53738,34.10982],[-117.53671,34.1108]]],"type":"Polygon"},"properties":{"bbox":{"roads":{"area":7119.42,"pct":17.54},"sidewalks":{"area":283,"pct":0.7}},"city":{"roads":{"area":4849.87,"pct":11.95},"sidewalks":{"area":283,"pct":0.7}},"id":"hex:2402:17434"},"type":"Feature"},{"geometry":{"coordinates":[[[-117.53672,34.11276],[-117.53741,34.11373],[-117.53876,34.11372],[-117.53943,34.11274],[-117.53875,34.11177],[-117.5374,34.11178],[-117.53672,34.11276]]],"type":"Polygon"},"properties":{"bbox":{"roads":{"area":6727.6,"pct":16.57}},"city":{"roads":{"area":4936.11,"pct":12.16}},"id":"hex:2402:17435"},"type":"Feature"},{"geometry":{"coordinates":[[[-117.53674,34.11471],[-117.53742,34.11568],[-117.53878,34.11568],[-117.53945,34.1147],[-117.53876,34.11372],[-117.53741,34.11373],[-117.53674,34.11471]]],"type":"Polygon"},"properties":{"bbox":{"roads":{"area":8640.82,"pct":21.29},"sidewalks":{"area":1236.78,"pct":3.05}},"city":{"roads":{"area":4104.04,"pct":10.11},"sidewalks":{"area":1236.78,"pct":3.05}},"id":"hex:2402:17436"},"type":"Feature"},{"geometry":{"coordinates":[[[-117.53675,34.11666],[-117.53743,34.11763],[-117.53879,34.11763],[-117.53946,34.11665],[-117.53878,34.11568],[-117.53742,34.11568],[-117.53675,34.11666]]],"type":"Polygon"},"properties":{"bbox":{"roads":{"area":3983.08,"pct":9.81},"sidewalks":{"area":649.42,"pct":1.6}},"city":{"roads":{"area":2835.26,"pct":6.98},"sidewalks":{"area":649.42,"pct":1.6}},"id":"hex:2402:17437"},"type":"Feature"},{"geometry":{"coordinates":[[[-117.53676,34.11861],[-117.53745,34.11959],[-117.5388,34.11958],[-117.53947,34.1186],[-117.53879,34.11763],[-117.53743,34.11763],[-117.53676,34.11861]]],"type":"Polygon"},"properties":{"bbox":{"roads":{"area":7749.9,"pct":19.09},"sidewalks":{"area":268.68,"pct":0.66}},"city":{"roads":{"area":6850.13,"pct":16.87},"sidewalks":{"area":268.68,"pct":0.66}},"id":"hex:2402:17438"},"type":"Feature"},{"geometry":{"coordinates":[[[-117.53677,34.12057],[-117.53746,34.12154],[-117.53881,34.12153],[-117.53948,34.12055],[-117.5388,34.11958],[-117.53745,34.11959],[-117.53677,34.12057]]],"type":"Polygon"},"properties":{"bbox":{"roads":{"area":8492.04,"pct":20.92},"sidewalks":{"area":421.74,"pct":1.04}},"city":{"roads":{"area":7704.28,"pct":18.98},"sidewalks":{"area":421.74,"pct":1.04}},"id":"hex:2402:17439"},"type":"Feature"},{"geometry":{"coordinates":[[[-117.53679,34.12252],[-117.53747,34.12349],[-117.53883,34.12349],[-117.5395,34.12251],[-117.53881,34.12153],[-117.53746,34.12154],[-117.53679,34.12252]]],"type":"Polygon"},"properties":{"bbox":{"roads":{"area":7425.03,"pct":18.29},"sidewalks":{"area":710.14,"pct":1.75}},"city":{"roads":{"area":6586.99,"pct":16.23},"sidewalks":{"area":710.14,"pct":1.75}},"id":"hex:2402:17440"},"type":"Feature"},{"geometry":{"coordinates":[[[-117.5368,34.12447],[-117.53748,34.12544],[-117.53884,34.12544],[-117.53951,34.12446],[-117.53883,34.12349],[-117.53747,34.12349],[-117.5368,34.12447]]],"type":"Polygon"},"properties":{"bbox":{"roads":{"area":3153.35,"pct":7.77},"sidewalks":{"area":266.09,"pct":0.66}},"city":{"roads":{"area":2737.57,"pct":6.74},"sidewalks":{"area":266.09,"pct":0.66}},"id":"hex:2402:17441"},"type":"Feature"},{"geometry":{"coordinates":[[[-117.53681,34.12642],[-117.53749,34.1274],[-117.53885,34.12739],[-117.53952,34.12641],[-117.53884,34.12544],[-117.53748,34.12544],[-117.53681,34.12642]]],"type":"Polygon"},"properties":{"bbox":{"roads":{"area":4641.33,"pct":11.43}},"city":{"roads":{"area":4329.09,"pct":10.66}},"id":"hex:2402:17442"},"type":"Feature"},{"geometry":{"coordinates":[[[-117.53682,34.12838],[-117.53751,34.12935],[-117.53886,34.12934],[-117.53953,34.12836],[-117.53885,34.12739],[-117.53749,34.1274],[-117.53682,34.12838]]],"type":"Polygon"},"properties":{"bbox":{"roads":{"area":5963.88,"pct":14.69},"sidewalks":{"area":246.1,"pct":0.61}},"city":{"roads":{"area":5851.81,"pct":14.42},"sidewalks":{"area":246.1,"pct":0.61}},"id":"hex:2402:17443"},"type":"Feature"},{"geometry":{"coordinates":[[[-117.53684,34.13033],[-117.53752,34.1313],[-117.53887,34.1313],[-117.53955,34.13032],[-117.53886,34.12934],[-117.53751,34.12935],[-117.53684,34.13033]]],"type":"Polygon"},"properties":{"bbox":{"roads":{"area":5069.99,"pct":12.49}},"city":{"roads":{"area":5009.14,"pct":12.34}},"id":"hex:2402:17444"},"type":"Feature"},{"geometry":{"coordinates":[[[-117.53685,34.13228],[-117.53753,34.13325],[-117.53889,34.13325],[-117.53956,34.13227],[-117.53887,34.1313],[-117.53752,34.1313],[-117.53685,34.13228]]],"type":"Polygon"},"properties":{"bbox":{"roads":{"area":4270.48,"pct":10.52}},"city":{"roads":{"area":4199.4,"pct":10.34}},"id":"hex:2402:17445"},"type":"Feature"},{"geometry":{"coordinates":[[[-117.53686,34.13423],[-117.53754,34.13521],[-117.5389,34.1352],[-117.53957,34.13422],[-117.53889,34.13325],[-117.53753,34.13325],[-117.53686,34.13423]]],"type":"Polygon"},"properties":{"bbox":{"parking":{"area":10730.24,"pct":26.43},"roads":{"area":5519.76,"pct":13.6},"sidewalks":{"area":161.98,"pct":0.4}},"city":{"parking":{"area":10730.24,"pct":26.43},"roads":{"area":5501.34,"pct":13.55},"sidewalks":{"area":161.98,"pct":0.4}},"id":"hex:2402:17446"},"type":"Feature"},{"geometry":{"coordinates":[[[-117.53687,34.13619],[-117.53756,34.13716],[-117.53891,34.13715],[-117.53958,34.13617],[-117.5389,34.1352],[-117.53754,34.13521],[-117.53687,34.13619]]],"type":"Polygon"},"properties":{"bbox":{"parking":{"area":1605.24,"pct":3.95},"roads":{"area":11711.54,"pct":28.85},"sidewalks":{"area":155.1,"pct":0.38}},"city":{"parking":{"area":1605.24,"pct":3.95},"roads":{"area":3187.07,"pct":7.85},"sidewalks":{"area":155.1,"pct":0.38}},"id":"hex:2402:17447"},"type":"Feature"},{"geometry":{"coordinates":[[[-117.53688,34.13814],[-117.53757,34.13911],[-117.53892,34.13911],[-117.5396,34.13813],[-117.53891,34.13715],[-117.53756,34.13716],[-117.53688,34.13814]]],"type":"Polygon"},"properties":{"bbox":{"roads":{"area":3148.62,"pct":7.76},"sidewalks":{"area":32.6,"pct":0.08}},"city":{"roads":{"area":1999.88,"pct":4.93},"sidewalks":{"area":32.6,"pct":0.08}},"id":"hex:2402:17448"},"type":"Feature"},{"geometry":{"coordinates":[[[-117.5369,34.14009],[-117.53758,34.14106],[-117.53894,34.14106],[-117.53961,34.14008],[-117.53892,34.13911],[-117.53757,34.13911],[-117.5369,34.14009]]],"type":"Polygon"},"properties":{"bbox":{"roads":{"area":4046.03,"pct":9.97}},"city_same":1,"id":"hex:2402:17449"},"type":"Feature"},{"geometry":{"coordinates":[[[-117.53691,34.14204],[-117.53759,34.14302],[-117.53895,34.14301],[-117.53962,34.14203],[-117.53894,34.14106],[-117.53758,34.14106],[-117.53691,34.14204]]],"type":"Polygon"},"properties":{"bbox":{"roads":{"area":3031.22,"pct":7.47}},"city_same":1,"id":"hex:2402:17450"},"type":"Feature"},{"geometry":{"coordinates":[[[-117.53692,34.144],[-117.53761,34.14497],[-117.53896,34.14496],[-117.53963,34.14398],[-117.53895,34.14301],[-117.53759,34.14302],[-117.53692,34.144]]],"type":"Polygon"},"properties":{"bbox":{"roads":{"area":4569.32,"pct":11.26},"sidewalks":{"area":206.83,"pct":0.51}},"city":{"roads":{"area":2946.95,"pct":7.26},"sidewalks":{"area":206.83,"pct":0.51}},"id":"hex:2402:17451"},"type":"Feature"},{"geometry":{"coordinates":[[[-117.53693,34.14595],[-117.53762,34.14692],[-117.53897,34.14692],[-117.53965,34.14594],[-117.53896,34.14496],[-117.53761,34.14497],[-117.53693,34.14595]]],"type":"Polygon"},"properties":{"bbox":{"roads":{"area":3172.43,"pct":7.81}},"city_same":1,"id":"hex:2402:17452"},"type":"Feature"},{"geometry":{"coordinates":[[[-117.53695,34.1479],[-117.53763,34.14887],[-117.53899,34.14887],[-117.53966,34.14789],[-117.53897,34.14692],[-117.53762,34.14692],[-117.53695,34.1479]]],"type":"Polygon"},"properties":{"bbox":{"roads":{"area":3653.89,"pct":9}},"city_same":1,"id":"hex:2402:17453"},"type":"Feature"},{"geometry":{"coordinates":[[[-117.53696,34.14985],[-117.53764,34.15083],[-117.539,34.15082],[-117.53967,34.14984],[-117.53899,34.14887],[-117.53763,34.14887],[-117.53696,34.14985]]],"type":"Polygon"},"properties":{"bbox":{"roads":{"area":5552.79,"pct":13.68},"sidewalks":{"area":424.52,"pct":1.05}},"city_same":1,"id":"hex:2402:17454"},"type":"Feature"},{"geometry":{"coordinates":[[[-117.53697,34.15181],[-117.53766,34.15278],[-117.53901,34.15277],[-117.53968,34.15179],[-117.539,34.15082],[-117.53764,34.15083],[-117.53697,34.15181]]],"type":"Polygon"},"properties":{"bbox":{"roads":{"area":4149.51,"pct":10.22}},"city_same":1,"id":"hex:2402:17455"},"type":"Feature"},{"geometry":{"coordinates":[[[-117.53698,34.15376],[-117.53767,34.15473],[-117.53902,34.15473],[-117.5397,34.15375],[-117.53901,34.15277],[-117.53766,34.15278],[-117.53698,34.15376]]],"type":"Polygon"},"properties":{"bbox":{"roads":{"area":1915.22,"pct":4.72}},"city_same":1,"id":"hex:2402:17456"},"type":"Feature"},{"geometry":{"coordinates":[[[-117.53905,34.15863],[-117.53769,34.15864],[-117.53701,34.15766],[-117.53768,34.15668],[-117.53904,34.15668],[-117.53972,34.15765],[-117.53962,34.1578],[-117.53945,34.1578],[-117.53947,34.15802],[-117.53905,34.15863]]],"type":"Polygon"},"properties":{"bbox":{"roads":{"area":1092.69,"pct":2.7}},"city_same":1,"id":"hex:2402:17458"},"type":"Feature"},{"geometry":{"coordinates":[[[-117.53702,34.15962],[-117.5377,34.16059],[-117.53906,34.16058],[-117.53973,34.1596],[-117.53905,34.15863],[-117.53769,34.15864],[-117.53702,34.15962]]],"type":"Polygon"},"properties":{"bbox":{"roads":{"area":3382.97,"pct":8.33}},"city_same":1,"id":"hex:2402:17459"},"type":"Feature"},{"geometry":{"coordinates":[[[-117.53703,34.16157],[-117.53772,34.16254],[-117.53907,34.16254],[-117.53975,34.16156],[-117.53906,34.16058],[-117.5377,34.16059],[-117.53703,34.16157]]],"type":"Polygon"},"properties":{"bbox":{"roads":{"area":3046.06,"pct":7.5}},"city_same":1,"id":"hex:2402:17460"},"type":"Feature"},{"geometry":{"coordinates":[[[-117.53705,34.16352],[-117.53773,34.16449],[-117.53909,34.16449],[-117.53976,34.16351],[-117.53907,34.16254],[-117.53772,34.16254],[-117.53705,34.16352]]],"type":"Polygon"},"properties":{"bbox":{"roads":{"area":2302.58,"pct":5.67}},"city_same":1,"id":"hex:2402:17461"},"type":"Feature"},{"geometry":{"coordinates":[[[-117.5365,34.07761],[-117.53515,34.07762],[-117.53487,34.07722],[-117.53676,34.07723],[-117.5365,34.07761]]],"type":"Polygon"},"properties":{"bbox":{"roads":{"area":637.02,"pct":9.92}},"city_same":1,"id":"hex:2403:17416"},"type":"Feature"},{"geometry":{"coordinates":[[[-117.53448,34.07859],[-117.53516,34.07957],[-117.53651,34.07956],[-117.53719,34.07858],[-117.5365,34.07761],[-117.53515,34.07762],[-117.53448,34.07859]]],"type":"Polygon"},"properties":{"bbox":{"roads":{"area":2159.3,"pct":5.32}},"city_same":1,"id":"hex:2403:17417"},"type":"Feature"},{"geometry":{"coordinates":[[[-117.53449,34.08055],[-117.53517,34.08152],[-117.53653,34.08151],[-117.5372,34.08054],[-117.53651,34.07956],[-117.53516,34.07957],[-117.53449,34.08055]]],"type":"Polygon"},"properties":{"bbox":{"roads":{"area":1841.21,"pct":4.54}},"city_same":1,"id":"hex:2403:17418"},"type":"Feature"},{"geometry":{"coordinates":[[[-117.5345,34.0825],[-117.53518,34.08347],[-117.53654,34.08347],[-117.53721,34.08249],[-117.53653,34.08151],[-117.53517,34.08152],[-117.5345,34.0825]]],"type":"Polygon"},"properties":{"bbox":{"roads":{"area":1570.14,"pct":3.87}},"city_same":1,"id":"hex:2403:17419"},"type":"Feature"},{"geometry":{"coordinates":[[[-117.53451,34.08445],[-117.5352,34.08543],[-117.53655,34.08542],[-117.53722,34.08444],[-117.53654,34.08347],[-117.53518,34.08347],[-117.53451,34.08445]]],"type":"Polygon"},"properties":{"bbox":{"roads":{"area":2254.99,"pct":5.55}},"city_same":1,"id":"hex:2403:17420"},"type":"Feature"},{"geometry":{"coordinates":[[[-117.53453,34.08641],[-117.53521,34.08738],[-117.53656,34.08737],[-117.53724,34.08639],[-117.53655,34.08542],[-117.5352,34.08543],[-117.53453,34.08641]]],"type":"Polygon"},"properties":{"bbox":{"roads":{"area":3792.09,"pct":9.34},"sidewalks":{"area":646.61,"pct":1.59}},"city_same":1,"id":"hex:2403:17421"},"type":"Feature"},{"geometry":{"coordinates":[[[-117.53454,34.08836],[-117.53522,34.08933],[-117.53658,34.08933],[-117.53725,34.08835],[-117.53656,34.08737],[-117.53521,34.08738],[-117.53454,34.08836]]],"type":"Polygon"},"properties":{"bbox":{"roads":{"area":1152.01,"pct":2.84}},"city_same":1,"id":"hex:2403:17422"},"type":"Feature"},{"geometry":{"coordinates":[[[-117.53455,34.09031],[-117.53523,34.09128],[-117.53659,34.09128],[-117.53726,34.0903],[-117.53658,34.08933],[-117.53522,34.08933],[-117.53455,34.09031]]],"type":"Polygon"},"properties":{"bbox":{"roads":{"area":2452.87,"pct":6.04}},"city_same":1,"id":"hex:2403:17423"},"type":"Feature"},{"geometry":{"coordinates":[[[-117.53456,34.09226],[-117.53525,34.09324],[-117.5366,34.09323],[-117.53727,34.09225],[-117.53659,34.09128],[-117.53523,34.09128],[-117.53456,34.09226]]],"type":"Polygon"},"properties":{"bbox":{"roads":{"area":296.58,"pct":0.73}},"city_same":1,"id":"hex:2403:17424"},"type":"Feature"},{"geometry":{"coordinates":[[[-117.5346,34.09812],[-117.53528,34.09909],[-117.53664,34.09909],[-117.53731,34.09811],[-117.53663,34.09714],[-117.53527,34.09714],[-117.5346,34.09812]]],"type":"Polygon"},"properties":{"bbox":{"roads":{"area":1692.11,"pct":4.17}},"city":{"roads":{"area":454.44,"pct":1.12}},"id":"hex:2403:17427"},"type":"Feature"},{"geometry":{"coordinates":[[[-117.53461,34.10007],[-117.5353,34.10105],[-117.53665,34.10104],[-117.53732,34.10006],[-117.53664,34.09909],[-117.53528,34.09909],[-117.53461,34.10007]]],"type":"Polygon"},"properties":{"bbox":{"roads":{"area":3622.8,"pct":8.92}},"city":{"roads":{"area":2510.73,"pct":6.18}},"id":"hex:2403:17428"},"type":"Feature"},{"geometry":{"coordinates":[[[-117.53462,34.10203],[-117.53531,34.103],[-117.53666,34.10299],[-117.53733,34.10201],[-117.53665,34.10104],[-117.5353,34.10105],[-117.53462,34.10203]]],"type":"Polygon"},"properties":{"bbox":{"roads":{"area":6252.45,"pct":15.4}},"city":{"roads":{"area":1501.36,"pct":3.7}},"id":"hex:2403:17429"},"type":"Feature"},{"geometry":{"coordinates":[[[-117.53464,34.10398],[-117.53532,34.10495],[-117.53667,34.10495],[-117.53735,34.10397],[-117.53666,34.10299],[-117.53531,34.103],[-117.53464,34.10398]]],"type":"Polygon"},"properties":{"bbox":{"roads":{"area":8645.49,"pct":21.3},"sidewalks":{"area":120.78,"pct":0.3}},"city":{"roads":{"area":2470.52,"pct":6.09},"sidewalks":{"area":120.78,"pct":0.3}},"id":"hex:2403:17430"},"type":"Feature"},{"geometry":{"coordinates":[[[-117.53465,34.10593],[-117.53533,34.1069],[-117.53669,34.1069],[-117.53736,34.10592],[-117.53667,34.10495],[-117.53532,34.10495],[-117.53465,34.10593]]],"type":"Polygon"},"properties":{"bbox":{"parking":{"area":962.11,"pct":2.37},"roads":{"area":12755.58,"pct":31.42},"sidewalks":{"area":835.46,"pct":2.06}},"city":{"parking":{"area":962.11,"pct":2.37},"roads":{"area":6697.22,"pct":16.5},"sidewalks":{"area":835.46,"pct":2.06}},"id":"hex:2403:17431"},"type":"Feature"},{"geometry":{"coordinates":[[[-117.53466,34.10788],[-117.53534,34.10886],[-117.5367,34.10885],[-117.53737,34.10787],[-117.53669,34.1069],[-117.53533,34.1069],[-117.53466,34.10788]]],"type":"Polygon"},"properties":{"bbox":{"parking":{"area":14927.61,"pct":36.77},"roads":{"area":13099.24,"pct":32.27},"sidewalks":{"area":1187.1,"pct":2.92}},"city":{"parking":{"area":14927.61,"pct":36.77},"roads":{"area":7376.58,"pct":18.17},"sidewalks":{"area":1187.1,"pct":2.92}},"id":"hex:2403:17432"},"type":"Feature"},{"geometry":{"coordinates":[[[-117.53467,34.10984],[-117.53536,34.11081],[-117.53671,34.1108],[-117.53738,34.10982],[-117.5367,34.10885],[-117.53534,34.10886],[-117.53467,34.10984]]],"type":"Polygon"},"properties":{"bbox":{"parking":{"area":19076.65,"pct":46.99},"roads":{"area":8275.37,"pct":20.39},"sidewalks":{"area":381.43,"pct":0.94}},"city":{"parking":{"area":19076.65,"pct":46.99},"roads":{"area":6027.91,"pct":14.85},"sidewalks":{"area":381.43,"pct":0.94}},"id":"hex:2403:17433"},"type":"Feature"},{"geometry":{"coordinates":[[[-117.53469,34.11179],[-117.53537,34.11276],[-117.53672,34.11276],[-117.5374,34.11178],[-117.53671,34.1108],[-117.53536,34.11081],[-117.53469,34.11179]]],"type":"Polygon"},"properties":{"bbox":{"parking":{"area":8470.85,"pct":20.87},"roads":{"area":7875.05,"pct":19.4},"sidewalks":{"area":92.01,"pct":0.23}},"city":{"parking":{"area":8470.85,"pct":20.87},"roads":{"area":4384.5,"pct":10.8},"sidewalks":{"area":92.01,"pct":0.23}},"id":"hex:2403:17434"},"type":"Feature"},{"geometry":{"coordinates":[[[-117.5347,34.11374],[-117.53538,34.11471],[-117.53674,34.11471],[-117.53741,34.11373],[-117.53672,34.11276],[-117.53537,34.11276],[-117.5347,34.11374]]],"type":"Polygon"},"properties":{"bbox":{"roads":{"area":7722.93,"pct":19.02},"sidewalks":{"area":437.33,"pct":1.08}},"city":{"roads":{"area":3611.92,"pct":8.9},"sidewalks":{"area":437.33,"pct":1.08}},"id":"hex:2403:17435"},"type":"Feature"},{"geometry":{"coordinates":[[[-117.53471,34.11569],[-117.53539,34.11667],[-117.53675,34.11666],[-117.53742,34.11568],[-117.53674,34.11471],[-117.53538,34.11471],[-117.53471,34.11569]]],"type":"Polygon"},"properties":{"bbox":{"roads":{"area":9318.26,"pct":22.95},"sidewalks":{"area":805.18,"pct":1.98}},"city":{"roads":{"area":2119.18,"pct":5.22},"sidewalks":{"area":805.18,"pct":1.98}},"id":"hex:2403:17436"},"type":"Feature"},{"geometry":{"coordinates":[[[-117.53472,34.11765],[-117.53541,34.11862],[-117.53676,34.11861],[-117.53743,34.11763],[-117.53675,34.11666],[-117.53539,34.11667],[-117.53472,34.11765]]],"type":"Polygon"},"properties":{"bbox":{"roads":{"area":5657.92,"pct":13.94},"sidewalks":{"area":478.27,"pct":1.18}},"city":{"roads":{"area":2295.26,"pct":5.65},"sidewalks":{"area":478.27,"pct":1.18}},"id":"hex:2403:17437"},"type":"Feature"},{"geometry":{"coordinates":[[[-117.53473,34.1196],[-117.53542,34.12057],[-117.53677,34.12057],[-117.53745,34.11959],[-117.53676,34.11861],[-117.53541,34.11862],[-117.53473,34.1196]]],"type":"Polygon"},"properties":{"bbox":{"roads":{"area":8620.41,"pct":21.24},"sidewalks":{"area":461.07,"pct":1.14}},"city":{"roads":{"area":4792.24,"pct":11.81},"sidewalks":{"area":461.07,"pct":1.14}},"id":"hex:2403:17438"},"type":"Feature"},{"geometry":{"coordinates":[[[-117.53475,34.12155],[-117.53543,34.12252],[-117.53679,34.12252],[-117.53746,34.12154],[-117.53677,34.12057],[-117.53542,34.12057],[-117.53475,34.12155]]],"type":"Polygon"},"properties":{"bbox":{"roads":{"area":13096.67,"pct":32.26},"sidewalks":{"area":852.67,"pct":2.1}},"city":{"roads":{"area":8539.49,"pct":21.04},"sidewalks":{"area":852.67,"pct":2.1}},"id":"hex:2403:17439"},"type":"Feature"},{"geometry":{"coordinates":[[[-117.53476,34.1235],[-117.53544,34.12448],[-117.5368,34.12447],[-117.53747,34.12349],[-117.53679,34.12252],[-117.53543,34.12252],[-117.53476,34.1235]]],"type":"Polygon"},"properties":{"bbox":{"roads":{"area":7250.63,"pct":17.86},"sidewalks":{"area":649.56,"pct":1.6}},"city":{"roads":{"area":3510.33,"pct":8.65},"sidewalks":{"area":649.56,"pct":1.6}},"id":"hex:2403:17440"},"type":"Feature"},{"geometry":{"coordinates":[[[-117.53477,34.12546],[-117.53546,34.12643],[-117.53681,34.12642],[-117.53748,34.12544],[-117.5368,34.12447],[-117.53544,34.12448],[-117.53477,34.12546]]],"type":"Polygon"},"properties":{"bbox":{"roads":{"area":5801.65,"pct":14.29},"sidewalks":{"area":56.51,"pct":0.14}},"city":{"roads":{"area":1928.33,"pct":4.75},"sidewalks":{"area":56.51,"pct":0.14}},"id":"hex:2403:17441"},"type":"Feature"},{"geometry":{"coordinates":[[[-117.53478,34.12741],[-117.53547,34.12838],[-117.53682,34.12838],[-117.53749,34.1274],[-117.53681,34.12642],[-117.53546,34.12643],[-117.53478,34.12741]]],"type":"Polygon"},"properties":{"bbox":{"roads":{"area":5721.56,"pct":14.09}},"city":{"roads":{"area":1735.6,"pct":4.28}},"id":"hex:2403:17442"},"type":"Feature"},{"geometry":{"coordinates":[[[-117.5348,34.12936],[-117.53548,34.13033],[-117.53684,34.13033],[-117.53751,34.12935],[-117.53682,34.12838],[-117.53547,34.12838],[-117.5348,34.12936]]],"type":"Polygon"},"properties":{"bbox":{"roads":{"area":7512.69,"pct":18.51},"sidewalks":{"area":258.43,"pct":0.64}},"city":{"roads":{"area":3578.52,"pct":8.82},"sidewalks":{"area":258.43,"pct":0.64}},"id":"hex:2403:17443"},"type":"Feature"},{"geometry":{"coordinates":[[[-117.53481,34.13131],[-117.53549,34.13229],[-117.53685,34.13228],[-117.53752,34.1313],[-117.53684,34.13033],[-117.53548,34.13033],[-117.53481,34.13131]]],"type":"Polygon"},"properties":{"bbox":{"roads":{"area":6600.54,"pct":16.26}},"city":{"roads":{"area":2577.56,"pct":6.35}},"id":"hex:2403:17444"},"type":"Feature"},{"geometry":{"coordinates":[[[-117.53482,34.13327],[-117.5355,34.13424],[-117.53686,34.13423],[-117.53753,34.13325],[-117.53685,34.13228],[-117.53549,34.13229],[-117.53482,34.13327]]],"type":"Polygon"},"properties":{"bbox":{"roads":{"area":6740,"pct":16.6}},"city":{"roads":{"area":2528.62,"pct":6.23}},"id":"hex:2403:17445"},"type":"Feature"},{"geometry":{"coordinates":[[[-117.53483,34.13522],[-117.53552,34.13619],[-117.53687,34.13619],[-117.53754,34.13521],[-117.53686,34.13423],[-117.5355,34.13424],[-117.53483,34.13522]]],"type":"Polygon"},"properties":{"bbox":{"parking":{"area":67.71,"pct":0.17},"roads":{"area":11120.8,"pct":27.39},"sidewalks":{"area":347.48,"pct":0.86}},"city":{"parking":{"area":67.71,"pct":0.17},"roads":{"area":4702.23,"pct":11.58},"sidewalks":{"area":347.48,"pct":0.86}},"id":"hex:2403:17446"},"type":"Feature"},{"geometry":{"coordinates":[[[-117.53484,34.13717],[-117.53553,34.13814],[-117.53688,34.13814],[-117.53756,34.13716],[-117.53687,34.13619],[-117.53552,34.13619],[-117.53484,34.13717]]],"type":"Polygon"},"properties":{"bbox":{"roads":{"area":12624.14,"pct":31.1},"sidewalks":{"area":528.66,"pct":1.3}},"city":{"roads":{"area":49.44,"pct":0.12},"sidewalks":{"area":528.66,"pct":1.3}},"id":"hex:2403:17447"},"type":"Feature"},{"geometry":{"coordinates":[[[-117.53486,34.13912],[-117.53554,34.1401],[-117.5369,34.14009],[-117.53757,34.13911],[-117.53688,34.13814],[-117.53553,34.13814],[-117.53486,34.13912]]],"type":"Polygon"},"properties":{"bbox":{"roads":{"area":5179.23,"pct":12.76},"sidewalks":{"area":637.65,"pct":1.57}},"city":{"roads":{"area":1201.63,"pct":2.96},"sidewalks":{"area":637.65,"pct":1.57}},"id":"hex:2403:17448"},"type":"Feature"},{"geometry":{"coordinates":[[[-117.53487,34.14108],[-117.53555,34.14205],[-117.53691,34.14204],[-117.53758,34.14106],[-117.5369,34.14009],[-117.53554,34.1401],[-117.53487,34.14108]]],"type":"Polygon"},"properties":{"bbox":{"roads":{"area":6980.74,"pct":17.2},"sidewalks":{"area":586.18,"pct":1.44}},"city":{"roads":{"area":2881.11,"pct":7.1},"sidewalks":{"area":586.18,"pct":1.44}},"id":"hex:2403:17449"},"type":"Feature"},{"geometry":{"coordinates":[[[-117.53488,34.14303],[-117.53557,34.144],[-117.53692,34.144],[-117.53759,34.14302],[-117.53691,34.14204],[-117.53555,34.14205],[-117.53488,34.14303]]],"type":"Polygon"},"properties":{"bbox":{"parking":{"area":1410.78,"pct":3.48},"roads":{"area":7957.31,"pct":19.6},"sidewalks":{"area":846.39,"pct":2.08}},"city":{"parking":{"area":1410.78,"pct":3.48},"roads":{"area":2618.34,"pct":6.45},"sidewalks":{"area":846.39,"pct":2.08}},"id":"hex:2403:17450"},"type":"Feature"},{"geometry":{"coordinates":[[[-117.53489,34.14498],[-117.53558,34.14595],[-117.53693,34.14595],[-117.53761,34.14497],[-117.53692,34.144],[-117.53557,34.144],[-117.53489,34.14498]]],"type":"Polygon"},"properties":{"bbox":{"roads":{"area":3925.41,"pct":9.67},"sidewalks":{"area":325.42,"pct":0.8}},"city":{"roads":{"area":483.28,"pct":1.19},"sidewalks":{"area":325.42,"pct":0.8}},"id":"hex:2403:17451"},"type":"Feature"},{"geometry":{"coordinates":[[[-117.53491,34.14693],[-117.53559,34.14791],[-117.53695,34.1479],[-117.53762,34.14692],[-117.53693,34.14595],[-117.53558,34.14595],[-117.53491,34.14693]]],"type":"Polygon"},"properties":{"bbox":{"roads":{"area":7308.49,"pct":18},"sidewalks":{"area":291.54,"pct":0.72}},"city":{"roads":{"area":2846.21,"pct":7.01},"sidewalks":{"area":291.54,"pct":0.72}},"id":"hex:2403:17452"},"type":"Feature"},{"geometry":{"coordinates":[[[-117.53492,34.14889],[-117.5356,34.14986],[-117.53696,34.14985],[-117.53763,34.14887],[-117.53695,34.1479],[-117.53559,34.14791],[-117.53492,34.14889]]],"type":"Polygon"},"properties":{"bbox":{"roads":{"area":5245.94,"pct":12.92},"sidewalks":{"area":291.33,"pct":0.72}},"city":{"roads":{"area":1760.8,"pct":4.34},"sidewalks":{"area":291.33,"pct":0.72}},"id":"hex:2403:17453"},"type":"Feature"},{"geometry":{"coordinates":[[[-117.53493,34.15084],[-117.53562,34.15181],[-117.53697,34.15181],[-117.53764,34.15083],[-117.53696,34.14985],[-117.5356,34.14986],[-117.53493,34.15084]]],"type":"Polygon"},"properties":{"bbox":{"roads":{"area":8416.8,"pct":20.73},"sidewalks":{"area":784.43,"pct":1.93}},"city":{"roads":{"area":4501.54,"pct":11.09},"sidewalks":{"area":784.43,"pct":1.93}},"id":"hex:2403:17454"},"type":"Feature"},{"geometry":{"coordinates":[[[-117.53494,34.15279],[-117.53563,34.15376],[-117.53698,34.15376],[-117.53766,34.15278],[-117.53697,34.15181],[-117.53562,34.15181],[-117.53494,34.15279]]],"type":"Polygon"},"properties":{"bbox":{"roads":{"area":5415.92,"pct":13.34},"sidewalks":{"area":258.92,"pct":0.64}},"city_same":1,"id":"hex:2403:17455"},"type":"Feature"},{"geometry":{"coordinates":[[[-117.53496,34.15474],[-117.53564,34.15572],[-117.537,34.15571],[-117.53767,34.15473],[-117.53698,34.15376],[-117.53563,34.15376],[-117.53496,34.15474]]],"type":"Polygon"},"properties":{"bbox":{"roads":{"area":5576.83,"pct":13.74},"sidewalks":{"area":115.44,"pct":0.28}},"city_same":1,"id":"hex:2403:17456"},"type":"Feature"},{"geometry":{"coordinates":[[[-117.53497,34.1567],[-117.53565,34.15767],[-117.53701,34.15766],[-117.53768,34.15668],[-117.537,34.15571],[-117.53564,34.15572],[-117.53497,34.1567]]],"type":"Polygon"},"properties":{"bbox":{"roads":{"area":1933.87,"pct":4.76}},"city_same":1,"id":"hex:2403:17457"},"type":"Feature"},{"geometry":{"coordinates":[[[-117.53498,34.15865],[-117.53566,34.15962],[-117.53702,34.15962],[-117.53769,34.15864],[-117.53701,34.15766],[-117.53565,34.15767],[-117.53498,34.15865]]],"type":"Polygon"},"properties":{"bbox":{"roads":{"area":3437.85,"pct":8.47}},"city_same":1,"id":"hex:2403:17458"},"type":"Feature"},{"geometry":{"coordinates":[[[-117.53499,34.1606],[-117.53568,34.16157],[-117.53703,34.16157],[-117.5377,34.16059],[-117.53702,34.15962],[-117.53566,34.15962],[-117.53499,34.1606]]],"type":"Polygon"},"properties":{"bbox":{"roads":{"area":2194.91,"pct":5.41}},"city_same":1,"id":"hex:2403:17459"},"type":"Feature"},{"geometry":{"coordinates":[[[-117.535,34.16255],[-117.53569,34.16353],[-117.53705,34.16352],[-117.53772,34.16254],[-117.53703,34.16157],[-117.53568,34.16157],[-117.535,34.16255]]],"type":"Polygon"},"properties":{"bbox":{"roads":{"area":2267.08,"pct":5.58}},"city_same":1,"id":"hex:2403:17460"},"type":"Feature"},{"geometry":{"coordinates":[[[-117.53502,34.16451],[-117.5357,34.16548],[-117.53706,34.16547],[-117.53773,34.16449],[-117.53705,34.16352],[-117.53569,34.16353],[-117.53502,34.16451]]],"type":"Polygon"},"properties":{"bbox":{"roads":{"area":2360.92,"pct":5.82}},"city_same":1,"id":"hex:2403:17461"},"type":"Feature"},{"geometry":{"coordinates":[[[-117.53515,34.07762],[-117.53448,34.07859],[-117.53312,34.0786],[-117.53244,34.07763],[-117.53272,34.07722],[-117.53487,34.07722],[-117.53515,34.07762]]],"type":"Polygon"},"properties":{"bbox":{"roads":{"area":1084.32,"pct":3.58}},"city_same":1,"id":"hex:2404:17417"},"type":"Feature"},{"geometry":{"coordinates":[[[-117.53245,34.07958],[-117.53313,34.08055],[-117.53449,34.08055],[-117.53516,34.07957],[-117.53448,34.07859],[-117.53312,34.0786],[-117.53245,34.07958]]],"type":"Polygon"},"properties":{"bbox":{"roads":{"area":13.64,"pct":0.03}},"city_same":1,"id":"hex:2404:17418"},"type":"Feature"},{"geometry":{"coordinates":[[[-117.53246,34.08153],[-117.53315,34.08251],[-117.5345,34.0825],[-117.53517,34.08152],[-117.53449,34.08055],[-117.53313,34.08055],[-117.53246,34.08153]]],"type":"Polygon"},"properties":{"bbox":{"roads":{"area":1.35,"pct":0}},"city_same":1,"id":"hex:2404:17419"},"type":"Feature"},{"geometry":{"coordinates":[[[-117.53247,34.08349],[-117.53316,34.08446],[-117.53451,34.08445],[-117.53518,34.08347],[-117.5345,34.0825],[-117.53315,34.08251],[-117.53247,34.08349]]],"type":"Polygon"},"properties":{"bbox":{"roads":{"area":1493.87,"pct":3.68}},"city_same":1,"id":"hex:2404:17420"},"type":"Feature"},{"geometry":{"coordinates":[[[-117.53249,34.08544],[-117.53317,34.08641],[-117.53453,34.08641],[-117.5352,34.08543],[-117.53451,34.08445],[-117.53316,34.08446],[-117.53249,34.08544]]],"type":"Polygon"},"properties":{"bbox":{"roads":{"area":1693.04,"pct":4.17},"sidewalks":{"area":224.71,"pct":0.55}},"city_same":1,"id":"hex:2404:17421"},"type":"Feature"},{"geometry":{"coordinates":[[[-117.5325,34.08739],[-117.53318,34.08836],[-117.53454,34.08836],[-117.53521,34.08738],[-117.53453,34.08641],[-117.53317,34.08641],[-117.5325,34.08739]]],"type":"Polygon"},"properties":{"bbox":{"roads":{"area":2407.62,"pct":5.93},"sidewalks":{"area":191.6,"pct":0.47}},"city_same":1,"id":"hex:2404:17422"},"type":"Feature"},{"geometry":{"coordinates":[[[-117.53251,34.08934],[-117.5332,34.09032],[-117.53455,34.09031],[-117.53522,34.08933],[-117.53454,34.08836],[-117.53318,34.08836],[-117.53251,34.08934]]],"type":"Polygon"},"properties":{"bbox":{"roads":{"area":3210.62,"pct":7.91}},"city_same":1,"id":"hex:2404:17423"},"type":"Feature"},{"geometry":{"coordinates":[[[-117.53255,34.0952],[-117.53323,34.09617],[-117.53459,34.09617],[-117.53526,34.09519],[-117.53457,34.09422],[-117.53322,34.09422],[-117.53255,34.0952]]],"type":"Polygon"},"properties":{"bbox":{"roads":{"area":99.58,"pct":0.25}},"city_same":1,"id":"hex:2404:17426"},"type":"Feature"},{"geometry":{"coordinates":[[[-117.53256,34.09715],[-117.53324,34.09813],[-117.5346,34.09812],[-117.53527,34.09714],[-117.53459,34.09617],[-117.53323,34.09617],[-117.53256,34.09715]]],"type":"Polygon"},"properties":{"bbox":{"roads":{"area":319,"pct":0.79}},"city_same":1,"id":"hex:2404:17427"},"type":"Feature"},{"geometry":{"coordinates":[[[-117.53257,34.09911],[-117.53324,34.09813],[-117.5346,34.09812],[-117.53528,34.09909],[-117.53461,34.10007],[-117.53326,34.10008],[-117.53301,34.09973],[-117.53301,34.09973],[-117.53301,34.09928],[-117.5327,34.09928],[-117.53257,34.09911]]],"type":"Polygon"},"properties":{"bbox":{"roads":{"area":5382.13,"pct":13.5},"sidewalks":{"area":2.86,"pct":0.01}},"city":{"roads":{"area":913.06,"pct":2.29},"sidewalks":{"area":2.86,"pct":0.01}},"id":"hex:2404:17428"},"type":"Feature"},{"geometry":{"coordinates":[[[-117.53258,34.10106],[-117.53327,34.10203],[-117.53462,34.10203],[-117.5353,34.10105],[-117.53461,34.10007],[-117.53326,34.10008],[-117.53258,34.10106]]],"type":"Polygon"},"properties":{"bbox":{"roads":{"area":615.74,"pct":1.52},"sidewalks":{"area":66.88,"pct":0.16}},"city_same":1,"id":"hex:2404:17429"},"type":"Feature"},{"geometry":{"coordinates":[[[-117.5326,34.10301],[-117.53328,34.10398],[-117.53464,34.10398],[-117.53531,34.103],[-117.53462,34.10203],[-117.53327,34.10203],[-117.5326,34.10301]]],"type":"Polygon"},"properties":{"bbox":{"roads":{"area":4706.24,"pct":11.59}},"city":{"roads":{"area":4379.4,"pct":10.79}},"id":"hex:2404:17430"},"type":"Feature"},{"geometry":{"coordinates":[[[-117.53261,34.10496],[-117.53329,34.10594],[-117.53465,34.10593],[-117.53532,34.10495],[-117.53464,34.10398],[-117.53328,34.10398],[-117.53261,34.10496]]],"type":"Polygon"},"properties":{"bbox":{"roads":{"area":11209.18,"pct":27.61}},"city":{"roads":{"area":1695.1,"pct":4.18}},"id":"hex:2404:17431"},"type":"Feature"},{"geometry":{"coordinates":[[[-117.53262,34.10692],[-117.53331,34.10789],[-117.53466,34.10788],[-117.53533,34.1069],[-117.53465,34.10593],[-117.53329,34.10594],[-117.53262,34.10692]]],"type":"Polygon"},"properties":{"bbox":{"parking":{"area":9772.65,"pct":24.07},"roads":{"area":10235.82,"pct":25.21},"sidewalks":{"area":714.19,"pct":1.76}},"city":{"parking":{"area":9772.65,"pct":24.07},"roads":{"area":4015.07,"pct":9.89},"sidewalks":{"area":714.19,"pct":1.76}},"id":"hex:2404:17432"},"type":"Feature"},{"geometry":{"coordinates":[[[-117.53263,34.10887],[-117.53332,34.10984],[-117.53467,34.10984],[-117.53534,34.10886],[-117.53466,34.10788],[-117.53331,34.10789],[-117.53263,34.10887]]],"type":"Polygon"},"properties":{"bbox":{"parking":{"area":23559.33,"pct":58.04},"roads":{"area":11766.28,"pct":28.98},"sidewalks":{"area":190.27,"pct":0.47}},"city":{"parking":{"area":23559.33,"pct":58.04},"roads":{"area":8951.25,"pct":22.05},"sidewalks":{"area":190.27,"pct":0.47}},"id":"hex:2404:17433"},"type":"Feature"},{"geometry":{"coordinates":[[[-117.53265,34.11082],[-117.53333,34.11179],[-117.53469,34.11179],[-117.53536,34.11081],[-117.53467,34.10984],[-117.53332,34.10984],[-117.53265,34.11082]]],"type":"Polygon"},"properties":{"bbox":{"parking":{"area":6556.79,"pct":16.15},"roads":{"area":4625.53,"pct":11.39}},"city_same":1,"id":"hex:2404:17434"},"type":"Feature"},{"geometry":{"coordinates":[[[-117.53266,34.11277],[-117.53334,34.11375],[-117.5347,34.11374],[-117.53537,34.11276],[-117.53469,34.11179],[-117.53333,34.11179],[-117.53266,34.11277]]],"type":"Polygon"},"properties":{"bbox":{"parking":{"area":7809.42,"pct":19.24},"roads":{"area":2876.18,"pct":7.09},"sidewalks":{"area":541.85,"pct":1.33}},"city_same":1,"id":"hex:2404:17435"},"type":"Feature"},{"geometry":{"coordinates":[[[-117.53267,34.11473],[-117.53335,34.1157],[-117.53471,34.11569],[-117.53538,34.11471],[-117.5347,34.11374],[-117.53334,34.11375],[-117.53267,34.11473]]],"type":"Polygon"},"properties":{"bbox":{"roads":{"area":7883.43,"pct":19.42},"sidewalks":{"area":801.49,"pct":1.97}},"city":{"roads":{"area":3747.1,"pct":9.23},"sidewalks":{"area":801.49,"pct":1.97}},"id":"hex:2404:17436"},"type":"Feature"},{"geometry":{"coordinates":[[[-117.53268,34.11668],[-117.53337,34.11765],[-117.53472,34.11765],[-117.53539,34.11667],[-117.53471,34.11569],[-117.53335,34.1157],[-117.53268,34.11668]]],"type":"Polygon"},"properties":{"bbox":{"roads":{"area":2362.82,"pct":5.82}},"city_same":1,"id":"hex:2404:17437"},"type":"Feature"},{"geometry":{"coordinates":[[[-117.53269,34.11863],[-117.53338,34.1196],[-117.53473,34.1196],[-117.53541,34.11862],[-117.53472,34.11765],[-117.53337,34.11765],[-117.53269,34.11863]]],"type":"Polygon"},"properties":{"bbox":{"roads":{"area":3381.51,"pct":8.33}},"city_same":1,"id":"hex:2404:17438"},"type":"Feature"},{"geometry":{"coordinates":[[[-117.53271,34.12058],[-117.53339,34.12156],[-117.53475,34.12155],[-117.53542,34.12057],[-117.53473,34.1196],[-117.53338,34.1196],[-117.53271,34.12058]]],"type":"Polygon"},"properties":{"bbox":{"roads":{"area":1835.21,"pct":4.52},"sidewalks":{"area":66.73,"pct":0.16}},"city_same":1,"id":"hex:2404:17439"},"type":"Feature"},{"geometry":{"coordinates":[[[-117.53272,34.12254],[-117.5334,34.12351],[-117.53476,34.1235],[-117.53543,34.12252],[-117.53475,34.12155],[-117.53339,34.12156],[-117.53272,34.12254]]],"type":"Polygon"},"properties":{"bbox":{"roads":{"area":4926.8,"pct":12.14},"sidewalks":{"area":206.89,"pct":0.51}},"city_same":1,"id":"hex:2404:17440"},"type":"Feature"},{"geometry":{"coordinates":[[[-117.53273,34.12449],[-117.53342,34.12546],[-117.53477,34.12546],[-117.53544,34.12448],[-117.53476,34.1235],[-117.5334,34.12351],[-117.53273,34.12449]]],"type":"Polygon"},"properties":{"bbox":{"roads":{"area":2917.96,"pct":7.19}},"city_same":1,"id":"hex:2404:17441"},"type":"Feature"},{"geometry":{"coordinates":[[[-117.53274,34.12644],[-117.53343,34.12741],[-117.53478,34.12741],[-117.53546,34.12643],[-117.53477,34.12546],[-117.53342,34.12546],[-117.53274,34.12644]]],"type":"Polygon"},"properties":{"bbox":{"roads":{"area":4920.14,"pct":12.12}},"city_same":1,"id":"hex:2404:17442"},"type":"Feature"},{"geometry":{"coordinates":[[[-117.53276,34.12839],[-117.53344,34.12937],[-117.5348,34.12936],[-117.53547,34.12838],[-117.53478,34.12741],[-117.53343,34.12741],[-117.53276,34.12839]]],"type":"Polygon"},"properties":{"bbox":{"roads":{"area":6032.19,"pct":14.86},"sidewalks":{"area":241.95,"pct":0.6}},"city_same":1,"id":"hex:2404:17443"},"type":"Feature"},{"geometry":{"coordinates":[[[-117.53277,34.13035],[-117.53345,34.13132],[-117.53481,34.13131],[-117.53548,34.13033],[-117.5348,34.12936],[-117.53344,34.12937],[-117.53277,34.13035]]],"type":"Polygon"},"properties":{"bbox":{"roads":{"area":4469.75,"pct":11.01}},"city_same":1,"id":"hex:2404:17444"},"type":"Feature"},{"geometry":{"coordinates":[[[-117.53278,34.1323],[-117.53346,34.13327],[-117.53482,34.13327],[-117.53549,34.13229],[-117.53481,34.13131],[-117.53345,34.13132],[-117.53278,34.1323]]],"type":"Polygon"},"properties":{"bbox":{"roads":{"area":4747.31,"pct":11.69}},"city_same":1,"id":"hex:2404:17445"},"type":"Feature"},{"geometry":{"coordinates":[[[-117.53279,34.13425],[-117.53348,34.13522],[-117.53483,34.13522],[-117.5355,34.13424],[-117.53482,34.13327],[-117.53346,34.13327],[-117.53279,34.13425]]],"type":"Polygon"},"properties":{"bbox":{"roads":{"area":3886.54,"pct":9.57}},"city_same":1,"id":"hex:2404:17446"},"type":"Feature"},{"geometry":{"coordinates":[[[-117.53281,34.1362],[-117.53349,34.13718],[-117.53484,34.13717],[-117.53552,34.13619],[-117.53483,34.13522],[-117.53348,34.13522],[-117.53281,34.1362]]],"type":"Polygon"},"properties":{"bbox":{"roads":{"area":10013.38,"pct":24.67}},"city":{"roads":{"area":1824.42,"pct":4.49}},"id":"hex:2404:17447"},"type":"Feature"},{"geometry":{"coordinates":[[[-117.53282,34.13816],[-117.5335,34.13913],[-117.53486,34.13912],[-117.53553,34.13814],[-117.53484,34.13717],[-117.53349,34.13718],[-117.53282,34.13816]]],"type":"Polygon"},"properties":{"bbox":{"roads":{"area":2002.73,"pct":4.93}},"city":{"roads":{"area":1814.13,"pct":4.47}},"id":"hex:2404:17448"},"type":"Feature"},{"geometry":{"coordinates":[[[-117.53283,34.14011],[-117.53351,34.14108],[-117.53487,34.14108],[-117.53554,34.1401],[-117.53486,34.13912],[-117.5335,34.13913],[-117.53283,34.14011]]],"type":"Polygon"},"properties":{"bbox":{"roads":{"area":3265.51,"pct":8.04}},"city_same":1,"id":"hex:2404:17449"},"type":"Feature"},{"geometry":{"coordinates":[[[-117.53284,34.14206],[-117.53353,34.14303],[-117.53488,34.14303],[-117.53555,34.14205],[-117.53487,34.14108],[-117.53351,34.14108],[-117.53284,34.14206]]],"type":"Polygon"},"properties":{"bbox":{"roads":{"area":2635.98,"pct":6.49}},"city_same":1,"id":"hex:2404:17450"},"type":"Feature"},{"geometry":{"coordinates":[[[-117.53285,34.14401],[-117.53354,34.14499],[-117.53489,34.14498],[-117.53557,34.144],[-117.53488,34.14303],[-117.53353,34.14303],[-117.53285,34.14401]]],"type":"Polygon"},"properties":{"bbox":{"parking":{"area":798.07,"pct":1.97},"roads":{"area":2250.66,"pct":5.54},"sidewalks":{"area":392.94,"pct":0.97}},"city_same":1,"id":"hex:2404:17451"},"type":"Feature"},{"geometry":{"coordinates":[[[-117.53287,34.14597],[-117.53355,34.14694],[-117.53491,34.14693],[-117.53558,34.14595],[-117.53489,34.14498],[-117.53354,34.14499],[-117.53287,34.14597]]],"type":"Polygon"},"properties":{"bbox":{"roads":{"area":1922.64,"pct":4.74}},"city_same":1,"id":"hex:2404:17452"},"type":"Feature"},{"geometry":{"coordinates":[[[-117.53288,34.14792],[-117.53356,34.14889],[-117.53492,34.14889],[-117.53559,34.14791],[-117.53491,34.14693],[-117.53355,34.14694],[-117.53288,34.14792]]],"type":"Polygon"},"properties":{"bbox":{"roads":{"area":4022.58,"pct":9.91}},"city_same":1,"id":"hex:2404:17453"},"type":"Feature"},{"geometry":{"coordinates":[[[-117.53289,34.14987],[-117.53358,34.15084],[-117.53493,34.15084],[-117.5356,34.14986],[-117.53492,34.14889],[-117.53356,34.14889],[-117.53289,34.14987]]],"type":"Polygon"},"properties":{"bbox":{"roads":{"area":4995.37,"pct":12.31},"sidewalks":{"area":490.3,"pct":1.21}},"city":{"roads":{"area":2216.33,"pct":5.46},"sidewalks":{"area":490.3,"pct":1.21}},"id":"hex:2404:17454"},"type":"Feature"},{"geometry":{"coordinates":[[[-117.5329,34.15182],[-117.53359,34.1528],[-117.53494,34.15279],[-117.53562,34.15181],[-117.53493,34.15084],[-117.53358,34.15084],[-117.5329,34.15182]]],"type":"Polygon"},"properties":{"bbox":{"roads":{"area":2568.73,"pct":6.33}},"city_same":1,"id":"hex:2404:17455"},"type":"Feature"},{"geometry":{"coordinates":[[[-117.53292,34.15378],[-117.5336,34.15475],[-117.53496,34.15474],[-117.53563,34.15376],[-117.53494,34.15279],[-117.53359,34.1528],[-117.53292,34.15378]]],"type":"Polygon"},"properties":{"bbox":{"roads":{"area":1618.41,"pct":3.99}},"city_same":1,"id":"hex:2404:17456"},"type":"Feature"},{"geometry":{"coordinates":[[[-117.53293,34.15573],[-117.53361,34.1567],[-117.53497,34.1567],[-117.53564,34.15572],[-117.53496,34.15474],[-117.5336,34.15475],[-117.53293,34.15573]]],"type":"Polygon"},"properties":{"bbox":{"roads":{"area":1684.63,"pct":4.15}},"city_same":1,"id":"hex:2404:17457"},"type":"Feature"},{"geometry":{"coordinates":[[[-117.53294,34.15768],[-117.53362,34.15865],[-117.53498,34.15865],[-117.53565,34.15767],[-117.53497,34.1567],[-117.53361,34.1567],[-117.53294,34.15768]]],"type":"Polygon"},"properties":{"bbox":{"roads":{"area":2846.58,"pct":7.01}},"city_same":1,"id":"hex:2404:17458"},"type":"Feature"},{"geometry":{"coordinates":[[[-117.53295,34.15963],[-117.53364,34.16061],[-117.53499,34.1606],[-117.53566,34.15962],[-117.53498,34.15865],[-117.53362,34.15865],[-117.53295,34.15963]]],"type":"Polygon"},"properties":{"bbox":{"roads":{"area":2330.73,"pct":5.74}},"city_same":1,"id":"hex:2404:17459"},"type":"Feature"},{"geometry":{"coordinates":[[[-117.53296,34.16159],[-117.53365,34.16256],[-117.535,34.16255],[-117.53568,34.16157],[-117.53499,34.1606],[-117.53364,34.16061],[-117.53296,34.16159]]],"type":"Polygon"},"properties":{"bbox":{"roads":{"area":1333.67,"pct":3.29}},"city_same":1,"id":"hex:2404:17460"},"type":"Feature"},{"geometry":{"coordinates":[[[-117.53298,34.16354],[-117.53366,34.16451],[-117.53502,34.16451],[-117.53569,34.16353],[-117.535,34.16255],[-117.53365,34.16256],[-117.53298,34.16354]]],"type":"Polygon"},"properties":{"bbox":{"roads":{"area":2474.34,"pct":6.1}},"city_same":1,"id":"hex:2404:17461"},"type":"Feature"},{"geometry":{"coordinates":[[[-117.53079,34.07721],[-117.53272,34.07722],[-117.53244,34.07763],[-117.53183,34.07763],[-117.53184,34.07738],[-117.53091,34.07738],[-117.53079,34.07721]]],"type":"Polygon"},"properties":{"bbox":{"roads":{"area":383.03,"pct":8}},"city_same":1,"id":"hex:2405:17416"},"type":"Feature"},{"geometry":{"coordinates":[[[-117.53244,34.07763],[-117.53312,34.0786],[-117.53245,34.07958],[-117.5311,34.07959],[-117.53065,34.07894],[-117.53142,34.07893],[-117.53154,34.07882],[-117.53181,34.0788],[-117.53183,34.07763],[-117.53244,34.07763]]],"type":"Polygon"},"properties":{"bbox":{"roads":{"area":2468.71,"pct":9.5}},"city_same":1,"id":"hex:2405:17417"},"type":"Feature"},{"geometry":{"coordinates":[[[-117.53042,34.08057],[-117.53111,34.08154],[-117.53246,34.08153],[-117.53313,34.08055],[-117.53245,34.07958],[-117.5311,34.07959],[-117.53042,34.08057]]],"type":"Polygon"},"properties":{"bbox":{"roads":{"area":3091.8,"pct":7.62}},"city_same":1,"id":"hex:2405:17418"},"type":"Feature"},{"geometry":{"coordinates":[[[-117.53044,34.08252],[-117.53112,34.08349],[-117.53247,34.08349],[-117.53315,34.08251],[-117.53246,34.08153],[-117.53111,34.08154],[-117.53044,34.08252]]],"type":"Polygon"},"properties":{"bbox":{"roads":{"area":2880.16,"pct":7.09}},"city_same":1,"id":"hex:2405:17419"},"type":"Feature"},{"geometry":{"coordinates":[[[-117.53045,34.08447],[-117.53113,34.08544],[-117.53249,34.08544],[-117.53316,34.08446],[-117.53247,34.08349],[-117.53112,34.08349],[-117.53045,34.08447]]],"type":"Polygon"},"properties":{"bbox":{"roads":{"area":2615.34,"pct":6.44}},"city_same":1,"id":"hex:2405:17420"},"type":"Feature"},{"geometry":{"coordinates":[[[-117.53046,34.08642],[-117.53114,34.0874],[-117.5325,34.08739],[-117.53317,34.08641],[-117.53249,34.08544],[-117.53113,34.08544],[-117.53046,34.08642]]],"type":"Polygon"},"properties":{"bbox":{"roads":{"area":4115.68,"pct":10.14},"sidewalks":{"area":707.74,"pct":1.74}},"city_same":1,"id":"hex:2405:17421"},"type":"Feature"},{"geometry":{"coordinates":[[[-117.53047,34.08838],[-117.53116,34.08935],[-117.53251,34.08934],[-117.53318,34.08836],[-117.5325,34.08739],[-117.53114,34.0874],[-117.53047,34.08838]]],"type":"Polygon"},"properties":{"bbox":{"roads":{"area":1896.53,"pct":4.67}},"city_same":1,"id":"hex:2405:17422"},"type":"Feature"},{"geometry":{"coordinates":[[[-117.53049,34.09033],[-117.53117,34.0913],[-117.53252,34.0913],[-117.5332,34.09032],[-117.53251,34.08934],[-117.53116,34.08935],[-117.53049,34.09033]]],"type":"Polygon"},"properties":{"bbox":{"roads":{"area":546.17,"pct":1.35}},"city_same":1,"id":"hex:2405:17423"},"type":"Feature"},{"geometry":{"coordinates":[[[-117.53051,34.09423],[-117.53119,34.09521],[-117.53255,34.0952],[-117.53322,34.09422],[-117.53254,34.09325],[-117.53118,34.09325],[-117.53051,34.09423]]],"type":"Polygon"},"properties":{"bbox":{"roads":{"area":721.74,"pct":1.78}},"city_same":1,"id":"hex:2405:17425"},"type":"Feature"},{"geometry":{"coordinates":[[[-117.53052,34.09619],[-117.53121,34.09716],[-117.53256,34.09715],[-117.53323,34.09617],[-117.53255,34.0952],[-117.53119,34.09521],[-117.53052,34.09619]]],"type":"Polygon"},"properties":{"bbox":{"roads":{"area":1990.69,"pct":4.9}},"city_same":1,"id":"hex:2405:17426"},"type":"Feature"},{"geometry":{"coordinates":[[[-117.53053,34.09814],[-117.53122,34.09911],[-117.53257,34.09911],[-117.53324,34.09813],[-117.53256,34.09715],[-117.53121,34.09716],[-117.53053,34.09814]]],"type":"Polygon"},"properties":{"bbox":{"parking":{"area":604.68,"pct":1.49},"roads":{"area":5400.8,"pct":13.3},"sidewalks":{"area":240.48,"pct":0.59}},"city":{"parking":{"area":604.68,"pct":1.49},"roads":{"area":3455.74,"pct":8.51},"sidewalks":{"area":240.48,"pct":0.59}},"id":"hex:2405:17427"},"type":"Feature"},{"geometry":{"coordinates":[[[-117.53326,34.10008],[-117.53258,34.10106],[-117.53123,34.10106],[-117.53055,34.10009],[-117.53122,34.09911],[-117.53257,34.09911],[-117.5327,34.09928],[-117.53266,34.09928],[-117.53264,34.09974],[-117.53266,34.09976],[-117.53266,34.09981],[-117.53298,34.09981],[-117.53298,34.09973],[-117.53301,34.09973],[-117.53326,34.10008]]],"type":"Polygon"},"properties":{"bbox":{"roads":{"area":3674.43,"pct":9.32},"sidewalks":{"area":753.47,"pct":1.91}},"city":{"roads":{"area":3360.56,"pct":8.53},"sidewalks":{"area":753.47,"pct":1.91}},"id":"hex:2405:17428"},"type":"Feature"},{"geometry":{"coordinates":[[[-117.53056,34.10204],[-117.53124,34.10302],[-117.5326,34.10301],[-117.53327,34.10203],[-117.53258,34.10106],[-117.53123,34.10106],[-117.53056,34.10204]]],"type":"Polygon"},"properties":{"bbox":{"roads":{"area":3407.63,"pct":8.39},"sidewalks":{"area":530.49,"pct":1.31}},"city_same":1,"id":"hex:2405:17429"},"type":"Feature"},{"geometry":{"coordinates":[[[-117.53057,34.104],[-117.53125,34.10497],[-117.53261,34.10496],[-117.53328,34.10398],[-117.5326,34.10301],[-117.53124,34.10302],[-117.53057,34.104]]],"type":"Polygon"},"properties":{"bbox":{"roads":{"area":6189.06,"pct":15.25}},"city_same":1,"id":"hex:2405:17430"},"type":"Feature"},{"geometry":{"coordinates":[[[-117.53058,34.10595],[-117.53127,34.10692],[-117.53262,34.10692],[-117.53329,34.10594],[-117.53261,34.10496],[-117.53125,34.10497],[-117.53058,34.10595]]],"type":"Polygon"},"properties":{"bbox":{"roads":{"area":14482.24,"pct":35.67},"sidewalks":{"area":570.57,"pct":1.41}},"city":{"roads":{"area":207.63,"pct":0.51},"sidewalks":{"area":570.57,"pct":1.41}},"id":"hex:2405:17431"},"type":"Feature"},{"geometry":{"coordinates":[[[-117.53059,34.1079],[-117.53128,34.10887],[-117.53263,34.10887],[-117.53331,34.10789],[-117.53262,34.10692],[-117.53127,34.10692],[-117.53059,34.1079]]],"type":"Polygon"},"properties":{"bbox":{"parking":{"area":7646.64,"pct":18.84},"roads":{"area":7970.62,"pct":19.63}},"city":{"parking":{"area":7646.64,"pct":18.84},"roads":{"area":2114.78,"pct":5.21}},"id":"hex:2405:17432"},"type":"Feature"},{"geometry":{"coordinates":[[[-117.53061,34.10985],[-117.53129,34.11083],[-117.53265,34.11082],[-117.53332,34.10984],[-117.53263,34.10887],[-117.53128,34.10887],[-117.53061,34.10985]]],"type":"Polygon"},"properties":{"bbox":{"parking":{"area":14032.06,"pct":34.57},"roads":{"area":7507.22,"pct":18.49}},"city_same":1,"id":"hex:2405:17433"},"type":"Feature"},{"geometry":{"coordinates":[[[-117.53129,34.11083],[-117.53265,34.11082],[-117.53333,34.11179],[-117.53266,34.11277],[-117.5313,34.11278],[-117.53062,34.11181],[-117.53129,34.11083]],[[-117.53272,34.11145],[-117.53272,34.11124],[-117.53272,34.11103],[-117.53268,34.11103],[-117.53268,34.11124],[-117.53268,34.11145],[-117.53272,34.11145]]],"type":"Polygon"},"properties":{"bbox":{"parking":{"area":4269.12,"pct":10.56},"roads":{"area":4941.16,"pct":12.22},"sidewalks":{"area":228.46,"pct":0.57}},"city_same":1,"id":"hex:2405:17434"},"type":"Feature"},{"geometry":{"coordinates":[[[-117.53063,34.11376],[-117.53132,34.11473],[-117.53267,34.11473],[-117.53334,34.11375],[-117.53266,34.11277],[-117.5313,34.11278],[-117.53063,34.11376]]],"type":"Polygon"},"properties":{"bbox":{"parking":{"area":3686.01,"pct":9.08},"roads":{"area":6525.06,"pct":16.07},"sidewalks":{"area":353.73,"pct":0.87}},"city_same":1,"id":"hex:2405:17435"},"type":"Feature"},{"geometry":{"coordinates":[[[-117.53064,34.11571],[-117.53133,34.11668],[-117.53268,34.11668],[-117.53335,34.1157],[-117.53267,34.11473],[-117.53132,34.11473],[-117.53064,34.11571]]],"type":"Polygon"},"properties":{"bbox":{"parking":{"area":652.77,"pct":1.61},"roads":{"area":7595.96,"pct":18.71},"sidewalks":{"area":1113.41,"pct":2.74}},"city":{"parking":{"area":652.77,"pct":1.61},"roads":{"area":5006.59,"pct":12.33},"sidewalks":{"area":1113.41,"pct":2.74}},"id":"hex:2405:17436"},"type":"Feature"},{"geometry":{"coordinates":[[[-117.53066,34.11766],[-117.53134,34.11864],[-117.53269,34.11863],[-117.53337,34.11765],[-117.53268,34.11668],[-117.53133,34.11668],[-117.53066,34.11766]]],"type":"Polygon"},"properties":{"bbox":{"parking":{"area":703.24,"pct":1.73},"roads":{"area":3569.53,"pct":8.79},"sidewalks":{"area":1037.6,"pct":2.56}},"city_same":1,"id":"hex:2405:17437"},"type":"Feature"},{"geometry":{"coordinates":[[[-117.53067,34.11962],[-117.53135,34.12059],[-117.53271,34.12058],[-117.53338,34.1196],[-117.53269,34.11863],[-117.53134,34.11864],[-117.53067,34.11962]]],"type":"Polygon"},"properties":{"bbox":{"roads":{"area":3721.09,"pct":9.17},"sidewalks":{"area":40.08,"pct":0.1}},"city_same":1,"id":"hex:2405:17438"},"type":"Feature"},{"geometry":{"coordinates":[[[-117.53068,34.12157],[-117.53136,34.12254],[-117.53272,34.12254],[-117.53339,34.12156],[-117.53271,34.12058],[-117.53135,34.12059],[-117.53068,34.12157]]],"type":"Polygon"},"properties":{"bbox":{"parking":{"area":3446.03,"pct":8.49},"roads":{"area":8382.39,"pct":20.65},"sidewalks":{"area":625.78,"pct":1.54}},"city_same":1,"id":"hex:2405:17439"},"type":"Feature"},{"geometry":{"coordinates":[[[-117.53069,34.12352],[-117.53138,34.12449],[-117.53273,34.12449],[-117.5334,34.12351],[-117.53272,34.12254],[-117.53136,34.12254],[-117.53069,34.12352]]],"type":"Polygon"},"properties":{"bbox":{"roads":{"area":3613.54,"pct":8.9}},"city_same":1,"id":"hex:2405:17440"},"type":"Feature"},{"geometry":{"coordinates":[[[-117.5307,34.12547],[-117.53139,34.12645],[-117.53274,34.12644],[-117.53342,34.12546],[-117.53273,34.12449],[-117.53138,34.12449],[-117.5307,34.12547]]],"type":"Polygon"},"properties":{"bbox":{"roads":{"area":3275.16,"pct":8.07}},"city_same":1,"id":"hex:2405:17441"},"type":"Feature"},{"geometry":{"coordinates":[[[-117.53072,34.12743],[-117.5314,34.1284],[-117.53276,34.12839],[-117.53343,34.12741],[-117.53274,34.12644],[-117.53139,34.12645],[-117.53072,34.12743]]],"type":"Polygon"},"properties":{"bbox":{"roads":{"area":3754.29,"pct":9.25}},"city_same":1,"id":"hex:2405:17442"},"type":"Feature"},{"geometry":{"coordinates":[[[-117.53073,34.12938],[-117.53141,34.13035],[-117.53277,34.13035],[-117.53344,34.12937],[-117.53276,34.12839],[-117.5314,34.1284],[-117.53073,34.12938]]],"type":"Polygon"},"properties":{"bbox":{"roads":{"area":5411.9,"pct":13.33},"sidewalks":{"area":341.13,"pct":0.84}},"city_same":1,"id":"hex:2405:17443"},"type":"Feature"},{"geometry":{"coordinates":[[[-117.53074,34.13133],[-117.53143,34.1323],[-117.53278,34.1323],[-117.53345,34.13132],[-117.53277,34.13035],[-117.53141,34.13035],[-117.53074,34.13133]]],"type":"Polygon"},"properties":{"bbox":{"roads":{"area":3762.83,"pct":9.27}},"city_same":1,"id":"hex:2405:17444"},"type":"Feature"},{"geometry":{"coordinates":[[[-117.53075,34.13328],[-117.53144,34.13426],[-117.53279,34.13425],[-117.53346,34.13327],[-117.53278,34.1323],[-117.53143,34.1323],[-117.53075,34.13328]]],"type":"Polygon"},"properties":{"bbox":{"roads":{"area":4335.42,"pct":10.68},"sidewalks":{"area":157.97,"pct":0.39}},"city_same":1,"id":"hex:2405:17445"},"type":"Feature"},{"geometry":{"coordinates":[[[-117.53077,34.13524],[-117.53145,34.13621],[-117.53281,34.1362],[-117.53348,34.13522],[-117.53279,34.13425],[-117.53144,34.13426],[-117.53077,34.13524]]],"type":"Polygon"},"properties":{"bbox":{"roads":{"area":4497.89,"pct":11.08}},"city":{"roads":{"area":4496,"pct":11.08}},"id":"hex:2405:17446"},"type":"Feature"},{"geometry":{"coordinates":[[[-117.53078,34.13719],[-117.53146,34.13816],[-117.53282,34.13816],[-117.53349,34.13718],[-117.53281,34.1362],[-117.53145,34.13621],[-117.53078,34.13719]]],"type":"Polygon"},"properties":{"bbox":{"roads":{"area":7027.5,"pct":17.31}},"city":{"roads":{"area":1569.15,"pct":3.87}},"id":"hex:2405:17447"},"type":"Feature"},{"geometry":{"coordinates":[[[-117.53079,34.13914],[-117.53147,34.14011],[-117.53283,34.14011],[-117.5335,34.13913],[-117.53282,34.13816],[-117.53146,34.13816],[-117.53079,34.13914]]],"type":"Polygon"},"properties":{"bbox":{"roads":{"area":2740.63,"pct":6.75}},"city_same":1,"id":"hex:2405:17448"},"type":"Feature"},{"geometry":{"coordinates":[[[-117.5308,34.14109],[-117.53149,34.14207],[-117.53284,34.14206],[-117.53351,34.14108],[-117.53283,34.14011],[-117.53147,34.14011],[-117.5308,34.14109]]],"type":"Polygon"},"properties":{"bbox":{"roads":{"area":3215.7,"pct":7.92}},"city_same":1,"id":"hex:2405:17449"},"type":"Feature"},{"geometry":{"coordinates":[[[-117.53081,34.14305],[-117.5315,34.14402],[-117.53285,34.14401],[-117.53353,34.14303],[-117.53284,34.14206],[-117.53149,34.14207],[-117.53081,34.14305]]],"type":"Polygon"},"properties":{"bbox":{"roads":{"area":4489.3,"pct":11.06},"sidewalks":{"area":379.16,"pct":0.93}},"city_same":1,"id":"hex:2405:17450"},"type":"Feature"},{"geometry":{"coordinates":[[[-117.53083,34.145],[-117.53151,34.14597],[-117.53287,34.14597],[-117.53354,34.14499],[-117.53285,34.14401],[-117.5315,34.14402],[-117.53083,34.145]]],"type":"Polygon"},"properties":{"bbox":{"roads":{"area":2562.21,"pct":6.31},"sidewalks":{"area":295.54,"pct":0.73}},"city_same":1,"id":"hex:2405:17451"},"type":"Feature"},{"geometry":{"coordinates":[[[-117.53084,34.14695],[-117.53152,34.14792],[-117.53288,34.14792],[-117.53355,34.14694],[-117.53287,34.14597],[-117.53151,34.14597],[-117.53084,34.14695]]],"type":"Polygon"},"properties":{"bbox":{"roads":{"area":2022.59,"pct":4.98},"sidewalks":{"area":290.96,"pct":0.72}},"city_same":1,"id":"hex:2405:17452"},"type":"Feature"},{"geometry":{"coordinates":[[[-117.53085,34.1489],[-117.53154,34.14988],[-117.53289,34.14987],[-117.53356,34.14889],[-117.53288,34.14792],[-117.53152,34.14792],[-117.53085,34.1489]]],"type":"Polygon"},"properties":{"bbox":{"roads":{"area":2907.35,"pct":7.16}},"city_same":1,"id":"hex:2405:17453"},"type":"Feature"},{"geometry":{"coordinates":[[[-117.53086,34.15086],[-117.53155,34.15183],[-117.5329,34.15182],[-117.53358,34.15084],[-117.53289,34.14987],[-117.53154,34.14988],[-117.53086,34.15086]]],"type":"Polygon"},"properties":{"bbox":{"roads":{"area":5330.88,"pct":13.13},"sidewalks":{"area":530.04,"pct":1.31}},"city":{"roads":{"area":2059.28,"pct":5.07},"sidewalks":{"area":530.04,"pct":1.31}},"id":"hex:2405:17454"},"type":"Feature"},{"geometry":{"coordinates":[[[-117.53088,34.15281],[-117.53156,34.15378],[-117.53292,34.15378],[-117.53359,34.1528],[-117.5329,34.15182],[-117.53155,34.15183],[-117.53088,34.15281]]],"type":"Polygon"},"properties":{"bbox":{"roads":{"area":2737.23,"pct":6.74}},"city_same":1,"id":"hex:2405:17455"},"type":"Feature"},{"geometry":{"coordinates":[[[-117.53089,34.15476],[-117.53157,34.15573],[-117.53293,34.15573],[-117.5336,34.15475],[-117.53292,34.15378],[-117.53156,34.15378],[-117.53089,34.15476]]],"type":"Polygon"},"properties":{"bbox":{"roads":{"area":2075.21,"pct":5.11}},"city_same":1,"id":"hex:2405:17456"},"type":"Feature"},{"geometry":{"coordinates":[[[-117.53091,34.15867],[-117.5316,34.15964],[-117.53295,34.15963],[-117.53362,34.15865],[-117.53294,34.15768],[-117.53158,34.15769],[-117.53091,34.15867]]],"type":"Polygon"},"properties":{"bbox":{"roads":{"area":3731.61,"pct":9.19}},"city_same":1,"id":"hex:2405:17458"},"type":"Feature"},{"geometry":{"coordinates":[[[-117.53092,34.16062],[-117.53161,34.16159],[-117.53296,34.16159],[-117.53364,34.16061],[-117.53295,34.15963],[-117.5316,34.15964],[-117.53092,34.16062]]],"type":"Polygon"},"properties":{"bbox":{"roads":{"area":1758.29,"pct":4.33}},"city_same":1,"id":"hex:2405:17459"},"type":"Feature"},{"geometry":{"coordinates":[[[-117.53094,34.16257],[-117.53162,34.16354],[-117.53298,34.16354],[-117.53365,34.16256],[-117.53296,34.16159],[-117.53161,34.16159],[-117.53094,34.16257]]],"type":"Polygon"},"properties":{"bbox":{"roads":{"area":1131.15,"pct":2.79}},"city_same":1,"id":"hex:2405:17460"},"type":"Feature"},{"geometry":{"coordinates":[[[-117.53095,34.16452],[-117.53163,34.1655],[-117.53299,34.16549],[-117.53366,34.16451],[-117.53298,34.16354],[-117.53162,34.16354],[-117.53095,34.16452]]],"type":"Polygon"},"properties":{"bbox":{"roads":{"area":1316.02,"pct":3.24}},"city_same":1,"id":"hex:2405:17461"},"type":"Feature"},{"geometry":{"coordinates":[[[-117.52906,34.07862],[-117.52837,34.07765],[-117.52867,34.07721],[-117.53079,34.07721],[-117.53091,34.07738],[-117.52947,34.07738],[-117.52945,34.07862],[-117.52906,34.07862]]],"type":"Polygon"},"properties":{"bbox":{"roads":{"area":945.9,"pct":6.79}},"city_same":1,"id":"hex:2406:17417"},"type":"Feature"},{"geometry":{"coordinates":[[[-117.5311,34.07959],[-117.53042,34.08057],[-117.52907,34.08057],[-117.52839,34.0796],[-117.52906,34.07862],[-117.52945,34.07862],[-117.52944,34.07898],[-117.52969,34.07901],[-117.53055,34.07901],[-117.53062,34.07895],[-117.53065,34.07894],[-117.5311,34.07959]]],"type":"Polygon"},"properties":{"bbox":{"roads":{"area":1092.65,"pct":3.01}},"city_same":1,"id":"hex:2406:17418"},"type":"Feature"},{"geometry":{"coordinates":[[[-117.5284,34.08155],[-117.52908,34.08252],[-117.53044,34.08252],[-117.53111,34.08154],[-117.53042,34.08057],[-117.52907,34.08057],[-117.5284,34.08155]]],"type":"Polygon"},"properties":{"bbox":{"roads":{"area":948.77,"pct":2.34}},"city_same":1,"id":"hex:2406:17419"},"type":"Feature"},{"geometry":{"coordinates":[[[-117.52841,34.0835],[-117.52909,34.08448],[-117.53045,34.08447],[-117.53112,34.08349],[-117.53044,34.08252],[-117.52908,34.08252],[-117.52841,34.0835]]],"type":"Polygon"},"properties":{"bbox":{"roads":{"area":1368.03,"pct":3.37}},"city_same":1,"id":"hex:2406:17420"},"type":"Feature"},{"geometry":{"coordinates":[[[-117.52842,34.08546],[-117.52911,34.08643],[-117.53046,34.08642],[-117.53113,34.08544],[-117.53045,34.08447],[-117.52909,34.08448],[-117.52842,34.08546]]],"type":"Polygon"},"properties":{"bbox":{"roads":{"area":2503.86,"pct":6.17},"sidewalks":{"area":419.05,"pct":1.03}},"city_same":1,"id":"hex:2406:17421"},"type":"Feature"},{"geometry":{"coordinates":[[[-117.52843,34.08741],[-117.52912,34.08838],[-117.53047,34.08838],[-117.53114,34.0874],[-117.53046,34.08642],[-117.52911,34.08643],[-117.52843,34.08741]]],"type":"Polygon"},"properties":{"bbox":{"roads":{"area":1179.1,"pct":2.9},"sidewalks":{"area":4.42,"pct":0.01}},"city_same":1,"id":"hex:2406:17422"},"type":"Feature"},{"geometry":{"coordinates":[[[-117.52845,34.08936],[-117.52913,34.09033],[-117.53049,34.09033],[-117.53116,34.08935],[-117.53047,34.08838],[-117.52912,34.08838],[-117.52845,34.08936]]],"type":"Polygon"},"properties":{"bbox":{"roads":{"area":747.5,"pct":1.84}},"city_same":1,"id":"hex:2406:17423"},"type":"Feature"},{"geometry":{"coordinates":[[[-117.5285,34.09717],[-117.52918,34.09814],[-117.53053,34.09814],[-117.53121,34.09716],[-117.53052,34.09619],[-117.52917,34.09619],[-117.5285,34.09717]]],"type":"Polygon"},"properties":{"bbox":{"roads":{"area":759.76,"pct":1.87}},"city_same":1,"id":"hex:2406:17427"},"type":"Feature"},{"geometry":{"coordinates":[[[-117.52851,34.09912],[-117.52918,34.09814],[-117.53053,34.09814],[-117.53122,34.09911],[-117.53055,34.10009],[-117.52919,34.1001],[-117.52909,34.09996],[-117.53007,34.09998],[-117.53007,34.09944],[-117.52998,34.09938],[-117.52869,34.09938],[-117.52851,34.09912]]],"type":"Polygon"},"properties":{"bbox":{"roads":{"area":5229.45,"pct":15.59},"sidewalks":{"area":704.74,"pct":2.1}},"city":{"roads":{"area":1051.85,"pct":3.14},"sidewalks":{"area":704.74,"pct":2.1}},"id":"hex:2406:17428"},"type":"Feature"},{"geometry":{"coordinates":[[[-117.52919,34.1001],[-117.53055,34.10009],[-117.53123,34.10106],[-117.53056,34.10204],[-117.52993,34.10205],[-117.52994,34.10081],[-117.52992,34.10074],[-117.52986,34.10068],[-117.52977,34.10064],[-117.52882,34.10063],[-117.52919,34.1001]]],"type":"Polygon"},"properties":{"bbox":{"roads":{"area":1811.47,"pct":7.45}},"city_same":1,"id":"hex:2406:17429"},"type":"Feature"},{"geometry":{"coordinates":[[[-117.53056,34.10204],[-117.53124,34.10302],[-117.53057,34.104],[-117.52922,34.104],[-117.52867,34.10323],[-117.52971,34.10323],[-117.5298,34.10322],[-117.52987,34.10319],[-117.52993,34.10311],[-117.52993,34.10205],[-117.53056,34.10204]]],"type":"Polygon"},"properties":{"bbox":{"roads":{"area":2419.41,"pct":8.87}},"city_same":1,"id":"hex:2406:17430"},"type":"Feature"},{"geometry":{"coordinates":[[[-117.52854,34.10498],[-117.52923,34.10595],[-117.53058,34.10595],[-117.53125,34.10497],[-117.53057,34.104],[-117.52922,34.104],[-117.52854,34.10498]]],"type":"Polygon"},"properties":{"bbox":{"roads":{"area":7524.49,"pct":18.54}},"city_same":1,"id":"hex:2406:17431"},"type":"Feature"},{"geometry":{"coordinates":[[[-117.52856,34.10693],[-117.52924,34.10791],[-117.53059,34.1079],[-117.53127,34.10692],[-117.53058,34.10595],[-117.52923,34.10595],[-117.52856,34.10693]]],"type":"Polygon"},"properties":{"bbox":{"parking":{"area":5427.69,"pct":13.37},"roads":{"area":11310.15,"pct":27.86},"sidewalks":{"area":880.56,"pct":2.17}},"city":{"parking":{"area":5427.69,"pct":13.37},"roads":{"area":2828.46,"pct":6.97},"sidewalks":{"area":880.56,"pct":2.17}},"id":"hex:2406:17432"},"type":"Feature"},{"geometry":{"coordinates":[[[-117.52857,34.10889],[-117.52925,34.10986],[-117.53061,34.10985],[-117.53128,34.10887],[-117.53059,34.1079],[-117.52924,34.10791],[-117.52857,34.10889]]],"type":"Polygon"},"properties":{"bbox":{"parking":{"area":8073.41,"pct":19.89},"roads":{"area":13752.02,"pct":33.88}},"city":{"parking":{"area":8073.41,"pct":19.89},"roads":{"area":3505.91,"pct":8.64}},"id":"hex:2406:17433"},"type":"Feature"},{"geometry":{"coordinates":[[[-117.52858,34.11084],[-117.52926,34.11181],[-117.53062,34.11181],[-117.53129,34.11083],[-117.53061,34.10985],[-117.52925,34.10986],[-117.52858,34.11084]]],"type":"Polygon"},"properties":{"bbox":{"parking":{"area":20241.79,"pct":49.86},"roads":{"area":6148.3,"pct":15.15}},"city_same":1,"id":"hex:2406:17434"},"type":"Feature"},{"geometry":{"coordinates":[[[-117.52859,34.11279],[-117.52928,34.11376],[-117.53063,34.11376],[-117.5313,34.11278],[-117.53062,34.11181],[-117.52926,34.11181],[-117.52859,34.11279]]],"type":"Polygon"},"properties":{"bbox":{"parking":{"area":15079.36,"pct":37.15},"roads":{"area":6791.53,"pct":16.73},"sidewalks":{"area":58.8,"pct":0.14}},"city_same":1,"id":"hex:2406:17435"},"type":"Feature"},{"geometry":{"coordinates":[[[-117.5286,34.11474],[-117.52929,34.11572],[-117.53064,34.11571],[-117.53132,34.11473],[-117.53063,34.11376],[-117.52928,34.11376],[-117.5286,34.11474]]],"type":"Polygon"},"properties":{"bbox":{"parking":{"area":1222.41,"pct":3.01},"roads":{"area":6458.96,"pct":15.91},"sidewalks":{"area":756.64,"pct":1.86}},"city":{"parking":{"area":1222.41,"pct":3.01},"roads":{"area":3009.98,"pct":7.41},"sidewalks":{"area":756.64,"pct":1.86}},"id":"hex:2406:17436"},"type":"Feature"},{"geometry":{"coordinates":[[[-117.52862,34.1167],[-117.5293,34.11767],[-117.53066,34.11766],[-117.53133,34.11668],[-117.53064,34.11571],[-117.52929,34.11572],[-117.52862,34.1167]]],"type":"Polygon"},"properties":{"bbox":{"parking":{"area":974.72,"pct":2.4},"roads":{"area":3564.03,"pct":8.78},"sidewalks":{"area":375.63,"pct":0.93}},"city_same":1,"id":"hex:2406:17437"},"type":"Feature"},{"geometry":{"coordinates":[[[-117.52863,34.11865],[-117.52931,34.11962],[-117.53067,34.11962],[-117.53134,34.11864],[-117.53066,34.11766],[-117.5293,34.11767],[-117.52863,34.11865]]],"type":"Polygon"},"properties":{"bbox":{"parking":{"area":257.1,"pct":0.63},"roads":{"area":3794.26,"pct":9.35}},"city":{"parking":{"area":257.1,"pct":0.63},"roads":{"area":1418.99,"pct":3.5}},"id":"hex:2406:17438"},"type":"Feature"},{"geometry":{"coordinates":[[[-117.52864,34.1206],[-117.52932,34.12157],[-117.53068,34.12157],[-117.53135,34.12059],[-117.53067,34.11962],[-117.52931,34.11962],[-117.52864,34.1206]]],"type":"Polygon"},"properties":{"bbox":{"roads":{"area":9898.23,"pct":24.38},"sidewalks":{"area":394.37,"pct":0.97}},"city":{"roads":{"area":7134.05,"pct":17.57},"sidewalks":{"area":394.37,"pct":0.97}},"id":"hex:2406:17439"},"type":"Feature"},{"geometry":{"coordinates":[[[-117.52865,34.12255],[-117.52934,34.12353],[-117.53069,34.12352],[-117.53136,34.12254],[-117.53068,34.12157],[-117.52932,34.12157],[-117.52865,34.12255]]],"type":"Polygon"},"properties":{"bbox":{"roads":{"area":7288.12,"pct":17.95}},"city_same":1,"id":"hex:2406:17440"},"type":"Feature"},{"geometry":{"coordinates":[[[-117.52867,34.12451],[-117.52935,34.12548],[-117.5307,34.12547],[-117.53138,34.12449],[-117.53069,34.12352],[-117.52934,34.12353],[-117.52867,34.12451]]],"type":"Polygon"},"properties":{"bbox":{"roads":{"area":4353.01,"pct":10.72}},"city_same":1,"id":"hex:2406:17441"},"type":"Feature"},{"geometry":{"coordinates":[[[-117.52868,34.12646],[-117.52936,34.12743],[-117.53072,34.12743],[-117.53139,34.12645],[-117.5307,34.12547],[-117.52935,34.12548],[-117.52868,34.12646]]],"type":"Polygon"},"properties":{"bbox":{"roads":{"area":5664.01,"pct":13.95},"sidewalks":{"area":26.45,"pct":0.07}},"city_same":1,"id":"hex:2406:17442"},"type":"Feature"},{"geometry":{"coordinates":[[[-117.52869,34.12841],[-117.52937,34.12938],[-117.53073,34.12938],[-117.5314,34.1284],[-117.53072,34.12743],[-117.52936,34.12743],[-117.52869,34.12841]]],"type":"Polygon"},"properties":{"bbox":{"parking":{"area":1010.04,"pct":2.49},"roads":{"area":4914.04,"pct":12.11},"sidewalks":{"area":533.07,"pct":1.31}},"city_same":1,"id":"hex:2406:17443"},"type":"Feature"},{"geometry":{"coordinates":[[[-117.5287,34.13036],[-117.52939,34.13134],[-117.53074,34.13133],[-117.53141,34.13035],[-117.53073,34.12938],[-117.52937,34.12938],[-117.5287,34.13036]]],"type":"Polygon"},"properties":{"bbox":{"roads":{"area":1515.12,"pct":3.73},"sidewalks":{"area":39.06,"pct":0.1}},"city_same":1,"id":"hex:2406:17444"},"type":"Feature"},{"geometry":{"coordinates":[[[-117.52871,34.13232],[-117.5294,34.13329],[-117.53075,34.13328],[-117.53143,34.1323],[-117.53074,34.13133],[-117.52939,34.13134],[-117.52871,34.13232]]],"type":"Polygon"},"properties":{"bbox":{"roads":{"area":4376.56,"pct":10.78}},"city_same":1,"id":"hex:2406:17445"},"type":"Feature"},{"geometry":{"coordinates":[[[-117.52873,34.13427],[-117.52941,34.13524],[-117.53077,34.13524],[-117.53144,34.13426],[-117.53075,34.13328],[-117.5294,34.13329],[-117.52873,34.13427]]],"type":"Polygon"},"properties":{"bbox":{"roads":{"area":4503.45,"pct":11.09},"sidewalks":{"area":251.33,"pct":0.62}},"city_same":1,"id":"hex:2406:17446"},"type":"Feature"},{"geometry":{"coordinates":[[[-117.52874,34.13622],[-117.52942,34.13719],[-117.53078,34.13719],[-117.53145,34.13621],[-117.53077,34.13524],[-117.52941,34.13524],[-117.52874,34.13622]]],"type":"Polygon"},"properties":{"bbox":{"roads":{"area":8159.41,"pct":20.1}},"city":{"roads":{"area":1593.64,"pct":3.93}},"id":"hex:2406:17447"},"type":"Feature"},{"geometry":{"coordinates":[[[-117.52875,34.13817],[-117.52943,34.13915],[-117.53079,34.13914],[-117.53146,34.13816],[-117.53078,34.13719],[-117.52942,34.13719],[-117.52875,34.13817]]],"type":"Polygon"},"properties":{"bbox":{"roads":{"area":2360.34,"pct":5.81}},"city_same":1,"id":"hex:2406:17448"},"type":"Feature"},{"geometry":{"coordinates":[[[-117.52876,34.14013],[-117.52945,34.1411],[-117.5308,34.14109],[-117.53147,34.14011],[-117.53079,34.13914],[-117.52943,34.13915],[-117.52876,34.14013]]],"type":"Polygon"},"properties":{"bbox":{"roads":{"area":1558.64,"pct":3.84}},"city_same":1,"id":"hex:2406:17449"},"type":"Feature"},{"geometry":{"coordinates":[[[-117.52877,34.14208],[-117.52946,34.14305],[-117.53081,34.14305],[-117.53149,34.14207],[-117.5308,34.14109],[-117.52945,34.1411],[-117.52877,34.14208]]],"type":"Polygon"},"properties":{"bbox":{"roads":{"area":2605.15,"pct":6.42}},"city_same":1,"id":"hex:2406:17450"},"type":"Feature"},{"geometry":{"coordinates":[[[-117.52879,34.14403],[-117.52947,34.145],[-117.53083,34.145],[-117.5315,34.14402],[-117.53081,34.14305],[-117.52946,34.14305],[-117.52879,34.14403]]],"type":"Polygon"},"properties":{"bbox":{"roads":{"area":2254.71,"pct":5.55},"sidewalks":{"area":207.91,"pct":0.51}},"city_same":1,"id":"hex:2406:17451"},"type":"Feature"},{"geometry":{"coordinates":[[[-117.5288,34.14598],[-117.52948,34.14696],[-117.53084,34.14695],[-117.53151,34.14597],[-117.53083,34.145],[-117.52947,34.145],[-117.5288,34.14598]]],"type":"Polygon"},"properties":{"bbox":{"roads":{"area":2033.74,"pct":5.01}},"city_same":1,"id":"hex:2406:17452"},"type":"Feature"},{"geometry":{"coordinates":[[[-117.52881,34.14794],[-117.5295,34.14891],[-117.53085,34.1489],[-117.53152,34.14792],[-117.53084,34.14695],[-117.52948,34.14696],[-117.52881,34.14794]]],"type":"Polygon"},"properties":{"bbox":{"roads":{"area":1984.8,"pct":4.89}},"city_same":1,"id":"hex:2406:17453"},"type":"Feature"},{"geometry":{"coordinates":[[[-117.52882,34.14989],[-117.52951,34.15086],[-117.53086,34.15086],[-117.53154,34.14988],[-117.53085,34.1489],[-117.5295,34.14891],[-117.52882,34.14989]]],"type":"Polygon"},"properties":{"bbox":{"roads":{"area":4507.12,"pct":11.1},"sidewalks":{"area":542.44,"pct":1.34}},"city":{"roads":{"area":1397.24,"pct":3.44},"sidewalks":{"area":542.44,"pct":1.34}},"id":"hex:2406:17454"},"type":"Feature"},{"geometry":{"coordinates":[[[-117.52884,34.15184],[-117.52952,34.15281],[-117.53088,34.15281],[-117.53155,34.15183],[-117.53086,34.15086],[-117.52951,34.15086],[-117.52884,34.15184]]],"type":"Polygon"},"properties":{"bbox":{"roads":{"area":2910.36,"pct":7.17}},"city_same":1,"id":"hex:2406:17455"},"type":"Feature"},{"geometry":{"coordinates":[[[-117.52885,34.15379],[-117.52953,34.15477],[-117.53089,34.15476],[-117.53156,34.15378],[-117.53088,34.15281],[-117.52952,34.15281],[-117.52885,34.15379]]],"type":"Polygon"},"properties":{"bbox":{"roads":{"area":2487.37,"pct":6.13}},"city_same":1,"id":"hex:2406:17456"},"type":"Feature"},{"geometry":{"coordinates":[[[-117.52886,34.15575],[-117.52954,34.15672],[-117.5309,34.15671],[-117.53157,34.15573],[-117.53089,34.15476],[-117.52953,34.15477],[-117.52886,34.15575]]],"type":"Polygon"},"properties":{"bbox":{"roads":{"area":1228.33,"pct":3.03}},"city_same":1,"id":"hex:2406:17457"},"type":"Feature"},{"geometry":{"coordinates":[[[-117.52887,34.1577],[-117.52956,34.15867],[-117.53091,34.15867],[-117.53158,34.15769],[-117.5309,34.15671],[-117.52954,34.15672],[-117.52887,34.1577]]],"type":"Polygon"},"properties":{"bbox":{"roads":{"area":1438.84,"pct":3.54}},"city_same":1,"id":"hex:2406:17458"},"type":"Feature"},{"geometry":{"coordinates":[[[-117.52888,34.15965],[-117.52957,34.16062],[-117.53092,34.16062],[-117.5316,34.15964],[-117.53091,34.15867],[-117.52956,34.15867],[-117.52888,34.15965]]],"type":"Polygon"},"properties":{"bbox":{"roads":{"area":2781.52,"pct":6.85}},"city_same":1,"id":"hex:2406:17459"},"type":"Feature"},{"geometry":{"coordinates":[[[-117.5289,34.1616],[-117.52958,34.16258],[-117.53094,34.16257],[-117.53161,34.16159],[-117.53092,34.16062],[-117.52957,34.16062],[-117.5289,34.1616]]],"type":"Polygon"},"properties":{"bbox":{"roads":{"area":2612.03,"pct":6.43}},"city_same":1,"id":"hex:2406:17460"},"type":"Feature"},{"geometry":{"coordinates":[[[-117.52891,34.16356],[-117.52959,34.16453],[-117.53095,34.16452],[-117.53162,34.16354],[-117.53094,34.16257],[-117.52958,34.16258],[-117.52891,34.16356]]],"type":"Polygon"},"properties":{"bbox":{"roads":{"area":975.48,"pct":2.4}},"city_same":1,"id":"hex:2406:17461"},"type":"Feature"},{"geometry":{"coordinates":[[[-117.52837,34.07765],[-117.52702,34.07765],[-117.52671,34.0772],[-117.52867,34.07721],[-117.52837,34.07765]]],"type":"Polygon"},"properties":{"bbox":{"roads":{"area":970.71,"pct":12.95}},"city_same":1,"id":"hex:2407:17416"},"type":"Feature"},{"geometry":{"coordinates":[[[-117.52635,34.07863],[-117.52703,34.0796],[-117.52839,34.0796],[-117.52906,34.07862],[-117.52837,34.07765],[-117.52702,34.07765],[-117.52635,34.07863]]],"type":"Polygon"},"properties":{"bbox":{"roads":{"area":587.55,"pct":1.45}},"city_same":1,"id":"hex:2407:17417"},"type":"Feature"},{"geometry":{"coordinates":[[[-117.52636,34.08058],[-117.52704,34.08156],[-117.5284,34.08155],[-117.52907,34.08057],[-117.52839,34.0796],[-117.52703,34.0796],[-117.52636,34.08058]]],"type":"Polygon"},"properties":{"bbox":{"parking":{"area":6775.73,"pct":16.69},"roads":{"area":5048.69,"pct":12.44}},"city_same":1,"id":"hex:2407:17418"},"type":"Feature"},{"geometry":{"coordinates":[[[-117.52637,34.08254],[-117.52706,34.08351],[-117.52841,34.0835],[-117.52908,34.08252],[-117.5284,34.08155],[-117.52704,34.08156],[-117.52637,34.08254]]],"type":"Polygon"},"properties":{"bbox":{"parking":{"area":488.29,"pct":1.2},"roads":{"area":3941.61,"pct":9.71}},"city_same":1,"id":"hex:2407:17419"},"type":"Feature"},{"geometry":{"coordinates":[[[-117.52638,34.08449],[-117.52707,34.08546],[-117.52842,34.08546],[-117.52909,34.08448],[-117.52841,34.0835],[-117.52706,34.08351],[-117.52638,34.08449]]],"type":"Polygon"},"properties":{"bbox":{"roads":{"area":1505.38,"pct":3.71}},"city_same":1,"id":"hex:2407:17420"},"type":"Feature"},{"geometry":{"coordinates":[[[-117.5264,34.08644],[-117.52708,34.08741],[-117.52843,34.08741],[-117.52911,34.08643],[-117.52842,34.08546],[-117.52707,34.08546],[-117.5264,34.08644]]],"type":"Polygon"},"properties":{"bbox":{"roads":{"area":3069.23,"pct":7.56},"sidewalks":{"area":579.51,"pct":1.43}},"city_same":1,"id":"hex:2407:17421"},"type":"Feature"},{"geometry":{"coordinates":[[[-117.52641,34.08839],[-117.52709,34.08937],[-117.52845,34.08936],[-117.52912,34.08838],[-117.52843,34.08741],[-117.52708,34.08741],[-117.52641,34.08839]]],"type":"Polygon"},"properties":{"bbox":{"roads":{"area":174.78,"pct":0.43}},"city_same":1,"id":"hex:2407:17422"},"type":"Feature"},{"geometry":{"coordinates":[[[-117.52642,34.09035],[-117.5271,34.09132],[-117.52846,34.09131],[-117.52913,34.09033],[-117.52845,34.08936],[-117.52709,34.08937],[-117.52642,34.09035]]],"type":"Polygon"},"properties":{"bbox":{"roads":{"area":896.13,"pct":2.21}},"city_same":1,"id":"hex:2407:17423"},"type":"Feature"},{"geometry":{"coordinates":[[[-117.52643,34.0923],[-117.52712,34.09327],[-117.52847,34.09327],[-117.52914,34.09229],[-117.52846,34.09131],[-117.5271,34.09132],[-117.52643,34.0923]]],"type":"Polygon"},"properties":{"bbox":{"roads":{"area":1016.6,"pct":2.5}},"city_same":1,"id":"hex:2407:17424"},"type":"Feature"},{"geometry":{"coordinates":[[[-117.52713,34.09522],[-117.52644,34.09425],[-117.52712,34.09327],[-117.52847,34.09327],[-117.52915,34.09424],[-117.52848,34.09522],[-117.52818,34.09522],[-117.52818,34.09418],[-117.52763,34.09418],[-117.52762,34.09522],[-117.52713,34.09522]]],"type":"Polygon"},"properties":{"bbox":{"roads":{"area":1178.85,"pct":3.4}},"city_same":1,"id":"hex:2407:17425"},"type":"Feature"},{"geometry":{"coordinates":[[[-117.52848,34.09522],[-117.52917,34.09619],[-117.5285,34.09717],[-117.52714,34.09718],[-117.52646,34.0962],[-117.52713,34.09522],[-117.52762,34.09522],[-117.52762,34.09662],[-117.52817,34.09661],[-117.52818,34.09522],[-117.52848,34.09522]]],"type":"Polygon"},"properties":{"bbox":{"roads":{"area":1288.24,"pct":3.93}},"city_same":1,"id":"hex:2407:17426"},"type":"Feature"},{"geometry":{"coordinates":[[[-117.52647,34.09816],[-117.52715,34.09913],[-117.52851,34.09912],[-117.52918,34.09814],[-117.5285,34.09717],[-117.52714,34.09718],[-117.52647,34.09816]]],"type":"Polygon"},"properties":{"bbox":{"roads":{"area":4411.95,"pct":10.87},"sidewalks":{"area":228.69,"pct":0.56}},"city":{"roads":{"area":1931.02,"pct":4.76},"sidewalks":{"area":228.69,"pct":0.56}},"id":"hex:2407:17427"},"type":"Feature"},{"geometry":{"coordinates":[[[[-117.52648,34.10011],[-117.52662,34.0999],[-117.52909,34.09996],[-117.52919,34.1001],[-117.52882,34.10063],[-117.52745,34.10062],[-117.52737,34.10064],[-117.52733,34.10067],[-117.52731,34.10071],[-117.52731,34.1009],[-117.52716,34.1009],[-117.52716,34.10073],[-117.52715,34.10067],[-117.5271,34.10063],[-117.52703,34.10062],[-117.52684,34.10062],[-117.52648,34.10011]]],[[[-117.52715,34.09913],[-117.52851,34.09912],[-117.52869,34.09938],[-117.52698,34.09938],[-117.52715,34.09913]]]],"type":"MultiPolygon"},"properties":{"bbox":{"roads":{"area":1823.29,"pct":8.48},"sidewalks":{"area":194.09,"pct":0.9}},"city":{"roads":{"area":1819.55,"pct":8.46},"sidewalks":{"area":194.09,"pct":0.9}},"id":"hex:2407:17428"},"type":"Feature"},{"geometry":{"coordinates":[[[-117.52922,34.104],[-117.52854,34.10498],[-117.52719,34.10499],[-117.5265,34.10401],[-117.52705,34.10322],[-117.52867,34.10323],[-117.52922,34.104]]],"type":"Polygon"},"properties":{"bbox":{"roads":{"area":2643.4,"pct":7.02}},"city_same":1,"id":"hex:2407:17430"},"type":"Feature"},{"geometry":{"coordinates":[[[-117.52652,34.10597],[-117.5272,34.10694],[-117.52856,34.10693],[-117.52923,34.10595],[-117.52854,34.10498],[-117.52719,34.10499],[-117.52652,34.10597]]],"type":"Polygon"},"properties":{"bbox":{"parking":{"area":100.48,"pct":0.25},"roads":{"area":11789.05,"pct":29.04},"sidewalks":{"area":738.59,"pct":1.82}},"city":{"parking":{"area":100.48,"pct":0.25},"roads":{"area":6627.17,"pct":16.33},"sidewalks":{"area":738.59,"pct":1.82}},"id":"hex:2407:17431"},"type":"Feature"},{"geometry":{"coordinates":[[[-117.52653,34.10792],[-117.52721,34.10889],[-117.52857,34.10889],[-117.52924,34.10791],[-117.52856,34.10693],[-117.5272,34.10694],[-117.52653,34.10792]]],"type":"Polygon"},"properties":{"bbox":{"parking":{"area":9354.91,"pct":23.04},"roads":{"area":4403.77,"pct":10.85},"sidewalks":{"area":773.38,"pct":1.91}},"city_same":1,"id":"hex:2407:17432"},"type":"Feature"},{"geometry":{"coordinates":[[[-117.52654,34.10987],[-117.52722,34.11084],[-117.52858,34.11084],[-117.52925,34.10986],[-117.52857,34.10889],[-117.52721,34.10889],[-117.52654,34.10987]]],"type":"Polygon"},"properties":{"bbox":{"parking":{"area":1906.29,"pct":4.7},"roads":{"area":11191.82,"pct":27.57}},"city":{"parking":{"area":1906.29,"pct":4.7},"roads":{"area":1581.07,"pct":3.89}},"id":"hex:2407:17433"},"type":"Feature"},{"geometry":{"coordinates":[[[-117.52724,34.1128],[-117.52655,34.11182],[-117.52722,34.11084],[-117.52858,34.11084],[-117.52926,34.11181],[-117.52859,34.11279],[-117.52778,34.11279],[-117.52777,34.11279],[-117.52778,34.11276],[-117.52779,34.11276],[-117.52781,34.11274],[-117.52784,34.11272],[-117.52784,34.1127],[-117.52784,34.11269],[-117.52785,34.11269],[-117.52787,34.11269],[-117.52787,34.11268],[-117.52786,34.11265],[-117.52784,34.11265],[-117.52785,34.11264],[-117.52784,34.11264],[-117.52783,34.11264],[-117.52782,34.11265],[-117.52783,34.11267],[-117.52783,34.11269],[-117.5278,34.11272],[-117.52779,34.11272],[-117.52777,34.11273],[-117.52776,34.11273],[-117.52775,34.11273],[-117.52773,34.11273],[-117.52772,34.11274],[-117.5277,34.11274],[-117.52769,34.11273],[-117.52767,34.11273],[-117.52766,34.11273],[-117.52766,34.11274],[-117.52766,34.11275],[-117.52766,34.11278],[-117.52766,34.11279],[-117.52724,34.1128]]],"type":"Polygon"},"properties":{"bbox":{"parking":{"area":20107.3,"pct":49.67},"roads":{"area":9866.73,"pct":24.37},"sidewalks":{"area":403.72,"pct":1}},"city":{"parking":{"area":20107.3,"pct":49.67},"roads":{"area":6191.15,"pct":15.29},"sidewalks":{"area":403.72,"pct":1}},"id":"hex:2407:17434"},"type":"Feature"},{"geometry":{"coordinates":[[[-117.52859,34.11279],[-117.52928,34.11376],[-117.5286,34.11474],[-117.52725,34.11475],[-117.52657,34.11378],[-117.52724,34.1128],[-117.52766,34.11279],[-117.52766,34.11281],[-117.52767,34.11281],[-117.5277,34.11281],[-117.52771,34.11282],[-117.52771,34.11284],[-117.52773,34.11286],[-117.52775,34.11285],[-117.52776,34.11284],[-117.52776,34.11282],[-117.52778,34.1128],[-117.52778,34.11279],[-117.52859,34.11279]]],"type":"Polygon"},"properties":{"bbox":{"parking":{"area":10888.96,"pct":26.85},"roads":{"area":11925.67,"pct":29.41},"sidewalks":{"area":1098.07,"pct":2.71}},"city":{"parking":{"area":10888.96,"pct":26.85},"roads":{"area":3361.6,"pct":8.29},"sidewalks":{"area":1098.07,"pct":2.71}},"id":"hex:2407:17435"},"type":"Feature"},{"geometry":{"coordinates":[[[-117.52658,34.11573],[-117.52726,34.1167],[-117.52862,34.1167],[-117.52929,34.11572],[-117.5286,34.11474],[-117.52725,34.11475],[-117.52658,34.11573]]],"type":"Polygon"},"properties":{"bbox":{"roads":{"area":6971.57,"pct":17.17},"sidewalks":{"area":564.39,"pct":1.39}},"city":{"roads":{"area":2915.57,"pct":7.18},"sidewalks":{"area":564.39,"pct":1.39}},"id":"hex:2407:17436"},"type":"Feature"},{"geometry":{"coordinates":[[[-117.52659,34.11768],[-117.52727,34.11865],[-117.52863,34.11865],[-117.5293,34.11767],[-117.52862,34.1167],[-117.52726,34.1167],[-117.52659,34.11768]]],"type":"Polygon"},"properties":{"bbox":{"roads":{"area":5373.67,"pct":13.24}},"city":{"roads":{"area":2450.92,"pct":6.04}},"id":"hex:2407:17437"},"type":"Feature"},{"geometry":{"coordinates":[[[-117.5266,34.11963],[-117.52729,34.12061],[-117.52864,34.1206],[-117.52931,34.11962],[-117.52863,34.11865],[-117.52727,34.11865],[-117.5266,34.11963]]],"type":"Polygon"},"properties":{"bbox":{"roads":{"area":3170.92,"pct":7.81}},"city":{"roads":{"area":3170.2,"pct":7.81}},"id":"hex:2407:17438"},"type":"Feature"},{"geometry":{"coordinates":[[[-117.52661,34.12159],[-117.5273,34.12256],[-117.52865,34.12255],[-117.52932,34.12157],[-117.52864,34.1206],[-117.52729,34.12061],[-117.52661,34.12159]]],"type":"Polygon"},"properties":{"bbox":{"roads":{"area":5766.37,"pct":14.2},"sidewalks":{"area":410.56,"pct":1.01}},"city_same":1,"id":"hex:2407:17439"},"type":"Feature"},{"geometry":{"coordinates":[[[-117.52663,34.12354],[-117.52731,34.12451],[-117.52867,34.12451],[-117.52934,34.12353],[-117.52865,34.12255],[-117.5273,34.12256],[-117.52663,34.12354]]],"type":"Polygon"},"properties":{"bbox":{"roads":{"area":3180.07,"pct":7.83},"sidewalks":{"area":27.6,"pct":0.07}},"city_same":1,"id":"hex:2407:17440"},"type":"Feature"},{"geometry":{"coordinates":[[[-117.52664,34.12549],[-117.52732,34.12646],[-117.52868,34.12646],[-117.52935,34.12548],[-117.52867,34.12451],[-117.52731,34.12451],[-117.52664,34.12549]]],"type":"Polygon"},"properties":{"bbox":{"roads":{"area":1997.22,"pct":4.92}},"city_same":1,"id":"hex:2407:17441"},"type":"Feature"},{"geometry":{"coordinates":[[[-117.52665,34.12744],[-117.52733,34.12842],[-117.52869,34.12841],[-117.52936,34.12743],[-117.52868,34.12646],[-117.52732,34.12646],[-117.52665,34.12744]]],"type":"Polygon"},"properties":{"bbox":{"roads":{"area":2377.49,"pct":5.86},"sidewalks":{"area":10.26,"pct":0.03}},"city_same":1,"id":"hex:2407:17442"},"type":"Feature"},{"geometry":{"coordinates":[[[-117.52666,34.1294],[-117.52735,34.13037],[-117.5287,34.13036],[-117.52937,34.12938],[-117.52869,34.12841],[-117.52733,34.12842],[-117.52666,34.1294]]],"type":"Polygon"},"properties":{"bbox":{"parking":{"area":1255.29,"pct":3.09},"roads":{"area":2693.76,"pct":6.64},"sidewalks":{"area":582.48,"pct":1.43}},"city_same":1,"id":"hex:2407:17443"},"type":"Feature"},{"geometry":{"coordinates":[[[-117.52667,34.13135],[-117.52736,34.13232],[-117.52871,34.13232],[-117.52939,34.13134],[-117.5287,34.13036],[-117.52735,34.13037],[-117.52667,34.13135]]],"type":"Polygon"},"properties":{"bbox":{"roads":{"area":4046.77,"pct":9.97},"sidewalks":{"area":209.55,"pct":0.52}},"city_same":1,"id":"hex:2407:17444"},"type":"Feature"},{"geometry":{"coordinates":[[[-117.52669,34.1333],[-117.52737,34.13427],[-117.52873,34.13427],[-117.5294,34.13329],[-117.52871,34.13232],[-117.52736,34.13232],[-117.52669,34.1333]]],"type":"Polygon"},"properties":{"bbox":{"roads":{"area":4192.64,"pct":10.33}},"city_same":1,"id":"hex:2407:17445"},"type":"Feature"},{"geometry":{"coordinates":[[[-117.5267,34.13525],[-117.52738,34.13623],[-117.52874,34.13622],[-117.52941,34.13524],[-117.52873,34.13427],[-117.52737,34.13427],[-117.5267,34.13525]]],"type":"Polygon"},"properties":{"bbox":{"roads":{"area":4566.69,"pct":11.25}},"city":{"roads":{"area":4316.44,"pct":10.63}},"id":"hex:2407:17446"},"type":"Feature"},{"geometry":{"coordinates":[[[-117.52671,34.13721],[-117.52739,34.13818],[-117.52875,34.13817],[-117.52942,34.13719],[-117.52874,34.13622],[-117.52738,34.13623],[-117.52671,34.13721]]],"type":"Polygon"},"properties":{"bbox":{"roads":{"area":6031.17,"pct":14.86}},"city":{"roads":{"area":1823.84,"pct":4.49}},"id":"hex:2407:17447"},"type":"Feature"},{"geometry":{"coordinates":[[[-117.52672,34.13916],[-117.52741,34.14013],[-117.52876,34.14013],[-117.52943,34.13915],[-117.52875,34.13817],[-117.52739,34.13818],[-117.52672,34.13916]]],"type":"Polygon"},"properties":{"bbox":{"roads":{"area":2161.69,"pct":5.33}},"city_same":1,"id":"hex:2407:17448"},"type":"Feature"},{"geometry":{"coordinates":[[[-117.52673,34.14111],[-117.52742,34.14208],[-117.52877,34.14208],[-117.52945,34.1411],[-117.52876,34.14013],[-117.52741,34.14013],[-117.52673,34.14111]]],"type":"Polygon"},"properties":{"bbox":{"roads":{"area":1978.76,"pct":4.87}},"city_same":1,"id":"hex:2407:17449"},"type":"Feature"},{"geometry":{"coordinates":[[[-117.52675,34.14306],[-117.52743,34.14404],[-117.52879,34.14403],[-117.52946,34.14305],[-117.52877,34.14208],[-117.52742,34.14208],[-117.52675,34.14306]]],"type":"Polygon"},"properties":{"bbox":{"roads":{"area":2484.61,"pct":6.12},"sidewalks":{"area":52.55,"pct":0.13}},"city_same":1,"id":"hex:2407:17450"},"type":"Feature"},{"geometry":{"coordinates":[[[-117.52676,34.14502],[-117.52744,34.14599],[-117.5288,34.14598],[-117.52947,34.145],[-117.52879,34.14403],[-117.52743,34.14404],[-117.52676,34.14502]]],"type":"Polygon"},"properties":{"bbox":{"roads":{"area":1226.72,"pct":3.02}},"city_same":1,"id":"hex:2407:17451"},"type":"Feature"},{"geometry":{"coordinates":[[[-117.52677,34.14697],[-117.52746,34.14794],[-117.52881,34.14794],[-117.52948,34.14696],[-117.5288,34.14598],[-117.52744,34.14599],[-117.52677,34.14697]]],"type":"Polygon"},"properties":{"bbox":{"roads":{"area":2570.62,"pct":6.33}},"city_same":1,"id":"hex:2407:17452"},"type":"Feature"},{"geometry":{"coordinates":[[[-117.52678,34.14892],[-117.52747,34.14989],[-117.52882,34.14989],[-117.5295,34.14891],[-117.52881,34.14794],[-117.52746,34.14794],[-117.52678,34.14892]]],"type":"Polygon"},"properties":{"bbox":{"roads":{"area":2524.34,"pct":6.22}},"city_same":1,"id":"hex:2407:17453"},"type":"Feature"},{"geometry":{"coordinates":[[[-117.5268,34.15087],[-117.52748,34.15185],[-117.52884,34.15184],[-117.52951,34.15086],[-117.52882,34.14989],[-117.52747,34.14989],[-117.5268,34.15087]]],"type":"Polygon"},"properties":{"bbox":{"roads":{"area":4929.34,"pct":12.14},"sidewalks":{"area":493.55,"pct":1.22}},"city":{"roads":{"area":1984.97,"pct":4.89},"sidewalks":{"area":493.55,"pct":1.22}},"id":"hex:2407:17454"},"type":"Feature"},{"geometry":{"coordinates":[[[-117.52681,34.15283],[-117.52749,34.1538],[-117.52885,34.15379],[-117.52952,34.15281],[-117.52884,34.15184],[-117.52748,34.15185],[-117.52681,34.15283]]],"type":"Polygon"},"properties":{"bbox":{"roads":{"area":3031.9,"pct":7.47}},"city_same":1,"id":"hex:2407:17455"},"type":"Feature"},{"geometry":{"coordinates":[[[-117.52682,34.15478],[-117.5275,34.15575],[-117.52886,34.15575],[-117.52953,34.15477],[-117.52885,34.15379],[-117.52749,34.1538],[-117.52682,34.15478]]],"type":"Polygon"},"properties":{"bbox":{"roads":{"area":3121.38,"pct":7.69}},"city_same":1,"id":"hex:2407:17456"},"type":"Feature"},{"geometry":{"coordinates":[[[-117.52683,34.15673],[-117.52752,34.1577],[-117.52887,34.1577],[-117.52954,34.15672],[-117.52886,34.15575],[-117.5275,34.15575],[-117.52683,34.15673]]],"type":"Polygon"},"properties":{"bbox":{"roads":{"area":1693.75,"pct":4.17}},"city_same":1,"id":"hex:2407:17457"},"type":"Feature"},{"geometry":{"coordinates":[[[-117.52752,34.1577],[-117.52887,34.1577],[-117.52956,34.15867],[-117.52888,34.15965],[-117.52753,34.15966],[-117.52693,34.15881],[-117.52723,34.15873],[-117.5271,34.15863],[-117.52689,34.15861],[-117.52752,34.1577]]],"type":"Polygon"},"properties":{"bbox":{"roads":{"area":3329.62,"pct":8.3}},"city_same":1,"id":"hex:2407:17458"},"type":"Feature"},{"geometry":{"coordinates":[[[-117.52686,34.16064],[-117.52754,34.16161],[-117.5289,34.1616],[-117.52957,34.16062],[-117.52888,34.15965],[-117.52753,34.15966],[-117.52686,34.16064]]],"type":"Polygon"},"properties":{"bbox":{"roads":{"area":3001.55,"pct":7.39}},"city_same":1,"id":"hex:2407:17459"},"type":"Feature"},{"geometry":{"coordinates":[[[-117.52687,34.16259],[-117.52755,34.16356],[-117.52891,34.16356],[-117.52958,34.16258],[-117.5289,34.1616],[-117.52754,34.16161],[-117.52687,34.16259]]],"type":"Polygon"},"properties":{"bbox":{"roads":{"area":2803.55,"pct":6.91}},"city_same":1,"id":"hex:2407:17460"},"type":"Feature"},{"geometry":{"coordinates":[[[-117.52688,34.16454],[-117.52756,34.16551],[-117.52892,34.16551],[-117.52959,34.16453],[-117.52891,34.16356],[-117.52755,34.16356],[-117.52688,34.16454]]],"type":"Polygon"},"properties":{"bbox":{"roads":{"area":598.14,"pct":1.47}},"city_same":1,"id":"hex:2407:17461"},"type":"Feature"},{"geometry":{"coordinates":[[[-117.52702,34.07765],[-117.52635,34.07863],[-117.52499,34.07864],[-117.52431,34.07766],[-117.52463,34.0772],[-117.52671,34.0772],[-117.52702,34.07765]]],"type":"Polygon"},"properties":{"bbox":{"roads":{"area":689.65,"pct":2.19}},"city_same":1,"id":"hex:2408:17417"},"type":"Feature"},{"geometry":{"coordinates":[[[-117.52433,34.08157],[-117.52502,34.08254],[-117.52637,34.08254],[-117.52704,34.08156],[-117.52636,34.08058],[-117.52501,34.08059],[-117.52433,34.08157]]],"type":"Polygon"},"properties":{"bbox":{"parking":{"area":413.02,"pct":1.02},"roads":{"area":2760.66,"pct":6.8}},"city_same":1,"id":"hex:2408:17419"},"type":"Feature"},{"geometry":{"coordinates":[[[-117.52502,34.08254],[-117.52637,34.08254],[-117.52706,34.08351],[-117.52638,34.08449],[-117.52503,34.08449],[-117.52435,34.08352],[-117.52502,34.08254]],[[-117.52572,34.08361],[-117.52576,34.0836],[-117.52579,34.08359],[-117.52582,34.08357],[-117.52584,34.08355],[-117.52585,34.08353],[-117.52586,34.08349],[-117.52586,34.0832],[-117.52585,34.08317],[-117.52583,34.08314],[-117.52581,34.08311],[-117.52578,34.0831],[-117.52574,34.08309],[-117.52482,34.08308],[-117.52477,34.08309],[-117.52473,34.0831],[-117.52469,34.08311],[-117.52466,34.08314],[-117.52465,34.08317],[-117.52465,34.08337],[-117.52465,34.08339],[-117.52466,34.08342],[-117.52467,34.08344],[-117.52469,34.08347],[-117.52471,34.08348],[-117.52474,34.08349],[-117.52478,34.0835],[-117.52484,34.0835],[-117.52488,34.08351],[-117.52521,34.0836],[-117.52525,34.0836],[-117.52529,34.08361],[-117.52572,34.08361]]],"type":"Polygon"},"properties":{"bbox":{"roads":{"area":2392.54,"pct":6.89}},"city_same":1,"id":"hex:2408:17420"},"type":"Feature"},{"geometry":{"coordinates":[[[-117.52436,34.08547],[-117.52504,34.08645],[-117.5264,34.08644],[-117.52707,34.08546],[-117.52638,34.08449],[-117.52503,34.08449],[-117.52436,34.08547]]],"type":"Polygon"},"properties":{"bbox":{"roads":{"area":3309.89,"pct":8.15},"sidewalks":{"area":239.1,"pct":0.59}},"city_same":1,"id":"hex:2408:17421"},"type":"Feature"},{"geometry":{"coordinates":[[[-117.52438,34.08938],[-117.52507,34.09035],[-117.52642,34.09035],[-117.52709,34.08937],[-117.52641,34.08839],[-117.52505,34.0884],[-117.52438,34.08938]]],"type":"Polygon"},"properties":{"bbox":{"roads":{"area":1037.04,"pct":2.55}},"city_same":1,"id":"hex:2408:17423"},"type":"Feature"},{"geometry":{"coordinates":[[[-117.52507,34.09035],[-117.52642,34.09035],[-117.5271,34.09132],[-117.52643,34.0923],[-117.52539,34.0923],[-117.52539,34.09124],[-117.52446,34.09124],[-117.52507,34.09035]]],"type":"Polygon"},"properties":{"bbox":{"roads":{"area":925.42,"pct":2.79}},"city_same":1,"id":"hex:2408:17424"},"type":"Feature"},{"geometry":{"coordinates":[[[-117.52643,34.0923],[-117.52712,34.09327],[-117.52644,34.09425],[-117.52509,34.09426],[-117.52441,34.09328],[-117.52488,34.09259],[-117.52539,34.09259],[-117.52539,34.0923],[-117.52643,34.0923]]],"type":"Polygon"},"properties":{"bbox":{"roads":{"area":1859.34,"pct":4.72}},"city_same":1,"id":"hex:2408:17425"},"type":"Feature"},{"geometry":{"coordinates":[[[-117.52442,34.09524],[-117.5251,34.09621],[-117.52646,34.0962],[-117.52713,34.09522],[-117.52644,34.09425],[-117.52509,34.09426],[-117.52442,34.09524]]],"type":"Polygon"},"properties":{"bbox":{"roads":{"area":484.45,"pct":1.19}},"city_same":1,"id":"hex:2408:17426"},"type":"Feature"},{"geometry":{"coordinates":[[[[-117.52444,34.09914],[-117.52511,34.09816],[-117.52647,34.09816],[-117.52715,34.09913],[-117.52698,34.09938],[-117.52461,34.09937],[-117.52444,34.09914]]],[[[-117.52648,34.10011],[-117.52513,34.10011],[-117.52495,34.09986],[-117.52662,34.0999],[-117.52648,34.10011]]]],"type":"MultiPolygon"},"properties":{"bbox":{"roads":{"area":5660.91,"pct":18.83},"sidewalks":{"area":705.7,"pct":2.35}},"city":{"roads":{"area":1341.53,"pct":4.46},"sidewalks":{"area":705.7,"pct":2.35}},"id":"hex:2408:17428"},"type":"Feature"},{"geometry":{"coordinates":[[[-117.52445,34.10109],[-117.52513,34.10011],[-117.52648,34.10011],[-117.52684,34.10062],[-117.52512,34.10063],[-117.52502,34.10067],[-117.52498,34.10074],[-117.52497,34.10083],[-117.52496,34.10182],[-117.52445,34.10109]]],"type":"Polygon"},"properties":{"bbox":{"roads":{"area":1054.86,"pct":8.35}},"city_same":1,"id":"hex:2408:17429"},"type":"Feature"},{"geometry":{"coordinates":[[[-117.5265,34.10401],[-117.52515,34.10402],[-117.52447,34.10305],[-117.52496,34.10232],[-117.52495,34.10307],[-117.52497,34.10314],[-117.52501,34.10318],[-117.52509,34.10321],[-117.52705,34.10322],[-117.5265,34.10401]]],"type":"Polygon"},"properties":{"bbox":{"roads":{"area":1197.01,"pct":6.57}},"city_same":1,"id":"hex:2408:17430"},"type":"Feature"},{"geometry":{"coordinates":[[[-117.52448,34.105],[-117.52516,34.10597],[-117.52652,34.10597],[-117.52719,34.10499],[-117.5265,34.10401],[-117.52515,34.10402],[-117.52448,34.105]]],"type":"Polygon"},"properties":{"bbox":{"roads":{"area":5751.08,"pct":14.17}},"city_same":1,"id":"hex:2408:17431"},"type":"Feature"},{"geometry":{"coordinates":[[[-117.52449,34.10695],[-117.52517,34.10792],[-117.52653,34.10792],[-117.5272,34.10694],[-117.52652,34.10597],[-117.52516,34.10597],[-117.52449,34.10695]]],"type":"Polygon"},"properties":{"bbox":{"parking":{"area":885.03,"pct":2.18},"roads":{"area":6404.29,"pct":15.78},"sidewalks":{"area":503.87,"pct":1.24}},"city":{"parking":{"area":885.03,"pct":2.18},"roads":{"area":3050.47,"pct":7.51},"sidewalks":{"area":503.87,"pct":1.24}},"id":"hex:2408:17432"},"type":"Feature"},{"geometry":{"coordinates":[[[-117.5245,34.1089],[-117.52519,34.10988],[-117.52654,34.10987],[-117.52721,34.10889],[-117.52653,34.10792],[-117.52517,34.10792],[-117.5245,34.1089]]],"type":"Polygon"},"properties":{"bbox":{"roads":{"area":3378.99,"pct":8.32}},"city_same":1,"id":"hex:2408:17433"},"type":"Feature"},{"geometry":{"coordinates":[[[-117.52451,34.11086],[-117.5252,34.11183],[-117.52655,34.11182],[-117.52722,34.11084],[-117.52654,34.10987],[-117.52519,34.10988],[-117.52451,34.11086]]],"type":"Polygon"},"properties":{"bbox":{"parking":{"area":158.18,"pct":0.39},"roads":{"area":7757.82,"pct":19.11}},"city":{"parking":{"area":158.18,"pct":0.39},"roads":{"area":1356.27,"pct":3.34}},"id":"hex:2408:17434"},"type":"Feature"},{"geometry":{"coordinates":[[[-117.52453,34.11281],[-117.52521,34.11378],[-117.52657,34.11378],[-117.52724,34.1128],[-117.52655,34.11182],[-117.5252,34.11183],[-117.52453,34.11281]]],"type":"Polygon"},"properties":{"bbox":{"parking":{"area":14232.91,"pct":35.06},"roads":{"area":7941.95,"pct":19.56},"sidewalks":{"area":286.45,"pct":0.71}},"city":{"parking":{"area":14232.91,"pct":35.06},"roads":{"area":3589.34,"pct":8.84},"sidewalks":{"area":286.45,"pct":0.71}},"id":"hex:2408:17435"},"type":"Feature"},{"geometry":{"coordinates":[[[-117.52454,34.11476],[-117.52522,34.11573],[-117.52658,34.11573],[-117.52725,34.11475],[-117.52657,34.11378],[-117.52521,34.11378],[-117.52454,34.11476]]],"type":"Polygon"},"properties":{"bbox":{"roads":{"area":4605.75,"pct":11.35},"sidewalks":{"area":163.75,"pct":0.4}},"city":{"roads":{"area":3421.32,"pct":8.43},"sidewalks":{"area":163.75,"pct":0.4}},"id":"hex:2408:17436"},"type":"Feature"},{"geometry":{"coordinates":[[[-117.52455,34.11671],[-117.52523,34.11769],[-117.52659,34.11768],[-117.52726,34.1167],[-117.52658,34.11573],[-117.52522,34.11573],[-117.52455,34.11671]]],"type":"Polygon"},"properties":{"bbox":{"roads":{"area":4139.47,"pct":10.2}},"city_same":1,"id":"hex:2408:17437"},"type":"Feature"},{"geometry":{"coordinates":[[[-117.52456,34.11867],[-117.52525,34.11964],[-117.5266,34.11963],[-117.52727,34.11865],[-117.52659,34.11768],[-117.52523,34.11769],[-117.52456,34.11867]]],"type":"Polygon"},"properties":{"bbox":{"roads":{"area":1904.62,"pct":4.69}},"city_same":1,"id":"hex:2408:17438"},"type":"Feature"},{"geometry":{"coordinates":[[[-117.52457,34.12062],[-117.52526,34.12159],[-117.52661,34.12159],[-117.52729,34.12061],[-117.5266,34.11963],[-117.52525,34.11964],[-117.52457,34.12062]]],"type":"Polygon"},"properties":{"bbox":{"roads":{"area":6510.78,"pct":16.04},"sidewalks":{"area":643.45,"pct":1.59}},"city_same":1,"id":"hex:2408:17439"},"type":"Feature"},{"geometry":{"coordinates":[[[-117.52459,34.12257],[-117.52527,34.12354],[-117.52663,34.12354],[-117.5273,34.12256],[-117.52661,34.12159],[-117.52526,34.12159],[-117.52459,34.12257]]],"type":"Polygon"},"properties":{"bbox":{"roads":{"area":3489.42,"pct":8.6}},"city_same":1,"id":"hex:2408:17440"},"type":"Feature"},{"geometry":{"coordinates":[[[-117.5246,34.12452],[-117.52528,34.1255],[-117.52664,34.12549],[-117.52731,34.12451],[-117.52663,34.12354],[-117.52527,34.12354],[-117.5246,34.12452]]],"type":"Polygon"},"properties":{"bbox":{"roads":{"area":1972.77,"pct":4.86}},"city_same":1,"id":"hex:2408:17441"},"type":"Feature"},{"geometry":{"coordinates":[[[-117.52461,34.12648],[-117.52529,34.12745],[-117.52665,34.12744],[-117.52732,34.12646],[-117.52664,34.12549],[-117.52528,34.1255],[-117.52461,34.12648]]],"type":"Polygon"},"properties":{"bbox":{"roads":{"area":3122.3,"pct":7.69}},"city_same":1,"id":"hex:2408:17442"},"type":"Feature"},{"geometry":{"coordinates":[[[-117.52462,34.12843],[-117.52531,34.1294],[-117.52666,34.1294],[-117.52733,34.12842],[-117.52665,34.12744],[-117.52529,34.12745],[-117.52462,34.12843]]],"type":"Polygon"},"properties":{"bbox":{"roads":{"area":2536.46,"pct":6.25},"sidewalks":{"area":137.2,"pct":0.34}},"city_same":1,"id":"hex:2408:17443"},"type":"Feature"},{"geometry":{"coordinates":[[[-117.52463,34.13038],[-117.52532,34.13135],[-117.52667,34.13135],[-117.52735,34.13037],[-117.52666,34.1294],[-117.52531,34.1294],[-117.52463,34.13038]]],"type":"Polygon"},"properties":{"bbox":{"roads":{"area":1170.24,"pct":2.88}},"city_same":1,"id":"hex:2408:17444"},"type":"Feature"},{"geometry":{"coordinates":[[[-117.52465,34.13233],[-117.52533,34.13331],[-117.52669,34.1333],[-117.52736,34.13232],[-117.52667,34.13135],[-117.52532,34.13135],[-117.52465,34.13233]]],"type":"Polygon"},"properties":{"bbox":{"roads":{"area":4264.69,"pct":10.51}},"city_same":1,"id":"hex:2408:17445"},"type":"Feature"},{"geometry":{"coordinates":[[[-117.52466,34.13429],[-117.52534,34.13526],[-117.5267,34.13525],[-117.52737,34.13427],[-117.52669,34.1333],[-117.52533,34.13331],[-117.52466,34.13429]]],"type":"Polygon"},"properties":{"bbox":{"roads":{"area":2783.07,"pct":6.86}},"city_same":1,"id":"hex:2408:17446"},"type":"Feature"},{"geometry":{"coordinates":[[[-117.52467,34.13624],[-117.52535,34.13721],[-117.52671,34.13721],[-117.52738,34.13623],[-117.5267,34.13525],[-117.52534,34.13526],[-117.52467,34.13624]]],"type":"Polygon"},"properties":{"bbox":{"roads":{"area":8296.39,"pct":20.44}},"city":{"roads":{"area":1592.34,"pct":3.92}},"id":"hex:2408:17447"},"type":"Feature"},{"geometry":{"coordinates":[[[-117.52468,34.13819],[-117.52537,34.13916],[-117.52672,34.13916],[-117.52739,34.13818],[-117.52671,34.13721],[-117.52535,34.13721],[-117.52468,34.13819]]],"type":"Polygon"},"properties":{"bbox":{"roads":{"area":2685.9,"pct":6.62}},"city_same":1,"id":"hex:2408:17448"},"type":"Feature"},{"geometry":{"coordinates":[[[-117.5247,34.14014],[-117.52538,34.14112],[-117.52673,34.14111],[-117.52741,34.14013],[-117.52672,34.13916],[-117.52537,34.13916],[-117.5247,34.14014]]],"type":"Polygon"},"properties":{"bbox":{"roads":{"area":2300.46,"pct":5.67}},"city_same":1,"id":"hex:2408:17449"},"type":"Feature"},{"geometry":{"coordinates":[[[-117.52471,34.1421],[-117.52539,34.14307],[-117.52675,34.14306],[-117.52742,34.14208],[-117.52673,34.14111],[-117.52538,34.14112],[-117.52471,34.1421]]],"type":"Polygon"},"properties":{"bbox":{"roads":{"area":1205.75,"pct":2.97}},"city_same":1,"id":"hex:2408:17450"},"type":"Feature"},{"geometry":{"coordinates":[[[-117.52472,34.14405],[-117.5254,34.14502],[-117.52676,34.14502],[-117.52743,34.14404],[-117.52675,34.14306],[-117.52539,34.14307],[-117.52472,34.14405]]],"type":"Polygon"},"properties":{"bbox":{"roads":{"area":1910.56,"pct":4.71}},"city_same":1,"id":"hex:2408:17451"},"type":"Feature"},{"geometry":{"coordinates":[[[-117.52473,34.146],[-117.52542,34.14697],[-117.52677,34.14697],[-117.52744,34.14599],[-117.52676,34.14502],[-117.5254,34.14502],[-117.52473,34.146]]],"type":"Polygon"},"properties":{"bbox":{"roads":{"area":377.9,"pct":0.93}},"city_same":1,"id":"hex:2408:17452"},"type":"Feature"},{"geometry":{"coordinates":[[[-117.52474,34.14795],[-117.52543,34.14893],[-117.52678,34.14892],[-117.52746,34.14794],[-117.52677,34.14697],[-117.52542,34.14697],[-117.52474,34.14795]]],"type":"Polygon"},"properties":{"bbox":{"roads":{"area":3312.24,"pct":8.16}},"city_same":1,"id":"hex:2408:17453"},"type":"Feature"},{"geometry":{"coordinates":[[[-117.52476,34.14991],[-117.52544,34.15088],[-117.5268,34.15087],[-117.52747,34.14989],[-117.52678,34.14892],[-117.52543,34.14893],[-117.52476,34.14991]]],"type":"Polygon"},"properties":{"bbox":{"roads":{"area":5744.65,"pct":14.15},"sidewalks":{"area":290.89,"pct":0.72}},"city":{"roads":{"area":2700.2,"pct":6.65},"sidewalks":{"area":290.89,"pct":0.72}},"id":"hex:2408:17454"},"type":"Feature"},{"geometry":{"coordinates":[[[-117.52477,34.15186],[-117.52545,34.15283],[-117.52681,34.15283],[-117.52748,34.15185],[-117.5268,34.15087],[-117.52544,34.15088],[-117.52477,34.15186]]],"type":"Polygon"},"properties":{"bbox":{"roads":{"area":5775.15,"pct":14.23},"sidewalks":{"area":318.92,"pct":0.79}},"city_same":1,"id":"hex:2408:17455"},"type":"Feature"},{"geometry":{"coordinates":[[[-117.52478,34.15381],[-117.52546,34.15478],[-117.52682,34.15478],[-117.52749,34.1538],[-117.52681,34.15283],[-117.52545,34.15283],[-117.52478,34.15381]]],"type":"Polygon"},"properties":{"bbox":{"roads":{"area":2171.19,"pct":5.35}},"city_same":1,"id":"hex:2408:17456"},"type":"Feature"},{"geometry":{"coordinates":[[[-117.52479,34.15576],[-117.52548,34.15674],[-117.52683,34.15673],[-117.5275,34.15575],[-117.52682,34.15478],[-117.52546,34.15478],[-117.52479,34.15576]]],"type":"Polygon"},"properties":{"bbox":{"roads":{"area":2097.73,"pct":5.17}},"city_same":1,"id":"hex:2408:17457"},"type":"Feature"},{"geometry":{"coordinates":[[[-117.5248,34.15772],[-117.52548,34.15674],[-117.52683,34.15673],[-117.52752,34.1577],[-117.52689,34.15861],[-117.52682,34.15861],[-117.52544,34.15862],[-117.5248,34.15772]]],"type":"Polygon"},"properties":{"bbox":{"roads":{"area":1226.44,"pct":3.1}},"city_same":1,"id":"hex:2408:17458"},"type":"Feature"},{"geometry":{"coordinates":[[[-117.52753,34.15966],[-117.52686,34.16064],[-117.5255,34.16064],[-117.52482,34.15967],[-117.52512,34.15923],[-117.52522,34.15921],[-117.52536,34.15917],[-117.52537,34.15907],[-117.52534,34.1589],[-117.52537,34.15887],[-117.5254,34.1592],[-117.52693,34.15881],[-117.52753,34.15966]]],"type":"Polygon"},"properties":{"bbox":{"roads":{"area":2807.04,"pct":7.94}},"city_same":1,"id":"hex:2408:17459"},"type":"Feature"},{"geometry":{"coordinates":[[[-117.52483,34.16162],[-117.52551,34.16259],[-117.52687,34.16259],[-117.52754,34.16161],[-117.52686,34.16064],[-117.5255,34.16064],[-117.52483,34.16162]]],"type":"Polygon"},"properties":{"bbox":{"roads":{"area":2703.93,"pct":6.66}},"city_same":1,"id":"hex:2408:17460"},"type":"Feature"},{"geometry":{"coordinates":[[[-117.52484,34.16357],[-117.52552,34.16455],[-117.52688,34.16454],[-117.52755,34.16356],[-117.52687,34.16259],[-117.52551,34.16259],[-117.52484,34.16357]]],"type":"Polygon"},"properties":{"bbox":{"roads":{"area":2083.3,"pct":5.13}},"city_same":1,"id":"hex:2408:17461"},"type":"Feature"},{"geometry":{"coordinates":[[[-117.52431,34.07766],[-117.52406,34.07766],[-117.52407,34.0772],[-117.52463,34.0772],[-117.52431,34.07766]]],"type":"Polygon"},"properties":{"bbox":{"roads":{"area":494.01,"pct":25.72},"sidewalks":{"area":10.69,"pct":0.56}},"city":{"sidewalks":{"area":10.69,"pct":0.56}},"id":"hex:2409:17416"},"type":"Feature"},{"geometry":{"coordinates":[[[-117.52431,34.07766],[-117.52499,34.07864],[-117.52432,34.07962],[-117.52403,34.07962],[-117.52406,34.07766],[-117.52431,34.07766]]],"type":"Polygon"},"properties":{"bbox":{"roads":{"area":1521.26,"pct":12.47}},"id":"hex:2409:17417"},"type":"Feature"},{"geometry":{"coordinates":[[[-117.52432,34.07962],[-117.52501,34.08059],[-117.52433,34.08157],[-117.52399,34.08157],[-117.524,34.08114],[-117.52403,34.07962],[-117.52432,34.07962]]],"type":"Polygon"},"properties":{"bbox":{"roads":{"area":1839.18,"pct":14.04}},"city":{"roads":{"area":398.04,"pct":3.04}},"id":"hex:2409:17418"},"type":"Feature"},{"geometry":{"coordinates":[[[-117.52433,34.08157],[-117.52502,34.08254],[-117.52435,34.08352],[-117.52395,34.08352],[-117.52399,34.08157],[-117.52433,34.08157]]],"type":"Polygon"},"properties":{"bbox":{"roads":{"area":2172.88,"pct":15.36},"sidewalks":{"area":81.16,"pct":0.57}},"city":{"roads":{"area":276.18,"pct":1.95},"sidewalks":{"area":81.16,"pct":0.57}},"id":"hex:2409:17419"},"type":"Feature"},{"geometry":{"coordinates":[[[-117.52435,34.08352],[-117.52503,34.08449],[-117.52436,34.08547],[-117.5239,34.08547],[-117.52395,34.08352],[-117.52435,34.08352]]],"type":"Polygon"},"properties":{"bbox":{"roads":{"area":3165.48,"pct":20.73},"sidewalks":{"area":324.91,"pct":2.13}},"city":{"roads":{"area":896.77,"pct":5.87},"sidewalks":{"area":324.91,"pct":2.13}},"id":"hex:2409:17420"},"type":"Feature"},{"geometry":{"coordinates":[[[-117.52436,34.08547],[-117.52504,34.08645],[-117.52437,34.08743],[-117.52386,34.08743],[-117.5239,34.08547],[-117.52436,34.08547]]],"type":"Polygon"},"properties":{"bbox":{"roads":{"area":3609.01,"pct":22.02},"sidewalks":{"area":217.15,"pct":1.32}},"city":{"roads":{"area":1264.25,"pct":7.71},"sidewalks":{"area":217.15,"pct":1.32}},"id":"hex:2409:17421"},"type":"Feature"},{"geometry":{"coordinates":[[[-117.52437,34.08743],[-117.52505,34.0884],[-117.52438,34.08938],[-117.52382,34.08938],[-117.52386,34.08743],[-117.52437,34.08743]],[[-117.52415,34.08836],[-117.52415,34.08897],[-117.52444,34.08897],[-117.52444,34.08836],[-117.52415,34.08836]]],"type":"Polygon"},"properties":{"bbox":{"roads":{"area":2410.08,"pct":15.35}},"id":"hex:2409:17422"},"type":"Feature"},{"geometry":{"coordinates":[[[-117.52304,34.09134],[-117.52236,34.09036],[-117.52274,34.0898],[-117.523,34.08983],[-117.52381,34.08985],[-117.52382,34.08938],[-117.52438,34.08938],[-117.52507,34.09035],[-117.52446,34.09124],[-117.52422,34.09124],[-117.52422,34.09133],[-117.52304,34.09134]]],"type":"Polygon"},"properties":{"bbox":{"roads":{"area":4919.22,"pct":13.64}},"city":{"roads":{"area":1432.2,"pct":3.97}},"id":"hex:2409:17423"},"type":"Feature"},{"geometry":{"coordinates":[[[-117.52441,34.09328],[-117.52305,34.09329],[-117.52237,34.09232],[-117.52304,34.09134],[-117.52422,34.09133],[-117.52422,34.09259],[-117.52488,34.09259],[-117.52441,34.09328]]],"type":"Polygon"},"properties":{"bbox":{"roads":{"area":5389.96,"pct":16.21}},"city":{"roads":{"area":986.25,"pct":2.97}},"id":"hex:2409:17424"},"type":"Feature"},{"geometry":{"coordinates":[[[-117.52238,34.09427],[-117.52306,34.09524],[-117.52442,34.09524],[-117.52509,34.09426],[-117.52441,34.09328],[-117.52305,34.09329],[-117.52238,34.09427]]],"type":"Polygon"},"properties":{"bbox":{"roads":{"area":7393.36,"pct":18.21},"sidewalks":{"area":105.56,"pct":0.26}},"city":{"roads":{"area":3581.68,"pct":8.82},"sidewalks":{"area":105.56,"pct":0.26}},"id":"hex:2409:17425"},"type":"Feature"},{"geometry":{"coordinates":[[[-117.52239,34.09622],[-117.52307,34.09719],[-117.52443,34.09719],[-117.5251,34.09621],[-117.52442,34.09524],[-117.52306,34.09524],[-117.52239,34.09622]]],"type":"Polygon"},"properties":{"bbox":{"roads":{"area":6910.28,"pct":17.02},"sidewalks":{"area":325.36,"pct":0.8}},"city":{"roads":{"area":2995.82,"pct":7.38},"sidewalks":{"area":325.36,"pct":0.8}},"id":"hex:2409:17426"},"type":"Feature"},{"geometry":{"coordinates":[[[-117.5224,34.09817],[-117.52309,34.09915],[-117.52444,34.09914],[-117.52511,34.09816],[-117.52443,34.09719],[-117.52307,34.09719],[-117.5224,34.09817]]],"type":"Polygon"},"properties":{"bbox":{"roads":{"area":9227.34,"pct":22.73},"sidewalks":{"area":462.96,"pct":1.14}},"city":{"roads":{"area":3199.68,"pct":7.88},"sidewalks":{"area":462.96,"pct":1.14}},"id":"hex:2409:17427"},"type":"Feature"},{"geometry":{"coordinates":[[[-117.52513,34.10011],[-117.52445,34.10109],[-117.5231,34.1011],[-117.52242,34.10013],[-117.52309,34.09915],[-117.52444,34.09914],[-117.52461,34.09937],[-117.52428,34.09937],[-117.52418,34.09947],[-117.52421,34.09985],[-117.52481,34.09986],[-117.52495,34.09986],[-117.52513,34.10011]]],"type":"Polygon"},"properties":{"bbox":{"roads":{"area":5827.54,"pct":15.44},"sidewalks":{"area":367.38,"pct":0.97}},"city":{"roads":{"area":1819.6,"pct":4.82},"sidewalks":{"area":367.38,"pct":0.97}},"id":"hex:2409:17428"},"type":"Feature"},{"geometry":{"coordinates":[[[-117.52447,34.10305],[-117.52311,34.10305],[-117.52243,34.10208],[-117.5231,34.1011],[-117.52445,34.10109],[-117.52496,34.10182],[-117.52496,34.10232],[-117.52447,34.10305]]],"type":"Polygon"},"properties":{"bbox":{"roads":{"area":6582.08,"pct":16.4},"sidewalks":{"area":325.85,"pct":0.81}},"city":{"roads":{"area":2681.44,"pct":6.68},"sidewalks":{"area":325.85,"pct":0.81}},"id":"hex:2409:17429"},"type":"Feature"},{"geometry":{"coordinates":[[[-117.52244,34.10403],[-117.52312,34.105],[-117.52448,34.105],[-117.52515,34.10402],[-117.52447,34.10305],[-117.52311,34.10305],[-117.52244,34.10403]]],"type":"Polygon"},"properties":{"bbox":{"roads":{"area":6079.77,"pct":14.98},"sidewalks":{"area":328.78,"pct":0.81}},"city":{"roads":{"area":2371.6,"pct":5.84},"sidewalks":{"area":328.78,"pct":0.81}},"id":"hex:2409:17430"},"type":"Feature"},{"geometry":{"coordinates":[[[-117.52245,34.10598],[-117.52313,34.10696],[-117.52449,34.10695],[-117.52516,34.10597],[-117.52448,34.105],[-117.52312,34.105],[-117.52245,34.10598]]],"type":"Polygon"},"properties":{"bbox":{"roads":{"area":10628.82,"pct":26.18},"sidewalks":{"area":392.88,"pct":0.97}},"city":{"roads":{"area":2064.4,"pct":5.09},"sidewalks":{"area":392.88,"pct":0.97}},"id":"hex:2409:17431"},"type":"Feature"},{"geometry":{"coordinates":[[[-117.52246,34.10794],[-117.52315,34.10891],[-117.5245,34.1089],[-117.52517,34.10792],[-117.52449,34.10695],[-117.52313,34.10696],[-117.52246,34.10794]]],"type":"Polygon"},"properties":{"bbox":{"roads":{"area":6391.69,"pct":15.75},"sidewalks":{"area":334.55,"pct":0.82}},"city":{"roads":{"area":2359.64,"pct":5.81},"sidewalks":{"area":334.55,"pct":0.82}},"id":"hex:2409:17432"},"type":"Feature"},{"geometry":{"coordinates":[[[-117.52248,34.10989],[-117.52316,34.11086],[-117.52451,34.11086],[-117.52519,34.10988],[-117.5245,34.1089],[-117.52315,34.10891],[-117.52248,34.10989]]],"type":"Polygon"},"properties":{"bbox":{"roads":{"area":6943.27,"pct":17.1},"sidewalks":{"area":1062.04,"pct":2.62}},"city":{"roads":{"area":2960.15,"pct":7.29},"sidewalks":{"area":1062.04,"pct":2.62}},"id":"hex:2409:17433"},"type":"Feature"},{"geometry":{"coordinates":[[[-117.52249,34.11184],[-117.52317,34.11281],[-117.52453,34.11281],[-117.5252,34.11183],[-117.52451,34.11086],[-117.52316,34.11086],[-117.52249,34.11184]]],"type":"Polygon"},"properties":{"bbox":{"roads":{"area":7616.85,"pct":18.76},"sidewalks":{"area":986.62,"pct":2.43}},"city":{"roads":{"area":1638.04,"pct":4.04},"sidewalks":{"area":986.62,"pct":2.43}},"id":"hex:2409:17434"},"type":"Feature"},{"geometry":{"coordinates":[[[-117.5225,34.11379],[-117.52318,34.11477],[-117.52454,34.11476],[-117.52521,34.11378],[-117.52453,34.11281],[-117.52317,34.11281],[-117.5225,34.11379]]],"type":"Polygon"},"properties":{"bbox":{"roads":{"area":12327.73,"pct":30.37},"sidewalks":{"area":769.86,"pct":1.9}},"city":{"roads":{"area":578.66,"pct":1.43},"sidewalks":{"area":769.86,"pct":1.9}},"id":"hex:2409:17435"},"type":"Feature"},{"geometry":{"coordinates":[[[-117.52251,34.11575],[-117.5232,34.11672],[-117.52455,34.11671],[-117.52522,34.11573],[-117.52454,34.11476],[-117.52318,34.11477],[-117.52251,34.11575]]],"type":"Polygon"},"properties":{"bbox":{"roads":{"area":5953.41,"pct":14.67},"sidewalks":{"area":120.25,"pct":0.3}},"city":{"roads":{"area":2096.75,"pct":5.17},"sidewalks":{"area":120.25,"pct":0.3}},"id":"hex:2409:17436"},"type":"Feature"},{"geometry":{"coordinates":[[[-117.52252,34.1177],[-117.52321,34.11867],[-117.52456,34.11867],[-117.52523,34.11769],[-117.52455,34.11671],[-117.5232,34.11672],[-117.52252,34.1177]]],"type":"Polygon"},"properties":{"bbox":{"roads":{"area":6832.76,"pct":16.83},"sidewalks":{"area":367.48,"pct":0.91}},"city":{"roads":{"area":2832.76,"pct":6.98},"sidewalks":{"area":367.48,"pct":0.91}},"id":"hex:2409:17437"},"type":"Feature"},{"geometry":{"coordinates":[[[-117.52254,34.11965],[-117.52322,34.12062],[-117.52457,34.12062],[-117.52525,34.11964],[-117.52456,34.11867],[-117.52321,34.11867],[-117.52254,34.11965]]],"type":"Polygon"},"properties":{"bbox":{"roads":{"area":5376.01,"pct":13.24},"sidewalks":{"area":498.46,"pct":1.23}},"city":{"roads":{"area":1264.52,"pct":3.11},"sidewalks":{"area":498.46,"pct":1.23}},"id":"hex:2409:17438"},"type":"Feature"},{"geometry":{"coordinates":[[[-117.52255,34.1216],[-117.52323,34.12258],[-117.52459,34.12257],[-117.52526,34.12159],[-117.52457,34.12062],[-117.52322,34.12062],[-117.52255,34.1216]]],"type":"Polygon"},"properties":{"bbox":{"roads":{"area":8269.68,"pct":20.37},"sidewalks":{"area":355.39,"pct":0.88}},"city":{"roads":{"area":7895.58,"pct":19.45},"sidewalks":{"area":355.39,"pct":0.88}},"id":"hex:2409:17439"},"type":"Feature"},{"geometry":{"coordinates":[[[-117.52256,34.12356],[-117.52324,34.12453],[-117.5246,34.12452],[-117.52527,34.12354],[-117.52459,34.12257],[-117.52323,34.12258],[-117.52256,34.12356]]],"type":"Polygon"},"properties":{"bbox":{"roads":{"area":6070.4,"pct":14.95},"sidewalks":{"area":343.21,"pct":0.85}},"city_same":1,"id":"hex:2409:17440"},"type":"Feature"},{"geometry":{"coordinates":[[[-117.52257,34.12551],[-117.52326,34.12648],[-117.52461,34.12648],[-117.52528,34.1255],[-117.5246,34.12452],[-117.52324,34.12453],[-117.52257,34.12551]]],"type":"Polygon"},"properties":{"bbox":{"roads":{"area":5469.14,"pct":13.47},"sidewalks":{"area":650.1,"pct":1.6}},"city_same":1,"id":"hex:2409:17441"},"type":"Feature"},{"geometry":{"coordinates":[[[-117.52258,34.12746],[-117.52327,34.12843],[-117.52462,34.12843],[-117.52529,34.12745],[-117.52461,34.12648],[-117.52326,34.12648],[-117.52258,34.12746]]],"type":"Polygon"},"properties":{"bbox":{"roads":{"area":4911.96,"pct":12.1},"sidewalks":{"area":819.63,"pct":2.02}},"city_same":1,"id":"hex:2409:17442"},"type":"Feature"},{"geometry":{"coordinates":[[[-117.5226,34.12941],[-117.52328,34.13039],[-117.52463,34.13038],[-117.52531,34.1294],[-117.52462,34.12843],[-117.52327,34.12843],[-117.5226,34.12941]]],"type":"Polygon"},"properties":{"bbox":{"roads":{"area":4999.33,"pct":12.32},"sidewalks":{"area":651.66,"pct":1.61}},"city_same":1,"id":"hex:2409:17443"},"type":"Feature"},{"geometry":{"coordinates":[[[-117.52261,34.13137],[-117.52329,34.13234],[-117.52465,34.13233],[-117.52532,34.13135],[-117.52463,34.13038],[-117.52328,34.13039],[-117.52261,34.13137]]],"type":"Polygon"},"properties":{"bbox":{"roads":{"area":5652.97,"pct":13.93},"sidewalks":{"area":629.19,"pct":1.55}},"city_same":1,"id":"hex:2409:17444"},"type":"Feature"},{"geometry":{"coordinates":[[[-117.52262,34.13332],[-117.5233,34.13429],[-117.52466,34.13429],[-117.52533,34.13331],[-117.52465,34.13233],[-117.52329,34.13234],[-117.52262,34.13332]]],"type":"Polygon"},"properties":{"bbox":{"roads":{"area":4588.83,"pct":11.3},"sidewalks":{"area":424.48,"pct":1.05}},"city_same":1,"id":"hex:2409:17445"},"type":"Feature"},{"geometry":{"coordinates":[[[-117.52263,34.13527],[-117.52332,34.13624],[-117.52467,34.13624],[-117.52534,34.13526],[-117.52466,34.13429],[-117.5233,34.13429],[-117.52263,34.13527]]],"type":"Polygon"},"properties":{"bbox":{"roads":{"area":6537.5,"pct":16.1},"sidewalks":{"area":354.36,"pct":0.87}},"city":{"roads":{"area":5816.11,"pct":14.33},"sidewalks":{"area":354.36,"pct":0.87}},"id":"hex:2409:17446"},"type":"Feature"},{"geometry":{"coordinates":[[[-117.52264,34.13722],[-117.52333,34.1382],[-117.52468,34.13819],[-117.52535,34.13721],[-117.52467,34.13624],[-117.52332,34.13624],[-117.52264,34.13722]]],"type":"Polygon"},"properties":{"bbox":{"roads":{"area":6816.71,"pct":16.79},"sidewalks":{"area":387.41,"pct":0.95}},"city":{"roads":{"area":3848.97,"pct":9.48},"sidewalks":{"area":387.41,"pct":0.95}},"id":"hex:2409:17447"},"type":"Feature"},{"geometry":{"coordinates":[[[-117.52266,34.13918],[-117.52334,34.14015],[-117.5247,34.14014],[-117.52537,34.13916],[-117.52468,34.13819],[-117.52333,34.1382],[-117.52266,34.13918]]],"type":"Polygon"},"properties":{"bbox":{"roads":{"area":3736.48,"pct":9.2}},"city_same":1,"id":"hex:2409:17448"},"type":"Feature"},{"geometry":{"coordinates":[[[-117.52267,34.14113],[-117.52335,34.1421],[-117.52471,34.1421],[-117.52538,34.14112],[-117.5247,34.14014],[-117.52334,34.14015],[-117.52267,34.14113]]],"type":"Polygon"},"properties":{"bbox":{"roads":{"area":3122.15,"pct":7.69}},"city_same":1,"id":"hex:2409:17449"},"type":"Feature"},{"geometry":{"coordinates":[[[-117.52268,34.14308],[-117.52336,34.14405],[-117.52472,34.14405],[-117.52539,34.14307],[-117.52471,34.1421],[-117.52335,34.1421],[-117.52268,34.14308]]],"type":"Polygon"},"properties":{"bbox":{"roads":{"area":6696.39,"pct":16.5},"sidewalks":{"area":313.48,"pct":0.77}},"city_same":1,"id":"hex:2409:17450"},"type":"Feature"},{"geometry":{"coordinates":[[[-117.52269,34.14503],[-117.52338,34.14601],[-117.52473,34.146],[-117.5254,34.14502],[-117.52472,34.14405],[-117.52336,34.14405],[-117.52269,34.14503]]],"type":"Polygon"},"properties":{"bbox":{"roads":{"area":3162.69,"pct":7.79},"sidewalks":{"area":72.01,"pct":0.18}},"city_same":1,"id":"hex:2409:17451"},"type":"Feature"},{"geometry":{"coordinates":[[[-117.5227,34.14699],[-117.52339,34.14796],[-117.52474,34.14795],[-117.52542,34.14697],[-117.52473,34.146],[-117.52338,34.14601],[-117.5227,34.14699]]],"type":"Polygon"},"properties":{"bbox":{"roads":{"area":3237.16,"pct":7.97}},"city_same":1,"id":"hex:2409:17452"},"type":"Feature"},{"geometry":{"coordinates":[[[-117.52272,34.14894],[-117.5234,34.14991],[-117.52476,34.14991],[-117.52543,34.14893],[-117.52474,34.14795],[-117.52339,34.14796],[-117.52272,34.14894]]],"type":"Polygon"},"properties":{"bbox":{"roads":{"area":2096.33,"pct":5.16}},"city_same":1,"id":"hex:2409:17453"},"type":"Feature"},{"geometry":{"coordinates":[[[-117.52273,34.15089],[-117.52341,34.15186],[-117.52477,34.15186],[-117.52544,34.15088],[-117.52476,34.14991],[-117.5234,34.14991],[-117.52273,34.15089]]],"type":"Polygon"},"properties":{"bbox":{"roads":{"area":4624.36,"pct":11.39},"sidewalks":{"area":238.08,"pct":0.59}},"city":{"roads":{"area":1802.52,"pct":4.44},"sidewalks":{"area":238.08,"pct":0.59}},"id":"hex:2409:17454"},"type":"Feature"},{"geometry":{"coordinates":[[[-117.52274,34.15284],[-117.52342,34.15382],[-117.52478,34.15381],[-117.52545,34.15283],[-117.52477,34.15186],[-117.52341,34.15186],[-117.52274,34.15284]]],"type":"Polygon"},"properties":{"bbox":{"roads":{"area":4475.15,"pct":11.02},"sidewalks":{"area":44.74,"pct":0.11}},"city_same":1,"id":"hex:2409:17455"},"type":"Feature"},{"geometry":{"coordinates":[[[-117.52275,34.1548],[-117.52344,34.15577],[-117.52479,34.15576],[-117.52546,34.15478],[-117.52478,34.15381],[-117.52342,34.15382],[-117.52275,34.1548]]],"type":"Polygon"},"properties":{"bbox":{"roads":{"area":4843.23,"pct":11.93}},"city_same":1,"id":"hex:2409:17456"},"type":"Feature"},{"geometry":{"coordinates":[[[-117.52276,34.15675],[-117.52345,34.15772],[-117.5248,34.15772],[-117.52548,34.15674],[-117.52479,34.15576],[-117.52344,34.15577],[-117.52276,34.15675]]],"type":"Polygon"},"properties":{"bbox":{"roads":{"area":4055.4,"pct":9.99}},"city_same":1,"id":"hex:2409:17457"},"type":"Feature"},{"geometry":{"coordinates":[[[-117.52482,34.15967],[-117.52346,34.15967],[-117.523,34.15902],[-117.523,34.15838],[-117.52345,34.15772],[-117.5248,34.15772],[-117.52544,34.15862],[-117.52534,34.15862],[-117.52537,34.15887],[-117.52534,34.1589],[-117.52531,34.15862],[-117.52525,34.1586],[-117.52346,34.15858],[-117.52345,34.15935],[-117.52354,34.15935],[-117.52392,34.15936],[-117.52415,34.15938],[-117.52429,34.15937],[-117.52456,34.15934],[-117.52477,34.15931],[-117.52512,34.15923],[-117.52482,34.15967]]],"type":"Polygon"},"properties":{"bbox":{"roads":{"area":2559.34,"pct":9.88}},"city_same":1,"id":"hex:2409:17458"},"type":"Feature"},{"geometry":{"coordinates":[[[-117.52346,34.15967],[-117.52482,34.15967],[-117.5255,34.16064],[-117.52483,34.16162],[-117.52347,34.16163],[-117.52301,34.16097],[-117.52301,34.16034],[-117.52346,34.15967]]],"type":"Polygon"},"properties":{"bbox":{"roads":{"area":2999.17,"pct":7.52}},"city_same":1,"id":"hex:2409:17459"},"type":"Feature"},{"geometry":{"coordinates":[[[-117.52347,34.16163],[-117.52483,34.16162],[-117.52551,34.16259],[-117.52484,34.16357],[-117.52348,34.16358],[-117.52302,34.16291],[-117.52301,34.1623],[-117.52347,34.16163]]],"type":"Polygon"},"properties":{"bbox":{"roads":{"area":3008.86,"pct":7.54}},"city_same":1,"id":"hex:2409:17460"},"type":"Feature"},{"geometry":{"coordinates":[[[-117.52348,34.16358],[-117.52484,34.16357],[-117.52552,34.16455],[-117.52485,34.16553],[-117.5235,34.16553],[-117.52306,34.16491],[-117.52304,34.16423],[-117.52348,34.16358]]],"type":"Polygon"},"properties":{"bbox":{"parking":{"area":1942.55,"pct":4.88},"roads":{"area":1187.64,"pct":2.99}},"city":{"roads":{"area":1187.64,"pct":2.99}},"id":"hex:2409:17461"},"type":"Feature"},{"geometry":{"coordinates":[[[-117.52236,34.09036],[-117.521,34.09037],[-117.52057,34.08975],[-117.52078,34.08973],[-117.52163,34.08973],[-117.52224,34.08974],[-117.52246,34.08977],[-117.52274,34.0898],[-117.52236,34.09036]]],"type":"Polygon"},"properties":{"bbox":{"roads":{"area":1767.09,"pct":15.5}},"city_same":1,"id":"hex:2410:17423"},"type":"Feature"},{"geometry":{"coordinates":[[[-117.52033,34.09135],[-117.52101,34.09232],[-117.52237,34.09232],[-117.52304,34.09134],[-117.52236,34.09036],[-117.521,34.09037],[-117.52033,34.09135]]],"type":"Polygon"},"properties":{"bbox":{"roads":{"area":2404.53,"pct":5.92}},"city_same":1,"id":"hex:2410:17424"},"type":"Feature"},{"geometry":{"coordinates":[[[-117.52034,34.0933],[-117.52102,34.09427],[-117.52238,34.09427],[-117.52305,34.09329],[-117.52237,34.09232],[-117.52101,34.09232],[-117.52034,34.0933]]],"type":"Polygon"},"properties":{"bbox":{"roads":{"area":669.8,"pct":1.65}},"city_same":1,"id":"hex:2410:17425"},"type":"Feature"},{"geometry":{"coordinates":[[[-117.52035,34.09525],[-117.52104,34.09623],[-117.52239,34.09622],[-117.52306,34.09524],[-117.52238,34.09427],[-117.52102,34.09427],[-117.52035,34.09525]]],"type":"Polygon"},"properties":{"bbox":{"roads":{"area":2265.77,"pct":5.58}},"city_same":1,"id":"hex:2410:17426"},"type":"Feature"},{"geometry":{"coordinates":[[[-117.52036,34.09721],[-117.52105,34.09818],[-117.5224,34.09817],[-117.52307,34.09719],[-117.52239,34.09622],[-117.52104,34.09623],[-117.52036,34.09721]]],"type":"Polygon"},"properties":{"bbox":{"roads":{"area":3124.07,"pct":7.7}},"city_same":1,"id":"hex:2410:17427"},"type":"Feature"},{"geometry":{"coordinates":[[[-117.52038,34.09916],[-117.52106,34.10013],[-117.52242,34.10013],[-117.52309,34.09915],[-117.5224,34.09817],[-117.52105,34.09818],[-117.52038,34.09916]]],"type":"Polygon"},"properties":{"bbox":{"roads":{"area":6147.78,"pct":15.14},"sidewalks":{"area":368.56,"pct":0.91}},"city":{"roads":{"area":1912.73,"pct":4.71},"sidewalks":{"area":368.56,"pct":0.91}},"id":"hex:2410:17428"},"type":"Feature"},{"geometry":{"coordinates":[[[-117.52039,34.10111],[-117.52107,34.10208],[-117.52243,34.10208],[-117.5231,34.1011],[-117.52242,34.10013],[-117.52106,34.10013],[-117.52039,34.10111]]],"type":"Polygon"},"properties":{"bbox":{"roads":{"area":2421.96,"pct":5.97}},"city_same":1,"id":"hex:2410:17429"},"type":"Feature"},{"geometry":{"coordinates":[[[-117.5204,34.10306],[-117.52108,34.10404],[-117.52244,34.10403],[-117.52311,34.10305],[-117.52243,34.10208],[-117.52107,34.10208],[-117.5204,34.10306]]],"type":"Polygon"},"properties":{"bbox":{"roads":{"area":3616.25,"pct":8.91}},"city_same":1,"id":"hex:2410:17430"},"type":"Feature"},{"geometry":{"coordinates":[[[-117.52041,34.10502],[-117.5211,34.10599],[-117.52245,34.10598],[-117.52312,34.105],[-117.52244,34.10403],[-117.52108,34.10404],[-117.52041,34.10502]]],"type":"Polygon"},"properties":{"bbox":{"roads":{"area":2528.11,"pct":6.23}},"city_same":1,"id":"hex:2410:17431"},"type":"Feature"},{"geometry":{"coordinates":[[[-117.52042,34.10697],[-117.52111,34.10794],[-117.52246,34.10794],[-117.52313,34.10696],[-117.52245,34.10598],[-117.5211,34.10599],[-117.52042,34.10697]]],"type":"Polygon"},"properties":{"bbox":{"roads":{"area":4933.65,"pct":12.15},"sidewalks":{"area":208.99,"pct":0.51}},"city":{"roads":{"area":1584.95,"pct":3.9},"sidewalks":{"area":208.99,"pct":0.51}},"id":"hex:2410:17432"},"type":"Feature"},{"geometry":{"coordinates":[[[-117.52044,34.10892],[-117.52112,34.10989],[-117.52248,34.10989],[-117.52315,34.10891],[-117.52246,34.10794],[-117.52111,34.10794],[-117.52044,34.10892]]],"type":"Polygon"},"properties":{"bbox":{"roads":{"area":3697.48,"pct":9.11},"sidewalks":{"area":258.81,"pct":0.64}},"city_same":1,"id":"hex:2410:17433"},"type":"Feature"},{"geometry":{"coordinates":[[[-117.52045,34.11087],[-117.52113,34.11185],[-117.52249,34.11184],[-117.52316,34.11086],[-117.52248,34.10989],[-117.52112,34.10989],[-117.52045,34.11087]]],"type":"Polygon"},"properties":{"bbox":{"roads":{"area":2889.2,"pct":7.12},"sidewalks":{"area":1759.35,"pct":4.33}},"city_same":1,"id":"hex:2410:17434"},"type":"Feature"},{"geometry":{"coordinates":[[[-117.52046,34.11283],[-117.52114,34.1138],[-117.5225,34.11379],[-117.52317,34.11281],[-117.52249,34.11184],[-117.52113,34.11185],[-117.52046,34.11283]]],"type":"Polygon"},"properties":{"bbox":{"roads":{"area":6246.34,"pct":15.39},"sidewalks":{"area":1193.42,"pct":2.94}},"city":{"roads":{"area":3617.96,"pct":8.91},"sidewalks":{"area":1193.42,"pct":2.94}},"id":"hex:2410:17435"},"type":"Feature"},{"geometry":{"coordinates":[[[-117.52047,34.11478],[-117.52116,34.11575],[-117.52251,34.11575],[-117.52318,34.11477],[-117.5225,34.11379],[-117.52114,34.1138],[-117.52047,34.11478]]],"type":"Polygon"},"properties":{"bbox":{"roads":{"area":6769.89,"pct":16.68}},"city":{"roads":{"area":151.71,"pct":0.37}},"id":"hex:2410:17436"},"type":"Feature"},{"geometry":{"coordinates":[[[-117.52048,34.11673],[-117.52117,34.1177],[-117.52252,34.1177],[-117.5232,34.11672],[-117.52251,34.11575],[-117.52116,34.11575],[-117.52048,34.11673]]],"type":"Polygon"},"properties":{"bbox":{"roads":{"area":4074.51,"pct":10.04},"sidewalks":{"area":22.94,"pct":0.06}},"city":{"roads":{"area":4057.87,"pct":10},"sidewalks":{"area":22.94,"pct":0.06}},"id":"hex:2410:17437"},"type":"Feature"},{"geometry":{"coordinates":[[[-117.5205,34.11868],[-117.52118,34.11966],[-117.52254,34.11965],[-117.52321,34.11867],[-117.52252,34.1177],[-117.52117,34.1177],[-117.5205,34.11868]]],"type":"Polygon"},"properties":{"bbox":{"roads":{"area":2745.36,"pct":6.76},"sidewalks":{"area":33.06,"pct":0.08}},"city_same":1,"id":"hex:2410:17438"},"type":"Feature"},{"geometry":{"coordinates":[[[-117.52051,34.12064],[-117.52119,34.12161],[-117.52255,34.1216],[-117.52322,34.12062],[-117.52254,34.11965],[-117.52118,34.11966],[-117.52051,34.12064]]],"type":"Polygon"},"properties":{"bbox":{"roads":{"area":5635.29,"pct":13.88},"sidewalks":{"area":780.61,"pct":1.92}},"city_same":1,"id":"hex:2410:17439"},"type":"Feature"},{"geometry":{"coordinates":[[[-117.52052,34.12259],[-117.5212,34.12356],[-117.52256,34.12356],[-117.52323,34.12258],[-117.52255,34.1216],[-117.52119,34.12161],[-117.52052,34.12259]]],"type":"Polygon"},"properties":{"bbox":{"roads":{"area":346.66,"pct":0.85}},"city_same":1,"id":"hex:2410:17440"},"type":"Feature"},{"geometry":{"coordinates":[[[-117.52053,34.12454],[-117.52122,34.12551],[-117.52257,34.12551],[-117.52324,34.12453],[-117.52256,34.12356],[-117.5212,34.12356],[-117.52053,34.12454]]],"type":"Polygon"},"properties":{"bbox":{"roads":{"area":934.66,"pct":2.3}},"city_same":1,"id":"hex:2410:17441"},"type":"Feature"},{"geometry":{"coordinates":[[[-117.52054,34.12649],[-117.52123,34.12747],[-117.52258,34.12746],[-117.52326,34.12648],[-117.52257,34.12551],[-117.52122,34.12551],[-117.52054,34.12649]]],"type":"Polygon"},"properties":{"bbox":{"roads":{"area":2057.56,"pct":5.07}},"city_same":1,"id":"hex:2410:17442"},"type":"Feature"},{"geometry":{"coordinates":[[[-117.52056,34.12845],[-117.52124,34.12942],[-117.5226,34.12941],[-117.52327,34.12843],[-117.52258,34.12746],[-117.52123,34.12747],[-117.52056,34.12845]]],"type":"Polygon"},"properties":{"bbox":{"roads":{"area":2953.2,"pct":7.27}},"city_same":1,"id":"hex:2410:17443"},"type":"Feature"},{"geometry":{"coordinates":[[[-117.52057,34.1304],[-117.52125,34.13137],[-117.52261,34.13137],[-117.52328,34.13039],[-117.5226,34.12941],[-117.52124,34.12942],[-117.52057,34.1304]]],"type":"Polygon"},"properties":{"bbox":{"roads":{"area":1514.76,"pct":3.73}},"city_same":1,"id":"hex:2410:17444"},"type":"Feature"},{"geometry":{"coordinates":[[[-117.52058,34.13235],[-117.52126,34.13332],[-117.52262,34.13332],[-117.52329,34.13234],[-117.52261,34.13137],[-117.52125,34.13137],[-117.52058,34.13235]]],"type":"Polygon"},"properties":{"bbox":{"roads":{"area":1730.78,"pct":4.26}},"city_same":1,"id":"hex:2410:17445"},"type":"Feature"},{"geometry":{"coordinates":[[[-117.52059,34.1343],[-117.52128,34.13528],[-117.52263,34.13527],[-117.5233,34.13429],[-117.52262,34.13332],[-117.52126,34.13332],[-117.52059,34.1343]]],"type":"Polygon"},"properties":{"bbox":{"roads":{"area":1483.03,"pct":3.65}},"city_same":1,"id":"hex:2410:17446"},"type":"Feature"},{"geometry":{"coordinates":[[[-117.5206,34.13626],[-117.52129,34.13723],[-117.52264,34.13722],[-117.52332,34.13624],[-117.52263,34.13527],[-117.52128,34.13528],[-117.5206,34.13626]]],"type":"Polygon"},"properties":{"bbox":{"roads":{"area":8516.22,"pct":20.98}},"city":{"roads":{"area":1375.97,"pct":3.39}},"id":"hex:2410:17447"},"type":"Feature"},{"geometry":{"coordinates":[[[-117.52062,34.13821],[-117.5213,34.13918],[-117.52266,34.13918],[-117.52333,34.1382],[-117.52264,34.13722],[-117.52129,34.13723],[-117.52062,34.13821]]],"type":"Polygon"},"properties":{"bbox":{"roads":{"area":2277.03,"pct":5.61}},"city_same":1,"id":"hex:2410:17448"},"type":"Feature"},{"geometry":{"coordinates":[[[-117.52063,34.14016],[-117.52131,34.14113],[-117.52267,34.14113],[-117.52334,34.14015],[-117.52266,34.13918],[-117.5213,34.13918],[-117.52063,34.14016]]],"type":"Polygon"},"properties":{"bbox":{"roads":{"area":2261.61,"pct":5.57}},"city_same":1,"id":"hex:2410:17449"},"type":"Feature"},{"geometry":{"coordinates":[[[-117.52064,34.14211],[-117.52132,34.14309],[-117.52268,34.14308],[-117.52335,34.1421],[-117.52267,34.14113],[-117.52131,34.14113],[-117.52064,34.14211]]],"type":"Polygon"},"properties":{"bbox":{"roads":{"area":1285.14,"pct":3.17}},"city_same":1,"id":"hex:2410:17450"},"type":"Feature"},{"geometry":{"coordinates":[[[-117.52065,34.14407],[-117.52134,34.14504],[-117.52269,34.14503],[-117.52336,34.14405],[-117.52268,34.14308],[-117.52132,34.14309],[-117.52065,34.14407]]],"type":"Polygon"},"properties":{"bbox":{"roads":{"area":1366.57,"pct":3.37}},"city_same":1,"id":"hex:2410:17451"},"type":"Feature"},{"geometry":{"coordinates":[[[-117.52066,34.14602],[-117.52135,34.14699],[-117.5227,34.14699],[-117.52338,34.14601],[-117.52269,34.14503],[-117.52134,34.14504],[-117.52066,34.14602]]],"type":"Polygon"},"properties":{"bbox":{"roads":{"area":2530.35,"pct":6.23}},"city_same":1,"id":"hex:2410:17452"},"type":"Feature"},{"geometry":{"coordinates":[[[-117.52068,34.14797],[-117.52136,34.14894],[-117.52272,34.14894],[-117.52339,34.14796],[-117.5227,34.14699],[-117.52135,34.14699],[-117.52068,34.14797]]],"type":"Polygon"},"properties":{"bbox":{"roads":{"area":469.89,"pct":1.16}},"city_same":1,"id":"hex:2410:17453"},"type":"Feature"},{"geometry":{"coordinates":[[[-117.52069,34.14992],[-117.52137,34.1509],[-117.52273,34.15089],[-117.5234,34.14991],[-117.52272,34.14894],[-117.52136,34.14894],[-117.52069,34.14992]]],"type":"Polygon"},"properties":{"bbox":{"roads":{"area":3782.22,"pct":9.32}},"city":{"roads":{"area":837.21,"pct":2.06}},"id":"hex:2410:17454"},"type":"Feature"},{"geometry":{"coordinates":[[[-117.5207,34.15188],[-117.52138,34.15285],[-117.52274,34.15284],[-117.52341,34.15186],[-117.52273,34.15089],[-117.52137,34.1509],[-117.5207,34.15188]]],"type":"Polygon"},"properties":{"bbox":{"roads":{"area":2095.46,"pct":5.16}},"city_same":1,"id":"hex:2410:17455"},"type":"Feature"},{"geometry":{"coordinates":[[[-117.52071,34.15383],[-117.5214,34.1548],[-117.52275,34.1548],[-117.52342,34.15382],[-117.52274,34.15284],[-117.52138,34.15285],[-117.52071,34.15383]]],"type":"Polygon"},"properties":{"bbox":{"roads":{"area":2246.75,"pct":5.53}},"city_same":1,"id":"hex:2410:17456"},"type":"Feature"},{"geometry":{"coordinates":[[[-117.52072,34.15578],[-117.52141,34.15675],[-117.52276,34.15675],[-117.52344,34.15577],[-117.52275,34.1548],[-117.5214,34.1548],[-117.52072,34.15578]]],"type":"Polygon"},"properties":{"bbox":{"roads":{"area":3147.22,"pct":7.75}},"city_same":1,"id":"hex:2410:17457"},"type":"Feature"},{"geometry":{"coordinates":[[[-117.52074,34.15773],[-117.52141,34.15675],[-117.52276,34.15675],[-117.52345,34.15772],[-117.523,34.15838],[-117.523,34.15788],[-117.52083,34.15786],[-117.52074,34.15773]]],"type":"Polygon"},"properties":{"bbox":{"roads":{"area":842,"pct":3.36}},"city_same":1,"id":"hex:2410:17458"},"type":"Feature"},{"geometry":{"coordinates":[[[-117.52346,34.15967],[-117.52301,34.16034],[-117.523,34.15902],[-117.52346,34.15967]]],"type":"Polygon"},"properties":{"bbox":{"roads":{"area":131.86,"pct":4.29}},"city_same":1,"id":"hex:2410:17459"},"type":"Feature"},{"geometry":{"coordinates":[[[-117.52347,34.16163],[-117.52301,34.1623],[-117.52301,34.16097],[-117.52347,34.16163]]],"type":"Polygon"},"properties":{"bbox":{"roads":{"area":122.57,"pct":3.91}},"city_same":1,"id":"hex:2410:17460"},"type":"Feature"},{"geometry":{"coordinates":[[[-117.52348,34.16358],[-117.52304,34.16423],[-117.52302,34.16363],[-117.52302,34.16291],[-117.52348,34.16358]]],"type":"Polygon"},"properties":{"bbox":{"roads":{"area":159.09,"pct":5.05}},"city_same":1,"id":"hex:2410:17461"},"type":"Feature"},{"geometry":{"coordinates":[[[-117.5235,34.16553],[-117.5231,34.16612],[-117.52306,34.16491],[-117.5235,34.16553]]],"type":"Polygon"},"properties":{"bbox":{"parking":{"area":453.84,"pct":17.54},"roads":{"area":156.93,"pct":6.07}},"city":{"roads":{"area":156.93,"pct":6.07}},"id":"hex:2410:17462"},"type":"Feature"},{"geometry":{"coordinates":[[[-117.521,34.09037],[-117.52033,34.09135],[-117.51897,34.09135],[-117.51829,34.09038],[-117.51869,34.08979],[-117.51924,34.0898],[-117.52024,34.08979],[-117.52057,34.08975],[-117.521,34.09037]]],"type":"Polygon"},"properties":{"bbox":{"roads":{"area":3189.99,"pct":9.36}},"city_same":1,"id":"hex:2411:17423"},"type":"Feature"},{"geometry":{"coordinates":[[[-117.5183,34.09233],[-117.51899,34.09331],[-117.52034,34.0933],[-117.52101,34.09232],[-117.52033,34.09135],[-117.51897,34.09135],[-117.5183,34.09233]]],"type":"Polygon"},"properties":{"bbox":{"roads":{"area":1274.28,"pct":3.14}},"city_same":1,"id":"hex:2411:17424"},"type":"Feature"},{"geometry":{"coordinates":[[[-117.51831,34.09428],[-117.519,34.09526],[-117.52035,34.09525],[-117.52102,34.09427],[-117.52034,34.0933],[-117.51899,34.09331],[-117.51831,34.09428]]],"type":"Polygon"},"properties":{"bbox":{"roads":{"area":2533.93,"pct":6.24}},"city_same":1,"id":"hex:2411:17425"},"type":"Feature"},{"geometry":{"coordinates":[[[-117.51833,34.09624],[-117.51901,34.09721],[-117.52036,34.09721],[-117.52104,34.09623],[-117.52035,34.09525],[-117.519,34.09526],[-117.51833,34.09624]]],"type":"Polygon"},"properties":{"bbox":{"roads":{"area":3299.9,"pct":8.13}},"city_same":1,"id":"hex:2411:17426"},"type":"Feature"},{"geometry":{"coordinates":[[[-117.51834,34.09819],[-117.51902,34.09916],[-117.52038,34.09916],[-117.52105,34.09818],[-117.52036,34.09721],[-117.51901,34.09721],[-117.51834,34.09819]]],"type":"Polygon"},"properties":{"bbox":{"roads":{"area":6241.86,"pct":15.38},"sidewalks":{"area":9.56,"pct":0.02}},"city":{"roads":{"area":3924.93,"pct":9.67},"sidewalks":{"area":9.56,"pct":0.02}},"id":"hex:2411:17427"},"type":"Feature"},{"geometry":{"coordinates":[[[-117.51835,34.10014],[-117.51903,34.10112],[-117.52039,34.10111],[-117.52106,34.10013],[-117.52038,34.09916],[-117.51902,34.09916],[-117.51835,34.10014]]],"type":"Polygon"},"properties":{"bbox":{"roads":{"area":3167.41,"pct":7.8},"sidewalks":{"area":110.41,"pct":0.27}},"city_same":1,"id":"hex:2411:17428"},"type":"Feature"},{"geometry":{"coordinates":[[[-117.51836,34.1021],[-117.51905,34.10307],[-117.5204,34.10306],[-117.52107,34.10208],[-117.52039,34.10111],[-117.51903,34.10112],[-117.51836,34.1021]]],"type":"Polygon"},"properties":{"bbox":{"roads":{"area":2076.46,"pct":5.12}},"city_same":1,"id":"hex:2411:17429"},"type":"Feature"},{"geometry":{"coordinates":[[[-117.51837,34.10405],[-117.51906,34.10502],[-117.52041,34.10502],[-117.52108,34.10404],[-117.5204,34.10306],[-117.51905,34.10307],[-117.51837,34.10405]]],"type":"Polygon"},"properties":{"bbox":{"roads":{"area":1528.85,"pct":3.77}},"city_same":1,"id":"hex:2411:17430"},"type":"Feature"},{"geometry":{"coordinates":[[[-117.51839,34.106],[-117.51906,34.10502],[-117.52041,34.10502],[-117.5211,34.10599],[-117.52042,34.10697],[-117.5192,34.10697],[-117.5192,34.10668],[-117.51886,34.10668],[-117.51839,34.106]]],"type":"Polygon"},"properties":{"bbox":{"roads":{"area":7770.08,"pct":19.48},"sidewalks":{"area":755.35,"pct":1.89}},"city":{"roads":{"area":2424.9,"pct":6.08},"sidewalks":{"area":755.35,"pct":1.89}},"id":"hex:2411:17431"},"type":"Feature"},{"geometry":{"coordinates":[[[-117.52042,34.10697],[-117.52111,34.10794],[-117.52044,34.10892],[-117.51908,34.10893],[-117.51897,34.10877],[-117.51918,34.10877],[-117.5192,34.10697],[-117.52042,34.10697]]],"type":"Polygon"},"properties":{"bbox":{"roads":{"area":2648.73,"pct":8.34},"sidewalks":{"area":54.22,"pct":0.17}},"city_same":1,"id":"hex:2411:17432"},"type":"Feature"},{"geometry":{"coordinates":[[[-117.51841,34.10991],[-117.51909,34.11088],[-117.52045,34.11087],[-117.52112,34.10989],[-117.52044,34.10892],[-117.51908,34.10893],[-117.51841,34.10991]]],"type":"Polygon"},"properties":{"bbox":{"roads":{"area":4190.54,"pct":10.32},"sidewalks":{"area":1564.3,"pct":3.85}},"city_same":1,"id":"hex:2411:17433"},"type":"Feature"},{"geometry":{"coordinates":[[[-117.51842,34.11186],[-117.51911,34.11283],[-117.52046,34.11283],[-117.52113,34.11185],[-117.52045,34.11087],[-117.51909,34.11088],[-117.51842,34.11186]]],"type":"Polygon"},"properties":{"bbox":{"roads":{"area":2365.71,"pct":5.83},"sidewalks":{"area":608.83,"pct":1.5}},"city_same":1,"id":"hex:2411:17434"},"type":"Feature"},{"geometry":{"coordinates":[[[-117.51843,34.11381],[-117.51912,34.11478],[-117.52047,34.11478],[-117.52114,34.1138],[-117.52046,34.11283],[-117.51911,34.11283],[-117.51843,34.11381]]],"type":"Polygon"},"properties":{"bbox":{"roads":{"area":6221.5,"pct":15.33},"sidewalks":{"area":285.11,"pct":0.7}},"city":{"roads":{"area":3035.86,"pct":7.48},"sidewalks":{"area":285.11,"pct":0.7}},"id":"hex:2411:17435"},"type":"Feature"},{"geometry":{"coordinates":[[[-117.51845,34.11576],[-117.51913,34.11674],[-117.52048,34.11673],[-117.52116,34.11575],[-117.52047,34.11478],[-117.51912,34.11478],[-117.51845,34.11576]]],"type":"Polygon"},"properties":{"bbox":{"roads":{"area":7887.4,"pct":19.43}},"city":{"roads":{"area":1310.38,"pct":3.23}},"id":"hex:2411:17436"},"type":"Feature"},{"geometry":{"coordinates":[[[-117.51846,34.11772],[-117.51914,34.11869],[-117.5205,34.11868],[-117.52117,34.1177],[-117.52048,34.11673],[-117.51913,34.11674],[-117.51846,34.11772]]],"type":"Polygon"},"properties":{"bbox":{"roads":{"area":6706.77,"pct":16.52}},"city":{"roads":{"area":2412.11,"pct":5.94}},"id":"hex:2411:17437"},"type":"Feature"},{"geometry":{"coordinates":[[[-117.51847,34.11967],[-117.51915,34.12064],[-117.52051,34.12064],[-117.52118,34.11966],[-117.5205,34.11868],[-117.51914,34.11869],[-117.51847,34.11967]]],"type":"Polygon"},"properties":{"bbox":{"roads":{"area":4065.53,"pct":10.01},"sidewalks":{"area":314.66,"pct":0.78}},"city_same":1,"id":"hex:2411:17438"},"type":"Feature"},{"geometry":{"coordinates":[[[-117.51848,34.12162],[-117.51916,34.12259],[-117.52052,34.12259],[-117.52119,34.12161],[-117.52051,34.12064],[-117.51915,34.12064],[-117.51848,34.12162]]],"type":"Polygon"},"properties":{"bbox":{"roads":{"area":4823.58,"pct":11.88},"sidewalks":{"area":348.85,"pct":0.86}},"city_same":1,"id":"hex:2411:17439"},"type":"Feature"},{"geometry":{"coordinates":[[[-117.51849,34.12357],[-117.51918,34.12455],[-117.52053,34.12454],[-117.5212,34.12356],[-117.52052,34.12259],[-117.51916,34.12259],[-117.51849,34.12357]]],"type":"Polygon"},"properties":{"bbox":{"roads":{"area":2369.27,"pct":5.84}},"city_same":1,"id":"hex:2411:17440"},"type":"Feature"},{"geometry":{"coordinates":[[[-117.5185,34.12553],[-117.51919,34.1265],[-117.52054,34.12649],[-117.52122,34.12551],[-117.52053,34.12454],[-117.51918,34.12455],[-117.5185,34.12553]]],"type":"Polygon"},"properties":{"bbox":{"roads":{"area":2291.03,"pct":5.64}},"city_same":1,"id":"hex:2411:17441"},"type":"Feature"},{"geometry":{"coordinates":[[[-117.51852,34.12748],[-117.5192,34.12845],[-117.52056,34.12845],[-117.52123,34.12747],[-117.52054,34.12649],[-117.51919,34.1265],[-117.51852,34.12748]]],"type":"Polygon"},"properties":{"bbox":{"roads":{"area":1232.08,"pct":3.04}},"city_same":1,"id":"hex:2411:17442"},"type":"Feature"},{"geometry":{"coordinates":[[[-117.51853,34.12943],[-117.51921,34.1304],[-117.52057,34.1304],[-117.52124,34.12942],[-117.52056,34.12845],[-117.5192,34.12845],[-117.51853,34.12943]]],"type":"Polygon"},"properties":{"bbox":{"roads":{"area":2889.56,"pct":7.12}},"city_same":1,"id":"hex:2411:17443"},"type":"Feature"},{"geometry":{"coordinates":[[[-117.51854,34.13138],[-117.51922,34.13236],[-117.52058,34.13235],[-117.52125,34.13137],[-117.52057,34.1304],[-117.51921,34.1304],[-117.51854,34.13138]]],"type":"Polygon"},"properties":{"bbox":{"roads":{"area":3625.27,"pct":8.93},"sidewalks":{"area":168.89,"pct":0.42}},"city_same":1,"id":"hex:2411:17444"},"type":"Feature"},{"geometry":{"coordinates":[[[-117.51855,34.13334],[-117.51924,34.13431],[-117.52059,34.1343],[-117.52126,34.13332],[-117.52058,34.13235],[-117.51922,34.13236],[-117.51855,34.13334]]],"type":"Polygon"},"properties":{"bbox":{"roads":{"area":2404.48,"pct":5.92},"sidewalks":{"area":345.6,"pct":0.85}},"city_same":1,"id":"hex:2411:17445"},"type":"Feature"},{"geometry":{"coordinates":[[[-117.51856,34.13529],[-117.51925,34.13626],[-117.5206,34.13626],[-117.52128,34.13528],[-117.52059,34.1343],[-117.51924,34.13431],[-117.51856,34.13529]]],"type":"Polygon"},"properties":{"bbox":{"roads":{"area":4493.35,"pct":11.07},"sidewalks":{"area":106.79,"pct":0.26}},"city":{"roads":{"area":2683.41,"pct":6.61},"sidewalks":{"area":106.79,"pct":0.26}},"id":"hex:2411:17446"},"type":"Feature"},{"geometry":{"coordinates":[[[-117.51858,34.13724],[-117.51926,34.13821],[-117.52062,34.13821],[-117.52129,34.13723],[-117.5206,34.13626],[-117.51925,34.13626],[-117.51858,34.13724]]],"type":"Polygon"},"properties":{"bbox":{"roads":{"area":5096.73,"pct":12.56}},"city":{"roads":{"area":2126.09,"pct":5.24}},"id":"hex:2411:17447"},"type":"Feature"},{"geometry":{"coordinates":[[[-117.51859,34.13919],[-117.51927,34.14017],[-117.52063,34.14016],[-117.5213,34.13918],[-117.52062,34.13821],[-117.51926,34.13821],[-117.51859,34.13919]]],"type":"Polygon"},"properties":{"bbox":{"roads":{"area":1932.54,"pct":4.76}},"city_same":1,"id":"hex:2411:17448"},"type":"Feature"},{"geometry":{"coordinates":[[[-117.5186,34.14115],[-117.51928,34.14212],[-117.52064,34.14211],[-117.52131,34.14113],[-117.52063,34.14016],[-117.51927,34.14017],[-117.5186,34.14115]]],"type":"Polygon"},"properties":{"bbox":{"roads":{"area":930,"pct":2.29}},"city_same":1,"id":"hex:2411:17449"},"type":"Feature"},{"geometry":{"coordinates":[[[-117.51861,34.1431],[-117.5193,34.14407],[-117.52065,34.14407],[-117.52132,34.14309],[-117.52064,34.14211],[-117.51928,34.14212],[-117.51861,34.1431]]],"type":"Polygon"},"properties":{"bbox":{"roads":{"area":2959.14,"pct":7.29}},"city_same":1,"id":"hex:2411:17450"},"type":"Feature"},{"geometry":{"coordinates":[[[-117.51862,34.14505],[-117.51931,34.14602],[-117.52066,34.14602],[-117.52134,34.14504],[-117.52065,34.14407],[-117.5193,34.14407],[-117.51862,34.14505]]],"type":"Polygon"},"properties":{"bbox":{"roads":{"area":864,"pct":2.13}},"city_same":1,"id":"hex:2411:17451"},"type":"Feature"},{"geometry":{"coordinates":[[[-117.51864,34.147],[-117.51932,34.14798],[-117.52068,34.14797],[-117.52135,34.14699],[-117.52066,34.14602],[-117.51931,34.14602],[-117.51864,34.147]]],"type":"Polygon"},"properties":{"bbox":{"roads":{"area":1827.43,"pct":4.5}},"city_same":1,"id":"hex:2411:17452"},"type":"Feature"},{"geometry":{"coordinates":[[[-117.51865,34.14896],[-117.51933,34.14993],[-117.52069,34.14992],[-117.52136,34.14894],[-117.52068,34.14797],[-117.51932,34.14798],[-117.51865,34.14896]]],"type":"Polygon"},"properties":{"bbox":{"roads":{"area":1122.48,"pct":2.77}},"city_same":1,"id":"hex:2411:17453"},"type":"Feature"},{"geometry":{"coordinates":[[[-117.51866,34.15091],[-117.51934,34.15188],[-117.5207,34.15188],[-117.52137,34.1509],[-117.52069,34.14992],[-117.51933,34.14993],[-117.51866,34.15091]]],"type":"Polygon"},"properties":{"bbox":{"roads":{"area":4959.3,"pct":12.22}},"city":{"roads":{"area":1986.83,"pct":4.89}},"id":"hex:2411:17454"},"type":"Feature"},{"geometry":{"coordinates":[[[-117.51867,34.15286],[-117.51936,34.15383],[-117.52071,34.15383],[-117.52138,34.15285],[-117.5207,34.15188],[-117.51934,34.15188],[-117.51867,34.15286]]],"type":"Polygon"},"properties":{"bbox":{"roads":{"area":2135.99,"pct":5.26}},"city_same":1,"id":"hex:2411:17455"},"type":"Feature"},{"geometry":{"coordinates":[[[-117.51868,34.15481],[-117.51937,34.15579],[-117.52072,34.15578],[-117.5214,34.1548],[-117.52071,34.15383],[-117.51936,34.15383],[-117.51868,34.15481]]],"type":"Polygon"},"properties":{"bbox":{"roads":{"area":984.58,"pct":2.43}},"city_same":1,"id":"hex:2411:17456"},"type":"Feature"},{"geometry":{"coordinates":[[[-117.5187,34.15677],[-117.51938,34.15774],[-117.52074,34.15773],[-117.52141,34.15675],[-117.52072,34.15578],[-117.51937,34.15579],[-117.5187,34.15677]]],"type":"Polygon"},"properties":{"bbox":{"roads":{"area":70.94,"pct":0.17}},"city_same":1,"id":"hex:2411:17457"},"type":"Feature"},{"geometry":{"coordinates":[[[-117.51829,34.09038],[-117.51694,34.09039],[-117.51625,34.08941],[-117.51628,34.08937],[-117.51636,34.08939],[-117.51665,34.08946],[-117.51707,34.0896],[-117.5173,34.08967],[-117.51763,34.08974],[-117.51788,34.08978],[-117.51869,34.08979],[-117.51829,34.09038]]],"type":"Polygon"},"properties":{"bbox":{"roads":{"area":1648.61,"pct":12.07}},"city_same":1,"id":"hex:2412:17423"},"type":"Feature"},{"geometry":{"coordinates":[[[-117.51626,34.09136],[-117.51695,34.09234],[-117.5183,34.09233],[-117.51897,34.09135],[-117.51829,34.09038],[-117.51694,34.09039],[-117.51626,34.09136]]],"type":"Polygon"},"properties":{"bbox":{"roads":{"area":592.68,"pct":1.46}},"city_same":1,"id":"hex:2412:17424"},"type":"Feature"},{"geometry":{"coordinates":[[[-117.51628,34.09332],[-117.51696,34.09429],[-117.51831,34.09428],[-117.51899,34.09331],[-117.5183,34.09233],[-117.51695,34.09234],[-117.51628,34.09332]]],"type":"Polygon"},"properties":{"bbox":{"roads":{"area":548.2,"pct":1.35}},"city_same":1,"id":"hex:2412:17425"},"type":"Feature"},{"geometry":{"coordinates":[[[-117.51629,34.09527],[-117.51697,34.09624],[-117.51833,34.09624],[-117.519,34.09526],[-117.51831,34.09428],[-117.51696,34.09429],[-117.51629,34.09527]]],"type":"Polygon"},"properties":{"bbox":{"roads":{"area":2037.79,"pct":5.02}},"city_same":1,"id":"hex:2412:17426"},"type":"Feature"},{"geometry":{"coordinates":[[[-117.5163,34.09722],[-117.51698,34.0982],[-117.51834,34.09819],[-117.51901,34.09721],[-117.51833,34.09624],[-117.51697,34.09624],[-117.5163,34.09722]]],"type":"Polygon"},"properties":{"bbox":{"roads":{"area":1908.21,"pct":4.7}},"city_same":1,"id":"hex:2412:17427"},"type":"Feature"},{"geometry":{"coordinates":[[[-117.51631,34.09917],[-117.51699,34.10015],[-117.51835,34.10014],[-117.51902,34.09916],[-117.51834,34.09819],[-117.51698,34.0982],[-117.51631,34.09917]]],"type":"Polygon"},"properties":{"bbox":{"roads":{"area":6521.63,"pct":16.07}},"city":{"roads":{"area":2710.29,"pct":6.68}},"id":"hex:2412:17428"},"type":"Feature"},{"geometry":{"coordinates":[[[-117.51632,34.10113],[-117.51701,34.1021],[-117.51836,34.1021],[-117.51903,34.10112],[-117.51835,34.10014],[-117.51699,34.10015],[-117.51632,34.10113]]],"type":"Polygon"},"properties":{"bbox":{"roads":{"area":3308.31,"pct":8.15}},"city_same":1,"id":"hex:2412:17429"},"type":"Feature"},{"geometry":{"coordinates":[[[-117.51634,34.10308],[-117.51702,34.10405],[-117.51837,34.10405],[-117.51905,34.10307],[-117.51836,34.1021],[-117.51701,34.1021],[-117.51634,34.10308]]],"type":"Polygon"},"properties":{"bbox":{"roads":{"area":2897.66,"pct":7.14}},"city_same":1,"id":"hex:2412:17430"},"type":"Feature"},{"geometry":{"coordinates":[[[-117.51635,34.10503],[-117.51703,34.10601],[-117.51839,34.106],[-117.51906,34.10502],[-117.51837,34.10405],[-117.51702,34.10405],[-117.51635,34.10503]]],"type":"Polygon"},"properties":{"bbox":{"roads":{"area":3787.34,"pct":9.33}},"city_same":1,"id":"hex:2412:17431"},"type":"Feature"},{"geometry":{"coordinates":[[[-117.51704,34.10796],[-117.51636,34.10699],[-117.51703,34.10601],[-117.51839,34.106],[-117.51886,34.10668],[-117.51872,34.10668],[-117.51809,34.10795],[-117.51704,34.10796]]],"type":"Polygon"},"properties":{"bbox":{"roads":{"area":5808.47,"pct":16.31},"sidewalks":{"area":358.54,"pct":1.01}},"city":{"roads":{"area":1080.09,"pct":3.03},"sidewalks":{"area":358.54,"pct":1.01}},"id":"hex:2412:17432"},"type":"Feature"},{"geometry":{"coordinates":[[[-117.51908,34.10893],[-117.51841,34.10991],[-117.51705,34.10991],[-117.51637,34.10894],[-117.51704,34.10796],[-117.51809,34.10795],[-117.51769,34.10876],[-117.51897,34.10877],[-117.51908,34.10893]]],"type":"Polygon"},"properties":{"bbox":{"parking":{"area":1228.29,"pct":3.61},"roads":{"area":510.28,"pct":1.5},"sidewalks":{"area":92.55,"pct":0.27}},"city_same":1,"id":"hex:2412:17433"},"type":"Feature"},{"geometry":{"coordinates":[[[-117.51638,34.11089],[-117.51707,34.11186],[-117.51842,34.11186],[-117.51909,34.11088],[-117.51841,34.10991],[-117.51705,34.10991],[-117.51638,34.11089]]],"type":"Polygon"},"properties":{"bbox":{"parking":{"area":216.35,"pct":0.53},"roads":{"area":4228.95,"pct":10.42},"sidewalks":{"area":2176.86,"pct":5.36}},"city_same":1,"id":"hex:2412:17434"},"type":"Feature"},{"geometry":{"coordinates":[[[-117.51639,34.11284],[-117.51708,34.11382],[-117.51843,34.11381],[-117.51911,34.11283],[-117.51842,34.11186],[-117.51707,34.11186],[-117.51639,34.11284]]],"type":"Polygon"},"properties":{"bbox":{"roads":{"area":5544.77,"pct":13.66},"sidewalks":{"area":1765.08,"pct":4.35}},"city":{"roads":{"area":2651.06,"pct":6.53},"sidewalks":{"area":1765.08,"pct":4.35}},"id":"hex:2412:17435"},"type":"Feature"},{"geometry":{"coordinates":[[[-117.51641,34.1148],[-117.51709,34.11577],[-117.51845,34.11576],[-117.51912,34.11478],[-117.51843,34.11381],[-117.51708,34.11382],[-117.51641,34.1148]]],"type":"Polygon"},"properties":{"bbox":{"roads":{"area":3822.28,"pct":9.42},"sidewalks":{"area":364.58,"pct":0.9}},"city_same":1,"id":"hex:2412:17436"},"type":"Feature"},{"geometry":{"coordinates":[[[-117.51642,34.11675],[-117.5171,34.11772],[-117.51846,34.11772],[-117.51913,34.11674],[-117.51845,34.11576],[-117.51709,34.11577],[-117.51642,34.11675]]],"type":"Polygon"},"properties":{"bbox":{"roads":{"area":4404.3,"pct":10.85}},"city":{"roads":{"area":2525.13,"pct":6.22}},"id":"hex:2412:17437"},"type":"Feature"},{"geometry":{"coordinates":[[[-117.51643,34.1187],[-117.51711,34.11967],[-117.51847,34.11967],[-117.51914,34.11869],[-117.51846,34.11772],[-117.5171,34.11772],[-117.51643,34.1187]]],"type":"Polygon"},"properties":{"bbox":{"roads":{"area":10943.05,"pct":26.96}},"city":{"roads":{"area":2083.97,"pct":5.13}},"id":"hex:2412:17438"},"type":"Feature"},{"geometry":{"coordinates":[[[-117.51644,34.12065],[-117.51713,34.12163],[-117.51848,34.12162],[-117.51915,34.12064],[-117.51847,34.11967],[-117.51711,34.11967],[-117.51644,34.12065]]],"type":"Polygon"},"properties":{"bbox":{"roads":{"area":7886.64,"pct":19.43},"sidewalks":{"area":556.22,"pct":1.37}},"city":{"roads":{"area":7261.28,"pct":17.89},"sidewalks":{"area":556.22,"pct":1.37}},"id":"hex:2412:17439"},"type":"Feature"},{"geometry":{"coordinates":[[[-117.51645,34.12261],[-117.51714,34.12358],[-117.51849,34.12357],[-117.51916,34.12259],[-117.51848,34.12162],[-117.51713,34.12163],[-117.51645,34.12261]]],"type":"Polygon"},"properties":{"bbox":{"roads":{"area":3227.88,"pct":7.95}},"city_same":1,"id":"hex:2412:17440"},"type":"Feature"},{"geometry":{"coordinates":[[[-117.51647,34.12456],[-117.51715,34.12553],[-117.5185,34.12553],[-117.51918,34.12455],[-117.51849,34.12357],[-117.51714,34.12358],[-117.51647,34.12456]]],"type":"Polygon"},"properties":{"bbox":{"roads":{"area":1146.28,"pct":2.82}},"city_same":1,"id":"hex:2412:17441"},"type":"Feature"},{"geometry":{"coordinates":[[[-117.51648,34.12651],[-117.51716,34.12748],[-117.51852,34.12748],[-117.51919,34.1265],[-117.5185,34.12553],[-117.51715,34.12553],[-117.51648,34.12651]]],"type":"Polygon"},"properties":{"bbox":{"roads":{"area":40.74,"pct":0.1}},"city_same":1,"id":"hex:2412:17442"},"type":"Feature"},{"geometry":{"coordinates":[[[-117.51649,34.12846],[-117.51717,34.12944],[-117.51853,34.12943],[-117.5192,34.12845],[-117.51852,34.12748],[-117.51716,34.12748],[-117.51649,34.12846]]],"type":"Polygon"},"properties":{"bbox":{"roads":{"area":1975.7,"pct":4.87}},"city_same":1,"id":"hex:2412:17443"},"type":"Feature"},{"geometry":{"coordinates":[[[-117.51717,34.12944],[-117.51853,34.12943],[-117.51921,34.1304],[-117.51854,34.13138],[-117.51719,34.13139],[-117.5165,34.13042],[-117.51717,34.12944]],[[-117.51768,34.13077],[-117.51771,34.13055],[-117.5178,34.13047],[-117.51779,34.13032],[-117.51773,34.13028],[-117.51687,34.13028],[-117.51687,34.13078],[-117.51768,34.13077]]],"type":"Polygon"},"properties":{"bbox":{"roads":{"area":632.32,"pct":1.75}},"city_same":1,"id":"hex:2412:17444"},"type":"Feature"},{"geometry":{"coordinates":[[[-117.51651,34.13237],[-117.5172,34.13334],[-117.51855,34.13334],[-117.51922,34.13236],[-117.51854,34.13138],[-117.51719,34.13139],[-117.51651,34.13237]]],"type":"Polygon"},"properties":{"bbox":{"roads":{"area":3842.39,"pct":9.47},"sidewalks":{"area":599.48,"pct":1.48}},"city_same":1,"id":"hex:2412:17445"},"type":"Feature"},{"geometry":{"coordinates":[[[-117.51653,34.13432],[-117.51721,34.13529],[-117.51856,34.13529],[-117.51924,34.13431],[-117.51855,34.13334],[-117.5172,34.13334],[-117.51653,34.13432]]],"type":"Polygon"},"properties":{"bbox":{"roads":{"area":2653.2,"pct":6.54}},"city_same":1,"id":"hex:2412:17446"},"type":"Feature"},{"geometry":{"coordinates":[[[-117.51654,34.13627],[-117.51722,34.13725],[-117.51858,34.13724],[-117.51925,34.13626],[-117.51856,34.13529],[-117.51721,34.13529],[-117.51654,34.13627]]],"type":"Polygon"},"properties":{"bbox":{"roads":{"area":8458.94,"pct":20.84}},"city":{"roads":{"area":742.61,"pct":1.83}},"id":"hex:2412:17447"},"type":"Feature"},{"geometry":{"coordinates":[[[-117.51655,34.13823],[-117.51723,34.1392],[-117.51859,34.13919],[-117.51926,34.13821],[-117.51858,34.13724],[-117.51722,34.13725],[-117.51655,34.13823]]],"type":"Polygon"},"properties":{"bbox":{"roads":{"area":2957.96,"pct":7.29},"sidewalks":{"area":164.86,"pct":0.41}},"city_same":1,"id":"hex:2412:17448"},"type":"Feature"},{"geometry":{"coordinates":[[[-117.51656,34.14018],[-117.51724,34.14115],[-117.5186,34.14115],[-117.51927,34.14017],[-117.51859,34.13919],[-117.51723,34.1392],[-117.51656,34.14018]]],"type":"Polygon"},"properties":{"bbox":{"roads":{"area":2343.28,"pct":5.77}},"city_same":1,"id":"hex:2412:17449"},"type":"Feature"},{"geometry":{"coordinates":[[[-117.51657,34.14213],[-117.51726,34.1431],[-117.51861,34.1431],[-117.51928,34.14212],[-117.5186,34.14115],[-117.51724,34.14115],[-117.51657,34.14213]]],"type":"Polygon"},"properties":{"bbox":{"roads":{"area":1420.71,"pct":3.5}},"city_same":1,"id":"hex:2412:17450"},"type":"Feature"},{"geometry":{"coordinates":[[[-117.51658,34.14408],[-117.51727,34.14506],[-117.51862,34.14505],[-117.5193,34.14407],[-117.51861,34.1431],[-117.51726,34.1431],[-117.51658,34.14408]]],"type":"Polygon"},"properties":{"bbox":{"roads":{"area":3163.77,"pct":7.79}},"city_same":1,"id":"hex:2412:17451"},"type":"Feature"},{"geometry":{"coordinates":[[[-117.5166,34.14604],[-117.51728,34.14701],[-117.51864,34.147],[-117.51931,34.14602],[-117.51862,34.14505],[-117.51727,34.14506],[-117.5166,34.14604]]],"type":"Polygon"},"properties":{"bbox":{"roads":{"area":611.44,"pct":1.51}},"city_same":1,"id":"hex:2412:17452"},"type":"Feature"},{"geometry":{"coordinates":[[[-117.51661,34.14799],[-117.51729,34.14896],[-117.51865,34.14896],[-117.51932,34.14798],[-117.51864,34.147],[-117.51728,34.14701],[-117.51661,34.14799]]],"type":"Polygon"},"properties":{"bbox":{"roads":{"area":565.49,"pct":1.39}},"city_same":1,"id":"hex:2412:17453"},"type":"Feature"},{"geometry":{"coordinates":[[[-117.51662,34.14994],[-117.5173,34.15091],[-117.51866,34.15091],[-117.51933,34.14993],[-117.51865,34.14896],[-117.51729,34.14896],[-117.51662,34.14994]]],"type":"Polygon"},"properties":{"bbox":{"roads":{"area":4199.34,"pct":10.34}},"city":{"roads":{"area":1364.51,"pct":3.36}},"id":"hex:2412:17454"},"type":"Feature"},{"geometry":{"coordinates":[[[-117.51663,34.15189],[-117.51732,34.15287],[-117.51867,34.15286],[-117.51934,34.15188],[-117.51866,34.15091],[-117.5173,34.15091],[-117.51663,34.15189]]],"type":"Polygon"},"properties":{"bbox":{"roads":{"area":3160.42,"pct":7.79}},"city_same":1,"id":"hex:2412:17455"},"type":"Feature"},{"geometry":{"coordinates":[[[-117.51664,34.15385],[-117.51733,34.15482],[-117.51868,34.15481],[-117.51936,34.15383],[-117.51867,34.15286],[-117.51732,34.15287],[-117.51664,34.15385]]],"type":"Polygon"},"properties":{"bbox":{"roads":{"area":3034.98,"pct":7.48}},"city_same":1,"id":"hex:2412:17456"},"type":"Feature"},{"geometry":{"coordinates":[[[-117.51666,34.1558],[-117.51734,34.15677],[-117.5187,34.15677],[-117.51937,34.15579],[-117.51868,34.15481],[-117.51733,34.15482],[-117.51666,34.1558]]],"type":"Polygon"},"properties":{"bbox":{"roads":{"area":325.1,"pct":0.8}},"city_same":1,"id":"hex:2412:17457"},"type":"Feature"},{"geometry":{"coordinates":[[[-117.51625,34.08941],[-117.51496,34.08942],[-117.51496,34.08941],[-117.51505,34.08939],[-117.51532,34.08935],[-117.51573,34.08932],[-117.51606,34.08934],[-117.51628,34.08937],[-117.51625,34.08941]]],"type":"Polygon"},"properties":{"bbox":{"roads":{"area":635.63,"pct":74.05}},"city_same":1,"id":"hex:2413:17422"},"type":"Feature"},{"geometry":{"coordinates":[[[-117.51625,34.08941],[-117.51694,34.09039],[-117.51626,34.09136],[-117.51497,34.09137],[-117.51496,34.08942],[-117.51625,34.08941]]],"type":"Polygon"},"properties":{"bbox":{"roads":{"area":55.63,"pct":0.17}},"city_same":1,"id":"hex:2413:17423"},"type":"Feature"},{"geometry":{"coordinates":[[[-117.51628,34.09332],[-117.51696,34.09429],[-117.51629,34.09527],[-117.51498,34.09528],[-117.51497,34.09332],[-117.51628,34.09332]]],"type":"Polygon"},"properties":{"bbox":{"roads":{"area":2010.1,"pct":6.12}},"city_same":1,"id":"hex:2413:17425"},"type":"Feature"},{"geometry":{"coordinates":[[[-117.51629,34.09527],[-117.51697,34.09624],[-117.5163,34.09722],[-117.51499,34.09723],[-117.51498,34.09528],[-117.51629,34.09527]]],"type":"Polygon"},"properties":{"bbox":{"roads":{"area":2050.54,"pct":6.23}},"city_same":1,"id":"hex:2413:17426"},"type":"Feature"},{"geometry":{"coordinates":[[[-117.5163,34.09722],[-117.51698,34.0982],[-117.51631,34.09917],[-117.51499,34.09918],[-117.51499,34.09911],[-117.51499,34.09723],[-117.5163,34.09722]]],"type":"Polygon"},"properties":{"bbox":{"roads":{"area":4566.97,"pct":13.83}},"city":{"roads":{"area":2283,"pct":6.91}},"id":"hex:2413:17427"},"type":"Feature"},{"geometry":{"coordinates":[[[-117.51631,34.09917],[-117.51699,34.10015],[-117.51632,34.10113],[-117.51497,34.10113],[-117.51497,34.10113],[-117.51499,34.09918],[-117.51631,34.09917]]],"type":"Polygon"},"properties":{"bbox":{"roads":{"area":2805.66,"pct":8.38}},"city_same":1,"id":"hex:2413:17428"},"type":"Feature"},{"geometry":{"coordinates":[[[-117.51497,34.10113],[-117.51632,34.10113],[-117.51701,34.1021],[-117.51634,34.10308],[-117.51498,34.10309],[-117.51494,34.10303],[-117.51497,34.10113],[-117.51497,34.10113]]],"type":"Polygon"},"properties":{"bbox":{"roads":{"area":2941.28,"pct":8.6}},"city_same":1,"id":"hex:2413:17429"},"type":"Feature"},{"geometry":{"coordinates":[[[-117.51498,34.10309],[-117.51634,34.10308],[-117.51702,34.10405],[-117.51635,34.10503],[-117.51499,34.10504],[-117.51493,34.10495],[-117.51492,34.10453],[-117.51494,34.10314],[-117.51498,34.10309]]],"type":"Polygon"},"properties":{"bbox":{"roads":{"area":3058.01,"pct":8.77}},"city_same":1,"id":"hex:2413:17430"},"type":"Feature"},{"geometry":{"coordinates":[[[-117.51499,34.10504],[-117.51635,34.10503],[-117.51703,34.10601],[-117.51636,34.10699],[-117.515,34.10699],[-117.51468,34.10652],[-117.51468,34.10635],[-117.51496,34.10635],[-117.51493,34.10512],[-117.51499,34.10504]]],"type":"Polygon"},"properties":{"bbox":{"roads":{"area":7836.16,"pct":21.86},"sidewalks":{"area":335.23,"pct":0.94}},"city":{"roads":{"area":3027.46,"pct":8.44},"sidewalks":{"area":335.23,"pct":0.94}},"id":"hex:2413:17431"},"type":"Feature"},{"geometry":{"coordinates":[[[-117.515,34.10699],[-117.51636,34.10699],[-117.51704,34.10796],[-117.51637,34.10894],[-117.51502,34.10894],[-117.51466,34.10844],[-117.51467,34.10748],[-117.515,34.10699]]],"type":"Polygon"},"properties":{"bbox":{"roads":{"area":3861.72,"pct":9.91},"sidewalks":{"area":172.3,"pct":0.44}},"city":{"roads":{"area":3813.49,"pct":9.78},"sidewalks":{"area":172.3,"pct":0.44}},"id":"hex:2413:17432"},"type":"Feature"},{"geometry":{"coordinates":[[[-117.51502,34.10894],[-117.51637,34.10894],[-117.51705,34.10991],[-117.51638,34.11089],[-117.51503,34.1109],[-117.51464,34.11035],[-117.51465,34.10947],[-117.51502,34.10894]]],"type":"Polygon"},"properties":{"bbox":{"roads":{"area":1660.92,"pct":4.23},"sidewalks":{"area":445.96,"pct":1.14}},"city":{"roads":{"area":1481.06,"pct":3.77},"sidewalks":{"area":445.96,"pct":1.14}},"id":"hex:2413:17433"},"type":"Feature"},{"geometry":{"coordinates":[[[-117.51503,34.1109],[-117.51638,34.11089],[-117.51707,34.11186],[-117.51639,34.11284],[-117.51504,34.11285],[-117.51463,34.11226],[-117.51463,34.11147],[-117.51503,34.1109]]],"type":"Polygon"},"properties":{"bbox":{"roads":{"area":3602.62,"pct":9.13},"sidewalks":{"area":1739.81,"pct":4.41}},"city":{"roads":{"area":3375.14,"pct":8.55},"sidewalks":{"area":1739.81,"pct":4.41}},"id":"hex:2413:17434"},"type":"Feature"},{"geometry":{"coordinates":[[[-117.51504,34.11285],[-117.51639,34.11284],[-117.51708,34.11382],[-117.51641,34.1148],[-117.51505,34.1148],[-117.51461,34.11418],[-117.51462,34.11346],[-117.51504,34.11285]]],"type":"Polygon"},"properties":{"bbox":{"roads":{"area":5452.71,"pct":13.74},"sidewalks":{"area":907.58,"pct":2.29}},"city":{"roads":{"area":2094.61,"pct":5.28},"sidewalks":{"area":907.58,"pct":2.29}},"id":"hex:2413:17435"},"type":"Feature"},{"geometry":{"coordinates":[[[-117.51505,34.1148],[-117.51641,34.1148],[-117.51709,34.11577],[-117.51642,34.11675],[-117.51506,34.11675],[-117.5146,34.11609],[-117.5146,34.11546],[-117.51505,34.1148]]],"type":"Polygon"},"properties":{"bbox":{"roads":{"area":4369.46,"pct":10.96},"sidewalks":{"area":362.59,"pct":0.91}},"city":{"roads":{"area":3842.97,"pct":9.64},"sidewalks":{"area":362.59,"pct":0.91}},"id":"hex:2413:17436"},"type":"Feature"},{"geometry":{"coordinates":[[[-117.51506,34.11675],[-117.51642,34.11675],[-117.5171,34.11772],[-117.51643,34.1187],[-117.51507,34.11871],[-117.51458,34.118],[-117.51458,34.11745],[-117.51506,34.11675]]],"type":"Polygon"},"properties":{"bbox":{"roads":{"area":1589.47,"pct":3.97},"sidewalks":{"area":148.17,"pct":0.37}},"city":{"roads":{"area":1085.76,"pct":2.71},"sidewalks":{"area":148.17,"pct":0.37}},"id":"hex:2413:17437"},"type":"Feature"},{"geometry":{"coordinates":[[[-117.51507,34.11871],[-117.51643,34.1187],[-117.51711,34.11967],[-117.51644,34.12065],[-117.51509,34.12066],[-117.51456,34.11991],[-117.51457,34.11944],[-117.51507,34.11871]]],"type":"Polygon"},"properties":{"bbox":{"roads":{"area":10454.13,"pct":26},"sidewalks":{"area":140.1,"pct":0.35}},"city":{"roads":{"area":165.19,"pct":0.41},"sidewalks":{"area":140.1,"pct":0.35}},"id":"hex:2413:17438"},"type":"Feature"},{"geometry":{"coordinates":[[[-117.51509,34.12066],[-117.51644,34.12065],[-117.51713,34.12163],[-117.51645,34.12261],[-117.5151,34.12261],[-117.51441,34.12164],[-117.51454,34.12146],[-117.51457,34.12146],[-117.51457,34.12141],[-117.51509,34.12066]]],"type":"Polygon"},"properties":{"bbox":{"roads":{"area":12913.32,"pct":31.82},"sidewalks":{"area":638.95,"pct":1.57}},"city":{"roads":{"area":6492.88,"pct":16},"sidewalks":{"area":638.95,"pct":1.57}},"id":"hex:2413:17439"},"type":"Feature"},{"geometry":{"coordinates":[[[-117.51443,34.12359],[-117.51511,34.12456],[-117.51647,34.12456],[-117.51714,34.12358],[-117.51645,34.12261],[-117.5151,34.12261],[-117.51443,34.12359]]],"type":"Polygon"},"properties":{"bbox":{"roads":{"area":3101.62,"pct":7.64},"sidewalks":{"area":100.25,"pct":0.25}},"city":{"roads":{"area":2367.4,"pct":5.83},"sidewalks":{"area":100.25,"pct":0.25}},"id":"hex:2413:17440"},"type":"Feature"},{"geometry":{"coordinates":[[[-117.51444,34.12554],[-117.51512,34.12652],[-117.51648,34.12651],[-117.51715,34.12553],[-117.51647,34.12456],[-117.51511,34.12456],[-117.51444,34.12554]]],"type":"Polygon"},"properties":{"bbox":{"roads":{"area":2517.05,"pct":6.2},"sidewalks":{"area":31.29,"pct":0.08}},"city":{"roads":{"area":2128.03,"pct":5.24},"sidewalks":{"area":31.29,"pct":0.08}},"id":"hex:2413:17441"},"type":"Feature"},{"geometry":{"coordinates":[[[-117.51445,34.1275],[-117.51513,34.12847],[-117.51649,34.12846],[-117.51716,34.12748],[-117.51648,34.12651],[-117.51512,34.12652],[-117.51445,34.1275]]],"type":"Polygon"},"properties":{"bbox":{"roads":{"area":1974.27,"pct":4.86},"sidewalks":{"area":11.52,"pct":0.03}},"city":{"roads":{"area":1725.94,"pct":4.25},"sidewalks":{"area":11.52,"pct":0.03}},"id":"hex:2413:17442"},"type":"Feature"},{"geometry":{"coordinates":[[[-117.51446,34.12945],[-117.51515,34.13042],[-117.5165,34.13042],[-117.51717,34.12944],[-117.51649,34.12846],[-117.51513,34.12847],[-117.51446,34.12945]]],"type":"Polygon"},"properties":{"bbox":{"roads":{"area":379.85,"pct":0.94}},"city":{"roads":{"area":214.01,"pct":0.53}},"id":"hex:2413:17443"},"type":"Feature"},{"geometry":{"coordinates":[[[-117.51447,34.1314],[-117.51516,34.13237],[-117.51651,34.13237],[-117.51719,34.13139],[-117.5165,34.13042],[-117.51515,34.13042],[-117.51447,34.1314]]],"type":"Polygon"},"properties":{"bbox":{"roads":{"area":96.5,"pct":0.24}},"id":"hex:2413:17444"},"type":"Feature"},{"geometry":{"coordinates":[[[-117.51449,34.13335],[-117.51517,34.13433],[-117.51653,34.13432],[-117.5172,34.13334],[-117.51651,34.13237],[-117.51516,34.13237],[-117.51449,34.13335]]],"type":"Polygon"},"properties":{"bbox":{"roads":{"area":3466.8,"pct":8.54},"sidewalks":{"area":461.03,"pct":1.14}},"city":{"roads":{"area":3396.15,"pct":8.37},"sidewalks":{"area":461.03,"pct":1.14}},"id":"hex:2413:17445"},"type":"Feature"},{"geometry":{"coordinates":[[[-117.5145,34.13531],[-117.51518,34.13628],[-117.51654,34.13627],[-117.51721,34.13529],[-117.51653,34.13432],[-117.51517,34.13433],[-117.5145,34.13531]]],"type":"Polygon"},"properties":{"bbox":{"roads":{"area":4387.99,"pct":10.81},"sidewalks":{"area":46.12,"pct":0.11}},"city":{"roads":{"area":1504.42,"pct":3.71},"sidewalks":{"area":46.12,"pct":0.11}},"id":"hex:2413:17446"},"type":"Feature"},{"geometry":{"coordinates":[[[-117.51451,34.13726],[-117.51519,34.13823],[-117.51655,34.13823],[-117.51722,34.13725],[-117.51654,34.13627],[-117.51518,34.13628],[-117.51451,34.13726]]],"type":"Polygon"},"properties":{"bbox":{"roads":{"area":4975.31,"pct":12.26},"sidewalks":{"area":652.35,"pct":1.61}},"city":{"roads":{"area":2464.39,"pct":6.07},"sidewalks":{"area":652.35,"pct":1.61}},"id":"hex:2413:17447"},"type":"Feature"},{"geometry":{"coordinates":[[[-117.51452,34.13921],[-117.5152,34.14018],[-117.51656,34.14018],[-117.51723,34.1392],[-117.51655,34.13823],[-117.51519,34.13823],[-117.51452,34.13921]]],"type":"Polygon"},"properties":{"bbox":{"roads":{"area":280.51,"pct":0.69},"sidewalks":{"area":42.59,"pct":0.1}},"city":{"roads":{"area":279.56,"pct":0.69},"sidewalks":{"area":42.59,"pct":0.1}},"id":"hex:2413:17448"},"type":"Feature"},{"geometry":{"coordinates":[[[-117.51453,34.14116],[-117.51522,34.14214],[-117.51657,34.14213],[-117.51724,34.14115],[-117.51656,34.14018],[-117.5152,34.14018],[-117.51453,34.14116]]],"type":"Polygon"},"properties":{"bbox":{"roads":{"area":2536.06,"pct":6.25},"sidewalks":{"area":5.78,"pct":0.01}},"city":{"roads":{"area":2535.53,"pct":6.25},"sidewalks":{"area":5.78,"pct":0.01}},"id":"hex:2413:17449"},"type":"Feature"},{"geometry":{"coordinates":[[[-117.51454,34.14312],[-117.51523,34.14409],[-117.51658,34.14408],[-117.51726,34.1431],[-117.51657,34.14213],[-117.51522,34.14214],[-117.51454,34.14312]]],"type":"Polygon"},"properties":{"bbox":{"roads":{"area":4381.75,"pct":10.79},"sidewalks":{"area":24.91,"pct":0.06}},"city":{"roads":{"area":3794.62,"pct":9.35},"sidewalks":{"area":24.91,"pct":0.06}},"id":"hex:2413:17450"},"type":"Feature"},{"geometry":{"coordinates":[[[-117.51456,34.14507],[-117.51524,34.14604],[-117.5166,34.14604],[-117.51727,34.14506],[-117.51658,34.14408],[-117.51523,34.14409],[-117.51456,34.14507]]],"type":"Polygon"},"properties":{"bbox":{"roads":{"area":4944.71,"pct":12.18},"sidewalks":{"area":120.56,"pct":0.3}},"city":{"roads":{"area":4588.96,"pct":11.3},"sidewalks":{"area":120.56,"pct":0.3}},"id":"hex:2413:17451"},"type":"Feature"},{"geometry":{"coordinates":[[[-117.51457,34.14702],[-117.51525,34.14799],[-117.51661,34.14799],[-117.51728,34.14701],[-117.5166,34.14604],[-117.51524,34.14604],[-117.51457,34.14702]]],"type":"Polygon"},"properties":{"bbox":{"roads":{"area":372.9,"pct":0.92}},"city":{"roads":{"area":168.52,"pct":0.42}},"id":"hex:2413:17452"},"type":"Feature"},{"geometry":{"coordinates":[[[-117.51458,34.14897],[-117.51526,34.14995],[-117.51662,34.14994],[-117.51729,34.14896],[-117.51661,34.14799],[-117.51525,34.14799],[-117.51458,34.14897]]],"type":"Polygon"},"properties":{"bbox":{"roads":{"area":2993.86,"pct":7.37},"sidewalks":{"area":11.05,"pct":0.03}},"city":{"roads":{"area":2831.41,"pct":6.97},"sidewalks":{"area":11.05,"pct":0.03}},"id":"hex:2413:17453"},"type":"Feature"},{"geometry":{"coordinates":[[[-117.51459,34.15093],[-117.51528,34.1519],[-117.51663,34.15189],[-117.5173,34.15091],[-117.51662,34.14994],[-117.51526,34.14995],[-117.51459,34.15093]]],"type":"Polygon"},"properties":{"bbox":{"roads":{"area":2738.32,"pct":6.75}},"city":{"roads":{"area":86.78,"pct":0.21}},"id":"hex:2413:17454"},"type":"Feature"},{"geometry":{"coordinates":[[[-117.5146,34.15288],[-117.51529,34.15385],[-117.51664,34.15385],[-117.51732,34.15287],[-117.51663,34.15189],[-117.51528,34.1519],[-117.5146,34.15288]]],"type":"Polygon"},"properties":{"bbox":{"roads":{"area":2486.5,"pct":6.13}},"city_same":1,"id":"hex:2413:17455"},"type":"Feature"},{"geometry":{"coordinates":[[[-117.51462,34.15483],[-117.5153,34.1558],[-117.51666,34.1558],[-117.51733,34.15482],[-117.51664,34.15385],[-117.51529,34.15385],[-117.51462,34.15483]]],"type":"Polygon"},"properties":{"bbox":{"roads":{"area":2375.35,"pct":5.85}},"city_same":1,"id":"hex:2413:17456"},"type":"Feature"},{"geometry":{"coordinates":[[[-117.51463,34.15678],[-117.51531,34.15776],[-117.51667,34.15775],[-117.51734,34.15677],[-117.51666,34.1558],[-117.5153,34.1558],[-117.51463,34.15678]]],"type":"Polygon"},"properties":{"bbox":{"roads":{"area":444.72,"pct":1.1}},"city_same":1,"id":"hex:2413:17457"},"type":"Feature"},{"geometry":{"coordinates":[[[-117.515,34.10699],[-117.51467,34.10748],[-117.51468,34.10652],[-117.515,34.10699]]],"type":"Polygon"},"properties":{"bbox":{"roads":{"area":186.58,"pct":11.49},"sidewalks":{"area":149.42,"pct":9.2}},"city":{"roads":{"area":179.96,"pct":11.08},"sidewalks":{"area":149.42,"pct":9.2}},"id":"hex:2414:17432"},"type":"Feature"},{"geometry":{"coordinates":[[[-117.51502,34.10894],[-117.51465,34.10947],[-117.51466,34.10844],[-117.51502,34.10894]]],"type":"Polygon"},"properties":{"bbox":{"roads":{"area":189.41,"pct":9.92},"sidewalks":{"area":157.84,"pct":8.26}},"city":{"roads":{"area":84.17,"pct":4.41},"sidewalks":{"area":157.84,"pct":8.26}},"id":"hex:2414:17433"},"type":"Feature"},{"geometry":{"coordinates":[[[-117.51503,34.1109],[-117.51463,34.11147],[-117.51464,34.11035],[-117.51503,34.1109]]],"type":"Polygon"},"properties":{"bbox":{"roads":{"area":244.58,"pct":11.02},"sidewalks":{"area":155.76,"pct":7.02}},"city":{"sidewalks":{"area":155.76,"pct":7.02}},"id":"hex:2414:17434"},"type":"Feature"},{"geometry":{"coordinates":[[[-117.51504,34.11285],[-117.51462,34.11346],[-117.51463,34.11226],[-117.51504,34.11285]]],"type":"Polygon"},"properties":{"bbox":{"roads":{"area":591.81,"pct":23.19}},"city":{"roads":{"area":188.84,"pct":7.4}},"id":"hex:2414:17435"},"type":"Feature"},{"geometry":{"coordinates":[[[-117.51505,34.1148],[-117.5146,34.11546],[-117.51461,34.11418],[-117.51505,34.1148]]],"type":"Polygon"},"properties":{"bbox":{"roads":{"area":644.71,"pct":22.17},"sidewalks":{"area":162.16,"pct":5.58}},"city":{"sidewalks":{"area":162.16,"pct":5.58}},"id":"hex:2414:17436"},"type":"Feature"},{"geometry":{"coordinates":[[[-117.51506,34.11675],[-117.51458,34.11745],[-117.5146,34.11609],[-117.51506,34.11675]]],"type":"Polygon"},"properties":{"bbox":{"roads":{"area":855.3,"pct":26.02},"sidewalks":{"area":171.79,"pct":5.23}},"city":{"sidewalks":{"area":171.79,"pct":5.23}},"id":"hex:2414:17437"},"type":"Feature"},{"geometry":{"coordinates":[[[-117.51507,34.11871],[-117.51457,34.11944],[-117.51458,34.118],[-117.51507,34.11871]]],"type":"Polygon"},"properties":{"bbox":{"roads":{"area":1046.14,"pct":28.35},"sidewalks":{"area":185.98,"pct":5.04}},"city":{"roads":{"area":122.41,"pct":3.32},"sidewalks":{"area":185.98,"pct":5.04}},"id":"hex:2414:17438"},"type":"Feature"},{"geometry":{"coordinates":[[[[-117.51441,34.12164],[-117.51369,34.12164],[-117.51391,34.12146],[-117.51454,34.12146],[-117.51441,34.12164]]],[[[-117.51509,34.12066],[-117.51457,34.12141],[-117.51457,34.12091],[-117.51456,34.11993],[-117.51456,34.11991],[-117.51509,34.12066]]]],"type":"MultiPolygon"},"properties":{"bbox":{"roads":{"area":3673.91,"pct":70.49},"sidewalks":{"area":165.79,"pct":3.18}},"city":{"roads":{"area":1614.62,"pct":30.98},"sidewalks":{"area":165.79,"pct":3.18}},"id":"hex:2414:17439"},"type":"Feature"},{"geometry":{"coordinates":[[[-117.51441,34.12164],[-117.5151,34.12261],[-117.51443,34.12359],[-117.51307,34.1236],[-117.51243,34.12268],[-117.51369,34.12164],[-117.51441,34.12164]]],"type":"Polygon"},"properties":{"bbox":{"roads":{"area":8182.78,"pct":22.21},"sidewalks":{"area":595.72,"pct":1.62}},"city":{"roads":{"area":684.07,"pct":1.86},"sidewalks":{"area":595.72,"pct":1.62}},"id":"hex:2414:17440"},"type":"Feature"},{"geometry":{"coordinates":[[[-117.5124,34.12457],[-117.51308,34.12555],[-117.51444,34.12554],[-117.51511,34.12456],[-117.51443,34.12359],[-117.51307,34.1236],[-117.5124,34.12457]]],"type":"Polygon"},"properties":{"bbox":{"roads":{"area":5089.81,"pct":12.54},"sidewalks":{"area":534.13,"pct":1.32}},"city":{"roads":{"area":2144.37,"pct":5.28},"sidewalks":{"area":534.13,"pct":1.32}},"id":"hex:2414:17441"},"type":"Feature"},{"geometry":{"coordinates":[[[-117.51241,34.12653],[-117.51309,34.1275],[-117.51445,34.1275],[-117.51512,34.12652],[-117.51444,34.12554],[-117.51308,34.12555],[-117.51241,34.12653]]],"type":"Polygon"},"properties":{"bbox":{"roads":{"area":5425.63,"pct":13.37},"sidewalks":{"area":401.85,"pct":0.99}},"city":{"roads":{"area":3033.2,"pct":7.47},"sidewalks":{"area":401.85,"pct":0.99}},"id":"hex:2414:17442"},"type":"Feature"},{"geometry":{"coordinates":[[[-117.51242,34.12848],[-117.51311,34.12945],[-117.51446,34.12945],[-117.51513,34.12847],[-117.51445,34.1275],[-117.51309,34.1275],[-117.51242,34.12848]]],"type":"Polygon"},"properties":{"bbox":{"parking":{"area":9324.47,"pct":22.97},"roads":{"area":6607.01,"pct":16.28},"sidewalks":{"area":857.41,"pct":2.11}},"city":{"parking":{"area":9324.47,"pct":22.97},"roads":{"area":3838.37,"pct":9.46},"sidewalks":{"area":857.41,"pct":2.11}},"id":"hex:2414:17443"},"type":"Feature"},{"geometry":{"coordinates":[[[-117.51243,34.13043],[-117.51312,34.13141],[-117.51447,34.1314],[-117.51515,34.13042],[-117.51446,34.12945],[-117.51311,34.12945],[-117.51243,34.13043]]],"type":"Polygon"},"properties":{"bbox":{"parking":{"area":8060.45,"pct":19.86},"roads":{"area":5664.8,"pct":13.95},"sidewalks":{"area":324.84,"pct":0.8}},"city":{"parking":{"area":8060.45,"pct":19.86},"roads":{"area":2643.9,"pct":6.51},"sidewalks":{"area":324.84,"pct":0.8}},"id":"hex:2414:17444"},"type":"Feature"},{"geometry":{"coordinates":[[[-117.51245,34.13239],[-117.51313,34.13336],[-117.51449,34.13335],[-117.51516,34.13237],[-117.51447,34.1314],[-117.51312,34.13141],[-117.51245,34.13239]]],"type":"Polygon"},"properties":{"bbox":{"roads":{"area":5481.42,"pct":13.5},"sidewalks":{"area":1160.08,"pct":2.86}},"city":{"roads":{"area":3000.75,"pct":7.39},"sidewalks":{"area":1160.08,"pct":2.86}},"id":"hex:2414:17445"},"type":"Feature"},{"geometry":{"coordinates":[[[-117.51246,34.13434],[-117.51314,34.13531],[-117.5145,34.13531],[-117.51517,34.13433],[-117.51449,34.13335],[-117.51313,34.13336],[-117.51246,34.13434]]],"type":"Polygon"},"properties":{"bbox":{"roads":{"area":5147.38,"pct":12.68},"sidewalks":{"area":578.04,"pct":1.42}},"city":{"roads":{"area":2077.15,"pct":5.12},"sidewalks":{"area":578.04,"pct":1.42}},"id":"hex:2414:17446"},"type":"Feature"},{"geometry":{"coordinates":[[[-117.51247,34.13629],[-117.51315,34.13726],[-117.51451,34.13726],[-117.51518,34.13628],[-117.5145,34.13531],[-117.51314,34.13531],[-117.51247,34.13629]]],"type":"Polygon"},"properties":{"bbox":{"roads":{"area":12656.21,"pct":31.18},"sidewalks":{"area":529.7,"pct":1.3}},"city":{"roads":{"area":1341.69,"pct":3.31},"sidewalks":{"area":529.7,"pct":1.3}},"id":"hex:2414:17447"},"type":"Feature"},{"geometry":{"coordinates":[[[-117.51248,34.13824],[-117.51317,34.13922],[-117.51452,34.13921],[-117.51519,34.13823],[-117.51451,34.13726],[-117.51315,34.13726],[-117.51248,34.13824]]],"type":"Polygon"},"properties":{"bbox":{"roads":{"area":3698.41,"pct":9.11},"sidewalks":{"area":611.09,"pct":1.51}},"city":{"roads":{"area":2040.24,"pct":5.03},"sidewalks":{"area":611.09,"pct":1.51}},"id":"hex:2414:17448"},"type":"Feature"},{"geometry":{"coordinates":[[[-117.51249,34.1402],[-117.51318,34.14117],[-117.51453,34.14116],[-117.5152,34.14018],[-117.51452,34.13921],[-117.51317,34.13922],[-117.51249,34.1402]]],"type":"Polygon"},"properties":{"bbox":{"roads":{"area":2752.51,"pct":6.78},"sidewalks":{"area":324.4,"pct":0.8}},"city":{"roads":{"area":943.85,"pct":2.33},"sidewalks":{"area":324.4,"pct":0.8}},"id":"hex:2414:17449"},"type":"Feature"},{"geometry":{"coordinates":[[[-117.51251,34.14215],[-117.51319,34.14312],[-117.51454,34.14312],[-117.51522,34.14214],[-117.51453,34.14116],[-117.51318,34.14117],[-117.51251,34.14215]]],"type":"Polygon"},"properties":{"bbox":{"roads":{"area":2866.73,"pct":7.06},"sidewalks":{"area":485.08,"pct":1.19}},"city":{"roads":{"area":1141.06,"pct":2.81},"sidewalks":{"area":485.08,"pct":1.19}},"id":"hex:2414:17450"},"type":"Feature"},{"geometry":{"coordinates":[[[-117.51252,34.1441],[-117.5132,34.14507],[-117.51456,34.14507],[-117.51523,34.14409],[-117.51454,34.14312],[-117.51319,34.14312],[-117.51252,34.1441]]],"type":"Polygon"},"properties":{"bbox":{"roads":{"area":7453.59,"pct":18.36},"sidewalks":{"area":702.51,"pct":1.73}},"city":{"roads":{"area":4838.76,"pct":11.92},"sidewalks":{"area":702.51,"pct":1.73}},"id":"hex:2414:17451"},"type":"Feature"},{"geometry":{"coordinates":[[[-117.51253,34.14605],[-117.51321,34.14703],[-117.51457,34.14702],[-117.51524,34.14604],[-117.51456,34.14507],[-117.5132,34.14507],[-117.51253,34.14605]]],"type":"Polygon"},"properties":{"bbox":{"roads":{"area":3437.39,"pct":8.47},"sidewalks":{"area":615.69,"pct":1.52}},"city":{"roads":{"area":1599.14,"pct":3.94},"sidewalks":{"area":615.69,"pct":1.52}},"id":"hex:2414:17452"},"type":"Feature"},{"geometry":{"coordinates":[[[-117.51254,34.14801],[-117.51322,34.14898],[-117.51458,34.14897],[-117.51525,34.14799],[-117.51457,34.14702],[-117.51321,34.14703],[-117.51254,34.14801]]],"type":"Polygon"},"properties":{"bbox":{"roads":{"area":2996.98,"pct":7.38},"sidewalks":{"area":385.11,"pct":0.95}},"city":{"roads":{"area":1515.83,"pct":3.73},"sidewalks":{"area":385.11,"pct":0.95}},"id":"hex:2414:17453"},"type":"Feature"},{"geometry":{"coordinates":[[[-117.51255,34.14996],[-117.51322,34.14898],[-117.51458,34.14897],[-117.51526,34.14995],[-117.51459,34.15093],[-117.51448,34.15093],[-117.51448,34.15069],[-117.51307,34.1507],[-117.51255,34.14996]]],"type":"Polygon"},"properties":{"bbox":{"roads":{"area":4613.94,"pct":12.33},"sidewalks":{"area":388.64,"pct":1.04}},"city":{"roads":{"area":318.67,"pct":0.85},"sidewalks":{"area":388.64,"pct":1.04}},"id":"hex:2414:17454"},"type":"Feature"},{"geometry":{"coordinates":[[[-117.51459,34.15093],[-117.51528,34.1519],[-117.5146,34.15288],[-117.51449,34.15288],[-117.51448,34.15093],[-117.51459,34.15093]]],"type":"Polygon"},"properties":{"bbox":{"roads":{"area":1119.93,"pct":12.38}},"city_same":1,"id":"hex:2414:17455"},"type":"Feature"},{"geometry":{"coordinates":[[[-117.5146,34.15288],[-117.51529,34.15385],[-117.51462,34.15483],[-117.5145,34.15483],[-117.51449,34.15343],[-117.51449,34.15288],[-117.5146,34.15288]]],"type":"Polygon"},"properties":{"bbox":{"roads":{"area":1272.06,"pct":14.01}},"city_same":1,"id":"hex:2414:17456"},"type":"Feature"},{"geometry":{"coordinates":[[[-117.51462,34.15483],[-117.5153,34.1558],[-117.51463,34.15678],[-117.5145,34.15678],[-117.5145,34.15483],[-117.51462,34.15483]]],"type":"Polygon"},"properties":{"bbox":{"roads":{"area":1440.33,"pct":15.63}},"city_same":1,"id":"hex:2414:17457"},"type":"Feature"},{"geometry":{"coordinates":[[[-117.51463,34.15678],[-117.51531,34.15776],[-117.51527,34.15782],[-117.5145,34.15782],[-117.5145,34.15678],[-117.51463,34.15678]]],"type":"Polygon"},"properties":{"bbox":{"roads":{"area":461.68,"pct":8.94}},"city_same":1,"id":"hex:2414:17458"},"type":"Feature"},{"geometry":{"coordinates":[[[-117.51307,34.1236],[-117.5124,34.12457],[-117.51104,34.12458],[-117.51071,34.1241],[-117.51243,34.12268],[-117.51307,34.1236]]],"type":"Polygon"},"properties":{"bbox":{"roads":{"area":6630.19,"pct":25.42}},"city":{"roads":{"area":1077.02,"pct":4.13}},"id":"hex:2415:17440"},"type":"Feature"},{"geometry":{"coordinates":[[[-117.51037,34.12556],[-117.51106,34.12653],[-117.51241,34.12653],[-117.51308,34.12555],[-117.5124,34.12457],[-117.51104,34.12458],[-117.51037,34.12556]]],"type":"Polygon"},"properties":{"bbox":{"roads":{"area":2712.26,"pct":6.68}},"city_same":1,"id":"hex:2415:17441"},"type":"Feature"},{"geometry":{"coordinates":[[[-117.51038,34.12751],[-117.51107,34.12849],[-117.51242,34.12848],[-117.51309,34.1275],[-117.51241,34.12653],[-117.51106,34.12653],[-117.51038,34.12751]]],"type":"Polygon"},"properties":{"bbox":{"parking":{"area":5.17,"pct":0.01},"roads":{"area":3109.7,"pct":7.66},"sidewalks":{"area":394.75,"pct":0.97}},"city_same":1,"id":"hex:2415:17442"},"type":"Feature"},{"geometry":{"coordinates":[[[-117.5104,34.12946],[-117.51108,34.13044],[-117.51243,34.13043],[-117.51311,34.12945],[-117.51242,34.12848],[-117.51107,34.12849],[-117.5104,34.12946]]],"type":"Polygon"},"properties":{"bbox":{"parking":{"area":5921.47,"pct":14.59},"roads":{"area":3132,"pct":7.72}},"city_same":1,"id":"hex:2415:17443"},"type":"Feature"},{"geometry":{"coordinates":[[[-117.51041,34.13142],[-117.51109,34.13239],[-117.51245,34.13239],[-117.51312,34.13141],[-117.51243,34.13043],[-117.51108,34.13044],[-117.51041,34.13142]]],"type":"Polygon"},"properties":{"bbox":{"roads":{"area":108.87,"pct":0.27},"sidewalks":{"area":131.62,"pct":0.32}},"city_same":1,"id":"hex:2415:17444"},"type":"Feature"},{"geometry":{"coordinates":[[[-117.51042,34.13337],[-117.5111,34.13434],[-117.51246,34.13434],[-117.51313,34.13336],[-117.51245,34.13239],[-117.51109,34.13239],[-117.51042,34.13337]]],"type":"Polygon"},"properties":{"bbox":{"roads":{"area":2818.45,"pct":6.94}},"city_same":1,"id":"hex:2415:17445"},"type":"Feature"},{"geometry":{"coordinates":[[[-117.51043,34.13532],[-117.51111,34.1363],[-117.51247,34.13629],[-117.51314,34.13531],[-117.51246,34.13434],[-117.5111,34.13434],[-117.51043,34.13532]]],"type":"Polygon"},"properties":{"bbox":{"roads":{"area":6696.84,"pct":16.5}},"city":{"roads":{"area":3050.7,"pct":7.51}},"id":"hex:2415:17446"},"type":"Feature"},{"geometry":{"coordinates":[[[-117.51044,34.13727],[-117.51113,34.13825],[-117.51248,34.13824],[-117.51315,34.13726],[-117.51247,34.13629],[-117.51111,34.1363],[-117.51044,34.13727]]],"type":"Polygon"},"properties":{"bbox":{"roads":{"area":4928.65,"pct":12.14},"sidewalks":{"area":25.33,"pct":0.06}},"city":{"roads":{"area":2150.78,"pct":5.3},"sidewalks":{"area":25.33,"pct":0.06}},"id":"hex:2415:17447"},"type":"Feature"},{"geometry":{"coordinates":[[[-117.51045,34.13923],[-117.51114,34.1402],[-117.51249,34.1402],[-117.51317,34.13922],[-117.51248,34.13824],[-117.51113,34.13825],[-117.51045,34.13923]]],"type":"Polygon"},"properties":{"bbox":{"roads":{"area":1171.55,"pct":2.89}},"city_same":1,"id":"hex:2415:17448"},"type":"Feature"},{"geometry":{"coordinates":[[[-117.51047,34.14118],[-117.51115,34.14215],[-117.51251,34.14215],[-117.51318,34.14117],[-117.51249,34.1402],[-117.51114,34.1402],[-117.51047,34.14118]]],"type":"Polygon"},"properties":{"bbox":{"roads":{"area":899.91,"pct":2.22},"sidewalks":{"area":260.3,"pct":0.64}},"city_same":1,"id":"hex:2415:17449"},"type":"Feature"},{"geometry":{"coordinates":[[[-117.51048,34.14313],[-117.51116,34.14411],[-117.51252,34.1441],[-117.51319,34.14312],[-117.51251,34.14215],[-117.51115,34.14215],[-117.51048,34.14313]]],"type":"Polygon"},"properties":{"bbox":{"roads":{"area":3039.29,"pct":7.49},"sidewalks":{"area":346.91,"pct":0.85}},"city_same":1,"id":"hex:2415:17450"},"type":"Feature"},{"geometry":{"coordinates":[[[-117.51049,34.14508],[-117.51117,34.14606],[-117.51253,34.14605],[-117.5132,34.14507],[-117.51252,34.1441],[-117.51116,34.14411],[-117.51049,34.14508]]],"type":"Polygon"},"properties":{"bbox":{"roads":{"area":108.05,"pct":0.27},"sidewalks":{"area":1.86,"pct":0}},"city_same":1,"id":"hex:2415:17451"},"type":"Feature"},{"geometry":{"coordinates":[[[-117.5105,34.14704],[-117.51118,34.14801],[-117.51254,34.14801],[-117.51321,34.14703],[-117.51253,34.14605],[-117.51117,34.14606],[-117.5105,34.14704]]],"type":"Polygon"},"properties":{"bbox":{"roads":{"area":750.12,"pct":1.85}},"city_same":1,"id":"hex:2415:17452"},"type":"Feature"},{"geometry":{"coordinates":[[[-117.51051,34.14899],[-117.5112,34.14996],[-117.51255,34.14996],[-117.51322,34.14898],[-117.51254,34.14801],[-117.51118,34.14801],[-117.51051,34.14899]]],"type":"Polygon"},"properties":{"bbox":{"roads":{"area":709.48,"pct":1.75}},"city_same":1,"id":"hex:2415:17453"},"type":"Feature"},{"geometry":{"coordinates":[[[-117.51121,34.15192],[-117.51052,34.15094],[-117.5112,34.14996],[-117.51255,34.14996],[-117.51307,34.1507],[-117.51171,34.15071],[-117.51177,34.15191],[-117.51121,34.15192]]],"type":"Polygon"},"properties":{"bbox":{"roads":{"area":1685.78,"pct":6.57},"sidewalks":{"area":249.63,"pct":0.97}},"city":{"roads":{"area":170.76,"pct":0.67},"sidewalks":{"area":249.63,"pct":0.97}},"id":"hex:2415:17454"},"type":"Feature"},{"geometry":{"coordinates":[[[-117.51104,34.12458],[-117.51037,34.12556],[-117.50902,34.12557],[-117.50899,34.12553],[-117.51001,34.12468],[-117.51071,34.1241],[-117.51104,34.12458]]],"type":"Polygon"},"properties":{"bbox":{"roads":{"area":3800.13,"pct":27.31}},"id":"hex:2416:17441"},"type":"Feature"},{"geometry":{"coordinates":[[[-117.50834,34.12654],[-117.50903,34.12752],[-117.51038,34.12751],[-117.51106,34.12653],[-117.51037,34.12556],[-117.50902,34.12557],[-117.50834,34.12654]]],"type":"Polygon"},"properties":{"bbox":{"roads":{"area":3508.54,"pct":8.64}},"city":{"roads":{"area":2250.28,"pct":5.54}},"id":"hex:2416:17442"},"type":"Feature"},{"geometry":{"coordinates":[[[-117.50836,34.1285],[-117.50904,34.12947],[-117.5104,34.12946],[-117.51107,34.12849],[-117.51038,34.12751],[-117.50903,34.12752],[-117.50836,34.1285]]],"type":"Polygon"},"properties":{"bbox":{"parking":{"area":4599.68,"pct":11.33},"roads":{"area":4044.33,"pct":9.96},"sidewalks":{"area":559.42,"pct":1.38}},"city_same":1,"id":"hex:2416:17443"},"type":"Feature"},{"geometry":{"coordinates":[[[-117.50837,34.13045],[-117.50905,34.13142],[-117.51041,34.13142],[-117.51108,34.13044],[-117.5104,34.12946],[-117.50904,34.12947],[-117.50837,34.13045]]],"type":"Polygon"},"properties":{"bbox":{"roads":{"area":869.02,"pct":2.14}},"city_same":1,"id":"hex:2416:17444"},"type":"Feature"},{"geometry":{"coordinates":[[[-117.50838,34.1324],[-117.50906,34.13338],[-117.51042,34.13337],[-117.51109,34.13239],[-117.51041,34.13142],[-117.50905,34.13142],[-117.50838,34.1324]]],"type":"Polygon"},"properties":{"bbox":{"roads":{"area":1708.57,"pct":4.21}},"city_same":1,"id":"hex:2416:17445"},"type":"Feature"},{"geometry":{"coordinates":[[[-117.50839,34.13435],[-117.50907,34.13533],[-117.51043,34.13532],[-117.5111,34.13434],[-117.51042,34.13337],[-117.50906,34.13338],[-117.50839,34.13435]]],"type":"Polygon"},"properties":{"bbox":{"roads":{"area":2472.45,"pct":6.09}},"city_same":1,"id":"hex:2416:17446"},"type":"Feature"},{"geometry":{"coordinates":[[[-117.5084,34.13631],[-117.50909,34.13728],[-117.51044,34.13727],[-117.51111,34.1363],[-117.51043,34.13532],[-117.50907,34.13533],[-117.5084,34.13631]]],"type":"Polygon"},"properties":{"bbox":{"roads":{"area":11616.08,"pct":28.61}},"city":{"roads":{"area":1720.48,"pct":4.24}},"id":"hex:2416:17447"},"type":"Feature"},{"geometry":{"coordinates":[[[-117.50841,34.13826],[-117.5091,34.13923],[-117.51045,34.13923],[-117.51113,34.13825],[-117.51044,34.13727],[-117.50909,34.13728],[-117.50841,34.13826]]],"type":"Polygon"},"properties":{"bbox":{"roads":{"area":1898.82,"pct":4.68}},"city_same":1,"id":"hex:2416:17448"},"type":"Feature"},{"geometry":{"coordinates":[[[-117.50843,34.14021],[-117.50911,34.14119],[-117.51047,34.14118],[-117.51114,34.1402],[-117.51045,34.13923],[-117.5091,34.13923],[-117.50843,34.14021]]],"type":"Polygon"},"properties":{"bbox":{"roads":{"area":2247.78,"pct":5.54}},"city_same":1,"id":"hex:2416:17449"},"type":"Feature"},{"geometry":{"coordinates":[[[-117.50844,34.14216],[-117.50912,34.14314],[-117.51048,34.14313],[-117.51115,34.14215],[-117.51047,34.14118],[-117.50911,34.14119],[-117.50844,34.14216]]],"type":"Polygon"},"properties":{"bbox":{"roads":{"area":2305.96,"pct":5.68},"sidewalks":{"area":133.16,"pct":0.33}},"city_same":1,"id":"hex:2416:17450"},"type":"Feature"},{"geometry":{"coordinates":[[[-117.50845,34.14412],[-117.50913,34.14509],[-117.51049,34.14508],[-117.51116,34.14411],[-117.51048,34.14313],[-117.50912,34.14314],[-117.50845,34.14412]]],"type":"Polygon"},"properties":{"bbox":{"roads":{"area":1225.47,"pct":3.02},"sidewalks":{"area":218.68,"pct":0.54}},"city_same":1,"id":"hex:2416:17451"},"type":"Feature"},{"geometry":{"coordinates":[[[-117.50847,34.14802],[-117.50916,34.149],[-117.51051,34.14899],[-117.51118,34.14801],[-117.5105,34.14704],[-117.50915,34.14704],[-117.50847,34.14802]]],"type":"Polygon"},"properties":{"bbox":{"roads":{"area":849.23,"pct":2.09}},"city_same":1,"id":"hex:2416:17453"},"type":"Feature"},{"geometry":{"coordinates":[[[-117.50848,34.14997],[-117.50917,34.15095],[-117.51052,34.15094],[-117.5112,34.14996],[-117.51051,34.14899],[-117.50916,34.149],[-117.50848,34.14997]]],"type":"Polygon"},"properties":{"bbox":{"roads":{"area":1834.76,"pct":4.52},"sidewalks":{"area":316.17,"pct":0.78}},"city":{"roads":{"area":230.09,"pct":0.57},"sidewalks":{"area":316.17,"pct":0.78}},"id":"hex:2416:17454"},"type":"Feature"},{"geometry":{"coordinates":[[[-117.50855,34.16169],[-117.50924,34.16266],[-117.51059,34.16266],[-117.51127,34.16168],[-117.51058,34.16071],[-117.50923,34.16071],[-117.50855,34.16169]]],"type":"Polygon"},"properties":{"bbox":{"roads":{"area":211.32,"pct":0.52}},"city_same":1,"id":"hex:2416:17460"},"type":"Feature"},{"geometry":{"coordinates":[[[-117.50857,34.16364],[-117.50925,34.16462],[-117.51061,34.16461],[-117.51128,34.16363],[-117.51059,34.16266],[-117.50924,34.16266],[-117.50857,34.16364]]],"type":"Polygon"},"properties":{"bbox":{"roads":{"area":1110.77,"pct":2.74}},"city_same":1,"id":"hex:2416:17461"},"type":"Feature"},{"geometry":{"coordinates":[[[-117.50902,34.12557],[-117.50834,34.12654],[-117.50776,34.12655],[-117.50899,34.12553],[-117.50902,34.12557]]],"type":"Polygon"},"properties":{"bbox":{"roads":{"area":1585.01,"pct":47.81}},"id":"hex:2417:17441"},"type":"Feature"},{"geometry":{"coordinates":[[[-117.50834,34.12654],[-117.50903,34.12752],[-117.50836,34.1285],[-117.507,34.1285],[-117.50641,34.12766],[-117.50776,34.12655],[-117.50834,34.12654]]],"type":"Polygon"},"properties":{"bbox":{"parking":{"area":377.99,"pct":1.07},"roads":{"area":5646.31,"pct":15.98},"sidewalks":{"area":214.22,"pct":0.61}},"city":{"parking":{"area":377.99,"pct":1.07},"roads":{"area":1934.32,"pct":5.48},"sidewalks":{"area":214.22,"pct":0.61}},"id":"hex:2417:17442"},"type":"Feature"},{"geometry":{"coordinates":[[[-117.507,34.1285],[-117.50836,34.1285],[-117.50904,34.12947],[-117.50837,34.13045],[-117.50787,34.13045],[-117.5078,34.13012],[-117.50749,34.12978],[-117.50748,34.12933],[-117.50741,34.12854],[-117.50699,34.12852],[-117.507,34.1285]]],"type":"Polygon"},"properties":{"bbox":{"parking":{"area":5255.94,"pct":22.84},"roads":{"area":1104.67,"pct":4.8}},"city_same":1,"id":"hex:2417:17443"},"type":"Feature"},{"geometry":{"coordinates":[[[-117.50635,34.13339],[-117.50704,34.13436],[-117.50839,34.13435],[-117.50906,34.13338],[-117.50838,34.1324],[-117.50702,34.13241],[-117.50635,34.13339]]],"type":"Polygon"},"properties":{"bbox":{"roads":{"area":1756.88,"pct":4.33}},"city_same":1,"id":"hex:2417:17445"},"type":"Feature"},{"geometry":{"coordinates":[[[-117.50636,34.13534],[-117.50705,34.13631],[-117.5084,34.13631],[-117.50907,34.13533],[-117.50839,34.13435],[-117.50704,34.13436],[-117.50636,34.13534]]],"type":"Polygon"},"properties":{"bbox":{"roads":{"area":5791.49,"pct":14.27}},"city":{"roads":{"area":1762.97,"pct":4.34}},"id":"hex:2417:17446"},"type":"Feature"},{"geometry":{"coordinates":[[[-117.50638,34.13729],[-117.50706,34.13827],[-117.50841,34.13826],[-117.50909,34.13728],[-117.5084,34.13631],[-117.50705,34.13631],[-117.50638,34.13729]]],"type":"Polygon"},"properties":{"bbox":{"roads":{"area":5168.66,"pct":12.73}},"city":{"roads":{"area":2424.37,"pct":5.97}},"id":"hex:2417:17447"},"type":"Feature"},{"geometry":{"coordinates":[[[-117.50639,34.13924],[-117.50707,34.14022],[-117.50843,34.14021],[-117.5091,34.13923],[-117.50841,34.13826],[-117.50706,34.13827],[-117.50639,34.13924]]],"type":"Polygon"},"properties":{"bbox":{"roads":{"area":2312.99,"pct":5.7}},"city_same":1,"id":"hex:2417:17448"},"type":"Feature"},{"geometry":{"coordinates":[[[-117.5064,34.1412],[-117.50708,34.14217],[-117.50844,34.14216],[-117.50911,34.14119],[-117.50843,34.14021],[-117.50707,34.14022],[-117.5064,34.1412]]],"type":"Polygon"},"properties":{"bbox":{"roads":{"area":658.36,"pct":1.62}},"city_same":1,"id":"hex:2417:17449"},"type":"Feature"},{"geometry":{"coordinates":[[[-117.50641,34.14315],[-117.50709,34.14412],[-117.50845,34.14412],[-117.50912,34.14314],[-117.50844,34.14216],[-117.50708,34.14217],[-117.50641,34.14315]]],"type":"Polygon"},"properties":{"bbox":{"roads":{"area":1996.45,"pct":4.92},"sidewalks":{"area":346.27,"pct":0.85}},"city_same":1,"id":"hex:2417:17450"},"type":"Feature"},{"geometry":{"coordinates":[[[-117.50643,34.14705],[-117.50712,34.14803],[-117.50847,34.14802],[-117.50915,34.14704],[-117.50846,34.14607],[-117.50711,34.14608],[-117.50643,34.14705]]],"type":"Polygon"},"properties":{"bbox":{"roads":{"area":816.94,"pct":2.01}},"city_same":1,"id":"hex:2417:17452"},"type":"Feature"},{"geometry":{"coordinates":[[[-117.50714,34.15193],[-117.50646,34.15096],[-117.50713,34.14998],[-117.50848,34.14997],[-117.50917,34.15095],[-117.50882,34.15145],[-117.50849,34.1515],[-117.50813,34.15157],[-117.50794,34.15166],[-117.50749,34.15191],[-117.50745,34.15193],[-117.50714,34.15193]]],"type":"Polygon"},"properties":{"bbox":{"roads":{"area":1659.28,"pct":4.47},"sidewalks":{"area":255.76,"pct":0.69}},"city":{"roads":{"area":236.1,"pct":0.64},"sidewalks":{"area":255.76,"pct":0.69}},"id":"hex:2417:17454"},"type":"Feature"},{"geometry":{"coordinates":[[[-117.50653,34.16267],[-117.50721,34.16365],[-117.50857,34.16364],[-117.50924,34.16266],[-117.50855,34.16169],[-117.5072,34.1617],[-117.50653,34.16267]]],"type":"Polygon"},"properties":{"bbox":{"roads":{"area":2317.16,"pct":5.71}},"city_same":1,"id":"hex:2417:17460"},"type":"Feature"},{"geometry":{"coordinates":[[[-117.50654,34.16463],[-117.50722,34.1656],[-117.50858,34.16559],[-117.50925,34.16462],[-117.50857,34.16364],[-117.50721,34.16365],[-117.50654,34.16463]]],"type":"Polygon"},"properties":{"bbox":{"roads":{"area":668.48,"pct":1.65}},"city_same":1,"id":"hex:2417:17461"},"type":"Feature"},{"geometry":{"coordinates":[[[-117.50497,34.12949],[-117.50469,34.12908],[-117.50641,34.12766],[-117.507,34.1285],[-117.50699,34.12852],[-117.50658,34.12851],[-117.50538,34.12949],[-117.50497,34.12949]]],"type":"Polygon"},"properties":{"bbox":{"roads":{"area":5583.79,"pct":32.26},"sidewalks":{"area":184.13,"pct":1.06}},"city":{"roads":{"area":1385.32,"pct":8},"sidewalks":{"area":184.13,"pct":1.06}},"id":"hex:2418:17443"},"type":"Feature"},{"geometry":{"coordinates":[[[-117.5043,34.13047],[-117.50497,34.12949],[-117.50538,34.12949],[-117.50452,34.13019],[-117.50451,34.13077],[-117.5043,34.13047]]],"type":"Polygon"},"properties":{"bbox":{"roads":{"area":340.53,"pct":14.86}},"city_same":1,"id":"hex:2418:17444"},"type":"Feature"},{"geometry":{"coordinates":[[[-117.50702,34.13241],[-117.50635,34.13339],[-117.505,34.13339],[-117.50431,34.13242],[-117.5045,34.13214],[-117.50685,34.13216],[-117.50702,34.13241]]],"type":"Polygon"},"properties":{"bbox":{"roads":{"area":1917.73,"pct":7.09}},"city_same":1,"id":"hex:2418:17445"},"type":"Feature"},{"geometry":{"coordinates":[[[-117.50432,34.13437],[-117.50501,34.13534],[-117.50636,34.13534],[-117.50704,34.13436],[-117.50635,34.13339],[-117.505,34.13339],[-117.50432,34.13437]]],"type":"Polygon"},"properties":{"bbox":{"roads":{"area":2165.27,"pct":5.33}},"city_same":1,"id":"hex:2418:17446"},"type":"Feature"},{"geometry":{"coordinates":[[[-117.50434,34.13632],[-117.50502,34.1373],[-117.50638,34.13729],[-117.50705,34.13631],[-117.50636,34.13534],[-117.50501,34.13534],[-117.50434,34.13632]]],"type":"Polygon"},"properties":{"bbox":{"roads":{"area":11567.31,"pct":28.49}},"city":{"roads":{"area":996.09,"pct":2.45}},"id":"hex:2418:17447"},"type":"Feature"},{"geometry":{"coordinates":[[[-117.50435,34.13828],[-117.50503,34.13925],[-117.50639,34.13924],[-117.50706,34.13827],[-117.50638,34.13729],[-117.50502,34.1373],[-117.50435,34.13828]]],"type":"Polygon"},"properties":{"bbox":{"roads":{"area":2689.37,"pct":6.62}},"city_same":1,"id":"hex:2418:17448"},"type":"Feature"},{"geometry":{"coordinates":[[[-117.50436,34.14023],[-117.50504,34.1412],[-117.5064,34.1412],[-117.50707,34.14022],[-117.50639,34.13924],[-117.50503,34.13925],[-117.50436,34.14023]]],"type":"Polygon"},"properties":{"bbox":{"roads":{"area":1538.51,"pct":3.79}},"city_same":1,"id":"hex:2418:17449"},"type":"Feature"},{"geometry":{"coordinates":[[[-117.50437,34.14218],[-117.50505,34.14315],[-117.50641,34.14315],[-117.50708,34.14217],[-117.5064,34.1412],[-117.50504,34.1412],[-117.50437,34.14218]]],"type":"Polygon"},"properties":{"bbox":{"roads":{"area":1667.01,"pct":4.11}},"city_same":1,"id":"hex:2418:17450"},"type":"Feature"},{"geometry":{"coordinates":[[[-117.50438,34.14413],[-117.50507,34.14511],[-117.50642,34.1451],[-117.50709,34.14412],[-117.50641,34.14315],[-117.50505,34.14315],[-117.50438,34.14413]]],"type":"Polygon"},"properties":{"bbox":{"roads":{"area":977.78,"pct":2.41},"sidewalks":{"area":214.15,"pct":0.53}},"city_same":1,"id":"hex:2418:17451"},"type":"Feature"},{"geometry":{"coordinates":[[[-117.50439,34.14609],[-117.50508,34.14706],[-117.50643,34.14705],[-117.50711,34.14608],[-117.50642,34.1451],[-117.50507,34.14511],[-117.50439,34.14609]]],"type":"Polygon"},"properties":{"bbox":{"roads":{"area":170.01,"pct":0.42}},"city_same":1,"id":"hex:2418:17452"},"type":"Feature"},{"geometry":{"coordinates":[[[-117.50441,34.14804],[-117.50509,34.14901],[-117.50644,34.14901],[-117.50712,34.14803],[-117.50643,34.14705],[-117.50508,34.14706],[-117.50441,34.14804]]],"type":"Polygon"},"properties":{"bbox":{"roads":{"area":667.28,"pct":1.64}},"city_same":1,"id":"hex:2418:17453"},"type":"Feature"},{"geometry":{"coordinates":[[[-117.50442,34.14999],[-117.5051,34.15097],[-117.50646,34.15096],[-117.50713,34.14998],[-117.50644,34.14901],[-117.50509,34.14901],[-117.50442,34.14999]]],"type":"Polygon"},"properties":{"bbox":{"roads":{"area":2880.38,"pct":7.1},"sidewalks":{"area":300.88,"pct":0.74}},"city":{"roads":{"area":1130.05,"pct":2.78},"sidewalks":{"area":300.88,"pct":0.74}},"id":"hex:2418:17454"},"type":"Feature"},{"geometry":{"coordinates":[[[-117.50443,34.15194],[-117.50511,34.15292],[-117.50647,34.15291],[-117.50714,34.15193],[-117.50646,34.15096],[-117.5051,34.15097],[-117.50443,34.15194]]],"type":"Polygon"},"properties":{"bbox":{"roads":{"area":2057.07,"pct":5.07}},"city_same":1,"id":"hex:2418:17455"},"type":"Feature"},{"geometry":{"coordinates":[[[-117.50648,34.15486],[-117.50512,34.15487],[-117.50444,34.1539],[-117.50511,34.15292],[-117.50647,34.15291],[-117.5067,34.15325],[-117.50668,34.15345],[-117.50661,34.15423],[-117.50656,34.15474],[-117.50648,34.15486]]],"type":"Polygon"},"properties":{"bbox":{"roads":{"area":957.71,"pct":2.61}},"city_same":1,"id":"hex:2418:17456"},"type":"Feature"},{"geometry":{"coordinates":[[[-117.50649,34.15682],[-117.50514,34.15682],[-117.50445,34.15585],[-117.50512,34.15487],[-117.50648,34.15486],[-117.50655,34.15496],[-117.50645,34.15617],[-117.50644,34.15649],[-117.50658,34.15652],[-117.50664,34.15652],[-117.50669,34.15652],[-117.50649,34.15682]]],"type":"Polygon"},"properties":{"bbox":{"roads":{"area":764.79,"pct":2.24}},"city_same":1,"id":"hex:2418:17457"},"type":"Feature"},{"geometry":{"coordinates":[[[-117.50446,34.1578],[-117.50515,34.15878],[-117.5065,34.15877],[-117.50718,34.15779],[-117.50649,34.15682],[-117.50514,34.15682],[-117.50446,34.1578]]],"type":"Polygon"},"properties":{"bbox":{"roads":{"area":760.81,"pct":1.87}},"city_same":1,"id":"hex:2418:17458"},"type":"Feature"},{"geometry":{"coordinates":[[[-117.50447,34.15975],[-117.50516,34.16073],[-117.50651,34.16072],[-117.50719,34.15974],[-117.5065,34.15877],[-117.50515,34.15878],[-117.50447,34.15975]]],"type":"Polygon"},"properties":{"bbox":{"roads":{"area":1350.51,"pct":3.33}},"city_same":1,"id":"hex:2418:17459"},"type":"Feature"},{"geometry":{"coordinates":[[[-117.50449,34.16171],[-117.50517,34.16268],[-117.50653,34.16267],[-117.5072,34.1617],[-117.50651,34.16072],[-117.50516,34.16073],[-117.50449,34.16171]]],"type":"Polygon"},"properties":{"bbox":{"roads":{"area":2788.61,"pct":6.87}},"city_same":1,"id":"hex:2418:17460"},"type":"Feature"},{"geometry":{"coordinates":[[[-117.5045,34.16366],[-117.50518,34.16463],[-117.50654,34.16463],[-117.50721,34.16365],[-117.50653,34.16267],[-117.50517,34.16268],[-117.5045,34.16366]]],"type":"Polygon"},"properties":{"bbox":{"roads":{"area":1537.39,"pct":3.79}},"city_same":1,"id":"hex:2418:17461"},"type":"Feature"},{"geometry":{"coordinates":[[[-117.50451,34.16561],[-117.50519,34.16659],[-117.50655,34.16658],[-117.50722,34.1656],[-117.50654,34.16463],[-117.50518,34.16463],[-117.50451,34.16561]]],"type":"Polygon"},"properties":{"bbox":{"roads":{"area":1097.98,"pct":2.7}},"city_same":1,"id":"hex:2418:17462"},"type":"Feature"},{"geometry":{"coordinates":[[[-117.50452,34.16756],[-117.50521,34.16854],[-117.50656,34.16853],[-117.50723,34.16755],[-117.50655,34.16658],[-117.50519,34.16659],[-117.50452,34.16756]]],"type":"Polygon"},"properties":{"bbox":{"roads":{"area":1082.67,"pct":2.67}},"city_same":1,"id":"hex:2418:17463"},"type":"Feature"},{"geometry":{"coordinates":[[[-117.50453,34.16952],[-117.50522,34.17049],[-117.50657,34.17048],[-117.50725,34.16951],[-117.50656,34.16853],[-117.50521,34.16854],[-117.50453,34.16952]]],"type":"Polygon"},"properties":{"bbox":{"roads":{"area":47.13,"pct":0.12}},"city_same":1,"id":"hex:2418:17464"},"type":"Feature"},{"geometry":{"coordinates":[[[-117.50497,34.12949],[-117.5043,34.13047],[-117.50301,34.13047],[-117.50469,34.12908],[-117.50497,34.12949]]],"type":"Polygon"},"properties":{"bbox":{"roads":{"area":4274.06,"pct":35.88}},"city":{"roads":{"area":181.28,"pct":1.52}},"id":"hex:2419:17443"},"type":"Feature"},{"geometry":{"coordinates":[[[-117.50431,34.13242],[-117.50296,34.13242],[-117.50227,34.13145],[-117.50286,34.1306],[-117.50301,34.13047],[-117.5043,34.13047],[-117.50451,34.13077],[-117.50449,34.13214],[-117.5045,34.13214],[-117.50431,34.13242]]],"type":"Polygon"},"properties":{"bbox":{"roads":{"area":4976.73,"pct":13.41}},"city":{"roads":{"area":2576.25,"pct":6.94}},"id":"hex:2419:17444"},"type":"Feature"},{"geometry":{"coordinates":[[[-117.50228,34.1334],[-117.50297,34.13438],[-117.50432,34.13437],[-117.505,34.13339],[-117.50431,34.13242],[-117.50296,34.13242],[-117.50228,34.1334]]],"type":"Polygon"},"properties":{"bbox":{"roads":{"area":1795.37,"pct":4.42}},"city_same":1,"id":"hex:2419:17445"},"type":"Feature"},{"geometry":{"coordinates":[[[-117.5023,34.13536],[-117.50298,34.13633],[-117.50434,34.13632],[-117.50501,34.13534],[-117.50432,34.13437],[-117.50297,34.13438],[-117.5023,34.13536]]],"type":"Polygon"},"properties":{"bbox":{"roads":{"area":5994.71,"pct":14.77}},"city":{"roads":{"area":836.64,"pct":2.06}},"id":"hex:2419:17446"},"type":"Feature"},{"geometry":{"coordinates":[[[-117.50231,34.13731],[-117.50298,34.13633],[-117.50434,34.13632],[-117.50502,34.1373],[-117.50435,34.13828],[-117.50311,34.13828],[-117.50289,34.13813],[-117.50231,34.13731]]],"type":"Polygon"},"properties":{"bbox":{"roads":{"area":2966.84,"pct":7.32}},"city":{"roads":{"area":352.15,"pct":0.87}},"id":"hex:2419:17447"},"type":"Feature"},{"geometry":{"coordinates":[[[-117.50234,34.14317],[-117.50303,34.14414],[-117.50438,34.14413],[-117.50505,34.14315],[-117.50437,34.14218],[-117.50301,34.14219],[-117.50234,34.14317]]],"type":"Polygon"},"properties":{"bbox":{"roads":{"area":2565.03,"pct":6.32},"sidewalks":{"area":349.06,"pct":0.86}},"city_same":1,"id":"hex:2419:17450"},"type":"Feature"},{"geometry":{"coordinates":[[[-117.50235,34.14512],[-117.50304,34.14609],[-117.50439,34.14609],[-117.50507,34.14511],[-117.50438,34.14413],[-117.50303,34.14414],[-117.50235,34.14512]]],"type":"Polygon"},"properties":{"bbox":{"roads":{"area":1775.55,"pct":4.37}},"city_same":1,"id":"hex:2419:17451"},"type":"Feature"},{"geometry":{"coordinates":[[[-117.50237,34.14707],[-117.50305,34.14804],[-117.50441,34.14804],[-117.50508,34.14706],[-117.50439,34.14609],[-117.50304,34.14609],[-117.50237,34.14707]]],"type":"Polygon"},"properties":{"bbox":{"roads":{"area":1978.03,"pct":4.87}},"city_same":1,"id":"hex:2419:17452"},"type":"Feature"},{"geometry":{"coordinates":[[[-117.50238,34.14902],[-117.50306,34.15],[-117.50442,34.14999],[-117.50509,34.14901],[-117.50441,34.14804],[-117.50305,34.14804],[-117.50238,34.14902]]],"type":"Polygon"},"properties":{"bbox":{"roads":{"area":1489.22,"pct":3.67}},"city_same":1,"id":"hex:2419:17453"},"type":"Feature"},{"geometry":{"coordinates":[[[-117.50239,34.15098],[-117.50307,34.15195],[-117.50443,34.15194],[-117.5051,34.15097],[-117.50442,34.14999],[-117.50306,34.15],[-117.50239,34.15098]]],"type":"Polygon"},"properties":{"bbox":{"roads":{"area":1941.47,"pct":4.78},"sidewalks":{"area":271.73,"pct":0.67}},"city":{"roads":{"area":365.91,"pct":0.9},"sidewalks":{"area":271.73,"pct":0.67}},"id":"hex:2419:17454"},"type":"Feature"},{"geometry":{"coordinates":[[[-117.5024,34.15293],[-117.50308,34.1539],[-117.50444,34.1539],[-117.50511,34.15292],[-117.50443,34.15194],[-117.50307,34.15195],[-117.5024,34.15293]]],"type":"Polygon"},"properties":{"bbox":{"roads":{"area":1830.37,"pct":4.51}},"city_same":1,"id":"hex:2419:17455"},"type":"Feature"},{"geometry":{"coordinates":[[[-117.50245,34.16074],[-117.50313,34.16171],[-117.50449,34.16171],[-117.50516,34.16073],[-117.50447,34.15975],[-117.50312,34.15976],[-117.50245,34.16074]]],"type":"Polygon"},"properties":{"bbox":{"roads":{"area":2012.29,"pct":4.96}},"city_same":1,"id":"hex:2419:17459"},"type":"Feature"},{"geometry":{"coordinates":[[[-117.50246,34.16269],[-117.50314,34.16366],[-117.5045,34.16366],[-117.50517,34.16268],[-117.50449,34.16171],[-117.50313,34.16171],[-117.50246,34.16269]]],"type":"Polygon"},"properties":{"bbox":{"roads":{"area":1478.51,"pct":3.64}},"city_same":1,"id":"hex:2419:17460"},"type":"Feature"},{"geometry":{"coordinates":[[[-117.50247,34.16464],[-117.50315,34.16562],[-117.50451,34.16561],[-117.50518,34.16463],[-117.5045,34.16366],[-117.50314,34.16366],[-117.50247,34.16464]]],"type":"Polygon"},"properties":{"bbox":{"parking":{"area":533.35,"pct":1.31},"roads":{"area":611.87,"pct":1.51}},"city_same":1,"id":"hex:2419:17461"},"type":"Feature"},{"geometry":{"coordinates":[[[-117.50248,34.1666],[-117.50317,34.16757],[-117.50452,34.16756],[-117.50519,34.16659],[-117.50451,34.16561],[-117.50315,34.16562],[-117.50248,34.1666]]],"type":"Polygon"},"properties":{"bbox":{"roads":{"area":146.66,"pct":0.36}},"city_same":1,"id":"hex:2419:17462"},"type":"Feature"},{"geometry":{"coordinates":[[[-117.50227,34.13145],[-117.50182,34.13145],[-117.50286,34.1306],[-117.50227,34.13145]]],"type":"Polygon"},"properties":{"bbox":{"roads":{"area":464.31,"pct":23.78}},"id":"hex:2420:17444"},"type":"Feature"},{"geometry":{"coordinates":[[[-117.50039,34.13264],[-117.50182,34.13145],[-117.50227,34.13145],[-117.50296,34.13242],[-117.50228,34.1334],[-117.50104,34.13341],[-117.50098,34.13318],[-117.50115,34.13299],[-117.50106,34.13292],[-117.50083,34.13327],[-117.50039,34.13264]]],"type":"Polygon"},"properties":{"bbox":{"roads":{"area":5665.43,"pct":17.1}},"city":{"roads":{"area":24.51,"pct":0.07}},"id":"hex:2420:17445"},"type":"Feature"},{"geometry":{"coordinates":[[[-117.50228,34.1334],[-117.50297,34.13438],[-117.5023,34.13536],[-117.50094,34.13536],[-117.50061,34.13489],[-117.50067,34.1349],[-117.50085,34.13477],[-117.50099,34.13462],[-117.50092,34.13457],[-117.50056,34.13451],[-117.50048,34.13414],[-117.50078,34.13378],[-117.5008,34.13364],[-117.50104,34.13342],[-117.50104,34.13341],[-117.50228,34.1334]],[[-117.50189,34.13482],[-117.50206,34.13491],[-117.50227,34.13495],[-117.50227,34.13484],[-117.50169,34.13429],[-117.50154,34.13394],[-117.50146,34.13399],[-117.50153,34.13422],[-117.50149,34.13429],[-117.50115,34.13438],[-117.50118,34.13445],[-117.5015,34.13441],[-117.50174,34.1345],[-117.50189,34.13482]]],"type":"Polygon"},"properties":{"bbox":{"roads":{"area":1475.01,"pct":4.17}},"id":"hex:2420:17446"},"type":"Feature"},{"geometry":{"coordinates":[[[-117.50027,34.13634],[-117.50095,34.13731],[-117.50231,34.13731],[-117.50298,34.13633],[-117.5023,34.13536],[-117.50094,34.13536],[-117.50027,34.13634]]],"type":"Polygon"},"properties":{"bbox":{"roads":{"area":9517.07,"pct":23.44}},"id":"hex:2420:17447"},"type":"Feature"},{"geometry":{"coordinates":[[[-117.5003,34.1422],[-117.50099,34.14317],[-117.50234,34.14317],[-117.50301,34.14219],[-117.50233,34.14121],[-117.50098,34.14122],[-117.5003,34.1422]]],"type":"Polygon"},"properties":{"bbox":{"roads":{"area":1375.39,"pct":3.39}},"city_same":1,"id":"hex:2420:17450"},"type":"Feature"},{"geometry":{"coordinates":[[[-117.50031,34.14415],[-117.501,34.14512],[-117.50235,34.14512],[-117.50303,34.14414],[-117.50234,34.14317],[-117.50099,34.14317],[-117.50031,34.14415]]],"type":"Polygon"},"properties":{"bbox":{"roads":{"area":3919.62,"pct":9.66},"sidewalks":{"area":303.39,"pct":0.75}},"city_same":1,"id":"hex:2420:17451"},"type":"Feature"},{"geometry":{"coordinates":[[[-117.50033,34.1461],[-117.50101,34.14708],[-117.50237,34.14707],[-117.50304,34.14609],[-117.50235,34.14512],[-117.501,34.14512],[-117.50033,34.1461]]],"type":"Polygon"},"properties":{"bbox":{"parking":{"area":1247.05,"pct":3.07},"roads":{"area":3890.17,"pct":9.58},"sidewalks":{"area":18.71,"pct":0.05}},"city_same":1,"id":"hex:2420:17452"},"type":"Feature"},{"geometry":{"coordinates":[[[-117.50034,34.14806],[-117.50102,34.14903],[-117.50238,34.14902],[-117.50305,34.14804],[-117.50237,34.14707],[-117.50101,34.14708],[-117.50034,34.14806]]],"type":"Polygon"},"properties":{"bbox":{"roads":{"area":2931.23,"pct":7.22},"sidewalks":{"area":338.78,"pct":0.83}},"city_same":1,"id":"hex:2420:17453"},"type":"Feature"},{"geometry":{"coordinates":[[[-117.50103,34.15098],[-117.50035,34.15001],[-117.50102,34.14903],[-117.50238,34.14902],[-117.50306,34.15],[-117.50239,34.15098],[-117.50212,34.15098],[-117.50214,34.15095],[-117.50219,34.15091],[-117.50231,34.15089],[-117.50233,34.1507],[-117.50184,34.15071],[-117.50171,34.15081],[-117.50173,34.15098],[-117.50103,34.15098]]],"type":"Polygon"},"properties":{"bbox":{"roads":{"area":5825.69,"pct":14.9},"sidewalks":{"area":414.96,"pct":1.06}},"city":{"roads":{"area":3159.57,"pct":8.08},"sidewalks":{"area":414.96,"pct":1.06}},"id":"hex:2420:17454"},"type":"Feature"},{"geometry":{"coordinates":[[[-117.50239,34.15098],[-117.50307,34.15195],[-117.5024,34.15293],[-117.50104,34.15293],[-117.50036,34.15196],[-117.50103,34.15098],[-117.50173,34.15098],[-117.50175,34.15122],[-117.50216,34.15121],[-117.50209,34.15105],[-117.5021,34.15101],[-117.50212,34.15098],[-117.50239,34.15098]]],"type":"Polygon"},"properties":{"bbox":{"roads":{"area":3405.09,"pct":8.58}},"city_same":1,"id":"hex:2420:17455"},"type":"Feature"},{"geometry":{"coordinates":[[[-117.50037,34.15391],[-117.50106,34.15489],[-117.50241,34.15488],[-117.50308,34.1539],[-117.5024,34.15293],[-117.50104,34.15293],[-117.50037,34.15391]]],"type":"Polygon"},"properties":{"bbox":{"roads":{"area":2023.75,"pct":4.99}},"city_same":1,"id":"hex:2420:17456"},"type":"Feature"},{"geometry":{"coordinates":[[[-117.50038,34.15587],[-117.50107,34.15684],[-117.50242,34.15683],[-117.5031,34.15585],[-117.50241,34.15488],[-117.50106,34.15489],[-117.50038,34.15587]]],"type":"Polygon"},"properties":{"bbox":{"roads":{"area":2800.64,"pct":6.9}},"city_same":1,"id":"hex:2420:17457"},"type":"Feature"},{"geometry":{"coordinates":[[[-117.5004,34.15782],[-117.50108,34.15879],[-117.50244,34.15879],[-117.50311,34.15781],[-117.50242,34.15683],[-117.50107,34.15684],[-117.5004,34.15782]]],"type":"Polygon"},"properties":{"bbox":{"roads":{"area":1407.86,"pct":3.47}},"city_same":1,"id":"hex:2420:17458"},"type":"Feature"},{"geometry":{"coordinates":[[[-117.50041,34.15977],[-117.50109,34.16074],[-117.50245,34.16074],[-117.50312,34.15976],[-117.50244,34.15879],[-117.50108,34.15879],[-117.50041,34.15977]]],"type":"Polygon"},"properties":{"bbox":{"roads":{"area":2915.64,"pct":7.18}},"city_same":1,"id":"hex:2420:17459"},"type":"Feature"},{"geometry":{"coordinates":[[[-117.50109,34.16074],[-117.50245,34.16074],[-117.50313,34.16171],[-117.50246,34.16269],[-117.5011,34.1627],[-117.50042,34.16172],[-117.50109,34.16074]],[[-117.50235,34.16218],[-117.50248,34.16203],[-117.5025,34.16197],[-117.50208,34.16192],[-117.50205,34.16194],[-117.50202,34.16195],[-117.50203,34.16215],[-117.50208,34.16227],[-117.50235,34.16218]]],"type":"Polygon"},"properties":{"bbox":{"roads":{"area":3414.48,"pct":8.65}},"city_same":1,"id":"hex:2420:17460"},"type":"Feature"},{"geometry":{"coordinates":[[[-117.50043,34.16368],[-117.5011,34.1627],[-117.50246,34.16269],[-117.50314,34.16366],[-117.50247,34.16464],[-117.50111,34.16465],[-117.50094,34.1644],[-117.50126,34.1644],[-117.50141,34.16436],[-117.50129,34.16417],[-117.50109,34.16386],[-117.50103,34.16383],[-117.50097,34.16386],[-117.50076,34.16414],[-117.50043,34.16368]]],"type":"Polygon"},"properties":{"bbox":{"parking":{"area":495.81,"pct":1.29},"roads":{"area":3286.45,"pct":8.56}},"city":{"parking":{"area":495.81,"pct":1.29},"roads":{"area":3249.52,"pct":8.47}},"id":"hex:2420:17461"},"type":"Feature"},{"geometry":{"coordinates":[[[-117.50044,34.16563],[-117.50113,34.1666],[-117.50248,34.1666],[-117.50315,34.16562],[-117.50247,34.16464],[-117.50111,34.16465],[-117.50044,34.16563]]],"type":"Polygon"},"properties":{"bbox":{"roads":{"area":2024.78,"pct":4.99}},"city_same":1,"id":"hex:2420:17462"},"type":"Feature"},{"geometry":{"coordinates":[[[-117.50045,34.16758],[-117.50114,34.16855],[-117.50249,34.16855],[-117.50317,34.16757],[-117.50248,34.1666],[-117.50113,34.1666],[-117.50045,34.16758]]],"type":"Polygon"},"properties":{"bbox":{"roads":{"area":1100.93,"pct":2.71}},"city_same":1,"id":"hex:2420:17463"},"type":"Feature"},{"geometry":{"coordinates":[[[-117.50046,34.16953],[-117.50115,34.17051],[-117.5025,34.1705],[-117.50318,34.16952],[-117.50249,34.16855],[-117.50114,34.16855],[-117.50046,34.16953]]],"type":"Polygon"},"properties":{"bbox":{"roads":{"area":335.58,"pct":0.83}},"city_same":1,"id":"hex:2420:17464"},"type":"Feature"},{"geometry":{"coordinates":[[[-117.49867,34.13406],[-117.50039,34.13264],[-117.50083,34.13327],[-117.5003,34.13404],[-117.50017,34.13439],[-117.499,34.13439],[-117.49946,34.13408],[-117.49948,34.13394],[-117.49963,34.13397],[-117.49966,34.13392],[-117.49951,34.13388],[-117.49931,34.13402],[-117.4989,34.13439],[-117.49867,34.13406]],[[-117.49986,34.13393],[-117.49974,34.134],[-117.49974,34.13407],[-117.49984,34.13412],[-117.49999,34.13401],[-117.50006,34.13383],[-117.49997,34.1338],[-117.49986,34.13393]]],"type":"Polygon"},"properties":{"bbox":{"roads":{"area":4517.76,"pct":23.98}},"id":"hex:2421:17445"},"type":"Feature"},{"geometry":{"coordinates":[[[-117.50094,34.13536],[-117.50027,34.13634],[-117.49891,34.13635],[-117.49835,34.13554],[-117.4989,34.13556],[-117.49908,34.13531],[-117.49833,34.13522],[-117.4989,34.1344],[-117.49897,34.13441],[-117.499,34.13439],[-117.50017,34.13439],[-117.50015,34.13445],[-117.50012,34.13457],[-117.50017,34.13477],[-117.5004,34.13487],[-117.50061,34.13489],[-117.50094,34.13536]]],"type":"Polygon"},"properties":{"bbox":{"roads":{"area":5287.88,"pct":14.22}},"id":"hex:2421:17446"},"type":"Feature"},{"geometry":{"coordinates":[[[-117.49824,34.13732],[-117.49891,34.13635],[-117.50027,34.13634],[-117.50095,34.13731],[-117.50094,34.13732],[-117.50074,34.1373],[-117.49942,34.13729],[-117.49841,34.13755],[-117.4984,34.13755],[-117.49824,34.13732]]],"type":"Polygon"},"properties":{"bbox":{"roads":{"area":3758.57,"pct":17.71}},"id":"hex:2421:17447"},"type":"Feature"},{"geometry":{"coordinates":[[[-117.50098,34.14122],[-117.5003,34.1422],[-117.49895,34.1422],[-117.49871,34.14187],[-117.50072,34.14085],[-117.50098,34.14122]]],"type":"Polygon"},"properties":{"bbox":{"roads":{"area":447.07,"pct":2.7}},"city_same":1,"id":"hex:2421:17449"},"type":"Feature"},{"geometry":{"coordinates":[[[-117.49828,34.14318],[-117.49896,34.14416],[-117.50031,34.14415],[-117.50099,34.14317],[-117.5003,34.1422],[-117.49895,34.1422],[-117.49828,34.14318]]],"type":"Polygon"},"properties":{"bbox":{"roads":{"area":3576.62,"pct":8.81}},"city_same":1,"id":"hex:2421:17450"},"type":"Feature"},{"geometry":{"coordinates":[[[-117.49829,34.14514],[-117.49897,34.14611],[-117.50033,34.1461],[-117.501,34.14512],[-117.50031,34.14415],[-117.49896,34.14416],[-117.49829,34.14514]]],"type":"Polygon"},"properties":{"bbox":{"roads":{"area":4573.54,"pct":11.27},"sidewalks":{"area":526.67,"pct":1.3}},"city_same":1,"id":"hex:2421:17451"},"type":"Feature"},{"geometry":{"coordinates":[[[-117.4983,34.14709],[-117.49898,34.14806],[-117.50034,34.14806],[-117.50101,34.14708],[-117.50033,34.1461],[-117.49897,34.14611],[-117.4983,34.14709]]],"type":"Polygon"},"properties":{"bbox":{"roads":{"area":2923.14,"pct":7.2},"sidewalks":{"area":179.85,"pct":0.44}},"city_same":1,"id":"hex:2421:17452"},"type":"Feature"},{"geometry":{"coordinates":[[[-117.49831,34.14904],[-117.49899,34.15001],[-117.50035,34.15001],[-117.50102,34.14903],[-117.50034,34.14806],[-117.49898,34.14806],[-117.49831,34.14904]]],"type":"Polygon"},"properties":{"bbox":{"roads":{"area":3335.71,"pct":8.22}},"city_same":1,"id":"hex:2421:17453"},"type":"Feature"},{"geometry":{"coordinates":[[[-117.49832,34.15099],[-117.499,34.15197],[-117.50036,34.15196],[-117.50103,34.15098],[-117.50035,34.15001],[-117.49899,34.15001],[-117.49832,34.15099]]],"type":"Polygon"},"properties":{"bbox":{"roads":{"area":5084.22,"pct":12.52}},"city":{"roads":{"area":2337.55,"pct":5.76}},"id":"hex:2421:17454"},"type":"Feature"},{"geometry":{"coordinates":[[[-117.49833,34.15295],[-117.49902,34.15392],[-117.50037,34.15391],[-117.50104,34.15293],[-117.50036,34.15196],[-117.499,34.15197],[-117.49833,34.15295]]],"type":"Polygon"},"properties":{"bbox":{"roads":{"area":2828.45,"pct":6.97}},"city_same":1,"id":"hex:2421:17455"},"type":"Feature"},{"geometry":{"coordinates":[[[-117.49834,34.1549],[-117.49903,34.15587],[-117.50038,34.15587],[-117.50106,34.15489],[-117.50037,34.15391],[-117.49902,34.15392],[-117.49834,34.1549]]],"type":"Polygon"},"properties":{"bbox":{"roads":{"area":3153.58,"pct":7.77}},"city_same":1,"id":"hex:2421:17456"},"type":"Feature"},{"geometry":{"coordinates":[[[-117.49836,34.15685],[-117.49904,34.15782],[-117.5004,34.15782],[-117.50107,34.15684],[-117.50038,34.15587],[-117.49903,34.15587],[-117.49836,34.15685]]],"type":"Polygon"},"properties":{"bbox":{"roads":{"area":2803.72,"pct":6.91}},"city_same":1,"id":"hex:2421:17457"},"type":"Feature"},{"geometry":{"coordinates":[[[-117.49837,34.1588],[-117.49905,34.15978],[-117.50041,34.15977],[-117.50108,34.15879],[-117.5004,34.15782],[-117.49904,34.15782],[-117.49837,34.1588]]],"type":"Polygon"},"properties":{"bbox":{"roads":{"area":1294.14,"pct":3.19}},"city_same":1,"id":"hex:2421:17458"},"type":"Feature"},{"geometry":{"coordinates":[[[-117.49838,34.16076],[-117.49906,34.16173],[-117.50042,34.16172],[-117.50109,34.16074],[-117.50041,34.15977],[-117.49905,34.15978],[-117.49838,34.16076]]],"type":"Polygon"},"properties":{"bbox":{"roads":{"area":1870.5,"pct":4.61}},"city_same":1,"id":"hex:2421:17459"},"type":"Feature"},{"geometry":{"coordinates":[[[-117.49839,34.16271],[-117.49907,34.16368],[-117.50043,34.16368],[-117.5011,34.1627],[-117.50042,34.16172],[-117.49906,34.16173],[-117.49839,34.16271]]],"type":"Polygon"},"properties":{"bbox":{"roads":{"area":3761.77,"pct":9.27}},"city_same":1,"id":"hex:2421:17460"},"type":"Feature"},{"geometry":{"coordinates":[[[-117.50111,34.16465],[-117.50044,34.16563],[-117.49909,34.16563],[-117.4984,34.16466],[-117.49907,34.16368],[-117.50043,34.16368],[-117.50076,34.16414],[-117.50063,34.16432],[-117.5007,34.16436],[-117.50077,34.1644],[-117.50094,34.1644],[-117.50111,34.16465]]],"type":"Polygon"},"properties":{"bbox":{"parking":{"area":474.43,"pct":1.18},"roads":{"area":1310.71,"pct":3.26}},"city":{"parking":{"area":474.43,"pct":1.18},"roads":{"area":745.55,"pct":1.85}},"id":"hex:2421:17461"},"type":"Feature"},{"geometry":{"coordinates":[[[-117.49841,34.16661],[-117.4991,34.16759],[-117.50045,34.16758],[-117.50113,34.1666],[-117.50044,34.16563],[-117.49909,34.16563],[-117.49841,34.16661]]],"type":"Polygon"},"properties":{"bbox":{"roads":{"area":266.51,"pct":0.66}},"city_same":1,"id":"hex:2421:17462"},"type":"Feature"},{"geometry":{"coordinates":[[[-117.49708,34.13538],[-117.49867,34.13406],[-117.4989,34.13439],[-117.49889,34.1344],[-117.4989,34.1344],[-117.49833,34.13522],[-117.49795,34.13518],[-117.49784,34.13537],[-117.49708,34.13538]]],"type":"Polygon"},"properties":{"bbox":{"roads":{"area":3161.89,"pct":34.01}},"id":"hex:2422:17446"},"type":"Feature"},{"geometry":{"coordinates":[[[-117.49891,34.13635],[-117.49824,34.13732],[-117.49689,34.13733],[-117.4962,34.13636],[-117.49661,34.13577],[-117.49708,34.13538],[-117.49784,34.13537],[-117.49776,34.13551],[-117.49835,34.13554],[-117.49891,34.13635]]],"type":"Polygon"},"properties":{"bbox":{"roads":{"area":10031.83,"pct":25.44}},"id":"hex:2422:17447"},"type":"Feature"},{"geometry":{"coordinates":[[[-117.49621,34.13831],[-117.49689,34.13733],[-117.49824,34.13732],[-117.4984,34.13755],[-117.49775,34.13779],[-117.49707,34.13811],[-117.49652,34.13845],[-117.49638,34.13855],[-117.49621,34.13831]]],"type":"Polygon"},"properties":{"bbox":{"roads":{"area":1773.05,"pct":14.78}},"id":"hex:2422:17448"},"type":"Feature"},{"geometry":{"coordinates":[[[-117.49895,34.1422],[-117.49828,34.14318],[-117.49692,34.14319],[-117.49682,34.14305],[-117.49693,34.14299],[-117.49705,34.14291],[-117.49715,34.14278],[-117.49728,34.14263],[-117.49742,34.14252],[-117.49871,34.14187],[-117.49895,34.1422]]],"type":"Polygon"},"properties":{"bbox":{"roads":{"area":117.97,"pct":0.8}},"city_same":1,"id":"hex:2422:17450"},"type":"Feature"},{"geometry":{"coordinates":[[[-117.49625,34.14417],[-117.49693,34.14514],[-117.49829,34.14514],[-117.49896,34.14416],[-117.49828,34.14318],[-117.49692,34.14319],[-117.49625,34.14417]]],"type":"Polygon"},"properties":{"bbox":{"parking":{"area":1837.28,"pct":4.53},"roads":{"area":2222.49,"pct":5.47},"sidewalks":{"area":73.92,"pct":0.18}},"city_same":1,"id":"hex:2422:17451"},"type":"Feature"},{"geometry":{"coordinates":[[[-117.49626,34.14612],[-117.49694,34.14709],[-117.4983,34.14709],[-117.49897,34.14611],[-117.49829,34.14514],[-117.49693,34.14514],[-117.49626,34.14612]]],"type":"Polygon"},"properties":{"bbox":{"roads":{"area":2525.65,"pct":6.22}},"city_same":1,"id":"hex:2422:17452"},"type":"Feature"},{"geometry":{"coordinates":[[[-117.49627,34.14807],[-117.49695,34.14905],[-117.49831,34.14904],[-117.49898,34.14806],[-117.4983,34.14709],[-117.49694,34.14709],[-117.49627,34.14807]]],"type":"Polygon"},"properties":{"bbox":{"roads":{"area":2431.46,"pct":5.99}},"city_same":1,"id":"hex:2422:17453"},"type":"Feature"},{"geometry":{"coordinates":[[[-117.49628,34.15002],[-117.49697,34.151],[-117.49832,34.15099],[-117.49899,34.15001],[-117.49831,34.14904],[-117.49695,34.14905],[-117.49628,34.15002]]],"type":"Polygon"},"properties":{"bbox":{"roads":{"area":4211.95,"pct":10.38}},"city":{"roads":{"area":1337.19,"pct":3.29}},"id":"hex:2422:17454"},"type":"Feature"},{"geometry":{"coordinates":[[[-117.49629,34.15198],[-117.49698,34.15295],[-117.49833,34.15295],[-117.499,34.15197],[-117.49832,34.15099],[-117.49697,34.151],[-117.49629,34.15198]]],"type":"Polygon"},"properties":{"bbox":{"roads":{"area":3911.6,"pct":9.64}},"city_same":1,"id":"hex:2422:17455"},"type":"Feature"},{"geometry":{"coordinates":[[[-117.4963,34.15393],[-117.49699,34.1549],[-117.49834,34.1549],[-117.49902,34.15392],[-117.49833,34.15295],[-117.49698,34.15295],[-117.4963,34.15393]]],"type":"Polygon"},"properties":{"bbox":{"roads":{"area":2073.54,"pct":5.11}},"city_same":1,"id":"hex:2422:17456"},"type":"Feature"},{"geometry":{"coordinates":[[[-117.49632,34.15588],[-117.497,34.15686],[-117.49836,34.15685],[-117.49903,34.15587],[-117.49834,34.1549],[-117.49699,34.1549],[-117.49632,34.15588]]],"type":"Polygon"},"properties":{"bbox":{"roads":{"area":1256.32,"pct":3.09}},"city_same":1,"id":"hex:2422:17457"},"type":"Feature"},{"geometry":{"coordinates":[[[-117.49633,34.15783],[-117.49701,34.15881],[-117.49837,34.1588],[-117.49904,34.15782],[-117.49836,34.15685],[-117.497,34.15686],[-117.49633,34.15783]]],"type":"Polygon"},"properties":{"bbox":{"roads":{"area":950.85,"pct":2.34}},"city_same":1,"id":"hex:2422:17458"},"type":"Feature"},{"geometry":{"coordinates":[[[-117.49634,34.15979],[-117.49702,34.16076],[-117.49838,34.16076],[-117.49905,34.15978],[-117.49837,34.1588],[-117.49701,34.15881],[-117.49634,34.15979]]],"type":"Polygon"},"properties":{"bbox":{"roads":{"area":1445.14,"pct":3.56}},"city_same":1,"id":"hex:2422:17459"},"type":"Feature"},{"geometry":{"coordinates":[[[-117.49635,34.16174],[-117.49703,34.16271],[-117.49839,34.16271],[-117.49906,34.16173],[-117.49838,34.16076],[-117.49702,34.16076],[-117.49635,34.16174]]],"type":"Polygon"},"properties":{"bbox":{"roads":{"area":3395.52,"pct":8.36}},"city_same":1,"id":"hex:2422:17460"},"type":"Feature"},{"geometry":{"coordinates":[[[-117.49636,34.16369],[-117.49705,34.16467],[-117.4984,34.16466],[-117.49907,34.16368],[-117.49839,34.16271],[-117.49703,34.16271],[-117.49636,34.16369]]],"type":"Polygon"},"properties":{"bbox":{"roads":{"area":1890.84,"pct":4.66}},"city":{"roads":{"area":1166.42,"pct":2.87}},"id":"hex:2422:17461"},"type":"Feature"},{"geometry":{"coordinates":[[[-117.49637,34.16564],[-117.49706,34.16662],[-117.49841,34.16661],[-117.49909,34.16563],[-117.4984,34.16466],[-117.49705,34.16467],[-117.49637,34.16564]]],"type":"Polygon"},"properties":{"bbox":{"roads":{"area":1177.53,"pct":2.9}},"city_same":1,"id":"hex:2422:17462"},"type":"Feature"},{"geometry":{"coordinates":[[[-117.4962,34.13636],[-117.49589,34.13636],[-117.49661,34.13577],[-117.4962,34.13636]]],"type":"Polygon"},"properties":{"bbox":{"roads":{"area":432.79,"pct":46.62}},"id":"hex:2423:17446"},"type":"Feature"},{"geometry":{"coordinates":[[[-117.4962,34.13636],[-117.49689,34.13733],[-117.49621,34.13831],[-117.49486,34.13831],[-117.49437,34.13762],[-117.49589,34.13636],[-117.4962,34.13636]],[[-117.49668,34.13706],[-117.49584,34.13689],[-117.49521,34.13753],[-117.49544,34.13765],[-117.4968,34.13726],[-117.49668,34.13706]]],"type":"Polygon"},"properties":{"bbox":{"roads":{"area":6559.52,"pct":25.68}},"id":"hex:2423:17447"},"type":"Feature"},{"geometry":{"coordinates":[[[-117.49419,34.13929],[-117.49486,34.13831],[-117.49621,34.13831],[-117.49638,34.13855],[-117.49468,34.13973],[-117.49455,34.13981],[-117.49419,34.13929]]],"type":"Polygon"},"properties":{"bbox":{"roads":{"area":1818.94,"pct":10.48}},"id":"hex:2423:17448"},"type":"Feature"},{"geometry":{"coordinates":[[[-117.49692,34.14319],[-117.49625,34.14417],[-117.49489,34.14417],[-117.49481,34.14406],[-117.49575,34.14356],[-117.49603,34.14345],[-117.49628,34.14334],[-117.49682,34.14305],[-117.49692,34.14319]]],"type":"Polygon"},"properties":{"bbox":{"roads":{"area":47.45,"pct":0.46}},"city_same":1,"id":"hex:2423:17450"},"type":"Feature"},{"geometry":{"coordinates":[[[-117.49422,34.14515],[-117.4949,34.14613],[-117.49626,34.14612],[-117.49693,34.14514],[-117.49625,34.14417],[-117.49489,34.14417],[-117.49422,34.14515]]],"type":"Polygon"},"properties":{"bbox":{"roads":{"area":3666.82,"pct":9.03},"sidewalks":{"area":65,"pct":0.16}},"city_same":1,"id":"hex:2423:17451"},"type":"Feature"},{"geometry":{"coordinates":[[[-117.49423,34.1471],[-117.49491,34.14808],[-117.49627,34.14807],[-117.49694,34.14709],[-117.49626,34.14612],[-117.4949,34.14613],[-117.49423,34.1471]]],"type":"Polygon"},"properties":{"bbox":{"roads":{"area":2773.12,"pct":6.83}},"city_same":1,"id":"hex:2423:17452"},"type":"Feature"},{"geometry":{"coordinates":[[[-117.49424,34.14906],[-117.49493,34.15003],[-117.49628,34.15002],[-117.49695,34.14905],[-117.49627,34.14807],[-117.49491,34.14808],[-117.49424,34.14906]]],"type":"Polygon"},"properties":{"bbox":{"roads":{"area":2830.21,"pct":6.97}},"city_same":1,"id":"hex:2423:17453"},"type":"Feature"},{"geometry":{"coordinates":[[[-117.49425,34.15101],[-117.49494,34.15198],[-117.49629,34.15198],[-117.49697,34.151],[-117.49628,34.15002],[-117.49493,34.15003],[-117.49425,34.15101]]],"type":"Polygon"},"properties":{"bbox":{"roads":{"area":4596.71,"pct":11.32}},"city":{"roads":{"area":1741.47,"pct":4.29}},"id":"hex:2423:17454"},"type":"Feature"},{"geometry":{"coordinates":[[[-117.49426,34.15296],[-117.49495,34.15394],[-117.4963,34.15393],[-117.49698,34.15295],[-117.49629,34.15198],[-117.49494,34.15198],[-117.49426,34.15296]]],"type":"Polygon"},"properties":{"bbox":{"roads":{"area":2919.32,"pct":7.19}},"city_same":1,"id":"hex:2423:17455"},"type":"Feature"},{"geometry":{"coordinates":[[[-117.49495,34.15394],[-117.4963,34.15393],[-117.49699,34.1549],[-117.49632,34.15588],[-117.49496,34.15589],[-117.49471,34.15553],[-117.49474,34.15524],[-117.4947,34.15473],[-117.49462,34.15441],[-117.49495,34.15394]]],"type":"Polygon"},"properties":{"bbox":{"roads":{"area":4390.29,"pct":11.57}},"city":{"roads":{"area":3912.9,"pct":10.31}},"id":"hex:2423:17456"},"type":"Feature"},{"geometry":{"coordinates":[[[-117.49496,34.15589],[-117.49632,34.15588],[-117.497,34.15686],[-117.49633,34.15783],[-117.49497,34.15784],[-117.49457,34.15727],[-117.49459,34.15711],[-117.49466,34.1571],[-117.49468,34.1568],[-117.49469,34.15647],[-117.49468,34.1563],[-117.49496,34.15589]]],"type":"Polygon"},"properties":{"bbox":{"roads":{"area":3685.04,"pct":9.55}},"city":{"roads":{"area":3239.88,"pct":8.4}},"id":"hex:2423:17457"},"type":"Feature"},{"geometry":{"coordinates":[[[-117.4943,34.15882],[-117.49498,34.15979],[-117.49634,34.15979],[-117.49701,34.15881],[-117.49633,34.15783],[-117.49497,34.15784],[-117.4943,34.15882]]],"type":"Polygon"},"properties":{"bbox":{"roads":{"area":806.8,"pct":1.99}},"city_same":1,"id":"hex:2423:17458"},"type":"Feature"},{"geometry":{"coordinates":[[[-117.49431,34.16077],[-117.49499,34.16175],[-117.49635,34.16174],[-117.49702,34.16076],[-117.49634,34.15979],[-117.49498,34.15979],[-117.49431,34.16077]]],"type":"Polygon"},"properties":{"bbox":{"roads":{"area":2834.52,"pct":6.98}},"city_same":1,"id":"hex:2423:17459"},"type":"Feature"},{"geometry":{"coordinates":[[[-117.49432,34.16272],[-117.49501,34.1637],[-117.49636,34.16369],[-117.49703,34.16271],[-117.49635,34.16174],[-117.49499,34.16175],[-117.49432,34.16272]]],"type":"Polygon"},"properties":{"bbox":{"roads":{"area":2171.12,"pct":5.35}},"city_same":1,"id":"hex:2423:17460"},"type":"Feature"},{"geometry":{"coordinates":[[[-117.49433,34.16468],[-117.49502,34.16565],[-117.49637,34.16564],[-117.49705,34.16467],[-117.49636,34.16369],[-117.49501,34.1637],[-117.49433,34.16468]]],"type":"Polygon"},"properties":{"bbox":{"roads":{"area":537.83,"pct":1.32}},"id":"hex:2423:17461"},"type":"Feature"},{"geometry":{"coordinates":[[[-117.49434,34.16663],[-117.49503,34.1676],[-117.49638,34.1676],[-117.49706,34.16662],[-117.49637,34.16564],[-117.49502,34.16565],[-117.49434,34.16663]]],"type":"Polygon"},"properties":{"bbox":{"roads":{"area":716.05,"pct":1.76}},"city_same":1,"id":"hex:2423:17462"},"type":"Feature"},{"geometry":{"coordinates":[[[-117.49436,34.16858],[-117.49504,34.16956],[-117.4964,34.16955],[-117.49707,34.16857],[-117.49638,34.1676],[-117.49503,34.1676],[-117.49436,34.16858]]],"type":"Polygon"},"properties":{"bbox":{"roads":{"area":810.71,"pct":2}},"city_same":1,"id":"hex:2423:17463"},"type":"Feature"},{"geometry":{"coordinates":[[[-117.49486,34.13831],[-117.49419,34.13929],[-117.49283,34.1393],[-117.49265,34.13904],[-117.49437,34.13762],[-117.49486,34.13831]]],"type":"Polygon"},"properties":{"bbox":{"roads":{"area":4952.9,"pct":24.71}},"id":"hex:2424:17448"},"type":"Feature"},{"geometry":{"coordinates":[[[-117.49216,34.14028],[-117.49283,34.1393],[-117.49419,34.13929],[-117.49455,34.13981],[-117.49442,34.13989],[-117.49342,34.14025],[-117.49278,34.14053],[-117.49245,34.14069],[-117.49216,34.14028]]],"type":"Polygon"},"properties":{"bbox":{"roads":{"area":2413.53,"pct":12.41}},"id":"hex:2424:17449"},"type":"Feature"},{"geometry":{"coordinates":[[[-117.49489,34.14417],[-117.49422,34.14515],[-117.49286,34.14516],[-117.49248,34.14461],[-117.49354,34.14461],[-117.49371,34.1446],[-117.49385,34.14457],[-117.49481,34.14406],[-117.49489,34.14417]]],"type":"Polygon"},"properties":{"bbox":{"roads":{"area":223.9,"pct":1.8},"sidewalks":{"area":82.28,"pct":0.66}},"city_same":1,"id":"hex:2424:17451"},"type":"Feature"},{"geometry":{"coordinates":[[[-117.49286,34.14516],[-117.49422,34.14515],[-117.4949,34.14613],[-117.49423,34.1471],[-117.49287,34.14711],[-117.49254,34.14663],[-117.49255,34.14561],[-117.49286,34.14516]]],"type":"Polygon"},"properties":{"bbox":{"roads":{"area":2120.78,"pct":5.47}},"city_same":1,"id":"hex:2424:17452"},"type":"Feature"},{"geometry":{"coordinates":[[[-117.49287,34.14711],[-117.49423,34.1471],[-117.49491,34.14808],[-117.49424,34.14906],[-117.49289,34.14906],[-117.49251,34.14853],[-117.49254,34.14843],[-117.49254,34.14759],[-117.49287,34.14711]]],"type":"Polygon"},"properties":{"bbox":{"roads":{"area":1633.28,"pct":4.2}},"city_same":1,"id":"hex:2424:17453"},"type":"Feature"},{"geometry":{"coordinates":[[[-117.49245,34.15037],[-117.49255,34.15037],[-117.49246,34.15012],[-117.49246,34.14988],[-117.49254,34.14959],[-117.49254,34.14956],[-117.49289,34.14906],[-117.49424,34.14906],[-117.49493,34.15003],[-117.49425,34.15101],[-117.49293,34.15101],[-117.4928,34.15078],[-117.49271,34.15068],[-117.49269,34.15068],[-117.49265,34.15066],[-117.49245,34.15037]]],"type":"Polygon"},"properties":{"bbox":{"roads":{"area":5120.09,"pct":13.02},"sidewalks":{"area":84.86,"pct":0.22}},"city":{"roads":{"area":2143.48,"pct":5.45},"sidewalks":{"area":84.86,"pct":0.22}},"id":"hex:2424:17454"},"type":"Feature"},{"geometry":{"coordinates":[[[-117.49425,34.15101],[-117.49494,34.15198],[-117.49426,34.15296],[-117.49383,34.15296],[-117.49366,34.15272],[-117.49353,34.1525],[-117.49339,34.15222],[-117.49327,34.15181],[-117.49308,34.15127],[-117.49293,34.15101],[-117.49425,34.15101]]],"type":"Polygon"},"properties":{"bbox":{"roads":{"area":3400.23,"pct":13.6}},"city":{"roads":{"area":2592.64,"pct":10.37}},"id":"hex:2424:17455"},"type":"Feature"},{"geometry":{"coordinates":[[[-117.49426,34.15296],[-117.49495,34.15394],[-117.49462,34.15441],[-117.49457,34.15421],[-117.49445,34.15393],[-117.4943,34.15366],[-117.49383,34.15296],[-117.49426,34.15296]]],"type":"Polygon"},"properties":{"bbox":{"roads":{"area":1657,"pct":29.18}},"city":{"roads":{"area":1055.78,"pct":18.59}},"id":"hex:2424:17456"},"type":"Feature"},{"geometry":{"coordinates":[[[-117.49496,34.15589],[-117.49468,34.1563],[-117.49467,34.15604],[-117.49471,34.15553],[-117.49496,34.15589]]],"type":"Polygon"},"properties":{"bbox":{"roads":{"area":409.9,"pct":36.39}},"city":{"roads":{"area":153.8,"pct":13.65}},"id":"hex:2424:17457"},"type":"Feature"},{"geometry":{"coordinates":[[[-117.49497,34.15784],[-117.4943,34.15882],[-117.49407,34.15882],[-117.49414,34.15857],[-117.49423,34.15834],[-117.49429,34.15807],[-117.49434,34.15785],[-117.49433,34.15754],[-117.4944,34.15738],[-117.49451,34.15735],[-117.49457,34.15732],[-117.49457,34.15727],[-117.49497,34.15784]]],"type":"Polygon"},"properties":{"bbox":{"roads":{"area":1605.07,"pct":24.9}},"city":{"roads":{"area":1017.73,"pct":15.79}},"id":"hex:2424:17458"},"type":"Feature"},{"geometry":{"coordinates":[[[-117.4943,34.15882],[-117.49498,34.15979],[-117.49431,34.16077],[-117.4935,34.16078],[-117.49381,34.15976],[-117.49407,34.15882],[-117.4943,34.15882]]],"type":"Polygon"},"properties":{"bbox":{"roads":{"area":3113.55,"pct":18.35}},"city":{"roads":{"area":2335.18,"pct":13.76}},"id":"hex:2424:17459"},"type":"Feature"},{"geometry":{"coordinates":[[[-117.49431,34.16077],[-117.49499,34.16175],[-117.49432,34.16272],[-117.49311,34.16273],[-117.49311,34.1621],[-117.49326,34.16153],[-117.4935,34.16078],[-117.49431,34.16077]]],"type":"Polygon"},"properties":{"bbox":{"roads":{"area":3248.87,"pct":11.51}},"city":{"roads":{"area":2479.04,"pct":8.78}},"id":"hex:2424:17460"},"type":"Feature"},{"geometry":{"coordinates":[[[-117.49432,34.16272],[-117.49501,34.1637],[-117.49433,34.16468],[-117.49298,34.16468],[-117.49266,34.16424],[-117.49319,34.16359],[-117.49311,34.16302],[-117.49311,34.16273],[-117.49432,34.16272]]],"type":"Polygon"},"properties":{"bbox":{"roads":{"area":1022.09,"pct":3.07}},"city":{"roads":{"area":203.97,"pct":0.61}},"id":"hex:2424:17461"},"type":"Feature"},{"geometry":{"coordinates":[[[-117.49283,34.1393],[-117.49216,34.14028],[-117.49115,34.14028],[-117.49265,34.13904],[-117.49283,34.1393]]],"type":"Polygon"},"properties":{"bbox":{"roads":{"area":3095.77,"pct":37.82}},"id":"hex:2425:17448"},"type":"Feature"},{"geometry":{"coordinates":[[[-117.49013,34.14126],[-117.49035,34.14094],[-117.49115,34.14028],[-117.49216,34.14028],[-117.49245,34.14069],[-117.49181,34.14101],[-117.49066,34.14165],[-117.49049,34.14178],[-117.49013,34.14126]]],"type":"Polygon"},"properties":{"bbox":{"roads":{"area":5456.84,"pct":30.42}},"id":"hex:2425:17449"},"type":"Feature"},{"geometry":{"coordinates":[[[-117.49265,34.15066],[-117.49263,34.15065],[-117.49254,34.15065],[-117.49246,34.15065],[-117.49239,34.15069],[-117.49222,34.15077],[-117.49215,34.1508],[-117.4921,34.15081],[-117.49205,34.15081],[-117.49198,34.15078],[-117.49178,34.15069],[-117.49171,34.15065],[-117.49168,34.15065],[-117.49165,34.15065],[-117.49158,34.15069],[-117.4913,34.15083],[-117.4912,34.15087],[-117.49112,34.15088],[-117.49105,34.15087],[-117.49082,34.15077],[-117.49066,34.15069],[-117.49059,34.15066],[-117.49056,34.15066],[-117.49054,34.15066],[-117.49046,34.1507],[-117.49039,34.15073],[-117.49063,34.15038],[-117.49168,34.15038],[-117.49222,34.15038],[-117.4924,34.15038],[-117.49245,34.15037],[-117.49265,34.15066]]],"type":"Polygon"},"properties":{"bbox":{"roads":{"area":2841.7,"pct":36.81}},"id":"hex:2425:17454"},"type":"Feature"},{"geometry":{"coordinates":[[[-117.48878,34.14322],[-117.48835,34.1426],[-117.48996,34.14126],[-117.49013,34.14126],[-117.49049,34.14178],[-117.49002,34.14213],[-117.49019,34.14233],[-117.49027,34.14245],[-117.49038,34.14257],[-117.49049,34.1427],[-117.49038,34.14286],[-117.49027,34.14279],[-117.49014,34.14282],[-117.48992,34.14299],[-117.48986,34.14308],[-117.48986,34.14322],[-117.48878,34.14322]]],"type":"Polygon"},"properties":{"bbox":{"roads":{"area":5822.8,"pct":23.3}},"city":{"roads":{"area":521.11,"pct":2.08}},"id":"hex:2426:17450"},"type":"Feature"},{"geometry":{"coordinates":[[[-117.4888,34.14517],[-117.48811,34.1442],[-117.48878,34.14322],[-117.48986,34.14322],[-117.48986,34.14325],[-117.48988,34.14357],[-117.48992,34.14407],[-117.48994,34.14439],[-117.48994,34.14455],[-117.48988,34.14471],[-117.48987,34.14488],[-117.48991,34.14495],[-117.48996,34.14497],[-117.49029,34.14496],[-117.49023,34.14505],[-117.48975,34.14505],[-117.48968,34.14517],[-117.4888,34.14517]]],"type":"Polygon"},"properties":{"bbox":{"roads":{"area":634.28,"pct":2.19}},"id":"hex:2426:17451"},"type":"Feature"},{"geometry":{"coordinates":[[[-117.48812,34.14615],[-117.4888,34.14517],[-117.48968,34.14517],[-117.489,34.1463],[-117.48892,34.14653],[-117.48889,34.14664],[-117.48891,34.1467],[-117.48914,34.14678],[-117.48949,34.14678],[-117.49039,34.14678],[-117.49032,34.1469],[-117.48949,34.14689],[-117.48874,34.14688],[-117.48867,34.14693],[-117.48812,34.14615]]],"type":"Polygon"},"properties":{"bbox":{"roads":{"area":534.11,"pct":3.51}},"id":"hex:2426:17452"},"type":"Feature"},{"geometry":{"coordinates":[[[-117.48837,34.15038],[-117.48902,34.15039],[-117.49051,34.15039],[-117.49063,34.15038],[-117.49039,34.15073],[-117.49005,34.1509],[-117.48988,34.15095],[-117.48982,34.15096],[-117.48974,34.15095],[-117.48958,34.15092],[-117.48937,34.15082],[-117.48915,34.15071],[-117.48909,34.15067],[-117.48901,34.15067],[-117.48894,34.15067],[-117.48891,34.15069],[-117.48887,34.15069],[-117.48878,34.15076],[-117.48875,34.15089],[-117.48874,34.15091],[-117.48837,34.15038]]],"type":"Polygon"},"properties":{"bbox":{"roads":{"area":2942.48,"pct":33.83}},"id":"hex:2426:17454"},"type":"Feature"},{"geometry":{"coordinates":[[[-117.48878,34.14322],[-117.48811,34.1442],[-117.48676,34.14421],[-117.48663,34.14402],[-117.48835,34.1426],[-117.48878,34.14322]]],"type":"Polygon"},"properties":{"bbox":{"roads":{"area":6484.48,"pct":35.97}},"city":{"roads":{"area":129.75,"pct":0.72}},"id":"hex:2427:17450"},"type":"Feature"},{"geometry":{"coordinates":[[[-117.48608,34.14518],[-117.48677,34.14616],[-117.48812,34.14615],[-117.4888,34.14517],[-117.48811,34.1442],[-117.48676,34.14421],[-117.48608,34.14518]]],"type":"Polygon"},"properties":{"bbox":{"roads":{"area":1408.58,"pct":3.47}},"id":"hex:2427:17451"},"type":"Feature"},{"geometry":{"coordinates":[[[-117.48678,34.14811],[-117.4861,34.14714],[-117.48677,34.14616],[-117.48812,34.14615],[-117.48867,34.14693],[-117.48863,34.14696],[-117.48792,34.14811],[-117.48678,34.14811]]],"type":"Polygon"},"properties":{"bbox":{"roads":{"area":1550.26,"pct":4.1}},"id":"hex:2427:17452"},"type":"Feature"},{"geometry":{"coordinates":[[[-117.48679,34.15006],[-117.48611,34.14909],[-117.48678,34.14811],[-117.48792,34.14811],[-117.48769,34.14848],[-117.48771,34.14857],[-117.48782,34.14861],[-117.48849,34.14861],[-117.48856,34.14871],[-117.48762,34.1487],[-117.48724,34.14925],[-117.48711,34.14954],[-117.48701,34.15006],[-117.48679,34.15006]]],"type":"Polygon"},"properties":{"bbox":{"roads":{"area":2276.73,"pct":11.5}},"id":"hex:2427:17453"},"type":"Feature"},{"geometry":{"coordinates":[[[-117.48833,34.15175],[-117.48833,34.15157],[-117.48834,34.15052],[-117.48675,34.15052],[-117.48649,34.1505],[-117.48679,34.15006],[-117.48701,34.15006],[-117.48699,34.15015],[-117.4871,34.15026],[-117.48742,34.15037],[-117.48837,34.15038],[-117.48874,34.15091],[-117.4887,34.15121],[-117.48833,34.15175]]],"type":"Polygon"},"properties":{"bbox":{"roads":{"area":1889.92,"pct":25.66},"sidewalks":{"area":232.68,"pct":3.16}},"city":{"sidewalks":{"area":232.68,"pct":3.16}},"id":"hex:2427:17454"},"type":"Feature"},{"geometry":{"coordinates":[[[-117.48676,34.14421],[-117.48608,34.14518],[-117.48521,34.14519],[-117.48663,34.14402],[-117.48676,34.14421]]],"type":"Polygon"},"properties":{"bbox":{"roads":{"area":3699.51,"pct":57.11}},"id":"hex:2428:17451"},"type":"Feature"},{"geometry":{"coordinates":[[[-117.48608,34.14518],[-117.48677,34.14616],[-117.4861,34.14714],[-117.48474,34.14714],[-117.48406,34.14617],[-117.4841,34.14611],[-117.48521,34.14519],[-117.48608,34.14518]]],"type":"Polygon"},"properties":{"bbox":{"roads":{"area":4495.58,"pct":11.73}},"id":"hex:2428:17452"},"type":"Feature"},{"geometry":{"coordinates":[[[-117.48408,34.15007],[-117.48475,34.14909],[-117.48611,34.14909],[-117.48679,34.15006],[-117.48649,34.1505],[-117.4862,34.15049],[-117.48435,34.15046],[-117.48408,34.15007]]],"type":"Polygon"},"properties":{"bbox":{"roads":{"area":2314.03,"pct":7.59},"sidewalks":{"area":271.6,"pct":0.89}},"city":{"sidewalks":{"area":271.6,"pct":0.89}},"id":"hex:2428:17454"},"type":"Feature"},{"geometry":{"coordinates":[[[-117.48406,34.14617],[-117.48474,34.14714],[-117.48407,34.14812],[-117.48271,34.14813],[-117.48232,34.14757],[-117.48403,34.14617],[-117.48406,34.14617]]],"type":"Polygon"},"properties":{"bbox":{"roads":{"area":4211.79,"pct":14.94}},"id":"hex:2429:17452"},"type":"Feature"},{"geometry":{"coordinates":[[[-117.48272,34.15008],[-117.48408,34.15007],[-117.48435,34.15046],[-117.48247,34.15044],[-117.48272,34.15008]]],"type":"Polygon"},"properties":{"bbox":{"roads":{"area":739.77,"pct":11.86},"sidewalks":{"area":240.95,"pct":3.86}},"city":{"sidewalks":{"area":240.95,"pct":3.86}},"id":"hex:2429:17454"},"type":"Feature"},{"geometry":{"coordinates":[[[-117.48271,34.14813],[-117.48204,34.14911],[-117.48068,34.14911],[-117.4806,34.149],[-117.48232,34.14757],[-117.48271,34.14813]]],"type":"Polygon"},"properties":{"bbox":{"roads":{"area":3958.89,"pct":24.72}},"id":"hex:2430:17453"},"type":"Feature"},{"geometry":{"coordinates":[[[-117.48001,34.15009],[-117.48068,34.14911],[-117.48204,34.14911],[-117.48272,34.15008],[-117.48247,34.15044],[-117.48024,34.15041],[-117.48001,34.15009]]],"type":"Polygon"},"properties":{"bbox":{"roads":{"area":3313.47,"pct":11.43},"sidewalks":{"area":336.5,"pct":1.16}},"city":{"sidewalks":{"area":336.5,"pct":1.16}},"id":"hex:2430:17454"},"type":"Feature"},{"geometry":{"coordinates":[[[-117.48068,34.14911],[-117.48001,34.15009],[-117.47928,34.15009],[-117.4796,34.14982],[-117.4806,34.149],[-117.48068,34.14911]]],"type":"Polygon"},"properties":{"bbox":{"roads":{"area":2267.68,"pct":46.57}},"id":"hex:2431:17453"},"type":"Feature"},{"geometry":{"coordinates":[[[-117.48001,34.15009],[-117.48024,34.15041],[-117.47891,34.1504],[-117.47928,34.15009],[-117.48001,34.15009]]],"type":"Polygon"},"properties":{"bbox":{"roads":{"area":1989.88,"pct":60.07},"sidewalks":{"area":144.66,"pct":4.37}},"city":{"sidewalks":{"area":144.66,"pct":4.37}},"id":"hex:2431:17454"},"type":"Feature"}],"type":"FeatureCollection","v":2}