{"features":[{"geometry":{"coordinates":[[[-118.71706,34.13927],[-118.71712,34.13926],[-118.71737,34.1392],[-118.71743,34.13917],[-118.71756,34.13915],[-118.71784,34.13917],[-118.71816,34.13909],[-118.7187,34.13924],[-118.71962,34.13974],[-118.71947,34.13996],[-118.71755,34.13995],[-118.71706,34.13927]]],"type":"Polygon"},"properties":{"bbox":{"roads":{"area":607.86,"pct":3.89}},"city_same":1,"id":"hex:1518:14545"},"type":"Feature"},{"geometry":{"coordinates":[[[-118.71525,34.13904],[-118.71441,34.13788],[-118.7152,34.1367],[-118.71549,34.1367],[-118.7155,34.13837],[-118.71609,34.13846],[-118.71668,34.13853],[-118.71581,34.13862],[-118.71551,34.13867],[-118.7155,34.13904],[-118.71525,34.13904]]],"type":"Polygon"},"properties":{"bbox":{"parking":{"area":4611.15,"pct":25.69},"roads":{"area":3140.78,"pct":17.5},"sidewalks":{"area":264.66,"pct":1.47}},"city":{"parking":{"area":4611.15,"pct":25.69},"roads":{"area":1297.12,"pct":7.23},"sidewalks":{"area":264.66,"pct":1.47}},"id":"hex:1519:14544"},"type":"Feature"},{"geometry":{"coordinates":[[[-118.7153,34.14139],[-118.71446,34.14023],[-118.71525,34.13904],[-118.7155,34.13904],[-118.71549,34.13936],[-118.71558,34.13933],[-118.71585,34.13943],[-118.71706,34.13927],[-118.71755,34.13995],[-118.71615,34.13995],[-118.71614,34.14053],[-118.7161,34.14107],[-118.71608,34.14138],[-118.7153,34.14139]]],"type":"Polygon"},"properties":{"bbox":{"roads":{"area":2450.9,"pct":6.9},"sidewalks":{"area":497.7,"pct":1.4}},"city":{"roads":{"area":1802.51,"pct":5.08},"sidewalks":{"area":497.7,"pct":1.4}},"id":"hex:1519:14545"},"type":"Feature"},{"geometry":{"coordinates":[[[-118.71535,34.14373],[-118.71451,34.14257],[-118.7153,34.14139],[-118.71608,34.14138],[-118.71608,34.14147],[-118.71613,34.14186],[-118.71595,34.14266],[-118.71604,34.14267],[-118.71592,34.14316],[-118.71595,34.14316],[-118.71586,34.14353],[-118.71589,34.14368],[-118.71593,34.14372],[-118.71535,34.14373]]],"type":"Polygon"},"properties":{"bbox":{"roads":{"area":2151.12,"pct":8.23},"sidewalks":{"area":964.46,"pct":3.69}},"city_same":1,"id":"hex:1519:14546"},"type":"Feature"},{"geometry":{"coordinates":[[[-118.71539,34.14607],[-118.71456,34.14491],[-118.71535,34.14373],[-118.71593,34.14372],[-118.71599,34.1438],[-118.71612,34.1439],[-118.71632,34.14401],[-118.7161,34.14431],[-118.71613,34.14433],[-118.71603,34.14445],[-118.71594,34.14498],[-118.71601,34.14596],[-118.71601,34.14606],[-118.71539,34.14607]]],"type":"Polygon"},"properties":{"bbox":{"roads":{"area":1659.04,"pct":6.49},"sidewalks":{"area":829.8,"pct":3.25}},"city_same":1,"id":"hex:1519:14547"},"type":"Feature"},{"geometry":{"coordinates":[[[-118.7146,34.14725],[-118.71539,34.14607],[-118.71601,34.14606],[-118.71599,34.14639],[-118.71561,34.14691],[-118.71545,34.14701],[-118.71503,34.14728],[-118.71462,34.14728],[-118.7146,34.14725]]],"type":"Polygon"},"properties":{"bbox":{"roads":{"area":343.29,"pct":3.89},"sidewalks":{"area":147.17,"pct":1.67}},"city_same":1,"id":"hex:1519:14548"},"type":"Feature"},{"geometry":{"coordinates":[[[-118.71135,34.10405],[-118.71159,34.10394],[-118.71159,34.104],[-118.71181,34.10445],[-118.71191,34.10472],[-118.71194,34.10486],[-118.71135,34.10405]]],"type":"Polygon"},"properties":{"bbox":{"roads":{"area":641.93,"pct":46.31}},"id":"hex:1520:14530"},"type":"Feature"},{"geometry":{"coordinates":[[[-118.71134,34.1063],[-118.71198,34.10534],[-118.71195,34.1056],[-118.71193,34.10581],[-118.71186,34.10603],[-118.7118,34.10602],[-118.71163,34.10643],[-118.71158,34.10655],[-118.71157,34.10662],[-118.71134,34.1063]]],"type":"Polygon"},"properties":{"bbox":{"roads":{"area":864.66,"pct":32.11}},"city":{"roads":{"area":44.05,"pct":1.64}},"id":"hex:1520:14531"},"type":"Feature"},{"geometry":{"coordinates":[[[-118.71139,34.10864],[-118.71171,34.10815],[-118.71176,34.10828],[-118.71178,34.10893],[-118.71173,34.10911],[-118.71139,34.10864]]],"type":"Polygon"},"properties":{"bbox":{"roads":{"area":243.72,"pct":11.65}},"id":"hex:1520:14532"},"type":"Feature"},{"geometry":{"coordinates":[[[-118.71181,34.12972],[-118.71265,34.13088],[-118.71427,34.13086],[-118.71506,34.12968],[-118.71423,34.12852],[-118.7126,34.12854],[-118.71181,34.12972]]],"type":"Polygon"},"properties":{"bbox":{"roads":{"area":153.28,"pct":0.26}},"city_same":1,"id":"hex:1520:14541"},"type":"Feature"},{"geometry":{"coordinates":[[[-118.71186,34.13206],[-118.71269,34.13322],[-118.71432,34.1332],[-118.71511,34.13202],[-118.71427,34.13086],[-118.71265,34.13088],[-118.71186,34.13206]]],"type":"Polygon"},"properties":{"bbox":{"roads":{"area":205.49,"pct":0.35}},"city_same":1,"id":"hex:1520:14542"},"type":"Feature"},{"geometry":{"coordinates":[[[-118.7119,34.13441],[-118.71274,34.13557],[-118.71437,34.13554],[-118.71516,34.13436],[-118.71432,34.1332],[-118.71269,34.13322],[-118.7119,34.13441]]],"type":"Polygon"},"properties":{"bbox":{"roads":{"area":520.7,"pct":0.89},"sidewalks":{"area":198.35,"pct":0.34}},"city_same":1,"id":"hex:1520:14543"},"type":"Feature"},{"geometry":{"coordinates":[[[-118.7152,34.1367],[-118.71441,34.13788],[-118.71279,34.13791],[-118.71195,34.13675],[-118.71274,34.13557],[-118.71437,34.13554],[-118.71484,34.13619],[-118.71482,34.13619],[-118.71458,34.13633],[-118.71469,34.13634],[-118.71498,34.13644],[-118.71502,34.13645],[-118.71515,34.13663],[-118.71515,34.13667],[-118.71517,34.13666],[-118.7152,34.1367]]],"type":"Polygon"},"properties":{"bbox":{"parking":{"area":19347.54,"pct":33.36},"roads":{"area":8261.02,"pct":14.24},"sidewalks":{"area":779.65,"pct":1.34}},"city_same":1,"id":"hex:1520:14544"},"type":"Feature"},{"geometry":{"coordinates":[[[-118.712,34.13909],[-118.71284,34.14025],[-118.71446,34.14023],[-118.71525,34.13904],[-118.71441,34.13788],[-118.71279,34.13791],[-118.712,34.13909]]],"type":"Polygon"},"properties":{"bbox":{"parking":{"area":15832.45,"pct":27.08},"roads":{"area":16743.24,"pct":28.64},"sidewalks":{"area":702.42,"pct":1.2}},"city":{"parking":{"area":15832.45,"pct":27.08},"roads":{"area":4623.07,"pct":7.91},"sidewalks":{"area":702.42,"pct":1.2}},"id":"hex:1520:14545"},"type":"Feature"},{"geometry":{"coordinates":[[[-118.71205,34.14143],[-118.71288,34.14259],[-118.71451,34.14257],[-118.7153,34.14139],[-118.71446,34.14023],[-118.71284,34.14025],[-118.71205,34.14143]]],"type":"Polygon"},"properties":{"bbox":{"roads":{"area":4113.55,"pct":7.04},"sidewalks":{"area":2205.57,"pct":3.77}},"city_same":1,"id":"hex:1520:14546"},"type":"Feature"},{"geometry":{"coordinates":[[[-118.71209,34.14377],[-118.71293,34.14493],[-118.71456,34.14491],[-118.71535,34.14373],[-118.71451,34.14257],[-118.71288,34.14259],[-118.71209,34.14377]]],"type":"Polygon"},"properties":{"bbox":{"roads":{"area":4980.97,"pct":8.52},"sidewalks":{"area":2059.73,"pct":3.52}},"city_same":1,"id":"hex:1520:14547"},"type":"Feature"},{"geometry":{"coordinates":[[[-118.71214,34.14612],[-118.71298,34.14728],[-118.7146,34.14725],[-118.71539,34.14607],[-118.71456,34.14491],[-118.71293,34.14493],[-118.71214,34.14612]]],"type":"Polygon"},"properties":{"bbox":{"roads":{"area":4099.37,"pct":7.01},"sidewalks":{"area":2063.96,"pct":3.53}},"city_same":1,"id":"hex:1520:14548"},"type":"Feature"},{"geometry":{"coordinates":[[[-118.71134,34.1063],[-118.71109,34.1063],[-118.71109,34.10417],[-118.71132,34.10406],[-118.71135,34.10405],[-118.71194,34.10486],[-118.71196,34.10496],[-118.71199,34.10523],[-118.71198,34.10534],[-118.71134,34.1063]]],"type":"Polygon"},"properties":{"bbox":{"roads":{"area":999.17,"pct":6.92}},"city":{"roads":{"area":47.29,"pct":0.33}},"id":"hex:1521:14530"},"type":"Feature"},{"geometry":{"coordinates":[[[-118.71139,34.10864],[-118.70976,34.10867],[-118.70892,34.10751],[-118.70913,34.1072],[-118.71109,34.10719],[-118.71109,34.1063],[-118.71134,34.1063],[-118.71157,34.10662],[-118.71154,34.10672],[-118.71152,34.10683],[-118.7115,34.107],[-118.71148,34.10717],[-118.71149,34.10731],[-118.71151,34.10759],[-118.71171,34.10815],[-118.71139,34.10864]]],"type":"Polygon"},"properties":{"bbox":{"roads":{"area":1607.93,"pct":4.25}},"id":"hex:1521:14531"},"type":"Feature"},{"geometry":{"coordinates":[[[-118.70981,34.11101],[-118.70897,34.10985],[-118.70976,34.10867],[-118.71139,34.10864],[-118.71173,34.10911],[-118.71132,34.11039],[-118.71119,34.11088],[-118.71115,34.11099],[-118.70981,34.11101]]],"type":"Polygon"},"properties":{"bbox":{"roads":{"area":1833.7,"pct":3.67}},"id":"hex:1521:14532"},"type":"Feature"},{"geometry":{"coordinates":[[[-118.70985,34.11335],[-118.70902,34.11219],[-118.70981,34.11101],[-118.71115,34.11099],[-118.71102,34.11134],[-118.71021,34.11334],[-118.70985,34.11335]]],"type":"Polygon"},"properties":{"bbox":{"roads":{"area":2037.09,"pct":6.73}},"id":"hex:1521:14533"},"type":"Feature"},{"geometry":{"coordinates":[[[-118.70906,34.11453],[-118.70985,34.11335],[-118.71021,34.11334],[-118.70949,34.11513],[-118.70906,34.11453]]],"type":"Polygon"},"properties":{"bbox":{"roads":{"area":1471.38,"pct":17.84}},"id":"hex:1521:14534"},"type":"Feature"},{"geometry":{"coordinates":[[[-118.70935,34.12858],[-118.71018,34.12974],[-118.71181,34.12972],[-118.7126,34.12854],[-118.71176,34.12738],[-118.71014,34.1274],[-118.70935,34.12858]]],"type":"Polygon"},"properties":{"bbox":{"roads":{"area":675.86,"pct":1.16}},"city_same":1,"id":"hex:1521:14540"},"type":"Feature"},{"geometry":{"coordinates":[[[-118.70939,34.13093],[-118.71023,34.13209],[-118.71186,34.13206],[-118.71265,34.13088],[-118.71181,34.12972],[-118.71018,34.12974],[-118.70939,34.13093]]],"type":"Polygon"},"properties":{"bbox":{"roads":{"area":5535.46,"pct":9.47},"sidewalks":{"area":1151.64,"pct":1.97}},"city_same":1,"id":"hex:1521:14541"},"type":"Feature"},{"geometry":{"coordinates":[[[-118.70944,34.13327],[-118.71028,34.13443],[-118.7119,34.13441],[-118.71269,34.13322],[-118.71186,34.13206],[-118.71023,34.13209],[-118.70944,34.13327]]],"type":"Polygon"},"properties":{"bbox":{"roads":{"area":5791.01,"pct":9.91},"sidewalks":{"area":1437.09,"pct":2.46}},"city_same":1,"id":"hex:1521:14542"},"type":"Feature"},{"geometry":{"coordinates":[[[-118.70949,34.13561],[-118.71033,34.13677],[-118.71195,34.13675],[-118.71274,34.13557],[-118.7119,34.13441],[-118.71028,34.13443],[-118.70949,34.13561]]],"type":"Polygon"},"properties":{"bbox":{"parking":{"area":2156.48,"pct":3.69},"roads":{"area":9125.29,"pct":15.61},"sidewalks":{"area":1610.8,"pct":2.76}},"city_same":1,"id":"hex:1521:14543"},"type":"Feature"},{"geometry":{"coordinates":[[[-118.70954,34.13795],[-118.71037,34.13911],[-118.712,34.13909],[-118.71279,34.13791],[-118.71195,34.13675],[-118.71033,34.13677],[-118.70954,34.13795]]],"type":"Polygon"},"properties":{"bbox":{"parking":{"area":24492.5,"pct":41.9},"roads":{"area":9173.78,"pct":15.69},"sidewalks":{"area":760.93,"pct":1.3}},"city":{"parking":{"area":24492.5,"pct":41.9},"roads":{"area":5262.08,"pct":9},"sidewalks":{"area":760.93,"pct":1.3}},"id":"hex:1521:14544"},"type":"Feature"},{"geometry":{"coordinates":[[[-118.70958,34.14029],[-118.71037,34.13911],[-118.712,34.13909],[-118.71284,34.14025],[-118.71205,34.14143],[-118.71042,34.14145],[-118.71028,34.14127],[-118.71023,34.14067],[-118.70993,34.14077],[-118.70958,34.14029]]],"type":"Polygon"},"properties":{"bbox":{"parking":{"area":7650.99,"pct":13.31},"roads":{"area":14276.06,"pct":24.83},"sidewalks":{"area":567.54,"pct":0.99}},"city":{"parking":{"area":7650.99,"pct":13.31},"roads":{"area":2993.97,"pct":5.21},"sidewalks":{"area":567.54,"pct":0.99}},"id":"hex:1521:14545"},"type":"Feature"},{"geometry":{"coordinates":[[[-118.71042,34.14145],[-118.71205,34.14143],[-118.71288,34.14259],[-118.71209,34.14377],[-118.71117,34.14379],[-118.71117,34.14363],[-118.71117,34.1432],[-118.71034,34.14321],[-118.71033,34.14178],[-118.71032,34.14162],[-118.71032,34.14161],[-118.71042,34.14145]]],"type":"Polygon"},"properties":{"bbox":{"roads":{"area":3271.89,"pct":7.07},"sidewalks":{"area":1083.98,"pct":2.34}},"city_same":1,"id":"hex:1521:14546"},"type":"Feature"},{"geometry":{"coordinates":[[[-118.71209,34.14377],[-118.71293,34.14493],[-118.71214,34.14612],[-118.7111,34.14613],[-118.71047,34.14409],[-118.71048,34.14406],[-118.71051,34.14404],[-118.71118,34.14386],[-118.71117,34.14379],[-118.71209,34.14377]]],"type":"Polygon"},"properties":{"bbox":{"roads":{"area":1397.68,"pct":3.38},"sidewalks":{"area":744.59,"pct":1.8}},"city_same":1,"id":"hex:1521:14547"},"type":"Feature"},{"geometry":{"coordinates":[[[-118.71214,34.14612],[-118.71298,34.14728],[-118.71297,34.14729],[-118.7112,34.14729],[-118.71115,34.14629],[-118.7111,34.14613],[-118.71214,34.14612]]],"type":"Polygon"},"properties":{"bbox":{"roads":{"area":427.2,"pct":2.56},"sidewalks":{"area":153.51,"pct":0.92}},"city_same":1,"id":"hex:1521:14548"},"type":"Feature"},{"geometry":{"coordinates":[[[-118.71001,34.16137],[-118.71084,34.16253],[-118.71247,34.16251],[-118.71326,34.16133],[-118.71242,34.16017],[-118.7108,34.16019],[-118.71001,34.16137]]],"type":"Polygon"},"properties":{"bbox":{"roads":{"area":1423.31,"pct":2.43},"sidewalks":{"area":730.55,"pct":1.25}},"city_same":1,"id":"hex:1521:14554"},"type":"Feature"},{"geometry":{"coordinates":[[[-118.71084,34.16253],[-118.71247,34.16251],[-118.71331,34.16367],[-118.71252,34.16485],[-118.71089,34.16488],[-118.71006,34.16372],[-118.71084,34.16253]],[[-118.71234,34.16422],[-118.7121,34.16408],[-118.71189,34.16397],[-118.71181,34.16386],[-118.71172,34.16369],[-118.71168,34.16364],[-118.71153,34.16362],[-118.71146,34.16364],[-118.71143,34.16369],[-118.71143,34.16376],[-118.71152,34.16393],[-118.71165,34.16409],[-118.71181,34.1642],[-118.71213,34.16439],[-118.71229,34.16445],[-118.7124,34.16441],[-118.71242,34.16431],[-118.71234,34.16422]]],"type":"Polygon"},"properties":{"bbox":{"roads":{"area":1190.35,"pct":2.15},"sidewalks":{"area":200.66,"pct":0.36}},"city_same":1,"id":"hex:1521:14555"},"type":"Feature"},{"geometry":{"coordinates":[[[-118.7101,34.16606],[-118.71094,34.16722],[-118.71257,34.16719],[-118.71336,34.16601],[-118.71252,34.16485],[-118.71089,34.16488],[-118.7101,34.16606]]],"type":"Polygon"},"properties":{"bbox":{"roads":{"area":1041.77,"pct":1.78}},"city_same":1,"id":"hex:1521:14556"},"type":"Feature"},{"geometry":{"coordinates":[[[-118.70749,34.1169],[-118.70665,34.11574],[-118.70744,34.11455],[-118.70906,34.11453],[-118.70949,34.11513],[-118.70879,34.11688],[-118.70749,34.1169]]],"type":"Polygon"},"properties":{"bbox":{"roads":{"area":1586.43,"pct":3.12}},"id":"hex:1522:14535"},"type":"Feature"},{"geometry":{"coordinates":[[[-118.70753,34.11924],[-118.7067,34.11808],[-118.70749,34.1169],[-118.70879,34.11688],[-118.70862,34.11728],[-118.7082,34.11881],[-118.70809,34.11923],[-118.70753,34.11924]]],"type":"Polygon"},"properties":{"bbox":{"roads":{"area":1987.94,"pct":6.33}},"id":"hex:1522:14536"},"type":"Feature"},{"geometry":{"coordinates":[[[-118.70674,34.12042],[-118.70753,34.11924],[-118.70809,34.11923],[-118.70752,34.1215],[-118.70674,34.12042]],[[-118.70727,34.12068],[-118.70727,34.12069],[-118.7073,34.1207],[-118.70733,34.1207],[-118.70733,34.1207],[-118.70737,34.12063],[-118.70739,34.12058],[-118.70738,34.12056],[-118.70737,34.12056],[-118.70735,34.12057],[-118.70731,34.12063],[-118.70727,34.12068]]],"type":"Polygon"},"properties":{"bbox":{"roads":{"area":1832.79,"pct":11.9}},"id":"hex:1522:14537"},"type":"Feature"},{"geometry":{"coordinates":[[[-118.70679,34.12276],[-118.70745,34.12178],[-118.70709,34.12318],[-118.70679,34.12276]]],"type":"Polygon"},"properties":{"bbox":{"roads":{"area":950.72,"pct":32.55}},"id":"hex:1522:14538"},"type":"Feature"},{"geometry":{"coordinates":[[[-118.70688,34.12745],[-118.70767,34.12626],[-118.7093,34.12624],[-118.71014,34.1274],[-118.70935,34.12858],[-118.70783,34.12861],[-118.70782,34.12854],[-118.70769,34.12857],[-118.70688,34.12745]]],"type":"Polygon"},"properties":{"bbox":{"parking":{"area":460.95,"pct":0.79},"roads":{"area":3228.08,"pct":5.53},"sidewalks":{"area":574.18,"pct":0.98}},"city_same":1,"id":"hex:1522:14540"},"type":"Feature"},{"geometry":{"coordinates":[[[-118.70935,34.12858],[-118.71018,34.12974],[-118.70939,34.13093],[-118.70777,34.13095],[-118.70693,34.12979],[-118.70751,34.12893],[-118.70758,34.12919],[-118.7077,34.12989],[-118.70801,34.12986],[-118.70792,34.12898],[-118.70783,34.12861],[-118.70935,34.12858]]],"type":"Polygon"},"properties":{"bbox":{"roads":{"area":7519.93,"pct":13.87},"sidewalks":{"area":2229.05,"pct":4.11}},"city_same":1,"id":"hex:1522:14541"},"type":"Feature"},{"geometry":{"coordinates":[[[-118.70698,34.13213],[-118.70782,34.13329],[-118.70944,34.13327],[-118.71023,34.13209],[-118.70939,34.13093],[-118.70777,34.13095],[-118.70698,34.13213]]],"type":"Polygon"},"properties":{"bbox":{"roads":{"area":6664.35,"pct":11.4},"sidewalks":{"area":2458.68,"pct":4.21}},"city_same":1,"id":"hex:1522:14542"},"type":"Feature"},{"geometry":{"coordinates":[[[-118.70703,34.13447],[-118.70786,34.13563],[-118.70949,34.13561],[-118.71028,34.13443],[-118.70944,34.13327],[-118.70782,34.13329],[-118.70703,34.13447]]],"type":"Polygon"},"properties":{"bbox":{"roads":{"area":5460.73,"pct":9.34},"sidewalks":{"area":2704.98,"pct":4.63}},"city_same":1,"id":"hex:1522:14543"},"type":"Feature"},{"geometry":{"coordinates":[[[-118.70707,34.13682],[-118.70791,34.13798],[-118.70954,34.13795],[-118.71033,34.13677],[-118.70949,34.13561],[-118.70786,34.13563],[-118.70707,34.13682]]],"type":"Polygon"},"properties":{"bbox":{"parking":{"area":5959,"pct":10.19},"roads":{"area":8785.9,"pct":15.03},"sidewalks":{"area":2181.91,"pct":3.73}},"city_same":1,"id":"hex:1522:14544"},"type":"Feature"},{"geometry":{"coordinates":[[[-118.70712,34.13916],[-118.70796,34.14032],[-118.70958,34.14029],[-118.71037,34.13911],[-118.70954,34.13795],[-118.70791,34.13798],[-118.70712,34.13916]]],"type":"Polygon"},"properties":{"bbox":{"parking":{"area":18190.96,"pct":31.12},"roads":{"area":12683.86,"pct":21.7},"sidewalks":{"area":1464.73,"pct":2.51}},"city":{"parking":{"area":18190.96,"pct":31.12},"roads":{"area":8965.11,"pct":15.34},"sidewalks":{"area":1464.73,"pct":2.51}},"id":"hex:1522:14545"},"type":"Feature"},{"geometry":{"coordinates":[[[[-118.70717,34.1415],[-118.70796,34.14032],[-118.70958,34.14029],[-118.70993,34.14077],[-118.70923,34.14101],[-118.70866,34.14122],[-118.70849,34.14129],[-118.70838,34.14133],[-118.7078,34.14159],[-118.70738,34.1418],[-118.70717,34.1415]]],[[[-118.71042,34.14145],[-118.71032,34.14161],[-118.71028,34.14127],[-118.71042,34.14145]]]],"type":"MultiPolygon"},"properties":{"bbox":{"parking":{"area":2710.45,"pct":12.34},"roads":{"area":6816.56,"pct":31.03},"sidewalks":{"area":111.42,"pct":0.51}},"city":{"parking":{"area":2710.45,"pct":12.34},"roads":{"area":1592.04,"pct":7.25},"sidewalks":{"area":111.42,"pct":0.51}},"id":"hex:1522:14546"},"type":"Feature"},{"geometry":{"coordinates":[[[-118.70754,34.16024],[-118.70838,34.1614],[-118.71001,34.16137],[-118.7108,34.16019],[-118.70996,34.15903],[-118.70833,34.15905],[-118.70754,34.16024]]],"type":"Polygon"},"properties":{"bbox":{"roads":{"area":1107.43,"pct":1.89},"sidewalks":{"area":595.02,"pct":1.02}},"city_same":1,"id":"hex:1522:14554"},"type":"Feature"},{"geometry":{"coordinates":[[[-118.70759,34.16258],[-118.70843,34.16374],[-118.71006,34.16372],[-118.71084,34.16253],[-118.71001,34.16137],[-118.70838,34.1614],[-118.70759,34.16258]]],"type":"Polygon"},"properties":{"bbox":{"roads":{"area":2914.64,"pct":4.99},"sidewalks":{"area":1519.63,"pct":2.6}},"city_same":1,"id":"hex:1522:14555"},"type":"Feature"},{"geometry":{"coordinates":[[[-118.70848,34.16608],[-118.70764,34.16492],[-118.70843,34.16374],[-118.71006,34.16372],[-118.71089,34.16488],[-118.7101,34.16606],[-118.70909,34.16607],[-118.70911,34.16604],[-118.70905,34.16589],[-118.7089,34.16574],[-118.70875,34.16569],[-118.70867,34.16571],[-118.70864,34.16579],[-118.70876,34.16589],[-118.7089,34.16597],[-118.70904,34.16607],[-118.70848,34.16608]]],"type":"Polygon"},"properties":{"bbox":{"roads":{"area":1893.88,"pct":3.29},"sidewalks":{"area":1011.64,"pct":1.76}},"city_same":1,"id":"hex:1522:14556"},"type":"Feature"},{"geometry":{"coordinates":[[[-118.70679,34.12276],[-118.70516,34.12279],[-118.70433,34.12163],[-118.70512,34.12044],[-118.70674,34.12042],[-118.70752,34.1215],[-118.70745,34.12178],[-118.70679,34.12276]]],"type":"Polygon"},"properties":{"bbox":{"roads":{"area":461.87,"pct":0.79}},"id":"hex:1523:14537"},"type":"Feature"},{"geometry":{"coordinates":[[[-118.70521,34.12513],[-118.70438,34.12397],[-118.70516,34.12279],[-118.70679,34.12276],[-118.70709,34.12318],[-118.70677,34.12446],[-118.70667,34.12477],[-118.70657,34.12502],[-118.70653,34.12511],[-118.70521,34.12513]]],"type":"Polygon"},"properties":{"bbox":{"roads":{"area":2124.43,"pct":4.27}},"city":{"roads":{"area":217.86,"pct":0.44}},"id":"hex:1523:14538"},"type":"Feature"},{"geometry":{"coordinates":[[[-118.70767,34.12626],[-118.70688,34.12745],[-118.70526,34.12747],[-118.70442,34.12631],[-118.70521,34.12513],[-118.70653,34.12511],[-118.70649,34.12519],[-118.70641,34.12532],[-118.70632,34.12545],[-118.70687,34.12545],[-118.70708,34.12545],[-118.70767,34.12626]],[[-118.70678,34.12702],[-118.7066,34.12689],[-118.70637,34.12691],[-118.70625,34.12702],[-118.70678,34.12702]]],"type":"Polygon"},"properties":{"bbox":{"parking":{"area":866.82,"pct":1.54},"roads":{"area":7534.16,"pct":13.42},"sidewalks":{"area":745.55,"pct":1.33}},"city":{"parking":{"area":866.82,"pct":1.54},"roads":{"area":4897.63,"pct":8.72},"sidewalks":{"area":745.55,"pct":1.33}},"id":"hex:1523:14539"},"type":"Feature"},{"geometry":{"coordinates":[[[-118.70693,34.12979],[-118.70531,34.12981],[-118.70447,34.12865],[-118.70526,34.12747],[-118.70688,34.12745],[-118.70769,34.12857],[-118.70751,34.1286],[-118.70739,34.1285],[-118.70751,34.12893],[-118.70693,34.12979]]],"type":"Polygon"},"properties":{"bbox":{"parking":{"area":546.49,"pct":0.94},"roads":{"area":5688.17,"pct":9.83},"sidewalks":{"area":197.97,"pct":0.34}},"city_same":1,"id":"hex:1523:14540"},"type":"Feature"},{"geometry":{"coordinates":[[[-118.70452,34.13099],[-118.70535,34.13215],[-118.70698,34.13213],[-118.70777,34.13095],[-118.70693,34.12979],[-118.70531,34.12981],[-118.70452,34.13099]]],"type":"Polygon"},"properties":{"bbox":{"roads":{"area":5766.41,"pct":9.86},"sidewalks":{"area":550.19,"pct":0.94}},"city_same":1,"id":"hex:1523:14541"},"type":"Feature"},{"geometry":{"coordinates":[[[-118.70456,34.13334],[-118.7054,34.1345],[-118.70703,34.13447],[-118.70782,34.13329],[-118.70698,34.13213],[-118.70535,34.13215],[-118.70456,34.13334]]],"type":"Polygon"},"properties":{"bbox":{"roads":{"area":4617,"pct":7.9},"sidewalks":{"area":498.64,"pct":0.85}},"city_same":1,"id":"hex:1523:14542"},"type":"Feature"},{"geometry":{"coordinates":[[[-118.70461,34.13568],[-118.70545,34.13684],[-118.70707,34.13682],[-118.70786,34.13563],[-118.70703,34.13447],[-118.7054,34.1345],[-118.70461,34.13568]]],"type":"Polygon"},"properties":{"bbox":{"roads":{"area":5474,"pct":9.36},"sidewalks":{"area":825.59,"pct":1.41}},"city_same":1,"id":"hex:1523:14543"},"type":"Feature"},{"geometry":{"coordinates":[[[-118.70466,34.13802],[-118.70549,34.13918],[-118.70712,34.13916],[-118.70791,34.13798],[-118.70707,34.13682],[-118.70545,34.13684],[-118.70466,34.13802]]],"type":"Polygon"},"properties":{"bbox":{"parking":{"area":15827.11,"pct":27.07},"roads":{"area":8345.61,"pct":14.28},"sidewalks":{"area":969.2,"pct":1.66}},"city_same":1,"id":"hex:1523:14544"},"type":"Feature"},{"geometry":{"coordinates":[[[-118.7047,34.14036],[-118.70549,34.13918],[-118.70712,34.13916],[-118.70796,34.14032],[-118.70717,34.1415],[-118.70684,34.1415],[-118.70684,34.14007],[-118.70682,34.14003],[-118.70567,34.14043],[-118.70534,34.14056],[-118.70509,34.14067],[-118.70497,34.14072],[-118.7047,34.14036]]],"type":"Polygon"},"properties":{"bbox":{"parking":{"area":14568.17,"pct":37.78},"roads":{"area":5941.15,"pct":15.41},"sidewalks":{"area":490.35,"pct":1.27}},"city":{"parking":{"area":14568.17,"pct":37.78},"roads":{"area":3763.15,"pct":9.76},"sidewalks":{"area":490.35,"pct":1.27}},"id":"hex:1523:14545"},"type":"Feature"},{"geometry":{"coordinates":[[[-118.70717,34.1415],[-118.70738,34.1418],[-118.70684,34.14207],[-118.70684,34.1415],[-118.70717,34.1415]]],"type":"Polygon"},"properties":{"bbox":{"roads":{"area":950.59,"pct":46.13}},"id":"hex:1523:14546"},"type":"Feature"},{"geometry":{"coordinates":[[[-118.70513,34.16144],[-118.70596,34.1626],[-118.70759,34.16258],[-118.70838,34.1614],[-118.70754,34.16024],[-118.70592,34.16026],[-118.70513,34.16144]]],"type":"Polygon"},"properties":{"bbox":{"roads":{"area":1579.64,"pct":2.7},"sidewalks":{"area":875.94,"pct":1.5}},"city_same":1,"id":"hex:1523:14554"},"type":"Feature"},{"geometry":{"coordinates":[[[-118.70518,34.16378],[-118.70601,34.16494],[-118.70764,34.16492],[-118.70843,34.16374],[-118.70759,34.16258],[-118.70596,34.1626],[-118.70518,34.16378]]],"type":"Polygon"},"properties":{"bbox":{"roads":{"area":2325.07,"pct":3.98},"sidewalks":{"area":1201.9,"pct":2.06}},"city_same":1,"id":"hex:1523:14555"},"type":"Feature"},{"geometry":{"coordinates":[[[-118.70522,34.16613],[-118.70606,34.16729],[-118.70769,34.16726],[-118.70848,34.16608],[-118.70764,34.16492],[-118.70601,34.16494],[-118.70522,34.16613]]],"type":"Polygon"},"properties":{"bbox":{"roads":{"area":218.73,"pct":0.37},"sidewalks":{"area":169.75,"pct":0.29}},"city_same":1,"id":"hex:1523:14556"},"type":"Feature"},{"geometry":{"coordinates":[[[-118.70196,34.12517],[-118.7028,34.12633],[-118.70442,34.12631],[-118.70521,34.12513],[-118.70438,34.12397],[-118.70275,34.12399],[-118.70196,34.12517]]],"type":"Polygon"},"properties":{"bbox":{"roads":{"area":917.47,"pct":1.57}},"city_same":1,"id":"hex:1524:14539"},"type":"Feature"},{"geometry":{"coordinates":[[[-118.70201,34.12751],[-118.70284,34.12867],[-118.70447,34.12865],[-118.70526,34.12747],[-118.70442,34.12631],[-118.7028,34.12633],[-118.70201,34.12751]]],"type":"Polygon"},"properties":{"bbox":{"roads":{"area":3013.12,"pct":5.15},"sidewalks":{"area":316.05,"pct":0.54}},"city":{"roads":{"area":1246.35,"pct":2.13},"sidewalks":{"area":316.05,"pct":0.54}},"id":"hex:1524:14540"},"type":"Feature"},{"geometry":{"coordinates":[[[-118.70205,34.12986],[-118.70289,34.13102],[-118.70452,34.13099],[-118.70531,34.12981],[-118.70447,34.12865],[-118.70284,34.12867],[-118.70205,34.12986]]],"type":"Polygon"},"properties":{"bbox":{"roads":{"area":6725.64,"pct":11.51},"sidewalks":{"area":905.62,"pct":1.55}},"city":{"roads":{"area":3820.72,"pct":6.54},"sidewalks":{"area":905.62,"pct":1.55}},"id":"hex:1524:14541"},"type":"Feature"},{"geometry":{"coordinates":[[[-118.7021,34.1322],[-118.70294,34.13336],[-118.70456,34.13334],[-118.70535,34.13215],[-118.70452,34.13099],[-118.70289,34.13102],[-118.7021,34.1322]]],"type":"Polygon"},"properties":{"bbox":{"roads":{"area":6765.34,"pct":11.57},"sidewalks":{"area":1328.7,"pct":2.27}},"city":{"roads":{"area":2908.62,"pct":4.98},"sidewalks":{"area":1328.7,"pct":2.27}},"id":"hex:1524:14542"},"type":"Feature"},{"geometry":{"coordinates":[[[-118.70215,34.13454],[-118.70298,34.1357],[-118.70461,34.13568],[-118.7054,34.1345],[-118.70456,34.13334],[-118.70294,34.13336],[-118.70215,34.13454]]],"type":"Polygon"},"properties":{"bbox":{"parking":{"area":5216.13,"pct":8.92},"roads":{"area":6308.93,"pct":10.79},"sidewalks":{"area":497.15,"pct":0.85}},"city":{"parking":{"area":5216.13,"pct":8.92},"roads":{"area":3411.24,"pct":5.84},"sidewalks":{"area":497.15,"pct":0.85}},"id":"hex:1524:14543"},"type":"Feature"},{"geometry":{"coordinates":[[[-118.70219,34.13688],[-118.70303,34.13804],[-118.70466,34.13802],[-118.70545,34.13684],[-118.70461,34.13568],[-118.70298,34.1357],[-118.70219,34.13688]]],"type":"Polygon"},"properties":{"bbox":{"parking":{"area":2631.67,"pct":4.5},"roads":{"area":4031.93,"pct":6.9},"sidewalks":{"area":177.46,"pct":0.3}},"city_same":1,"id":"hex:1524:14544"},"type":"Feature"},{"geometry":{"coordinates":[[[-118.70224,34.13923],[-118.70308,34.14039],[-118.7047,34.14036],[-118.70549,34.13918],[-118.70466,34.13802],[-118.70303,34.13804],[-118.70224,34.13923]]],"type":"Polygon"},"properties":{"bbox":{"parking":{"area":4733.92,"pct":8.1},"roads":{"area":4306.55,"pct":7.37},"sidewalks":{"area":564.4,"pct":0.97}},"city_same":1,"id":"hex:1524:14545"},"type":"Feature"},{"geometry":{"coordinates":[[[-118.70229,34.14157],[-118.70308,34.14039],[-118.7047,34.14036],[-118.70497,34.14072],[-118.7049,34.14075],[-118.70472,34.14085],[-118.70451,34.14097],[-118.70428,34.14111],[-118.70403,34.14128],[-118.70376,34.14146],[-118.70355,34.14164],[-118.70331,34.14185],[-118.70314,34.14203],[-118.70284,34.14234],[-118.70229,34.14157]]],"type":"Polygon"},"properties":{"bbox":{"parking":{"area":9577.65,"pct":36.38},"roads":{"area":3813.17,"pct":14.48},"sidewalks":{"area":400.18,"pct":1.52}},"city":{"parking":{"area":9577.65,"pct":36.38},"roads":{"area":2104.76,"pct":8},"sidewalks":{"area":400.18,"pct":1.52}},"id":"hex:1524:14546"},"type":"Feature"},{"geometry":{"coordinates":[[[-118.70234,34.14391],[-118.70288,34.1431],[-118.70346,34.14351],[-118.70381,34.14378],[-118.70296,34.14423],[-118.70283,34.14431],[-118.70268,34.14439],[-118.70234,34.14391]]],"type":"Polygon"},"properties":{"bbox":{"parking":{"area":1188.6,"pct":12.32},"roads":{"area":2746.47,"pct":28.46}},"city":{"parking":{"area":1188.6,"pct":12.32},"roads":{"area":669.44,"pct":6.94}},"id":"hex:1524:14547"},"type":"Feature"},{"geometry":{"coordinates":[[[-118.70266,34.1603],[-118.7035,34.16146],[-118.70513,34.16144],[-118.70592,34.16026],[-118.70508,34.1591],[-118.70345,34.15912],[-118.70266,34.1603]]],"type":"Polygon"},"properties":{"bbox":{"parking":{"area":6995.56,"pct":11.97},"roads":{"area":3748.69,"pct":6.41},"sidewalks":{"area":1187.01,"pct":2.03}},"city_same":1,"id":"hex:1524:14554"},"type":"Feature"},{"geometry":{"coordinates":[[[-118.7035,34.16146],[-118.70513,34.16144],[-118.70596,34.1626],[-118.70518,34.16378],[-118.70355,34.16381],[-118.70271,34.16265],[-118.7035,34.16146]],[[-118.7031,34.16266],[-118.70318,34.16256],[-118.70322,34.16248],[-118.70321,34.16245],[-118.70314,34.16245],[-118.70306,34.16245],[-118.70302,34.16246],[-118.70297,34.1626],[-118.70298,34.16264],[-118.70302,34.16264],[-118.7031,34.16266]]],"type":"Polygon"},"properties":{"bbox":{"parking":{"area":1963.71,"pct":3.38},"roads":{"area":3069.98,"pct":5.29},"sidewalks":{"area":740.71,"pct":1.28}},"city_same":1,"id":"hex:1524:14555"},"type":"Feature"},{"geometry":{"coordinates":[[[-118.70281,34.16733],[-118.7036,34.16615],[-118.70522,34.16613],[-118.70606,34.16729],[-118.70527,34.16847],[-118.70405,34.16848],[-118.70364,34.16849],[-118.70281,34.16733]],[[-118.70331,34.16789],[-118.70336,34.16797],[-118.70342,34.16797],[-118.70347,34.16793],[-118.70347,34.16785],[-118.70343,34.1678],[-118.70336,34.16773],[-118.70328,34.16775],[-118.70327,34.16781],[-118.70331,34.16789]]],"type":"Polygon"},"properties":{"bbox":{"roads":{"area":186.69,"pct":0.32},"sidewalks":{"area":1.86,"pct":0}},"city_same":1,"id":"hex:1524:14557"},"type":"Feature"},{"geometry":{"coordinates":[[[-118.69954,34.12638],[-118.70038,34.12754],[-118.70201,34.12751],[-118.7028,34.12633],[-118.70196,34.12517],[-118.70033,34.1252],[-118.69954,34.12638]]],"type":"Polygon"},"properties":{"bbox":{"roads":{"area":2306.76,"pct":3.95}},"city_same":1,"id":"hex:1525:14539"},"type":"Feature"},{"geometry":{"coordinates":[[[-118.69968,34.1334],[-118.70052,34.13456],[-118.70215,34.13454],[-118.70294,34.13336],[-118.7021,34.1322],[-118.70047,34.13222],[-118.69968,34.1334]]],"type":"Polygon"},"properties":{"bbox":{"parking":{"area":129.5,"pct":0.22},"roads":{"area":1247.76,"pct":2.13}},"city_same":1,"id":"hex:1525:14542"},"type":"Feature"},{"geometry":{"coordinates":[[[-118.69973,34.13575],[-118.70057,34.13691],[-118.70219,34.13688],[-118.70298,34.1357],[-118.70215,34.13454],[-118.70052,34.13456],[-118.69973,34.13575]]],"type":"Polygon"},"properties":{"bbox":{"parking":{"area":1423.19,"pct":2.43},"roads":{"area":4562.51,"pct":7.8},"sidewalks":{"area":185.25,"pct":0.32}},"city":{"parking":{"area":1423.19,"pct":2.43},"roads":{"area":2922.65,"pct":5},"sidewalks":{"area":185.25,"pct":0.32}},"id":"hex:1525:14543"},"type":"Feature"},{"geometry":{"coordinates":[[[-118.69978,34.13809],[-118.70062,34.13925],[-118.70224,34.13923],[-118.70303,34.13804],[-118.70219,34.13688],[-118.70057,34.13691],[-118.69978,34.13809]]],"type":"Polygon"},"properties":{"bbox":{"parking":{"area":963.86,"pct":1.65},"roads":{"area":9486.06,"pct":16.23},"sidewalks":{"area":1951.97,"pct":3.34}},"city":{"parking":{"area":963.86,"pct":1.65},"roads":{"area":5883.36,"pct":10.06},"sidewalks":{"area":1951.97,"pct":3.34}},"id":"hex:1525:14544"},"type":"Feature"},{"geometry":{"coordinates":[[[-118.69983,34.14043],[-118.70066,34.14159],[-118.70229,34.14157],[-118.70308,34.14039],[-118.70224,34.13923],[-118.70062,34.13925],[-118.69983,34.14043]]],"type":"Polygon"},"properties":{"bbox":{"parking":{"area":8957.22,"pct":15.32},"roads":{"area":5796.48,"pct":9.92},"sidewalks":{"area":1167.66,"pct":2}},"city":{"parking":{"area":8957.22,"pct":15.32},"roads":{"area":5010.28,"pct":8.57},"sidewalks":{"area":1167.66,"pct":2}},"id":"hex:1525:14545"},"type":"Feature"},{"geometry":{"coordinates":[[[-118.70234,34.14391],[-118.70071,34.14393],[-118.69987,34.14277],[-118.70066,34.14159],[-118.70229,34.14157],[-118.70284,34.14234],[-118.70243,34.14278],[-118.70252,34.14285],[-118.70288,34.1431],[-118.70234,34.14391]]],"type":"Polygon"},"properties":{"bbox":{"parking":{"area":14595.45,"pct":26.19},"roads":{"area":6384.64,"pct":11.46},"sidewalks":{"area":712.72,"pct":1.28}},"city":{"parking":{"area":14595.45,"pct":26.19},"roads":{"area":4425.45,"pct":7.94},"sidewalks":{"area":712.72,"pct":1.28}},"id":"hex:1525:14546"},"type":"Feature"},{"geometry":{"coordinates":[[[-118.69992,34.14511],[-118.70071,34.14393],[-118.70234,34.14391],[-118.70268,34.14439],[-118.70218,34.14469],[-118.70172,34.14495],[-118.70133,34.14518],[-118.70059,34.14574],[-118.70046,34.14586],[-118.69992,34.14511]]],"type":"Polygon"},"properties":{"bbox":{"parking":{"area":3927.69,"pct":13.48},"roads":{"area":6471.35,"pct":22.22}},"city":{"parking":{"area":3927.69,"pct":13.48},"roads":{"area":1600.84,"pct":5.5}},"id":"hex:1525:14547"},"type":"Feature"},{"geometry":{"coordinates":[[[-118.70015,34.15682],[-118.70099,34.15798],[-118.70262,34.15796],[-118.70341,34.15678],[-118.70257,34.15562],[-118.70094,34.15564],[-118.70015,34.15682]]],"type":"Polygon"},"properties":{"bbox":{"roads":{"area":270.84,"pct":0.46}},"city_same":1,"id":"hex:1525:14552"},"type":"Feature"},{"geometry":{"coordinates":[[[-118.70099,34.15798],[-118.70262,34.15796],[-118.70345,34.15912],[-118.70266,34.1603],[-118.70104,34.16033],[-118.7002,34.15917],[-118.70099,34.15798]],[[-118.70274,34.15968],[-118.70269,34.15969],[-118.70266,34.15974],[-118.70266,34.15978],[-118.70268,34.15983],[-118.70275,34.15986],[-118.70279,34.15985],[-118.70288,34.15981],[-118.70297,34.15974],[-118.70295,34.15969],[-118.70284,34.15967],[-118.70274,34.15968]]],"type":"Polygon"},"properties":{"bbox":{"parking":{"area":2205.36,"pct":3.8},"roads":{"area":7433.19,"pct":12.81},"sidewalks":{"area":940.86,"pct":1.62}},"city_same":1,"id":"hex:1525:14553"},"type":"Feature"},{"geometry":{"coordinates":[[[-118.70025,34.16151],[-118.70108,34.16267],[-118.70271,34.16265],[-118.7035,34.16146],[-118.70266,34.1603],[-118.70104,34.16033],[-118.70025,34.16151]]],"type":"Polygon"},"properties":{"bbox":{"parking":{"area":13463.18,"pct":23.03},"roads":{"area":9246.32,"pct":15.82},"sidewalks":{"area":1029.88,"pct":1.76}},"city_same":1,"id":"hex:1525:14554"},"type":"Feature"},{"geometry":{"coordinates":[[[-118.70029,34.16385],[-118.70113,34.16501],[-118.70276,34.16499],[-118.70355,34.16381],[-118.70271,34.16265],[-118.70108,34.16267],[-118.70029,34.16385]]],"type":"Polygon"},"properties":{"bbox":{"parking":{"area":345.43,"pct":0.59},"roads":{"area":3992.48,"pct":6.83},"sidewalks":{"area":465.64,"pct":0.8}},"city_same":1,"id":"hex:1525:14555"},"type":"Feature"},{"geometry":{"coordinates":[[[-118.70113,34.16501],[-118.70276,34.16499],[-118.7036,34.16615],[-118.70281,34.16733],[-118.70118,34.16735],[-118.70034,34.16619],[-118.70113,34.16501]],[[-118.70283,34.16633],[-118.70277,34.16632],[-118.70274,34.16634],[-118.70276,34.16641],[-118.70279,34.16647],[-118.70283,34.16646],[-118.70285,34.1664],[-118.70283,34.16633]]],"type":"Polygon"},"properties":{"bbox":{"roads":{"area":3837.73,"pct":6.58},"sidewalks":{"area":395.76,"pct":0.68}},"city_same":1,"id":"hex:1525:14556"},"type":"Feature"},{"geometry":{"coordinates":[[[-118.70118,34.16735],[-118.70281,34.16733],[-118.70364,34.16849],[-118.7035,34.16849],[-118.70336,34.16849],[-118.7004,34.16852],[-118.70118,34.16735]]],"type":"Polygon"},"properties":{"bbox":{"roads":{"area":1567.74,"pct":5.44},"sidewalks":{"area":228.68,"pct":0.79}},"city_same":1,"id":"hex:1525:14557"},"type":"Feature"},{"geometry":{"coordinates":[[[-118.69708,34.12524],[-118.69792,34.1264],[-118.69954,34.12638],[-118.70033,34.1252],[-118.6995,34.12404],[-118.69787,34.12406],[-118.69708,34.12524]]],"type":"Polygon"},"properties":{"bbox":{"roads":{"area":375.14,"pct":0.64}},"city_same":1,"id":"hex:1526:14539"},"type":"Feature"},{"geometry":{"coordinates":[[[-118.69713,34.12758],[-118.69797,34.12874],[-118.69959,34.12872],[-118.70038,34.12754],[-118.69954,34.12638],[-118.69792,34.1264],[-118.69713,34.12758]]],"type":"Polygon"},"properties":{"bbox":{"roads":{"area":622.78,"pct":1.07}},"city_same":1,"id":"hex:1526:14540"},"type":"Feature"},{"geometry":{"coordinates":[[[-118.69722,34.13227],[-118.69806,34.13343],[-118.69968,34.1334],[-118.70047,34.13222],[-118.69964,34.13106],[-118.69801,34.13108],[-118.69722,34.13227]]],"type":"Polygon"},"properties":{"bbox":{"roads":{"area":836.88,"pct":1.43}},"city_same":1,"id":"hex:1526:14542"},"type":"Feature"},{"geometry":{"coordinates":[[[-118.69727,34.13461],[-118.69811,34.13577],[-118.69973,34.13575],[-118.70052,34.13456],[-118.69968,34.1334],[-118.69806,34.13343],[-118.69727,34.13461]]],"type":"Polygon"},"properties":{"bbox":{"roads":{"area":135.75,"pct":0.23}},"city_same":1,"id":"hex:1526:14543"},"type":"Feature"},{"geometry":{"coordinates":[[[-118.69811,34.13577],[-118.69973,34.13575],[-118.70057,34.13691],[-118.69978,34.13809],[-118.69815,34.13811],[-118.69732,34.13695],[-118.69811,34.13577]],[[-118.69841,34.136],[-118.69837,34.13605],[-118.69837,34.13666],[-118.69839,34.13669],[-118.69875,34.13692],[-118.69881,34.13692],[-118.69887,34.13691],[-118.69945,34.13661],[-118.69949,34.13655],[-118.69952,34.13584],[-118.69951,34.13581],[-118.69948,34.13579],[-118.69925,34.13576],[-118.69919,34.13577],[-118.69841,34.136]]],"type":"Polygon"},"properties":{"bbox":{"roads":{"area":909.34,"pct":1.9}},"city_same":1,"id":"hex:1526:14544"},"type":"Feature"},{"geometry":{"coordinates":[[[-118.69736,34.13929],[-118.6982,34.14045],[-118.69983,34.14043],[-118.70062,34.13925],[-118.69978,34.13809],[-118.69815,34.13811],[-118.69736,34.13929]]],"type":"Polygon"},"properties":{"bbox":{"parking":{"area":99,"pct":0.17},"roads":{"area":1405.27,"pct":2.4},"sidewalks":{"area":186.88,"pct":0.32}},"city":{"parking":{"area":99,"pct":0.17},"roads":{"area":814.79,"pct":1.39},"sidewalks":{"area":186.88,"pct":0.32}},"id":"hex:1526:14545"},"type":"Feature"},{"geometry":{"coordinates":[[[-118.6982,34.14045],[-118.69983,34.14043],[-118.70066,34.14159],[-118.69987,34.14277],[-118.69825,34.14279],[-118.69741,34.14164],[-118.6982,34.14045]],[[-118.6977,34.14152],[-118.69762,34.14157],[-118.69762,34.14168],[-118.69765,34.14177],[-118.69771,34.14184],[-118.69778,34.14188],[-118.69784,34.14188],[-118.69791,34.14184],[-118.69792,34.14179],[-118.69794,34.14163],[-118.69792,34.14156],[-118.69787,34.1415],[-118.69783,34.14149],[-118.6977,34.14152]]],"type":"Polygon"},"properties":{"bbox":{"parking":{"area":234.36,"pct":0.41},"roads":{"area":7677.2,"pct":13.36},"sidewalks":{"area":1689.27,"pct":2.94}},"city":{"parking":{"area":234.36,"pct":0.41},"roads":{"area":4479.58,"pct":7.8},"sidewalks":{"area":1689.27,"pct":2.94}},"id":"hex:1526:14546"},"type":"Feature"},{"geometry":{"coordinates":[[[-118.69746,34.14398],[-118.69829,34.14514],[-118.69992,34.14511],[-118.70071,34.14393],[-118.69987,34.14277],[-118.69825,34.14279],[-118.69746,34.14398]]],"type":"Polygon"},"properties":{"bbox":{"parking":{"area":15617.93,"pct":26.72},"roads":{"area":11533.05,"pct":19.73},"sidewalks":{"area":1234.6,"pct":2.11}},"city":{"parking":{"area":15617.93,"pct":26.72},"roads":{"area":6819.93,"pct":11.67},"sidewalks":{"area":1234.6,"pct":2.11}},"id":"hex:1526:14547"},"type":"Feature"},{"geometry":{"coordinates":[[[-118.69834,34.14748],[-118.6975,34.14632],[-118.69829,34.14514],[-118.69992,34.14511],[-118.70046,34.14586],[-118.69992,34.14633],[-118.69961,34.14666],[-118.69883,34.14747],[-118.69834,34.14748]]],"type":"Polygon"},"properties":{"bbox":{"parking":{"area":8552.1,"pct":18.89},"roads":{"area":12571.31,"pct":27.77},"sidewalks":{"area":255.64,"pct":0.56}},"city":{"parking":{"area":8552.1,"pct":18.89},"roads":{"area":4156.32,"pct":9.18},"sidewalks":{"area":255.64,"pct":0.56}},"id":"hex:1526:14548"},"type":"Feature"},{"geometry":{"coordinates":[[[-118.69755,34.14866],[-118.69834,34.14748],[-118.69883,34.14747],[-118.69872,34.14758],[-118.69828,34.14806],[-118.69788,34.14847],[-118.69797,34.14884],[-118.69801,34.14915],[-118.69801,34.14928],[-118.69801,34.1493],[-118.69755,34.14866]]],"type":"Polygon"},"properties":{"bbox":{"roads":{"area":3595.74,"pct":66.71},"sidewalks":{"area":143.18,"pct":2.66}},"city":{"roads":{"area":95.64,"pct":1.77},"sidewalks":{"area":143.18,"pct":2.66}},"id":"hex:1526:14549"},"type":"Feature"},{"geometry":{"coordinates":[[[-118.6976,34.151],[-118.69762,34.15097],[-118.69766,34.15098],[-118.69815,34.15113],[-118.69797,34.15153],[-118.6976,34.151]]],"type":"Polygon"},"properties":{"bbox":{"roads":{"area":36.62,"pct":2.71},"sidewalks":{"area":7.57,"pct":0.56}},"city":{"roads":{"area":33.14,"pct":2.46},"sidewalks":{"area":7.57,"pct":0.56}},"id":"hex:1526:14550"},"type":"Feature"},{"geometry":{"coordinates":[[[-118.7009,34.1533],[-118.70011,34.15448],[-118.69848,34.15451],[-118.69764,34.15335],[-118.69777,34.15315],[-118.69835,34.15314],[-118.70077,34.15313],[-118.7009,34.1533]]],"type":"Polygon"},"properties":{"bbox":{"roads":{"area":8.29,"pct":0.02}},"city_same":1,"id":"hex:1526:14551"},"type":"Feature"},{"geometry":{"coordinates":[[[-118.69769,34.15569],[-118.69853,34.15685],[-118.70015,34.15682],[-118.70094,34.15564],[-118.70011,34.15448],[-118.69848,34.15451],[-118.69769,34.15569]]],"type":"Polygon"},"properties":{"bbox":{"parking":{"area":88.36,"pct":0.15},"roads":{"area":6715.68,"pct":11.49},"sidewalks":{"area":391.26,"pct":0.67}},"city_same":1,"id":"hex:1526:14552"},"type":"Feature"},{"geometry":{"coordinates":[[[-118.69774,34.15803],[-118.69857,34.15919],[-118.7002,34.15917],[-118.70099,34.15798],[-118.70015,34.15682],[-118.69853,34.15685],[-118.69774,34.15803]]],"type":"Polygon"},"properties":{"bbox":{"parking":{"area":182.07,"pct":0.31},"roads":{"area":7189.42,"pct":12.3},"sidewalks":{"area":1223.73,"pct":2.09}},"city_same":1,"id":"hex:1526:14553"},"type":"Feature"},{"geometry":{"coordinates":[[[-118.69778,34.16037],[-118.69862,34.16153],[-118.70025,34.16151],[-118.70104,34.16033],[-118.7002,34.15917],[-118.69857,34.15919],[-118.69778,34.16037]]],"type":"Polygon"},"properties":{"bbox":{"roads":{"area":6812.08,"pct":11.65},"sidewalks":{"area":1675.11,"pct":2.87}},"city_same":1,"id":"hex:1526:14554"},"type":"Feature"},{"geometry":{"coordinates":[[[-118.69783,34.16271],[-118.69867,34.16387],[-118.70029,34.16385],[-118.70108,34.16267],[-118.70025,34.16151],[-118.69862,34.16153],[-118.69783,34.16271]]],"type":"Polygon"},"properties":{"bbox":{"parking":{"area":4195.54,"pct":7.18},"roads":{"area":5742.63,"pct":9.82},"sidewalks":{"area":1031.46,"pct":1.76}},"city_same":1,"id":"hex:1526:14555"},"type":"Feature"},{"geometry":{"coordinates":[[[-118.69788,34.16506],[-118.69872,34.16622],[-118.70034,34.16619],[-118.70113,34.16501],[-118.70029,34.16385],[-118.69867,34.16387],[-118.69788,34.16506]]],"type":"Polygon"},"properties":{"bbox":{"roads":{"area":3792.84,"pct":6.49},"sidewalks":{"area":468.85,"pct":0.8}},"city_same":1,"id":"hex:1526:14556"},"type":"Feature"},{"geometry":{"coordinates":[[[-118.69793,34.1674],[-118.69872,34.16622],[-118.70034,34.16619],[-118.70118,34.16735],[-118.7004,34.16852],[-118.69874,34.16853],[-118.69793,34.1674]]],"type":"Polygon"},"properties":{"bbox":{"roads":{"area":482.16,"pct":0.83}},"city_same":1,"id":"hex:1526:14557"},"type":"Feature"},{"geometry":{"coordinates":[[[-118.69578,34.14166],[-118.69741,34.14164],[-118.69825,34.14279],[-118.69746,34.14398],[-118.69583,34.144],[-118.69499,34.14284],[-118.69578,34.14166]],[[-118.69744,34.14261],[-118.69721,34.14269],[-118.69718,34.1427],[-118.69717,34.14279],[-118.69719,34.14282],[-118.69743,34.14301],[-118.69746,34.14303],[-118.69772,34.14314],[-118.69782,34.14315],[-118.69793,34.14313],[-118.69798,34.14309],[-118.698,34.14305],[-118.698,34.14296],[-118.69798,34.14275],[-118.69795,34.14269],[-118.69788,34.14266],[-118.69749,34.14261],[-118.69744,34.14261]]],"type":"Polygon"},"properties":{"bbox":{"roads":{"area":245.63,"pct":0.45}},"city_same":1,"id":"hex:1527:14546"},"type":"Feature"},{"geometry":{"coordinates":[[[-118.69588,34.14634],[-118.69504,34.14518],[-118.69583,34.144],[-118.69746,34.14398],[-118.69829,34.14514],[-118.6975,34.14632],[-118.69678,34.14633],[-118.69671,34.14623],[-118.69652,34.14622],[-118.69642,34.14633],[-118.69588,34.14634]],[[-118.69702,34.14537],[-118.69699,34.14542],[-118.69712,34.14546],[-118.69722,34.14548],[-118.69725,34.14547],[-118.69727,34.14544],[-118.69726,34.14537],[-118.69711,34.14538],[-118.69702,34.14537]]],"type":"Polygon"},"properties":{"bbox":{"parking":{"area":2005.98,"pct":3.46},"roads":{"area":2331.58,"pct":4.03},"sidewalks":{"area":331.34,"pct":0.57}},"city":{"parking":{"area":2005.98,"pct":3.46},"roads":{"area":1855.79,"pct":3.2},"sidewalks":{"area":331.34,"pct":0.57}},"id":"hex:1527:14547"},"type":"Feature"},{"geometry":{"coordinates":[[[-118.6975,34.14632],[-118.69834,34.14748],[-118.69755,34.14866],[-118.69592,34.14868],[-118.69509,34.14752],[-118.69588,34.14634],[-118.69642,34.14633],[-118.69623,34.14656],[-118.69656,34.14661],[-118.69669,34.14664],[-118.69683,34.1464],[-118.69678,34.14633],[-118.6975,34.14632]]],"type":"Polygon"},"properties":{"bbox":{"parking":{"area":4863.77,"pct":8.51},"roads":{"area":5476.13,"pct":9.58},"sidewalks":{"area":347.51,"pct":0.61}},"city":{"parking":{"area":4863.77,"pct":8.51},"roads":{"area":1178.43,"pct":2.06},"sidewalks":{"area":347.51,"pct":0.61}},"id":"hex:1527:14548"},"type":"Feature"},{"geometry":{"coordinates":[[[-118.69513,34.14987],[-118.69592,34.14868],[-118.69755,34.14866],[-118.69801,34.1493],[-118.698,34.14949],[-118.69796,34.14964],[-118.69791,34.14992],[-118.69783,34.15017],[-118.69773,34.1504],[-118.6975,34.15094],[-118.69762,34.15097],[-118.6976,34.151],[-118.69597,34.15103],[-118.69585,34.15086],[-118.69594,34.15082],[-118.69671,34.15038],[-118.69712,34.15024],[-118.69765,34.15018],[-118.69768,34.1501],[-118.69723,34.15014],[-118.69706,34.15015],[-118.69684,34.15021],[-118.69652,34.15036],[-118.69598,34.1507],[-118.6958,34.15079],[-118.69513,34.14987]]],"type":"Polygon"},"properties":{"bbox":{"parking":{"area":4950.87,"pct":9.5},"roads":{"area":12574.45,"pct":24.14},"sidewalks":{"area":307.5,"pct":0.59}},"city":{"parking":{"area":4950.87,"pct":9.5},"roads":{"area":794.39,"pct":1.53},"sidewalks":{"area":307.5,"pct":0.59}},"id":"hex:1527:14549"},"type":"Feature"},{"geometry":{"coordinates":[[[-118.69764,34.15335],[-118.69602,34.15337],[-118.69518,34.15221],[-118.69597,34.15103],[-118.6976,34.151],[-118.69797,34.15153],[-118.69791,34.15166],[-118.69748,34.15155],[-118.69733,34.15151],[-118.69729,34.15174],[-118.69727,34.15193],[-118.69727,34.15219],[-118.69728,34.1525],[-118.69734,34.15285],[-118.69744,34.15316],[-118.69763,34.15315],[-118.69777,34.15315],[-118.69764,34.15335]]],"type":"Polygon"},"properties":{"bbox":{"parking":{"area":18819.01,"pct":41.81},"roads":{"area":9623.59,"pct":21.38},"sidewalks":{"area":943.35,"pct":2.1}},"city":{"parking":{"area":18819.01,"pct":41.81},"roads":{"area":5331.45,"pct":11.84},"sidewalks":{"area":943.35,"pct":2.1}},"id":"hex:1527:14550"},"type":"Feature"},{"geometry":{"coordinates":[[[-118.69523,34.15455],[-118.69606,34.15571],[-118.69769,34.15569],[-118.69848,34.15451],[-118.69764,34.15335],[-118.69602,34.15337],[-118.69523,34.15455]]],"type":"Polygon"},"properties":{"bbox":{"parking":{"area":866.35,"pct":1.48},"roads":{"area":8386.96,"pct":14.35},"sidewalks":{"area":1492.44,"pct":2.55}},"city_same":1,"id":"hex:1527:14551"},"type":"Feature"},{"geometry":{"coordinates":[[[-118.69527,34.15689],[-118.69611,34.15805],[-118.69774,34.15803],[-118.69853,34.15685],[-118.69769,34.15569],[-118.69606,34.15571],[-118.69527,34.15689]]],"type":"Polygon"},"properties":{"bbox":{"roads":{"area":3165.24,"pct":5.41},"sidewalks":{"area":1621.48,"pct":2.77}},"city_same":1,"id":"hex:1527:14552"},"type":"Feature"},{"geometry":{"coordinates":[[[-118.69532,34.15923],[-118.69616,34.16039],[-118.69778,34.16037],[-118.69857,34.15919],[-118.69774,34.15803],[-118.69611,34.15805],[-118.69532,34.15923]]],"type":"Polygon"},"properties":{"bbox":{"roads":{"area":6661.52,"pct":11.4},"sidewalks":{"area":1830.26,"pct":3.13}},"city_same":1,"id":"hex:1527:14553"},"type":"Feature"},{"geometry":{"coordinates":[[[-118.69537,34.16158],[-118.6962,34.16274],[-118.69783,34.16271],[-118.69862,34.16153],[-118.69778,34.16037],[-118.69616,34.16039],[-118.69537,34.16158]]],"type":"Polygon"},"properties":{"bbox":{"parking":{"area":3863.26,"pct":6.61},"roads":{"area":2047.46,"pct":3.5},"sidewalks":{"area":418.84,"pct":0.72}},"city_same":1,"id":"hex:1527:14554"},"type":"Feature"},{"geometry":{"coordinates":[[[-118.69541,34.16392],[-118.69625,34.16508],[-118.69788,34.16506],[-118.69867,34.16387],[-118.69783,34.16271],[-118.6962,34.16274],[-118.69541,34.16392]]],"type":"Polygon"},"properties":{"bbox":{"parking":{"area":71.03,"pct":0.12},"roads":{"area":2314.8,"pct":3.96},"sidewalks":{"area":52.36,"pct":0.09}},"city_same":1,"id":"hex:1527:14555"},"type":"Feature"},{"geometry":{"coordinates":[[[-118.69546,34.16626],[-118.6963,34.16742],[-118.69793,34.1674],[-118.69872,34.16622],[-118.69788,34.16506],[-118.69625,34.16508],[-118.69546,34.16626]]],"type":"Polygon"},"properties":{"bbox":{"roads":{"area":2152.75,"pct":3.68},"sidewalks":{"area":375.75,"pct":0.64}},"city_same":1,"id":"hex:1527:14556"},"type":"Feature"},{"geometry":{"geometries":[{"coordinates":[[[-118.69272,34.15107],[-118.69351,34.14989],[-118.69513,34.14987],[-118.6958,34.15079],[-118.69525,34.15104],[-118.69495,34.15116],[-118.69421,34.15139],[-118.69382,34.15145],[-118.69379,34.15144],[-118.69367,34.15144],[-118.69366,34.15113],[-118.69307,34.1512],[-118.69282,34.15122],[-118.69272,34.15107]]],"type":"Polygon"},{"coordinates":[[[-118.69597,34.15103],[-118.69518,34.15221],[-118.69368,34.15223],[-118.69367,34.15159],[-118.69369,34.15159],[-118.69382,34.15153],[-118.69503,34.15122],[-118.69585,34.15086],[-118.69597,34.15103]]],"type":"Polygon"},{"coordinates":[[-118.69367,34.15159],[-118.69367,34.15144]],"type":"LineString"}],"type":"GeometryCollection"},"properties":{"bbox":{"parking":{"area":10572.31,"pct":20.56},"roads":{"area":9014.12,"pct":17.53},"sidewalks":{"area":134.6,"pct":0.26}},"city":{"parking":{"area":10572.31,"pct":20.56},"roads":{"area":2121.32,"pct":4.13},"sidewalks":{"area":134.6,"pct":0.26}},"id":"hex:1528:14550"},"type":"Feature"},{"geometry":{"coordinates":[[[-118.69518,34.15221],[-118.69602,34.15337],[-118.69523,34.15455],[-118.69372,34.15457],[-118.69368,34.15223],[-118.69518,34.15221]]],"type":"Polygon"},"properties":{"bbox":{"parking":{"area":6939.85,"pct":15.18},"roads":{"area":4152.18,"pct":9.09},"sidewalks":{"area":968.23,"pct":2.12}},"city":{"parking":{"area":6939.85,"pct":15.18},"roads":{"area":3005.06,"pct":6.58},"sidewalks":{"area":968.23,"pct":2.12}},"id":"hex:1528:14551"},"type":"Feature"},{"geometry":{"coordinates":[[[-118.69523,34.15455],[-118.69606,34.15571],[-118.69527,34.15689],[-118.69376,34.15691],[-118.69372,34.15457],[-118.69523,34.15455]]],"type":"Polygon"},"properties":{"bbox":{"roads":{"area":1973.62,"pct":4.3},"sidewalks":{"area":969.78,"pct":2.12}},"city_same":1,"id":"hex:1528:14552"},"type":"Feature"},{"geometry":{"coordinates":[[[-118.69527,34.15689],[-118.69611,34.15805],[-118.69532,34.15923],[-118.6938,34.15926],[-118.69376,34.15691],[-118.69527,34.15689]]],"type":"Polygon"},"properties":{"bbox":{"roads":{"area":2737.57,"pct":5.95},"sidewalks":{"area":1469.05,"pct":3.19}},"city_same":1,"id":"hex:1528:14553"},"type":"Feature"},{"geometry":{"coordinates":[[[-118.69532,34.15923],[-118.69616,34.16039],[-118.69537,34.16158],[-118.69385,34.1616],[-118.69381,34.15964],[-118.6938,34.15926],[-118.69532,34.15923]]],"type":"Polygon"},"properties":{"bbox":{"roads":{"area":4179.97,"pct":9.06},"sidewalks":{"area":622.03,"pct":1.35}},"city_same":1,"id":"hex:1528:14554"},"type":"Feature"},{"geometry":{"coordinates":[[[-118.69537,34.16158],[-118.6962,34.16274],[-118.69541,34.16392],[-118.69379,34.16394],[-118.69357,34.16365],[-118.69377,34.16367],[-118.69379,34.16309],[-118.69387,34.16307],[-118.69385,34.1616],[-118.69537,34.16158]]],"type":"Polygon"},"properties":{"bbox":{"roads":{"area":3240.16,"pct":6.83}},"city_same":1,"id":"hex:1528:14555"},"type":"Feature"},{"geometry":{"coordinates":[[[-118.69379,34.16394],[-118.69541,34.16392],[-118.69625,34.16508],[-118.69546,34.16626],[-118.69383,34.16628],[-118.69382,34.16627],[-118.69383,34.16584],[-118.69359,34.16535],[-118.69344,34.16446],[-118.69379,34.16394]]],"type":"Polygon"},"properties":{"bbox":{"roads":{"area":2023.65,"pct":3.83}},"city_same":1,"id":"hex:1528:14556"},"type":"Feature"},{"geometry":{"coordinates":[[[-118.69379,34.16849],[-118.69382,34.1663],[-118.69383,34.16628],[-118.69546,34.16626],[-118.6963,34.16742],[-118.69554,34.16856],[-118.69385,34.16858],[-118.69379,34.16849]]],"type":"Polygon"},"properties":{"bbox":{"roads":{"area":1934.56,"pct":3.93}},"city_same":1,"id":"hex:1528:14557"},"type":"Feature"},{"geometry":{"coordinates":[[[-118.69025,34.14993],[-118.69109,34.15109],[-118.69272,34.15107],[-118.69351,34.14989],[-118.69267,34.14873],[-118.69104,34.14875],[-118.69025,34.14993]]],"type":"Polygon"},"properties":{"bbox":{"roads":{"area":937.46,"pct":1.6}},"id":"hex:1529:14549"},"type":"Feature"},{"geometry":{"coordinates":[[[-118.69109,34.15109],[-118.69272,34.15107],[-118.69282,34.15122],[-118.69237,34.15124],[-118.69178,34.15121],[-118.69108,34.15111],[-118.69109,34.15109]]],"type":"Polygon"},"properties":{"bbox":{"roads":{"area":1451.39,"pct":70.96}},"id":"hex:1529:14550"},"type":"Feature"},{"geometry":{"coordinates":[[[-118.68863,34.14996],[-118.69025,34.14993],[-118.69109,34.15109],[-118.69108,34.15111],[-118.69107,34.15111],[-118.68927,34.15071],[-118.68871,34.15062],[-118.68821,34.15058],[-118.68863,34.14996]]],"type":"Polygon"},"properties":{"bbox":{"roads":{"area":3844.41,"pct":19.97}},"id":"hex:1530:14550"},"type":"Feature"},{"geometry":{"coordinates":[[[-118.68589,34.13477],[-118.68751,34.13474],[-118.68835,34.1359],[-118.68756,34.13709],[-118.68593,34.13711],[-118.6851,34.13595],[-118.68589,34.13477]],[[-118.68715,34.13653],[-118.68708,34.13658],[-118.68705,34.13674],[-118.68711,34.13682],[-118.68732,34.13684],[-118.68741,34.13679],[-118.68743,34.13662],[-118.68737,34.13654],[-118.68715,34.13653]]],"type":"Polygon"},"properties":{"bbox":{"roads":{"area":2467.44,"pct":4.29}},"city_same":1,"id":"hex:1531:14543"},"type":"Feature"},{"geometry":{"coordinates":[[[-118.68538,34.15],[-118.68617,34.14882],[-118.68779,34.1488],[-118.68863,34.14996],[-118.68821,34.15058],[-118.6882,34.15058],[-118.68766,34.15057],[-118.6872,34.1506],[-118.68671,34.15065],[-118.68628,34.15072],[-118.68594,34.15079],[-118.68538,34.15]]],"type":"Polygon"},"properties":{"bbox":{"roads":{"area":3306.23,"pct":6.88}},"id":"hex:1531:14549"},"type":"Feature"},{"geometry":{"coordinates":[[[-118.68263,34.13481],[-118.68347,34.13597],[-118.6851,34.13595],[-118.68589,34.13477],[-118.68505,34.13361],[-118.68342,34.13363],[-118.68263,34.13481]]],"type":"Polygon"},"properties":{"bbox":{"roads":{"area":1758.05,"pct":3.01}},"city_same":1,"id":"hex:1532:14543"},"type":"Feature"},{"geometry":{"coordinates":[[[-118.68268,34.13715],[-118.68352,34.13831],[-118.68514,34.13829],[-118.68593,34.13711],[-118.6851,34.13595],[-118.68347,34.13597],[-118.68268,34.13715]]],"type":"Polygon"},"properties":{"bbox":{"roads":{"area":3662.81,"pct":6.27}},"city_same":1,"id":"hex:1532:14544"},"type":"Feature"},{"geometry":{"coordinates":[[[-118.68273,34.13949],[-118.68356,34.14065],[-118.68519,34.14063],[-118.68598,34.13945],[-118.68514,34.13829],[-118.68352,34.13831],[-118.68273,34.13949]]],"type":"Polygon"},"properties":{"bbox":{"roads":{"area":714.65,"pct":1.22}},"city_same":1,"id":"hex:1532:14545"},"type":"Feature"},{"geometry":{"coordinates":[[[-118.68375,34.15002],[-118.68538,34.15],[-118.68594,34.15079],[-118.68458,34.15105],[-118.68421,34.1511],[-118.68383,34.15114],[-118.68342,34.15116],[-118.68299,34.15115],[-118.68375,34.15002]]],"type":"Polygon"},"properties":{"bbox":{"roads":{"area":3910.91,"pct":16.24}},"id":"hex:1532:14550"},"type":"Feature"},{"geometry":{"coordinates":[[[-118.68017,34.13367],[-118.68101,34.13483],[-118.68263,34.13481],[-118.68342,34.13363],[-118.68259,34.13247],[-118.68096,34.13249],[-118.68017,34.13367]]],"type":"Polygon"},"properties":{"bbox":{"roads":{"area":1031.93,"pct":1.77}},"city_same":1,"id":"hex:1533:14542"},"type":"Feature"},{"geometry":{"coordinates":[[[-118.68022,34.13601],[-118.68105,34.13717],[-118.68268,34.13715],[-118.68347,34.13597],[-118.68263,34.13481],[-118.68101,34.13483],[-118.68022,34.13601]]],"type":"Polygon"},"properties":{"bbox":{"roads":{"area":2040.39,"pct":3.49}},"city_same":1,"id":"hex:1533:14543"},"type":"Feature"},{"geometry":{"coordinates":[[[-118.68026,34.13836],[-118.6811,34.13952],[-118.68273,34.13949],[-118.68352,34.13831],[-118.68268,34.13715],[-118.68105,34.13717],[-118.68026,34.13836]]],"type":"Polygon"},"properties":{"bbox":{"parking":{"area":726.54,"pct":1.24},"roads":{"area":3824.26,"pct":6.54}},"city_same":1,"id":"hex:1533:14544"},"type":"Feature"},{"geometry":{"coordinates":[[[-118.68031,34.1407],[-118.68115,34.14186],[-118.68277,34.14184],[-118.68356,34.14065],[-118.68273,34.13949],[-118.6811,34.13952],[-118.68031,34.1407]]],"type":"Polygon"},"properties":{"bbox":{"roads":{"area":870.5,"pct":1.49}},"city_same":1,"id":"hex:1533:14545"},"type":"Feature"},{"geometry":{"coordinates":[[[-118.6805,34.15007],[-118.68129,34.14889],[-118.68291,34.14886],[-118.68375,34.15002],[-118.68299,34.15115],[-118.68127,34.15114],[-118.6805,34.15007]]],"type":"Polygon"},"properties":{"bbox":{"roads":{"area":2525.9,"pct":4.41}},"id":"hex:1533:14549"},"type":"Feature"},{"geometry":{"coordinates":[[[-118.67766,34.13019],[-118.6785,34.13135],[-118.68012,34.13133],[-118.68091,34.13015],[-118.68008,34.12899],[-118.67845,34.12901],[-118.67766,34.13019]]],"type":"Polygon"},"properties":{"bbox":{"roads":{"area":1039.41,"pct":1.78}},"city_same":1,"id":"hex:1534:14541"},"type":"Feature"},{"geometry":{"coordinates":[[[-118.6785,34.13135],[-118.68012,34.13133],[-118.68096,34.13249],[-118.68017,34.13367],[-118.67855,34.13369],[-118.67771,34.13253],[-118.6785,34.13135]],[[-118.67818,34.13299],[-118.67823,34.13303],[-118.67841,34.13303],[-118.67851,34.13286],[-118.67844,34.1328],[-118.67815,34.13297],[-118.67818,34.13299]]],"type":"Polygon"},"properties":{"bbox":{"roads":{"area":1155.61,"pct":1.99}},"city_same":1,"id":"hex:1534:14542"},"type":"Feature"},{"geometry":{"coordinates":[[[-118.67776,34.13488],[-118.67859,34.13604],[-118.68022,34.13601],[-118.68101,34.13483],[-118.68017,34.13367],[-118.67855,34.13369],[-118.67776,34.13488]]],"type":"Polygon"},"properties":{"bbox":{"roads":{"area":1828.75,"pct":3.13}},"city_same":1,"id":"hex:1534:14543"},"type":"Feature"},{"geometry":{"coordinates":[[[-118.6778,34.13722],[-118.67864,34.13838],[-118.68026,34.13836],[-118.68105,34.13717],[-118.68022,34.13601],[-118.67859,34.13604],[-118.6778,34.13722]]],"type":"Polygon"},"properties":{"bbox":{"roads":{"area":3538.73,"pct":6.05}},"city_same":1,"id":"hex:1534:14544"},"type":"Feature"},{"geometry":{"coordinates":[[[-118.67785,34.13956],[-118.67868,34.14072],[-118.68031,34.1407],[-118.6811,34.13952],[-118.68026,34.13836],[-118.67864,34.13838],[-118.67785,34.13956]]],"type":"Polygon"},"properties":{"bbox":{"parking":{"area":582.48,"pct":1},"roads":{"area":4694.41,"pct":8.03}},"city_same":1,"id":"hex:1534:14545"},"type":"Feature"},{"geometry":{"coordinates":[[[-118.67789,34.1419],[-118.67873,34.14306],[-118.68036,34.14304],[-118.68115,34.14186],[-118.68031,34.1407],[-118.67868,34.14072],[-118.67789,34.1419]]],"type":"Polygon"},"properties":{"bbox":{"roads":{"area":722.26,"pct":1.24}},"city_same":1,"id":"hex:1534:14546"},"type":"Feature"},{"geometry":{"coordinates":[[[-118.67887,34.15009],[-118.6805,34.15007],[-118.68127,34.15114],[-118.68028,34.15113],[-118.67982,34.15111],[-118.67927,34.15105],[-118.67885,34.15097],[-118.67843,34.15087],[-118.67836,34.15085],[-118.67887,34.15009]]],"type":"Polygon"},"properties":{"bbox":{"roads":{"area":3862.29,"pct":16.61}},"id":"hex:1534:14550"},"type":"Feature"},{"geometry":{"coordinates":[[[-118.6752,34.12905],[-118.67604,34.13021],[-118.67766,34.13019],[-118.67845,34.12901],[-118.67762,34.12785],[-118.67599,34.12787],[-118.6752,34.12905]]],"type":"Polygon"},"properties":{"bbox":{"roads":{"area":2824.58,"pct":4.83}},"city_same":1,"id":"hex:1535:14540"},"type":"Feature"},{"geometry":{"coordinates":[[[-118.67525,34.1314],[-118.67608,34.13256],[-118.67771,34.13253],[-118.6785,34.13135],[-118.67766,34.13019],[-118.67604,34.13021],[-118.67525,34.1314]]],"type":"Polygon"},"properties":{"bbox":{"roads":{"area":1088.14,"pct":1.86}},"city_same":1,"id":"hex:1535:14541"},"type":"Feature"},{"geometry":{"coordinates":[[[-118.67529,34.13374],[-118.67613,34.1349],[-118.67776,34.13488],[-118.67855,34.13369],[-118.67771,34.13253],[-118.67608,34.13256],[-118.67529,34.13374]]],"type":"Polygon"},"properties":{"bbox":{"roads":{"area":1824.15,"pct":3.12}},"city_same":1,"id":"hex:1535:14542"},"type":"Feature"},{"geometry":{"coordinates":[[[-118.67534,34.13608],[-118.67618,34.13724],[-118.6778,34.13722],[-118.67859,34.13604],[-118.67776,34.13488],[-118.67613,34.1349],[-118.67534,34.13608]]],"type":"Polygon"},"properties":{"bbox":{"roads":{"area":3306.61,"pct":5.66}},"city_same":1,"id":"hex:1535:14543"},"type":"Feature"},{"geometry":{"coordinates":[[[-118.67539,34.13842],[-118.67622,34.13958],[-118.67785,34.13956],[-118.67864,34.13838],[-118.6778,34.13722],[-118.67618,34.13724],[-118.67539,34.13842]]],"type":"Polygon"},"properties":{"bbox":{"roads":{"area":2116.15,"pct":3.62}},"city_same":1,"id":"hex:1535:14544"},"type":"Feature"},{"geometry":{"coordinates":[[[-118.67543,34.14077],[-118.67627,34.14193],[-118.67789,34.1419],[-118.67868,34.14072],[-118.67785,34.13956],[-118.67622,34.13958],[-118.67543,34.14077]]],"type":"Polygon"},"properties":{"bbox":{"roads":{"area":4284.13,"pct":7.33}},"city_same":1,"id":"hex:1535:14545"},"type":"Feature"},{"geometry":{"coordinates":[[[-118.67548,34.14311],[-118.67631,34.14427],[-118.67794,34.14425],[-118.67873,34.14306],[-118.67789,34.1419],[-118.67627,34.14193],[-118.67548,34.14311]]],"type":"Polygon"},"properties":{"bbox":{"roads":{"area":0.12,"pct":0}},"city_same":1,"id":"hex:1535:14546"},"type":"Feature"},{"geometry":{"coordinates":[[[-118.67641,34.14895],[-118.67803,34.14893],[-118.67887,34.15009],[-118.67836,34.15085],[-118.67791,34.15071],[-118.67574,34.14996],[-118.67641,34.14895]]],"type":"Polygon"},"properties":{"bbox":{"roads":{"area":4873.11,"pct":12.49}},"city":{"roads":{"area":1000.99,"pct":2.57}},"id":"hex:1535:14549"},"type":"Feature"},{"geometry":{"coordinates":[[[-118.67269,34.12558],[-118.67353,34.12674],[-118.67515,34.12671],[-118.67594,34.12553],[-118.67511,34.12437],[-118.67348,34.12439],[-118.67269,34.12558]]],"type":"Polygon"},"properties":{"bbox":{"roads":{"area":12.8,"pct":0.02}},"city_same":1,"id":"hex:1536:14539"},"type":"Feature"},{"geometry":{"coordinates":[[[-118.67274,34.12792],[-118.67357,34.12908],[-118.6752,34.12905],[-118.67599,34.12787],[-118.67515,34.12671],[-118.67353,34.12674],[-118.67274,34.12792]]],"type":"Polygon"},"properties":{"bbox":{"roads":{"area":3229.47,"pct":5.52}},"city_same":1,"id":"hex:1536:14540"},"type":"Feature"},{"geometry":{"coordinates":[[[-118.67278,34.13026],[-118.67362,34.13142],[-118.67525,34.1314],[-118.67604,34.13021],[-118.6752,34.12905],[-118.67357,34.12908],[-118.67278,34.13026]]],"type":"Polygon"},"properties":{"bbox":{"roads":{"area":3274.55,"pct":5.6}},"city_same":1,"id":"hex:1536:14541"},"type":"Feature"},{"geometry":{"coordinates":[[[-118.67283,34.1326],[-118.67367,34.13376],[-118.67529,34.13374],[-118.67608,34.13256],[-118.67525,34.1314],[-118.67362,34.13142],[-118.67283,34.1326]]],"type":"Polygon"},"properties":{"bbox":{"roads":{"area":2977.65,"pct":5.09}},"city_same":1,"id":"hex:1536:14542"},"type":"Feature"},{"geometry":{"coordinates":[[[-118.67288,34.13494],[-118.67371,34.1361],[-118.67534,34.13608],[-118.67613,34.1349],[-118.67529,34.13374],[-118.67367,34.13376],[-118.67288,34.13494]]],"type":"Polygon"},"properties":{"bbox":{"roads":{"area":3019.18,"pct":5.16}},"city_same":1,"id":"hex:1536:14543"},"type":"Feature"},{"geometry":{"coordinates":[[[-118.67292,34.13729],[-118.67376,34.13845],[-118.67539,34.13842],[-118.67618,34.13724],[-118.67534,34.13608],[-118.67371,34.1361],[-118.67292,34.13729]]],"type":"Polygon"},"properties":{"bbox":{"roads":{"area":4160.62,"pct":7.12}},"city_same":1,"id":"hex:1536:14544"},"type":"Feature"},{"geometry":{"coordinates":[[[-118.67297,34.13963],[-118.67381,34.14079],[-118.67543,34.14077],[-118.67622,34.13958],[-118.67539,34.13842],[-118.67376,34.13845],[-118.67297,34.13963]]],"type":"Polygon"},"properties":{"bbox":{"roads":{"area":4486.06,"pct":7.67}},"city_same":1,"id":"hex:1536:14545"},"type":"Feature"},{"geometry":{"coordinates":[[[-118.67302,34.14197],[-118.67385,34.14313],[-118.67548,34.14311],[-118.67627,34.14193],[-118.67543,34.14077],[-118.67381,34.14079],[-118.67302,34.14197]]],"type":"Polygon"},"properties":{"bbox":{"roads":{"area":3002.08,"pct":5.14}},"city_same":1,"id":"hex:1536:14546"},"type":"Feature"},{"geometry":{"coordinates":[[[-118.67315,34.149],[-118.67394,34.14781],[-118.67557,34.14779],[-118.67641,34.14895],[-118.67574,34.14996],[-118.67449,34.14952],[-118.67384,34.14936],[-118.67336,34.14928],[-118.67315,34.149]]],"type":"Polygon"},"properties":{"bbox":{"roads":{"area":5095.36,"pct":10.74}},"city":{"roads":{"area":1463.16,"pct":3.08}},"id":"hex:1536:14549"},"type":"Feature"},{"geometry":{"coordinates":[[[-118.67028,34.12678],[-118.67111,34.12794],[-118.67274,34.12792],[-118.67353,34.12674],[-118.67269,34.12558],[-118.67107,34.1256],[-118.67028,34.12678]]],"type":"Polygon"},"properties":{"bbox":{"roads":{"area":1462.15,"pct":2.5}},"city_same":1,"id":"hex:1537:14539"},"type":"Feature"},{"geometry":{"coordinates":[[[-118.67032,34.12912],[-118.67116,34.13028],[-118.67278,34.13026],[-118.67357,34.12908],[-118.67274,34.12792],[-118.67111,34.12794],[-118.67032,34.12912]]],"type":"Polygon"},"properties":{"bbox":{"roads":{"area":2986.67,"pct":5.11}},"city_same":1,"id":"hex:1537:14540"},"type":"Feature"},{"geometry":{"coordinates":[[[-118.67037,34.13146],[-118.6712,34.13262],[-118.67283,34.1326],[-118.67362,34.13142],[-118.67278,34.13026],[-118.67116,34.13028],[-118.67037,34.13146]]],"type":"Polygon"},"properties":{"bbox":{"roads":{"area":628.43,"pct":1.08}},"city_same":1,"id":"hex:1537:14541"},"type":"Feature"},{"geometry":{"coordinates":[[[-118.67051,34.13849],[-118.67134,34.13965],[-118.67297,34.13963],[-118.67376,34.13845],[-118.67292,34.13729],[-118.6713,34.13731],[-118.67051,34.13849]]],"type":"Polygon"},"properties":{"bbox":{"roads":{"area":2026.57,"pct":3.47},"sidewalks":{"area":228.55,"pct":0.39}},"city_same":1,"id":"hex:1537:14544"},"type":"Feature"},{"geometry":{"coordinates":[[[-118.67055,34.14083],[-118.67139,34.14199],[-118.67302,34.14197],[-118.67381,34.14079],[-118.67297,34.13963],[-118.67134,34.13965],[-118.67055,34.14083]]],"type":"Polygon"},"properties":{"bbox":{"roads":{"area":3221.66,"pct":5.51}},"city_same":1,"id":"hex:1537:14545"},"type":"Feature"},{"geometry":{"coordinates":[[[-118.6706,34.14317],[-118.67144,34.14433],[-118.67306,34.14431],[-118.67385,34.14313],[-118.67302,34.14197],[-118.67139,34.14199],[-118.6706,34.14317]]],"type":"Polygon"},"properties":{"bbox":{"roads":{"area":1447.74,"pct":2.48}},"city_same":1,"id":"hex:1537:14546"},"type":"Feature"},{"geometry":{"coordinates":[[[-118.67069,34.14786],[-118.67153,34.14902],[-118.67315,34.149],[-118.67394,34.14781],[-118.67311,34.14665],[-118.67148,34.14668],[-118.67069,34.14786]]],"type":"Polygon"},"properties":{"bbox":{"roads":{"area":1776.11,"pct":3.04}},"city_same":1,"id":"hex:1537:14548"},"type":"Feature"},{"geometry":{"coordinates":[[[-118.67153,34.14902],[-118.67315,34.149],[-118.67336,34.14928],[-118.67325,34.14927],[-118.6726,34.14921],[-118.67195,34.1492],[-118.67138,34.14923],[-118.67153,34.14902]]],"type":"Polygon"},"properties":{"bbox":{"roads":{"area":2493.47,"pct":64.35}},"id":"hex:1537:14549"},"type":"Feature"},{"geometry":{"coordinates":[[[-118.66791,34.13033],[-118.66874,34.13149],[-118.67037,34.13146],[-118.67116,34.13028],[-118.67032,34.12912],[-118.6687,34.12914],[-118.66791,34.13033]]],"type":"Polygon"},"properties":{"bbox":{"roads":{"area":1361.61,"pct":2.33}},"city_same":1,"id":"hex:1538:14541"},"type":"Feature"},{"geometry":{"coordinates":[[[-118.66795,34.13267],[-118.66879,34.13383],[-118.67041,34.13381],[-118.6712,34.13262],[-118.67037,34.13146],[-118.66874,34.13149],[-118.66795,34.13267]]],"type":"Polygon"},"properties":{"bbox":{"roads":{"area":2257.09,"pct":3.86}},"city_same":1,"id":"hex:1538:14542"},"type":"Feature"},{"geometry":{"coordinates":[[[-118.668,34.13501],[-118.66883,34.13617],[-118.67046,34.13615],[-118.67125,34.13497],[-118.67041,34.13381],[-118.66879,34.13383],[-118.668,34.13501]]],"type":"Polygon"},"properties":{"bbox":{"roads":{"area":623.16,"pct":1.07}},"city_same":1,"id":"hex:1538:14543"},"type":"Feature"},{"geometry":{"coordinates":[[[-118.66809,34.13969],[-118.66893,34.14085],[-118.67055,34.14083],[-118.67134,34.13965],[-118.67051,34.13849],[-118.66888,34.13851],[-118.66809,34.13969]]],"type":"Polygon"},"properties":{"bbox":{"roads":{"area":4373.33,"pct":7.48},"sidewalks":{"area":400.04,"pct":0.68}},"city_same":1,"id":"hex:1538:14545"},"type":"Feature"},{"geometry":{"coordinates":[[[-118.66814,34.14204],[-118.66897,34.1432],[-118.6706,34.14317],[-118.67139,34.14199],[-118.67055,34.14083],[-118.66893,34.14085],[-118.66814,34.14204]]],"type":"Polygon"},"properties":{"bbox":{"roads":{"area":1663.45,"pct":2.85}},"city_same":1,"id":"hex:1538:14546"},"type":"Feature"},{"geometry":{"coordinates":[[[-118.66818,34.14438],[-118.66902,34.14554],[-118.67064,34.14552],[-118.67144,34.14433],[-118.6706,34.14317],[-118.66897,34.1432],[-118.66818,34.14438]]],"type":"Polygon"},"properties":{"bbox":{"roads":{"area":2103.75,"pct":3.6}},"city_same":1,"id":"hex:1538:14547"},"type":"Feature"},{"geometry":{"coordinates":[[[-118.66827,34.14906],[-118.6688,34.14828],[-118.66902,34.14824],[-118.66904,34.148],[-118.66898,34.14801],[-118.66906,34.14788],[-118.67069,34.14786],[-118.67153,34.14902],[-118.67138,34.14923],[-118.66852,34.1494],[-118.66827,34.14906]]],"type":"Polygon"},"properties":{"bbox":{"roads":{"area":6390.3,"pct":17.03}},"city":{"roads":{"area":2192.44,"pct":5.84}},"id":"hex:1538:14549"},"type":"Feature"},{"geometry":{"coordinates":[[[-118.6654,34.12685],[-118.66623,34.12801],[-118.66786,34.12798],[-118.66865,34.1268],[-118.66781,34.12564],[-118.66619,34.12566],[-118.6654,34.12685]]],"type":"Polygon"},"properties":{"bbox":{"roads":{"area":1475.88,"pct":2.52}},"city_same":1,"id":"hex:1539:14539"},"type":"Feature"},{"geometry":{"coordinates":[[[-118.66544,34.12919],[-118.66628,34.13035],[-118.66791,34.13033],[-118.6687,34.12914],[-118.66786,34.12798],[-118.66623,34.12801],[-118.66544,34.12919]]],"type":"Polygon"},"properties":{"bbox":{"roads":{"area":1184.98,"pct":2.03}},"city_same":1,"id":"hex:1539:14540"},"type":"Feature"},{"geometry":{"coordinates":[[[-118.66549,34.13153],[-118.66633,34.13269],[-118.66795,34.13267],[-118.66874,34.13149],[-118.66791,34.13033],[-118.66628,34.13035],[-118.66549,34.13153]]],"type":"Polygon"},"properties":{"bbox":{"roads":{"area":1876.63,"pct":3.21}},"city_same":1,"id":"hex:1539:14541"},"type":"Feature"},{"geometry":{"coordinates":[[[-118.66563,34.13856],[-118.66646,34.13972],[-118.66809,34.13969],[-118.66888,34.13851],[-118.66804,34.13735],[-118.66642,34.13737],[-118.66563,34.13856]]],"type":"Polygon"},"properties":{"bbox":{"roads":{"area":3858.08,"pct":6.6}},"city_same":1,"id":"hex:1539:14544"},"type":"Feature"},{"geometry":{"coordinates":[[[-118.66567,34.1409],[-118.66651,34.14206],[-118.66814,34.14204],[-118.66893,34.14085],[-118.66809,34.13969],[-118.66646,34.13972],[-118.66567,34.1409]]],"type":"Polygon"},"properties":{"bbox":{"roads":{"area":5974.38,"pct":10.22},"sidewalks":{"area":367.44,"pct":0.63}},"city_same":1,"id":"hex:1539:14545"},"type":"Feature"},{"geometry":{"coordinates":[[[-118.66572,34.14324],[-118.66656,34.1444],[-118.66818,34.14438],[-118.66897,34.1432],[-118.66814,34.14204],[-118.66651,34.14206],[-118.66572,34.14324]]],"type":"Polygon"},"properties":{"bbox":{"roads":{"area":1336.84,"pct":2.29}},"city_same":1,"id":"hex:1539:14546"},"type":"Feature"},{"geometry":{"coordinates":[[[-118.66577,34.14558],[-118.6666,34.14674],[-118.66823,34.14672],[-118.66902,34.14554],[-118.66818,34.14438],[-118.66656,34.1444],[-118.66577,34.14558]]],"type":"Polygon"},"properties":{"bbox":{"roads":{"area":1076.66,"pct":1.84}},"city_same":1,"id":"hex:1539:14547"},"type":"Feature"},{"geometry":{"coordinates":[[[-118.66827,34.14906],[-118.66665,34.14908],[-118.66581,34.14792],[-118.6666,34.14674],[-118.66823,34.14672],[-118.66906,34.14788],[-118.66898,34.14801],[-118.66876,34.14807],[-118.66836,34.14811],[-118.668,34.14806],[-118.66781,34.14843],[-118.66788,34.14853],[-118.66801,34.14859],[-118.66815,34.14856],[-118.66856,34.14833],[-118.6688,34.14828],[-118.66827,34.14906]]],"type":"Polygon"},"properties":{"bbox":{"roads":{"area":2155.71,"pct":3.93}},"city_same":1,"id":"hex:1539:14548"},"type":"Feature"},{"geometry":{"coordinates":[[[-118.66665,34.14908],[-118.66827,34.14906],[-118.66852,34.1494],[-118.66639,34.14952],[-118.66635,34.14953],[-118.66665,34.14908]]],"type":"Polygon"},"properties":{"bbox":{"roads":{"area":3037.62,"pct":40.6}},"id":"hex:1539:14549"},"type":"Feature"},{"geometry":{"coordinates":[[[-118.66294,34.12571],[-118.66377,34.12687],[-118.6654,34.12685],[-118.66619,34.12566],[-118.66535,34.1245],[-118.66373,34.12453],[-118.66294,34.12571]]],"type":"Polygon"},"properties":{"bbox":{"roads":{"area":1521,"pct":2.6}},"city_same":1,"id":"hex:1540:14539"},"type":"Feature"},{"geometry":{"coordinates":[[[-118.66298,34.12805],[-118.66382,34.12921],[-118.66544,34.12919],[-118.66623,34.12801],[-118.6654,34.12685],[-118.66377,34.12687],[-118.66298,34.12805]]],"type":"Polygon"},"properties":{"bbox":{"roads":{"area":2609.16,"pct":4.46}},"city_same":1,"id":"hex:1540:14540"},"type":"Feature"},{"geometry":{"coordinates":[[[-118.66303,34.13039],[-118.66386,34.13155],[-118.66549,34.13153],[-118.66628,34.13035],[-118.66544,34.12919],[-118.66382,34.12921],[-118.66303,34.13039]]],"type":"Polygon"},"properties":{"bbox":{"roads":{"area":3472.01,"pct":5.94}},"city_same":1,"id":"hex:1540:14541"},"type":"Feature"},{"geometry":{"coordinates":[[[-118.66307,34.13273],[-118.66391,34.13389],[-118.66554,34.13387],[-118.66633,34.13269],[-118.66549,34.13153],[-118.66386,34.13155],[-118.66307,34.13273]]],"type":"Polygon"},"properties":{"bbox":{"roads":{"area":2375.88,"pct":4.06}},"city_same":1,"id":"hex:1540:14542"},"type":"Feature"},{"geometry":{"coordinates":[[[-118.66312,34.13508],[-118.66396,34.13624],[-118.66558,34.13621],[-118.66637,34.13503],[-118.66554,34.13387],[-118.66391,34.13389],[-118.66312,34.13508]]],"type":"Polygon"},"properties":{"bbox":{"roads":{"area":3700.4,"pct":6.33},"sidewalks":{"area":316.19,"pct":0.54}},"city_same":1,"id":"hex:1540:14543"},"type":"Feature"},{"geometry":{"coordinates":[[[-118.66317,34.13742],[-118.664,34.13858],[-118.66563,34.13856],[-118.66642,34.13737],[-118.66558,34.13621],[-118.66396,34.13624],[-118.66317,34.13742]]],"type":"Polygon"},"properties":{"bbox":{"roads":{"area":3633.24,"pct":6.22},"sidewalks":{"area":418.64,"pct":0.72}},"city_same":1,"id":"hex:1540:14544"},"type":"Feature"},{"geometry":{"coordinates":[[[-118.66321,34.13976],[-118.66405,34.14092],[-118.66567,34.1409],[-118.66646,34.13972],[-118.66563,34.13856],[-118.664,34.13858],[-118.66321,34.13976]]],"type":"Polygon"},"properties":{"bbox":{"roads":{"area":7105.62,"pct":12.16},"sidewalks":{"area":366.19,"pct":0.63}},"city_same":1,"id":"hex:1540:14545"},"type":"Feature"},{"geometry":{"coordinates":[[[-118.66326,34.1421],[-118.66409,34.14326],[-118.66572,34.14324],[-118.66651,34.14206],[-118.66567,34.1409],[-118.66405,34.14092],[-118.66326,34.1421]]],"type":"Polygon"},"properties":{"bbox":{"roads":{"area":321.73,"pct":0.55}},"city_same":1,"id":"hex:1540:14546"},"type":"Feature"},{"geometry":{"coordinates":[[[-118.6633,34.14444],[-118.66414,34.1456],[-118.66577,34.14558],[-118.66656,34.1444],[-118.66572,34.14324],[-118.66409,34.14326],[-118.6633,34.14444]]],"type":"Polygon"},"properties":{"bbox":{"roads":{"area":3901.18,"pct":6.67}},"city_same":1,"id":"hex:1540:14547"},"type":"Feature"},{"geometry":{"coordinates":[[[-118.66335,34.14679],[-118.66419,34.14795],[-118.66581,34.14792],[-118.6666,34.14674],[-118.66577,34.14558],[-118.66414,34.1456],[-118.66335,34.14679]]],"type":"Polygon"},"properties":{"bbox":{"roads":{"area":1310.91,"pct":2.24}},"city_same":1,"id":"hex:1540:14548"},"type":"Feature"},{"geometry":{"coordinates":[[[-118.6634,34.14913],[-118.66419,34.14795],[-118.66581,34.14792],[-118.66665,34.14908],[-118.66635,34.14953],[-118.66554,34.1496],[-118.6645,34.14976],[-118.66394,34.14988],[-118.6634,34.14913]]],"type":"Polygon"},"properties":{"bbox":{"parking":{"area":1463.73,"pct":3.18},"roads":{"area":6176.96,"pct":13.42}},"city":{"parking":{"area":1463.73,"pct":3.18},"roads":{"area":1242.15,"pct":2.7}},"id":"hex:1540:14549"},"type":"Feature"},{"geometry":{"coordinates":[[[-118.6628,34.11868],[-118.66117,34.1187],[-118.66075,34.11811],[-118.66296,34.11812],[-118.66317,34.11812],[-118.6628,34.11868]]],"type":"Polygon"},"properties":{"bbox":{"roads":{"area":905.67,"pct":7.59}},"city_same":1,"id":"hex:1541:14535"},"type":"Feature"},{"geometry":{"coordinates":[[[-118.66038,34.11989],[-118.66122,34.12105],[-118.66284,34.12102],[-118.66363,34.11984],[-118.6628,34.11868],[-118.66117,34.1187],[-118.66038,34.11989]]],"type":"Polygon"},"properties":{"bbox":{"roads":{"area":2895.14,"pct":4.95}},"city_same":1,"id":"hex:1541:14536"},"type":"Feature"},{"geometry":{"coordinates":[[[-118.66043,34.12223],[-118.66126,34.12339],[-118.66289,34.12337],[-118.66368,34.12218],[-118.66284,34.12102],[-118.66122,34.12105],[-118.66043,34.12223]]],"type":"Polygon"},"properties":{"bbox":{"roads":{"area":2537.99,"pct":4.34}},"city_same":1,"id":"hex:1541:14537"},"type":"Feature"},{"geometry":{"coordinates":[[[-118.66047,34.12457],[-118.66131,34.12573],[-118.66294,34.12571],[-118.66373,34.12453],[-118.66289,34.12337],[-118.66126,34.12339],[-118.66047,34.12457]]],"type":"Polygon"},"properties":{"bbox":{"roads":{"area":502.66,"pct":0.86}},"city_same":1,"id":"hex:1541:14538"},"type":"Feature"},{"geometry":{"coordinates":[[[-118.66052,34.12691],[-118.66136,34.12807],[-118.66298,34.12805],[-118.66377,34.12687],[-118.66294,34.12571],[-118.66131,34.12573],[-118.66052,34.12691]]],"type":"Polygon"},"properties":{"bbox":{"roads":{"area":1438.45,"pct":2.46}},"city_same":1,"id":"hex:1541:14539"},"type":"Feature"},{"geometry":{"coordinates":[[[-118.66057,34.12925],[-118.6614,34.13041],[-118.66303,34.13039],[-118.66382,34.12921],[-118.66298,34.12805],[-118.66136,34.12807],[-118.66057,34.12925]]],"type":"Polygon"},"properties":{"bbox":{"roads":{"area":3143.12,"pct":5.38}},"city_same":1,"id":"hex:1541:14540"},"type":"Feature"},{"geometry":{"coordinates":[[[-118.66061,34.1316],[-118.66145,34.13276],[-118.66307,34.13273],[-118.66386,34.13155],[-118.66303,34.13039],[-118.6614,34.13041],[-118.66061,34.1316]]],"type":"Polygon"},"properties":{"bbox":{"roads":{"area":3681.43,"pct":6.3}},"city_same":1,"id":"hex:1541:14541"},"type":"Feature"},{"geometry":{"coordinates":[[[-118.66066,34.13394],[-118.66149,34.1351],[-118.66312,34.13508],[-118.66391,34.13389],[-118.66307,34.13273],[-118.66145,34.13276],[-118.66066,34.13394]]],"type":"Polygon"},"properties":{"bbox":{"roads":{"area":4879.84,"pct":8.35},"sidewalks":{"area":585.14,"pct":1}},"city_same":1,"id":"hex:1541:14542"},"type":"Feature"},{"geometry":{"coordinates":[[[-118.6607,34.13628],[-118.66154,34.13744],[-118.66317,34.13742],[-118.66396,34.13624],[-118.66312,34.13508],[-118.66149,34.1351],[-118.6607,34.13628]]],"type":"Polygon"},"properties":{"bbox":{"roads":{"area":1898.79,"pct":3.25},"sidewalks":{"area":381.3,"pct":0.65}},"city_same":1,"id":"hex:1541:14543"},"type":"Feature"},{"geometry":{"coordinates":[[[-118.66075,34.13862],[-118.66159,34.13978],[-118.66321,34.13976],[-118.664,34.13858],[-118.66317,34.13742],[-118.66154,34.13744],[-118.66075,34.13862]]],"type":"Polygon"},"properties":{"bbox":{"roads":{"area":4547.62,"pct":7.78},"sidewalks":{"area":825.32,"pct":1.41}},"city_same":1,"id":"hex:1541:14544"},"type":"Feature"},{"geometry":{"coordinates":[[[-118.66079,34.14096],[-118.66163,34.14212],[-118.66326,34.1421],[-118.66405,34.14092],[-118.66321,34.13976],[-118.66159,34.13978],[-118.66079,34.14096]]],"type":"Polygon"},"properties":{"bbox":{"roads":{"area":2982.94,"pct":5.1},"sidewalks":{"area":51.47,"pct":0.09}},"city_same":1,"id":"hex:1541:14545"},"type":"Feature"},{"geometry":{"coordinates":[[[-118.66084,34.14331],[-118.66168,34.14447],[-118.6633,34.14444],[-118.66409,34.14326],[-118.66326,34.1421],[-118.66163,34.14212],[-118.66084,34.14331]]],"type":"Polygon"},"properties":{"bbox":{"roads":{"area":3511.59,"pct":6.01}},"city_same":1,"id":"hex:1541:14546"},"type":"Feature"},{"geometry":{"coordinates":[[[-118.66089,34.14565],[-118.66172,34.14681],[-118.66335,34.14679],[-118.66414,34.1456],[-118.6633,34.14444],[-118.66168,34.14447],[-118.66089,34.14565]]],"type":"Polygon"},"properties":{"bbox":{"roads":{"area":3578.49,"pct":6.12}},"city_same":1,"id":"hex:1541:14547"},"type":"Feature"},{"geometry":{"coordinates":[[[-118.66093,34.14799],[-118.66177,34.14915],[-118.6634,34.14913],[-118.66419,34.14795],[-118.66335,34.14679],[-118.66172,34.14681],[-118.66093,34.14799]]],"type":"Polygon"},"properties":{"bbox":{"parking":{"area":5250.05,"pct":8.98},"roads":{"area":1117.97,"pct":1.91}},"city_same":1,"id":"hex:1541:14548"},"type":"Feature"},{"geometry":{"coordinates":[[[-118.66098,34.15033],[-118.66177,34.14915],[-118.6634,34.14913],[-118.66394,34.14988],[-118.66344,34.14999],[-118.6621,34.15034],[-118.66118,34.15061],[-118.66098,34.15033]]],"type":"Polygon"},"properties":{"bbox":{"parking":{"area":6046.92,"pct":22.74},"roads":{"area":8075.84,"pct":30.36},"sidewalks":{"area":304.77,"pct":1.15}},"city":{"parking":{"area":6046.92,"pct":22.74},"roads":{"area":1163.01,"pct":4.37},"sidewalks":{"area":304.77,"pct":1.15}},"id":"hex:1541:14549"},"type":"Feature"},{"geometry":{"coordinates":[[[-118.66117,34.1187],[-118.66038,34.11989],[-118.65876,34.11991],[-118.65792,34.11875],[-118.65835,34.1181],[-118.65874,34.11811],[-118.66075,34.11811],[-118.66117,34.1187]]],"type":"Polygon"},"properties":{"bbox":{"roads":{"area":2665.89,"pct":5.67}},"city":{"roads":{"area":1225.68,"pct":2.6}},"id":"hex:1542:14536"},"type":"Feature"},{"geometry":{"coordinates":[[[-118.65797,34.12109],[-118.6588,34.12225],[-118.66043,34.12223],[-118.66122,34.12105],[-118.66038,34.11989],[-118.65876,34.11991],[-118.65797,34.12109]]],"type":"Polygon"},"properties":{"bbox":{"roads":{"area":4437.84,"pct":7.59}},"city":{"roads":{"area":2477.3,"pct":4.24}},"id":"hex:1542:14537"},"type":"Feature"},{"geometry":{"coordinates":[[[-118.65801,34.12343],[-118.65885,34.12459],[-118.66047,34.12457],[-118.66126,34.12339],[-118.66043,34.12223],[-118.6588,34.12225],[-118.65801,34.12343]]],"type":"Polygon"},"properties":{"bbox":{"roads":{"area":3945.82,"pct":6.75}},"city":{"roads":{"area":2540.44,"pct":4.35}},"id":"hex:1542:14538"},"type":"Feature"},{"geometry":{"coordinates":[[[-118.65806,34.12577],[-118.65889,34.12693],[-118.66052,34.12691],[-118.66131,34.12573],[-118.66047,34.12457],[-118.65885,34.12459],[-118.65806,34.12577]]],"type":"Polygon"},"properties":{"bbox":{"roads":{"area":3491.07,"pct":5.97}},"city_same":1,"id":"hex:1542:14539"},"type":"Feature"},{"geometry":{"coordinates":[[[-118.6581,34.12812],[-118.65894,34.12928],[-118.66057,34.12925],[-118.66136,34.12807],[-118.66052,34.12691],[-118.65889,34.12693],[-118.6581,34.12812]]],"type":"Polygon"},"properties":{"bbox":{"roads":{"area":4407.97,"pct":7.54}},"city_same":1,"id":"hex:1542:14540"},"type":"Feature"},{"geometry":{"coordinates":[[[-118.65815,34.13046],[-118.65899,34.13162],[-118.66061,34.1316],[-118.6614,34.13041],[-118.66057,34.12925],[-118.65894,34.12928],[-118.65815,34.13046]]],"type":"Polygon"},"properties":{"bbox":{"roads":{"area":2034.7,"pct":3.48}},"city_same":1,"id":"hex:1542:14541"},"type":"Feature"},{"geometry":{"coordinates":[[[-118.6582,34.1328],[-118.65903,34.13396],[-118.66066,34.13394],[-118.66145,34.13276],[-118.66061,34.1316],[-118.65899,34.13162],[-118.6582,34.1328]]],"type":"Polygon"},"properties":{"bbox":{"roads":{"area":2244.73,"pct":3.84}},"city_same":1,"id":"hex:1542:14542"},"type":"Feature"},{"geometry":{"coordinates":[[[-118.65824,34.13514],[-118.65908,34.1363],[-118.6607,34.13628],[-118.66149,34.1351],[-118.66066,34.13394],[-118.65903,34.13396],[-118.65824,34.13514]]],"type":"Polygon"},"properties":{"bbox":{"roads":{"area":6396.29,"pct":10.94},"sidewalks":{"area":64.57,"pct":0.11}},"city_same":1,"id":"hex:1542:14543"},"type":"Feature"},{"geometry":{"coordinates":[[[-118.65829,34.13748],[-118.65912,34.13864],[-118.66075,34.13862],[-118.66154,34.13744],[-118.6607,34.13628],[-118.65908,34.1363],[-118.65829,34.13748]]],"type":"Polygon"},"properties":{"bbox":{"roads":{"area":5240.33,"pct":8.96},"sidewalks":{"area":364.55,"pct":0.62}},"city_same":1,"id":"hex:1542:14544"},"type":"Feature"},{"geometry":{"coordinates":[[[-118.65917,34.14099],[-118.65833,34.13983],[-118.65912,34.13864],[-118.66075,34.13862],[-118.66159,34.13978],[-118.66079,34.14096],[-118.66022,34.14097],[-118.66021,34.14096],[-118.66017,34.14094],[-118.66013,34.14094],[-118.66009,34.14095],[-118.66006,34.14097],[-118.66005,34.14097],[-118.65917,34.14099]]],"type":"Polygon"},"properties":{"bbox":{"roads":{"area":4918.36,"pct":8.42},"sidewalks":{"area":956.51,"pct":1.64}},"city_same":1,"id":"hex:1542:14545"},"type":"Feature"},{"geometry":{"coordinates":[[[[-118.66079,34.14096],[-118.66163,34.14212],[-118.66084,34.14331],[-118.65921,34.14333],[-118.65838,34.14217],[-118.65863,34.14179],[-118.65863,34.14179],[-118.65864,34.14181],[-118.65865,34.14182],[-118.65866,34.14184],[-118.65868,34.14185],[-118.6587,34.14186],[-118.65872,34.14188],[-118.65874,34.14189],[-118.65876,34.1419],[-118.65885,34.14193],[-118.6589,34.14195],[-118.65893,34.14196],[-118.65896,34.14197],[-118.65899,34.14198],[-118.65902,34.14198],[-118.65905,34.14198],[-118.65907,34.14199],[-118.65911,34.14198],[-118.65914,34.14197],[-118.65918,34.14195],[-118.65921,34.14194],[-118.65925,34.14193],[-118.65927,34.14192],[-118.65929,34.14191],[-118.65933,34.1419],[-118.65936,34.14189],[-118.6594,34.14188],[-118.65944,34.14187],[-118.65947,34.14186],[-118.65952,34.14185],[-118.65956,34.14182],[-118.65958,34.14181],[-118.65959,34.14179],[-118.6596,34.14177],[-118.6596,34.14174],[-118.6596,34.14172],[-118.65959,34.1417],[-118.65958,34.14168],[-118.65956,34.14166],[-118.65953,34.14164],[-118.65951,34.14164],[-118.65949,34.14165],[-118.65947,34.14166],[-118.65945,34.14169],[-118.65945,34.1417],[-118.65946,34.14171],[-118.65947,34.14173],[-118.65947,34.14174],[-118.65946,34.14176],[-118.65945,34.14177],[-118.65943,34.14178],[-118.65942,34.14179],[-118.6594,34.14178],[-118.65936,34.14179],[-118.65931,34.1418],[-118.65929,34.14181],[-118.65926,34.14182],[-118.65923,34.14183],[-118.6592,34.14184],[-118.65918,34.14185],[-118.65914,34.14187],[-118.65912,34.14187],[-118.65907,34.14188],[-118.65905,34.14188],[-118.65901,34.14187],[-118.65898,34.14187],[-118.65894,34.14185],[-118.65891,34.14183],[-118.65888,34.14181],[-118.65887,34.14178],[-118.65886,34.14176],[-118.65885,34.14175],[-118.65884,34.14172],[-118.65882,34.1417],[-118.65878,34.14169],[-118.65874,34.14169],[-118.6587,34.14169],[-118.65897,34.14128],[-118.65901,34.1413],[-118.65906,34.14131],[-118.6591,34.14132],[-118.65914,34.14131],[-118.6592,34.14132],[-118.65925,34.14133],[-118.65928,34.14135],[-118.65932,34.14138],[-118.65935,34.14138],[-118.65937,34.14139],[-118.65939,34.1414],[-118.65942,34.1414],[-118.65947,34.1414],[-118.65954,34.1414],[-118.65958,34.1414],[-118.65963,34.14139],[-118.65968,34.14138],[-118.6597,34.14138],[-118.65972,34.14139],[-118.65974,34.14143],[-118.65977,34.14146],[-118.65978,34.14147],[-118.65982,34.14148],[-118.65986,34.14149],[-118.65995,34.1415],[-118.66004,34.1415],[-118.66009,34.1415],[-118.66012,34.14149],[-118.66015,34.14148],[-118.66019,34.14146],[-118.66021,34.14144],[-118.66022,34.14142],[-118.66022,34.14138],[-118.6602,34.14134],[-118.6602,34.14129],[-118.6602,34.14125],[-118.66021,34.14123],[-118.66023,34.1412],[-118.66026,34.14114],[-118.66027,34.1411],[-118.66026,34.14104],[-118.66025,34.141],[-118.66022,34.14097],[-118.66079,34.14096]]],[[[-118.65917,34.14099],[-118.66005,34.14097],[-118.66003,34.14099],[-118.66002,34.14102],[-118.66002,34.14108],[-118.66002,34.14112],[-118.66001,34.14117],[-118.66,34.14119],[-118.65998,34.1412],[-118.65995,34.1412],[-118.65991,34.14117],[-118.65987,34.14116],[-118.65981,34.14114],[-118.65976,34.14113],[-118.65971,34.14115],[-118.65968,34.14117],[-118.65965,34.14119],[-118.65961,34.14119],[-118.65958,34.14119],[-118.65955,34.14117],[-118.65949,34.14115],[-118.65943,34.14114],[-118.6594,34.14115],[-118.65938,34.14117],[-118.65936,34.14119],[-118.65933,34.1412],[-118.65929,34.14121],[-118.65927,34.1412],[-118.65923,34.14117],[-118.65919,34.14114],[-118.65916,34.1411],[-118.65914,34.14106],[-118.65913,34.14104],[-118.65917,34.14099]]]],"type":"MultiPolygon"},"properties":{"bbox":{"parking":{"area":952.92,"pct":1.78},"roads":{"area":1021,"pct":1.91}},"city_same":1,"id":"hex:1542:14546"},"type":"Feature"},{"geometry":{"coordinates":[[[-118.65842,34.14451],[-118.65926,34.14567],[-118.66089,34.14565],[-118.66168,34.14447],[-118.66084,34.14331],[-118.65921,34.14333],[-118.65842,34.14451]]],"type":"Polygon"},"properties":{"bbox":{"parking":{"area":768.27,"pct":1.31},"roads":{"area":2147.53,"pct":3.67}},"city_same":1,"id":"hex:1542:14547"},"type":"Feature"},{"geometry":{"coordinates":[[[-118.65847,34.14685],[-118.65931,34.14801],[-118.66093,34.14799],[-118.66172,34.14681],[-118.66089,34.14565],[-118.65926,34.14567],[-118.65847,34.14685]]],"type":"Polygon"},"properties":{"bbox":{"roads":{"area":1535.18,"pct":2.63}},"city_same":1,"id":"hex:1542:14548"},"type":"Feature"},{"geometry":{"coordinates":[[[-118.65852,34.1492],[-118.65935,34.15036],[-118.66098,34.15033],[-118.66177,34.14915],[-118.66093,34.14799],[-118.65931,34.14801],[-118.65852,34.1492]]],"type":"Polygon"},"properties":{"bbox":{"parking":{"area":5038.24,"pct":8.62},"roads":{"area":3742.3,"pct":6.4},"sidewalks":{"area":168.82,"pct":0.29}},"city":{"parking":{"area":5038.24,"pct":8.62},"roads":{"area":3174.85,"pct":5.43},"sidewalks":{"area":168.82,"pct":0.29}},"id":"hex:1542:14549"},"type":"Feature"},{"geometry":{"coordinates":[[[-118.65935,34.15036],[-118.66098,34.15033],[-118.66118,34.15061],[-118.65869,34.15134],[-118.65935,34.15036]]],"type":"Polygon"},"properties":{"bbox":{"parking":{"area":2063.15,"pct":16.59},"roads":{"area":5626.33,"pct":45.23},"sidewalks":{"area":42.9,"pct":0.34}},"city":{"parking":{"area":2063.15,"pct":16.59},"roads":{"area":604.13,"pct":4.86},"sidewalks":{"area":42.9,"pct":0.34}},"id":"hex:1542:14550"},"type":"Feature"},{"geometry":{"coordinates":[[[-118.6556,34.12464],[-118.65643,34.1258],[-118.65806,34.12577],[-118.65885,34.12459],[-118.65801,34.12343],[-118.65639,34.12345],[-118.6556,34.12464]]],"type":"Polygon"},"properties":{"bbox":{"roads":{"area":1621.69,"pct":2.77}},"id":"hex:1543:14538"},"type":"Feature"},{"geometry":{"coordinates":[[[-118.65564,34.12698],[-118.65648,34.12814],[-118.6581,34.12812],[-118.65889,34.12693],[-118.65806,34.12577],[-118.65643,34.1258],[-118.65564,34.12698]]],"type":"Polygon"},"properties":{"bbox":{"roads":{"area":2359.34,"pct":4.04}},"city":{"roads":{"area":324.81,"pct":0.56}},"id":"hex:1543:14539"},"type":"Feature"},{"geometry":{"coordinates":[[[-118.65569,34.12932],[-118.65652,34.13048],[-118.65815,34.13046],[-118.65894,34.12928],[-118.6581,34.12812],[-118.65648,34.12814],[-118.65569,34.12932]]],"type":"Polygon"},"properties":{"bbox":{"roads":{"area":2963.87,"pct":5.07}},"city":{"roads":{"area":2200.19,"pct":3.76}},"id":"hex:1543:14540"},"type":"Feature"},{"geometry":{"coordinates":[[[-118.65578,34.134],[-118.65661,34.13516],[-118.65824,34.13514],[-118.65903,34.13396],[-118.6582,34.1328],[-118.65657,34.13282],[-118.65578,34.134]]],"type":"Polygon"},"properties":{"bbox":{"roads":{"area":1358.93,"pct":2.32}},"city_same":1,"id":"hex:1543:14542"},"type":"Feature"},{"geometry":{"coordinates":[[[-118.65582,34.13635],[-118.65666,34.13751],[-118.65829,34.13748],[-118.65908,34.1363],[-118.65824,34.13514],[-118.65661,34.13516],[-118.65582,34.13635]]],"type":"Polygon"},"properties":{"bbox":{"roads":{"area":3672.76,"pct":6.28}},"city_same":1,"id":"hex:1543:14543"},"type":"Feature"},{"geometry":{"coordinates":[[[-118.65587,34.13869],[-118.65671,34.13985],[-118.65833,34.13983],[-118.65912,34.13864],[-118.65829,34.13748],[-118.65666,34.13751],[-118.65587,34.13869]]],"type":"Polygon"},"properties":{"bbox":{"roads":{"area":7990.8,"pct":13.67},"sidewalks":{"area":1204.08,"pct":2.06}},"city_same":1,"id":"hex:1543:14544"},"type":"Feature"},{"geometry":{"coordinates":[[[-118.65838,34.14217],[-118.65675,34.14219],[-118.65592,34.14103],[-118.65671,34.13985],[-118.65833,34.13983],[-118.65917,34.14099],[-118.65913,34.14104],[-118.65913,34.14102],[-118.65912,34.14099],[-118.65911,34.14094],[-118.6591,34.14092],[-118.65907,34.14091],[-118.65903,34.14091],[-118.65895,34.14092],[-118.65882,34.14095],[-118.65853,34.14096],[-118.65846,34.14095],[-118.6584,34.14093],[-118.65834,34.14092],[-118.65822,34.14093],[-118.65812,34.14096],[-118.65801,34.14095],[-118.6579,34.14093],[-118.65777,34.14085],[-118.65769,34.1408],[-118.65756,34.14074],[-118.65749,34.14071],[-118.65742,34.14069],[-118.65737,34.14069],[-118.65726,34.14069],[-118.65715,34.14071],[-118.65708,34.14074],[-118.65706,34.14075],[-118.65706,34.14078],[-118.65706,34.14082],[-118.65708,34.14085],[-118.65723,34.14088],[-118.6573,34.14089],[-118.65739,34.14092],[-118.65745,34.14098],[-118.65747,34.14103],[-118.65751,34.14105],[-118.65761,34.14107],[-118.65771,34.14109],[-118.65782,34.14112],[-118.65793,34.14114],[-118.658,34.14115],[-118.65809,34.14118],[-118.65818,34.14122],[-118.65828,34.14123],[-118.65834,34.14123],[-118.65837,34.14122],[-118.65841,34.14122],[-118.65845,34.14121],[-118.65849,34.14119],[-118.65854,34.14118],[-118.65861,34.14115],[-118.65866,34.14112],[-118.65871,34.1411],[-118.65879,34.14107],[-118.65884,34.14103],[-118.65888,34.14103],[-118.65892,34.14106],[-118.65892,34.14107],[-118.65893,34.14114],[-118.65895,34.14123],[-118.65897,34.14127],[-118.65897,34.14128],[-118.6587,34.14169],[-118.6587,34.14169],[-118.65866,34.1417],[-118.65864,34.14171],[-118.65862,34.14172],[-118.65861,34.14175],[-118.65861,34.14177],[-118.65862,34.14178],[-118.65863,34.14179],[-118.65838,34.14217]]],"type":"Polygon"},"properties":{"bbox":{"roads":{"area":827.16,"pct":1.54},"sidewalks":{"area":135.28,"pct":0.25}},"city_same":1,"id":"hex:1543:14545"},"type":"Feature"},{"geometry":{"coordinates":[[[-118.65596,34.14337],[-118.6568,34.14453],[-118.65842,34.14451],[-118.65921,34.14333],[-118.65838,34.14217],[-118.65675,34.14219],[-118.65596,34.14337]]],"type":"Polygon"},"properties":{"bbox":{"parking":{"area":7969.93,"pct":13.63},"roads":{"area":3692.08,"pct":6.32}},"city_same":1,"id":"hex:1543:14546"},"type":"Feature"},{"geometry":{"coordinates":[[[-118.65601,34.14571],[-118.65684,34.14687],[-118.65847,34.14685],[-118.65926,34.14567],[-118.65842,34.14451],[-118.6568,34.14453],[-118.65601,34.14571]]],"type":"Polygon"},"properties":{"bbox":{"roads":{"area":2669.68,"pct":4.57}},"city_same":1,"id":"hex:1543:14547"},"type":"Feature"},{"geometry":{"coordinates":[[[-118.65605,34.14806],[-118.65689,34.14922],[-118.65852,34.1492],[-118.65931,34.14801],[-118.65847,34.14685],[-118.65684,34.14687],[-118.65605,34.14806]]],"type":"Polygon"},"properties":{"bbox":{"roads":{"area":1798.73,"pct":3.08}},"city_same":1,"id":"hex:1543:14548"},"type":"Feature"},{"geometry":{"coordinates":[[[-118.65693,34.15156],[-118.6561,34.1504],[-118.65689,34.14922],[-118.65852,34.1492],[-118.65935,34.15036],[-118.65869,34.15134],[-118.658,34.15154],[-118.65693,34.15156]]],"type":"Polygon"},"properties":{"bbox":{"parking":{"area":4983.24,"pct":8.61},"roads":{"area":7670.58,"pct":13.25},"sidewalks":{"area":136.12,"pct":0.24}},"city":{"parking":{"area":4983.24,"pct":8.61},"roads":{"area":1409.99,"pct":2.44},"sidewalks":{"area":136.12,"pct":0.24}},"id":"hex:1543:14549"},"type":"Feature"},{"geometry":{"coordinates":[[[-118.65693,34.15156],[-118.658,34.15154],[-118.65669,34.15193],[-118.65693,34.15156]]],"type":"Polygon"},"properties":{"bbox":{"roads":{"area":1067.44,"pct":53.6}},"id":"hex:1543:14550"},"type":"Feature"},{"geometry":{"coordinates":[[[-118.65309,34.12115],[-118.65392,34.12232],[-118.65555,34.12229],[-118.65634,34.12111],[-118.6555,34.11995],[-118.65388,34.11997],[-118.65309,34.12115]]],"type":"Polygon"},"properties":{"bbox":{"roads":{"area":659.97,"pct":1.13}},"city_same":1,"id":"hex:1544:14537"},"type":"Feature"},{"geometry":{"coordinates":[[[-118.65313,34.1235],[-118.65397,34.12466],[-118.6556,34.12464],[-118.65639,34.12345],[-118.65555,34.12229],[-118.65392,34.12232],[-118.65313,34.1235]]],"type":"Polygon"},"properties":{"bbox":{"roads":{"area":1186.71,"pct":2.03}},"city_same":1,"id":"hex:1544:14538"},"type":"Feature"},{"geometry":{"coordinates":[[[-118.65318,34.12584],[-118.65402,34.127],[-118.65564,34.12698],[-118.65643,34.1258],[-118.6556,34.12464],[-118.65397,34.12466],[-118.65318,34.12584]]],"type":"Polygon"},"properties":{"bbox":{"roads":{"area":1915.08,"pct":3.28}},"city_same":1,"id":"hex:1544:14539"},"type":"Feature"},{"geometry":{"coordinates":[[[-118.65323,34.12818],[-118.65406,34.12934],[-118.65569,34.12932],[-118.65648,34.12814],[-118.65564,34.12698],[-118.65402,34.127],[-118.65323,34.12818]]],"type":"Polygon"},"properties":{"bbox":{"roads":{"area":3983.36,"pct":6.81}},"city":{"roads":{"area":3325.59,"pct":5.69}},"id":"hex:1544:14540"},"type":"Feature"},{"geometry":{"coordinates":[[[-118.65327,34.13052],[-118.65411,34.13168],[-118.65573,34.13166],[-118.65652,34.13048],[-118.65569,34.12932],[-118.65406,34.12934],[-118.65327,34.13052]]],"type":"Polygon"},"properties":{"bbox":{"roads":{"area":3408.44,"pct":5.83}},"city":{"roads":{"area":1920.25,"pct":3.28}},"id":"hex:1544:14541"},"type":"Feature"},{"geometry":{"coordinates":[[[-118.65332,34.13287],[-118.65415,34.13403],[-118.65578,34.134],[-118.65657,34.13282],[-118.65573,34.13166],[-118.65411,34.13168],[-118.65332,34.13287]]],"type":"Polygon"},"properties":{"bbox":{"roads":{"area":857.97,"pct":1.47}},"city_same":1,"id":"hex:1544:14542"},"type":"Feature"},{"geometry":{"coordinates":[[[-118.65336,34.13521],[-118.6542,34.13637],[-118.65582,34.13635],[-118.65661,34.13516],[-118.65578,34.134],[-118.65415,34.13403],[-118.65336,34.13521]]],"type":"Polygon"},"properties":{"bbox":{"roads":{"area":5108.02,"pct":8.74}},"city_same":1,"id":"hex:1544:14543"},"type":"Feature"},{"geometry":{"coordinates":[[[-118.65341,34.13755],[-118.65424,34.13871],[-118.65587,34.13869],[-118.65666,34.13751],[-118.65582,34.13635],[-118.6542,34.13637],[-118.65341,34.13755]]],"type":"Polygon"},"properties":{"bbox":{"roads":{"area":2872.24,"pct":4.91}},"city_same":1,"id":"hex:1544:14544"},"type":"Feature"},{"geometry":{"coordinates":[[[-118.65345,34.13989],[-118.65429,34.14105],[-118.65592,34.14103],[-118.65671,34.13985],[-118.65587,34.13869],[-118.65424,34.13871],[-118.65345,34.13989]]],"type":"Polygon"},"properties":{"bbox":{"parking":{"area":1888.81,"pct":3.23},"roads":{"area":8013.79,"pct":13.71},"sidewalks":{"area":875.89,"pct":1.5}},"city_same":1,"id":"hex:1544:14545"},"type":"Feature"},{"geometry":{"coordinates":[[[-118.6535,34.14223],[-118.65434,34.14339],[-118.65596,34.14337],[-118.65675,34.14219],[-118.65592,34.14103],[-118.65429,34.14105],[-118.6535,34.14223]]],"type":"Polygon"},"properties":{"bbox":{"roads":{"area":2387.85,"pct":4.08},"sidewalks":{"area":728.47,"pct":1.25}},"city_same":1,"id":"hex:1544:14546"},"type":"Feature"},{"geometry":{"coordinates":[[[-118.65354,34.14458],[-118.65438,34.14574],[-118.65601,34.14571],[-118.6568,34.14453],[-118.65596,34.14337],[-118.65434,34.14339],[-118.65354,34.14458]]],"type":"Polygon"},"properties":{"bbox":{"roads":{"area":2961.89,"pct":5.07},"sidewalks":{"area":109.72,"pct":0.19}},"city_same":1,"id":"hex:1544:14547"},"type":"Feature"},{"geometry":{"coordinates":[[[-118.65359,34.14692],[-118.65443,34.14808],[-118.65605,34.14806],[-118.65684,34.14687],[-118.65601,34.14571],[-118.65438,34.14574],[-118.65359,34.14692]]],"type":"Polygon"},"properties":{"bbox":{"roads":{"area":1630.8,"pct":2.79}},"city_same":1,"id":"hex:1544:14548"},"type":"Feature"},{"geometry":{"coordinates":[[[-118.65364,34.14926],[-118.65447,34.15042],[-118.6561,34.1504],[-118.65689,34.14922],[-118.65605,34.14806],[-118.65443,34.14808],[-118.65364,34.14926]]],"type":"Polygon"},"properties":{"bbox":{"roads":{"area":1636.62,"pct":2.8}},"city_same":1,"id":"hex:1544:14549"},"type":"Feature"},{"geometry":{"coordinates":[[[-118.65368,34.1516],[-118.65447,34.15042],[-118.6561,34.1504],[-118.65693,34.15156],[-118.65669,34.15193],[-118.6544,34.1526],[-118.65368,34.1516]]],"type":"Polygon"},"properties":{"bbox":{"parking":{"area":1731.89,"pct":3.5},"roads":{"area":9463.65,"pct":19.14},"sidewalks":{"area":261.19,"pct":0.53}},"city":{"parking":{"area":1731.89,"pct":3.5},"roads":{"area":727.3,"pct":1.47},"sidewalks":{"area":261.19,"pct":0.53}},"id":"hex:1544:14550"},"type":"Feature"},{"geometry":{"coordinates":[[[-118.65067,34.12236],[-118.65151,34.12352],[-118.65313,34.1235],[-118.65392,34.12232],[-118.65309,34.12115],[-118.65146,34.12118],[-118.65067,34.12236]]],"type":"Polygon"},"properties":{"bbox":{"roads":{"area":1154.81,"pct":1.98}},"city_same":1,"id":"hex:1545:14537"},"type":"Feature"},{"geometry":{"coordinates":[[[-118.65072,34.1247],[-118.65155,34.12586],[-118.65318,34.12584],[-118.65397,34.12466],[-118.65313,34.1235],[-118.65151,34.12352],[-118.65072,34.1247]]],"type":"Polygon"},"properties":{"bbox":{"roads":{"area":2222.3,"pct":3.8}},"city_same":1,"id":"hex:1545:14538"},"type":"Feature"},{"geometry":{"coordinates":[[[-118.65076,34.12704],[-118.6516,34.1282],[-118.65323,34.12818],[-118.65402,34.127],[-118.65318,34.12584],[-118.65155,34.12586],[-118.65076,34.12704]]],"type":"Polygon"},"properties":{"bbox":{"roads":{"area":2703.88,"pct":4.63}},"city_same":1,"id":"hex:1545:14539"},"type":"Feature"},{"geometry":{"coordinates":[[[-118.65081,34.12939],[-118.65165,34.13055],[-118.65327,34.13052],[-118.65406,34.12934],[-118.65323,34.12818],[-118.6516,34.1282],[-118.65081,34.12939]]],"type":"Polygon"},"properties":{"bbox":{"roads":{"area":2495.59,"pct":4.27}},"city":{"roads":{"area":1147.55,"pct":1.96}},"id":"hex:1545:14540"},"type":"Feature"},{"geometry":{"coordinates":[[[-118.65085,34.13173],[-118.65169,34.13289],[-118.65332,34.13287],[-118.65411,34.13168],[-118.65327,34.13052],[-118.65165,34.13055],[-118.65085,34.13173]]],"type":"Polygon"},"properties":{"bbox":{"roads":{"area":316.25,"pct":0.54}},"city_same":1,"id":"hex:1545:14541"},"type":"Feature"},{"geometry":{"coordinates":[[[-118.6509,34.13407],[-118.65174,34.13523],[-118.65336,34.13521],[-118.65415,34.13403],[-118.65332,34.13287],[-118.65169,34.13289],[-118.6509,34.13407]]],"type":"Polygon"},"properties":{"bbox":{"roads":{"area":1823.54,"pct":3.12}},"city_same":1,"id":"hex:1545:14542"},"type":"Feature"},{"geometry":{"coordinates":[[[-118.65095,34.13641],[-118.65178,34.13757],[-118.65341,34.13755],[-118.6542,34.13637],[-118.65336,34.13521],[-118.65174,34.13523],[-118.65095,34.13641]]],"type":"Polygon"},"properties":{"bbox":{"roads":{"area":4305.09,"pct":7.36}},"city_same":1,"id":"hex:1545:14543"},"type":"Feature"},{"geometry":{"coordinates":[[[-118.65099,34.13875],[-118.65183,34.13991],[-118.65345,34.13989],[-118.65424,34.13871],[-118.65341,34.13755],[-118.65178,34.13757],[-118.65099,34.13875]]],"type":"Polygon"},"properties":{"bbox":{"roads":{"area":6362.07,"pct":10.88},"sidewalks":{"area":460.24,"pct":0.79}},"city_same":1,"id":"hex:1545:14544"},"type":"Feature"},{"geometry":{"coordinates":[[[-118.65104,34.1411],[-118.65187,34.14226],[-118.6535,34.14223],[-118.65429,34.14105],[-118.65345,34.13989],[-118.65183,34.13991],[-118.65104,34.1411]]],"type":"Polygon"},"properties":{"bbox":{"parking":{"area":1990.85,"pct":3.41},"roads":{"area":3106.07,"pct":5.31},"sidewalks":{"area":389.53,"pct":0.67}},"city_same":1,"id":"hex:1545:14545"},"type":"Feature"},{"geometry":{"coordinates":[[[-118.65108,34.14344],[-118.65192,34.1446],[-118.65354,34.14458],[-118.65434,34.14339],[-118.6535,34.14223],[-118.65187,34.14226],[-118.65108,34.14344]]],"type":"Polygon"},"properties":{"bbox":{"roads":{"area":3322.26,"pct":5.68},"sidewalks":{"area":310.84,"pct":0.53}},"city_same":1,"id":"hex:1545:14546"},"type":"Feature"},{"geometry":{"coordinates":[[[-118.65113,34.14578],[-118.65196,34.14694],[-118.65359,34.14692],[-118.65438,34.14574],[-118.65354,34.14458],[-118.65192,34.1446],[-118.65113,34.14578]]],"type":"Polygon"},"properties":{"bbox":{"roads":{"area":1974.51,"pct":3.38}},"city_same":1,"id":"hex:1545:14547"},"type":"Feature"},{"geometry":{"coordinates":[[[-118.65117,34.14812],[-118.65201,34.14928],[-118.65364,34.14926],[-118.65443,34.14808],[-118.65359,34.14692],[-118.65196,34.14694],[-118.65117,34.14812]]],"type":"Polygon"},"properties":{"bbox":{"roads":{"area":5519.24,"pct":9.44}},"city_same":1,"id":"hex:1545:14548"},"type":"Feature"},{"geometry":{"coordinates":[[[-118.65122,34.15046],[-118.65206,34.15162],[-118.65368,34.1516],[-118.65447,34.15042],[-118.65364,34.14926],[-118.65201,34.14928],[-118.65122,34.15046]]],"type":"Polygon"},"properties":{"bbox":{"roads":{"area":116.12,"pct":0.2}},"city":{"roads":{"area":112.04,"pct":0.19}},"id":"hex:1545:14549"},"type":"Feature"},{"geometry":{"coordinates":[[[-118.65126,34.15281],[-118.65206,34.15162],[-118.65368,34.1516],[-118.6544,34.1526],[-118.65347,34.15287],[-118.65235,34.15329],[-118.65179,34.15354],[-118.65126,34.15281]]],"type":"Polygon"},"properties":{"bbox":{"parking":{"area":5531.06,"pct":14.67},"roads":{"area":10944.33,"pct":29.03},"sidewalks":{"area":621.4,"pct":1.65}},"city":{"parking":{"area":5531.06,"pct":14.67},"roads":{"area":2130.6,"pct":5.65},"sidewalks":{"area":621.4,"pct":1.65}},"id":"hex:1545:14550"},"type":"Feature"},{"geometry":{"coordinates":[[[-118.65072,34.1247],[-118.65155,34.12586],[-118.65076,34.12704],[-118.65012,34.12705],[-118.65015,34.12535],[-118.65016,34.12471],[-118.65072,34.1247]]],"type":"Polygon"},"properties":{"bbox":{"roads":{"area":288.25,"pct":1.19}},"city_same":1,"id":"hex:1546:14539"},"type":"Feature"},{"geometry":{"coordinates":[[[-118.65076,34.12704],[-118.6516,34.1282],[-118.65081,34.12939],[-118.64918,34.12941],[-118.64894,34.12907],[-118.65007,34.12908],[-118.65011,34.12747],[-118.65012,34.12705],[-118.65076,34.12704]]],"type":"Polygon"},"properties":{"bbox":{"roads":{"area":0.26,"pct":0}},"city_same":1,"id":"hex:1546:14540"},"type":"Feature"},{"geometry":{"coordinates":[[[-118.64839,34.13059],[-118.64923,34.13175],[-118.65085,34.13173],[-118.65165,34.13055],[-118.65081,34.12939],[-118.64918,34.12941],[-118.64839,34.13059]]],"type":"Polygon"},"properties":{"bbox":{"roads":{"area":3427.09,"pct":5.86}},"city":{"roads":{"area":1287.16,"pct":2.2}},"id":"hex:1546:14541"},"type":"Feature"},{"geometry":{"coordinates":[[[-118.64844,34.13293],[-118.64927,34.13409],[-118.6509,34.13407],[-118.65169,34.13289],[-118.65085,34.13173],[-118.64923,34.13175],[-118.64844,34.13293]]],"type":"Polygon"},"properties":{"bbox":{"roads":{"area":1699.86,"pct":2.91}},"city_same":1,"id":"hex:1546:14542"},"type":"Feature"},{"geometry":{"coordinates":[[[-118.64848,34.13527],[-118.64932,34.13643],[-118.65095,34.13641],[-118.65174,34.13523],[-118.6509,34.13407],[-118.64927,34.13409],[-118.64848,34.13527]]],"type":"Polygon"},"properties":{"bbox":{"roads":{"area":1693.22,"pct":2.9}},"city_same":1,"id":"hex:1546:14543"},"type":"Feature"},{"geometry":{"coordinates":[[[-118.64853,34.13762],[-118.64937,34.13878],[-118.65099,34.13875],[-118.65178,34.13757],[-118.65095,34.13641],[-118.64932,34.13643],[-118.64853,34.13762]]],"type":"Polygon"},"properties":{"bbox":{"roads":{"area":1287.16,"pct":2.2}},"city_same":1,"id":"hex:1546:14544"},"type":"Feature"},{"geometry":{"coordinates":[[[-118.64867,34.14464],[-118.6495,34.1458],[-118.65113,34.14578],[-118.65192,34.1446],[-118.65108,34.14344],[-118.64946,34.14346],[-118.64867,34.14464]]],"type":"Polygon"},"properties":{"bbox":{"roads":{"area":3857.7,"pct":6.6},"sidewalks":{"area":391.91,"pct":0.67}},"city_same":1,"id":"hex:1546:14547"},"type":"Feature"},{"geometry":{"coordinates":[[[-118.64871,34.14698],[-118.64955,34.14814],[-118.65117,34.14812],[-118.65196,34.14694],[-118.65113,34.14578],[-118.6495,34.1458],[-118.64871,34.14698]]],"type":"Polygon"},"properties":{"bbox":{"roads":{"area":2671.13,"pct":4.57}},"city_same":1,"id":"hex:1546:14548"},"type":"Feature"},{"geometry":{"coordinates":[[[-118.64876,34.14933],[-118.64959,34.15049],[-118.65122,34.15046],[-118.65201,34.14928],[-118.65117,34.14812],[-118.64955,34.14814],[-118.64876,34.14933]]],"type":"Polygon"},"properties":{"bbox":{"roads":{"area":546.89,"pct":0.94}},"city_same":1,"id":"hex:1546:14549"},"type":"Feature"},{"geometry":{"coordinates":[[[-118.6488,34.15167],[-118.64964,34.15283],[-118.65126,34.15281],[-118.65206,34.15162],[-118.65122,34.15046],[-118.64959,34.15049],[-118.6488,34.15167]]],"type":"Polygon"},"properties":{"bbox":{"parking":{"area":11202.02,"pct":19.16},"roads":{"area":11665.07,"pct":19.96},"sidewalks":{"area":1060.95,"pct":1.81}},"city":{"parking":{"area":11202.02,"pct":19.16},"roads":{"area":9113.09,"pct":15.59},"sidewalks":{"area":1060.95,"pct":1.81}},"id":"hex:1546:14550"},"type":"Feature"},{"geometry":{"coordinates":[[[-118.64885,34.15401],[-118.64964,34.15283],[-118.65126,34.15281],[-118.65179,34.15354],[-118.6493,34.15463],[-118.64885,34.15401]]],"type":"Polygon"},"properties":{"bbox":{"parking":{"area":1007.94,"pct":3.11},"roads":{"area":9932.32,"pct":30.63},"sidewalks":{"area":254,"pct":0.78}},"city":{"parking":{"area":1007.94,"pct":3.11},"roads":{"area":2752.89,"pct":8.49},"sidewalks":{"area":254,"pct":0.78}},"id":"hex:1546:14551"},"type":"Feature"},{"geometry":{"coordinates":[[[-118.64918,34.12941],[-118.64839,34.13059],[-118.64677,34.13061],[-118.64593,34.12945],[-118.64619,34.12906],[-118.64744,34.12907],[-118.64769,34.12907],[-118.64894,34.12907],[-118.64918,34.12941]]],"type":"Polygon"},"properties":{"bbox":{"roads":{"area":3812.02,"pct":9.45}},"city_same":1,"id":"hex:1547:14540"},"type":"Feature"},{"geometry":{"coordinates":[[[-118.64598,34.13179],[-118.64681,34.13295],[-118.64844,34.13293],[-118.64923,34.13175],[-118.64839,34.13059],[-118.64677,34.13061],[-118.64598,34.13179]]],"type":"Polygon"},"properties":{"bbox":{"roads":{"area":6889.25,"pct":11.79}},"city":{"roads":{"area":5298.6,"pct":9.06}},"id":"hex:1547:14541"},"type":"Feature"},{"geometry":{"coordinates":[[[-118.64602,34.13414],[-118.64686,34.1353],[-118.64848,34.13527],[-118.64927,34.13409],[-118.64844,34.13293],[-118.64681,34.13295],[-118.64602,34.13414]]],"type":"Polygon"},"properties":{"bbox":{"roads":{"area":6879.65,"pct":11.77}},"city":{"roads":{"area":5352.23,"pct":9.16}},"id":"hex:1547:14542"},"type":"Feature"},{"geometry":{"coordinates":[[[-118.64607,34.13648],[-118.6469,34.13764],[-118.64853,34.13762],[-118.64932,34.13643],[-118.64848,34.13527],[-118.64686,34.1353],[-118.64607,34.13648]]],"type":"Polygon"},"properties":{"bbox":{"roads":{"area":2039.72,"pct":3.49}},"city_same":1,"id":"hex:1547:14543"},"type":"Feature"},{"geometry":{"coordinates":[[[-118.64611,34.13882],[-118.64695,34.13998],[-118.64857,34.13996],[-118.64937,34.13878],[-118.64853,34.13762],[-118.6469,34.13764],[-118.64611,34.13882]]],"type":"Polygon"},"properties":{"bbox":{"roads":{"area":411.91,"pct":0.7}},"city_same":1,"id":"hex:1547:14544"},"type":"Feature"},{"geometry":{"coordinates":[[[-118.64616,34.14116],[-118.64699,34.14232],[-118.64862,34.1423],[-118.64941,34.14112],[-118.64857,34.13996],[-118.64695,34.13998],[-118.64616,34.14116]]],"type":"Polygon"},"properties":{"bbox":{"roads":{"area":207.92,"pct":0.36}},"city_same":1,"id":"hex:1547:14545"},"type":"Feature"},{"geometry":{"coordinates":[[[-118.6462,34.1435],[-118.64704,34.14466],[-118.64867,34.14464],[-118.64946,34.14346],[-118.64862,34.1423],[-118.64699,34.14232],[-118.6462,34.1435]]],"type":"Polygon"},"properties":{"bbox":{"roads":{"area":969.03,"pct":1.66}},"city_same":1,"id":"hex:1547:14546"},"type":"Feature"},{"geometry":{"coordinates":[[[-118.64625,34.14585],[-118.64708,34.14701],[-118.64871,34.14698],[-118.6495,34.1458],[-118.64867,34.14464],[-118.64704,34.14466],[-118.64625,34.14585]]],"type":"Polygon"},"properties":{"bbox":{"roads":{"area":4232.87,"pct":7.24},"sidewalks":{"area":426.91,"pct":0.73}},"city_same":1,"id":"hex:1547:14547"},"type":"Feature"},{"geometry":{"coordinates":[[[-118.64629,34.14819],[-118.64713,34.14935],[-118.64876,34.14933],[-118.64955,34.14814],[-118.64871,34.14698],[-118.64708,34.14701],[-118.64629,34.14819]]],"type":"Polygon"},"properties":{"bbox":{"roads":{"area":5315.42,"pct":9.09},"sidewalks":{"area":284.91,"pct":0.49}},"city_same":1,"id":"hex:1547:14548"},"type":"Feature"},{"geometry":{"coordinates":[[[-118.64634,34.15053],[-118.64718,34.15169],[-118.6488,34.15167],[-118.64959,34.15049],[-118.64876,34.14933],[-118.64713,34.14935],[-118.64634,34.15053]]],"type":"Polygon"},"properties":{"bbox":{"parking":{"area":2682.31,"pct":4.59},"roads":{"area":6049.61,"pct":10.35},"sidewalks":{"area":742.61,"pct":1.27}},"city_same":1,"id":"hex:1547:14549"},"type":"Feature"},{"geometry":{"coordinates":[[[-118.64639,34.15287],[-118.64722,34.15403],[-118.64885,34.15401],[-118.64964,34.15283],[-118.6488,34.15167],[-118.64718,34.15169],[-118.64639,34.15287]]],"type":"Polygon"},"properties":{"bbox":{"parking":{"area":24544.42,"pct":41.99},"roads":{"area":9965.83,"pct":17.05},"sidewalks":{"area":1511.22,"pct":2.59}},"city":{"parking":{"area":24544.42,"pct":41.99},"roads":{"area":6712.83,"pct":11.48},"sidewalks":{"area":1511.22,"pct":2.59}},"id":"hex:1547:14550"},"type":"Feature"},{"geometry":{"coordinates":[[[-118.64643,34.15521],[-118.64722,34.15403],[-118.64885,34.15401],[-118.6493,34.15463],[-118.6468,34.15573],[-118.64643,34.15521]]],"type":"Polygon"},"properties":{"bbox":{"parking":{"area":11021.28,"pct":38.3},"roads":{"area":7344.83,"pct":25.52},"sidewalks":{"area":123.96,"pct":0.43}},"city":{"parking":{"area":11021.28,"pct":38.3},"roads":{"area":2381.73,"pct":8.28},"sidewalks":{"area":123.96,"pct":0.43}},"id":"hex:1547:14551"},"type":"Feature"},{"geometry":{"coordinates":[[[-118.64593,34.12945],[-118.6443,34.12947],[-118.64347,34.12831],[-118.64426,34.12713],[-118.64495,34.12712],[-118.64497,34.12906],[-118.64619,34.12906],[-118.64593,34.12945]]],"type":"Polygon"},"properties":{"bbox":{"roads":{"area":1369.17,"pct":4.5}},"city_same":1,"id":"hex:1548:14540"},"type":"Feature"},{"geometry":{"coordinates":[[[-118.64351,34.13065],[-118.64435,34.13181],[-118.64598,34.13179],[-118.64677,34.13061],[-118.64593,34.12945],[-118.6443,34.12947],[-118.64351,34.13065]]],"type":"Polygon"},"properties":{"bbox":{"roads":{"area":8875.92,"pct":15.18}},"city_same":1,"id":"hex:1548:14541"},"type":"Feature"},{"geometry":{"coordinates":[[[-118.64356,34.133],[-118.6444,34.13416],[-118.64602,34.13414],[-118.64681,34.13295],[-118.64598,34.13179],[-118.64435,34.13181],[-118.64356,34.133]]],"type":"Polygon"},"properties":{"bbox":{"roads":{"area":2135.7,"pct":3.65}},"city_same":1,"id":"hex:1548:14542"},"type":"Feature"},{"geometry":{"coordinates":[[[-118.64361,34.13534],[-118.64444,34.1365],[-118.64607,34.13648],[-118.64686,34.1353],[-118.64602,34.13414],[-118.6444,34.13416],[-118.64361,34.13534]]],"type":"Polygon"},"properties":{"bbox":{"roads":{"area":5183.3,"pct":8.87}},"city":{"roads":{"area":3163.26,"pct":5.41}},"id":"hex:1548:14543"},"type":"Feature"},{"geometry":{"coordinates":[[[-118.64365,34.13768],[-118.64449,34.13884],[-118.64611,34.13882],[-118.6469,34.13764],[-118.64607,34.13648],[-118.64444,34.1365],[-118.64365,34.13768]]],"type":"Polygon"},"properties":{"bbox":{"roads":{"area":1386.4,"pct":2.37}},"city_same":1,"id":"hex:1548:14544"},"type":"Feature"},{"geometry":{"coordinates":[[[-118.6437,34.14002],[-118.64453,34.14118],[-118.64616,34.14116],[-118.64695,34.13998],[-118.64611,34.13882],[-118.64449,34.13884],[-118.6437,34.14002]]],"type":"Polygon"},"properties":{"bbox":{"roads":{"area":684.98,"pct":1.17}},"city_same":1,"id":"hex:1548:14545"},"type":"Feature"},{"geometry":{"coordinates":[[[-118.64374,34.14237],[-118.64458,34.14353],[-118.6462,34.1435],[-118.64699,34.14232],[-118.64616,34.14116],[-118.64453,34.14118],[-118.64374,34.14237]]],"type":"Polygon"},"properties":{"bbox":{"roads":{"area":1601.85,"pct":2.74}},"city_same":1,"id":"hex:1548:14546"},"type":"Feature"},{"geometry":{"coordinates":[[[-118.64379,34.14471],[-118.64462,34.14587],[-118.64625,34.14585],[-118.64704,34.14466],[-118.6462,34.1435],[-118.64458,34.14353],[-118.64379,34.14471]]],"type":"Polygon"},"properties":{"bbox":{"roads":{"area":3640.54,"pct":6.23}},"city_same":1,"id":"hex:1548:14547"},"type":"Feature"},{"geometry":{"coordinates":[[[-118.64383,34.14705],[-118.64467,34.14821],[-118.64629,34.14819],[-118.64708,34.14701],[-118.64625,34.14585],[-118.64462,34.14587],[-118.64383,34.14705]]],"type":"Polygon"},"properties":{"bbox":{"roads":{"area":912.58,"pct":1.56},"sidewalks":{"area":159.97,"pct":0.27}},"city_same":1,"id":"hex:1548:14548"},"type":"Feature"},{"geometry":{"coordinates":[[[-118.64388,34.14939],[-118.64471,34.15055],[-118.64634,34.15053],[-118.64713,34.14935],[-118.64629,34.14819],[-118.64467,34.14821],[-118.64388,34.14939]]],"type":"Polygon"},"properties":{"bbox":{"parking":{"area":2646.43,"pct":4.53},"roads":{"area":4987.92,"pct":8.53},"sidewalks":{"area":356.96,"pct":0.61}},"city_same":1,"id":"hex:1548:14549"},"type":"Feature"},{"geometry":{"coordinates":[[[-118.64392,34.15173],[-118.64476,34.15289],[-118.64639,34.15287],[-118.64718,34.15169],[-118.64634,34.15053],[-118.64471,34.15055],[-118.64392,34.15173]]],"type":"Polygon"},"properties":{"bbox":{"parking":{"area":1185.55,"pct":2.03},"roads":{"area":2471.5,"pct":4.23},"sidewalks":{"area":101.97,"pct":0.17}},"city_same":1,"id":"hex:1548:14550"},"type":"Feature"},{"geometry":{"coordinates":[[[-118.64476,34.15289],[-118.64639,34.15287],[-118.64722,34.15403],[-118.64643,34.15521],[-118.6448,34.15524],[-118.64397,34.15408],[-118.64476,34.15289]],[[-118.6463,34.15334],[-118.64626,34.15337],[-118.64625,34.15339],[-118.64627,34.15342],[-118.64635,34.15341],[-118.64637,34.15345],[-118.64644,34.15346],[-118.64642,34.1534],[-118.64638,34.15336],[-118.64635,34.15335],[-118.64633,34.15331],[-118.64631,34.15331],[-118.6463,34.15334]],[[-118.64646,34.15354],[-118.64644,34.15349],[-118.64638,34.15348],[-118.64636,34.15348],[-118.64636,34.15356],[-118.64644,34.15368],[-118.64647,34.15369],[-118.64649,34.15368],[-118.6465,34.15368],[-118.64651,34.15368],[-118.64652,34.15367],[-118.64653,34.15368],[-118.64655,34.15368],[-118.64657,34.15365],[-118.64657,34.15364],[-118.64648,34.15357],[-118.64646,34.15354]]],"type":"Polygon"},"properties":{"bbox":{"parking":{"area":25902.3,"pct":44.59},"roads":{"area":10447.06,"pct":17.99},"sidewalks":{"area":767.15,"pct":1.32}},"city":{"parking":{"area":25902.3,"pct":44.59},"roads":{"area":6499.61,"pct":11.19},"sidewalks":{"area":767.15,"pct":1.32}},"id":"hex:1548:14551"},"type":"Feature"},{"geometry":{"coordinates":[[[-118.64401,34.15642],[-118.6448,34.15524],[-118.64643,34.15521],[-118.6468,34.15573],[-118.6443,34.15682],[-118.64401,34.15642]]],"type":"Polygon"},"properties":{"bbox":{"parking":{"area":9970.64,"pct":39.68},"roads":{"area":6570.7,"pct":26.15},"sidewalks":{"area":45.45,"pct":0.18}},"city":{"parking":{"area":9970.64,"pct":39.68},"roads":{"area":2100.38,"pct":8.36},"sidewalks":{"area":45.45,"pct":0.18}},"id":"hex:1548:14552"},"type":"Feature"},{"geometry":{"coordinates":[[[-118.64342,34.12597],[-118.6418,34.12599],[-118.64131,34.12531],[-118.64386,34.12532],[-118.64342,34.12597]]],"type":"Polygon"},"properties":{"bbox":{"roads":{"area":382.16,"pct":2.7}},"id":"hex:1549:14538"},"type":"Feature"},{"geometry":{"coordinates":[[[-118.64101,34.12717],[-118.64184,34.12833],[-118.64347,34.12831],[-118.64426,34.12713],[-118.64342,34.12597],[-118.6418,34.12599],[-118.64101,34.12717]]],"type":"Polygon"},"properties":{"bbox":{"roads":{"area":2088.28,"pct":3.57}},"city":{"roads":{"area":1630.95,"pct":2.79}},"id":"hex:1549:14539"},"type":"Feature"},{"geometry":{"coordinates":[[[-118.64105,34.12952],[-118.64189,34.13068],[-118.64351,34.13065],[-118.6443,34.12947],[-118.64347,34.12831],[-118.64184,34.12833],[-118.64105,34.12952]]],"type":"Polygon"},"properties":{"bbox":{"roads":{"area":6422.19,"pct":10.99}},"city_same":1,"id":"hex:1549:14540"},"type":"Feature"},{"geometry":{"coordinates":[[[-118.6411,34.13186],[-118.64193,34.13302],[-118.64356,34.133],[-118.64435,34.13181],[-118.64351,34.13065],[-118.64189,34.13068],[-118.6411,34.13186]]],"type":"Polygon"},"properties":{"bbox":{"roads":{"area":2059.08,"pct":3.52}},"city_same":1,"id":"hex:1549:14541"},"type":"Feature"},{"geometry":{"coordinates":[[[-118.64114,34.1342],[-118.64198,34.13536],[-118.64361,34.13534],[-118.6444,34.13416],[-118.64356,34.133],[-118.64193,34.13302],[-118.64114,34.1342]]],"type":"Polygon"},"properties":{"bbox":{"roads":{"area":3285.68,"pct":5.62}},"city_same":1,"id":"hex:1549:14542"},"type":"Feature"},{"geometry":{"coordinates":[[[-118.64119,34.13654],[-118.64202,34.1377],[-118.64365,34.13768],[-118.64444,34.1365],[-118.64361,34.13534],[-118.64198,34.13536],[-118.64119,34.13654]]],"type":"Polygon"},"properties":{"bbox":{"parking":{"area":5543.98,"pct":9.48},"roads":{"area":5941.97,"pct":10.16}},"city":{"parking":{"area":5543.98,"pct":9.48},"roads":{"area":3948.47,"pct":6.75}},"id":"hex:1549:14543"},"type":"Feature"},{"geometry":{"coordinates":[[[-118.64128,34.14123],[-118.64211,34.14239],[-118.64374,34.14237],[-118.64453,34.14118],[-118.6437,34.14002],[-118.64207,34.14005],[-118.64128,34.14123]]],"type":"Polygon"},"properties":{"bbox":{"roads":{"area":42.07,"pct":0.07}},"city_same":1,"id":"hex:1549:14545"},"type":"Feature"},{"geometry":{"coordinates":[[[-118.64132,34.14357],[-118.64216,34.14473],[-118.64379,34.14471],[-118.64458,34.14353],[-118.64374,34.14237],[-118.64211,34.14239],[-118.64132,34.14357]]],"type":"Polygon"},"properties":{"bbox":{"roads":{"area":975.88,"pct":1.67}},"city_same":1,"id":"hex:1549:14546"},"type":"Feature"},{"geometry":{"coordinates":[[[-118.64137,34.14591],[-118.64221,34.14707],[-118.64383,34.14705],[-118.64462,34.14587],[-118.64379,34.14471],[-118.64216,34.14473],[-118.64137,34.14591]]],"type":"Polygon"},"properties":{"bbox":{"roads":{"area":5067.06,"pct":8.67},"sidewalks":{"area":628.89,"pct":1.08}},"city_same":1,"id":"hex:1549:14547"},"type":"Feature"},{"geometry":{"coordinates":[[[-118.64142,34.14825],[-118.64225,34.14941],[-118.64388,34.14939],[-118.64467,34.14821],[-118.64383,34.14705],[-118.64221,34.14707],[-118.64142,34.14825]]],"type":"Polygon"},"properties":{"bbox":{"roads":{"area":3656.29,"pct":6.25},"sidewalks":{"area":1022.95,"pct":1.75}},"city_same":1,"id":"hex:1549:14548"},"type":"Feature"},{"geometry":{"coordinates":[[[-118.64146,34.1506],[-118.6423,34.15176],[-118.64392,34.15173],[-118.64471,34.15055],[-118.64388,34.14939],[-118.64225,34.14941],[-118.64146,34.1506]]],"type":"Polygon"},"properties":{"bbox":{"parking":{"area":635.61,"pct":1.09},"roads":{"area":5900.54,"pct":10.09},"sidewalks":{"area":789.27,"pct":1.35}},"city_same":1,"id":"hex:1549:14549"},"type":"Feature"},{"geometry":{"coordinates":[[[-118.64151,34.15294],[-118.64234,34.1541],[-118.64397,34.15408],[-118.64476,34.15289],[-118.64392,34.15173],[-118.6423,34.15176],[-118.64151,34.15294]]],"type":"Polygon"},"properties":{"bbox":{"parking":{"area":657.73,"pct":1.13},"roads":{"area":6558.46,"pct":11.22},"sidewalks":{"area":411.75,"pct":0.7}},"city_same":1,"id":"hex:1549:14550"},"type":"Feature"},{"geometry":{"coordinates":[[[-118.64234,34.1541],[-118.64397,34.15408],[-118.6448,34.15524],[-118.64401,34.15642],[-118.64239,34.15644],[-118.64155,34.15528],[-118.64234,34.1541]],[[-118.64302,34.15577],[-118.64304,34.15575],[-118.64304,34.15575],[-118.64304,34.15574],[-118.64302,34.15572],[-118.64302,34.15571],[-118.64301,34.15571],[-118.643,34.15571],[-118.64299,34.15572],[-118.64297,34.15573],[-118.64296,34.15574],[-118.64296,34.15574],[-118.64298,34.15576],[-118.64299,34.15576],[-118.64301,34.15577],[-118.64302,34.15577]],[[-118.64308,34.1554],[-118.64311,34.15538],[-118.64313,34.15537],[-118.64312,34.15533],[-118.64313,34.15531],[-118.64315,34.15527],[-118.64313,34.15526],[-118.6431,34.15532],[-118.64308,34.15535],[-118.64306,34.15536],[-118.64303,34.15536],[-118.64301,34.15536],[-118.64298,34.15537],[-118.64297,34.15538],[-118.64298,34.1554],[-118.64302,34.15541],[-118.64308,34.1554]],[[-118.64302,34.1556],[-118.64301,34.15561],[-118.64299,34.15563],[-118.643,34.15565],[-118.64301,34.15565],[-118.64304,34.15566],[-118.64306,34.15565],[-118.64308,34.15564],[-118.6431,34.15564],[-118.64312,34.15563],[-118.64313,34.15562],[-118.64314,34.15562],[-118.64315,34.15562],[-118.64315,34.15562],[-118.64317,34.15562],[-118.64318,34.15561],[-118.64317,34.15558],[-118.64315,34.15555],[-118.64314,34.15554],[-118.64312,34.15556],[-118.6431,34.15556],[-118.64308,34.15556],[-118.64306,34.15553],[-118.64306,34.15553],[-118.64303,34.15552],[-118.64301,34.15554],[-118.64301,34.15556],[-118.64303,34.15558],[-118.64302,34.1556]]],"type":"Polygon"},"properties":{"bbox":{"parking":{"area":21164.31,"pct":36.37},"roads":{"area":14242.91,"pct":24.48},"sidewalks":{"area":1509.68,"pct":2.59}},"city":{"parking":{"area":21164.31,"pct":36.37},"roads":{"area":9840.57,"pct":16.91},"sidewalks":{"area":1509.68,"pct":2.59}},"id":"hex:1549:14551"},"type":"Feature"},{"geometry":{"coordinates":[[[-118.6416,34.15762],[-118.64239,34.15644],[-118.64401,34.15642],[-118.6443,34.15682],[-118.64181,34.15792],[-118.6416,34.15762]]],"type":"Polygon"},"properties":{"bbox":{"parking":{"area":3772.38,"pct":17.56},"roads":{"area":6055.48,"pct":28.19}},"city":{"parking":{"area":3772.38,"pct":17.56},"roads":{"area":1218.35,"pct":5.67}},"id":"hex:1549:14552"},"type":"Feature"},{"geometry":{"coordinates":[[[-118.6418,34.12599],[-118.64101,34.12717],[-118.63938,34.1272],[-118.63855,34.12604],[-118.63902,34.12532],[-118.63957,34.12532],[-118.63974,34.12532],[-118.64112,34.12531],[-118.64131,34.12531],[-118.6418,34.12599]]],"type":"Polygon"},"properties":{"bbox":{"roads":{"area":4049.01,"pct":8.27}},"city":{"roads":{"area":334.25,"pct":0.68}},"id":"hex:1550:14539"},"type":"Feature"},{"geometry":{"coordinates":[[[-118.63859,34.12838],[-118.63943,34.12954],[-118.64105,34.12952],[-118.64184,34.12833],[-118.64101,34.12717],[-118.63938,34.1272],[-118.63859,34.12838]]],"type":"Polygon"},"properties":{"bbox":{"roads":{"area":10.32,"pct":0.02}},"city_same":1,"id":"hex:1550:14540"},"type":"Feature"},{"geometry":{"coordinates":[[[-118.63864,34.13072],[-118.63947,34.13188],[-118.6411,34.13186],[-118.64189,34.13068],[-118.64105,34.12952],[-118.63943,34.12954],[-118.63864,34.13072]]],"type":"Polygon"},"properties":{"bbox":{"roads":{"area":798.94,"pct":1.37}},"city_same":1,"id":"hex:1550:14541"},"type":"Feature"},{"geometry":{"coordinates":[[[-118.63873,34.1354],[-118.63956,34.13656],[-118.64119,34.13654],[-118.64198,34.13536],[-118.64114,34.1342],[-118.63952,34.13422],[-118.63873,34.1354]]],"type":"Polygon"},"properties":{"bbox":{"roads":{"area":1621.25,"pct":2.77}},"city_same":1,"id":"hex:1550:14543"},"type":"Feature"},{"geometry":{"coordinates":[[[-118.63877,34.13775],[-118.63961,34.13891],[-118.64123,34.13888],[-118.64202,34.1377],[-118.64119,34.13654],[-118.63956,34.13656],[-118.63877,34.13775]]],"type":"Polygon"},"properties":{"bbox":{"parking":{"area":32.73,"pct":0.06},"roads":{"area":4895.6,"pct":8.37}},"city":{"parking":{"area":32.73,"pct":0.06},"roads":{"area":2963.88,"pct":5.07}},"id":"hex:1550:14544"},"type":"Feature"},{"geometry":{"coordinates":[[[-118.63882,34.14009],[-118.63965,34.14125],[-118.64128,34.14123],[-118.64207,34.14005],[-118.64123,34.13888],[-118.63961,34.13891],[-118.63882,34.14009]]],"type":"Polygon"},"properties":{"bbox":{"roads":{"area":982.52,"pct":1.68}},"city_same":1,"id":"hex:1550:14545"},"type":"Feature"},{"geometry":{"coordinates":[[[-118.63886,34.14243],[-118.6397,34.14359],[-118.64132,34.14357],[-118.64211,34.14239],[-118.64128,34.14123],[-118.63965,34.14125],[-118.63886,34.14243]]],"type":"Polygon"},"properties":{"bbox":{"roads":{"area":3796.31,"pct":6.49}},"city_same":1,"id":"hex:1550:14546"},"type":"Feature"},{"geometry":{"coordinates":[[[-118.63891,34.14477],[-118.63974,34.14593],[-118.64137,34.14591],[-118.64216,34.14473],[-118.64132,34.14357],[-118.6397,34.14359],[-118.63891,34.14477]]],"type":"Polygon"},"properties":{"bbox":{"roads":{"area":2672.49,"pct":4.57},"sidewalks":{"area":811.75,"pct":1.39}},"city_same":1,"id":"hex:1550:14547"},"type":"Feature"},{"geometry":{"coordinates":[[[-118.63895,34.14712],[-118.63979,34.14828],[-118.64142,34.14825],[-118.64221,34.14707],[-118.64137,34.14591],[-118.63974,34.14593],[-118.63895,34.14712]]],"type":"Polygon"},"properties":{"bbox":{"roads":{"area":1186.82,"pct":2.03}},"city_same":1,"id":"hex:1550:14548"},"type":"Feature"},{"geometry":{"coordinates":[[[-118.639,34.14946],[-118.63983,34.15062],[-118.64146,34.1506],[-118.64225,34.14941],[-118.64142,34.14825],[-118.63979,34.14828],[-118.639,34.14946]]],"type":"Polygon"},"properties":{"bbox":{"roads":{"area":4072.64,"pct":6.97},"sidewalks":{"area":747.4,"pct":1.28}},"city_same":1,"id":"hex:1550:14549"},"type":"Feature"},{"geometry":{"coordinates":[[[-118.63904,34.1518],[-118.63983,34.15062],[-118.64146,34.1506],[-118.6423,34.15176],[-118.64151,34.15294],[-118.63989,34.15296],[-118.63993,34.15293],[-118.63996,34.15287],[-118.63998,34.15284],[-118.64001,34.15275],[-118.64002,34.15264],[-118.64002,34.15251],[-118.64001,34.15242],[-118.64002,34.15238],[-118.64006,34.15232],[-118.64011,34.15224],[-118.64021,34.15216],[-118.64023,34.15213],[-118.64026,34.15211],[-118.64035,34.15207],[-118.64044,34.15204],[-118.64053,34.15203],[-118.64065,34.152],[-118.64072,34.15198],[-118.64079,34.15194],[-118.6408,34.15193],[-118.6408,34.15192],[-118.64084,34.1519],[-118.64087,34.15185],[-118.64088,34.1518],[-118.64086,34.15175],[-118.64082,34.15169],[-118.64076,34.15165],[-118.6407,34.15163],[-118.64046,34.15164],[-118.64019,34.15168],[-118.64,34.15174],[-118.63989,34.15177],[-118.63971,34.15183],[-118.63957,34.1519],[-118.63935,34.15212],[-118.63932,34.15218],[-118.63904,34.1518]]],"type":"Polygon"},"properties":{"bbox":{"roads":{"area":127.76,"pct":0.26}},"city_same":1,"id":"hex:1550:14550"},"type":"Feature"},{"geometry":{"coordinates":[[[-118.64151,34.15294],[-118.64234,34.1541],[-118.64155,34.15528],[-118.63992,34.1553],[-118.63909,34.15414],[-118.63987,34.15297],[-118.63989,34.15296],[-118.64151,34.15294]]],"type":"Polygon"},"properties":{"bbox":{"parking":{"area":9716.97,"pct":16.62},"roads":{"area":4145.48,"pct":7.09},"sidewalks":{"area":146.79,"pct":0.25}},"city_same":1,"id":"hex:1550:14551"},"type":"Feature"},{"geometry":{"coordinates":[[[-118.63913,34.15648],[-118.63992,34.1553],[-118.64155,34.15528],[-118.64239,34.15644],[-118.6416,34.15762],[-118.64129,34.15763],[-118.6413,34.15678],[-118.641,34.1569],[-118.64073,34.157],[-118.63973,34.15731],[-118.63913,34.15648]]],"type":"Polygon"},"properties":{"bbox":{"parking":{"area":5604.26,"pct":11.29},"roads":{"area":7825.6,"pct":15.77},"sidewalks":{"area":1438.33,"pct":2.9}},"city":{"parking":{"area":5604.26,"pct":11.29},"roads":{"area":4763.81,"pct":9.6},"sidewalks":{"area":1438.33,"pct":2.9}},"id":"hex:1550:14552"},"type":"Feature"},{"geometry":{"coordinates":[[[-118.6416,34.15762],[-118.64181,34.15792],[-118.64129,34.15815],[-118.64129,34.15763],[-118.6416,34.15762]]],"type":"Polygon"},"properties":{"bbox":{"roads":{"area":1109.63,"pct":60.16}},"id":"hex:1550:14553"},"type":"Feature"},{"geometry":{"coordinates":[[[-118.63855,34.12604],[-118.63692,34.12606],[-118.6364,34.12534],[-118.63674,34.12533],[-118.63887,34.12532],[-118.63902,34.12532],[-118.63855,34.12604]]],"type":"Polygon"},"properties":{"bbox":{"roads":{"area":481.24,"pct":3.09}},"city":{"roads":{"area":137.76,"pct":0.88}},"id":"hex:1551:14538"},"type":"Feature"},{"geometry":{"coordinates":[[[-118.63613,34.12724],[-118.63696,34.1284],[-118.63859,34.12838],[-118.63938,34.1272],[-118.63855,34.12604],[-118.63692,34.12606],[-118.63613,34.12724]]],"type":"Polygon"},"properties":{"bbox":{"roads":{"area":3712.79,"pct":6.35}},"city":{"roads":{"area":1317.99,"pct":2.25}},"id":"hex:1551:14539"},"type":"Feature"},{"geometry":{"coordinates":[[[-118.63622,34.13192],[-118.63706,34.13308],[-118.63868,34.13306],[-118.63947,34.13188],[-118.63864,34.13072],[-118.63701,34.13074],[-118.63622,34.13192]]],"type":"Polygon"},"properties":{"bbox":{"roads":{"area":140.05,"pct":0.24}},"city_same":1,"id":"hex:1551:14541"},"type":"Feature"},{"geometry":{"coordinates":[[[-118.63626,34.13427],[-118.6371,34.13543],[-118.63873,34.1354],[-118.63952,34.13422],[-118.63868,34.13306],[-118.63706,34.13308],[-118.63626,34.13427]]],"type":"Polygon"},"properties":{"bbox":{"roads":{"area":89.63,"pct":0.15}},"city_same":1,"id":"hex:1551:14542"},"type":"Feature"},{"geometry":{"coordinates":[[[-118.63631,34.13661],[-118.63715,34.13777],[-118.63877,34.13775],[-118.63956,34.13656],[-118.63873,34.1354],[-118.6371,34.13543],[-118.63631,34.13661]]],"type":"Polygon"},"properties":{"bbox":{"roads":{"area":3461.5,"pct":5.92}},"city_same":1,"id":"hex:1551:14543"},"type":"Feature"},{"geometry":{"coordinates":[[[-118.63636,34.13895],[-118.63719,34.14011],[-118.63882,34.14009],[-118.63961,34.13891],[-118.63877,34.13775],[-118.63715,34.13777],[-118.63636,34.13895]]],"type":"Polygon"},"properties":{"bbox":{"roads":{"area":2946.75,"pct":5.04}},"city":{"roads":{"area":1393.9,"pct":2.38}},"id":"hex:1551:14544"},"type":"Feature"},{"geometry":{"coordinates":[[[-118.6364,34.14129],[-118.63724,34.14245],[-118.63886,34.14243],[-118.63965,34.14125],[-118.63882,34.14009],[-118.63719,34.14011],[-118.6364,34.14129]]],"type":"Polygon"},"properties":{"bbox":{"roads":{"area":1144.41,"pct":1.96}},"city_same":1,"id":"hex:1551:14545"},"type":"Feature"},{"geometry":{"coordinates":[[[-118.63645,34.14363],[-118.63728,34.14479],[-118.63891,34.14477],[-118.6397,34.14359],[-118.63886,34.14243],[-118.63724,34.14245],[-118.63645,34.14363]]],"type":"Polygon"},"properties":{"bbox":{"roads":{"area":5343.11,"pct":9.14},"sidewalks":{"area":1194.47,"pct":2.04}},"city_same":1,"id":"hex:1551:14546"},"type":"Feature"},{"geometry":{"coordinates":[[[-118.63649,34.14598],[-118.63733,34.14714],[-118.63895,34.14712],[-118.63974,34.14593],[-118.63891,34.14477],[-118.63728,34.14479],[-118.63649,34.14598]]],"type":"Polygon"},"properties":{"bbox":{"roads":{"area":3972.26,"pct":6.8},"sidewalks":{"area":227.77,"pct":0.39}},"city_same":1,"id":"hex:1551:14547"},"type":"Feature"},{"geometry":{"coordinates":[[[-118.63654,34.14832],[-118.63737,34.14948],[-118.639,34.14946],[-118.63979,34.14828],[-118.63895,34.14712],[-118.63733,34.14714],[-118.63654,34.14832]]],"type":"Polygon"},"properties":{"bbox":{"roads":{"area":2457.13,"pct":4.2}},"city_same":1,"id":"hex:1551:14548"},"type":"Feature"},{"geometry":{"coordinates":[[[-118.63658,34.15066],[-118.63742,34.15182],[-118.63904,34.1518],[-118.63983,34.15062],[-118.639,34.14946],[-118.63737,34.14948],[-118.63658,34.15066]]],"type":"Polygon"},"properties":{"bbox":{"roads":{"area":4365.7,"pct":7.47},"sidewalks":{"area":562.12,"pct":0.96}},"city_same":1,"id":"hex:1551:14549"},"type":"Feature"},{"geometry":{"coordinates":[[[[-118.63686,34.15332],[-118.63685,34.15331],[-118.63684,34.15322],[-118.63685,34.1531],[-118.63689,34.15299],[-118.63698,34.15287],[-118.63708,34.15279],[-118.63723,34.15271],[-118.63735,34.15267],[-118.63751,34.15265],[-118.63772,34.15266],[-118.63776,34.15266],[-118.6378,34.15266],[-118.63783,34.15265],[-118.63785,34.15266],[-118.63788,34.15268],[-118.63807,34.15271],[-118.63828,34.15277],[-118.6384,34.15282],[-118.6385,34.15288],[-118.63851,34.1529],[-118.63857,34.15294],[-118.63863,34.15302],[-118.63868,34.15315],[-118.63873,34.15338],[-118.63874,34.1534],[-118.63875,34.15342],[-118.63875,34.15344],[-118.63877,34.15345],[-118.63879,34.1535],[-118.63887,34.15354],[-118.63895,34.15356],[-118.63914,34.15356],[-118.6393,34.15353],[-118.63945,34.15344],[-118.63957,34.15332],[-118.63957,34.1533],[-118.63958,34.15327],[-118.63969,34.15315],[-118.63981,34.153],[-118.63982,34.15301],[-118.63987,34.15297],[-118.63909,34.15414],[-118.63755,34.15416],[-118.63767,34.15393],[-118.63774,34.15382],[-118.63778,34.15374],[-118.63779,34.15367],[-118.63779,34.15364],[-118.63776,34.15363],[-118.63771,34.15359],[-118.6375,34.15363],[-118.63736,34.15365],[-118.63722,34.15364],[-118.63712,34.1536],[-118.63702,34.15354],[-118.63686,34.15332]]],[[[-118.63742,34.15182],[-118.63904,34.1518],[-118.63932,34.15218],[-118.63929,34.15222],[-118.63922,34.15231],[-118.63917,34.15236],[-118.63906,34.15242],[-118.63896,34.15244],[-118.63882,34.15245],[-118.63871,34.15244],[-118.63853,34.1524],[-118.63842,34.15236],[-118.63818,34.15226],[-118.63783,34.15218],[-118.63751,34.15217],[-118.63728,34.15219],[-118.63716,34.15221],[-118.63742,34.15182]]]],"type":"MultiPolygon"},"properties":{"bbox":{"roads":{"area":1489.98,"pct":4.25},"sidewalks":{"area":623.33,"pct":1.78}},"city_same":1,"id":"hex:1551:14550"},"type":"Feature"},{"geometry":{"coordinates":[[[-118.63667,34.15535],[-118.63704,34.15479],[-118.63705,34.1548],[-118.63706,34.15482],[-118.63708,34.15483],[-118.6371,34.15484],[-118.6371,34.15484],[-118.63712,34.15485],[-118.63713,34.15486],[-118.63713,34.15487],[-118.63713,34.15488],[-118.63717,34.15492],[-118.63721,34.15492],[-118.63722,34.15494],[-118.63723,34.15498],[-118.63724,34.155],[-118.63728,34.15503],[-118.6373,34.15503],[-118.63735,34.15503],[-118.63738,34.15501],[-118.63741,34.15498],[-118.63743,34.15488],[-118.63744,34.15478],[-118.63742,34.15473],[-118.63741,34.1547],[-118.63741,34.15467],[-118.63743,34.15466],[-118.63744,34.15464],[-118.63743,34.15462],[-118.63743,34.15462],[-118.63742,34.15461],[-118.63743,34.1546],[-118.63745,34.1546],[-118.63747,34.15447],[-118.63745,34.15441],[-118.63746,34.15439],[-118.63747,34.15438],[-118.63747,34.15436],[-118.63747,34.15434],[-118.63748,34.15434],[-118.63749,34.15435],[-118.6375,34.15434],[-118.6375,34.15434],[-118.63751,34.15427],[-118.63749,34.15424],[-118.63749,34.15421],[-118.63753,34.1542],[-118.63755,34.15416],[-118.63909,34.15414],[-118.63992,34.1553],[-118.63913,34.15648],[-118.63752,34.15651],[-118.63745,34.15643],[-118.63667,34.15535]]],"type":"Polygon"},"properties":{"bbox":{"parking":{"area":4709.38,"pct":8.34},"roads":{"area":4584.82,"pct":8.12},"sidewalks":{"area":1345.08,"pct":2.38}},"city_same":1,"id":"hex:1551:14551"},"type":"Feature"},{"geometry":{"coordinates":[[[-118.63913,34.15648],[-118.63973,34.15731],[-118.63863,34.15764],[-118.63857,34.15768],[-118.63752,34.15651],[-118.63913,34.15648]]],"type":"Polygon"},"properties":{"bbox":{"roads":{"area":2228.49,"pct":14.22},"sidewalks":{"area":338.95,"pct":2.16}},"city":{"roads":{"area":1007.35,"pct":6.43},"sidewalks":{"area":338.95,"pct":2.16}},"id":"hex:1551:14552"},"type":"Feature"},{"geometry":{"coordinates":[[[-118.63692,34.12606],[-118.63613,34.12724],[-118.6345,34.12726],[-118.63367,34.1261],[-118.63417,34.12535],[-118.63489,34.12535],[-118.6364,34.12534],[-118.63692,34.12606]]],"type":"Polygon"},"properties":{"bbox":{"roads":{"area":116.66,"pct":0.23}},"city_same":1,"id":"hex:1552:14539"},"type":"Feature"},{"geometry":{"coordinates":[[[-118.63371,34.12844],[-118.63455,34.1296],[-118.63617,34.12958],[-118.63696,34.1284],[-118.63613,34.12724],[-118.6345,34.12726],[-118.63371,34.12844]]],"type":"Polygon"},"properties":{"bbox":{"roads":{"area":2063.61,"pct":3.53}},"city":{"roads":{"area":695.56,"pct":1.19}},"id":"hex:1552:14540"},"type":"Feature"},{"geometry":{"coordinates":[[[-118.63376,34.13078],[-118.63459,34.13195],[-118.63622,34.13192],[-118.63701,34.13074],[-118.63617,34.12958],[-118.63455,34.1296],[-118.63376,34.13078]]],"type":"Polygon"},"properties":{"bbox":{"roads":{"area":3298.23,"pct":5.64}},"city":{"roads":{"area":1362.96,"pct":2.33}},"id":"hex:1552:14541"},"type":"Feature"},{"geometry":{"coordinates":[[[-118.6338,34.13313],[-118.63464,34.13429],[-118.63626,34.13427],[-118.63706,34.13308],[-118.63622,34.13192],[-118.63459,34.13195],[-118.6338,34.13313]]],"type":"Polygon"},"properties":{"bbox":{"roads":{"area":4107.24,"pct":7.03}},"city":{"roads":{"area":2148.95,"pct":3.68}},"id":"hex:1552:14542"},"type":"Feature"},{"geometry":{"coordinates":[[[-118.63385,34.13547],[-118.63468,34.13663],[-118.63631,34.13661],[-118.6371,34.13543],[-118.63626,34.13427],[-118.63464,34.13429],[-118.63385,34.13547]]],"type":"Polygon"},"properties":{"bbox":{"roads":{"area":4233.24,"pct":7.24}},"city":{"roads":{"area":2635.24,"pct":4.51}},"id":"hex:1552:14543"},"type":"Feature"},{"geometry":{"coordinates":[[[-118.63389,34.13781],[-118.63473,34.13897],[-118.63636,34.13895],[-118.63715,34.13777],[-118.63631,34.13661],[-118.63468,34.13663],[-118.63389,34.13781]]],"type":"Polygon"},"properties":{"bbox":{"roads":{"area":1590.14,"pct":2.72}},"city":{"roads":{"area":159.98,"pct":0.27}},"id":"hex:1552:14544"},"type":"Feature"},{"geometry":{"coordinates":[[[-118.63394,34.14015],[-118.63477,34.14131],[-118.6364,34.14129],[-118.63719,34.14011],[-118.63636,34.13895],[-118.63473,34.13897],[-118.63394,34.14015]]],"type":"Polygon"},"properties":{"bbox":{"roads":{"area":1242.66,"pct":2.13}},"city_same":1,"id":"hex:1552:14545"},"type":"Feature"},{"geometry":{"coordinates":[[[-118.63398,34.1425],[-118.63482,34.14366],[-118.63645,34.14363],[-118.63724,34.14245],[-118.6364,34.14129],[-118.63477,34.14131],[-118.63398,34.1425]]],"type":"Polygon"},"properties":{"bbox":{"roads":{"area":1655.38,"pct":2.83}},"city_same":1,"id":"hex:1552:14546"},"type":"Feature"},{"geometry":{"coordinates":[[[-118.63403,34.14484],[-118.63486,34.146],[-118.63649,34.14598],[-118.63728,34.14479],[-118.63645,34.14363],[-118.63482,34.14366],[-118.63403,34.14484]]],"type":"Polygon"},"properties":{"bbox":{"roads":{"area":3661.61,"pct":6.26},"sidewalks":{"area":35.71,"pct":0.06}},"city_same":1,"id":"hex:1552:14547"},"type":"Feature"},{"geometry":{"coordinates":[[[-118.63407,34.14718],[-118.63491,34.14834],[-118.63654,34.14832],[-118.63733,34.14714],[-118.63649,34.14598],[-118.63486,34.146],[-118.63407,34.14718]]],"type":"Polygon"},"properties":{"bbox":{"roads":{"area":4614.77,"pct":7.89},"sidewalks":{"area":542.9,"pct":0.93}},"city_same":1,"id":"hex:1552:14548"},"type":"Feature"},{"geometry":{"coordinates":[[[-118.63412,34.14952],[-118.63495,34.15068],[-118.63658,34.15066],[-118.63737,34.14948],[-118.63654,34.14832],[-118.63491,34.14834],[-118.63412,34.14952]]],"type":"Polygon"},"properties":{"bbox":{"roads":{"area":2870.28,"pct":4.91},"sidewalks":{"area":681.17,"pct":1.17}},"city_same":1,"id":"hex:1552:14549"},"type":"Feature"},{"geometry":{"coordinates":[[[[-118.635,34.15302],[-118.63419,34.1519],[-118.63425,34.1519],[-118.63431,34.15189],[-118.63445,34.15184],[-118.63459,34.15177],[-118.63467,34.15174],[-118.63474,34.15173],[-118.63481,34.15173],[-118.63487,34.15175],[-118.63495,34.15179],[-118.63502,34.15183],[-118.63517,34.15198],[-118.63523,34.15204],[-118.63526,34.1521],[-118.63525,34.15218],[-118.63524,34.15221],[-118.63521,34.15225],[-118.63517,34.15229],[-118.63514,34.15232],[-118.63508,34.15238],[-118.63495,34.15248],[-118.63492,34.15251],[-118.63491,34.15253],[-118.63491,34.15255],[-118.63491,34.15257],[-118.63493,34.15258],[-118.63495,34.1526],[-118.63497,34.1526],[-118.635,34.1526],[-118.63502,34.15259],[-118.63506,34.15258],[-118.63511,34.15256],[-118.63515,34.15253],[-118.63523,34.15251],[-118.6354,34.15243],[-118.63542,34.15243],[-118.6356,34.15235],[-118.63569,34.15231],[-118.63575,34.1523],[-118.63578,34.15229],[-118.63582,34.1523],[-118.63585,34.15232],[-118.63588,34.15234],[-118.63593,34.15239],[-118.63594,34.1524],[-118.63599,34.15247],[-118.63601,34.15251],[-118.63603,34.15253],[-118.63615,34.15271],[-118.63617,34.15275],[-118.63617,34.15278],[-118.63616,34.1528],[-118.63611,34.15285],[-118.63607,34.15289],[-118.63606,34.1529],[-118.63605,34.15291],[-118.63596,34.15297],[-118.63591,34.153],[-118.6359,34.15301],[-118.635,34.15302]]],[[[-118.63495,34.15068],[-118.63658,34.15066],[-118.63742,34.15182],[-118.63716,34.15221],[-118.63692,34.15225],[-118.6368,34.15226],[-118.63649,34.15222],[-118.63624,34.15206],[-118.63619,34.15201],[-118.63608,34.1518],[-118.63592,34.15164],[-118.63569,34.15153],[-118.63545,34.15151],[-118.63513,34.15154],[-118.63494,34.15154],[-118.63484,34.15152],[-118.63455,34.1514],[-118.63449,34.15137],[-118.63495,34.15068]]]],"type":"MultiPolygon"},"properties":{"bbox":{"roads":{"area":1488.73,"pct":3.67}},"city_same":1,"id":"hex:1552:14550"},"type":"Feature"},{"geometry":{"coordinates":[[[[-118.63667,34.15535],[-118.63649,34.15535],[-118.63475,34.1534],[-118.635,34.15302],[-118.6359,34.15301],[-118.63587,34.15303],[-118.63582,34.15307],[-118.63564,34.15319],[-118.63556,34.15325],[-118.63554,34.15328],[-118.63553,34.15328],[-118.63553,34.1533],[-118.63554,34.15332],[-118.63555,34.15334],[-118.63557,34.15334],[-118.63559,34.15335],[-118.63562,34.15334],[-118.63568,34.15332],[-118.63601,34.15316],[-118.63604,34.15315],[-118.63611,34.15311],[-118.63613,34.1531],[-118.63614,34.15309],[-118.63617,34.15309],[-118.63618,34.15308],[-118.63619,34.15307],[-118.63621,34.15307],[-118.63627,34.15306],[-118.63628,34.15305],[-118.63629,34.15303],[-118.6363,34.15302],[-118.63632,34.15303],[-118.63634,34.15302],[-118.63636,34.15302],[-118.63637,34.15302],[-118.63641,34.15304],[-118.63644,34.15304],[-118.63645,34.15304],[-118.63645,34.15307],[-118.63646,34.15308],[-118.63649,34.15308],[-118.63651,34.15309],[-118.63651,34.15311],[-118.63651,34.15313],[-118.63651,34.15314],[-118.63656,34.15318],[-118.63656,34.15319],[-118.63656,34.1532],[-118.63658,34.15324],[-118.63659,34.15327],[-118.63662,34.1533],[-118.63664,34.15332],[-118.63665,34.15333],[-118.63667,34.15336],[-118.63667,34.15338],[-118.6367,34.15342],[-118.6367,34.15343],[-118.63671,34.15351],[-118.63672,34.15355],[-118.63672,34.15356],[-118.6367,34.15358],[-118.6367,34.15359],[-118.63666,34.15364],[-118.63662,34.15366],[-118.63656,34.1537],[-118.63652,34.15374],[-118.63648,34.15375],[-118.63638,34.15381],[-118.63631,34.15389],[-118.6363,34.15395],[-118.6363,34.15398],[-118.6363,34.15401],[-118.63632,34.15405],[-118.63632,34.15407],[-118.63636,34.15412],[-118.63656,34.15433],[-118.63666,34.15441],[-118.63692,34.15468],[-118.63694,34.15471],[-118.63696,34.15472],[-118.63697,34.15472],[-118.637,34.15476],[-118.63701,34.15477],[-118.63702,34.15479],[-118.63704,34.15479],[-118.63667,34.15535]]],[[[-118.63702,34.15354],[-118.63699,34.15353],[-118.63689,34.15341],[-118.63686,34.15332],[-118.63702,34.15354]]]],"type":"MultiPolygon"},"properties":{"bbox":{"roads":{"area":3164.42,"pct":11.9},"sidewalks":{"area":757.45,"pct":2.85}},"city_same":1,"id":"hex:1552:14551"},"type":"Feature"},{"geometry":{"coordinates":[[[-118.63667,34.15535],[-118.63745,34.15643],[-118.63649,34.15535],[-118.63667,34.15535]]],"type":"Polygon"},"properties":{"bbox":{"roads":{"area":106.66,"pct":10.24},"sidewalks":{"area":0.42,"pct":0.04}},"city_same":1,"id":"hex:1552:14552"},"type":"Feature"},{"geometry":{"coordinates":[[[-118.63367,34.1261],[-118.63204,34.12612],[-118.6315,34.12537],[-118.63417,34.12535],[-118.63367,34.1261]]],"type":"Polygon"},"properties":{"bbox":{"roads":{"area":75.03,"pct":0.45}},"city_same":1,"id":"hex:1553:14538"},"type":"Feature"},{"geometry":{"coordinates":[[[-118.63139,34.13433],[-118.63222,34.13549],[-118.63385,34.13547],[-118.63464,34.13429],[-118.6338,34.13313],[-118.63218,34.13315],[-118.63139,34.13433]]],"type":"Polygon"},"properties":{"bbox":{"roads":{"area":2889.52,"pct":4.94}},"id":"hex:1553:14542"},"type":"Feature"},{"geometry":{"coordinates":[[[-118.63148,34.13901],[-118.63231,34.14018],[-118.63394,34.14015],[-118.63473,34.13897],[-118.63389,34.13781],[-118.63227,34.13783],[-118.63148,34.13901]]],"type":"Polygon"},"properties":{"bbox":{"roads":{"area":2531.4,"pct":4.33}},"city_same":1,"id":"hex:1553:14544"},"type":"Feature"},{"geometry":{"coordinates":[[[-118.63152,34.14136],[-118.63236,34.14252],[-118.63398,34.1425],[-118.63477,34.14131],[-118.63394,34.14015],[-118.63231,34.14018],[-118.63152,34.14136]]],"type":"Polygon"},"properties":{"bbox":{"roads":{"area":2352.55,"pct":4.02}},"city_same":1,"id":"hex:1553:14545"},"type":"Feature"},{"geometry":{"coordinates":[[[-118.63157,34.1437],[-118.6324,34.14486],[-118.63403,34.14484],[-118.63482,34.14366],[-118.63398,34.1425],[-118.63236,34.14252],[-118.63157,34.1437]]],"type":"Polygon"},"properties":{"bbox":{"roads":{"area":1330.56,"pct":2.28}},"city_same":1,"id":"hex:1553:14546"},"type":"Feature"},{"geometry":{"coordinates":[[[-118.63161,34.14604],[-118.63245,34.1472],[-118.63407,34.14718],[-118.63486,34.146],[-118.63403,34.14484],[-118.6324,34.14486],[-118.63161,34.14604]]],"type":"Polygon"},"properties":{"bbox":{"roads":{"area":2456.23,"pct":4.2}},"city_same":1,"id":"hex:1553:14547"},"type":"Feature"},{"geometry":{"coordinates":[[[-118.63166,34.14838],[-118.63249,34.14954],[-118.63412,34.14952],[-118.63491,34.14834],[-118.63407,34.14718],[-118.63245,34.1472],[-118.63166,34.14838]]],"type":"Polygon"},"properties":{"bbox":{"roads":{"area":6155.76,"pct":10.53},"sidewalks":{"area":1273.55,"pct":2.18}},"city_same":1,"id":"hex:1553:14548"},"type":"Feature"},{"geometry":{"coordinates":[[[-118.6317,34.15073],[-118.63249,34.14954],[-118.63412,34.14952],[-118.63495,34.15068],[-118.63449,34.15137],[-118.63441,34.15133],[-118.63423,34.15119],[-118.63408,34.15107],[-118.63389,34.15094],[-118.63372,34.15079],[-118.63356,34.15062],[-118.63347,34.15045],[-118.63345,34.15029],[-118.63348,34.15014],[-118.63347,34.15005],[-118.6334,34.14996],[-118.63328,34.14987],[-118.63318,34.14978],[-118.63309,34.14969],[-118.63305,34.14966],[-118.63301,34.14963],[-118.63295,34.14963],[-118.63291,34.14963],[-118.63286,34.14965],[-118.63281,34.14971],[-118.63278,34.14981],[-118.63279,34.14992],[-118.63281,34.15],[-118.63283,34.15006],[-118.63287,34.15013],[-118.63306,34.15037],[-118.6334,34.15075],[-118.63371,34.1511],[-118.63391,34.15132],[-118.63394,34.15137],[-118.63395,34.15141],[-118.63394,34.15147],[-118.63393,34.15158],[-118.63394,34.15173],[-118.63396,34.1518],[-118.634,34.15184],[-118.63404,34.15187],[-118.63404,34.15187],[-118.63338,34.15187],[-118.63217,34.15052],[-118.63175,34.15079],[-118.6317,34.15073]]],"type":"Polygon"},"properties":{"bbox":{"roads":{"area":1859.45,"pct":4.68},"sidewalks":{"area":395.98,"pct":1}},"city_same":1,"id":"hex:1553:14549"},"type":"Feature"},{"geometry":{"coordinates":[[[-118.635,34.15302],[-118.63475,34.1534],[-118.63338,34.15187],[-118.63404,34.15187],[-118.63408,34.15188],[-118.63417,34.1519],[-118.63419,34.1519],[-118.635,34.15302]]],"type":"Polygon"},"properties":{"bbox":{"roads":{"area":1715.61,"pct":18.47},"sidewalks":{"area":306.72,"pct":3.3}},"city_same":1,"id":"hex:1553:14550"},"type":"Feature"},{"geometry":{"coordinates":[[[-118.62892,34.13319],[-118.62976,34.13435],[-118.63139,34.13433],[-118.63218,34.13315],[-118.63134,34.13199],[-118.62971,34.13201],[-118.62892,34.13319]]],"type":"Polygon"},"properties":{"bbox":{"roads":{"area":640.6,"pct":1.1}},"city_same":1,"id":"hex:1554:14542"},"type":"Feature"},{"geometry":{"coordinates":[[[-118.62897,34.13553],[-118.6298,34.13669],[-118.63143,34.13667],[-118.63222,34.13549],[-118.63139,34.13433],[-118.62976,34.13435],[-118.62897,34.13553]]],"type":"Polygon"},"properties":{"bbox":{"parking":{"area":363.45,"pct":0.62},"roads":{"area":3330.17,"pct":5.7}},"city":{"parking":{"area":363.45,"pct":0.62},"roads":{"area":1406.06,"pct":2.41}},"id":"hex:1554:14543"},"type":"Feature"},{"geometry":{"coordinates":[[[-118.62901,34.13788],[-118.62985,34.13904],[-118.63148,34.13901],[-118.63227,34.13783],[-118.63143,34.13667],[-118.6298,34.13669],[-118.62901,34.13788]]],"type":"Polygon"},"properties":{"bbox":{"roads":{"area":5598.55,"pct":9.58},"sidewalks":{"area":919.87,"pct":1.57}},"city":{"roads":{"area":4675.35,"pct":8},"sidewalks":{"area":919.87,"pct":1.57}},"id":"hex:1554:14544"},"type":"Feature"},{"geometry":{"coordinates":[[[-118.62906,34.14022],[-118.62989,34.14138],[-118.63152,34.14136],[-118.63231,34.14018],[-118.63148,34.13901],[-118.62985,34.13904],[-118.62906,34.14022]]],"type":"Polygon"},"properties":{"bbox":{"roads":{"area":4846.21,"pct":8.29},"sidewalks":{"area":873.1,"pct":1.49}},"city_same":1,"id":"hex:1554:14545"},"type":"Feature"},{"geometry":{"coordinates":[[[-118.6291,34.14256],[-118.62994,34.14372],[-118.63157,34.1437],[-118.63236,34.14252],[-118.63152,34.14136],[-118.62989,34.14138],[-118.6291,34.14256]]],"type":"Polygon"},"properties":{"bbox":{"roads":{"area":6863.18,"pct":11.74},"sidewalks":{"area":781.25,"pct":1.34}},"city_same":1,"id":"hex:1554:14546"},"type":"Feature"},{"geometry":{"coordinates":[[[-118.62915,34.1449],[-118.62998,34.14606],[-118.63161,34.14604],[-118.6324,34.14486],[-118.63157,34.1437],[-118.62994,34.14372],[-118.62915,34.1449]]],"type":"Polygon"},"properties":{"bbox":{"roads":{"area":4599.99,"pct":7.87},"sidewalks":{"area":574.37,"pct":0.98}},"city_same":1,"id":"hex:1554:14547"},"type":"Feature"},{"geometry":{"coordinates":[[[-118.62919,34.14724],[-118.63003,34.14841],[-118.63166,34.14838],[-118.63245,34.1472],[-118.63161,34.14604],[-118.62998,34.14606],[-118.62919,34.14724]]],"type":"Polygon"},"properties":{"bbox":{"roads":{"area":2733.64,"pct":4.68},"sidewalks":{"area":68.92,"pct":0.12}},"city_same":1,"id":"hex:1554:14548"},"type":"Feature"},{"geometry":{"coordinates":[[[-118.63003,34.14841],[-118.63166,34.14838],[-118.63249,34.14954],[-118.6317,34.15073],[-118.63077,34.15074],[-118.63027,34.15037],[-118.63009,34.14983],[-118.62984,34.14988],[-118.62956,34.1491],[-118.63003,34.14841]]],"type":"Polygon"},"properties":{"bbox":{"roads":{"area":6366.83,"pct":12.53},"sidewalks":{"area":1113.27,"pct":2.19}},"city_same":1,"id":"hex:1554:14549"},"type":"Feature"},{"geometry":{"coordinates":[[[-118.6317,34.15073],[-118.63175,34.15079],[-118.63127,34.1511],[-118.63077,34.15074],[-118.6317,34.15073]]],"type":"Polygon"},"properties":{"bbox":{"roads":{"area":160.12,"pct":8.21}},"city_same":1,"id":"hex:1554:14550"},"type":"Feature"},{"geometry":{"coordinates":[[[-118.62646,34.13205],[-118.6273,34.13321],[-118.62892,34.13319],[-118.62971,34.13201],[-118.62888,34.13085],[-118.62725,34.13087],[-118.62646,34.13205]]],"type":"Polygon"},"properties":{"bbox":{"roads":{"area":977.1,"pct":1.67}},"city_same":1,"id":"hex:1555:14541"},"type":"Feature"},{"geometry":{"coordinates":[[[-118.62655,34.13674],[-118.62739,34.1379],[-118.62901,34.13788],[-118.6298,34.13669],[-118.62897,34.13553],[-118.62734,34.13556],[-118.62655,34.13674]]],"type":"Polygon"},"properties":{"bbox":{"roads":{"area":3084.99,"pct":5.28},"sidewalks":{"area":60.83,"pct":0.1}},"city":{"roads":{"area":678.62,"pct":1.16},"sidewalks":{"area":60.83,"pct":0.1}},"id":"hex:1555:14543"},"type":"Feature"},{"geometry":{"coordinates":[[[-118.6266,34.13908],[-118.62743,34.14024],[-118.62906,34.14022],[-118.62985,34.13904],[-118.62901,34.13788],[-118.62739,34.1379],[-118.6266,34.13908]]],"type":"Polygon"},"properties":{"bbox":{"roads":{"area":2690.85,"pct":4.6},"sidewalks":{"area":428.09,"pct":0.73}},"city_same":1,"id":"hex:1555:14544"},"type":"Feature"},{"geometry":{"coordinates":[[[-118.62664,34.14142],[-118.62748,34.14258],[-118.6291,34.14256],[-118.62989,34.14138],[-118.62906,34.14022],[-118.62743,34.14024],[-118.62664,34.14142]]],"type":"Polygon"},"properties":{"bbox":{"roads":{"area":4462.12,"pct":7.63}},"city_same":1,"id":"hex:1555:14545"},"type":"Feature"},{"geometry":{"coordinates":[[[-118.62669,34.14376],[-118.62752,34.14492],[-118.62915,34.1449],[-118.62994,34.14372],[-118.6291,34.14256],[-118.62748,34.14258],[-118.62669,34.14376]]],"type":"Polygon"},"properties":{"bbox":{"roads":{"area":5176.01,"pct":8.85}},"city_same":1,"id":"hex:1555:14546"},"type":"Feature"},{"geometry":{"coordinates":[[[-118.62673,34.14611],[-118.62757,34.14727],[-118.62919,34.14724],[-118.62998,34.14606],[-118.62915,34.1449],[-118.62752,34.14492],[-118.62673,34.14611]]],"type":"Polygon"},"properties":{"bbox":{"roads":{"area":4696.44,"pct":8.03},"sidewalks":{"area":517.22,"pct":0.88}},"city_same":1,"id":"hex:1555:14547"},"type":"Feature"},{"geometry":{"coordinates":[[[-118.62757,34.14727],[-118.62919,34.14724],[-118.63003,34.14841],[-118.62956,34.1491],[-118.62955,34.14905],[-118.62908,34.14766],[-118.62901,34.14737],[-118.62902,34.14728],[-118.62756,34.14727],[-118.62757,34.14727]]],"type":"Polygon"},"properties":{"bbox":{"roads":{"area":3043.44,"pct":36.79},"sidewalks":{"area":548.09,"pct":6.63}},"city_same":1,"id":"hex:1555:14548"},"type":"Feature"},{"geometry":{"coordinates":[[[-118.62409,34.1356],[-118.62493,34.13676],[-118.62655,34.13674],[-118.62734,34.13556],[-118.62651,34.1344],[-118.62488,34.13442],[-118.62409,34.1356]]],"type":"Polygon"},"properties":{"bbox":{"roads":{"area":456.56,"pct":0.78}},"city_same":1,"id":"hex:1556:14543"},"type":"Feature"},{"geometry":{"coordinates":[[[-118.62414,34.13794],[-118.62497,34.1391],[-118.6266,34.13908],[-118.62739,34.1379],[-118.62655,34.13674],[-118.62493,34.13676],[-118.62414,34.13794]]],"type":"Polygon"},"properties":{"bbox":{"roads":{"area":3556.84,"pct":6.08},"sidewalks":{"area":482.29,"pct":0.83}},"city":{"roads":{"area":478.36,"pct":0.82},"sidewalks":{"area":482.29,"pct":0.83}},"id":"hex:1556:14544"},"type":"Feature"},{"geometry":{"coordinates":[[[-118.62418,34.14028],[-118.62502,34.14144],[-118.62664,34.14142],[-118.62743,34.14024],[-118.6266,34.13908],[-118.62497,34.1391],[-118.62418,34.14028]]],"type":"Polygon"},"properties":{"bbox":{"roads":{"area":2946.02,"pct":5.04}},"city_same":1,"id":"hex:1556:14545"},"type":"Feature"},{"geometry":{"coordinates":[[[-118.62423,34.14263],[-118.62506,34.14379],[-118.62669,34.14376],[-118.62748,34.14258],[-118.62664,34.14142],[-118.62502,34.14144],[-118.62423,34.14263]]],"type":"Polygon"},"properties":{"bbox":{"roads":{"area":3487.75,"pct":5.97}},"city_same":1,"id":"hex:1556:14546"},"type":"Feature"},{"geometry":{"coordinates":[[[-118.62427,34.14497],[-118.62511,34.14613],[-118.62673,34.14611],[-118.62752,34.14492],[-118.62669,34.14376],[-118.62506,34.14379],[-118.62427,34.14497]]],"type":"Polygon"},"properties":{"bbox":{"roads":{"area":3340.25,"pct":5.71}},"city_same":1,"id":"hex:1556:14547"},"type":"Feature"},{"geometry":{"coordinates":[[[-118.62511,34.14613],[-118.62673,34.14611],[-118.62757,34.14727],[-118.62756,34.14727],[-118.62434,34.14727],[-118.62511,34.14613]]],"type":"Polygon"},"properties":{"bbox":{"roads":{"area":1539.29,"pct":5.36}},"city_same":1,"id":"hex:1556:14548"},"type":"Feature"},{"geometry":{"coordinates":[[[-118.62167,34.1368],[-118.62251,34.13796],[-118.62414,34.13794],[-118.62493,34.13676],[-118.62409,34.1356],[-118.62246,34.13562],[-118.62167,34.1368]]],"type":"Polygon"},"properties":{"bbox":{"roads":{"area":152.4,"pct":0.26}},"city":{"roads":{"area":20.52,"pct":0.04}},"id":"hex:1557:14543"},"type":"Feature"},{"geometry":{"coordinates":[[[-118.62172,34.13914],[-118.62255,34.1403],[-118.62418,34.14028],[-118.62497,34.1391],[-118.62414,34.13794],[-118.62251,34.13796],[-118.62172,34.13914]]],"type":"Polygon"},"properties":{"bbox":{"roads":{"area":5281.36,"pct":9.03},"sidewalks":{"area":308.39,"pct":0.53}},"city":{"roads":{"area":3562.67,"pct":6.09},"sidewalks":{"area":308.39,"pct":0.53}},"id":"hex:1557:14544"},"type":"Feature"},{"geometry":{"coordinates":[[[-118.62176,34.14149],[-118.6226,34.14265],[-118.62423,34.14263],[-118.62502,34.14144],[-118.62418,34.14028],[-118.62255,34.1403],[-118.62176,34.14149]]],"type":"Polygon"},"properties":{"bbox":{"roads":{"area":2711.81,"pct":4.64}},"city_same":1,"id":"hex:1557:14545"},"type":"Feature"},{"geometry":{"coordinates":[[[-118.62181,34.14383],[-118.62264,34.14499],[-118.62427,34.14497],[-118.62506,34.14379],[-118.62423,34.14263],[-118.6226,34.14265],[-118.62181,34.14383]]],"type":"Polygon"},"properties":{"bbox":{"roads":{"area":3445.56,"pct":5.89}},"city_same":1,"id":"hex:1557:14546"},"type":"Feature"},{"geometry":{"coordinates":[[[-118.62185,34.14617],[-118.62264,34.14499],[-118.62427,34.14497],[-118.62511,34.14613],[-118.62434,34.14727],[-118.62289,34.14727],[-118.62264,34.14727],[-118.62185,34.14617]]],"type":"Polygon"},"properties":{"bbox":{"roads":{"area":3268.13,"pct":5.68}},"city_same":1,"id":"hex:1557:14547"},"type":"Feature"},{"geometry":{"coordinates":[[[-118.61926,34.13801],[-118.62009,34.13917],[-118.62172,34.13914],[-118.62251,34.13796],[-118.62167,34.1368],[-118.62005,34.13682],[-118.61926,34.13801]]],"type":"Polygon"},"properties":{"bbox":{"roads":{"area":4740.62,"pct":8.11},"sidewalks":{"area":310.01,"pct":0.53}},"city":{"roads":{"area":3278.95,"pct":5.61},"sidewalks":{"area":310.01,"pct":0.53}},"id":"hex:1558:14544"},"type":"Feature"},{"geometry":{"coordinates":[[[-118.6193,34.14035],[-118.62014,34.14151],[-118.62176,34.14149],[-118.62255,34.1403],[-118.62172,34.13914],[-118.62009,34.13917],[-118.6193,34.14035]]],"type":"Polygon"},"properties":{"bbox":{"roads":{"area":4249.19,"pct":7.27},"sidewalks":{"area":522.22,"pct":0.89}},"city":{"roads":{"area":2948.95,"pct":5.04},"sidewalks":{"area":522.22,"pct":0.89}},"id":"hex:1558:14545"},"type":"Feature"},{"geometry":{"coordinates":[[[-118.61935,34.14269],[-118.62018,34.14385],[-118.62181,34.14383],[-118.6226,34.14265],[-118.62176,34.14149],[-118.62014,34.14151],[-118.61935,34.14269]]],"type":"Polygon"},"properties":{"bbox":{"roads":{"area":3399.83,"pct":5.82}},"city_same":1,"id":"hex:1558:14546"},"type":"Feature"},{"geometry":{"coordinates":[[[-118.61939,34.14503],[-118.62023,34.14619],[-118.62185,34.14617],[-118.62264,34.14499],[-118.62181,34.14383],[-118.62018,34.14385],[-118.61939,34.14503]]],"type":"Polygon"},"properties":{"bbox":{"roads":{"area":4757.87,"pct":8.14}},"city_same":1,"id":"hex:1558:14547"},"type":"Feature"},{"geometry":{"coordinates":[[[-118.62023,34.14619],[-118.62185,34.14617],[-118.62264,34.14727],[-118.6195,34.14727],[-118.62023,34.14619]]],"type":"Polygon"},"properties":{"bbox":{"roads":{"area":903.78,"pct":3.41}},"city_same":1,"id":"hex:1558:14548"},"type":"Feature"},{"geometry":{"coordinates":[[[-118.61666,34.12984],[-118.6175,34.131],[-118.61912,34.13098],[-118.61991,34.1298],[-118.61908,34.12864],[-118.61745,34.12866],[-118.61666,34.12984]]],"type":"Polygon"},"properties":{"bbox":{"roads":{"area":24.69,"pct":0.04}},"city_same":1,"id":"hex:1559:14540"},"type":"Feature"},{"geometry":{"coordinates":[[[-118.61671,34.13218],[-118.61754,34.13334],[-118.61917,34.13332],[-118.61996,34.13214],[-118.61912,34.13098],[-118.6175,34.131],[-118.61671,34.13218]]],"type":"Polygon"},"properties":{"bbox":{"roads":{"area":2867.69,"pct":4.91}},"city_same":1,"id":"hex:1559:14541"},"type":"Feature"},{"geometry":{"coordinates":[[[-118.61675,34.13452],[-118.61759,34.13568],[-118.61921,34.13566],[-118.62,34.13448],[-118.61917,34.13332],[-118.61754,34.13334],[-118.61675,34.13452]]],"type":"Polygon"},"properties":{"bbox":{"roads":{"area":2986.49,"pct":5.11}},"city_same":1,"id":"hex:1559:14542"},"type":"Feature"},{"geometry":{"coordinates":[[[-118.61679,34.13687],[-118.61763,34.13803],[-118.61926,34.13801],[-118.62005,34.13682],[-118.61921,34.13566],[-118.61759,34.13568],[-118.61679,34.13687]]],"type":"Polygon"},"properties":{"bbox":{"roads":{"area":3129.36,"pct":5.35}},"city_same":1,"id":"hex:1559:14543"},"type":"Feature"},{"geometry":{"coordinates":[[[-118.61684,34.13921],[-118.61767,34.14037],[-118.6193,34.14035],[-118.62009,34.13917],[-118.61926,34.13801],[-118.61763,34.13803],[-118.61684,34.13921]]],"type":"Polygon"},"properties":{"bbox":{"roads":{"area":5104.78,"pct":8.73},"sidewalks":{"area":138.01,"pct":0.24}},"city":{"roads":{"area":4731.43,"pct":8.09},"sidewalks":{"area":138.01,"pct":0.24}},"id":"hex:1559:14544"},"type":"Feature"},{"geometry":{"coordinates":[[[-118.61688,34.14155],[-118.61772,34.14271],[-118.61935,34.14269],[-118.62014,34.14151],[-118.6193,34.14035],[-118.61767,34.14037],[-118.61688,34.14155]]],"type":"Polygon"},"properties":{"bbox":{"roads":{"area":5677.84,"pct":9.71},"sidewalks":{"area":699.77,"pct":1.2}},"city":{"roads":{"area":3036.75,"pct":5.19},"sidewalks":{"area":699.77,"pct":1.2}},"id":"hex:1559:14545"},"type":"Feature"},{"geometry":{"coordinates":[[[-118.61693,34.14389],[-118.61776,34.14505],[-118.61939,34.14503],[-118.62018,34.14385],[-118.61935,34.14269],[-118.61772,34.14271],[-118.61693,34.14389]]],"type":"Polygon"},"properties":{"bbox":{"roads":{"area":4429.16,"pct":7.58}},"city_same":1,"id":"hex:1559:14546"},"type":"Feature"},{"geometry":{"coordinates":[[[-118.61697,34.14624],[-118.61776,34.14505],[-118.61939,34.14503],[-118.62023,34.14619],[-118.6195,34.14727],[-118.61907,34.14727],[-118.61772,34.14727],[-118.61697,34.14624]]],"type":"Polygon"},"properties":{"bbox":{"roads":{"area":2432.89,"pct":4.3}},"city_same":1,"id":"hex:1559:14547"},"type":"Feature"},{"geometry":{"coordinates":[[[-118.6142,34.1287],[-118.61503,34.12986],[-118.61666,34.12984],[-118.61745,34.12866],[-118.61662,34.1275],[-118.61499,34.12752],[-118.6142,34.1287]]],"type":"Polygon"},"properties":{"bbox":{"roads":{"area":1242.13,"pct":2.12}},"city_same":1,"id":"hex:1560:14540"},"type":"Feature"},{"geometry":{"coordinates":[[[-118.61424,34.13104],[-118.61508,34.1322],[-118.61671,34.13218],[-118.6175,34.131],[-118.61666,34.12984],[-118.61503,34.12986],[-118.61424,34.13104]]],"type":"Polygon"},"properties":{"bbox":{"roads":{"area":2150.3,"pct":3.68}},"city_same":1,"id":"hex:1560:14541"},"type":"Feature"},{"geometry":{"coordinates":[[[-118.61429,34.13339],[-118.61512,34.13455],[-118.61675,34.13452],[-118.61754,34.13334],[-118.61671,34.13218],[-118.61508,34.1322],[-118.61429,34.13339]]],"type":"Polygon"},"properties":{"bbox":{"roads":{"area":3014.6,"pct":5.16}},"city_same":1,"id":"hex:1560:14542"},"type":"Feature"},{"geometry":{"coordinates":[[[-118.61433,34.13573],[-118.61517,34.13689],[-118.61679,34.13687],[-118.61759,34.13568],[-118.61675,34.13452],[-118.61512,34.13455],[-118.61433,34.13573]]],"type":"Polygon"},"properties":{"bbox":{"roads":{"area":2907.16,"pct":4.97}},"city_same":1,"id":"hex:1560:14543"},"type":"Feature"},{"geometry":{"coordinates":[[[-118.61438,34.13807],[-118.61521,34.13923],[-118.61684,34.13921],[-118.61763,34.13803],[-118.61679,34.13687],[-118.61517,34.13689],[-118.61438,34.13807]]],"type":"Polygon"},"properties":{"bbox":{"roads":{"area":2836.83,"pct":4.85}},"city_same":1,"id":"hex:1560:14544"},"type":"Feature"},{"geometry":{"coordinates":[[[-118.61442,34.14041],[-118.61526,34.14157],[-118.61688,34.14155],[-118.61767,34.14037],[-118.61684,34.13921],[-118.61521,34.13923],[-118.61442,34.14041]]],"type":"Polygon"},"properties":{"bbox":{"roads":{"area":2906.63,"pct":4.97}},"city_same":1,"id":"hex:1560:14545"},"type":"Feature"},{"geometry":{"coordinates":[[[-118.61526,34.14157],[-118.61688,34.14155],[-118.61772,34.14271],[-118.61693,34.14389],[-118.6153,34.14391],[-118.6148,34.14322],[-118.615,34.14305],[-118.61499,34.14223],[-118.61498,34.14198],[-118.61526,34.14157]]],"type":"Polygon"},"properties":{"bbox":{"roads":{"area":4050.79,"pct":7.39},"sidewalks":{"area":733.79,"pct":1.34}},"city":{"roads":{"area":2026.53,"pct":3.7},"sidewalks":{"area":733.79,"pct":1.34}},"id":"hex:1560:14546"},"type":"Feature"},{"geometry":{"coordinates":[[[-118.61451,34.1451],[-118.61535,34.14626],[-118.61697,34.14624],[-118.61776,34.14505],[-118.61693,34.14389],[-118.6153,34.14391],[-118.61451,34.1451]]],"type":"Polygon"},"properties":{"bbox":{"roads":{"area":3448.35,"pct":5.9}},"city_same":1,"id":"hex:1560:14547"},"type":"Feature"},{"geometry":{"coordinates":[[[-118.61456,34.14744],[-118.61535,34.14626],[-118.61697,34.14624],[-118.61772,34.14727],[-118.61699,34.14728],[-118.61664,34.14727],[-118.61497,34.14728],[-118.61497,34.14802],[-118.61456,34.14744]]],"type":"Polygon"},"properties":{"bbox":{"roads":{"area":1344.09,"pct":5.07}},"city_same":1,"id":"hex:1560:14548"},"type":"Feature"},{"geometry":{"coordinates":[[[-118.61416,34.12636],[-118.61253,34.12638],[-118.61178,34.12534],[-118.61482,34.12536],[-118.61416,34.12636]]],"type":"Polygon"},"properties":{"bbox":{"roads":{"area":623.64,"pct":2.57}},"city_same":1,"id":"hex:1561:14538"},"type":"Feature"},{"geometry":{"coordinates":[[[-118.61174,34.12756],[-118.61257,34.12872],[-118.6142,34.1287],[-118.61499,34.12752],[-118.61416,34.12636],[-118.61253,34.12638],[-118.61174,34.12756]]],"type":"Polygon"},"properties":{"bbox":{"roads":{"area":1505.84,"pct":2.58}},"city_same":1,"id":"hex:1561:14539"},"type":"Feature"},{"geometry":{"coordinates":[[[-118.61183,34.13225],[-118.61266,34.13341],[-118.61429,34.13339],[-118.61508,34.1322],[-118.61424,34.13104],[-118.61262,34.13106],[-118.61183,34.13225]]],"type":"Polygon"},"properties":{"bbox":{"roads":{"area":1206.53,"pct":2.06}},"city_same":1,"id":"hex:1561:14541"},"type":"Feature"},{"geometry":{"coordinates":[[[-118.61187,34.13459],[-118.61271,34.13575],[-118.61433,34.13573],[-118.61512,34.13455],[-118.61429,34.13339],[-118.61266,34.13341],[-118.61187,34.13459]]],"type":"Polygon"},"properties":{"bbox":{"roads":{"area":897.33,"pct":1.54}},"city_same":1,"id":"hex:1561:14542"},"type":"Feature"},{"geometry":{"coordinates":[[[-118.61192,34.13693],[-118.61275,34.13809],[-118.61438,34.13807],[-118.61517,34.13689],[-118.61433,34.13573],[-118.61271,34.13575],[-118.61192,34.13693]]],"type":"Polygon"},"properties":{"bbox":{"roads":{"area":823.96,"pct":1.41}},"city_same":1,"id":"hex:1561:14543"},"type":"Feature"},{"geometry":{"coordinates":[[[-118.61196,34.13927],[-118.61275,34.13809],[-118.61438,34.13807],[-118.61521,34.13923],[-118.61442,34.14041],[-118.6128,34.14043],[-118.61263,34.14021],[-118.61263,34.14007],[-118.61254,34.14007],[-118.61196,34.13927]]],"type":"Polygon"},"properties":{"bbox":{"roads":{"area":2655.53,"pct":4.55}},"city_same":1,"id":"hex:1561:14544"},"type":"Feature"},{"geometry":{"coordinates":[[[-118.6128,34.14043],[-118.61442,34.14041],[-118.61526,34.14157],[-118.61498,34.14198],[-118.61498,34.14162],[-118.61408,34.14163],[-118.61265,34.14086],[-118.61264,34.14066],[-118.6128,34.14043]]],"type":"Polygon"},"properties":{"bbox":{"roads":{"area":783.18,"pct":3.57}},"city_same":1,"id":"hex:1561:14545"},"type":"Feature"},{"geometry":{"coordinates":[[[-118.6153,34.14391],[-118.61451,34.1451],[-118.61289,34.14512],[-118.61205,34.14396],[-118.61224,34.14367],[-118.61392,34.14367],[-118.61426,34.14367],[-118.6148,34.14322],[-118.6153,34.14391]]],"type":"Polygon"},"properties":{"bbox":{"roads":{"area":6698.42,"pct":16.9},"sidewalks":{"area":1187.19,"pct":2.99}},"city":{"roads":{"area":3492.7,"pct":8.81},"sidewalks":{"area":1187.19,"pct":2.99}},"id":"hex:1561:14546"},"type":"Feature"},{"geometry":{"coordinates":[[[-118.61209,34.1463],[-118.61293,34.14746],[-118.61456,34.14744],[-118.61535,34.14626],[-118.61451,34.1451],[-118.61289,34.14512],[-118.61209,34.1463]]],"type":"Polygon"},"properties":{"bbox":{"parking":{"area":1300.67,"pct":2.23},"roads":{"area":7854.46,"pct":13.44},"sidewalks":{"area":857.87,"pct":1.47}},"city":{"parking":{"area":1300.67,"pct":2.23},"roads":{"area":5722.92,"pct":9.79},"sidewalks":{"area":857.87,"pct":1.47}},"id":"hex:1561:14547"},"type":"Feature"},{"geometry":{"coordinates":[[[-118.61495,34.14926],[-118.61258,34.14836],[-118.61238,34.14828],[-118.61293,34.14746],[-118.61456,34.14744],[-118.61497,34.14802],[-118.61498,34.14922],[-118.61495,34.14926]]],"type":"Polygon"},"properties":{"bbox":{"parking":{"area":4969.2,"pct":15.74},"roads":{"area":2927.64,"pct":9.27},"sidewalks":{"area":147.77,"pct":0.47}},"city_same":1,"id":"hex:1561:14548"},"type":"Feature"},{"geometry":{"coordinates":[[[-118.60937,34.13111],[-118.6102,34.13227],[-118.61183,34.13225],[-118.61262,34.13106],[-118.61178,34.1299],[-118.61016,34.12993],[-118.60937,34.13111]]],"type":"Polygon"},"properties":{"bbox":{"roads":{"area":870.35,"pct":1.49}},"city_same":1,"id":"hex:1562:14541"},"type":"Feature"},{"geometry":{"coordinates":[[[-118.60941,34.13345],[-118.61025,34.13461],[-118.61187,34.13459],[-118.61266,34.13341],[-118.61183,34.13225],[-118.6102,34.13227],[-118.60941,34.13345]]],"type":"Polygon"},"properties":{"bbox":{"roads":{"area":4224.14,"pct":7.23}},"city_same":1,"id":"hex:1562:14542"},"type":"Feature"},{"geometry":{"coordinates":[[[-118.60945,34.13579],[-118.61029,34.13695],[-118.61192,34.13693],[-118.61271,34.13575],[-118.61187,34.13459],[-118.61025,34.13461],[-118.60945,34.13579]]],"type":"Polygon"},"properties":{"bbox":{"roads":{"area":2227.11,"pct":3.81}},"city_same":1,"id":"hex:1562:14543"},"type":"Feature"},{"geometry":{"coordinates":[[[-118.6095,34.13813],[-118.61033,34.13929],[-118.61196,34.13927],[-118.61275,34.13809],[-118.61192,34.13693],[-118.61029,34.13695],[-118.6095,34.13813]]],"type":"Polygon"},"properties":{"bbox":{"roads":{"area":1423.38,"pct":2.43}},"city_same":1,"id":"hex:1562:14544"},"type":"Feature"},{"geometry":{"coordinates":[[[-118.61205,34.14396],[-118.61289,34.14512],[-118.61209,34.1463],[-118.61059,34.14632],[-118.61059,34.14588],[-118.6106,34.14398],[-118.61205,34.14396]]],"type":"Polygon"},"properties":{"bbox":{"roads":{"area":2841.21,"pct":6.29},"sidewalks":{"area":490.11,"pct":1.09}},"city_same":1,"id":"hex:1562:14547"},"type":"Feature"},{"geometry":{"coordinates":[[[-118.61209,34.1463],[-118.61293,34.14746],[-118.61238,34.14828],[-118.61225,34.14823],[-118.6122,34.14821],[-118.61215,34.14819],[-118.612,34.14814],[-118.60981,34.1473],[-118.60984,34.14726],[-118.61058,34.14725],[-118.61059,34.14632],[-118.61209,34.1463]]],"type":"Polygon"},"properties":{"bbox":{"parking":{"area":2338.32,"pct":6.62},"roads":{"area":4422.12,"pct":12.52},"sidewalks":{"area":546.43,"pct":1.55}},"city":{"parking":{"area":2338.32,"pct":6.62},"roads":{"area":2245.99,"pct":6.36},"sidewalks":{"area":546.43,"pct":1.55}},"id":"hex:1562:14548"},"type":"Feature"},{"geometry":{"coordinates":[[[-118.60695,34.13231],[-118.60778,34.13347],[-118.60941,34.13345],[-118.6102,34.13227],[-118.60937,34.13111],[-118.60774,34.13113],[-118.60695,34.13231]]],"type":"Polygon"},"properties":{"bbox":{"roads":{"area":146.23,"pct":0.25}},"city_same":1,"id":"hex:1563:14541"},"type":"Feature"},{"geometry":{"coordinates":[[[-118.60699,34.13465],[-118.60783,34.13581],[-118.60945,34.13579],[-118.61025,34.13461],[-118.60941,34.13345],[-118.60778,34.13347],[-118.60699,34.13465]]],"type":"Polygon"},"properties":{"bbox":{"roads":{"area":1393.86,"pct":2.38}},"city_same":1,"id":"hex:1563:14542"},"type":"Feature"},{"geometry":{"coordinates":[[[-118.60704,34.13699],[-118.60787,34.13815],[-118.6095,34.13813],[-118.61029,34.13695],[-118.60945,34.13579],[-118.60783,34.13581],[-118.60704,34.13699]]],"type":"Polygon"},"properties":{"bbox":{"roads":{"area":1185.24,"pct":2.03}},"city_same":1,"id":"hex:1563:14543"},"type":"Feature"},{"geometry":{"coordinates":[[[-118.60699,34.13465],[-118.60783,34.13581],[-118.60704,34.13699],[-118.60623,34.13701],[-118.60624,34.13649],[-118.60624,34.13466],[-118.60699,34.13465]]],"type":"Polygon"},"properties":{"bbox":{"roads":{"area":1025.27,"pct":3.62}},"city_same":1,"id":"hex:1564:14543"},"type":"Feature"}],"type":"FeatureCollection","v":2}