{"features":[{"geometry":{"coordinates":[[[-122.42224,37.60005],[-122.42168,37.59927],[-122.42222,37.59854],[-122.42335,37.59957],[-122.42315,37.59971],[-122.42284,37.59989],[-122.42259,37.60005],[-122.42224,37.60005]]],"type":"Polygon"},"properties":{"bbox":{"roads":{"area":2343.9,"pct":17.78}},"city":{"roads":{"area":216.38,"pct":1.64}},"id":"hex:3673:24026"},"type":"Feature"},{"geometry":{"coordinates":[[[-122.42224,37.60005],[-122.42259,37.60005],[-122.42192,37.60049],[-122.42224,37.60005]]],"type":"Polygon"},"properties":{"bbox":{"roads":{"area":29.23,"pct":3.86}},"city_same":1,"id":"hex:3673:24027"},"type":"Feature"},{"geometry":{"coordinates":[[[-122.42334,37.60474],[-122.42221,37.60474],[-122.42165,37.60395],[-122.42193,37.60357],[-122.42334,37.60474],[-122.42334,37.60474]]],"type":"Polygon"},"properties":{"bbox":{"roads":{"area":1039.43,"pct":11.94}},"city_same":1,"id":"hex:3673:24029"},"type":"Feature"},{"geometry":{"coordinates":[[[-122.42163,37.60551],[-122.42219,37.6063],[-122.42333,37.6063],[-122.4239,37.60553],[-122.42334,37.60474],[-122.42221,37.60474],[-122.42163,37.60551]]],"type":"Polygon"},"properties":{"bbox":{"roads":{"area":996,"pct":3.83}},"city_same":1,"id":"hex:3673:24030"},"type":"Feature"},{"geometry":{"coordinates":[[[-122.42162,37.60708],[-122.42219,37.6063],[-122.42333,37.6063],[-122.42365,37.60675],[-122.42352,37.60681],[-122.42292,37.60713],[-122.422,37.6076],[-122.42162,37.60708]]],"type":"Polygon"},"properties":{"bbox":{"roads":{"area":560.69,"pct":3.72}},"city_same":1,"id":"hex:3673:24031"},"type":"Feature"},{"geometry":{"coordinates":[[[-122.42056,37.5977],[-122.42,37.59692],[-122.42017,37.59668],[-122.4213,37.59771],[-122.42056,37.5977]]],"type":"Polygon"},"properties":{"bbox":{"roads":{"area":2788.74,"pct":55.92}},"id":"hex:3674:24025"},"type":"Feature"},{"geometry":{"coordinates":[[[-122.42168,37.59927],[-122.42055,37.59926],[-122.41999,37.59848],[-122.42056,37.5977],[-122.4213,37.59771],[-122.42222,37.59854],[-122.42168,37.59927]]],"type":"Polygon"},"properties":{"bbox":{"roads":{"area":3456.06,"pct":14.34}},"city":{"roads":{"area":911.35,"pct":3.78}},"id":"hex:3674:24026"},"type":"Feature"},{"geometry":{"coordinates":[[[-122.42054,37.60083],[-122.41998,37.60004],[-122.42055,37.59926],[-122.42168,37.59927],[-122.42224,37.60005],[-122.42192,37.60049],[-122.4214,37.60083],[-122.42054,37.60083]]],"type":"Polygon"},"properties":{"bbox":{"roads":{"area":1701.08,"pct":6.66}},"city_same":1,"id":"hex:3674:24027"},"type":"Feature"},{"geometry":{"coordinates":[[[-122.42165,37.60395],[-122.42051,37.60395],[-122.41995,37.60316],[-122.42052,37.60239],[-122.42193,37.60357],[-122.42165,37.60395]]],"type":"Polygon"},"properties":{"bbox":{"roads":{"area":86.75,"pct":0.5}},"city_same":1,"id":"hex:3674:24029"},"type":"Feature"},{"geometry":{"coordinates":[[[-122.41994,37.60473],[-122.4205,37.60551],[-122.42163,37.60551],[-122.42221,37.60474],[-122.42165,37.60395],[-122.42051,37.60395],[-122.41994,37.60473]]],"type":"Polygon"},"properties":{"bbox":{"roads":{"area":2505.39,"pct":9.64}},"city_same":1,"id":"hex:3674:24030"},"type":"Feature"},{"geometry":{"coordinates":[[[-122.41993,37.60629],[-122.42049,37.60707],[-122.42162,37.60708],[-122.42219,37.6063],[-122.42163,37.60551],[-122.4205,37.60551],[-122.41993,37.60629]]],"type":"Polygon"},"properties":{"bbox":{"roads":{"area":1925,"pct":7.41}},"city_same":1,"id":"hex:3674:24031"},"type":"Feature"},{"geometry":{"coordinates":[[[-122.42048,37.60863],[-122.41992,37.60785],[-122.42049,37.60707],[-122.42162,37.60708],[-122.422,37.6076],[-122.42056,37.60833],[-122.42069,37.60849],[-122.4207,37.60863],[-122.42048,37.60863]]],"type":"Polygon"},"properties":{"bbox":{"roads":{"area":1374.22,"pct":7.92}},"city_same":1,"id":"hex:3674:24032"},"type":"Feature"},{"geometry":{"coordinates":[[[-122.42,37.59692],[-122.41887,37.59691],[-122.41831,37.59613],[-122.41881,37.59545],[-122.42017,37.59668],[-122.42,37.59692]]],"type":"Polygon"},"properties":{"bbox":{"roads":{"area":6312.93,"pct":43.35}},"city":{"roads":{"area":810.59,"pct":5.57}},"id":"hex:3675:24024"},"type":"Feature"},{"geometry":{"coordinates":[[[-122.4183,37.59769],[-122.41886,37.59848],[-122.41999,37.59848],[-122.42056,37.5977],[-122.42,37.59692],[-122.41887,37.59691],[-122.4183,37.59769]]],"type":"Polygon"},"properties":{"bbox":{"roads":{"area":2530.55,"pct":9.74}},"city":{"roads":{"area":2068.46,"pct":7.96}},"id":"hex:3675:24025"},"type":"Feature"},{"geometry":{"coordinates":[[[-122.41828,37.59925],[-122.41884,37.60004],[-122.41998,37.60004],[-122.42055,37.59926],[-122.41999,37.59848],[-122.41886,37.59848],[-122.41828,37.59925]]],"type":"Polygon"},"properties":{"bbox":{"roads":{"area":1048.93,"pct":4.04}},"city_same":1,"id":"hex:3675:24026"},"type":"Feature"},{"geometry":{"coordinates":[[[-122.41827,37.60081],[-122.41883,37.6016],[-122.41997,37.6016],[-122.42054,37.60083],[-122.41998,37.60004],[-122.41884,37.60004],[-122.41827,37.60081]]],"type":"Polygon"},"properties":{"bbox":{"roads":{"area":593.36,"pct":2.28}},"city_same":1,"id":"hex:3675:24027"},"type":"Feature"},{"geometry":{"coordinates":[[[-122.41995,37.60316],[-122.41882,37.60316],[-122.41826,37.60238],[-122.41883,37.6016],[-122.41997,37.6016],[-122.42004,37.60171],[-122.41985,37.60183],[-122.42052,37.60239],[-122.41995,37.60316]]],"type":"Polygon"},"properties":{"bbox":{"roads":{"area":1579.87,"pct":6.32}},"city_same":1,"id":"hex:3675:24028"},"type":"Feature"},{"geometry":{"coordinates":[[[-122.41825,37.60394],[-122.41881,37.60472],[-122.41994,37.60473],[-122.42051,37.60395],[-122.41995,37.60316],[-122.41882,37.60316],[-122.41825,37.60394]]],"type":"Polygon"},"properties":{"bbox":{"roads":{"area":2252.54,"pct":8.67}},"city_same":1,"id":"hex:3675:24029"},"type":"Feature"},{"geometry":{"coordinates":[[[-122.41824,37.6055],[-122.4188,37.60628],[-122.41993,37.60629],[-122.4205,37.60551],[-122.41994,37.60473],[-122.41881,37.60472],[-122.41824,37.6055]]],"type":"Polygon"},"properties":{"bbox":{"roads":{"area":2206.89,"pct":8.49}},"city_same":1,"id":"hex:3675:24030"},"type":"Feature"},{"geometry":{"coordinates":[[[-122.41822,37.60706],[-122.41878,37.60784],[-122.41992,37.60785],[-122.42049,37.60707],[-122.41993,37.60629],[-122.4188,37.60628],[-122.41822,37.60706]]],"type":"Polygon"},"properties":{"bbox":{"roads":{"area":2748.54,"pct":10.58}},"city_same":1,"id":"hex:3675:24031"},"type":"Feature"},{"geometry":{"coordinates":[[[-122.41821,37.60862],[-122.41877,37.6094],[-122.4199,37.60941],[-122.42048,37.60863],[-122.41992,37.60785],[-122.41878,37.60784],[-122.41821,37.60862]]],"type":"Polygon"},"properties":{"bbox":{"roads":{"area":2022.6,"pct":7.78}},"city_same":1,"id":"hex:3675:24032"},"type":"Feature"},{"geometry":{"coordinates":[[[-122.41719,37.59456],[-122.41663,37.59378],[-122.41677,37.59359],[-122.41784,37.59457],[-122.41719,37.59456]]],"type":"Polygon"},"properties":{"bbox":{"roads":{"area":1881.88,"pct":45.12}},"id":"hex:3676:24023"},"type":"Feature"},{"geometry":{"coordinates":[[[-122.41831,37.59613],[-122.41718,37.59613],[-122.41662,37.59534],[-122.41719,37.59456],[-122.41784,37.59457],[-122.41881,37.59545],[-122.41831,37.59613]]],"type":"Polygon"},"properties":{"bbox":{"roads":{"area":4924.4,"pct":21.04}},"city":{"roads":{"area":1010.34,"pct":4.32}},"id":"hex:3676:24024"},"type":"Feature"},{"geometry":{"coordinates":[[[-122.4166,37.5969],[-122.41716,37.59769],[-122.4183,37.59769],[-122.41887,37.59691],[-122.41831,37.59613],[-122.41718,37.59613],[-122.4166,37.5969]]],"type":"Polygon"},"properties":{"bbox":{"roads":{"area":2929.33,"pct":11.28}},"city":{"roads":{"area":2837.25,"pct":10.92}},"id":"hex:3676:24025"},"type":"Feature"},{"geometry":{"coordinates":[[[-122.41659,37.59846],[-122.41715,37.59925],[-122.41828,37.59925],[-122.41886,37.59848],[-122.4183,37.59769],[-122.41716,37.59769],[-122.41659,37.59846]]],"type":"Polygon"},"properties":{"bbox":{"roads":{"area":1304.65,"pct":5.02}},"city_same":1,"id":"hex:3676:24026"},"type":"Feature"},{"geometry":{"coordinates":[[[-122.41658,37.60003],[-122.41714,37.60081],[-122.41827,37.60081],[-122.41884,37.60004],[-122.41828,37.59925],[-122.41715,37.59925],[-122.41658,37.60003]]],"type":"Polygon"},"properties":{"bbox":{"roads":{"area":2001,"pct":7.7}},"city_same":1,"id":"hex:3676:24027"},"type":"Feature"},{"geometry":{"coordinates":[[[-122.41657,37.60159],[-122.41713,37.60237],[-122.41826,37.60238],[-122.41883,37.6016],[-122.41827,37.60081],[-122.41714,37.60081],[-122.41657,37.60159]]],"type":"Polygon"},"properties":{"bbox":{"roads":{"area":1506.53,"pct":5.8}},"city_same":1,"id":"hex:3676:24028"},"type":"Feature"},{"geometry":{"coordinates":[[[-122.41655,37.60315],[-122.41711,37.60393],[-122.41825,37.60394],[-122.41882,37.60316],[-122.41826,37.60238],[-122.41713,37.60237],[-122.41655,37.60315]]],"type":"Polygon"},"properties":{"bbox":{"roads":{"area":2683.74,"pct":10.33}},"city_same":1,"id":"hex:3676:24029"},"type":"Feature"},{"geometry":{"coordinates":[[[-122.41654,37.60471],[-122.4171,37.60549],[-122.41824,37.6055],[-122.41881,37.60472],[-122.41825,37.60394],[-122.41711,37.60393],[-122.41654,37.60471]]],"type":"Polygon"},"properties":{"bbox":{"roads":{"area":1781.52,"pct":6.86}},"city_same":1,"id":"hex:3676:24030"},"type":"Feature"},{"geometry":{"coordinates":[[[-122.41653,37.60627],[-122.41709,37.60705],[-122.41822,37.60706],[-122.4188,37.60628],[-122.41824,37.6055],[-122.4171,37.60549],[-122.41653,37.60627]]],"type":"Polygon"},"properties":{"bbox":{"roads":{"area":2008.37,"pct":7.73}},"city_same":1,"id":"hex:3676:24031"},"type":"Feature"},{"geometry":{"coordinates":[[[-122.41651,37.60939],[-122.41708,37.60861],[-122.41821,37.60862],[-122.41877,37.6094],[-122.41852,37.60974],[-122.41832,37.60947],[-122.41703,37.61013],[-122.41651,37.60939]]],"type":"Polygon"},"properties":{"bbox":{"roads":{"area":1353.11,"pct":6.52}},"city_same":1,"id":"hex:3676:24033"},"type":"Feature"},{"geometry":{"coordinates":[[[-122.41663,37.59378],[-122.41549,37.59378],[-122.41493,37.59299],[-122.4154,37.59235],[-122.41677,37.59359],[-122.41663,37.59378]]],"type":"Polygon"},"properties":{"bbox":{"roads":{"area":3411.04,"pct":25.17}},"city":{"roads":{"area":114.39,"pct":0.84}},"id":"hex:3677:24022"},"type":"Feature"},{"geometry":{"coordinates":[[[-122.41492,37.59455],[-122.41548,37.59534],[-122.41662,37.59534],[-122.41719,37.59456],[-122.41663,37.59378],[-122.41549,37.59378],[-122.41492,37.59455]]],"type":"Polygon"},"properties":{"bbox":{"roads":{"area":3016.92,"pct":11.61}},"city":{"roads":{"area":2142.06,"pct":8.24}},"id":"hex:3677:24023"},"type":"Feature"},{"geometry":{"coordinates":[[[-122.41491,37.59611],[-122.41547,37.5969],[-122.4166,37.5969],[-122.41718,37.59613],[-122.41662,37.59534],[-122.41548,37.59534],[-122.41491,37.59611]]],"type":"Polygon"},"properties":{"bbox":{"roads":{"area":1745.13,"pct":6.72}},"city_same":1,"id":"hex:3677:24024"},"type":"Feature"},{"geometry":{"coordinates":[[[-122.41489,37.59924],[-122.41545,37.60002],[-122.41658,37.60003],[-122.41715,37.59925],[-122.41659,37.59846],[-122.41546,37.59846],[-122.41489,37.59924]]],"type":"Polygon"},"properties":{"bbox":{"roads":{"area":2729.58,"pct":10.51}},"city_same":1,"id":"hex:3677:24026"},"type":"Feature"},{"geometry":{"coordinates":[[[-122.41487,37.6008],[-122.41543,37.60158],[-122.41657,37.60159],[-122.41714,37.60081],[-122.41658,37.60003],[-122.41545,37.60002],[-122.41487,37.6008]]],"type":"Polygon"},"properties":{"bbox":{"roads":{"area":2748.21,"pct":10.58}},"city_same":1,"id":"hex:3677:24027"},"type":"Feature"},{"geometry":{"coordinates":[[[-122.41486,37.60236],[-122.41542,37.60314],[-122.41655,37.60315],[-122.41713,37.60237],[-122.41657,37.60159],[-122.41543,37.60158],[-122.41486,37.60236]]],"type":"Polygon"},"properties":{"bbox":{"roads":{"area":935.33,"pct":3.6}},"city_same":1,"id":"hex:3677:24028"},"type":"Feature"},{"geometry":{"coordinates":[[[-122.41485,37.60392],[-122.41541,37.6047],[-122.41654,37.60471],[-122.41711,37.60393],[-122.41655,37.60315],[-122.41542,37.60314],[-122.41485,37.60392]]],"type":"Polygon"},"properties":{"bbox":{"roads":{"area":2382.24,"pct":9.17}},"city_same":1,"id":"hex:3677:24029"},"type":"Feature"},{"geometry":{"coordinates":[[[-122.41484,37.60548],[-122.4154,37.60626],[-122.41653,37.60627],[-122.4171,37.60549],[-122.41654,37.60471],[-122.41541,37.6047],[-122.41484,37.60548]]],"type":"Polygon"},"properties":{"bbox":{"roads":{"area":731.92,"pct":2.82}},"city_same":1,"id":"hex:3677:24030"},"type":"Feature"},{"geometry":{"coordinates":[[[-122.41482,37.60704],[-122.41538,37.60783],[-122.41652,37.60783],[-122.41709,37.60705],[-122.41653,37.60627],[-122.4154,37.60626],[-122.41482,37.60704]]],"type":"Polygon"},"properties":{"bbox":{"roads":{"area":654.52,"pct":2.52}},"city_same":1,"id":"hex:3677:24031"},"type":"Feature"},{"geometry":{"coordinates":[[[-122.41481,37.6086],[-122.41537,37.60939],[-122.41651,37.60939],[-122.41708,37.60861],[-122.41652,37.60783],[-122.41538,37.60783],[-122.41481,37.6086]]],"type":"Polygon"},"properties":{"bbox":{"roads":{"area":2566.1,"pct":9.88}},"city_same":1,"id":"hex:3677:24032"},"type":"Feature"},{"geometry":{"coordinates":[[[-122.41536,37.61095],[-122.4148,37.61016],[-122.41537,37.60939],[-122.41651,37.60939],[-122.41703,37.61013],[-122.41542,37.61095],[-122.41536,37.61095]]],"type":"Polygon"},"properties":{"bbox":{"roads":{"area":2938.04,"pct":13.76}},"city_same":1,"id":"hex:3677:24033"},"type":"Feature"},{"geometry":{"coordinates":[[[-122.41381,37.59143],[-122.41325,37.59064],[-122.41356,37.59022],[-122.41421,37.59131],[-122.41436,37.59143],[-122.41381,37.59143]]],"type":"Polygon"},"properties":{"bbox":{"roads":{"area":1846.51,"pct":36}},"id":"hex:3678:24021"},"type":"Feature"},{"geometry":{"coordinates":[[[-122.41493,37.59299],[-122.4138,37.59299],[-122.41324,37.5922],[-122.41381,37.59143],[-122.41436,37.59143],[-122.41458,37.59161],[-122.4154,37.59235],[-122.41493,37.59299]]],"type":"Polygon"},"properties":{"bbox":{"roads":{"area":3638.51,"pct":16.07}},"city":{"roads":{"area":2067.85,"pct":9.13}},"id":"hex:3678:24022"},"type":"Feature"},{"geometry":{"coordinates":[[[-122.41323,37.59376],[-122.41379,37.59455],[-122.41492,37.59455],[-122.41549,37.59378],[-122.41493,37.59299],[-122.4138,37.59299],[-122.41323,37.59376]]],"type":"Polygon"},"properties":{"bbox":{"roads":{"area":3656.93,"pct":14.08}},"city_same":1,"id":"hex:3678:24023"},"type":"Feature"},{"geometry":{"coordinates":[[[-122.41322,37.59532],[-122.41378,37.59611],[-122.41491,37.59611],[-122.41548,37.59534],[-122.41492,37.59455],[-122.41379,37.59455],[-122.41322,37.59532]]],"type":"Polygon"},"properties":{"bbox":{"roads":{"area":2266.85,"pct":8.73}},"city_same":1,"id":"hex:3678:24024"},"type":"Feature"},{"geometry":{"coordinates":[[[-122.4132,37.59689],[-122.41377,37.59767],[-122.4149,37.59768],[-122.41547,37.5969],[-122.41491,37.59611],[-122.41378,37.59611],[-122.4132,37.59689]]],"type":"Polygon"},"properties":{"bbox":{"roads":{"area":1372.04,"pct":5.28}},"city_same":1,"id":"hex:3678:24025"},"type":"Feature"},{"geometry":{"coordinates":[[[-122.41319,37.59845],[-122.41375,37.59923],[-122.41489,37.59924],[-122.41546,37.59846],[-122.4149,37.59768],[-122.41377,37.59767],[-122.41319,37.59845]]],"type":"Polygon"},"properties":{"bbox":{"roads":{"area":2520.87,"pct":9.7}},"city_same":1,"id":"hex:3678:24026"},"type":"Feature"},{"geometry":{"coordinates":[[[-122.41318,37.60001],[-122.41374,37.60079],[-122.41487,37.6008],[-122.41545,37.60002],[-122.41489,37.59924],[-122.41375,37.59923],[-122.41318,37.60001]]],"type":"Polygon"},"properties":{"bbox":{"roads":{"area":2363.74,"pct":9.1}},"city_same":1,"id":"hex:3678:24027"},"type":"Feature"},{"geometry":{"coordinates":[[[-122.41317,37.60157],[-122.41373,37.60235],[-122.41486,37.60236],[-122.41543,37.60158],[-122.41487,37.6008],[-122.41374,37.60079],[-122.41317,37.60157]]],"type":"Polygon"},"properties":{"bbox":{"roads":{"area":982.93,"pct":3.78}},"city_same":1,"id":"hex:3678:24028"},"type":"Feature"},{"geometry":{"coordinates":[[[-122.41316,37.60313],[-122.41372,37.60391],[-122.41485,37.60392],[-122.41542,37.60314],[-122.41486,37.60236],[-122.41373,37.60235],[-122.41316,37.60313]]],"type":"Polygon"},"properties":{"bbox":{"roads":{"area":531.21,"pct":2.04}},"city_same":1,"id":"hex:3678:24029"},"type":"Feature"},{"geometry":{"coordinates":[[[-122.41314,37.60469],[-122.4137,37.60547],[-122.41484,37.60548],[-122.41541,37.6047],[-122.41485,37.60392],[-122.41372,37.60391],[-122.41314,37.60469]]],"type":"Polygon"},"properties":{"bbox":{"roads":{"area":850.11,"pct":3.27}},"city_same":1,"id":"hex:3678:24030"},"type":"Feature"},{"geometry":{"coordinates":[[[-122.41313,37.60625],[-122.41369,37.60704],[-122.41482,37.60704],[-122.4154,37.60626],[-122.41484,37.60548],[-122.4137,37.60547],[-122.41313,37.60625]]],"type":"Polygon"},"properties":{"bbox":{"roads":{"area":1423.41,"pct":5.48}},"city_same":1,"id":"hex:3678:24031"},"type":"Feature"},{"geometry":{"coordinates":[[[-122.41312,37.60781],[-122.41368,37.6086],[-122.41481,37.6086],[-122.41538,37.60783],[-122.41482,37.60704],[-122.41369,37.60704],[-122.41312,37.60781]]],"type":"Polygon"},"properties":{"bbox":{"roads":{"area":3123.25,"pct":12.02}},"city_same":1,"id":"hex:3678:24032"},"type":"Feature"},{"geometry":{"coordinates":[[[-122.41311,37.60937],[-122.41367,37.61016],[-122.4148,37.61016],[-122.41537,37.60939],[-122.41481,37.6086],[-122.41368,37.6086],[-122.41311,37.60937]]],"type":"Polygon"},"properties":{"bbox":{"roads":{"area":1900.95,"pct":7.32}},"city_same":1,"id":"hex:3678:24033"},"type":"Feature"},{"geometry":{"coordinates":[[[-122.41365,37.61172],[-122.41309,37.61094],[-122.41367,37.61016],[-122.4148,37.61016],[-122.41536,37.61095],[-122.41533,37.611],[-122.4139,37.61172],[-122.41365,37.61172]]],"type":"Polygon"},"properties":{"bbox":{"roads":{"area":2416.08,"pct":10.6}},"city_same":1,"id":"hex:3678:24034"},"type":"Feature"},{"geometry":{"coordinates":[[[-122.41213,37.58907],[-122.41157,37.58829],[-122.41205,37.58765],[-122.41289,37.58908],[-122.41213,37.58907]]],"type":"Polygon"},"properties":{"bbox":{"roads":{"area":2892.19,"pct":32.62}},"city":{"roads":{"area":20.51,"pct":0.23}},"id":"hex:3679:24019"},"type":"Feature"},{"geometry":{"coordinates":[[[-122.41325,37.59064],[-122.41212,37.59064],[-122.41156,37.58985],[-122.41213,37.58907],[-122.41289,37.58908],[-122.41356,37.59022],[-122.41325,37.59064]]],"type":"Polygon"},"properties":{"bbox":{"roads":{"area":6991.49,"pct":31.91}},"city":{"roads":{"area":949.2,"pct":4.33}},"id":"hex:3679:24020"},"type":"Feature"},{"geometry":{"coordinates":[[[-122.41155,37.59141],[-122.41211,37.5922],[-122.41324,37.5922],[-122.41381,37.59143],[-122.41325,37.59064],[-122.41212,37.59064],[-122.41155,37.59141]]],"type":"Polygon"},"properties":{"bbox":{"roads":{"area":3914.26,"pct":15.07}},"city":{"roads":{"area":3895.22,"pct":14.99}},"id":"hex:3679:24021"},"type":"Feature"},{"geometry":{"coordinates":[[[-122.41154,37.59297],[-122.4121,37.59376],[-122.41323,37.59376],[-122.4138,37.59299],[-122.41324,37.5922],[-122.41211,37.5922],[-122.41154,37.59297]]],"type":"Polygon"},"properties":{"bbox":{"roads":{"area":1324.01,"pct":5.1}},"city_same":1,"id":"hex:3679:24022"},"type":"Feature"},{"geometry":{"coordinates":[[[-122.41152,37.59454],[-122.41208,37.59532],[-122.41322,37.59532],[-122.41379,37.59455],[-122.41323,37.59376],[-122.4121,37.59376],[-122.41152,37.59454]]],"type":"Polygon"},"properties":{"bbox":{"roads":{"area":3486.76,"pct":13.42}},"city_same":1,"id":"hex:3679:24023"},"type":"Feature"},{"geometry":{"coordinates":[[[-122.41151,37.5961],[-122.41207,37.59688],[-122.4132,37.59689],[-122.41378,37.59611],[-122.41322,37.59532],[-122.41208,37.59532],[-122.41151,37.5961]]],"type":"Polygon"},"properties":{"bbox":{"roads":{"area":129.28,"pct":0.5}},"city_same":1,"id":"hex:3679:24024"},"type":"Feature"},{"geometry":{"coordinates":[[[-122.4115,37.59766],[-122.41206,37.59844],[-122.41319,37.59845],[-122.41377,37.59767],[-122.4132,37.59689],[-122.41207,37.59688],[-122.4115,37.59766]]],"type":"Polygon"},"properties":{"bbox":{"roads":{"area":2088.85,"pct":8.04}},"city_same":1,"id":"hex:3679:24025"},"type":"Feature"},{"geometry":{"coordinates":[[[-122.41149,37.59922],[-122.41205,37.6],[-122.41318,37.60001],[-122.41375,37.59923],[-122.41319,37.59845],[-122.41206,37.59844],[-122.41149,37.59922]]],"type":"Polygon"},"properties":{"bbox":{"roads":{"area":2960.29,"pct":11.39}},"city_same":1,"id":"hex:3679:24026"},"type":"Feature"},{"geometry":{"coordinates":[[[-122.41144,37.60546],[-122.412,37.60625],[-122.41313,37.60625],[-122.4137,37.60547],[-122.41314,37.60469],[-122.41201,37.60469],[-122.41144,37.60546]]],"type":"Polygon"},"properties":{"bbox":{"roads":{"area":1751.35,"pct":6.74}},"city_same":1,"id":"hex:3679:24030"},"type":"Feature"},{"geometry":{"coordinates":[[[-122.41143,37.60702],[-122.41199,37.60781],[-122.41312,37.60781],[-122.41369,37.60704],[-122.41313,37.60625],[-122.412,37.60625],[-122.41143,37.60702]]],"type":"Polygon"},"properties":{"bbox":{"roads":{"area":2183.31,"pct":8.4}},"city_same":1,"id":"hex:3679:24031"},"type":"Feature"},{"geometry":{"coordinates":[[[-122.41141,37.60859],[-122.41197,37.60937],[-122.41311,37.60937],[-122.41368,37.6086],[-122.41312,37.60781],[-122.41199,37.60781],[-122.41141,37.60859]]],"type":"Polygon"},"properties":{"bbox":{"roads":{"area":2920.27,"pct":11.24}},"city_same":1,"id":"hex:3679:24032"},"type":"Feature"},{"geometry":{"coordinates":[[[-122.4114,37.61015],[-122.41196,37.61093],[-122.41309,37.61094],[-122.41367,37.61016],[-122.41311,37.60937],[-122.41197,37.60937],[-122.4114,37.61015]]],"type":"Polygon"},"properties":{"bbox":{"roads":{"area":1692.5,"pct":6.51}},"city_same":1,"id":"hex:3679:24033"},"type":"Feature"},{"geometry":{"coordinates":[[[-122.41195,37.61249],[-122.41139,37.61171],[-122.41196,37.61093],[-122.41309,37.61094],[-122.41365,37.61172],[-122.41351,37.61192],[-122.41317,37.61209],[-122.41299,37.61217],[-122.41236,37.61249],[-122.41195,37.61249]]],"type":"Polygon"},"properties":{"bbox":{"roads":{"area":3695.26,"pct":15.44}},"city_same":1,"id":"hex:3679:24034"},"type":"Feature"},{"geometry":{"coordinates":[[[-122.41157,37.58829],[-122.41044,37.58829],[-122.40988,37.5875],[-122.41045,37.58672],[-122.41065,37.58673],[-122.41181,37.58749],[-122.41204,37.58764],[-122.41205,37.58765],[-122.41157,37.58829]]],"type":"Polygon"},"properties":{"bbox":{"roads":{"area":7629.94,"pct":36.29}},"city":{"roads":{"area":1093.7,"pct":5.2}},"id":"hex:3680:24019"},"type":"Feature"},{"geometry":{"coordinates":[[[-122.40987,37.58906],[-122.41043,37.58985],[-122.41156,37.58985],[-122.41213,37.58907],[-122.41157,37.58829],[-122.41044,37.58829],[-122.40987,37.58906]]],"type":"Polygon"},"properties":{"bbox":{"roads":{"area":4668.67,"pct":17.97}},"city":{"roads":{"area":2948.16,"pct":11.35}},"id":"hex:3680:24020"},"type":"Feature"},{"geometry":{"coordinates":[[[-122.40986,37.59062],[-122.41042,37.59141],[-122.41155,37.59141],[-122.41212,37.59064],[-122.41156,37.58985],[-122.41043,37.58985],[-122.40986,37.59062]]],"type":"Polygon"},"properties":{"bbox":{"roads":{"area":3928.65,"pct":15.12}},"city_same":1,"id":"hex:3680:24021"},"type":"Feature"},{"geometry":{"coordinates":[[[-122.40984,37.59219],[-122.4104,37.59297],[-122.41154,37.59297],[-122.41211,37.5922],[-122.41155,37.59141],[-122.41042,37.59141],[-122.40984,37.59219]]],"type":"Polygon"},"properties":{"bbox":{"roads":{"area":2695.01,"pct":10.37}},"city_same":1,"id":"hex:3680:24022"},"type":"Feature"},{"geometry":{"coordinates":[[[-122.40982,37.59531],[-122.41038,37.59609],[-122.41151,37.5961],[-122.41208,37.59532],[-122.41152,37.59454],[-122.41039,37.59453],[-122.40982,37.59531]]],"type":"Polygon"},"properties":{"bbox":{"roads":{"area":2451.92,"pct":9.44}},"city_same":1,"id":"hex:3680:24024"},"type":"Feature"},{"geometry":{"coordinates":[[[-122.40981,37.59687],[-122.41037,37.59765],[-122.4115,37.59766],[-122.41207,37.59688],[-122.41151,37.5961],[-122.41038,37.59609],[-122.40981,37.59687]]],"type":"Polygon"},"properties":{"bbox":{"roads":{"area":2875.58,"pct":11.07}},"city_same":1,"id":"hex:3680:24025"},"type":"Feature"},{"geometry":{"coordinates":[[[-122.40979,37.59843],[-122.41035,37.59921],[-122.41149,37.59922],[-122.41206,37.59844],[-122.4115,37.59766],[-122.41037,37.59765],[-122.40979,37.59843]]],"type":"Polygon"},"properties":{"bbox":{"roads":{"area":2101.92,"pct":8.09}},"city_same":1,"id":"hex:3680:24026"},"type":"Feature"},{"geometry":{"coordinates":[[[-122.40978,37.59999],[-122.41034,37.60077],[-122.41148,37.60078],[-122.41205,37.6],[-122.41149,37.59922],[-122.41035,37.59921],[-122.40978,37.59999]]],"type":"Polygon"},"properties":{"bbox":{"roads":{"area":1501.37,"pct":5.78}},"city_same":1,"id":"hex:3680:24027"},"type":"Feature"},{"geometry":{"coordinates":[[[-122.40973,37.60624],[-122.41029,37.60702],[-122.41143,37.60702],[-122.412,37.60625],[-122.41144,37.60546],[-122.41031,37.60546],[-122.40973,37.60624]]],"type":"Polygon"},"properties":{"bbox":{"roads":{"area":1765.11,"pct":6.79}},"city_same":1,"id":"hex:3680:24031"},"type":"Feature"},{"geometry":{"coordinates":[[[-122.40972,37.6078],[-122.41028,37.60858],[-122.41141,37.60859],[-122.41199,37.60781],[-122.41143,37.60702],[-122.41029,37.60702],[-122.40972,37.6078]]],"type":"Polygon"},"properties":{"bbox":{"roads":{"area":2253.48,"pct":8.67}},"city_same":1,"id":"hex:3680:24032"},"type":"Feature"},{"geometry":{"coordinates":[[[-122.40971,37.60936],[-122.41027,37.61014],[-122.4114,37.61015],[-122.41197,37.60937],[-122.41141,37.60859],[-122.41028,37.60858],[-122.40971,37.60936]]],"type":"Polygon"},"properties":{"bbox":{"roads":{"area":3333.78,"pct":12.83}},"city_same":1,"id":"hex:3680:24033"},"type":"Feature"},{"geometry":{"coordinates":[[[-122.4097,37.61092],[-122.41026,37.6117],[-122.41139,37.61171],[-122.41196,37.61093],[-122.4114,37.61015],[-122.41027,37.61014],[-122.4097,37.61092]]],"type":"Polygon"},"properties":{"bbox":{"roads":{"area":1930.59,"pct":7.43}},"city_same":1,"id":"hex:3680:24034"},"type":"Feature"},{"geometry":{"coordinates":[[[-122.41024,37.61326],[-122.40968,37.61248],[-122.41026,37.6117],[-122.41139,37.61171],[-122.41195,37.61249],[-122.4117,37.61283],[-122.41084,37.61327],[-122.41024,37.61326]]],"type":"Polygon"},"properties":{"bbox":{"roads":{"area":2475.76,"pct":9.97}},"city_same":1,"id":"hex:3680:24035"},"type":"Feature"},{"geometry":{"coordinates":[[[-122.41024,37.61326],[-122.41084,37.61327],[-122.41081,37.61328],[-122.4104,37.61349],[-122.40988,37.61375],[-122.41024,37.61326]]],"type":"Polygon"},"properties":{"bbox":{"roads":{"area":424.23,"pct":29.6}},"city_same":1,"id":"hex:3680:24036"},"type":"Feature"},{"geometry":{"coordinates":[[[-122.40912,37.58594],[-122.40932,37.58585],[-122.40945,37.58594],[-122.40912,37.58594]]],"type":"Polygon"},"properties":{"bbox":{"roads":{"area":0.05,"pct":0.04}},"id":"hex:3681:24017"},"type":"Feature"},{"geometry":{"coordinates":[[[-122.41045,37.58672],[-122.40988,37.5875],[-122.40875,37.5875],[-122.40819,37.58671],[-122.40859,37.58617],[-122.40912,37.58594],[-122.40945,37.58594],[-122.41028,37.58648],[-122.41045,37.58672]]],"type":"Polygon"},"properties":{"bbox":{"roads":{"area":6497.16,"pct":26.61}},"city":{"roads":{"area":594.02,"pct":2.43}},"id":"hex:3681:24018"},"type":"Feature"},{"geometry":{"coordinates":[[[-122.40818,37.58827],[-122.40874,37.58906],[-122.40987,37.58906],[-122.41044,37.58829],[-122.40988,37.5875],[-122.40875,37.5875],[-122.40818,37.58827]]],"type":"Polygon"},"properties":{"bbox":{"roads":{"area":2903.04,"pct":11.17}},"city_same":1,"id":"hex:3681:24019"},"type":"Feature"},{"geometry":{"coordinates":[[[-122.40816,37.58984],[-122.40872,37.59062],[-122.40986,37.59062],[-122.41043,37.58985],[-122.40987,37.58906],[-122.40874,37.58906],[-122.40816,37.58984]]],"type":"Polygon"},"properties":{"bbox":{"roads":{"area":2408.4,"pct":9.27}},"city_same":1,"id":"hex:3681:24020"},"type":"Feature"},{"geometry":{"coordinates":[[[-122.40815,37.5914],[-122.40871,37.59218],[-122.40984,37.59219],[-122.41042,37.59141],[-122.40986,37.59062],[-122.40872,37.59062],[-122.40815,37.5914]]],"type":"Polygon"},"properties":{"bbox":{"roads":{"area":2725.71,"pct":10.49}},"city_same":1,"id":"hex:3681:24021"},"type":"Feature"},{"geometry":{"coordinates":[[[-122.40814,37.59296],[-122.4087,37.59374],[-122.40983,37.59375],[-122.4104,37.59297],[-122.40984,37.59219],[-122.40871,37.59218],[-122.40814,37.59296]]],"type":"Polygon"},"properties":{"bbox":{"roads":{"area":1824.27,"pct":7.02}},"city_same":1,"id":"hex:3681:24022"},"type":"Feature"},{"geometry":{"coordinates":[[[-122.40813,37.59452],[-122.40869,37.5953],[-122.40982,37.59531],[-122.41039,37.59453],[-122.40983,37.59375],[-122.4087,37.59374],[-122.40813,37.59452]]],"type":"Polygon"},"properties":{"bbox":{"roads":{"area":692.04,"pct":2.66}},"city_same":1,"id":"hex:3681:24023"},"type":"Feature"},{"geometry":{"coordinates":[[[-122.40811,37.59608],[-122.40867,37.59686],[-122.40981,37.59687],[-122.41038,37.59609],[-122.40982,37.59531],[-122.40869,37.5953],[-122.40811,37.59608]]],"type":"Polygon"},"properties":{"bbox":{"roads":{"area":2850.53,"pct":10.97}},"city_same":1,"id":"hex:3681:24024"},"type":"Feature"},{"geometry":{"coordinates":[[[-122.4081,37.59764],[-122.40866,37.59842],[-122.40979,37.59843],[-122.41037,37.59765],[-122.40981,37.59687],[-122.40867,37.59686],[-122.4081,37.59764]]],"type":"Polygon"},"properties":{"bbox":{"roads":{"area":1869.87,"pct":7.2}},"city_same":1,"id":"hex:3681:24025"},"type":"Feature"},{"geometry":{"coordinates":[[[-122.40809,37.5992],[-122.40865,37.59999],[-122.40978,37.59999],[-122.41035,37.59921],[-122.40979,37.59843],[-122.40866,37.59842],[-122.40809,37.5992]]],"type":"Polygon"},"properties":{"bbox":{"roads":{"area":1879.37,"pct":7.23}},"city_same":1,"id":"hex:3681:24026"},"type":"Feature"},{"geometry":{"coordinates":[[[-122.40808,37.60076],[-122.40864,37.60155],[-122.40977,37.60155],[-122.41034,37.60077],[-122.40978,37.59999],[-122.40865,37.59999],[-122.40808,37.60076]]],"type":"Polygon"},"properties":{"bbox":{"roads":{"area":114.68,"pct":0.44}},"city_same":1,"id":"hex:3681:24027"},"type":"Feature"},{"geometry":{"coordinates":[[[-122.40804,37.60545],[-122.4086,37.60623],[-122.40973,37.60624],[-122.41031,37.60546],[-122.40975,37.60467],[-122.40861,37.60467],[-122.40804,37.60545]]],"type":"Polygon"},"properties":{"bbox":{"roads":{"area":496.47,"pct":1.91}},"city_same":1,"id":"hex:3681:24030"},"type":"Feature"},{"geometry":{"coordinates":[[[-122.40803,37.60701],[-122.40859,37.60779],[-122.40972,37.6078],[-122.41029,37.60702],[-122.40973,37.60624],[-122.4086,37.60623],[-122.40803,37.60701]]],"type":"Polygon"},"properties":{"bbox":{"roads":{"area":1284.52,"pct":4.94}},"city_same":1,"id":"hex:3681:24031"},"type":"Feature"},{"geometry":{"coordinates":[[[-122.40859,37.60779],[-122.40972,37.6078],[-122.41028,37.60858],[-122.40971,37.60936],[-122.40894,37.60935],[-122.40895,37.60933],[-122.40898,37.6093],[-122.40902,37.60926],[-122.40907,37.60922],[-122.40912,37.60918],[-122.40918,37.60914],[-122.40925,37.60911],[-122.40914,37.60798],[-122.40849,37.60793],[-122.40859,37.60779]]],"type":"Polygon"},"properties":{"bbox":{"roads":{"area":1461.28,"pct":10.72}},"city_same":1,"id":"hex:3681:24032"},"type":"Feature"},{"geometry":{"coordinates":[[[-122.40971,37.60936],[-122.41027,37.61014],[-122.4097,37.61092],[-122.40856,37.61091],[-122.40816,37.61035],[-122.40894,37.60935],[-122.40971,37.60936]]],"type":"Polygon"},"properties":{"bbox":{"roads":{"area":2101.42,"pct":9.14}},"city_same":1,"id":"hex:3681:24033"},"type":"Feature"},{"geometry":{"coordinates":[[[-122.40799,37.61169],[-122.40855,37.61247],[-122.40968,37.61248],[-122.41026,37.6117],[-122.4097,37.61092],[-122.40856,37.61091],[-122.40799,37.61169]]],"type":"Polygon"},"properties":{"bbox":{"roads":{"area":2481.51,"pct":9.55}},"city_same":1,"id":"hex:3681:24034"},"type":"Feature"},{"geometry":{"coordinates":[[[-122.40798,37.61325],[-122.40855,37.61247],[-122.40968,37.61248],[-122.41024,37.61326],[-122.40988,37.61375],[-122.40932,37.61404],[-122.40918,37.61404],[-122.40918,37.61401],[-122.40856,37.61366],[-122.4084,37.61356],[-122.40807,37.61338],[-122.40798,37.61325]]],"type":"Polygon"},"properties":{"bbox":{"roads":{"area":2754.04,"pct":11.84}},"city_same":1,"id":"hex:3681:24035"},"type":"Feature"},{"geometry":{"coordinates":[[[-122.40707,37.58515],[-122.40651,37.58436],[-122.4066,37.58424],[-122.4067,37.58434],[-122.40711,37.58407],[-122.40688,37.58386],[-122.40708,37.58359],[-122.40761,37.58359],[-122.40777,37.58375],[-122.40676,37.5844],[-122.40751,37.58515],[-122.40707,37.58515]]],"type":"Polygon"},"properties":{"bbox":{"roads":{"area":1420.83,"pct":23.9}},"id":"hex:3682:24017"},"type":"Feature"},{"geometry":{"coordinates":[[[-122.40819,37.58671],[-122.40706,37.58671],[-122.4065,37.58592],[-122.40707,37.58515],[-122.40751,37.58515],[-122.40854,37.58619],[-122.40859,37.58617],[-122.40819,37.58671]]],"type":"Polygon"},"properties":{"bbox":{"roads":{"area":3820.79,"pct":18.26}},"city":{"roads":{"area":1764.16,"pct":8.43}},"id":"hex:3682:24018"},"type":"Feature"},{"geometry":{"coordinates":[[[-122.40648,37.58749],[-122.40704,37.58827],[-122.40818,37.58827],[-122.40875,37.5875],[-122.40819,37.58671],[-122.40706,37.58671],[-122.40648,37.58749]]],"type":"Polygon"},"properties":{"bbox":{"roads":{"area":2602.74,"pct":10.02}},"city_same":1,"id":"hex:3682:24019"},"type":"Feature"},{"geometry":{"coordinates":[[[-122.40647,37.58905],[-122.40703,37.58983],[-122.40816,37.58984],[-122.40874,37.58906],[-122.40818,37.58827],[-122.40704,37.58827],[-122.40647,37.58905]]],"type":"Polygon"},"properties":{"bbox":{"roads":{"area":554.21,"pct":2.13}},"city_same":1,"id":"hex:3682:24020"},"type":"Feature"},{"geometry":{"coordinates":[[[-122.40646,37.59061],[-122.40702,37.59139],[-122.40815,37.5914],[-122.40872,37.59062],[-122.40816,37.58984],[-122.40703,37.58983],[-122.40646,37.59061]]],"type":"Polygon"},"properties":{"bbox":{"roads":{"area":3986.74,"pct":15.34}},"city_same":1,"id":"hex:3682:24021"},"type":"Feature"},{"geometry":{"coordinates":[[[-122.40645,37.59217],[-122.40701,37.59295],[-122.40814,37.59296],[-122.40871,37.59218],[-122.40815,37.5914],[-122.40702,37.59139],[-122.40645,37.59217]]],"type":"Polygon"},"properties":{"bbox":{"roads":{"area":2562.06,"pct":9.86}},"city_same":1,"id":"hex:3682:24022"},"type":"Feature"},{"geometry":{"coordinates":[[[-122.40643,37.59373],[-122.40699,37.59451],[-122.40813,37.59452],[-122.4087,37.59374],[-122.40814,37.59296],[-122.40701,37.59295],[-122.40643,37.59373]]],"type":"Polygon"},"properties":{"bbox":{"roads":{"area":2435.28,"pct":9.37}},"city_same":1,"id":"hex:3682:24023"},"type":"Feature"},{"geometry":{"coordinates":[[[-122.40642,37.59529],[-122.40698,37.59607],[-122.40811,37.59608],[-122.40869,37.5953],[-122.40813,37.59452],[-122.40699,37.59451],[-122.40642,37.59529]]],"type":"Polygon"},"properties":{"bbox":{"roads":{"area":2659.51,"pct":10.24}},"city_same":1,"id":"hex:3682:24024"},"type":"Feature"},{"geometry":{"coordinates":[[[-122.40641,37.59685],[-122.40697,37.59764],[-122.4081,37.59764],[-122.40867,37.59686],[-122.40811,37.59608],[-122.40698,37.59607],[-122.40641,37.59685]]],"type":"Polygon"},"properties":{"bbox":{"roads":{"area":2500.95,"pct":9.63}},"city_same":1,"id":"hex:3682:24025"},"type":"Feature"},{"geometry":{"coordinates":[[[-122.4064,37.59841],[-122.40696,37.5992],[-122.40809,37.5992],[-122.40866,37.59842],[-122.4081,37.59764],[-122.40697,37.59764],[-122.4064,37.59841]]],"type":"Polygon"},"properties":{"bbox":{"roads":{"area":1130.48,"pct":4.35}},"city_same":1,"id":"hex:3682:24026"},"type":"Feature"},{"geometry":{"coordinates":[[[-122.40638,37.59997],[-122.40694,37.60076],[-122.40808,37.60076],[-122.40865,37.59999],[-122.40809,37.5992],[-122.40696,37.5992],[-122.40638,37.59997]]],"type":"Polygon"},"properties":{"bbox":{"roads":{"area":2459.68,"pct":9.47},"sidewalks":{"area":239.23,"pct":0.92}},"city_same":1,"id":"hex:3682:24027"},"type":"Feature"},{"geometry":{"coordinates":[[[-122.40806,37.60232],[-122.40693,37.60232],[-122.40637,37.60154],[-122.40694,37.60076],[-122.40808,37.60076],[-122.40864,37.60155],[-122.40836,37.60192],[-122.40834,37.60192],[-122.40831,37.60192],[-122.40829,37.60192],[-122.40826,37.60191],[-122.40823,37.60191],[-122.40821,37.6019],[-122.40819,37.6019],[-122.40817,37.6019],[-122.40815,37.6019],[-122.40813,37.6019],[-122.4081,37.6019],[-122.40808,37.60191],[-122.40807,37.60192],[-122.40805,37.60193],[-122.40804,37.60194],[-122.40803,37.60195],[-122.40802,37.60196],[-122.40802,37.60197],[-122.40802,37.60199],[-122.40803,37.602],[-122.40804,37.60201],[-122.40806,37.60202],[-122.40809,37.60203],[-122.40813,37.60204],[-122.40816,37.60204],[-122.40819,37.60205],[-122.40821,37.60206],[-122.40823,37.60208],[-122.40824,37.60208],[-122.40806,37.60232]],[[-122.40826,37.60181],[-122.40828,37.6018],[-122.4083,37.6018],[-122.40831,37.60179],[-122.40832,37.60178],[-122.40831,37.60177],[-122.40831,37.60175],[-122.4083,37.60174],[-122.4083,37.60173],[-122.4083,37.60172],[-122.4083,37.6017],[-122.4083,37.60169],[-122.40829,37.60168],[-122.40827,37.60167],[-122.40826,37.60166],[-122.40824,37.60166],[-122.40822,37.60166],[-122.40819,37.60166],[-122.40817,37.60166],[-122.40812,37.60166],[-122.40809,37.60166],[-122.40806,37.60167],[-122.40803,37.60168],[-122.40799,37.60169],[-122.40797,37.60169],[-122.40794,37.6017],[-122.40792,37.60171],[-122.4079,37.60172],[-122.40787,37.60173],[-122.40784,37.60174],[-122.4078,37.60175],[-122.40777,37.60175],[-122.40774,37.60175],[-122.40769,37.60176],[-122.40767,37.60177],[-122.40765,37.60179],[-122.40764,37.60181],[-122.40764,37.60183],[-122.40766,37.60185],[-122.4077,37.60186],[-122.40774,37.60187],[-122.40778,37.60187],[-122.40782,37.60187],[-122.40787,37.60188],[-122.40791,37.60189],[-122.40795,37.60189],[-122.40798,37.60188],[-122.40801,37.60186],[-122.40803,37.60184],[-122.40805,37.60182],[-122.40811,37.60181],[-122.40815,37.60181],[-122.4082,37.6018],[-122.40823,37.60181],[-122.40826,37.60181]]],"type":"Polygon"},"properties":{"bbox":{"roads":{"area":517.83,"pct":2.1}},"city_same":1,"id":"hex:3682:24028"},"type":"Feature"},{"geometry":{"coordinates":[[[-122.40635,37.60466],[-122.40691,37.60544],[-122.40804,37.60545],[-122.40861,37.60467],[-122.40805,37.60389],[-122.40692,37.60388],[-122.40635,37.60466]]],"type":"Polygon"},"properties":{"bbox":{"parking":{"area":6219.05,"pct":23.94},"roads":{"area":1509.97,"pct":5.81}},"city_same":1,"id":"hex:3682:24030"},"type":"Feature"},{"geometry":{"coordinates":[[[-122.40633,37.60622],[-122.40689,37.607],[-122.40803,37.60701],[-122.4086,37.60623],[-122.40804,37.60545],[-122.40691,37.60544],[-122.40633,37.60622]]],"type":"Polygon"},"properties":{"bbox":{"parking":{"area":1096.16,"pct":4.22},"roads":{"area":1533.41,"pct":5.9}},"city_same":1,"id":"hex:3682:24031"},"type":"Feature"},{"geometry":{"coordinates":[[[-122.40632,37.60778],[-122.40689,37.607],[-122.40803,37.60701],[-122.40859,37.60779],[-122.40849,37.60793],[-122.40839,37.60792],[-122.40743,37.60785],[-122.40738,37.60788],[-122.40714,37.60801],[-122.4071,37.60797],[-122.40663,37.60822],[-122.40632,37.60778]]],"type":"Polygon"},"properties":{"bbox":{"roads":{"area":3116.41,"pct":18.64},"sidewalks":{"area":479.99,"pct":2.87}},"city_same":1,"id":"hex:3682:24032"},"type":"Feature"},{"geometry":{"coordinates":[[[-122.40856,37.61091],[-122.40799,37.61169],[-122.40713,37.61169],[-122.40816,37.61035],[-122.40856,37.61091]]],"type":"Polygon"},"properties":{"bbox":{"roads":{"area":1421.97,"pct":16.22}},"city_same":1,"id":"hex:3682:24034"},"type":"Feature"},{"geometry":{"coordinates":[[[-122.40799,37.61169],[-122.40855,37.61247],[-122.40798,37.61325],[-122.40785,37.61325],[-122.40693,37.61274],[-122.4068,37.61265],[-122.40634,37.61239],[-122.40649,37.61219],[-122.40651,37.61219],[-122.40657,37.61217],[-122.40663,37.61215],[-122.40669,37.61212],[-122.40675,37.61209],[-122.4068,37.61206],[-122.40685,37.61202],[-122.4069,37.61198],[-122.40713,37.61169],[-122.40799,37.61169]]],"type":"Polygon"},"properties":{"bbox":{"roads":{"area":2415.86,"pct":11.9}},"city_same":1,"id":"hex:3682:24035"},"type":"Feature"},{"geometry":{"coordinates":[[[[-122.40651,37.58436],[-122.40538,37.58436],[-122.40482,37.58357],[-122.40527,37.58295],[-122.4066,37.58424],[-122.40651,37.58436]]],[[[-122.40708,37.58359],[-122.40688,37.58386],[-122.40673,37.58371],[-122.40703,37.58351],[-122.40708,37.58359]]]],"type":"MultiPolygon"},"properties":{"bbox":{"roads":{"area":3141.57,"pct":23.98}},"city":{"roads":{"area":101.48,"pct":0.77}},"id":"hex:3683:24016"},"type":"Feature"},{"geometry":{"coordinates":[[[-122.4048,37.58514],[-122.40536,37.58592],[-122.4065,37.58592],[-122.40707,37.58515],[-122.40651,37.58436],[-122.40538,37.58436],[-122.4048,37.58514]]],"type":"Polygon"},"properties":{"bbox":{"roads":{"area":2987.59,"pct":11.5}},"city":{"roads":{"area":2140.5,"pct":8.24}},"id":"hex:3683:24017"},"type":"Feature"},{"geometry":{"coordinates":[[[-122.40479,37.5867],[-122.40535,37.58748],[-122.40648,37.58749],[-122.40706,37.58671],[-122.4065,37.58592],[-122.40536,37.58592],[-122.40479,37.5867]]],"type":"Polygon"},"properties":{"bbox":{"roads":{"area":2066.26,"pct":7.95}},"city_same":1,"id":"hex:3683:24018"},"type":"Feature"},{"geometry":{"coordinates":[[[-122.40478,37.58826],[-122.40534,37.58904],[-122.40647,37.58905],[-122.40704,37.58827],[-122.40648,37.58749],[-122.40535,37.58748],[-122.40478,37.58826]]],"type":"Polygon"},"properties":{"bbox":{"roads":{"area":2554.94,"pct":9.83},"sidewalks":{"area":64.79,"pct":0.25}},"city_same":1,"id":"hex:3683:24019"},"type":"Feature"},{"geometry":{"coordinates":[[[-122.40477,37.58982],[-122.40533,37.5906],[-122.40646,37.59061],[-122.40703,37.58983],[-122.40647,37.58905],[-122.40534,37.58904],[-122.40477,37.58982]]],"type":"Polygon"},"properties":{"bbox":{"roads":{"area":1460.47,"pct":5.62}},"city_same":1,"id":"hex:3683:24020"},"type":"Feature"},{"geometry":{"coordinates":[[[-122.40475,37.59138],[-122.40531,37.59216],[-122.40645,37.59217],[-122.40702,37.59139],[-122.40646,37.59061],[-122.40533,37.5906],[-122.40475,37.59138]]],"type":"Polygon"},"properties":{"bbox":{"roads":{"area":4049.84,"pct":15.59}},"city_same":1,"id":"hex:3683:24021"},"type":"Feature"},{"geometry":{"coordinates":[[[-122.40474,37.59294],[-122.4053,37.59372],[-122.40643,37.59373],[-122.40701,37.59295],[-122.40645,37.59217],[-122.40531,37.59216],[-122.40474,37.59294]]],"type":"Polygon"},"properties":{"bbox":{"roads":{"area":3370.51,"pct":12.97}},"city_same":1,"id":"hex:3683:24022"},"type":"Feature"},{"geometry":{"coordinates":[[[-122.40473,37.5945],[-122.40529,37.59529],[-122.40642,37.59529],[-122.40699,37.59451],[-122.40643,37.59373],[-122.4053,37.59372],[-122.40473,37.5945]]],"type":"Polygon"},"properties":{"bbox":{"roads":{"area":2979.14,"pct":11.47}},"city_same":1,"id":"hex:3683:24023"},"type":"Feature"},{"geometry":{"coordinates":[[[-122.40472,37.59606],[-122.40528,37.59685],[-122.40641,37.59685],[-122.40698,37.59607],[-122.40642,37.59529],[-122.40529,37.59529],[-122.40472,37.59606]]],"type":"Polygon"},"properties":{"bbox":{"roads":{"area":2838.72,"pct":10.93}},"city_same":1,"id":"hex:3683:24024"},"type":"Feature"},{"geometry":{"coordinates":[[[-122.4047,37.59762],[-122.40526,37.59841],[-122.4064,37.59841],[-122.40697,37.59764],[-122.40641,37.59685],[-122.40528,37.59685],[-122.4047,37.59762]]],"type":"Polygon"},"properties":{"bbox":{"roads":{"area":1258.68,"pct":4.84}},"city_same":1,"id":"hex:3683:24025"},"type":"Feature"},{"geometry":{"coordinates":[[[-122.40469,37.59919],[-122.40525,37.59997],[-122.40638,37.59997],[-122.40696,37.5992],[-122.4064,37.59841],[-122.40526,37.59841],[-122.40469,37.59919]]],"type":"Polygon"},"properties":{"bbox":{"roads":{"area":3045.87,"pct":11.72},"sidewalks":{"area":243.75,"pct":0.94}},"city_same":1,"id":"hex:3683:24026"},"type":"Feature"},{"geometry":{"coordinates":[[[-122.40468,37.60075],[-122.40524,37.60153],[-122.40637,37.60154],[-122.40694,37.60076],[-122.40638,37.59997],[-122.40525,37.59997],[-122.40468,37.60075]]],"type":"Polygon"},"properties":{"bbox":{"roads":{"area":3895.98,"pct":15},"sidewalks":{"area":229.14,"pct":0.88}},"city_same":1,"id":"hex:3683:24027"},"type":"Feature"},{"geometry":{"coordinates":[[[-122.40467,37.60231],[-122.40523,37.60309],[-122.40636,37.6031],[-122.40693,37.60232],[-122.40637,37.60154],[-122.40524,37.60153],[-122.40467,37.60231]]],"type":"Polygon"},"properties":{"bbox":{"roads":{"area":827.43,"pct":3.18}},"city_same":1,"id":"hex:3683:24028"},"type":"Feature"},{"geometry":{"coordinates":[[[-122.40465,37.60387],[-122.40521,37.60465],[-122.40635,37.60466],[-122.40692,37.60388],[-122.40636,37.6031],[-122.40523,37.60309],[-122.40465,37.60387]]],"type":"Polygon"},"properties":{"bbox":{"roads":{"area":382.85,"pct":1.47}},"city_same":1,"id":"hex:3683:24029"},"type":"Feature"},{"geometry":{"coordinates":[[[-122.40464,37.60543],[-122.4052,37.60621],[-122.40633,37.60622],[-122.40691,37.60544],[-122.40635,37.60466],[-122.40521,37.60465],[-122.40464,37.60543]]],"type":"Polygon"},"properties":{"bbox":{"parking":{"area":754.08,"pct":2.9},"roads":{"area":2937.67,"pct":11.31}},"city_same":1,"id":"hex:3683:24030"},"type":"Feature"},{"geometry":{"coordinates":[[[-122.40463,37.60699],[-122.40519,37.60777],[-122.40632,37.60778],[-122.40689,37.607],[-122.40633,37.60622],[-122.4052,37.60621],[-122.40463,37.60699]]],"type":"Polygon"},"properties":{"bbox":{"roads":{"area":2987.95,"pct":11.5},"sidewalks":{"area":225.11,"pct":0.87}},"city_same":1,"id":"hex:3683:24031"},"type":"Feature"},{"geometry":{"coordinates":[[[-122.40462,37.60855],[-122.40519,37.60777],[-122.40632,37.60778],[-122.40663,37.60822],[-122.40499,37.60907],[-122.40462,37.60855]]],"type":"Polygon"},"properties":{"bbox":{"roads":{"area":1997.12,"pct":13.41},"sidewalks":{"area":520.46,"pct":3.5}},"city_same":1,"id":"hex:3683:24032"},"type":"Feature"},{"geometry":{"coordinates":[[[[-122.40515,37.61246],[-122.40459,37.61167],[-122.40493,37.61121],[-122.40559,37.61186],[-122.40575,37.61205],[-122.40589,37.61219],[-122.40586,37.61243],[-122.40604,37.61242],[-122.40608,37.61246],[-122.40515,37.61246]]],[[[-122.40634,37.61239],[-122.40612,37.61227],[-122.40608,37.61224],[-122.40649,37.61219],[-122.40634,37.61239]]]],"type":"MultiPolygon"},"properties":{"bbox":{"parking":{"area":916.44,"pct":10.34},"roads":{"area":1144.2,"pct":12.91},"sidewalks":{"area":378.15,"pct":4.27}},"city":{"parking":{"area":916.44,"pct":10.34},"roads":{"area":836.84,"pct":9.44},"sidewalks":{"area":378.15,"pct":4.27}},"id":"hex:3683:24034"},"type":"Feature"},{"geometry":{"coordinates":[[[-122.40514,37.61402],[-122.40458,37.61324],[-122.40515,37.61246],[-122.40608,37.61246],[-122.40629,37.61266],[-122.40585,37.61355],[-122.40539,37.61341],[-122.40529,37.61362],[-122.40575,37.61376],[-122.40568,37.61389],[-122.40581,37.61402],[-122.40514,37.61402]]],"type":"Polygon"},"properties":{"bbox":{"parking":{"area":1539.09,"pct":9.52},"roads":{"area":2311.11,"pct":14.3},"sidewalks":{"area":107.32,"pct":0.66}},"city":{"parking":{"area":1539.09,"pct":9.52},"roads":{"area":560.37,"pct":3.47},"sidewalks":{"area":107.32,"pct":0.66}},"id":"hex:3683:24035"},"type":"Feature"},{"geometry":{"coordinates":[[[-122.40514,37.61402],[-122.40581,37.61402],[-122.40646,37.61468],[-122.4062,37.61485],[-122.40596,37.61508],[-122.40533,37.61445],[-122.40504,37.61415],[-122.40514,37.61402]]],"type":"Polygon"},"properties":{"bbox":{"roads":{"area":3336.56,"pct":45.53},"sidewalks":{"area":177.69,"pct":2.42}},"city":{"roads":{"area":511.34,"pct":6.98},"sidewalks":{"area":177.69,"pct":2.42}},"id":"hex:3683:24036"},"type":"Feature"},{"geometry":{"coordinates":[[[-122.40369,37.58201],[-122.40343,37.58164],[-122.40372,37.58145],[-122.4043,37.58201],[-122.40369,37.58201]]],"type":"Polygon"},"properties":{"bbox":{"roads":{"area":258.09,"pct":10.57}},"id":"hex:3684:24015"},"type":"Feature"},{"geometry":{"coordinates":[[[-122.40482,37.58357],[-122.40368,37.58357],[-122.40312,37.58279],[-122.40369,37.58201],[-122.4043,37.58201],[-122.40527,37.58295],[-122.40482,37.58357]]],"type":"Polygon"},"properties":{"bbox":{"roads":{"area":3358.57,"pct":14.8}},"city":{"roads":{"area":1177.09,"pct":5.19}},"id":"hex:3684:24016"},"type":"Feature"},{"geometry":{"coordinates":[[[-122.40311,37.58435],[-122.40367,37.58513],[-122.4048,37.58514],[-122.40538,37.58436],[-122.40482,37.58357],[-122.40368,37.58357],[-122.40311,37.58435]]],"type":"Polygon"},"properties":{"bbox":{"roads":{"area":849.26,"pct":3.27}},"city_same":1,"id":"hex:3684:24017"},"type":"Feature"},{"geometry":{"coordinates":[[[-122.4031,37.58591],[-122.40366,37.58669],[-122.40479,37.5867],[-122.40536,37.58592],[-122.4048,37.58514],[-122.40367,37.58513],[-122.4031,37.58591]]],"type":"Polygon"},"properties":{"bbox":{"roads":{"area":2419.59,"pct":9.31}},"city_same":1,"id":"hex:3684:24018"},"type":"Feature"},{"geometry":{"coordinates":[[[-122.40309,37.58747],[-122.40365,37.58825],[-122.40478,37.58826],[-122.40535,37.58748],[-122.40479,37.5867],[-122.40366,37.58669],[-122.40309,37.58747]]],"type":"Polygon"},"properties":{"bbox":{"roads":{"area":2087.35,"pct":8.03},"sidewalks":{"area":104.24,"pct":0.4}},"city_same":1,"id":"hex:3684:24019"},"type":"Feature"},{"geometry":{"coordinates":[[[-122.40307,37.58903],[-122.40363,37.58981],[-122.40477,37.58982],[-122.40534,37.58904],[-122.40478,37.58826],[-122.40365,37.58825],[-122.40307,37.58903]]],"type":"Polygon"},"properties":{"bbox":{"roads":{"area":1836.98,"pct":7.07},"sidewalks":{"area":162.94,"pct":0.63}},"city_same":1,"id":"hex:3684:24020"},"type":"Feature"},{"geometry":{"coordinates":[[[-122.40306,37.59059],[-122.40362,37.59137],[-122.40475,37.59138],[-122.40533,37.5906],[-122.40477,37.58982],[-122.40363,37.58981],[-122.40306,37.59059]]],"type":"Polygon"},"properties":{"bbox":{"roads":{"area":2324.57,"pct":8.95}},"city_same":1,"id":"hex:3684:24021"},"type":"Feature"},{"geometry":{"coordinates":[[[-122.40305,37.59215],[-122.40361,37.59294],[-122.40474,37.59294],[-122.40531,37.59216],[-122.40475,37.59138],[-122.40362,37.59137],[-122.40305,37.59215]]],"type":"Polygon"},"properties":{"bbox":{"roads":{"area":1874.65,"pct":7.22}},"city_same":1,"id":"hex:3684:24022"},"type":"Feature"},{"geometry":{"coordinates":[[[-122.40304,37.59371],[-122.4036,37.5945],[-122.40473,37.5945],[-122.4053,37.59372],[-122.40474,37.59294],[-122.40361,37.59294],[-122.40304,37.59371]]],"type":"Polygon"},"properties":{"bbox":{"roads":{"area":3314.48,"pct":12.76}},"city_same":1,"id":"hex:3684:24023"},"type":"Feature"},{"geometry":{"coordinates":[[[-122.40302,37.59527],[-122.40358,37.59606],[-122.40472,37.59606],[-122.40529,37.59529],[-122.40473,37.5945],[-122.4036,37.5945],[-122.40302,37.59527]]],"type":"Polygon"},"properties":{"bbox":{"roads":{"area":2628.63,"pct":10.12}},"city_same":1,"id":"hex:3684:24024"},"type":"Feature"},{"geometry":{"coordinates":[[[-122.40301,37.59683],[-122.40357,37.59762],[-122.4047,37.59762],[-122.40528,37.59685],[-122.40472,37.59606],[-122.40358,37.59606],[-122.40301,37.59683]]],"type":"Polygon"},"properties":{"bbox":{"roads":{"area":2282.46,"pct":8.79}},"city_same":1,"id":"hex:3684:24025"},"type":"Feature"},{"geometry":{"coordinates":[[[-122.403,37.5984],[-122.40356,37.59918],[-122.40469,37.59919],[-122.40526,37.59841],[-122.4047,37.59762],[-122.40357,37.59762],[-122.403,37.5984]]],"type":"Polygon"},"properties":{"bbox":{"roads":{"area":1235.36,"pct":4.75}},"city_same":1,"id":"hex:3684:24026"},"type":"Feature"},{"geometry":{"coordinates":[[[-122.40299,37.59996],[-122.40355,37.60074],[-122.40468,37.60075],[-122.40525,37.59997],[-122.40469,37.59919],[-122.40356,37.59918],[-122.40299,37.59996]]],"type":"Polygon"},"properties":{"bbox":{"roads":{"area":4349.27,"pct":16.74},"sidewalks":{"area":38.82,"pct":0.15}},"city_same":1,"id":"hex:3684:24027"},"type":"Feature"},{"geometry":{"coordinates":[[[-122.40297,37.60152],[-122.40353,37.6023],[-122.40467,37.60231],[-122.40524,37.60153],[-122.40468,37.60075],[-122.40355,37.60074],[-122.40297,37.60152]]],"type":"Polygon"},"properties":{"bbox":{"roads":{"area":2951.84,"pct":11.36}},"city_same":1,"id":"hex:3684:24028"},"type":"Feature"},{"geometry":{"coordinates":[[[-122.40296,37.60308],[-122.40352,37.60386],[-122.40465,37.60387],[-122.40523,37.60309],[-122.40467,37.60231],[-122.40353,37.6023],[-122.40296,37.60308]]],"type":"Polygon"},"properties":{"bbox":{"roads":{"area":2826.89,"pct":10.88}},"city_same":1,"id":"hex:3684:24029"},"type":"Feature"},{"geometry":{"coordinates":[[[-122.40295,37.60464],[-122.40351,37.60542],[-122.40464,37.60543],[-122.40521,37.60465],[-122.40465,37.60387],[-122.40352,37.60386],[-122.40295,37.60464]]],"type":"Polygon"},"properties":{"bbox":{"roads":{"area":2347.84,"pct":9.04}},"city_same":1,"id":"hex:3684:24030"},"type":"Feature"},{"geometry":{"coordinates":[[[-122.40294,37.6062],[-122.4035,37.60698],[-122.40463,37.60699],[-122.4052,37.60621],[-122.40464,37.60543],[-122.40351,37.60542],[-122.40294,37.6062]]],"type":"Polygon"},"properties":{"bbox":{"parking":{"area":94.3,"pct":0.36},"roads":{"area":4495.35,"pct":17.3}},"city_same":1,"id":"hex:3684:24031"},"type":"Feature"},{"geometry":{"coordinates":[[[-122.40292,37.60776],[-122.40348,37.60855],[-122.40462,37.60855],[-122.40519,37.60777],[-122.40463,37.60699],[-122.4035,37.60698],[-122.40292,37.60776]]],"type":"Polygon"},"properties":{"bbox":{"roads":{"area":2083.52,"pct":8.02},"sidewalks":{"area":242.43,"pct":0.93}},"city_same":1,"id":"hex:3684:24032"},"type":"Feature"},{"geometry":{"coordinates":[[[-122.40347,37.61011],[-122.40291,37.60932],[-122.40348,37.60855],[-122.40462,37.60855],[-122.40499,37.60907],[-122.40416,37.6095],[-122.40422,37.60957],[-122.40392,37.60972],[-122.40387,37.61011],[-122.40347,37.61011]]],"type":"Polygon"},"properties":{"bbox":{"roads":{"area":2995.79,"pct":16.06},"sidewalks":{"area":694.98,"pct":3.72}},"city":{"roads":{"area":2022.2,"pct":10.84},"sidewalks":{"area":694.98,"pct":3.72}},"id":"hex:3684:24033"},"type":"Feature"},{"geometry":{"coordinates":[[[-122.40459,37.61167],[-122.40346,37.61167],[-122.4029,37.61088],[-122.40347,37.61011],[-122.40387,37.61011],[-122.40386,37.61014],[-122.40493,37.61121],[-122.40459,37.61167]]],"type":"Polygon"},"properties":{"bbox":{"roads":{"area":1430.84,"pct":7.11},"sidewalks":{"area":848.76,"pct":4.22}},"city":{"roads":{"area":1241.61,"pct":6.17},"sidewalks":{"area":848.76,"pct":4.22}},"id":"hex:3684:24034"},"type":"Feature"},{"geometry":{"coordinates":[[[-122.40346,37.61167],[-122.40459,37.61167],[-122.40515,37.61246],[-122.40458,37.61324],[-122.40412,37.61323],[-122.40369,37.6128],[-122.40313,37.61223],[-122.40308,37.61218],[-122.40346,37.61167]]],"type":"Polygon"},"properties":{"bbox":{"parking":{"area":2038.82,"pct":9.68},"roads":{"area":6191.21,"pct":29.4},"sidewalks":{"area":785.62,"pct":3.73}},"city":{"parking":{"area":2038.82,"pct":9.68},"roads":{"area":2486.8,"pct":11.81},"sidewalks":{"area":785.62,"pct":3.73}},"id":"hex:3684:24035"},"type":"Feature"},{"geometry":{"coordinates":[[[-122.40458,37.61324],[-122.40514,37.61402],[-122.40504,37.61415],[-122.40471,37.61382],[-122.40412,37.61323],[-122.40458,37.61324]]],"type":"Polygon"},"properties":{"bbox":{"roads":{"area":2318.37,"pct":83.19},"sidewalks":{"area":17.41,"pct":0.62}},"city":{"roads":{"area":110.84,"pct":3.98},"sidewalks":{"area":17.41,"pct":0.62}},"id":"hex:3684:24036"},"type":"Feature"},{"geometry":{"coordinates":[[[-122.40369,37.58201],[-122.40312,37.58279],[-122.40199,37.58278],[-122.40192,37.58268],[-122.40267,37.58217],[-122.4032,37.5818],[-122.40343,37.58164],[-122.40369,37.58201]]],"type":"Polygon"},"properties":{"bbox":{"roads":{"area":684.45,"pct":7.28}},"city_same":1,"id":"hex:3685:24015"},"type":"Feature"},{"geometry":{"coordinates":[[[-122.40142,37.58356],[-122.40198,37.58434],[-122.40311,37.58435],[-122.40368,37.58357],[-122.40312,37.58279],[-122.40199,37.58278],[-122.40142,37.58356]]],"type":"Polygon"},"properties":{"bbox":{"roads":{"area":1313.71,"pct":5.06}},"city_same":1,"id":"hex:3685:24016"},"type":"Feature"},{"geometry":{"coordinates":[[[-122.4014,37.58512],[-122.40196,37.5859],[-122.4031,37.58591],[-122.40367,37.58513],[-122.40311,37.58435],[-122.40198,37.58434],[-122.4014,37.58512]]],"type":"Polygon"},"properties":{"bbox":{"roads":{"area":2194.45,"pct":8.45}},"city_same":1,"id":"hex:3685:24017"},"type":"Feature"},{"geometry":{"coordinates":[[[-122.40139,37.58668],[-122.40195,37.58746],[-122.40309,37.58747],[-122.40366,37.58669],[-122.4031,37.58591],[-122.40196,37.5859],[-122.40139,37.58668]]],"type":"Polygon"},"properties":{"bbox":{"roads":{"area":2360.69,"pct":9.09}},"city_same":1,"id":"hex:3685:24018"},"type":"Feature"},{"geometry":{"coordinates":[[[-122.40138,37.58824],[-122.40194,37.58902],[-122.40307,37.58903],[-122.40365,37.58825],[-122.40309,37.58747],[-122.40195,37.58746],[-122.40138,37.58824]]],"type":"Polygon"},"properties":{"bbox":{"roads":{"area":1828.23,"pct":7.04},"sidewalks":{"area":120.86,"pct":0.47}},"city_same":1,"id":"hex:3685:24019"},"type":"Feature"},{"geometry":{"coordinates":[[[-122.40137,37.5898],[-122.40193,37.59058],[-122.40306,37.59059],[-122.40363,37.58981],[-122.40307,37.58903],[-122.40194,37.58902],[-122.40137,37.5898]]],"type":"Polygon"},"properties":{"bbox":{"roads":{"area":1891.44,"pct":7.28},"sidewalks":{"area":238.4,"pct":0.92}},"city_same":1,"id":"hex:3685:24020"},"type":"Feature"},{"geometry":{"coordinates":[[[-122.40135,37.59136],[-122.40191,37.59215],[-122.40305,37.59215],[-122.40362,37.59137],[-122.40306,37.59059],[-122.40193,37.59058],[-122.40135,37.59136]]],"type":"Polygon"},"properties":{"bbox":{"roads":{"area":2361.24,"pct":9.09}},"city_same":1,"id":"hex:3685:24021"},"type":"Feature"},{"geometry":{"coordinates":[[[-122.40134,37.59292],[-122.4019,37.59371],[-122.40304,37.59371],[-122.40361,37.59294],[-122.40305,37.59215],[-122.40191,37.59215],[-122.40134,37.59292]]],"type":"Polygon"},"properties":{"bbox":{"roads":{"area":1718.74,"pct":6.62}},"city_same":1,"id":"hex:3685:24022"},"type":"Feature"},{"geometry":{"coordinates":[[[-122.40133,37.59448],[-122.40189,37.59527],[-122.40302,37.59527],[-122.4036,37.5945],[-122.40304,37.59371],[-122.4019,37.59371],[-122.40133,37.59448]]],"type":"Polygon"},"properties":{"bbox":{"roads":{"area":3448.12,"pct":13.27}},"city_same":1,"id":"hex:3685:24023"},"type":"Feature"},{"geometry":{"coordinates":[[[-122.40132,37.59605],[-122.40188,37.59683],[-122.40301,37.59683],[-122.40358,37.59606],[-122.40302,37.59527],[-122.40189,37.59527],[-122.40132,37.59605]]],"type":"Polygon"},"properties":{"bbox":{"roads":{"area":589.11,"pct":2.27}},"city_same":1,"id":"hex:3685:24024"},"type":"Feature"},{"geometry":{"coordinates":[[[-122.4013,37.59761],[-122.40186,37.59839],[-122.403,37.5984],[-122.40357,37.59762],[-122.40301,37.59683],[-122.40188,37.59683],[-122.4013,37.59761]]],"type":"Polygon"},"properties":{"bbox":{"roads":{"area":2790.6,"pct":10.74}},"city_same":1,"id":"hex:3685:24025"},"type":"Feature"},{"geometry":{"coordinates":[[[-122.40129,37.59917],[-122.40185,37.59995],[-122.40299,37.59996],[-122.40356,37.59918],[-122.403,37.5984],[-122.40186,37.59839],[-122.40129,37.59917]]],"type":"Polygon"},"properties":{"bbox":{"parking":{"area":373.63,"pct":1.44},"roads":{"area":85.4,"pct":0.33}},"city_same":1,"id":"hex:3685:24026"},"type":"Feature"},{"geometry":{"coordinates":[[[-122.40128,37.60073],[-122.40184,37.60151],[-122.40297,37.60152],[-122.40355,37.60074],[-122.40299,37.59996],[-122.40185,37.59995],[-122.40128,37.60073]]],"type":"Polygon"},"properties":{"bbox":{"roads":{"area":4025.28,"pct":15.49},"sidewalks":{"area":207.41,"pct":0.8}},"city_same":1,"id":"hex:3685:24027"},"type":"Feature"},{"geometry":{"coordinates":[[[-122.40127,37.60229],[-122.40183,37.60307],[-122.40296,37.60308],[-122.40353,37.6023],[-122.40297,37.60152],[-122.40184,37.60151],[-122.40127,37.60229]]],"type":"Polygon"},"properties":{"bbox":{"roads":{"area":3713.49,"pct":14.29}},"city_same":1,"id":"hex:3685:24028"},"type":"Feature"},{"geometry":{"coordinates":[[[-122.40125,37.60385],[-122.40181,37.60463],[-122.40295,37.60464],[-122.40352,37.60386],[-122.40296,37.60308],[-122.40183,37.60307],[-122.40125,37.60385]]],"type":"Polygon"},"properties":{"bbox":{"roads":{"area":3577.32,"pct":13.77},"sidewalks":{"area":316.91,"pct":1.22}},"city_same":1,"id":"hex:3685:24029"},"type":"Feature"},{"geometry":{"coordinates":[[[-122.40124,37.60541],[-122.4018,37.6062],[-122.40294,37.6062],[-122.40351,37.60542],[-122.40295,37.60464],[-122.40181,37.60463],[-122.40124,37.60541]]],"type":"Polygon"},"properties":{"bbox":{"parking":{"area":1528.26,"pct":5.88},"roads":{"area":3329.74,"pct":12.82}},"city_same":1,"id":"hex:3685:24030"},"type":"Feature"},{"geometry":{"coordinates":[[[-122.40123,37.60697],[-122.40179,37.60776],[-122.40292,37.60776],[-122.4035,37.60698],[-122.40294,37.6062],[-122.4018,37.6062],[-122.40123,37.60697]]],"type":"Polygon"},"properties":{"bbox":{"parking":{"area":2240.17,"pct":8.62},"roads":{"area":2787.71,"pct":10.73},"sidewalks":{"area":71.34,"pct":0.27}},"city":{"parking":{"area":2240.17,"pct":8.62},"roads":{"area":2158.63,"pct":8.31},"sidewalks":{"area":71.34,"pct":0.27}},"id":"hex:3685:24031"},"type":"Feature"},{"geometry":{"coordinates":[[[-122.40122,37.60853],[-122.40178,37.60932],[-122.40291,37.60932],[-122.40348,37.60855],[-122.40292,37.60776],[-122.40179,37.60776],[-122.40122,37.60853]]],"type":"Polygon"},"properties":{"bbox":{"roads":{"area":2899.69,"pct":11.16},"sidewalks":{"area":534,"pct":2.06}},"city":{"roads":{"area":1888.1,"pct":7.27},"sidewalks":{"area":534,"pct":2.06}},"id":"hex:3685:24032"},"type":"Feature"},{"geometry":{"coordinates":[[[-122.4012,37.6101],[-122.40178,37.60932],[-122.40291,37.60932],[-122.40347,37.61011],[-122.4029,37.61088],[-122.40178,37.61088],[-122.40173,37.61083],[-122.4012,37.6101]]],"type":"Polygon"},"properties":{"bbox":{"parking":{"area":108.6,"pct":0.42},"roads":{"area":6264.55,"pct":24.11},"sidewalks":{"area":1113.19,"pct":4.29}},"city":{"parking":{"area":108.6,"pct":0.42},"roads":{"area":4366.89,"pct":16.81},"sidewalks":{"area":1113.19,"pct":4.29}},"id":"hex:3685:24033"},"type":"Feature"},{"geometry":{"coordinates":[[[-122.4029,37.61088],[-122.40346,37.61167],[-122.40308,37.61218],[-122.40299,37.6121],[-122.40178,37.61088],[-122.4029,37.61088]]],"type":"Polygon"},"properties":{"bbox":{"roads":{"area":4964.3,"pct":49.56},"sidewalks":{"area":283.52,"pct":2.83}},"city":{"roads":{"area":1245.52,"pct":12.43},"sidewalks":{"area":283.52,"pct":2.83}},"id":"hex:3685:24034"},"type":"Feature"},{"geometry":{"coordinates":[[[-122.40199,37.58278],[-122.40142,37.58356],[-122.40062,37.58355],[-122.40073,37.58348],[-122.40098,37.58332],[-122.40192,37.58268],[-122.40199,37.58278]]],"type":"Polygon"},"properties":{"bbox":{"roads":{"area":563.96,"pct":14.26}},"city_same":1,"id":"hex:3686:24016"},"type":"Feature"},{"geometry":{"coordinates":[[[-122.40142,37.58356],[-122.40198,37.58434],[-122.4014,37.58512],[-122.40027,37.58511],[-122.39971,37.58433],[-122.39996,37.58399],[-122.40062,37.58355],[-122.40142,37.58356]]],"type":"Polygon"},"properties":{"bbox":{"roads":{"area":1786.08,"pct":7.07}},"city_same":1,"id":"hex:3686:24017"},"type":"Feature"},{"geometry":{"coordinates":[[[-122.3997,37.58589],[-122.40026,37.58667],[-122.40139,37.58668],[-122.40196,37.5859],[-122.4014,37.58512],[-122.40027,37.58511],[-122.3997,37.58589]]],"type":"Polygon"},"properties":{"bbox":{"roads":{"area":2741.68,"pct":10.55}},"city_same":1,"id":"hex:3686:24018"},"type":"Feature"},{"geometry":{"coordinates":[[[-122.39969,37.58745],[-122.40025,37.58823],[-122.40138,37.58824],[-122.40195,37.58746],[-122.40139,37.58668],[-122.40026,37.58667],[-122.39969,37.58745]]],"type":"Polygon"},"properties":{"bbox":{"roads":{"area":2585.51,"pct":9.95}},"city_same":1,"id":"hex:3686:24019"},"type":"Feature"},{"geometry":{"coordinates":[[[-122.39967,37.58901],[-122.40023,37.5898],[-122.40137,37.5898],[-122.40194,37.58902],[-122.40138,37.58824],[-122.40025,37.58823],[-122.39967,37.58901]]],"type":"Polygon"},"properties":{"bbox":{"roads":{"area":2313.94,"pct":8.91}},"city_same":1,"id":"hex:3686:24020"},"type":"Feature"},{"geometry":{"coordinates":[[[-122.39966,37.59057],[-122.40022,37.59136],[-122.40135,37.59136],[-122.40193,37.59058],[-122.40137,37.5898],[-122.40023,37.5898],[-122.39966,37.59057]]],"type":"Polygon"},"properties":{"bbox":{"roads":{"area":1481.22,"pct":5.7},"sidewalks":{"area":264.24,"pct":1.02}},"city_same":1,"id":"hex:3686:24021"},"type":"Feature"},{"geometry":{"coordinates":[[[-122.39965,37.59213],[-122.40021,37.59292],[-122.40134,37.59292],[-122.40191,37.59215],[-122.40135,37.59136],[-122.40022,37.59136],[-122.39965,37.59213]]],"type":"Polygon"},"properties":{"bbox":{"roads":{"area":3741.12,"pct":14.4}},"city_same":1,"id":"hex:3686:24022"},"type":"Feature"},{"geometry":{"coordinates":[[[-122.39964,37.5937],[-122.4002,37.59448],[-122.40133,37.59448],[-122.4019,37.59371],[-122.40134,37.59292],[-122.40021,37.59292],[-122.39964,37.5937]]],"type":"Polygon"},"properties":{"bbox":{"roads":{"area":2069.89,"pct":7.97}},"city_same":1,"id":"hex:3686:24023"},"type":"Feature"},{"geometry":{"coordinates":[[[-122.39962,37.59526],[-122.40018,37.59604],[-122.40132,37.59605],[-122.40189,37.59527],[-122.40133,37.59448],[-122.4002,37.59448],[-122.39962,37.59526]]],"type":"Polygon"},"properties":{"bbox":{"roads":{"area":2274.62,"pct":8.76}},"city_same":1,"id":"hex:3686:24024"},"type":"Feature"},{"geometry":{"coordinates":[[[-122.39961,37.59682],[-122.40017,37.5976],[-122.4013,37.59761],[-122.40188,37.59683],[-122.40132,37.59605],[-122.40018,37.59604],[-122.39961,37.59682]]],"type":"Polygon"},"properties":{"bbox":{"roads":{"area":2723.56,"pct":10.48}},"city_same":1,"id":"hex:3686:24025"},"type":"Feature"},{"geometry":{"coordinates":[[[-122.3996,37.59838],[-122.40016,37.59916],[-122.40129,37.59917],[-122.40186,37.59839],[-122.4013,37.59761],[-122.40017,37.5976],[-122.3996,37.59838]]],"type":"Polygon"},"properties":{"bbox":{"roads":{"area":1273.23,"pct":4.9}},"city_same":1,"id":"hex:3686:24026"},"type":"Feature"},{"geometry":{"coordinates":[[[-122.39959,37.59994],[-122.40015,37.60072],[-122.40128,37.60073],[-122.40185,37.59995],[-122.40129,37.59917],[-122.40016,37.59916],[-122.39959,37.59994]]],"type":"Polygon"},"properties":{"bbox":{"parking":{"area":1493.86,"pct":5.75},"roads":{"area":2528.38,"pct":9.73},"sidewalks":{"area":264.91,"pct":1.02}},"city_same":1,"id":"hex:3686:24027"},"type":"Feature"},{"geometry":{"coordinates":[[[-122.39957,37.6015],[-122.40013,37.60228],[-122.40127,37.60229],[-122.40184,37.60151],[-122.40128,37.60073],[-122.40015,37.60072],[-122.39957,37.6015]]],"type":"Polygon"},"properties":{"bbox":{"roads":{"area":4506.81,"pct":17.35},"sidewalks":{"area":260.32,"pct":1}},"city_same":1,"id":"hex:3686:24028"},"type":"Feature"},{"geometry":{"coordinates":[[[-122.39956,37.60306],[-122.40012,37.60385],[-122.40125,37.60385],[-122.40183,37.60307],[-122.40127,37.60229],[-122.40013,37.60228],[-122.39956,37.60306]]],"type":"Polygon"},"properties":{"bbox":{"roads":{"area":3196.78,"pct":12.3}},"city_same":1,"id":"hex:3686:24029"},"type":"Feature"},{"geometry":{"coordinates":[[[-122.39955,37.60462],[-122.40011,37.60541],[-122.40124,37.60541],[-122.40181,37.60463],[-122.40125,37.60385],[-122.40012,37.60385],[-122.39955,37.60462]]],"type":"Polygon"},"properties":{"bbox":{"roads":{"area":1653.19,"pct":6.36},"sidewalks":{"area":522.75,"pct":2.01}},"city_same":1,"id":"hex:3686:24030"},"type":"Feature"},{"geometry":{"coordinates":[[[-122.39954,37.60618],[-122.4001,37.60697],[-122.40123,37.60697],[-122.4018,37.6062],[-122.40124,37.60541],[-122.40011,37.60541],[-122.39954,37.60618]]],"type":"Polygon"},"properties":{"bbox":{"roads":{"area":3760.47,"pct":14.47}},"city":{"roads":{"area":2591.78,"pct":9.98}},"id":"hex:3686:24031"},"type":"Feature"},{"geometry":{"coordinates":[[[-122.39952,37.60775],[-122.40008,37.60853],[-122.40122,37.60853],[-122.40179,37.60776],[-122.40123,37.60697],[-122.4001,37.60697],[-122.39952,37.60775]]],"type":"Polygon"},"properties":{"bbox":{"roads":{"area":4691.03,"pct":18.06},"sidewalks":{"area":887.62,"pct":3.42}},"city":{"roads":{"area":4281.94,"pct":16.48},"sidewalks":{"area":887.62,"pct":3.42}},"id":"hex:3686:24032"},"type":"Feature"},{"geometry":{"coordinates":[[[-122.39951,37.60931],[-122.40007,37.61009],[-122.4012,37.6101],[-122.40178,37.60932],[-122.40122,37.60853],[-122.40008,37.60853],[-122.39951,37.60931]]],"type":"Polygon"},"properties":{"bbox":{"parking":{"area":1002.31,"pct":3.86},"roads":{"area":6856.34,"pct":26.39},"sidewalks":{"area":805.73,"pct":3.1}},"city":{"parking":{"area":1002.31,"pct":3.86},"roads":{"area":2832.8,"pct":10.9},"sidewalks":{"area":805.73,"pct":3.1}},"id":"hex:3686:24033"},"type":"Feature"},{"geometry":{"coordinates":[[[-122.40006,37.61165],[-122.3995,37.61087],[-122.40007,37.61009],[-122.4012,37.6101],[-122.40173,37.61083],[-122.40168,37.61078],[-122.40153,37.61085],[-122.4005,37.61138],[-122.40062,37.61151],[-122.40074,37.61165],[-122.40006,37.61165]]],"type":"Polygon"},"properties":{"bbox":{"roads":{"area":1802.5,"pct":8.55},"sidewalks":{"area":193.41,"pct":0.92}},"city":{"roads":{"area":1149.81,"pct":5.45},"sidewalks":{"area":193.41,"pct":0.92}},"id":"hex:3686:24034"},"type":"Feature"},{"geometry":{"coordinates":[[[-122.40006,37.61165],[-122.40074,37.61165],[-122.40111,37.61208],[-122.40117,37.61215],[-122.40016,37.61266],[-122.4001,37.61269],[-122.40004,37.61262],[-122.39965,37.61221],[-122.40006,37.61165]]],"type":"Polygon"},"properties":{"bbox":{"roads":{"area":1022.76,"pct":10.83},"sidewalks":{"area":113.16,"pct":1.2}},"city_same":1,"id":"hex:3686:24035"},"type":"Feature"},{"geometry":{"coordinates":[[[-122.39971,37.58433],[-122.39946,37.58433],[-122.39951,37.5843],[-122.39996,37.58399],[-122.39971,37.58433]]],"type":"Polygon"},"properties":{"bbox":{"roads":{"area":37.59,"pct":9.04}},"city_same":1,"id":"hex:3687:24016"},"type":"Feature"},{"geometry":{"coordinates":[[[-122.39971,37.58433],[-122.40027,37.58511],[-122.3997,37.58589],[-122.39857,37.58588],[-122.39801,37.5851],[-122.39831,37.5847],[-122.39898,37.58453],[-122.39904,37.58451],[-122.39917,37.58447],[-122.39929,37.58442],[-122.3994,37.58436],[-122.39946,37.58433],[-122.39971,37.58433]]],"type":"Polygon"},"properties":{"bbox":{"roads":{"area":1647.09,"pct":6.85}},"city_same":1,"id":"hex:3687:24017"},"type":"Feature"},{"geometry":{"coordinates":[[[-122.39799,37.58666],[-122.39855,37.58745],[-122.39969,37.58745],[-122.40026,37.58667],[-122.3997,37.58589],[-122.39857,37.58588],[-122.39799,37.58666]]],"type":"Polygon"},"properties":{"bbox":{"roads":{"area":1878.22,"pct":7.23}},"city_same":1,"id":"hex:3687:24018"},"type":"Feature"},{"geometry":{"coordinates":[[[-122.39798,37.58822],[-122.39854,37.58901],[-122.39967,37.58901],[-122.40025,37.58823],[-122.39969,37.58745],[-122.39855,37.58745],[-122.39798,37.58822]]],"type":"Polygon"},"properties":{"bbox":{"roads":{"area":3520.3,"pct":13.55}},"city_same":1,"id":"hex:3687:24019"},"type":"Feature"},{"geometry":{"coordinates":[[[-122.39797,37.58978],[-122.39853,37.59057],[-122.39966,37.59057],[-122.40023,37.5898],[-122.39967,37.58901],[-122.39854,37.58901],[-122.39797,37.58978]]],"type":"Polygon"},"properties":{"bbox":{"roads":{"area":1341.01,"pct":5.16},"sidewalks":{"area":49.46,"pct":0.19}},"city_same":1,"id":"hex:3687:24020"},"type":"Feature"},{"geometry":{"coordinates":[[[-122.39796,37.59135],[-122.39852,37.59213],[-122.39965,37.59213],[-122.40022,37.59136],[-122.39966,37.59057],[-122.39853,37.59057],[-122.39796,37.59135]]],"type":"Polygon"},"properties":{"bbox":{"roads":{"area":1918.32,"pct":7.38},"sidewalks":{"area":527.9,"pct":2.03}},"city_same":1,"id":"hex:3687:24021"},"type":"Feature"},{"geometry":{"coordinates":[[[-122.39794,37.59291],[-122.3985,37.59369],[-122.39964,37.5937],[-122.40021,37.59292],[-122.39965,37.59213],[-122.39852,37.59213],[-122.39794,37.59291]]],"type":"Polygon"},"properties":{"bbox":{"roads":{"area":3004.18,"pct":11.56}},"city_same":1,"id":"hex:3687:24022"},"type":"Feature"},{"geometry":{"coordinates":[[[-122.39793,37.59447],[-122.39849,37.59525],[-122.39962,37.59526],[-122.4002,37.59448],[-122.39964,37.5937],[-122.3985,37.59369],[-122.39793,37.59447]]],"type":"Polygon"},"properties":{"bbox":{"roads":{"area":2258.88,"pct":8.69}},"city_same":1,"id":"hex:3687:24023"},"type":"Feature"},{"geometry":{"coordinates":[[[-122.39792,37.59603],[-122.39848,37.59681],[-122.39961,37.59682],[-122.40018,37.59604],[-122.39962,37.59526],[-122.39849,37.59525],[-122.39792,37.59603]]],"type":"Polygon"},"properties":{"bbox":{"roads":{"area":1859.7,"pct":7.16}},"city_same":1,"id":"hex:3687:24024"},"type":"Feature"},{"geometry":{"coordinates":[[[-122.39791,37.59759],[-122.39847,37.59837],[-122.3996,37.59838],[-122.40017,37.5976],[-122.39961,37.59682],[-122.39848,37.59681],[-122.39791,37.59759]]],"type":"Polygon"},"properties":{"bbox":{"roads":{"area":3106.02,"pct":11.96}},"city_same":1,"id":"hex:3687:24025"},"type":"Feature"},{"geometry":{"coordinates":[[[-122.39789,37.59915],[-122.39845,37.59993],[-122.39959,37.59994],[-122.40016,37.59916],[-122.3996,37.59838],[-122.39847,37.59837],[-122.39789,37.59915]]],"type":"Polygon"},"properties":{"bbox":{"roads":{"area":2017.09,"pct":7.76}},"city_same":1,"id":"hex:3687:24026"},"type":"Feature"},{"geometry":{"coordinates":[[[-122.39788,37.60071],[-122.39844,37.6015],[-122.39957,37.6015],[-122.40015,37.60072],[-122.39959,37.59994],[-122.39845,37.59993],[-122.39788,37.60071]]],"type":"Polygon"},"properties":{"bbox":{"roads":{"area":1847.04,"pct":7.11},"sidewalks":{"area":9.19,"pct":0.04}},"city_same":1,"id":"hex:3687:24027"},"type":"Feature"},{"geometry":{"coordinates":[[[-122.39787,37.60227],[-122.39843,37.60306],[-122.39956,37.60306],[-122.40013,37.60228],[-122.39957,37.6015],[-122.39844,37.6015],[-122.39787,37.60227]]],"type":"Polygon"},"properties":{"bbox":{"roads":{"area":3836.98,"pct":14.77}},"city_same":1,"id":"hex:3687:24028"},"type":"Feature"},{"geometry":{"coordinates":[[[-122.39786,37.60383],[-122.39842,37.60462],[-122.39955,37.60462],[-122.40012,37.60385],[-122.39956,37.60306],[-122.39843,37.60306],[-122.39786,37.60383]]],"type":"Polygon"},"properties":{"bbox":{"parking":{"area":523.77,"pct":2.02},"roads":{"area":3260.31,"pct":12.55}},"city_same":1,"id":"hex:3687:24029"},"type":"Feature"},{"geometry":{"coordinates":[[[-122.39784,37.6054],[-122.3984,37.60618],[-122.39954,37.60618],[-122.40011,37.60541],[-122.39955,37.60462],[-122.39842,37.60462],[-122.39784,37.6054]]],"type":"Polygon"},"properties":{"bbox":{"roads":{"area":4382.91,"pct":16.87},"sidewalks":{"area":681.85,"pct":2.62}},"city":{"roads":{"area":3104.27,"pct":11.95},"sidewalks":{"area":681.85,"pct":2.62}},"id":"hex:3687:24030"},"type":"Feature"},{"geometry":{"coordinates":[[[-122.39783,37.60696],[-122.39839,37.60774],[-122.39952,37.60775],[-122.4001,37.60697],[-122.39954,37.60618],[-122.3984,37.60618],[-122.39783,37.60696]]],"type":"Polygon"},"properties":{"bbox":{"roads":{"area":7860.82,"pct":30.26},"sidewalks":{"area":931.22,"pct":3.58}},"city":{"roads":{"area":4879.7,"pct":18.78},"sidewalks":{"area":931.22,"pct":3.58}},"id":"hex:3687:24031"},"type":"Feature"},{"geometry":{"coordinates":[[[-122.39782,37.60852],[-122.39838,37.6093],[-122.39951,37.60931],[-122.40008,37.60853],[-122.39952,37.60775],[-122.39839,37.60774],[-122.39782,37.60852]]],"type":"Polygon"},"properties":{"bbox":{"roads":{"area":6281.1,"pct":24.18},"sidewalks":{"area":434.57,"pct":1.67}},"city":{"roads":{"area":2961.97,"pct":11.4},"sidewalks":{"area":434.57,"pct":1.67}},"id":"hex:3687:24032"},"type":"Feature"},{"geometry":{"coordinates":[[[-122.39781,37.61008],[-122.39837,37.61086],[-122.3995,37.61087],[-122.40007,37.61009],[-122.39951,37.60931],[-122.39838,37.6093],[-122.39781,37.61008]]],"type":"Polygon"},"properties":{"bbox":{"roads":{"area":2665.09,"pct":10.26}},"city_same":1,"id":"hex:3687:24033"},"type":"Feature"},{"geometry":{"coordinates":[[[-122.39835,37.61242],[-122.39779,37.61164],[-122.39837,37.61086],[-122.3995,37.61087],[-122.40006,37.61165],[-122.39965,37.61221],[-122.39938,37.61194],[-122.39886,37.61217],[-122.39866,37.61228],[-122.39841,37.61242],[-122.39835,37.61242]]],"type":"Polygon"},"properties":{"bbox":{"roads":{"area":589.75,"pct":2.59}},"city_same":1,"id":"hex:3687:24034"},"type":"Feature"},{"geometry":{"coordinates":[[[-122.39801,37.5851],[-122.39687,37.5851],[-122.39685,37.58506],[-122.39705,37.58501],[-122.39831,37.5847],[-122.39801,37.5851]]],"type":"Polygon"},"properties":{"bbox":{"roads":{"area":600.45,"pct":23.59}},"city_same":1,"id":"hex:3688:24017"},"type":"Feature"},{"geometry":{"coordinates":[[[-122.3963,37.58587],[-122.39686,37.58666],[-122.39799,37.58666],[-122.39857,37.58588],[-122.39801,37.5851],[-122.39687,37.5851],[-122.3963,37.58587]]],"type":"Polygon"},"properties":{"bbox":{"roads":{"area":2657.68,"pct":10.23}},"city_same":1,"id":"hex:3688:24018"},"type":"Feature"},{"geometry":{"coordinates":[[[-122.39629,37.58743],[-122.39685,37.58822],[-122.39798,37.58822],[-122.39855,37.58745],[-122.39799,37.58666],[-122.39686,37.58666],[-122.39629,37.58743]]],"type":"Polygon"},"properties":{"bbox":{"roads":{"area":1367.73,"pct":5.26}},"city_same":1,"id":"hex:3688:24019"},"type":"Feature"},{"geometry":{"coordinates":[[[-122.39628,37.58899],[-122.39684,37.58978],[-122.39797,37.58978],[-122.39854,37.58901],[-122.39798,37.58822],[-122.39685,37.58822],[-122.39628,37.58899]]],"type":"Polygon"},"properties":{"bbox":{"roads":{"area":2515.14,"pct":9.68},"sidewalks":{"area":54.41,"pct":0.21}},"city_same":1,"id":"hex:3688:24020"},"type":"Feature"},{"geometry":{"coordinates":[[[-122.39626,37.59056],[-122.39682,37.59134],[-122.39796,37.59135],[-122.39853,37.59057],[-122.39797,37.58978],[-122.39684,37.58978],[-122.39626,37.59056]]],"type":"Polygon"},"properties":{"bbox":{"roads":{"area":826.23,"pct":3.18},"sidewalks":{"area":216.86,"pct":0.83}},"city_same":1,"id":"hex:3688:24021"},"type":"Feature"},{"geometry":{"coordinates":[[[-122.39625,37.59212],[-122.39681,37.5929],[-122.39794,37.59291],[-122.39852,37.59213],[-122.39796,37.59135],[-122.39682,37.59134],[-122.39625,37.59212]]],"type":"Polygon"},"properties":{"bbox":{"roads":{"area":2329.37,"pct":8.97},"sidewalks":{"area":949.99,"pct":3.66}},"city_same":1,"id":"hex:3688:24022"},"type":"Feature"},{"geometry":{"coordinates":[[[-122.39624,37.59368],[-122.3968,37.59446],[-122.39793,37.59447],[-122.3985,37.59369],[-122.39794,37.59291],[-122.39681,37.5929],[-122.39624,37.59368]]],"type":"Polygon"},"properties":{"bbox":{"roads":{"area":2651.26,"pct":10.2}},"city_same":1,"id":"hex:3688:24023"},"type":"Feature"},{"geometry":{"coordinates":[[[-122.39623,37.59524],[-122.39679,37.59602],[-122.39792,37.59603],[-122.39849,37.59525],[-122.39793,37.59447],[-122.3968,37.59446],[-122.39623,37.59524]]],"type":"Polygon"},"properties":{"bbox":{"roads":{"area":2394.85,"pct":9.22}},"city_same":1,"id":"hex:3688:24024"},"type":"Feature"},{"geometry":{"coordinates":[[[-122.39621,37.5968],[-122.39677,37.59758],[-122.39791,37.59759],[-122.39848,37.59681],[-122.39792,37.59603],[-122.39679,37.59602],[-122.39621,37.5968]]],"type":"Polygon"},"properties":{"bbox":{"roads":{"area":2766.4,"pct":10.65}},"city_same":1,"id":"hex:3688:24025"},"type":"Feature"},{"geometry":{"coordinates":[[[-122.3962,37.59836],[-122.39676,37.59914],[-122.39789,37.59915],[-122.39847,37.59837],[-122.39791,37.59759],[-122.39677,37.59758],[-122.3962,37.59836]]],"type":"Polygon"},"properties":{"bbox":{"roads":{"area":2603.23,"pct":10.02}},"city_same":1,"id":"hex:3688:24026"},"type":"Feature"},{"geometry":{"coordinates":[[[-122.39619,37.59992],[-122.39675,37.60071],[-122.39788,37.60071],[-122.39845,37.59993],[-122.39789,37.59915],[-122.39676,37.59914],[-122.39619,37.59992]]],"type":"Polygon"},"properties":{"bbox":{"roads":{"area":2772.67,"pct":10.67}},"city_same":1,"id":"hex:3688:24027"},"type":"Feature"},{"geometry":{"coordinates":[[[-122.39618,37.60148],[-122.39674,37.60227],[-122.39787,37.60227],[-122.39844,37.6015],[-122.39788,37.60071],[-122.39675,37.60071],[-122.39618,37.60148]]],"type":"Polygon"},"properties":{"bbox":{"roads":{"area":3266,"pct":12.57},"sidewalks":{"area":174.45,"pct":0.67}},"city_same":1,"id":"hex:3688:24028"},"type":"Feature"},{"geometry":{"coordinates":[[[-122.39616,37.60304],[-122.39672,37.60383],[-122.39786,37.60383],[-122.39843,37.60306],[-122.39787,37.60227],[-122.39674,37.60227],[-122.39616,37.60304]]],"type":"Polygon"},"properties":{"bbox":{"parking":{"area":11006.68,"pct":42.36},"roads":{"area":5275.65,"pct":20.31},"sidewalks":{"area":262.86,"pct":1.01}},"city":{"parking":{"area":11006.68,"pct":42.36},"roads":{"area":4366.54,"pct":16.81},"sidewalks":{"area":262.86,"pct":1.01}},"id":"hex:3688:24029"},"type":"Feature"},{"geometry":{"coordinates":[[[-122.39615,37.60461],[-122.39671,37.60539],[-122.39784,37.6054],[-122.39842,37.60462],[-122.39786,37.60383],[-122.39672,37.60383],[-122.39615,37.60461]]],"type":"Polygon"},"properties":{"bbox":{"parking":{"area":3616.6,"pct":13.92},"roads":{"area":5784.38,"pct":22.26},"sidewalks":{"area":486.13,"pct":1.87}},"city":{"parking":{"area":3616.6,"pct":13.92},"roads":{"area":4898.96,"pct":18.86},"sidewalks":{"area":486.13,"pct":1.87}},"id":"hex:3688:24030"},"type":"Feature"},{"geometry":{"coordinates":[[[-122.39614,37.60617],[-122.3967,37.60695],[-122.39783,37.60696],[-122.3984,37.60618],[-122.39784,37.6054],[-122.39671,37.60539],[-122.39614,37.60617]]],"type":"Polygon"},"properties":{"bbox":{"roads":{"area":8565.92,"pct":32.97},"sidewalks":{"area":720.82,"pct":2.77}},"city":{"roads":{"area":4677.59,"pct":18},"sidewalks":{"area":720.82,"pct":2.77}},"id":"hex:3688:24031"},"type":"Feature"},{"geometry":{"coordinates":[[[-122.39613,37.60773],[-122.39669,37.60851],[-122.39782,37.60852],[-122.39839,37.60774],[-122.39783,37.60696],[-122.3967,37.60695],[-122.39613,37.60773]]],"type":"Polygon"},"properties":{"bbox":{"roads":{"area":3203.85,"pct":12.33}},"city_same":1,"id":"hex:3688:24032"},"type":"Feature"},{"geometry":{"coordinates":[[[-122.39611,37.60929],[-122.39667,37.61007],[-122.39781,37.61008],[-122.39838,37.6093],[-122.39782,37.60852],[-122.39669,37.60851],[-122.39611,37.60929]]],"type":"Polygon"},"properties":{"bbox":{"roads":{"area":3396.81,"pct":13.07},"sidewalks":{"area":103.73,"pct":0.4}},"city_same":1,"id":"hex:3688:24033"},"type":"Feature"},{"geometry":{"coordinates":[[[-122.39667,37.61007],[-122.39781,37.61008],[-122.39837,37.61086],[-122.39779,37.61164],[-122.39666,37.61163],[-122.3961,37.61085],[-122.39667,37.61007]],[[-122.39789,37.61055],[-122.39791,37.61056],[-122.39792,37.61058],[-122.39794,37.61059],[-122.39796,37.61055],[-122.39786,37.61045],[-122.39785,37.61045],[-122.39784,37.61046],[-122.39782,37.61047],[-122.39782,37.61047],[-122.39786,37.61052],[-122.39787,37.61053],[-122.39789,37.61055]]],"type":"Polygon"},"properties":{"bbox":{"roads":{"area":675.64,"pct":2.61}},"city_same":1,"id":"hex:3688:24034"},"type":"Feature"},{"geometry":{"coordinates":[[[-122.39666,37.61163],[-122.39779,37.61164],[-122.39835,37.61242],[-122.39832,37.61247],[-122.39788,37.61272],[-122.39728,37.61192],[-122.39664,37.61167],[-122.39666,37.61163]]],"type":"Polygon"},"properties":{"bbox":{"roads":{"area":0.87,"pct":0.01}},"city_same":1,"id":"hex:3688:24035"},"type":"Feature"},{"geometry":{"coordinates":[[[-122.39687,37.5851],[-122.3963,37.58587],[-122.39517,37.58587],[-122.39512,37.58579],[-122.39551,37.58548],[-122.39558,37.58544],[-122.39565,37.5854],[-122.39573,37.58536],[-122.39582,37.58533],[-122.3959,37.5853],[-122.39685,37.58506],[-122.39687,37.5851]]],"type":"Polygon"},"properties":{"bbox":{"roads":{"area":656.95,"pct":9.17}},"city_same":1,"id":"hex:3689:24017"},"type":"Feature"},{"geometry":{"coordinates":[[[-122.3946,37.58664],[-122.39516,37.58743],[-122.39629,37.58743],[-122.39686,37.58666],[-122.3963,37.58587],[-122.39517,37.58587],[-122.3946,37.58664]]],"type":"Polygon"},"properties":{"bbox":{"roads":{"area":940.2,"pct":3.62}},"city_same":1,"id":"hex:3689:24018"},"type":"Feature"},{"geometry":{"coordinates":[[[-122.39458,37.58821],[-122.39514,37.58899],[-122.39628,37.58899],[-122.39685,37.58822],[-122.39629,37.58743],[-122.39516,37.58743],[-122.39458,37.58821]]],"type":"Polygon"},"properties":{"bbox":{"roads":{"area":2007.66,"pct":7.73},"sidewalks":{"area":152.16,"pct":0.59}},"city_same":1,"id":"hex:3689:24019"},"type":"Feature"},{"geometry":{"coordinates":[[[-122.39457,37.58977],[-122.39513,37.59055],[-122.39626,37.59056],[-122.39684,37.58978],[-122.39628,37.58899],[-122.39514,37.58899],[-122.39457,37.58977]]],"type":"Polygon"},"properties":{"bbox":{"roads":{"area":1272.49,"pct":4.9},"sidewalks":{"area":575.74,"pct":2.22}},"city_same":1,"id":"hex:3689:24020"},"type":"Feature"},{"geometry":{"coordinates":[[[-122.39456,37.59133],[-122.39512,37.59211],[-122.39625,37.59212],[-122.39682,37.59134],[-122.39626,37.59056],[-122.39513,37.59055],[-122.39456,37.59133]]],"type":"Polygon"},"properties":{"bbox":{"roads":{"area":2454.78,"pct":9.45},"sidewalks":{"area":1060.7,"pct":4.08}},"city_same":1,"id":"hex:3689:24021"},"type":"Feature"},{"geometry":{"coordinates":[[[-122.39455,37.59289],[-122.39511,37.59367],[-122.39624,37.59368],[-122.39681,37.5929],[-122.39625,37.59212],[-122.39512,37.59211],[-122.39455,37.59289]]],"type":"Polygon"},"properties":{"bbox":{"roads":{"area":2251.32,"pct":8.67},"sidewalks":{"area":1018.08,"pct":3.92}},"city_same":1,"id":"hex:3689:24022"},"type":"Feature"},{"geometry":{"coordinates":[[[-122.39453,37.59445],[-122.39509,37.59523],[-122.39623,37.59524],[-122.3968,37.59446],[-122.39624,37.59368],[-122.39511,37.59367],[-122.39453,37.59445]]],"type":"Polygon"},"properties":{"bbox":{"roads":{"area":3664.28,"pct":14.1},"sidewalks":{"area":137.23,"pct":0.53}},"city_same":1,"id":"hex:3689:24023"},"type":"Feature"},{"geometry":{"coordinates":[[[-122.39452,37.59601],[-122.39508,37.59679],[-122.39621,37.5968],[-122.39679,37.59602],[-122.39623,37.59524],[-122.39509,37.59523],[-122.39452,37.59601]]],"type":"Polygon"},"properties":{"bbox":{"roads":{"area":2449.4,"pct":9.43}},"city_same":1,"id":"hex:3689:24024"},"type":"Feature"},{"geometry":{"coordinates":[[[-122.39451,37.59757],[-122.39507,37.59836],[-122.3962,37.59836],[-122.39677,37.59758],[-122.39621,37.5968],[-122.39508,37.59679],[-122.39451,37.59757]]],"type":"Polygon"},"properties":{"bbox":{"roads":{"area":2236.37,"pct":8.61}},"city_same":1,"id":"hex:3689:24025"},"type":"Feature"},{"geometry":{"coordinates":[[[-122.3945,37.59913],[-122.39506,37.59992],[-122.39619,37.59992],[-122.39676,37.59914],[-122.3962,37.59836],[-122.39507,37.59836],[-122.3945,37.59913]]],"type":"Polygon"},"properties":{"bbox":{"roads":{"area":2857.07,"pct":11}},"city_same":1,"id":"hex:3689:24026"},"type":"Feature"},{"geometry":{"coordinates":[[[-122.39448,37.60069],[-122.39504,37.60148],[-122.39618,37.60148],[-122.39675,37.60071],[-122.39619,37.59992],[-122.39506,37.59992],[-122.39448,37.60069]]],"type":"Polygon"},"properties":{"bbox":{"roads":{"area":2567.49,"pct":9.88},"sidewalks":{"area":146.48,"pct":0.56}},"city_same":1,"id":"hex:3689:24027"},"type":"Feature"},{"geometry":{"coordinates":[[[-122.39447,37.60226],[-122.39503,37.60304],[-122.39616,37.60304],[-122.39674,37.60227],[-122.39618,37.60148],[-122.39504,37.60148],[-122.39447,37.60226]]],"type":"Polygon"},"properties":{"bbox":{"parking":{"area":1046.05,"pct":4.03},"roads":{"area":3630.06,"pct":13.97},"sidewalks":{"area":403.82,"pct":1.55}},"city":{"parking":{"area":1046.05,"pct":4.03},"roads":{"area":2521.15,"pct":9.7},"sidewalks":{"area":403.82,"pct":1.55}},"id":"hex:3689:24028"},"type":"Feature"},{"geometry":{"coordinates":[[[-122.39446,37.60382],[-122.39502,37.6046],[-122.39615,37.60461],[-122.39672,37.60383],[-122.39616,37.60304],[-122.39503,37.60304],[-122.39446,37.60382]]],"type":"Polygon"},"properties":{"bbox":{"parking":{"area":9845.09,"pct":37.89},"roads":{"area":5798.58,"pct":22.32},"sidewalks":{"area":651.16,"pct":2.51}},"city":{"parking":{"area":9845.09,"pct":37.89},"roads":{"area":5193.17,"pct":19.99},"sidewalks":{"area":651.16,"pct":2.51}},"id":"hex:3689:24029"},"type":"Feature"},{"geometry":{"coordinates":[[[-122.39444,37.60538],[-122.39501,37.60616],[-122.39614,37.60617],[-122.39671,37.60539],[-122.39615,37.60461],[-122.39502,37.6046],[-122.39444,37.60538]]],"type":"Polygon"},"properties":{"bbox":{"parking":{"area":5432.76,"pct":20.91},"roads":{"area":6107.19,"pct":23.51},"sidewalks":{"area":497.58,"pct":1.92}},"city":{"parking":{"area":5432.76,"pct":20.91},"roads":{"area":2151.8,"pct":8.28},"sidewalks":{"area":497.58,"pct":1.92}},"id":"hex:3689:24030"},"type":"Feature"},{"geometry":{"coordinates":[[[-122.39443,37.60694],[-122.39499,37.60772],[-122.39613,37.60773],[-122.3967,37.60695],[-122.39614,37.60617],[-122.39501,37.60616],[-122.39443,37.60694]]],"type":"Polygon"},"properties":{"bbox":{"parking":{"area":1910.22,"pct":7.35},"roads":{"area":2709.86,"pct":10.43}},"city_same":1,"id":"hex:3689:24031"},"type":"Feature"},{"geometry":{"coordinates":[[[-122.39442,37.6085],[-122.39498,37.60928],[-122.39611,37.60929],[-122.39669,37.60851],[-122.39613,37.60773],[-122.39499,37.60772],[-122.39442,37.6085]]],"type":"Polygon"},"properties":{"bbox":{"roads":{"area":3037.82,"pct":11.69},"sidewalks":{"area":39.44,"pct":0.15}},"city_same":1,"id":"hex:3689:24032"},"type":"Feature"},{"geometry":{"coordinates":[[[-122.39441,37.61006],[-122.39497,37.61084],[-122.3961,37.61085],[-122.39667,37.61007],[-122.39611,37.60929],[-122.39498,37.60928],[-122.39441,37.61006]]],"type":"Polygon"},"properties":{"bbox":{"roads":{"area":2912.99,"pct":11.21},"sidewalks":{"area":130.25,"pct":0.5}},"city_same":1,"id":"hex:3689:24033"},"type":"Feature"},{"geometry":{"coordinates":[[[-122.39497,37.61084],[-122.3961,37.61085],[-122.39666,37.61163],[-122.39664,37.61167],[-122.39488,37.61096],[-122.39497,37.61084]]],"type":"Polygon"},"properties":{"bbox":{"roads":{"area":311.06,"pct":5.23}},"city_same":1,"id":"hex:3689:24034"},"type":"Feature"},{"geometry":{"coordinates":[[[-122.39517,37.58587],[-122.3946,37.58664],[-122.39402,37.58664],[-122.3941,37.58658],[-122.39512,37.58579],[-122.39517,37.58587]]],"type":"Polygon"},"properties":{"bbox":{"roads":{"area":605.2,"pct":21.57}},"city_same":1,"id":"hex:3690:24018"},"type":"Feature"},{"geometry":{"coordinates":[[[-122.3946,37.58664],[-122.39516,37.58743],[-122.39458,37.58821],[-122.39345,37.5882],[-122.39293,37.58746],[-122.39329,37.58718],[-122.39331,37.58717],[-122.39337,37.58714],[-122.39402,37.58664],[-122.3946,37.58664]]],"type":"Polygon"},"properties":{"bbox":{"roads":{"area":1523.42,"pct":6.5}},"city_same":1,"id":"hex:3690:24019"},"type":"Feature"},{"geometry":{"coordinates":[[[-122.39288,37.58898],[-122.39344,37.58976],[-122.39457,37.58977],[-122.39514,37.58899],[-122.39458,37.58821],[-122.39345,37.5882],[-122.39288,37.58898]]],"type":"Polygon"},"properties":{"bbox":{"roads":{"area":2140.16,"pct":8.24},"sidewalks":{"area":539.71,"pct":2.08}},"city_same":1,"id":"hex:3690:24020"},"type":"Feature"},{"geometry":{"coordinates":[[[-122.39287,37.59054],[-122.39343,37.59132],[-122.39456,37.59133],[-122.39513,37.59055],[-122.39457,37.58977],[-122.39344,37.58976],[-122.39287,37.59054]]],"type":"Polygon"},"properties":{"bbox":{"roads":{"area":974.88,"pct":3.75},"sidewalks":{"area":562.29,"pct":2.16}},"city_same":1,"id":"hex:3690:24021"},"type":"Feature"},{"geometry":{"coordinates":[[[-122.39285,37.5921],[-122.39341,37.59288],[-122.39455,37.59289],[-122.39512,37.59211],[-122.39456,37.59133],[-122.39343,37.59132],[-122.39285,37.5921]]],"type":"Polygon"},"properties":{"bbox":{"roads":{"area":2189.7,"pct":8.43},"sidewalks":{"area":971.55,"pct":3.74}},"city_same":1,"id":"hex:3690:24022"},"type":"Feature"},{"geometry":{"coordinates":[[[-122.39284,37.59366],[-122.3934,37.59444],[-122.39453,37.59445],[-122.39511,37.59367],[-122.39455,37.59289],[-122.39341,37.59288],[-122.39284,37.59366]]],"type":"Polygon"},"properties":{"bbox":{"roads":{"area":1141.36,"pct":4.39},"sidewalks":{"area":455.13,"pct":1.75}},"city_same":1,"id":"hex:3690:24023"},"type":"Feature"},{"geometry":{"coordinates":[[[-122.39283,37.59522],[-122.39339,37.59601],[-122.39452,37.59601],[-122.39509,37.59523],[-122.39453,37.59445],[-122.3934,37.59444],[-122.39283,37.59522]]],"type":"Polygon"},"properties":{"bbox":{"roads":{"area":2806.01,"pct":10.8}},"city_same":1,"id":"hex:3690:24024"},"type":"Feature"},{"geometry":{"coordinates":[[[-122.39282,37.59678],[-122.39338,37.59757],[-122.39451,37.59757],[-122.39508,37.59679],[-122.39452,37.59601],[-122.39339,37.59601],[-122.39282,37.59678]]],"type":"Polygon"},"properties":{"bbox":{"roads":{"area":2893.94,"pct":11.14}},"city_same":1,"id":"hex:3690:24025"},"type":"Feature"},{"geometry":{"coordinates":[[[-122.3928,37.59834],[-122.39336,37.59913],[-122.3945,37.59913],[-122.39507,37.59836],[-122.39451,37.59757],[-122.39338,37.59757],[-122.3928,37.59834]]],"type":"Polygon"},"properties":{"bbox":{"roads":{"area":1837.3,"pct":7.07}},"city_same":1,"id":"hex:3690:24026"},"type":"Feature"},{"geometry":{"coordinates":[[[-122.39279,37.59991],[-122.39335,37.60069],[-122.39448,37.60069],[-122.39506,37.59992],[-122.3945,37.59913],[-122.39336,37.59913],[-122.39279,37.59991]]],"type":"Polygon"},"properties":{"bbox":{"roads":{"area":1998.05,"pct":7.69}},"city_same":1,"id":"hex:3690:24027"},"type":"Feature"},{"geometry":{"coordinates":[[[-122.39278,37.60147],[-122.39334,37.60225],[-122.39447,37.60226],[-122.39504,37.60148],[-122.39448,37.60069],[-122.39335,37.60069],[-122.39278,37.60147]]],"type":"Polygon"},"properties":{"bbox":{"parking":{"area":11.78,"pct":0.05},"roads":{"area":2910.1,"pct":11.2},"sidewalks":{"area":255.44,"pct":0.98}},"city":{"parking":{"area":11.78,"pct":0.05},"roads":{"area":1657.98,"pct":6.38},"sidewalks":{"area":255.44,"pct":0.98}},"id":"hex:3690:24028"},"type":"Feature"},{"geometry":{"coordinates":[[[-122.39276,37.60303],[-122.39332,37.60381],[-122.39446,37.60382],[-122.39503,37.60304],[-122.39447,37.60226],[-122.39334,37.60225],[-122.39276,37.60303]]],"type":"Polygon"},"properties":{"bbox":{"parking":{"area":1242.3,"pct":4.78},"roads":{"area":7042.33,"pct":27.11},"sidewalks":{"area":770,"pct":2.96}},"city":{"parking":{"area":1242.3,"pct":4.78},"roads":{"area":4619.72,"pct":17.78},"sidewalks":{"area":770,"pct":2.96}},"id":"hex:3690:24029"},"type":"Feature"},{"geometry":{"coordinates":[[[-122.39275,37.60459],[-122.39331,37.60537],[-122.39444,37.60538],[-122.39502,37.6046],[-122.39446,37.60382],[-122.39332,37.60381],[-122.39275,37.60459]]],"type":"Polygon"},"properties":{"bbox":{"parking":{"area":227.61,"pct":0.88},"roads":{"area":5092.74,"pct":19.6},"sidewalks":{"area":464.83,"pct":1.79}},"city":{"parking":{"area":227.61,"pct":0.88},"roads":{"area":2369.87,"pct":9.12},"sidewalks":{"area":464.83,"pct":1.79}},"id":"hex:3690:24030"},"type":"Feature"},{"geometry":{"coordinates":[[[-122.39274,37.60615],[-122.3933,37.60693],[-122.39443,37.60694],[-122.39501,37.60616],[-122.39444,37.60538],[-122.39331,37.60537],[-122.39274,37.60615]]],"type":"Polygon"},"properties":{"bbox":{"parking":{"area":2245.58,"pct":8.64},"roads":{"area":2429.57,"pct":9.35},"sidewalks":{"area":167.4,"pct":0.64}},"city_same":1,"id":"hex:3690:24031"},"type":"Feature"},{"geometry":{"coordinates":[[[-122.39273,37.60771],[-122.39329,37.60849],[-122.39442,37.6085],[-122.39499,37.60772],[-122.39443,37.60694],[-122.3933,37.60693],[-122.39273,37.60771]]],"type":"Polygon"},"properties":{"bbox":{"roads":{"area":2793.75,"pct":10.75}},"city_same":1,"id":"hex:3690:24032"},"type":"Feature"},{"geometry":{"coordinates":[[[-122.39271,37.60927],[-122.39327,37.61006],[-122.39441,37.61006],[-122.39498,37.60928],[-122.39442,37.6085],[-122.39329,37.60849],[-122.39271,37.60927]]],"type":"Polygon"},"properties":{"bbox":{"roads":{"area":2741.01,"pct":10.55}},"city_same":1,"id":"hex:3690:24033"},"type":"Feature"},{"geometry":{"coordinates":[[[-122.39327,37.61006],[-122.39441,37.61006],[-122.39497,37.61084],[-122.39488,37.61096],[-122.39313,37.61025],[-122.39327,37.61006]]],"type":"Polygon"},"properties":{"bbox":{"roads":{"area":638.48,"pct":8.21}},"city_same":1,"id":"hex:3690:24034"},"type":"Feature"},{"geometry":{"coordinates":[[[-122.39345,37.5882],[-122.39288,37.58898],[-122.39175,37.58897],[-122.39147,37.58859],[-122.39206,37.58814],[-122.39219,37.58803],[-122.39293,37.58746],[-122.39345,37.5882]]],"type":"Polygon"},"properties":{"bbox":{"roads":{"area":595.29,"pct":3.57}},"city_same":1,"id":"hex:3691:24019"},"type":"Feature"},{"geometry":{"coordinates":[[[-122.39117,37.58975],[-122.39173,37.59053],[-122.39287,37.59054],[-122.39344,37.58976],[-122.39288,37.58898],[-122.39175,37.58897],[-122.39117,37.58975]]],"type":"Polygon"},"properties":{"bbox":{"roads":{"area":1973.58,"pct":7.6},"sidewalks":{"area":760.2,"pct":2.93}},"city_same":1,"id":"hex:3691:24020"},"type":"Feature"},{"geometry":{"coordinates":[[[-122.39116,37.59131],[-122.39172,37.59209],[-122.39285,37.5921],[-122.39343,37.59132],[-122.39287,37.59054],[-122.39173,37.59053],[-122.39116,37.59131]]],"type":"Polygon"},"properties":{"bbox":{"roads":{"area":2756.07,"pct":10.61},"sidewalks":{"area":888.14,"pct":3.42}},"city_same":1,"id":"hex:3691:24021"},"type":"Feature"},{"geometry":{"coordinates":[[[-122.39115,37.59287],[-122.39171,37.59365],[-122.39284,37.59366],[-122.39341,37.59288],[-122.39285,37.5921],[-122.39172,37.59209],[-122.39115,37.59287]]],"type":"Polygon"},"properties":{"bbox":{"parking":{"area":2073.72,"pct":7.98},"roads":{"area":3214.51,"pct":12.37},"sidewalks":{"area":1047.29,"pct":4.03}},"city_same":1,"id":"hex:3691:24022"},"type":"Feature"},{"geometry":{"coordinates":[[[-122.39114,37.59443],[-122.3917,37.59522],[-122.39283,37.59522],[-122.3934,37.59444],[-122.39284,37.59366],[-122.39171,37.59365],[-122.39114,37.59443]]],"type":"Polygon"},"properties":{"bbox":{"parking":{"area":1.94,"pct":0.01},"roads":{"area":544.48,"pct":2.1},"sidewalks":{"area":6.14,"pct":0.02}},"city_same":1,"id":"hex:3691:24023"},"type":"Feature"},{"geometry":{"coordinates":[[[-122.39112,37.59599],[-122.39168,37.59678],[-122.39282,37.59678],[-122.39339,37.59601],[-122.39283,37.59522],[-122.3917,37.59522],[-122.39112,37.59599]]],"type":"Polygon"},"properties":{"bbox":{"parking":{"area":182.1,"pct":0.7},"roads":{"area":2353.68,"pct":9.06}},"city_same":1,"id":"hex:3691:24024"},"type":"Feature"},{"geometry":{"coordinates":[[[-122.39111,37.59755],[-122.39167,37.59834],[-122.3928,37.59834],[-122.39338,37.59757],[-122.39282,37.59678],[-122.39168,37.59678],[-122.39111,37.59755]]],"type":"Polygon"},"properties":{"bbox":{"parking":{"area":2088.73,"pct":8.04},"roads":{"area":3133.96,"pct":12.06}},"city_same":1,"id":"hex:3691:24025"},"type":"Feature"},{"geometry":{"coordinates":[[[-122.3911,37.59912],[-122.39166,37.5999],[-122.39279,37.59991],[-122.39336,37.59913],[-122.3928,37.59834],[-122.39167,37.59834],[-122.3911,37.59912]]],"type":"Polygon"},"properties":{"bbox":{"roads":{"area":2460.11,"pct":9.47}},"city":{"roads":{"area":2001.91,"pct":7.71}},"id":"hex:3691:24026"},"type":"Feature"},{"geometry":{"coordinates":[[[-122.39108,37.60068],[-122.39164,37.60146],[-122.39278,37.60147],[-122.39335,37.60069],[-122.39279,37.59991],[-122.39166,37.5999],[-122.39108,37.60068]]],"type":"Polygon"},"properties":{"bbox":{"parking":{"area":3287,"pct":12.65},"roads":{"area":4565.7,"pct":17.57},"sidewalks":{"area":535.76,"pct":2.06}},"city":{"parking":{"area":3287,"pct":12.65},"roads":{"area":3407.68,"pct":13.12},"sidewalks":{"area":535.76,"pct":2.06}},"id":"hex:3691:24027"},"type":"Feature"},{"geometry":{"coordinates":[[[-122.39107,37.60224],[-122.39163,37.60302],[-122.39276,37.60303],[-122.39334,37.60225],[-122.39278,37.60147],[-122.39164,37.60146],[-122.39107,37.60224]]],"type":"Polygon"},"properties":{"bbox":{"parking":{"area":823.68,"pct":3.17},"roads":{"area":9161.42,"pct":35.26},"sidewalks":{"area":997.48,"pct":3.84}},"city":{"parking":{"area":823.68,"pct":3.17},"roads":{"area":5442.16,"pct":20.95},"sidewalks":{"area":997.48,"pct":3.84}},"id":"hex:3691:24028"},"type":"Feature"},{"geometry":{"coordinates":[[[-122.39106,37.6038],[-122.39162,37.60458],[-122.39275,37.60459],[-122.39332,37.60381],[-122.39276,37.60303],[-122.39163,37.60302],[-122.39106,37.6038]]],"type":"Polygon"},"properties":{"bbox":{"parking":{"area":1360.64,"pct":5.24},"roads":{"area":3423.9,"pct":13.18},"sidewalks":{"area":115.5,"pct":0.44}},"city":{"parking":{"area":1360.64,"pct":5.24},"roads":{"area":2828.48,"pct":10.89},"sidewalks":{"area":115.5,"pct":0.44}},"id":"hex:3691:24029"},"type":"Feature"},{"geometry":{"coordinates":[[[-122.39105,37.60536],[-122.39161,37.60614],[-122.39274,37.60615],[-122.39331,37.60537],[-122.39275,37.60459],[-122.39162,37.60458],[-122.39105,37.60536]]],"type":"Polygon"},"properties":{"bbox":{"roads":{"area":1234.59,"pct":4.75}},"city_same":1,"id":"hex:3691:24030"},"type":"Feature"},{"geometry":{"coordinates":[[[-122.39103,37.60692],[-122.39159,37.6077],[-122.39273,37.60771],[-122.3933,37.60693],[-122.39274,37.60615],[-122.39161,37.60614],[-122.39103,37.60692]]],"type":"Polygon"},"properties":{"bbox":{"roads":{"area":1870.8,"pct":7.2}},"city_same":1,"id":"hex:3691:24031"},"type":"Feature"},{"geometry":{"coordinates":[[[-122.39102,37.60848],[-122.39158,37.60927],[-122.39271,37.60927],[-122.39329,37.60849],[-122.39273,37.60771],[-122.39159,37.6077],[-122.39102,37.60848]]],"type":"Polygon"},"properties":{"bbox":{"roads":{"area":2606.49,"pct":10.03}},"city_same":1,"id":"hex:3691:24032"},"type":"Feature"},{"geometry":{"coordinates":[[[-122.39158,37.60927],[-122.39271,37.60927],[-122.39327,37.61006],[-122.39313,37.61025],[-122.39251,37.61],[-122.39167,37.60968],[-122.39147,37.60941],[-122.39158,37.60927]]],"type":"Polygon"},"properties":{"bbox":{"roads":{"area":87.52,"pct":0.93}},"city":{"roads":{"area":5.55,"pct":0.06}},"id":"hex:3691:24033"},"type":"Feature"},{"geometry":{"coordinates":[[[-122.39175,37.58897],[-122.39117,37.58975],[-122.39004,37.58974],[-122.38956,37.58907],[-122.38985,37.58846],[-122.38999,37.58827],[-122.39028,37.58849],[-122.39043,37.5886],[-122.39096,37.58899],[-122.39138,37.58866],[-122.39147,37.58859],[-122.39175,37.58897]]],"type":"Polygon"},"properties":{"bbox":{"roads":{"area":1567.6,"pct":8.29},"sidewalks":{"area":561.55,"pct":2.97}},"city_same":1,"id":"hex:3692:24020"},"type":"Feature"},{"geometry":{"coordinates":[[[-122.38947,37.59052],[-122.39003,37.5913],[-122.39116,37.59131],[-122.39173,37.59053],[-122.39117,37.58975],[-122.39004,37.58974],[-122.38947,37.59052]]],"type":"Polygon"},"properties":{"bbox":{"roads":{"area":0.65,"pct":0},"sidewalks":{"area":51.37,"pct":0.2}},"city_same":1,"id":"hex:3692:24021"},"type":"Feature"},{"geometry":{"coordinates":[[[-122.39003,37.5913],[-122.39116,37.59131],[-122.39172,37.59209],[-122.39115,37.59287],[-122.39002,37.59287],[-122.38988,37.59267],[-122.39011,37.59252],[-122.38948,37.59205],[-122.39003,37.5913]]],"type":"Polygon"},"properties":{"bbox":{"parking":{"area":134.1,"pct":0.54},"roads":{"area":2235.3,"pct":8.99},"sidewalks":{"area":791.49,"pct":3.18}},"city_same":1,"id":"hex:3692:24022"},"type":"Feature"},{"geometry":{"coordinates":[[[-122.38944,37.59364],[-122.39,37.59443],[-122.39114,37.59443],[-122.39171,37.59365],[-122.39115,37.59287],[-122.39002,37.59287],[-122.38944,37.59364]]],"type":"Polygon"},"properties":{"bbox":{"parking":{"area":268.14,"pct":1.03},"roads":{"area":775.98,"pct":2.99},"sidewalks":{"area":252.25,"pct":0.97}},"city_same":1,"id":"hex:3692:24023"},"type":"Feature"},{"geometry":{"coordinates":[[[-122.38943,37.5952],[-122.38999,37.59599],[-122.39112,37.59599],[-122.3917,37.59522],[-122.39114,37.59443],[-122.39,37.59443],[-122.38943,37.5952]]],"type":"Polygon"},"properties":{"bbox":{"roads":{"area":670.18,"pct":2.58}},"city_same":1,"id":"hex:3692:24024"},"type":"Feature"},{"geometry":{"coordinates":[[[-122.38942,37.59677],[-122.38998,37.59755],[-122.39111,37.59755],[-122.39168,37.59678],[-122.39112,37.59599],[-122.38999,37.59599],[-122.38942,37.59677]]],"type":"Polygon"},"properties":{"bbox":{"roads":{"area":2086.72,"pct":8.03}},"city_same":1,"id":"hex:3692:24025"},"type":"Feature"},{"geometry":{"coordinates":[[[-122.3894,37.59833],[-122.38996,37.59911],[-122.3911,37.59912],[-122.39167,37.59834],[-122.39111,37.59755],[-122.38998,37.59755],[-122.3894,37.59833]]],"type":"Polygon"},"properties":{"bbox":{"parking":{"area":372.87,"pct":1.44},"roads":{"area":2980.25,"pct":11.47}},"city":{"parking":{"area":372.87,"pct":1.44},"roads":{"area":1761.11,"pct":6.78}},"id":"hex:3692:24026"},"type":"Feature"},{"geometry":{"coordinates":[[[-122.38939,37.59989],[-122.38995,37.60067],[-122.39108,37.60068],[-122.39166,37.5999],[-122.3911,37.59912],[-122.38996,37.59911],[-122.38939,37.59989]]],"type":"Polygon"},"properties":{"bbox":{"parking":{"area":687.75,"pct":2.65},"roads":{"area":3529.6,"pct":13.59},"sidewalks":{"area":476.42,"pct":1.83}},"city":{"parking":{"area":687.75,"pct":2.65},"roads":{"area":3086.84,"pct":11.88},"sidewalks":{"area":476.42,"pct":1.83}},"id":"hex:3692:24027"},"type":"Feature"},{"geometry":{"coordinates":[[[-122.38938,37.60145],[-122.38994,37.60223],[-122.39107,37.60224],[-122.39164,37.60146],[-122.39108,37.60068],[-122.38995,37.60067],[-122.38938,37.60145]]],"type":"Polygon"},"properties":{"bbox":{"parking":{"area":1483.52,"pct":5.71},"roads":{"area":7117.85,"pct":27.4},"sidewalks":{"area":564.1,"pct":2.17}},"city":{"parking":{"area":1483.52,"pct":5.71},"roads":{"area":2928.35,"pct":11.27},"sidewalks":{"area":564.1,"pct":2.17}},"id":"hex:3692:24028"},"type":"Feature"},{"geometry":{"coordinates":[[[-122.38937,37.60301],[-122.38993,37.60379],[-122.39106,37.6038],[-122.39163,37.60302],[-122.39107,37.60224],[-122.38994,37.60223],[-122.38937,37.60301]]],"type":"Polygon"},"properties":{"bbox":{"roads":{"area":2839.36,"pct":10.93},"sidewalks":{"area":497.2,"pct":1.91}},"city_same":1,"id":"hex:3692:24029"},"type":"Feature"},{"geometry":{"coordinates":[[[-122.38935,37.60457],[-122.38991,37.60535],[-122.39105,37.60536],[-122.39162,37.60458],[-122.39106,37.6038],[-122.38993,37.60379],[-122.38935,37.60457]]],"type":"Polygon"},"properties":{"bbox":{"roads":{"area":1355.42,"pct":5.22}},"city_same":1,"id":"hex:3692:24030"},"type":"Feature"},{"geometry":{"coordinates":[[[-122.38934,37.60613],[-122.3899,37.60692],[-122.39103,37.60692],[-122.39161,37.60614],[-122.39105,37.60536],[-122.38991,37.60535],[-122.38934,37.60613]]],"type":"Polygon"},"properties":{"bbox":{"roads":{"area":708.07,"pct":2.73}},"city_same":1,"id":"hex:3692:24031"},"type":"Feature"},{"geometry":{"coordinates":[[[-122.3899,37.60692],[-122.39103,37.60692],[-122.39159,37.6077],[-122.39102,37.60848],[-122.39062,37.60848],[-122.38957,37.60736],[-122.3899,37.60692]]],"type":"Polygon"},"properties":{"bbox":{"roads":{"area":9.45,"pct":0.05}},"city_same":1,"id":"hex:3692:24032"},"type":"Feature"},{"geometry":{"coordinates":[[[-122.39004,37.58974],[-122.38947,37.59052],[-122.38885,37.59052],[-122.38956,37.58907],[-122.39004,37.58974]]],"type":"Polygon"},"properties":{"bbox":{"roads":{"area":638.53,"pct":7.87},"sidewalks":{"area":140.22,"pct":1.73}},"city_same":1,"id":"hex:3693:24020"},"type":"Feature"},{"geometry":{"coordinates":[[[-122.38947,37.59052],[-122.39003,37.5913],[-122.38948,37.59205],[-122.3883,37.59119],[-122.38837,37.59113],[-122.38852,37.59099],[-122.38872,37.59076],[-122.38878,37.59068],[-122.38885,37.59052],[-122.38947,37.59052]]],"type":"Polygon"},"properties":{"bbox":{"roads":{"area":1403.29,"pct":9.52},"sidewalks":{"area":301.2,"pct":2.04}},"city_same":1,"id":"hex:3693:24021"},"type":"Feature"},{"geometry":{"coordinates":[[[-122.39002,37.59287],[-122.38944,37.59364],[-122.38854,37.59364],[-122.38856,37.59361],[-122.38859,37.59358],[-122.38866,37.59352],[-122.38872,37.59347],[-122.38877,37.59343],[-122.38885,37.59337],[-122.38896,37.59329],[-122.38988,37.59267],[-122.39002,37.59287]]],"type":"Polygon"},"properties":{"bbox":{"parking":{"area":1881.61,"pct":32.97},"roads":{"area":1548.23,"pct":27.13},"sidewalks":{"area":409.6,"pct":7.18}},"city_same":1,"id":"hex:3693:24022"},"type":"Feature"},{"geometry":{"coordinates":[[[-122.38944,37.59364],[-122.39,37.59443],[-122.38943,37.5952],[-122.3883,37.5952],[-122.38791,37.59466],[-122.38792,37.59465],[-122.38822,37.59411],[-122.38825,37.59407],[-122.38833,37.59393],[-122.38839,37.59384],[-122.38848,37.5937],[-122.38851,37.59367],[-122.38854,37.59364],[-122.38944,37.59364]]],"type":"Polygon"},"properties":{"bbox":{"parking":{"area":83.49,"pct":0.35},"roads":{"area":1397.97,"pct":5.91},"sidewalks":{"area":55.75,"pct":0.24}},"city_same":1,"id":"hex:3693:24023"},"type":"Feature"},{"geometry":{"coordinates":[[[-122.38772,37.59598],[-122.38828,37.59676],[-122.38942,37.59677],[-122.38999,37.59599],[-122.38943,37.5952],[-122.3883,37.5952],[-122.38772,37.59598]]],"type":"Polygon"},"properties":{"bbox":{"roads":{"area":797.7,"pct":3.07}},"city":{"roads":{"area":154.36,"pct":0.59}},"id":"hex:3693:24024"},"type":"Feature"},{"geometry":{"coordinates":[[[-122.38771,37.59754],[-122.38827,37.59832],[-122.3894,37.59833],[-122.38998,37.59755],[-122.38942,37.59677],[-122.38828,37.59676],[-122.38771,37.59754]]],"type":"Polygon"},"properties":{"bbox":{"parking":{"area":86.84,"pct":0.33},"roads":{"area":5154.91,"pct":19.84}},"city":{"parking":{"area":86.84,"pct":0.33},"roads":{"area":3904.07,"pct":15.03}},"id":"hex:3693:24025"},"type":"Feature"},{"geometry":{"coordinates":[[[-122.3877,37.5991],[-122.38826,37.59988],[-122.38939,37.59989],[-122.38996,37.59911],[-122.3894,37.59833],[-122.38827,37.59832],[-122.3877,37.5991]]],"type":"Polygon"},"properties":{"bbox":{"roads":{"area":6334.81,"pct":24.38},"sidewalks":{"area":288.16,"pct":1.11}},"city":{"roads":{"area":2838.81,"pct":10.93},"sidewalks":{"area":288.16,"pct":1.11}},"id":"hex:3693:24026"},"type":"Feature"},{"geometry":{"coordinates":[[[-122.38826,37.59988],[-122.38939,37.59989],[-122.38995,37.60067],[-122.38938,37.60145],[-122.38825,37.60144],[-122.38769,37.60066],[-122.38826,37.59988]],[[-122.38794,37.60087],[-122.38795,37.60088],[-122.38802,37.60094],[-122.38806,37.60091],[-122.3879,37.60075],[-122.38785,37.60078],[-122.38786,37.6008],[-122.38788,37.60081],[-122.38789,37.60082],[-122.3879,37.60083],[-122.38791,37.60084],[-122.38793,37.60086],[-122.38794,37.60087]]],"type":"Polygon"},"properties":{"bbox":{"roads":{"area":4960.51,"pct":19.19},"sidewalks":{"area":512.39,"pct":1.98}},"city":{"roads":{"area":2053.05,"pct":7.94},"sidewalks":{"area":512.39,"pct":1.98}},"id":"hex:3693:24027"},"type":"Feature"},{"geometry":{"coordinates":[[[-122.38767,37.60222],[-122.38823,37.603],[-122.38937,37.60301],[-122.38994,37.60223],[-122.38938,37.60145],[-122.38825,37.60144],[-122.38767,37.60222]]],"type":"Polygon"},"properties":{"bbox":{"roads":{"area":1082.84,"pct":4.17}},"city_same":1,"id":"hex:3693:24028"},"type":"Feature"},{"geometry":{"coordinates":[[[-122.38766,37.60378],[-122.38822,37.60457],[-122.38935,37.60457],[-122.38993,37.60379],[-122.38937,37.60301],[-122.38823,37.603],[-122.38766,37.60378]]],"type":"Polygon"},"properties":{"bbox":{"roads":{"area":2856.69,"pct":11},"sidewalks":{"area":56.52,"pct":0.22}},"city_same":1,"id":"hex:3693:24029"},"type":"Feature"},{"geometry":{"coordinates":[[[-122.38765,37.60534],[-122.38821,37.60613],[-122.38934,37.60613],[-122.38991,37.60535],[-122.38935,37.60457],[-122.38822,37.60457],[-122.38765,37.60534]]],"type":"Polygon"},"properties":{"bbox":{"roads":{"area":1494.02,"pct":5.75}},"city_same":1,"id":"hex:3693:24030"},"type":"Feature"},{"geometry":{"coordinates":[[[-122.3883,37.5952],[-122.38772,37.59598],[-122.38672,37.59597],[-122.38708,37.59571],[-122.38712,37.59568],[-122.38722,37.59559],[-122.38732,37.5955],[-122.38739,37.59543],[-122.38742,37.5954],[-122.38745,37.59537],[-122.38751,37.5953],[-122.38753,37.59526],[-122.38759,37.59519],[-122.38764,37.59512],[-122.38768,37.59505],[-122.38778,37.59489],[-122.38787,37.59473],[-122.38791,37.59466],[-122.3883,37.5952]]],"type":"Polygon"},"properties":{"bbox":{"roads":{"area":1386.03,"pct":17.28}},"city":{"roads":{"area":1022.48,"pct":12.75}},"id":"hex:3694:24024"},"type":"Feature"},{"geometry":{"coordinates":[[[-122.38772,37.59598],[-122.38828,37.59676],[-122.38771,37.59754],[-122.38658,37.59753],[-122.38602,37.59675],[-122.38644,37.59618],[-122.38672,37.59597],[-122.38772,37.59598]]],"type":"Polygon"},"properties":{"bbox":{"roads":{"area":5073.91,"pct":19.63}},"city":{"roads":{"area":3449.92,"pct":13.35}},"id":"hex:3694:24025"},"type":"Feature"},{"geometry":{"coordinates":[[[-122.38601,37.59831],[-122.38657,37.59909],[-122.3877,37.5991],[-122.38827,37.59832],[-122.38771,37.59754],[-122.38658,37.59753],[-122.38601,37.59831]]],"type":"Polygon"},"properties":{"bbox":{"parking":{"area":1634.88,"pct":6.29},"roads":{"area":11248.69,"pct":43.3},"sidewalks":{"area":615.25,"pct":2.37}},"city":{"parking":{"area":1634.88,"pct":6.29},"roads":{"area":6755.97,"pct":26},"sidewalks":{"area":615.25,"pct":2.37}},"id":"hex:3694:24026"},"type":"Feature"},{"geometry":{"coordinates":[[[-122.38599,37.59987],[-122.38655,37.60065],[-122.38769,37.60066],[-122.38826,37.59988],[-122.3877,37.5991],[-122.38657,37.59909],[-122.38599,37.59987]]],"type":"Polygon"},"properties":{"bbox":{"parking":{"area":1708.58,"pct":6.58},"roads":{"area":3909.9,"pct":15.05},"sidewalks":{"area":687.96,"pct":2.65}},"city_same":1,"id":"hex:3694:24027"},"type":"Feature"},{"geometry":{"coordinates":[[[-122.38598,37.60143],[-122.38654,37.60221],[-122.38767,37.60222],[-122.38825,37.60144],[-122.38769,37.60066],[-122.38655,37.60065],[-122.38598,37.60143]]],"type":"Polygon"},"properties":{"bbox":{"parking":{"area":4516.56,"pct":17.38},"roads":{"area":2085.7,"pct":8.03}},"city_same":1,"id":"hex:3694:24028"},"type":"Feature"},{"geometry":{"coordinates":[[[-122.38597,37.60299],[-122.38653,37.60378],[-122.38766,37.60378],[-122.38823,37.603],[-122.38767,37.60222],[-122.38654,37.60221],[-122.38597,37.60299]]],"type":"Polygon"},"properties":{"bbox":{"roads":{"area":2610.14,"pct":10.05}},"city_same":1,"id":"hex:3694:24029"},"type":"Feature"},{"geometry":{"coordinates":[[[-122.38595,37.60455],[-122.38651,37.60534],[-122.38765,37.60534],[-122.38822,37.60457],[-122.38766,37.60378],[-122.38653,37.60378],[-122.38595,37.60455]]],"type":"Polygon"},"properties":{"bbox":{"roads":{"area":1115.11,"pct":4.29}},"city_same":1,"id":"hex:3694:24030"},"type":"Feature"},{"geometry":{"coordinates":[[[-122.38602,37.59675],[-122.38567,37.59675],[-122.38592,37.59656],[-122.38644,37.59618],[-122.38602,37.59675]]],"type":"Polygon"},"properties":{"bbox":{"roads":{"area":671.46,"pct":67.69}},"city":{"roads":{"area":362.59,"pct":36.55}},"id":"hex:3695:24024"},"type":"Feature"},{"geometry":{"coordinates":[[[-122.38602,37.59675],[-122.38658,37.59753],[-122.38601,37.59831],[-122.38487,37.5983],[-122.38438,37.59761],[-122.38466,37.59743],[-122.38546,37.59691],[-122.38567,37.59675],[-122.38602,37.59675]]],"type":"Polygon"},"properties":{"bbox":{"parking":{"area":1723.4,"pct":7.84},"roads":{"area":5486.32,"pct":24.97}},"city":{"parking":{"area":1723.4,"pct":7.84},"roads":{"area":3822.34,"pct":17.4}},"id":"hex:3695:24025"},"type":"Feature"},{"geometry":{"coordinates":[[[-122.3843,37.59908],[-122.38486,37.59986],[-122.38599,37.59987],[-122.38657,37.59909],[-122.38601,37.59831],[-122.38487,37.5983],[-122.3843,37.59908]]],"type":"Polygon"},"properties":{"bbox":{"parking":{"area":2832.63,"pct":10.9},"roads":{"area":5331.57,"pct":20.52},"sidewalks":{"area":1212.54,"pct":4.67}},"city_same":1,"id":"hex:3695:24026"},"type":"Feature"},{"geometry":{"coordinates":[[[-122.38429,37.60064],[-122.38485,37.60143],[-122.38598,37.60143],[-122.38655,37.60065],[-122.38599,37.59987],[-122.38486,37.59986],[-122.38429,37.60064]]],"type":"Polygon"},"properties":{"bbox":{"parking":{"area":3673.02,"pct":14.14},"roads":{"area":3533.72,"pct":13.6},"sidewalks":{"area":678.11,"pct":2.61}},"city_same":1,"id":"hex:3695:24027"},"type":"Feature"},{"geometry":{"coordinates":[[[-122.38427,37.6022],[-122.38483,37.60299],[-122.38597,37.60299],[-122.38654,37.60221],[-122.38598,37.60143],[-122.38485,37.60143],[-122.38427,37.6022]]],"type":"Polygon"},"properties":{"bbox":{"parking":{"area":7014.32,"pct":27},"roads":{"area":4788.16,"pct":18.43},"sidewalks":{"area":275.72,"pct":1.06}},"city_same":1,"id":"hex:3695:24028"},"type":"Feature"},{"geometry":{"coordinates":[[[-122.38426,37.60376],[-122.38482,37.60455],[-122.38595,37.60455],[-122.38653,37.60378],[-122.38597,37.60299],[-122.38483,37.60299],[-122.38426,37.60376]]],"type":"Polygon"},"properties":{"bbox":{"roads":{"area":706.55,"pct":2.72}},"city_same":1,"id":"hex:3695:24029"},"type":"Feature"},{"geometry":{"coordinates":[[[-122.38487,37.5983],[-122.3843,37.59908],[-122.38317,37.59907],[-122.38282,37.59858],[-122.38438,37.59761],[-122.38487,37.5983]]],"type":"Polygon"},"properties":{"bbox":{"parking":{"area":6744.53,"pct":38.71},"roads":{"area":2439.84,"pct":14},"sidewalks":{"area":404.4,"pct":2.32}},"city_same":1,"id":"hex:3696:24026"},"type":"Feature"},{"geometry":{"coordinates":[[[-122.38259,37.59985],[-122.38315,37.60064],[-122.38429,37.60064],[-122.38486,37.59986],[-122.3843,37.59908],[-122.38317,37.59907],[-122.38259,37.59985]]],"type":"Polygon"},"properties":{"bbox":{"parking":{"area":3425.5,"pct":13.18},"roads":{"area":9245.45,"pct":35.59},"sidewalks":{"area":865.41,"pct":3.33}},"city":{"parking":{"area":3425.5,"pct":13.18},"roads":{"area":6771.08,"pct":26.06},"sidewalks":{"area":865.41,"pct":3.33}},"id":"hex:3696:24027"},"type":"Feature"},{"geometry":{"coordinates":[[[-122.38258,37.60141],[-122.38314,37.6022],[-122.38427,37.6022],[-122.38485,37.60143],[-122.38429,37.60064],[-122.38315,37.60064],[-122.38258,37.60141]]],"type":"Polygon"},"properties":{"bbox":{"parking":{"area":6397.83,"pct":24.63},"roads":{"area":8011.27,"pct":30.84},"sidewalks":{"area":990.55,"pct":3.81}},"city":{"parking":{"area":6397.83,"pct":24.63},"roads":{"area":8006.66,"pct":30.82},"sidewalks":{"area":990.55,"pct":3.81}},"id":"hex:3696:24028"},"type":"Feature"},{"geometry":{"coordinates":[[[-122.38257,37.60297],[-122.38313,37.60376],[-122.38426,37.60376],[-122.38483,37.60299],[-122.38427,37.6022],[-122.38314,37.6022],[-122.38257,37.60297]]],"type":"Polygon"},"properties":{"bbox":{"parking":{"area":2032.42,"pct":7.82},"roads":{"area":1928.1,"pct":7.42},"sidewalks":{"area":162.48,"pct":0.63}},"city_same":1,"id":"hex:3696:24029"},"type":"Feature"},{"geometry":{"coordinates":[[[-122.38256,37.60454],[-122.38313,37.60376],[-122.38426,37.60376],[-122.38482,37.60455],[-122.38453,37.60494],[-122.38365,37.60437],[-122.38279,37.60486],[-122.38256,37.60454]]],"type":"Polygon"},"properties":{"bbox":{"roads":{"area":3554.27,"pct":22.96}},"city":{"roads":{"area":318.78,"pct":2.06}},"id":"hex:3696:24030"},"type":"Feature"},{"geometry":{"coordinates":[[[-122.38317,37.59907],[-122.38259,37.59985],[-122.38146,37.59985],[-122.38126,37.59956],[-122.38127,37.59956],[-122.38282,37.59858],[-122.38317,37.59907]]],"type":"Polygon"},"properties":{"bbox":{"parking":{"area":1886.12,"pct":14.61},"roads":{"area":2411.04,"pct":18.68},"sidewalks":{"area":373.29,"pct":2.89}},"city":{"parking":{"area":1886.12,"pct":14.61},"roads":{"area":1193.06,"pct":9.24},"sidewalks":{"area":373.29,"pct":2.89}},"id":"hex:3697:24026"},"type":"Feature"},{"geometry":{"coordinates":[[[-122.38089,37.60062],[-122.38145,37.60141],[-122.38258,37.60141],[-122.38315,37.60064],[-122.38259,37.59985],[-122.38146,37.59985],[-122.38089,37.60062]]],"type":"Polygon"},"properties":{"bbox":{"parking":{"area":6762.86,"pct":26.03},"roads":{"area":6349.16,"pct":24.44},"sidewalks":{"area":465.65,"pct":1.79}},"city":{"parking":{"area":6762.86,"pct":26.03},"roads":{"area":4807.85,"pct":18.51},"sidewalks":{"area":465.65,"pct":1.79}},"id":"hex:3697:24027"},"type":"Feature"},{"geometry":{"coordinates":[[[-122.38088,37.60219],[-122.38144,37.60297],[-122.38257,37.60297],[-122.38314,37.6022],[-122.38258,37.60141],[-122.38145,37.60141],[-122.38088,37.60219]]],"type":"Polygon"},"properties":{"bbox":{"roads":{"area":5492.47,"pct":21.14},"sidewalks":{"area":193.39,"pct":0.74}},"city":{"roads":{"area":3208.8,"pct":12.35},"sidewalks":{"area":193.39,"pct":0.74}},"id":"hex:3697:24028"},"type":"Feature"},{"geometry":{"coordinates":[[[-122.38086,37.60375],[-122.38144,37.60297],[-122.38257,37.60297],[-122.38313,37.60376],[-122.38256,37.60454],[-122.38142,37.60453],[-122.3814,37.6045],[-122.38158,37.60447],[-122.38167,37.60445],[-122.38176,37.60441],[-122.38196,37.6043],[-122.38191,37.60424],[-122.38174,37.60434],[-122.38163,37.60438],[-122.38152,37.6044],[-122.38135,37.60442],[-122.38086,37.60375]]],"type":"Polygon"},"properties":{"bbox":{"parking":{"area":1029.69,"pct":4.04},"roads":{"area":9587.75,"pct":37.58}},"city":{"parking":{"area":1029.69,"pct":4.04},"roads":{"area":1248.85,"pct":4.89}},"id":"hex:3697:24029"},"type":"Feature"},{"geometry":{"coordinates":[[[-122.38085,37.60531],[-122.38142,37.60453],[-122.38256,37.60454],[-122.38279,37.60486],[-122.38118,37.60576],[-122.38085,37.60531]]],"type":"Polygon"},"properties":{"bbox":{"roads":{"area":3.12,"pct":0.02}},"city_same":1,"id":"hex:3697:24030"},"type":"Feature"},{"geometry":{"coordinates":[[[-122.38146,37.59985],[-122.38089,37.60062],[-122.37976,37.60062],[-122.37967,37.6005],[-122.38126,37.59956],[-122.38146,37.59985]]],"type":"Polygon"},"properties":{"bbox":{"roads":{"area":436.15,"pct":4.96},"sidewalks":{"area":7.44,"pct":0.08}},"city_same":1,"id":"hex:3698:24027"},"type":"Feature"},{"geometry":{"coordinates":[[[-122.37918,37.6014],[-122.37974,37.60218],[-122.38088,37.60219],[-122.38145,37.60141],[-122.38089,37.60062],[-122.37976,37.60062],[-122.37918,37.6014]]],"type":"Polygon"},"properties":{"bbox":{"roads":{"area":4397.5,"pct":16.93},"sidewalks":{"area":222.22,"pct":0.86}},"city":{"roads":{"area":1609.31,"pct":6.19},"sidewalks":{"area":222.22,"pct":0.86}},"id":"hex:3698:24028"},"type":"Feature"},{"geometry":{"coordinates":[[[-122.37917,37.60296],[-122.37973,37.60374],[-122.38086,37.60375],[-122.38144,37.60297],[-122.38088,37.60219],[-122.37974,37.60218],[-122.37917,37.60296]]],"type":"Polygon"},"properties":{"bbox":{"roads":{"area":9834.39,"pct":37.85},"sidewalks":{"area":251.66,"pct":0.97}},"city":{"roads":{"area":4025.92,"pct":15.5},"sidewalks":{"area":251.66,"pct":0.97}},"id":"hex:3698:24029"},"type":"Feature"},{"geometry":{"coordinates":[[[[-122.37916,37.60452],[-122.37973,37.60374],[-122.38086,37.60375],[-122.38135,37.60442],[-122.37929,37.6047],[-122.37916,37.60452]]],[[[-122.38142,37.60453],[-122.38085,37.60531],[-122.37972,37.6053],[-122.37934,37.60477],[-122.3814,37.6045],[-122.38142,37.60453]]]],"type":"MultiPolygon"},"properties":{"bbox":{"parking":{"area":3543.83,"pct":14.59},"roads":{"area":4108.68,"pct":16.91}},"city":{"parking":{"area":3543.83,"pct":14.59},"roads":{"area":3615.98,"pct":14.89}},"id":"hex:3698:24030"},"type":"Feature"},{"geometry":{"coordinates":[[[-122.37914,37.60608],[-122.37972,37.6053],[-122.38085,37.60531],[-122.38118,37.60576],[-122.37957,37.60667],[-122.37914,37.60608]]],"type":"Polygon"},"properties":{"bbox":{"roads":{"area":38.53,"pct":0.24}},"city_same":1,"id":"hex:3698:24031"},"type":"Feature"},{"geometry":{"coordinates":[[[-122.37976,37.60062],[-122.37918,37.6014],[-122.37816,37.60139],[-122.37894,37.60094],[-122.37967,37.6005],[-122.37976,37.60062]]],"type":"Polygon"},"properties":{"bbox":{"roads":{"area":1625.3,"pct":31.79},"sidewalks":{"area":77.54,"pct":1.52}},"city":{"roads":{"area":523.38,"pct":10.24},"sidewalks":{"area":77.54,"pct":1.52}},"id":"hex:3699:24027"},"type":"Feature"},{"geometry":{"coordinates":[[[-122.37918,37.6014],[-122.37974,37.60218],[-122.37917,37.60296],[-122.37804,37.60295],[-122.37748,37.60217],[-122.37796,37.60151],[-122.37806,37.60145],[-122.37816,37.60139],[-122.37918,37.6014]]],"type":"Polygon"},"properties":{"bbox":{"parking":{"area":7592.65,"pct":29.3},"roads":{"area":6605.34,"pct":25.49}},"city":{"parking":{"area":7592.65,"pct":29.3},"roads":{"area":1417.5,"pct":5.47}},"id":"hex:3699:24028"},"type":"Feature"},{"geometry":{"coordinates":[[[-122.37746,37.60373],[-122.37802,37.60451],[-122.37916,37.60452],[-122.37973,37.60374],[-122.37917,37.60296],[-122.37804,37.60295],[-122.37746,37.60373]]],"type":"Polygon"},"properties":{"bbox":{"parking":{"area":5455.57,"pct":21},"roads":{"area":7350.5,"pct":28.29},"sidewalks":{"area":184.98,"pct":0.71}},"city":{"parking":{"area":5455.57,"pct":21},"roads":{"area":3980.42,"pct":15.32},"sidewalks":{"area":184.98,"pct":0.71}},"id":"hex:3699:24029"},"type":"Feature"},{"geometry":{"coordinates":[[[[-122.37972,37.6053],[-122.37914,37.60608],[-122.37856,37.60608],[-122.37867,37.60592],[-122.37829,37.60572],[-122.37827,37.60568],[-122.37829,37.60561],[-122.37832,37.60553],[-122.37829,37.60552],[-122.37819,37.60545],[-122.37819,37.60542],[-122.37816,37.6054],[-122.37815,37.60539],[-122.37814,37.60535],[-122.37815,37.60532],[-122.37821,37.60524],[-122.37839,37.60503],[-122.37849,37.60495],[-122.37859,37.60488],[-122.3787,37.60486],[-122.37934,37.60477],[-122.37972,37.6053]],[[-122.37855,37.60521],[-122.37856,37.60518],[-122.37859,37.60509],[-122.3786,37.60508],[-122.37858,37.60507],[-122.37858,37.60508],[-122.37848,37.60514],[-122.37846,37.60516],[-122.37855,37.60521]],[[-122.37858,37.60534],[-122.37883,37.60548],[-122.37891,37.60546],[-122.37918,37.60506],[-122.37916,37.60503],[-122.37874,37.60508],[-122.37858,37.60534]]],[[[-122.37802,37.60451],[-122.37916,37.60452],[-122.37929,37.6047],[-122.37862,37.60479],[-122.37851,37.60482],[-122.3784,37.60488],[-122.37832,37.60496],[-122.37816,37.60518],[-122.37807,37.60528],[-122.37806,37.60533],[-122.37798,37.60529],[-122.37794,37.6053],[-122.37778,37.60538],[-122.37773,37.60539],[-122.37763,37.60542],[-122.37754,37.60539],[-122.37745,37.60529],[-122.37802,37.60451]]]],"type":"MultiPolygon"},"properties":{"bbox":{"parking":{"area":301.92,"pct":1.61},"roads":{"area":2651.28,"pct":14.17},"sidewalks":{"area":48.01,"pct":0.26}},"city_same":1,"id":"hex:3699:24030"},"type":"Feature"},{"geometry":{"coordinates":[[[-122.37914,37.60608],[-122.37957,37.60667],[-122.37861,37.60722],[-122.37751,37.60675],[-122.37757,37.60667],[-122.3776,37.60667],[-122.37791,37.60641],[-122.37828,37.60648],[-122.37855,37.60609],[-122.37856,37.60608],[-122.37914,37.60608]]],"type":"Polygon"},"properties":{"bbox":{"roads":{"area":392.15,"pct":3.05}},"city_same":1,"id":"hex:3699:24031"},"type":"Feature"},{"geometry":{"coordinates":[[[-122.37748,37.60217],[-122.37686,37.60216],[-122.37796,37.60151],[-122.37748,37.60217]]],"type":"Polygon"},"properties":{"bbox":{"parking":{"area":473.18,"pct":23.43},"roads":{"area":116.7,"pct":5.78}},"city_same":1,"id":"hex:3700:24028"},"type":"Feature"},{"geometry":{"coordinates":[[[-122.37748,37.60217],[-122.37804,37.60295],[-122.37746,37.60373],[-122.37633,37.60372],[-122.37577,37.60294],[-122.37595,37.6027],[-122.37686,37.60216],[-122.37748,37.60217]]],"type":"Polygon"},"properties":{"bbox":{"parking":{"area":12085.85,"pct":49.09},"roads":{"area":2873.25,"pct":11.67}},"city_same":1,"id":"hex:3700:24029"},"type":"Feature"},{"geometry":{"coordinates":[[[-122.37576,37.6045],[-122.37633,37.60372],[-122.37746,37.60373],[-122.37802,37.60451],[-122.37745,37.60529],[-122.37738,37.60521],[-122.37729,37.60518],[-122.37724,37.60519],[-122.37718,37.60524],[-122.37714,37.60528],[-122.37715,37.60529],[-122.37639,37.60528],[-122.3763,37.60526],[-122.37576,37.6045]]],"type":"Polygon"},"properties":{"bbox":{"parking":{"area":7777.59,"pct":30.19},"roads":{"area":6251.69,"pct":24.27},"sidewalks":{"area":506.17,"pct":1.96}},"city":{"parking":{"area":7777.59,"pct":30.19},"roads":{"area":3454.73,"pct":13.41},"sidewalks":{"area":506.17,"pct":1.96}},"id":"hex:3700:24030"},"type":"Feature"},{"geometry":{"coordinates":[[[-122.37411,37.60378],[-122.3743,37.60368],[-122.37555,37.60294],[-122.37577,37.60294],[-122.37633,37.60372],[-122.37576,37.6045],[-122.37541,37.6045],[-122.37537,37.60446],[-122.37532,37.60436],[-122.3749,37.6041],[-122.37465,37.60399],[-122.3743,37.60382],[-122.37433,37.60372],[-122.37432,37.6037],[-122.37429,37.60369],[-122.37411,37.60378],[-122.37411,37.60378]]],"type":"Polygon"},"properties":{"bbox":{"parking":{"area":3994.94,"pct":22.36},"roads":{"area":4042.76,"pct":22.63},"sidewalks":{"area":428.65,"pct":2.4}},"city":{"parking":{"area":3994.94,"pct":22.36},"roads":{"area":1675.82,"pct":9.38},"sidewalks":{"area":428.65,"pct":2.4}},"id":"hex:3701:24029"},"type":"Feature"}],"type":"FeatureCollection","v":2}