{"features":[{"geometry":{"coordinates":[[[-117.92678,34.087],[-117.92706,34.08659],[-117.92714,34.08659],[-117.92716,34.0867],[-117.92718,34.08757],[-117.92678,34.087]]],"type":"Polygon"},"properties":{"bbox":{"roads":{"area":34.66,"pct":1.61}},"city_same":1,"id":"hex:2210:17423"},"type":"Feature"},{"geometry":{"coordinates":[[[-117.9268,34.08895],[-117.9272,34.08837],[-117.92722,34.08955],[-117.9268,34.08895]]],"type":"Polygon"},"properties":{"bbox":{"roads":{"area":16.76,"pct":0.68}},"city_same":1,"id":"hex:2210:17424"},"type":"Feature"},{"geometry":{"coordinates":[[[-117.92678,34.087],[-117.92542,34.08701],[-117.92511,34.08657],[-117.92523,34.08657],[-117.92537,34.08657],[-117.92542,34.08657],[-117.92552,34.08657],[-117.92576,34.08657],[-117.92587,34.08658],[-117.92627,34.08658],[-117.92706,34.08659],[-117.92678,34.087]]],"type":"Polygon"},"properties":{"bbox":{"roads":{"area":1430.54,"pct":19.78}},"city_same":1,"id":"hex:2211:17422"},"type":"Feature"},{"geometry":{"coordinates":[[[-117.9268,34.08895],[-117.92544,34.08896],[-117.92476,34.08799],[-117.92542,34.08701],[-117.92678,34.087],[-117.92718,34.08757],[-117.9272,34.08837],[-117.9268,34.08895]]],"type":"Polygon"},"properties":{"bbox":{"roads":{"area":4690.64,"pct":11.89}},"city_same":1,"id":"hex:2211:17423"},"type":"Feature"},{"geometry":{"coordinates":[[[-117.92478,34.08995],[-117.92544,34.08896],[-117.9268,34.08895],[-117.92722,34.08955],[-117.92722,34.08961],[-117.92588,34.08958],[-117.92578,34.08958],[-117.92542,34.08956],[-117.9254,34.09083],[-117.92478,34.08995]]],"type":"Polygon"},"properties":{"bbox":{"roads":{"area":3873.26,"pct":23.77}},"city_same":1,"id":"hex:2211:17424"},"type":"Feature"},{"geometry":{"coordinates":[[[-117.9248,34.0919],[-117.9254,34.09101],[-117.9254,34.09114],[-117.9254,34.09135],[-117.9254,34.09218],[-117.92541,34.09268],[-117.92541,34.09275],[-117.9248,34.0919]]],"type":"Polygon"},"properties":{"bbox":{"roads":{"area":437.18,"pct":8.18}},"city_same":1,"id":"hex:2211:17425"},"type":"Feature"},{"geometry":{"coordinates":[[[-117.92542,34.08701],[-117.92476,34.08799],[-117.9234,34.088],[-117.92307,34.08753],[-117.9237,34.08702],[-117.9237,34.08657],[-117.9243,34.08657],[-117.92466,34.08657],[-117.9247,34.08657],[-117.92511,34.08657],[-117.92542,34.08701]]],"type":"Polygon"},"properties":{"bbox":{"roads":{"area":2306.7,"pct":9.24}},"city_same":1,"id":"hex:2212:17423"},"type":"Feature"},{"geometry":{"coordinates":[[[-117.92274,34.08898],[-117.92342,34.08996],[-117.92478,34.08995],[-117.92544,34.08896],[-117.92476,34.08799],[-117.9234,34.088],[-117.92274,34.08898]]],"type":"Polygon"},"properties":{"bbox":{"roads":{"area":7646.17,"pct":18.84}},"city_same":1,"id":"hex:2212:17424"},"type":"Feature"},{"geometry":{"coordinates":[[[-117.9248,34.0919],[-117.92344,34.09191],[-117.92276,34.09094],[-117.92342,34.08996],[-117.92478,34.08995],[-117.9254,34.09083],[-117.9254,34.09101],[-117.9248,34.0919]]],"type":"Polygon"},"properties":{"bbox":{"roads":{"area":3490.97,"pct":8.61}},"city_same":1,"id":"hex:2212:17425"},"type":"Feature"},{"geometry":{"coordinates":[[[-117.92344,34.09191],[-117.9248,34.0919],[-117.92541,34.09275],[-117.92541,34.09294],[-117.92366,34.09293],[-117.92342,34.09292],[-117.92351,34.09255],[-117.92355,34.09217],[-117.92327,34.09217],[-117.92344,34.09191]]],"type":"Polygon"},"properties":{"bbox":{"roads":{"area":1419.47,"pct":7.92}},"city_same":1,"id":"hex:2212:17426"},"type":"Feature"},{"geometry":{"coordinates":[[[-117.9234,34.088],[-117.92274,34.08898],[-117.92138,34.08899],[-117.92131,34.08889],[-117.92134,34.0889],[-117.92307,34.08753],[-117.9234,34.088]]],"type":"Polygon"},"properties":{"bbox":{"roads":{"area":1523.42,"pct":10.49}},"city_same":1,"id":"hex:2213:17423"},"type":"Feature"},{"geometry":{"coordinates":[[[-117.92071,34.08998],[-117.9214,34.09095],[-117.92276,34.09094],[-117.92342,34.08996],[-117.92274,34.08898],[-117.92138,34.08899],[-117.92071,34.08998]]],"type":"Polygon"},"properties":{"bbox":{"roads":{"area":3702.18,"pct":9.12}},"city_same":1,"id":"hex:2213:17424"},"type":"Feature"},{"geometry":{"coordinates":[[[-117.92073,34.09193],[-117.9214,34.09095],[-117.92276,34.09094],[-117.92344,34.09191],[-117.92327,34.09217],[-117.92295,34.09217],[-117.92089,34.09215],[-117.92073,34.09193]]],"type":"Polygon"},"properties":{"bbox":{"roads":{"area":2891.11,"pct":10.86}},"city_same":1,"id":"hex:2213:17425"},"type":"Feature"},{"geometry":{"coordinates":[[[-117.92138,34.08899],[-117.92071,34.08998],[-117.91936,34.08999],[-117.91867,34.08901],[-117.91897,34.08857],[-117.91964,34.08868],[-117.92108,34.08887],[-117.92131,34.08889],[-117.92138,34.08899]]],"type":"Polygon"},"properties":{"bbox":{"roads":{"area":3404.23,"pct":12.46}},"city_same":1,"id":"hex:2214:17424"},"type":"Feature"},{"geometry":{"coordinates":[[[-117.91869,34.09097],[-117.91938,34.09194],[-117.92073,34.09193],[-117.9214,34.09095],[-117.92071,34.08998],[-117.91936,34.08999],[-117.91869,34.09097]]],"type":"Polygon"},"properties":{"bbox":{"roads":{"area":2358.93,"pct":5.81}},"city_same":1,"id":"hex:2214:17425"},"type":"Feature"},{"geometry":{"coordinates":[[[-117.91938,34.09194],[-117.92073,34.09193],[-117.92089,34.09215],[-117.91967,34.09214],[-117.91928,34.09214],[-117.91915,34.09227],[-117.91938,34.09194]]],"type":"Polygon"},"properties":{"bbox":{"roads":{"area":172.79,"pct":5.27}},"city_same":1,"id":"hex:2214:17426"},"type":"Feature"},{"geometry":{"coordinates":[[[-117.91867,34.08901],[-117.91732,34.08902],[-117.9169,34.08845],[-117.91722,34.08843],[-117.91738,34.08842],[-117.91758,34.08841],[-117.91802,34.08843],[-117.91857,34.08851],[-117.91883,34.08855],[-117.91897,34.08857],[-117.91867,34.08901]]],"type":"Polygon"},"properties":{"bbox":{"roads":{"area":1402.09,"pct":14.03}},"city_same":1,"id":"hex:2215:17423"},"type":"Feature"},{"geometry":{"coordinates":[[[-117.91665,34.09001],[-117.91734,34.09098],[-117.91869,34.09097],[-117.91936,34.08999],[-117.91867,34.08901],[-117.91732,34.08902],[-117.91665,34.09001]]],"type":"Polygon"},"properties":{"bbox":{"roads":{"area":1722.02,"pct":4.24}},"city":{"roads":{"area":1721.69,"pct":4.24}},"id":"hex:2215:17424"},"type":"Feature"},{"geometry":{"coordinates":[[[-117.91736,34.09293],[-117.91667,34.09196],[-117.91734,34.09098],[-117.91869,34.09097],[-117.91938,34.09194],[-117.91915,34.09227],[-117.91902,34.09241],[-117.91837,34.09292],[-117.91736,34.09293]]],"type":"Polygon"},"properties":{"bbox":{"roads":{"area":2227.21,"pct":5.63}},"city_same":1,"id":"hex:2215:17425"},"type":"Feature"},{"geometry":{"coordinates":[[[-117.91736,34.09293],[-117.91837,34.09292],[-117.91826,34.09301],[-117.91755,34.093],[-117.91731,34.09299],[-117.91736,34.09293]]],"type":"Polygon"},"properties":{"bbox":{"roads":{"area":61.02,"pct":7.96}},"city_same":1,"id":"hex:2215:17426"},"type":"Feature"},{"geometry":{"coordinates":[[[-117.91525,34.08611],[-117.91456,34.08514],[-117.9148,34.08479],[-117.91656,34.0848],[-117.91656,34.0849],[-117.91656,34.08506],[-117.91658,34.08606],[-117.91659,34.0861],[-117.91525,34.08611]]],"type":"Polygon"},"properties":{"bbox":{"roads":{"area":2994.42,"pct":12.91}},"city_same":1,"id":"hex:2216:17422"},"type":"Feature"},{"geometry":{"coordinates":[[[-117.91527,34.08806],[-117.91459,34.08709],[-117.91525,34.08611],[-117.91659,34.0861],[-117.91659,34.08628],[-117.91659,34.0864],[-117.91659,34.08641],[-117.91659,34.08651],[-117.91659,34.08664],[-117.91659,34.08737],[-117.9166,34.08805],[-117.91527,34.08806]]],"type":"Polygon"},"properties":{"bbox":{"roads":{"area":5961.87,"pct":17.86}},"city":{"roads":{"area":5307.05,"pct":15.9}},"id":"hex:2216:17423"},"type":"Feature"},{"geometry":{"coordinates":[[[-117.91732,34.08902],[-117.91665,34.09001],[-117.91529,34.09002],[-117.91461,34.08905],[-117.91527,34.08806],[-117.9166,34.08805],[-117.91661,34.08846],[-117.9169,34.08845],[-117.91732,34.08902]]],"type":"Polygon"},"properties":{"bbox":{"roads":{"area":5247.22,"pct":13.14}},"city":{"roads":{"area":3789.53,"pct":9.49}},"id":"hex:2216:17424"},"type":"Feature"},{"geometry":{"coordinates":[[[-117.91463,34.091],[-117.91532,34.09197],[-117.91667,34.09196],[-117.91734,34.09098],[-117.91665,34.09001],[-117.91529,34.09002],[-117.91463,34.091]]],"type":"Polygon"},"properties":{"bbox":{"roads":{"area":4695.53,"pct":11.57}},"city":{"roads":{"area":3021.65,"pct":7.44}},"id":"hex:2216:17425"},"type":"Feature"},{"geometry":{"coordinates":[[[-117.91532,34.09197],[-117.91667,34.09196],[-117.91736,34.09293],[-117.91731,34.09299],[-117.91657,34.09298],[-117.91658,34.09258],[-117.91658,34.09242],[-117.91658,34.09223],[-117.91658,34.09213],[-117.91643,34.09213],[-117.91521,34.09212],[-117.91532,34.09197]]],"type":"Polygon"},"properties":{"bbox":{"roads":{"area":1215.64,"pct":17.38}},"city":{"roads":{"area":216.24,"pct":3.09}},"id":"hex:2216:17426"},"type":"Feature"},{"geometry":{"coordinates":[[[-117.9154,34.09978],[-117.91527,34.0996],[-117.91657,34.09959],[-117.91657,34.09977],[-117.9154,34.09978]]],"type":"Polygon"},"properties":{"bbox":{"roads":{"area":116.91,"pct":5.22}},"city_same":1,"id":"hex:2216:17429"},"type":"Feature"},{"geometry":{"coordinates":[[[-117.91473,34.10076],[-117.9154,34.09978],[-117.91657,34.09977],[-117.91657,34.1004],[-117.91501,34.10115],[-117.91473,34.10076]]],"type":"Polygon"},"properties":{"bbox":{"roads":{"area":830.37,"pct":5.17}},"city_same":1,"id":"hex:2216:17430"},"type":"Feature"},{"geometry":{"coordinates":[[[-117.91456,34.08514],[-117.91321,34.08515],[-117.91294,34.08477],[-117.91385,34.08478],[-117.9148,34.08479],[-117.91456,34.08514]]],"type":"Polygon"},"properties":{"bbox":{"roads":{"area":811.15,"pct":13.43}},"city_same":1,"id":"hex:2217:17421"},"type":"Feature"},{"geometry":{"coordinates":[[[-117.91254,34.08613],[-117.91323,34.0871],[-117.91459,34.08709],[-117.91525,34.08611],[-117.91456,34.08514],[-117.91321,34.08515],[-117.91254,34.08613]]],"type":"Polygon"},"properties":{"bbox":{"roads":{"area":5667.77,"pct":13.96}},"city_same":1,"id":"hex:2217:17422"},"type":"Feature"},{"geometry":{"coordinates":[[[-117.91256,34.08808],[-117.91325,34.08906],[-117.91461,34.08905],[-117.91527,34.08806],[-117.91459,34.08709],[-117.91323,34.0871],[-117.91256,34.08808]]],"type":"Polygon"},"properties":{"bbox":{"roads":{"area":4717.54,"pct":11.62}},"city_same":1,"id":"hex:2217:17423"},"type":"Feature"},{"geometry":{"coordinates":[[[-117.91258,34.09004],[-117.91327,34.09101],[-117.91463,34.091],[-117.91529,34.09002],[-117.91461,34.08905],[-117.91325,34.08906],[-117.91258,34.09004]]],"type":"Polygon"},"properties":{"bbox":{"roads":{"area":2722.79,"pct":6.71}},"city_same":1,"id":"hex:2217:17424"},"type":"Feature"},{"geometry":{"coordinates":[[[-117.91329,34.09296],[-117.91261,34.09199],[-117.91327,34.09101],[-117.91463,34.091],[-117.91532,34.09197],[-117.91521,34.09212],[-117.91449,34.09212],[-117.91441,34.09212],[-117.91441,34.09232],[-117.91442,34.09251],[-117.91443,34.09295],[-117.91329,34.09296]]],"type":"Polygon"},"properties":{"bbox":{"roads":{"area":2657.85,"pct":7.33}},"city_same":1,"id":"hex:2217:17425"},"type":"Feature"},{"geometry":{"coordinates":[[[-117.91331,34.09491],[-117.91263,34.09394],[-117.91329,34.09296],[-117.91443,34.09295],[-117.91444,34.09322],[-117.91442,34.09394],[-117.91448,34.09485],[-117.91449,34.0949],[-117.91331,34.09491]]],"type":"Polygon"},"properties":{"bbox":{"roads":{"area":2257.21,"pct":7.66}},"city_same":1,"id":"hex:2217:17426"},"type":"Feature"},{"geometry":{"coordinates":[[[-117.91334,34.09686],[-117.91265,34.09589],[-117.91331,34.09491],[-117.91449,34.0949],[-117.91454,34.09533],[-117.91434,34.09579],[-117.91424,34.09653],[-117.91406,34.09686],[-117.91334,34.09686]]],"type":"Polygon"},"properties":{"bbox":{"roads":{"area":4121.17,"pct":15.11}},"city":{"roads":{"area":1940,"pct":7.11}},"id":"hex:2217:17427"},"type":"Feature"},{"geometry":{"coordinates":[[[-117.91336,34.09882],[-117.91267,34.09785],[-117.91334,34.09686],[-117.91406,34.09686],[-117.91373,34.09746],[-117.91371,34.09881],[-117.91336,34.09882]]],"type":"Polygon"},"properties":{"bbox":{"roads":{"area":1580.13,"pct":10.33}},"city_same":1,"id":"hex:2217:17428"},"type":"Feature"},{"geometry":{"coordinates":[[[-117.9154,34.09978],[-117.91473,34.10076],[-117.91338,34.10077],[-117.91269,34.0998],[-117.91336,34.09882],[-117.91371,34.09881],[-117.9137,34.09961],[-117.91527,34.0996],[-117.9154,34.09978]]],"type":"Polygon"},"properties":{"bbox":{"roads":{"area":1570.49,"pct":5.21}},"city_same":1,"id":"hex:2217:17429"},"type":"Feature"},{"geometry":{"coordinates":[[[-117.91271,34.10175],[-117.91338,34.10077],[-117.91473,34.10076],[-117.91501,34.10115],[-117.91298,34.10213],[-117.91271,34.10175]]],"type":"Polygon"},"properties":{"bbox":{"roads":{"area":945.52,"pct":5.4}},"city_same":1,"id":"hex:2217:17430"},"type":"Feature"},{"geometry":{"coordinates":[[[-117.91342,34.10467],[-117.91273,34.1037],[-117.91306,34.10322],[-117.91434,34.10326],[-117.91433,34.10467],[-117.91342,34.10467]]],"type":"Polygon"},"properties":{"bbox":{"roads":{"area":979.5,"pct":5.07}},"city_same":1,"id":"hex:2217:17431"},"type":"Feature"},{"geometry":{"coordinates":[[[-117.91344,34.10663],[-117.91275,34.10566],[-117.91342,34.10467],[-117.91433,34.10467],[-117.91433,34.10587],[-117.91428,34.10615],[-117.91428,34.10617],[-117.91422,34.1065],[-117.91422,34.10662],[-117.91344,34.10663]]],"type":"Polygon"},"properties":{"bbox":{"roads":{"area":1572.79,"pct":6.48}},"city_same":1,"id":"hex:2217:17432"},"type":"Feature"},{"geometry":{"coordinates":[[[-117.91344,34.10663],[-117.91422,34.10662],[-117.91421,34.1068],[-117.91421,34.10703],[-117.91319,34.10699],[-117.91344,34.10663]]],"type":"Polygon"},"properties":{"bbox":{"roads":{"area":1001.19,"pct":27.89}},"city_same":1,"id":"hex:2217:17433"},"type":"Feature"},{"geometry":{"coordinates":[[[-117.91321,34.08515],[-117.91254,34.08613],[-117.91119,34.08614],[-117.9105,34.08517],[-117.91052,34.08514],[-117.91135,34.08507],[-117.91277,34.08477],[-117.91294,34.08477],[-117.91321,34.08515]]],"type":"Polygon"},"properties":{"bbox":{"roads":{"area":1973.92,"pct":7.73}},"city_same":1,"id":"hex:2218:17422"},"type":"Feature"},{"geometry":{"coordinates":[[[-117.91052,34.08712],[-117.91121,34.08809],[-117.91256,34.08808],[-117.91323,34.0871],[-117.91254,34.08613],[-117.91119,34.08614],[-117.91052,34.08712]]],"type":"Polygon"},"properties":{"bbox":{"parking":{"area":7323.58,"pct":18.04},"roads":{"area":7763.22,"pct":19.12}},"city_same":1,"id":"hex:2218:17423"},"type":"Feature"},{"geometry":{"coordinates":[[[-117.91054,34.08908],[-117.91123,34.09005],[-117.91258,34.09004],[-117.91325,34.08906],[-117.91256,34.08808],[-117.91121,34.08809],[-117.91054,34.08908]]],"type":"Polygon"},"properties":{"bbox":{"parking":{"area":4185.89,"pct":10.31},"roads":{"area":6617.37,"pct":16.3}},"city_same":1,"id":"hex:2218:17424"},"type":"Feature"},{"geometry":{"coordinates":[[[-117.91056,34.09103],[-117.91125,34.092],[-117.91261,34.09199],[-117.91327,34.09101],[-117.91258,34.09004],[-117.91123,34.09005],[-117.91056,34.09103]]],"type":"Polygon"},"properties":{"bbox":{"roads":{"area":3475.35,"pct":8.56}},"city_same":1,"id":"hex:2218:17425"},"type":"Feature"},{"geometry":{"coordinates":[[[-117.91058,34.09298],[-117.91127,34.09395],[-117.91263,34.09394],[-117.91329,34.09296],[-117.91261,34.09199],[-117.91125,34.092],[-117.91058,34.09298]]],"type":"Polygon"},"properties":{"bbox":{"roads":{"area":2601.89,"pct":6.41}},"city_same":1,"id":"hex:2218:17426"},"type":"Feature"},{"geometry":{"coordinates":[[[-117.9106,34.09493],[-117.91129,34.0959],[-117.91265,34.09589],[-117.91331,34.09491],[-117.91263,34.09394],[-117.91127,34.09395],[-117.9106,34.09493]]],"type":"Polygon"},"properties":{"bbox":{"roads":{"area":3567.38,"pct":8.79}},"city":{"roads":{"area":2005.77,"pct":4.94}},"id":"hex:2218:17427"},"type":"Feature"},{"geometry":{"coordinates":[[[-117.91063,34.09688],[-117.91131,34.09786],[-117.91267,34.09785],[-117.91334,34.09686],[-117.91265,34.09589],[-117.91129,34.0959],[-117.91063,34.09688]]],"type":"Polygon"},"properties":{"bbox":{"roads":{"area":3317.16,"pct":8.17}},"city_same":1,"id":"hex:2218:17428"},"type":"Feature"},{"geometry":{"coordinates":[[[-117.91065,34.09884],[-117.91133,34.09981],[-117.91269,34.0998],[-117.91336,34.09882],[-117.91267,34.09785],[-117.91131,34.09786],[-117.91065,34.09884]]],"type":"Polygon"},"properties":{"bbox":{"roads":{"area":2740.67,"pct":6.75}},"city_same":1,"id":"hex:2218:17429"},"type":"Feature"},{"geometry":{"coordinates":[[[-117.91067,34.10079],[-117.91136,34.10176],[-117.91271,34.10175],[-117.91338,34.10077],[-117.91269,34.0998],[-117.91133,34.09981],[-117.91067,34.10079]]],"type":"Polygon"},"properties":{"bbox":{"roads":{"area":2487.19,"pct":6.13}},"city_same":1,"id":"hex:2218:17430"},"type":"Feature"},{"geometry":{"coordinates":[[[-117.91273,34.1037],[-117.91138,34.10371],[-117.91069,34.10274],[-117.91136,34.10176],[-117.91271,34.10175],[-117.91298,34.10213],[-117.91203,34.10258],[-117.91217,34.10278],[-117.9114,34.10318],[-117.91306,34.10322],[-117.91273,34.1037]]],"type":"Polygon"},"properties":{"bbox":{"roads":{"area":1353.57,"pct":4.69}},"city_same":1,"id":"hex:2218:17431"},"type":"Feature"},{"geometry":{"coordinates":[[[-117.91071,34.10469],[-117.9114,34.10567],[-117.91275,34.10566],[-117.91342,34.10467],[-117.91273,34.1037],[-117.91138,34.10371],[-117.91071,34.10469]]],"type":"Polygon"},"properties":{"bbox":{"roads":{"area":333.69,"pct":0.82}},"city_same":1,"id":"hex:2218:17432"},"type":"Feature"},{"geometry":{"coordinates":[[[-117.91073,34.10665],[-117.9114,34.10567],[-117.91275,34.10566],[-117.91344,34.10663],[-117.91319,34.10699],[-117.91164,34.10692],[-117.91091,34.10689],[-117.91073,34.10665]]],"type":"Polygon"},"properties":{"bbox":{"roads":{"area":2088.62,"pct":7.43}},"city_same":1,"id":"hex:2218:17433"},"type":"Feature"},{"geometry":{"coordinates":[[[-117.9105,34.08517],[-117.90915,34.08518],[-117.90911,34.08514],[-117.91033,34.08515],[-117.91052,34.08514],[-117.9105,34.08517]]],"type":"Polygon"},"properties":{"bbox":{"roads":{"area":338.75,"pct":79.52}},"city_same":1,"id":"hex:2219:17421"},"type":"Feature"},{"geometry":{"coordinates":[[[-117.90848,34.08616],[-117.90917,34.08713],[-117.91052,34.08712],[-117.91119,34.08614],[-117.9105,34.08517],[-117.90915,34.08518],[-117.90848,34.08616]]],"type":"Polygon"},"properties":{"bbox":{"roads":{"area":5788.67,"pct":14.26}},"city_same":1,"id":"hex:2219:17422"},"type":"Feature"},{"geometry":{"coordinates":[[[-117.9085,34.08811],[-117.90919,34.08909],[-117.91054,34.08908],[-117.91121,34.08809],[-117.91052,34.08712],[-117.90917,34.08713],[-117.9085,34.08811]]],"type":"Polygon"},"properties":{"bbox":{"roads":{"area":5379.43,"pct":13.25}},"city_same":1,"id":"hex:2219:17423"},"type":"Feature"},{"geometry":{"coordinates":[[[-117.90852,34.09007],[-117.90921,34.09104],[-117.91056,34.09103],[-117.91123,34.09005],[-117.91054,34.08908],[-117.90919,34.08909],[-117.90852,34.09007]]],"type":"Polygon"},"properties":{"bbox":{"roads":{"area":3934,"pct":9.69}},"city_same":1,"id":"hex:2219:17424"},"type":"Feature"},{"geometry":{"coordinates":[[[-117.90854,34.09202],[-117.90923,34.09299],[-117.91058,34.09298],[-117.91125,34.092],[-117.91056,34.09103],[-117.90921,34.09104],[-117.90854,34.09202]]],"type":"Polygon"},"properties":{"bbox":{"roads":{"area":2454.15,"pct":6.05}},"city_same":1,"id":"hex:2219:17425"},"type":"Feature"},{"geometry":{"coordinates":[[[-117.90856,34.09397],[-117.90925,34.09494],[-117.9106,34.09493],[-117.91127,34.09395],[-117.91058,34.09298],[-117.90923,34.09299],[-117.90856,34.09397]]],"type":"Polygon"},"properties":{"bbox":{"roads":{"area":322.63,"pct":0.79}},"city_same":1,"id":"hex:2219:17426"},"type":"Feature"},{"geometry":{"coordinates":[[[-117.90858,34.09592],[-117.90927,34.09689],[-117.91063,34.09688],[-117.91129,34.0959],[-117.9106,34.09493],[-117.90925,34.09494],[-117.90858,34.09592]]],"type":"Polygon"},"properties":{"bbox":{"roads":{"area":4297.18,"pct":10.59}},"city":{"roads":{"area":2544.57,"pct":6.27}},"id":"hex:2219:17427"},"type":"Feature"},{"geometry":{"coordinates":[[[-117.9086,34.09788],[-117.90929,34.09885],[-117.91065,34.09884],[-117.91131,34.09786],[-117.91063,34.09688],[-117.90927,34.09689],[-117.9086,34.09788]]],"type":"Polygon"},"properties":{"bbox":{"roads":{"area":3839.45,"pct":9.46}},"city_same":1,"id":"hex:2219:17428"},"type":"Feature"},{"geometry":{"coordinates":[[[-117.90862,34.09983],[-117.90931,34.1008],[-117.91067,34.10079],[-117.91133,34.09981],[-117.91065,34.09884],[-117.90929,34.09885],[-117.90862,34.09983]]],"type":"Polygon"},"properties":{"bbox":{"roads":{"area":3692.6,"pct":9.1}},"city_same":1,"id":"hex:2219:17429"},"type":"Feature"},{"geometry":{"coordinates":[[[-117.90865,34.10178],[-117.90933,34.10275],[-117.91069,34.10274],[-117.91136,34.10176],[-117.91067,34.10079],[-117.90931,34.1008],[-117.90865,34.10178]]],"type":"Polygon"},"properties":{"bbox":{"roads":{"area":3359.09,"pct":8.27}},"city_same":1,"id":"hex:2219:17430"},"type":"Feature"},{"geometry":{"coordinates":[[[-117.90867,34.10373],[-117.90935,34.1047],[-117.91071,34.10469],[-117.91138,34.10371],[-117.91069,34.10274],[-117.90933,34.10275],[-117.90867,34.10373]]],"type":"Polygon"},"properties":{"bbox":{"roads":{"area":3346.04,"pct":8.24}},"city_same":1,"id":"hex:2219:17431"},"type":"Feature"},{"geometry":{"coordinates":[[[-117.90869,34.10569],[-117.90937,34.10666],[-117.91073,34.10665],[-117.9114,34.10567],[-117.91071,34.10469],[-117.90935,34.1047],[-117.90869,34.10569]]],"type":"Polygon"},"properties":{"bbox":{"roads":{"area":1936.38,"pct":4.77}},"city_same":1,"id":"hex:2219:17432"},"type":"Feature"},{"geometry":{"coordinates":[[[-117.90937,34.10666],[-117.91073,34.10665],[-117.91091,34.10689],[-117.90993,34.10686],[-117.90978,34.10685],[-117.90971,34.10685],[-117.90926,34.10683],[-117.90937,34.10666]]],"type":"Polygon"},"properties":{"bbox":{"roads":{"area":1422.63,"pct":44.09}},"city_same":1,"id":"hex:2219:17433"},"type":"Feature"},{"geometry":{"coordinates":[[[-117.90915,34.08518],[-117.90848,34.08616],[-117.90787,34.08617],[-117.90786,34.0857],[-117.90786,34.08512],[-117.90911,34.08514],[-117.90915,34.08518]]],"type":"Polygon"},"properties":{"bbox":{"roads":{"area":1024.47,"pct":10.02}},"city":{"roads":{"area":617.09,"pct":6.03}},"id":"hex:2220:17422"},"type":"Feature"},{"geometry":{"coordinates":[[[-117.90848,34.08616],[-117.90917,34.08713],[-117.9085,34.08811],[-117.90714,34.08812],[-117.90646,34.08715],[-117.90702,34.08632],[-117.90787,34.0864],[-117.90787,34.08633],[-117.90787,34.08617],[-117.90848,34.08616]]],"type":"Polygon"},"properties":{"bbox":{"roads":{"area":11957.69,"pct":30.65}},"city":{"roads":{"area":8804.89,"pct":22.57}},"id":"hex:2220:17423"},"type":"Feature"},{"geometry":{"coordinates":[[[-117.90648,34.08911],[-117.90716,34.09008],[-117.90852,34.09007],[-117.90919,34.08909],[-117.9085,34.08811],[-117.90714,34.08812],[-117.90648,34.08911]]],"type":"Polygon"},"properties":{"bbox":{"roads":{"area":10218.68,"pct":25.17}},"city":{"roads":{"area":6672.77,"pct":16.44}},"id":"hex:2220:17424"},"type":"Feature"},{"geometry":{"coordinates":[[[-117.9065,34.09106],[-117.90719,34.09203],[-117.90854,34.09202],[-117.90921,34.09104],[-117.90852,34.09007],[-117.90716,34.09008],[-117.9065,34.09106]]],"type":"Polygon"},"properties":{"bbox":{"roads":{"area":8422.99,"pct":20.75}},"city":{"roads":{"area":4960.39,"pct":12.22}},"id":"hex:2220:17425"},"type":"Feature"},{"geometry":{"coordinates":[[[-117.90652,34.09301],[-117.90721,34.09398],[-117.90856,34.09397],[-117.90923,34.09299],[-117.90854,34.09202],[-117.90719,34.09203],[-117.90652,34.09301]]],"type":"Polygon"},"properties":{"bbox":{"roads":{"area":5442.92,"pct":13.41}},"city":{"roads":{"area":1918.48,"pct":4.73}},"id":"hex:2220:17426"},"type":"Feature"},{"geometry":{"coordinates":[[[-117.90654,34.09496],[-117.90723,34.09593],[-117.90858,34.09592],[-117.90925,34.09494],[-117.90856,34.09397],[-117.90721,34.09398],[-117.90654,34.09496]]],"type":"Polygon"},"properties":{"bbox":{"roads":{"area":6932.39,"pct":17.08}},"city":{"roads":{"area":2359.46,"pct":5.81}},"id":"hex:2220:17427"},"type":"Feature"},{"geometry":{"coordinates":[[[-117.90656,34.09691],[-117.90725,34.09789],[-117.9086,34.09788],[-117.90927,34.09689],[-117.90858,34.09592],[-117.90723,34.09593],[-117.90656,34.09691]]],"type":"Polygon"},"properties":{"bbox":{"roads":{"area":9203.7,"pct":22.67}},"city":{"roads":{"area":4579.81,"pct":11.28}},"id":"hex:2220:17428"},"type":"Feature"},{"geometry":{"coordinates":[[[-117.90658,34.09887],[-117.90727,34.09984],[-117.90862,34.09983],[-117.90929,34.09885],[-117.9086,34.09788],[-117.90725,34.09789],[-117.90658,34.09887]]],"type":"Polygon"},"properties":{"bbox":{"roads":{"area":8882.86,"pct":21.88}},"city":{"roads":{"area":4662.16,"pct":11.48}},"id":"hex:2220:17429"},"type":"Feature"},{"geometry":{"coordinates":[[[-117.9066,34.10082],[-117.90729,34.10179],[-117.90865,34.10178],[-117.90931,34.1008],[-117.90862,34.09983],[-117.90727,34.09984],[-117.9066,34.10082]]],"type":"Polygon"},"properties":{"bbox":{"roads":{"area":8751.23,"pct":21.56}},"city":{"roads":{"area":5150.33,"pct":12.69}},"id":"hex:2220:17430"},"type":"Feature"},{"geometry":{"coordinates":[[[-117.90662,34.10277],[-117.90731,34.10374],[-117.90867,34.10373],[-117.90933,34.10275],[-117.90865,34.10178],[-117.90729,34.10179],[-117.90662,34.10277]]],"type":"Polygon"},"properties":{"bbox":{"roads":{"area":7643.54,"pct":18.83}},"city":{"roads":{"area":4233.75,"pct":10.43}},"id":"hex:2220:17431"},"type":"Feature"},{"geometry":{"coordinates":[[[-117.90664,34.10472],[-117.90733,34.1057],[-117.90869,34.10569],[-117.90935,34.1047],[-117.90867,34.10373],[-117.90731,34.10374],[-117.90664,34.10472]]],"type":"Polygon"},"properties":{"bbox":{"roads":{"area":9547.1,"pct":23.52}},"city":{"roads":{"area":5524.59,"pct":13.61}},"id":"hex:2220:17432"},"type":"Feature"},{"geometry":{"coordinates":[[[-117.90666,34.10668],[-117.90733,34.1057],[-117.90869,34.10569],[-117.90937,34.10666],[-117.90926,34.10683],[-117.90899,34.10682],[-117.90892,34.10681],[-117.90875,34.1068],[-117.90774,34.10676],[-117.90765,34.10676],[-117.90756,34.10675],[-117.90711,34.10673],[-117.9067,34.10673],[-117.90666,34.10668]]],"type":"Polygon"},"properties":{"bbox":{"roads":{"area":7215.04,"pct":31.18}},"city":{"roads":{"area":5108.41,"pct":22.08}},"id":"hex:2220:17433"},"type":"Feature"},{"geometry":{"coordinates":[[[-117.90646,34.08715],[-117.9051,34.08716],[-117.90448,34.08629],[-117.90552,34.0863],[-117.90675,34.0863],[-117.90702,34.08632],[-117.90646,34.08715]]],"type":"Polygon"},"properties":{"bbox":{"roads":{"area":4028.98,"pct":23.45}},"city_same":1,"id":"hex:2221:17422"},"type":"Feature"},{"geometry":{"coordinates":[[[-117.90443,34.08814],[-117.90512,34.08912],[-117.90648,34.08911],[-117.90714,34.08812],[-117.90646,34.08715],[-117.9051,34.08716],[-117.90443,34.08814]]],"type":"Polygon"},"properties":{"bbox":{"roads":{"area":4733.46,"pct":11.66}},"city_same":1,"id":"hex:2221:17423"},"type":"Feature"},{"geometry":{"coordinates":[[[-117.90446,34.0901],[-117.90514,34.09107],[-117.9065,34.09106],[-117.90716,34.09008],[-117.90648,34.08911],[-117.90512,34.08912],[-117.90446,34.0901]]],"type":"Polygon"},"properties":{"bbox":{"roads":{"area":5404.78,"pct":13.31}},"city_same":1,"id":"hex:2221:17424"},"type":"Feature"},{"geometry":{"coordinates":[[[-117.90448,34.09205],[-117.90516,34.09302],[-117.90652,34.09301],[-117.90719,34.09203],[-117.9065,34.09106],[-117.90514,34.09107],[-117.90448,34.09205]]],"type":"Polygon"},"properties":{"bbox":{"roads":{"area":3071.27,"pct":7.57}},"city_same":1,"id":"hex:2221:17425"},"type":"Feature"},{"geometry":{"coordinates":[[[-117.9045,34.094],[-117.90518,34.09497],[-117.90654,34.09496],[-117.90721,34.09398],[-117.90652,34.09301],[-117.90516,34.09302],[-117.9045,34.094]]],"type":"Polygon"},"properties":{"bbox":{"roads":{"area":3569.84,"pct":8.79}},"city_same":1,"id":"hex:2221:17426"},"type":"Feature"},{"geometry":{"coordinates":[[[-117.90518,34.09497],[-117.90654,34.09496],[-117.90723,34.09593],[-117.90656,34.09691],[-117.90563,34.09692],[-117.90564,34.09572],[-117.90509,34.09572],[-117.90467,34.09572],[-117.90518,34.09497]]],"type":"Polygon"},"properties":{"bbox":{"roads":{"area":2911.5,"pct":9.56}},"city":{"roads":{"area":1680.3,"pct":5.51}},"id":"hex:2221:17427"},"type":"Feature"},{"geometry":{"coordinates":[[[-117.90656,34.09691],[-117.90725,34.09789],[-117.90658,34.09887],[-117.90562,34.09887],[-117.90562,34.09861],[-117.90562,34.09816],[-117.90563,34.09692],[-117.90656,34.09691]]],"type":"Polygon"},"properties":{"bbox":{"roads":{"area":2914.58,"pct":11.37}},"city_same":1,"id":"hex:2221:17428"},"type":"Feature"},{"geometry":{"coordinates":[[[-117.90658,34.09887],[-117.90727,34.09984],[-117.9066,34.10082],[-117.90525,34.10083],[-117.90456,34.09986],[-117.90488,34.09939],[-117.90514,34.0994],[-117.90542,34.0994],[-117.90562,34.0994],[-117.90562,34.09906],[-117.90562,34.09887],[-117.90658,34.09887]]],"type":"Polygon"},"properties":{"bbox":{"roads":{"area":5396.22,"pct":14.37}},"city":{"roads":{"area":4241.74,"pct":11.29}},"id":"hex:2221:17429"},"type":"Feature"},{"geometry":{"coordinates":[[[-117.90458,34.10181],[-117.90527,34.10278],[-117.90662,34.10277],[-117.90729,34.10179],[-117.9066,34.10082],[-117.90525,34.10083],[-117.90458,34.10181]]],"type":"Polygon"},"properties":{"bbox":{"roads":{"area":4663.98,"pct":11.49}},"city_same":1,"id":"hex:2221:17430"},"type":"Feature"},{"geometry":{"coordinates":[[[-117.9046,34.10376],[-117.90529,34.10473],[-117.90664,34.10472],[-117.90731,34.10374],[-117.90662,34.10277],[-117.90527,34.10278],[-117.9046,34.10376]]],"type":"Polygon"},"properties":{"bbox":{"roads":{"area":6703.83,"pct":16.51}},"city_same":1,"id":"hex:2221:17431"},"type":"Feature"},{"geometry":{"coordinates":[[[-117.90462,34.10572],[-117.90531,34.10669],[-117.90666,34.10668],[-117.90733,34.1057],[-117.90664,34.10472],[-117.90529,34.10473],[-117.90462,34.10572]]],"type":"Polygon"},"properties":{"bbox":{"roads":{"area":5438.3,"pct":13.4}},"city_same":1,"id":"hex:2221:17432"},"type":"Feature"},{"geometry":{"coordinates":[[[-117.90531,34.10669],[-117.90666,34.10668],[-117.9067,34.10673],[-117.90599,34.10673],[-117.9054,34.10674],[-117.90527,34.10674],[-117.90531,34.10669]]],"type":"Polygon"},"properties":{"bbox":{"roads":{"area":697.23,"pct":93.6}},"city_same":1,"id":"hex:2221:17433"},"type":"Feature"},{"geometry":{"coordinates":[[[-117.90296,34.07644],[-117.90227,34.07547],[-117.90228,34.07545],[-117.90277,34.07546],[-117.9033,34.07547],[-117.9033,34.07644],[-117.90296,34.07644]]],"type":"Polygon"},"properties":{"bbox":{"roads":{"area":880.87,"pct":12.67}},"city_same":1,"id":"hex:2222:17417"},"type":"Feature"},{"geometry":{"coordinates":[[[-117.90298,34.07839],[-117.90229,34.07742],[-117.90296,34.07644],[-117.9033,34.07644],[-117.90331,34.07839],[-117.90298,34.07839]]],"type":"Polygon"},"properties":{"bbox":{"roads":{"area":869.1,"pct":6.42}},"city_same":1,"id":"hex:2222:17418"},"type":"Feature"},{"geometry":{"coordinates":[[[-117.903,34.08034],[-117.90231,34.07937],[-117.90298,34.07839],[-117.90331,34.07839],[-117.90331,34.07903],[-117.90331,34.07915],[-117.90332,34.0798],[-117.90333,34.08034],[-117.903,34.08034]]],"type":"Polygon"},"properties":{"bbox":{"roads":{"area":1905.25,"pct":14.28},"sidewalks":{"area":298.39,"pct":2.24}},"city":{"roads":{"area":730.7,"pct":5.48},"sidewalks":{"area":298.39,"pct":2.24}},"id":"hex:2222:17419"},"type":"Feature"},{"geometry":{"coordinates":[[[-117.90302,34.0823],[-117.90233,34.08133],[-117.903,34.08034],[-117.90333,34.08034],[-117.90333,34.0811],[-117.90333,34.0818],[-117.90333,34.08229],[-117.90302,34.0823]]],"type":"Polygon"},"properties":{"bbox":{"roads":{"area":1219.21,"pct":9.19},"sidewalks":{"area":53.39,"pct":0.4}},"city_same":1,"id":"hex:2222:17420"},"type":"Feature"},{"geometry":{"coordinates":[[[-117.90304,34.08425],[-117.90235,34.08328],[-117.90302,34.0823],[-117.90333,34.08229],[-117.90333,34.08272],[-117.90331,34.08425],[-117.90304,34.08425]]],"type":"Polygon"},"properties":{"bbox":{"roads":{"area":1333.1,"pct":10.5}},"city_same":1,"id":"hex:2222:17421"},"type":"Feature"},{"geometry":{"coordinates":[[[-117.90306,34.0862],[-117.90237,34.08523],[-117.90304,34.08425],[-117.90331,34.08425],[-117.90329,34.0862],[-117.90306,34.0862]]],"type":"Polygon"},"properties":{"bbox":{"roads":{"area":964.21,"pct":8.15}},"city_same":1,"id":"hex:2222:17422"},"type":"Feature"},{"geometry":{"coordinates":[[[-117.9051,34.08716],[-117.90443,34.08814],[-117.90308,34.08815],[-117.90239,34.08718],[-117.90306,34.0862],[-117.90329,34.0862],[-117.90329,34.08628],[-117.90399,34.08628],[-117.90448,34.08629],[-117.9051,34.08716]]],"type":"Polygon"},"properties":{"bbox":{"roads":{"area":3870.74,"pct":9.78}},"city_same":1,"id":"hex:2222:17423"},"type":"Feature"},{"geometry":{"coordinates":[[[-117.90241,34.08914],[-117.9031,34.09011],[-117.90446,34.0901],[-117.90512,34.08912],[-117.90443,34.08814],[-117.90308,34.08815],[-117.90241,34.08914]]],"type":"Polygon"},"properties":{"bbox":{"roads":{"area":4028.12,"pct":9.92}},"city_same":1,"id":"hex:2222:17424"},"type":"Feature"},{"geometry":{"coordinates":[[[-117.90243,34.09109],[-117.90312,34.09206],[-117.90448,34.09205],[-117.90514,34.09107],[-117.90446,34.0901],[-117.9031,34.09011],[-117.90243,34.09109]]],"type":"Polygon"},"properties":{"bbox":{"roads":{"area":2802.18,"pct":6.9}},"city_same":1,"id":"hex:2222:17425"},"type":"Feature"},{"geometry":{"coordinates":[[[-117.90245,34.09304],[-117.90314,34.09401],[-117.9045,34.094],[-117.90516,34.09302],[-117.90448,34.09205],[-117.90312,34.09206],[-117.90245,34.09304]]],"type":"Polygon"},"properties":{"bbox":{"roads":{"area":3881.12,"pct":9.56}},"city_same":1,"id":"hex:2222:17426"},"type":"Feature"},{"geometry":{"coordinates":[[[-117.90247,34.09499],[-117.90314,34.09401],[-117.9045,34.094],[-117.90518,34.09497],[-117.90467,34.09572],[-117.90397,34.09572],[-117.90299,34.09572],[-117.90247,34.09499]]],"type":"Polygon"},"properties":{"bbox":{"roads":{"area":2447.88,"pct":6.62}},"city":{"roads":{"area":1897.13,"pct":5.13}},"id":"hex:2222:17427"},"type":"Feature"},{"geometry":{"coordinates":[[[-117.90456,34.09986],[-117.9036,34.09987],[-117.90355,34.09939],[-117.90459,34.09939],[-117.90488,34.09939],[-117.90456,34.09986]]],"type":"Polygon"},"properties":{"bbox":{"roads":{"area":602.21,"pct":10.89}},"id":"hex:2222:17429"},"type":"Feature"},{"geometry":{"coordinates":[[[-117.90456,34.09986],[-117.90525,34.10083],[-117.90458,34.10181],[-117.90322,34.10182],[-117.90254,34.10085],[-117.90281,34.10044],[-117.90285,34.10044],[-117.90292,34.10043],[-117.90337,34.1004],[-117.90365,34.10038],[-117.9036,34.09987],[-117.90456,34.09986]]],"type":"Polygon"},"properties":{"bbox":{"roads":{"area":3331.23,"pct":8.95}},"city_same":1,"id":"hex:2222:17430"},"type":"Feature"},{"geometry":{"coordinates":[[[-117.90256,34.1028],[-117.90325,34.10377],[-117.9046,34.10376],[-117.90527,34.10278],[-117.90458,34.10181],[-117.90322,34.10182],[-117.90256,34.1028]]],"type":"Polygon"},"properties":{"bbox":{"roads":{"area":2676.66,"pct":6.59}},"city_same":1,"id":"hex:2222:17431"},"type":"Feature"},{"geometry":{"coordinates":[[[-117.90258,34.10475],[-117.90327,34.10573],[-117.90462,34.10572],[-117.90529,34.10473],[-117.9046,34.10376],[-117.90325,34.10377],[-117.90258,34.10475]]],"type":"Polygon"},"properties":{"bbox":{"roads":{"area":4881.69,"pct":12.03}},"city_same":1,"id":"hex:2222:17432"},"type":"Feature"},{"geometry":{"coordinates":[[[-117.9026,34.10671],[-117.90327,34.10573],[-117.90462,34.10572],[-117.90531,34.10669],[-117.90527,34.10674],[-117.9048,34.10675],[-117.90454,34.10675],[-117.90385,34.10676],[-117.90288,34.10676],[-117.90263,34.10676],[-117.9026,34.10671]]],"type":"Polygon"},"properties":{"bbox":{"roads":{"area":3766.48,"pct":17.23}},"city_same":1,"id":"hex:2222:17433"},"type":"Feature"},{"geometry":{"coordinates":[[[-117.90227,34.07547],[-117.90091,34.07548],[-117.90089,34.07544],[-117.90166,34.07545],[-117.902,34.07545],[-117.90228,34.07545],[-117.90227,34.07547]]],"type":"Polygon"},"properties":{"bbox":{"roads":{"area":369.33,"pct":100}},"city_same":1,"id":"hex:2223:17416"},"type":"Feature"},{"geometry":{"coordinates":[[[-117.90025,34.07646],[-117.90093,34.07743],[-117.90229,34.07742],[-117.90296,34.07644],[-117.90227,34.07547],[-117.90091,34.07548],[-117.90025,34.07646]]],"type":"Polygon"},"properties":{"bbox":{"roads":{"area":2565.82,"pct":6.32}},"city_same":1,"id":"hex:2223:17417"},"type":"Feature"},{"geometry":{"coordinates":[[[-117.90027,34.07841],[-117.90095,34.07938],[-117.90231,34.07937],[-117.90298,34.07839],[-117.90229,34.07742],[-117.90093,34.07743],[-117.90027,34.07841]]],"type":"Polygon"},"properties":{"bbox":{"roads":{"area":4809.82,"pct":11.85},"sidewalks":{"area":220.88,"pct":0.54}},"city":{"roads":{"area":2467.96,"pct":6.08},"sidewalks":{"area":220.88,"pct":0.54}},"id":"hex:2223:17418"},"type":"Feature"},{"geometry":{"coordinates":[[[-117.90031,34.08232],[-117.901,34.08329],[-117.90235,34.08328],[-117.90302,34.0823],[-117.90233,34.08133],[-117.90098,34.08134],[-117.90031,34.08232]]],"type":"Polygon"},"properties":{"bbox":{"roads":{"area":3500.1,"pct":8.62}},"city_same":1,"id":"hex:2223:17420"},"type":"Feature"},{"geometry":{"coordinates":[[[-117.90033,34.08427],[-117.90102,34.08524],[-117.90237,34.08523],[-117.90304,34.08425],[-117.90235,34.08328],[-117.901,34.08329],[-117.90033,34.08427]]],"type":"Polygon"},"properties":{"bbox":{"roads":{"area":3070.24,"pct":7.56}},"city_same":1,"id":"hex:2223:17421"},"type":"Feature"},{"geometry":{"coordinates":[[[-117.90035,34.08622],[-117.90104,34.08719],[-117.90239,34.08718],[-117.90306,34.0862],[-117.90237,34.08523],[-117.90102,34.08524],[-117.90035,34.08622]]],"type":"Polygon"},"properties":{"bbox":{"roads":{"area":8242.45,"pct":20.3}},"city_same":1,"id":"hex:2223:17422"},"type":"Feature"},{"geometry":{"coordinates":[[[-117.90037,34.08817],[-117.90106,34.08915],[-117.90241,34.08914],[-117.90308,34.08815],[-117.90239,34.08718],[-117.90104,34.08719],[-117.90037,34.08817]]],"type":"Polygon"},"properties":{"bbox":{"roads":{"area":2830.9,"pct":6.97}},"city_same":1,"id":"hex:2223:17423"},"type":"Feature"},{"geometry":{"coordinates":[[[-117.90039,34.09013],[-117.90108,34.0911],[-117.90243,34.09109],[-117.9031,34.09011],[-117.90241,34.08914],[-117.90106,34.08915],[-117.90039,34.09013]]],"type":"Polygon"},"properties":{"bbox":{"roads":{"area":3767.89,"pct":9.28}},"city_same":1,"id":"hex:2223:17424"},"type":"Feature"},{"geometry":{"coordinates":[[[-117.90041,34.09208],[-117.90108,34.0911],[-117.90243,34.09109],[-117.90312,34.09206],[-117.90245,34.09304],[-117.90232,34.09304],[-117.90229,34.09253],[-117.90229,34.09238],[-117.90234,34.09209],[-117.90042,34.09209],[-117.90041,34.09208]]],"type":"Polygon"},"properties":{"bbox":{"roads":{"area":1880.65,"pct":7.41}},"city_same":1,"id":"hex:2223:17425"},"type":"Feature"},{"geometry":{"coordinates":[[[-117.90245,34.09304],[-117.90314,34.09401],[-117.90247,34.09499],[-117.90238,34.09499],[-117.90239,34.09485],[-117.90232,34.09304],[-117.90245,34.09304]]],"type":"Polygon"},"properties":{"bbox":{"roads":{"area":646.56,"pct":7.21}},"city_same":1,"id":"hex:2223:17426"},"type":"Feature"},{"geometry":{"coordinates":[[[-117.90247,34.09499],[-117.90299,34.09572],[-117.90152,34.09573],[-117.90158,34.0953],[-117.90236,34.09531],[-117.90238,34.09499],[-117.90247,34.09499]]],"type":"Polygon"},"properties":{"bbox":{"roads":{"area":439.36,"pct":7.03}},"id":"hex:2223:17427"},"type":"Feature"},{"geometry":{"coordinates":[[[-117.90051,34.10184],[-117.9012,34.10281],[-117.90256,34.1028],[-117.90322,34.10182],[-117.90254,34.10085],[-117.90118,34.10086],[-117.90051,34.10184]]],"type":"Polygon"},"properties":{"bbox":{"roads":{"area":4006.36,"pct":9.87}},"city_same":1,"id":"hex:2223:17430"},"type":"Feature"},{"geometry":{"coordinates":[[[-117.90054,34.10379],[-117.90122,34.10476],[-117.90258,34.10475],[-117.90325,34.10377],[-117.90256,34.1028],[-117.9012,34.10281],[-117.90054,34.10379]]],"type":"Polygon"},"properties":{"bbox":{"roads":{"area":2984.33,"pct":7.35}},"city_same":1,"id":"hex:2223:17431"},"type":"Feature"},{"geometry":{"coordinates":[[[-117.90056,34.10575],[-117.90124,34.10672],[-117.9026,34.10671],[-117.90327,34.10573],[-117.90258,34.10475],[-117.90122,34.10476],[-117.90056,34.10575]]],"type":"Polygon"},"properties":{"bbox":{"roads":{"area":4002.48,"pct":9.86}},"city_same":1,"id":"hex:2223:17432"},"type":"Feature"},{"geometry":{"coordinates":[[[-117.90124,34.10672],[-117.9026,34.10671],[-117.90263,34.10676],[-117.90223,34.10675],[-117.90123,34.10674],[-117.90124,34.10672]]],"type":"Polygon"},"properties":{"bbox":{"roads":{"area":481.51,"pct":93.6}},"city_same":1,"id":"hex:2223:17433"},"type":"Feature"},{"geometry":{"coordinates":[[[-117.89887,34.07452],[-117.89821,34.07359],[-117.89889,34.07361],[-117.89891,34.07383],[-117.8989,34.07397],[-117.89891,34.07452],[-117.89887,34.07452]]],"type":"Polygon"},"properties":{"bbox":{"roads":{"area":724.27,"pct":21.68}},"city_same":1,"id":"hex:2224:17416"},"type":"Feature"},{"geometry":{"coordinates":[[[-117.90091,34.07548],[-117.90025,34.07646],[-117.89889,34.07647],[-117.8982,34.0755],[-117.89887,34.07452],[-117.89891,34.07452],[-117.89891,34.07462],[-117.8989,34.07467],[-117.8989,34.07543],[-117.90065,34.07544],[-117.90089,34.07544],[-117.90091,34.07548]]],"type":"Polygon"},"properties":{"bbox":{"roads":{"area":4353.73,"pct":17.45}},"city_same":1,"id":"hex:2224:17417"},"type":"Feature"},{"geometry":{"coordinates":[[[-117.89822,34.07745],[-117.89891,34.07842],[-117.90027,34.07841],[-117.90093,34.07743],[-117.90025,34.07646],[-117.89889,34.07647],[-117.89822,34.07745]]],"type":"Polygon"},"properties":{"bbox":{"roads":{"area":5331.71,"pct":13.13}},"city_same":1,"id":"hex:2224:17418"},"type":"Feature"},{"geometry":{"coordinates":[[[-117.89825,34.0794],[-117.89893,34.08037],[-117.90029,34.08036],[-117.90095,34.07938],[-117.90027,34.07841],[-117.89891,34.07842],[-117.89825,34.0794]]],"type":"Polygon"},"properties":{"bbox":{"roads":{"area":7922.89,"pct":19.52},"sidewalks":{"area":125.77,"pct":0.31}},"city":{"roads":{"area":4721.15,"pct":11.63},"sidewalks":{"area":125.77,"pct":0.31}},"id":"hex:2224:17419"},"type":"Feature"},{"geometry":{"coordinates":[[[-117.89827,34.08136],[-117.89895,34.08233],[-117.90031,34.08232],[-117.90098,34.08134],[-117.90029,34.08036],[-117.89893,34.08037],[-117.89827,34.08136]]],"type":"Polygon"},"properties":{"bbox":{"roads":{"area":3625.83,"pct":8.93}},"city_same":1,"id":"hex:2224:17420"},"type":"Feature"},{"geometry":{"coordinates":[[[-117.89829,34.08331],[-117.89897,34.08428],[-117.90033,34.08427],[-117.901,34.08329],[-117.90031,34.08232],[-117.89895,34.08233],[-117.89829,34.08331]]],"type":"Polygon"},"properties":{"bbox":{"roads":{"area":7156.27,"pct":17.63}},"city_same":1,"id":"hex:2224:17421"},"type":"Feature"},{"geometry":{"coordinates":[[[-117.89831,34.08526],[-117.89899,34.08623],[-117.90035,34.08622],[-117.90102,34.08524],[-117.90033,34.08427],[-117.89897,34.08428],[-117.89831,34.08526]]],"type":"Polygon"},"properties":{"bbox":{"roads":{"area":6596.24,"pct":16.25}},"city_same":1,"id":"hex:2224:17422"},"type":"Feature"},{"geometry":{"coordinates":[[[-117.89833,34.08721],[-117.89902,34.08818],[-117.90037,34.08817],[-117.90104,34.08719],[-117.90035,34.08622],[-117.89899,34.08623],[-117.89833,34.08721]]],"type":"Polygon"},"properties":{"bbox":{"roads":{"area":5523.61,"pct":13.61}},"city":{"roads":{"area":3990.58,"pct":9.83}},"id":"hex:2224:17423"},"type":"Feature"},{"geometry":{"coordinates":[[[-117.89835,34.08917],[-117.89904,34.09014],[-117.90039,34.09013],[-117.90106,34.08915],[-117.90037,34.08817],[-117.89902,34.08818],[-117.89835,34.08917]]],"type":"Polygon"},"properties":{"bbox":{"roads":{"area":4566.49,"pct":11.25}},"city":{"roads":{"area":3011.83,"pct":7.42}},"id":"hex:2224:17424"},"type":"Feature"},{"geometry":{"coordinates":[[[-117.89837,34.09112],[-117.89904,34.09014],[-117.90039,34.09013],[-117.90108,34.0911],[-117.90041,34.09208],[-117.89912,34.09209],[-117.89906,34.09209],[-117.89837,34.09112]]],"type":"Polygon"},"properties":{"bbox":{"parking":{"area":747.8,"pct":1.84},"roads":{"area":4082.45,"pct":10.06}},"city":{"parking":{"area":747.8,"pct":1.84},"roads":{"area":2477.23,"pct":6.1}},"id":"hex:2224:17425"},"type":"Feature"},{"geometry":{"coordinates":[[[-117.90118,34.10086],[-117.90051,34.10184],[-117.89916,34.10185],[-117.89847,34.10088],[-117.89877,34.10043],[-117.89896,34.10043],[-117.89896,34.10074],[-117.89917,34.10073],[-117.89948,34.1007],[-117.89955,34.1007],[-117.89998,34.10066],[-117.90042,34.10063],[-117.90099,34.10059],[-117.90118,34.10086]]],"type":"Polygon"},"properties":{"bbox":{"parking":{"area":617.6,"pct":2.35},"roads":{"area":2562.04,"pct":9.73},"sidewalks":{"area":341.36,"pct":1.3}},"city":{"parking":{"area":617.6,"pct":2.35},"roads":{"area":981.7,"pct":3.73},"sidewalks":{"area":341.36,"pct":1.3}},"id":"hex:2224:17430"},"type":"Feature"},{"geometry":{"coordinates":[[[-117.89849,34.10283],[-117.89918,34.1038],[-117.90054,34.10379],[-117.9012,34.10281],[-117.90051,34.10184],[-117.89916,34.10185],[-117.89849,34.10283]]],"type":"Polygon"},"properties":{"bbox":{"parking":{"area":1336.1,"pct":3.29},"roads":{"area":6130.48,"pct":15.1},"sidewalks":{"area":472.03,"pct":1.16}},"city":{"parking":{"area":1336.1,"pct":3.29},"roads":{"area":3881.81,"pct":9.56},"sidewalks":{"area":472.03,"pct":1.16}},"id":"hex:2224:17431"},"type":"Feature"},{"geometry":{"coordinates":[[[-117.89851,34.10478],[-117.8992,34.10576],[-117.90056,34.10575],[-117.90122,34.10476],[-117.90054,34.10379],[-117.89918,34.1038],[-117.89851,34.10478]]],"type":"Polygon"},"properties":{"bbox":{"roads":{"area":5111.32,"pct":12.59},"sidewalks":{"area":455.51,"pct":1.12}},"city":{"roads":{"area":2861.17,"pct":7.05},"sidewalks":{"area":455.51,"pct":1.12}},"id":"hex:2224:17432"},"type":"Feature"},{"geometry":{"coordinates":[[[-117.8992,34.10576],[-117.90056,34.10575],[-117.90124,34.10672],[-117.90123,34.10674],[-117.89927,34.10672],[-117.89855,34.10671],[-117.8992,34.10576]]],"type":"Polygon"},"properties":{"bbox":{"roads":{"area":4785.52,"pct":23.69},"sidewalks":{"area":383.13,"pct":1.9}},"city":{"roads":{"area":3733.95,"pct":18.49},"sidewalks":{"area":383.13,"pct":1.9}},"id":"hex:2224:17433"},"type":"Feature"},{"geometry":{"coordinates":[[[-117.89887,34.07452],[-117.8982,34.0755],[-117.89685,34.07551],[-117.89616,34.07454],[-117.89683,34.07356],[-117.89731,34.07355],[-117.89821,34.07359],[-117.89887,34.07452]]],"type":"Polygon"},"properties":{"bbox":{"roads":{"area":3645.88,"pct":9.02}},"city_same":1,"id":"hex:2225:17416"},"type":"Feature"},{"geometry":{"coordinates":[[[-117.89618,34.07649],[-117.89687,34.07746],[-117.89822,34.07745],[-117.89889,34.07647],[-117.8982,34.0755],[-117.89685,34.07551],[-117.89618,34.07649]]],"type":"Polygon"},"properties":{"bbox":{"roads":{"area":2624.77,"pct":6.47}},"city_same":1,"id":"hex:2225:17417"},"type":"Feature"},{"geometry":{"coordinates":[[[-117.8962,34.07844],[-117.89689,34.07941],[-117.89825,34.0794],[-117.89891,34.07842],[-117.89822,34.07745],[-117.89687,34.07746],[-117.8962,34.07844]]],"type":"Polygon"},"properties":{"bbox":{"roads":{"area":5985.62,"pct":14.74}},"city":{"roads":{"area":3225.7,"pct":7.95}},"id":"hex:2225:17418"},"type":"Feature"},{"geometry":{"coordinates":[[[-117.89622,34.08039],[-117.89691,34.08137],[-117.89827,34.08136],[-117.89893,34.08037],[-117.89825,34.0794],[-117.89689,34.07941],[-117.89622,34.08039]]],"type":"Polygon"},"properties":{"bbox":{"roads":{"area":3269.88,"pct":8.05}},"city_same":1,"id":"hex:2225:17419"},"type":"Feature"},{"geometry":{"coordinates":[[[-117.89624,34.08235],[-117.89693,34.08332],[-117.89829,34.08331],[-117.89895,34.08233],[-117.89827,34.08136],[-117.89691,34.08137],[-117.89624,34.08235]]],"type":"Polygon"},"properties":{"bbox":{"roads":{"area":3826.63,"pct":9.43}},"city_same":1,"id":"hex:2225:17420"},"type":"Feature"},{"geometry":{"coordinates":[[[-117.89626,34.0843],[-117.89695,34.08527],[-117.89831,34.08526],[-117.89897,34.08428],[-117.89829,34.08331],[-117.89693,34.08332],[-117.89626,34.0843]]],"type":"Polygon"},"properties":{"bbox":{"roads":{"area":3966.62,"pct":9.77}},"city_same":1,"id":"hex:2225:17421"},"type":"Feature"},{"geometry":{"coordinates":[[[-117.89629,34.08625],[-117.89697,34.08722],[-117.89833,34.08721],[-117.89899,34.08623],[-117.89831,34.08526],[-117.89695,34.08527],[-117.89629,34.08625]]],"type":"Polygon"},"properties":{"bbox":{"roads":{"area":5243.77,"pct":12.92}},"city_same":1,"id":"hex:2225:17422"},"type":"Feature"},{"geometry":{"coordinates":[[[-117.89631,34.0882],[-117.89699,34.08917],[-117.89835,34.08917],[-117.89902,34.08818],[-117.89833,34.08721],[-117.89697,34.08722],[-117.89631,34.0882]]],"type":"Polygon"},"properties":{"bbox":{"roads":{"area":3883.02,"pct":9.57}},"city":{"roads":{"area":3791.9,"pct":9.34}},"id":"hex:2225:17423"},"type":"Feature"},{"geometry":{"coordinates":[[[-117.89633,34.09016],[-117.89701,34.09113],[-117.89837,34.09112],[-117.89904,34.09014],[-117.89835,34.08917],[-117.89699,34.08917],[-117.89633,34.09016]]],"type":"Polygon"},"properties":{"bbox":{"parking":{"area":7151.89,"pct":17.62},"roads":{"area":4882.28,"pct":12.03}},"city":{"parking":{"area":7151.89,"pct":17.62},"roads":{"area":4768.62,"pct":11.75}},"id":"hex:2225:17424"},"type":"Feature"},{"geometry":{"coordinates":[[[-117.89703,34.09308],[-117.89635,34.09211],[-117.89701,34.09113],[-117.89837,34.09112],[-117.89906,34.09209],[-117.89897,34.09209],[-117.89892,34.09209],[-117.89789,34.09209],[-117.89789,34.09232],[-117.8979,34.09258],[-117.89788,34.09307],[-117.89703,34.09308]]],"type":"Polygon"},"properties":{"bbox":{"roads":{"area":3163.95,"pct":9.81}},"city":{"roads":{"area":3042.21,"pct":9.43}},"id":"hex:2225:17425"},"type":"Feature"},{"geometry":{"coordinates":[[[-117.89706,34.09503],[-117.89637,34.09406],[-117.89703,34.09308],[-117.89788,34.09307],[-117.89782,34.09503],[-117.89706,34.09503]]],"type":"Polygon"},"properties":{"bbox":{"roads":{"area":1190.82,"pct":5.21}},"city_same":1,"id":"hex:2225:17426"},"type":"Feature"},{"geometry":{"coordinates":[[[-117.89639,34.09601],[-117.89706,34.09503],[-117.89782,34.09503],[-117.8978,34.09573],[-117.8973,34.09572],[-117.897,34.09572],[-117.89663,34.09572],[-117.89663,34.09589],[-117.89662,34.09635],[-117.89639,34.09601]]],"type":"Polygon"},"properties":{"bbox":{"roads":{"area":991.58,"pct":12.61}},"city":{"roads":{"area":629.74,"pct":8.01}},"id":"hex:2225:17427"},"type":"Feature"},{"geometry":{"coordinates":[[[-117.89847,34.10088],[-117.89712,34.10089],[-117.89685,34.10051],[-117.89697,34.10049],[-117.8974,34.10042],[-117.89772,34.10038],[-117.89781,34.10036],[-117.89787,34.10032],[-117.89788,34.10029],[-117.89824,34.1006],[-117.89826,34.10043],[-117.89841,34.10043],[-117.89877,34.10043],[-117.89847,34.10088]]],"type":"Polygon"},"properties":{"bbox":{"roads":{"area":361.3,"pct":4.71}},"city_same":1,"id":"hex:2225:17429"},"type":"Feature"},{"geometry":{"coordinates":[[[-117.89645,34.10187],[-117.89714,34.10284],[-117.89849,34.10283],[-117.89916,34.10185],[-117.89847,34.10088],[-117.89712,34.10089],[-117.89645,34.10187]]],"type":"Polygon"},"properties":{"bbox":{"parking":{"area":2715.39,"pct":6.69},"roads":{"area":1654.82,"pct":4.08},"sidewalks":{"area":165.33,"pct":0.41}},"city":{"parking":{"area":2715.39,"pct":6.69},"roads":{"area":927.75,"pct":2.29},"sidewalks":{"area":165.33,"pct":0.41}},"id":"hex:2225:17430"},"type":"Feature"},{"geometry":{"coordinates":[[[-117.89647,34.10382],[-117.89716,34.10479],[-117.89851,34.10478],[-117.89918,34.1038],[-117.89849,34.10283],[-117.89714,34.10284],[-117.89647,34.10382]]],"type":"Polygon"},"properties":{"bbox":{"parking":{"area":10.09,"pct":0.02},"roads":{"area":4043.78,"pct":9.96},"sidewalks":{"area":188.8,"pct":0.47}},"city":{"parking":{"area":10.09,"pct":0.02},"roads":{"area":3187.9,"pct":7.85},"sidewalks":{"area":188.8,"pct":0.47}},"id":"hex:2225:17431"},"type":"Feature"},{"geometry":{"coordinates":[[[-117.89649,34.10578],[-117.89716,34.10479],[-117.89851,34.10478],[-117.8992,34.10576],[-117.89855,34.10671],[-117.89714,34.10669],[-117.89649,34.10578]]],"type":"Polygon"},"properties":{"bbox":{"roads":{"area":4757.84,"pct":11.9},"sidewalks":{"area":206.74,"pct":0.52}},"city":{"roads":{"area":3831.62,"pct":9.59},"sidewalks":{"area":206.74,"pct":0.52}},"id":"hex:2225:17432"},"type":"Feature"},{"geometry":{"coordinates":[[[-117.89683,34.07356],[-117.89616,34.07454],[-117.89481,34.07455],[-117.89412,34.07358],[-117.89421,34.07344],[-117.89669,34.07353],[-117.89681,34.07353],[-117.89683,34.07356]]],"type":"Polygon"},"properties":{"bbox":{"roads":{"area":2783.69,"pct":12.38}},"city_same":1,"id":"hex:2226:17416"},"type":"Feature"},{"geometry":{"coordinates":[[[-117.89414,34.07553],[-117.89483,34.0765],[-117.89618,34.07649],[-117.89685,34.07551],[-117.89616,34.07454],[-117.89481,34.07455],[-117.89414,34.07553]]],"type":"Polygon"},"properties":{"bbox":{"roads":{"area":3777.97,"pct":9.31}},"city_same":1,"id":"hex:2226:17417"},"type":"Feature"},{"geometry":{"coordinates":[[[-117.89416,34.07748],[-117.89485,34.07845],[-117.8962,34.07844],[-117.89687,34.07746],[-117.89618,34.07649],[-117.89483,34.0765],[-117.89416,34.07748]]],"type":"Polygon"},"properties":{"bbox":{"roads":{"area":1766.25,"pct":4.35}},"city_same":1,"id":"hex:2226:17418"},"type":"Feature"},{"geometry":{"coordinates":[[[-117.89418,34.07943],[-117.89487,34.0804],[-117.89622,34.08039],[-117.89689,34.07941],[-117.8962,34.07844],[-117.89485,34.07845],[-117.89418,34.07943]]],"type":"Polygon"},"properties":{"bbox":{"roads":{"area":5939.85,"pct":14.63}},"city":{"roads":{"area":2818.5,"pct":6.94}},"id":"hex:2226:17419"},"type":"Feature"},{"geometry":{"coordinates":[[[-117.8942,34.08139],[-117.89489,34.08236],[-117.89624,34.08235],[-117.89691,34.08137],[-117.89622,34.08039],[-117.89487,34.0804],[-117.8942,34.08139]]],"type":"Polygon"},"properties":{"bbox":{"roads":{"area":2676.84,"pct":6.59}},"city_same":1,"id":"hex:2226:17420"},"type":"Feature"},{"geometry":{"coordinates":[[[-117.89422,34.08334],[-117.89491,34.08431],[-117.89626,34.0843],[-117.89693,34.08332],[-117.89624,34.08235],[-117.89489,34.08236],[-117.89422,34.08334]]],"type":"Polygon"},"properties":{"bbox":{"roads":{"area":4579.5,"pct":11.28}},"city_same":1,"id":"hex:2226:17421"},"type":"Feature"},{"geometry":{"coordinates":[[[-117.89424,34.08529],[-117.89493,34.08626],[-117.89629,34.08625],[-117.89695,34.08527],[-117.89626,34.0843],[-117.89491,34.08431],[-117.89424,34.08529]]],"type":"Polygon"},"properties":{"bbox":{"roads":{"area":3694.44,"pct":9.1}},"city_same":1,"id":"hex:2226:17422"},"type":"Feature"},{"geometry":{"coordinates":[[[-117.89426,34.08724],[-117.89495,34.08821],[-117.89631,34.0882],[-117.89697,34.08722],[-117.89629,34.08625],[-117.89493,34.08626],[-117.89426,34.08724]]],"type":"Polygon"},"properties":{"bbox":{"roads":{"area":3436.15,"pct":8.46},"sidewalks":{"area":352.22,"pct":0.87}},"city_same":1,"id":"hex:2226:17423"},"type":"Feature"},{"geometry":{"coordinates":[[[-117.89428,34.08919],[-117.89497,34.09017],[-117.89633,34.09016],[-117.89699,34.08917],[-117.89631,34.0882],[-117.89495,34.08821],[-117.89428,34.08919]]],"type":"Polygon"},"properties":{"bbox":{"roads":{"area":3760.26,"pct":9.26},"sidewalks":{"area":425.65,"pct":1.05}},"city_same":1,"id":"hex:2226:17424"},"type":"Feature"},{"geometry":{"coordinates":[[[-117.8943,34.09115],[-117.89499,34.09212],[-117.89635,34.09211],[-117.89701,34.09113],[-117.89633,34.09016],[-117.89497,34.09017],[-117.8943,34.09115]]],"type":"Polygon"},"properties":{"bbox":{"roads":{"area":3079.3,"pct":7.59},"sidewalks":{"area":303.42,"pct":0.75}},"city_same":1,"id":"hex:2226:17425"},"type":"Feature"},{"geometry":{"coordinates":[[[-117.89432,34.0931],[-117.89501,34.09407],[-117.89637,34.09406],[-117.89703,34.09308],[-117.89635,34.09211],[-117.89499,34.09212],[-117.89432,34.0931]]],"type":"Polygon"},"properties":{"bbox":{"roads":{"area":3046.13,"pct":7.5}},"city_same":1,"id":"hex:2226:17426"},"type":"Feature"},{"geometry":{"coordinates":[[[-117.89435,34.09505],[-117.89501,34.09407],[-117.89637,34.09406],[-117.89706,34.09503],[-117.89639,34.09601],[-117.89513,34.09602],[-117.89514,34.0959],[-117.89514,34.09573],[-117.89514,34.09572],[-117.89484,34.09572],[-117.89482,34.09572],[-117.89435,34.09505]]],"type":"Polygon"},"properties":{"bbox":{"roads":{"area":4680.32,"pct":11.72}},"city":{"roads":{"area":2796.08,"pct":7}},"id":"hex:2226:17427"},"type":"Feature"},{"geometry":{"coordinates":[[[-117.89641,34.09797],[-117.89505,34.09798],[-117.89451,34.09721],[-117.89452,34.09705],[-117.89449,34.09682],[-117.89461,34.09664],[-117.89512,34.09666],[-117.89513,34.09602],[-117.89639,34.09601],[-117.89662,34.09635],[-117.89661,34.09768],[-117.89641,34.09797]]],"type":"Polygon"},"properties":{"bbox":{"roads":{"area":1071.81,"pct":3.05}},"city_same":1,"id":"hex:2226:17428"},"type":"Feature"},{"geometry":{"coordinates":[[[-117.8945,34.09912],[-117.89449,34.09881],[-117.89505,34.09798],[-117.89641,34.09797],[-117.8966,34.09823],[-117.89658,34.09926],[-117.89658,34.09936],[-117.89592,34.09935],[-117.89466,34.09934],[-117.8945,34.09912]]],"type":"Polygon"},"properties":{"bbox":{"roads":{"area":1790.9,"pct":6.7}},"city":{"roads":{"area":1111.28,"pct":4.15}},"id":"hex:2226:17429"},"type":"Feature"},{"geometry":{"coordinates":[[[-117.89712,34.10089],[-117.89645,34.10187],[-117.89509,34.10188],[-117.89441,34.10091],[-117.89451,34.10076],[-117.89451,34.10076],[-117.89469,34.10075],[-117.89506,34.10075],[-117.89522,34.10074],[-117.89546,34.10072],[-117.89597,34.10064],[-117.89639,34.10058],[-117.89685,34.10051],[-117.89712,34.10089]]],"type":"Polygon"},"properties":{"bbox":{"roads":{"area":873.5,"pct":3.3}},"city_same":1,"id":"hex:2226:17430"},"type":"Feature"},{"geometry":{"coordinates":[[[-117.89443,34.10286],[-117.89512,34.10383],[-117.89647,34.10382],[-117.89714,34.10284],[-117.89645,34.10187],[-117.89509,34.10188],[-117.89443,34.10286]]],"type":"Polygon"},"properties":{"bbox":{"roads":{"area":3944.93,"pct":9.72}},"city_same":1,"id":"hex:2226:17431"},"type":"Feature"},{"geometry":{"coordinates":[[[-117.89445,34.10481],[-117.89514,34.10579],[-117.89649,34.10578],[-117.89716,34.10479],[-117.89647,34.10382],[-117.89512,34.10383],[-117.89445,34.10481]]],"type":"Polygon"},"properties":{"bbox":{"roads":{"area":3164.54,"pct":7.8}},"city_same":1,"id":"hex:2226:17432"},"type":"Feature"},{"geometry":{"coordinates":[[[-117.89514,34.10579],[-117.89649,34.10578],[-117.89714,34.10669],[-117.89566,34.10667],[-117.89453,34.10667],[-117.89514,34.10579]]],"type":"Polygon"},"properties":{"bbox":{"roads":{"area":1983.21,"pct":10.95}},"city_same":1,"id":"hex:2226:17433"},"type":"Feature"},{"geometry":{"coordinates":[[[-117.89276,34.07359],[-117.89412,34.07358],[-117.89481,34.07455],[-117.89414,34.07553],[-117.89279,34.07554],[-117.89258,34.07525],[-117.89245,34.07405],[-117.89276,34.07359]]],"type":"Polygon"},"properties":{"bbox":{"roads":{"area":3517.55,"pct":9.24}},"city_same":1,"id":"hex:2227:17416"},"type":"Feature"},{"geometry":{"coordinates":[[[-117.89279,34.07554],[-117.89414,34.07553],[-117.89483,34.0765],[-117.89416,34.07748],[-117.89281,34.07749],[-117.89252,34.07708],[-117.89257,34.07585],[-117.89279,34.07554]]],"type":"Polygon"},"properties":{"bbox":{"roads":{"area":2451.71,"pct":6.47}},"city_same":1,"id":"hex:2227:17417"},"type":"Feature"},{"geometry":{"coordinates":[[[-117.89214,34.07847],[-117.89283,34.07944],[-117.89418,34.07943],[-117.89485,34.07845],[-117.89416,34.07748],[-117.89281,34.07749],[-117.89214,34.07847]]],"type":"Polygon"},"properties":{"bbox":{"roads":{"area":5132.61,"pct":12.64}},"city":{"roads":{"area":2394.35,"pct":5.9}},"id":"hex:2227:17418"},"type":"Feature"},{"geometry":{"coordinates":[[[-117.89216,34.08042],[-117.89285,34.0814],[-117.8942,34.08139],[-117.89487,34.0804],[-117.89418,34.07943],[-117.89283,34.07944],[-117.89216,34.08042]]],"type":"Polygon"},"properties":{"bbox":{"roads":{"area":3712.61,"pct":9.15}},"city_same":1,"id":"hex:2227:17419"},"type":"Feature"},{"geometry":{"coordinates":[[[-117.89218,34.08238],[-117.89287,34.08335],[-117.89422,34.08334],[-117.89489,34.08236],[-117.8942,34.08139],[-117.89285,34.0814],[-117.89218,34.08238]]],"type":"Polygon"},"properties":{"bbox":{"roads":{"area":3485.68,"pct":8.59}},"city_same":1,"id":"hex:2227:17420"},"type":"Feature"},{"geometry":{"coordinates":[[[-117.8922,34.08433],[-117.89289,34.0853],[-117.89424,34.08529],[-117.89491,34.08431],[-117.89422,34.08334],[-117.89287,34.08335],[-117.8922,34.08433]]],"type":"Polygon"},"properties":{"bbox":{"roads":{"area":4293.82,"pct":10.58}},"city_same":1,"id":"hex:2227:17421"},"type":"Feature"},{"geometry":{"coordinates":[[[-117.89222,34.08628],[-117.89291,34.08725],[-117.89426,34.08724],[-117.89493,34.08626],[-117.89424,34.08529],[-117.89289,34.0853],[-117.89222,34.08628]]],"type":"Polygon"},"properties":{"bbox":{"roads":{"area":6380.92,"pct":15.72}},"city_same":1,"id":"hex:2227:17422"},"type":"Feature"},{"geometry":{"coordinates":[[[-117.89224,34.08823],[-117.89293,34.0892],[-117.89428,34.08919],[-117.89495,34.08821],[-117.89426,34.08724],[-117.89291,34.08725],[-117.89224,34.08823]]],"type":"Polygon"},"properties":{"bbox":{"roads":{"area":4913.68,"pct":12.1}},"city_same":1,"id":"hex:2227:17423"},"type":"Feature"},{"geometry":{"coordinates":[[[-117.89226,34.09019],[-117.89295,34.09116],[-117.8943,34.09115],[-117.89497,34.09017],[-117.89428,34.08919],[-117.89293,34.0892],[-117.89226,34.09019]]],"type":"Polygon"},"properties":{"bbox":{"roads":{"area":6795.12,"pct":16.74},"sidewalks":{"area":300.65,"pct":0.74}},"city_same":1,"id":"hex:2227:17424"},"type":"Feature"},{"geometry":{"coordinates":[[[-117.89228,34.09214],[-117.89297,34.09311],[-117.89432,34.0931],[-117.89499,34.09212],[-117.8943,34.09115],[-117.89295,34.09116],[-117.89228,34.09214]]],"type":"Polygon"},"properties":{"bbox":{"roads":{"area":4462.09,"pct":10.99},"sidewalks":{"area":273.19,"pct":0.67}},"city_same":1,"id":"hex:2227:17425"},"type":"Feature"},{"geometry":{"coordinates":[[[-117.8923,34.09409],[-117.89299,34.09506],[-117.89435,34.09505],[-117.89501,34.09407],[-117.89432,34.0931],[-117.89297,34.09311],[-117.8923,34.09409]]],"type":"Polygon"},"properties":{"bbox":{"roads":{"area":2322.41,"pct":5.72}},"city_same":1,"id":"hex:2227:17426"},"type":"Feature"},{"geometry":{"coordinates":[[[[-117.89449,34.09682],[-117.89447,34.09663],[-117.89461,34.09664],[-117.89449,34.09682]]],[[[-117.89299,34.09506],[-117.89435,34.09505],[-117.89482,34.09572],[-117.89404,34.09573],[-117.89294,34.09574],[-117.89253,34.09574],[-117.89299,34.09506]]]],"type":"MultiPolygon"},"properties":{"bbox":{"roads":{"area":2246.55,"pct":17.63}},"city":{"roads":{"area":783.54,"pct":6.15}},"id":"hex:2227:17427"},"type":"Feature"},{"geometry":{"coordinates":[[[-117.89441,34.10091],[-117.89305,34.10092],[-117.89236,34.09995],[-117.89274,34.09939],[-117.89319,34.09939],[-117.8932,34.09934],[-117.894,34.09933],[-117.89409,34.09933],[-117.89451,34.09934],[-117.8945,34.09912],[-117.89466,34.09934],[-117.8946,34.09934],[-117.89459,34.09944],[-117.8945,34.10076],[-117.89451,34.10076],[-117.89441,34.10091]]],"type":"Polygon"},"properties":{"bbox":{"roads":{"area":3897.22,"pct":12.82}},"city":{"roads":{"area":2292.23,"pct":7.54}},"id":"hex:2227:17429"},"type":"Feature"},{"geometry":{"coordinates":[[[-117.89238,34.1019],[-117.89307,34.10287],[-117.89443,34.10286],[-117.89509,34.10188],[-117.89441,34.10091],[-117.89305,34.10092],[-117.89238,34.1019]]],"type":"Polygon"},"properties":{"bbox":{"roads":{"area":2764.09,"pct":6.81}},"city_same":1,"id":"hex:2227:17430"},"type":"Feature"},{"geometry":{"coordinates":[[[-117.89241,34.10385],[-117.89309,34.10482],[-117.89445,34.10481],[-117.89512,34.10383],[-117.89443,34.10286],[-117.89307,34.10287],[-117.89241,34.10385]]],"type":"Polygon"},"properties":{"bbox":{"roads":{"area":2627.7,"pct":6.47}},"city_same":1,"id":"hex:2227:17431"},"type":"Feature"},{"geometry":{"coordinates":[[[-117.89243,34.1058],[-117.89309,34.10482],[-117.89445,34.10481],[-117.89514,34.10579],[-117.89453,34.10667],[-117.89304,34.10667],[-117.89243,34.1058]]],"type":"Polygon"},"properties":{"bbox":{"roads":{"area":3481.79,"pct":8.89}},"city_same":1,"id":"hex:2227:17432"},"type":"Feature"},{"geometry":{"coordinates":[[[-117.89279,34.07554],[-117.89257,34.07585],[-117.8926,34.07538],[-117.89258,34.07525],[-117.89279,34.07554]]],"type":"Polygon"},"properties":{"bbox":{"roads":{"area":49.25,"pct":8.48}},"city_same":1,"id":"hex:2228:17417"},"type":"Feature"},{"geometry":{"coordinates":[[[-117.89281,34.07749],[-117.89214,34.07847],[-117.89078,34.07848],[-117.8901,34.07751],[-117.89019,34.07737],[-117.89175,34.07744],[-117.89232,34.07735],[-117.8925,34.07732],[-117.89252,34.07708],[-117.89281,34.07749]]],"type":"Polygon"},"properties":{"bbox":{"roads":{"area":1775.48,"pct":7.55}},"city":{"roads":{"area":1745.27,"pct":7.42}},"id":"hex:2228:17418"},"type":"Feature"},{"geometry":{"coordinates":[[[-117.89012,34.07946],[-117.8908,34.08043],[-117.89216,34.08042],[-117.89283,34.07944],[-117.89214,34.07847],[-117.89078,34.07848],[-117.89012,34.07946]]],"type":"Polygon"},"properties":{"bbox":{"roads":{"area":6437.27,"pct":15.86}},"city":{"roads":{"area":3285.09,"pct":8.09}},"id":"hex:2228:17419"},"type":"Feature"},{"geometry":{"coordinates":[[[-117.89014,34.08141],[-117.89083,34.08239],[-117.89218,34.08238],[-117.89285,34.0814],[-117.89216,34.08042],[-117.8908,34.08043],[-117.89014,34.08141]]],"type":"Polygon"},"properties":{"bbox":{"roads":{"area":4066.65,"pct":10.02}},"city":{"roads":{"area":4058.77,"pct":10}},"id":"hex:2228:17420"},"type":"Feature"},{"geometry":{"coordinates":[[[-117.89016,34.08337],[-117.89085,34.08434],[-117.8922,34.08433],[-117.89287,34.08335],[-117.89218,34.08238],[-117.89083,34.08239],[-117.89016,34.08337]]],"type":"Polygon"},"properties":{"bbox":{"roads":{"area":5399.99,"pct":13.3}},"city":{"roads":{"area":5399.63,"pct":13.3}},"id":"hex:2228:17421"},"type":"Feature"},{"geometry":{"coordinates":[[[-117.89018,34.08532],[-117.89087,34.08629],[-117.89222,34.08628],[-117.89289,34.0853],[-117.8922,34.08433],[-117.89085,34.08434],[-117.89018,34.08532]]],"type":"Polygon"},"properties":{"bbox":{"roads":{"area":5998.91,"pct":14.78}},"city":{"roads":{"area":5992.72,"pct":14.76}},"id":"hex:2228:17422"},"type":"Feature"},{"geometry":{"coordinates":[[[-117.8902,34.08727],[-117.89089,34.08824],[-117.89224,34.08823],[-117.89291,34.08725],[-117.89222,34.08628],[-117.89087,34.08629],[-117.8902,34.08727]]],"type":"Polygon"},"properties":{"bbox":{"roads":{"area":6488.42,"pct":15.98}},"city_same":1,"id":"hex:2228:17423"},"type":"Feature"},{"geometry":{"coordinates":[[[-117.89022,34.08922],[-117.89091,34.0902],[-117.89226,34.09019],[-117.89293,34.0892],[-117.89224,34.08823],[-117.89089,34.08824],[-117.89022,34.08922]]],"type":"Polygon"},"properties":{"bbox":{"roads":{"area":6870.31,"pct":16.92}},"city_same":1,"id":"hex:2228:17424"},"type":"Feature"},{"geometry":{"coordinates":[[[-117.89024,34.09118],[-117.89093,34.09215],[-117.89228,34.09214],[-117.89295,34.09116],[-117.89226,34.09019],[-117.89091,34.0902],[-117.89024,34.09118]]],"type":"Polygon"},"properties":{"bbox":{"parking":{"area":6041.72,"pct":14.88},"roads":{"area":3500.92,"pct":8.62}},"city_same":1,"id":"hex:2228:17425"},"type":"Feature"},{"geometry":{"coordinates":[[[-117.89026,34.09313],[-117.89095,34.0941],[-117.8923,34.09409],[-117.89297,34.09311],[-117.89228,34.09214],[-117.89093,34.09215],[-117.89026,34.09313]]],"type":"Polygon"},"properties":{"bbox":{"roads":{"area":2754.22,"pct":6.78},"sidewalks":{"area":45.72,"pct":0.11}},"city":{"roads":{"area":2692.78,"pct":6.63},"sidewalks":{"area":45.72,"pct":0.11}},"id":"hex:2228:17426"},"type":"Feature"},{"geometry":{"coordinates":[[[-117.89028,34.09508],[-117.89095,34.0941],[-117.8923,34.09409],[-117.89299,34.09506],[-117.89253,34.09574],[-117.89218,34.09574],[-117.89194,34.09574],[-117.89109,34.09574],[-117.89082,34.09574],[-117.89082,34.09585],[-117.89028,34.09508]]],"type":"Polygon"},"properties":{"bbox":{"roads":{"area":3420.09,"pct":9.57}},"city":{"roads":{"area":2074.38,"pct":5.81}},"id":"hex:2228:17427"},"type":"Feature"},{"geometry":{"coordinates":[[[[-117.8903,34.09703],[-117.89082,34.09626],[-117.89082,34.09645],[-117.89156,34.09646],[-117.89152,34.09669],[-117.89099,34.0967],[-117.891,34.09688],[-117.89099,34.09712],[-117.89094,34.09712],[-117.89054,34.09712],[-117.89054,34.09737],[-117.8903,34.09703]]],[[[-117.89099,34.09801],[-117.89072,34.09762],[-117.89117,34.0976],[-117.8915,34.09761],[-117.8915,34.098],[-117.89099,34.09801]]]],"type":"MultiPolygon"},"properties":{"bbox":{"roads":{"area":643.11,"pct":8.15}},"city_same":1,"id":"hex:2228:17428"},"type":"Feature"},{"geometry":{"coordinates":[[[-117.89236,34.09995],[-117.89101,34.09996],[-117.89032,34.09899],[-117.89099,34.09801],[-117.8915,34.098],[-117.8915,34.09836],[-117.89101,34.09834],[-117.89101,34.09893],[-117.89086,34.09892],[-117.89086,34.09941],[-117.89103,34.0994],[-117.89127,34.09939],[-117.89222,34.0994],[-117.89274,34.09939],[-117.89236,34.09995]]],"type":"Polygon"},"properties":{"bbox":{"roads":{"area":2540.89,"pct":15.2},"sidewalks":{"area":63.68,"pct":0.38}},"city":{"roads":{"area":1723.83,"pct":10.31},"sidewalks":{"area":63.68,"pct":0.38}},"id":"hex:2228:17429"},"type":"Feature"},{"geometry":{"coordinates":[[[-117.89034,34.10094],[-117.89103,34.10191],[-117.89238,34.1019],[-117.89305,34.10092],[-117.89236,34.09995],[-117.89101,34.09996],[-117.89034,34.10094]]],"type":"Polygon"},"properties":{"bbox":{"roads":{"area":3461.26,"pct":8.53},"sidewalks":{"area":0.41,"pct":0}},"city_same":1,"id":"hex:2228:17430"},"type":"Feature"},{"geometry":{"coordinates":[[[-117.89036,34.10289],[-117.89105,34.10386],[-117.89241,34.10385],[-117.89307,34.10287],[-117.89238,34.1019],[-117.89103,34.10191],[-117.89036,34.10289]]],"type":"Polygon"},"properties":{"bbox":{"roads":{"area":2189.19,"pct":5.39}},"city_same":1,"id":"hex:2228:17431"},"type":"Feature"},{"geometry":{"coordinates":[[[-117.89038,34.10484],[-117.89107,34.10581],[-117.89243,34.1058],[-117.89309,34.10482],[-117.89241,34.10385],[-117.89105,34.10386],[-117.89038,34.10484]]],"type":"Polygon"},"properties":{"bbox":{"roads":{"area":4455.42,"pct":10.98}},"city_same":1,"id":"hex:2228:17432"},"type":"Feature"},{"geometry":{"coordinates":[[[-117.89107,34.10581],[-117.89243,34.1058],[-117.89304,34.10667],[-117.89048,34.10668],[-117.89107,34.10581]]],"type":"Polygon"},"properties":{"bbox":{"roads":{"area":1765.5,"pct":10.19}},"city_same":1,"id":"hex:2228:17433"},"type":"Feature"},{"geometry":{"coordinates":[[[-117.88872,34.07557],[-117.88857,34.07536],[-117.88914,34.07536],[-117.88927,34.07536],[-117.89003,34.07536],[-117.89003,34.07556],[-117.88872,34.07557]]],"type":"Polygon"},"properties":{"bbox":{"roads":{"area":678.24,"pct":23.8}},"city":{"roads":{"area":606.95,"pct":21.3}},"id":"hex:2229:17416"},"type":"Feature"},{"geometry":{"coordinates":[[[-117.8901,34.07751],[-117.88874,34.07752],[-117.88805,34.07655],[-117.88872,34.07557],[-117.89003,34.07556],[-117.89003,34.07604],[-117.89004,34.07652],[-117.89004,34.07678],[-117.89004,34.07736],[-117.89017,34.07736],[-117.89019,34.07737],[-117.8901,34.07751]]],"type":"Polygon"},"properties":{"bbox":{"roads":{"area":4656.5,"pct":14.1}},"city":{"roads":{"area":4298.79,"pct":13.01}},"id":"hex:2229:17417"},"type":"Feature"},{"geometry":{"coordinates":[[[-117.88807,34.0785],[-117.88876,34.07947],[-117.89012,34.07946],[-117.89078,34.07848],[-117.8901,34.07751],[-117.88874,34.07752],[-117.88807,34.0785]]],"type":"Polygon"},"properties":{"bbox":{"roads":{"area":10159.03,"pct":25.03}},"city":{"roads":{"area":5010.07,"pct":12.34}},"id":"hex:2229:17418"},"type":"Feature"},{"geometry":{"coordinates":[[[-117.8881,34.08045],[-117.88878,34.08142],[-117.89014,34.08141],[-117.8908,34.08043],[-117.89012,34.07946],[-117.88876,34.07947],[-117.8881,34.08045]]],"type":"Polygon"},"properties":{"bbox":{"roads":{"area":6113.87,"pct":15.06}},"city":{"roads":{"area":4500.95,"pct":11.09}},"id":"hex:2229:17419"},"type":"Feature"},{"geometry":{"coordinates":[[[-117.88812,34.08241],[-117.8888,34.08338],[-117.89016,34.08337],[-117.89083,34.08239],[-117.89014,34.08141],[-117.88878,34.08142],[-117.88812,34.08241]]],"type":"Polygon"},"properties":{"bbox":{"roads":{"area":6397.02,"pct":15.76}},"city":{"roads":{"area":4011.42,"pct":9.88}},"id":"hex:2229:17420"},"type":"Feature"},{"geometry":{"coordinates":[[[-117.88814,34.08436],[-117.88882,34.08533],[-117.89018,34.08532],[-117.89085,34.08434],[-117.89016,34.08337],[-117.8888,34.08338],[-117.88814,34.08436]]],"type":"Polygon"},"properties":{"bbox":{"roads":{"area":4923.98,"pct":12.13}},"city":{"roads":{"area":3310.65,"pct":8.16}},"id":"hex:2229:17421"},"type":"Feature"},{"geometry":{"coordinates":[[[-117.88816,34.08631],[-117.88884,34.08728],[-117.8902,34.08727],[-117.89087,34.08629],[-117.89018,34.08532],[-117.88882,34.08533],[-117.88816,34.08631]]],"type":"Polygon"},"properties":{"bbox":{"parking":{"area":1190.26,"pct":2.93},"roads":{"area":7604.68,"pct":18.73}},"city":{"parking":{"area":1190.26,"pct":2.93},"roads":{"area":6071.94,"pct":14.96}},"id":"hex:2229:17422"},"type":"Feature"},{"geometry":{"coordinates":[[[-117.88818,34.08826],[-117.88886,34.08923],[-117.89022,34.08922],[-117.89089,34.08824],[-117.8902,34.08727],[-117.88884,34.08728],[-117.88818,34.08826]]],"type":"Polygon"},"properties":{"bbox":{"parking":{"area":272.53,"pct":0.67},"roads":{"area":7733.59,"pct":19.05},"sidewalks":{"area":226.93,"pct":0.56}},"city":{"parking":{"area":272.53,"pct":0.67},"roads":{"area":6119.05,"pct":15.07},"sidewalks":{"area":226.93,"pct":0.56}},"id":"hex:2229:17423"},"type":"Feature"},{"geometry":{"coordinates":[[[-117.8882,34.09022],[-117.88888,34.09119],[-117.89024,34.09118],[-117.89091,34.0902],[-117.89022,34.08922],[-117.88886,34.08923],[-117.8882,34.09022]]],"type":"Polygon"},"properties":{"bbox":{"roads":{"area":6157.26,"pct":15.17},"sidewalks":{"area":279.79,"pct":0.69}},"city":{"roads":{"area":3169.32,"pct":7.81},"sidewalks":{"area":279.79,"pct":0.69}},"id":"hex:2229:17424"},"type":"Feature"},{"geometry":{"coordinates":[[[-117.88822,34.09217],[-117.88891,34.09314],[-117.89026,34.09313],[-117.89093,34.09215],[-117.89024,34.09118],[-117.88888,34.09119],[-117.88822,34.09217]]],"type":"Polygon"},"properties":{"bbox":{"parking":{"area":5218.39,"pct":12.85},"roads":{"area":8092.79,"pct":19.94}},"city":{"parking":{"area":5218.39,"pct":12.85},"roads":{"area":4778.73,"pct":11.77}},"id":"hex:2229:17425"},"type":"Feature"},{"geometry":{"coordinates":[[[-117.88824,34.09412],[-117.88893,34.09509],[-117.89028,34.09508],[-117.89095,34.0941],[-117.89026,34.09313],[-117.88891,34.09314],[-117.88824,34.09412]]],"type":"Polygon"},"properties":{"bbox":{"roads":{"area":5594.31,"pct":13.78}},"city":{"roads":{"area":2121.41,"pct":5.23}},"id":"hex:2229:17426"},"type":"Feature"},{"geometry":{"coordinates":[[[-117.8903,34.09703],[-117.88895,34.09704],[-117.88826,34.09607],[-117.88893,34.09509],[-117.89028,34.09508],[-117.89082,34.09585],[-117.89082,34.09626],[-117.8903,34.09703]]],"type":"Polygon"},"properties":{"bbox":{"roads":{"area":10038.17,"pct":24.92}},"city":{"roads":{"area":3776.01,"pct":9.37}},"id":"hex:2229:17427"},"type":"Feature"},{"geometry":{"coordinates":[[[-117.89099,34.09801],[-117.89032,34.09899],[-117.88897,34.099],[-117.88828,34.09802],[-117.88895,34.09704],[-117.8903,34.09703],[-117.89054,34.09737],[-117.89053,34.09763],[-117.89072,34.09762],[-117.89099,34.09801]]],"type":"Polygon"},"properties":{"bbox":{"roads":{"area":8903.19,"pct":22.06}},"city":{"roads":{"area":5344.91,"pct":13.24}},"id":"hex:2229:17428"},"type":"Feature"},{"geometry":{"coordinates":[[[-117.8883,34.09998],[-117.88899,34.10095],[-117.89034,34.10094],[-117.89101,34.09996],[-117.89032,34.09899],[-117.88897,34.099],[-117.8883,34.09998]]],"type":"Polygon"},"properties":{"bbox":{"parking":{"area":3165.86,"pct":7.8},"roads":{"area":7449.15,"pct":18.35},"sidewalks":{"area":676.58,"pct":1.67}},"city":{"parking":{"area":3165.86,"pct":7.8},"roads":{"area":4140,"pct":10.2},"sidewalks":{"area":676.58,"pct":1.67}},"id":"hex:2229:17429"},"type":"Feature"},{"geometry":{"coordinates":[[[-117.88832,34.10193],[-117.88901,34.1029],[-117.89036,34.10289],[-117.89103,34.10191],[-117.89034,34.10094],[-117.88899,34.10095],[-117.88832,34.10193]]],"type":"Polygon"},"properties":{"bbox":{"roads":{"area":6578.03,"pct":16.2},"sidewalks":{"area":175.48,"pct":0.43}},"city":{"roads":{"area":3257.28,"pct":8.02},"sidewalks":{"area":175.48,"pct":0.43}},"id":"hex:2229:17430"},"type":"Feature"},{"geometry":{"coordinates":[[[-117.88834,34.10388],[-117.88903,34.10485],[-117.89038,34.10484],[-117.89105,34.10386],[-117.89036,34.10289],[-117.88901,34.1029],[-117.88834,34.10388]]],"type":"Polygon"},"properties":{"bbox":{"roads":{"area":8212.45,"pct":20.23}},"city":{"roads":{"area":5064.38,"pct":12.48}},"id":"hex:2229:17431"},"type":"Feature"},{"geometry":{"coordinates":[[[-117.88836,34.10583],[-117.88903,34.10485],[-117.89038,34.10484],[-117.89107,34.10581],[-117.89048,34.10668],[-117.88896,34.10668],[-117.88836,34.10583]]],"type":"Polygon"},"properties":{"bbox":{"roads":{"area":8192.91,"pct":21.12}},"city":{"roads":{"area":5108.3,"pct":13.17}},"id":"hex:2229:17432"},"type":"Feature"},{"geometry":{"coordinates":[[[-117.88872,34.07557],[-117.88805,34.07655],[-117.8867,34.07656],[-117.88601,34.07559],[-117.88619,34.07533],[-117.88696,34.07534],[-117.88705,34.07534],[-117.88744,34.07534],[-117.88834,34.07536],[-117.88857,34.07536],[-117.88872,34.07557]]],"type":"Polygon"},"properties":{"bbox":{"roads":{"area":2325.41,"pct":8.81}},"city_same":1,"id":"hex:2230:17417"},"type":"Feature"},{"geometry":{"coordinates":[[[-117.88603,34.07754],[-117.88672,34.07851],[-117.88807,34.0785],[-117.88874,34.07752],[-117.88805,34.07655],[-117.8867,34.07656],[-117.88603,34.07754]]],"type":"Polygon"},"properties":{"bbox":{"roads":{"area":5132.76,"pct":12.64}},"city_same":1,"id":"hex:2230:17418"},"type":"Feature"},{"geometry":{"coordinates":[[[-117.88605,34.07949],[-117.88674,34.08046],[-117.8881,34.08045],[-117.88876,34.07947],[-117.88807,34.0785],[-117.88672,34.07851],[-117.88605,34.07949]]],"type":"Polygon"},"properties":{"bbox":{"roads":{"area":7418.23,"pct":18.27}},"city":{"roads":{"area":5908.03,"pct":14.55}},"id":"hex:2230:17419"},"type":"Feature"},{"geometry":{"coordinates":[[[-117.88607,34.08144],[-117.88676,34.08242],[-117.88812,34.08241],[-117.88878,34.08142],[-117.8881,34.08045],[-117.88674,34.08046],[-117.88607,34.08144]]],"type":"Polygon"},"properties":{"bbox":{"roads":{"area":5463.46,"pct":13.46}},"city_same":1,"id":"hex:2230:17420"},"type":"Feature"},{"geometry":{"coordinates":[[[-117.88609,34.0834],[-117.88678,34.08437],[-117.88814,34.08436],[-117.8888,34.08338],[-117.88812,34.08241],[-117.88676,34.08242],[-117.88609,34.0834]]],"type":"Polygon"},"properties":{"bbox":{"roads":{"area":4864.16,"pct":11.98}},"city_same":1,"id":"hex:2230:17421"},"type":"Feature"},{"geometry":{"coordinates":[[[-117.88611,34.08535],[-117.8868,34.08632],[-117.88816,34.08631],[-117.88882,34.08533],[-117.88814,34.08436],[-117.88678,34.08437],[-117.88611,34.08535]]],"type":"Polygon"},"properties":{"bbox":{"roads":{"area":5948.25,"pct":14.65}},"city_same":1,"id":"hex:2230:17422"},"type":"Feature"},{"geometry":{"coordinates":[[[-117.88613,34.0873],[-117.88682,34.08827],[-117.88818,34.08826],[-117.88884,34.08728],[-117.88816,34.08631],[-117.8868,34.08632],[-117.88613,34.0873]]],"type":"Polygon"},"properties":{"bbox":{"roads":{"area":6497.67,"pct":16.01}},"city_same":1,"id":"hex:2230:17423"},"type":"Feature"},{"geometry":{"coordinates":[[[-117.88615,34.08925],[-117.88684,34.09022],[-117.8882,34.09022],[-117.88886,34.08923],[-117.88818,34.08826],[-117.88682,34.08827],[-117.88615,34.08925]]],"type":"Polygon"},"properties":{"bbox":{"roads":{"area":7420.65,"pct":18.28}},"city_same":1,"id":"hex:2230:17424"},"type":"Feature"},{"geometry":{"coordinates":[[[-117.88618,34.09121],[-117.88686,34.09218],[-117.88822,34.09217],[-117.88888,34.09119],[-117.8882,34.09022],[-117.88684,34.09022],[-117.88618,34.09121]]],"type":"Polygon"},"properties":{"bbox":{"parking":{"area":152.22,"pct":0.37},"roads":{"area":6017.89,"pct":14.82}},"city":{"parking":{"area":152.22,"pct":0.37},"roads":{"area":5078.48,"pct":12.51}},"id":"hex:2230:17425"},"type":"Feature"},{"geometry":{"coordinates":[[[-117.8862,34.09316],[-117.88688,34.09413],[-117.88824,34.09412],[-117.88891,34.09314],[-117.88822,34.09217],[-117.88686,34.09218],[-117.8862,34.09316]]],"type":"Polygon"},"properties":{"bbox":{"parking":{"area":2636.16,"pct":6.49},"roads":{"area":3076.38,"pct":7.58}},"city_same":1,"id":"hex:2230:17426"},"type":"Feature"},{"geometry":{"coordinates":[[[-117.88622,34.09511],[-117.8869,34.09608],[-117.88826,34.09607],[-117.88893,34.09509],[-117.88824,34.09412],[-117.88688,34.09413],[-117.88622,34.09511]]],"type":"Polygon"},"properties":{"bbox":{"roads":{"area":4584.06,"pct":11.29}},"city":{"roads":{"area":2079.25,"pct":5.12}},"id":"hex:2230:17427"},"type":"Feature"},{"geometry":{"coordinates":[[[-117.88624,34.09706],[-117.88692,34.09803],[-117.88828,34.09802],[-117.88895,34.09704],[-117.88826,34.09607],[-117.8869,34.09608],[-117.88624,34.09706]]],"type":"Polygon"},"properties":{"bbox":{"roads":{"area":2956.68,"pct":7.28}},"city_same":1,"id":"hex:2230:17428"},"type":"Feature"},{"geometry":{"coordinates":[[[-117.88626,34.09902],[-117.88694,34.09999],[-117.8883,34.09998],[-117.88897,34.099],[-117.88828,34.09802],[-117.88692,34.09803],[-117.88626,34.09902]]],"type":"Polygon"},"properties":{"bbox":{"roads":{"area":4762.32,"pct":11.73}},"city_same":1,"id":"hex:2230:17429"},"type":"Feature"},{"geometry":{"coordinates":[[[-117.88628,34.10097],[-117.88696,34.10194],[-117.88832,34.10193],[-117.88899,34.10095],[-117.8883,34.09998],[-117.88694,34.09999],[-117.88628,34.10097]]],"type":"Polygon"},"properties":{"bbox":{"parking":{"area":985.67,"pct":2.43},"roads":{"area":3734.38,"pct":9.2}},"city_same":1,"id":"hex:2230:17430"},"type":"Feature"},{"geometry":{"coordinates":[[[-117.8863,34.10292],[-117.88698,34.10389],[-117.88834,34.10388],[-117.88901,34.1029],[-117.88832,34.10193],[-117.88696,34.10194],[-117.8863,34.10292]]],"type":"Polygon"},"properties":{"bbox":{"roads":{"area":2990.12,"pct":7.37}},"city_same":1,"id":"hex:2230:17431"},"type":"Feature"},{"geometry":{"coordinates":[[[-117.88632,34.10487],[-117.88701,34.10584],[-117.88836,34.10583],[-117.88903,34.10485],[-117.88834,34.10388],[-117.88698,34.10389],[-117.88632,34.10487]]],"type":"Polygon"},"properties":{"bbox":{"roads":{"area":3000.04,"pct":7.39}},"city_same":1,"id":"hex:2230:17432"},"type":"Feature"},{"geometry":{"coordinates":[[[-117.88701,34.10584],[-117.88836,34.10583],[-117.88896,34.10668],[-117.88732,34.10668],[-117.88645,34.10666],[-117.88701,34.10584]]],"type":"Polygon"},"properties":{"bbox":{"roads":{"area":849.22,"pct":5.12}},"city_same":1,"id":"hex:2230:17433"},"type":"Feature"},{"geometry":{"coordinates":[[[-117.88601,34.07559],[-117.88466,34.0756],[-117.88446,34.07531],[-117.88535,34.07532],[-117.88619,34.07533],[-117.88601,34.07559]]],"type":"Polygon"},"properties":{"bbox":{"roads":{"area":580.6,"pct":13.49}},"city_same":1,"id":"hex:2231:17416"},"type":"Feature"},{"geometry":{"coordinates":[[[-117.88399,34.07658],[-117.88468,34.07755],[-117.88603,34.07754],[-117.8867,34.07656],[-117.88601,34.07559],[-117.88466,34.0756],[-117.88399,34.07658]]],"type":"Polygon"},"properties":{"bbox":{"roads":{"area":2216.26,"pct":5.46}},"city_same":1,"id":"hex:2231:17417"},"type":"Feature"},{"geometry":{"coordinates":[[[-117.88401,34.07853],[-117.8847,34.0795],[-117.88605,34.07949],[-117.88672,34.07851],[-117.88603,34.07754],[-117.88468,34.07755],[-117.88401,34.07853]]],"type":"Polygon"},"properties":{"bbox":{"roads":{"area":5572.99,"pct":13.73}},"city":{"roads":{"area":3882.95,"pct":9.57}},"id":"hex:2231:17418"},"type":"Feature"},{"geometry":{"coordinates":[[[-117.88403,34.08048],[-117.88472,34.08145],[-117.88607,34.08144],[-117.88674,34.08046],[-117.88605,34.07949],[-117.8847,34.0795],[-117.88403,34.08048]]],"type":"Polygon"},"properties":{"bbox":{"roads":{"area":4315.28,"pct":10.63}},"city_same":1,"id":"hex:2231:17419"},"type":"Feature"},{"geometry":{"coordinates":[[[-117.88405,34.08243],[-117.88474,34.08341],[-117.88609,34.0834],[-117.88676,34.08242],[-117.88607,34.08144],[-117.88472,34.08145],[-117.88405,34.08243]]],"type":"Polygon"},"properties":{"bbox":{"roads":{"area":4014.3,"pct":9.89}},"city_same":1,"id":"hex:2231:17420"},"type":"Feature"},{"geometry":{"coordinates":[[[-117.88407,34.08439],[-117.88476,34.08536],[-117.88611,34.08535],[-117.88678,34.08437],[-117.88609,34.0834],[-117.88474,34.08341],[-117.88407,34.08439]]],"type":"Polygon"},"properties":{"bbox":{"roads":{"area":3835.48,"pct":9.45}},"city_same":1,"id":"hex:2231:17421"},"type":"Feature"},{"geometry":{"coordinates":[[[-117.88409,34.08634],[-117.88478,34.08731],[-117.88613,34.0873],[-117.8868,34.08632],[-117.88611,34.08535],[-117.88476,34.08536],[-117.88409,34.08634]]],"type":"Polygon"},"properties":{"bbox":{"roads":{"area":6840.34,"pct":16.85}},"city_same":1,"id":"hex:2231:17422"},"type":"Feature"},{"geometry":{"coordinates":[[[-117.88411,34.08829],[-117.8848,34.08926],[-117.88615,34.08925],[-117.88682,34.08827],[-117.88613,34.0873],[-117.88478,34.08731],[-117.88411,34.08829]]],"type":"Polygon"},"properties":{"bbox":{"roads":{"area":6104.64,"pct":15.04}},"city_same":1,"id":"hex:2231:17423"},"type":"Feature"},{"geometry":{"coordinates":[[[-117.88413,34.09024],[-117.88482,34.09122],[-117.88618,34.09121],[-117.88684,34.09022],[-117.88615,34.08925],[-117.8848,34.08926],[-117.88413,34.09024]]],"type":"Polygon"},"properties":{"bbox":{"roads":{"area":5704.93,"pct":14.05}},"city":{"roads":{"area":4067.26,"pct":10.02}},"id":"hex:2231:17424"},"type":"Feature"},{"geometry":{"coordinates":[[[-117.88415,34.0922],[-117.88484,34.09317],[-117.8862,34.09316],[-117.88686,34.09218],[-117.88618,34.09121],[-117.88482,34.09122],[-117.88415,34.0922]]],"type":"Polygon"},"properties":{"bbox":{"roads":{"area":3621.76,"pct":8.92}},"city_same":1,"id":"hex:2231:17425"},"type":"Feature"},{"geometry":{"coordinates":[[[-117.88417,34.09415],[-117.88486,34.09512],[-117.88622,34.09511],[-117.88688,34.09413],[-117.8862,34.09316],[-117.88484,34.09317],[-117.88417,34.09415]]],"type":"Polygon"},"properties":{"bbox":{"roads":{"area":4125.91,"pct":10.16}},"city_same":1,"id":"hex:2231:17426"},"type":"Feature"},{"geometry":{"coordinates":[[[-117.88419,34.0961],[-117.88488,34.09707],[-117.88624,34.09706],[-117.8869,34.09608],[-117.88622,34.09511],[-117.88486,34.09512],[-117.88419,34.0961]]],"type":"Polygon"},"properties":{"bbox":{"roads":{"area":5186.16,"pct":12.78}},"city":{"roads":{"area":2249.2,"pct":5.54}},"id":"hex:2231:17427"},"type":"Feature"},{"geometry":{"coordinates":[[[-117.88421,34.09805],[-117.8849,34.09903],[-117.88626,34.09902],[-117.88692,34.09803],[-117.88624,34.09706],[-117.88488,34.09707],[-117.88421,34.09805]]],"type":"Polygon"},"properties":{"bbox":{"roads":{"area":3419.67,"pct":8.42}},"city_same":1,"id":"hex:2231:17428"},"type":"Feature"},{"geometry":{"coordinates":[[[-117.88423,34.10001],[-117.88492,34.10098],[-117.88628,34.10097],[-117.88694,34.09999],[-117.88626,34.09902],[-117.8849,34.09903],[-117.88423,34.10001]]],"type":"Polygon"},"properties":{"bbox":{"roads":{"area":4212.63,"pct":10.38}},"city_same":1,"id":"hex:2231:17429"},"type":"Feature"},{"geometry":{"coordinates":[[[-117.88425,34.10196],[-117.88494,34.10293],[-117.8863,34.10292],[-117.88696,34.10194],[-117.88628,34.10097],[-117.88492,34.10098],[-117.88425,34.10196]]],"type":"Polygon"},"properties":{"bbox":{"roads":{"area":2635.53,"pct":6.49}},"city_same":1,"id":"hex:2231:17430"},"type":"Feature"},{"geometry":{"coordinates":[[[-117.88494,34.10293],[-117.8863,34.10292],[-117.88698,34.10389],[-117.88632,34.10487],[-117.88496,34.10488],[-117.88438,34.10406],[-117.88562,34.1037],[-117.88566,34.10328],[-117.88544,34.10324],[-117.88471,34.10327],[-117.88494,34.10293]]],"type":"Polygon"},"properties":{"bbox":{"roads":{"area":2414.15,"pct":7.25}},"city_same":1,"id":"hex:2231:17431"},"type":"Feature"},{"geometry":{"coordinates":[[[-117.8843,34.10586],[-117.88496,34.10488],[-117.88632,34.10487],[-117.88701,34.10584],[-117.88645,34.10666],[-117.88483,34.10662],[-117.8843,34.10586]]],"type":"Polygon"},"properties":{"bbox":{"roads":{"area":4211.66,"pct":11.18}},"city_same":1,"id":"hex:2231:17432"},"type":"Feature"},{"geometry":{"coordinates":[[[-117.88466,34.0756],[-117.88399,34.07658],[-117.88264,34.07659],[-117.88195,34.07562],[-117.88217,34.07529],[-117.88242,34.07529],[-117.88391,34.07531],[-117.88446,34.07531],[-117.88466,34.0756]]],"type":"Polygon"},"properties":{"bbox":{"roads":{"area":1584.96,"pct":5.64}},"city_same":1,"id":"hex:2232:17417"},"type":"Feature"},{"geometry":{"coordinates":[[[-117.88197,34.07757],[-117.88266,34.07854],[-117.88401,34.07853],[-117.88468,34.07755],[-117.88399,34.07658],[-117.88264,34.07659],[-117.88197,34.07757]]],"type":"Polygon"},"properties":{"bbox":{"roads":{"area":1209.14,"pct":2.98}},"city_same":1,"id":"hex:2232:17418"},"type":"Feature"},{"geometry":{"coordinates":[[[-117.88199,34.07952],[-117.88268,34.08049],[-117.88403,34.08048],[-117.8847,34.0795],[-117.88401,34.07853],[-117.88266,34.07854],[-117.88199,34.07952]]],"type":"Polygon"},"properties":{"bbox":{"roads":{"area":5204.04,"pct":12.82}},"city":{"roads":{"area":3882.12,"pct":9.56}},"id":"hex:2232:17419"},"type":"Feature"},{"geometry":{"coordinates":[[[-117.88201,34.08147],[-117.8827,34.08244],[-117.88405,34.08243],[-117.88472,34.08145],[-117.88403,34.08048],[-117.88268,34.08049],[-117.88201,34.08147]]],"type":"Polygon"},"properties":{"bbox":{"roads":{"area":3388.83,"pct":8.35}},"city_same":1,"id":"hex:2232:17420"},"type":"Feature"},{"geometry":{"coordinates":[[[-117.88203,34.08343],[-117.88272,34.0844],[-117.88407,34.08439],[-117.88474,34.08341],[-117.88405,34.08243],[-117.8827,34.08244],[-117.88203,34.08343]]],"type":"Polygon"},"properties":{"bbox":{"roads":{"area":4418.57,"pct":10.88}},"city_same":1,"id":"hex:2232:17421"},"type":"Feature"},{"geometry":{"coordinates":[[[-117.88205,34.08538],[-117.88274,34.08635],[-117.88409,34.08634],[-117.88476,34.08536],[-117.88407,34.08439],[-117.88272,34.0844],[-117.88205,34.08538]]],"type":"Polygon"},"properties":{"bbox":{"roads":{"area":6573.42,"pct":16.19}},"city_same":1,"id":"hex:2232:17422"},"type":"Feature"},{"geometry":{"coordinates":[[[-117.88207,34.08733],[-117.88276,34.0883],[-117.88411,34.08829],[-117.88478,34.08731],[-117.88409,34.08634],[-117.88274,34.08635],[-117.88207,34.08733]]],"type":"Polygon"},"properties":{"bbox":{"roads":{"area":3527.93,"pct":8.69}},"city_same":1,"id":"hex:2232:17423"},"type":"Feature"},{"geometry":{"coordinates":[[[-117.88209,34.08928],[-117.88278,34.09025],[-117.88413,34.09024],[-117.8848,34.08926],[-117.88411,34.08829],[-117.88276,34.0883],[-117.88209,34.08928]]],"type":"Polygon"},"properties":{"bbox":{"roads":{"area":5563.77,"pct":13.71}},"city_same":1,"id":"hex:2232:17424"},"type":"Feature"},{"geometry":{"coordinates":[[[-117.88211,34.09124],[-117.8828,34.09221],[-117.88415,34.0922],[-117.88482,34.09122],[-117.88413,34.09024],[-117.88278,34.09025],[-117.88211,34.09124]]],"type":"Polygon"},"properties":{"bbox":{"roads":{"area":5180.35,"pct":12.76}},"city":{"roads":{"area":3857.73,"pct":9.5}},"id":"hex:2232:17425"},"type":"Feature"},{"geometry":{"coordinates":[[[-117.88213,34.09319],[-117.88282,34.09416],[-117.88417,34.09415],[-117.88484,34.09317],[-117.88415,34.0922],[-117.8828,34.09221],[-117.88213,34.09319]]],"type":"Polygon"},"properties":{"bbox":{"parking":{"area":775.72,"pct":1.91},"roads":{"area":4183.22,"pct":10.3}},"city_same":1,"id":"hex:2232:17426"},"type":"Feature"},{"geometry":{"coordinates":[[[-117.88215,34.09514],[-117.88284,34.09611],[-117.88419,34.0961],[-117.88486,34.09512],[-117.88417,34.09415],[-117.88282,34.09416],[-117.88215,34.09514]]],"type":"Polygon"},"properties":{"bbox":{"parking":{"area":479.01,"pct":1.18},"roads":{"area":3628.82,"pct":8.94}},"city":{"parking":{"area":479.01,"pct":1.18},"roads":{"area":1067.45,"pct":2.63}},"id":"hex:2232:17427"},"type":"Feature"},{"geometry":{"coordinates":[[[-117.88217,34.09709],[-117.88286,34.09806],[-117.88421,34.09805],[-117.88488,34.09707],[-117.88419,34.0961],[-117.88284,34.09611],[-117.88217,34.09709]]],"type":"Polygon"},"properties":{"bbox":{"roads":{"area":3043.75,"pct":7.5}},"city_same":1,"id":"hex:2232:17428"},"type":"Feature"},{"geometry":{"coordinates":[[[-117.88219,34.09904],[-117.88288,34.10002],[-117.88423,34.10001],[-117.8849,34.09903],[-117.88421,34.09805],[-117.88286,34.09806],[-117.88219,34.09904]]],"type":"Polygon"},"properties":{"bbox":{"roads":{"area":3091.21,"pct":7.61}},"city_same":1,"id":"hex:2232:17429"},"type":"Feature"},{"geometry":{"coordinates":[[[-117.88221,34.101],[-117.8829,34.10197],[-117.88425,34.10196],[-117.88492,34.10098],[-117.88423,34.10001],[-117.88288,34.10002],[-117.88221,34.101]]],"type":"Polygon"},"properties":{"bbox":{"roads":{"area":2484.19,"pct":6.12}},"city_same":1,"id":"hex:2232:17430"},"type":"Feature"},{"geometry":{"coordinates":[[[-117.88223,34.10295],[-117.8829,34.10197],[-117.88425,34.10196],[-117.88494,34.10293],[-117.88471,34.10327],[-117.88468,34.10327],[-117.88465,34.10332],[-117.88437,34.10333],[-117.88396,34.10332],[-117.88387,34.10355],[-117.88398,34.10385],[-117.88397,34.10391],[-117.88356,34.10392],[-117.88356,34.10326],[-117.88348,34.10326],[-117.88332,34.10326],[-117.88311,34.10331],[-117.88246,34.10327],[-117.88246,34.10327],[-117.88223,34.10295]]],"type":"Polygon"},"properties":{"bbox":{"roads":{"area":2177.88,"pct":6.88}},"city_same":1,"id":"hex:2232:17431"},"type":"Feature"},{"geometry":{"coordinates":[[[-117.88225,34.1049],[-117.88258,34.10442],[-117.88276,34.1044],[-117.88298,34.10429],[-117.88325,34.10425],[-117.88351,34.10425],[-117.88355,34.10415],[-117.88356,34.10392],[-117.88397,34.10391],[-117.88394,34.10405],[-117.88428,34.10409],[-117.88438,34.10406],[-117.88496,34.10488],[-117.8843,34.10586],[-117.88403,34.10587],[-117.884,34.10546],[-117.88393,34.10501],[-117.88378,34.10467],[-117.88368,34.10464],[-117.8826,34.10489],[-117.88234,34.10502],[-117.88225,34.1049]]],"type":"Polygon"},"properties":{"bbox":{"roads":{"area":742.86,"pct":3.44}},"city_same":1,"id":"hex:2232:17432"},"type":"Feature"},{"geometry":{"coordinates":[[[-117.8843,34.10586],[-117.88483,34.10662],[-117.88416,34.1066],[-117.88309,34.10659],[-117.88309,34.10633],[-117.88321,34.10637],[-117.88403,34.10647],[-117.88406,34.10624],[-117.88403,34.10587],[-117.8843,34.10586]]],"type":"Polygon"},"properties":{"bbox":{"roads":{"area":423.48,"pct":7.49}},"city_same":1,"id":"hex:2232:17433"},"type":"Feature"},{"geometry":{"coordinates":[[[-117.88057,34.07367],[-117.88049,34.07355],[-117.8813,34.07357],[-117.8813,34.07367],[-117.88057,34.07367]]],"type":"Polygon"},"properties":{"bbox":{"parking":{"area":144.72,"pct":16.59},"roads":{"area":344.29,"pct":39.47}},"city":{"parking":{"area":144.72,"pct":16.59},"roads":{"area":236.59,"pct":27.12}},"id":"hex:2233:17415"},"type":"Feature"},{"geometry":{"coordinates":[[[-117.88195,34.07562],[-117.88059,34.07563],[-117.87991,34.07465],[-117.88057,34.07367],[-117.8813,34.07367],[-117.88132,34.0753],[-117.88217,34.07529],[-117.88195,34.07562]]],"type":"Polygon"},"properties":{"bbox":{"parking":{"area":4330.31,"pct":18.24},"roads":{"area":6828.16,"pct":28.76}},"city":{"parking":{"area":4330.31,"pct":18.24},"roads":{"area":4208.71,"pct":17.72}},"id":"hex:2233:17416"},"type":"Feature"},{"geometry":{"coordinates":[[[-117.87993,34.07661],[-117.88061,34.07758],[-117.88197,34.07757],[-117.88264,34.07659],[-117.88195,34.07562],[-117.88059,34.07563],[-117.87993,34.07661]]],"type":"Polygon"},"properties":{"bbox":{"parking":{"area":4373.67,"pct":10.77},"roads":{"area":4822.71,"pct":11.88}},"city":{"parking":{"area":4373.67,"pct":10.77},"roads":{"area":1517.84,"pct":3.74}},"id":"hex:2233:17417"},"type":"Feature"},{"geometry":{"coordinates":[[[-117.87995,34.07856],[-117.88063,34.07953],[-117.88199,34.07952],[-117.88266,34.07854],[-117.88197,34.07757],[-117.88061,34.07758],[-117.87995,34.07856]]],"type":"Polygon"},"properties":{"bbox":{"parking":{"area":70.59,"pct":0.17},"roads":{"area":10058.93,"pct":24.78}},"city":{"parking":{"area":70.59,"pct":0.17},"roads":{"area":5307.39,"pct":13.07}},"id":"hex:2233:17418"},"type":"Feature"},{"geometry":{"coordinates":[[[-117.87997,34.08051],[-117.88065,34.08148],[-117.88201,34.08147],[-117.88268,34.08049],[-117.88199,34.07952],[-117.88063,34.07953],[-117.87997,34.08051]]],"type":"Polygon"},"properties":{"bbox":{"roads":{"area":7632.82,"pct":18.8}},"city":{"roads":{"area":4728.24,"pct":11.65}},"id":"hex:2233:17419"},"type":"Feature"},{"geometry":{"coordinates":[[[-117.87999,34.08246],[-117.88067,34.08344],[-117.88203,34.08343],[-117.8827,34.08244],[-117.88201,34.08147],[-117.88065,34.08148],[-117.87999,34.08246]]],"type":"Polygon"},"properties":{"bbox":{"roads":{"area":7959.1,"pct":19.61}},"city":{"roads":{"area":4746.47,"pct":11.69}},"id":"hex:2233:17420"},"type":"Feature"},{"geometry":{"coordinates":[[[-117.88001,34.08442],[-117.88069,34.08539],[-117.88205,34.08538],[-117.88272,34.0844],[-117.88203,34.08343],[-117.88067,34.08344],[-117.88001,34.08442]]],"type":"Polygon"},"properties":{"bbox":{"roads":{"area":5069.35,"pct":12.49}},"city":{"roads":{"area":1967.8,"pct":4.85}},"id":"hex:2233:17421"},"type":"Feature"},{"geometry":{"coordinates":[[[-117.88003,34.08637],[-117.88072,34.08734],[-117.88207,34.08733],[-117.88274,34.08635],[-117.88205,34.08538],[-117.88069,34.08539],[-117.88003,34.08637]]],"type":"Polygon"},"properties":{"bbox":{"roads":{"area":10059.79,"pct":24.78}},"city":{"roads":{"area":7048,"pct":17.36}},"id":"hex:2233:17422"},"type":"Feature"},{"geometry":{"coordinates":[[[-117.88005,34.08832],[-117.88074,34.08929],[-117.88209,34.08928],[-117.88276,34.0883],[-117.88207,34.08733],[-117.88072,34.08734],[-117.88005,34.08832]]],"type":"Polygon"},"properties":{"bbox":{"roads":{"area":6215.21,"pct":15.31}},"city":{"roads":{"area":3241.95,"pct":7.99}},"id":"hex:2233:17423"},"type":"Feature"},{"geometry":{"coordinates":[[[-117.88007,34.09027],[-117.88076,34.09124],[-117.88211,34.09124],[-117.88278,34.09025],[-117.88209,34.08928],[-117.88074,34.08929],[-117.88007,34.09027]]],"type":"Polygon"},"properties":{"bbox":{"roads":{"area":8209.3,"pct":20.22}},"city":{"roads":{"area":3649.91,"pct":8.99}},"id":"hex:2233:17424"},"type":"Feature"},{"geometry":{"coordinates":[[[-117.88009,34.09223],[-117.88078,34.0932],[-117.88213,34.09319],[-117.8828,34.09221],[-117.88211,34.09124],[-117.88076,34.09124],[-117.88009,34.09223]]],"type":"Polygon"},"properties":{"bbox":{"roads":{"area":6483.85,"pct":15.97}},"city":{"roads":{"area":3162.82,"pct":7.79}},"id":"hex:2233:17425"},"type":"Feature"},{"geometry":{"coordinates":[[[-117.88011,34.09418],[-117.8808,34.09515],[-117.88215,34.09514],[-117.88282,34.09416],[-117.88213,34.09319],[-117.88078,34.0932],[-117.88011,34.09418]]],"type":"Polygon"},"properties":{"bbox":{"parking":{"area":2404.63,"pct":5.92},"roads":{"area":6017.92,"pct":14.82}},"city":{"parking":{"area":2404.63,"pct":5.92},"roads":{"area":2929.37,"pct":7.22}},"id":"hex:2233:17426"},"type":"Feature"},{"geometry":{"coordinates":[[[-117.88013,34.09613],[-117.88082,34.0971],[-117.88217,34.09709],[-117.88284,34.09611],[-117.88215,34.09514],[-117.8808,34.09515],[-117.88013,34.09613]]],"type":"Polygon"},"properties":{"bbox":{"roads":{"area":6948.47,"pct":17.12}},"city":{"roads":{"area":1304.15,"pct":3.21}},"id":"hex:2233:17427"},"type":"Feature"},{"geometry":{"coordinates":[[[-117.88015,34.09808],[-117.88084,34.09905],[-117.88219,34.09904],[-117.88286,34.09806],[-117.88217,34.09709],[-117.88082,34.0971],[-117.88015,34.09808]]],"type":"Polygon"},"properties":{"bbox":{"roads":{"area":6764.61,"pct":16.66}},"city":{"roads":{"area":3541.89,"pct":8.72}},"id":"hex:2233:17428"},"type":"Feature"},{"geometry":{"coordinates":[[[-117.88017,34.10004],[-117.88086,34.10101],[-117.88221,34.101],[-117.88288,34.10002],[-117.88219,34.09904],[-117.88084,34.09905],[-117.88017,34.10004]]],"type":"Polygon"},"properties":{"bbox":{"roads":{"area":6745.51,"pct":16.62}},"city":{"roads":{"area":3225.66,"pct":7.95}},"id":"hex:2233:17429"},"type":"Feature"},{"geometry":{"coordinates":[[[-117.88019,34.10199],[-117.88088,34.10296],[-117.88223,34.10295],[-117.8829,34.10197],[-117.88221,34.101],[-117.88086,34.10101],[-117.88019,34.10199]]],"type":"Polygon"},"properties":{"bbox":{"roads":{"area":7597.71,"pct":18.72}},"city":{"roads":{"area":3694.22,"pct":9.1}},"id":"hex:2233:17430"},"type":"Feature"},{"geometry":{"coordinates":[[[-117.88225,34.1049],[-117.8809,34.10491],[-117.88021,34.10394],[-117.88088,34.10296],[-117.88223,34.10295],[-117.88246,34.10327],[-117.88242,34.10337],[-117.88239,34.10426],[-117.88251,34.10442],[-117.88258,34.10442],[-117.88225,34.1049]]],"type":"Polygon"},"properties":{"bbox":{"roads":{"area":6264.45,"pct":16.91},"sidewalks":{"area":87.77,"pct":0.24}},"city":{"roads":{"area":2703.55,"pct":7.3},"sidewalks":{"area":87.77,"pct":0.24}},"id":"hex:2233:17431"},"type":"Feature"},{"geometry":{"coordinates":[[[-117.8809,34.10491],[-117.88225,34.1049],[-117.88234,34.10502],[-117.8821,34.10513],[-117.88191,34.10528],[-117.88197,34.10564],[-117.88199,34.1061],[-117.88162,34.10613],[-117.88165,34.10559],[-117.88073,34.1056],[-117.88074,34.10542],[-117.88073,34.10542],[-117.88055,34.10542],[-117.8809,34.10491]]],"type":"Polygon"},"properties":{"bbox":{"roads":{"area":1331.66,"pct":11.95}},"city":{"roads":{"area":236.83,"pct":2.12}},"id":"hex:2233:17432"},"type":"Feature"},{"geometry":{"coordinates":[[[-117.88057,34.07367],[-117.87991,34.07465],[-117.87855,34.07466],[-117.87786,34.07369],[-117.87799,34.07351],[-117.88049,34.07355],[-117.88057,34.07367]]],"type":"Polygon"},"properties":{"bbox":{"parking":{"area":176,"pct":0.72},"roads":{"area":1108.86,"pct":4.57}},"city_same":1,"id":"hex:2234:17416"},"type":"Feature"},{"geometry":{"coordinates":[[[-117.87788,34.07565],[-117.87857,34.07662],[-117.87993,34.07661],[-117.88059,34.07563],[-117.87991,34.07465],[-117.87855,34.07466],[-117.87788,34.07565]]],"type":"Polygon"},"properties":{"bbox":{"roads":{"area":5535.3,"pct":13.64}},"city_same":1,"id":"hex:2234:17417"},"type":"Feature"},{"geometry":{"coordinates":[[[-117.8779,34.0776],[-117.87859,34.07857],[-117.87995,34.07856],[-117.88061,34.07758],[-117.87993,34.07661],[-117.87857,34.07662],[-117.8779,34.0776]]],"type":"Polygon"},"properties":{"bbox":{"roads":{"area":2654.06,"pct":6.54}},"city_same":1,"id":"hex:2234:17418"},"type":"Feature"},{"geometry":{"coordinates":[[[-117.87792,34.07955],[-117.87861,34.08052],[-117.87997,34.08051],[-117.88063,34.07953],[-117.87995,34.07856],[-117.87859,34.07857],[-117.87792,34.07955]]],"type":"Polygon"},"properties":{"bbox":{"roads":{"area":4397.76,"pct":10.83}},"city":{"roads":{"area":3131.95,"pct":7.72}},"id":"hex:2234:17419"},"type":"Feature"},{"geometry":{"coordinates":[[[-117.87795,34.0815],[-117.87863,34.08247],[-117.87999,34.08246],[-117.88065,34.08148],[-117.87997,34.08051],[-117.87861,34.08052],[-117.87795,34.0815]]],"type":"Polygon"},"properties":{"bbox":{"roads":{"area":2670.01,"pct":6.58}},"city_same":1,"id":"hex:2234:17420"},"type":"Feature"},{"geometry":{"coordinates":[[[-117.87797,34.08345],[-117.87865,34.08443],[-117.88001,34.08442],[-117.88067,34.08344],[-117.87999,34.08246],[-117.87863,34.08247],[-117.87797,34.08345]]],"type":"Polygon"},"properties":{"bbox":{"roads":{"area":5169.1,"pct":12.73}},"city_same":1,"id":"hex:2234:17421"},"type":"Feature"},{"geometry":{"coordinates":[[[-117.87799,34.08541],[-117.87867,34.08638],[-117.88003,34.08637],[-117.88069,34.08539],[-117.88001,34.08442],[-117.87865,34.08443],[-117.87799,34.08541]]],"type":"Polygon"},"properties":{"bbox":{"roads":{"area":5001.65,"pct":12.32}},"city_same":1,"id":"hex:2234:17422"},"type":"Feature"},{"geometry":{"coordinates":[[[-117.87801,34.08736],[-117.87869,34.08833],[-117.88005,34.08832],[-117.88072,34.08734],[-117.88003,34.08637],[-117.87867,34.08638],[-117.87801,34.08736]]],"type":"Polygon"},"properties":{"bbox":{"roads":{"area":4882.35,"pct":12.03}},"city_same":1,"id":"hex:2234:17423"},"type":"Feature"},{"geometry":{"coordinates":[[[-117.87803,34.08931],[-117.87871,34.09028],[-117.88007,34.09027],[-117.88074,34.08929],[-117.88005,34.08832],[-117.87869,34.08833],[-117.87803,34.08931]]],"type":"Polygon"},"properties":{"bbox":{"roads":{"area":2755.12,"pct":6.79}},"city_same":1,"id":"hex:2234:17424"},"type":"Feature"},{"geometry":{"coordinates":[[[-117.87805,34.09126],[-117.87873,34.09224],[-117.88009,34.09223],[-117.88076,34.09124],[-117.88007,34.09027],[-117.87871,34.09028],[-117.87805,34.09126]]],"type":"Polygon"},"properties":{"bbox":{"roads":{"area":4487.43,"pct":11.05}},"city":{"roads":{"area":2907.63,"pct":7.16}},"id":"hex:2234:17425"},"type":"Feature"},{"geometry":{"coordinates":[[[-117.87807,34.09322],[-117.87875,34.09419],[-117.88011,34.09418],[-117.88078,34.0932],[-117.88009,34.09223],[-117.87873,34.09224],[-117.87807,34.09322]]],"type":"Polygon"},"properties":{"bbox":{"roads":{"area":4833.94,"pct":11.91}},"city_same":1,"id":"hex:2234:17426"},"type":"Feature"},{"geometry":{"coordinates":[[[-117.87809,34.09517],[-117.87877,34.09614],[-117.88013,34.09613],[-117.8808,34.09515],[-117.88011,34.09418],[-117.87875,34.09419],[-117.87809,34.09517]]],"type":"Polygon"},"properties":{"bbox":{"roads":{"area":4587.77,"pct":11.3}},"city":{"roads":{"area":3234.65,"pct":7.97}},"id":"hex:2234:17427"},"type":"Feature"},{"geometry":{"coordinates":[[[-117.87811,34.09712],[-117.87879,34.09809],[-117.88015,34.09808],[-117.88082,34.0971],[-117.88013,34.09613],[-117.87877,34.09614],[-117.87811,34.09712]]],"type":"Polygon"},"properties":{"bbox":{"roads":{"area":3320.79,"pct":8.18}},"city_same":1,"id":"hex:2234:17428"},"type":"Feature"},{"geometry":{"coordinates":[[[-117.87813,34.09907],[-117.87881,34.10005],[-117.88017,34.10004],[-117.88084,34.09905],[-117.88015,34.09808],[-117.87879,34.09809],[-117.87813,34.09907]]],"type":"Polygon"},"properties":{"bbox":{"roads":{"area":4377.55,"pct":10.78}},"city":{"roads":{"area":3634.83,"pct":8.95}},"id":"hex:2234:17429"},"type":"Feature"},{"geometry":{"coordinates":[[[-117.87815,34.10103],[-117.87883,34.102],[-117.88019,34.10199],[-117.88086,34.10101],[-117.88017,34.10004],[-117.87881,34.10005],[-117.87815,34.10103]]],"type":"Polygon"},"properties":{"bbox":{"roads":{"area":1204.71,"pct":2.97}},"city_same":1,"id":"hex:2234:17430"},"type":"Feature"},{"geometry":{"coordinates":[[[-117.87817,34.10298],[-117.87885,34.10395],[-117.88021,34.10394],[-117.88088,34.10296],[-117.88019,34.10199],[-117.87883,34.102],[-117.87817,34.10298]]],"type":"Polygon"},"properties":{"bbox":{"roads":{"area":3680.43,"pct":9.07},"sidewalks":{"area":340.55,"pct":0.84}},"city_same":1,"id":"hex:2234:17431"},"type":"Feature"},{"geometry":{"coordinates":[[[-117.87819,34.10493],[-117.87885,34.10395],[-117.88021,34.10394],[-117.8809,34.10491],[-117.88055,34.10542],[-117.87852,34.1054],[-117.87819,34.10493]]],"type":"Polygon"},"properties":{"bbox":{"roads":{"area":2630.19,"pct":8.19}},"city_same":1,"id":"hex:2234:17432"},"type":"Feature"},{"geometry":{"coordinates":[[[-117.87637,34.07351],[-117.87746,34.0735],[-117.87799,34.07351],[-117.87786,34.07369],[-117.87692,34.0737],[-117.87692,34.07368],[-117.87681,34.07362],[-117.87655,34.0736],[-117.87644,34.07361],[-117.87637,34.07351]]],"type":"Polygon"},"properties":{"bbox":{"roads":{"area":39.87,"pct":1.58}},"city_same":1,"id":"hex:2235:17415"},"type":"Feature"},{"geometry":{"coordinates":[[[-117.87786,34.07369],[-117.87855,34.07466],[-117.87788,34.07565],[-117.87653,34.07565],[-117.87584,34.07468],[-117.87629,34.07402],[-117.8765,34.07401],[-117.87667,34.07397],[-117.8768,34.07391],[-117.87688,34.07384],[-117.87693,34.07375],[-117.87692,34.0737],[-117.87786,34.07369]]],"type":"Polygon"},"properties":{"bbox":{"roads":{"area":6583.99,"pct":16.76}},"city_same":1,"id":"hex:2235:17416"},"type":"Feature"},{"geometry":{"coordinates":[[[-117.87586,34.07664],[-117.87653,34.07565],[-117.87788,34.07565],[-117.87857,34.07662],[-117.8779,34.0776],[-117.8766,34.07761],[-117.8766,34.07744],[-117.87663,34.07744],[-117.87653,34.07698],[-117.87612,34.077],[-117.87586,34.07664]]],"type":"Polygon"},"properties":{"bbox":{"roads":{"area":3005.09,"pct":7.71}},"city_same":1,"id":"hex:2235:17417"},"type":"Feature"},{"geometry":{"coordinates":[[[-117.8779,34.0776],[-117.87859,34.07857],[-117.87792,34.07955],[-117.87657,34.07956],[-117.87609,34.07889],[-117.87642,34.07889],[-117.87641,34.07856],[-117.87635,34.07856],[-117.87633,34.07848],[-117.87598,34.07845],[-117.87637,34.07788],[-117.87661,34.07786],[-117.8766,34.07761],[-117.8779,34.0776]]],"type":"Polygon"},"properties":{"bbox":{"roads":{"area":3258.42,"pct":8.49}},"city":{"roads":{"area":1725.62,"pct":4.5}},"id":"hex:2235:17418"},"type":"Feature"},{"geometry":{"coordinates":[[[-117.8759,34.08054],[-117.87659,34.08151],[-117.87795,34.0815],[-117.87861,34.08052],[-117.87792,34.07955],[-117.87657,34.07956],[-117.8759,34.08054]]],"type":"Polygon"},"properties":{"bbox":{"roads":{"area":3699.02,"pct":9.11}},"city_same":1,"id":"hex:2235:17419"},"type":"Feature"},{"geometry":{"coordinates":[[[-117.87592,34.08249],[-117.87661,34.08346],[-117.87797,34.08345],[-117.87863,34.08247],[-117.87795,34.0815],[-117.87659,34.08151],[-117.87592,34.08249]]],"type":"Polygon"},"properties":{"bbox":{"roads":{"area":4912.28,"pct":12.1}},"city_same":1,"id":"hex:2235:17420"},"type":"Feature"},{"geometry":{"coordinates":[[[-117.87594,34.08445],[-117.87663,34.08542],[-117.87799,34.08541],[-117.87865,34.08443],[-117.87797,34.08345],[-117.87661,34.08346],[-117.87594,34.08445]]],"type":"Polygon"},"properties":{"bbox":{"roads":{"area":3377.22,"pct":8.32}},"city_same":1,"id":"hex:2235:17421"},"type":"Feature"},{"geometry":{"coordinates":[[[-117.87596,34.0864],[-117.87665,34.08737],[-117.87801,34.08736],[-117.87867,34.08638],[-117.87799,34.08541],[-117.87663,34.08542],[-117.87596,34.0864]]],"type":"Polygon"},"properties":{"bbox":{"roads":{"area":5994.62,"pct":14.77}},"city_same":1,"id":"hex:2235:17422"},"type":"Feature"},{"geometry":{"coordinates":[[[-117.87598,34.08835],[-117.87667,34.08932],[-117.87803,34.08931],[-117.87869,34.08833],[-117.87801,34.08736],[-117.87665,34.08737],[-117.87598,34.08835]]],"type":"Polygon"},"properties":{"bbox":{"roads":{"area":4041.35,"pct":9.96}},"city_same":1,"id":"hex:2235:17423"},"type":"Feature"},{"geometry":{"coordinates":[[[-117.876,34.0903],[-117.87669,34.09127],[-117.87805,34.09126],[-117.87871,34.09028],[-117.87803,34.08931],[-117.87667,34.08932],[-117.876,34.0903]]],"type":"Polygon"},"properties":{"bbox":{"roads":{"area":4947.39,"pct":12.19}},"city":{"roads":{"area":3770.21,"pct":9.29}},"id":"hex:2235:17424"},"type":"Feature"},{"geometry":{"coordinates":[[[-117.87602,34.09226],[-117.87671,34.09323],[-117.87807,34.09322],[-117.87873,34.09224],[-117.87805,34.09126],[-117.87669,34.09127],[-117.87602,34.09226]]],"type":"Polygon"},"properties":{"bbox":{"roads":{"area":2448.24,"pct":6.03}},"city_same":1,"id":"hex:2235:17425"},"type":"Feature"},{"geometry":{"coordinates":[[[-117.87671,34.09323],[-117.87807,34.09322],[-117.87875,34.09419],[-117.87809,34.09517],[-117.87673,34.09518],[-117.87639,34.0947],[-117.87639,34.09421],[-117.87637,34.09373],[-117.87671,34.09323]]],"type":"Polygon"},"properties":{"bbox":{"roads":{"area":3806.31,"pct":9.79}},"city_same":1,"id":"hex:2235:17426"},"type":"Feature"},{"geometry":{"coordinates":[[[-117.87673,34.09518],[-117.87809,34.09517],[-117.87877,34.09614],[-117.87811,34.09712],[-117.87675,34.09713],[-117.87606,34.09616],[-117.87636,34.09572],[-117.87639,34.09572],[-117.87639,34.09568],[-117.87673,34.09518]]],"type":"Polygon"},"properties":{"bbox":{"roads":{"area":3808.73,"pct":9.38}},"city":{"roads":{"area":2322.61,"pct":5.72}},"id":"hex:2235:17427"},"type":"Feature"},{"geometry":{"coordinates":[[[-117.87608,34.09811],[-117.87677,34.09908],[-117.87813,34.09907],[-117.87879,34.09809],[-117.87811,34.09712],[-117.87675,34.09713],[-117.87608,34.09811]]],"type":"Polygon"},"properties":{"bbox":{"roads":{"area":2749.95,"pct":6.77}},"city_same":1,"id":"hex:2235:17428"},"type":"Feature"},{"geometry":{"coordinates":[[[-117.87677,34.09908],[-117.87813,34.09907],[-117.87881,34.10005],[-117.87815,34.10103],[-117.87738,34.10103],[-117.8774,34.09942],[-117.87654,34.09943],[-117.87677,34.09908]]],"type":"Polygon"},"properties":{"bbox":{"roads":{"area":1718.26,"pct":7.08}},"city":{"roads":{"area":582.26,"pct":2.4}},"id":"hex:2235:17429"},"type":"Feature"},{"geometry":{"coordinates":[[[-117.87815,34.10103],[-117.87883,34.102],[-117.87817,34.10298],[-117.87736,34.10298],[-117.87738,34.10103],[-117.87815,34.10103]]],"type":"Polygon"},"properties":{"bbox":{"roads":{"area":1311.59,"pct":5.85}},"city_same":1,"id":"hex:2235:17430"},"type":"Feature"},{"geometry":{"coordinates":[[[-117.87817,34.10298],[-117.87885,34.10395],[-117.87819,34.10493],[-117.87683,34.10494],[-117.87614,34.10397],[-117.87677,34.10304],[-117.87736,34.10306],[-117.87736,34.10298],[-117.87817,34.10298]]],"type":"Polygon"},"properties":{"bbox":{"roads":{"area":4437.65,"pct":11.04},"sidewalks":{"area":221.85,"pct":0.55}},"city_same":1,"id":"hex:2235:17431"},"type":"Feature"},{"geometry":{"coordinates":[[[-117.87683,34.10494],[-117.87819,34.10493],[-117.87852,34.1054],[-117.87776,34.10539],[-117.87776,34.1057],[-117.87746,34.10565],[-117.87721,34.10563],[-117.87698,34.10562],[-117.87668,34.10563],[-117.87639,34.10567],[-117.87633,34.10568],[-117.87683,34.10494]]],"type":"Polygon"},"properties":{"bbox":{"roads":{"area":2561.32,"pct":22.67}},"city_same":1,"id":"hex:2235:17432"},"type":"Feature"},{"geometry":{"coordinates":[[[[-117.87398,34.07397],[-117.87415,34.0738],[-117.87438,34.07355],[-117.87445,34.07351],[-117.87637,34.07351],[-117.87644,34.07361],[-117.87578,34.07363],[-117.87509,34.07363],[-117.87483,34.07368],[-117.87466,34.07373],[-117.8745,34.07387],[-117.87426,34.07411],[-117.87414,34.0742],[-117.87398,34.07397]]],[[[-117.87584,34.07468],[-117.87449,34.07469],[-117.87442,34.0746],[-117.87469,34.07436],[-117.87487,34.07424],[-117.87506,34.07414],[-117.87525,34.07408],[-117.87543,34.07405],[-117.87606,34.07403],[-117.87629,34.07402],[-117.87584,34.07468]]]],"type":"MultiPolygon"},"properties":{"bbox":{"roads":{"area":725.45,"pct":5.45}},"city_same":1,"id":"hex:2236:17416"},"type":"Feature"},{"geometry":{"coordinates":[[[-117.87382,34.07567],[-117.87451,34.07665],[-117.87586,34.07664],[-117.87653,34.07565],[-117.87584,34.07468],[-117.87449,34.07469],[-117.87382,34.07567]]],"type":"Polygon"},"properties":{"bbox":{"roads":{"area":3302.01,"pct":8.13}},"city_same":1,"id":"hex:2236:17417"},"type":"Feature"},{"geometry":{"coordinates":[[[[-117.87384,34.07763],[-117.87451,34.07665],[-117.87586,34.07664],[-117.87612,34.077],[-117.87584,34.07702],[-117.87443,34.0771],[-117.87448,34.0775],[-117.87451,34.07789],[-117.87451,34.07857],[-117.87384,34.07763]]],[[[-117.87598,34.07845],[-117.87595,34.07844],[-117.87597,34.07791],[-117.87637,34.07788],[-117.87598,34.07845]]]],"type":"MultiPolygon"},"properties":{"bbox":{"roads":{"area":998.06,"pct":7.27}},"city_same":1,"id":"hex:2236:17418"},"type":"Feature"},{"geometry":{"coordinates":[[[[-117.87657,34.07956],[-117.8759,34.08054],[-117.87464,34.08055],[-117.87465,34.07949],[-117.87438,34.07946],[-117.8744,34.07942],[-117.87446,34.07929],[-117.8745,34.07888],[-117.87488,34.07888],[-117.87609,34.07889],[-117.87657,34.07956]]],[[[-117.87451,34.07863],[-117.87451,34.0787],[-117.87445,34.07871],[-117.87451,34.07863]]]],"type":"MultiPolygon"},"properties":{"bbox":{"roads":{"area":2330.38,"pct":8.09}},"city":{"roads":{"area":1611.69,"pct":5.6}},"id":"hex:2236:17419"},"type":"Feature"},{"geometry":{"coordinates":[[[-117.8759,34.08054],[-117.87659,34.08151],[-117.87592,34.08249],[-117.87463,34.0825],[-117.87464,34.08055],[-117.8759,34.08054]]],"type":"Polygon"},"properties":{"bbox":{"roads":{"area":2123.71,"pct":6.58}},"city_same":1,"id":"hex:2236:17420"},"type":"Feature"},{"geometry":{"coordinates":[[[-117.87592,34.08249],[-117.87661,34.08346],[-117.87594,34.08445],[-117.87459,34.08446],[-117.8739,34.08348],[-117.87456,34.08251],[-117.87463,34.08251],[-117.87463,34.0825],[-117.87592,34.08249]]],"type":"Polygon"},"properties":{"bbox":{"roads":{"area":2642.92,"pct":6.51}},"city_same":1,"id":"hex:2236:17421"},"type":"Feature"},{"geometry":{"coordinates":[[[-117.87392,34.08544],[-117.87461,34.08641],[-117.87596,34.0864],[-117.87663,34.08542],[-117.87594,34.08445],[-117.87459,34.08446],[-117.87392,34.08544]]],"type":"Polygon"},"properties":{"bbox":{"roads":{"area":6109.96,"pct":15.05}},"city_same":1,"id":"hex:2236:17422"},"type":"Feature"},{"geometry":{"coordinates":[[[-117.87394,34.08739],[-117.87463,34.08836],[-117.87598,34.08835],[-117.87665,34.08737],[-117.87596,34.0864],[-117.87461,34.08641],[-117.87394,34.08739]]],"type":"Polygon"},"properties":{"bbox":{"roads":{"area":3302.59,"pct":8.14}},"city_same":1,"id":"hex:2236:17423"},"type":"Feature"},{"geometry":{"coordinates":[[[-117.87396,34.08934],[-117.87465,34.09031],[-117.876,34.0903],[-117.87667,34.08932],[-117.87598,34.08835],[-117.87463,34.08836],[-117.87396,34.08934]]],"type":"Polygon"},"properties":{"bbox":{"roads":{"area":2715.35,"pct":6.69}},"city_same":1,"id":"hex:2236:17424"},"type":"Feature"},{"geometry":{"coordinates":[[[-117.87398,34.09129],[-117.87467,34.09226],[-117.87602,34.09226],[-117.87669,34.09127],[-117.876,34.0903],[-117.87465,34.09031],[-117.87398,34.09129]]],"type":"Polygon"},"properties":{"bbox":{"roads":{"area":5076.03,"pct":12.5}},"city":{"roads":{"area":3318.96,"pct":8.18}},"id":"hex:2236:17425"},"type":"Feature"},{"geometry":{"coordinates":[[[-117.874,34.09325],[-117.87467,34.09226],[-117.87602,34.09226],[-117.87671,34.09323],[-117.87637,34.09373],[-117.87635,34.09348],[-117.87421,34.09355],[-117.874,34.09325]]],"type":"Polygon"},"properties":{"bbox":{"roads":{"area":2726.88,"pct":9.86}},"city_same":1,"id":"hex:2236:17426"},"type":"Feature"},{"geometry":{"coordinates":[[[[-117.87606,34.09616],[-117.87471,34.09617],[-117.87439,34.09572],[-117.87493,34.09572],[-117.87583,34.09572],[-117.87636,34.09572],[-117.87606,34.09616]]],[[[-117.87673,34.09518],[-117.87639,34.09568],[-117.87639,34.0947],[-117.87673,34.09518]]]],"type":"MultiPolygon"},"properties":{"bbox":{"roads":{"area":1054.68,"pct":11.45}},"city":{"roads":{"area":320.37,"pct":3.48}},"id":"hex:2236:17427"},"type":"Feature"},{"geometry":{"coordinates":[[[-117.87404,34.09715],[-117.87473,34.09812],[-117.87608,34.09811],[-117.87675,34.09713],[-117.87606,34.09616],[-117.87471,34.09617],[-117.87404,34.09715]]],"type":"Polygon"},"properties":{"bbox":{"roads":{"area":3146.82,"pct":7.75}},"city_same":1,"id":"hex:2236:17428"},"type":"Feature"},{"geometry":{"coordinates":[[[-117.87406,34.0991],[-117.87473,34.09812],[-117.87608,34.09811],[-117.87677,34.09908],[-117.87654,34.09943],[-117.87552,34.09943],[-117.87503,34.09944],[-117.87457,34.09944],[-117.8743,34.09944],[-117.87406,34.0991]]],"type":"Polygon"},"properties":{"bbox":{"roads":{"area":2738.09,"pct":9.47}},"city":{"roads":{"area":1495.04,"pct":5.17}},"id":"hex:2236:17429"},"type":"Feature"},{"geometry":{"coordinates":[[[-117.87614,34.10397],[-117.87479,34.10398],[-117.87414,34.10307],[-117.87459,34.10306],[-117.87502,34.10306],[-117.8756,34.10305],[-117.87646,34.10303],[-117.87664,34.10304],[-117.87677,34.10304],[-117.87614,34.10397]]],"type":"Polygon"},"properties":{"bbox":{"roads":{"area":2455.44,"pct":13.05},"sidewalks":{"area":349.03,"pct":1.85}},"city_same":1,"id":"hex:2236:17431"},"type":"Feature"},{"geometry":{"coordinates":[[[-117.87481,34.10593],[-117.87412,34.10496],[-117.87479,34.10398],[-117.87614,34.10397],[-117.87683,34.10494],[-117.87633,34.10568],[-117.87495,34.10593],[-117.87481,34.10593]]],"type":"Polygon"},"properties":{"bbox":{"roads":{"area":6145.25,"pct":15.71}},"city_same":1,"id":"hex:2236:17432"},"type":"Feature"},{"geometry":{"coordinates":[[[[-117.87247,34.07568],[-117.87206,34.07511],[-117.87206,34.07511],[-117.87229,34.07501],[-117.87279,34.07474],[-117.87312,34.07457],[-117.87343,34.07438],[-117.87368,34.07421],[-117.87396,34.07398],[-117.87398,34.07397],[-117.87414,34.0742],[-117.87391,34.07439],[-117.87349,34.07471],[-117.8732,34.07487],[-117.8731,34.07492],[-117.87304,34.075],[-117.873,34.07508],[-117.87298,34.07527],[-117.87294,34.0756],[-117.87294,34.07568],[-117.87247,34.07568]]],[[[-117.87449,34.07469],[-117.87382,34.07567],[-117.8736,34.07568],[-117.8736,34.07567],[-117.87365,34.07559],[-117.87381,34.07545],[-117.87397,34.0753],[-117.87413,34.07513],[-117.87423,34.075],[-117.8743,34.07485],[-117.87433,34.07473],[-117.87441,34.07461],[-117.87442,34.0746],[-117.87449,34.07469]]]],"type":"MultiPolygon"},"properties":{"bbox":{"roads":{"area":1606.02,"pct":13.89}},"city_same":1,"id":"hex:2237:17416"},"type":"Feature"},{"geometry":{"coordinates":[[[-117.87382,34.07567],[-117.87451,34.07665],[-117.87384,34.07763],[-117.87249,34.07764],[-117.8718,34.07666],[-117.87247,34.07568],[-117.87294,34.07568],[-117.87294,34.07583],[-117.87298,34.0762],[-117.87299,34.07631],[-117.87305,34.07636],[-117.87315,34.07638],[-117.87329,34.07633],[-117.87339,34.07627],[-117.87348,34.07614],[-117.87354,34.07598],[-117.87358,34.07581],[-117.8736,34.07568],[-117.87382,34.07567]]],"type":"Polygon"},"properties":{"bbox":{"roads":{"area":4207.09,"pct":11.42}},"city_same":1,"id":"hex:2237:17417"},"type":"Feature"},{"geometry":{"coordinates":[[[-117.87182,34.07862],[-117.87249,34.07764],[-117.87384,34.07763],[-117.87451,34.07857],[-117.87451,34.07863],[-117.87445,34.07871],[-117.87415,34.07872],[-117.87393,34.07874],[-117.8739,34.07888],[-117.87383,34.07888],[-117.87257,34.07887],[-117.87243,34.07886],[-117.87243,34.07948],[-117.87182,34.07862]]],"type":"Polygon"},"properties":{"bbox":{"roads":{"area":4970.38,"pct":17.89}},"city":{"roads":{"area":4125.2,"pct":14.85}},"id":"hex:2237:17418"},"type":"Feature"},{"geometry":{"coordinates":[[[-117.87184,34.08057],[-117.87243,34.0797],[-117.87243,34.07979],[-117.87243,34.0807],[-117.87239,34.08097],[-117.87213,34.08098],[-117.87184,34.08057]]],"type":"Polygon"},"properties":{"bbox":{"roads":{"area":713.24,"pct":16.02}},"city_same":1,"id":"hex:2237:17419"},"type":"Feature"},{"geometry":{"coordinates":[[[[-117.8739,34.08348],[-117.87255,34.08349],[-117.87244,34.08335],[-117.87246,34.08258],[-117.87245,34.0825],[-117.87259,34.0825],[-117.87401,34.08252],[-117.87432,34.08251],[-117.87456,34.08251],[-117.8739,34.08348]]],[[[-117.87241,34.08172],[-117.87244,34.08171],[-117.87244,34.08181],[-117.87248,34.08249],[-117.87188,34.08249],[-117.87241,34.08172]]]],"type":"MultiPolygon"},"properties":{"bbox":{"roads":{"area":3546.36,"pct":17.55}},"city_same":1,"id":"hex:2237:17420"},"type":"Feature"},{"geometry":{"coordinates":[[[-117.87255,34.08349],[-117.8739,34.08348],[-117.87459,34.08446],[-117.87392,34.08544],[-117.87257,34.08545],[-117.87188,34.08447],[-117.8723,34.08385],[-117.87245,34.08385],[-117.87245,34.08363],[-117.87255,34.08349]]],"type":"Polygon"},"properties":{"bbox":{"parking":{"area":368.93,"pct":0.91},"roads":{"area":4975.95,"pct":12.3}},"city_same":1,"id":"hex:2237:17421"},"type":"Feature"},{"geometry":{"coordinates":[[[-117.8719,34.08643],[-117.87259,34.0874],[-117.87394,34.08739],[-117.87461,34.08641],[-117.87392,34.08544],[-117.87257,34.08545],[-117.8719,34.08643]]],"type":"Polygon"},"properties":{"bbox":{"roads":{"area":10314.84,"pct":25.41}},"city":{"roads":{"area":8350.72,"pct":20.57}},"id":"hex:2237:17422"},"type":"Feature"},{"geometry":{"coordinates":[[[-117.87192,34.08838],[-117.87261,34.08935],[-117.87396,34.08934],[-117.87463,34.08836],[-117.87394,34.08739],[-117.87259,34.0874],[-117.87192,34.08838]]],"type":"Polygon"},"properties":{"bbox":{"roads":{"area":6199.32,"pct":15.27}},"city":{"roads":{"area":3190.15,"pct":7.86}},"id":"hex:2237:17423"},"type":"Feature"},{"geometry":{"coordinates":[[[-117.87194,34.09033],[-117.87263,34.0913],[-117.87398,34.09129],[-117.87465,34.09031],[-117.87396,34.08934],[-117.87261,34.08935],[-117.87194,34.09033]]],"type":"Polygon"},"properties":{"bbox":{"roads":{"area":5415.85,"pct":13.34}},"city":{"roads":{"area":2118.65,"pct":5.22}},"id":"hex:2237:17424"},"type":"Feature"},{"geometry":{"coordinates":[[[-117.87196,34.09228],[-117.87265,34.09326],[-117.874,34.09325],[-117.87467,34.09226],[-117.87398,34.09129],[-117.87263,34.0913],[-117.87196,34.09228]]],"type":"Polygon"},"properties":{"bbox":{"parking":{"area":98.7,"pct":0.24},"roads":{"area":8326.43,"pct":20.51}},"city":{"parking":{"area":98.7,"pct":0.24},"roads":{"area":4581.96,"pct":11.29}},"id":"hex:2237:17425"},"type":"Feature"},{"geometry":{"coordinates":[[[-117.87198,34.09424],[-117.87265,34.09326],[-117.874,34.09325],[-117.87421,34.09355],[-117.87294,34.09359],[-117.87292,34.09399],[-117.87246,34.094],[-117.87246,34.09492],[-117.87198,34.09424]]],"type":"Polygon"},"properties":{"bbox":{"roads":{"area":2626.12,"pct":24.74}},"city":{"roads":{"area":1529.38,"pct":14.41}},"id":"hex:2237:17426"},"type":"Feature"},{"geometry":{"coordinates":[[[-117.87471,34.09617],[-117.87404,34.09715],[-117.87269,34.09716],[-117.87247,34.09686],[-117.87246,34.09573],[-117.8735,34.09573],[-117.87439,34.09572],[-117.87471,34.09617]]],"type":"Polygon"},"properties":{"bbox":{"roads":{"area":4815.66,"pct":16.99}},"city":{"roads":{"area":2159.03,"pct":7.62}},"id":"hex:2237:17427"},"type":"Feature"},{"geometry":{"coordinates":[[[-117.87269,34.09716],[-117.87404,34.09715],[-117.87473,34.09812],[-117.87406,34.0991],[-117.87271,34.09911],[-117.87249,34.09881],[-117.87248,34.09747],[-117.87269,34.09716]]],"type":"Polygon"},"properties":{"bbox":{"roads":{"area":7465.29,"pct":19.97}},"city":{"roads":{"area":4709.49,"pct":12.6}},"id":"hex:2237:17428"},"type":"Feature"},{"geometry":{"coordinates":[[[-117.87271,34.09911],[-117.87406,34.0991],[-117.8743,34.09944],[-117.8725,34.09943],[-117.8725,34.09942],[-117.87271,34.09911]]],"type":"Polygon"},"properties":{"bbox":{"roads":{"area":1765.98,"pct":33.25},"sidewalks":{"area":8.75,"pct":0.16}},"city":{"roads":{"area":654.81,"pct":12.33},"sidewalks":{"area":8.75,"pct":0.16}},"id":"hex:2237:17429"},"type":"Feature"},{"geometry":{"coordinates":[[[-117.87479,34.10398],[-117.87412,34.10496],[-117.87277,34.10497],[-117.87251,34.10461],[-117.87251,34.10437],[-117.87251,34.10423],[-117.8725,34.10337],[-117.87272,34.10306],[-117.87371,34.10307],[-117.87414,34.10307],[-117.87479,34.10398]]],"type":"Polygon"},"properties":{"bbox":{"roads":{"area":7768.29,"pct":20.93},"sidewalks":{"area":498.97,"pct":1.34}},"city":{"roads":{"area":4917.4,"pct":13.25},"sidewalks":{"area":498.97,"pct":1.34}},"id":"hex:2237:17431"},"type":"Feature"},{"geometry":{"coordinates":[[[-117.8721,34.10595],[-117.87277,34.10497],[-117.87412,34.10496],[-117.87481,34.10593],[-117.87479,34.10596],[-117.87411,34.1061],[-117.87362,34.10618],[-117.87237,34.10628],[-117.87233,34.10628],[-117.8721,34.10595]]],"type":"Polygon"},"properties":{"bbox":{"roads":{"area":8368.12,"pct":32.02},"sidewalks":{"area":279.55,"pct":1.07}},"city":{"roads":{"area":6609.44,"pct":25.29},"sidewalks":{"area":279.55,"pct":1.07}},"id":"hex:2237:17432"},"type":"Feature"},{"geometry":{"coordinates":[[[-117.87247,34.07568],[-117.8718,34.07666],[-117.87044,34.07667],[-117.86988,34.07587],[-117.86989,34.07587],[-117.87024,34.07583],[-117.8706,34.07575],[-117.8709,34.07565],[-117.87123,34.07552],[-117.8716,34.07533],[-117.87206,34.07511],[-117.87247,34.07568]]],"type":"Polygon"},"properties":{"bbox":{"roads":{"area":1666.81,"pct":6.93}},"city_same":1,"id":"hex:2238:17417"},"type":"Feature"},{"geometry":{"coordinates":[[[-117.86978,34.07766],[-117.87044,34.07667],[-117.8718,34.07666],[-117.87249,34.07764],[-117.87182,34.07862],[-117.87104,34.07862],[-117.87066,34.07849],[-117.87045,34.0784],[-117.87033,34.0783],[-117.87023,34.07817],[-117.87016,34.07803],[-117.87015,34.07801],[-117.87003,34.07775],[-117.86992,34.07785],[-117.86978,34.07766]]],"type":"Polygon"},"properties":{"bbox":{"roads":{"area":2821.67,"pct":7.23}},"city_same":1,"id":"hex:2238:17418"},"type":"Feature"},{"geometry":{"coordinates":[[[-117.87184,34.08057],[-117.87048,34.08058],[-117.87029,34.0803],[-117.8704,34.08027],[-117.87137,34.07947],[-117.87152,34.0798],[-117.87175,34.07965],[-117.87181,34.07882],[-117.87175,34.07881],[-117.87174,34.07881],[-117.87143,34.07874],[-117.87104,34.07862],[-117.87104,34.07862],[-117.87182,34.07862],[-117.87243,34.07948],[-117.87243,34.0797],[-117.87184,34.08057]]],"type":"Polygon"},"properties":{"bbox":{"roads":{"area":1324.79,"pct":6.87}},"city_same":1,"id":"hex:2238:17419"},"type":"Feature"},{"geometry":{"coordinates":[[[[-117.87188,34.08249],[-117.87179,34.08249],[-117.87178,34.08173],[-117.87241,34.08172],[-117.87188,34.08249]]],[[[-117.87048,34.08058],[-117.87184,34.08057],[-117.87213,34.08098],[-117.8716,34.08098],[-117.87161,34.08071],[-117.87127,34.08071],[-117.8704,34.0807],[-117.87048,34.08058]]]],"type":"MultiPolygon"},"properties":{"bbox":{"roads":{"area":971.96,"pct":16.26}},"city_same":1,"id":"hex:2238:17420"},"type":"Feature"},{"geometry":{"coordinates":[[[[-117.87188,34.08447],[-117.87052,34.08448],[-117.87008,34.08386],[-117.8723,34.08385],[-117.87188,34.08447]]],[[[-117.87255,34.08349],[-117.87245,34.08363],[-117.87245,34.08347],[-117.87244,34.08345],[-117.87244,34.08335],[-117.87255,34.08349]]]],"type":"MultiPolygon"},"properties":{"bbox":{"roads":{"area":558.56,"pct":4.83}},"city_same":1,"id":"hex:2238:17421"},"type":"Feature"},{"geometry":{"coordinates":[[[-117.86986,34.08546],[-117.87054,34.08644],[-117.8719,34.08643],[-117.87257,34.08545],[-117.87188,34.08447],[-117.87052,34.08448],[-117.86986,34.08546]]],"type":"Polygon"},"properties":{"bbox":{"parking":{"area":12433.82,"pct":30.63},"roads":{"area":8440.63,"pct":20.79}},"city_same":1,"id":"hex:2238:17422"},"type":"Feature"},{"geometry":{"coordinates":[[[-117.86988,34.08742],[-117.87056,34.08839],[-117.87192,34.08838],[-117.87259,34.0874],[-117.8719,34.08643],[-117.87054,34.08644],[-117.86988,34.08742]]],"type":"Polygon"},"properties":{"bbox":{"roads":{"area":4171.83,"pct":10.28}},"city":{"roads":{"area":3806.94,"pct":9.38}},"id":"hex:2238:17423"},"type":"Feature"},{"geometry":{"coordinates":[[[-117.8699,34.08937],[-117.87058,34.09034],[-117.87194,34.09033],[-117.87261,34.08935],[-117.87192,34.08838],[-117.87056,34.08839],[-117.8699,34.08937]]],"type":"Polygon"},"properties":{"bbox":{"roads":{"area":3567.12,"pct":8.79}},"city":{"roads":{"area":3203.02,"pct":7.89}},"id":"hex:2238:17424"},"type":"Feature"},{"geometry":{"coordinates":[[[-117.86992,34.09132],[-117.8706,34.09229],[-117.87196,34.09228],[-117.87263,34.0913],[-117.87194,34.09033],[-117.87058,34.09034],[-117.86992,34.09132]]],"type":"Polygon"},"properties":{"bbox":{"parking":{"area":4747.13,"pct":11.69},"roads":{"area":4233.44,"pct":10.43}},"city":{"parking":{"area":4747.13,"pct":11.69},"roads":{"area":3791.41,"pct":9.34}},"id":"hex:2238:17425"},"type":"Feature"},{"geometry":{"coordinates":[[[-117.86994,34.09327],[-117.87062,34.09425],[-117.87198,34.09424],[-117.87265,34.09326],[-117.87196,34.09228],[-117.8706,34.09229],[-117.86994,34.09327]]],"type":"Polygon"},"properties":{"bbox":{"roads":{"area":5377.23,"pct":13.25}},"city":{"roads":{"area":4989.17,"pct":12.29}},"id":"hex:2238:17426"},"type":"Feature"},{"geometry":{"coordinates":[[[-117.86996,34.09523],[-117.87062,34.09425],[-117.87198,34.09424],[-117.87246,34.09492],[-117.87246,34.095],[-117.87049,34.09509],[-117.87049,34.09575],[-117.87033,34.09575],[-117.86996,34.09523]]],"type":"Polygon"},"properties":{"bbox":{"roads":{"area":2203.83,"pct":11.93}},"city":{"roads":{"area":2046.87,"pct":11.08}},"id":"hex:2238:17427"},"type":"Feature"},{"geometry":{"coordinates":[[[[-117.86998,34.09718],[-117.87008,34.09703],[-117.87008,34.09732],[-117.86998,34.09718]]],[[[-117.87269,34.09716],[-117.87248,34.09747],[-117.87247,34.09686],[-117.87269,34.09716]]]],"type":"MultiPolygon"},"properties":{"bbox":{"roads":{"area":525.2,"pct":65.27}},"city":{"roads":{"area":100.91,"pct":12.54}},"id":"hex:2238:17428"},"type":"Feature"},{"geometry":{"coordinates":[[[[-117.87,34.09913],[-117.87006,34.09904],[-117.87006,34.09922],[-117.87,34.09913]]],[[[-117.87271,34.09911],[-117.8725,34.09942],[-117.87249,34.09881],[-117.87271,34.09911]]]],"type":"MultiPolygon"},"properties":{"bbox":{"roads":{"area":539.76,"pct":76.12}},"city":{"roads":{"area":14.52,"pct":2.05}},"id":"hex:2238:17429"},"type":"Feature"},{"geometry":{"coordinates":[[[[-117.87004,34.10304],[-117.87045,34.10304],[-117.8705,34.10304],[-117.87048,34.10359],[-117.87048,34.10366],[-117.87004,34.10304]]],[[[-117.87072,34.10401],[-117.87064,34.10388],[-117.87081,34.10389],[-117.87081,34.10401],[-117.87072,34.10401]]],[[[-117.8725,34.10337],[-117.8725,34.10313],[-117.8725,34.10306],[-117.87266,34.10306],[-117.87272,34.10306],[-117.8725,34.10337]]]],"type":"MultiPolygon"},"properties":{"bbox":{"roads":{"area":468.82,"pct":24.23},"sidewalks":{"area":51.09,"pct":2.64}},"city":{"roads":{"area":288.19,"pct":14.89},"sidewalks":{"area":51.09,"pct":2.64}},"id":"hex:2238:17431"},"type":"Feature"},{"geometry":{"coordinates":[[[[-117.87277,34.10497],[-117.8721,34.10595],[-117.87074,34.10596],[-117.87006,34.10499],[-117.87042,34.10446],[-117.87039,34.10464],[-117.87251,34.10471],[-117.87251,34.10461],[-117.87277,34.10497]]],[[[-117.87072,34.10401],[-117.87081,34.10401],[-117.87079,34.10434],[-117.87064,34.10434],[-117.8705,34.10434],[-117.87072,34.10401]]]],"type":"MultiPolygon"},"properties":{"bbox":{"roads":{"area":2484.53,"pct":8.62},"sidewalks":{"area":119.5,"pct":0.41}},"city":{"roads":{"area":1671.2,"pct":5.8},"sidewalks":{"area":119.5,"pct":0.41}},"id":"hex:2238:17432"},"type":"Feature"},{"geometry":{"coordinates":[[[-117.87074,34.10596],[-117.8721,34.10595],[-117.87233,34.10628],[-117.87039,34.10648],[-117.87074,34.10596]]],"type":"Polygon"},"properties":{"bbox":{"roads":{"area":3496.99,"pct":49.4}},"city_same":1,"id":"hex:2238:17433"},"type":"Feature"},{"geometry":{"coordinates":[[[-117.8684,34.07571],[-117.86772,34.07474],[-117.86822,34.07399],[-117.86837,34.07394],[-117.86882,34.07403],[-117.869,34.07428],[-117.86907,34.07447],[-117.86917,34.07461],[-117.8695,34.07461],[-117.86965,34.0757],[-117.8684,34.07571]]],"type":"Polygon"},"properties":{"bbox":{"roads":{"area":975.08,"pct":4.12}},"city_same":1,"id":"hex:2239:17416"},"type":"Feature"},{"geometry":{"coordinates":[[[-117.86773,34.07669],[-117.8684,34.07571],[-117.86965,34.0757],[-117.86967,34.07589],[-117.86988,34.07587],[-117.87044,34.07667],[-117.86978,34.07766],[-117.86869,34.07766],[-117.86869,34.07762],[-117.86861,34.07762],[-117.86839,34.07762],[-117.86814,34.07727],[-117.86816,34.07707],[-117.868,34.07707],[-117.86773,34.07669]]],"type":"Polygon"},"properties":{"bbox":{"roads":{"area":5382.46,"pct":13.45}},"city_same":1,"id":"hex:2239:17417"},"type":"Feature"},{"geometry":{"coordinates":[[[[-117.86844,34.07962],[-117.86807,34.07909],[-117.86865,34.07905],[-117.86893,34.07903],[-117.86893,34.0789],[-117.86917,34.07889],[-117.86918,34.07923],[-117.86964,34.07925],[-117.86962,34.07947],[-117.86961,34.07961],[-117.86844,34.07962]]],[[[-117.86978,34.07766],[-117.86992,34.07785],[-117.86985,34.07791],[-117.86997,34.07812],[-117.8691,34.07812],[-117.86911,34.07793],[-117.86886,34.07793],[-117.86867,34.07793],[-117.86869,34.07766],[-117.86978,34.07766]]]],"type":"MultiPolygon"},"properties":{"bbox":{"roads":{"area":1225.27,"pct":10.06}},"city_same":1,"id":"hex:2239:17418"},"type":"Feature"},{"geometry":{"coordinates":[[[-117.86777,34.0806],[-117.86844,34.07962],[-117.86961,34.07961],[-117.86961,34.07966],[-117.86964,34.07976],[-117.86964,34.0799],[-117.86965,34.0805],[-117.87029,34.0803],[-117.87048,34.08058],[-117.8704,34.0807],[-117.87026,34.0807],[-117.86963,34.08071],[-117.86925,34.08071],[-117.8687,34.08071],[-117.8687,34.08157],[-117.86846,34.08157],[-117.86814,34.08111],[-117.86814,34.08111],[-117.86815,34.08072],[-117.86787,34.08074],[-117.86777,34.0806]]],"type":"Polygon"},"properties":{"bbox":{"roads":{"area":2119.47,"pct":8.78}},"city_same":1,"id":"hex:2239:17419"},"type":"Feature"},{"geometry":{"coordinates":[[[-117.86848,34.08352],[-117.86779,34.08255],[-117.86846,34.08157],[-117.8687,34.08157],[-117.8687,34.0825],[-117.86852,34.0825],[-117.86853,34.08322],[-117.86938,34.08324],[-117.86938,34.08352],[-117.86848,34.08352]]],"type":"Polygon"},"properties":{"bbox":{"parking":{"area":261.91,"pct":2.19},"roads":{"area":871.14,"pct":7.27}},"city_same":1,"id":"hex:2239:17420"},"type":"Feature"},{"geometry":{"coordinates":[[[-117.87052,34.08448],[-117.86986,34.08546],[-117.8685,34.08547],[-117.86781,34.0845],[-117.86848,34.08352],[-117.86938,34.08352],[-117.86939,34.08386],[-117.87008,34.08386],[-117.87052,34.08448]]],"type":"Polygon"},"properties":{"bbox":{"parking":{"area":18.65,"pct":0.05},"roads":{"area":66.08,"pct":0.17}},"city_same":1,"id":"hex:2239:17421"},"type":"Feature"},{"geometry":{"coordinates":[[[-117.86783,34.08646],[-117.86852,34.08743],[-117.86988,34.08742],[-117.87054,34.08644],[-117.86986,34.08546],[-117.8685,34.08547],[-117.86783,34.08646]]],"type":"Polygon"},"properties":{"bbox":{"roads":{"area":7155.35,"pct":17.63}},"city_same":1,"id":"hex:2239:17422"},"type":"Feature"},{"geometry":{"coordinates":[[[-117.86785,34.08841],[-117.86854,34.08938],[-117.8699,34.08937],[-117.87056,34.08839],[-117.86988,34.08742],[-117.86852,34.08743],[-117.86785,34.08841]]],"type":"Polygon"},"properties":{"bbox":{"roads":{"area":2450.05,"pct":6.04}},"city_same":1,"id":"hex:2239:17423"},"type":"Feature"},{"geometry":{"coordinates":[[[-117.86787,34.09036],[-117.86856,34.09133],[-117.86992,34.09132],[-117.87058,34.09034],[-117.8699,34.08937],[-117.86854,34.08938],[-117.86787,34.09036]]],"type":"Polygon"},"properties":{"bbox":{"roads":{"area":3359.48,"pct":8.28}},"city_same":1,"id":"hex:2239:17424"},"type":"Feature"},{"geometry":{"coordinates":[[[-117.86789,34.09231],[-117.86858,34.09328],[-117.86994,34.09327],[-117.8706,34.09229],[-117.86992,34.09132],[-117.86856,34.09133],[-117.86789,34.09231]]],"type":"Polygon"},"properties":{"bbox":{"parking":{"area":1.2,"pct":0},"roads":{"area":2101.4,"pct":5.18}},"city_same":1,"id":"hex:2239:17425"},"type":"Feature"},{"geometry":{"coordinates":[[[-117.86791,34.09427],[-117.8686,34.09524],[-117.86996,34.09523],[-117.87062,34.09425],[-117.86994,34.09327],[-117.86858,34.09328],[-117.86791,34.09427]]],"type":"Polygon"},"properties":{"bbox":{"roads":{"area":5953.94,"pct":14.67}},"city_same":1,"id":"hex:2239:17426"},"type":"Feature"},{"geometry":{"coordinates":[[[-117.86998,34.09718],[-117.86862,34.09719],[-117.86793,34.09622],[-117.8686,34.09524],[-117.86996,34.09523],[-117.87033,34.09575],[-117.87009,34.09575],[-117.87008,34.09703],[-117.86998,34.09718]]],"type":"Polygon"},"properties":{"bbox":{"roads":{"area":5235.75,"pct":14.37}},"city":{"roads":{"area":2614.43,"pct":7.18}},"id":"hex:2239:17427"},"type":"Feature"},{"geometry":{"coordinates":[[[-117.87,34.09913],[-117.86864,34.09914],[-117.86795,34.09817],[-117.86862,34.09719],[-117.86998,34.09718],[-117.87008,34.09732],[-117.87006,34.09904],[-117.87,34.09913]]],"type":"Polygon"},"properties":{"bbox":{"roads":{"area":2795.04,"pct":7.91}},"city_same":1,"id":"hex:2239:17428"},"type":"Feature"},{"geometry":{"coordinates":[[[-117.86864,34.09914],[-117.87,34.09913],[-117.87006,34.09922],[-117.87005,34.09942],[-117.86845,34.09942],[-117.86864,34.09914]]],"type":"Polygon"},"properties":{"bbox":{"roads":{"area":753.6,"pct":17.25}},"city":{"roads":{"area":172.68,"pct":3.95}},"id":"hex:2239:17429"},"type":"Feature"},{"geometry":{"coordinates":[[[-117.87006,34.10499],[-117.8687,34.105],[-117.86843,34.10461],[-117.86926,34.1046],[-117.8693,34.10304],[-117.86973,34.10304],[-117.86988,34.10304],[-117.87004,34.10304],[-117.87048,34.10366],[-117.87046,34.10387],[-117.87064,34.10388],[-117.87072,34.10401],[-117.8705,34.10434],[-117.87044,34.10434],[-117.87042,34.10446],[-117.87006,34.10499]]],"type":"Polygon"},"properties":{"bbox":{"roads":{"area":1772.31,"pct":7.19},"sidewalks":{"area":20.62,"pct":0.08}},"city_same":1,"id":"hex:2239:17431"},"type":"Feature"},{"geometry":{"coordinates":[[[-117.8687,34.105],[-117.87006,34.10499],[-117.87074,34.10596],[-117.87039,34.10648],[-117.86924,34.10659],[-117.86926,34.10572],[-117.8682,34.10573],[-117.8687,34.105]]],"type":"Polygon"},"properties":{"bbox":{"roads":{"area":4499.07,"pct":18.04}},"city_same":1,"id":"hex:2239:17432"},"type":"Feature"},{"geometry":{"coordinates":[[[-117.86565,34.07183],[-117.86596,34.07137],[-117.86598,34.07138],[-117.86604,34.0714],[-117.86621,34.07145],[-117.86644,34.07151],[-117.86711,34.0717],[-117.86718,34.07171],[-117.86798,34.07187],[-117.86805,34.07188],[-117.86652,34.07225],[-117.86627,34.07231],[-117.86617,34.07256],[-117.86565,34.07183]]],"type":"Polygon"},"properties":{"bbox":{"roads":{"area":1992.39,"pct":16.68}},"city_same":1,"id":"hex:2240:17415"},"type":"Feature"},{"geometry":{"coordinates":[[[-117.86772,34.07474],[-117.86636,34.07475],[-117.86567,34.07378],[-117.86595,34.07337],[-117.86611,34.07341],[-117.86644,34.07336],[-117.86686,34.07334],[-117.86717,34.07344],[-117.86738,34.07399],[-117.86763,34.07415],[-117.86801,34.07407],[-117.86822,34.07399],[-117.86772,34.07474]]],"type":"Polygon"},"properties":{"bbox":{"roads":{"area":1861.6,"pct":8.06}},"city_same":1,"id":"hex:2240:17416"},"type":"Feature"},{"geometry":{"coordinates":[[[-117.86569,34.07573],[-117.86638,34.0767],[-117.86773,34.07669],[-117.8684,34.07571],[-117.86772,34.07474],[-117.86636,34.07475],[-117.86569,34.07573]]],"type":"Polygon"},"properties":{"bbox":{"roads":{"area":2481.06,"pct":6.11}},"city_same":1,"id":"hex:2240:17417"},"type":"Feature"},{"geometry":{"coordinates":[[[[-117.86839,34.07762],[-117.86811,34.07761],[-117.86814,34.07727],[-117.86839,34.07762]]],[[[-117.86638,34.0767],[-117.86773,34.07669],[-117.868,34.07707],[-117.86766,34.07706],[-117.86644,34.07707],[-117.86621,34.07708],[-117.86609,34.07734],[-117.86593,34.07736],[-117.86638,34.0767]]]],"type":"MultiPolygon"},"properties":{"bbox":{"roads":{"area":696.28,"pct":10.14}},"city_same":1,"id":"hex:2240:17418"},"type":"Feature"},{"geometry":{"coordinates":[[[-117.86844,34.07962],[-117.86777,34.0806],[-117.86684,34.0806],[-117.86684,34.08047],[-117.86685,34.08004],[-117.86714,34.07954],[-117.86752,34.07959],[-117.86751,34.08011],[-117.86796,34.07993],[-117.86766,34.0794],[-117.8675,34.0791],[-117.86788,34.0791],[-117.86807,34.07909],[-117.86844,34.07962]]],"type":"Polygon"},"properties":{"bbox":{"roads":{"area":967.79,"pct":6.85}},"city_same":1,"id":"hex:2240:17419"},"type":"Feature"},{"geometry":{"coordinates":[[[[-117.86846,34.08157],[-117.86779,34.08255],[-117.86644,34.08256],[-117.8664,34.0825],[-117.86718,34.0825],[-117.86768,34.0825],[-117.86758,34.08112],[-117.86814,34.08111],[-117.86846,34.08157]]],[[[-117.86777,34.0806],[-117.86787,34.08074],[-117.86653,34.08081],[-117.86684,34.08068],[-117.86684,34.0806],[-117.86777,34.0806]]]],"type":"MultiPolygon"},"properties":{"bbox":{"roads":{"area":1353.25,"pct":12.65}},"city_same":1,"id":"hex:2240:17420"},"type":"Feature"},{"geometry":{"coordinates":[[[-117.86577,34.08354],[-117.86646,34.08451],[-117.86781,34.0845],[-117.86848,34.08352],[-117.86779,34.08255],[-117.86644,34.08256],[-117.86577,34.08354]]],"type":"Polygon"},"properties":{"bbox":{"parking":{"area":2924.62,"pct":7.2},"roads":{"area":1084.98,"pct":2.67}},"city_same":1,"id":"hex:2240:17421"},"type":"Feature"},{"geometry":{"coordinates":[[[-117.86579,34.08549],[-117.86648,34.08647],[-117.86783,34.08646],[-117.8685,34.08547],[-117.86781,34.0845],[-117.86646,34.08451],[-117.86579,34.08549]]],"type":"Polygon"},"properties":{"bbox":{"roads":{"area":3992.52,"pct":9.84}},"city_same":1,"id":"hex:2240:17422"},"type":"Feature"},{"geometry":{"coordinates":[[[-117.86581,34.08745],[-117.8665,34.08842],[-117.86785,34.08841],[-117.86852,34.08743],[-117.86783,34.08646],[-117.86648,34.08647],[-117.86581,34.08745]]],"type":"Polygon"},"properties":{"bbox":{"roads":{"area":3905.51,"pct":9.62}},"city_same":1,"id":"hex:2240:17423"},"type":"Feature"},{"geometry":{"coordinates":[[[-117.86583,34.0894],[-117.86652,34.09037],[-117.86787,34.09036],[-117.86854,34.08938],[-117.86785,34.08841],[-117.8665,34.08842],[-117.86583,34.0894]]],"type":"Polygon"},"properties":{"bbox":{"roads":{"area":4111.67,"pct":10.13}},"city_same":1,"id":"hex:2240:17424"},"type":"Feature"},{"geometry":{"coordinates":[[[-117.86585,34.09135],[-117.86654,34.09232],[-117.86789,34.09231],[-117.86856,34.09133],[-117.86787,34.09036],[-117.86652,34.09037],[-117.86585,34.09135]]],"type":"Polygon"},"properties":{"bbox":{"roads":{"area":3112.5,"pct":7.67}},"city_same":1,"id":"hex:2240:17425"},"type":"Feature"},{"geometry":{"coordinates":[[[-117.86587,34.0933],[-117.86656,34.09427],[-117.86791,34.09427],[-117.86858,34.09328],[-117.86789,34.09231],[-117.86654,34.09232],[-117.86587,34.0933]]],"type":"Polygon"},"properties":{"bbox":{"roads":{"area":3557.98,"pct":8.76}},"city_same":1,"id":"hex:2240:17426"},"type":"Feature"},{"geometry":{"coordinates":[[[-117.86589,34.09526],[-117.86658,34.09623],[-117.86793,34.09622],[-117.8686,34.09524],[-117.86791,34.09427],[-117.86656,34.09427],[-117.86589,34.09526]]],"type":"Polygon"},"properties":{"bbox":{"roads":{"area":7475.56,"pct":18.42}},"city":{"roads":{"area":4924.22,"pct":12.13}},"id":"hex:2240:17427"},"type":"Feature"},{"geometry":{"coordinates":[[[-117.86591,34.09721],[-117.8666,34.09818],[-117.86795,34.09817],[-117.86862,34.09719],[-117.86793,34.09622],[-117.86658,34.09623],[-117.86591,34.09721]]],"type":"Polygon"},"properties":{"bbox":{"roads":{"area":2246.71,"pct":5.53}},"city_same":1,"id":"hex:2240:17428"},"type":"Feature"},{"geometry":{"coordinates":[[[-117.86662,34.10013],[-117.86593,34.09916],[-117.8666,34.09818],[-117.86795,34.09817],[-117.86864,34.09914],[-117.86845,34.09942],[-117.86778,34.09942],[-117.8678,34.10012],[-117.86662,34.10013]]],"type":"Polygon"},"properties":{"bbox":{"roads":{"area":4338.64,"pct":11.55}},"city":{"roads":{"area":2961.26,"pct":7.88}},"id":"hex:2240:17429"},"type":"Feature"},{"geometry":{"coordinates":[[[-117.86595,34.10111],[-117.86662,34.10013],[-117.8678,34.10012],[-117.86783,34.10155],[-117.8674,34.10153],[-117.86644,34.10154],[-117.86625,34.10154],[-117.86595,34.10111]]],"type":"Polygon"},"properties":{"bbox":{"roads":{"area":421.65,"pct":1.85}},"city_same":1,"id":"hex:2240:17430"},"type":"Feature"},{"geometry":{"coordinates":[[[-117.8687,34.105],[-117.8682,34.10573],[-117.86818,34.10573],[-117.86818,34.10462],[-117.86843,34.10461],[-117.8687,34.105]]],"type":"Polygon"},"properties":{"bbox":{"roads":{"area":392.38,"pct":11.1}},"city_same":1,"id":"hex:2240:17432"},"type":"Feature"},{"geometry":{"coordinates":[[[-117.86565,34.07183],[-117.8643,34.07184],[-117.86363,34.07089],[-117.86447,34.07074],[-117.86596,34.07137],[-117.86565,34.07183]]],"type":"Polygon"},"properties":{"bbox":{"roads":{"area":2595.16,"pct":15.56}},"city":{"roads":{"area":2376.23,"pct":14.25}},"id":"hex:2241:17414"},"type":"Feature"},{"geometry":{"coordinates":[[[-117.86567,34.07378],[-117.86432,34.07379],[-117.86363,34.07282],[-117.8643,34.07184],[-117.86565,34.07183],[-117.86617,34.07256],[-117.86614,34.07264],[-117.86602,34.07297],[-117.86586,34.07334],[-117.86595,34.07337],[-117.86567,34.07378]]],"type":"Polygon"},"properties":{"bbox":{"roads":{"area":5300.3,"pct":13.49}},"city_same":1,"id":"hex:2241:17415"},"type":"Feature"},{"geometry":{"coordinates":[[[-117.86432,34.07379],[-117.86567,34.07378],[-117.86636,34.07475],[-117.86569,34.07573],[-117.86434,34.07574],[-117.86425,34.07561],[-117.86465,34.07535],[-117.86431,34.07491],[-117.86427,34.07487],[-117.86414,34.07474],[-117.86395,34.0746],[-117.86381,34.07453],[-117.86432,34.07379]]],"type":"Polygon"},"properties":{"bbox":{"roads":{"area":3408.74,"pct":9.53}},"city_same":1,"id":"hex:2241:17416"},"type":"Feature"},{"geometry":{"coordinates":[[[-117.86436,34.07769],[-117.86367,34.07672],[-117.86434,34.07574],[-117.86569,34.07573],[-117.86638,34.0767],[-117.86593,34.07736],[-117.86555,34.07742],[-117.86554,34.07736],[-117.8653,34.07706],[-117.86491,34.07733],[-117.86446,34.07763],[-117.86437,34.07769],[-117.86436,34.07769]]],"type":"Polygon"},"properties":{"bbox":{"roads":{"area":2592,"pct":7.28}},"city_same":1,"id":"hex:2241:17417"},"type":"Feature"},{"geometry":{"coordinates":[[[-117.86644,34.08256],[-117.86577,34.08354],[-117.86442,34.08355],[-117.86373,34.08258],[-117.86377,34.08252],[-117.8638,34.08252],[-117.86415,34.0825],[-117.86426,34.0825],[-117.86519,34.0825],[-117.86606,34.0825],[-117.86618,34.0825],[-117.8664,34.0825],[-117.86644,34.08256]]],"type":"Polygon"},"properties":{"bbox":{"parking":{"area":4719.59,"pct":21.24},"roads":{"area":2415.51,"pct":10.87}},"city_same":1,"id":"hex:2241:17420"},"type":"Feature"},{"geometry":{"coordinates":[[[-117.86375,34.08453],[-117.86444,34.0855],[-117.86579,34.08549],[-117.86646,34.08451],[-117.86577,34.08354],[-117.86442,34.08355],[-117.86375,34.08453]]],"type":"Polygon"},"properties":{"bbox":{"parking":{"area":5792.49,"pct":14.27},"roads":{"area":2913.7,"pct":7.18}},"city_same":1,"id":"hex:2241:17421"},"type":"Feature"},{"geometry":{"coordinates":[[[-117.86377,34.08648],[-117.86446,34.08746],[-117.86581,34.08745],[-117.86648,34.08647],[-117.86579,34.08549],[-117.86444,34.0855],[-117.86377,34.08648]]],"type":"Polygon"},"properties":{"bbox":{"parking":{"area":2723.82,"pct":6.71},"roads":{"area":7780.52,"pct":19.17}},"city_same":1,"id":"hex:2241:17422"},"type":"Feature"},{"geometry":{"coordinates":[[[-117.86379,34.08844],[-117.86448,34.08941],[-117.86583,34.0894],[-117.8665,34.08842],[-117.86581,34.08745],[-117.86446,34.08746],[-117.86379,34.08844]]],"type":"Polygon"},"properties":{"bbox":{"roads":{"area":1604.2,"pct":3.95}},"city_same":1,"id":"hex:2241:17423"},"type":"Feature"},{"geometry":{"coordinates":[[[-117.86381,34.09039],[-117.8645,34.09136],[-117.86585,34.09135],[-117.86652,34.09037],[-117.86583,34.0894],[-117.86448,34.08941],[-117.86381,34.09039]]],"type":"Polygon"},"properties":{"bbox":{"roads":{"area":3702.39,"pct":9.12}},"city_same":1,"id":"hex:2241:17424"},"type":"Feature"},{"geometry":{"coordinates":[[[-117.86383,34.09234],[-117.86452,34.09331],[-117.86587,34.0933],[-117.86654,34.09232],[-117.86585,34.09135],[-117.8645,34.09136],[-117.86383,34.09234]]],"type":"Polygon"},"properties":{"bbox":{"parking":{"area":559.25,"pct":1.38},"roads":{"area":2240.54,"pct":5.52}},"city_same":1,"id":"hex:2241:17425"},"type":"Feature"},{"geometry":{"coordinates":[[[-117.86385,34.09429],[-117.86454,34.09527],[-117.86589,34.09526],[-117.86656,34.09427],[-117.86587,34.0933],[-117.86452,34.09331],[-117.86385,34.09429]]],"type":"Polygon"},"properties":{"bbox":{"parking":{"area":2789.77,"pct":6.87},"roads":{"area":3414.81,"pct":8.41}},"city_same":1,"id":"hex:2241:17426"},"type":"Feature"},{"geometry":{"coordinates":[[[-117.86387,34.09625],[-117.86456,34.09722],[-117.86591,34.09721],[-117.86658,34.09623],[-117.86589,34.09526],[-117.86454,34.09527],[-117.86387,34.09625]]],"type":"Polygon"},"properties":{"bbox":{"roads":{"area":5245.93,"pct":12.92}},"city":{"roads":{"area":2448.75,"pct":6.03}},"id":"hex:2241:17427"},"type":"Feature"},{"geometry":{"coordinates":[[[-117.86389,34.0982],[-117.86458,34.09917],[-117.86593,34.09916],[-117.8666,34.09818],[-117.86591,34.09721],[-117.86456,34.09722],[-117.86389,34.0982]]],"type":"Polygon"},"properties":{"bbox":{"roads":{"area":2782.35,"pct":6.85}},"city_same":1,"id":"hex:2241:17428"},"type":"Feature"},{"geometry":{"coordinates":[[[-117.86391,34.10015],[-117.8646,34.10112],[-117.86595,34.10111],[-117.86662,34.10013],[-117.86593,34.09916],[-117.86458,34.09917],[-117.86391,34.10015]]],"type":"Polygon"},"properties":{"bbox":{"roads":{"area":1771.35,"pct":4.36}},"city":{"roads":{"area":544.26,"pct":1.34}},"id":"hex:2241:17429"},"type":"Feature"},{"geometry":{"coordinates":[[[-117.86393,34.1021],[-117.8646,34.10112],[-117.86595,34.10111],[-117.86625,34.10154],[-117.86602,34.10154],[-117.86602,34.10162],[-117.86597,34.10304],[-117.86597,34.10306],[-117.86597,34.10307],[-117.86468,34.10307],[-117.86466,34.10304],[-117.86459,34.10304],[-117.86393,34.1021]]],"type":"Polygon"},"properties":{"bbox":{"roads":{"area":1491.44,"pct":4.26}},"city_same":1,"id":"hex:2241:17430"},"type":"Feature"},{"geometry":{"coordinates":[[[-117.86597,34.10307],[-117.86597,34.10307],[-117.86599,34.10318],[-117.866,34.10326],[-117.86544,34.10328],[-117.86479,34.10331],[-117.86468,34.10307],[-117.86597,34.10307]]],"type":"Polygon"},"properties":{"bbox":{"roads":{"area":640.85,"pct":23.35}},"city_same":1,"id":"hex:2241:17431"},"type":"Feature"},{"geometry":{"coordinates":[[[[-117.86226,34.07087],[-117.86157,34.0699],[-117.86188,34.06944],[-117.86207,34.06968],[-117.86213,34.07],[-117.86215,34.07034],[-117.86267,34.0703],[-117.86258,34.07047],[-117.86271,34.07087],[-117.86226,34.07087]]],[[[-117.86273,34.07087],[-117.86288,34.07082],[-117.86295,34.07087],[-117.86273,34.07087]]]],"type":"MultiPolygon"},"properties":{"bbox":{"roads":{"area":478.16,"pct":7.29},"sidewalks":{"area":40.31,"pct":0.61}},"city":{"roads":{"area":477.7,"pct":7.28},"sidewalks":{"area":40.31,"pct":0.61}},"id":"hex:2242:17414"},"type":"Feature"},{"geometry":{"coordinates":[[[-117.8643,34.07184],[-117.86363,34.07282],[-117.86228,34.07283],[-117.86159,34.07186],[-117.86226,34.07087],[-117.86271,34.07087],[-117.86271,34.07088],[-117.86273,34.07087],[-117.86295,34.07087],[-117.86312,34.07098],[-117.86363,34.07089],[-117.8643,34.07184]]],"type":"Polygon"},"properties":{"bbox":{"roads":{"area":6659.53,"pct":16.59},"sidewalks":{"area":324.07,"pct":0.81}},"city_same":1,"id":"hex:2242:17415"},"type":"Feature"},{"geometry":{"coordinates":[[[-117.86161,34.07381],[-117.86228,34.07283],[-117.86363,34.07282],[-117.86432,34.07379],[-117.86381,34.07453],[-117.86374,34.07449],[-117.86355,34.07443],[-117.86336,34.07439],[-117.86314,34.07441],[-117.86281,34.07439],[-117.86262,34.07438],[-117.86234,34.07437],[-117.86232,34.07437],[-117.86206,34.07436],[-117.862,34.07436],[-117.86161,34.07381]]],"type":"Polygon"},"properties":{"bbox":{"roads":{"area":4646.79,"pct":13.47}},"city_same":1,"id":"hex:2242:17416"},"type":"Feature"},{"geometry":{"coordinates":[[[-117.86434,34.07574],[-117.86367,34.07672],[-117.86232,34.07673],[-117.86163,34.07576],[-117.86169,34.07568],[-117.86169,34.07571],[-117.86261,34.0757],[-117.86279,34.07567],[-117.86303,34.07565],[-117.86327,34.07565],[-117.86347,34.07567],[-117.86365,34.07573],[-117.86386,34.07586],[-117.86425,34.07561],[-117.86434,34.07574]]],"type":"Polygon"},"properties":{"bbox":{"roads":{"area":1299.01,"pct":6}},"city_same":1,"id":"hex:2242:17417"},"type":"Feature"},{"geometry":{"coordinates":[[[-117.86234,34.07868],[-117.86165,34.07771],[-117.86232,34.07673],[-117.86367,34.07672],[-117.86436,34.07769],[-117.86435,34.07771],[-117.86401,34.07793],[-117.8635,34.07827],[-117.86307,34.0785],[-117.86273,34.07868],[-117.86234,34.07868]]],"type":"Polygon"},"properties":{"bbox":{"roads":{"area":1197.83,"pct":3.3}},"city_same":1,"id":"hex:2242:17418"},"type":"Feature"},{"geometry":{"coordinates":[[[[-117.86172,34.07973],[-117.86199,34.07986],[-117.86207,34.07997],[-117.86211,34.08009],[-117.86211,34.08019],[-117.86208,34.08024],[-117.86172,34.07973]]],[[[-117.86234,34.07868],[-117.86273,34.07868],[-117.86259,34.07875],[-117.86213,34.07898],[-117.86234,34.07868]]]],"type":"MultiPolygon"},"properties":{"bbox":{"roads":{"area":117.67,"pct":9.43}},"city_same":1,"id":"hex:2242:17419"},"type":"Feature"},{"geometry":{"coordinates":[[[-117.86373,34.08258],[-117.86238,34.08259],[-117.86169,34.08162],[-117.86232,34.08069],[-117.86343,34.08067],[-117.86358,34.08064],[-117.86363,34.08113],[-117.86369,34.08181],[-117.86368,34.08251],[-117.86377,34.08252],[-117.86373,34.08258]]],"type":"Polygon"},"properties":{"bbox":{"roads":{"area":2350.2,"pct":7.34}},"city_same":1,"id":"hex:2242:17420"},"type":"Feature"},{"geometry":{"coordinates":[[[-117.86171,34.08357],[-117.8624,34.08454],[-117.86375,34.08453],[-117.86442,34.08355],[-117.86373,34.08258],[-117.86238,34.08259],[-117.86171,34.08357]]],"type":"Polygon"},"properties":{"bbox":{"roads":{"area":3223.77,"pct":7.94}},"city_same":1,"id":"hex:2242:17421"},"type":"Feature"},{"geometry":{"coordinates":[[[-117.86173,34.08552],[-117.86242,34.08649],[-117.86377,34.08648],[-117.86444,34.0855],[-117.86375,34.08453],[-117.8624,34.08454],[-117.86173,34.08552]]],"type":"Polygon"},"properties":{"bbox":{"parking":{"area":2434.78,"pct":6},"roads":{"area":6137.73,"pct":15.12}},"city_same":1,"id":"hex:2242:17422"},"type":"Feature"},{"geometry":{"coordinates":[[[-117.86175,34.08747],[-117.86244,34.08845],[-117.86379,34.08844],[-117.86446,34.08746],[-117.86377,34.08648],[-117.86242,34.08649],[-117.86175,34.08747]]],"type":"Polygon"},"properties":{"bbox":{"roads":{"area":6164.25,"pct":15.18}},"city_same":1,"id":"hex:2242:17423"},"type":"Feature"},{"geometry":{"coordinates":[[[-117.86177,34.08943],[-117.86245,34.0904],[-117.86381,34.09039],[-117.86448,34.08941],[-117.86379,34.08844],[-117.86244,34.08845],[-117.86177,34.08943]]],"type":"Polygon"},"properties":{"bbox":{"roads":{"area":3489.14,"pct":8.6}},"city_same":1,"id":"hex:2242:17424"},"type":"Feature"},{"geometry":{"coordinates":[[[-117.86179,34.09138],[-117.86247,34.09235],[-117.86383,34.09234],[-117.8645,34.09136],[-117.86381,34.09039],[-117.86245,34.0904],[-117.86179,34.09138]]],"type":"Polygon"},"properties":{"bbox":{"roads":{"area":4139.71,"pct":10.2}},"city_same":1,"id":"hex:2242:17425"},"type":"Feature"},{"geometry":{"coordinates":[[[-117.86181,34.09333],[-117.86249,34.0943],[-117.86385,34.09429],[-117.86452,34.09331],[-117.86383,34.09234],[-117.86247,34.09235],[-117.86181,34.09333]]],"type":"Polygon"},"properties":{"bbox":{"parking":{"area":3211.03,"pct":7.91},"roads":{"area":4680.23,"pct":11.53}},"city_same":1,"id":"hex:2242:17426"},"type":"Feature"},{"geometry":{"coordinates":[[[-117.86183,34.09528],[-117.86251,34.09626],[-117.86387,34.09625],[-117.86454,34.09527],[-117.86385,34.09429],[-117.86249,34.0943],[-117.86183,34.09528]]],"type":"Polygon"},"properties":{"bbox":{"roads":{"area":7831.22,"pct":19.29}},"city":{"roads":{"area":5300.55,"pct":13.06}},"id":"hex:2242:17427"},"type":"Feature"},{"geometry":{"coordinates":[[[-117.86185,34.09724],[-117.86253,34.09821],[-117.86389,34.0982],[-117.86456,34.09722],[-117.86387,34.09625],[-117.86251,34.09626],[-117.86185,34.09724]]],"type":"Polygon"},"properties":{"bbox":{"parking":{"area":1341.83,"pct":3.31},"roads":{"area":4031.74,"pct":9.93}},"city_same":1,"id":"hex:2242:17428"},"type":"Feature"},{"geometry":{"coordinates":[[[-117.86187,34.09919],[-117.86255,34.10016],[-117.86391,34.10015],[-117.86458,34.09917],[-117.86389,34.0982],[-117.86253,34.09821],[-117.86187,34.09919]]],"type":"Polygon"},"properties":{"bbox":{"roads":{"area":7085.52,"pct":17.45}},"city":{"roads":{"area":5569.41,"pct":13.72}},"id":"hex:2242:17429"},"type":"Feature"},{"geometry":{"coordinates":[[[-117.86189,34.10114],[-117.86257,34.10211],[-117.86393,34.1021],[-117.8646,34.10112],[-117.86391,34.10015],[-117.86255,34.10016],[-117.86189,34.10114]]],"type":"Polygon"},"properties":{"bbox":{"roads":{"area":3322.83,"pct":8.19}},"city_same":1,"id":"hex:2242:17430"},"type":"Feature"},{"geometry":{"coordinates":[[[-117.86257,34.10211],[-117.86393,34.1021],[-117.86459,34.10304],[-117.8638,34.10304],[-117.86373,34.10304],[-117.8636,34.10304],[-117.86281,34.10304],[-117.86202,34.10304],[-117.86194,34.10304],[-117.86257,34.10211]]],"type":"Polygon"},"properties":{"bbox":{"roads":{"area":2303.81,"pct":12.06}},"city_same":1,"id":"hex:2242:17431"},"type":"Feature"},{"geometry":{"coordinates":[[[-117.86157,34.0699],[-117.86022,34.06991],[-117.85953,34.06894],[-117.85969,34.0687],[-117.86064,34.06889],[-117.86179,34.06932],[-117.86188,34.06944],[-117.86157,34.0699]]],"type":"Polygon"},"properties":{"bbox":{"roads":{"area":1627.1,"pct":8.85}},"city_same":1,"id":"hex:2243:17413"},"type":"Feature"},{"geometry":{"coordinates":[[[-117.85955,34.07089],[-117.86024,34.07186],[-117.86159,34.07186],[-117.86226,34.07087],[-117.86157,34.0699],[-117.86022,34.06991],[-117.85955,34.07089]]],"type":"Polygon"},"properties":{"bbox":{"roads":{"area":4308.78,"pct":10.61},"sidewalks":{"area":77.22,"pct":0.19}},"city_same":1,"id":"hex:2243:17414"},"type":"Feature"},{"geometry":{"coordinates":[[[-117.85957,34.07285],[-117.86025,34.07382],[-117.86161,34.07381],[-117.86228,34.07283],[-117.86159,34.07186],[-117.86024,34.07186],[-117.85957,34.07285]]],"type":"Polygon"},"properties":{"bbox":{"roads":{"area":1377.52,"pct":3.39}},"city_same":1,"id":"hex:2243:17415"},"type":"Feature"},{"geometry":{"coordinates":[[[-117.85959,34.0748],[-117.86025,34.07382],[-117.86161,34.07381],[-117.862,34.07436],[-117.86179,34.07438],[-117.86154,34.07442],[-117.86169,34.07568],[-117.86163,34.07576],[-117.86027,34.07577],[-117.86012,34.07555],[-117.86016,34.0755],[-117.86006,34.07541],[-117.85999,34.07536],[-117.85959,34.0748]]],"type":"Polygon"},"properties":{"bbox":{"roads":{"area":2519.05,"pct":7.24}},"city_same":1,"id":"hex:2243:17416"},"type":"Feature"},{"geometry":{"coordinates":[[[-117.86027,34.07577],[-117.86163,34.07576],[-117.86232,34.07673],[-117.86165,34.07771],[-117.86029,34.07772],[-117.86011,34.07746],[-117.86019,34.07654],[-117.86061,34.07632],[-117.86048,34.07622],[-117.86014,34.07597],[-117.86027,34.07577]]],"type":"Polygon"},"properties":{"bbox":{"roads":{"area":1523.47,"pct":4.37}},"city_same":1,"id":"hex:2243:17417"},"type":"Feature"},{"geometry":{"coordinates":[[[-117.86031,34.07967],[-117.85976,34.0789],[-117.85983,34.07887],[-117.86018,34.0792],[-117.86054,34.07902],[-117.86072,34.07889],[-117.86031,34.07856],[-117.86001,34.07855],[-117.86002,34.07839],[-117.86005,34.07809],[-117.86029,34.07772],[-117.86165,34.07771],[-117.86234,34.07868],[-117.86213,34.07898],[-117.86116,34.07947],[-117.86158,34.07967],[-117.86031,34.07967]]],"type":"Polygon"},"properties":{"bbox":{"roads":{"area":1208.21,"pct":3.63}},"city_same":1,"id":"hex:2243:17418"},"type":"Feature"},{"geometry":{"coordinates":[[[-117.86169,34.08162],[-117.86033,34.08163],[-117.85965,34.08066],[-117.86031,34.07967],[-117.86158,34.07967],[-117.86172,34.07973],[-117.86208,34.08024],[-117.86207,34.08024],[-117.86203,34.0803],[-117.86175,34.08052],[-117.86157,34.08069],[-117.86232,34.08069],[-117.86169,34.08162]]],"type":"Polygon"},"properties":{"bbox":{"roads":{"area":2425.48,"pct":6.27}},"city_same":1,"id":"hex:2243:17419"},"type":"Feature"},{"geometry":{"coordinates":[[[-117.85967,34.08261],[-117.86035,34.08358],[-117.86171,34.08357],[-117.86238,34.08259],[-117.86169,34.08162],[-117.86033,34.08163],[-117.85967,34.08261]]],"type":"Polygon"},"properties":{"bbox":{"roads":{"area":3208.76,"pct":7.9}},"city_same":1,"id":"hex:2243:17420"},"type":"Feature"},{"geometry":{"coordinates":[[[-117.85969,34.08456],[-117.86037,34.08553],[-117.86173,34.08552],[-117.8624,34.08454],[-117.86171,34.08357],[-117.86035,34.08358],[-117.85969,34.08456]]],"type":"Polygon"},"properties":{"bbox":{"roads":{"area":2984.84,"pct":7.35}},"city_same":1,"id":"hex:2243:17421"},"type":"Feature"},{"geometry":{"coordinates":[[[-117.85971,34.08651],[-117.86039,34.08748],[-117.86175,34.08747],[-117.86242,34.08649],[-117.86173,34.08552],[-117.86037,34.08553],[-117.85971,34.08651]]],"type":"Polygon"},"properties":{"bbox":{"roads":{"area":7506.88,"pct":18.49}},"city_same":1,"id":"hex:2243:17422"},"type":"Feature"},{"geometry":{"coordinates":[[[-117.85973,34.08847],[-117.86041,34.08944],[-117.86177,34.08943],[-117.86244,34.08845],[-117.86175,34.08747],[-117.86039,34.08748],[-117.85973,34.08847]]],"type":"Polygon"},"properties":{"bbox":{"roads":{"area":3166.25,"pct":7.8}},"city_same":1,"id":"hex:2243:17423"},"type":"Feature"},{"geometry":{"coordinates":[[[-117.85975,34.09042],[-117.86043,34.09139],[-117.86179,34.09138],[-117.86245,34.0904],[-117.86177,34.08943],[-117.86041,34.08944],[-117.85975,34.09042]]],"type":"Polygon"},"properties":{"bbox":{"roads":{"area":3813.02,"pct":9.39}},"city_same":1,"id":"hex:2243:17424"},"type":"Feature"},{"geometry":{"coordinates":[[[-117.85976,34.09237],[-117.86045,34.09334],[-117.86181,34.09333],[-117.86247,34.09235],[-117.86179,34.09138],[-117.86043,34.09139],[-117.85976,34.09237]]],"type":"Polygon"},"properties":{"bbox":{"roads":{"area":2384.56,"pct":5.87}},"city_same":1,"id":"hex:2243:17425"},"type":"Feature"},{"geometry":{"coordinates":[[[-117.85978,34.09432],[-117.86047,34.09529],[-117.86183,34.09528],[-117.86249,34.0943],[-117.86181,34.09333],[-117.86045,34.09334],[-117.85978,34.09432]]],"type":"Polygon"},"properties":{"bbox":{"roads":{"area":3171.32,"pct":7.81}},"city_same":1,"id":"hex:2243:17426"},"type":"Feature"},{"geometry":{"coordinates":[[[-117.8598,34.09627],[-117.86049,34.09725],[-117.86185,34.09724],[-117.86251,34.09626],[-117.86183,34.09528],[-117.86047,34.09529],[-117.8598,34.09627]]],"type":"Polygon"},"properties":{"bbox":{"roads":{"area":3697.72,"pct":9.11}},"city":{"roads":{"area":1039.36,"pct":2.56}},"id":"hex:2243:17427"},"type":"Feature"},{"geometry":{"coordinates":[[[-117.85982,34.09823],[-117.86051,34.0992],[-117.86187,34.09919],[-117.86253,34.09821],[-117.86185,34.09724],[-117.86049,34.09725],[-117.85982,34.09823]]],"type":"Polygon"},"properties":{"bbox":{"roads":{"area":1.08,"pct":0}},"city_same":1,"id":"hex:2243:17428"},"type":"Feature"},{"geometry":{"coordinates":[[[-117.86051,34.0992],[-117.86187,34.09919],[-117.86255,34.10016],[-117.86189,34.10114],[-117.86163,34.10114],[-117.86164,34.09942],[-117.86036,34.09942],[-117.86051,34.0992]]],"type":"Polygon"},"properties":{"bbox":{"roads":{"area":1868.92,"pct":13.03}},"city":{"roads":{"area":1200.56,"pct":8.37}},"id":"hex:2243:17429"},"type":"Feature"},{"geometry":{"coordinates":[[[-117.86189,34.10114],[-117.86257,34.10211],[-117.86194,34.10304],[-117.86163,34.10304],[-117.86163,34.10114],[-117.86189,34.10114]]],"type":"Polygon"},"properties":{"bbox":{"roads":{"area":644.68,"pct":5.44}},"city_same":1,"id":"hex:2243:17430"},"type":"Feature"},{"geometry":{"coordinates":[[[-117.85953,34.06894],[-117.85817,34.06895],[-117.85763,34.06818],[-117.85803,34.06835],[-117.8587,34.06864],[-117.85914,34.06859],[-117.85969,34.0687],[-117.85953,34.06894]]],"type":"Polygon"},"properties":{"bbox":{"roads":{"area":144.21,"pct":2.13}},"city":{"roads":{"area":67.16,"pct":0.99}},"id":"hex:2244:17413"},"type":"Feature"},{"geometry":{"coordinates":[[[-117.85817,34.06895],[-117.85953,34.06894],[-117.86022,34.06991],[-117.85955,34.07089],[-117.8584,34.0709],[-117.85838,34.07076],[-117.85831,34.0704],[-117.85828,34.07033],[-117.8582,34.07014],[-117.85808,34.06993],[-117.85796,34.06974],[-117.85782,34.06954],[-117.85779,34.06951],[-117.85817,34.06895]]],"type":"Polygon"},"properties":{"bbox":{"roads":{"area":1243.8,"pct":3.55}},"city_same":1,"id":"hex:2244:17414"},"type":"Feature"},{"geometry":{"coordinates":[[[-117.85955,34.07089],[-117.86024,34.07186],[-117.85957,34.07285],[-117.85933,34.07285],[-117.85931,34.07227],[-117.85925,34.07212],[-117.85838,34.07245],[-117.85837,34.07239],[-117.85836,34.07223],[-117.85832,34.0718],[-117.85833,34.0716],[-117.85836,34.07142],[-117.85839,34.07126],[-117.85842,34.07114],[-117.85841,34.07101],[-117.8584,34.0709],[-117.85955,34.07089]]],"type":"Polygon"},"properties":{"bbox":{"roads":{"area":2206.25,"pct":8.81}},"city_same":1,"id":"hex:2244:17415"},"type":"Feature"},{"geometry":{"coordinates":[[[-117.85957,34.07285],[-117.86025,34.07382],[-117.85959,34.0748],[-117.85899,34.0748],[-117.85894,34.07455],[-117.85878,34.07457],[-117.8583,34.07462],[-117.85822,34.07411],[-117.85938,34.07409],[-117.85933,34.07285],[-117.85957,34.07285]]],"type":"Polygon"},"properties":{"bbox":{"roads":{"area":875.56,"pct":5}},"city_same":1,"id":"hex:2244:17416"},"type":"Feature"},{"geometry":{"coordinates":[[[-117.86031,34.07967],[-117.85965,34.08066],[-117.85829,34.08066],[-117.85818,34.08051],[-117.85835,34.08052],[-117.85902,34.08055],[-117.85901,34.0805],[-117.85902,34.08041],[-117.85906,34.08033],[-117.85912,34.08026],[-117.85926,34.08018],[-117.85964,34.08005],[-117.85932,34.07965],[-117.85945,34.07935],[-117.85905,34.0791],[-117.85909,34.07904],[-117.85925,34.07906],[-117.85969,34.07892],[-117.85976,34.0789],[-117.86031,34.07967]]],"type":"Polygon"},"properties":{"bbox":{"roads":{"area":323.36,"pct":2.37}},"city_same":1,"id":"hex:2244:17419"},"type":"Feature"},{"geometry":{"coordinates":[[[-117.85762,34.08165],[-117.85831,34.08262],[-117.85967,34.08261],[-117.86033,34.08163],[-117.85965,34.08066],[-117.85829,34.08066],[-117.85762,34.08165]]],"type":"Polygon"},"properties":{"bbox":{"roads":{"area":2703.52,"pct":6.66}},"city_same":1,"id":"hex:2244:17420"},"type":"Feature"},{"geometry":{"coordinates":[[[-117.85764,34.0836],[-117.85833,34.08457],[-117.85969,34.08456],[-117.86035,34.08358],[-117.85967,34.08261],[-117.85831,34.08262],[-117.85764,34.0836]]],"type":"Polygon"},"properties":{"bbox":{"roads":{"area":2477.04,"pct":6.1}},"city_same":1,"id":"hex:2244:17421"},"type":"Feature"},{"geometry":{"coordinates":[[[-117.85766,34.08555],[-117.85835,34.08652],[-117.85971,34.08651],[-117.86037,34.08553],[-117.85969,34.08456],[-117.85833,34.08457],[-117.85766,34.08555]]],"type":"Polygon"},"properties":{"bbox":{"roads":{"area":3834.33,"pct":9.45}},"city_same":1,"id":"hex:2244:17422"},"type":"Feature"},{"geometry":{"coordinates":[[[-117.85768,34.0875],[-117.85837,34.08847],[-117.85973,34.08847],[-117.86039,34.08748],[-117.85971,34.08651],[-117.85835,34.08652],[-117.85768,34.0875]]],"type":"Polygon"},"properties":{"bbox":{"roads":{"area":6364.27,"pct":15.68}},"city_same":1,"id":"hex:2244:17423"},"type":"Feature"},{"geometry":{"coordinates":[[[-117.8577,34.08946],[-117.85839,34.09043],[-117.85975,34.09042],[-117.86041,34.08944],[-117.85973,34.08847],[-117.85837,34.08847],[-117.8577,34.08946]]],"type":"Polygon"},"properties":{"bbox":{"roads":{"area":3798.46,"pct":9.36}},"city_same":1,"id":"hex:2244:17424"},"type":"Feature"},{"geometry":{"coordinates":[[[-117.85772,34.09141],[-117.85841,34.09238],[-117.85976,34.09237],[-117.86043,34.09139],[-117.85975,34.09042],[-117.85839,34.09043],[-117.85772,34.09141]]],"type":"Polygon"},"properties":{"bbox":{"roads":{"area":3572.66,"pct":8.8}},"city_same":1,"id":"hex:2244:17425"},"type":"Feature"},{"geometry":{"coordinates":[[[-117.85774,34.09336],[-117.85843,34.09433],[-117.85978,34.09432],[-117.86045,34.09334],[-117.85976,34.09237],[-117.85841,34.09238],[-117.85774,34.09336]]],"type":"Polygon"},"properties":{"bbox":{"roads":{"area":3940.02,"pct":9.71}},"city_same":1,"id":"hex:2244:17426"},"type":"Feature"},{"geometry":{"coordinates":[[[-117.85776,34.09531],[-117.85845,34.09628],[-117.8598,34.09627],[-117.86047,34.09529],[-117.85978,34.09432],[-117.85843,34.09433],[-117.85776,34.09531]]],"type":"Polygon"},"properties":{"bbox":{"roads":{"area":4976.47,"pct":12.26}},"city":{"roads":{"area":2389.32,"pct":5.89}},"id":"hex:2244:17427"},"type":"Feature"},{"geometry":{"coordinates":[[[-117.85778,34.09727],[-117.85847,34.09824],[-117.85982,34.09823],[-117.86049,34.09725],[-117.8598,34.09627],[-117.85845,34.09628],[-117.85778,34.09727]]],"type":"Polygon"},"properties":{"bbox":{"roads":{"area":510.34,"pct":1.26}},"city_same":1,"id":"hex:2244:17428"},"type":"Feature"},{"geometry":{"coordinates":[[[-117.8578,34.09922],[-117.85847,34.09824],[-117.85982,34.09823],[-117.86051,34.0992],[-117.86036,34.09942],[-117.85793,34.09941],[-117.8578,34.09922]]],"type":"Polygon"},"properties":{"bbox":{"roads":{"area":3330.35,"pct":12.98}},"city":{"roads":{"area":2536.73,"pct":9.89}},"id":"hex:2244:17429"},"type":"Feature"},{"geometry":{"coordinates":[[[-117.85817,34.06895],[-117.85779,34.06951],[-117.85765,34.06933],[-117.85748,34.06916],[-117.85731,34.06901],[-117.85714,34.06892],[-117.85693,34.06884],[-117.85679,34.06881],[-117.85654,34.06875],[-117.85632,34.06875],[-117.85612,34.06876],[-117.85591,34.0688],[-117.85576,34.06883],[-117.85566,34.06868],[-117.85609,34.06806],[-117.85615,34.06805],[-117.85683,34.06798],[-117.85718,34.06798],[-117.85748,34.06811],[-117.85763,34.06818],[-117.85817,34.06895]]],"type":"Polygon"},"properties":{"bbox":{"roads":{"area":4065.87,"pct":20.94}},"city":{"roads":{"area":1175.74,"pct":6.06}},"id":"hex:2245:17413"},"type":"Feature"},{"geometry":{"coordinates":[[[-117.85829,34.08066],[-117.85762,34.08165],[-117.85654,34.08165],[-117.85652,34.08155],[-117.85652,34.08148],[-117.85658,34.08136],[-117.85659,34.08135],[-117.85667,34.08043],[-117.85818,34.08051],[-117.85829,34.08066]]],"type":"Polygon"},"properties":{"bbox":{"roads":{"area":238.67,"pct":1.42}},"city_same":1,"id":"hex:2245:17419"},"type":"Feature"},{"geometry":{"coordinates":[[[-117.85762,34.08165],[-117.85831,34.08262],[-117.85764,34.0836],[-117.85629,34.08361],[-117.8556,34.08264],[-117.8559,34.0822],[-117.85686,34.08222],[-117.85688,34.08214],[-117.85685,34.08206],[-117.8568,34.08199],[-117.85662,34.08182],[-117.85654,34.08165],[-117.85654,34.08165],[-117.85762,34.08165]]],"type":"Polygon"},"properties":{"bbox":{"roads":{"area":987.02,"pct":2.67}},"city_same":1,"id":"hex:2245:17420"},"type":"Feature"},{"geometry":{"coordinates":[[[-117.85562,34.08459],[-117.85631,34.08556],[-117.85766,34.08555],[-117.85833,34.08457],[-117.85764,34.0836],[-117.85629,34.08361],[-117.85562,34.08459]]],"type":"Polygon"},"properties":{"bbox":{"roads":{"area":2561.3,"pct":6.31}},"city_same":1,"id":"hex:2245:17421"},"type":"Feature"},{"geometry":{"coordinates":[[[-117.85564,34.08654],[-117.85633,34.08751],[-117.85768,34.0875],[-117.85835,34.08652],[-117.85766,34.08555],[-117.85631,34.08556],[-117.85564,34.08654]]],"type":"Polygon"},"properties":{"bbox":{"roads":{"area":6170.52,"pct":15.2}},"city_same":1,"id":"hex:2245:17422"},"type":"Feature"},{"geometry":{"coordinates":[[[-117.85566,34.08849],[-117.85635,34.08946],[-117.8577,34.08946],[-117.85837,34.08847],[-117.85768,34.0875],[-117.85633,34.08751],[-117.85566,34.08849]]],"type":"Polygon"},"properties":{"bbox":{"roads":{"area":4041.26,"pct":9.96}},"city_same":1,"id":"hex:2245:17423"},"type":"Feature"},{"geometry":{"coordinates":[[[-117.85568,34.09045],[-117.85637,34.09142],[-117.85772,34.09141],[-117.85839,34.09043],[-117.8577,34.08946],[-117.85635,34.08946],[-117.85568,34.09045]]],"type":"Polygon"},"properties":{"bbox":{"roads":{"area":3879,"pct":9.56}},"city_same":1,"id":"hex:2245:17424"},"type":"Feature"},{"geometry":{"coordinates":[[[-117.8557,34.0924],[-117.85639,34.09337],[-117.85774,34.09336],[-117.85841,34.09238],[-117.85772,34.09141],[-117.85637,34.09142],[-117.8557,34.0924]]],"type":"Polygon"},"properties":{"bbox":{"roads":{"area":2715.68,"pct":6.69}},"city_same":1,"id":"hex:2245:17425"},"type":"Feature"},{"geometry":{"coordinates":[[[-117.85572,34.09435],[-117.85641,34.09532],[-117.85776,34.09531],[-117.85843,34.09433],[-117.85774,34.09336],[-117.85639,34.09337],[-117.85572,34.09435]]],"type":"Polygon"},"properties":{"bbox":{"roads":{"area":3348.89,"pct":8.25}},"city_same":1,"id":"hex:2245:17426"},"type":"Feature"},{"geometry":{"coordinates":[[[-117.85574,34.0963],[-117.85643,34.09727],[-117.85778,34.09727],[-117.85845,34.09628],[-117.85776,34.09531],[-117.85641,34.09532],[-117.85574,34.0963]]],"type":"Polygon"},"properties":{"bbox":{"roads":{"area":4252.94,"pct":10.48}},"city":{"roads":{"area":1579.74,"pct":3.89}},"id":"hex:2245:17427"},"type":"Feature"},{"geometry":{"coordinates":[[[-117.85643,34.09727],[-117.85778,34.09727],[-117.85847,34.09824],[-117.8578,34.09922],[-117.85645,34.09923],[-117.85633,34.09906],[-117.85636,34.09779],[-117.85607,34.09779],[-117.85643,34.09727]]],"type":"Polygon"},"properties":{"bbox":{"roads":{"area":1190.87,"pct":3.3}},"city_same":1,"id":"hex:2245:17428"},"type":"Feature"},{"geometry":{"coordinates":[[[-117.85645,34.09923],[-117.8578,34.09922],[-117.85793,34.09941],[-117.85633,34.0994],[-117.85645,34.09923]]],"type":"Polygon"},"properties":{"bbox":{"roads":{"area":565.72,"pct":20.8}},"city":{"roads":{"area":106.76,"pct":3.92}},"id":"hex:2245:17429"},"type":"Feature"},{"geometry":{"coordinates":[[[-117.85566,34.06868],[-117.85544,34.06829],[-117.85535,34.06813],[-117.85593,34.06807],[-117.85609,34.06806],[-117.85566,34.06868]]],"type":"Polygon"},"properties":{"bbox":{"roads":{"area":842.16,"pct":38.62}},"id":"hex:2246:17413"},"type":"Feature"},{"geometry":{"coordinates":[[[-117.85425,34.08265],[-117.8556,34.08264],[-117.85629,34.08361],[-117.85562,34.08459],[-117.85427,34.0846],[-117.85377,34.0839],[-117.85402,34.08352],[-117.85404,34.08327],[-117.85397,34.08306],[-117.85425,34.08265]]],"type":"Polygon"},"properties":{"bbox":{"roads":{"area":1267.37,"pct":3.27}},"city_same":1,"id":"hex:2246:17421"},"type":"Feature"},{"geometry":{"coordinates":[[[-117.8536,34.08558],[-117.85429,34.08655],[-117.85564,34.08654],[-117.85631,34.08556],[-117.85562,34.08459],[-117.85427,34.0846],[-117.8536,34.08558]]],"type":"Polygon"},"properties":{"bbox":{"roads":{"area":3017.37,"pct":7.43}},"city_same":1,"id":"hex:2246:17422"},"type":"Feature"},{"geometry":{"coordinates":[[[-117.85362,34.08753],[-117.85431,34.0885],[-117.85566,34.08849],[-117.85633,34.08751],[-117.85564,34.08654],[-117.85429,34.08655],[-117.85362,34.08753]]],"type":"Polygon"},"properties":{"bbox":{"roads":{"area":3721.42,"pct":9.17}},"city_same":1,"id":"hex:2246:17423"},"type":"Feature"},{"geometry":{"coordinates":[[[-117.85364,34.08948],[-117.85433,34.09046],[-117.85568,34.09045],[-117.85635,34.08946],[-117.85566,34.08849],[-117.85431,34.0885],[-117.85364,34.08948]]],"type":"Polygon"},"properties":{"bbox":{"roads":{"area":4509.47,"pct":11.11}},"city_same":1,"id":"hex:2246:17424"},"type":"Feature"},{"geometry":{"coordinates":[[[-117.85366,34.09144],[-117.85435,34.09241],[-117.8557,34.0924],[-117.85637,34.09142],[-117.85568,34.09045],[-117.85433,34.09046],[-117.85366,34.09144]]],"type":"Polygon"},"properties":{"bbox":{"roads":{"area":2368.54,"pct":5.83}},"city_same":1,"id":"hex:2246:17425"},"type":"Feature"},{"geometry":{"coordinates":[[[-117.85368,34.09339],[-117.85436,34.09436],[-117.85572,34.09435],[-117.85639,34.09337],[-117.8557,34.0924],[-117.85435,34.09241],[-117.85368,34.09339]]],"type":"Polygon"},"properties":{"bbox":{"roads":{"area":3050.88,"pct":7.52}},"city_same":1,"id":"hex:2246:17426"},"type":"Feature"},{"geometry":{"coordinates":[[[-117.8537,34.09534],[-117.85438,34.09631],[-117.85574,34.0963],[-117.85641,34.09532],[-117.85572,34.09435],[-117.85436,34.09436],[-117.8537,34.09534]]],"type":"Polygon"},"properties":{"bbox":{"roads":{"area":5290.53,"pct":13.03}},"city":{"roads":{"area":2596.98,"pct":6.4}},"id":"hex:2246:17427"},"type":"Feature"},{"geometry":{"coordinates":[[[-117.8544,34.09826],[-117.85372,34.09729],[-117.85438,34.09631],[-117.85574,34.0963],[-117.85643,34.09727],[-117.85607,34.09779],[-117.85506,34.09781],[-117.85507,34.09826],[-117.8544,34.09826]]],"type":"Polygon"},"properties":{"bbox":{"roads":{"area":3525.64,"pct":9.62}},"city_same":1,"id":"hex:2246:17428"},"type":"Feature"},{"geometry":{"coordinates":[[[[-117.85442,34.10022],[-117.85374,34.09925],[-117.8544,34.09826],[-117.85507,34.09826],[-117.85507,34.09943],[-117.85508,34.10021],[-117.85442,34.10022]]],[[[-117.85645,34.09923],[-117.85633,34.0994],[-117.85632,34.0994],[-117.85633,34.09906],[-117.85645,34.09923]]]],"type":"MultiPolygon"},"properties":{"bbox":{"roads":{"area":2600.38,"pct":12.93}},"city":{"roads":{"area":1743.98,"pct":8.67}},"id":"hex:2246:17429"},"type":"Feature"},{"geometry":{"coordinates":[[[[-117.85376,34.1012],[-117.85442,34.10022],[-117.85508,34.10021],[-117.85508,34.10171],[-117.85429,34.10169],[-117.85429,34.10195],[-117.85376,34.1012]]],[[[-117.85465,34.10217],[-117.85465,34.10215],[-117.85508,34.10215],[-117.85508,34.10217],[-117.85465,34.10217]]]],"type":"MultiPolygon"},"properties":{"bbox":{"roads":{"area":1275.83,"pct":7.9}},"city_same":1,"id":"hex:2246:17430"},"type":"Feature"},{"geometry":{"coordinates":[[[[-117.85508,34.10217],[-117.85508,34.10265],[-117.85464,34.10265],[-117.85465,34.10217],[-117.85508,34.10217]]],[[[-117.8543,34.10238],[-117.85431,34.10305],[-117.85384,34.10305],[-117.8543,34.10238]]]],"type":"MultiPolygon"},"properties":{"bbox":{"roads":{"area":456.61,"pct":12.18}},"city_same":1,"id":"hex:2246:17431"},"type":"Feature"},{"geometry":{"coordinates":[[[-117.85148,34.07681],[-117.85158,34.07666],[-117.85186,34.0767],[-117.85219,34.07681],[-117.85185,34.07733],[-117.85148,34.07681]]],"type":"Polygon"},"properties":{"bbox":{"roads":{"area":119.16,"pct":4.72}},"city_same":1,"id":"hex:2247:17417"},"type":"Feature"},{"geometry":{"coordinates":[[[-117.85219,34.07973],[-117.8515,34.07876],[-117.8518,34.07832],[-117.85259,34.07901],[-117.85244,34.07973],[-117.85219,34.07973]]],"type":"Polygon"},"properties":{"bbox":{"roads":{"area":850.05,"pct":10.22}},"city_same":1,"id":"hex:2247:17418"},"type":"Feature"},{"geometry":{"coordinates":[[[-117.85425,34.08265],[-117.85397,34.08306],[-117.85397,34.08305],[-117.85382,34.08285],[-117.85363,34.08271],[-117.85333,34.08259],[-117.85163,34.08254],[-117.85212,34.08181],[-117.85229,34.08211],[-117.85389,34.08215],[-117.85425,34.08265]]],"type":"Polygon"},"properties":{"bbox":{"roads":{"area":993.81,"pct":7.72}},"city_same":1,"id":"hex:2247:17420"},"type":"Feature"},{"geometry":{"coordinates":[[[-117.85427,34.0846],[-117.8536,34.08558],[-117.85347,34.08558],[-117.85345,34.08438],[-117.85377,34.0839],[-117.85427,34.0846]]],"type":"Polygon"},"properties":{"bbox":{"roads":{"area":1762.52,"pct":21.93}},"city_same":1,"id":"hex:2247:17421"},"type":"Feature"},{"geometry":{"coordinates":[[[-117.8536,34.08558],[-117.85429,34.08655],[-117.85362,34.08753],[-117.85226,34.08754],[-117.85158,34.08657],[-117.85181,34.08623],[-117.85348,34.0862],[-117.85347,34.08558],[-117.8536,34.08558]]],"type":"Polygon"},"properties":{"bbox":{"roads":{"area":3554.04,"pct":11.35}},"city_same":1,"id":"hex:2247:17422"},"type":"Feature"},{"geometry":{"coordinates":[[[-117.8516,34.08852],[-117.85228,34.08949],[-117.85364,34.08948],[-117.85431,34.0885],[-117.85362,34.08753],[-117.85226,34.08754],[-117.8516,34.08852]]],"type":"Polygon"},"properties":{"bbox":{"roads":{"area":5495.64,"pct":13.54}},"city_same":1,"id":"hex:2247:17423"},"type":"Feature"},{"geometry":{"coordinates":[[[-117.85162,34.09047],[-117.8523,34.09145],[-117.85366,34.09144],[-117.85433,34.09046],[-117.85364,34.08948],[-117.85228,34.08949],[-117.85162,34.09047]]],"type":"Polygon"},"properties":{"bbox":{"roads":{"area":6911.62,"pct":17.03}},"city_same":1,"id":"hex:2247:17424"},"type":"Feature"},{"geometry":{"coordinates":[[[-117.85164,34.09243],[-117.85232,34.0934],[-117.85368,34.09339],[-117.85435,34.09241],[-117.85366,34.09144],[-117.8523,34.09145],[-117.85164,34.09243]]],"type":"Polygon"},"properties":{"bbox":{"roads":{"area":3409.87,"pct":8.4}},"city_same":1,"id":"hex:2247:17425"},"type":"Feature"},{"geometry":{"coordinates":[[[-117.85166,34.09438],[-117.85234,34.09535],[-117.8537,34.09534],[-117.85436,34.09436],[-117.85368,34.09339],[-117.85232,34.0934],[-117.85166,34.09438]]],"type":"Polygon"},"properties":{"bbox":{"roads":{"area":3758.99,"pct":9.26}},"city_same":1,"id":"hex:2247:17426"},"type":"Feature"},{"geometry":{"coordinates":[[[-117.85167,34.09633],[-117.85236,34.0973],[-117.85372,34.09729],[-117.85438,34.09631],[-117.8537,34.09534],[-117.85234,34.09535],[-117.85167,34.09633]]],"type":"Polygon"},"properties":{"bbox":{"roads":{"area":5419.29,"pct":13.35}},"city":{"roads":{"area":2869.99,"pct":7.07}},"id":"hex:2247:17427"},"type":"Feature"},{"geometry":{"coordinates":[[[-117.85169,34.09828],[-117.85238,34.09926],[-117.85374,34.09925],[-117.8544,34.09826],[-117.85372,34.09729],[-117.85236,34.0973],[-117.85169,34.09828]]],"type":"Polygon"},"properties":{"bbox":{"roads":{"area":2437.35,"pct":6}},"city_same":1,"id":"hex:2247:17428"},"type":"Feature"},{"geometry":{"coordinates":[[[-117.85171,34.10024],[-117.8524,34.10121],[-117.85376,34.1012],[-117.85442,34.10022],[-117.85374,34.09925],[-117.85238,34.09926],[-117.85171,34.10024]]],"type":"Polygon"},"properties":{"bbox":{"roads":{"area":4558.19,"pct":11.23}},"city":{"roads":{"area":3428.62,"pct":8.45}},"id":"hex:2247:17429"},"type":"Feature"},{"geometry":{"coordinates":[[[-117.85173,34.10219],[-117.8524,34.10121],[-117.85376,34.1012],[-117.85429,34.10195],[-117.8543,34.10238],[-117.85384,34.10305],[-117.85234,34.10305],[-117.85173,34.10219]]],"type":"Polygon"},"properties":{"bbox":{"roads":{"area":2908.99,"pct":7.52}},"city_same":1,"id":"hex:2247:17430"},"type":"Feature"},{"geometry":{"coordinates":[[[-117.85148,34.07681],[-117.85113,34.07681],[-117.85126,34.0766],[-117.8513,34.07662],[-117.85148,34.07664],[-117.85158,34.07666],[-117.85148,34.07681]]],"type":"Polygon"},"properties":{"bbox":{"roads":{"area":137.5,"pct":21.96}},"city_same":1,"id":"hex:2248:17417"},"type":"Feature"},{"geometry":{"coordinates":[[[-117.8515,34.07876],[-117.85014,34.07877],[-117.84946,34.0778],[-117.85006,34.07692],[-117.85079,34.07731],[-117.85113,34.07681],[-117.85148,34.07681],[-117.85185,34.07733],[-117.85157,34.07775],[-117.85141,34.07799],[-117.8518,34.07832],[-117.8515,34.07876]]],"type":"Polygon"},"properties":{"bbox":{"roads":{"area":1900.84,"pct":5.63}},"city_same":1,"id":"hex:2248:17418"},"type":"Feature"},{"geometry":{"coordinates":[[[-117.84948,34.07975],[-117.85016,34.08072],[-117.85152,34.08071],[-117.85219,34.07973],[-117.8515,34.07876],[-117.85014,34.07877],[-117.84948,34.07975]]],"type":"Polygon"},"properties":{"bbox":{"roads":{"area":2377.39,"pct":5.86}},"city_same":1,"id":"hex:2248:17419"},"type":"Feature"},{"geometry":{"coordinates":[[[-117.8495,34.0817],[-117.85016,34.08072],[-117.85152,34.08071],[-117.85166,34.08091],[-117.85165,34.08105],[-117.85203,34.08164],[-117.85212,34.08181],[-117.85163,34.08254],[-117.85005,34.08249],[-117.8495,34.0817]]],"type":"Polygon"},"properties":{"bbox":{"roads":{"area":1786.68,"pct":4.8}},"city_same":1,"id":"hex:2248:17420"},"type":"Feature"},{"geometry":{"coordinates":[[[-117.85158,34.08657],[-117.85118,34.08657],[-117.85119,34.08624],[-117.85181,34.08623],[-117.85158,34.08657]]],"type":"Polygon"},"properties":{"bbox":{"roads":{"area":37.07,"pct":2.12}},"city_same":1,"id":"hex:2248:17422"},"type":"Feature"},{"geometry":{"coordinates":[[[-117.84975,34.08783],[-117.84992,34.08773],[-117.85112,34.08767],[-117.85118,34.08657],[-117.85158,34.08657],[-117.85226,34.08754],[-117.8516,34.08852],[-117.85141,34.08852],[-117.8514,34.08813],[-117.84994,34.08811],[-117.84975,34.08783]]],"type":"Polygon"},"properties":{"bbox":{"roads":{"area":1679.2,"pct":8.36}},"city_same":1,"id":"hex:2248:17423"},"type":"Feature"},{"geometry":{"coordinates":[[[[-117.84957,34.08951],[-117.8499,34.08903],[-117.8499,34.08998],[-117.84957,34.08951]]],[[[-117.8516,34.08852],[-117.85228,34.08949],[-117.85162,34.09047],[-117.85095,34.09048],[-117.85144,34.09023],[-117.85141,34.08852],[-117.8516,34.08852]]]],"type":"MultiPolygon"},"properties":{"bbox":{"roads":{"area":2306.42,"pct":18.32}},"city_same":1,"id":"hex:2248:17424"},"type":"Feature"},{"geometry":{"coordinates":[[[[-117.85162,34.09047],[-117.8523,34.09145],[-117.85164,34.09243],[-117.85028,34.09244],[-117.84991,34.09192],[-117.8499,34.09101],[-117.85095,34.09048],[-117.85162,34.09047]]],[[[-117.8499,34.09101],[-117.8499,34.09101],[-117.8499,34.09101],[-117.8499,34.09101]]]],"type":"MultiPolygon"},"properties":{"bbox":{"roads":{"area":5552.29,"pct":14.89}},"city_same":1,"id":"hex:2248:17425"},"type":"Feature"},{"geometry":{"coordinates":[[[-117.85028,34.09244],[-117.85164,34.09243],[-117.85232,34.0934],[-117.85166,34.09438],[-117.8503,34.09439],[-117.84983,34.09373],[-117.84993,34.09372],[-117.84992,34.09296],[-117.85028,34.09244]]],"type":"Polygon"},"properties":{"bbox":{"roads":{"area":3005.47,"pct":7.66}},"city_same":1,"id":"hex:2248:17426"},"type":"Feature"},{"geometry":{"coordinates":[[[-117.84963,34.09537],[-117.85032,34.09634],[-117.85167,34.09633],[-117.85234,34.09535],[-117.85166,34.09438],[-117.8503,34.09439],[-117.84963,34.09537]]],"type":"Polygon"},"properties":{"bbox":{"roads":{"area":4968.75,"pct":12.24}},"city":{"roads":{"area":2145.06,"pct":5.28}},"id":"hex:2248:17427"},"type":"Feature"},{"geometry":{"coordinates":[[[-117.84965,34.09732],[-117.85034,34.09829],[-117.85169,34.09828],[-117.85236,34.0973],[-117.85167,34.09633],[-117.85032,34.09634],[-117.84965,34.09732]]],"type":"Polygon"},"properties":{"bbox":{"roads":{"area":2334.8,"pct":5.75}},"city_same":1,"id":"hex:2248:17428"},"type":"Feature"},{"geometry":{"coordinates":[[[-117.84967,34.09927],[-117.85036,34.10025],[-117.85171,34.10024],[-117.85238,34.09926],[-117.85169,34.09828],[-117.85034,34.09829],[-117.84967,34.09927]]],"type":"Polygon"},"properties":{"bbox":{"roads":{"area":4882.25,"pct":12.03}},"city":{"roads":{"area":3084.28,"pct":7.6}},"id":"hex:2248:17429"},"type":"Feature"},{"geometry":{"coordinates":[[[-117.84969,34.10123],[-117.85038,34.1022],[-117.85173,34.10219],[-117.8524,34.10121],[-117.85171,34.10024],[-117.85036,34.10025],[-117.84969,34.10123]]],"type":"Polygon"},"properties":{"bbox":{"roads":{"area":2863.47,"pct":7.05}},"city_same":1,"id":"hex:2248:17430"},"type":"Feature"},{"geometry":{"coordinates":[[[-117.85038,34.1022],[-117.85173,34.10219],[-117.85234,34.10305],[-117.8498,34.10304],[-117.85038,34.1022]]],"type":"Polygon"},"properties":{"bbox":{"roads":{"area":1927.16,"pct":11.38}},"city_same":1,"id":"hex:2248:17431"},"type":"Feature"},{"geometry":{"coordinates":[[[-117.84946,34.0778],[-117.8481,34.07781],[-117.84742,34.07684],[-117.84808,34.07587],[-117.85006,34.07692],[-117.84946,34.0778]]],"type":"Polygon"},"properties":{"bbox":{"roads":{"area":2035.11,"pct":6.3}},"city_same":1,"id":"hex:2249:17417"},"type":"Feature"},{"geometry":{"coordinates":[[[-117.84743,34.07879],[-117.84812,34.07976],[-117.84948,34.07975],[-117.85014,34.07877],[-117.84946,34.0778],[-117.8481,34.07781],[-117.84743,34.07879]]],"type":"Polygon"},"properties":{"bbox":{"roads":{"area":2444.38,"pct":6.02}},"city_same":1,"id":"hex:2249:17418"},"type":"Feature"},{"geometry":{"coordinates":[[[-117.84745,34.08074],[-117.84814,34.08171],[-117.8495,34.0817],[-117.85016,34.08072],[-117.84948,34.07975],[-117.84812,34.07976],[-117.84745,34.08074]]],"type":"Polygon"},"properties":{"bbox":{"roads":{"area":2956.54,"pct":7.28}},"city_same":1,"id":"hex:2249:17419"},"type":"Feature"},{"geometry":{"coordinates":[[[-117.84814,34.08171],[-117.8495,34.0817],[-117.85005,34.08249],[-117.84982,34.08248],[-117.84966,34.08232],[-117.8478,34.08221],[-117.84814,34.08171]]],"type":"Polygon"},"properties":{"bbox":{"roads":{"area":1441.14,"pct":13.74}},"city_same":1,"id":"hex:2249:17420"},"type":"Feature"},{"geometry":{"coordinates":[[[-117.84957,34.08951],[-117.84822,34.08952],[-117.84758,34.08862],[-117.849,34.08831],[-117.84975,34.08783],[-117.84994,34.08811],[-117.84991,34.08811],[-117.8499,34.08845],[-117.8499,34.08862],[-117.8499,34.08903],[-117.84957,34.08951]]],"type":"Polygon"},"properties":{"bbox":{"roads":{"area":1228.15,"pct":4.89}},"city_same":1,"id":"hex:2249:17423"},"type":"Feature"},{"geometry":{"coordinates":[[[-117.84824,34.09147],[-117.84755,34.0905],[-117.84822,34.08952],[-117.84957,34.08951],[-117.8499,34.08998],[-117.8499,34.09101],[-117.8499,34.09101],[-117.84901,34.09147],[-117.84824,34.09147]]],"type":"Polygon"},"properties":{"bbox":{"roads":{"area":2695.3,"pct":7.21}},"city_same":1,"id":"hex:2249:17424"},"type":"Feature"},{"geometry":{"coordinates":[[[[-117.85028,34.09244],[-117.84992,34.09296],[-117.84991,34.09192],[-117.85028,34.09244]]],[[[-117.84824,34.09147],[-117.84901,34.09147],[-117.84783,34.09207],[-117.84824,34.09147]]]],"type":"MultiPolygon"},"properties":{"bbox":{"roads":{"area":742.35,"pct":17.2}},"city_same":1,"id":"hex:2249:17425"},"type":"Feature"},{"geometry":{"coordinates":[[[-117.8503,34.09439],[-117.84963,34.09537],[-117.84828,34.09538],[-117.8478,34.0947],[-117.84828,34.0947],[-117.84827,34.09425],[-117.84827,34.09375],[-117.84983,34.09373],[-117.8503,34.09439]]],"type":"Polygon"},"properties":{"bbox":{"roads":{"area":2102.84,"pct":6.87}},"city_same":1,"id":"hex:2249:17426"},"type":"Feature"},{"geometry":{"coordinates":[[[-117.84761,34.09636],[-117.8483,34.09733],[-117.84965,34.09732],[-117.85032,34.09634],[-117.84963,34.09537],[-117.84828,34.09538],[-117.84761,34.09636]]],"type":"Polygon"},"properties":{"bbox":{"roads":{"area":5372.26,"pct":13.23}},"city":{"roads":{"area":2821.09,"pct":6.95}},"id":"hex:2249:17427"},"type":"Feature"},{"geometry":{"coordinates":[[[-117.84763,34.09831],[-117.84832,34.09928],[-117.84967,34.09927],[-117.85034,34.09829],[-117.84965,34.09732],[-117.8483,34.09733],[-117.84763,34.09831]]],"type":"Polygon"},"properties":{"bbox":{"roads":{"area":2809.74,"pct":6.92}},"city_same":1,"id":"hex:2249:17428"},"type":"Feature"},{"geometry":{"coordinates":[[[-117.84832,34.09928],[-117.84967,34.09927],[-117.85036,34.10025],[-117.84969,34.10123],[-117.84834,34.10124],[-117.84765,34.10026],[-117.84815,34.09952],[-117.84837,34.09945],[-117.8482,34.09945],[-117.84832,34.09928]]],"type":"Polygon"},"properties":{"bbox":{"roads":{"area":6932.67,"pct":17.1}},"city":{"roads":{"area":5207.54,"pct":12.85}},"id":"hex:2249:17429"},"type":"Feature"},{"geometry":{"coordinates":[[[-117.84767,34.10222],[-117.84834,34.10124],[-117.84969,34.10123],[-117.85038,34.1022],[-117.8498,34.10304],[-117.84825,34.10304],[-117.84767,34.10222]]],"type":"Polygon"},"properties":{"bbox":{"roads":{"area":3647.6,"pct":9.48}},"city_same":1,"id":"hex:2249:17430"},"type":"Feature"},{"geometry":{"coordinates":[[[-117.84742,34.07684],[-117.84606,34.07684],[-117.84565,34.07626],[-117.84631,34.07559],[-117.84681,34.07521],[-117.84759,34.07561],[-117.84808,34.07587],[-117.84742,34.07684]]],"type":"Polygon"},"properties":{"bbox":{"roads":{"area":245.67,"pct":0.95}},"city_same":1,"id":"hex:2250:17417"},"type":"Feature"},{"geometry":{"coordinates":[[[-117.84539,34.07783],[-117.84608,34.0788],[-117.84743,34.07879],[-117.8481,34.07781],[-117.84742,34.07684],[-117.84606,34.07684],[-117.84539,34.07783]]],"type":"Polygon"},"properties":{"bbox":{"roads":{"area":948.64,"pct":2.34}},"city_same":1,"id":"hex:2250:17418"},"type":"Feature"},{"geometry":{"coordinates":[[[-117.84541,34.07978],[-117.8461,34.08075],[-117.84745,34.08074],[-117.84812,34.07976],[-117.84743,34.07879],[-117.84608,34.0788],[-117.84541,34.07978]]],"type":"Polygon"},"properties":{"bbox":{"roads":{"area":2735.23,"pct":6.74}},"city_same":1,"id":"hex:2250:17419"},"type":"Feature"},{"geometry":{"coordinates":[[[-117.84543,34.08173],[-117.8461,34.08075],[-117.84745,34.08074],[-117.84814,34.08171],[-117.8478,34.08221],[-117.84568,34.08209],[-117.84543,34.08173]]],"type":"Polygon"},"properties":{"bbox":{"roads":{"area":2931.2,"pct":9.49}},"city_same":1,"id":"hex:2250:17420"},"type":"Feature"},{"geometry":{"coordinates":[[[-117.8464,34.09246],[-117.84641,34.09051],[-117.84755,34.0905],[-117.84824,34.09147],[-117.84783,34.09207],[-117.84708,34.09246],[-117.8464,34.09246]]],"type":"Polygon"},"properties":{"bbox":{"roads":{"area":2167.33,"pct":7.48}},"city_same":1,"id":"hex:2250:17425"},"type":"Feature"},{"geometry":{"coordinates":[[[-117.84708,34.09246],[-117.8464,34.09281],[-117.8464,34.09246],[-117.84708,34.09246]]],"type":"Polygon"},"properties":{"bbox":{"roads":{"area":235.84,"pct":19.39}},"city_same":1,"id":"hex:2250:17426"},"type":"Feature"},{"geometry":{"coordinates":[[[-117.84828,34.09538],[-117.84761,34.09636],[-117.84625,34.09637],[-117.84586,34.09581],[-117.84605,34.09581],[-117.84637,34.09581],[-117.84638,34.09469],[-117.8478,34.0947],[-117.84828,34.09538]]],"type":"Polygon"},"properties":{"bbox":{"roads":{"area":4210.78,"pct":14.41}},"city":{"roads":{"area":762.21,"pct":2.61}},"id":"hex:2250:17427"},"type":"Feature"},{"geometry":{"coordinates":[[[-117.84559,34.09735],[-117.84627,34.09832],[-117.84763,34.09831],[-117.8483,34.09733],[-117.84761,34.09636],[-117.84625,34.09637],[-117.84559,34.09735]]],"type":"Polygon"},"properties":{"bbox":{"roads":{"area":4754.26,"pct":11.71}},"city":{"roads":{"area":3092.58,"pct":7.62}},"id":"hex:2250:17428"},"type":"Feature"},{"geometry":{"coordinates":[[[[-117.84561,34.0993],[-117.84627,34.09832],[-117.84763,34.09831],[-117.84832,34.09928],[-117.8482,34.09945],[-117.84632,34.09947],[-117.84571,34.09944],[-117.84561,34.0993]]],[[[-117.84765,34.10026],[-117.84629,34.10027],[-117.84622,34.10017],[-117.84633,34.10013],[-117.84815,34.09952],[-117.84765,34.10026]]]],"type":"MultiPolygon"},"properties":{"bbox":{"roads":{"area":4231.22,"pct":13.61}},"city":{"roads":{"area":1190.74,"pct":3.83}},"id":"hex:2250:17429"},"type":"Feature"},{"geometry":{"coordinates":[[[-117.84565,34.10129],[-117.84565,34.10122],[-117.84629,34.10027],[-117.84765,34.10026],[-117.84834,34.10124],[-117.84767,34.10222],[-117.84635,34.10223],[-117.84635,34.10155],[-117.84583,34.10155],[-117.84565,34.10129]]],"type":"Polygon"},"properties":{"bbox":{"roads":{"area":5174.86,"pct":13.39}},"city":{"roads":{"area":3680.42,"pct":9.52}},"id":"hex:2250:17430"},"type":"Feature"},{"geometry":{"coordinates":[[[-117.84767,34.10222],[-117.84825,34.10304],[-117.84635,34.10304],[-117.84635,34.10223],[-117.84767,34.10222]]],"type":"Polygon"},"properties":{"bbox":{"roads":{"area":1601.54,"pct":11.94}},"city":{"roads":{"area":1072.23,"pct":7.99}},"id":"hex:2250:17431"},"type":"Feature"},{"geometry":{"coordinates":[[[-117.84337,34.07882],[-117.84406,34.07979],[-117.84541,34.07978],[-117.84608,34.0788],[-117.84539,34.07783],[-117.84404,34.07783],[-117.84337,34.07882]]],"type":"Polygon"},"properties":{"bbox":{"roads":{"area":1853.82,"pct":4.57}},"city_same":1,"id":"hex:2251:17418"},"type":"Feature"},{"geometry":{"coordinates":[[[-117.84339,34.08077],[-117.84408,34.08174],[-117.84543,34.08173],[-117.8461,34.08075],[-117.84541,34.07978],[-117.84406,34.07979],[-117.84339,34.08077]]],"type":"Polygon"},"properties":{"bbox":{"roads":{"area":1938.74,"pct":4.78}},"city_same":1,"id":"hex:2251:17419"},"type":"Feature"},{"geometry":{"coordinates":[[[-117.84408,34.08174],[-117.84543,34.08173],[-117.84568,34.08209],[-117.84523,34.08206],[-117.84486,34.08203],[-117.84448,34.08198],[-117.84401,34.08184],[-117.84401,34.08184],[-117.84408,34.08174]]],"type":"Polygon"},"properties":{"bbox":{"roads":{"area":960.97,"pct":23.22}},"city_same":1,"id":"hex:2251:17420"},"type":"Feature"},{"geometry":{"coordinates":[[[-117.84421,34.09541],[-117.84353,34.09444],[-117.84367,34.09422],[-117.84516,34.09345],[-117.84513,34.09468],[-117.84463,34.09476],[-117.84463,34.0954],[-117.84421,34.09541]]],"type":"Polygon"},"properties":{"bbox":{"roads":{"area":3645.17,"pct":20}},"city_same":1,"id":"hex:2251:17426"},"type":"Feature"},{"geometry":{"coordinates":[[[-117.84625,34.09637],[-117.84559,34.09735],[-117.84423,34.09736],[-117.84415,34.09725],[-117.84415,34.09698],[-117.84414,34.09692],[-117.84416,34.09657],[-117.84416,34.09597],[-117.84416,34.09596],[-117.84418,34.09582],[-117.84393,34.09582],[-117.84421,34.09541],[-117.84463,34.0954],[-117.84463,34.09582],[-117.84472,34.09582],[-117.8451,34.09581],[-117.84586,34.09581],[-117.84625,34.09637]]],"type":"Polygon"},"properties":{"bbox":{"roads":{"area":2958.49,"pct":9.59}},"city":{"roads":{"area":1256.16,"pct":4.07}},"id":"hex:2251:17427"},"type":"Feature"},{"geometry":{"coordinates":[[[-117.84423,34.09736],[-117.84559,34.09735],[-117.84627,34.09832],[-117.84561,34.0993],[-117.84425,34.09931],[-117.84397,34.09891],[-117.8441,34.09891],[-117.84418,34.09887],[-117.84418,34.09811],[-117.84418,34.09806],[-117.84418,34.09803],[-117.84416,34.09746],[-117.84423,34.09736]]],"type":"Polygon"},"properties":{"bbox":{"roads":{"area":2389.65,"pct":6.74}},"city_same":1,"id":"hex:2251:17428"},"type":"Feature"},{"geometry":{"coordinates":[[[[-117.84629,34.10027],[-117.84565,34.10122],[-117.84566,34.1004],[-117.84622,34.10017],[-117.84629,34.10027]]],[[[-117.84425,34.09931],[-117.84561,34.0993],[-117.84571,34.09944],[-117.84479,34.09941],[-117.84419,34.09941],[-117.84425,34.09931]]]],"type":"MultiPolygon"},"properties":{"bbox":{"roads":{"area":771.02,"pct":16.71}},"city":{"roads":{"area":110.4,"pct":2.39}},"id":"hex:2251:17429"},"type":"Feature"},{"geometry":{"coordinates":[[[-117.84583,34.10155],[-117.84565,34.10154],[-117.84565,34.10129],[-117.84583,34.10155]]],"type":"Polygon"},"properties":{"bbox":{"roads":{"area":76.97,"pct":31.7}},"city_same":1,"id":"hex:2251:17430"},"type":"Feature"},{"geometry":{"coordinates":[[[-117.84204,34.08078],[-117.84339,34.08077],[-117.84408,34.08174],[-117.84401,34.08184],[-117.84342,34.08157],[-117.84207,34.08091],[-117.84198,34.08086],[-117.84204,34.08078]]],"type":"Polygon"},"properties":{"bbox":{"roads":{"area":1785.72,"pct":18.91}},"city_same":1,"id":"hex:2252:17420"},"type":"Feature"},{"geometry":{"coordinates":[[[-117.84353,34.09444],[-117.84325,34.09444],[-117.84367,34.09422],[-117.84353,34.09444]]],"type":"Polygon"},"properties":{"bbox":{"roads":{"area":185.56,"pct":59.8}},"city_same":1,"id":"hex:2252:17426"},"type":"Feature"},{"geometry":{"coordinates":[[[-117.8415,34.09543],[-117.84162,34.09525],[-117.84264,34.09475],[-117.84325,34.09444],[-117.84353,34.09444],[-117.84421,34.09541],[-117.84393,34.09582],[-117.8438,34.09582],[-117.84268,34.0958],[-117.84256,34.0958],[-117.84227,34.0958],[-117.8419,34.0958],[-117.84176,34.0958],[-117.8415,34.09543]]],"type":"Polygon"},"properties":{"bbox":{"roads":{"area":5710.5,"pct":22.32}},"city":{"roads":{"area":4240.16,"pct":16.58}},"id":"hex:2252:17427"},"type":"Feature"},{"geometry":{"coordinates":[[[-117.84425,34.09931],[-117.84419,34.09941],[-117.84386,34.09941],[-117.84386,34.09891],[-117.84397,34.09891],[-117.84425,34.09931]]],"type":"Polygon"},"properties":{"bbox":{"roads":{"area":130.19,"pct":9.51}},"city":{"roads":{"area":5.46,"pct":0.4}},"id":"hex:2252:17429"},"type":"Feature"},{"geometry":{"coordinates":[[[-117.84204,34.08078],[-117.84198,34.08086],[-117.84143,34.08056],[-117.84169,34.08029],[-117.84204,34.08078]]],"type":"Polygon"},"properties":{"bbox":{"roads":{"area":289.93,"pct":20.13}},"city_same":1,"id":"hex:2253:17419"},"type":"Feature"},{"geometry":{"coordinates":[[[-117.8415,34.09543],[-117.84126,34.09543],[-117.84162,34.09525],[-117.8415,34.09543]]],"type":"Polygon"},"properties":{"bbox":{"roads":{"area":180.36,"pct":82.98}},"city_same":1,"id":"hex:2253:17426"},"type":"Feature"},{"geometry":{"coordinates":[[[-117.8415,34.09543],[-117.84176,34.0958],[-117.84164,34.09579],[-117.84158,34.09579],[-117.84134,34.09579],[-117.84086,34.09579],[-117.84055,34.0958],[-117.84115,34.09548],[-117.84126,34.09543],[-117.8415,34.09543]]],"type":"Polygon"},"properties":{"bbox":{"roads":{"area":1919.57,"pct":70.25}},"city":{"roads":{"area":1400.39,"pct":51.25}},"id":"hex:2253:17427"},"type":"Feature"}],"type":"FeatureCollection","v":2}